company_id,company_type,bankruptcy_date,ticker,name,Sector,Industry,bloomberg_identifier,prediction_date,start_date,end_date,bloomberg_sector,bloomberg_industry,first_financial_date,last_financial_date,first_market_date,last_market_date,first_observed_date,last_observed_date,financial_history_years,market_history_months
NB_0,nonbankrupt,,A,Agilent Technologies Inc. Common Stock,Industrials,Biotechnology: Laboratory Analytical Instruments,A US Equity,,1993-06-18,2026-05-02,Health Care,Medical Equipment & Devices,1997-10-31,2025-10-31,1999-11-30,2026-04-30,1996-10-31,2026-04-30,29,318
NB_1,nonbankrupt,,AA,Alcoa Corporation Common Stock,Industrials,Aluminum,AA US Equity,,1993-06-18,2026-05-02,Materials,Metals & Mining,1993-12-31,2025-12-31,1993-06-30,2026-04-30,1993-06-30,2026-04-30,33,395
NB_10,nonbankrupt,,ABEO,Abeona Therapeutics Inc. Common Stock,Health Care,Biotechnology: Pharmaceutical Preparations,ABEO US Equity,,1993-06-18,2026-05-02,Health Care,Biotech & Pharma,1993-12-31,2025-12-31,1993-06-30,2026-04-30,1993-06-30,2026-04-30,33,395
NB_1000,nonbankrupt,,FAST,Fastenal Company Common Stock,Consumer Discretionary,RETAIL: Building Materials,FAST US Equity,,1993-06-18,2026-05-02,Industrials,Industrial Support Services,1993-12-31,2025-12-31,1993-06-30,2026-04-30,1993-06-30,2026-04-30,33,395
NB_1001,nonbankrupt,,FATE,Fate Therapeutics Inc. Common Stock,Health Care,Biotechnology: Biological Products (No Diagnostic Substances),FATE US Equity,,1993-06-18,2026-05-02,Health Care,Biotech & Pharma,2011-12-31,2025-12-31,2013-09-30,2026-04-30,2011-12-31,2026-04-30,15,152
NB_1002,nonbankrupt,,FATN,FatPipe Inc. Common Stock,Technology,Computer Software: Prepackaged Software,FATN US Equity,,1993-06-18,2026-05-02,Technology,Software,2022-03-31,2025-03-31,2025-04-30,2026-04-30,1998-07-31,2026-04-30,4,13
NB_1003,nonbankrupt,,FBDT,First Breach Inc. Common Stock,Industrials,Ordnance And Accessories,FBDT US Equity,,1993-06-18,2026-05-02,Industrials,Aerospace & Defense,2024-12-31,2025-12-31,,,2024-12-31,2025-12-31,2,0
NB_1004,nonbankrupt,,FBIN,Fortune Brands Innovations Inc. Common Stock,Basic Materials,Forest Products,FBIN US Equity,,1993-06-18,2026-05-02,Consumer Discretionary,Home Construction,2009-12-31,2025-12-27,2011-09-30,2026-04-30,2008-12-31,2026-04-30,17,176
NB_1005,nonbankrupt,,FBIO,Fortress Biotech Inc. Common Stock,Health Care,Biotechnology: Pharmaceutical Preparations,FBIO US Equity,,1993-06-18,2026-05-02,Health Care,Biotech & Pharma,2011-12-31,2025-12-31,2011-11-30,2026-04-30,2011-11-30,2026-04-30,15,174
NB_1007,nonbankrupt,,FBLG,FibroBiologics Inc. Common Stock,Health Care,Biotechnology: Pharmaceutical Preparations,FBLG US Equity,,1993-06-18,2026-05-02,Health Care,Biotech & Pharma,2021-12-31,2025-12-31,2024-01-31,2026-04-30,2021-12-31,2026-04-30,5,28
NB_1008,nonbankrupt,,FBYD,Falcon's Beyond Global Inc. Class A Common Stock,Consumer Discretionary,Services-Misc. Amusement & Recreation,FBYD US Equity,,1993-06-18,2026-05-02,Consumer Discretionary,Leisure Facilities & Services,2021-12-31,2025-12-31,2021-05-31,2026-04-30,2021-05-31,2026-04-30,4,60
NB_1009,nonbankrupt,,FC,Franklin Covey Company Common Stock,Consumer Discretionary,Other Consumer Services,FC US Equity,,1993-06-18,2026-05-02,Industrials,Commercial Support Services,1993-08-31,2025-08-31,1993-06-30,2026-04-30,1993-06-30,2026-04-30,33,395
NB_101,nonbankrupt,,AISP,Airship AI Holdings Inc. Class A Common Stock,Technology,Computer Software: Prepackaged Software,AISP US Equity,,1993-06-18,2026-05-02,Technology,Software,2021-12-31,2025-12-31,2021-05-31,2026-04-30,2021-03-31,2026-04-30,5,60
NB_1010,nonbankrupt,,FCEL,FuelCell Energy Inc. Common Stock,Energy,Industrial Machinery/Components,FCEL US Equity,,1993-06-18,2026-05-02,Energy,Renewable Energy,1993-10-31,2025-10-31,1993-06-30,2026-04-30,1993-06-30,2026-04-30,33,395
NB_1011,nonbankrupt,,FCFS,FirstCash Holdings Inc. Common Stock,Consumer Discretionary,Other Specialty Stores,FCFS US Equity,,1993-06-18,2026-05-02,Consumer Discretionary,Retail - Discretionary,1998-07-31,2025-12-31,1993-06-30,2026-04-30,1993-06-30,2026-04-30,28,395
NB_1012,nonbankrupt,,FCN,FTI Consulting Inc. Common Stock,Consumer Discretionary,Professional Services,FCN US Equity,,1993-06-18,2026-05-02,Industrials,Commercial Support Services,1994-12-31,2025-12-31,1996-05-31,2026-04-30,1994-12-31,2026-04-30,32,360
NB_1013,nonbankrupt,,FCUV,Focus Universal Inc. Common Stock,Industrials,Industrial Machinery/Components,FCUV US Equity,,1993-06-18,2026-05-02,Technology,Technology Hardware,2013-03-31,2025-12-31,2014-11-28,2026-04-30,2013-03-31,2026-04-30,11,98
NB_1014,nonbankrupt,,FCX,Freeport-McMoRan Inc. Common Stock,Basic Materials,Metal Mining,FCX US Equity,,1993-06-18,2026-05-02,Materials,Metals & Mining,1993-12-31,2025-12-31,1995-07-31,2026-04-30,1993-06-30,2026-04-30,33,370
NB_1015,nonbankrupt,,FDMT,4D Molecular Therapeutics Inc. Common Stock,Health Care,Biotechnology: Biological Products (No Diagnostic Substances),FDMT US Equity,,1993-06-18,2026-05-02,Health Care,Biotech & Pharma,2018-12-31,2025-12-31,2020-12-31,2026-04-30,2018-12-31,2026-04-30,8,65
NB_1016,nonbankrupt,,FDS,FactSet Research Systems Inc. Common Stock,Technology,Computer Software: Programming Data Processing,FDS US Equity,,1993-06-18,2026-05-02,Financials,Specialty Finance,1994-08-31,2025-08-31,1996-06-28,2026-04-30,1994-08-31,2026-04-30,32,359
NB_1017,nonbankrupt,,FDX,FedEx Corporation Common Stock,Consumer Discretionary,Air Freight/Delivery Services,FDX US Equity,,1993-06-18,2026-05-02,Industrials,Transportation & Logistics,1994-05-31,2025-05-31,1993-06-30,2026-04-30,1993-06-30,2026-04-30,32,395
NB_1018,nonbankrupt,,FDXF,FedEx Freight Holding Company Inc. Common Stock,Consumer Discretionary,Air Freight/Delivery Services,FDXF US Equity,,1993-06-18,2026-05-02,Industrials,Transportation & Logistics,2025-05-31,2025-05-31,,,2025-05-31,2025-05-31,1,0
NB_1019,nonbankrupt,,FE,FirstEnergy Corp. Common Stock,Utilities,Electric Utilities: Central,FE US Equity,,1993-06-18,2026-05-02,Utilities,Electric Utilities,1996-12-31,2025-12-31,1997-11-28,2026-04-30,1995-12-31,2026-04-30,30,342
NB_1021,nonbankrupt,,FEIM,Frequency Electronics Inc. Common Stock,Industrials,Electrical Products,FEIM US Equity,,1993-06-18,2026-05-02,Technology,Technology Hardware,1994-04-30,2026-04-30,1993-06-30,2026-04-30,1993-06-30,2026-04-30,30,395
NB_1022,nonbankrupt,,FELE,Franklin Electric Co. Inc. Common Stock,Consumer Discretionary,Metal Fabrications,FELE US Equity,,1993-06-18,2026-05-02,Industrials,Machinery,1994-01-01,2025-12-31,1993-06-30,2026-04-30,1993-06-30,2026-04-30,28,395
NB_1023,nonbankrupt,,FEMY,Femasys Inc. Common Stock,Health Care,Medical/Dental Instruments,FEMY US Equity,,1993-06-18,2026-05-02,Health Care,Medical Equipment & Devices,2019-12-31,2025-12-31,2021-06-30,2026-04-30,2019-12-31,2026-04-30,7,59
NB_1024,nonbankrupt,,FENC,Fennec Pharmaceuticals Inc. Common Stock,Health Care,Biotechnology: Biological Products (No Diagnostic Substances),FENC US Equity,,1993-06-18,2026-05-02,Health Care,Biotech & Pharma,1998-06-30,2025-12-31,2002-01-31,2026-04-30,1998-06-30,2026-04-30,28,285
NB_1025,nonbankrupt,,FET,Forum Energy Technologies Inc. Common Stock,Consumer Discretionary,Oil and Gas Field Machinery,FET US Equity,,1993-06-18,2026-05-02,Energy,Oil & Gas Services & Equip,2009-12-31,2025-12-31,2012-04-30,2026-04-30,2006-12-31,2026-04-30,17,169
NB_1026,nonbankrupt,,FF,FutureFuel Corp. Common shares,Industrials,Major Chemicals,FF US Equity,,1993-06-18,2026-05-02,Energy,Renewable Energy,2006-12-31,2025-12-31,2008-07-31,2026-04-30,2006-12-31,2026-04-30,20,214
NB_1027,nonbankrupt,,FFAI,Faraday Future Intelligent Electric Inc. Class A Common Stock,Industrials,Auto Manufacturing,FFAI US Equity,,1993-06-18,2026-05-02,Consumer Discretionary,Automotive,2020-12-31,2025-12-31,2020-09-30,2026-04-30,2020-08-31,2026-04-30,6,68
NB_1028,nonbankrupt,,FFIV,F5 Inc. Common Stock,Telecommunications,Computer Communications Equipment,FFIV US Equity,,1993-06-18,2026-05-02,Technology,Technology Hardware,1997-09-30,2025-09-30,1999-06-30,2026-04-30,1997-09-30,2026-04-30,29,323
NB_1029,nonbankrupt,,FGI,FGI Industries Ltd. Ordinary Shares,Industrials,Industrial Specialties,FGI US Equity,,1993-06-18,2026-05-02,Consumer Discretionary,Wholesale - Discretionary,2019-12-31,2025-12-31,2022-01-31,2026-04-30,2019-12-31,2026-04-30,7,52
NB_103,nonbankrupt,,AIT,Applied Industrial Technologies Inc. Common Stock,Consumer Discretionary,Industrial Specialties,AIT US Equity,,1993-06-18,2026-05-02,Industrials,Industrial Support Services,1993-06-30,2025-06-30,1993-06-30,2026-04-30,1993-06-30,2026-04-30,32,395
NB_1030,nonbankrupt,,FHTX,Foghorn Therapeutics Inc. Common Stock,Health Care,Biotechnology: Pharmaceutical Preparations,FHTX US Equity,,1993-06-18,2026-05-02,Health Care,Biotech & Pharma,2018-12-31,2025-12-31,2020-10-30,2026-04-30,2018-12-31,2026-04-30,8,67
NB_1031,nonbankrupt,,FICO,Fair Isaac Corporation Common Stock,Consumer Discretionary,Business Services,FICO US Equity,,1993-06-18,2026-05-02,Financials,Specialty Finance,1993-09-30,2025-09-30,1993-06-30,2026-04-30,1993-06-30,2026-04-30,33,395
NB_1032,nonbankrupt,,FIEE,FiEE Inc Common Stock,Utilities,Telecommunications Equipment,FIEE US Equity,,1993-06-18,2026-05-02,Technology,Technology Hardware,2011-12-31,2025-12-31,2009-10-30,2026-04-30,2009-10-30,2026-04-30,11,199
NB_1033,nonbankrupt,,FIG,Figma Inc. Class A Common Stock,Technology,Computer Software: Prepackaged Software,FIG US Equity,,1993-06-18,2026-05-02,Technology,Software,2023-12-31,2025-12-31,2025-07-31,2026-04-30,2023-12-31,2026-04-30,3,10
NB_1034,nonbankrupt,,FIGS,FIGS Inc. Class A Common Stock,Consumer Discretionary,Apparel,FIGS US Equity,,1993-06-18,2026-05-02,Consumer Discretionary,E-Commerce Discretionary,2019-12-31,2025-12-31,2021-05-31,2026-04-30,2019-12-31,2026-04-30,7,60
NB_1035,nonbankrupt,,FIP,FTAI Infrastructure Inc. Common Stock,Industrials,Railroads,FIP US Equity,,1993-06-18,2026-05-02,Industrials,Transportation & Logistics,2022-12-31,2025-12-31,2022-07-29,2026-04-30,2022-07-29,2026-04-30,4,46
NB_1036,nonbankrupt,,FIRY,Firy Inc. Class A Common Stock,Technology,EDP Services,FIRY US Equity,,1993-06-18,2026-05-02,Communications,Entertainment Content,2018-12-31,2025-12-31,2020-04-30,2026-04-30,2018-12-31,2026-04-30,8,73
NB_1037,nonbankrupt,,FIS,Fidelity National Information Services Inc. Common Stock,Consumer Discretionary,Business Services,FIS US Equity,,1993-06-18,2026-05-02,Financials,Specialty Finance,1999-12-31,2025-12-31,2001-06-29,2026-04-30,1998-12-31,2026-04-30,27,299
NB_1038,nonbankrupt,,FISN,Deep Fission Inc. Common Stock,Utilities,Electric Utilities: Central,FISN US Equity,,1993-06-18,2026-05-02,Industrials,Electrical Equipment,2024-12-31,2025-12-31,,,2024-12-31,2025-12-31,2,0
NB_1039,nonbankrupt,,FISV,Fiserv Inc. Common Stock,Consumer Discretionary,Business Services,FISV US Equity,,1993-06-18,2026-05-02,Financials,Specialty Finance,1993-12-31,2025-12-31,1993-06-30,2026-04-30,1993-06-30,2026-04-30,33,395
NB_104,nonbankrupt,,AKAM,Akamai Technologies Inc. Common Stock,Consumer Discretionary,Business Services,AKAM US Equity,,1993-06-18,2026-05-02,Technology,Software,1998-12-31,2025-12-31,1999-10-29,2026-04-30,1998-12-31,2026-04-30,28,319
NB_1040,nonbankrupt,,FIVE,Five Below Inc. Common Stock,Consumer Discretionary,Department/Specialty Retail Stores,FIVE US Equity,,1993-06-18,2026-05-02,Consumer Staples,Retail - Consumer Staples,2011-01-29,2026-01-31,2012-07-31,2026-04-30,2008-02-02,2026-04-30,16,166
NB_1041,nonbankrupt,,FIVN,Five9 Inc. Common Stock,Technology,EDP Services,FIVN US Equity,,1993-06-18,2026-05-02,Technology,Software,2012-12-31,2025-12-31,2014-04-30,2026-04-30,2009-12-31,2026-04-30,14,145
NB_1042,nonbankrupt,,FIX,Comfort Systems USA Inc. Common Stock,Industrials,Engineering & Construction,FIX US Equity,,1993-06-18,2026-05-02,Industrials,Engineering & Construction,1997-12-31,2025-12-31,1997-06-30,2026-04-30,1996-12-31,2026-04-30,29,347
NB_1043,nonbankrupt,,FIZZ,National Beverage Corp. Common Stock,Consumer Staples,Beverages (Production/Distribution),FIZZ US Equity,,1993-06-18,2026-05-02,Consumer Staples,Beverages,1994-04-30,2026-05-02,1993-06-30,2026-04-30,1993-06-30,2026-05-02,33,395
NB_1044,nonbankrupt,,FJET,Starfighters Space Inc. Common Stock,Consumer Discretionary,Air Freight/Delivery Services,FJET US Equity,,1993-06-18,2026-05-02,Industrials,Aerospace & Defense,2023-12-31,2025-12-31,2025-12-31,2026-04-30,2023-12-31,2026-04-30,3,5
NB_1045,nonbankrupt,,FKWL,Franklin Wireless Corp. Common Stock,Utilities,Telecommunications Equipment,FKWL US Equity,,1993-06-18,2026-05-02,Communications,Telecommunications,1996-06-30,2025-06-30,1994-04-29,2026-04-30,1994-04-29,2026-04-30,27,383
NB_1046,nonbankrupt,,FLGT,Fulgent Genetics Inc. Common Stock,Health Care,Medical Specialities,FLGT US Equity,,1993-06-18,2026-05-02,Health Care,Health Care Facilities & Svcs,2014-12-31,2025-12-31,2016-09-30,2026-04-30,2014-12-31,2026-04-30,12,116
NB_1047,nonbankrupt,,FLL,Full House Resorts Inc. Common Stock,Consumer Discretionary,Hotels/Resorts,FLL US Equity,,1993-06-18,2026-05-02,Consumer Discretionary,Leisure Facilities & Services,1993-12-31,2025-12-31,1993-08-31,2026-04-30,1993-06-30,2026-04-30,32,393
NB_1048,nonbankrupt,,FLNA,Filana Therapeutics Inc. Common Stock,Health Care,Biotechnology: Pharmaceutical Preparations,FLNA US Equity,,1993-06-18,2026-05-02,Health Care,Biotech & Pharma,1998-12-31,2025-12-31,2000-07-31,2026-04-30,1998-12-31,2026-04-30,28,310
NB_1049,nonbankrupt,,FLNT,Fluent Inc. Common Stock,Consumer Discretionary,Advertising,FLNT US Equity,,1993-06-18,2026-05-02,Communications,Advertising & Marketing,2008-12-31,2025-12-31,2007-12-31,2026-04-30,2007-12-31,2026-04-30,18,221
NB_105,nonbankrupt,,AKBA,Akebia Therapeutics Inc. Common Stock,Health Care,Biotechnology: Pharmaceutical Preparations,AKBA US Equity,,1993-06-18,2026-05-02,Health Care,Biotech & Pharma,2012-12-31,2025-12-31,2014-03-31,2026-04-30,2012-12-31,2026-04-30,14,146
NB_1050,nonbankrupt,,FLO,Flowers Foods Inc. Common Stock,Consumer Staples,Packaged Foods,FLO US Equity,,1993-06-18,2026-05-02,Consumer Staples,Food,2000-01-01,2026-01-03,2001-01-31,2026-04-30,2000-01-01,2026-04-30,22,304
NB_1051,nonbankrupt,,FLOC,Flowco Holdings Inc. Class A Common Stock,Consumer Discretionary,Oil and Gas Field Machinery,FLOC US Equity,,1993-06-18,2026-05-02,Energy,Oil & Gas Services & Equip,2023-12-31,2025-12-31,2025-01-31,2026-04-30,2023-12-31,2026-04-30,3,16
NB_1052,nonbankrupt,,FLR,Fluor Corporation Common Stock,Industrials,Military/Government/Technical,FLR US Equity,,1993-06-18,2026-05-02,Industrials,Engineering & Construction,1993-10-31,2025-12-31,2000-12-29,2026-04-30,1993-10-31,2026-04-30,33,305
NB_1053,nonbankrupt,,FLS,Flowserve Corporation Common Stock,Industrials,Fluid Controls,FLS US Equity,,1993-06-18,2026-05-02,Industrials,Machinery,1993-12-31,2025-12-31,1993-06-30,2026-04-30,1993-06-30,2026-04-30,33,395
NB_1054,nonbankrupt,,FLWS,1-800-FLOWERS.COM Inc. Common Stock,Consumer Discretionary,Other Specialty Stores,FLWS US Equity,,1993-06-18,2026-05-02,Consumer Discretionary,E-Commerce Discretionary,1997-06-29,2025-06-29,1999-08-31,2026-04-30,1997-06-29,2026-04-30,29,321
NB_1055,nonbankrupt,,FLXS,Flexsteel Industries Inc. Common Stock,Consumer Discretionary,Home Furnishings,FLXS US Equity,,1993-06-18,2026-05-02,Consumer Discretionary,Home & Office Products,1993-06-30,2025-06-30,1993-06-30,2026-04-30,1993-06-30,2026-04-30,32,395
NB_1056,nonbankrupt,,FLY,Firefly Aerospace Inc. Common Stock,Industrials,Military/Government/Technical,FLY US Equity,,1993-06-18,2026-05-02,Industrials,Aerospace & Defense,2023-12-31,2025-12-31,2025-08-29,2026-04-30,2023-12-31,2026-04-30,3,9
NB_1057,nonbankrupt,,FLYE,Fly-E Group Inc. Common Stock,Industrials,Aerospace,FLYE US Equity,,1993-06-18,2026-05-02,Consumer Discretionary,Automotive,2022-03-31,2026-03-31,2024-06-28,2026-04-30,2022-03-31,2026-04-30,5,23
NB_1058,nonbankrupt,,FLYW,Flywire Corporation Voting Common Stock,Consumer Discretionary,Business Services,FLYW US Equity,,1993-06-18,2026-05-02,Financials,Specialty Finance,2019-12-31,2025-12-31,2021-05-31,2026-04-30,2019-12-31,2026-04-30,7,60
NB_1059,nonbankrupt,,FMC,FMC Corporation Common Stock,Industrials,Major Chemicals,FMC US Equity,,1993-06-18,2026-05-02,Materials,Chemicals,1993-12-31,2025-12-31,1993-06-30,2026-04-30,1993-06-30,2026-04-30,33,395
NB_106,nonbankrupt,,AKTS,Aktis Oncology Inc. Common stock,Health Care,Biotechnology: Pharmaceutical Preparations,AKTS US Equity,,1993-06-18,2026-05-02,Health Care,Biotech & Pharma,2023-12-31,2025-12-31,2026-01-30,2026-04-30,2023-12-31,2026-04-30,3,4
NB_1060,nonbankrupt,,FND,Floor & Decor Holdings Inc. Common Stock,Consumer Discretionary,RETAIL: Building Materials,FND US Equity,,1993-06-18,2026-05-02,Consumer Discretionary,Retail - Discretionary,2012-12-27,2025-12-25,2017-04-28,2026-04-30,2011-12-29,2026-04-30,14,109
NB_1061,nonbankrupt,,FNGR,FingerMotion Inc. Common Stock,Technology,Computer Software: Prepackaged Software,FNGR US Equity,,1993-06-18,2026-05-02,Communications,Telecommunications,2014-02-28,2026-02-28,2015-01-30,2026-04-30,2014-02-28,2026-04-30,13,120
NB_1062,nonbankrupt,,FNKO,Funko Inc. Class A Common Stock,Consumer Discretionary,Recreational Games/Products/Toys,FNKO US Equity,,1993-06-18,2026-05-02,Consumer Discretionary,Leisure Products,2015-12-31,2025-12-31,2017-11-30,2026-04-30,2015-12-31,2026-04-30,11,102
NB_1063,nonbankrupt,,FORM,FormFactor Inc. FormFactor Inc. Common Stock,Technology,Semiconductors,FORM US Equity,,1993-06-18,2026-05-02,Technology,Semiconductors,2000-12-31,2025-12-27,2003-06-30,2026-04-30,2000-12-31,2026-04-30,26,275
NB_1064,nonbankrupt,,FORR,Forrester Research Inc. Common Stock,Industrials,Diversified Commercial Services,FORR US Equity,,1993-06-18,2026-05-02,Industrials,Commercial Support Services,1994-12-31,2025-12-31,1996-11-29,2026-04-30,1994-12-31,2026-04-30,32,354
NB_1065,nonbankrupt,,FOSL,Fossil Group Inc. Common Stock,Consumer Discretionary,Consumer Specialties,FOSL US Equity,,1993-06-18,2026-05-02,Consumer Discretionary,Apparel & Textile Products,1993-12-31,2026-01-03,1993-06-30,2026-04-30,1993-06-30,2026-04-30,28,395
NB_1066,nonbankrupt,,FOUR,Shift4 Payments Inc. Class A Common Stock,Consumer Discretionary,Business Services,FOUR US Equity,,1993-06-18,2026-05-02,Financials,Specialty Finance,2018-12-31,2025-12-31,2020-06-30,2026-04-30,2018-12-31,2026-04-30,8,71
NB_1067,nonbankrupt,,FOX,Fox Corporation Class B Common Stock,Industrials,Broadcasting,FOX US Equity,,1993-06-18,2026-05-02,Communications,Entertainment Content,2016-06-30,2025-06-30,2019-03-29,2026-04-30,2016-06-30,2026-04-30,10,86
NB_1068,nonbankrupt,,FOXA,Fox Corporation Class A Common Stock,Industrials,Broadcasting,FOXA US Equity,,1993-06-18,2026-05-02,Communications,Entertainment Content,2016-06-30,2025-06-30,2019-03-29,2026-04-30,2016-06-30,2026-04-30,10,86
NB_1069,nonbankrupt,,FOXF,Fox Factory Holding Corp. Common Stock,Consumer Discretionary,Motor Vehicles,FOXF US Equity,,1993-06-18,2026-05-02,Consumer Discretionary,Automotive,2011-12-31,2026-01-02,2013-08-30,2026-04-30,2008-12-31,2026-04-30,14,153
NB_107,nonbankrupt,,ALAB,Astera Labs Inc. Common Stock,Technology,Semiconductors,ALAB US Equity,,1993-06-18,2026-05-02,Technology,Semiconductors,2022-12-31,2025-12-31,2024-03-29,2026-04-30,2022-12-31,2026-04-30,4,26
NB_1070,nonbankrupt,,FOXX,Foxx Development Holdings Inc. Common Stock,Telecommunications,Computer Communications Equipment,FOXX US Equity,,1993-06-18,2026-05-02,Technology,Technology Hardware,2022-12-31,2025-06-30,2022-08-31,2026-04-30,2022-08-31,2026-04-30,3,45
NB_1072,nonbankrupt,,FRD,Friedman Industries Inc. Common Stock,Industrials,Steel/Iron Ore,FRD US Equity,,1993-06-18,2026-05-02,Materials,Steel,1994-03-31,2026-03-31,1993-06-30,2026-04-30,1993-06-30,2026-04-30,33,395
NB_1073,nonbankrupt,,FRGT,Freight Technologies Inc. Ordinary Shares,Industrials,Integrated Freight & Logistics,FRGT US Equity,,1993-06-18,2026-05-02,Technology,Software,2015-12-31,2025-12-31,2017-08-31,2026-04-30,2015-12-31,2026-04-30,9,105
NB_1074,nonbankrupt,,FRNM,Freenome Inc. Common stock,Health Care,Medical Specialities,FRNM US Equity,,1993-06-18,2026-05-02,Health Care,Medical Equipment & Devices,2025-12-31,2025-12-31,2024-06-28,2026-04-30,2024-06-28,2026-04-30,1,23
NB_1075,nonbankrupt,,FROG,JFrog Ltd. Ordinary Shares,Technology,Computer Software: Prepackaged Software,FROG US Equity,,1993-06-18,2026-05-02,Technology,Software,2018-12-31,2025-12-31,2020-09-30,2026-04-30,2018-12-31,2026-04-30,8,68
NB_1076,nonbankrupt,,FRPT,Freshpet Inc. Common Stock,Consumer Staples,Packaged Foods,FRPT US Equity,,1993-06-18,2026-05-02,Consumer Discretionary,Retail - Discretionary,2012-12-31,2025-12-31,2014-11-28,2026-04-30,2012-12-31,2026-04-30,14,138
NB_1077,nonbankrupt,,FRSH,Freshworks Inc. Class A Common Stock,Technology,Computer Software: Prepackaged Software,FRSH US Equity,,1993-06-18,2026-05-02,Technology,Software,2019-12-31,2025-12-31,2021-09-30,2026-04-30,2019-12-31,2026-04-30,7,56
NB_1078,nonbankrupt,,FRVO,Fervo Energy Company Class A common stock,Utilities,Electric Utilities: Central,FRVO US Equity,,1993-06-18,2026-05-02,Utilities,Electric Utilities,2024-12-31,2025-12-31,,,2024-12-31,2025-12-31,2,0
NB_1079,nonbankrupt,,FSLR,First Solar Inc. Common Stock,Technology,Semiconductors,FSLR US Equity,,1993-06-18,2026-05-02,Energy,Renewable Energy,2004-12-25,2025-12-31,2006-11-30,2026-04-30,2004-12-25,2026-04-30,22,234
NB_108,nonbankrupt,,ALB,Albemarle Corporation Common Stock,Industrials,Major Chemicals,ALB US Equity,,1993-06-18,2026-05-02,Materials,Chemicals,1993-12-31,2025-12-31,1994-02-28,2026-04-30,1993-12-31,2026-04-30,33,387
NB_1080,nonbankrupt,,FSLY,Fastly Inc. Class A Common Stock,Technology,Computer Software: Prepackaged Software,FSLY US Equity,,1993-06-18,2026-05-02,Technology,Software,2017-12-31,2025-12-31,2019-05-31,2026-04-30,2017-12-31,2026-04-30,9,84
NB_1081,nonbankrupt,,FSS,Federal Signal Corporation Common Stock,Industrials,Auto Manufacturing,FSS US Equity,,1993-06-18,2026-05-02,Industrials,Machinery,1993-12-31,2025-12-31,1993-06-30,2026-04-30,1993-06-30,2026-04-30,33,395
NB_1082,nonbankrupt,,FSTR,L.B. Foster Company Common Stock,Industrials,Metal Fabrications,FSTR US Equity,,1993-06-18,2026-05-02,Industrials,Industrial Intermediate Prod,1993-12-31,2025-12-31,1993-06-30,2026-04-30,1993-06-30,2026-04-30,31,395
NB_1083,nonbankrupt,,FTAI,FTAI Aviation Ltd. Common Stock,Industrials,Misc Corporate Leasing Services,FTAI US Equity,,1993-06-18,2026-05-02,Industrials,Aerospace & Defense,2011-12-31,2025-12-31,2015-05-29,2026-04-30,2011-12-31,2026-04-30,15,132
NB_1085,nonbankrupt,,FTCI,FTC Solar Inc. Common Stock,Technology,Semiconductors,FTCI US Equity,,1993-06-18,2026-05-02,Energy,Renewable Energy,2019-12-31,2025-12-31,2021-04-30,2026-04-30,2019-12-31,2026-04-30,7,61
NB_1086,nonbankrupt,,FTDR,Frontdoor Inc. Common Stock,Consumer Discretionary,Diversified Commercial Services,FTDR US Equity,,1993-06-18,2026-05-02,Industrials,Engineering & Construction,2016-12-31,2025-12-31,2018-09-28,2026-04-30,2015-12-31,2026-04-30,10,92
NB_1087,nonbankrupt,,FTEK,Fuel Tech Inc. Common Stock,Industrials,Pollution Control Equipment,FTEK US Equity,,1993-06-18,2026-05-02,Industrials,Machinery,1999-12-31,2025-12-31,1993-09-30,2026-04-30,1993-09-30,2026-04-30,27,392
NB_1088,nonbankrupt,,FTH,Faeth Therapeutics Inc. Common Stock,Health Care,Biotechnology: Pharmaceutical Preparations,FTH US Equity,,1993-06-18,2026-05-02,Health Care,Biotech & Pharma,2018-12-31,2025-12-31,2021-02-26,2026-04-30,2018-12-31,2026-04-30,8,63
NB_1089,nonbankrupt,,FTK,Flotek Industries Inc. Common Stock,Industrials,Major Chemicals,FTK US Equity,,1993-06-18,2026-05-02,Energy,Oil & Gas Services & Equip,2004-12-31,2025-12-31,1995-05-31,2026-04-30,1995-05-31,2026-04-30,22,372
NB_109,nonbankrupt,,ALCO,Alico Inc. Common Stock,Consumer Staples,Farming/Seeds/Milling,ALCO US Equity,,1993-06-18,2026-05-02,Consumer Staples,Food,1993-08-31,2025-09-30,1993-06-30,2026-04-30,1993-06-30,2026-04-30,33,395
NB_1090,nonbankrupt,,FTLF,FitLife Brands Inc. Common Stock,Health Care,Medicinal Chemicals and Botanical Products,FTLF US Equity,,1993-06-18,2026-05-02,Consumer Staples,Food,2009-12-31,2025-12-31,2007-11-30,2026-04-30,2007-11-30,2026-04-30,17,222
NB_1091,nonbankrupt,,FTNT,Fortinet Inc. Common Stock,Technology,Computer peripheral equipment,FTNT US Equity,,1993-06-18,2026-05-02,Technology,Software,2007-12-30,2025-12-31,2009-11-30,2026-04-30,2007-12-30,2026-04-30,19,198
NB_1092,nonbankrupt,,FTRE,Fortrea Holdings Inc. Common Stock,Health Care,Medical Specialities,FTRE US Equity,,1993-06-18,2026-05-02,Health Care,Health Care Facilities & Svcs,2021-12-31,2025-12-31,2023-06-30,2026-04-30,2020-12-31,2026-04-30,5,35
NB_1093,nonbankrupt,,FTS,Fortis Inc. Common Shares,Utilities,Electric Utilities: Central,FTS US Equity,,1993-06-18,2026-05-02,Utilities,Electric Utilities,1993-12-31,2025-12-31,1997-12-31,2026-04-30,1993-12-31,2026-04-30,33,291
NB_1094,nonbankrupt,,FTV,Fortive Corporation Common Stock,Industrials,Industrial Machinery/Components,FTV US Equity,,1993-06-18,2026-05-02,Industrials,Electrical Equipment,2013-12-31,2025-12-31,2016-06-30,2026-04-30,2012-12-31,2026-04-30,13,119
NB_1095,nonbankrupt,,FUBO,FuboTV Inc. Class A Common Stock,Consumer Discretionary,Movies/Entertainment,FUBO US Equity,,1993-06-18,2026-05-02,Communications,Internet Media & Services,2009-12-31,2024-12-31,2013-04-30,2026-04-30,2009-12-31,2026-04-30,15,144
NB_1096,nonbankrupt,,FUL,H. B. Fuller Company Common Stock,Industrials,Home Furnishings,FUL US Equity,,1993-06-18,2026-05-02,Materials,Chemicals,1993-11-30,2025-11-29,1993-06-30,2026-04-30,1993-06-30,2026-04-30,33,395
NB_1097,nonbankrupt,,FULC,Fulcrum Therapeutics Inc. Common Stock,Health Care,Biotechnology: Pharmaceutical Preparations,FULC US Equity,,1993-06-18,2026-05-02,Health Care,Biotech & Pharma,2017-12-31,2025-12-31,2019-07-31,2026-04-30,2017-12-31,2026-04-30,9,82
NB_1098,nonbankrupt,,FUN,Six Flags Entertainment Corporation Common Stock New,Consumer Discretionary,Services-Misc. Amusement & Recreation,FUN US Equity,,1993-06-18,2026-05-02,Consumer Discretionary,Leisure Facilities & Services,1993-12-31,2025-12-31,1993-06-30,2026-04-30,1993-06-30,2026-04-30,33,395
NB_1099,nonbankrupt,,FUSE,Fusemachines Inc. Common stock,Technology,EDP Services,FUSE US Equity,,1993-06-18,2026-05-02,Technology,IT Services,2021-12-31,2025-12-31,2022-03-31,2026-04-30,2021-12-31,2026-04-30,5,48
NB_11,nonbankrupt,,ABG,Asbury Automotive Group Inc Common Stock,Consumer Discretionary,Retail-Auto Dealers and Gas Stations,ABG US Equity,,1993-06-18,2026-05-02,Consumer Discretionary,Retail - Discretionary,1999-12-31,2025-12-31,2002-03-29,2026-04-30,1997-12-31,2026-04-30,27,290
NB_110,nonbankrupt,,ALDX,Aldeyra Therapeutics Inc. Common Stock,Health Care,Biotechnology: Pharmaceutical Preparations,ALDX US Equity,,1993-06-18,2026-05-02,Health Care,Biotech & Pharma,2011-12-01,2025-12-31,2014-05-30,2026-04-30,2011-12-01,2026-04-30,15,144
NB_1101,nonbankrupt,,FWONA,Liberty Media Corporation Series A Common Stock,Industrials,Broadcasting,FWONA US Equity,,1993-06-18,2026-05-02,Consumer Discretionary,Leisure Facilities & Services,2016-12-31,2025-12-31,2023-08-31,2026-04-30,2016-04-29,2026-04-30,10,33
NB_1102,nonbankrupt,,FWONK,Liberty Media Corporation Series C Common Stock,Industrials,Broadcasting,FWONK US Equity,,1993-06-18,2026-05-02,Consumer Discretionary,Leisure Facilities & Services,2016-12-31,2025-12-31,2023-08-31,2026-04-30,2016-04-29,2026-04-30,10,33
NB_1103,nonbankrupt,,FWRD,Forward Air Corporation Common Stock,Industrials,Integrated Freight & Logistics,FWRD US Equity,,1993-06-18,2026-05-02,Industrials,Transportation & Logistics,1993-12-25,2025-12-31,1993-11-30,2026-04-30,1993-11-30,2026-04-30,33,390
NB_1104,nonbankrupt,,FWRG,First Watch Restaurant Group Inc. Common Stock,Consumer Discretionary,Restaurants,FWRG US Equity,,1993-06-18,2026-05-02,Consumer Discretionary,Leisure Facilities & Services,2018-12-30,2025-12-28,2021-09-30,2026-04-30,2018-12-30,2026-04-30,8,56
NB_1105,nonbankrupt,,GAIA,Gaia Inc. Class A Common Stock,Consumer Discretionary,Movies/Entertainment,GAIA US Equity,,1993-06-18,2026-05-02,Communications,Entertainment Content,1997-12-31,2025-12-31,1999-10-29,2026-04-30,1997-12-31,2026-04-30,29,319
NB_1106,nonbankrupt,,GALT,Galectin Therapeutics Inc. Common Stock,Health Care,Biotechnology: Pharmaceutical Preparations,GALT US Equity,,1993-06-18,2026-05-02,Health Care,Biotech & Pharma,2004-12-31,2025-12-31,2002-09-30,2026-04-30,2002-09-30,2026-04-30,22,284
NB_1107,nonbankrupt,,GAME,GameSquare Holdings Inc. Common Stock,Consumer Discretionary,Services-Misc. Amusement & Recreation,GAME US Equity,,1993-06-18,2026-05-02,Communications,Entertainment Content,2011-10-31,2025-12-31,2018-01-31,2026-04-30,2011-10-31,2026-04-30,13,100
NB_1108,nonbankrupt,,GANX,Gain Therapeutics Inc. Common Stock,Health Care,Biotechnology: Pharmaceutical Preparations,GANX US Equity,,1993-06-18,2026-05-02,Health Care,Biotech & Pharma,2019-12-31,2025-12-31,2021-03-31,2026-04-30,2018-12-31,2026-04-30,7,62
NB_1109,nonbankrupt,,GAP,Gap Inc. (The) Common Stock,Consumer Discretionary,Clothing/Shoe/Accessory Stores,GAP US Equity,,1993-06-18,2026-05-02,Consumer Discretionary,Retail - Discretionary,1994-01-29,2026-01-31,1993-06-30,2026-04-30,1993-06-30,2026-04-30,33,395
NB_111,nonbankrupt,,ALEC,Alector Inc. Common Stock,Health Care,Biotechnology: Biological Products (No Diagnostic Substances),ALEC US Equity,,1993-06-18,2026-05-02,Health Care,Biotech & Pharma,2016-12-31,2025-12-31,2019-02-28,2026-04-30,2016-12-31,2026-04-30,10,87
NB_1110,nonbankrupt,,GATX,GATX Corporation Common Stock,Consumer Discretionary,Transportation Services,GATX US Equity,,1993-06-18,2026-05-02,Financials,Specialty Finance,1993-12-31,2025-12-31,1993-06-30,2026-04-30,1993-06-30,2026-04-30,33,395
NB_1111,nonbankrupt,,GBR,New Concept Energy Inc Common Stock,Energy,Oil & Gas Production,GBR US Equity,,1993-06-18,2026-05-02,Real Estate,Real Estate Services,1993-12-31,2025-12-31,1993-06-30,2026-04-30,1993-06-30,2026-04-30,33,394
NB_1112,nonbankrupt,,GBTG,Global Business Travel Group Inc. Class A Common Stock,Consumer Discretionary,Transportation Services,GBTG US Equity,,1993-06-18,2026-05-02,Consumer Discretionary,Leisure Facilities & Services,2019-12-31,2025-12-31,2020-11-30,2026-04-30,2019-12-31,2026-04-30,7,66
NB_1113,nonbankrupt,,GBX,Greenbrier Companies Inc. (The) Common Stock,Industrials,Railroads,GBX US Equity,,1993-06-18,2026-05-02,Industrials,Transportation Equipment,1993-08-31,2025-08-31,1994-07-29,2026-04-30,1993-08-31,2026-04-30,33,382
NB_1114,nonbankrupt,,GCO,Genesco Inc. Common Stock,Consumer Discretionary,Clothing/Shoe/Accessory Stores,GCO US Equity,,1993-06-18,2026-05-02,Consumer Discretionary,Retail - Discretionary,1994-01-31,2026-01-31,1993-06-30,2026-04-30,1993-06-30,2026-04-30,33,395
NB_1115,nonbankrupt,,GCT,GigaCloud Technology Inc Class A Ordinary Shares,Consumer Discretionary,Catalog/Specialty Distribution,GCT US Equity,,1993-06-18,2026-05-02,Technology,Software,2020-12-31,2025-12-31,2022-08-31,2026-04-30,2019-12-31,2026-04-30,6,45
NB_1116,nonbankrupt,,GCTK,GlucoTrack Inc. Common Stock,Health Care,Medical/Dental Instruments,GCTK US Equity,,1993-06-18,2026-05-02,Health Care,Medical Equipment & Devices,2009-12-31,2025-12-31,2013-04-30,2026-04-30,2008-12-31,2026-04-30,17,154
NB_1117,nonbankrupt,,GCTS,GCT Semiconductor Holding Inc. Common Stock,Technology,Semiconductors,GCTS US Equity,,1993-06-18,2026-05-02,Technology,Semiconductors,2021-12-31,2025-12-31,2021-12-31,2026-04-30,2021-11-30,2026-04-30,4,53
NB_1118,nonbankrupt,,GD,General Dynamics Corporation Common Stock,Industrials,Marine Transportation,GD US Equity,,1993-06-18,2026-05-02,Industrials,Aerospace & Defense,1993-12-31,2025-12-31,1993-06-30,2026-04-30,1993-06-30,2026-04-30,33,395
NB_1119,nonbankrupt,,GDC,GD Culture Group Limited Common Stock,Industrials,Steel/Iron Ore,GDC US Equity,,1993-06-18,2026-05-02,Communications,Internet Media & Services,2015-12-31,2025-12-31,2015-12-31,2026-04-30,2015-07-31,2026-04-30,11,123
NB_112,nonbankrupt,,ALG,Alamo Group Inc. Common Stock,Industrials,Industrial Machinery/Components,ALG US Equity,,1993-06-18,2026-05-02,Industrials,Machinery,1994-01-01,2025-12-31,1993-06-30,2026-04-30,1993-06-30,2026-04-30,32,395
NB_1120,nonbankrupt,,GDDY,GoDaddy Inc. Class A Common Stock,Technology,EDP Services,GDDY US Equity,,1993-06-18,2026-05-02,Communications,Internet Media & Services,2013-12-31,2025-12-31,2015-03-31,2026-04-30,2012-12-31,2026-04-30,13,134
NB_1121,nonbankrupt,,GDRX,GoodRx Holdings Inc. Class A Common Stock,Technology,EDP Services,GDRX US Equity,,1993-06-18,2026-05-02,Health Care,Health Care Facilities & Svcs,2018-12-31,2025-12-31,2020-09-30,2026-04-30,2018-12-31,2026-04-30,8,68
NB_1122,nonbankrupt,,GDYN,Grid Dynamics Holdings Inc. Class A Common Stock,Technology,Computer Software: Prepackaged Software,GDYN US Equity,,1993-06-18,2026-05-02,Technology,IT Services,2018-12-31,2025-12-31,2018-10-31,2026-04-30,2018-10-31,2026-04-30,8,91
NB_1123,nonbankrupt,,GE,GE Aerospace Common Stock,Technology,Consumer Electronics/Appliances,GE US Equity,,1993-06-18,2026-05-02,Industrials,Aerospace & Defense,1993-12-31,2025-12-31,1993-06-30,2026-04-30,1993-06-30,2026-04-30,33,395
NB_1124,nonbankrupt,,GEG,Great Elm Group Inc. Common Stock,Technology,Computer Software: Prepackaged Software,GEG US Equity,,1993-06-18,2026-05-02,Financials,Asset Management,1997-06-30,2025-06-30,1999-06-30,2026-04-30,1997-06-30,2026-04-30,29,323
NB_1126,nonbankrupt,,GEHC,GE HealthCare Technologies Inc. Common Stock,Health Care,Medical Electronics,GEHC US Equity,,1993-06-18,2026-05-02,Health Care,Medical Equipment & Devices,2020-12-31,2025-12-31,2022-12-30,2026-04-30,2019-12-31,2026-04-30,6,41
NB_1127,nonbankrupt,,GEL,Genesis Energy L.P. Common Units,Energy,Oil Refining/Marketing,GEL US Equity,,1993-06-18,2026-05-02,Energy,Oil & Gas Supply Chain,1996-12-31,2025-12-31,1996-11-29,2026-04-30,1996-11-29,2026-04-30,30,354
NB_1128,nonbankrupt,,GEN,Gen Digital Inc. Common Stock,Technology,Computer Software: Prepackaged Software,GEN US Equity,,1993-06-18,2026-05-02,Technology,Software,1994-03-31,2026-04-03,1993-06-30,2026-04-30,1993-06-30,2026-04-30,33,395
NB_1129,nonbankrupt,,GENB,Generate Biomedicines Inc. Common Stock,Health Care,Biotechnology: Pharmaceutical Preparations,GENB US Equity,,1993-06-18,2026-05-02,Health Care,Biotech & Pharma,2024-12-31,2025-12-31,2026-02-27,2026-04-30,2024-12-31,2026-04-30,2,3
NB_113,nonbankrupt,,ALGM,Allegro MicroSystems Inc. Common Stock,Technology,Semiconductors,ALGM US Equity,,1993-06-18,2026-05-02,Technology,Semiconductors,2019-03-29,2026-03-27,2020-10-30,2026-04-30,2019-03-29,2026-04-30,8,67
NB_1130,nonbankrupt,,GENC,Gencor Industries Inc. Common Stock,Industrials,Construction/Ag Equipment/Trucks,GENC US Equity,,1993-06-18,2026-05-02,Industrials,Machinery,2000-09-30,2025-09-30,2000-06-30,2026-04-30,2000-06-30,2026-04-30,25,311
NB_1131,nonbankrupt,,GENK,GEN Restaurant Group Inc. Class A Common Stock,Consumer Discretionary,Restaurants,GENK US Equity,,1993-06-18,2026-05-02,Consumer Discretionary,Leisure Facilities & Services,2021-12-31,2025-12-31,2023-06-30,2026-04-30,2021-12-31,2026-04-30,5,35
NB_1132,nonbankrupt,,GENVR,Gen Digital Inc. Contingent Value Rights,Technology,Computer Software: Prepackaged Software,GENVR US Equity,,1993-06-18,2026-05-02,Technology,Software,1994-03-31,2026-04-03,2025-04-30,2026-04-30,1994-03-31,2026-04-30,33,13
NB_1133,nonbankrupt,,GEO,Geo Group Inc (The) REIT,Consumer Discretionary,Homebuilding,GEO US Equity,,1993-06-18,2026-05-02,Industrials,Commercial Support Services,1994-01-02,2025-12-31,1994-07-29,2026-04-30,1994-01-02,2026-04-30,29,382
NB_1134,nonbankrupt,,GEOS,Geospace Technologies Corporation Common Stock (Texas),Industrials,Industrial Machinery/Components,GEOS US Equity,,1993-06-18,2026-05-02,Energy,Oil & Gas Services & Equip,1996-09-30,2025-09-30,1997-11-28,2026-04-30,1995-09-30,2026-04-30,29,342
NB_1135,nonbankrupt,,GERN,Geron Corporation Common Stock,Health Care,Biotechnology: Pharmaceutical Preparations,GERN US Equity,,1993-06-18,2026-05-02,Health Care,Biotech & Pharma,1994-12-31,2025-12-31,1996-07-31,2026-04-30,1994-12-31,2026-04-30,32,358
NB_1136,nonbankrupt,,GETY,Getty Images Holdings Inc. Class A Common Stock,Consumer Discretionary,Business Services,GETY US Equity,,1993-06-18,2026-05-02,Communications,Internet Media & Services,2020-12-31,2025-12-31,2020-09-30,2026-04-30,2020-09-30,2026-04-30,6,68
NB_1137,nonbankrupt,,GEV,GE Vernova Inc. Common Stock,Technology,Consumer Electronics/Appliances,GEV US Equity,,1993-06-18,2026-05-02,Industrials,Electrical Equipment,2022-12-31,2025-12-31,2024-03-29,2026-04-30,2021-12-31,2026-04-30,4,26
NB_1138,nonbankrupt,,GEVO,Gevo Inc. Common Stock,Industrials,Major Chemicals,GEVO US Equity,,1993-06-18,2026-05-02,Energy,Renewable Energy,2005-12-31,2025-12-31,2011-02-28,2026-04-30,2005-12-31,2026-04-30,21,183
NB_1139,nonbankrupt,,GFF,Griffon Corporation Common Stock,Industrials,Building Products,GFF US Equity,,1993-06-18,2026-05-02,Consumer Discretionary,Home Construction,1993-09-30,2025-09-30,1993-06-30,2026-04-30,1993-06-30,2026-04-30,33,395
NB_114,nonbankrupt,,ALGN,Align Technology Inc. Common Stock,Health Care,Industrial Specialties,ALGN US Equity,,1993-06-18,2026-05-02,Health Care,Medical Equipment & Devices,1998-01-31,2025-12-31,2001-01-31,2026-04-30,1998-01-31,2026-04-30,28,304
NB_1140,nonbankrupt,,GFS,GlobalFoundries Inc. Ordinary Shares,Technology,Semiconductors,GFS US Equity,,1993-06-18,2026-05-02,Technology,Semiconductors,2019-12-31,2025-12-31,2021-10-29,2026-04-30,2018-12-31,2026-04-30,7,55
NB_1141,nonbankrupt,,GFUZ,General Fusion Group Ltd. Common Shares,Utilities,Electric Utilities: Central,GFUZ US Equity,,1993-06-18,2026-05-02,Industrials,Electrical Equipment,2025-12-31,2025-12-31,2025-09-30,2026-04-30,2025-08-29,2026-04-30,1,8
NB_1143,nonbankrupt,,GGG,Graco Inc. Common Stock,Industrials,Fluid Controls,GGG US Equity,,1993-06-18,2026-05-02,Industrials,Machinery,1993-12-31,2025-12-26,1993-06-30,2026-04-30,1993-06-30,2026-04-30,33,395
NB_1144,nonbankrupt,,GH,Guardant Health Inc. Common Stock,Health Care,Medical Specialities,GH US Equity,,1993-06-18,2026-05-02,Health Care,Medical Equipment & Devices,2016-12-31,2025-12-31,2018-10-31,2026-04-30,2016-12-31,2026-04-30,10,91
NB_1145,nonbankrupt,,GHM,Graham Corporation Common Stock,Industrials,Industrial Machinery/Components,GHM US Equity,,1993-06-18,2026-05-02,Industrials,Machinery,1993-12-31,2026-03-31,1993-06-30,2026-04-30,1993-06-30,2026-04-30,30,395
NB_1146,nonbankrupt,,GIC,Global Industrial Company Common Stock,Industrials,Industrial Machinery/Components,GIC US Equity,,1993-06-18,2026-05-02,Industrials,Industrial Support Services,1993-12-31,2025-12-31,1995-06-30,2026-04-30,1993-12-31,2026-04-30,33,371
NB_1147,nonbankrupt,,GIFT,Giftify Inc. Common Stock,Consumer Discretionary,Catalog/Specialty Distribution,GIFT US Equity,,1993-06-18,2026-05-02,Consumer Discretionary,E-Commerce Discretionary,1997-08-31,2025-12-31,1997-03-31,2026-04-30,1997-03-31,2026-04-30,13,347
NB_1148,nonbankrupt,,GIII,G-III Apparel Group LTD. Common Stock,Consumer Discretionary,Apparel,GIII US Equity,,1993-06-18,2026-05-02,Consumer Discretionary,Wholesale - Discretionary,1994-01-31,2026-01-31,1993-06-30,2026-04-30,1993-06-30,2026-04-30,33,395
NB_1149,nonbankrupt,,GILD,Gilead Sciences Inc. Common Stock,Health Care,Biotechnology: Biological Products (No Diagnostic Substances),GILD US Equity,,1993-06-18,2026-05-02,Health Care,Biotech & Pharma,1994-03-31,2025-12-31,1993-06-30,2026-04-30,1993-06-30,2026-04-30,32,395
NB_115,nonbankrupt,,ALGS,Aligos Therapeutics Inc. Common Stock,Health Care,Biotechnology: Biological Products (No Diagnostic Substances),ALGS US Equity,,1993-06-18,2026-05-02,Health Care,Biotech & Pharma,2018-12-31,2025-12-31,2020-10-30,2026-04-30,2018-12-31,2026-04-30,8,67
NB_1150,nonbankrupt,,GIS,General Mills Inc. Common Stock,Consumer Staples,Packaged Foods,GIS US Equity,,1993-06-18,2026-05-02,Consumer Staples,Food,1994-05-29,2025-05-25,1993-06-30,2026-04-30,1993-06-30,2026-04-30,32,395
NB_1151,nonbankrupt,,GKOS,Glaukos Corporation Common Stock,Health Care,Medical/Dental Instruments,GKOS US Equity,,1993-06-18,2026-05-02,Health Care,Medical Equipment & Devices,2013-12-31,2025-12-31,2015-06-30,2026-04-30,2013-12-31,2026-04-30,13,131
NB_1152,nonbankrupt,,GLAD,Gladstone Capital Corporation Common Stock,Consumer Discretionary,Textiles,GLAD US Equity,,1993-06-18,2026-05-02,Financials,Asset Management,2002-09-30,2025-09-30,2001-08-31,2026-04-30,2001-08-31,2026-04-30,24,297
NB_1153,nonbankrupt,,GLIBA,Liberty Capital Corporation Series A GCI Group Common Stock,Telecommunications,Cable & Other Pay Television Services,GLIBA US Equity,,1993-06-18,2026-05-02,Communications,Telecommunications,2023-12-31,2025-12-31,2025-07-31,2026-04-30,2023-12-31,2026-04-30,3,10
NB_1154,nonbankrupt,,GLIBK,Liberty Capital Corporation Series C GCI Group Common Stock,Telecommunications,Cable & Other Pay Television Services,GLIBK US Equity,,1993-06-18,2026-05-02,Communications,Telecommunications,2023-12-31,2025-12-31,2025-07-31,2026-04-30,2023-12-31,2026-04-30,3,10
NB_1157,nonbankrupt,,GLOB,Globant S.A. Common Shares,Technology,EDP Services,GLOB US Equity,,1993-06-18,2026-05-02,Technology,IT Services,2010-12-31,2025-12-31,2014-07-31,2026-04-30,2010-12-31,2026-04-30,16,142
NB_1158,nonbankrupt,,GLOO,Gloo Holdings Inc. Class A Common Stock,Technology,EDP Services,GLOO US Equity,,1993-06-18,2026-05-02,Technology,Software,2024-01-31,2026-01-31,2025-11-28,2026-04-30,2024-01-31,2026-04-30,3,6
NB_1159,nonbankrupt,,GLP,Global Partners LP Common Units representing Limited Partner Interests,Energy,Oil Refining/Marketing,GLP US Equity,,1993-06-18,2026-05-02,Energy,Oil & Gas Supply Chain,2003-12-31,2025-12-31,2005-09-30,2026-04-30,2003-12-31,2026-04-30,23,248
NB_116,nonbankrupt,,ALGT,Allegiant Travel Company Common Stock,Consumer Discretionary,Air Freight/Delivery Services,ALGT US Equity,,1993-06-18,2026-05-02,Industrials,Transportation & Logistics,2004-12-31,2025-12-31,2006-12-29,2026-04-30,2004-12-31,2026-04-30,22,233
NB_1160,nonbankrupt,,GLSI,Greenwich LifeSciences Inc. Common Stock,Health Care,Biotechnology: Pharmaceutical Preparations,GLSI US Equity,,1993-06-18,2026-05-02,Health Care,Biotech & Pharma,2018-12-31,2025-12-31,2020-09-30,2026-04-30,2018-12-31,2026-04-30,8,68
NB_1161,nonbankrupt,,GLUE,Monte Rosa Therapeutics Inc. Common Stock,Health Care,Biotechnology: Biological Products (No Diagnostic Substances),GLUE US Equity,,1993-06-18,2026-05-02,Health Care,Biotech & Pharma,2019-12-31,2025-12-31,2021-06-30,2026-04-30,2019-12-31,2026-04-30,7,59
NB_1162,nonbankrupt,,GLW,Corning Incorporated Common Stock,Industrials,Telecommunications Equipment,GLW US Equity,,1993-06-18,2026-05-02,Technology,Technology Hardware,1993-12-31,2025-12-31,1993-06-30,2026-04-30,1993-06-30,2026-04-30,32,395
NB_1163,nonbankrupt,,GM,General Motors Company Common Stock,Industrials,Auto Manufacturing,GM US Equity,,1993-06-18,2026-05-02,Consumer Discretionary,Automotive,2009-12-31,2025-12-31,2010-11-30,2026-04-30,2009-11-30,2026-04-30,17,186
NB_1164,nonbankrupt,,GME,GameStop Corporation Common Stock,Consumer Discretionary,Electronics Distribution,GME US Equity,,1993-06-18,2026-05-02,Consumer Discretionary,Retail - Discretionary,2001-02-03,2026-01-31,2002-02-28,2026-04-30,1996-06-28,2026-04-30,26,291
NB_1165,nonbankrupt,,GMED,Globus Medical Inc. Class A Common Stock,Health Care,Medical/Dental Instruments,GMED US Equity,,1993-06-18,2026-05-02,Health Care,Medical Equipment & Devices,2010-12-31,2025-12-31,2012-08-31,2026-04-30,2007-12-31,2026-04-30,16,165
NB_1166,nonbankrupt,,GNE,Genie Energy Ltd. Class B Common Stock Stock,Utilities,Power Generation,GNE US Equity,,1993-06-18,2026-05-02,Utilities,Elec & Gas Marketing & Trading,2012-12-31,2025-12-31,2011-10-31,2026-04-30,2011-10-31,2026-04-30,14,175
NB_1167,nonbankrupt,,GNK,Genco Shipping & Trading Limited Ordinary Shares New (Marshall Islands),Consumer Discretionary,Marine Transportation,GNK US Equity,,1993-06-18,2026-05-02,Industrials,Transportation & Logistics,2005-12-31,2025-12-31,2014-07-31,2026-04-30,2005-12-31,2026-04-30,21,142
NB_1168,nonbankrupt,,GNLN,Greenlane Holdings Inc. Class A Common Stock,Consumer Discretionary,Durable Goods,GNLN US Equity,,1993-06-18,2026-05-02,Consumer Staples,Tobacco & Cannabis,2017-12-31,2025-12-31,2019-04-30,2026-04-30,2017-12-31,2026-04-30,9,85
NB_1169,nonbankrupt,,GNLX,Genelux Corporation Common Stock,Health Care,Biotechnology: Pharmaceutical Preparations,GNLX US Equity,,1993-06-18,2026-05-02,Health Care,Biotech & Pharma,2020-12-31,2025-12-31,2023-01-31,2026-04-30,2020-12-31,2026-04-30,6,40
NB_117,nonbankrupt,,ALH,Alliance Laundry Holdings Inc. Common Stock,Industrials,Industrial Machinery/Components,ALH US Equity,,1993-06-18,2026-05-02,Industrials,Machinery,2006-12-31,2025-12-31,2025-10-31,2026-04-30,2006-12-31,2026-04-30,11,7
NB_1170,nonbankrupt,,GNPX,Genprex Inc. Common Stock,Health Care,Biotechnology: Pharmaceutical Preparations,GNPX US Equity,,1993-06-18,2026-05-02,Health Care,Biotech & Pharma,2015-12-31,2025-12-31,2018-03-30,2026-04-30,2015-12-31,2026-04-30,11,98
NB_1171,nonbankrupt,,GNRC,Generac Holdlings Inc. Common Stock,Consumer Discretionary,Metal Fabrications,GNRC US Equity,,1993-06-18,2026-05-02,Industrials,Electrical Equipment,2007-12-31,2025-12-31,2010-02-26,2026-04-30,2007-12-31,2026-04-30,19,195
NB_1172,nonbankrupt,,GNSS,Genasys Inc. Common Stock,Consumer Staples,Consumer Electronics/Appliances,GNSS US Equity,,1993-06-18,2026-05-02,Technology,Software,1994-09-30,2025-09-30,1994-04-29,2026-04-30,1994-04-29,2026-04-30,30,385
NB_1173,nonbankrupt,,GNTX,Gentex Corporation Common Stock,Consumer Discretionary,Auto Parts:O.E.M.,GNTX US Equity,,1993-06-18,2026-05-02,Consumer Discretionary,Automotive,1993-12-31,2025-12-31,1993-06-30,2026-04-30,1993-06-30,2026-04-30,33,395
NB_1174,nonbankrupt,,GO,Grocery Outlet Holding Corp. Common Stock,Consumer Staples,Food Chains,GO US Equity,,1993-06-18,2026-05-02,Consumer Staples,Retail - Consumer Staples,2017-12-31,2026-01-03,2019-06-28,2026-04-30,2000-08-31,2026-04-30,8,83
NB_1175,nonbankrupt,,GOAI,Eva Live Inc. Common Stock,Technology,Computer Software: Programming Data Processing,GOAI US Equity,,1993-06-18,2026-05-02,Communications,Advertising & Marketing,2021-12-31,2025-12-31,2000-06-30,2026-04-30,2000-06-30,2026-04-30,5,240
NB_1176,nonbankrupt,,GOGO,Gogo Inc. Common Stock,Consumer Discretionary,Telecommunications Equipment,GOGO US Equity,,1993-06-18,2026-05-02,Communications,Telecommunications,2009-12-31,2025-12-31,2013-06-28,2026-04-30,2006-12-31,2026-04-30,17,155
NB_1177,nonbankrupt,,GOLD,Gold.com Inc. Common Stock,Industrials,Other Specialty Stores,GOLD US Equity,,1993-06-18,2026-05-02,Materials,Metals & Mining,2012-06-30,2025-06-30,2014-03-31,2026-04-30,2011-06-30,2026-04-30,14,146
NB_1178,nonbankrupt,,GOLF,Acushnet Holdings Corp. Common Stock,Consumer Discretionary,Recreational Games/Products/Toys,GOLF US Equity,,1993-06-18,2026-05-02,Consumer Discretionary,Leisure Products,2014-12-31,2025-12-31,2016-10-31,2026-04-30,2011-12-31,2026-04-30,12,115
NB_1179,nonbankrupt,,GOOG,Alphabet Inc. Class C Capital Stock,Technology,Computer Software: Programming Data Processing,GOOG US Equity,,1993-06-18,2026-05-02,Communications,Internet Media & Services,2002-12-31,2025-12-31,2014-03-31,2026-04-30,1999-12-31,2026-04-30,24,146
NB_118,nonbankrupt,,ALHC,Alignment Healthcare Inc. Common Stock,Health Care,Medical Specialities,ALHC US Equity,,1993-06-18,2026-05-02,Health Care,Health Care Facilities & Svcs,2019-12-31,2025-12-31,2021-03-31,2026-04-30,2019-12-31,2026-04-30,7,62
NB_1180,nonbankrupt,,GOOGL,Alphabet Inc. Class A Common Stock,Technology,Computer Software: Programming Data Processing,GOOGL US Equity,,1993-06-18,2026-05-02,Communications,Internet Media & Services,2002-12-31,2025-12-31,2004-08-31,2026-04-30,1999-12-31,2026-04-30,24,261
NB_1183,nonbankrupt,,GOSS,Gossamer Bio Inc. Common Stock,Health Care,Biotechnology: Pharmaceutical Preparations,GOSS US Equity,,1993-06-18,2026-05-02,Health Care,Biotech & Pharma,2017-12-31,2025-12-31,2019-02-28,2026-04-30,2017-12-31,2026-04-30,9,87
NB_1184,nonbankrupt,,GOVX,GeoVax Labs Inc. Common Stock,Health Care,Biotechnology: Pharmaceutical Preparations,GOVX US Equity,,1993-06-18,2026-05-02,Health Care,Biotech & Pharma,1993-12-31,2025-12-31,1994-04-29,2026-04-30,1993-12-31,2026-04-30,28,385
NB_1186,nonbankrupt,,GPC,Genuine Parts Company Common Stock,Consumer Discretionary,Automotive Aftermarket,GPC US Equity,,1993-06-18,2026-05-02,Consumer Discretionary,Retail - Discretionary,1993-12-31,2025-12-31,1993-06-30,2026-04-30,1993-06-30,2026-04-30,33,395
NB_1187,nonbankrupt,,GPCR,Structure Therapeutics Inc. American Depositary Shares,Health Care,Biotechnology: Pharmaceutical Preparations,GPCR US Equity,,1993-06-18,2026-05-02,Health Care,Biotech & Pharma,2020-12-31,2025-12-31,2023-02-28,2026-04-30,2020-12-31,2026-04-30,6,39
NB_1188,nonbankrupt,,GPI,Group 1 Automotive Inc. Common Stock,Consumer Discretionary,Retail-Auto Dealers and Gas Stations,GPI US Equity,,1993-06-18,2026-05-02,Consumer Discretionary,Retail - Discretionary,1997-12-31,2025-12-31,1997-10-31,2026-04-30,1997-10-31,2026-04-30,29,343
NB_119,nonbankrupt,,ALIT,Alight Inc. Class A Common Stock,Consumer Discretionary,Business Services,ALIT US Equity,,1993-06-18,2026-05-02,Industrials,Commercial Support Services,2020-12-31,2025-12-31,2020-07-31,2026-04-30,2020-07-31,2026-04-30,6,70
NB_1190,nonbankrupt,,GPK,Graphic Packaging Holding Company,Consumer Discretionary,Containers/Packaging,GPK US Equity,,1993-06-18,2026-05-02,Materials,Containers & Packaging,1997-12-31,2025-12-31,2003-08-29,2026-04-30,1997-12-31,2026-04-30,27,273
NB_1191,nonbankrupt,,GPN,Global Payments Inc. Common Stock,Consumer Discretionary,Business Services,GPN US Equity,,1993-06-18,2026-05-02,Financials,Specialty Finance,1999-05-31,2025-12-31,2001-01-31,2026-04-30,1999-05-31,2026-04-30,27,304
NB_1192,nonbankrupt,,GPOR,Gulfport Energy Corporation Common Shares,Energy,Oil & Gas Production,GPOR US Equity,,1993-06-18,2026-05-02,Energy,Oil & Gas Supply Chain,2016-12-31,2025-12-31,2021-05-31,2026-04-30,2016-12-31,2026-04-30,10,60
NB_1193,nonbankrupt,,GPRE,Green Plains Inc. Common Stock,Industrials,Major Chemicals,GPRE US Equity,,1993-06-18,2026-05-02,Energy,Renewable Energy,2006-11-30,2025-12-31,2006-03-31,2026-04-30,2006-03-31,2026-04-30,19,242
NB_1194,nonbankrupt,,GPRO,GoPro Inc. Class A Common Stock,Consumer Discretionary,Industrial Machinery/Components,GPRO US Equity,,1993-06-18,2026-05-02,Technology,Technology Hardware,2012-12-31,2025-12-31,2014-06-30,2026-04-30,2010-12-31,2026-04-30,14,143
NB_1195,nonbankrupt,,GPUS,Hyperscale Data Inc. Common Stock,Technology,Industrial Machinery/Components,GPUS US Equity,,1993-06-18,2026-05-02,Communications,Telecommunications,1995-12-31,2025-12-31,1996-12-31,2026-04-30,1994-12-31,2026-04-30,31,353
NB_1196,nonbankrupt,,GRAL,GRAIL Inc. Common Stock,Health Care,Medical Specialities,GRAL US Equity,,1993-06-18,2026-05-02,Health Care,Medical Equipment & Devices,2018-12-31,2025-12-31,2024-06-28,2026-04-30,2018-12-31,2026-04-30,5,23
NB_1197,nonbankrupt,,GRBK,Green Brick Partners Inc. Common Stock,Consumer Discretionary,Homebuilding,GRBK US Equity,,1993-06-18,2026-05-02,Consumer Discretionary,Home Construction,2006-12-31,2025-12-31,2007-06-29,2026-04-30,2006-12-31,2026-04-30,20,227
NB_1198,nonbankrupt,,GRC,Gorman-Rupp Company (The) Common Stock,Industrials,Fluid Controls,GRC US Equity,,1993-06-18,2026-05-02,Industrials,Machinery,1993-12-31,2025-12-31,1993-06-30,2026-04-30,1993-06-30,2026-04-30,33,395
NB_1199,nonbankrupt,,GRDN,Guardian Pharmacy Services Inc. Class A Common Stock,Consumer Staples,Retail-Drug Stores and Proprietary Stores,GRDN US Equity,,1993-06-18,2026-05-02,Health Care,Health Care Facilities & Svcs,2021-12-31,2025-12-31,2024-09-30,2026-04-30,2021-12-31,2026-04-30,4,20
NB_12,nonbankrupt,,ABM,ABM Industries Incorporated Common Stock,Consumer Discretionary,Diversified Commercial Services,ABM US Equity,,1993-06-18,2026-05-02,Industrials,Commercial Support Services,1993-10-31,2025-10-31,1993-06-30,2026-04-30,1993-06-30,2026-04-30,33,395
NB_120,nonbankrupt,,ALK,Alaska Air Group Inc. Common Stock,Consumer Discretionary,Air Freight/Delivery Services,ALK US Equity,,1993-06-18,2026-05-02,Industrials,Transportation & Logistics,1993-12-31,2025-12-31,1993-06-30,2026-04-30,1993-06-30,2026-04-30,33,395
NB_1200,nonbankrupt,,GRDX,GridAI Technologies Corp. Common Stock,Health Care,Biotechnology: Pharmaceutical Preparations,GRDX US Equity,,1993-06-18,2026-05-02,Technology,Software,2014-12-31,2025-12-31,2016-10-31,2026-04-30,2014-12-31,2026-04-30,12,115
NB_1201,nonbankrupt,,GRI,GRI Bio Inc. Common Stock,Health Care,Biotechnology: Pharmaceutical Preparations,GRI US Equity,,1993-06-18,2026-05-02,Health Care,Biotech & Pharma,2018-12-31,2025-12-31,2021-02-26,2026-04-30,2018-12-31,2026-04-30,8,63
NB_1202,nonbankrupt,,GRML,Greenland Mines Ltd. Common Stock,Health Care,Biotechnology: Biological Products (No Diagnostic Substances),GRML US Equity,,1993-06-18,2026-05-02,Health Care,Biotech & Pharma,2021-12-31,2025-12-31,2022-04-29,2026-04-30,2021-12-31,2026-04-30,5,49
NB_1204,nonbankrupt,,GRNT,Granite Ridge Resources Inc. Common Stock,Energy,Oil & Gas Production,GRNT US Equity,,1993-06-18,2026-05-02,Energy,Oil & Gas Supply Chain,2020-12-31,2025-12-31,2022-10-31,2026-04-30,2020-12-31,2026-04-30,6,43
NB_1205,nonbankrupt,,GRPN,Groupon Inc. Common Stock,Consumer Discretionary,Advertising,GRPN US Equity,,1993-06-18,2026-05-02,Communications,Internet Media & Services,2009-12-31,2025-12-31,2011-11-30,2026-04-30,2008-12-31,2026-04-30,17,174
NB_1206,nonbankrupt,,GRWG,GrowGeneration Corp. Common Stock,Consumer Discretionary,RETAIL: Building Materials,GRWG US Equity,,1993-06-18,2026-05-02,Consumer Discretionary,Retail - Discretionary,2014-12-31,2025-12-31,2016-11-30,2026-04-30,2014-12-31,2026-04-30,12,114
NB_1207,nonbankrupt,,GSAT,Globalstar Inc. Common Stock,Consumer Discretionary,Telecommunications Equipment,GSAT US Equity,,1993-06-18,2026-05-02,Communications,Telecommunications,2004-12-31,2025-12-31,2006-11-30,2026-04-30,2004-12-31,2026-04-30,22,234
NB_1208,nonbankrupt,,GSIT,GSI Technology Common Stock,Technology,Semiconductors,GSIT US Equity,,1993-06-18,2026-05-02,Technology,Semiconductors,2005-03-31,2026-03-31,2007-03-30,2026-04-30,2005-03-31,2026-04-30,22,230
NB_1209,nonbankrupt,,GT,The Goodyear Tire & Rubber Company Common Stock,Consumer Discretionary,Automotive Aftermarket,GT US Equity,,1993-06-18,2026-05-02,Consumer Discretionary,Automotive,1993-12-31,2025-12-31,1993-06-30,2026-04-30,1993-06-30,2026-04-30,33,395
NB_121,nonbankrupt,,ALKT,Alkami Technology Inc. Common Stock,Technology,Computer Software: Prepackaged Software,ALKT US Equity,,1993-06-18,2026-05-02,Technology,Software,2019-12-31,2025-12-31,2021-04-30,2026-04-30,2019-12-31,2026-04-30,7,61
NB_1210,nonbankrupt,,GTBP,GT Biopharma Inc. Common Stock,Health Care,Biotechnology: Pharmaceutical Preparations,GTBP US Equity,,1993-06-18,2026-05-02,Health Care,Biotech & Pharma,1993-12-31,2025-12-31,1993-06-30,2026-04-30,1993-06-30,2026-04-30,33,395
NB_1211,nonbankrupt,,GTIM,Good Times Restaurants Inc. Common Stock,Consumer Discretionary,Restaurants,GTIM US Equity,,1993-06-18,2026-05-02,Consumer Discretionary,Leisure Facilities & Services,1996-09-30,2025-09-30,1993-06-30,2026-04-30,1993-06-30,2026-04-30,30,395
NB_1212,nonbankrupt,,GTLB,GitLab Inc. Class A Common Stock,Technology,Computer Software: Prepackaged Software,GTLB US Equity,,1993-06-18,2026-05-02,Technology,Software,2020-01-31,2026-01-31,2021-10-29,2026-04-30,2020-01-31,2026-04-30,7,55
NB_1213,nonbankrupt,,GTM,ZoomInfo Technologies Inc Common Stock,Technology,Computer Software: Prepackaged Software,GTM US Equity,,1993-06-18,2026-05-02,Technology,Software,2018-12-31,2025-12-31,2020-06-30,2026-04-30,2018-12-31,2026-04-30,8,71
NB_1214,nonbankrupt,,GTN,Gray Media Inc. Common Stock,Industrials,Broadcasting,GTN US Equity,,1993-06-18,2026-05-02,Communications,Publishing & Broadcasting,1993-12-31,2025-12-31,1996-09-30,2026-04-30,1993-12-31,2026-04-30,33,356
NB_1215,nonbankrupt,,GUTS,Fractyl Health Inc. Common Stock,Health Care,Medical/Dental Instruments,GUTS US Equity,,1993-06-18,2026-05-02,Health Care,Medical Equipment & Devices,2021-12-31,2025-12-31,2024-02-29,2026-04-30,2021-12-31,2026-04-30,5,27
NB_1216,nonbankrupt,,GVA,Granite Construction Incorporated Common Stock,Industrials,Military/Government/Technical,GVA US Equity,,1993-06-18,2026-05-02,Industrials,Engineering & Construction,1993-12-31,2025-12-31,1993-06-30,2026-04-30,1993-06-30,2026-04-30,33,395
NB_1217,nonbankrupt,,GWAV,Greenwave Technology Solutions Inc. Common Stock,Industrials,Metal Fabrications,GWAV US Equity,,1993-06-18,2026-05-02,Industrials,Commercial Support Services,2013-12-31,2025-12-31,2015-04-30,2026-04-30,2013-12-31,2026-04-30,13,133
NB_1218,nonbankrupt,,GWRE,Guidewire Software Inc. Common Stock,Technology,Computer Software: Prepackaged Software,GWRE US Equity,,1993-06-18,2026-05-02,Technology,Software,2009-07-31,2025-07-31,2012-01-31,2026-04-30,2006-07-31,2026-04-30,17,172
NB_1219,nonbankrupt,,GWRS,Global Water Resources Inc. Common Stock,Utilities,Water Supply,GWRS US Equity,,1993-06-18,2026-05-02,Utilities,Gas & Water Utilities,2011-12-31,2025-12-31,2016-04-29,2026-04-30,2011-12-31,2026-04-30,15,121
NB_122,nonbankrupt,,ALLE,Allegion plc Ordinary Shares,Consumer Discretionary,Diversified Commercial Services,ALLE US Equity,,1993-06-18,2026-05-02,Industrials,Electrical Equipment,2011-12-31,2025-12-31,2013-11-29,2026-04-30,2002-03-29,2026-04-30,15,150
NB_1220,nonbankrupt,,GWW,W.W. Grainger Inc. Common Stock,Industrials,Office Equipment/Supplies/Services,GWW US Equity,,1993-06-18,2026-05-02,Industrials,Industrial Support Services,1993-12-31,2025-12-31,1993-06-30,2026-04-30,1993-06-30,2026-04-30,32,395
NB_1221,nonbankrupt,,GXAI,Gaxos.ai Inc. Common Stock,Technology,Computer Software: Prepackaged Software,GXAI US Equity,,1993-06-18,2026-05-02,Communications,Entertainment Content,2021-12-31,2025-12-31,2023-02-28,2026-04-30,2021-12-31,2026-04-30,5,39
NB_1222,nonbankrupt,,GXO,GXO Logistics Inc. Common Stock,Consumer Discretionary,Transportation Services,GXO US Equity,,1993-06-18,2026-05-02,Industrials,Transportation & Logistics,2019-12-31,2025-12-31,2021-07-30,2026-04-30,2018-12-31,2026-04-30,7,58
NB_1223,nonbankrupt,,GYGY,Game Your Game Inc. Common Stock,Technology,Computer Software: Prepackaged Software,GYGY US Equity,,1993-06-18,2026-05-02,Technology,Software,2024-12-31,2025-12-31,,,2024-12-31,2025-12-31,2,0
NB_1224,nonbankrupt,,GYRE,Gyre Therapeutics Inc. Common Stock,Health Care,Biotechnology: Pharmaceutical Preparations,GYRE US Equity,,1993-06-18,2026-05-02,Health Care,Biotech & Pharma,2015-12-31,2025-12-31,2006-04-28,2026-04-30,2006-04-28,2026-04-30,11,241
NB_1225,nonbankrupt,,H,Hyatt Hotels Corporation Class A Common Stock,Consumer Discretionary,Hotels/Resorts,H US Equity,,1993-06-18,2026-05-02,Consumer Discretionary,Leisure Facilities & Services,2007-12-31,2025-12-31,2009-11-30,2026-04-30,2007-12-31,2026-04-30,19,198
NB_1226,nonbankrupt,,HAE,Haemonetics Corporation Common Stock,Health Care,Medical/Dental Instruments,HAE US Equity,,1993-06-18,2026-05-02,Health Care,Medical Equipment & Devices,1994-04-02,2026-03-28,1993-06-30,2026-04-30,1993-06-30,2026-04-30,33,395
NB_1227,nonbankrupt,,HAIN,Hain Celestial Group Inc. (The) Common Stock,Consumer Staples,Packaged Foods,HAIN US Equity,,1993-06-18,2026-05-02,Consumer Staples,Food,1994-06-30,2025-06-30,1994-01-31,2026-04-30,1994-01-31,2026-04-30,32,388
NB_1228,nonbankrupt,,HAL,Halliburton Company Common Stock,Energy,Oilfield Services/Equipment,HAL US Equity,,1993-06-18,2026-05-02,Energy,Oil & Gas Services & Equip,1993-12-31,2025-12-31,1993-06-30,2026-04-30,1993-06-30,2026-04-30,33,395
NB_1229,nonbankrupt,,HALO,Halozyme Therapeutics Inc. Common Stock,Health Care,Biotechnology: Biological Products (No Diagnostic Substances),HALO US Equity,,1993-06-18,2026-05-02,Health Care,Biotech & Pharma,2002-12-31,2025-12-31,2004-03-31,2026-04-30,2002-12-31,2026-04-30,24,266
NB_123,nonbankrupt,,ALLO,Allogene Therapeutics Inc. Common Stock,Health Care,Biotechnology: Biological Products (No Diagnostic Substances),ALLO US Equity,,1993-06-18,2026-05-02,Health Care,Biotech & Pharma,2018-12-31,2025-12-31,2018-10-31,2026-04-30,2018-10-31,2026-04-30,8,91
NB_1230,nonbankrupt,,HAS,Hasbro Inc. Common Stock,Consumer Discretionary,Recreational Games/Products/Toys,HAS US Equity,,1993-06-18,2026-05-02,Consumer Discretionary,Leisure Products,1993-12-26,2025-12-28,1993-06-30,2026-04-30,1993-06-30,2026-04-30,33,395
NB_1231,nonbankrupt,,HAWK,HawkEye 360 Inc. Common Stock,Technology,EDP Services,HAWK US Equity,,1993-06-18,2026-05-02,Industrials,Aerospace & Defense,2024-12-31,2025-12-31,,,2024-12-31,2025-12-31,2,0
NB_1232,nonbankrupt,,HAYW,Hayward Holdings Inc. Common Stock,Industrials,Industrial Machinery/Components,HAYW US Equity,,1993-06-18,2026-05-02,Industrials,Electrical Equipment,2020-12-31,2025-12-31,2021-03-31,2026-04-30,2020-12-31,2026-04-30,6,62
NB_1233,nonbankrupt,,HBB,Hamilton Beach Brands Holding Company Class A Common Stock,Consumer Discretionary,Home Furnishings,HBB US Equity,,1993-06-18,2026-05-02,Consumer Discretionary,Home & Office Products,2015-12-31,2025-12-31,2017-09-29,2026-04-30,2015-12-31,2026-04-30,11,104
NB_1234,nonbankrupt,,HBIO,Harvard Bioscience Inc. Common Stock,Industrials,Biotechnology: Laboratory Analytical Instruments,HBIO US Equity,,1993-06-18,2026-05-02,Health Care,Medical Equipment & Devices,1998-12-31,2025-12-31,2000-12-29,2026-04-30,1998-12-31,2026-04-30,28,305
NB_1235,nonbankrupt,,HCA,HCA Healthcare Inc. Common Stock,Health Care,Hospital/Nursing Management,HCA US Equity,,1993-06-18,2026-05-02,Health Care,Health Care Facilities & Svcs,2009-12-31,2025-12-31,2011-03-31,2026-04-30,2009-12-31,2026-04-30,17,182
NB_1236,nonbankrupt,,HCAT,Health Catalyst Inc Common Stock,Technology,Computer Software: Programming Data Processing,HCAT US Equity,,1993-06-18,2026-05-02,Technology,Software,2017-12-31,2025-12-31,2019-07-31,2026-04-30,2017-12-31,2026-04-30,9,82
NB_1237,nonbankrupt,,HCC,Warrior Met Coal Inc. Common Stock,Energy,Coal Mining,HCC US Equity,,1993-06-18,2026-05-02,Materials,Metals & Mining,2015-12-31,2025-12-31,2017-04-28,2026-04-30,2015-12-31,2026-04-30,11,109
NB_1238,nonbankrupt,,HCKT,Hackett Group Inc (The). Common Stock,Consumer Discretionary,Professional Services,HCKT US Equity,,1993-06-18,2026-05-02,Industrials,Commercial Support Services,1998-01-02,2025-12-26,1996-04-30,2026-04-30,1996-04-30,2026-04-30,24,339
NB_1239,nonbankrupt,,HCMA,HCM III Acquisition Corp. Class A Ordinary Share,Consumer Discretionary,Hotels/Resorts,HCMA US Equity,,1993-06-18,2026-05-02,Financials,Asset Management,2025-12-31,2025-12-31,2025-09-30,2026-04-30,2025-08-29,2026-04-30,1,8
NB_124,nonbankrupt,,ALLR,Allarity Therapeutics Inc. Common Stock,Health Care,Biotechnology: Pharmaceutical Preparations,ALLR US Equity,,1993-06-18,2026-05-02,Health Care,Biotech & Pharma,2019-12-31,2025-12-31,2021-12-31,2026-04-30,2019-12-31,2026-04-30,7,53
NB_1240,nonbankrupt,,HCSG,Healthcare Services Group Inc. Common Stock,Health Care,Hospital/Nursing Management,HCSG US Equity,,1993-06-18,2026-05-02,Industrials,Commercial Support Services,1993-12-31,2025-12-31,1993-06-30,2026-04-30,1993-06-30,2026-04-30,33,395
NB_1241,nonbankrupt,,HCTI,Healthcare Triangle Inc. Common Stock,Technology,EDP Services,HCTI US Equity,,1993-06-18,2026-05-02,Technology,Software,2021-12-31,2025-12-31,2021-10-29,2026-04-30,2021-10-29,2026-04-30,5,55
NB_1242,nonbankrupt,,HCWB,HCW Biologics Inc. Common Stock,Health Care,Biotechnology: Pharmaceutical Preparations,HCWB US Equity,,1993-06-18,2026-05-02,Health Care,Biotech & Pharma,2019-12-31,2025-12-31,2021-07-30,2026-04-30,2019-12-31,2026-04-30,7,58
NB_1243,nonbankrupt,,HD,Home Depot Inc. (The) Common Stock,Consumer Discretionary,RETAIL: Building Materials,HD US Equity,,1993-06-18,2026-05-02,Consumer Discretionary,Retail - Discretionary,1994-01-30,2026-02-01,1993-06-30,2026-04-30,1993-06-30,2026-04-30,32,395
NB_1244,nonbankrupt,,HDRN,Hadron Energy Inc. Common Stock,Utilities,Electric Utilities: Central,HDRN US Equity,,1993-06-18,2026-05-02,Industrials,Electrical Equipment,2024-12-31,2024-12-31,2024-09-30,2026-04-30,2024-09-30,2026-04-30,1,20
NB_1246,nonbankrupt,,HDSN,Hudson Technologies Inc. Common Stock,Consumer Discretionary,Industrial Specialties,HDSN US Equity,,1993-06-18,2026-05-02,Industrials,Industrial Support Services,1993-12-31,2025-12-31,1994-11-30,2026-04-30,1993-12-31,2026-04-30,26,378
NB_1247,nonbankrupt,,HE,Hawaiian Electric Industries Inc. Common Stock,Utilities,Electric Utilities: Central,HE US Equity,,1993-06-18,2026-05-02,Utilities,Electric Utilities,1993-12-31,2025-12-31,1993-06-30,2026-04-30,1993-06-30,2026-04-30,32,395
NB_1248,nonbankrupt,,HEI,Heico Corporation Common Stock,Industrials,Aerospace,HEI US Equity,,1993-06-18,2026-05-02,Industrials,Aerospace & Defense,1993-10-31,2025-10-31,1993-06-30,2026-04-30,1993-06-30,2026-04-30,33,395
NB_1249,nonbankrupt,,HESM,Hess Midstream LP Class A Representing Limited Partner Interests,Energy,Oil & Gas Production,HESM US Equity,,1993-06-18,2026-05-02,Energy,Oil & Gas Supply Chain,2014-12-31,2025-12-31,2017-04-28,2026-04-30,2013-12-31,2026-04-30,12,109
NB_125,nonbankrupt,,ALMR,Alamar Biosciences Inc. Common Stock,Industrials,Biotechnology: Laboratory Analytical Instruments,ALMR US Equity,,1993-06-18,2026-05-02,Health Care,Medical Equipment & Devices,2024-12-31,2025-12-31,2026-04-30,2026-04-30,2024-12-31,2026-04-30,2,1
NB_1250,nonbankrupt,,HFFG,HF Foods Group Inc. Common Stock,Consumer Discretionary,Food Distributors,HFFG US Equity,,1993-06-18,2026-05-02,Consumer Staples,Wholesale - Consumer Staples,2016-12-31,2025-12-31,2017-09-29,2026-04-30,2016-12-31,2026-04-30,10,104
NB_1251,nonbankrupt,,HGBL,Heritage Global Inc. Common Stock,Consumer Discretionary,Business Services,HGBL US Equity,,1993-06-18,2026-05-02,Financials,Asset Management,1997-12-31,2025-12-31,1993-06-30,2026-04-30,1993-06-30,2026-04-30,20,395
NB_1252,nonbankrupt,,HGV,Hilton Grand Vacations Inc. Common Stock,Consumer Discretionary,Hotels/Resorts,HGV US Equity,,1993-06-18,2026-05-02,Consumer Discretionary,Leisure Facilities & Services,2014-12-31,2025-12-31,2016-12-30,2026-04-30,2013-12-31,2026-04-30,12,113
NB_1253,nonbankrupt,,HHS,Harte Hanks Inc. Common Stock,Consumer Discretionary,Advertising,HHS US Equity,,1993-06-18,2026-05-02,Communications,Advertising & Marketing,1993-12-31,2025-12-31,1993-11-30,2026-04-30,1993-11-30,2026-04-30,33,390
NB_1254,nonbankrupt,,HII,Huntington Ingalls Industries Inc. Common Stock,Industrials,Marine Transportation,HII US Equity,,1993-06-18,2026-05-02,Industrials,Aerospace & Defense,2009-12-31,2025-12-31,2011-03-31,2026-04-30,2008-12-31,2026-04-30,17,182
NB_1255,nonbankrupt,,HIMS,Hims & Hers Health Inc. Class A Common Stock,Health Care,Medical/Nursing Services,HIMS US Equity,,1993-06-18,2026-05-02,Consumer Staples,Retail - Consumer Staples,2019-12-31,2025-12-31,2019-09-30,2026-04-30,2019-07-31,2026-04-30,7,80
NB_1256,nonbankrupt,,HIND,Vyome Holdings Inc. Common Stock,Health Care,Biotechnology: Pharmaceutical Preparations,HIND US Equity,,1993-06-18,2026-05-02,Health Care,Medical Equipment & Devices,2014-12-31,2025-12-31,2016-10-31,2026-04-30,2014-12-31,2026-04-30,12,115
NB_1257,nonbankrupt,,HL,Hecla Mining Company Common Stock,Industrials,Mining & Quarrying of Nonmetallic Minerals (No Fuels),HL US Equity,,1993-06-18,2026-05-02,Materials,Metals & Mining,1993-12-31,2025-12-31,1993-06-30,2026-04-30,1993-06-30,2026-04-30,33,395
NB_1258,nonbankrupt,,HLIO,Helios Technologies Inc. Common Stock,Industrials,Metal Fabrications,HLIO US Equity,,1993-06-18,2026-05-02,Industrials,Machinery,1994-12-31,2026-01-03,1997-01-31,2026-04-30,1994-12-31,2026-04-30,28,352
NB_1259,nonbankrupt,,HLIT,Harmonic Inc. Common Stock,Technology,Radio And Television Broadcasting And Communications Equipment,HLIT US Equity,,1993-06-18,2026-05-02,Technology,Technology Hardware,1993-12-31,2025-12-31,1995-05-31,2026-04-30,1993-12-31,2026-04-30,33,372
NB_126,nonbankrupt,,ALMS,Alumis Inc. Common Stock,Health Care,Biotechnology: Pharmaceutical Preparations,ALMS US Equity,,1993-06-18,2026-05-02,Health Care,Biotech & Pharma,2022-12-31,2025-12-31,2024-06-28,2026-04-30,2022-12-31,2026-04-30,4,23
NB_1260,nonbankrupt,,HLLY,Holley Inc. Common Stock,Consumer Discretionary,Auto Parts:O.E.M.,HLLY US Equity,,1993-06-18,2026-05-02,Consumer Discretionary,Automotive,2020-12-31,2025-12-31,2020-11-30,2026-04-30,2020-10-30,2026-04-30,6,66
NB_1261,nonbankrupt,,HLMN,Hillman Solutions Corp. Common Stock,Consumer Discretionary,Industrial Machinery/Components,HLMN US Equity,,1993-06-18,2026-05-02,Industrials,Industrial Intermediate Prod,2020-12-31,2025-12-27,2020-12-31,2026-04-30,2020-10-30,2026-04-30,6,65
NB_1262,nonbankrupt,,HLT,Hilton Worldwide Holdings Inc. Common Stock,Consumer Discretionary,Hotels/Resorts,HLT US Equity,,1993-06-18,2026-05-02,Consumer Discretionary,Leisure Facilities & Services,2011-12-31,2025-12-31,2013-12-31,2026-04-30,2010-12-31,2026-04-30,15,149
NB_1263,nonbankrupt,,HMH,HMH Holding Inc. Class A Common Stock,Consumer Discretionary,Oil and Gas Field Machinery,HMH US Equity,,1993-06-18,2026-05-02,Energy,Oil & Gas Services & Equip,2024-12-31,2025-12-31,2026-03-31,2026-04-30,2024-12-31,2026-04-30,2,2
NB_1264,nonbankrupt,,HNGE,Hinge Health Inc. Class A Common Stock,Technology,EDP Services,HNGE US Equity,,1993-06-18,2026-05-02,Technology,Software,2023-12-31,2025-12-31,2025-05-30,2026-04-30,2023-12-31,2026-04-30,3,12
NB_1265,nonbankrupt,,HNI,HNI Corporation Common Stock,Consumer Discretionary,Office Equipment/Supplies/Services,HNI US Equity,,1993-06-18,2026-05-02,Consumer Discretionary,Home & Office Products,1994-01-01,2026-01-03,1993-06-30,2026-04-30,1993-06-30,2026-04-30,27,395
NB_1266,nonbankrupt,,HNRG,Hallador Energy Company Common Stock,Utilities,Electric Utilities: Central,HNRG US Equity,,1993-06-18,2026-05-02,Materials,Metals & Mining,1995-12-31,2025-12-31,1993-06-30,2026-04-30,1993-06-30,2026-04-30,31,355
NB_1267,nonbankrupt,,HNST,The Honest Company Inc. Common Stock,Consumer Discretionary,Catalog/Specialty Distribution,HNST US Equity,,1993-06-18,2026-05-02,Consumer Staples,Household Products,2019-12-31,2025-12-31,2021-05-31,2026-04-30,2019-12-31,2026-04-30,7,60
NB_1268,nonbankrupt,,HOFT,Hooker Furnishings Corporation Common Stock,Consumer Discretionary,Home Furnishings,HOFT US Equity,,1993-06-18,2026-05-02,Consumer Discretionary,Home & Office Products,1998-11-30,2026-02-01,1994-04-29,2026-04-30,1994-04-29,2026-04-30,28,383
NB_1269,nonbankrupt,,HOG,Harley-Davidson Inc. Common Stock,Consumer Discretionary,Motor Vehicles,HOG US Equity,,1993-06-18,2026-05-02,Consumer Discretionary,Automotive,1993-12-31,2025-12-31,1993-06-30,2026-04-30,1993-06-30,2026-04-30,33,395
NB_127,nonbankrupt,,ALMU,Aeluma Inc. Common Stock,Technology,Semiconductors,ALMU US Equity,,1993-06-18,2026-05-02,Technology,Semiconductors,2019-12-31,2025-06-30,2022-11-30,2026-04-30,2019-12-31,2026-04-30,5,40
NB_1270,nonbankrupt,,HOLO,MicroCloud Hologram Inc. Ordinary Shares,Technology,Computer Software: Programming Data Processing,HOLO US Equity,,1993-06-18,2026-05-02,Technology,Semiconductors,2019-12-31,2025-12-31,2021-08-31,2026-04-30,2019-12-31,2026-04-30,7,57
NB_1272,nonbankrupt,,HON,Honeywell International Inc. Common Stock,Industrials,Aerospace,HON US Equity,,1993-06-18,2026-05-02,Industrials,Electrical Equipment,1993-12-31,2025-12-31,1993-06-30,2026-04-30,1993-06-30,2026-04-30,33,395
NB_1273,nonbankrupt,,HONA,Honeywell Aerospace Inc. Common Stock,Industrials,Aerospace,HONA US Equity,,1993-06-18,2026-05-02,Industrials,Aerospace & Defense,2024-12-31,2025-12-31,,,2023-12-31,2025-12-31,2,0
NB_1274,nonbankrupt,,HOS,Hornbeck Offshore Services Inc. Common Stock,Energy,Oilfield Services/Equipment,HOS US Equity,,1993-06-18,2026-05-02,Energy,Oil & Gas Services & Equip,1995-12-31,2025-12-31,1997-06-30,2026-04-30,1994-12-30,2026-04-30,31,347
NB_1275,nonbankrupt,,HOUR,Hour Loop Inc. Common Stock,Consumer Discretionary,Catalog/Specialty Distribution,HOUR US Equity,,1993-06-18,2026-05-02,Consumer Discretionary,E-Commerce Discretionary,2019-12-31,2025-12-31,2022-01-31,2026-04-30,2019-12-31,2026-04-30,7,52
NB_1276,nonbankrupt,,HOV,Hovnanian Enterprises Inc. Class A Common Stock,Consumer Discretionary,Homebuilding,HOV US Equity,,1993-06-18,2026-05-02,Consumer Discretionary,Home Construction,1994-10-31,2025-10-31,1993-06-30,2026-04-30,1993-06-30,2026-04-30,31,395
NB_1278,nonbankrupt,,HOVR,New Horizon Aircraft Ltd. Class A Ordinary Share,Industrials,Aerospace,HOVR US Equity,,1993-06-18,2026-05-02,Industrials,Aerospace & Defense,2022-12-31,2025-05-31,2023-04-28,2026-04-30,2022-12-31,2026-04-30,4,37
NB_128,nonbankrupt,,ALNT,Allient Inc. Common Stock,Industrials,Electrical Products,ALNT US Equity,,1993-06-18,2026-05-02,Industrials,Electrical Equipment,1993-06-30,2025-12-31,1993-06-30,2026-04-30,1993-06-30,2026-04-30,33,395
NB_1280,nonbankrupt,,HOWL,Werewolf Therapeutics Inc. Common Stock,Health Care,Biotechnology: Pharmaceutical Preparations,HOWL US Equity,,1993-06-18,2026-05-02,Health Care,Biotech & Pharma,2019-12-31,2025-12-31,2021-04-30,2026-04-30,2019-12-31,2026-04-30,7,61
NB_1281,nonbankrupt,,HP,Helmerich & Payne Inc. Common Stock,Energy,Oil & Gas Production,HP US Equity,,1993-06-18,2026-05-02,Energy,Oil & Gas Services & Equip,1993-09-30,2025-09-30,1993-06-30,2026-04-30,1993-06-30,2026-04-30,33,395
NB_1282,nonbankrupt,,HPE,Hewlett Packard Enterprise Company Common Stock,Technology,Retail: Computer Software & Peripheral Equipment,HPE US Equity,,1993-06-18,2026-05-02,Technology,Technology Hardware,2010-10-31,2025-10-31,2015-10-30,2026-04-30,2010-10-31,2026-04-30,16,127
NB_1283,nonbankrupt,,HPK,HighPeak Energy Inc. Common Stock,Energy,Oil & Gas Production,HPK US Equity,,1993-06-18,2026-05-02,Energy,Oil & Gas Supply Chain,2020-12-31,2025-12-31,2018-05-31,2026-04-30,2018-05-31,2026-04-30,6,96
NB_1284,nonbankrupt,,HPQ,HP Inc. Common Stock,Technology,Computer Manufacturing,HPQ US Equity,,1993-06-18,2026-05-02,Technology,Technology Hardware,1993-10-31,2025-10-31,1993-06-30,2026-04-30,1993-06-30,2026-04-30,33,395
NB_1285,nonbankrupt,,HQI,HireQuest Inc. Common Stock (DE),Consumer Discretionary,Professional Services,HQI US Equity,,1993-06-18,2026-05-02,Industrials,Commercial Support Services,2008-12-26,2025-12-31,2002-06-28,2026-04-30,2002-06-28,2026-04-30,18,277
NB_1286,nonbankrupt,,HQY,HealthEquity Inc. Common Stock,Consumer Discretionary,Business Services,HQY US Equity,,1993-06-18,2026-05-02,Health Care,Health Care Facilities & Svcs,2013-01-31,2026-01-31,2014-07-31,2026-04-30,2013-01-31,2026-04-30,14,142
NB_1287,nonbankrupt,,HRB,H&R Block Inc. Common Stock,Consumer Discretionary,Other Consumer Services,HRB US Equity,,1993-06-18,2026-05-02,Industrials,Commercial Support Services,1994-04-30,2025-06-30,1993-06-30,2026-04-30,1993-06-30,2026-04-30,32,395
NB_1288,nonbankrupt,,HRI,Herc Holdings Inc. Common Stock,Industrials,Misc Corporate Leasing Services,HRI US Equity,,1993-06-18,2026-05-02,Industrials,Industrial Support Services,2014-12-31,2025-12-31,2016-06-30,2026-04-30,2013-12-31,2026-04-30,12,119
NB_1289,nonbankrupt,,HRL,Hormel Foods Corporation Common Stock,Consumer Staples,Meat/Poultry/Fish,HRL US Equity,,1993-06-18,2026-05-02,Consumer Staples,Food,1993-10-30,2025-10-26,1993-06-30,2026-04-30,1993-06-30,2026-04-30,33,395
NB_129,nonbankrupt,,ALNY,Alnylam Pharmaceuticals Inc. Common Stock,Health Care,Biotechnology: Pharmaceutical Preparations,ALNY US Equity,,1993-06-18,2026-05-02,Health Care,Biotech & Pharma,2003-12-31,2025-12-31,2004-05-31,2026-04-30,2003-12-31,2026-04-30,23,264
NB_1290,nonbankrupt,,HRMY,Harmony Biosciences Holdings Inc. Common Stock,Health Care,Biotechnology: Pharmaceutical Preparations,HRMY US Equity,,1993-06-18,2026-05-02,Health Care,Biotech & Pharma,2018-12-31,2025-12-31,2020-08-31,2026-04-30,2018-12-31,2026-04-30,8,69
NB_1291,nonbankrupt,,HROW,Harrow Inc. Common Stock,Health Care,Biotechnology: Pharmaceutical Preparations,HROW US Equity,,1993-06-18,2026-05-02,Health Care,Biotech & Pharma,2010-12-31,2025-12-31,2007-04-30,2026-04-30,2007-04-30,2026-04-30,16,225
NB_1292,nonbankrupt,,HRTX,Heron Therapeutics Inc. Common Stock,Health Care,Biotechnology: Pharmaceutical Preparations,HRTX US Equity,,1993-06-18,2026-05-02,Health Care,Biotech & Pharma,1993-12-31,2025-12-31,1993-06-30,2026-04-30,1993-06-30,2026-04-30,33,395
NB_1293,nonbankrupt,,HSCS,HeartSciences Inc. Common Stock,Health Care,Industrial Specialties,HSCS US Equity,,1993-06-18,2026-05-02,Health Care,Medical Equipment & Devices,2020-04-30,2026-04-30,2022-06-30,2026-04-30,2020-04-30,2026-04-30,7,47
NB_1295,nonbankrupt,,HSDT,Solana Company Class A Common Stock (DE),Health Care,Biotechnology: Electromedical & Electrotherapeutic Apparatus,HSDT US Equity,,1993-06-18,2026-05-02,Financials,Asset Management,2014-03-31,2025-12-31,2014-06-30,2026-04-30,2014-03-31,2026-04-30,12,143
NB_1296,nonbankrupt,,HSIC,Henry Schein Inc. Common Stock,Health Care,Medical Specialities,HSIC US Equity,,1993-06-18,2026-05-02,Health Care,Health Care Facilities & Svcs,1994-12-31,2025-12-27,1995-11-30,2026-04-30,1994-12-31,2026-04-30,32,366
NB_1297,nonbankrupt,,HSTM,HealthStream Inc. Common Stock,Technology,Computer Software: Programming Data Processing,HSTM US Equity,,1993-06-18,2026-05-02,Communications,Internet Media & Services,1998-12-31,2025-12-31,2000-04-28,2026-04-30,1997-12-31,2026-04-30,27,313
NB_1298,nonbankrupt,,HSY,The Hershey Company Common Stock,Consumer Staples,Specialty Foods,HSY US Equity,,1993-06-18,2026-05-02,Consumer Staples,Food,1993-12-31,2025-12-31,1993-06-30,2026-04-30,1993-06-30,2026-04-30,33,395
NB_1299,nonbankrupt,,HTFL,Heartflow Inc. Common Stock,Health Care,Medical/Dental Instruments,HTFL US Equity,,1993-06-18,2026-05-02,Technology,Software,2023-12-31,2025-12-31,2025-08-29,2026-04-30,2023-12-31,2026-04-30,3,9
NB_13,nonbankrupt,,ABNB,Airbnb Inc. Class A Common Stock,Consumer Discretionary,Diversified Commercial Services,ABNB US Equity,,1993-06-18,2026-05-02,Communications,Internet Media & Services,2018-12-31,2025-12-31,2020-12-31,2026-04-30,2017-12-31,2026-04-30,8,65
NB_130,nonbankrupt,,ALOY,REalloys Inc. Common Stock,Basic Materials,Metal Mining,ALOY US Equity,,1993-06-18,2026-05-02,Materials,Metals & Mining,2020-12-31,2021-12-31,2015-07-31,2026-04-30,2015-07-31,2026-04-30,2,103
NB_1300,nonbankrupt,,HTLD,Heartland Express Inc. Common Stock,Industrials,Trucking Freight/Courier Services,HTLD US Equity,,1993-06-18,2026-05-02,Industrials,Transportation & Logistics,1993-12-31,2025-12-31,1993-06-30,2026-04-30,1993-06-30,2026-04-30,33,395
NB_1301,nonbankrupt,,HTO,H2O America Common Stock,Utilities,Water Supply,HTO US Equity,,1993-06-18,2026-05-02,Utilities,Gas & Water Utilities,1993-12-31,2025-12-31,1993-06-30,2026-04-30,1993-06-30,2026-04-30,33,395
NB_1302,nonbankrupt,,HTZ,Hertz Global Holdings Inc Common Stock,Consumer Discretionary,Rental/Leasing Companies,HTZ US Equity,,1993-06-18,2026-05-02,Consumer Discretionary,Retail - Discretionary,2004-12-31,2025-12-31,2021-07-30,2026-04-30,2004-12-31,2026-04-30,22,58
NB_1304,nonbankrupt,,HUBB,Hubbell Inc Common Stock,Technology,Electrical Products,HUBB US Equity,,1993-06-18,2026-05-02,Industrials,Electrical Equipment,1993-12-31,2025-12-31,1993-06-30,2026-04-30,1993-06-30,2026-04-30,33,395
NB_1305,nonbankrupt,,HUBG,Hub Group Inc. Class A Common Stock,Industrials,Integrated Freight & Logistics,HUBG US Equity,,1993-06-18,2026-05-02,Industrials,Transportation & Logistics,1995-12-31,2024-12-31,1996-03-29,2026-04-30,1995-12-31,2026-04-30,30,362
NB_1306,nonbankrupt,,HUBS,HubSpot Inc. Common Stock,Technology,Computer Software: Prepackaged Software,HUBS US Equity,,1993-06-18,2026-05-02,Technology,Software,2012-12-31,2025-12-31,2014-10-31,2026-04-30,2009-12-31,2026-04-30,14,139
NB_1307,nonbankrupt,,HUCK,Huckleberry.ai Inc. Class B Common Stock,Technology,Computer Software: Prepackaged Software,HUCK US Equity,,1993-06-18,2026-05-02,Technology,Software,2017-01-31,2026-01-31,2018-06-29,2026-04-30,2017-01-31,2026-04-30,10,95
NB_1308,nonbankrupt,,HUM,Humana Inc. Common Stock,Health Care,Medical Specialities,HUM US Equity,,1993-06-18,2026-05-02,Health Care,Health Care Facilities & Svcs,1993-12-31,2025-12-31,1993-06-30,2026-04-30,1993-06-30,2026-04-30,33,395
NB_1309,nonbankrupt,,HUMA,Humacyte Inc. Common Stock,Health Care,Biotechnology: Biological Products (No Diagnostic Substances),HUMA US Equity,,1993-06-18,2026-05-02,Health Care,Biotech & Pharma,2020-12-31,2025-12-31,2020-12-31,2026-04-30,2020-09-30,2026-04-30,6,65
NB_131,nonbankrupt,,ALRM,Alarm.com Holdings Inc. Common Stock,Technology,Computer Software: Prepackaged Software,ALRM US Equity,,1993-06-18,2026-05-02,Industrials,Commercial Support Services,2013-12-31,2025-12-31,2015-06-30,2026-04-30,2010-12-31,2026-04-30,13,131
NB_1310,nonbankrupt,,HUN,Huntsman Corporation Common Stock,Industrials,Major Chemicals,HUN US Equity,,1993-06-18,2026-05-02,Materials,Chemicals,2003-12-31,2025-12-31,2005-02-28,2026-04-30,2003-12-31,2026-04-30,22,255
NB_1311,nonbankrupt,,HURA,TuHURA Biosciences Inc. Common Stock,Health Care,Biotechnology: Pharmaceutical Preparations,HURA US Equity,,1993-06-18,2026-05-02,Health Care,Biotech & Pharma,2013-12-31,2025-12-31,2013-02-28,2026-04-30,2011-05-31,2026-04-30,10,159
NB_1312,nonbankrupt,,HURC,Hurco Companies Inc. Common Stock,Industrials,Industrial Machinery/Components,HURC US Equity,,1993-06-18,2026-05-02,Industrials,Machinery,1993-10-31,2025-10-31,1993-06-30,2026-04-30,1993-06-30,2026-04-30,33,395
NB_1313,nonbankrupt,,HURN,Huron Consulting Group Inc. Common Stock,Consumer Discretionary,Professional Services,HURN US Equity,,1993-06-18,2026-05-02,Industrials,Commercial Support Services,2003-12-31,2025-12-31,2004-10-29,2026-04-30,2003-12-31,2026-04-30,23,259
NB_1314,nonbankrupt,,HUYA,HUYA Inc. American depositary shares each representing one Class A ordinary share,Technology,Computer Software: Programming Data Processing,HUYA US Equity,,1993-06-18,2026-05-02,Communications,Entertainment Content,2016-12-31,2025-12-31,2018-05-31,2026-04-30,2016-12-31,2026-04-30,10,96
NB_1315,nonbankrupt,,HVT,Haverty Furniture Companies Inc. Common Stock,Consumer Discretionary,Other Specialty Stores,HVT US Equity,,1993-06-18,2026-05-02,Consumer Discretionary,Retail - Discretionary,1993-12-31,2025-12-31,1993-06-30,2026-04-30,1993-06-30,2026-04-30,33,395
NB_1316,nonbankrupt,,HWKN,Hawkins Inc. Common Stock,Consumer Discretionary,Specialty Chemicals,HWKN US Equity,,1993-06-18,2026-05-02,Materials,Chemicals,1993-10-03,2026-03-29,1993-06-30,2026-04-30,1993-06-30,2026-04-30,34,395
NB_1317,nonbankrupt,,HWM,Howmet Aerospace Inc. Common Stock,Industrials,Metal Fabrications,HWM US Equity,,1993-06-18,2026-05-02,Industrials,Aerospace & Defense,2014-12-31,2025-12-31,2016-11-30,2026-04-30,2013-12-31,2026-04-30,12,114
NB_1318,nonbankrupt,,HXL,Hexcel Corporation Common Stock,Industrials,Major Chemicals,HXL US Equity,,1993-06-18,2026-05-02,Industrials,Aerospace & Defense,1993-12-31,2025-12-31,1993-06-30,2026-04-30,1993-06-30,2026-04-30,33,395
NB_1319,nonbankrupt,,HY,Hyster-Yale Inc. Class A common stock,Industrials,Construction/Ag Equipment/Trucks,HY US Equity,,1993-06-18,2026-05-02,Industrials,Machinery,2010-12-31,2025-12-31,2012-09-28,2026-04-30,2009-02-27,2026-04-30,16,164
NB_132,nonbankrupt,,ALSN,Allison Transmission Holdings Inc. Common Stock,Consumer Discretionary,Auto Parts:O.E.M.,ALSN US Equity,,1993-06-18,2026-05-02,Industrials,Transportation Equipment,2009-12-31,2025-12-31,2012-03-30,2026-04-30,2008-12-31,2026-04-30,17,170
NB_1320,nonbankrupt,,HYFM,Hydrofarm Holdings Group Inc. Common Stock,Consumer Discretionary,Consumer Specialties,HYFM US Equity,,1993-06-18,2026-05-02,Industrials,Machinery,2018-12-31,2025-12-31,2020-12-31,2026-04-30,2018-12-31,2026-04-30,8,65
NB_1321,nonbankrupt,,HYLN,Hyliion Holdings Corp. Class A Common Stock,Consumer Discretionary,Construction/Ag Equipment/Trucks,HYLN US Equity,,1993-06-18,2026-05-02,Industrials,Transportation Equipment,2018-12-31,2025-12-31,2019-04-30,2026-04-30,2018-12-31,2026-04-30,8,85
NB_1322,nonbankrupt,,HYMC,Hycroft Mining Holding Corporation Class A Common Stock,Basic Materials,Precious Metals,HYMC US Equity,,1993-06-18,2026-05-02,Materials,Metals & Mining,2017-12-31,2025-12-31,2018-03-30,2026-04-30,2017-12-31,2026-04-30,9,98
NB_1323,nonbankrupt,,HYPD,Hyperion DeFi Inc. Common Stock,Health Care,Biotechnology: Pharmaceutical Preparations,HYPD US Equity,,1993-06-18,2026-05-02,Health Care,Biotech & Pharma,2015-12-31,2025-12-31,2018-01-31,2026-04-30,2015-12-31,2026-04-30,11,100
NB_1324,nonbankrupt,,HYPR,Hyperfine Inc. Class A Common Stock,Health Care,Biotechnology: Electromedical & Electrotherapeutic Apparatus,HYPR US Equity,,1993-06-18,2026-05-02,Health Care,Medical Equipment & Devices,2021-12-31,2025-12-31,2021-01-29,2026-04-30,2021-01-29,2026-04-30,5,64
NB_1325,nonbankrupt,,HZO,MarineMax Inc. (FL) Common Stock,Consumer Discretionary,Auto & Home Supply Stores,HZO US Equity,,1993-06-18,2026-05-02,Consumer Discretionary,Retail - Discretionary,1997-09-30,2025-09-30,1998-06-30,2026-04-30,1997-09-30,2026-04-30,29,335
NB_1326,nonbankrupt,,IA,Innovative Solutions and Support Inc. Common Stock,Technology,EDP Services,IA US Equity,,1993-06-18,2026-05-02,Industrials,Aerospace & Defense,1998-09-30,2025-09-30,2000-08-31,2026-04-30,1997-09-30,2026-04-30,28,309
NB_1327,nonbankrupt,,IART,Integra LifeSciences Holdings Corporation Common Stock,Health Care,Medical/Dental Instruments,IART US Equity,,1993-06-18,2026-05-02,Health Care,Medical Equipment & Devices,1993-12-31,2025-12-31,1995-08-31,2026-04-30,1993-12-31,2026-04-30,33,369
NB_1328,nonbankrupt,,IBIO,iBio Inc. Common Stock,Health Care,Biotechnology: Pharmaceutical Preparations,IBIO US Equity,,1993-06-18,2026-05-02,Health Care,Biotech & Pharma,2010-06-30,2025-06-30,2008-08-29,2026-04-30,2008-08-29,2026-04-30,16,213
NB_1329,nonbankrupt,,IBM,International Business Machines Corporation Common Stock,Technology,Computer Manufacturing,IBM US Equity,,1993-06-18,2026-05-02,Technology,IT Services,1993-12-31,2025-12-31,1993-06-30,2026-04-30,1993-06-30,2026-04-30,33,395
NB_133,nonbankrupt,,ALT,Altimmune Inc. Common Stock,Health Care,Biotechnology: Pharmaceutical Preparations,ALT US Equity,,1993-06-18,2026-05-02,Health Care,Biotech & Pharma,2007-12-31,2025-12-31,2005-10-31,2026-04-30,2005-10-31,2026-04-30,19,247
NB_1330,nonbankrupt,,IBP,Installed Building Products Inc. Common Stock,Consumer Discretionary,Homebuilding,IBP US Equity,,1993-06-18,2026-05-02,Industrials,Engineering & Construction,2011-12-31,2025-12-31,2014-02-28,2026-04-30,2011-12-31,2026-04-30,15,147
NB_1331,nonbankrupt,,IBRX,ImmunityBio Inc. Common Stock,Health Care,Biotechnology: Biological Products (No Diagnostic Substances),IBRX US Equity,,1993-06-18,2026-05-02,Health Care,Biotech & Pharma,2013-12-31,2025-12-31,2015-07-31,2026-04-30,2013-12-31,2026-04-30,13,130
NB_1332,nonbankrupt,,IBTA,Ibotta Inc. Class A Common Stock,Consumer Discretionary,Advertising,IBTA US Equity,,1993-06-18,2026-05-02,Technology,Software,2022-12-31,2025-12-31,2024-04-30,2026-04-30,2022-12-31,2026-04-30,4,25
NB_1333,nonbankrupt,,ICCC,ImmuCell Corporation Common Stock,Health Care,Biotechnology: In Vitro & In Vivo Diagnostic Substances,ICCC US Equity,,1993-06-18,2026-05-02,Health Care,Biotech & Pharma,1993-12-31,2025-12-31,1993-06-30,2026-04-30,1993-06-30,2026-04-30,33,395
NB_1334,nonbankrupt,,ICFI,ICF International Inc. Common Stock,Consumer Discretionary,Professional Services,ICFI US Equity,,1993-06-18,2026-05-02,Technology,IT Services,2004-12-31,2025-12-31,2006-09-29,2026-04-30,2004-12-31,2026-04-30,22,236
NB_1335,nonbankrupt,,ICHR,Ichor Holdings Ordinary Shares,Technology,Semiconductors,ICHR US Equity,,1993-06-18,2026-05-02,Industrials,Machinery,2014-12-26,2025-12-26,2016-12-30,2026-04-30,2014-12-26,2026-04-30,12,113
NB_1336,nonbankrupt,,ICU,SeaStar Medical Holding Corporation Common Stock,Health Care,Medical/Dental Instruments,ICU US Equity,,1993-06-18,2026-05-02,Health Care,Medical Equipment & Devices,2021-12-31,2025-12-31,2021-03-31,2026-04-30,2021-01-29,2026-04-30,5,62
NB_1338,nonbankrupt,,ICUI,ICU Medical Inc. Common Stock,Health Care,Medical/Dental Instruments,ICUI US Equity,,1993-06-18,2026-05-02,Health Care,Medical Equipment & Devices,1993-12-31,2025-12-31,1993-06-30,2026-04-30,1993-06-30,2026-04-30,33,395
NB_1339,nonbankrupt,,IDA,IDACORP Inc. Common Stock,Utilities,Electric Utilities: Central,IDA US Equity,,1993-06-18,2026-05-02,Utilities,Electric Utilities,1993-12-31,2025-12-31,1993-06-30,2026-04-30,1993-06-30,2026-04-30,33,395
NB_134,nonbankrupt,,ALTG,Alta Equipment Group Inc. Class A Common Stock,Industrials,Industrial Machinery/Components,ALTG US Equity,,1993-06-18,2026-05-02,Industrials,Industrial Support Services,2017-12-31,2025-12-31,2019-04-30,2026-04-30,2017-12-31,2026-04-30,9,85
NB_1340,nonbankrupt,,IDAI,T Stamp Inc. Class A Common Stock,Technology,Computer Software: Prepackaged Software,IDAI US Equity,,1993-06-18,2026-05-02,Technology,Software,2021-12-31,2025-12-31,2021-02-26,2026-04-30,2021-02-26,2026-04-30,5,63
NB_1341,nonbankrupt,,IDN,Intellicheck Inc. Common Stock,Technology,Computer Software: Prepackaged Software,IDN US Equity,,1993-06-18,2026-05-02,Technology,Semiconductors,1998-12-31,2025-12-31,1999-11-30,2026-04-30,1997-12-31,2026-04-30,26,318
NB_1342,nonbankrupt,,IDR,Idaho Strategic Resources Inc. Common Stock,Basic Materials,Precious Metals,IDR US Equity,,1993-06-18,2026-05-02,Materials,Metals & Mining,2007-12-31,2025-12-31,1994-04-29,2026-04-30,1994-04-29,2026-04-30,18,376
NB_1343,nonbankrupt,,IDT,IDT Corporation Class B Common Stock,Telecommunications,Telecommunications Equipment,IDT US Equity,,1993-06-18,2026-05-02,Communications,Telecommunications,1994-07-31,2025-07-31,2001-05-31,2026-04-30,1994-07-31,2026-04-30,32,300
NB_1344,nonbankrupt,,IDXX,IDEXX Laboratories Inc. Common Stock,Health Care,Biotechnology: In Vitro & In Vivo Diagnostic Substances,IDXX US Equity,,1993-06-18,2026-05-02,Health Care,Medical Equipment & Devices,1993-12-31,2025-12-31,1993-06-30,2026-04-30,1993-06-30,2026-04-30,33,395
NB_1345,nonbankrupt,,IDYA,IDEAYA Biosciences Inc. Common Stock,Health Care,Biotechnology: Pharmaceutical Preparations,IDYA US Equity,,1993-06-18,2026-05-02,Health Care,Biotech & Pharma,2017-12-31,2025-12-31,2019-05-31,2026-04-30,2017-12-31,2026-04-30,9,84
NB_1346,nonbankrupt,,IEP,Icahn Enterprises L.P. Common Stock,Energy,Integrated oil Companies,IEP US Equity,,1993-06-18,2026-05-02,Financials,Asset Management,1995-12-31,2025-12-31,1993-06-30,2026-04-30,1993-06-30,2026-04-30,31,395
NB_1347,nonbankrupt,,IESC,IES Holdings Inc. Common Stock,Industrials,Engineering & Construction,IESC US Equity,,1993-06-18,2026-05-02,Industrials,Engineering & Construction,1998-09-30,2025-09-30,2006-05-31,2026-04-30,1998-09-30,2026-04-30,28,240
NB_1348,nonbankrupt,,IEX,IDEX Corporation Common Stock,Industrials,Fluid Controls,IEX US Equity,,1993-06-18,2026-05-02,Industrials,Machinery,1993-12-31,2025-12-31,1993-06-30,2026-04-30,1993-06-30,2026-04-30,33,395
NB_1349,nonbankrupt,,IFF,International Flavors & Fragrances Inc. Common Stock,Industrials,Major Chemicals,IFF US Equity,,1993-06-18,2026-05-02,Materials,Chemicals,1993-12-31,2025-12-31,1993-06-30,2026-04-30,1993-06-30,2026-04-30,32,395
NB_135,nonbankrupt,,ALTO,Alto Ingredients Inc. Common Stock,Industrials,Major Chemicals,ALTO US Equity,,1993-06-18,2026-05-02,Energy,Renewable Energy,1996-12-31,2025-12-31,1994-04-29,2026-04-30,1994-04-29,2026-04-30,30,379
NB_1350,nonbankrupt,,IGC,IGC Pharma Inc. Common Stock,Health Care,Biotechnology: Pharmaceutical Preparations,IGC US Equity,,1993-06-18,2026-05-02,Health Care,Biotech & Pharma,2007-03-31,2025-03-31,2006-04-28,2026-04-30,2006-04-28,2026-04-30,19,241
NB_1351,nonbankrupt,,IHRT,iHeartMedia Inc. Class A Common Stock,Consumer Discretionary,Broadcasting,IHRT US Equity,,1993-06-18,2026-05-02,Communications,Publishing & Broadcasting,2007-12-31,2025-12-31,2019-05-31,2026-04-30,2006-12-31,2026-04-30,19,84
NB_1352,nonbankrupt,,III,Information Services Group Inc. Common Stock,Consumer Discretionary,Professional Services,III US Equity,,1993-06-18,2026-05-02,Industrials,Commercial Support Services,2006-12-31,2025-12-31,2007-02-28,2026-04-30,2006-12-31,2026-04-30,20,231
NB_1353,nonbankrupt,,IIIN,Insteel Industries Inc. Common Stock,Industrials,Steel/Iron Ore,IIIN US Equity,,1993-06-18,2026-05-02,Industrials,Industrial Intermediate Prod,1993-09-30,2025-09-27,1993-06-30,2026-04-30,1993-06-30,2026-04-30,31,395
NB_1354,nonbankrupt,,IIIV,i3 Verticals Inc. Class A Common Stock,Technology,Computer Software: Prepackaged Software,IIIV US Equity,,1993-06-18,2026-05-02,Technology,Software,2016-09-30,2025-09-30,2018-06-29,2026-04-30,2016-09-30,2026-04-30,10,95
NB_1355,nonbankrupt,,IKT,Inhibikase Therapeutics Inc. Common Stock,Health Care,Biotechnology: Biological Products (No Diagnostic Substances),IKT US Equity,,1993-06-18,2026-05-02,Health Care,Biotech & Pharma,2016-12-31,2025-12-31,2020-12-31,2026-04-30,2016-12-31,2026-04-30,10,65
NB_1356,nonbankrupt,,ILMN,Illumina Inc. Common Stock,Health Care,Medical Specialities,ILMN US Equity,,1993-06-18,2026-05-02,Health Care,Medical Equipment & Devices,1999-12-31,2025-12-28,2000-07-31,2026-04-30,1999-12-31,2026-04-30,23,310
NB_1357,nonbankrupt,,IMA,ImageneBio Inc. Common Stock,Health Care,Biotechnology: Biological Products (No Diagnostic Substances),IMA US Equity,,1993-06-18,2026-05-02,Health Care,Biotech & Pharma,2019-12-31,2025-12-31,2021-03-31,2026-04-30,2019-12-31,2026-04-30,7,62
NB_1358,nonbankrupt,,IMDX,Insight Molecular Diagnostics Inc. Common Stock,Health Care,Biotechnology: In Vitro & In Vivo Diagnostic Substances,IMDX US Equity,,1993-06-18,2026-05-02,Health Care,Biotech & Pharma,2015-12-31,2025-12-31,2015-12-31,2026-04-30,2015-12-31,2026-04-30,11,125
NB_1359,nonbankrupt,,IMKTA,Ingles Markets Incorporated Class A Common Stock,Consumer Staples,Food Chains,IMKTA US Equity,,1993-06-18,2026-05-02,Consumer Staples,Retail - Consumer Staples,1993-09-25,2025-09-27,1993-06-30,2026-04-30,1993-06-30,2026-04-30,33,395
NB_136,nonbankrupt,,ALXO,ALX Oncology Holdings Inc. Common Stock,Health Care,Biotechnology: Pharmaceutical Preparations,ALXO US Equity,,1993-06-18,2026-05-02,Health Care,Biotech & Pharma,2018-12-31,2025-12-31,2020-07-31,2026-04-30,2018-12-31,2026-04-30,8,70
NB_1360,nonbankrupt,,IMMR,Immersion Corporation Common Stock,Technology,Computer peripheral equipment,IMMR US Equity,,1993-06-18,2026-05-02,Technology,Software,1997-12-31,2026-04-30,1999-11-30,2026-04-30,1996-08-30,2026-04-30,29,318
NB_1361,nonbankrupt,,IMMX,Immix Biopharma Inc. Common Stock,Health Care,Biotechnology: Pharmaceutical Preparations,IMMX US Equity,,1993-06-18,2026-05-02,Health Care,Biotech & Pharma,2019-12-31,2025-12-31,2021-12-31,2026-04-30,2019-12-31,2026-04-30,7,53
NB_1362,nonbankrupt,,IMNM,Immunome Inc. Common Stock,Health Care,Biotechnology: Pharmaceutical Preparations,IMNM US Equity,,1993-06-18,2026-05-02,Health Care,Biotech & Pharma,2018-12-31,2025-12-31,2020-10-30,2026-04-30,2018-12-31,2026-04-30,8,67
NB_1363,nonbankrupt,,IMNN,Imunon Inc. Common Stock,Health Care,Biotechnology: Pharmaceutical Preparations,IMNN US Equity,,1993-06-18,2026-05-02,Health Care,Biotech & Pharma,1994-09-30,2025-12-31,1994-04-29,2026-04-30,1994-04-29,2026-04-30,32,385
NB_1364,nonbankrupt,,IMRX,Immuneering Corporation Class A Common Stock,Health Care,Biotechnology: Pharmaceutical Preparations,IMRX US Equity,,1993-06-18,2026-05-02,Health Care,Biotech & Pharma,2019-12-31,2025-12-31,2021-07-30,2026-04-30,2019-12-31,2026-04-30,7,58
NB_1365,nonbankrupt,,IMSR,Terrestrial Energy Inc. Common Stock,Industrials,Metal Fabrications,IMSR US Equity,,1993-06-18,2026-05-02,Industrials,Electrical Equipment,2024-12-31,2025-12-31,2024-10-31,2026-04-30,2024-08-30,2026-04-30,2,19
NB_1367,nonbankrupt,,IMUX,Immunic Inc. Common Stock,Health Care,Biotechnology: Pharmaceutical Preparations,IMUX US Equity,,1993-06-18,2026-05-02,Health Care,Biotech & Pharma,2011-12-31,2025-12-31,2014-04-30,2026-04-30,2011-12-31,2026-04-30,15,145
NB_1368,nonbankrupt,,IMVT,Immunovant Inc. Common Stock,Health Care,Biotechnology: Biological Products (No Diagnostic Substances),IMVT US Equity,,1993-06-18,2026-05-02,Health Care,Biotech & Pharma,2018-12-31,2026-03-31,2019-06-28,2026-04-30,2018-12-31,2026-04-30,8,83
NB_1369,nonbankrupt,,IMXI,International Money Express Inc. Common Stock,Consumer Discretionary,Business Services,IMXI US Equity,,1993-06-18,2026-05-02,Financials,Specialty Finance,2015-12-31,2025-12-31,2017-03-31,2026-04-30,2015-12-31,2026-04-30,11,110
NB_137,nonbankrupt,,ALZN,Alzamend Neuro Inc. Common Stock,Health Care,Biotechnology: Pharmaceutical Preparations,ALZN US Equity,,1993-06-18,2026-05-02,Health Care,Biotech & Pharma,2019-04-30,2026-04-30,2021-06-30,2026-04-30,2019-04-30,2026-04-30,8,59
NB_1370,nonbankrupt,,INAB,IN8bio Inc. Common Stock,Health Care,Biotechnology: Biological Products (No Diagnostic Substances),INAB US Equity,,1993-06-18,2026-05-02,Health Care,Biotech & Pharma,2018-12-31,2025-12-31,2021-07-30,2026-04-30,2018-12-31,2026-04-30,7,58
NB_1371,nonbankrupt,,INBS,Intelligent Bio Solutions Inc. Common Stock,Health Care,Medical/Dental Instruments,INBS US Equity,,1993-06-18,2026-05-02,Health Care,Biotech & Pharma,2019-06-30,2025-06-30,2020-12-31,2026-04-30,2019-06-30,2026-04-30,7,65
NB_1372,nonbankrupt,,INBX,Inhibrx Biosciences Inc. Common Stock,Health Care,Biotechnology: Biological Products (No Diagnostic Substances),INBX US Equity,,1993-06-18,2026-05-02,Health Care,Biotech & Pharma,2022-12-31,2025-12-31,2024-05-31,2026-04-30,2022-12-31,2026-04-30,4,24
NB_1373,nonbankrupt,,INCY,Incyte Corp. Common Stock,Health Care,Biotechnology: Commercial Physical & Biological Resarch,INCY US Equity,,1993-06-18,2026-05-02,Health Care,Biotech & Pharma,1993-12-31,2025-12-31,1993-11-30,2026-04-30,1993-11-30,2026-04-30,33,390
NB_1374,nonbankrupt,,INDI,indie Semiconductor Inc. Class A Common Stock,Technology,Semiconductors,INDI US Equity,,1993-06-18,2026-05-02,Consumer Discretionary,Automotive,2019-12-31,2025-12-31,2019-10-31,2026-04-30,2019-10-31,2026-04-30,7,79
NB_1375,nonbankrupt,,INDP,Indaptus Therapeutics Inc. Common Stock,Health Care,Biotechnology: Pharmaceutical Preparations,INDP US Equity,,1993-06-18,2026-05-02,Health Care,Biotech & Pharma,2008-12-31,2025-12-31,2012-12-31,2026-04-30,2008-12-31,2026-04-30,18,131
NB_1376,nonbankrupt,,INFU,InfuSystems Holdings Inc. Common Stock,Health Care,Medical/Dental Instruments,INFU US Equity,,1993-06-18,2026-05-02,Health Care,Health Care Facilities & Svcs,2006-12-31,2025-12-31,2006-06-30,2026-04-30,2006-06-30,2026-04-30,20,239
NB_1377,nonbankrupt,,INGM,Ingram Micro Holding Corporation Common Stock,Technology,Retail: Computer Software & Peripheral Equipment,INGM US Equity,,1993-06-18,2026-05-02,Technology,Technology Hardware,2022-12-31,2025-12-27,2024-10-31,2026-04-30,2022-12-31,2026-04-30,4,19
NB_1378,nonbankrupt,,INGN,Inogen Inc Common Stock,Health Care,Industrial Specialties,INGN US Equity,,1993-06-18,2026-05-02,Health Care,Medical Equipment & Devices,2011-12-31,2025-12-31,2014-02-28,2026-04-30,2011-12-31,2026-04-30,15,147
NB_1379,nonbankrupt,,INGR,Ingredion Incorporated Common Stock,Consumer Staples,Packaged Foods,INGR US Equity,,1993-06-18,2026-05-02,Consumer Staples,Food,1996-12-31,2025-12-31,1997-12-31,2026-04-30,1996-12-31,2026-04-30,30,341
NB_138,nonbankrupt,,AM,Antero Midstream Corporation Common Stock,Utilities,Natural Gas Distribution,AM US Equity,,1993-06-18,2026-05-02,Energy,Oil & Gas Supply Chain,2015-12-31,2025-12-31,2017-05-31,2026-04-30,2015-12-31,2026-04-30,11,108
NB_1380,nonbankrupt,,INHD,Inno Holdings Inc. Common Stock,Industrials,Steel/Iron Ore,INHD US Equity,,1993-06-18,2026-05-02,Materials,Steel,2021-09-30,2025-09-30,2023-12-29,2026-04-30,2021-09-30,2026-04-30,5,29
NB_1381,nonbankrupt,,INKT,MiNK Therapeutics Inc. Common Stock,Health Care,Biotechnology: Biological Products (No Diagnostic Substances),INKT US Equity,,1993-06-18,2026-05-02,Health Care,Biotech & Pharma,2019-12-31,2025-12-31,2021-10-29,2026-04-30,2019-12-31,2026-04-30,7,55
NB_1382,nonbankrupt,,INMB,INmune Bio Inc. Common stock,Health Care,Biotechnology: Biological Products (No Diagnostic Substances),INMB US Equity,,1993-06-18,2026-05-02,Health Care,Biotech & Pharma,2016-12-31,2025-12-31,2019-02-28,2026-04-30,2016-12-31,2026-04-30,10,87
NB_1383,nonbankrupt,,INNV,InnovAge Holding Corp. Common Stock,Health Care,Medical/Nursing Services,INNV US Equity,,1993-06-18,2026-05-02,Health Care,Health Care Facilities & Svcs,2019-06-30,2025-06-30,2021-03-31,2026-04-30,2019-06-30,2026-04-30,7,62
NB_1384,nonbankrupt,,INO,Inovio Pharmaceuticals Inc. Common Stock,Health Care,Biotechnology: Pharmaceutical Preparations,INO US Equity,,1993-06-18,2026-05-02,Health Care,Biotech & Pharma,1999-03-31,2025-12-31,1998-12-31,2026-04-30,1998-12-31,2026-04-30,23,329
NB_1385,nonbankrupt,,INOD,Innodata Inc. Common Stock,Technology,EDP Services,INOD US Equity,,1993-06-18,2026-05-02,Industrials,Commercial Support Services,1993-12-31,2025-12-31,1993-08-31,2026-04-30,1993-08-31,2026-04-30,29,393
NB_1386,nonbankrupt,,INR,Infinity Natural Resources Inc. Class A Common Stock,Energy,Oil & Gas Production,INR US Equity,,1993-06-18,2026-05-02,Energy,Oil & Gas Supply Chain,2022-12-31,2025-12-31,2025-01-31,2026-04-30,2022-12-31,2026-04-30,4,16
NB_1387,nonbankrupt,,INSE,Inspired Entertainment Inc. Common Stock,Technology,Computer Software: Prepackaged Software,INSE US Equity,,1993-06-18,2026-05-02,Consumer Discretionary,Leisure Facilities & Services,2014-12-31,2025-12-31,2014-12-31,2026-04-30,2014-12-31,2026-04-30,11,137
NB_1388,nonbankrupt,,INSG,Inseego Corp. Common Stock,Telecommunications,Telecommunications Equipment,INSG US Equity,,1993-06-18,2026-05-02,Technology,Technology Hardware,1998-12-31,2025-12-31,2000-11-30,2026-04-30,1998-12-31,2026-04-30,28,306
NB_1389,nonbankrupt,,INSM,Insmed Incorporated Common Stock,Health Care,Biotechnology: Pharmaceutical Preparations,INSM US Equity,,1993-06-18,2026-05-02,Health Care,Biotech & Pharma,2000-12-31,2025-12-31,2000-06-30,2026-04-30,2000-06-30,2026-04-30,26,311
NB_139,nonbankrupt,,AMAT,Applied Materials Inc. Common Stock,Technology,Semiconductors,AMAT US Equity,,1993-06-18,2026-05-02,Technology,Semiconductors,1993-10-31,2025-10-26,1993-06-30,2026-04-30,1993-06-30,2026-04-30,33,395
NB_1390,nonbankrupt,,INSP,Inspire Medical Systems Inc. Common Stock,Health Care,Medical/Dental Instruments,INSP US Equity,,1993-06-18,2026-05-02,Health Care,Medical Equipment & Devices,2016-12-31,2025-12-31,2018-05-31,2026-04-30,2015-12-31,2026-04-30,10,96
NB_1391,nonbankrupt,,INSW,International Seaways Inc. Common Stock,Consumer Discretionary,Marine Transportation,INSW US Equity,,1993-06-18,2026-05-02,Industrials,Transportation & Logistics,2014-12-31,2025-12-31,2016-11-30,2026-04-30,2013-12-31,2026-04-30,12,114
NB_1392,nonbankrupt,,INTA,Intapp Inc. Common Stock,Technology,Computer Software: Prepackaged Software,INTA US Equity,,1993-06-18,2026-05-02,Technology,Software,2019-06-30,2025-06-30,2021-06-30,2026-04-30,2019-06-30,2026-04-30,7,59
NB_1393,nonbankrupt,,INTC,Intel Corporation Common Stock,Technology,Semiconductors,INTC US Equity,,1993-06-18,2026-05-02,Technology,Semiconductors,1993-12-31,2025-12-27,1993-06-30,2026-04-30,1993-06-30,2026-04-30,33,395
NB_1394,nonbankrupt,,INTS,Intensity Therapeutics Inc. Common stock,Health Care,Biotechnology: Biological Products (No Diagnostic Substances),INTS US Equity,,1993-06-18,2026-05-02,Health Care,Biotech & Pharma,2019-12-31,2025-12-31,2023-06-30,2026-04-30,2019-12-31,2026-04-30,5,35
NB_1395,nonbankrupt,,INTT,inTest Corporation Common Stock,Industrials,Electrical Products,INTT US Equity,,1993-06-18,2026-05-02,Technology,Semiconductors,1995-12-31,2025-12-31,1997-06-30,2026-04-30,1995-12-31,2026-04-30,31,347
NB_1396,nonbankrupt,,INTU,Intuit Inc. Common Stock,Technology,Computer Software: Prepackaged Software,INTU US Equity,,1993-06-18,2026-05-02,Technology,Software,1993-09-30,2025-07-31,1993-06-30,2026-04-30,1993-06-30,2026-04-30,33,395
NB_1397,nonbankrupt,,INTZ,Intrusion Inc. Common Stock,Telecommunications,Computer Communications Equipment,INTZ US Equity,,1993-06-18,2026-05-02,Technology,Software,1993-12-31,2025-12-31,1993-06-30,2026-04-30,1993-06-30,2026-04-30,33,395
NB_1398,nonbankrupt,,INUV,Inuvo Inc.,Consumer Discretionary,Advertising,INUV US Equity,,1993-06-18,2026-05-02,Communications,Advertising & Marketing,2003-12-31,2025-12-31,1994-12-30,2026-04-30,1994-12-30,2026-04-30,23,362
NB_1399,nonbankrupt,,INVA,Innoviva Inc. Common Stock,Health Care,Biotechnology: Pharmaceutical Preparations,INVA US Equity,,1993-06-18,2026-05-02,Health Care,Biotech & Pharma,2002-12-31,2025-12-31,2004-10-29,2026-04-30,2001-12-31,2026-04-30,24,259
NB_14,nonbankrupt,,ABOS,Acumen Pharmaceuticals Inc. Common Stock,Health Care,Biotechnology: Biological Products (No Diagnostic Substances),ABOS US Equity,,1993-06-18,2026-05-02,Health Care,Biotech & Pharma,2019-12-31,2025-12-31,2021-06-30,2026-04-30,2019-12-31,2026-04-30,7,59
NB_140,nonbankrupt,,AMBA,Ambarella Inc. Ordinary Shares,Technology,Semiconductors,AMBA US Equity,,1993-06-18,2026-05-02,Technology,Semiconductors,2007-01-31,2026-01-31,2012-10-31,2026-04-30,2007-01-31,2026-04-30,20,163
NB_1400,nonbankrupt,,INVE,INVE Technologies Inc. Common Stock,Technology,Computer peripheral equipment,INVE US Equity,,1993-06-18,2026-05-02,Technology,Technology Hardware,1995-12-31,2025-12-31,1997-10-31,2026-04-30,1995-12-31,2026-04-30,29,343
NB_1401,nonbankrupt,,INVX,Innovex International Inc. Common Stock,Consumer Discretionary,Oil and Gas Field Machinery,INVX US Equity,,1993-06-18,2026-05-02,Energy,Oil & Gas Services & Equip,1995-12-31,2025-12-31,1997-10-31,2026-04-30,1995-12-31,2026-04-30,30,343
NB_1402,nonbankrupt,,IONQ,IonQ Inc. Common Stock,Technology,EDP Services,IONQ US Equity,,1993-06-18,2026-05-02,Technology,Software,2020-12-31,2025-12-31,2021-01-29,2026-04-30,2020-11-30,2026-04-30,6,64
NB_1403,nonbankrupt,,IONS,Ionis Pharmaceuticals Inc. Common Stock,Health Care,Biotechnology: Pharmaceutical Preparations,IONS US Equity,,1993-06-18,2026-05-02,Health Care,Biotech & Pharma,1993-12-31,2025-12-31,1993-06-30,2026-04-30,1993-06-30,2026-04-30,33,395
NB_1404,nonbankrupt,,IOSP,Innospec Inc. Common Stock,Industrials,Major Chemicals,IOSP US Equity,,1993-06-18,2026-05-02,Materials,Chemicals,1997-12-31,2025-12-31,1998-05-29,2026-04-30,1997-12-31,2026-04-30,27,336
NB_1405,nonbankrupt,,IOT,Samsara Inc. Class A Common Stock,Technology,EDP Services,IOT US Equity,,1993-06-18,2026-05-02,Technology,Software,2020-02-01,2026-01-31,2021-12-31,2026-04-30,2020-02-01,2026-04-30,7,53
NB_1406,nonbankrupt,,IOVA,Iovance Biotherapeutics Inc. Common Stock,Health Care,Biotechnology: Biological Products (No Diagnostic Substances),IOVA US Equity,,1993-06-18,2026-05-02,Health Care,Biotech & Pharma,2009-12-31,2025-12-31,2009-09-30,2026-04-30,2009-09-30,2026-04-30,16,191
NB_1407,nonbankrupt,,IP,International Paper Company Common Stock,Basic Materials,Paper,IP US Equity,,1993-06-18,2026-05-02,Materials,Containers & Packaging,1993-12-31,2025-12-31,1993-06-30,2026-04-30,1993-06-30,2026-04-30,33,395
NB_1408,nonbankrupt,,IPAR,Interparfums Inc. Common Stock,Consumer Discretionary,Package Goods/Cosmetics,IPAR US Equity,,1993-06-18,2026-05-02,Consumer Staples,Household Products,1993-12-31,2025-12-31,1993-06-30,2026-04-30,1993-06-30,2026-04-30,33,395
NB_1409,nonbankrupt,,IPDN,Professional Diversity Network Inc. Common Stock,Technology,Computer Software: Programming Data Processing,IPDN US Equity,,1993-06-18,2026-05-02,Communications,Internet Media & Services,2010-12-31,2025-12-31,2013-03-29,2026-04-30,2010-12-31,2026-04-30,16,152
NB_141,nonbankrupt,,AMBQ,Ambiq Micro Inc. Common Stock,Technology,Semiconductors,AMBQ US Equity,,1993-06-18,2026-05-02,Technology,Semiconductors,2023-12-31,2025-12-31,2025-07-31,2026-04-30,2023-12-31,2026-04-30,3,10
NB_1411,nonbankrupt,,IPGP,IPG Photonics Corporation Common Stock,Technology,Semiconductors,IPGP US Equity,,1993-06-18,2026-05-02,Technology,Semiconductors,2004-12-31,2025-12-31,2006-12-29,2026-04-30,2004-12-31,2026-04-30,22,233
NB_1412,nonbankrupt,,IPI,Intrepid Potash Inc Common Stock,Industrials,Mining & Quarrying of Nonmetallic Minerals (No Fuels),IPI US Equity,,1993-06-18,2026-05-02,Materials,Chemicals,2005-12-31,2025-12-31,2008-04-30,2026-04-30,2005-12-31,2026-04-30,21,217
NB_1413,nonbankrupt,,IPM,Intelligent Protection Management Corp. Common Stock,Technology,Computer Software: Programming Data Processing,IPM US Equity,,1993-06-18,2026-05-02,Communications,Internet Media & Services,2006-12-31,2025-12-31,2006-10-31,2026-04-30,2006-08-31,2026-04-30,20,233
NB_1414,nonbankrupt,,IPSC,Century Therapeutics Inc. Common Stock,Health Care,Biotechnology: Biological Products (No Diagnostic Substances),IPSC US Equity,,1993-06-18,2026-05-02,Health Care,Biotech & Pharma,2019-12-31,2025-12-31,2021-06-30,2026-04-30,2019-12-31,2026-04-30,7,59
NB_1415,nonbankrupt,,IPST,IP Strategy Holdings Inc. Common Stock,Consumer Staples,Beverages (Production/Distribution),IPST US Equity,,1993-06-18,2026-05-02,Consumer Staples,Beverages,2022-12-31,2025-12-31,2024-11-29,2026-04-30,2022-12-31,2026-04-30,4,18
NB_1416,nonbankrupt,,IPW,iPower Inc. Common Stock,Consumer Discretionary,RETAIL: Building Materials,IPW US Equity,,1993-06-18,2026-05-02,Consumer Discretionary,E-Commerce Discretionary,2019-06-30,2025-06-30,2021-05-31,2026-04-30,2019-06-30,2026-04-30,7,60
NB_1417,nonbankrupt,,IPWR,Ideal Power Inc. Common Stock,Technology,Semiconductors,IPWR US Equity,,1993-06-18,2026-05-02,Technology,Semiconductors,2011-12-31,2025-12-31,2013-11-29,2026-04-30,2011-12-31,2026-04-30,13,150
NB_1418,nonbankrupt,,IPX,IperionX Limited American Depositary Share,Basic Materials,Other Metals and Minerals,IPX US Equity,,1993-06-18,2026-05-02,Materials,Metals & Mining,2017-06-30,2025-06-30,2022-06-30,2026-04-30,2017-06-30,2026-04-30,9,47
NB_1419,nonbankrupt,,IQST,iQSTEL Inc. Common Stock,Telecommunications,Telecommunications Equipment,IQST US Equity,,1993-06-18,2026-05-02,Communications,Telecommunications,2012-06-30,2025-12-31,2015-06-30,2026-04-30,2012-06-30,2026-04-30,12,128
NB_142,nonbankrupt,,AMC,AMC Entertainment Holdings Inc. Class A Common Stock,Consumer Discretionary,Movies/Entertainment,AMC US Equity,,1993-06-18,2026-05-02,Consumer Discretionary,Leisure Facilities & Services,2006-03-30,2025-12-31,2013-12-31,2026-04-30,2006-03-30,2026-04-30,19,149
NB_1420,nonbankrupt,,IQV,IQVIA Holdings Inc. Common Stock,Health Care,Biotechnology: Commercial Physical & Biological Resarch,IQV US Equity,,1993-06-18,2026-05-02,Health Care,Health Care Facilities & Svcs,2011-12-31,2025-12-31,2013-05-31,2026-04-30,2008-12-31,2026-04-30,15,156
NB_1421,nonbankrupt,,IR,Ingersoll Rand Inc. Common Stock,Industrials,Industrial Machinery/Components,IR US Equity,,1993-06-18,2026-05-02,Industrials,Machinery,2015-12-31,2025-12-31,2017-05-31,2026-04-30,2015-12-31,2026-04-30,11,108
NB_1422,nonbankrupt,,IRD,Opus Genetics Inc. Common Stock,Health Care,Biotechnology: Pharmaceutical Preparations,IRD US Equity,,1993-06-18,2026-05-02,Health Care,Biotech & Pharma,2004-12-31,2025-12-31,2004-11-30,2026-04-30,2004-11-30,2026-04-30,22,257
NB_1423,nonbankrupt,,IRDM,Iridium Communications Inc Common Stock,Consumer Discretionary,Telecommunications Equipment,IRDM US Equity,,1993-06-18,2026-05-02,Communications,Telecommunications,2008-12-31,2025-12-31,2008-03-31,2026-04-30,2008-02-29,2026-04-30,18,218
NB_1424,nonbankrupt,,IRIX,IRIDEX Corporation Common Stock,Health Care,Biotechnology: Electromedical & Electrotherapeutic Apparatus,IRIX US Equity,,1993-06-18,2026-05-02,Health Care,Medical Equipment & Devices,1994-12-31,2026-01-03,1996-02-29,2026-04-30,1994-12-31,2026-04-30,23,363
NB_1425,nonbankrupt,,IRMD,iRadimed Corporation Common Stock,Health Care,Medical/Dental Instruments,IRMD US Equity,,1993-06-18,2026-05-02,Health Care,Medical Equipment & Devices,2012-12-31,2025-12-31,2014-07-31,2026-04-30,2012-12-31,2026-04-30,14,142
NB_1426,nonbankrupt,,IRON,Disc Medicine Inc. Common Stock,Health Care,Biotechnology: Pharmaceutical Preparations,IRON US Equity,,1993-06-18,2026-05-02,Health Care,Biotech & Pharma,2020-12-31,2025-12-31,2020-08-31,2026-04-30,2020-08-31,2026-04-30,6,69
NB_1427,nonbankrupt,,IRTC,iRhythm Holdings Inc. Common Stock,Health Care,Medical/Dental Instruments,IRTC US Equity,,1993-06-18,2026-05-02,Health Care,Medical Equipment & Devices,2014-12-31,2025-12-31,2016-10-31,2026-04-30,2014-12-31,2026-04-30,12,115
NB_1428,nonbankrupt,,IRWD,Ironwood Pharmaceuticals Inc. Class A Common Stock,Health Care,Biotechnology: Pharmaceutical Preparations,IRWD US Equity,,1993-06-18,2026-05-02,Health Care,Biotech & Pharma,2007-12-31,2025-12-31,2010-02-26,2026-04-30,2007-12-31,2026-04-30,19,195
NB_1429,nonbankrupt,,ISPC,iSpecimen Inc. Common Stock,Health Care,Biotechnology: Commercial Physical & Biological Resarch,ISPC US Equity,,1993-06-18,2026-05-02,Health Care,Health Care Facilities & Svcs,2018-12-31,2025-12-31,2021-06-30,2026-04-30,2018-12-31,2026-04-30,8,59
NB_143,nonbankrupt,,AMCI,AMC Robotics Corporation Common Stock,Consumer Discretionary,Home Furnishings,AMCI US Equity,,1993-06-18,2026-05-02,Industrials,Electrical Equipment,2022-12-31,2025-12-31,2023-01-31,2026-04-30,2022-12-31,2026-04-30,4,40
NB_1430,nonbankrupt,,ISPR,Ispire Technology Inc. Common Stock,Health Care,Medicinal Chemicals and Botanical Products,ISPR US Equity,,1993-06-18,2026-05-02,Consumer Staples,Tobacco & Cannabis,2021-06-30,2025-06-30,2023-04-28,2026-04-30,2021-06-30,2026-04-30,5,37
NB_1431,nonbankrupt,,ISRG,Intuitive Surgical Inc. Common Stock,Health Care,Industrial Specialties,ISRG US Equity,,1993-06-18,2026-05-02,Health Care,Medical Equipment & Devices,1998-12-31,2025-12-31,2000-06-30,2026-04-30,1997-12-31,2026-04-30,28,311
NB_1432,nonbankrupt,,IT,Gartner Inc. Common Stock,Consumer Discretionary,Other Consumer Services,IT US Equity,,1993-06-18,2026-05-02,Technology,IT Services,1993-09-30,2025-12-31,1993-10-29,2026-04-30,1993-09-30,2026-04-30,33,391
NB_1434,nonbankrupt,,ITGR,Integer Holdings Corporation Common Stock,Health Care,Biotechnology: Electromedical & Electrotherapeutic Apparatus,ITGR US Equity,,1993-06-18,2026-05-02,Health Care,Medical Equipment & Devices,1999-01-01,2025-12-31,2000-09-29,2026-04-30,1999-01-01,2026-04-30,24,308
NB_1435,nonbankrupt,,ITRI,Itron Inc. Common Stock,Industrials,Electrical Products,ITRI US Equity,,1993-06-18,2026-05-02,Industrials,Electrical Equipment,1993-12-31,2025-12-31,1993-11-30,2026-04-30,1993-11-30,2026-04-30,33,390
NB_1436,nonbankrupt,,ITT,ITT Inc. Common Stock,Industrials,Fluid Controls,ITT US Equity,,1993-06-18,2026-05-02,Industrials,Diversified Industrials,1993-12-31,2025-12-31,1993-06-30,2026-04-30,1993-06-30,2026-04-30,33,395
NB_1437,nonbankrupt,,ITW,Illinois Tool Works Inc. Common Stock,Industrials,Industrial Machinery/Components,ITW US Equity,,1993-06-18,2026-05-02,Industrials,Diversified Industrials,1993-12-31,2025-12-31,1993-06-30,2026-04-30,1993-06-30,2026-04-30,33,395
NB_1438,nonbankrupt,,IVDA,Iveda Solutions Inc. Common Stock,Technology,Computer Software: Prepackaged Software,IVDA US Equity,,1993-06-18,2026-05-02,Technology,Technology Hardware,2013-12-31,2025-12-31,2009-01-30,2026-04-30,2009-01-30,2026-04-30,8,197
NB_144,nonbankrupt,,AMCX,AMC Global Media Inc. Class A Common Stock,Telecommunications,Cable & Other Pay Television Services,AMCX US Equity,,1993-06-18,2026-05-02,Communications,Entertainment Content,2009-12-31,2025-12-31,2011-06-30,2026-04-30,2006-12-31,2026-04-30,17,179
NB_1440,nonbankrupt,,IVF,INVO Fertility Inc. Common Stock,Health Care,Medical/Dental Instruments,IVF US Equity,,1993-06-18,2026-05-02,Health Care,Health Care Facilities & Svcs,2007-12-31,2023-12-31,2008-11-28,2026-04-30,2007-12-31,2026-04-30,10,210
NB_1441,nonbankrupt,,IVVD,Invivyd Inc. Common Stock,Health Care,Biotechnology: Biological Products (No Diagnostic Substances),IVVD US Equity,,1993-06-18,2026-05-02,Health Care,Biotech & Pharma,2020-12-31,2025-12-31,2021-08-31,2026-04-30,2020-12-31,2026-04-30,6,57
NB_1442,nonbankrupt,,IZEA,IZEA Worldwide Inc. Common Stock,Consumer Discretionary,Advertising,IZEA US Equity,,1993-06-18,2026-05-02,Communications,Advertising & Marketing,2011-12-31,2025-12-31,2011-06-30,2026-04-30,2011-04-29,2026-04-30,14,179
NB_1443,nonbankrupt,,J,Jacobs Solutions Inc. Common Stock,Industrials,Military/Government/Technical,J US Equity,,1993-06-18,2026-05-02,Industrials,Engineering & Construction,1993-09-30,2025-09-26,1993-06-30,2026-04-30,1993-06-30,2026-04-30,33,395
NB_1444,nonbankrupt,,JACK,Jack In The Box Inc. Common Stock,Consumer Discretionary,Restaurants,JACK US Equity,,1993-06-18,2026-05-02,Consumer Discretionary,Leisure Facilities & Services,1993-10-03,2025-09-28,1993-06-30,2026-04-30,1993-06-30,2026-04-30,33,395
NB_1445,nonbankrupt,,JAGX,Jaguar Health Inc. Common Stock,Health Care,Biotechnology: Pharmaceutical Preparations,JAGX US Equity,,1993-06-18,2026-05-02,Health Care,Biotech & Pharma,2013-12-31,2025-12-31,2015-05-29,2026-04-30,2013-12-31,2026-04-30,13,132
NB_1446,nonbankrupt,,JAKK,JAKKS Pacific Inc. Common Stock,Consumer Discretionary,Recreational Games/Products/Toys,JAKK US Equity,,1993-06-18,2026-05-02,Consumer Discretionary,Leisure Products,1996-12-31,2025-12-31,1996-05-31,2026-04-30,1996-05-31,2026-04-30,29,360
NB_1447,nonbankrupt,,JANX,Janux Therapeutics Inc. Common Stock,Health Care,Biotechnology: Pharmaceutical Preparations,JANX US Equity,,1993-06-18,2026-05-02,Health Care,Biotech & Pharma,2019-12-31,2025-12-31,2021-06-30,2026-04-30,2019-12-31,2026-04-30,7,59
NB_1448,nonbankrupt,,JBHT,J.B. Hunt Transport Services Inc. Common Stock,Industrials,Trucking Freight/Courier Services,JBHT US Equity,,1993-06-18,2026-05-02,Industrials,Transportation & Logistics,1993-12-31,2025-12-31,1993-06-30,2026-04-30,1993-06-30,2026-04-30,33,395
NB_1449,nonbankrupt,,JBI,Janus International Group Inc. Common Stock,Industrials,Building Products,JBI US Equity,,1993-06-18,2026-05-02,Industrials,Industrial Intermediate Prod,2018-12-31,2026-01-03,2019-12-31,2026-04-30,2018-12-31,2026-04-30,8,77
NB_145,nonbankrupt,,AMD,Advanced Micro Devices Inc. Common Stock,Technology,Semiconductors,AMD US Equity,,1993-06-18,2026-05-02,Technology,Semiconductors,1993-12-26,2025-12-27,1993-06-30,2026-04-30,1993-06-30,2026-04-30,33,395
NB_1450,nonbankrupt,,JBIO,Jade Biosciences Inc. Common Stock,Health Care,Biotechnology: Pharmaceutical Preparations,JBIO US Equity,,1993-06-18,2026-05-02,Health Care,Biotech & Pharma,2019-12-31,2025-12-31,2021-06-30,2026-04-30,2019-12-31,2026-04-30,7,59
NB_1451,nonbankrupt,,JBL,Jabil Inc. Common Stock,Technology,Electrical Products,JBL US Equity,,1993-06-18,2026-05-02,Technology,Technology Hardware,1993-08-31,2025-08-31,1993-06-30,2026-04-30,1993-06-30,2026-04-30,33,395
NB_1452,nonbankrupt,,JBLU,JetBlue Airways Corporation Common Stock,Consumer Discretionary,Air Freight/Delivery Services,JBLU US Equity,,1993-06-18,2026-05-02,Industrials,Transportation & Logistics,2000-12-31,2025-12-31,2002-04-30,2026-04-30,1999-12-31,2026-04-30,25,289
NB_1453,nonbankrupt,,JBSS,John B. Sanfilippo & Son Inc. Common Stock,Consumer Staples,Specialty Foods,JBSS US Equity,,1993-06-18,2026-05-02,Consumer Staples,Food,1993-12-31,2025-06-26,1993-06-30,2026-04-30,1993-06-30,2026-04-30,32,395
NB_1454,nonbankrupt,,JBTM,JBT Marel Corporation Common Stock,Industrials,Industrial Machinery/Components,JBTM US Equity,,1993-06-18,2026-05-02,Industrials,Machinery,2007-12-31,2025-12-31,2008-07-31,2026-04-30,2007-12-31,2026-04-30,19,214
NB_1455,nonbankrupt,,JCTC,Jewett-Cameron Trading Company Common Shares,Consumer Discretionary,RETAIL: Building Materials,JCTC US Equity,,1993-06-18,2026-05-02,Consumer Discretionary,Retail - Discretionary,1996-08-31,2025-08-31,1996-02-29,2026-04-30,1996-02-29,2026-04-30,28,362
NB_1456,nonbankrupt,,JELD,JELD-WEN Holding Inc. Common Stock,Basic Materials,Forest Products,JELD US Equity,,1993-06-18,2026-05-02,Consumer Discretionary,Home Construction,2014-12-31,2025-12-31,2017-01-31,2026-04-30,2011-12-31,2026-04-30,12,112
NB_1457,nonbankrupt,,JILL,J. Jill Inc. Common Stock,Consumer Discretionary,Apparel,JILL US Equity,,1993-06-18,2026-05-02,Consumer Discretionary,Retail - Discretionary,2015-01-31,2026-01-31,2017-03-31,2026-04-30,2014-01-31,2026-04-30,12,110
NB_1458,nonbankrupt,,JJSF,J & J Snack Foods Corp. Common Stock,Consumer Staples,Specialty Foods,JJSF US Equity,,1993-06-18,2026-05-02,Consumer Staples,Food,1993-09-25,2025-09-27,1993-06-30,2026-04-30,1993-06-30,2026-04-30,33,395
NB_1459,nonbankrupt,,JKHY,Jack Henry & Associates Inc. Common Stock,Technology,EDP Services,JKHY US Equity,,1993-06-18,2026-05-02,Financials,Specialty Finance,1993-06-30,2025-06-30,1993-06-30,2026-04-30,1993-06-30,2026-04-30,33,395
NB_146,nonbankrupt,,AME,AMETEK Inc.,Industrials,Industrial Machinery/Components,AME US Equity,,1993-06-18,2026-05-02,Industrials,Electrical Equipment,1993-12-31,2025-12-31,1997-08-29,2026-04-30,1993-12-31,2026-04-30,33,345
NB_1460,nonbankrupt,,JNJ,Johnson & Johnson Common Stock,Health Care,Biotechnology: Pharmaceutical Preparations,JNJ US Equity,,1993-06-18,2026-05-02,Health Care,Biotech & Pharma,1994-01-02,2025-12-28,1993-06-30,2026-04-30,1993-06-30,2026-04-30,26,395
NB_1461,nonbankrupt,,JOB,GEE Group Inc. Common Stock,Consumer Discretionary,Diversified Commercial Services,JOB US Equity,,1993-06-18,2026-05-02,Industrials,Commercial Support Services,1993-09-30,2025-09-30,1993-06-30,2026-04-30,1993-06-30,2026-04-30,33,395
NB_1462,nonbankrupt,,JOBY,Joby Aviation Inc. Common Stock,Industrials,Aerospace,JOBY US Equity,,1993-06-18,2026-05-02,Industrials,Aerospace & Defense,2020-12-31,2025-12-31,2020-11-30,2026-04-30,2020-11-30,2026-04-30,6,66
NB_1463,nonbankrupt,,JOUT,Johnson Outdoors Inc. Class A Common Stock,Consumer Discretionary,Recreational Games/Products/Toys,JOUT US Equity,,1993-06-18,2026-05-02,Consumer Discretionary,Leisure Products,1993-10-01,2025-10-03,1993-06-30,2026-04-30,1993-06-30,2026-04-30,31,395
NB_1464,nonbankrupt,,JRSH,Jerash Holdings (US) Inc. Common Stock,Consumer Discretionary,Apparel,JRSH US Equity,,1993-06-18,2026-05-02,Consumer Discretionary,Apparel & Textile Products,2016-03-31,2026-03-31,2018-05-31,2026-04-30,2016-03-31,2026-04-30,11,96
NB_1465,nonbankrupt,,JSPR,Jasper Therapeutics Inc. Common Stock,Health Care,Biotechnology: Biological Products (No Diagnostic Substances),JSPR US Equity,,1993-06-18,2026-05-02,Health Care,Biotech & Pharma,2019-12-31,2025-12-31,2020-01-31,2026-04-30,2019-09-30,2026-04-30,7,76
NB_1466,nonbankrupt,,JTAI,Jet.AI Inc. Common Stock,Consumer Discretionary,Transportation Services,JTAI US Equity,,1993-06-18,2026-05-02,Industrials,Transportation & Logistics,2021-12-31,2024-12-31,2021-10-29,2026-04-30,2021-08-31,2026-04-30,4,55
NB_1467,nonbankrupt,,JUNS,Jupiter Neurosciences Inc. Common Stock,Health Care,Biotechnology: Pharmaceutical Preparations,JUNS US Equity,,1993-06-18,2026-05-02,Health Care,Biotech & Pharma,2019-12-31,2025-12-31,2024-12-31,2026-04-30,2019-12-31,2026-04-30,6,17
NB_1468,nonbankrupt,,JVA,Coffee Holding Co. Inc. Common Stock,Consumer Staples,Packaged Foods,JVA US Equity,,1993-06-18,2026-05-02,Consumer Staples,Beverages,2003-10-31,2025-10-31,2005-05-31,2026-04-30,2003-10-31,2026-04-30,23,252
NB_1469,nonbankrupt,,KAI,Kadant Inc Common Stock,Industrials,Industrial Machinery/Components,KAI US Equity,,1993-06-18,2026-05-02,Industrials,Machinery,1994-01-01,2026-01-03,1993-06-30,2026-04-30,1993-06-30,2026-04-30,27,395
NB_147,nonbankrupt,,AMGN,Amgen Inc. Common Stock,Health Care,Biotechnology: Biological Products (No Diagnostic Substances),AMGN US Equity,,1993-06-18,2026-05-02,Health Care,Biotech & Pharma,1993-12-31,2025-12-31,1993-06-30,2026-04-30,1993-06-30,2026-04-30,33,395
NB_1470,nonbankrupt,,KALA,KALA BIO Inc. Common Stock,Health Care,Biotechnology: Pharmaceutical Preparations,KALA US Equity,,1993-06-18,2026-05-02,Health Care,Biotech & Pharma,2015-12-31,2025-12-31,2017-07-31,2026-04-30,2015-12-31,2026-04-30,11,106
NB_1471,nonbankrupt,,KALU,Kaiser Aluminum Corporation Common Stock,Industrials,Metal Fabrications,KALU US Equity,,1993-06-18,2026-05-02,Materials,Metals & Mining,2006-12-31,2025-12-31,2006-06-30,2026-04-30,2006-06-30,2026-04-30,20,239
NB_1472,nonbankrupt,,KARD,Kardigan Inc. Common Stock,Health Care,Biotechnology: Pharmaceutical Preparations,KARD US Equity,,1993-06-18,2026-05-02,Health Care,Biotech & Pharma,2024-12-31,2025-12-31,,,2024-12-31,2025-12-31,2,0
NB_1473,nonbankrupt,,KBH,KB Home Common Stock,Consumer Discretionary,Homebuilding,KBH US Equity,,1993-06-18,2026-05-02,Consumer Discretionary,Home Construction,1993-11-30,2025-11-30,1993-06-30,2026-04-30,1993-06-30,2026-04-30,33,395
NB_1474,nonbankrupt,,KBR,KBR Inc. Common Stock,Industrials,Military/Government/Technical,KBR US Equity,,1993-06-18,2026-05-02,Technology,IT Services,2004-12-31,2026-01-02,2006-11-30,2026-04-30,2004-12-31,2026-04-30,22,234
NB_1475,nonbankrupt,,KD,Kyndryl Holdings Inc. Common Stock,Technology,EDP Services,KD US Equity,,1993-06-18,2026-05-02,Technology,IT Services,2019-12-31,2026-03-31,2021-10-29,2026-04-30,2018-12-31,2026-04-30,8,55
NB_1476,nonbankrupt,,KDK,Kodiak AI Inc. Common Stock,Technology,EDP Services,KDK US Equity,,1993-06-18,2026-05-02,Technology,Software,2021-12-31,2025-12-31,2023-06-30,2026-04-30,2021-12-31,2026-04-30,5,35
NB_1478,nonbankrupt,,KDP,Keurig Dr Pepper Inc. Common Stock,Consumer Staples,Beverages (Production/Distribution),KDP US Equity,,1993-06-18,2026-05-02,Consumer Staples,Beverages,2006-12-31,2025-12-31,2008-04-30,2026-04-30,2006-12-31,2026-04-30,20,217
NB_1479,nonbankrupt,,KE,Kimball Electronics Inc. Common Stock,Technology,Electrical Products,KE US Equity,,1993-06-18,2026-05-02,Industrials,Electrical Equipment,2006-09-30,2025-06-30,2014-11-28,2026-04-30,2006-09-30,2026-04-30,15,138
NB_148,nonbankrupt,,AMIX,Autonomix Medical Inc. Common Stock,Health Care,Medical/Dental Instruments,AMIX US Equity,,1993-06-18,2026-05-02,Health Care,Medical Equipment & Devices,2023-03-31,2026-03-31,2024-01-31,2026-04-30,2023-03-31,2026-04-30,4,28
NB_1480,nonbankrupt,,KELYA,Kelly Services Inc. Class A Common Stock,Consumer Discretionary,Professional Services,KELYA US Equity,,1993-06-18,2026-05-02,Industrials,Commercial Support Services,1994-01-02,2025-12-28,1993-06-30,2026-04-30,1993-06-30,2026-04-30,27,395
NB_1481,nonbankrupt,,KELYB,Kelly Services Inc. Class B Common Stock,Consumer Discretionary,Professional Services,KELYB US Equity,,1993-06-18,2026-05-02,Industrials,Commercial Support Services,1994-01-02,2025-12-28,1993-06-30,2026-04-30,1993-06-30,2026-04-30,27,358
NB_1482,nonbankrupt,,KEQU,Kewaunee Scientific Corporation Common Stock,Industrials,Medical Specialities,KEQU US Equity,,1993-06-18,2026-05-02,Consumer Discretionary,Home & Office Products,1994-04-30,2026-04-30,1993-06-30,2026-04-30,1993-06-30,2026-04-30,33,395
NB_1483,nonbankrupt,,KEX,Kirby Corporation Common Stock,Consumer Discretionary,Marine Transportation,KEX US Equity,,1993-06-18,2026-05-02,Industrials,Transportation & Logistics,1993-12-31,2025-12-31,1993-06-30,2026-04-30,1993-06-30,2026-04-30,33,395
NB_1484,nonbankrupt,,KEYS,Keysight Technologies Inc. Common Stock,Industrials,Industrial Machinery/Components,KEYS US Equity,,1993-06-18,2026-05-02,Industrials,Electrical Equipment,2012-10-31,2025-10-31,2014-10-31,2026-04-30,2011-10-31,2026-04-30,14,139
NB_1485,nonbankrupt,,KFRC,Kforce Inc. Common Stock,Consumer Discretionary,Professional Services,KFRC US Equity,,1993-06-18,2026-05-02,Industrials,Commercial Support Services,1993-12-31,2025-12-31,1995-08-31,2026-04-30,1993-12-31,2026-04-30,33,369
NB_1486,nonbankrupt,,KFY,Korn Ferry Common Stock,Consumer Discretionary,Diversified Commercial Services,KFY US Equity,,1993-06-18,2026-05-02,Industrials,Commercial Support Services,1997-04-30,2026-04-30,1999-02-26,2026-04-30,1997-04-30,2026-04-30,30,327
NB_1487,nonbankrupt,,KGEI,Kolibri Global Energy Inc. Common stock,Energy,Oil & Gas Production,KGEI US Equity,,1993-06-18,2026-05-02,Energy,Oil & Gas Supply Chain,2008-12-31,2025-12-31,2008-08-29,2026-04-30,2008-08-29,2026-04-30,18,213
NB_1488,nonbankrupt,,KGS,Kodiak Gas Services Inc. Common Stock,Utilities,Natural Gas Distribution,KGS US Equity,,1993-06-18,2026-05-02,Energy,Oil & Gas Services & Equip,2021-12-31,2025-12-31,2023-06-30,2026-04-30,2021-12-31,2026-04-30,5,35
NB_1489,nonbankrupt,,KHC,The Kraft Heinz Company Common Stock,Consumer Staples,Packaged Foods,KHC US Equity,,1993-06-18,2026-05-02,Consumer Staples,Food,2014-12-28,2025-12-27,2015-07-31,2026-04-30,2014-12-28,2026-04-30,11,130
NB_149,nonbankrupt,,AMKR,Amkor Technology Inc. Common Stock,Technology,Semiconductors,AMKR US Equity,,1993-06-18,2026-05-02,Technology,Semiconductors,1996-12-31,2025-12-31,1998-05-29,2026-04-30,1996-12-31,2026-04-30,30,336
NB_1490,nonbankrupt,,KIDS,OrthoPediatrics Corp. Common Stock,Health Care,Medical/Dental Instruments,KIDS US Equity,,1993-06-18,2026-05-02,Health Care,Medical Equipment & Devices,2014-12-31,2025-12-31,2017-10-31,2026-04-30,2014-12-31,2026-04-30,12,103
NB_1491,nonbankrupt,,KITT,Nauticus Robotics Inc. Common stock,Industrials,Industrial Machinery/Components,KITT US Equity,,1993-06-18,2026-05-02,Industrials,Machinery,2020-12-31,2025-12-31,2021-08-31,2026-04-30,2020-12-31,2026-04-30,6,57
NB_1493,nonbankrupt,,KLAC,KLA Corporation Common Stock,Technology,Electronic Components,KLAC US Equity,,1993-06-18,2026-05-02,Technology,Semiconductors,1993-06-30,2025-06-30,1993-06-30,2026-04-30,1993-06-30,2026-04-30,33,395
NB_1494,nonbankrupt,,KLC,KinderCare Learning Companies Inc. Common Stock,Consumer Discretionary,Other Consumer Services,KLC US Equity,,1993-06-18,2026-05-02,Consumer Discretionary,Consumer Services,2019-12-28,2026-01-03,2024-10-31,2026-04-30,2018-12-29,2026-04-30,6,19
NB_1495,nonbankrupt,,KLRA,Kailera Therapeutics Inc. Common Stock,Health Care,Biotechnology: Pharmaceutical Preparations,KLRA US Equity,,1993-06-18,2026-05-02,Health Care,Biotech & Pharma,2024-12-31,2025-12-31,2026-04-30,2026-04-30,2024-12-31,2026-04-30,2,1
NB_1496,nonbankrupt,,KLRS,Kalaris Therapeutics Inc. Common Stock,Health Care,Biotechnology: Biological Products (No Diagnostic Substances),KLRS US Equity,,1993-06-18,2026-05-02,Health Care,Biotech & Pharma,2018-12-31,2025-12-31,2020-07-31,2026-04-30,2018-12-31,2026-04-30,8,70
NB_1497,nonbankrupt,,KLTR,Kaltura Inc. Common Stock,Technology,Computer Software: Prepackaged Software,KLTR US Equity,,1993-06-18,2026-05-02,Technology,Software,2019-12-31,2025-12-31,2021-07-30,2026-04-30,2019-12-31,2026-04-30,7,58
NB_1498,nonbankrupt,,KLXE,KLX Energy Services Holdings Inc. Common Stock,Energy,Oilfield Services/Equipment,KLXE US Equity,,1993-06-18,2026-05-02,Energy,Oil & Gas Services & Equip,2017-01-31,2025-12-31,2018-08-31,2026-04-30,2016-01-31,2026-04-30,9,93
NB_1499,nonbankrupt,,KMB,Kimberly-Clark Corporation Common Stock,Consumer Discretionary,Containers/Packaging,KMB US Equity,,1993-06-18,2026-05-02,Consumer Staples,Household Products,1993-12-31,2025-12-31,1993-06-30,2026-04-30,1993-06-30,2026-04-30,33,395
NB_15,nonbankrupt,,ABSI,Absci Corporation Common Stock,Health Care,Biotechnology: Commercial Physical & Biological Resarch,ABSI US Equity,,1993-06-18,2026-05-02,Health Care,Biotech & Pharma,2019-12-31,2025-12-31,2021-07-30,2026-04-30,2019-12-31,2026-04-30,7,58
NB_150,nonbankrupt,,AMLX,Amylyx Pharmaceuticals Inc. Common Stock,Health Care,Biotechnology: Pharmaceutical Preparations,AMLX US Equity,,1993-06-18,2026-05-02,Health Care,Biotech & Pharma,2019-12-31,2025-12-31,2022-01-31,2026-04-30,2019-12-31,2026-04-30,7,52
NB_1500,nonbankrupt,,KMI,Kinder Morgan Inc. Common Stock,Utilities,Natural Gas Distribution,KMI US Equity,,1993-06-18,2026-05-02,Energy,Oil & Gas Supply Chain,2008-12-31,2025-12-31,2011-02-28,2026-04-30,2008-12-31,2026-04-30,18,183
NB_1501,nonbankrupt,,KMT,Kennametal Inc. Common Stock,Industrials,Industrial Machinery/Components,KMT US Equity,,1993-06-18,2026-05-02,Industrials,Machinery,1993-06-30,2025-06-30,1993-06-30,2026-04-30,1993-06-30,2026-04-30,33,395
NB_1502,nonbankrupt,,KMTS,Kestra Medical Technologies Ltd. Common Stock,Health Care,Medical/Dental Instruments,KMTS US Equity,,1993-06-18,2026-05-02,Health Care,Medical Equipment & Devices,2023-04-30,2026-04-30,2025-03-31,2026-04-30,2023-04-30,2026-04-30,4,14
NB_1503,nonbankrupt,,KMX,CarMax Inc,Consumer Discretionary,Retail-Auto Dealers and Gas Stations,KMX US Equity,,1993-06-18,2026-05-02,Consumer Discretionary,Retail - Discretionary,1997-02-28,2026-02-28,1997-02-28,2026-04-30,1997-02-28,2026-04-30,30,351
NB_1504,nonbankrupt,,KN,Knowles Corporation Common Stock,Consumer Staples,Consumer Electronics/Appliances,KN US Equity,,1993-06-18,2026-05-02,Technology,Technology Hardware,2011-12-31,2025-12-31,2014-02-28,2026-04-30,2010-12-01,2026-04-30,15,147
NB_1505,nonbankrupt,,KNF,Knife Riv Holding Co. Common Stock,Industrials,Mining & Quarrying of Nonmetallic Minerals (No Fuels),KNF US Equity,,1993-06-18,2026-05-02,Materials,Construction Materials,2021-12-31,2025-12-31,2023-05-31,2026-04-30,2020-12-31,2026-04-30,5,36
NB_1506,nonbankrupt,,KNSA,Kiniksa Pharmaceuticals International plc Class A Ordinary Shares,Health Care,Biotechnology: Pharmaceutical Preparations,KNSA US Equity,,1993-06-18,2026-05-02,Health Care,Biotech & Pharma,2016-12-31,2025-12-31,2018-05-31,2026-04-30,2016-12-31,2026-04-30,10,96
NB_1507,nonbankrupt,,KNTK,Kinetik Holdings Inc. Class A Common Stock,Utilities,Natural Gas Distribution,KNTK US Equity,,1993-06-18,2026-05-02,Energy,Oil & Gas Supply Chain,2016-12-31,2025-12-31,2017-05-31,2026-04-30,2016-12-31,2026-04-30,10,108
NB_1508,nonbankrupt,,KNX,Knight-Swift Transportation Holdings Inc.,Industrials,Trucking Freight/Courier Services,KNX US Equity,,1993-06-18,2026-05-02,Industrials,Transportation & Logistics,2008-12-31,2025-12-31,2010-12-31,2026-04-30,2008-12-31,2026-04-30,18,185
NB_1509,nonbankrupt,,KO,Coca-Cola Company (The) Common Stock,Consumer Staples,Beverages (Production/Distribution),KO US Equity,,1993-06-18,2026-05-02,Consumer Staples,Beverages,1993-12-31,2025-12-31,1993-06-30,2026-04-30,1993-06-30,2026-04-30,33,395
NB_151,nonbankrupt,,AMN,AMN Healthcare Services Inc,Consumer Discretionary,Professional Services,AMN US Equity,,1993-06-18,2026-05-02,Industrials,Commercial Support Services,1999-12-31,2025-12-31,2001-11-30,2026-04-30,1998-12-31,2026-04-30,27,294
NB_1510,nonbankrupt,,KOD,Kodiak Sciences Inc Common Stock,Health Care,Biotechnology: Biological Products (No Diagnostic Substances),KOD US Equity,,1993-06-18,2026-05-02,Health Care,Biotech & Pharma,2016-12-31,2025-12-31,2018-10-31,2026-04-30,2016-12-31,2026-04-30,10,91
NB_1511,nonbankrupt,,KODK,Eastman Kodak Company Common New,Consumer Discretionary,Industrial Machinery/Components,KODK US Equity,,1993-06-18,2026-05-02,Industrials,Machinery,1993-12-31,2025-12-31,2013-09-30,2026-04-30,1993-12-31,2026-04-30,33,152
NB_1512,nonbankrupt,,KOP,Koppers Holdings Inc. Common Stock,Basic Materials,Forest Products,KOP US Equity,,1993-06-18,2026-05-02,Materials,Chemicals,2003-12-31,2025-12-31,2006-01-31,2026-04-30,2003-12-31,2026-04-30,23,244
NB_1513,nonbankrupt,,KOPN,Kopin Corporation Common Stock,Technology,Semiconductors,KOPN US Equity,,1993-06-18,2026-05-02,Technology,Technology Hardware,1993-12-31,2025-12-27,1993-06-30,2026-04-30,1993-06-30,2026-04-30,33,395
NB_1514,nonbankrupt,,KOSS,Koss Corporation Common Stock,Consumer Staples,Consumer Electronics/Appliances,KOSS US Equity,,1993-06-18,2026-05-02,Technology,Technology Hardware,1993-06-30,2025-06-30,1993-06-30,2026-04-30,1993-06-30,2026-04-30,27,395
NB_1515,nonbankrupt,,KPLT,Katapult Holdings Inc. Common Stock,Consumer Discretionary,Diversified Commercial Services,KPLT US Equity,,1993-06-18,2026-05-02,Financials,Specialty Finance,2019-12-31,2025-12-31,2019-12-31,2026-04-30,2019-12-31,2026-04-30,7,77
NB_1516,nonbankrupt,,KPRX,Kiora Pharmaceuticals Inc. Common Stock,Health Care,Biotechnology: Pharmaceutical Preparations,KPRX US Equity,,1993-06-18,2026-05-02,Health Care,Biotech & Pharma,2012-12-31,2025-12-31,2015-02-27,2026-04-30,2012-12-31,2026-04-30,14,135
NB_1517,nonbankrupt,,KPTI,Karyopharm Therapeutics Inc. Common Stock,Health Care,Biotechnology: Pharmaceutical Preparations,KPTI US Equity,,1993-06-18,2026-05-02,Health Care,Biotech & Pharma,2011-12-31,2025-12-31,2013-11-29,2026-04-30,2011-12-31,2026-04-30,15,150
NB_1518,nonbankrupt,,KR,Kroger Company (The) Common Stock,Consumer Staples,Food Chains,KR US Equity,,1993-06-18,2026-05-02,Consumer Staples,Retail - Consumer Staples,1994-01-01,2026-01-31,1993-06-30,2026-04-30,1993-06-30,2026-04-30,32,395
NB_1519,nonbankrupt,,KRMD,KORU Medical Systems Inc. Common Stock (DE),Health Care,Medical/Dental Instruments,KRMD US Equity,,1993-06-18,2026-05-02,Health Care,Medical Equipment & Devices,1995-02-28,2025-12-31,1994-04-29,2026-04-30,1994-04-29,2026-04-30,31,385
NB_152,nonbankrupt,,AMPG,Amplitech Group Inc. Common Stock,Telecommunications,Telecommunications Equipment,AMPG US Equity,,1993-06-18,2026-05-02,Technology,Technology Hardware,2010-12-31,2025-12-31,2013-06-28,2026-04-30,2010-12-31,2026-04-30,13,155
NB_1520,nonbankrupt,,KRMN,Karman Holdings Inc. Common Stock,Industrials,Military/Government/Technical,KRMN US Equity,,1993-06-18,2026-05-02,Industrials,Aerospace & Defense,2022-12-31,2025-12-31,2025-02-28,2026-04-30,2022-12-31,2026-04-30,4,15
NB_1521,nonbankrupt,,KRO,Kronos Worldwide Inc Common Stock,Basic Materials,Major Chemicals,KRO US Equity,,1993-06-18,2026-05-02,Materials,Chemicals,2002-12-31,2025-12-31,2003-12-31,2026-04-30,2002-12-31,2026-04-30,24,269
NB_1522,nonbankrupt,,KROS,Keros Therapeutics Inc. Common Stock,Health Care,Biotechnology: Pharmaceutical Preparations,KROS US Equity,,1993-06-18,2026-05-02,Health Care,Biotech & Pharma,2019-12-31,2025-12-31,2020-04-30,2026-04-30,2019-12-31,2026-04-30,7,73
NB_1523,nonbankrupt,,KRP,Kimbell Royalty Partners Common Units Representing Limited Partner Interests,Energy,Oil & Gas Production,KRP US Equity,,1993-06-18,2026-05-02,Energy,Oil & Gas Supply Chain,2016-12-31,2025-12-31,2017-02-28,2026-04-30,2015-12-31,2026-04-30,10,111
NB_1524,nonbankrupt,,KRRO,Korro Bio Inc. Common Stock,Health Care,Biotechnology: Pharmaceutical Preparations,KRRO US Equity,,1993-06-18,2026-05-02,Health Care,Biotech & Pharma,2017-12-31,2025-12-31,2019-10-31,2026-04-30,2017-12-31,2026-04-30,9,79
NB_1525,nonbankrupt,,KRSA,Korsana Biosciences Inc. Common Stock,Health Care,Biotechnology: Pharmaceutical Preparations,KRSA US Equity,,1993-06-18,2026-05-02,Health Care,Biotech & Pharma,2018-12-31,2025-12-31,2019-03-29,2026-04-30,2018-12-31,2026-04-30,8,86
NB_1526,nonbankrupt,,KRT,Karat Packaging Inc. Common Stock,Industrials,Plastic Products,KRT US Equity,,1993-06-18,2026-05-02,Materials,Containers & Packaging,2017-12-31,2025-12-31,2021-04-30,2026-04-30,2017-12-31,2026-04-30,9,61
NB_1527,nonbankrupt,,KRUS,Kura Sushi USA Inc. Class A Common Stock,Consumer Discretionary,Restaurants,KRUS US Equity,,1993-06-18,2026-05-02,Consumer Discretionary,Leisure Facilities & Services,2017-08-31,2025-08-31,2019-07-31,2026-04-30,2017-08-31,2026-04-30,9,82
NB_1528,nonbankrupt,,KRYS,Krystal Biotech Inc. Common Stock,Health Care,Biotechnology: Biological Products (No Diagnostic Substances),KRYS US Equity,,1993-06-18,2026-05-02,Health Care,Biotech & Pharma,2016-12-31,2025-12-31,2017-09-29,2026-04-30,2016-12-31,2026-04-30,10,104
NB_1529,nonbankrupt,,KSCP,Knightscope Inc. Class A Common Stock,Telecommunications,Telecommunications Equipment,KSCP US Equity,,1993-06-18,2026-05-02,Industrials,Machinery,2020-12-31,2025-12-31,2022-01-31,2026-04-30,2020-12-31,2026-04-30,6,52
NB_153,nonbankrupt,,AMPGZ,Amplitech Group Inc. Series B Right,Telecommunications,Telecommunications Equipment,AMPGZ US Equity,,1993-06-18,2026-05-02,Technology,Technology Hardware,2010-12-31,2025-12-31,2026-02-27,2026-04-30,2010-12-31,2026-04-30,13,3
NB_1530,nonbankrupt,,KSS,Kohl's Corporation Common Stock,Consumer Discretionary,Department/Specialty Retail Stores,KSS US Equity,,1993-06-18,2026-05-02,Consumer Discretionary,Retail - Discretionary,1994-01-29,2026-01-31,1993-06-30,2026-04-30,1993-06-30,2026-04-30,33,395
NB_1531,nonbankrupt,,KTB,Kontoor Brands Inc. Common Stock,Industrials,Garments and Clothing,KTB US Equity,,1993-06-18,2026-05-02,Consumer Discretionary,Apparel & Textile Products,2018-12-31,2025-12-31,2019-05-31,2026-04-30,2018-12-31,2026-04-30,8,84
NB_1532,nonbankrupt,,KTCC,Key Tronic Corporation Common Stock,Technology,Electrical Products,KTCC US Equity,,1993-06-18,2026-05-02,Technology,Technology Hardware,1993-07-03,2025-06-28,1993-06-30,2026-04-30,1993-06-30,2026-04-30,33,395
NB_1533,nonbankrupt,,KTOS,Kratos Defense & Security Solutions Inc. Common Stock,Industrials,Military/Government/Technical,KTOS US Equity,,1993-06-18,2026-05-02,Industrials,Aerospace & Defense,1997-12-31,2025-12-28,1999-11-30,2026-04-30,1997-12-31,2026-04-30,29,318
NB_1534,nonbankrupt,,KTTA,Pasithea Therapeutics Corp. Common Stock,Health Care,Biotechnology: Pharmaceutical Preparations,KTTA US Equity,,1993-06-18,2026-05-02,Health Care,Biotech & Pharma,2020-12-31,2025-12-31,2021-09-30,2026-04-30,2020-12-31,2026-04-30,6,56
NB_1535,nonbankrupt,,KULR,KULR Technology Group Inc. Common Stock,Technology,Electrical Products,KULR US Equity,,1993-06-18,2026-05-02,Technology,Technology Hardware,2015-12-31,2025-12-31,2018-07-31,2026-04-30,2015-12-31,2026-04-30,11,94
NB_1536,nonbankrupt,,KURA,Kura Oncology Inc. Common Stock,Health Care,Biotechnology: Pharmaceutical Preparations,KURA US Equity,,1993-06-18,2026-05-02,Health Care,Biotech & Pharma,2014-12-31,2025-12-31,2015-09-30,2026-04-30,2014-12-31,2026-04-30,12,128
NB_1537,nonbankrupt,,KUST,Kustom Entertainment Inc. Common Stock,Technology,Radio And Television Broadcasting And Communications Equipment,KUST US Equity,,1993-06-18,2026-05-02,Consumer Discretionary,Leisure Facilities & Services,2006-12-31,2025-12-31,2005-02-28,2026-04-30,2005-02-28,2026-04-30,20,255
NB_1538,nonbankrupt,,KVHI,KVH Industries Inc. Common Stock,Consumer Discretionary,Telecommunications Equipment,KVHI US Equity,,1993-06-18,2026-05-02,Communications,Telecommunications,1994-12-31,2025-12-31,1996-04-30,2026-04-30,1994-12-31,2026-04-30,30,361
NB_1539,nonbankrupt,,KVUE,Kenvue Inc. Common Stock,Consumer Discretionary,Package Goods/Cosmetics,KVUE US Equity,,1993-06-18,2026-05-02,Consumer Staples,Household Products,2021-01-03,2025-12-28,2023-05-31,2026-04-30,2019-12-29,2026-04-30,5,36
NB_154,nonbankrupt,,AMPH,Amphastar Pharmaceuticals Inc. Common Stock,Health Care,Biotechnology: Pharmaceutical Preparations,AMPH US Equity,,1993-06-18,2026-05-02,Health Care,Biotech & Pharma,2012-12-31,2025-12-31,2014-06-30,2026-04-30,2009-12-31,2026-04-30,14,143
NB_1540,nonbankrupt,,KVYO,Klaviyo Inc. Series A Common Stock,Technology,Computer Software: Prepackaged Software,KVYO US Equity,,1993-06-18,2026-05-02,Technology,Software,2021-12-31,2025-12-31,2023-09-29,2026-04-30,2021-12-31,2026-04-30,5,32
NB_1541,nonbankrupt,,KWR,Quaker Houghton Common Stock,Industrials,Major Chemicals,KWR US Equity,,1993-06-18,2026-05-02,Materials,Chemicals,1993-12-31,2025-12-31,1993-06-30,2026-04-30,1993-06-30,2026-04-30,32,395
NB_1542,nonbankrupt,,KYMR,Kymera Therapeutics Inc. Common Stock,Health Care,Biotechnology: Biological Products (No Diagnostic Substances),KYMR US Equity,,1993-06-18,2026-05-02,Health Care,Biotech & Pharma,2018-12-31,2025-12-31,2020-08-31,2026-04-30,2018-12-31,2026-04-30,8,69
NB_1543,nonbankrupt,,KYNB,Kyntra Bio Inc. Common Stock,Health Care,Biotechnology: Pharmaceutical Preparations,KYNB US Equity,,1993-06-18,2026-05-02,Health Care,Biotech & Pharma,2012-12-31,2025-12-31,2014-11-28,2026-04-30,2012-12-31,2026-04-30,14,138
NB_1544,nonbankrupt,,KYTX,Kyverna Therapeutics Inc. Common Stock,Health Care,Biotechnology: Biological Products (No Diagnostic Substances),KYTX US Equity,,1993-06-18,2026-05-02,Health Care,Biotech & Pharma,2021-12-31,2025-12-31,2024-02-29,2026-04-30,2021-12-31,2026-04-30,5,27
NB_1545,nonbankrupt,,LAB,Standard BioTools Inc. Common Stock,Industrials,Biotechnology: Laboratory Analytical Instruments,LAB US Equity,,1993-06-18,2026-05-02,Health Care,Medical Equipment & Devices,2006-12-31,2025-12-31,2011-02-28,2026-04-30,2006-12-31,2026-04-30,20,183
NB_1546,nonbankrupt,,LABT,Lakewood-Amedex Biotherapeutics Inc. Common Stock,Health Care,Biotechnology: Pharmaceutical Preparations,LABT US Equity,,1993-06-18,2026-05-02,Health Care,Biotech & Pharma,2023-12-31,2024-12-31,2026-04-30,2026-04-30,2023-12-31,2026-04-30,2,1
NB_1547,nonbankrupt,,LAD,Lithia Motors Inc. Common Stock,Consumer Discretionary,Retail-Auto Dealers and Gas Stations,LAD US Equity,,1993-06-18,2026-05-02,Consumer Discretionary,Retail - Discretionary,1994-12-31,2025-12-31,1996-12-31,2026-04-30,1994-12-31,2026-04-30,32,353
NB_1548,nonbankrupt,,LAKE,Lakeland Industries Inc. Common Stock,Health Care,Industrial Specialties,LAKE US Equity,,1993-06-18,2026-05-02,Consumer Discretionary,Apparel & Textile Products,1994-01-31,2026-01-31,1993-06-30,2026-04-30,1993-06-30,2026-04-30,31,395
NB_1549,nonbankrupt,,LASR,nLIGHT Inc. Common Stock,Technology,Semiconductors,LASR US Equity,,1993-06-18,2026-05-02,Industrials,Electrical Equipment,2016-12-31,2025-12-31,2018-04-30,2026-04-30,2016-12-31,2026-04-30,10,97
NB_155,nonbankrupt,,AMPL,Amplitude Inc. Class A Common Stock,Technology,Computer Software: Prepackaged Software,AMPL US Equity,,1993-06-18,2026-05-02,Technology,Software,2019-12-31,2025-12-31,2021-09-30,2026-04-30,2019-12-31,2026-04-30,7,56
NB_1550,nonbankrupt,,LAW,CS Disco Inc. Common Stock,Technology,Computer Software: Prepackaged Software,LAW US Equity,,1993-06-18,2026-05-02,Technology,Software,2019-12-31,2025-12-31,2021-07-30,2026-04-30,2019-12-31,2026-04-30,7,58
NB_1551,nonbankrupt,,LBRT,Liberty Energy Inc. Class A common stock,Energy,Oilfield Services/Equipment,LBRT US Equity,,1993-06-18,2026-05-02,Energy,Oil & Gas Services & Equip,2015-12-31,2025-12-31,2018-01-31,2026-04-30,2015-12-31,2026-04-30,11,100
NB_1552,nonbankrupt,,LBRX,LB Pharmaceuticals Inc Common Stock,Health Care,Biotechnology: Pharmaceutical Preparations,LBRX US Equity,,1993-06-18,2026-05-02,Health Care,Biotech & Pharma,2023-12-31,2025-12-31,2025-09-30,2026-04-30,2023-12-31,2026-04-30,3,8
NB_1553,nonbankrupt,,LCID,Lucid Group Inc. Common Stock,Industrials,Auto Manufacturing,LCID US Equity,,1993-06-18,2026-05-02,Consumer Discretionary,Automotive,2020-12-31,2025-12-31,2020-09-30,2026-04-30,2019-12-31,2026-04-30,6,68
NB_1554,nonbankrupt,,LCII,LCI Industries,Consumer Discretionary,Auto Parts:O.E.M.,LCII US Equity,,1993-06-18,2026-05-02,Consumer Discretionary,Leisure Products,1993-12-31,2025-12-31,1993-06-30,2026-04-30,1993-06-30,2026-04-30,33,395
NB_1555,nonbankrupt,,LCTX,Lineage Cell Therapeutics Inc. Common Stock,Health Care,Biotechnology: Biological Products (No Diagnostic Substances),LCTX US Equity,,1993-06-18,2026-05-02,Health Care,Biotech & Pharma,1993-06-30,2025-12-31,1993-06-30,2026-04-30,1993-06-30,2026-04-30,33,395
NB_1556,nonbankrupt,,LCUT,Lifetime Brands Inc. Common Stock,Consumer Discretionary,Industrial Machinery/Components,LCUT US Equity,,1993-06-18,2026-05-02,Consumer Discretionary,Home & Office Products,1993-12-31,2025-12-31,1993-06-30,2026-04-30,1993-06-30,2026-04-30,33,395
NB_1557,nonbankrupt,,LDOS,Leidos Holdings Inc. Common Stock,Technology,EDP Services,LDOS US Equity,,1993-06-18,2026-05-02,Technology,IT Services,2005-01-31,2026-01-02,2006-10-31,2026-04-30,2005-01-31,2026-04-30,19,235
NB_1558,nonbankrupt,,LE,Lands' End Inc. Common Stock,Consumer Discretionary,Clothing/Shoe/Accessory Stores,LE US Equity,,1993-06-18,2026-05-02,Consumer Discretionary,E-Commerce Discretionary,2012-01-27,2026-01-30,2014-03-31,2026-04-30,2002-03-29,2026-04-30,15,146
NB_1559,nonbankrupt,,LEA,Lear Corporation Common Stock,Consumer Discretionary,Auto Parts:O.E.M.,LEA US Equity,,1993-06-18,2026-05-02,Consumer Discretionary,Automotive,2009-12-31,2025-12-31,2009-11-30,2026-04-30,2009-07-31,2026-04-30,17,198
NB_156,nonbankrupt,,AMPY,Amplify Energy Corp. Common Stock,Energy,Oil & Gas Production,AMPY US Equity,,1993-06-18,2026-05-02,Energy,Oil & Gas Supply Chain,2009-12-31,2025-12-31,2016-10-31,2026-04-30,2006-12-31,2026-04-30,17,115
NB_1560,nonbankrupt,,LECO,Lincoln Electric Holdings Inc. Common Shares,Industrials,Industrial Machinery/Components,LECO US Equity,,1993-06-18,2026-05-02,Industrials,Machinery,1993-12-31,2025-12-31,1994-04-29,2026-04-30,1993-12-31,2026-04-30,33,385
NB_1561,nonbankrupt,,LEE,Lee Enterprises Incorporated Common Stock,Consumer Discretionary,Newspapers/Magazines,LEE US Equity,,1993-06-18,2026-05-02,Communications,Publishing & Broadcasting,1993-09-30,2025-09-28,1993-06-30,2026-04-30,1993-06-30,2026-04-30,33,395
NB_1562,nonbankrupt,,LEGH,Legacy Housing Corporation Common Stock (TX),Consumer Discretionary,Homebuilding,LEGH US Equity,,1993-06-18,2026-05-02,Consumer Discretionary,Home Construction,2017-12-31,2025-12-31,2018-12-31,2026-04-30,2017-12-31,2026-04-30,9,89
NB_1563,nonbankrupt,,LEGN,Legend Biotech Corporation American Depositary Shares,Health Care,Biotechnology: Pharmaceutical Preparations,LEGN US Equity,,1993-06-18,2026-05-02,Health Care,Biotech & Pharma,2018-12-31,2025-12-31,2020-06-30,2026-04-30,2018-12-31,2026-04-30,8,71
NB_1564,nonbankrupt,,LEN,Lennar Corporation Class A Common Stock,Consumer Discretionary,Homebuilding,LEN US Equity,,1993-06-18,2026-05-02,Consumer Discretionary,Home Construction,1993-11-30,2025-11-30,1993-06-30,2026-04-30,1993-06-30,2026-04-30,33,395
NB_1565,nonbankrupt,,LENZ,LENZ Therapeutics Inc. Common Stock,Health Care,Biotechnology: Biological Products (No Diagnostic Substances),LENZ US Equity,,1993-06-18,2026-05-02,Health Care,Biotech & Pharma,2019-12-31,2025-12-31,2021-06-30,2026-04-30,2019-12-31,2026-04-30,7,59
NB_1566,nonbankrupt,,LESL,Leslie's Inc. Common Stock,Consumer Discretionary,Other Specialty Stores,LESL US Equity,,1993-06-18,2026-05-02,Consumer Discretionary,Retail - Discretionary,2018-09-29,2025-10-04,2020-10-30,2026-04-30,2018-09-29,2026-04-30,8,67
NB_1567,nonbankrupt,,LEU,Centrus Energy Corp. Class A Common Stock,Industrials,Mining & Quarrying of Nonmetallic Minerals (No Fuels),LEU US Equity,,1993-06-18,2026-05-02,Materials,Metals & Mining,1996-06-30,2025-12-31,1998-07-31,2026-04-30,1996-06-30,2026-04-30,30,334
NB_1568,nonbankrupt,,LEVI,Levi Strauss & Co Class A Common Stock,Consumer Discretionary,Apparel,LEVI US Equity,,1993-06-18,2026-05-02,Consumer Discretionary,Apparel & Textile Products,1999-11-26,2025-11-30,2019-03-29,2026-04-30,1999-11-26,2026-04-30,27,86
NB_1569,nonbankrupt,,LFCR,Lifecore Biomedical Inc. Common Stock,Health Care,Biotechnology: Pharmaceutical Preparations,LFCR US Equity,,1993-06-18,2026-05-02,Health Care,Health Care Facilities & Svcs,1994-10-31,2025-05-25,1996-02-29,2026-04-30,1994-10-31,2026-04-30,32,363
NB_157,nonbankrupt,,AMR,Alpha Metallurgical Resources Inc. Common Stock,Energy,Coal Mining,AMR US Equity,,1993-06-18,2026-05-02,Materials,Metals & Mining,2015-12-31,2025-12-31,2016-08-31,2026-04-30,2014-12-31,2026-04-30,11,117
NB_1570,nonbankrupt,,LFMD,LifeMD Inc. Common Stock,Health Care,Medical/Nursing Services,LFMD US Equity,,1993-06-18,2026-05-02,Health Care,Health Care Facilities & Svcs,2013-12-31,2025-12-31,1994-04-29,2026-04-30,1994-04-29,2026-04-30,13,385
NB_1572,nonbankrupt,,LFST,LifeStance Health Group Inc. Common Stock,Health Care,Medical/Nursing Services,LFST US Equity,,1993-06-18,2026-05-02,Health Care,Health Care Facilities & Svcs,2020-12-31,2025-12-31,2021-06-30,2026-04-30,2020-12-31,2026-04-30,6,59
NB_1573,nonbankrupt,,LFTO,Liftoff Mobile Inc. Common Stock,Technology,EDP Services,LFTO US Equity,,1993-06-18,2026-05-02,Technology,Software,2023-12-31,2025-12-31,,,2023-12-31,2025-12-31,3,0
NB_1574,nonbankrupt,,LFUS,Littelfuse Inc. Common Stock,Energy,Electrical Products,LFUS US Equity,,1993-06-18,2026-05-02,Industrials,Electrical Equipment,1993-12-31,2025-12-27,1993-06-30,2026-04-30,1993-06-30,2026-04-30,28,395
NB_1575,nonbankrupt,,LFVN,Lifevantage Corporation Common Stock (Delaware),Health Care,Biotechnology: Pharmaceutical Preparations,LFVN US Equity,,1993-06-18,2026-05-02,Consumer Staples,Food,1999-12-31,2025-06-30,1994-04-29,2026-04-30,1994-04-29,2026-04-30,26,326
NB_1576,nonbankrupt,,LGIH,LGI Homes Inc. Common Stock,Consumer Discretionary,Homebuilding,LGIH US Equity,,1993-06-18,2026-05-02,Consumer Discretionary,Home Construction,2012-12-31,2025-12-31,2013-11-29,2026-04-30,2012-12-31,2026-04-30,14,150
NB_1577,nonbankrupt,,LGL,LGL Group Inc. (The) Common Stock,Technology,Industrial Machinery/Components,LGL US Equity,,1993-06-18,2026-05-02,Industrials,Electrical Equipment,1993-12-31,2025-12-31,1993-06-30,2026-04-30,1993-06-30,2026-04-30,33,395
NB_1578,nonbankrupt,,LGN,Legence Corp. Class A Common stock,Consumer Discretionary,Engineering & Construction,LGN US Equity,,1993-06-18,2026-05-02,Industrials,Commercial Support Services,2024-12-31,2025-12-31,2025-09-30,2026-04-30,2024-12-31,2026-04-30,2,8
NB_1579,nonbankrupt,,LGND,Ligand Pharmaceuticals Incorporated Common Stock,Health Care,Biotechnology: Pharmaceutical Preparations,LGND US Equity,,1993-06-18,2026-05-02,Health Care,Biotech & Pharma,1993-12-31,2025-12-31,1993-06-30,2026-04-30,1993-06-30,2026-04-30,33,395
NB_158,nonbankrupt,,AMRC,Ameresco Inc. Class A Common Stock,Consumer Discretionary,Engineering & Construction,AMRC US Equity,,1993-06-18,2026-05-02,Energy,Renewable Energy,2008-12-31,2025-12-31,2010-07-30,2026-04-30,2008-12-31,2026-04-30,18,190
NB_1580,nonbankrupt,,LGVN,Longeveron Inc. Class A Common Stock,Health Care,Biotechnology: Pharmaceutical Preparations,LGVN US Equity,,1993-06-18,2026-05-02,Health Care,Biotech & Pharma,2018-12-31,2025-12-31,2021-02-26,2026-04-30,2018-12-31,2026-04-30,8,63
NB_1581,nonbankrupt,,LH,Labcorp Holdings Inc. Common Stock,Health Care,Medical Specialities,LH US Equity,,1993-06-18,2026-05-02,Health Care,Health Care Facilities & Svcs,1993-12-31,2025-12-31,1995-05-31,2026-04-30,1993-12-31,2026-04-30,32,372
NB_1582,nonbankrupt,,LHX,L3Harris Technologies Inc. Common Stock,Industrials,Industrial Machinery/Components,LHX US Equity,,1993-06-18,2026-05-02,Industrials,Aerospace & Defense,1993-06-30,2026-01-02,1993-06-30,2026-04-30,1993-06-30,2026-04-30,32,395
NB_1583,nonbankrupt,,LIDR,AEye Inc. Class A Common Stock,Consumer Discretionary,Auto Parts:O.E.M.,LIDR US Equity,,1993-06-18,2026-05-02,Consumer Discretionary,Automotive,2018-12-31,2025-12-31,2021-01-29,2026-04-30,2018-12-31,2026-04-30,8,64
NB_1584,nonbankrupt,,LIF,Life360 Inc. Common Stock,Technology,EDP Services,LIF US Equity,,1993-06-18,2026-05-02,Technology,Software,2017-12-31,2025-12-31,2024-06-28,2026-04-30,2016-12-31,2026-04-30,9,23
NB_1585,nonbankrupt,,LII,Lennox International Inc. Common Stock,Industrials,Industrial Machinery/Components,LII US Equity,,1993-06-18,2026-05-02,Industrials,Electrical Equipment,1997-12-31,2025-12-31,1999-07-30,2026-04-30,1997-12-31,2026-04-30,29,322
NB_1586,nonbankrupt,,LILA,Liberty Latin America Ltd. Class A Common Stock,Telecommunications,Cable & Other Pay Television Services,LILA US Equity,,1993-06-18,2026-05-02,Communications,Cable & Satellite,2015-12-31,2025-12-31,2018-01-31,2026-04-30,2014-12-31,2026-04-30,11,100
NB_1587,nonbankrupt,,LILAK,Liberty Latin America Ltd. Class C Common Stock,Telecommunications,Cable & Other Pay Television Services,LILAK US Equity,,1993-06-18,2026-05-02,Communications,Cable & Satellite,2015-12-31,2025-12-31,2018-01-31,2026-04-30,2014-12-31,2026-04-30,11,100
NB_1589,nonbankrupt,,LIME,Neutron Holdings Inc. Common Stock,Technology,Computer Software: Prepackaged Software,LIME US Equity,,1993-06-18,2026-05-02,Technology,Software,2024-12-31,2025-12-31,,,2023-12-31,2025-12-31,2,0
NB_159,nonbankrupt,,AMRX,Amneal Pharmaceuticals Inc. Class A Common Stock,Health Care,Biotechnology: Pharmaceutical Preparations,AMRX US Equity,,1993-06-18,2026-05-02,Health Care,Biotech & Pharma,2016-12-31,2025-12-31,1995-12-29,2026-04-30,1995-12-29,2026-04-30,10,358
NB_1590,nonbankrupt,,LIMN,Liminatus Pharma Inc. Class A Common Stock,Health Care,Biotechnology: Biological Products (No Diagnostic Substances),LIMN US Equity,,1993-06-18,2026-05-02,Health Care,Biotech & Pharma,2021-12-31,2025-12-31,2021-05-31,2026-04-30,2021-05-31,2026-04-30,4,60
NB_1591,nonbankrupt,,LIN,Linde plc Ordinary Shares,Basic Materials,Major Chemicals,LIN US Equity,,1993-06-18,2026-05-02,Materials,Chemicals,2017-12-31,2025-12-31,1993-06-30,2026-04-30,1993-06-30,2026-04-30,9,395
NB_1592,nonbankrupt,,LIND,Lindblad Expeditions Holdings Inc. Common Stock,Consumer Discretionary,Transportation Services,LIND US Equity,,1993-06-18,2026-05-02,Consumer Discretionary,Leisure Facilities & Services,2012-12-31,2025-12-31,2013-07-31,2026-04-30,2012-12-31,2026-04-30,13,154
NB_1593,nonbankrupt,,LINK,Interlink Electronics Inc. Common Stock,Technology,Computer peripheral equipment,LINK US Equity,,1993-06-18,2026-05-02,Technology,Technology Hardware,1993-12-31,2025-12-31,1993-06-30,2026-04-30,1993-06-30,2026-04-30,24,395
NB_1594,nonbankrupt,,LITE,Lumentum Holdings Inc. Common Stock,Telecommunications,Telecommunications Equipment,LITE US Equity,,1993-06-18,2026-05-02,Technology,Technology Hardware,2014-06-28,2025-06-28,2015-07-31,2026-04-30,2014-06-28,2026-04-30,12,130
NB_1595,nonbankrupt,,LITS,Lite Strategy Inc. Common Stock,Health Care,Biotechnology: Pharmaceutical Preparations,LITS US Equity,,1993-06-18,2026-05-02,Health Care,Biotech & Pharma,2002-06-30,2025-06-30,2003-12-31,2026-04-30,2002-06-30,2026-04-30,24,269
NB_1596,nonbankrupt,,LIVE,Live Ventures Incorporated Common Stock,Consumer Discretionary,Other Specialty Stores,LIVE US Equity,,1993-06-18,2026-05-02,Communications,Internet Media & Services,2000-09-30,2025-09-30,1997-10-31,2026-04-30,1997-10-31,2026-04-30,26,342
NB_1597,nonbankrupt,,LKQ,LKQ Corporation Common Stock,Consumer Discretionary,Motor Vehicles,LKQ US Equity,,1993-06-18,2026-05-02,Consumer Discretionary,Wholesale - Discretionary,2001-12-31,2025-12-31,2003-10-31,2026-04-30,2001-12-31,2026-04-30,25,271
NB_1598,nonbankrupt,,LLY,Eli Lilly and Company Common Stock,Health Care,Biotechnology: Pharmaceutical Preparations,LLY US Equity,,1993-06-18,2026-05-02,Health Care,Biotech & Pharma,1993-12-31,2025-12-31,1993-06-30,2026-04-30,1993-06-30,2026-04-30,33,395
NB_1599,nonbankrupt,,LLYVA,Liberty Live Holdings Inc. Series A Liberty Live Group Common Stock,Consumer Discretionary,Services-Misc. Amusement & Recreation,LLYVA US Equity,,1993-06-18,2026-05-02,Communications,Entertainment Content,2024-12-31,2025-12-31,2025-12-31,2026-04-30,2024-12-31,2026-04-30,2,5
NB_16,nonbankrupt,,ABT,Abbott Laboratories Common Stock,Health Care,Biotechnology: Pharmaceutical Preparations,ABT US Equity,,1993-06-18,2026-05-02,Health Care,Medical Equipment & Devices,1993-12-31,2025-12-31,1993-06-30,2026-04-30,1993-06-30,2026-04-30,33,395
NB_160,nonbankrupt,,AMS,American Shared Hospital Services Common Stock,Health Care,Medical Specialities,AMS US Equity,,1993-06-18,2026-05-02,Health Care,Health Care Facilities & Svcs,1993-12-31,2025-12-31,1993-06-30,2026-04-30,1993-06-30,2026-04-30,33,395
NB_1600,nonbankrupt,,LLYVK,Liberty Live Holdings Inc. Series C Liberty Live Group Common Stock,Consumer Discretionary,Services-Misc. Amusement & Recreation,LLYVK US Equity,,1993-06-18,2026-05-02,Communications,Entertainment Content,2024-12-31,2025-12-31,2025-12-31,2026-04-30,2024-12-31,2026-04-30,2,5
NB_1601,nonbankrupt,,LMAT,LeMaitre Vascular Inc. Common Stock,Health Care,Medical/Dental Instruments,LMAT US Equity,,1993-06-18,2026-05-02,Health Care,Medical Equipment & Devices,2004-12-31,2025-12-31,2006-10-31,2026-04-30,2004-12-31,2026-04-30,22,235
NB_1602,nonbankrupt,,LMB,Limbach Holdings Inc. Common Stock,Consumer Discretionary,Engineering & Construction,LMB US Equity,,1993-06-18,2026-05-02,Industrials,Commercial Support Services,2014-12-31,2025-12-31,2014-07-31,2026-04-30,2014-07-31,2026-04-30,12,141
NB_1603,nonbankrupt,,LMNR,Limoneira Co Common Stock,Consumer Staples,Farming/Seeds/Milling,LMNR US Equity,,1993-06-18,2026-05-02,Consumer Staples,Food,2007-10-31,2025-10-31,1994-05-31,2026-04-30,1994-05-31,2026-04-30,19,302
NB_1604,nonbankrupt,,LMRI,Lumexa Imaging Holdings Inc. Common Stock,Health Care,Medical Specialities,LMRI US Equity,,1993-06-18,2026-05-02,Health Care,Health Care Facilities & Svcs,2023-12-31,2025-12-31,2025-12-31,2026-04-30,2023-12-31,2026-04-30,3,5
NB_1605,nonbankrupt,,LMT,Lockheed Martin Corporation Common Stock,Industrials,Military/Government/Technical,LMT US Equity,,1993-06-18,2026-05-02,Industrials,Aerospace & Defense,1993-12-31,2025-12-31,1995-03-31,2026-04-30,1993-12-31,2026-04-30,33,374
NB_1606,nonbankrupt,,LNAI,Lunai Bioworks Inc. Common Stock,Health Care,Biotechnology: Pharmaceutical Preparations,LNAI US Equity,,1993-06-18,2026-05-02,Health Care,Biotech & Pharma,2012-03-31,2025-06-30,2015-02-27,2026-04-30,2012-03-31,2026-04-30,13,134
NB_1607,nonbankrupt,,LNG,Cheniere Energy Inc. Common Stock,Utilities,Oil/Gas Transmission,LNG US Equity,,1993-06-18,2026-05-02,Energy,Oil & Gas Supply Chain,1995-08-31,2025-12-31,1994-08-31,2026-04-30,1994-08-31,2026-04-30,31,378
NB_1608,nonbankrupt,,LNN,Lindsay Corporation Common Stock,Industrials,Industrial Machinery/Components,LNN US Equity,,1993-06-18,2026-05-02,Industrials,Machinery,1993-08-31,2025-08-31,1993-06-30,2026-04-30,1993-06-30,2026-04-30,33,395
NB_1609,nonbankrupt,,LNSR,LENSAR Inc. Common Stock,Health Care,Medical/Dental Instruments,LNSR US Equity,,1993-06-18,2026-05-02,Health Care,Medical Equipment & Devices,2018-12-31,2025-12-31,2020-10-30,2026-04-30,2018-12-31,2026-04-30,8,67
NB_161,nonbankrupt,,AMSC,American Superconductor Corporation Common Stock,Consumer Discretionary,Metal Fabrications,AMSC US Equity,,1993-06-18,2026-05-02,Industrials,Electrical Equipment,1994-03-31,2026-03-31,1993-06-30,2026-04-30,1993-06-30,2026-04-30,32,395
NB_1610,nonbankrupt,,LNT,Alliant Energy Corporation Common Stock,Utilities,Power Generation,LNT US Equity,,1993-06-18,2026-05-02,Utilities,Electric Utilities,1993-12-31,2025-12-31,1993-06-30,2026-04-30,1993-06-30,2026-04-30,33,395
NB_1611,nonbankrupt,,LNTH,Lantheus Holdings Inc. Common Stock,Health Care,Biotechnology: In Vitro & In Vivo Diagnostic Substances,LNTH US Equity,,1993-06-18,2026-05-02,Health Care,Medical Equipment & Devices,2012-12-31,2025-12-31,2015-06-30,2026-04-30,2011-12-31,2026-04-30,14,131
NB_1612,nonbankrupt,,LNZA,LanzaTech Global Inc. Common Stock,Industrials,Major Chemicals,LNZA US Equity,,1993-06-18,2026-05-02,Industrials,Commercial Support Services,2021-12-31,2025-12-31,2021-09-30,2026-04-30,2021-08-31,2026-04-30,5,56
NB_1613,nonbankrupt,,LOAR,Loar Holdings Inc. Common Stock,Industrials,Military/Government/Technical,LOAR US Equity,,1993-06-18,2026-05-02,Industrials,Aerospace & Defense,2023-12-31,2025-12-31,2024-04-30,2026-04-30,2023-12-31,2026-04-30,3,25
NB_1614,nonbankrupt,,LOCL,Local Bounti Corporation Common Stock,Consumer Staples,Farming/Seeds/Milling,LOCL US Equity,,1993-06-18,2026-05-02,Consumer Staples,Food,2019-12-31,2025-12-31,2021-04-30,2026-04-30,2019-12-31,2026-04-30,7,61
NB_1615,nonbankrupt,,LOCO,El Pollo Loco Holdings Inc. Common Stock,Consumer Discretionary,Restaurants,LOCO US Equity,,1993-06-18,2026-05-02,Consumer Discretionary,Leisure Facilities & Services,2012-12-26,2025-12-31,2014-07-31,2026-04-30,1996-12-31,2026-04-30,14,142
NB_1616,nonbankrupt,,LODE,Comstock Inc. Common Stock,Industrials,Major Chemicals,LODE US Equity,,1993-06-18,2026-05-02,Energy,Renewable Energy,2005-12-31,2025-12-31,2002-02-28,2026-04-30,2002-02-28,2026-04-30,21,291
NB_1617,nonbankrupt,,LOGI,Logitech International S.A. Ordinary Shares,Technology,Computer peripheral equipment,LOGI US Equity,,1993-06-18,2026-05-02,Technology,Technology Hardware,1994-03-31,2026-03-31,1997-03-31,2026-04-30,1994-03-31,2026-04-30,33,350
NB_1618,nonbankrupt,,LONA,LeonaBio Inc. Common Stock,Health Care,Biotechnology: Biological Products (No Diagnostic Substances),LONA US Equity,,1993-06-18,2026-05-02,Health Care,Biotech & Pharma,2018-12-31,2025-12-31,2020-09-30,2026-04-30,2018-12-31,2026-04-30,8,68
NB_1619,nonbankrupt,,LOVE,The Lovesac Company Common Stock,Consumer Discretionary,Other Specialty Stores,LOVE US Equity,,1993-06-18,2026-05-02,Consumer Discretionary,Home & Office Products,2017-01-29,2026-02-01,2018-06-29,2026-04-30,2017-01-29,2026-04-30,10,95
NB_162,nonbankrupt,,AMSS,AMASS Brands Inc. Common Stock,Consumer Staples,Beverages (Production/Distribution),AMSS US Equity,,1993-06-18,2026-05-02,Consumer Staples,Wholesale - Consumer Staples,2024-12-31,2025-12-31,,,2024-12-31,2025-12-31,2,0
NB_1620,nonbankrupt,,LOW,Lowe's Companies Inc. Common Stock,Consumer Discretionary,RETAIL: Building Materials,LOW US Equity,,1993-06-18,2026-05-02,Consumer Discretionary,Retail - Discretionary,1994-01-31,2026-01-30,1993-06-30,2026-04-30,1993-06-30,2026-04-30,33,395
NB_1621,nonbankrupt,,LPCN,Lipocine Inc. Common Stock,Health Care,Biotechnology: Pharmaceutical Preparations,LPCN US Equity,,1993-06-18,2026-05-02,Health Care,Biotech & Pharma,2012-12-31,2025-12-31,2012-06-29,2026-04-30,2012-06-29,2026-04-30,14,155
NB_1622,nonbankrupt,,LPG,Dorian LPG Ltd. Common Stock,Consumer Discretionary,Marine Transportation,LPG US Equity,,1993-06-18,2026-05-02,Industrials,Transportation & Logistics,2014-03-31,2026-03-31,2014-05-30,2026-04-30,2014-03-31,2026-04-30,13,144
NB_1623,nonbankrupt,,LPTH,LightPath Technologies Inc. Class A Common Stock,Technology,Semiconductors,LPTH US Equity,,1993-06-18,2026-05-02,Technology,Technology Hardware,1995-06-30,2025-06-30,1996-02-29,2026-04-30,1995-06-30,2026-04-30,31,363
NB_1624,nonbankrupt,,LPX,Louisiana-Pacific Corporation Common Stock,Basic Materials,Forest Products,LPX US Equity,,1993-06-18,2026-05-02,Materials,"Forestry, Paper & Wood Products",1993-12-31,2025-12-31,1993-06-30,2026-04-30,1993-06-30,2026-04-30,33,395
NB_1625,nonbankrupt,,LQDA,Liquidia Corporation Common Stock,Health Care,Biotechnology: Pharmaceutical Preparations,LQDA US Equity,,1993-06-18,2026-05-02,Health Care,Biotech & Pharma,2016-12-31,2025-12-31,2018-07-31,2026-04-30,2016-12-31,2026-04-30,10,94
NB_1626,nonbankrupt,,LQDT,Liquidity Services Inc. Common Stock,Consumer Discretionary,Business Services,LQDT US Equity,,1993-06-18,2026-05-02,Consumer Discretionary,E-Commerce Discretionary,2004-09-30,2025-09-30,2006-02-28,2026-04-30,2004-09-30,2026-04-30,22,243
NB_1627,nonbankrupt,,LRCX,Lam Research Corporation Common Stock,Technology,Industrial Machinery/Components,LRCX US Equity,,1993-06-18,2026-05-02,Technology,Semiconductors,1993-06-30,2025-06-29,1993-06-30,2026-04-30,1993-06-30,2026-04-30,33,395
NB_1628,nonbankrupt,,LRMR,Larimar Therapeutics Inc. Common Stock,Health Care,Biotechnology: Pharmaceutical Preparations,LRMR US Equity,,1993-06-18,2026-05-02,Health Care,Biotech & Pharma,2012-12-31,2025-12-31,2014-06-30,2026-04-30,2011-12-31,2026-04-30,14,143
NB_1629,nonbankrupt,,LSCC,Lattice Semiconductor Corporation Common Stock,Technology,Semiconductors,LSCC US Equity,,1993-06-18,2026-05-02,Technology,Semiconductors,1994-04-02,2026-01-03,1993-06-30,2026-04-30,1993-06-30,2026-04-30,29,395
NB_163,nonbankrupt,,AMST,Amesite Inc. Common Stock,Technology,Computer Software: Prepackaged Software,AMST US Equity,,1993-06-18,2026-05-02,Technology,Software,2017-12-31,2025-06-30,2020-09-30,2026-04-30,2017-12-31,2026-04-30,8,68
NB_1630,nonbankrupt,,LSTA,Lisata Therapeutics Inc. Common Stock,Health Care,Biotechnology: Pharmaceutical Preparations,LSTA US Equity,,1993-06-18,2026-05-02,Health Care,Health Care Facilities & Svcs,1997-03-31,2025-12-31,1993-06-30,2026-04-30,1993-06-30,2026-04-30,29,395
NB_1631,nonbankrupt,,LSTR,Landstar System Inc. Common Stock,Industrials,Trucking Freight/Courier Services,LSTR US Equity,,1993-06-18,2026-05-02,Industrials,Transportation & Logistics,1993-12-31,2025-12-27,1993-06-30,2026-04-30,1993-06-30,2026-04-30,32,395
NB_1632,nonbankrupt,,LTBR,Lightbridge Corporation Common Stock,Basic Materials,Major Chemicals,LTBR US Equity,,1993-06-18,2026-05-02,Industrials,Electrical Equipment,2004-06-30,2025-12-31,2000-11-30,2026-04-30,2000-11-30,2026-04-30,22,306
NB_1633,nonbankrupt,,LTGO,Latigo Biotherapeutics Inc. Common Stock,Health Care,Biotechnology: Pharmaceutical Preparations,LTGO US Equity,,1993-06-18,2026-05-02,Health Care,Biotech & Pharma,2024-12-31,2025-12-31,,,2024-12-31,2025-12-31,2,0
NB_1634,nonbankrupt,,LTH,Life Time Group Holdings Inc. Common Stock,Consumer Discretionary,Hotels/Resorts,LTH US Equity,,1993-06-18,2026-05-02,Consumer Discretionary,Leisure Facilities & Services,2019-12-31,2025-12-31,2021-10-29,2026-04-30,2018-12-31,2026-04-30,7,55
NB_1635,nonbankrupt,,LTRN,Lantern Pharma Inc. Common Stock,Health Care,Biotechnology: Pharmaceutical Preparations,LTRN US Equity,,1993-06-18,2026-05-02,Health Care,Biotech & Pharma,2018-12-31,2025-12-31,2020-06-30,2026-04-30,2018-12-31,2026-04-30,8,71
NB_1636,nonbankrupt,,LTRX,Lantronix Inc. Common Stock,Telecommunications,Computer Communications Equipment,LTRX US Equity,,1993-06-18,2026-05-02,Technology,Technology Hardware,1998-06-30,2025-06-30,2000-08-31,2026-04-30,1998-06-30,2026-04-30,28,309
NB_1638,nonbankrupt,,LUCD,Lucid Diagnostics Inc. Common Stock,Health Care,Medical/Dental Instruments,LUCD US Equity,,1993-06-18,2026-05-02,Health Care,Medical Equipment & Devices,2019-12-31,2025-12-31,2021-10-29,2026-04-30,2019-12-31,2026-04-30,7,55
NB_1639,nonbankrupt,,LUCK,Lucky Strike Entertainment Corporation Class A Common Stock,Consumer Discretionary,Services-Misc. Amusement & Recreation,LUCK US Equity,,1993-06-18,2026-05-02,Consumer Discretionary,Leisure Facilities & Services,2020-12-31,2025-06-29,2021-04-30,2026-04-30,2020-12-31,2026-04-30,6,61
NB_164,nonbankrupt,,AMTM,Amentum Holdings Inc. Common Stock,Consumer Discretionary,Business Services,AMTM US Equity,,1993-06-18,2026-05-02,Technology,IT Services,2023-09-29,2025-10-03,2024-09-30,2026-04-30,2023-09-29,2026-04-30,3,20
NB_1640,nonbankrupt,,LUCY,Innovative Eyewear Inc. Common Stock,Health Care,Ophthalmic Goods,LUCY US Equity,,1993-06-18,2026-05-02,Consumer Discretionary,Retail - Discretionary,2019-12-31,2025-12-31,2022-08-31,2026-04-30,2019-12-31,2026-04-30,7,45
NB_1642,nonbankrupt,,LUMN,Lumen Technologies Inc. Common Stock,Telecommunications,Telecommunications Equipment,LUMN US Equity,,1993-06-18,2026-05-02,Communications,Telecommunications,1993-12-31,2025-12-31,1993-06-30,2026-04-30,1993-06-30,2026-04-30,33,395
NB_1643,nonbankrupt,,LUNG,Pulmonx Corporation Common Stock,Health Care,Medical/Dental Instruments,LUNG US Equity,,1993-06-18,2026-05-02,Health Care,Medical Equipment & Devices,2018-12-31,2025-12-31,2020-09-30,2026-04-30,2018-12-31,2026-04-30,8,68
NB_1644,nonbankrupt,,LUNR,Intuitive Machines Inc. Class A Common Stock,Industrials,Industrial Machinery/Components,LUNR US Equity,,1993-06-18,2026-05-02,Industrials,Aerospace & Defense,2021-12-31,2025-12-31,2021-11-30,2026-04-30,2021-09-30,2026-04-30,5,54
NB_1645,nonbankrupt,,LUV,Southwest Airlines Company Common Stock,Consumer Discretionary,Air Freight/Delivery Services,LUV US Equity,,1993-06-18,2026-05-02,Industrials,Transportation & Logistics,1993-12-31,2025-12-31,1993-06-30,2026-04-30,1993-06-30,2026-04-30,33,395
NB_1646,nonbankrupt,,LVLU,Lulu's Fashion Lounge Holdings Inc. Common Stock,Consumer Discretionary,Catalog/Specialty Distribution,LVLU US Equity,,1993-06-18,2026-05-02,Consumer Discretionary,E-Commerce Discretionary,2019-12-29,2025-12-28,2021-11-30,2026-04-30,2019-12-29,2026-04-30,6,54
NB_1647,nonbankrupt,,LVO,LiveOne Inc. Common Stock,Consumer Discretionary,Restaurants,LVO US Equity,,1993-06-18,2026-05-02,Communications,Internet Media & Services,2017-03-31,2026-03-31,2017-08-31,2026-04-30,2011-06-30,2026-04-30,10,102
NB_1648,nonbankrupt,,LVS,Las Vegas Sands Corp. Common Stock,Consumer Discretionary,Hotels/Resorts,LVS US Equity,,1993-06-18,2026-05-02,Consumer Discretionary,Leisure Facilities & Services,2002-12-31,2025-12-31,2004-12-31,2026-04-30,2002-12-31,2026-04-30,24,257
NB_1649,nonbankrupt,,LVWR,LiveWire Group Inc. Common Stock,Consumer Discretionary,Motor Vehicles,LVWR US Equity,,1993-06-18,2026-05-02,Consumer Discretionary,Automotive,2020-12-31,2025-12-31,2020-11-30,2026-04-30,2020-11-30,2026-04-30,6,66
NB_165,nonbankrupt,,AMTX,Aemetis Inc. (DE) Common Stock,Industrials,Major Chemicals,AMTX US Equity,,1993-06-18,2026-05-02,Energy,Renewable Energy,2007-12-31,2025-12-31,1996-03-29,2026-04-30,1996-03-29,2026-04-30,19,240
NB_1650,nonbankrupt,,LW,Lamb Weston Holdings Inc. Common Stock,Consumer Staples,Packaged Foods,LW US Equity,,1993-06-18,2026-05-02,Consumer Staples,Food,2012-05-31,2025-05-25,2016-11-30,2026-04-30,2012-05-31,2026-04-30,13,114
NB_1651,nonbankrupt,,LWAY,Lifeway Foods Inc. Common Stock,Consumer Staples,Packaged Foods,LWAY US Equity,,1993-06-18,2026-05-02,Consumer Staples,Food,1993-12-31,2025-12-31,1993-06-30,2026-04-30,1993-06-30,2026-04-30,33,395
NB_1652,nonbankrupt,,LWLG,Lightwave Logic Inc. Common Stock,Industrials,Containers/Packaging,LWLG US Equity,,1993-06-18,2026-05-02,Materials,Chemicals,2008-12-31,2025-12-31,1998-01-30,2026-04-30,1998-01-30,2026-04-30,18,278
NB_1653,nonbankrupt,,LXEO,Lexeo Therapeutics Inc. Common Stock,Health Care,Biotechnology: Biological Products (No Diagnostic Substances),LXEO US Equity,,1993-06-18,2026-05-02,Health Care,Biotech & Pharma,2021-12-31,2025-12-31,2023-11-30,2026-04-30,2021-12-31,2026-04-30,5,30
NB_1654,nonbankrupt,,LXRX,Lexicon Pharmaceuticals Inc. Common Stock,Health Care,Biotechnology: Pharmaceutical Preparations,LXRX US Equity,,1993-06-18,2026-05-02,Health Care,Biotech & Pharma,1998-12-31,2025-12-31,2000-04-28,2026-04-30,1997-12-31,2026-04-30,28,313
NB_1655,nonbankrupt,,LXU,LSB Industries Inc. Common Stock,Basic Materials,Major Chemicals,LXU US Equity,,1993-06-18,2026-05-02,Materials,Chemicals,1993-12-31,2025-12-31,1993-06-30,2026-04-30,1993-06-30,2026-04-30,33,395
NB_1656,nonbankrupt,,LYEL,Lyell Immunopharma Inc. Common Stock,Health Care,Biotechnology: Pharmaceutical Preparations,LYEL US Equity,,1993-06-18,2026-05-02,Health Care,Biotech & Pharma,2019-12-31,2025-12-31,2021-06-30,2026-04-30,2019-12-31,2026-04-30,7,59
NB_1657,nonbankrupt,,LYFT,Lyft Inc. Class A Common Stock,Consumer Discretionary,Business Services,LYFT US Equity,,1993-06-18,2026-05-02,Communications,Internet Media & Services,2017-12-31,2025-12-31,2019-03-29,2026-04-30,2016-12-31,2026-04-30,9,86
NB_1658,nonbankrupt,,LYTS,LSI Industries Inc. Common Stock,Consumer Discretionary,Building Products,LYTS US Equity,,1993-06-18,2026-05-02,Industrials,Electrical Equipment,1993-06-30,2025-06-30,1993-06-30,2026-04-30,1993-06-30,2026-04-30,33,395
NB_1659,nonbankrupt,,LYV,Live Nation Entertainment Inc. Common Stock,Consumer Discretionary,Services-Misc. Amusement & Recreation,LYV US Equity,,1993-06-18,2026-05-02,Consumer Discretionary,Leisure Facilities & Services,2005-12-31,2025-12-31,2005-12-30,2026-04-30,2005-12-30,2026-04-30,21,245
NB_166,nonbankrupt,,AMWL,American Well Corporation Class A Common Stock,Consumer Discretionary,Business Services,AMWL US Equity,,1993-06-18,2026-05-02,Health Care,Health Care Facilities & Svcs,2015-12-31,2025-12-31,2020-09-30,2026-04-30,2015-12-31,2026-04-30,9,68
NB_1660,nonbankrupt,,LZ,LegalZoom.com Inc. Common Stock,Technology,EDP Services,LZ US Equity,,1993-06-18,2026-05-02,Industrials,Commercial Support Services,2010-12-31,2025-12-31,2021-06-30,2026-04-30,2009-12-31,2026-04-30,9,59
NB_1661,nonbankrupt,,LZB,La-Z-Boy Incorporated Common Stock,Consumer Discretionary,Home Furnishings,LZB US Equity,,1993-06-18,2026-05-02,Consumer Discretionary,Retail - Discretionary,1994-04-30,2026-04-25,1993-06-30,2026-04-30,1993-06-30,2026-04-30,33,395
NB_1662,nonbankrupt,,M,Macy's Inc Common Stock,Consumer Discretionary,Department/Specialty Retail Stores,M US Equity,,1993-06-18,2026-05-02,Consumer Discretionary,Retail - Discretionary,1994-01-29,2026-01-31,1993-06-30,2026-04-30,1993-06-30,2026-04-30,33,395
NB_1663,nonbankrupt,,MA,Mastercard Incorporated Common Stock,Consumer Discretionary,Business Services,MA US Equity,,1993-06-18,2026-05-02,Financials,Specialty Finance,2003-12-31,2025-12-31,2006-05-31,2026-04-30,2003-03-31,2026-04-30,23,240
NB_1664,nonbankrupt,,MAGN,Magnera Corporation Common Stock,Basic Materials,Paper,MAGN US Equity,,1993-06-18,2026-05-02,Materials,"Forestry, Paper & Wood Products",1993-12-31,2025-09-27,1993-06-30,2026-04-30,1993-06-30,2026-04-30,32,395
NB_1665,nonbankrupt,,MAMA,Mama's Creations Inc. Common Stock,Consumer Staples,Specialty Foods,MAMA US Equity,,1993-06-18,2026-05-02,Consumer Staples,Food,2010-06-30,2026-01-31,2013-05-31,2026-04-30,2010-06-30,2026-04-30,14,156
NB_1666,nonbankrupt,,MAMO,Massimo Group Common Stock,Consumer Discretionary,Industrial Specialties,MAMO US Equity,,1993-06-18,2026-05-02,Consumer Discretionary,Leisure Products,2021-12-31,2025-12-31,2024-04-30,2026-04-30,2021-12-31,2026-04-30,5,25
NB_1667,nonbankrupt,,MAN,ManpowerGroup Common Stock,Consumer Discretionary,Professional Services,MAN US Equity,,1993-06-18,2026-05-02,Industrials,Commercial Support Services,1993-12-31,2025-12-31,1993-06-30,2026-04-30,1993-06-30,2026-04-30,32,395
NB_1668,nonbankrupt,,MANH,Manhattan Associates Inc. Common Stock,Technology,Computer Software: Prepackaged Software,MANH US Equity,,1993-06-18,2026-05-02,Technology,Software,1996-12-31,2025-12-31,1998-04-30,2026-04-30,1996-12-31,2026-04-30,30,337
NB_1669,nonbankrupt,,MAR,Marriott International Class A Common Stock,Consumer Discretionary,Hotels/Resorts,MAR US Equity,,1993-06-18,2026-05-02,Consumer Discretionary,Leisure Facilities & Services,1997-12-31,2025-12-31,1998-03-31,2026-04-30,1997-12-31,2026-04-30,26,338
NB_167,nonbankrupt,,AMZN,Amazon.com Inc. Common Stock,Consumer Discretionary,Catalog/Specialty Distribution,AMZN US Equity,,1993-06-18,2026-05-02,Consumer Discretionary,E-Commerce Discretionary,1995-12-31,2025-12-31,1997-05-30,2026-04-30,1995-12-31,2026-04-30,31,348
NB_1670,nonbankrupt,,MARPS,Marine Petroleum Trust Units of Beneficial Interest,Energy,Oil & Gas Production,MARPS US Equity,,1993-06-18,2026-05-02,Energy,Oil & Gas Supply Chain,2017-06-30,2025-06-30,1993-06-30,2026-04-30,1993-06-30,2026-04-30,9,395
NB_1671,nonbankrupt,,MAS,Masco Corporation Common Stock,Industrials,Industrial Specialties,MAS US Equity,,1993-06-18,2026-05-02,Consumer Discretionary,Home Construction,1993-12-31,2025-12-31,1993-06-30,2026-04-30,1993-06-30,2026-04-30,33,395
NB_1672,nonbankrupt,,MASS,908 Devices Inc. Common Stock,Industrials,Industrial Machinery/Components,MASS US Equity,,1993-06-18,2026-05-02,Health Care,Medical Equipment & Devices,2018-12-31,2025-12-31,2020-12-31,2026-04-30,2018-12-31,2026-04-30,8,65
NB_1673,nonbankrupt,,MAT,Mattel Inc. Common Stock,Consumer Discretionary,Recreational Games/Products/Toys,MAT US Equity,,1993-06-18,2026-05-02,Consumer Discretionary,Leisure Products,1993-12-31,2025-12-31,1993-06-30,2026-04-30,1993-06-30,2026-04-30,33,395
NB_1674,nonbankrupt,,MATV,Mativ Holdings Inc. Common Stock,Basic Materials,Paper,MATV US Equity,,1993-06-18,2026-05-02,Materials,Chemicals,1995-12-31,2025-12-31,1995-11-30,2026-04-30,1995-11-30,2026-04-30,30,366
NB_1675,nonbankrupt,,MATW,Matthews International Corporation Class A Common Stock,Telecommunications,Metal Fabrications,MATW US Equity,,1993-06-18,2026-05-02,Consumer Discretionary,Consumer Services,1993-09-30,2025-09-30,1994-07-29,2026-04-30,1993-09-30,2026-04-30,33,382
NB_1676,nonbankrupt,,MATX,Matson Inc. Common Stock,Consumer Discretionary,Marine Transportation,MATX US Equity,,1993-06-18,2026-05-02,Industrials,Transportation & Logistics,1993-12-31,2025-12-31,1993-06-30,2026-04-30,1993-06-30,2026-04-30,33,395
NB_1677,nonbankrupt,,MAX,MediaAlpha Inc. Class A Common Stock,Consumer Discretionary,Business Services,MAX US Equity,,1993-06-18,2026-05-02,Communications,Internet Media & Services,2019-12-31,2025-12-31,2020-10-30,2026-04-30,2019-12-31,2026-04-30,7,67
NB_1678,nonbankrupt,,MAZE,Maze Therapeutics Inc. Common Stock,Health Care,Biotechnology: Biological Products (No Diagnostic Substances),MAZE US Equity,,1993-06-18,2026-05-02,Health Care,Biotech & Pharma,2022-12-31,2025-12-31,2025-01-31,2026-04-30,2022-12-31,2026-04-30,4,16
NB_1679,nonbankrupt,,MBC,MasterBrand Inc. Common Stock,Consumer Discretionary,Home Furnishings,MBC US Equity,,1993-06-18,2026-05-02,Consumer Discretionary,Home Construction,2020-12-27,2025-12-28,2022-12-30,2026-04-30,2019-12-29,2026-04-30,6,41
NB_168,nonbankrupt,,AN,AutoNation Inc. Common Stock,Consumer Discretionary,Retail-Auto Dealers and Gas Stations,AN US Equity,,1993-06-18,2026-05-02,Consumer Discretionary,Retail - Discretionary,1993-12-31,2025-12-31,1993-06-30,2026-04-30,1993-06-30,2026-04-30,33,395
NB_1680,nonbankrupt,,MBGL,Mobility Global Inc. Common Stock,Consumer Discretionary,Business Services,MBGL US Equity,,1993-06-18,2026-05-02,Industrials,Commercial Support Services,2024-12-31,2025-12-31,,,2023-12-31,2025-12-31,2,0
NB_1681,nonbankrupt,,MBIO,Mustang Bio Inc. Common Stock,Health Care,Biotechnology: Pharmaceutical Preparations,MBIO US Equity,,1993-06-18,2026-05-02,Health Care,Biotech & Pharma,2016-12-31,2025-12-31,2017-08-31,2026-04-30,2016-12-31,2026-04-30,10,105
NB_1682,nonbankrupt,,MBRX,Moleculin Biotech Inc. Common Stock,Health Care,Biotechnology: Pharmaceutical Preparations,MBRX US Equity,,1993-06-18,2026-05-02,Health Care,Biotech & Pharma,2015-12-31,2025-12-31,2016-06-30,2026-04-30,2015-12-31,2026-04-30,11,119
NB_1683,nonbankrupt,,MBUU,Malibu Boats Inc. Class A Common Stock,Industrials,Marine Transportation,MBUU US Equity,,1993-06-18,2026-05-02,Consumer Discretionary,Leisure Products,2012-06-30,2025-06-30,2014-01-31,2026-04-30,2011-06-30,2026-04-30,14,148
NB_1684,nonbankrupt,,MBX,MBX Biosciences Inc. Common Stock,Health Care,Biotechnology: Pharmaceutical Preparations,MBX US Equity,,1993-06-18,2026-05-02,Health Care,Biotech & Pharma,2022-12-31,2025-12-31,2024-09-30,2026-04-30,2022-12-31,2026-04-30,4,20
NB_1685,nonbankrupt,,MCD,McDonald's Corporation Common Stock,Consumer Discretionary,Restaurants,MCD US Equity,,1993-06-18,2026-05-02,Consumer Discretionary,Leisure Facilities & Services,1993-12-31,2025-12-31,1993-06-30,2026-04-30,1993-06-30,2026-04-30,33,395
NB_1686,nonbankrupt,,MCFT,MasterCraft Boat Holdings Inc. Common Stock,Industrials,Marine Transportation,MCFT US Equity,,1993-06-18,2026-05-02,Consumer Discretionary,Leisure Products,2013-06-30,2025-06-30,2015-07-31,2026-04-30,2013-06-30,2026-04-30,13,130
NB_1688,nonbankrupt,,MCHP,Microchip Technology Incorporated Common Stock,Technology,Semiconductors,MCHP US Equity,,1993-06-18,2026-05-02,Technology,Semiconductors,1994-03-31,2026-03-31,1993-06-30,2026-04-30,1993-06-30,2026-04-30,33,395
NB_169,nonbankrupt,,ANAB,AnaptysBio Inc. Common Stock,Health Care,Biotechnology: Pharmaceutical Preparations,ANAB US Equity,,1993-06-18,2026-05-02,Health Care,Biotech & Pharma,2013-12-31,2025-12-31,2017-01-31,2026-04-30,2013-12-31,2026-04-30,13,112
NB_1690,nonbankrupt,,MCHX,Marchex Inc. Class B Common Stock,Technology,Computer Software: Prepackaged Software,MCHX US Equity,,1993-06-18,2026-05-02,Technology,Software,2003-12-31,2025-12-31,2004-03-31,2026-04-30,2003-12-31,2026-04-30,23,266
NB_1691,nonbankrupt,,MCK,McKesson Corporation Common Stock,Health Care,Other Pharmaceuticals,MCK US Equity,,1993-06-18,2026-05-02,Health Care,Health Care Facilities & Svcs,1994-03-31,2026-03-31,1994-08-31,2026-04-30,1994-03-31,2026-04-30,33,381
NB_1692,nonbankrupt,,MCRB,Seres Therapeutics Inc. Common Stock,Health Care,Biotechnology: Pharmaceutical Preparations,MCRB US Equity,,1993-06-18,2026-05-02,Health Care,Biotech & Pharma,2013-12-31,2025-12-31,2015-06-30,2026-04-30,2012-12-31,2026-04-30,13,131
NB_1693,nonbankrupt,,MCRI,Monarch Casino & Resort Inc. Common Stock,Consumer Discretionary,Hotels/Resorts,MCRI US Equity,,1993-06-18,2026-05-02,Consumer Discretionary,Leisure Facilities & Services,1993-12-31,2025-12-31,1993-08-31,2026-04-30,1993-08-31,2026-04-30,33,393
NB_1694,nonbankrupt,,MCS,Marcus Corporation (The) Common Stock,Consumer Discretionary,Movies/Entertainment,MCS US Equity,,1993-06-18,2026-05-02,Consumer Discretionary,Leisure Facilities & Services,1994-05-26,2025-12-31,1993-06-30,2026-04-30,1993-06-30,2026-04-30,30,395
NB_1695,nonbankrupt,,MD,Pediatrix Medical Group Inc. Common Stock,Health Care,Hospital/Nursing Management,MD US Equity,,1993-06-18,2026-05-02,Health Care,Health Care Facilities & Svcs,1993-12-31,2025-12-31,1995-09-29,2026-04-30,1993-12-31,2026-04-30,33,368
NB_1696,nonbankrupt,,MDAI,Spectral AI Inc. Class A Common Stock,Health Care,Medical/Dental Instruments,MDAI US Equity,,1993-06-18,2026-05-02,Health Care,Medical Equipment & Devices,2020-12-31,2025-12-31,2021-04-30,2026-04-30,2020-12-31,2026-04-30,6,61
NB_1698,nonbankrupt,,MDB,MongoDB Inc. Class A Common Stock,Technology,Computer Software: Prepackaged Software,MDB US Equity,,1993-06-18,2026-05-02,Technology,Software,2016-01-31,2026-01-31,2017-10-31,2026-04-30,2016-01-31,2026-04-30,11,103
NB_1699,nonbankrupt,,MDGL,Madrigal Pharmaceuticals Inc. Common Stock,Health Care,Biotechnology: Pharmaceutical Preparations,MDGL US Equity,,1993-06-18,2026-05-02,Health Care,Biotech & Pharma,2004-12-31,2025-12-31,2007-02-28,2026-04-30,2004-12-31,2026-04-30,22,231
NB_17,nonbankrupt,,ABVC,ABVC BioPharma Inc. Common Stock,Health Care,Biotechnology: Pharmaceutical Preparations,ABVC US Equity,,1993-06-18,2026-05-02,Health Care,Biotech & Pharma,2007-09-30,2025-12-31,2004-11-30,2026-04-30,2004-11-30,2026-04-30,18,222
NB_170,nonbankrupt,,ANDE,Andersons Inc. (The) Common Stock,Industrials,Farming/Seeds/Milling,ANDE US Equity,,1993-06-18,2026-05-02,Consumer Staples,Wholesale - Consumer Staples,1993-12-31,2025-12-31,1996-02-29,2026-04-30,1993-12-31,2026-04-30,32,363
NB_1700,nonbankrupt,,MDIA,Mediaco Holding Inc. Class A Common Stock,Consumer Discretionary,Broadcasting,MDIA US Equity,,1993-06-18,2026-05-02,Communications,Publishing & Broadcasting,2019-12-31,2025-12-31,2020-01-31,2026-04-30,2019-12-31,2026-04-30,7,76
NB_1701,nonbankrupt,,MDLN,Medline Inc. Class A Common Stock,Health Care,Medical/Dental Instruments,MDLN US Equity,,1993-06-18,2026-05-02,Health Care,Medical Equipment & Devices,2023-12-31,2025-12-31,2025-12-31,2026-04-30,2022-12-31,2026-04-30,3,5
NB_1702,nonbankrupt,,MDLZ,Mondelez International Inc. Class A Common Stock,Consumer Staples,Packaged Foods,MDLZ US Equity,,1993-06-18,2026-05-02,Consumer Staples,Food,1996-12-31,2025-12-31,2001-06-29,2026-04-30,1996-12-31,2026-04-30,30,299
NB_1703,nonbankrupt,,MDT,Medtronic plc. Ordinary Shares,Health Care,Biotechnology: Electromedical & Electrotherapeutic Apparatus,MDT US Equity,,1993-06-18,2026-05-02,Health Care,Medical Equipment & Devices,1994-04-30,2026-04-24,1993-06-30,2026-04-30,1993-06-30,2026-04-30,33,395
NB_1704,nonbankrupt,,MDU,MDU Resources Group Inc. Common Stock (Holding Company),Industrials,Mining & Quarrying of Nonmetallic Minerals (No Fuels),MDU US Equity,,1993-06-18,2026-05-02,Utilities,Gas & Water Utilities,1993-12-31,2025-12-31,1993-06-30,2026-04-30,1993-06-30,2026-04-30,33,395
NB_1705,nonbankrupt,,MDXG,MiMedx Group Inc Common Stock,Health Care,Medical/Dental Instruments,MDXG US Equity,,1993-06-18,2026-05-02,Health Care,Medical Equipment & Devices,2007-12-31,2025-12-31,2007-08-31,2026-04-30,2007-08-31,2026-04-30,19,221
NB_1706,nonbankrupt,,MEC,Mayville Engineering Company Inc. Common Stock,Industrials,Industrial Specialties,MEC US Equity,,1993-06-18,2026-05-02,Industrials,Industrial Intermediate Prod,2017-12-31,2025-12-31,2019-05-31,2026-04-30,2017-12-31,2026-04-30,9,84
NB_1707,nonbankrupt,,MED,MEDIFAST INC Common Stock,Consumer Staples,Packaged Foods,MED US Equity,,1993-06-18,2026-05-02,Consumer Discretionary,Consumer Services,1996-12-31,2025-12-31,1993-12-31,2026-04-30,1993-10-31,2026-04-30,29,389
NB_1708,nonbankrupt,,MEDP,Medpace Holdings Inc. Common Stock,Health Care,Biotechnology: Commercial Physical & Biological Resarch,MEDP US Equity,,1993-06-18,2026-05-02,Health Care,Health Care Facilities & Svcs,2014-12-31,2025-12-31,2016-08-31,2026-04-30,2014-12-31,2026-04-30,12,117
NB_1709,nonbankrupt,,MEDS,DataMeds AI Inc. Common Stock,Health Care,Other Pharmaceuticals,MEDS US Equity,,1993-06-18,2026-05-02,Health Care,Health Care Facilities & Svcs,2023-12-31,2025-12-31,2025-02-28,2026-04-30,2023-12-31,2026-04-30,3,15
NB_171,nonbankrupt,,ANET,Arista Networks Inc. Common Stock,Telecommunications,Computer Communications Equipment,ANET US Equity,,1993-06-18,2026-05-02,Technology,Technology Hardware,2012-12-31,2025-12-31,2014-06-30,2026-04-30,2010-12-31,2026-04-30,14,143
NB_1710,nonbankrupt,,MEI,Methode Electronics Inc. Common Stock,Technology,Electrical Products,MEI US Equity,,1993-06-18,2026-05-02,Consumer Discretionary,Automotive,1994-04-30,2026-05-02,1993-06-30,2026-04-30,1993-06-30,2026-05-02,33,395
NB_1711,nonbankrupt,,META,Meta Platforms Inc. Class A Common Stock,Technology,Computer Software: Programming Data Processing,META US Equity,,1993-06-18,2026-05-02,Communications,Internet Media & Services,2009-12-31,2025-12-31,2012-05-31,2026-04-30,2007-12-31,2026-04-30,17,168
NB_1712,nonbankrupt,,METC,Ramaco Resources Inc. Class A Common Stock,Energy,Coal Mining,METC US Equity,,1993-06-18,2026-05-02,Materials,Metals & Mining,2014-12-31,2025-12-31,2017-02-28,2026-04-30,2014-12-31,2026-04-30,12,111
NB_1713,nonbankrupt,,METCB,Ramaco Resources Inc. Class B Common Stock,Energy,Coal Mining,METCB US Equity,,1993-06-18,2026-05-02,Materials,Metals & Mining,2014-12-31,2025-12-31,2023-06-30,2026-04-30,2014-12-31,2026-04-30,12,35
NB_1716,nonbankrupt,,MFP,Midera Food Processing Inc. Common Stock,Industrials,Industrial Machinery/Components,MFP US Equity,,1993-06-18,2026-05-02,Industrials,Machinery,2024-12-28,2026-01-03,,,2023-12-30,2026-01-03,2,0
NB_1717,nonbankrupt,,MG,Mistras Group Inc Common Stock,Consumer Discretionary,Military/Government/Technical,MG US Equity,,1993-06-18,2026-05-02,Industrials,Engineering & Construction,2008-05-31,2025-12-31,2009-10-30,2026-04-30,2008-05-31,2026-04-30,18,199
NB_1718,nonbankrupt,,MGEE,MGE Energy Inc,Energy,Electric Utilities: Central,MGEE US Equity,,1993-06-18,2026-05-02,Utilities,Electric Utilities,1993-12-31,2025-12-31,1993-06-30,2026-04-30,1993-06-30,2026-04-30,33,395
NB_1719,nonbankrupt,,MGM,MGM Resorts International Common Stock,Consumer Discretionary,Hotels/Resorts,MGM US Equity,,1993-06-18,2026-05-02,Consumer Discretionary,Leisure Facilities & Services,1993-12-31,2025-12-31,1993-06-30,2026-04-30,1993-06-30,2026-04-30,33,395
NB_172,nonbankrupt,,ANF,Abercrombie & Fitch Company Common Stock,Consumer Discretionary,Clothing/Shoe/Accessory Stores,ANF US Equity,,1993-06-18,2026-05-02,Consumer Discretionary,Retail - Discretionary,1995-01-28,2026-01-31,1996-09-30,2026-04-30,1995-01-28,2026-04-30,32,356
NB_1720,nonbankrupt,,MGNI,Magnite Inc. Common Stock,Technology,Computer Software: Programming Data Processing,MGNI US Equity,,1993-06-18,2026-05-02,Communications,Advertising & Marketing,2011-12-31,2025-12-31,2014-04-30,2026-04-30,2011-12-31,2026-04-30,15,145
NB_1721,nonbankrupt,,MGNX,MacroGenics Inc. Common Stock,Health Care,Biotechnology: Pharmaceutical Preparations,MGNX US Equity,,1993-06-18,2026-05-02,Health Care,Biotech & Pharma,2011-12-31,2025-12-31,2013-10-31,2026-04-30,2011-12-31,2026-04-30,15,151
NB_1722,nonbankrupt,,MGPI,MGP Ingredients Inc.,Consumer Staples,Beverages (Production/Distribution),MGPI US Equity,,1993-06-18,2026-05-02,Consumer Staples,Beverages,1993-06-30,2025-12-31,1993-06-30,2026-04-30,1993-06-30,2026-04-30,33,395
NB_1723,nonbankrupt,,MGRC,McGrath RentCorp Common Stock,Consumer Discretionary,Diversified Commercial Services,MGRC US Equity,,1993-06-18,2026-05-02,Real Estate,Real Estate Owners & Developers,1993-12-31,2025-12-31,1993-06-30,2026-04-30,1993-06-30,2026-04-30,33,395
NB_1724,nonbankrupt,,MGRX,Mangoceuticals Inc. Common Stock,Health Care,Misc Health and Biotechnology Services,MGRX US Equity,,1993-06-18,2026-05-02,Consumer Staples,Retail - Consumer Staples,2021-12-31,2025-12-31,2023-03-31,2026-04-30,2021-12-31,2026-04-30,5,38
NB_1725,nonbankrupt,,MGTX,MeiraGTx Holdings plc Ordinary Shares,Health Care,Biotechnology: Biological Products (No Diagnostic Substances),MGTX US Equity,,1993-06-18,2026-05-02,Health Care,Biotech & Pharma,2016-12-31,2025-12-31,2018-06-29,2026-04-30,2016-12-31,2026-04-30,10,95
NB_1726,nonbankrupt,,MGX,Metagenomi Therapeutics Inc. Common Stock,Health Care,Biotechnology: Biological Products (No Diagnostic Substances),MGX US Equity,,1993-06-18,2026-05-02,Health Care,Biotech & Pharma,2021-12-31,2025-12-31,2024-02-29,2026-04-30,2000-05-31,2026-04-30,5,27
NB_1727,nonbankrupt,,MGY,Magnolia Oil & Gas Corporation Class A Common Stock,Energy,Oil & Gas Production,MGY US Equity,,1993-06-18,2026-05-02,Energy,Oil & Gas Supply Chain,2017-12-31,2025-12-31,2017-06-30,2026-04-30,2017-05-31,2026-04-30,9,107
NB_1728,nonbankrupt,,MHH,Mastech Digital Inc Common Stock,Consumer Discretionary,Professional Services,MHH US Equity,,1993-06-18,2026-05-02,Technology,IT Services,2008-12-31,2025-12-31,2008-09-30,2026-04-30,2008-09-30,2026-04-30,18,212
NB_1729,nonbankrupt,,MHK,Mohawk Industries Inc. Common Stock,Consumer Discretionary,Home Furnishings,MHK US Equity,,1993-06-18,2026-05-02,Consumer Discretionary,Home Construction,1993-12-31,2025-12-31,1993-06-30,2026-04-30,1993-06-30,2026-04-30,32,395
NB_173,nonbankrupt,,ANGI,Angi Inc. Class A Common Stock,Consumer Discretionary,Advertising,ANGI US Equity,,1993-06-18,2026-05-02,Communications,Internet Media & Services,2016-12-31,2025-12-31,2011-11-30,2026-04-30,2011-11-30,2026-04-30,10,174
NB_1730,nonbankrupt,,MHO,M/I Homes Inc. Common Stock,Consumer Discretionary,Homebuilding,MHO US Equity,,1993-06-18,2026-05-02,Consumer Discretionary,Home Construction,1993-12-31,2025-12-31,1993-11-30,2026-04-30,1993-11-30,2026-04-30,33,390
NB_1731,nonbankrupt,,MIDD,Middleby Corporation (The) Common Stock,Industrials,Industrial Machinery/Components,MIDD US Equity,,1993-06-18,2026-05-02,Industrials,Machinery,1994-01-01,2026-01-03,1993-06-30,2026-04-30,1993-06-30,2026-04-30,27,395
NB_1732,nonbankrupt,,MIND,MIND Technology Inc. Common Stock (DE),Industrials,Industrial Machinery/Components,MIND US Equity,,1993-06-18,2026-05-02,Energy,Oil & Gas Services & Equip,1994-01-31,2026-01-31,1994-12-30,2026-04-30,1994-01-31,2026-04-30,33,377
NB_1733,nonbankrupt,,MIR,Mirion Technologies Inc. Class A Common Stock,Industrials,Industrial Machinery/Components,MIR US Equity,,1993-06-18,2026-05-02,Industrials,Electrical Equipment,2018-12-31,2025-12-31,2020-08-31,2026-04-30,2018-12-31,2026-04-30,8,69
NB_1734,nonbankrupt,,MIRA,MIRA Pharmaceuticals Inc. Common Stock,Health Care,Biotechnology: Pharmaceutical Preparations,MIRA US Equity,,1993-06-18,2026-05-02,Health Care,Biotech & Pharma,2021-12-31,2025-12-31,2023-08-31,2026-04-30,2021-12-31,2026-04-30,5,33
NB_1735,nonbankrupt,,MIRM,Mirum Pharmaceuticals Inc. Common Stock,Health Care,Biotechnology: Pharmaceutical Preparations,MIRM US Equity,,1993-06-18,2026-05-02,Health Care,Biotech & Pharma,2018-12-31,2025-12-31,2019-07-31,2026-04-30,2018-12-31,2026-04-30,8,82
NB_1736,nonbankrupt,,MITK,Mitek Systems Inc. Common Stock,Technology,Computer peripheral equipment,MITK US Equity,,1993-06-18,2026-05-02,Technology,Software,1993-09-30,2025-09-30,1993-06-30,2026-04-30,1993-06-30,2026-04-30,33,395
NB_1737,nonbankrupt,,MITQ,Moving iMage Technologies Inc. Common Stock,Consumer Discretionary,Industrial Machinery/Components,MITQ US Equity,,1993-06-18,2026-05-02,Technology,Technology Hardware,2019-06-30,2025-06-30,2021-07-30,2026-04-30,2019-06-30,2026-04-30,7,58
NB_1738,nonbankrupt,,MKC,McCormick & Company Incorporated Common Stock,Consumer Staples,Packaged Foods,MKC US Equity,,1993-06-18,2026-05-02,Consumer Staples,Food,1993-11-30,2025-11-30,1993-06-30,2026-04-30,1993-06-30,2026-04-30,33,395
NB_1739,nonbankrupt,,MKSI,MKS Inc. Common Stock,Industrials,Industrial Machinery/Components,MKSI US Equity,,1993-06-18,2026-05-02,Technology,Semiconductors,1997-12-31,2025-12-31,1999-03-31,2026-04-30,1997-12-31,2026-04-30,29,326
NB_174,nonbankrupt,,ANGO,AngioDynamics Inc. Common Stock,Health Care,Medical/Dental Instruments,ANGO US Equity,,1993-06-18,2026-05-02,Health Care,Medical Equipment & Devices,2002-06-01,2025-05-31,2004-05-31,2026-04-30,2002-06-01,2026-04-30,24,264
NB_1740,nonbankrupt,,MKTW,MarketWise Inc. Class A Common Stock,Technology,Computer Software: Prepackaged Software,MKTW US Equity,,1993-06-18,2026-05-02,Financials,Specialty Finance,2020-12-31,2025-12-31,2020-09-30,2026-04-30,2020-03-31,2026-04-30,6,68
NB_1741,nonbankrupt,,MLAB,Mesa Laboratories Inc. Common Stock,Industrials,Industrial Machinery/Components,MLAB US Equity,,1993-06-18,2026-05-02,Industrials,Electrical Equipment,1994-03-31,2026-03-31,1993-06-30,2026-04-30,1993-06-30,2026-04-30,33,395
NB_1742,nonbankrupt,,MLGO,MicroAlgo Inc. Class A Ordinary Shares,Technology,EDP Services,MLGO US Equity,,1993-06-18,2026-05-02,Technology,IT Services,2018-12-31,2021-12-31,2021-04-30,2026-04-30,2018-12-31,2026-04-30,4,61
NB_1743,nonbankrupt,,MLI,Mueller Industries Inc. Common Stock,Industrials,Metal Fabrications,MLI US Equity,,1993-06-18,2026-05-02,Industrials,Industrial Intermediate Prod,1993-12-25,2025-12-27,1993-06-30,2026-04-30,1993-06-30,2026-04-30,33,395
NB_1744,nonbankrupt,,MLKN,MillerKnoll Inc. Common Stock,Consumer Discretionary,Office Equipment/Supplies/Services,MLKN US Equity,,1993-06-18,2026-05-02,Consumer Discretionary,Home & Office Products,1994-05-28,2025-05-31,1993-06-30,2026-04-30,1993-06-30,2026-04-30,32,395
NB_1745,nonbankrupt,,MLM,Martin Marietta Materials Inc. Common Stock,Industrials,Mining & Quarrying of Nonmetallic Minerals (No Fuels),MLM US Equity,,1993-06-18,2026-05-02,Materials,Construction Materials,1993-12-31,2025-12-31,1994-02-28,2026-04-30,1993-12-31,2026-04-30,33,387
NB_1746,nonbankrupt,,MLR,Miller Industries Inc. Common Stock,Consumer Discretionary,Construction/Ag Equipment/Trucks,MLR US Equity,,1993-06-18,2026-05-02,Consumer Discretionary,Automotive,1994-04-30,2025-12-31,1994-08-31,2026-04-30,1994-04-30,2026-04-30,32,381
NB_1747,nonbankrupt,,MLSS,Milestone Scientific Inc. Common Stock,Health Care,Industrial Specialties,MLSS US Equity,,1993-06-18,2026-05-02,Health Care,Medical Equipment & Devices,1994-12-31,2025-12-31,1996-12-31,2026-04-30,1994-12-31,2026-04-30,32,353
NB_1748,nonbankrupt,,MLTX,MoonLake Immunotherapeutics Class A Ordinary Shares,Health Care,Biotechnology: Pharmaceutical Preparations,MLTX US Equity,,1993-06-18,2026-05-02,Health Care,Biotech & Pharma,2020-12-31,2025-12-31,2020-10-30,2026-04-30,2020-10-30,2026-04-30,6,67
NB_1749,nonbankrupt,,MLYS,Mineralys Therapeutics Inc. Common Stock,Health Care,Biotechnology: Pharmaceutical Preparations,MLYS US Equity,,1993-06-18,2026-05-02,Health Care,Biotech & Pharma,2020-12-31,2025-12-31,2023-02-28,2026-04-30,2020-12-31,2026-04-30,6,39
NB_175,nonbankrupt,,ANGX,Angel Studios Inc. Class A Common Stock,Consumer Discretionary,Movies/Entertainment,ANGX US Equity,,1993-06-18,2026-05-02,Communications,Entertainment Content,2021-12-31,2025-12-31,2022-01-31,2026-04-30,2021-12-31,2026-04-30,5,51
NB_1750,nonbankrupt,,MMED,MiniMed Group Inc. Common Stock,Health Care,Medical/Dental Instruments,MMED US Equity,,1993-06-18,2026-05-02,Health Care,Medical Equipment & Devices,2024-04-26,2026-04-24,2026-03-31,2026-04-30,2023-04-28,2026-04-30,3,2
NB_1751,nonbankrupt,,MMLP,Martin Midstream Partners L.P. Limited Partnership,Energy,Oil Refining/Marketing,MMLP US Equity,,1993-06-18,2026-05-02,Energy,Oil & Gas Supply Chain,2000-12-31,2025-12-31,2002-10-31,2026-04-30,1999-12-31,2026-04-30,26,283
NB_1752,nonbankrupt,,MMM,3M Company Common Stock,Health Care,Medical/Dental Instruments,MMM US Equity,,1993-06-18,2026-05-02,Industrials,Diversified Industrials,1993-12-31,2025-12-31,1993-06-30,2026-04-30,1993-06-30,2026-04-30,33,395
NB_1753,nonbankrupt,,MMS,Maximus Inc. Common Stock,Consumer Discretionary,Business Services,MMS US Equity,,1993-06-18,2026-05-02,Technology,IT Services,1995-09-30,2025-09-30,1997-06-30,2026-04-30,1995-09-30,2026-04-30,31,347
NB_1754,nonbankrupt,,MMSI,Merit Medical Systems Inc. Common Stock,Health Care,Medical/Dental Instruments,MMSI US Equity,,1993-06-18,2026-05-02,Health Care,Medical Equipment & Devices,1993-12-31,2025-12-31,1993-06-30,2026-04-30,1993-06-30,2026-04-30,33,395
NB_1755,nonbankrupt,,MNKD,MannKind Corporation Common Stock,Health Care,Biotechnology: Pharmaceutical Preparations,MNKD US Equity,,1993-06-18,2026-05-02,Health Care,Biotech & Pharma,2002-12-31,2025-12-31,2004-07-30,2026-04-30,2001-12-31,2026-04-30,24,262
NB_1756,nonbankrupt,,MNOV,Medicinova Inc Common Stock,Health Care,Biotechnology: Pharmaceutical Preparations,MNOV US Equity,,1993-06-18,2026-05-02,Health Care,Biotech & Pharma,2002-12-31,2025-12-31,2006-12-29,2026-04-30,2002-12-31,2026-04-30,24,233
NB_1757,nonbankrupt,,MNPR,Monopar Therapeutics Inc. Common Stock,Health Care,Biotechnology: Pharmaceutical Preparations,MNPR US Equity,,1993-06-18,2026-05-02,Health Care,Biotech & Pharma,2016-12-31,2025-12-31,2019-12-31,2026-04-30,2016-12-31,2026-04-30,10,77
NB_1758,nonbankrupt,,MNR,Mach Natural Resources LP Common Units representing Limited Partner Interests,Energy,Oil & Gas Production,MNR US Equity,,1993-06-18,2026-05-02,Energy,Oil & Gas Supply Chain,2023-12-31,2025-12-31,2023-10-31,2026-04-30,2023-10-31,2026-04-30,3,31
NB_1759,nonbankrupt,,MNRO,Monro Inc. Common Stock,Consumer Discretionary,Automotive Aftermarket,MNRO US Equity,,1993-06-18,2026-05-02,Consumer Discretionary,Retail - Discretionary,1994-03-31,2026-03-28,1993-06-30,2026-04-30,1993-06-30,2026-04-30,33,395
NB_176,nonbankrupt,,ANIK,Anika Therapeutics Inc. Common Stock,Health Care,Medical/Dental Instruments,ANIK US Equity,,1993-06-18,2026-05-02,Health Care,Biotech & Pharma,1994-08-31,2025-12-31,1993-06-30,2026-04-30,1993-06-30,2026-04-30,32,395
NB_1760,nonbankrupt,,MNST,Monster Beverage Corporation,Consumer Staples,Beverages (Production/Distribution),MNST US Equity,,1993-06-18,2026-05-02,Consumer Staples,Beverages,1998-12-31,2025-12-31,1993-06-30,2026-04-30,1993-06-30,2026-04-30,28,395
NB_1761,nonbankrupt,,MNTK,Montauk Renewables Inc. Common Stock,Utilities,Natural Gas Distribution,MNTK US Equity,,1993-06-18,2026-05-02,Energy,Renewable Energy,2018-12-31,2025-12-31,2021-01-29,2026-04-30,2018-12-31,2026-04-30,8,64
NB_1762,nonbankrupt,,MNTN,MNTN Inc. Class A Common Stock,Consumer Discretionary,Advertising,MNTN US Equity,,1993-06-18,2026-05-02,Communications,Advertising & Marketing,2023-12-31,2025-12-31,2025-05-30,2026-04-30,2023-12-31,2026-04-30,3,12
NB_1763,nonbankrupt,,MNTS,Momentus Inc. Class A Common Stock,Industrials,Military/Government/Technical,MNTS US Equity,,1993-06-18,2026-05-02,Industrials,Aerospace & Defense,2019-12-31,2025-12-31,2019-12-31,2026-04-30,2019-12-31,2026-04-30,7,77
NB_1764,nonbankrupt,,MO,Altria Group Inc.,Health Care,Medicinal Chemicals and Botanical Products,MO US Equity,,1993-06-18,2026-05-02,Consumer Staples,Tobacco & Cannabis,1993-12-31,2025-12-31,1993-06-30,2026-04-30,1993-06-30,2026-04-30,33,395
NB_1765,nonbankrupt,,MOBI,Mobia Medical Inc. Common Stock,Health Care,Medical/Dental Instruments,MOBI US Equity,,1993-06-18,2026-05-02,Health Care,Medical Equipment & Devices,2024-12-31,2025-12-31,,,2024-12-31,2025-12-31,2,0
NB_1766,nonbankrupt,,MOBX,Mobix Labs Inc. Class A Common Stock,Technology,Semiconductors,MOBX US Equity,,1993-06-18,2026-05-02,Technology,Semiconductors,2021-12-31,2025-09-30,2021-08-31,2026-04-30,2021-08-31,2026-04-30,3,57
NB_1768,nonbankrupt,,MOD,Modine Manufacturing Company Common Stock,Consumer Discretionary,Auto Parts:O.E.M.,MOD US Equity,,1993-06-18,2026-05-02,Industrials,Electrical Equipment,1994-03-31,2026-03-31,1993-06-30,2026-04-30,1993-06-30,2026-04-30,33,395
NB_1769,nonbankrupt,,MODD,Modular Medical Inc. Common Stock,Health Care,Medical/Dental Instruments,MODD US Equity,,1993-06-18,2026-05-02,Health Care,Medical Equipment & Devices,2020-03-31,2026-03-31,2007-09-28,2026-04-30,2006-02-28,2026-04-30,7,75
NB_177,nonbankrupt,,ANIP,ANI Pharmaceuticals Inc.,Health Care,Biotechnology: Pharmaceutical Preparations,ANIP US Equity,,1993-06-18,2026-05-02,Health Care,Biotech & Pharma,1998-12-31,2025-12-31,1999-09-30,2026-04-30,1997-12-31,2026-04-30,25,320
NB_1770,nonbankrupt,,MOH,Molina Healthcare Inc Common Stock,Health Care,Medical Specialities,MOH US Equity,,1993-06-18,2026-05-02,Health Care,Health Care Facilities & Svcs,2000-12-31,2025-12-31,2003-07-31,2026-04-30,1999-12-31,2026-04-30,26,274
NB_1771,nonbankrupt,,MOS,Mosaic Company (The) Common Stock,Industrials,Agricultural Chemicals,MOS US Equity,,1993-06-18,2026-05-02,Materials,Chemicals,2005-05-31,2025-12-31,1993-06-30,2026-04-30,1993-06-30,2026-04-30,21,395
NB_1772,nonbankrupt,,MOV,Movado Group Inc. Common Stock,Consumer Discretionary,Consumer Specialties,MOV US Equity,,1993-06-18,2026-05-02,Consumer Discretionary,Apparel & Textile Products,1994-01-31,2026-01-31,1993-09-30,2026-04-30,1993-09-30,2026-04-30,33,392
NB_1773,nonbankrupt,,MOVE,Corvex Inc. Common Stock,Technology,EDP Services,MOVE US Equity,,1993-06-18,2026-05-02,Technology,Software,2019-12-31,2025-12-31,2021-03-31,2026-04-30,2019-12-31,2026-04-30,7,62
NB_1774,nonbankrupt,,MP,MP Materials Corp. Common Stock,Basic Materials,Metal Mining,MP US Equity,,1993-06-18,2026-05-02,Materials,Metals & Mining,2020-12-31,2025-12-31,2020-06-30,2026-04-30,2020-06-30,2026-04-30,6,71
NB_1775,nonbankrupt,,MPAA,Motorcar Parts of America Inc. Common Stock,Consumer Discretionary,Auto Parts:O.E.M.,MPAA US Equity,,1993-06-18,2026-05-02,Consumer Discretionary,Automotive,1994-03-31,2026-03-31,1994-03-31,2026-04-30,1994-03-31,2026-04-30,32,385
NB_1776,nonbankrupt,,MPC,Marathon Petroleum Corporation Common Stock,Energy,Integrated oil Companies,MPC US Equity,,1993-06-18,2026-05-02,Energy,Oil & Gas Supply Chain,2008-12-31,2025-12-31,2011-06-30,2026-04-30,2007-12-31,2026-04-30,18,179
NB_1777,nonbankrupt,,MPLT,MapLight Therapeutics Inc. Common Stock,Health Care,Biotechnology: Pharmaceutical Preparations,MPLT US Equity,,1993-06-18,2026-05-02,Health Care,Biotech & Pharma,2023-12-31,2025-12-31,2025-10-31,2026-04-30,2023-12-31,2026-04-30,3,7
NB_1778,nonbankrupt,,MPLX,MPLX LP Common Units Representing Limited Partner Interests,Energy,Natural Gas Distribution,MPLX US Equity,,1993-06-18,2026-05-02,Energy,Oil & Gas Supply Chain,2010-12-31,2025-12-31,2012-10-31,2026-04-30,2007-12-31,2026-04-30,16,163
NB_1779,nonbankrupt,,MPTI,M-tron Industries Inc. Common Stock,Technology,Industrial Machinery/Components,MPTI US Equity,,1993-06-18,2026-05-02,Industrials,Electrical Equipment,2022-12-31,2025-12-31,2022-10-31,2026-04-30,2022-10-31,2026-04-30,4,43
NB_178,nonbankrupt,,ANIX,Anixa Biosciences Inc. Common Stock,Health Care,Biotechnology: Pharmaceutical Preparations,ANIX US Equity,,1993-06-18,2026-05-02,Health Care,Biotech & Pharma,1993-10-31,2025-10-31,1993-06-30,2026-04-30,1993-06-30,2026-04-30,29,395
NB_1780,nonbankrupt,,MPU,Mega Matrix Inc. Class A Ordinary Shares,Consumer Discretionary,Movies/Entertainment,MPU US Equity,,1993-06-18,2026-05-02,Communications,Internet Media & Services,2022-12-31,2023-12-31,1998-01-30,2026-04-30,1998-01-30,2026-04-30,2,340
NB_1781,nonbankrupt,,MPWR,Monolithic Power Systems Inc. Common Stock,Technology,Semiconductors,MPWR US Equity,,1993-06-18,2026-05-02,Technology,Semiconductors,2002-12-31,2025-12-31,2004-11-30,2026-04-30,2002-12-31,2026-04-30,24,258
NB_1782,nonbankrupt,,MQ,Marqeta Inc. Class A Common Stock,Technology,Computer Software: Prepackaged Software,MQ US Equity,,1993-06-18,2026-05-02,Financials,Specialty Finance,2019-12-31,2025-12-31,2021-06-30,2026-04-30,2019-12-31,2026-04-30,7,59
NB_1783,nonbankrupt,,MRAM,Everspin Technologies Inc. Common Stock,Technology,Semiconductors,MRAM US Equity,,1993-06-18,2026-05-02,Technology,Technology Hardware,2014-12-31,2025-12-31,2016-10-31,2026-04-30,2014-12-31,2026-04-30,12,115
NB_1784,nonbankrupt,,MRCY,Mercury Systems Inc Common Stock,Technology,Electrical Products,MRCY US Equity,,1993-06-18,2026-05-02,Industrials,Aerospace & Defense,1996-06-30,2025-06-27,1998-01-30,2026-04-30,1996-06-30,2026-04-30,30,340
NB_1786,nonbankrupt,,MRK,Merck & Company Inc. Common Stock (new),Health Care,Biotechnology: Pharmaceutical Preparations,MRK US Equity,,1993-06-18,2026-05-02,Health Care,Biotech & Pharma,1993-12-31,2025-12-31,1993-06-30,2026-04-30,1993-06-30,2026-04-30,33,395
NB_1787,nonbankrupt,,MRKR,Marker Therapeutics Inc. Common Stock,Health Care,Biotechnology: Pharmaceutical Preparations,MRKR US Equity,,1993-06-18,2026-05-02,Health Care,Biotech & Pharma,2000-12-31,2025-12-31,1998-01-30,2026-04-30,1998-01-30,2026-04-30,26,335
NB_1788,nonbankrupt,,MRLN,Merlin Inc. Common Stock,Technology,EDP Services,MRLN US Equity,,1993-06-18,2026-05-02,Industrials,Aerospace & Defense,2024-12-31,2025-12-31,2024-12-31,2026-04-30,2024-10-31,2026-04-30,2,17
NB_1789,nonbankrupt,,MRNA,Moderna Inc. Common Stock,Health Care,Biotechnology: Biological Products (No Diagnostic Substances),MRNA US Equity,,1993-06-18,2026-05-02,Health Care,Biotech & Pharma,2016-12-31,2025-12-31,2018-12-31,2026-04-30,2016-12-31,2026-04-30,10,89
NB_179,nonbankrupt,,ANNA,AleAnna Inc. Class A Common Stock,Energy,Oil & Gas Production,ANNA US Equity,,1993-06-18,2026-05-02,Energy,Oil & Gas Supply Chain,2021-12-31,2025-12-31,2022-02-28,2026-04-30,2021-12-31,2026-04-30,5,51
NB_1790,nonbankrupt,,MRTN,Marten Transport Ltd. Common Stock,Industrials,Trucking Freight/Courier Services,MRTN US Equity,,1993-06-18,2026-05-02,Industrials,Transportation & Logistics,1993-12-31,2025-12-31,1993-06-30,2026-04-30,1993-06-30,2026-04-30,33,395
NB_1791,nonbankrupt,,MRVI,Maravai LifeSciences Holdings Inc. Class A Common Stock,Health Care,Biotechnology: Pharmaceutical Preparations,MRVI US Equity,,1993-06-18,2026-05-02,Health Care,Biotech & Pharma,2018-12-31,2025-12-31,2020-11-30,2026-04-30,2018-12-31,2026-04-30,8,66
NB_1792,nonbankrupt,,MRVL,Marvell Technology Inc. Common Stock,Technology,Semiconductors,MRVL US Equity,,1993-06-18,2026-05-02,Technology,Semiconductors,1999-01-31,2026-01-31,2000-06-30,2026-04-30,1996-09-30,2026-04-30,28,311
NB_1793,nonbankrupt,,MSA,MSA Safety Incorporated Common Stock,Health Care,Industrial Specialties,MSA US Equity,,1993-06-18,2026-05-02,Industrials,Machinery,1993-12-31,2025-12-31,1993-06-30,2026-04-30,1993-06-30,2026-04-30,33,395
NB_1794,nonbankrupt,,MSAI,MultiSensor AI Holdings Inc. Common Stock,Technology,Electronic Components,MSAI US Equity,,1993-06-18,2026-05-02,Technology,Technology Hardware,2021-12-31,2025-12-31,2021-11-30,2026-04-30,2021-11-30,2026-04-30,5,54
NB_1796,nonbankrupt,,MSB,Mesabi Trust Common Stock,Industrials,Precious Metals,MSB US Equity,,1993-06-18,2026-05-02,Materials,Metals & Mining,1994-01-31,2026-01-31,1993-06-30,2026-04-30,1993-06-30,2026-04-30,26,395
NB_1797,nonbankrupt,,MSCI,MSCI Inc. Common Stock,Consumer Discretionary,Business Services,MSCI US Equity,,1993-06-18,2026-05-02,Financials,Specialty Finance,2005-11-30,2025-12-31,2007-11-30,2026-04-30,2005-11-30,2026-04-30,21,222
NB_1798,nonbankrupt,,MSEX,Middlesex Water Company Common Stock,Utilities,Water Supply,MSEX US Equity,,1993-06-18,2026-05-02,Utilities,Gas & Water Utilities,1993-12-31,2025-12-31,1993-06-30,2026-04-30,1993-06-30,2026-04-30,33,395
NB_1799,nonbankrupt,,MSFT,Microsoft Corporation Common Stock,Technology,Computer Software: Prepackaged Software,MSFT US Equity,,1993-06-18,2026-05-02,Technology,Software,1993-06-30,2025-06-30,1993-06-30,2026-04-30,1993-06-30,2026-04-30,33,395
NB_18,nonbankrupt,,ACA,Arcosa Inc. Common Stock,Industrials,Metal Fabrications,ACA US Equity,,1993-06-18,2026-05-02,Materials,Construction Materials,2016-12-31,2025-12-31,2018-10-31,2026-04-30,2015-12-31,2026-04-30,10,91
NB_1800,nonbankrupt,,MSGE,Madison Square Garden Entertainment Corp. Class A Common Stock,Consumer Discretionary,Services-Misc. Amusement & Recreation,MSGE US Equity,,1993-06-18,2026-05-02,Consumer Discretionary,Leisure Facilities & Services,2021-06-30,2025-06-30,2023-04-28,2026-04-30,2021-06-30,2026-04-30,5,37
NB_1801,nonbankrupt,,MSGM,Motorsport Games Inc. Class A Common Stock,Technology,Computer Software: Prepackaged Software,MSGM US Equity,,1993-06-18,2026-05-02,Communications,Entertainment Content,2018-12-31,2025-12-31,2021-01-29,2026-04-30,2018-12-31,2026-04-30,8,64
NB_1802,nonbankrupt,,MSGS,Madison Square Garden Sports Corp. Class A Common Stock (New),Consumer Discretionary,Services-Misc. Amusement & Recreation,MSGS US Equity,,1993-06-18,2026-05-02,Consumer Discretionary,Leisure Facilities & Services,2012-06-30,2025-06-30,2015-09-30,2026-04-30,2012-06-30,2026-04-30,13,128
NB_1803,nonbankrupt,,MSI,Motorola Solutions Inc. Common Stock,Technology,Radio And Television Broadcasting And Communications Equipment,MSI US Equity,,1993-06-18,2026-05-02,Technology,Technology Hardware,1995-12-31,2025-12-31,1993-06-30,2026-04-30,1993-06-30,2026-04-30,31,395
NB_1804,nonbankrupt,,MSM,MSC Industrial Direct Company Inc. Common Stock,Industrials,Industrial Machinery/Components,MSM US Equity,,1993-06-18,2026-05-02,Industrials,Industrial Support Services,1995-09-02,2025-08-30,1995-12-29,2026-04-30,1995-09-02,2026-04-30,31,365
NB_1805,nonbankrupt,,MSN,Emerson Radio Corporation Common Stock,Consumer Staples,Consumer Electronics/Appliances,MSN US Equity,,1993-06-18,2026-05-02,Technology,Technology Hardware,1994-03-31,2026-03-31,1993-06-30,2026-04-30,1993-06-30,2026-04-30,32,384
NB_1806,nonbankrupt,,MSS,Maison Solutions Inc. Class A Common Stock,Consumer Staples,Food Chains,MSS US Equity,,1993-06-18,2026-05-02,Consumer Staples,Retail - Consumer Staples,2021-04-30,2025-04-30,2023-10-31,2026-04-30,2021-04-30,2026-04-30,5,31
NB_1807,nonbankrupt,,MSTR,Strategy Inc Common Stock Class A,Technology,Computer Software: Prepackaged Software,MSTR US Equity,,1993-06-18,2026-05-02,Technology,Software,1996-12-31,2025-12-31,1998-06-30,2026-04-30,1996-12-31,2026-04-30,30,335
NB_1808,nonbankrupt,,MTCH,Match Group Inc. Common Stock,Technology,Computer Software: Programming Data Processing,MTCH US Equity,,1993-06-18,2026-05-02,Communications,Internet Media & Services,1993-08-31,2025-12-31,2020-07-31,2026-04-30,1993-08-31,2026-04-30,33,70
NB_1809,nonbankrupt,,MTDR,Matador Resources Company Common Stock,Energy,Oil & Gas Production,MTDR US Equity,,1993-06-18,2026-05-02,Energy,Oil & Gas Supply Chain,2009-12-31,2025-12-31,2012-02-29,2026-04-30,2006-12-31,2026-04-30,17,171
NB_181,nonbankrupt,,ANNX,Annexon Inc. Common Stock,Health Care,Biotechnology: Pharmaceutical Preparations,ANNX US Equity,,1993-06-18,2026-05-02,Health Care,Biotech & Pharma,2018-12-31,2025-12-31,2020-07-31,2026-04-30,2018-12-31,2026-04-30,8,70
NB_1810,nonbankrupt,,MTEX,Mannatech Incorporated Common Stock,Health Care,Medicinal Chemicals and Botanical Products,MTEX US Equity,,1993-06-18,2026-05-02,Consumer Staples,Food,1996-12-31,2025-12-31,1999-02-26,2026-04-30,1996-12-31,2026-04-30,30,327
NB_1811,nonbankrupt,,MTH,Meritage Homes Corporation Common Stock,Consumer Discretionary,Homebuilding,MTH US Equity,,1993-06-18,2026-05-02,Consumer Discretionary,Home Construction,1995-12-31,2025-12-31,1993-06-30,2026-04-30,1993-06-30,2026-04-30,31,395
NB_1812,nonbankrupt,,MTN,Vail Resorts Inc. Common Stock,Consumer Discretionary,Services-Misc. Amusement & Recreation,MTN US Equity,,1993-06-18,2026-05-02,Consumer Discretionary,Leisure Facilities & Services,1995-09-30,2025-07-31,1997-02-28,2026-04-30,1995-09-30,2026-04-30,30,351
NB_1813,nonbankrupt,,MTNB,Matinas Biopharma Holdings Inc. Common Stock,Health Care,Biotechnology: Pharmaceutical Preparations,MTNB US Equity,,1993-06-18,2026-05-02,Health Care,Biotech & Pharma,2011-12-31,2025-12-31,2014-07-31,2026-04-30,2011-12-31,2026-04-30,15,142
NB_1814,nonbankrupt,,MTR,Mesa Royalty Trust Common Stock,Energy,Oil & Gas Production,MTR US Equity,,1993-06-18,2026-05-02,Energy,Oil & Gas Supply Chain,2012-12-31,2025-12-31,1993-06-30,2026-04-30,1993-06-30,2026-04-30,14,395
NB_1815,nonbankrupt,,MTRN,Materion Corporation,Industrials,Industrial Specialties,MTRN US Equity,,1993-06-18,2026-05-02,Materials,Chemicals,1993-12-31,2025-12-31,1993-06-30,2026-04-30,1993-06-30,2026-04-30,33,395
NB_1816,nonbankrupt,,MTRX,Matrix Service Company Common Stock,Consumer Discretionary,Engineering & Construction,MTRX US Equity,,1993-06-18,2026-05-02,Energy,Oil & Gas Services & Equip,1994-06-30,2025-06-30,1993-06-30,2026-04-30,1993-06-30,2026-04-30,31,395
NB_1817,nonbankrupt,,MTSI,MACOM Technology Solutions Holdings Inc. Common Stock,Technology,Semiconductors,MTSI US Equity,,1993-06-18,2026-05-02,Technology,Semiconductors,2009-10-02,2025-10-03,2012-03-30,2026-04-30,2006-10-01,2026-04-30,17,170
NB_1818,nonbankrupt,,MTUS,Metallus Inc. Common Shares,Industrials,Steel/Iron Ore,MTUS US Equity,,1993-06-18,2026-05-02,Materials,Steel,2014-12-31,2025-12-31,2014-06-30,2026-04-30,2014-06-30,2026-04-30,12,143
NB_1819,nonbankrupt,,MTVA,MetaVia Inc. Common Stock,Health Care,Biotechnology: Pharmaceutical Preparations,MTVA US Equity,,1993-06-18,2026-05-02,Health Care,Biotech & Pharma,2014-12-31,2025-12-31,2016-08-31,2026-04-30,2014-12-31,2026-04-30,12,117
NB_182,nonbankrupt,,ANRO,Alto Neuroscience Inc. Common Stock,Health Care,Biotechnology: Pharmaceutical Preparations,ANRO US Equity,,1993-06-18,2026-05-02,Health Care,Biotech & Pharma,2021-12-31,2025-12-31,2024-02-29,2026-04-30,2021-12-31,2026-04-30,5,27
NB_1820,nonbankrupt,,MTW,Manitowoc Company Inc. (The) Common Stock,Industrials,Construction/Ag Equipment/Trucks,MTW US Equity,,1993-06-18,2026-05-02,Industrials,Machinery,1993-07-03,2025-12-31,1993-06-30,2026-04-30,1993-06-30,2026-04-30,33,395
NB_1821,nonbankrupt,,MTX,Minerals Technologies Inc. Common Stock,Basic Materials,Major Chemicals,MTX US Equity,,1993-06-18,2026-05-02,Materials,Chemicals,1993-12-31,2025-12-31,1993-06-30,2026-04-30,1993-06-30,2026-04-30,33,395
NB_1822,nonbankrupt,,MTZ,MasTec Inc. Common Stock,Industrials,Water Sewer Pipeline Comm & Power Line Construction,MTZ US Equity,,1993-06-18,2026-05-02,Industrials,Engineering & Construction,1993-12-31,2025-12-31,1993-06-30,2026-04-30,1993-06-30,2026-04-30,33,395
NB_1823,nonbankrupt,,MU,Micron Technology Inc. Common Stock,Technology,Semiconductors,MU US Equity,,1993-06-18,2026-05-02,Technology,Semiconductors,1993-09-02,2025-08-28,1993-06-30,2026-04-30,1993-06-30,2026-04-30,33,395
NB_1824,nonbankrupt,,MUR,Murphy Oil Corporation Common Stock,Energy,Oil & Gas Production,MUR US Equity,,1993-06-18,2026-05-02,Energy,Oil & Gas Supply Chain,1993-12-31,2025-12-31,1993-06-30,2026-04-30,1993-06-30,2026-04-30,33,395
NB_1825,nonbankrupt,,MUSA,Murphy USA Inc. Common Stock,Consumer Discretionary,Retail-Auto Dealers and Gas Stations,MUSA US Equity,,1993-06-18,2026-05-02,Energy,Oil & Gas Supply Chain,2011-12-31,2025-12-31,2013-08-30,2026-04-30,2010-12-31,2026-04-30,15,153
NB_1826,nonbankrupt,,MVIS,MicroVision Inc. Common Stock,Technology,Industrial Machinery/Components,MVIS US Equity,,1993-06-18,2026-05-02,Technology,Technology Hardware,1994-12-31,2025-12-31,1996-08-30,2026-04-30,1994-12-31,2026-04-30,29,357
NB_1827,nonbankrupt,,MWA,MUELLER WATER PRODUCTS Common Stock,Industrials,Metal Fabrications,MWA US Equity,,1993-06-18,2026-05-02,Industrials,Machinery,2004-09-30,2025-09-30,2006-05-31,2026-04-30,2004-09-30,2026-04-30,22,240
NB_1828,nonbankrupt,,MWH,SOLV Energy Inc. Class A Common Stock,Industrials,Military/Government/Technical,MWH US Equity,,1993-06-18,2026-05-02,Energy,Renewable Energy,2024-12-31,2025-12-31,2006-04-28,2026-04-30,2006-04-28,2026-04-30,2,17
NB_1829,nonbankrupt,,MWYN,Marwynn Holdings Inc. Common stock,Consumer Discretionary,Food Distributors,MWYN US Equity,,1993-06-18,2026-05-02,Industrials,Transportation & Logistics,2023-04-30,2026-04-30,2025-03-31,2026-04-30,2023-04-30,2026-04-30,4,14
NB_183,nonbankrupt,,ANTX,AN2 Therapeutics Inc. Common Stock,Health Care,Biotechnology: Pharmaceutical Preparations,ANTX US Equity,,1993-06-18,2026-05-02,Health Care,Biotech & Pharma,2020-12-31,2025-12-31,2022-03-31,2026-04-30,2020-12-31,2026-04-30,6,50
NB_1830,nonbankrupt,,MXC,Mexco Energy Corporation Common Stock,Energy,Oil & Gas Production,MXC US Equity,,1993-06-18,2026-05-02,Energy,Oil & Gas Supply Chain,1995-03-31,2026-03-31,1994-05-31,2026-04-30,1994-05-31,2026-04-30,32,344
NB_1831,nonbankrupt,,MXCT,MaxCyte Inc. Common Stock,Health Care,Biotechnology: Commercial Physical & Biological Resarch,MXCT US Equity,,1993-06-18,2026-05-02,Health Care,Medical Equipment & Devices,2012-12-31,2025-12-31,2019-12-31,2026-04-30,2012-12-31,2026-04-30,14,61
NB_1832,nonbankrupt,,MXL,MaxLinear Inc. Common Stock,Technology,Semiconductors,MXL US Equity,,1993-06-18,2026-05-02,Technology,Semiconductors,2007-12-31,2025-12-31,2010-03-31,2026-04-30,2007-12-31,2026-04-30,19,194
NB_1833,nonbankrupt,,MYE,Myers Industries Inc. Common Stock,Industrials,Plastic Products,MYE US Equity,,1993-06-18,2026-05-02,Materials,Containers & Packaging,1993-12-31,2025-12-31,1993-06-30,2026-04-30,1993-06-30,2026-04-30,33,395
NB_1834,nonbankrupt,,MYGN,Myriad Genetics Inc. Common Stock,Health Care,Biotechnology: In Vitro & In Vivo Diagnostic Substances,MYGN US Equity,,1993-06-18,2026-05-02,Health Care,Medical Equipment & Devices,1994-06-30,2025-12-31,1995-10-31,2026-04-30,1994-06-30,2026-04-30,32,367
NB_1835,nonbankrupt,,MYO,Myomo Inc. Common Stock,Health Care,Industrial Specialties,MYO US Equity,,1993-06-18,2026-05-02,Health Care,Medical Equipment & Devices,2017-12-31,2025-12-31,2017-06-30,2026-04-30,2017-06-30,2026-04-30,9,107
NB_1836,nonbankrupt,,MYPS,PLAYSTUDIOS Inc. Class A Common Stock,Technology,Computer Software: Prepackaged Software,MYPS US Equity,,1993-06-18,2026-05-02,Communications,Entertainment Content,2020-12-31,2025-12-31,2020-12-31,2026-04-30,2020-10-30,2026-04-30,6,65
NB_1837,nonbankrupt,,MYRG,MYR Group Inc. Common Stock,Industrials,Water Sewer Pipeline Comm & Power Line Construction,MYRG US Equity,,1993-06-18,2026-05-02,Industrials,Engineering & Construction,2007-12-31,2025-12-31,2008-08-29,2026-04-30,2007-12-31,2026-04-30,19,213
NB_1838,nonbankrupt,,MYSE,Myseum.AI Inc. Common Stock,Telecommunications,Telecommunications Equipment,MYSE US Equity,,1993-06-18,2026-05-02,Technology,Software,2019-12-31,2025-12-31,2021-08-31,2026-04-30,2019-12-31,2026-04-30,7,57
NB_1839,nonbankrupt,,MZTI,The Marzetti Company Common Stock,Consumer Staples,Packaged Foods,MZTI US Equity,,1993-06-18,2026-05-02,Consumer Staples,Food,1993-06-30,2025-06-30,1993-06-30,2026-04-30,1993-06-30,2026-04-30,33,395
NB_184,nonbankrupt,,ANVS,Annovis Bio Inc. Common Stock,Health Care,Biotechnology: Pharmaceutical Preparations,ANVS US Equity,,1993-06-18,2026-05-02,Health Care,Biotech & Pharma,2017-12-31,2025-12-31,2020-01-31,2026-04-30,2017-12-31,2026-04-30,9,76
NB_1840,nonbankrupt,,NABL,N-able Inc. Common Stock,Technology,Computer Software: Prepackaged Software,NABL US Equity,,1993-06-18,2026-05-02,Technology,Software,2019-12-31,2025-12-31,2021-07-30,2026-04-30,2018-12-31,2026-04-30,7,58
NB_1841,nonbankrupt,,NAGE,Niagen Bioscience Inc. Common Stock,Health Care,Medicinal Chemicals and Botanical Products,NAGE US Equity,,1993-06-18,2026-05-02,Health Care,Biotech & Pharma,2009-01-03,2025-12-31,2008-06-30,2026-04-30,2007-08-31,2026-04-30,16,215
NB_1842,nonbankrupt,,NAII,Natural Alternatives International Inc. Common Stock,Health Care,Medicinal Chemicals and Botanical Products,NAII US Equity,,1993-06-18,2026-05-02,Consumer Staples,Food,1993-06-30,2025-06-30,1993-06-30,2026-04-30,1993-06-30,2026-04-30,33,395
NB_1843,nonbankrupt,,NAKA,Nakamoto Inc. Common Stock,Health Care,Medical/Nursing Services,NAKA US Equity,,1993-06-18,2026-05-02,Health Care,Health Care Facilities & Svcs,2021-12-31,2025-12-31,2024-05-31,2026-04-30,2021-12-31,2026-04-30,4,24
NB_1844,nonbankrupt,,NATH,Nathan's Famous Inc. Common Stock,Consumer Discretionary,Restaurants,NATH US Equity,,1993-06-18,2026-05-02,Consumer Staples,Food,1994-03-27,2026-03-29,1993-06-30,2026-04-30,1993-06-30,2026-04-30,31,395
NB_1845,nonbankrupt,,NATR,Nature's Sunshine Products Inc. Common Stock,Health Care,Biotechnology: Pharmaceutical Preparations,NATR US Equity,,1993-06-18,2026-05-02,Consumer Staples,Food,1993-12-31,2025-12-31,1993-06-30,2026-04-30,1993-06-30,2026-04-30,33,391
NB_1846,nonbankrupt,,NAUT,Nautilus Biotechnology Inc. Common Stock,Industrials,Biotechnology: Laboratory Analytical Instruments,NAUT US Equity,,1993-06-18,2026-05-02,Health Care,Medical Equipment & Devices,2020-12-31,2025-12-31,2020-08-31,2026-04-30,2020-08-31,2026-04-30,6,69
NB_1847,nonbankrupt,,NAVN,Navan Inc. Class A Common Stock,Technology,Computer Software: Prepackaged Software,NAVN US Equity,,1993-06-18,2026-05-02,Technology,Software,2024-01-31,2026-01-31,2025-10-31,2026-04-30,2024-01-31,2026-04-30,3,7
NB_1848,nonbankrupt,,NB,NioCorp Developments Ltd. Common Stock,Basic Materials,Metal Mining,NB US Equity,,1993-06-18,2026-05-02,Materials,Metals & Mining,2009-06-30,2025-06-30,2003-02-28,2026-04-30,2000-06-30,2026-04-30,16,212
NB_1849,nonbankrupt,,NBIX,Neurocrine Biosciences Inc. Common Stock,Health Care,Biotechnology: Biological Products (No Diagnostic Substances),NBIX US Equity,,1993-06-18,2026-05-02,Health Care,Biotech & Pharma,1994-12-31,2025-12-31,1996-05-31,2026-04-30,1994-12-31,2026-04-30,32,360
NB_185,nonbankrupt,,AORT,Artivion Inc. Common Stock,Health Care,Medical/Dental Instruments,AORT US Equity,,1993-06-18,2026-05-02,Health Care,Medical Equipment & Devices,1993-12-31,2025-12-31,1993-06-30,2026-04-30,1993-06-30,2026-04-30,33,395
NB_1850,nonbankrupt,,NC,NACCO Industries Inc. Common Stock,Energy,Coal Mining,NC US Equity,,1993-06-18,2026-05-02,Materials,Metals & Mining,1993-12-31,2025-12-31,1993-06-30,2026-04-30,1993-06-30,2026-04-30,33,395
NB_1851,nonbankrupt,,NCLH,Norwegian Cruise Line Holdings Ltd. Ordinary Shares,Consumer Discretionary,Marine Transportation,NCLH US Equity,,1993-06-18,2026-05-02,Consumer Discretionary,Leisure Facilities & Services,2009-12-31,2025-12-31,2013-01-31,2026-04-30,2006-12-31,2026-04-30,17,160
NB_1852,nonbankrupt,,NCMI,National CineMedia Inc. Common Stock,Consumer Discretionary,Advertising,NCMI US Equity,,1993-06-18,2026-05-02,Communications,Advertising & Marketing,2005-12-31,2026-01-01,2007-02-28,2026-04-30,2000-06-30,2026-04-30,18,231
NB_1853,nonbankrupt,,NCNO,nCino Inc. Common Stock,Technology,Computer Software: Prepackaged Software,NCNO US Equity,,1993-06-18,2026-05-02,Technology,Software,2019-01-31,2026-01-31,2020-07-31,2026-04-30,2018-01-31,2026-04-30,8,70
NB_1854,nonbankrupt,,NDLS,Noodles & Company Class A Common Stock,Consumer Discretionary,Restaurants,NDLS US Equity,,1993-06-18,2026-05-02,Consumer Discretionary,Leisure Facilities & Services,2008-12-30,2025-12-30,2013-06-28,2026-04-30,2008-12-30,2026-04-30,15,155
NB_1855,nonbankrupt,,NDRA,ENDRA Life Sciences Inc. Common Stock,Health Care,Biotechnology: Electromedical & Electrotherapeutic Apparatus,NDRA US Equity,,1993-06-18,2026-05-02,Health Care,Medical Equipment & Devices,2014-12-31,2025-12-31,2017-06-30,2026-04-30,2014-12-31,2026-04-30,12,107
NB_1856,nonbankrupt,,NDSN,Nordson Corporation Common Stock,Industrials,Industrial Machinery/Components,NDSN US Equity,,1993-06-18,2026-05-02,Industrials,Machinery,1993-10-31,2025-10-31,1993-06-30,2026-04-30,1993-06-30,2026-04-30,31,395
NB_1857,nonbankrupt,,NE,Noble Corporation plc A Ordinary Shares,Energy,Oil & Gas Production,NE US Equity,,1993-06-18,2026-05-02,Energy,Oil & Gas Services & Equip,2016-12-31,2025-12-31,2021-06-30,2026-04-30,2016-12-31,2026-04-30,10,59
NB_1858,nonbankrupt,,NEE,NextEra Energy Inc. Common Stock,Utilities,Electric Utilities: Central,NEE US Equity,,1993-06-18,2026-05-02,Utilities,Electric Utilities,1993-12-31,2025-12-31,1993-06-30,2026-04-30,1993-06-30,2026-04-30,32,395
NB_1859,nonbankrupt,,NEM,Newmont Corporation,Basic Materials,Precious Metals,NEM US Equity,,1993-06-18,2026-05-02,Materials,Metals & Mining,1993-12-31,2025-12-31,1993-06-30,2026-04-30,1993-06-30,2026-04-30,33,395
NB_186,nonbankrupt,,AOS,A.O. Smith Corporation Common Stock,Consumer Discretionary,Consumer Electronics/Appliances,AOS US Equity,,1993-06-18,2026-05-02,Industrials,Electrical Equipment,1993-12-31,2025-12-31,1993-06-30,2026-04-30,1993-06-30,2026-04-30,33,395
NB_1860,nonbankrupt,,NEO,NeoGenomics Inc. Common Stock,Health Care,Precision Instruments,NEO US Equity,,1993-06-18,2026-05-02,Health Care,Health Care Facilities & Svcs,2008-12-31,2025-12-31,1999-11-30,2026-04-30,1999-11-30,2026-04-30,18,318
NB_1861,nonbankrupt,,NEOG,Neogen Corporation Common Stock,Health Care,Biotechnology: In Vitro & In Vivo Diagnostic Substances,NEOG US Equity,,1993-06-18,2026-05-02,Health Care,Medical Equipment & Devices,1994-05-31,2025-05-31,1993-06-30,2026-04-30,1993-06-30,2026-04-30,32,395
NB_1862,nonbankrupt,,NEPH,Nephros Inc. Common Stock,Health Care,Medical/Dental Instruments,NEPH US Equity,,1993-06-18,2026-05-02,Health Care,Medical Equipment & Devices,2001-12-31,2025-12-31,2004-09-30,2026-04-30,2001-12-31,2026-04-30,25,260
NB_1863,nonbankrupt,,NERV,Minerva Neurosciences Inc Common Stock,Health Care,Biotechnology: Pharmaceutical Preparations,NERV US Equity,,1993-06-18,2026-05-02,Health Care,Biotech & Pharma,2012-12-31,2025-12-31,2014-06-30,2026-04-30,2012-12-31,2026-04-30,14,143
NB_1864,nonbankrupt,,NESR,National Energy Services Reunited Corp Ordinary Shares,Energy,Oilfield Services/Equipment,NESR US Equity,,1993-06-18,2026-05-02,Energy,Oil & Gas Services & Equip,2017-12-31,2025-12-31,2017-06-30,2026-04-30,2017-05-31,2026-04-30,9,107
NB_1865,nonbankrupt,,NET,Cloudflare Inc. Class A Common Stock,Technology,Computer Software: Prepackaged Software,NET US Equity,,1993-06-18,2026-05-02,Technology,Software,2017-12-31,2025-12-31,2019-09-30,2026-04-30,2016-12-31,2026-04-30,9,80
NB_1866,nonbankrupt,,NEU,NewMarket Corp Common Stock,Industrials,Major Chemicals,NEU US Equity,,1993-06-18,2026-05-02,Materials,Chemicals,1993-12-31,2025-12-31,1993-06-30,2026-04-30,1993-06-30,2026-04-30,33,395
NB_1867,nonbankrupt,,NEUP,Neuphoria Therapeutics Inc. Common Stock,Health Care,Biotechnology: Pharmaceutical Preparations,NEUP US Equity,,1993-06-18,2026-05-02,Health Care,Biotech & Pharma,2000-06-30,2025-06-30,2021-12-31,2026-04-30,2000-06-30,2026-04-30,26,53
NB_1868,nonbankrupt,,NEXT,NextDecade Corporation Common Stock,Utilities,Oil & Gas Production,NEXT US Equity,,1993-06-18,2026-05-02,Energy,Oil & Gas Supply Chain,2014-12-31,2025-12-31,2015-06-30,2026-04-30,2014-12-31,2026-04-30,12,129
NB_1869,nonbankrupt,,NFE,New Fortress Energy Inc. Class A Common Stock,Utilities,Oil/Gas Transmission,NFE US Equity,,1993-06-18,2026-05-02,Energy,Oil & Gas Supply Chain,2017-12-31,2025-12-31,2019-01-31,2026-04-30,2017-12-31,2026-04-30,9,88
NB_187,nonbankrupt,,AOUT,American Outdoor Brands Inc. Common Stock,Consumer Discretionary,Recreational Games/Products/Toys,AOUT US Equity,,1993-06-18,2026-05-02,Consumer Discretionary,Leisure Products,2020-04-30,2026-04-30,2020-08-31,2026-04-30,2020-04-30,2026-04-30,7,69
NB_1871,nonbankrupt,,NFG,National Fuel Gas Company Common Stock,Utilities,Oil/Gas Transmission,NFG US Equity,,1993-06-18,2026-05-02,Utilities,Gas & Water Utilities,1993-09-30,2025-09-30,1993-06-30,2026-04-30,1993-06-30,2026-04-30,32,395
NB_1872,nonbankrupt,,NFLX,Netflix Inc. Common Stock,Consumer Discretionary,Consumer Electronics/Video Chains,NFLX US Equity,,1993-06-18,2026-05-02,Communications,Entertainment Content,1998-12-31,2025-12-31,2002-05-31,2026-04-30,1998-12-31,2026-04-30,28,288
NB_1873,nonbankrupt,,NGL,NGL ENERGY PARTNERS LP Common Units representing Limited Partner Interests,Utilities,Natural Gas Distribution,NGL US Equity,,1993-06-18,2026-05-02,Energy,Oil & Gas Supply Chain,2009-03-31,2026-03-31,2011-05-31,2026-04-30,2008-03-31,2026-04-30,18,180
NB_1874,nonbankrupt,,NGS,Natural Gas Services Group Inc. Common Stock,Energy,Oilfield Services/Equipment,NGS US Equity,,1993-06-18,2026-05-02,Energy,Oil & Gas Services & Equip,2001-12-31,2025-12-31,2002-10-31,2026-04-30,2000-12-31,2026-04-30,25,283
NB_1875,nonbankrupt,,NGVC,Natural Grocers by Vitamin Cottage Inc. Common Stock,Consumer Staples,Food Chains,NGVC US Equity,,1993-06-18,2026-05-02,Consumer Staples,Retail - Consumer Staples,2010-09-30,2025-09-30,2012-07-31,2026-04-30,2009-09-30,2026-04-30,16,166
NB_1876,nonbankrupt,,NGVT,Ingevity Corporation Common Stock,Industrials,Major Chemicals,NGVT US Equity,,1993-06-18,2026-05-02,Materials,Chemicals,2013-12-31,2025-12-31,2016-05-31,2026-04-30,2010-12-31,2026-04-30,13,120
NB_1877,nonbankrupt,,NHC,National HealthCare Corporation Common Stock,Health Care,Hospital/Nursing Management,NHC US Equity,,1993-06-18,2026-05-02,Health Care,Health Care Facilities & Svcs,1993-12-31,2025-12-31,1998-01-30,2026-04-30,1993-12-31,2026-04-30,33,340
NB_1878,nonbankrupt,,NHTC,Natural Health Trends Corp. Common Stock,Consumer Discretionary,Consumer Specialties,NHTC US Equity,,1993-06-18,2026-05-02,Consumer Staples,Food,1994-12-31,2025-12-31,1995-06-30,2026-04-30,1994-12-31,2026-04-30,30,371
NB_1879,nonbankrupt,,NI,NiSource Inc Common Stock,Utilities,Power Generation,NI US Equity,,1993-06-18,2026-05-02,Utilities,Gas & Water Utilities,1993-12-31,2025-12-31,1993-06-30,2026-04-30,1993-06-30,2026-04-30,33,395
NB_188,nonbankrupt,,AP,Ampco-Pittsburgh Corporation Common Stock,Industrials,Fluid Controls,AP US Equity,,1993-06-18,2026-05-02,Industrials,Industrial Intermediate Prod,1993-12-31,2025-12-31,1993-06-30,2026-04-30,1993-06-30,2026-04-30,32,395
NB_1880,nonbankrupt,,NIO,NIO Inc. American depositary shares each representing one Class A ordinary share,Industrials,Auto Manufacturing,NIO US Equity,,1993-06-18,2026-05-02,Consumer Discretionary,Automotive,2016-12-31,2025-12-31,2018-09-28,2026-04-30,2016-12-31,2026-04-30,10,92
NB_1882,nonbankrupt,,NIQ,NIQ Global Intelligence plc Ordinary Shares,Technology,Computer Software: Programming Data Processing,NIQ US Equity,,1993-06-18,2026-05-02,Consumer Discretionary,Consumer Services,2023-12-31,2025-12-31,2025-07-31,2026-04-30,2022-12-31,2026-04-30,3,10
NB_1883,nonbankrupt,,NIXX,Nixxy Inc. Common Stock,Technology,EDP Services,NIXX US Equity,,1993-06-18,2026-05-02,Communications,Internet Media & Services,1996-12-31,2025-12-31,1993-06-30,2026-04-30,1993-06-30,2026-04-30,26,342
NB_1884,nonbankrupt,,NJR,NewJersey Resources Corporation Common Stock,Utilities,Oil/Gas Transmission,NJR US Equity,,1993-06-18,2026-05-02,Utilities,Gas & Water Utilities,1993-09-30,2025-09-30,1993-06-30,2026-04-30,1993-06-30,2026-04-30,33,395
NB_1885,nonbankrupt,,NKE,Nike Inc. Common Stock,Consumer Discretionary,Shoe Manufacturing,NKE US Equity,,1993-06-18,2026-05-02,Consumer Discretionary,Apparel & Textile Products,1994-05-31,2025-05-31,1993-06-30,2026-04-30,1993-06-30,2026-04-30,32,395
NB_1886,nonbankrupt,,NKTR,Nektar Therapeutics Common Stock,Health Care,Biotechnology: Pharmaceutical Preparations,NKTR US Equity,,1993-06-18,2026-05-02,Health Care,Biotech & Pharma,1993-12-31,2025-12-31,1994-05-31,2026-04-30,1993-12-31,2026-04-30,33,384
NB_1887,nonbankrupt,,NKTX,Nkarta Inc. Common Stock,Health Care,Biotechnology: Pharmaceutical Preparations,NKTX US Equity,,1993-06-18,2026-05-02,Health Care,Biotech & Pharma,2018-12-31,2025-12-31,2020-07-31,2026-04-30,2018-12-31,2026-04-30,8,70
NB_1888,nonbankrupt,,NL,NLI Holdings Inc. Common Stock,Basic Materials,Major Chemicals,NL US Equity,,1993-06-18,2026-05-02,Industrials,Electrical Equipment,1993-12-31,2025-12-31,1993-06-30,2026-04-30,1993-06-30,2026-04-30,33,395
NB_1889,nonbankrupt,,NMAD,Nomad Power Solutions Inc. Common Stock,Health Care,Biotechnology: Pharmaceutical Preparations,NMAD US Equity,,1993-06-18,2026-05-02,Health Care,Medical Equipment & Devices,2005-12-31,2025-12-31,2007-09-28,2026-04-30,2005-12-31,2026-04-30,21,210
NB_189,nonbankrupt,,APA,APA Corporation Common Stock,Energy,Oil & Gas Production,APA US Equity,,1993-06-18,2026-05-02,Energy,Oil & Gas Supply Chain,1993-12-31,2025-12-31,1993-06-30,2026-04-30,1993-06-30,2026-04-30,33,395
NB_1890,nonbankrupt,,NMAX,Newsmax Inc. Class B Common Stock,Industrials,Broadcasting,NMAX US Equity,,1993-06-18,2026-05-02,Communications,Internet Media & Services,2022-12-31,2025-12-31,2025-03-31,2026-04-30,2022-12-31,2026-04-30,4,14
NB_1891,nonbankrupt,,NMRA,Neumora Therapeutics Inc. Common Stock,Health Care,Biotechnology: Biological Products (No Diagnostic Substances),NMRA US Equity,,1993-06-18,2026-05-02,Health Care,Biotech & Pharma,2021-12-31,2025-12-31,2023-09-29,2026-04-30,2021-12-31,2026-04-30,5,32
NB_1892,nonbankrupt,,NMTC,NeuroOne Medical Technologies Corporation Common Stock,Health Care,Medical/Dental Instruments,NMTC US Equity,,1993-06-18,2026-05-02,Health Care,Medical Equipment & Devices,2017-12-31,2025-09-30,2013-06-28,2026-04-30,2013-05-31,2026-04-30,8,104
NB_1893,nonbankrupt,,NN,NextNav Inc. Common Stock,Industrials,Industrial Machinery/Components,NN US Equity,,1993-06-18,2026-05-02,Technology,Technology Hardware,2020-12-31,2025-12-31,2020-11-30,2026-04-30,2020-11-30,2026-04-30,6,66
NB_1894,nonbankrupt,,NNBR,NN Inc. Common Stock,Industrials,Industrial Machinery/Components,NNBR US Equity,,1993-06-18,2026-05-02,Industrials,Industrial Intermediate Prod,1993-12-31,2025-12-31,1994-03-31,2026-04-30,1993-12-31,2026-04-30,33,386
NB_1895,nonbankrupt,,NNE,Nano Nuclear Energy Inc. Common Stock,Utilities,Electric Utilities: Central,NNE US Equity,,1993-06-18,2026-05-02,Industrials,Electrical Equipment,2022-09-30,2025-09-30,2024-05-31,2026-04-30,2022-09-30,2026-04-30,4,24
NB_1896,nonbankrupt,,NNVC,NanoViricides Inc. Common Stock,Health Care,Biotechnology: Pharmaceutical Preparations,NNVC US Equity,,1993-06-18,2026-05-02,Health Care,Biotech & Pharma,2007-06-30,2025-06-30,1994-04-29,2026-04-30,1994-04-29,2026-04-30,19,338
NB_1897,nonbankrupt,,NOC,Northrop Grumman Corporation Common Stock,Industrials,Industrial Machinery/Components,NOC US Equity,,1993-06-18,2026-05-02,Industrials,Aerospace & Defense,1993-12-31,2025-12-31,1993-06-30,2026-04-30,1993-06-30,2026-04-30,33,395
NB_1898,nonbankrupt,,NOG,Northern Oil and Gas Inc. Common Stock,Energy,Oil & Gas Production,NOG US Equity,,1993-06-18,2026-05-02,Energy,Oil & Gas Supply Chain,2005-12-31,2025-12-31,2007-01-31,2026-04-30,2005-12-31,2026-04-30,21,232
NB_1899,nonbankrupt,,NOMA,NOMADAR Corp. Class A Common Stock,Consumer Discretionary,Services-Misc. Amusement & Recreation,NOMA US Equity,,1993-06-18,2026-05-02,Consumer Discretionary,Leisure Facilities & Services,2023-12-31,2024-12-31,2025-10-31,2026-04-30,2023-12-31,2026-04-30,2,7
NB_19,nonbankrupt,,ACAD,ACADIA Pharmaceuticals Inc. Common Stock,Health Care,Biotechnology: Pharmaceutical Preparations,ACAD US Equity,,1993-06-18,2026-05-02,Health Care,Biotech & Pharma,1998-12-31,2025-12-31,2004-05-31,2026-04-30,1998-12-31,2026-04-30,27,264
NB_190,nonbankrupt,,APC,ARKO Petroleum Corp. Class A Common Stock,Energy,Oil Refining/Marketing,APC US Equity,,1993-06-18,2026-05-02,Energy,Oil & Gas Supply Chain,2023-12-31,2025-12-31,2026-02-27,2026-04-30,2022-12-31,2026-04-30,3,3
NB_1900,nonbankrupt,,NOV,NOV Inc. Common Stock,Consumer Discretionary,Oil and Gas Field Machinery,NOV US Equity,,1993-06-18,2026-05-02,Energy,Oil & Gas Services & Equip,1996-12-31,2025-12-31,1996-10-31,2026-04-30,1996-10-31,2026-04-30,30,355
NB_1901,nonbankrupt,,NOW,ServiceNow Inc. Common Stock,Technology,Computer Software: Prepackaged Software,NOW US Equity,,1993-06-18,2026-05-02,Technology,Software,2010-06-30,2025-12-31,2012-06-29,2026-04-30,2007-06-30,2026-04-30,16,167
NB_1902,nonbankrupt,,NPCE,Neuropace Inc. Common Stock,Health Care,Medical/Dental Instruments,NPCE US Equity,,1993-06-18,2026-05-02,Health Care,Medical Equipment & Devices,2019-12-31,2025-12-31,2021-04-30,2026-04-30,2019-12-31,2026-04-30,7,61
NB_1903,nonbankrupt,,NPK,National Presto Industries Inc. Common Stock,Industrials,Ordnance And Accessories,NPK US Equity,,1993-06-18,2026-05-02,Industrials,Aerospace & Defense,1993-12-31,2025-12-31,1993-06-30,2026-04-30,1993-06-30,2026-04-30,33,395
NB_1904,nonbankrupt,,NPKI,NPK International Inc. Common Stock,Industrials,Misc Corporate Leasing Services,NPKI US Equity,,1993-06-18,2026-05-02,Industrials,Industrial Support Services,1993-12-31,2025-12-31,1993-06-30,2026-04-30,1993-06-30,2026-04-30,33,395
NB_1905,nonbankrupt,,NPO,Enpro Inc. Common Stock,Industrials,Metal Fabrications,NPO US Equity,,1993-06-18,2026-05-02,Industrials,Industrial Intermediate Prod,2000-12-31,2025-12-31,2002-05-31,2026-04-30,1999-12-31,2026-04-30,26,288
NB_1906,nonbankrupt,,NPWR,NET Power Inc. Class A Common Stock,Energy,Industrial Machinery/Components,NPWR US Equity,,1993-06-18,2026-05-02,Utilities,Electric Utilities,2021-12-31,2025-12-31,2021-08-31,2026-04-30,2021-06-30,2026-04-30,5,57
NB_1907,nonbankrupt,,NRC,NRC Health Common Stock,Health Care,Biotechnology: Commercial Physical & Biological Resarch,NRC US Equity,,1993-06-18,2026-05-02,Industrials,Commercial Support Services,1995-12-31,2025-12-31,2013-05-31,2026-04-30,1995-12-31,2026-04-30,31,156
NB_1908,nonbankrupt,,NRDS,NerdWallet Inc. Class A Common Stock,Technology,EDP Services,NRDS US Equity,,1993-06-18,2026-05-02,Financials,Specialty Finance,2019-12-31,2025-12-31,2021-11-30,2026-04-30,2019-12-31,2026-04-30,7,54
NB_1909,nonbankrupt,,NRG,NRG Energy Inc. Common Stock,Utilities,Electric Utilities: Central,NRG US Equity,,1993-06-18,2026-05-02,Utilities,Electric Utilities,1998-12-31,2025-12-31,2003-12-31,2026-04-30,1998-12-31,2026-04-30,28,269
NB_191,nonbankrupt,,APD,Air Products and Chemicals Inc. Common Stock,Basic Materials,Major Chemicals,APD US Equity,,1993-06-18,2026-05-02,Materials,Chemicals,1993-09-30,2025-09-30,1993-06-30,2026-04-30,1993-06-30,2026-04-30,33,395
NB_1910,nonbankrupt,,NRIX,Nurix Therapeutics Inc. Common stock,Health Care,Biotechnology: Pharmaceutical Preparations,NRIX US Equity,,1993-06-18,2026-05-02,Health Care,Biotech & Pharma,2018-11-30,2025-11-30,2020-07-31,2026-04-30,2018-11-30,2026-04-30,8,70
NB_1911,nonbankrupt,,NRP,Natural Resource Partners LP Limited Partnership,Energy,Coal Mining,NRP US Equity,,1993-06-18,2026-05-02,Materials,Metals & Mining,2003-12-31,2025-12-31,2002-10-31,2026-04-30,2002-10-31,2026-04-30,23,283
NB_1912,nonbankrupt,,NRT,North European Oil Royality Trust Common Stock,Energy,Oil & Gas Production,NRT US Equity,,1993-06-18,2026-05-02,Energy,Oil & Gas Supply Chain,2016-10-31,2025-10-31,1993-06-30,2026-04-30,1993-06-30,2026-04-30,10,395
NB_1913,nonbankrupt,,NRXP,NRX Pharmaceuticals Inc. Common Stock,Health Care,Biotechnology: Pharmaceutical Preparations,NRXP US Equity,,1993-06-18,2026-05-02,Health Care,Biotech & Pharma,2017-12-31,2025-12-31,2017-12-29,2026-04-30,2017-12-29,2026-04-30,9,101
NB_1914,nonbankrupt,,NRXS,Neuraxis Inc. Common Stock,Health Care,Biotechnology: Electromedical & Electrotherapeutic Apparatus,NRXS US Equity,,1993-06-18,2026-05-02,Health Care,Medical Equipment & Devices,2020-12-31,2025-12-31,2023-08-31,2026-04-30,2020-12-31,2026-04-30,5,33
NB_1915,nonbankrupt,,NSC,Norfolk Southern Corporation Common Stock,Industrials,Railroads,NSC US Equity,,1993-06-18,2026-05-02,Industrials,Transportation & Logistics,1993-12-31,2025-12-31,1993-06-30,2026-04-30,1993-06-30,2026-04-30,33,395
NB_1916,nonbankrupt,,NSIT,Insight Enterprises Inc. Common Stock,Consumer Discretionary,Catalog/Specialty Distribution,NSIT US Equity,,1993-06-18,2026-05-02,Technology,IT Services,1993-06-30,2025-12-31,1995-01-31,2026-04-30,1993-06-30,2026-04-30,33,376
NB_1917,nonbankrupt,,NSP,Insperity Inc. Common Stock,Consumer Discretionary,Professional Services,NSP US Equity,,1993-06-18,2026-05-02,Industrials,Commercial Support Services,1994-12-31,2025-12-31,1997-01-31,2026-04-30,1994-12-31,2026-04-30,32,352
NB_1918,nonbankrupt,,NSSC,NAPCO Security Technologies Inc. Common Stock,Telecommunications,Telecommunications Equipment,NSSC US Equity,,1993-06-18,2026-05-02,Industrials,Electrical Equipment,1993-06-30,2025-06-30,1993-06-30,2026-04-30,1993-06-30,2026-04-30,32,395
NB_1919,nonbankrupt,,NSYS,Nortech Systems Incorporated Common Stock,Technology,Industrial Machinery/Components,NSYS US Equity,,1993-06-18,2026-05-02,Industrials,Electrical Equipment,1993-12-31,2025-12-31,1993-06-30,2026-04-30,1993-06-30,2026-04-30,33,395
NB_192,nonbankrupt,,APG,APi Group Corporation Common Stock,Consumer Discretionary,Diversified Commercial Services,APG US Equity,,1993-06-18,2026-05-02,Industrials,Industrial Support Services,2019-12-31,2025-12-31,2017-10-31,2026-04-30,2017-10-31,2026-04-30,7,97
NB_1920,nonbankrupt,,NTAP,NetApp Inc. Common Stock,Technology,Electronic Components,NTAP US Equity,,1993-06-18,2026-05-02,Technology,Technology Hardware,1994-04-30,2026-04-24,1995-11-30,2026-04-30,1994-04-30,2026-04-30,33,366
NB_1921,nonbankrupt,,NTCT,NetScout Systems Inc. Common Stock,Technology,EDP Services,NTCT US Equity,,1993-06-18,2026-05-02,Technology,Technology Hardware,1998-03-31,2026-03-31,1999-08-31,2026-04-30,1998-03-31,2026-04-30,29,321
NB_1922,nonbankrupt,,NTGR,NETGEAR Inc. Common Stock,Utilities,Telecommunications Equipment,NTGR US Equity,,1993-06-18,2026-05-02,Technology,Technology Hardware,1998-12-31,2025-12-31,2003-07-31,2026-04-30,1998-12-31,2026-04-30,27,274
NB_1923,nonbankrupt,,NTHI,NeOnc Technologies Holdings Inc. Common Stock,Health Care,Biotechnology: Pharmaceutical Preparations,NTHI US Equity,,1993-06-18,2026-05-02,Health Care,Biotech & Pharma,2021-12-31,2025-12-31,2025-03-31,2026-04-30,2021-12-31,2026-04-30,5,14
NB_1924,nonbankrupt,,NTIC,Northern Technologies International Corporation Common Stock,Industrials,Industrial Specialties,NTIC US Equity,,1993-06-18,2026-05-02,Materials,Chemicals,1993-08-31,2025-08-31,1993-06-30,2026-04-30,1993-06-30,2026-04-30,33,395
NB_1925,nonbankrupt,,NTLA,Intellia Therapeutics Inc. Common Stock,Health Care,Biotechnology: In Vitro & In Vivo Diagnostic Substances,NTLA US Equity,,1993-06-18,2026-05-02,Health Care,Biotech & Pharma,2014-12-31,2025-12-31,2016-05-31,2026-04-30,2014-12-31,2026-04-30,12,120
NB_1926,nonbankrupt,,NTNX,Nutanix Inc. Class A Common Stock,Technology,Computer Software: Prepackaged Software,NTNX US Equity,,1993-06-18,2026-05-02,Technology,Software,2014-07-31,2025-07-31,2016-09-30,2026-04-30,2012-07-31,2026-04-30,12,116
NB_1927,nonbankrupt,,NTRA,Natera Inc. Common Stock,Health Care,Medical Specialities,NTRA US Equity,,1993-06-18,2026-05-02,Health Care,Medical Equipment & Devices,2013-12-31,2025-12-31,2015-07-31,2026-04-30,2013-12-31,2026-04-30,13,130
NB_1928,nonbankrupt,,NTRB,Nutriband Inc. Common Stock,Health Care,Industrial Specialties,NTRB US Equity,,1993-06-18,2026-05-02,Health Care,Biotech & Pharma,2018-01-31,2026-01-31,2017-11-30,2026-04-30,2017-09-29,2026-04-30,9,102
NB_193,nonbankrupt,,APH,Amphenol Corporation Common Stock,Technology,Electrical Products,APH US Equity,,1993-06-18,2026-05-02,Industrials,Electrical Equipment,1993-12-31,2025-12-31,1997-05-30,2026-04-30,1993-12-31,2026-04-30,33,348
NB_1930,nonbankrupt,,NTRP,NextTrip Inc. Common Stock,Consumer Discretionary,Transportation Services,NTRP US Equity,,1993-06-18,2026-05-02,Communications,Internet Media & Services,2012-12-31,2026-02-28,2002-08-30,2026-04-30,2002-08-30,2026-04-30,14,200
NB_1931,nonbankrupt,,NTSK,Netskope Inc. Class A Common Stock,Technology,Computer Software: Prepackaged Software,NTSK US Equity,,1993-06-18,2026-05-02,Technology,Software,2024-01-31,2026-01-31,2025-09-30,2026-04-30,2024-01-31,2026-04-30,3,8
NB_1932,nonbankrupt,,NTWK,NetSol Technologies Inc. Common Stock,Technology,Computer Software: Prepackaged Software,NTWK US Equity,,1993-06-18,2026-05-02,Technology,IT Services,1999-06-30,2025-06-30,1998-09-30,2026-04-30,1998-09-30,2026-04-30,27,332
NB_1933,nonbankrupt,,NUAI,New Era Energy & Digital Inc. Common Stock,Energy,Oil & Gas Production,NUAI US Equity,,1993-06-18,2026-05-02,Real Estate,Real Estate Owners & Developers,2022-12-31,2025-12-31,2022-01-31,2026-04-30,1994-04-29,2026-04-30,4,52
NB_1935,nonbankrupt,,NUCL,Eagle Nuclear Energy Corp. Common stock,Basic Materials,Other Metals and Minerals,NUCL US Equity,,1993-06-18,2026-05-02,Materials,Metals & Mining,2021-12-31,2024-12-31,2022-10-31,2026-04-30,2021-12-31,2026-04-30,4,43
NB_1937,nonbankrupt,,NUE,Nucor Corporation Common Stock,Industrials,Steel/Iron Ore,NUE US Equity,,1993-06-18,2026-05-02,Materials,Steel,1993-12-31,2025-12-31,1993-06-30,2026-04-30,1993-06-30,2026-04-30,33,395
NB_1938,nonbankrupt,,NUS,Nu Skin Enterprises Inc. Common Stock,Health Care,Other Pharmaceuticals,NUS US Equity,,1993-06-18,2026-05-02,Consumer Staples,Household Products,1994-12-31,2025-12-31,1996-11-29,2026-04-30,1994-12-31,2026-04-30,32,354
NB_1939,nonbankrupt,,NUTX,Nutex Health Inc. Common Stock,Consumer Discretionary,Business Services,NUTX US Equity,,1993-06-18,2026-05-02,Technology,Software,2016-12-31,2025-12-31,2013-04-30,2026-04-30,2011-04-29,2026-04-30,10,140
NB_194,nonbankrupt,,APLD,Applied Digital Corporation Common Stock,Technology,EDP Services,APLD US Equity,,1993-06-18,2026-05-02,Communications,Telecommunications,2001-05-31,2025-05-31,2002-07-31,2026-04-30,2001-05-31,2026-04-30,12,286
NB_1940,nonbankrupt,,NUVB,Nuvation Bio Inc. Class A Common Stock,Health Care,Biotechnology: Pharmaceutical Preparations,NUVB US Equity,,1993-06-18,2026-05-02,Health Care,Biotech & Pharma,2019-12-31,2025-12-31,2020-08-31,2026-04-30,2019-12-31,2026-04-30,7,69
NB_1941,nonbankrupt,,NUWE,Nuwellis Inc. Common Stock,Health Care,Biotechnology: Electromedical & Electrotherapeutic Apparatus,NUWE US Equity,,1993-06-18,2026-05-02,Health Care,Medical Equipment & Devices,2011-12-31,2025-12-31,2012-02-29,2026-04-30,2011-12-31,2026-04-30,15,171
NB_1942,nonbankrupt,,NVAX,Novavax Inc. Common Stock,Health Care,Biotechnology: Biological Products (No Diagnostic Substances),NVAX US Equity,,1993-06-18,2026-05-02,Health Care,Biotech & Pharma,1994-12-31,2025-12-31,1995-12-29,2026-04-30,1994-12-31,2026-04-30,26,365
NB_1943,nonbankrupt,,NVCT,Nuvectis Pharma Inc. Common Stock,Health Care,Biotechnology: Pharmaceutical Preparations,NVCT US Equity,,1993-06-18,2026-05-02,Health Care,Biotech & Pharma,2020-12-31,2025-12-31,2022-02-28,2026-04-30,2020-12-31,2026-04-30,6,51
NB_1944,nonbankrupt,,NVDA,NVIDIA Corporation Common Stock,Technology,Semiconductors,NVDA US Equity,,1993-06-18,2026-05-02,Technology,Semiconductors,1999-01-31,2026-01-25,1999-01-29,2026-04-30,1999-01-29,2026-04-30,28,328
NB_1945,nonbankrupt,,NVEC,NVE Corporation Common Stock,Technology,Semiconductors,NVEC US Equity,,1993-06-18,2026-05-02,Technology,Semiconductors,1994-03-31,2026-03-31,1995-05-31,2026-04-30,1994-03-31,2026-04-30,33,372
NB_1946,nonbankrupt,,NVNO,enVVeno Medical Corporation Common Stock,Health Care,Medical/Dental Instruments,NVNO US Equity,,1993-06-18,2026-05-02,Health Care,Medical Equipment & Devices,2015-12-31,2025-12-31,2018-05-31,2026-04-30,2015-12-31,2026-04-30,10,96
NB_1947,nonbankrupt,,NVR,NVR Inc. Common Stock,Consumer Discretionary,Homebuilding,NVR US Equity,,1993-06-18,2026-05-02,Consumer Discretionary,Home Construction,1993-12-31,2025-12-31,1993-06-30,2026-04-30,1993-06-30,2026-04-30,33,395
NB_1948,nonbankrupt,,NVST,Envista Holdings Corporation Common Stock,Health Care,Medical/Dental Instruments,NVST US Equity,,1993-06-18,2026-05-02,Health Care,Medical Equipment & Devices,2017-12-31,2025-12-31,2019-09-30,2026-04-30,2016-12-31,2026-04-30,9,80
NB_1949,nonbankrupt,,NVTS,Navitas Semiconductor Corporation Common Stock,Technology,Semiconductors,NVTS US Equity,,1993-06-18,2026-05-02,Technology,Semiconductors,2020-12-31,2025-12-31,2021-01-29,2026-04-30,2020-12-31,2026-04-30,6,64
NB_195,nonbankrupt,,APLM,Apollomics Inc. Class A Ordinary Shares,Health Care,Biotechnology: Pharmaceutical Preparations,APLM US Equity,,1993-06-18,2026-05-02,Health Care,Biotech & Pharma,2020-12-31,2025-12-31,2021-11-30,2026-04-30,2020-12-31,2026-04-30,6,54
NB_1950,nonbankrupt,,NWE,NorthWestern Energy Group Inc. Common Stock,Utilities,Power Generation,NWE US Equity,,1993-06-18,2026-05-02,Utilities,Electric Utilities,2002-12-31,2025-12-31,2004-11-30,2026-04-30,2002-12-31,2026-04-30,24,258
NB_1951,nonbankrupt,,NWL,Newell Brands Inc. Common Stock,Industrials,Plastic Products,NWL US Equity,,1993-06-18,2026-05-02,Consumer Discretionary,Home & Office Products,1993-12-31,2025-12-31,1993-06-30,2026-04-30,1993-06-30,2026-04-30,33,395
NB_1952,nonbankrupt,,NWN,Northwest Natural Holding Company Common Stock,Utilities,Oil/Gas Transmission,NWN US Equity,,1993-06-18,2026-05-02,Utilities,Gas & Water Utilities,1993-12-31,2025-12-31,1993-06-30,2026-04-30,1993-06-30,2026-04-30,33,395
NB_1953,nonbankrupt,,NWPX,NWPX Infrastructure Inc. Common Stock,Industrials,Steel/Iron Ore,NWPX US Equity,,1993-06-18,2026-05-02,Materials,Construction Materials,1993-12-31,2025-12-31,1995-11-30,2026-04-30,1993-12-31,2026-04-30,33,366
NB_1954,nonbankrupt,,NWS,News Corporation Class B Common Stock,Consumer Discretionary,Newspapers/Magazines,NWS US Equity,,1993-06-18,2026-05-02,Communications,Publishing & Broadcasting,2009-06-30,2025-06-30,2013-06-28,2026-04-30,2009-06-30,2026-04-30,17,155
NB_1955,nonbankrupt,,NWSA,News Corporation Class A Common Stock,Consumer Discretionary,Newspapers/Magazines,NWSA US Equity,,1993-06-18,2026-05-02,Communications,Publishing & Broadcasting,2009-06-30,2025-06-30,2013-06-28,2026-04-30,2009-06-30,2026-04-30,17,155
NB_1956,nonbankrupt,,NWTG,Newton Golf Company Inc. Common Stock,Consumer Discretionary,Recreational Games/Products/Toys,NWTG US Equity,,1993-06-18,2026-05-02,Consumer Discretionary,Leisure Products,2022-12-31,2025-12-31,2023-08-31,2026-04-30,2022-12-31,2026-04-30,4,33
NB_1957,nonbankrupt,,NX,Quanex Building Products Corporation Common Stock,Industrials,Metal Fabrications,NX US Equity,,1993-06-18,2026-05-02,Consumer Staples,Household Products,2007-10-31,2025-10-31,2008-04-30,2026-04-30,2007-10-31,2026-04-30,19,217
NB_1958,nonbankrupt,,NXDR,Nextdoor Holdings Inc. Class A Common Stock,Technology,Computer Software: Programming Data Processing,NXDR US Equity,,1993-06-18,2026-05-02,Communications,Internet Media & Services,2021-12-31,2025-12-31,2021-03-31,2026-04-30,2021-03-31,2026-04-30,5,62
NB_1959,nonbankrupt,,NXGL,NexGel Inc Common Stock,Health Care,Medical/Dental Instruments,NXGL US Equity,,1993-06-18,2026-05-02,Health Care,Biotech & Pharma,2018-12-31,2025-12-31,2021-12-31,2026-04-30,2018-12-31,2026-04-30,8,53
NB_196,nonbankrupt,,APMD,Apnimed Inc. Common Stock,Health Care,Biotechnology: Pharmaceutical Preparations,APMD US Equity,,1993-06-18,2026-05-02,Health Care,Biotech & Pharma,2024-12-31,2025-12-31,,,2024-12-31,2025-12-31,2,0
NB_1961,nonbankrupt,,NXH,Neighborhood Intelligence Inc. Common Stock,Consumer Discretionary,Catalog/Specialty Distribution,NXH US Equity,,1993-06-18,2026-05-02,Consumer Discretionary,E-Commerce Discretionary,2000-12-31,2025-12-31,2002-05-31,2026-04-30,1999-12-31,2026-04-30,26,288
NB_1962,nonbankrupt,,NXL,Nexalin Technology Inc. Common Stock,Health Care,Biotechnology: Electromedical & Electrotherapeutic Apparatus,NXL US Equity,,1993-06-18,2026-05-02,Health Care,Medical Equipment & Devices,2019-12-31,2025-12-31,2022-09-30,2026-04-30,2019-12-31,2026-04-30,6,44
NB_1963,nonbankrupt,,NXPL,NextPlat Corp Common Stock,Telecommunications,Telecommunications Equipment,NXPL US Equity,,1993-06-18,2026-05-02,Technology,Technology Hardware,2019-12-31,2025-12-31,1999-03-31,2026-04-30,1999-03-31,2026-04-30,7,320
NB_1964,nonbankrupt,,NXST,Nexstar Media Group Inc. Common Stock,Industrials,Broadcasting,NXST US Equity,,1993-06-18,2026-05-02,Communications,Publishing & Broadcasting,2000-12-31,2025-12-31,2003-11-28,2026-04-30,1999-12-31,2026-04-30,26,270
NB_1965,nonbankrupt,,NXT,Nextpower Inc. Common Stock,Technology,Semiconductors,NXT US Equity,,1993-06-18,2026-05-02,Energy,Renewable Energy,2021-03-31,2026-03-31,2023-02-28,2026-04-30,2020-03-31,2026-04-30,6,39
NB_1966,nonbankrupt,,NXTC,NextCure Inc. Common Stock,Health Care,Biotechnology: Pharmaceutical Preparations,NXTC US Equity,,1993-06-18,2026-05-02,Health Care,Biotech & Pharma,2017-12-31,2025-12-31,2019-05-31,2026-04-30,2017-12-31,2026-04-30,9,84
NB_1967,nonbankrupt,,NXXT,NextNRG Inc. Common Stock,Consumer Discretionary,Retail-Auto Dealers and Gas Stations,NXXT US Equity,,1993-06-18,2026-05-02,Energy,Oil & Gas Supply Chain,2019-12-31,2025-12-31,2021-09-30,2026-04-30,2019-12-31,2026-04-30,7,56
NB_1968,nonbankrupt,,NYT,New York Times Company (The) Common Stock,Consumer Discretionary,Newspapers/Magazines,NYT US Equity,,1993-06-18,2026-05-02,Communications,Publishing & Broadcasting,1993-12-31,2025-12-31,1993-06-30,2026-04-30,1993-06-30,2026-04-30,33,395
NB_1969,nonbankrupt,,OABI,OmniAb Inc. Common Stock,Health Care,Biotechnology: Commercial Physical & Biological Resarch,OABI US Equity,,1993-06-18,2026-05-02,Health Care,Biotech & Pharma,2021-12-31,2025-12-31,2021-09-30,2026-04-30,2021-08-31,2026-04-30,5,56
NB_197,nonbankrupt,,APOG,Apogee Enterprises Inc. Common Stock,Consumer Discretionary,Auto Parts:O.E.M.,APOG US Equity,,1993-06-18,2026-05-02,Materials,Construction Materials,1994-02-28,2026-02-28,1993-06-30,2026-04-30,1993-06-30,2026-04-30,33,395
NB_1971,nonbankrupt,,OBAI,Our Bond Inc. Common Stock,Consumer Discretionary,Telecommunications Equipment,OBAI US Equity,,1993-06-18,2026-05-02,Technology,Software,2023-12-31,2025-12-31,2026-02-27,2026-04-30,2023-12-31,2026-04-30,3,3
NB_1972,nonbankrupt,,OBIO,Orchestra BioMed Holdings Inc. Ordinary Shares,Health Care,Medicinal Chemicals and Botanical Products,OBIO US Equity,,1993-06-18,2026-05-02,Health Care,Medical Equipment & Devices,2020-12-31,2025-12-31,2020-08-31,2026-04-30,2020-08-31,2026-04-30,6,69
NB_1973,nonbankrupt,,OBX,Obsidian Therapeutics Inc. Common Stock,Health Care,Biotechnology: Pharmaceutical Preparations,OBX US Equity,,1993-06-18,2026-05-02,Health Care,Biotech & Pharma,2017-12-31,2025-12-31,2019-11-29,2026-04-30,2017-12-31,2026-04-30,9,78
NB_1974,nonbankrupt,,OC,Owens Corning Inc Common Stock New,Industrials,Industrial Machinery/Components,OC US Equity,,1993-06-18,2026-05-02,Materials,Construction Materials,2006-12-31,2025-12-31,2006-09-29,2026-04-30,1993-11-30,2026-04-30,20,236
NB_1975,nonbankrupt,,OCC,Optical Cable Corporation Common Stock,Industrials,Telecommunications Equipment,OCC US Equity,,1993-06-18,2026-05-02,Technology,Technology Hardware,1993-10-31,2025-10-31,1996-04-30,2026-04-30,1993-10-31,2026-04-30,33,361
NB_1976,nonbankrupt,,OCGN,Ocugen Inc. Common Stock,Health Care,Biotechnology: Biological Products (No Diagnostic Substances),OCGN US Equity,,1993-06-18,2026-05-02,Health Care,Biotech & Pharma,2012-12-31,2025-12-31,2014-12-31,2026-04-30,2012-12-31,2026-04-30,14,137
NB_1977,nonbankrupt,,OCTV,Octave Intelligence plc Class B Ordinary Shares,Technology,Computer Software: Prepackaged Software,OCTV US Equity,,1993-06-18,2026-05-02,Technology,Software,2024-12-31,2025-12-31,,,2023-12-31,2025-12-31,2,0
NB_1978,nonbankrupt,,OCUL,Ocular Therapeutix Inc. Common Stock,Health Care,Biotechnology: Pharmaceutical Preparations,OCUL US Equity,,1993-06-18,2026-05-02,Health Care,Biotech & Pharma,2012-12-31,2025-12-31,2014-07-31,2026-04-30,2012-12-31,2026-04-30,14,142
NB_1979,nonbankrupt,,ODC,Oil-Dri Corporation Of America Common Stock,Consumer Discretionary,Miscellaneous manufacturing industries,ODC US Equity,,1993-06-18,2026-05-02,Materials,Chemicals,1993-07-31,2025-07-31,1993-06-30,2026-04-30,1993-06-30,2026-04-30,32,395
NB_198,nonbankrupt,,APP,Applovin Corporation Class A Common Stock,Technology,Computer Software: Programming Data Processing,APP US Equity,,1993-06-18,2026-05-02,Communications,Advertising & Marketing,2019-12-31,2025-12-31,2021-04-30,2026-04-30,2018-12-31,2026-04-30,7,61
NB_1980,nonbankrupt,,ODFL,Old Dominion Freight Line Inc. Common Stock,Industrials,Trucking Freight/Courier Services,ODFL US Equity,,1993-06-18,2026-05-02,Industrials,Transportation & Logistics,1993-12-31,2025-12-31,1993-06-30,2026-04-30,1993-06-30,2026-04-30,33,395
NB_1981,nonbankrupt,,ODTX,Odyssey Therapeutics Inc. Common Stock,Health Care,Biotechnology: Biological Products (No Diagnostic Substances),ODTX US Equity,,1993-06-18,2026-05-02,Health Care,Biotech & Pharma,2024-12-31,2025-12-31,,,2024-12-31,2025-12-31,2,0
NB_1982,nonbankrupt,,OESX,Orion Energy Systems Inc. Common Stock,Consumer Discretionary,Building Products,OESX US Equity,,1993-06-18,2026-05-02,Industrials,Electrical Equipment,2006-03-31,2026-03-31,2007-12-31,2026-04-30,2006-03-31,2026-04-30,21,221
NB_1983,nonbankrupt,,OFLX,Omega Flex Inc. Common Stock,Industrials,Industrial Specialties,OFLX US Equity,,1993-06-18,2026-05-02,Industrials,Industrial Intermediate Prod,2003-12-31,2025-12-31,2005-08-31,2026-04-30,2003-12-31,2026-04-30,23,249
NB_1984,nonbankrupt,,OGE,OGE Energy Corp Common Stock,Utilities,Electric Utilities: Central,OGE US Equity,,1993-06-18,2026-05-02,Utilities,Electric Utilities,1993-12-31,2025-12-31,1993-06-30,2026-04-30,1993-06-30,2026-04-30,33,395
NB_1985,nonbankrupt,,OGEN,Oragenics Inc. Common Stock,Health Care,Biotechnology: Pharmaceutical Preparations,OGEN US Equity,,1993-06-18,2026-05-02,Health Care,Biotech & Pharma,2010-12-31,2025-12-31,2003-07-31,2026-04-30,2003-07-31,2026-04-30,16,274
NB_1986,nonbankrupt,,OGN,Organon & Co. Common Stock,Health Care,Biotechnology: Pharmaceutical Preparations,OGN US Equity,,1993-06-18,2026-05-02,Health Care,Biotech & Pharma,2019-12-31,2025-12-31,2021-05-31,2026-04-30,2018-12-31,2026-04-30,7,60
NB_1987,nonbankrupt,,OGS,ONE Gas Inc. Common Stock,Utilities,Oil/Gas Transmission,OGS US Equity,,1993-06-18,2026-05-02,Utilities,Gas & Water Utilities,2011-12-31,2025-12-31,2014-01-31,2026-04-30,2010-12-31,2026-04-30,15,148
NB_1988,nonbankrupt,,OI,O-I Glass Inc. Common Stock,Consumer Discretionary,Containers/Packaging,OI US Equity,,1993-06-18,2026-05-02,Materials,Containers & Packaging,1993-12-31,2025-12-31,1993-06-30,2026-04-30,1993-06-30,2026-04-30,33,395
NB_1989,nonbankrupt,,OII,Oceaneering International Inc. Common Stock,Energy,Oilfield Services/Equipment,OII US Equity,,1993-06-18,2026-05-02,Energy,Oil & Gas Services & Equip,1994-03-31,2025-12-31,1993-06-30,2026-04-30,1993-06-30,2026-04-30,32,395
NB_199,nonbankrupt,,APPF,AppFolio Inc. Class A Common Stock,Technology,Computer Software: Prepackaged Software,APPF US Equity,,1993-06-18,2026-05-02,Technology,Software,2013-12-31,2025-12-31,2015-06-30,2026-04-30,2012-12-31,2026-04-30,13,131
NB_1990,nonbankrupt,,OIS,Oil States International Inc. Common Stock,Consumer Discretionary,Oil and Gas Field Machinery,OIS US Equity,,1993-06-18,2026-05-02,Energy,Oil & Gas Services & Equip,1999-12-31,2025-12-31,2001-02-28,2026-04-30,1999-12-31,2026-04-30,27,303
NB_1991,nonbankrupt,,OKE,ONEOK Inc. Common Stock,Utilities,Oil & Gas Production,OKE US Equity,,1993-06-18,2026-05-02,Energy,Oil & Gas Supply Chain,1993-08-31,2025-12-31,1993-06-30,2026-04-30,1993-06-30,2026-04-30,33,395
NB_1992,nonbankrupt,,OKLO,Oklo Inc. Class A common stock,Utilities,Electric Utilities: Central,OKLO US Equity,,1993-06-18,2026-05-02,Utilities,Electric Utilities,2021-12-31,2025-12-31,2021-07-30,2026-04-30,2021-06-30,2026-04-30,5,58
NB_1993,nonbankrupt,,OKTA,Okta Inc. Class A Common Stock,Technology,Computer Software: Prepackaged Software,OKTA US Equity,,1993-06-18,2026-05-02,Technology,Software,2015-01-31,2026-01-31,2017-04-28,2026-04-30,2015-01-31,2026-04-30,12,109
NB_1994,nonbankrupt,,OKUR,OnKure Therapeutics Inc. Class A Common Stock,Health Care,Biotechnology: Pharmaceutical Preparations,OKUR US Equity,,1993-06-18,2026-05-02,Health Care,Biotech & Pharma,2019-12-31,2025-12-31,2021-04-30,2026-04-30,2019-12-31,2026-04-30,7,61
NB_1995,nonbankrupt,,OLB,The OLB Group Inc. Common Stock,Consumer Discretionary,Business Services,OLB US Equity,,1993-06-18,2026-05-02,Financials,Specialty Finance,2017-12-31,2025-12-31,2005-11-30,2026-04-30,2005-11-30,2026-04-30,9,195
NB_1996,nonbankrupt,,OLED,Universal Display Corporation Common Stock,Technology,Electrical Products,OLED US Equity,,1993-06-18,2026-05-02,Technology,Semiconductors,1995-12-31,2025-12-31,1996-04-30,2026-04-30,1994-12-31,2026-04-30,31,361
NB_1997,nonbankrupt,,OLLI,Ollie's Bargain Outlet Holdings Inc. Common Stock,Consumer Discretionary,Department/Specialty Retail Stores,OLLI US Equity,,1993-06-18,2026-05-02,Consumer Staples,Retail - Consumer Staples,2014-02-01,2026-01-31,2015-07-31,2026-04-30,2014-02-01,2026-04-30,13,130
NB_1998,nonbankrupt,,OLMA,Olema Pharmaceuticals Inc. Common Stock,Health Care,Biotechnology: Pharmaceutical Preparations,OLMA US Equity,,1993-06-18,2026-05-02,Health Care,Biotech & Pharma,2018-12-31,2025-12-31,2020-11-30,2026-04-30,2018-12-31,2026-04-30,8,66
NB_1999,nonbankrupt,,OLN,Olin Corporation Common Stock,Industrials,Major Chemicals,OLN US Equity,,1993-06-18,2026-05-02,Materials,Chemicals,1993-12-31,2025-12-31,1993-06-30,2026-04-30,1993-06-30,2026-04-30,33,395
NB_2,nonbankrupt,,AAL,American Airlines Group Inc. Common Stock,Consumer Discretionary,Air Freight/Delivery Services,AAL US Equity,,1993-06-18,2026-05-02,Industrials,Transportation & Logistics,1995-12-31,2025-12-31,2013-12-31,2026-04-30,1995-12-31,2026-04-30,31,149
NB_20,nonbankrupt,,ACCO,Acco Brands Corporation Common Stock,Consumer Discretionary,Publishing,ACCO US Equity,,1993-06-18,2026-05-02,Consumer Discretionary,Home & Office Products,2002-12-27,2025-12-31,2005-08-31,2026-04-30,2002-12-27,2026-04-30,24,249
NB_200,nonbankrupt,,APPN,Appian Corporation Class A Common Stock,Technology,Computer Software: Prepackaged Software,APPN US Equity,,1993-06-18,2026-05-02,Technology,Software,2015-12-31,2025-12-31,2017-05-31,2026-04-30,2014-12-31,2026-04-30,11,108
NB_2000,nonbankrupt,,OLOX,Olenox Industries Inc. Common Stock,Consumer Discretionary,RETAIL: Building Materials,OLOX US Equity,,1993-06-18,2026-05-02,Industrials,Engineering & Construction,1995-12-31,2025-12-31,2017-06-30,2026-04-30,1995-12-31,2026-04-30,31,107
NB_2001,nonbankrupt,,OM,Outset Medical Inc. Common Stock,Health Care,Biotechnology: Electromedical & Electrotherapeutic Apparatus,OM US Equity,,1993-06-18,2026-05-02,Health Care,Medical Equipment & Devices,2018-12-31,2025-12-31,2020-09-30,2026-04-30,2018-12-31,2026-04-30,8,68
NB_2002,nonbankrupt,,OMC,Omnicom Group Inc. Common Stock,Consumer Discretionary,Advertising,OMC US Equity,,1993-06-18,2026-05-02,Communications,Advertising & Marketing,1993-12-31,2025-12-31,1993-06-30,2026-04-30,1993-06-30,2026-04-30,33,395
NB_2003,nonbankrupt,,OMCL,Omnicell Inc. Common Stock ($0.001 par value),Technology,Computer Manufacturing,OMCL US Equity,,1993-06-18,2026-05-02,Health Care,Medical Equipment & Devices,1998-12-31,2025-12-31,2001-08-31,2026-04-30,1998-12-31,2026-04-30,27,297
NB_2004,nonbankrupt,,OMDA,Omada Health Inc. Common Stock,Health Care,Medical/Nursing Services,OMDA US Equity,,1993-06-18,2026-05-02,Technology,Software,2023-12-31,2025-12-31,2025-06-30,2026-04-30,2023-12-31,2026-04-30,3,11
NB_2005,nonbankrupt,,OMER,Omeros Corporation Common Stock,Health Care,Biotechnology: Pharmaceutical Preparations,OMER US Equity,,1993-06-18,2026-05-02,Health Care,Biotech & Pharma,2007-12-31,2025-12-31,2009-10-30,2026-04-30,2007-12-31,2026-04-30,19,199
NB_2006,nonbankrupt,,OMEX,Odyssey Marine Exploration Inc. Common Stock,Consumer Discretionary,Marine Transportation,OMEX US Equity,,1993-06-18,2026-05-02,Materials,Metals & Mining,1996-02-29,2025-12-31,1996-01-31,2026-04-30,1996-01-31,2026-04-30,30,359
NB_2007,nonbankrupt,,ON,ON Semiconductor Corporation Common Stock,Technology,Semiconductors,ON US Equity,,1993-06-18,2026-05-02,Technology,Semiconductors,1999-12-31,2025-12-31,2000-04-28,2026-04-30,1999-12-31,2026-04-30,27,313
NB_2008,nonbankrupt,,ONCO,Onconetix Inc. Common Stock,Health Care,Biotechnology: Pharmaceutical Preparations,ONCO US Equity,,1993-06-18,2026-05-02,Health Care,Biotech & Pharma,2019-12-31,2025-12-31,2022-02-28,2026-04-30,2019-12-31,2026-04-30,7,51
NB_2009,nonbankrupt,,ONDS,Ondas Inc. Common Stock,Technology,Radio And Television Broadcasting And Communications Equipment,ONDS US Equity,,1993-06-18,2026-05-02,Industrials,Aerospace & Defense,2015-12-31,2025-12-31,2018-10-31,2026-04-30,2015-12-31,2026-04-30,11,89
NB_201,nonbankrupt,,APRE,Aprea Therapeutics Inc. Common stock,Health Care,Biotechnology: Pharmaceutical Preparations,APRE US Equity,,1993-06-18,2026-05-02,Health Care,Biotech & Pharma,2017-12-31,2025-12-31,2019-10-31,2026-04-30,2017-12-31,2026-04-30,9,79
NB_2010,nonbankrupt,,ONEW,OneWater Marine Inc. Class A Common Stock,Consumer Discretionary,Auto & Home Supply Stores,ONEW US Equity,,1993-06-18,2026-05-02,Consumer Discretionary,Retail - Discretionary,2017-09-30,2025-09-30,2020-02-28,2026-04-30,2017-09-30,2026-04-30,9,75
NB_2011,nonbankrupt,,ONFO,Onfolio Holdings Inc. Common Stock,Technology,EDP Services,ONFO US Equity,,1993-06-18,2026-05-02,Financials,Asset Management,2019-12-31,2025-12-31,2022-08-31,2026-04-30,2019-12-31,2026-04-30,7,45
NB_2013,nonbankrupt,,ONT,Onterris Inc. Common Stock,Consumer Discretionary,Professional Services,ONT US Equity,,1993-06-18,2026-05-02,Industrials,Engineering & Construction,2019-12-31,2025-12-31,2020-07-31,2026-04-30,2019-12-31,2026-04-30,7,70
NB_2014,nonbankrupt,,ONTO,Onto Innovation Inc. Common Stock,Industrials,Industrial Machinery/Components,ONTO US Equity,,1993-06-18,2026-05-02,Technology,Semiconductors,1993-12-31,2026-01-03,1993-06-30,2026-04-30,1993-06-30,2026-04-30,26,395
NB_2015,nonbankrupt,,OOMA,Ooma Inc. Common Stock,Technology,EDP Services,OOMA US Equity,,1993-06-18,2026-05-02,Communications,Telecommunications,2014-01-31,2026-01-31,2015-07-31,2026-04-30,2013-01-31,2026-04-30,13,130
NB_2016,nonbankrupt,,OPAL,OPAL Fuels Inc. Class A Common Stock,Utilities,Natural Gas Distribution,OPAL US Equity,,1993-06-18,2026-05-02,Energy,Oil & Gas Supply Chain,2021-12-31,2025-12-31,1999-01-29,2026-04-30,1999-01-29,2026-04-30,5,63
NB_2017,nonbankrupt,,OPCH,Option Care Health Inc. Common Stock,Health Care,Medical/Nursing Services,OPCH US Equity,,1993-06-18,2026-05-02,Health Care,Health Care Facilities & Svcs,1994-12-31,2025-12-31,1996-08-30,2026-04-30,1994-12-31,2026-04-30,32,357
NB_2018,nonbankrupt,,OPK,OPKO Health Inc. Common Stock,Health Care,Biotechnology: Pharmaceutical Preparations,OPK US Equity,,1993-06-18,2026-05-02,Health Care,Health Care Facilities & Svcs,1994-12-31,2025-12-31,1995-11-30,2026-04-30,1994-12-31,2026-04-30,32,366
NB_2019,nonbankrupt,,OPLN,OPENLANE Inc. Common Stock,Consumer Discretionary,Retail-Auto Dealers and Gas Stations,OPLN US Equity,,1993-06-18,2026-05-02,Consumer Discretionary,Wholesale - Discretionary,2007-12-31,2025-12-31,2009-12-31,2026-04-30,2007-12-31,2026-04-30,19,197
NB_202,nonbankrupt,,APVO,Aptevo Therapeutics Inc. Common Stock,Health Care,Biotechnology: Pharmaceutical Preparations,APVO US Equity,,1993-06-18,2026-05-02,Health Care,Biotech & Pharma,2014-12-31,2025-12-31,2016-07-29,2026-04-30,2011-12-31,2026-04-30,12,118
NB_2020,nonbankrupt,,OPRX,OptimizeRx Corporation Common Stock,Consumer Discretionary,Business Services,OPRX US Equity,,1993-06-18,2026-05-02,Communications,Internet Media & Services,2008-12-31,2025-12-31,1996-10-31,2026-04-30,1996-10-31,2026-04-30,18,263
NB_2021,nonbankrupt,,OPTT,Ocean Power Technologies Inc. Common Stock,Utilities,Electric Utilities: Central,OPTT US Equity,,1993-06-18,2026-05-02,Energy,Renewable Energy,2007-04-30,2026-04-30,2007-04-30,2026-04-30,2007-04-30,2026-04-30,20,229
NB_2022,nonbankrupt,,OPTU,Optimum Communications Inc. Class A common stock,Telecommunications,Cable & Other Pay Television Services,OPTU US Equity,,1993-06-18,2026-05-02,Communications,Cable & Satellite,2016-12-31,2025-12-31,2017-06-30,2026-04-30,2015-12-31,2026-04-30,10,107
NB_2023,nonbankrupt,,OPTX,Syntec Optics Holdings Inc. Class A Common Stock,Technology,Electronic Components,OPTX US Equity,,1993-06-18,2026-05-02,Technology,Technology Hardware,2021-12-31,2025-12-31,2022-01-31,2026-04-30,2021-11-30,2026-04-30,5,52
NB_2025,nonbankrupt,,OPXS,Optex Systems Holdings Inc. Common Stock,Technology,Electronic Components,OPXS US Equity,,1993-06-18,2026-05-02,Industrials,Aerospace & Defense,2007-12-31,2025-09-28,2007-10-31,2026-04-30,2007-10-31,2026-04-30,19,205
NB_2026,nonbankrupt,,ORA,Ormat Technologies Inc. Common Stock,Utilities,Electric Utilities: Central,ORA US Equity,,1993-06-18,2026-05-02,Utilities,Electric Utilities,2002-12-31,2025-12-31,2004-11-30,2026-04-30,2002-12-31,2026-04-30,21,258
NB_2027,nonbankrupt,,ORCL,Oracle Corporation Common Stock,Technology,Computer Software: Prepackaged Software,ORCL US Equity,,1993-06-18,2026-05-02,Technology,Software,1994-05-31,2025-05-31,1993-06-30,2026-04-30,1993-06-30,2026-04-30,32,395
NB_2028,nonbankrupt,,ORGO,Organogenesis Holdings Inc. Class A Common Stock,Health Care,Biotechnology: Pharmaceutical Preparations,ORGO US Equity,,1993-06-18,2026-05-02,Health Care,Biotech & Pharma,2016-12-31,2025-12-31,2017-01-31,2026-04-30,2016-10-31,2026-04-30,10,110
NB_2029,nonbankrupt,,ORIC,Oric Pharmaceuticals Inc. Common Stock,Health Care,Biotechnology: Pharmaceutical Preparations,ORIC US Equity,,1993-06-18,2026-05-02,Health Care,Biotech & Pharma,2018-12-31,2025-12-31,2020-04-30,2026-04-30,2018-12-31,2026-04-30,8,73
NB_203,nonbankrupt,,APYX,Apyx Medical Corporation Common Stock,Health Care,Medical/Dental Instruments,APYX US Equity,,1993-06-18,2026-05-02,Health Care,Medical Equipment & Devices,1994-12-31,2025-12-31,1994-04-29,2026-04-30,1994-04-29,2026-04-30,32,385
NB_2030,nonbankrupt,,ORKA,Oruka Therapeutics Inc. Common Stock,Health Care,Biotechnology: In Vitro & In Vivo Diagnostic Substances,ORKA US Equity,,1993-06-18,2026-05-02,Health Care,Biotech & Pharma,1995-12-31,2025-12-31,1997-08-29,2026-04-30,1995-12-31,2026-04-30,31,345
NB_2031,nonbankrupt,,ORLY,O'Reilly Automotive Inc. Common Stock,Consumer Discretionary,Auto & Home Supply Stores,ORLY US Equity,,1993-06-18,2026-05-02,Consumer Discretionary,Retail - Discretionary,1993-12-31,2025-12-31,1993-06-30,2026-04-30,1993-06-30,2026-04-30,33,395
NB_2032,nonbankrupt,,ORN,Orion Group Holdings Inc. Common,Industrials,Military/Government/Technical,ORN US Equity,,1993-06-18,2026-05-02,Industrials,Engineering & Construction,2005-12-31,2025-12-31,2007-12-31,2026-04-30,2005-12-31,2026-04-30,21,221
NB_2033,nonbankrupt,,OSCR,Oscar Health Inc. Class A Common Stock,Health Care,Medical Specialities,OSCR US Equity,,1993-06-18,2026-05-02,Health Care,Health Care Facilities & Svcs,2019-12-31,2025-12-31,2021-03-31,2026-04-30,2019-12-31,2026-04-30,7,62
NB_2034,nonbankrupt,,OSIS,OSI Systems Inc. Common Stock (DE),Technology,Semiconductors,OSIS US Equity,,1993-06-18,2026-05-02,Industrials,Electrical Equipment,1996-06-30,2025-06-30,1997-10-31,2026-04-30,1996-06-30,2026-04-30,30,343
NB_2035,nonbankrupt,,OSK,Oshkosh Corporation (Holding Company)Common Stock,Industrials,Auto Manufacturing,OSK US Equity,,1993-06-18,2026-05-02,Industrials,Machinery,1993-09-30,2025-12-31,1993-06-30,2026-04-30,1993-06-30,2026-04-30,33,395
NB_2036,nonbankrupt,,OSPN,OneSpan Inc. Common Stock,Technology,EDP Services,OSPN US Equity,,1993-06-18,2026-05-02,Technology,Software,1996-12-31,2025-12-31,1998-03-31,2026-04-30,1996-12-31,2026-04-30,30,338
NB_2037,nonbankrupt,,OSS,One Stop Systems Inc. Common Stock,Technology,Computer Manufacturing,OSS US Equity,,1993-06-18,2026-05-02,Technology,Technology Hardware,2007-12-31,2025-12-31,2018-02-28,2026-04-30,2007-12-31,2026-04-30,17,99
NB_2038,nonbankrupt,,OSUR,OraSure Technologies Inc. Common Stock,Health Care,Medical/Dental Instruments,OSUR US Equity,,1993-06-18,2026-05-02,Health Care,Medical Equipment & Devices,1993-09-30,2025-12-31,1993-06-30,2026-04-30,1993-06-30,2026-04-30,33,395
NB_2039,nonbankrupt,,OTIS,Otis Worldwide Corporation Common Stock,Technology,Consumer Electronics/Appliances,OTIS US Equity,,1993-06-18,2026-05-02,Industrials,Electrical Equipment,2017-12-31,2025-12-31,2020-03-31,2026-04-30,2017-12-31,2026-04-30,9,74
NB_204,nonbankrupt,,AQB,AquaBounty Technologies Inc. Common Stock,Consumer Staples,Meat/Poultry/Fish,AQB US Equity,,1993-06-18,2026-05-02,Consumer Staples,Food,2003-12-31,2025-12-31,2017-01-31,2026-04-30,2003-12-31,2026-04-30,23,112
NB_2040,nonbankrupt,,OTLK,Outlook Therapeutics Inc. Common Stock,Health Care,Biotechnology: Biological Products (No Diagnostic Substances),OTLK US Equity,,1993-06-18,2026-05-02,Health Care,Biotech & Pharma,2014-09-30,2025-09-30,2016-06-30,2026-04-30,2014-09-30,2026-04-30,12,119
NB_2041,nonbankrupt,,OTTR,Otter Tail Corporation Common Stock,Utilities,Electric Utilities: Central,OTTR US Equity,,1993-06-18,2026-05-02,Utilities,Electric Utilities,1993-12-31,2025-12-31,1993-06-30,2026-04-30,1993-06-30,2026-04-30,33,395
NB_2042,nonbankrupt,,OUST,Ouster Inc. Common Stock,Industrials,Industrial Machinery/Components,OUST US Equity,,1993-06-18,2026-05-02,Technology,Semiconductors,2020-12-31,2025-12-31,2020-10-30,2026-04-30,2020-08-31,2026-04-30,6,67
NB_2043,nonbankrupt,,OVID,Ovid Therapeutics Inc. Common Stock,Health Care,Biotechnology: Pharmaceutical Preparations,OVID US Equity,,1993-06-18,2026-05-02,Health Care,Biotech & Pharma,2016-12-31,2025-12-31,2017-05-31,2026-04-30,2016-12-31,2026-04-30,10,108
NB_2044,nonbankrupt,,OWLT,Owlet Inc. Class A Common Stock,Industrials,Industrial Machinery/Components,OWLT US Equity,,1993-06-18,2026-05-02,Health Care,Medical Equipment & Devices,2019-12-31,2025-12-31,2020-11-30,2026-04-30,2019-12-31,2026-04-30,7,66
NB_2045,nonbankrupt,,OXM,Oxford Industries Inc. Common Stock,Industrials,Garments and Clothing,OXM US Equity,,1993-06-18,2026-05-02,Consumer Discretionary,Apparel & Textile Products,1994-06-03,2026-01-31,1993-06-30,2026-04-30,1993-06-30,2026-04-30,33,395
NB_2047,nonbankrupt,,OXY,Occidental Petroleum Corporation Common Stock,Energy,Oil & Gas Production,OXY US Equity,,1993-06-18,2026-05-02,Energy,Oil & Gas Supply Chain,1993-12-31,2025-12-31,1993-06-30,2026-04-30,1993-06-30,2026-04-30,33,395
NB_2048,nonbankrupt,,P,Everpure Inc. Class A common stock,Technology,Electronic Components,P US Equity,,1993-06-18,2026-05-02,Technology,Technology Hardware,2014-01-31,2026-02-01,2015-10-30,2026-04-30,2014-01-31,2026-04-30,13,127
NB_2049,nonbankrupt,,PAA,Plains All American Pipeline L.P. Common Units representing Limited Partner Interests,Energy,Natural Gas Distribution,PAA US Equity,,1993-06-18,2026-05-02,Energy,Oil & Gas Supply Chain,1996-12-31,2025-12-31,1998-11-30,2026-04-30,1996-12-31,2026-04-30,30,330
NB_205,nonbankrupt,,AQMS,Aqua Metals Inc. Common Stock,Industrials,Metal Fabrications,AQMS US Equity,,1993-06-18,2026-05-02,Industrials,Commercial Support Services,2014-12-31,2025-12-31,2015-07-31,2026-04-30,2014-12-31,2026-04-30,12,130
NB_2050,nonbankrupt,,PAAI,Paradium.AI Inc. Common Stock,Technology,EDP Services,PAAI US Equity,,1993-06-18,2026-05-02,Communications,Advertising & Marketing,1995-12-31,2025-12-31,1996-11-29,2026-04-30,1995-12-31,2026-04-30,29,354
NB_2051,nonbankrupt,,PACB,Pacific Biosciences of California Inc. Common Stock,Industrials,Biotechnology: Laboratory Analytical Instruments,PACB US Equity,,1993-06-18,2026-05-02,Health Care,Medical Equipment & Devices,2008-12-31,2025-12-31,2010-10-29,2026-04-30,2008-12-31,2026-04-30,18,187
NB_2052,nonbankrupt,,PACK,Ranpak Holdings Corp Class A Common Stock,Consumer Discretionary,Containers/Packaging,PACK US Equity,,1993-06-18,2026-05-02,Materials,Containers & Packaging,2017-12-31,2025-12-31,2018-03-30,2026-04-30,2017-12-31,2026-04-30,9,98
NB_2053,nonbankrupt,,PACS,PACS Group Inc. Common Stock,Health Care,Hospital/Nursing Management,PACS US Equity,,1993-06-18,2026-05-02,Health Care,Health Care Facilities & Svcs,2022-12-31,2025-12-31,2024-04-30,2026-04-30,2021-12-31,2026-04-30,4,25
NB_2054,nonbankrupt,,PAG,Penske Automotive Group Inc. Common Stock,Consumer Discretionary,Retail-Auto Dealers and Gas Stations,PAG US Equity,,1993-06-18,2026-05-02,Consumer Discretionary,Retail - Discretionary,1994-12-31,2025-12-31,1996-10-31,2026-04-30,1994-12-31,2026-04-30,32,355
NB_2055,nonbankrupt,,PAGP,Plains GP Holdings L.P. Class A Units representing Limited Partner Interests,Energy,Natural Gas Distribution,PAGP US Equity,,1993-06-18,2026-05-02,Energy,Oil & Gas Supply Chain,2011-12-31,2025-12-31,2013-10-31,2026-04-30,2008-12-31,2026-04-30,15,151
NB_2056,nonbankrupt,,PAHC,Phibro Animal Health Corporation Class A Common Stock,Health Care,Biotechnology: Pharmaceutical Preparations,PAHC US Equity,,1993-06-18,2026-05-02,Health Care,Biotech & Pharma,2001-06-30,2025-06-30,2014-04-30,2026-04-30,2001-06-30,2026-04-30,20,145
NB_2057,nonbankrupt,,PAL,Proficient Auto Logistics Inc. Common Stock,Consumer Discretionary,Transportation Services,PAL US Equity,,1993-06-18,2026-05-02,Industrials,Transportation & Logistics,2023-12-31,2025-12-31,2015-04-30,2026-04-30,2015-04-30,2026-04-30,3,25
NB_2058,nonbankrupt,,PALI,Palisade Bio Inc. Common Stock,Health Care,Biotechnology: Biological Products (No Diagnostic Substances),PALI US Equity,,1993-06-18,2026-05-02,Health Care,Biotech & Pharma,2006-12-31,2025-12-31,2006-12-29,2026-04-30,2006-12-29,2026-04-30,20,233
NB_2059,nonbankrupt,,PAMT,PAMT CORP Common Stock,Industrials,Trucking Freight/Courier Services,PAMT US Equity,,1993-06-18,2026-05-02,Industrials,Transportation & Logistics,1993-12-31,2025-12-31,1993-06-30,2026-04-30,1993-06-30,2026-04-30,32,395
NB_206,nonbankrupt,,AQN,Algonquin Power & Utilities Corp. Common Shares,Utilities,Electric Utilities: Central,AQN US Equity,,1993-06-18,2026-05-02,Utilities,Electric Utilities,1998-12-31,2025-12-31,1999-03-31,2026-04-30,1998-12-31,2026-04-30,28,295
NB_2060,nonbankrupt,,PANL,Pangaea Logistics Solutions Ltd. Common Shares,Consumer Discretionary,Marine Transportation,PANL US Equity,,1993-06-18,2026-05-02,Industrials,Transportation & Logistics,2013-12-31,2025-12-31,2013-12-31,2026-04-30,2013-10-31,2026-04-30,13,149
NB_2061,nonbankrupt,,PANW,Palo Alto Networks Inc. Common Stock,Technology,Computer peripheral equipment,PANW US Equity,,1993-06-18,2026-05-02,Technology,Software,2010-07-31,2025-07-31,2012-07-31,2026-04-30,2008-07-31,2026-04-30,16,166
NB_2062,nonbankrupt,,PARA,Banzai International Inc. Class A Common Stock,Industrials,Broadcasting,PARA US Equity,,1993-06-18,2026-05-02,Technology,Software,2020-12-31,2025-12-31,2021-02-26,2026-04-30,2020-12-31,2026-04-30,6,63
NB_2064,nonbankrupt,,PARK,Park Dental Partners Inc. Common Stock,Health Care,Misc Health and Biotechnology Services,PARK US Equity,,1993-06-18,2026-05-02,Health Care,Health Care Facilities & Svcs,2023-12-31,2025-12-31,2025-12-31,2026-04-30,2023-12-31,2026-04-30,3,5
NB_2065,nonbankrupt,,PARR,Par Pacific Holdings Inc. Common Stock,Energy,Oil & Gas Production,PARR US Equity,,1993-06-18,2026-05-02,Energy,Oil & Gas Supply Chain,1995-06-30,2025-12-31,2012-09-28,2026-04-30,1995-06-30,2026-04-30,30,164
NB_2066,nonbankrupt,,PASG,Passage Bio Inc. Common Stock,Health Care,Biotechnology: Biological Products (No Diagnostic Substances),PASG US Equity,,1993-06-18,2026-05-02,Health Care,Biotech & Pharma,2018-12-31,2025-12-31,2020-02-28,2026-04-30,2018-12-31,2026-04-30,8,75
NB_2067,nonbankrupt,,PATH,UiPath Inc. Class A Common Stock,Technology,Computer Software: Prepackaged Software,PATH US Equity,,1993-06-18,2026-05-02,Technology,Software,2020-01-31,2026-01-31,2021-04-30,2026-04-30,2019-01-31,2026-04-30,7,61
NB_2068,nonbankrupt,,PATK,Patrick Industries Inc. Common Stock,Consumer Discretionary,Auto Parts:O.E.M.,PATK US Equity,,1993-06-18,2026-05-02,Consumer Discretionary,Leisure Products,1993-12-31,2025-12-31,1993-06-30,2026-04-30,1993-06-30,2026-04-30,33,395
NB_2069,nonbankrupt,,PAVM,PAVmed Inc. Common Stock,Health Care,Medical/Dental Instruments,PAVM US Equity,,1993-06-18,2026-05-02,Health Care,Medical Equipment & Devices,2014-12-31,2025-12-31,2016-07-29,2026-04-30,2014-12-31,2026-04-30,12,118
NB_2070,nonbankrupt,,PAY,Paymentus Holdings Inc. Class A Common Stock,Consumer Discretionary,Business Services,PAY US Equity,,1993-06-18,2026-05-02,Financials,Specialty Finance,2019-12-31,2025-12-31,2021-05-31,2026-04-30,2019-12-31,2026-04-30,7,60
NB_2071,nonbankrupt,,PAYC,Paycom Software Inc. Common Stock,Technology,Computer Software: Prepackaged Software,PAYC US Equity,,1993-06-18,2026-05-02,Technology,Software,2012-12-31,2025-12-31,2014-04-30,2026-04-30,2011-12-31,2026-04-30,14,145
NB_2072,nonbankrupt,,PAYO,Payoneer Global Inc. Common Stock,Consumer Discretionary,Business Services,PAYO US Equity,,1993-06-18,2026-05-02,Financials,Specialty Finance,2020-12-31,2025-12-31,2020-10-30,2026-04-30,2020-10-30,2026-04-30,6,67
NB_2073,nonbankrupt,,PAYS,Paysign Inc. Common Stock,Technology,EDP Services,PAYS US Equity,,1993-06-18,2026-05-02,Financials,Specialty Finance,2010-12-31,2025-12-31,1998-04-30,2026-04-30,1998-04-30,2026-04-30,16,301
NB_2074,nonbankrupt,,PAYX,Paychex Inc. Common Stock,Industrials,Diversified Commercial Services,PAYX US Equity,,1993-06-18,2026-05-02,Industrials,Commercial Support Services,1994-05-31,2025-05-31,1993-06-30,2026-04-30,1993-06-30,2026-04-30,32,395
NB_2075,nonbankrupt,,PBF,PBF Energy Inc. Class A Common Stock,Energy,Integrated oil Companies,PBF US Equity,,1993-06-18,2026-05-02,Energy,Oil & Gas Supply Chain,2009-12-31,2025-12-31,2012-12-31,2026-04-30,2009-12-31,2026-04-30,17,161
NB_2076,nonbankrupt,,PBH,Prestige Consumer Healthcare Inc. Common Stock,Health Care,Biotechnology: Pharmaceutical Preparations,PBH US Equity,,1993-06-18,2026-05-02,Consumer Staples,Household Products,2005-03-31,2026-03-31,2005-02-28,2026-04-30,2005-02-28,2026-04-30,22,255
NB_2077,nonbankrupt,,PBLS,Parabilis Medicines Inc. Common Stock,Health Care,Biotechnology: Pharmaceutical Preparations,PBLS US Equity,,1993-06-18,2026-05-02,Health Care,Biotech & Pharma,2024-12-31,2025-12-31,,,2024-12-31,2025-12-31,2,0
NB_2078,nonbankrupt,,PBT,Permian Basin Royalty Trust Common Stock,Energy,Oil & Gas Production,PBT US Equity,,1993-06-18,2026-05-02,Energy,Oil & Gas Supply Chain,1995-12-31,2025-12-31,1993-06-30,2026-04-30,1993-06-30,2026-04-30,28,395
NB_2079,nonbankrupt,,PBYI,Puma Biotechnology Inc Common Stock,Health Care,Biotechnology: Pharmaceutical Preparations,PBYI US Equity,,1993-06-18,2026-05-02,Health Care,Biotech & Pharma,2010-12-31,2025-12-31,2012-04-30,2026-04-30,2010-12-31,2026-04-30,16,169
NB_208,nonbankrupt,,AQST,Aquestive Therapeutics Inc. Common Stock,Health Care,Biotechnology: Pharmaceutical Preparations,AQST US Equity,,1993-06-18,2026-05-02,Health Care,Biotech & Pharma,2016-12-31,2025-12-31,2018-07-31,2026-04-30,2016-12-31,2026-04-30,10,94
NB_2080,nonbankrupt,,PCAR,PACCAR Inc. Common Stock,Industrials,Auto Manufacturing,PCAR US Equity,,1993-06-18,2026-05-02,Industrials,Transportation Equipment,1993-12-31,2025-12-31,1993-06-30,2026-04-30,1993-06-30,2026-04-30,33,395
NB_2081,nonbankrupt,,PCG,Pacific Gas & Electric Co. Common Stock,Utilities,Power Generation,PCG US Equity,,1993-06-18,2026-05-02,Utilities,Electric Utilities,1993-12-31,2025-12-31,1993-06-30,2026-04-30,1993-06-30,2026-04-30,33,395
NB_2082,nonbankrupt,,PCOR,Procore Technologies Inc. Common Stock,Technology,Computer Software: Prepackaged Software,PCOR US Equity,,1993-06-18,2026-05-02,Technology,Software,2018-12-31,2025-12-31,2021-05-31,2026-04-30,2017-12-31,2026-04-30,8,60
NB_2083,nonbankrupt,,PCRX,Pacira BioSciences Inc. Common Stock,Health Care,Biotechnology: Pharmaceutical Preparations,PCRX US Equity,,1993-06-18,2026-05-02,Health Care,Biotech & Pharma,2008-12-31,2025-12-31,2011-02-28,2026-04-30,2008-12-31,2026-04-30,18,183
NB_2084,nonbankrupt,,PCSA,Processa Pharmaceuticals Inc. Common Stock,Health Care,Biotechnology: Pharmaceutical Preparations,PCSA US Equity,,1993-06-18,2026-05-02,Health Care,Biotech & Pharma,2010-12-31,2025-12-31,2013-11-29,2026-04-30,2010-12-31,2026-04-30,15,141
NB_2085,nonbankrupt,,PCT,PureCycle Technologies Inc. Common stock,Industrials,Major Chemicals,PCT US Equity,,1993-06-18,2026-05-02,Industrials,Commercial Support Services,2018-12-31,2025-12-31,2020-07-31,2026-04-30,2018-12-31,2026-04-30,7,70
NB_2086,nonbankrupt,,PCTTU,PureCycle Technologies Inc. Unit,Industrials,Major Chemicals,PCTTU US Equity,,1993-06-18,2026-05-02,Industrials,Commercial Support Services,2018-12-31,2025-12-31,2020-05-29,2026-03-31,2018-12-31,2026-04-30,7,64
NB_2088,nonbankrupt,,PCTY,Paylocity Holding Corporation Common Stock,Technology,Computer Software: Prepackaged Software,PCTY US Equity,,1993-06-18,2026-05-02,Technology,Software,2011-06-29,2025-06-30,2014-03-31,2026-04-30,2011-06-29,2026-04-30,15,146
NB_2089,nonbankrupt,,PCVX,Vaxcyte Inc. Common Stock,Health Care,Biotechnology: Biological Products (No Diagnostic Substances),PCVX US Equity,,1993-06-18,2026-05-02,Health Care,Biotech & Pharma,2019-12-31,2025-12-31,2020-06-30,2026-04-30,2019-12-31,2026-04-30,7,71
NB_209,nonbankrupt,,AR,Antero Resources Corporation Common Stock,Energy,Oil & Gas Production,AR US Equity,,1993-06-18,2026-05-02,Energy,Oil & Gas Supply Chain,2007-12-31,2025-12-31,2013-10-31,2026-04-30,2007-12-31,2026-04-30,19,151
NB_2090,nonbankrupt,,PCYO,Pure Cycle Corporation Common Stock,Utilities,Water Supply,PCYO US Equity,,1993-06-18,2026-05-02,Utilities,Gas & Water Utilities,1996-08-31,2025-08-31,1994-04-29,2026-04-30,1994-04-29,2026-04-30,24,385
NB_2091,nonbankrupt,,PD,PagerDuty Inc. Common Stock,Technology,Computer Software: Prepackaged Software,PD US Equity,,1993-06-18,2026-05-02,Technology,Software,2018-01-31,2026-01-31,2019-04-30,2026-04-30,2018-01-31,2026-04-30,9,85
NB_2092,nonbankrupt,,PDEX,Pro-Dex Inc. Common Stock,Health Care,Medical/Dental Instruments,PDEX US Equity,,1993-06-18,2026-05-02,Industrials,Machinery,1994-06-30,2025-06-30,1993-06-30,2026-04-30,1993-06-30,2026-04-30,32,395
NB_2093,nonbankrupt,,PDFS,PDF Solutions Inc. Common Stock,Technology,Computer Software: Prepackaged Software,PDFS US Equity,,1993-06-18,2026-05-02,Technology,Software,1998-12-31,2025-12-31,2001-07-31,2026-04-30,1998-12-31,2026-04-30,28,298
NB_2094,nonbankrupt,,PDSB,PDS Biotechnology Corporation Common Stock,Health Care,Biotechnology: Pharmaceutical Preparations,PDSB US Equity,,1993-06-18,2026-05-02,Health Care,Biotech & Pharma,2013-12-31,2025-12-31,2015-09-30,2026-04-30,2013-12-31,2026-04-30,13,128
NB_2095,nonbankrupt,,PDYN,Palladyne AI Corp. Common Stock,Technology,Computer Software: Prepackaged Software,PDYN US Equity,,1993-06-18,2026-05-02,Industrials,Engineering & Construction,2020-12-31,2025-12-31,2021-03-31,2026-04-30,2020-12-31,2026-04-30,6,62
NB_2097,nonbankrupt,,PED,Pedevco Corp. Common Stock,Energy,Oil & Gas Production,PED US Equity,,1993-06-18,2026-05-02,Energy,Oil & Gas Supply Chain,2002-12-31,2025-12-31,2003-05-30,2026-04-30,2001-12-31,2026-04-30,24,276
NB_2098,nonbankrupt,,PEG,Public Service Enterprise Group Incorporated Common Stock,Utilities,Power Generation,PEG US Equity,,1993-06-18,2026-05-02,Utilities,Electric Utilities,1993-12-31,2025-12-31,1993-06-30,2026-04-30,1993-06-30,2026-04-30,33,395
NB_2099,nonbankrupt,,PEGA,Pegasystems Inc. Common Stock,Technology,EDP Services,PEGA US Equity,,1993-06-18,2026-05-02,Technology,Software,1994-12-31,2025-12-31,1996-07-31,2026-04-30,1994-12-31,2026-04-30,31,358
NB_21,nonbankrupt,,ACCS,ACCESS Newswire Inc. Common Stock,Consumer Discretionary,Professional Services,ACCS US Equity,,1993-06-18,2026-05-02,Technology,Software,1993-12-31,2025-12-31,1993-06-30,2026-04-30,1993-06-30,2026-04-30,29,389
NB_210,nonbankrupt,,ARAI,Arrive AI Inc. Common Stock,Consumer Discretionary,Diversified Commercial Services,ARAI US Equity,,1993-06-18,2026-05-02,Technology,Software,2022-12-31,2025-12-31,2025-05-30,2026-04-30,2022-12-31,2026-04-30,4,12
NB_2100,nonbankrupt,,PEN,Penumbra Inc. Common Stock,Health Care,Medical/Dental Instruments,PEN US Equity,,1993-06-18,2026-05-02,Health Care,Medical Equipment & Devices,2013-12-31,2025-12-31,2015-09-30,2026-04-30,2000-08-31,2026-04-30,13,128
NB_2101,nonbankrupt,,PENG,Penguin Solutions Inc. Common Stock,Technology,Semiconductors,PENG US Equity,,1993-06-18,2026-05-02,Technology,Semiconductors,2015-08-28,2025-08-29,2017-05-31,2026-04-30,2015-08-28,2026-04-30,11,108
NB_2102,nonbankrupt,,PENN,PENN Entertainment Inc. Common Stock,Consumer Discretionary,Hotels/Resorts,PENN US Equity,,1993-06-18,2026-05-02,Consumer Discretionary,Leisure Facilities & Services,1993-12-31,2025-12-31,1994-05-31,2026-04-30,1993-12-31,2026-04-30,33,384
NB_2103,nonbankrupt,,PEP,PepsiCo Inc. Common Stock,Consumer Staples,Beverages (Production/Distribution),PEP US Equity,,1993-06-18,2026-05-02,Consumer Staples,Beverages,1993-12-25,2025-12-27,1993-06-30,2026-04-30,1993-06-30,2026-04-30,33,395
NB_2104,nonbankrupt,,PEPG,PepGen Inc. Common Stock,Health Care,Biotechnology: Pharmaceutical Preparations,PEPG US Equity,,1993-06-18,2026-05-02,Health Care,Biotech & Pharma,2019-12-31,2025-12-31,2022-05-31,2026-04-30,2019-12-31,2026-04-30,7,48
NB_2105,nonbankrupt,,PESI,Perma-Fix Environmental Services Inc. Common Stock,Industrials,Environmental Services,PESI US Equity,,1993-06-18,2026-05-02,Industrials,Commercial Support Services,1993-12-31,2025-12-31,1993-06-30,2026-04-30,1993-06-30,2026-04-30,33,395
NB_2106,nonbankrupt,,PETS,PetMed Express Inc. Common Stock,Consumer Staples,Retail-Drug Stores and Proprietary Stores,PETS US Equity,,1993-06-18,2026-05-02,Consumer Discretionary,E-Commerce Discretionary,2000-03-31,2026-03-31,1997-09-30,2026-04-30,1997-09-30,2026-04-30,27,344
NB_2107,nonbankrupt,,PFE,Pfizer Inc. Common Stock,Health Care,Biotechnology: Pharmaceutical Preparations,PFE US Equity,,1993-06-18,2026-05-02,Health Care,Biotech & Pharma,1993-12-31,2025-12-31,1993-06-30,2026-04-30,1993-06-30,2026-04-30,33,395
NB_2108,nonbankrupt,,PFGC,Performance Food Group Company Common Stock,Consumer Discretionary,Food Distributors,PFGC US Equity,,1993-06-18,2026-05-02,Consumer Staples,Wholesale - Consumer Staples,2014-06-28,2025-06-28,2015-09-30,2026-04-30,2011-07-02,2026-04-30,12,128
NB_2109,nonbankrupt,,PFSA,Profusa Inc. Common Stock,Health Care,Medical/Dental Instruments,PFSA US Equity,,1993-06-18,2026-05-02,Health Care,Medical Equipment & Devices,2021-12-31,2025-12-31,2022-01-31,2026-04-30,2021-12-31,2026-04-30,5,49
NB_211,nonbankrupt,,ARAY,Accuray Incorporated Common Stock,Health Care,Medical/Dental Instruments,ARAY US Equity,,1993-06-18,2026-05-02,Health Care,Medical Equipment & Devices,2005-06-30,2025-06-30,2007-02-28,2026-04-30,2005-06-30,2026-04-30,21,231
NB_2110,nonbankrupt,,PG,Procter & Gamble Company (The) Common Stock,Consumer Discretionary,Package Goods/Cosmetics,PG US Equity,,1993-06-18,2026-05-02,Consumer Staples,Household Products,1993-06-30,2025-06-30,1993-06-30,2026-04-30,1993-06-30,2026-04-30,33,395
NB_2111,nonbankrupt,,PGEN,Precigen Inc. Common Stock,Health Care,Biotechnology: Pharmaceutical Preparations,PGEN US Equity,,1993-06-18,2026-05-02,Health Care,Biotech & Pharma,2011-12-31,2025-12-31,2013-08-30,2026-04-30,2011-12-31,2026-04-30,15,153
NB_2112,nonbankrupt,,PGNY,Progyny Inc. Common Stock,Health Care,Misc Health and Biotechnology Services,PGNY US Equity,,1993-06-18,2026-05-02,Health Care,Health Care Facilities & Svcs,2017-12-31,2025-12-31,2019-10-31,2026-04-30,2017-12-31,2026-04-30,9,79
NB_2113,nonbankrupt,,PH,Parker-Hannifin Corporation Common Stock,Industrials,Metal Fabrications,PH US Equity,,1993-06-18,2026-05-02,Industrials,Diversified Industrials,1993-06-30,2025-06-30,1993-06-30,2026-04-30,1993-06-30,2026-04-30,33,395
NB_2114,nonbankrupt,,PHAT,Phathom Pharmaceuticals Inc. Common Stock,Health Care,Biotechnology: Pharmaceutical Preparations,PHAT US Equity,,1993-06-18,2026-05-02,Health Care,Biotech & Pharma,2018-12-31,2025-12-31,2019-10-31,2026-04-30,2018-12-31,2026-04-30,8,79
NB_2115,nonbankrupt,,PHIN,PHINIA Inc. Common Stock,Consumer Discretionary,Auto Parts:O.E.M.,PHIN US Equity,,1993-06-18,2026-05-02,Consumer Discretionary,Automotive,2021-12-31,2025-12-31,2023-06-30,2026-04-30,2020-12-31,2026-04-30,5,35
NB_2116,nonbankrupt,,PHIO,Phio Pharmaceuticals Corp. Common Stock,Health Care,Biotechnology: Pharmaceutical Preparations,PHIO US Equity,,1993-06-18,2026-05-02,Health Care,Biotech & Pharma,2009-12-31,2025-12-31,2012-05-31,2026-04-30,2009-12-31,2026-04-30,16,168
NB_2117,nonbankrupt,,PHM,PulteGroup Inc. Common Stock,Consumer Discretionary,Homebuilding,PHM US Equity,,1993-06-18,2026-05-02,Consumer Discretionary,Home Construction,1993-12-31,2025-12-31,1993-06-30,2026-04-30,1993-06-30,2026-04-30,33,395
NB_2118,nonbankrupt,,PHR,Phreesia Inc. Common Stock,Consumer Discretionary,Business Services,PHR US Equity,,1993-06-18,2026-05-02,Technology,Software,2018-01-31,2026-01-31,2019-07-31,2026-04-30,2018-01-31,2026-04-30,9,82
NB_2119,nonbankrupt,,PI,Impinj Inc. Common Stock,Technology,Industrial Machinery/Components,PI US Equity,,1993-06-18,2026-05-02,Technology,Semiconductors,2009-12-31,2025-12-31,2016-07-29,2026-04-30,2006-12-31,2026-04-30,14,118
NB_212,nonbankrupt,,ARCB,ArcBest Corporation Common Stock,Industrials,Trucking Freight/Courier Services,ARCB US Equity,,1993-06-18,2026-05-02,Industrials,Transportation & Logistics,1993-12-31,2025-12-31,1993-06-30,2026-04-30,1993-06-30,2026-04-30,33,395
NB_2120,nonbankrupt,,PII,Polaris Inc. Common Stock,Consumer Discretionary,Industrial Specialties,PII US Equity,,1993-06-18,2026-05-02,Consumer Discretionary,Leisure Products,1993-12-31,2025-12-31,1993-06-30,2026-04-30,1993-06-30,2026-04-30,33,395
NB_2121,nonbankrupt,,PIII,P3 Health Partners Inc. Class A Common Stock,Health Care,Medical/Nursing Services,PIII US Equity,,1993-06-18,2026-05-02,Health Care,Health Care Facilities & Svcs,2020-12-31,2025-12-31,2021-04-30,2026-04-30,2020-12-31,2026-04-30,6,61
NB_2123,nonbankrupt,,PINS,Pinterest Inc. Class A Common Stock,Technology,Computer Software: Programming Data Processing,PINS US Equity,,1993-06-18,2026-05-02,Communications,Internet Media & Services,2017-12-31,2025-12-31,2019-04-30,2026-04-30,2016-12-31,2026-04-30,9,85
NB_2124,nonbankrupt,,PK,Park Hotels & Resorts Inc. Common Stock,Consumer Discretionary,Hotels/Resorts,PK US Equity,,1993-06-18,2026-05-02,Real Estate,REIT,2014-12-31,2025-12-31,2016-12-30,2026-04-30,2013-12-31,2026-04-30,12,113
NB_2125,nonbankrupt,,PKE,Park Aerospace Corp. Common Stock,Industrials,Military/Government/Technical,PKE US Equity,,1993-06-18,2026-05-02,Materials,Chemicals,1994-02-27,2026-03-01,1993-06-30,2026-04-30,1993-06-30,2026-04-30,33,395
NB_2126,nonbankrupt,,PKG,Packaging Corporation of America Common Stock,Consumer Discretionary,Containers/Packaging,PKG US Equity,,1993-06-18,2026-05-02,Materials,Containers & Packaging,1996-12-31,2025-12-31,2000-01-31,2026-04-30,1996-12-31,2026-04-30,30,316
NB_2127,nonbankrupt,,PKOH,Park-Ohio Holdings Corp. Common Stock,Industrials,Industrial Specialties,PKOH US Equity,,1993-06-18,2026-05-02,Industrials,Industrial Intermediate Prod,1993-12-31,2025-12-31,1993-06-30,2026-04-30,1993-06-30,2026-04-30,33,395
NB_2128,nonbankrupt,,PL,Planet Labs PBC Class A Common Stock,Technology,Radio And Television Broadcasting And Communications Equipment,PL US Equity,,1993-06-18,2026-05-02,Technology,Software,2021-01-31,2026-01-31,2021-04-30,2026-04-30,2021-01-31,2026-04-30,6,61
NB_2129,nonbankrupt,,PLAB,Photronics Inc. Common Stock,Technology,Semiconductors,PLAB US Equity,,1993-06-18,2026-05-02,Technology,Semiconductors,1993-10-31,2025-10-31,1993-06-30,2026-04-30,1993-06-30,2026-04-30,33,395
NB_213,nonbankrupt,,ARDT,Ardent Health Inc. Common Stock,Health Care,Hospital/Nursing Management,ARDT US Equity,,1993-06-18,2026-05-02,Health Care,Health Care Facilities & Svcs,2016-12-31,2025-12-31,2024-07-31,2026-04-30,2016-12-31,2026-04-30,6,22
NB_2130,nonbankrupt,,PLAY,Dave & Buster's Entertainment Inc. Common Stock,Consumer Discretionary,Restaurants,PLAY US Equity,,1993-06-18,2026-05-02,Consumer Discretionary,Leisure Facilities & Services,2009-02-01,2026-02-03,2014-10-31,2026-04-30,2007-02-04,2026-04-30,18,139
NB_2131,nonbankrupt,,PLBY,Playboy Inc. Common Stock,Consumer Discretionary,Other Specialty Stores,PLBY US Equity,,1993-06-18,2026-05-02,Consumer Discretionary,Apparel & Textile Products,2019-12-31,2025-12-31,2020-08-31,2026-04-30,2019-12-31,2026-04-30,7,69
NB_2132,nonbankrupt,,PLCE,Children's Place Inc. (The) Common Stock,Consumer Discretionary,Clothing/Shoe/Accessory Stores,PLCE US Equity,,1993-06-18,2026-05-02,Consumer Discretionary,Retail - Discretionary,1998-01-31,2026-01-31,1997-09-30,2026-04-30,1997-09-30,2026-04-30,29,344
NB_2133,nonbankrupt,,PLNT,Planet Fitness Inc. Common Stock,Consumer Discretionary,Hotels/Resorts,PLNT US Equity,,1993-06-18,2026-05-02,Consumer Discretionary,Leisure Facilities & Services,2013-12-31,2025-12-31,2015-08-31,2026-04-30,2013-12-31,2026-04-30,13,129
NB_2134,nonbankrupt,,PLOW,Douglas Dynamics Inc. Common Stock,Industrials,Construction/Ag Equipment/Trucks,PLOW US Equity,,1993-06-18,2026-05-02,Industrials,Machinery,2007-12-31,2025-12-31,2010-05-31,2026-04-30,2007-12-31,2026-04-30,19,192
NB_2135,nonbankrupt,,PLPC,Preformed Line Products Company Common Stock,Industrials,Water Sewer Pipeline Comm & Power Line Construction,PLPC US Equity,,1993-06-18,2026-05-02,Industrials,Electrical Equipment,1999-12-31,2025-12-31,1994-07-29,2026-04-30,1994-06-30,2026-04-30,27,378
NB_2136,nonbankrupt,,PLRX,Pliant Therapeutics Inc. Common Stock,Health Care,Biotechnology: Pharmaceutical Preparations,PLRX US Equity,,1993-06-18,2026-05-02,Health Care,Biotech & Pharma,2018-12-31,2025-12-31,2020-06-30,2026-04-30,2018-12-31,2026-04-30,8,71
NB_2137,nonbankrupt,,PLSE,Pulse Biosciences Inc Common Stock (DE),Health Care,Medical/Dental Instruments,PLSE US Equity,,1993-06-18,2026-05-02,Health Care,Medical Equipment & Devices,2014-12-31,2025-12-31,2016-05-31,2026-04-30,2014-12-31,2026-04-30,12,120
NB_2138,nonbankrupt,,PLTR,Palantir Technologies Inc. Class A Common Stock,Technology,Computer Software: Prepackaged Software,PLTR US Equity,,1993-06-18,2026-05-02,Technology,Software,2018-12-31,2025-12-31,2020-09-30,2026-04-30,2018-12-31,2026-04-30,8,68
NB_2139,nonbankrupt,,PLUG,Plug Power Inc. Common Stock,Energy,Industrial Machinery/Components,PLUG US Equity,,1993-06-18,2026-05-02,Energy,Renewable Energy,1997-12-31,2025-12-31,1999-10-29,2026-04-30,1997-12-31,2026-04-30,29,319
NB_214,nonbankrupt,,ARDX,Ardelyx Inc. Common Stock,Health Care,Biotechnology: Pharmaceutical Preparations,ARDX US Equity,,1993-06-18,2026-05-02,Health Care,Biotech & Pharma,2012-12-31,2025-12-31,2014-06-30,2026-04-30,2012-12-31,2026-04-30,14,143
NB_2140,nonbankrupt,,PLUS,ePlus inc. Common Stock,Technology,Retail: Computer Software & Peripheral Equipment,PLUS US Equity,,1993-06-18,2026-05-02,Consumer Discretionary,Wholesale - Discretionary,1995-03-31,2026-03-31,1996-11-29,2026-04-30,1995-03-31,2026-04-30,30,354
NB_2141,nonbankrupt,,PLXS,Plexus Corp. Common Stock,Technology,Electrical Products,PLXS US Equity,,1993-06-18,2026-05-02,Technology,Technology Hardware,1993-10-01,2025-09-27,1993-06-30,2026-04-30,1993-06-30,2026-04-30,33,395
NB_2142,nonbankrupt,,PLYX,Polaryx Therapeutics Inc. Common Stock,Health Care,Biotechnology: Pharmaceutical Preparations,PLYX US Equity,,1993-06-18,2026-05-02,Health Care,Biotech & Pharma,2023-12-31,2025-12-31,2026-02-27,2026-04-30,2023-12-31,2026-04-30,3,3
NB_2143,nonbankrupt,,PM,Philip Morris International Inc Common Stock,Health Care,Medicinal Chemicals and Botanical Products,PM US Equity,,1993-06-18,2026-05-02,Consumer Staples,Tobacco & Cannabis,2006-12-31,2025-12-31,2008-03-31,2026-04-30,2006-12-31,2026-04-30,20,218
NB_2144,nonbankrupt,,PMCB,PharmaCyte Biotech Inc. Common Stock,Health Care,Biotechnology: Biological Products (No Diagnostic Substances),PMCB US Equity,,1993-06-18,2026-05-02,Health Care,Biotech & Pharma,2009-04-30,2026-04-30,2003-09-30,2026-04-30,2003-09-30,2026-04-30,18,272
NB_2145,nonbankrupt,,PMTS,CPI Card Group Inc. Common Stock,Consumer Discretionary,Publishing,PMTS US Equity,,1993-06-18,2026-05-02,Financials,Specialty Finance,2013-12-31,2025-12-31,2015-10-30,2026-04-30,2012-12-31,2026-04-30,13,127
NB_2146,nonbankrupt,,PMVP,PMV Pharmaceuticals Inc. Common Stock,Health Care,Biotechnology: Pharmaceutical Preparations,PMVP US Equity,,1993-06-18,2026-05-02,Health Care,Biotech & Pharma,2018-12-31,2025-12-31,2020-09-30,2026-04-30,2018-12-31,2026-04-30,8,68
NB_2147,nonbankrupt,,PNRG,PrimeEnergy Resources Corporation Common Stock,Energy,Oil & Gas Production,PNRG US Equity,,1993-06-18,2026-05-02,Energy,Oil & Gas Supply Chain,1993-12-31,2025-12-31,1993-06-30,2026-04-30,1993-06-30,2026-04-30,32,395
NB_2148,nonbankrupt,,PNTG,The Pennant Group Inc. Common Stock,Health Care,Medical/Nursing Services,PNTG US Equity,,1993-06-18,2026-05-02,Health Care,Health Care Facilities & Svcs,2018-12-31,2025-12-31,2019-10-31,2026-04-30,2016-12-31,2026-04-30,8,79
NB_2149,nonbankrupt,,PNW,Pinnacle West Capital Corporation Common Stock,Utilities,Electric Utilities: Central,PNW US Equity,,1993-06-18,2026-05-02,Utilities,Electric Utilities,1993-12-31,2025-12-31,1993-06-30,2026-04-30,1993-06-30,2026-04-30,33,395
NB_215,nonbankrupt,,AREC,American Resources Corporation Class A Common Stock,Energy,Coal Mining,AREC US Equity,,1993-06-18,2026-05-02,Materials,Metals & Mining,2014-09-30,2025-12-31,2015-11-30,2026-04-30,2014-09-30,2026-04-30,11,108
NB_2150,nonbankrupt,,POCI,Precision Optics Corporation Inc. Common stock,Health Care,Biotechnology: Electromedical & Electrotherapeutic Apparatus,POCI US Equity,,1993-06-18,2026-05-02,Health Care,Medical Equipment & Devices,1993-06-30,2025-06-30,1993-06-30,2026-04-30,1993-06-30,2026-04-30,33,391
NB_2151,nonbankrupt,,PODC,PodcastOne Inc. Common Stock,Technology,Computer Software: Programming Data Processing,PODC US Equity,,1993-06-18,2026-05-02,Communications,Advertising & Marketing,2021-03-31,2026-03-31,2023-09-29,2026-04-30,2021-03-31,2026-04-30,5,32
NB_2152,nonbankrupt,,PODD,Insulet Corporation Common Stock,Health Care,Medical/Dental Instruments,PODD US Equity,,1993-06-18,2026-05-02,Health Care,Medical Equipment & Devices,2005-12-31,2025-12-31,2007-05-31,2026-04-30,2005-12-31,2026-04-30,21,228
NB_2153,nonbankrupt,,POOL,Pool Corporation Common Stock,Consumer Discretionary,Industrial Specialties,POOL US Equity,,1993-06-18,2026-05-02,Consumer Discretionary,Wholesale - Discretionary,1994-12-31,2025-12-31,1995-10-31,2026-04-30,1994-12-31,2026-04-30,32,367
NB_2154,nonbankrupt,,POR,Portland General Electric Co Common Stock,Utilities,Electric Utilities: Central,POR US Equity,,1993-06-18,2026-05-02,Utilities,Electric Utilities,1993-12-31,2025-12-31,2006-03-31,2026-04-30,1993-12-31,2026-04-30,33,242
NB_2155,nonbankrupt,,POST,Post Holdings Inc. Common Stock,Consumer Staples,Packaged Foods,POST US Equity,,1993-06-18,2026-05-02,Consumer Staples,Food,2010-09-30,2025-09-30,2012-01-31,2026-04-30,2010-09-30,2026-04-30,16,172
NB_2156,nonbankrupt,,POWI,Power Integrations Inc. Common Stock,Technology,Semiconductors,POWI US Equity,,1993-06-18,2026-05-02,Technology,Semiconductors,1995-12-31,2025-12-31,1997-12-31,2026-04-30,1995-12-31,2026-04-30,31,341
NB_2157,nonbankrupt,,POWL,Powell Industries Inc. Common Stock,Energy,Electrical Products,POWL US Equity,,1993-06-18,2026-05-02,Industrials,Electrical Equipment,1993-10-31,2025-09-30,1993-06-30,2026-04-30,1993-06-30,2026-04-30,32,395
NB_2158,nonbankrupt,,POWW,Outdoor Holding Company Common Stock,Industrials,Ordnance And Accessories,POWW US Equity,,1993-06-18,2026-05-02,Industrials,Aerospace & Defense,1996-12-31,2026-03-31,1997-09-30,2026-04-30,1996-12-31,2026-04-30,25,321
NB_216,nonbankrupt,,ARHS,Arhaus Inc. Class A Common Stock,Consumer Discretionary,Other Specialty Stores,ARHS US Equity,,1993-06-18,2026-05-02,Consumer Discretionary,Home & Office Products,2020-12-31,2025-12-31,2021-11-30,2026-04-30,2020-12-31,2026-04-30,6,54
NB_2160,nonbankrupt,,PPC,Pilgrim's Pride Corporation Common Stock,Consumer Staples,Meat/Poultry/Fish,PPC US Equity,,1993-06-18,2026-05-02,Consumer Staples,Food,1993-09-30,2025-12-28,1993-06-30,2026-04-30,1993-06-30,2026-04-30,33,395
NB_2161,nonbankrupt,,PPG,PPG Industries Inc. Common Stock,Consumer Discretionary,Paints/Coatings,PPG US Equity,,1993-06-18,2026-05-02,Materials,Chemicals,1993-12-31,2025-12-31,1993-06-30,2026-04-30,1993-06-30,2026-04-30,33,395
NB_2162,nonbankrupt,,PPIH,Perma-Pipe International Holdings Inc. Common Stock,Industrials,Pollution Control Equipment,PPIH US Equity,,1993-06-18,2026-05-02,Industrials,Engineering & Construction,1994-01-31,2026-01-31,1993-06-30,2026-04-30,1993-06-30,2026-04-30,33,395
NB_2163,nonbankrupt,,PPL,PPL Corporation Common Stock,Utilities,Electric Utilities: Central,PPL US Equity,,1993-06-18,2026-05-02,Utilities,Electric Utilities,1993-12-31,2025-12-31,1993-06-30,2026-04-30,1993-06-30,2026-04-30,33,395
NB_2165,nonbankrupt,,PPLI,People Incorporated Common Stock,Technology,Computer Software: Programming Data Processing,PPLI US Equity,,1993-06-18,2026-05-02,Communications,Internet Media & Services,2018-12-31,2025-12-31,2020-07-31,2026-04-30,2017-12-31,2026-04-30,8,70
NB_2166,nonbankrupt,,PR,Permian Resources Corporation Class A Common Stock,Energy,Oil & Gas Production,PR US Equity,,1993-06-18,2026-05-02,Energy,Oil & Gas Supply Chain,2015-12-31,2025-12-31,2016-04-29,2026-04-30,2015-12-31,2026-04-30,11,121
NB_2167,nonbankrupt,,PRAX,Praxis Precision Medicines Inc. Common Stock,Health Care,Biotechnology: Pharmaceutical Preparations,PRAX US Equity,,1993-06-18,2026-05-02,Health Care,Biotech & Pharma,2018-12-31,2025-12-31,2020-10-30,2026-04-30,2018-12-31,2026-04-30,8,67
NB_2168,nonbankrupt,,PRCH,Porch Group Inc. Common Stock,Technology,Computer Software: Prepackaged Software,PRCH US Equity,,1993-06-18,2026-05-02,Technology,Software,2019-12-31,2025-12-31,2020-01-31,2026-04-30,2019-12-31,2026-04-30,7,76
NB_2169,nonbankrupt,,PRCT,PROCEPT BioRobotics Corporation Common Stock,Health Care,Medical/Dental Instruments,PRCT US Equity,,1993-06-18,2026-05-02,Health Care,Medical Equipment & Devices,2019-12-31,2025-12-31,2021-09-30,2026-04-30,2019-12-31,2026-04-30,7,56
NB_217,nonbankrupt,,ARKO,ARKO Corp. Common Stock,Consumer Staples,Food Chains,ARKO US Equity,,1993-06-18,2026-05-02,Consumer Staples,Retail - Consumer Staples,2018-12-31,2025-12-31,2019-07-31,2026-04-30,2017-12-31,2026-04-30,8,82
NB_2170,nonbankrupt,,PRG,PROG Holdings Inc. Common Stock,Consumer Discretionary,Diversified Commercial Services,PRG US Equity,,1993-06-18,2026-05-02,Consumer Discretionary,Consumer Services,1994-03-31,2025-12-31,1993-06-30,2026-04-30,1993-06-30,2026-04-30,32,395
NB_2171,nonbankrupt,,PRGO,Perrigo Company plc Ordinary Shares,Health Care,Biotechnology: Pharmaceutical Preparations,PRGO US Equity,,1993-06-18,2026-05-02,Consumer Staples,Household Products,1993-06-30,2025-12-31,1993-06-30,2026-04-30,1993-06-30,2026-04-30,33,395
NB_2172,nonbankrupt,,PRGS,Progress Software Corporation Common Stock (DE),Technology,Computer Software: Prepackaged Software,PRGS US Equity,,1993-06-18,2026-05-02,Technology,Software,1993-11-30,2025-11-30,1993-06-30,2026-04-30,1993-06-30,2026-04-30,33,395
NB_2173,nonbankrupt,,PRIM,Primoris Services Corporation Common Stock,Industrials,Water Sewer Pipeline Comm & Power Line Construction,PRIM US Equity,,1993-06-18,2026-05-02,Industrials,Engineering & Construction,2006-12-31,2025-12-31,2006-10-31,2026-04-30,2006-10-31,2026-04-30,20,235
NB_2174,nonbankrupt,,PRKS,United Parks & Resorts Inc. Common Stock,Consumer Discretionary,Services-Misc. Amusement & Recreation,PRKS US Equity,,1993-06-18,2026-05-02,Consumer Discretionary,Leisure Facilities & Services,2010-12-31,2025-12-31,2013-04-30,2026-04-30,2010-12-31,2026-04-30,16,157
NB_2175,nonbankrupt,,PRLB,Proto Labs Inc. Common stock,Industrials,Metal Fabrications,PRLB US Equity,,1993-06-18,2026-05-02,Industrials,Industrial Intermediate Prod,2009-12-31,2025-12-31,2012-02-29,2026-04-30,2006-12-31,2026-04-30,17,171
NB_2176,nonbankrupt,,PRLD,Prelude Therapeutics Incorporated Common Stock,Health Care,Biotechnology: Pharmaceutical Preparations,PRLD US Equity,,1993-06-18,2026-05-02,Health Care,Biotech & Pharma,2018-12-31,2025-12-31,2020-09-30,2026-04-30,2018-12-31,2026-04-30,8,68
NB_2177,nonbankrupt,,PRMB,Primo Brands Corporation Class A Common Stock,Consumer Staples,Beverages (Production/Distribution),PRMB US Equity,,1993-06-18,2026-05-02,Consumer Staples,Beverages,1994-01-29,2025-12-31,1993-06-30,2026-04-30,1993-06-30,2026-04-30,27,395
NB_2178,nonbankrupt,,PRME,Prime Medicine Inc. Common Stock,Health Care,Biotechnology: Biological Products (No Diagnostic Substances),PRME US Equity,,1993-06-18,2026-05-02,Health Care,Biotech & Pharma,2020-12-31,2025-12-31,2022-10-31,2026-04-30,2020-12-31,2026-04-30,6,43
NB_2179,nonbankrupt,,PROK,ProKidney Corp. Class A Ordinary Shares,Health Care,Biotechnology: Biological Products (No Diagnostic Substances),PROK US Equity,,1993-06-18,2026-05-02,Health Care,Biotech & Pharma,2021-12-31,2025-12-31,2021-06-30,2026-04-30,2021-06-30,2026-04-30,5,59
NB_218,nonbankrupt,,ARKR,Ark Restaurants Corp. Common Stock,Consumer Discretionary,Restaurants,ARKR US Equity,,1993-06-18,2026-05-02,Consumer Discretionary,Leisure Facilities & Services,1993-10-02,2025-09-27,1993-06-30,2026-04-30,1993-06-30,2026-04-30,33,395
NB_2180,nonbankrupt,,PROP,Prairie Operating Co. Common Stock,Energy,Oil & Gas Production,PROP US Equity,,1993-06-18,2026-05-02,Energy,Oil & Gas Supply Chain,2010-12-31,2025-12-31,2008-09-30,2026-04-30,2008-09-30,2026-04-30,16,176
NB_2181,nonbankrupt,,PRPL,Purple Innovation Inc. Common Stock,Consumer Discretionary,Home Furnishings,PRPL US Equity,,1993-06-18,2026-05-02,Consumer Discretionary,Home & Office Products,2016-12-31,2025-12-31,2015-10-30,2026-04-30,2015-08-31,2026-04-30,10,125
NB_2182,nonbankrupt,,PRPO,Precipio Inc. Common Stock,Industrials,Biotechnology: Laboratory Analytical Instruments,PRPO US Equity,,1993-06-18,2026-05-02,Health Care,Health Care Facilities & Svcs,1998-12-31,2025-12-31,2000-07-31,2026-04-30,1997-12-31,2026-04-30,28,310
NB_2183,nonbankrupt,,PRSO,Peraso Inc. Common Stock,Technology,Semiconductors,PRSO US Equity,,1993-06-18,2026-05-02,Technology,Semiconductors,1998-12-31,2025-12-31,2001-06-29,2026-04-30,1998-12-31,2026-04-30,27,299
NB_2184,nonbankrupt,,PRSU,Pursuit Attractions and Hospitality Inc. Common Stock,Consumer Discretionary,Services-Misc. Amusement & Recreation,PRSU US Equity,,1993-06-18,2026-05-02,Consumer Discretionary,Leisure Facilities & Services,1993-12-31,2025-12-31,1993-06-30,2026-04-30,1993-06-30,2026-04-30,33,395
NB_2185,nonbankrupt,,PRT,PermRock Royalty Trust Units of Beneficial Interest,Energy,Oil & Gas Production,PRT US Equity,,1993-06-18,2026-05-02,Energy,Oil & Gas Supply Chain,2018-12-31,2025-12-31,2018-05-31,2026-04-30,2018-05-31,2026-04-30,8,96
NB_2186,nonbankrupt,,PRTA,Prothena Corporation plc Ordinary Shares,Health Care,Biotechnology: Pharmaceutical Preparations,PRTA US Equity,,1993-06-18,2026-05-02,Health Care,Biotech & Pharma,2010-12-30,2025-12-31,2012-12-31,2026-04-30,2009-12-30,2026-04-30,16,161
NB_2187,nonbankrupt,,PRTH,Priority Technology Holdings Inc. Common Stock,Consumer Discretionary,Business Services,PRTH US Equity,,1993-06-18,2026-05-02,Financials,Specialty Finance,2015-12-31,2025-12-31,2016-12-30,2026-04-30,2015-12-31,2026-04-30,11,113
NB_2188,nonbankrupt,,PRTS,CarParts.com Inc. Common Stock,Consumer Discretionary,Auto & Home Supply Stores,PRTS US Equity,,1993-06-18,2026-05-02,Consumer Discretionary,E-Commerce Discretionary,2006-12-31,2026-01-03,2007-02-28,2026-04-30,2006-12-31,2026-04-30,17,231
NB_2189,nonbankrupt,,PRVA,Privia Health Group Inc. Common Stock,Health Care,Medical/Nursing Services,PRVA US Equity,,1993-06-18,2026-05-02,Health Care,Health Care Facilities & Svcs,2019-12-31,2025-12-31,2021-04-30,2026-04-30,2018-12-31,2026-04-30,7,61
NB_219,nonbankrupt,,ARLO,Arlo Technologies Inc. Common Stock,Consumer Discretionary,Diversified Commercial Services,ARLO US Equity,,1993-06-18,2026-05-02,Technology,Technology Hardware,2016-12-31,2025-12-31,2018-08-31,2026-04-30,2016-12-31,2026-04-30,10,93
NB_2190,nonbankrupt,,PSIX,Power Solutions International Inc. Common Stock,Industrials,Industrial Machinery/Components,PSIX US Equity,,1993-06-18,2026-05-02,Industrials,Machinery,2011-12-31,2025-12-31,2007-07-31,2026-04-30,2007-04-30,2026-04-30,15,178
NB_2191,nonbankrupt,,PSKY,Paramount Skydance Corporation Class B Common Stock,Industrials,Broadcasting,PSKY US Equity,,1993-06-18,2026-05-02,Communications,Entertainment Content,2021-12-31,2025-12-31,2025-08-29,2026-04-30,2021-12-31,2026-04-30,5,9
NB_2192,nonbankrupt,,PSMT,PriceSmart Inc. Common Stock,Consumer Discretionary,Department/Specialty Retail Stores,PSMT US Equity,,1993-06-18,2026-05-02,Consumer Staples,Retail - Consumer Staples,1997-08-31,2025-08-31,1997-09-30,2026-04-30,1997-08-29,2026-04-30,27,344
NB_2193,nonbankrupt,,PSN,Parsons Corporation Common Stock,Technology,EDP Services,PSN US Equity,,1993-06-18,2026-05-02,Technology,IT Services,2015-12-31,2025-12-31,2019-05-31,2026-04-30,2015-12-31,2026-04-30,10,84
NB_2194,nonbankrupt,,PSNL,Personalis Inc. Common Stock,Health Care,Medical Specialities,PSNL US Equity,,1993-06-18,2026-05-02,Health Care,Health Care Facilities & Svcs,2017-12-31,2025-12-31,2019-06-28,2026-04-30,2017-12-31,2026-04-30,9,83
NB_2195,nonbankrupt,,PSX,Phillips 66 Common Stock,Energy,Integrated oil Companies,PSX US Equity,,1993-06-18,2026-05-02,Energy,Oil & Gas Supply Chain,2010-12-31,2025-12-31,2012-04-30,2026-04-30,2009-12-31,2026-04-30,16,169
NB_2196,nonbankrupt,,PTC,PTC Inc. Common Stock,Technology,Computer Software: Prepackaged Software,PTC US Equity,,1993-06-18,2026-05-02,Technology,Software,1993-09-30,2025-09-30,1993-06-30,2026-04-30,1993-06-30,2026-04-30,33,395
NB_2197,nonbankrupt,,PTCT,PTC Therapeutics Inc. Common Stock,Health Care,Biotechnology: Pharmaceutical Preparations,PTCT US Equity,,1993-06-18,2026-05-02,Health Care,Biotech & Pharma,2011-12-31,2025-12-31,2013-06-28,2026-04-30,2011-12-31,2026-04-30,15,155
NB_2198,nonbankrupt,,PTEN,Patterson-UTI Energy Inc. Common Stock,Energy,Oil & Gas Production,PTEN US Equity,,1993-06-18,2026-05-02,Energy,Oil & Gas Services & Equip,1993-12-31,2025-12-31,1993-11-30,2026-04-30,1993-11-30,2026-04-30,33,390
NB_2199,nonbankrupt,,PTGX,Protagonist Therapeutics Inc. Common Stock,Health Care,Biotechnology: Pharmaceutical Preparations,PTGX US Equity,,1993-06-18,2026-05-02,Health Care,Biotech & Pharma,2014-12-31,2025-12-31,2016-08-31,2026-04-30,2014-12-31,2026-04-30,12,117
NB_22,nonbankrupt,,ACDC,ProFrac Holding Corp. Class A Common Stock,Energy,Oilfield Services/Equipment,ACDC US Equity,,1993-06-18,2026-05-02,Energy,Oil & Gas Services & Equip,2021-12-31,2025-12-31,2022-05-31,2026-04-30,2020-12-31,2026-04-30,5,48
NB_220,nonbankrupt,,ARLP,Alliance Resource Partners L.P. Common Units representing Limited Partners Interests,Energy,Coal Mining,ARLP US Equity,,1993-06-18,2026-05-02,Materials,Metals & Mining,1997-12-31,2025-12-31,1999-08-31,2026-04-30,1997-12-31,2026-04-30,29,321
NB_2200,nonbankrupt,,PTLO,Portillo's Inc. Class A Common Stock,Consumer Discretionary,Restaurants,PTLO US Equity,,1993-06-18,2026-05-02,Consumer Discretionary,Leisure Facilities & Services,2019-12-29,2025-12-28,2021-10-29,2026-04-30,2019-12-29,2026-04-30,7,55
NB_2201,nonbankrupt,,PTN,Palatin Technologies Inc. Common Stock,Health Care,Biotechnology: Pharmaceutical Preparations,PTN US Equity,,1993-06-18,2026-05-02,Health Care,Biotech & Pharma,1997-06-30,2025-06-30,1993-10-29,2026-04-30,1993-10-29,2026-04-30,25,391
NB_2202,nonbankrupt,,PTON,Peloton Interactive Inc. Class A Common Stock,Consumer Discretionary,Recreational Games/Products/Toys,PTON US Equity,,1993-06-18,2026-05-02,Consumer Discretionary,Leisure Products,2018-06-30,2025-06-30,2019-09-30,2026-04-30,2017-06-30,2026-04-30,8,80
NB_2203,nonbankrupt,,PTRN,Pattern Group Inc. Series A Common Stock,Consumer Discretionary,Catalog/Specialty Distribution,PTRN US Equity,,1993-06-18,2026-05-02,Consumer Discretionary,E-Commerce Discretionary,2023-12-31,2025-12-31,2025-09-30,2026-04-30,2022-12-31,2026-04-30,3,8
NB_2204,nonbankrupt,,PUBM,PubMatic Inc. Class A Common Stock,Technology,Computer Software: Programming Data Processing,PUBM US Equity,,1993-06-18,2026-05-02,Technology,Software,2018-12-31,2025-12-31,2020-12-31,2026-04-30,2018-12-31,2026-04-30,8,65
NB_2205,nonbankrupt,,PULM,Pulmatrix Inc. Common Stock,Health Care,Biotechnology: Pharmaceutical Preparations,PULM US Equity,,1993-06-18,2026-05-02,Health Care,Biotech & Pharma,2013-03-31,2025-12-31,2014-03-31,2026-04-30,2013-03-31,2026-04-30,13,146
NB_2206,nonbankrupt,,PUMP,ProPetro Holding Corp. Common Stock,Energy,Oilfield Services/Equipment,PUMP US Equity,,1993-06-18,2026-05-02,Energy,Oil & Gas Services & Equip,2015-12-31,2025-12-31,2017-03-31,2026-04-30,2015-12-31,2026-04-30,11,110
NB_2207,nonbankrupt,,PUSA,Aureus Greenway Holdings Inc. Common Stock,Consumer Discretionary,Hotels/Resorts,PUSA US Equity,,1993-06-18,2026-05-02,Consumer Discretionary,Leisure Facilities & Services,2022-12-31,2025-12-31,2025-02-28,2026-04-30,2022-12-31,2026-04-30,4,15
NB_2208,nonbankrupt,,PVH,PVH Corp. Common Stock,Industrials,Garments and Clothing,PVH US Equity,,1993-06-18,2026-05-02,Consumer Discretionary,Apparel & Textile Products,1994-01-30,2026-02-01,1993-06-30,2026-04-30,1993-06-30,2026-04-30,33,395
NB_2209,nonbankrupt,,PVL,Permianville Royalty Trust Units of Beneficial Interest,Energy,Oil & Gas Production,PVL US Equity,,1993-06-18,2026-05-02,Energy,Oil & Gas Supply Chain,2012-12-31,2025-12-31,2011-11-30,2026-04-30,2011-11-30,2026-04-30,14,174
NB_221,nonbankrupt,,ARMK,Aramark Common Stock,Consumer Discretionary,Restaurants,ARMK US Equity,,1993-06-18,2026-05-02,Industrials,Commercial Support Services,2011-09-30,2025-10-03,2013-12-31,2026-04-30,2010-09-30,2026-04-30,15,149
NB_2210,nonbankrupt,,PVLA,Palvella Therapeutics Inc. Common Stock,Health Care,Biotechnology: Pharmaceutical Preparations,PVLA US Equity,,1993-06-18,2026-05-02,Health Care,Biotech & Pharma,2013-12-31,2025-12-31,2015-01-30,2026-04-30,2013-12-31,2026-04-30,13,136
NB_2211,nonbankrupt,,PWR,Quanta Services Inc. Common Stock,Industrials,Engineering & Construction,PWR US Equity,,1993-06-18,2026-05-02,Industrials,Engineering & Construction,1997-12-31,2025-12-31,1998-02-27,2026-04-30,1997-12-31,2026-04-30,29,339
NB_2212,nonbankrupt,,PXLW,Pixelworks Inc. Common Stock,Technology,Computer Software: Prepackaged Software,PXLW US Equity,,1993-06-18,2026-05-02,Technology,Semiconductors,1998-12-31,2025-12-31,2000-05-31,2026-04-30,1997-12-31,2026-04-30,28,312
NB_2213,nonbankrupt,,PYPL,PayPal Holdings Inc. Common Stock,Industrials,Diversified Commercial Services,PYPL US Equity,,1993-06-18,2026-05-02,Financials,Specialty Finance,2011-12-31,2025-12-31,2015-07-31,2026-04-30,2011-12-31,2026-04-30,15,130
NB_2214,nonbankrupt,,PYXS,Pyxis Oncology Inc. Common Stock,Health Care,Biotechnology: Pharmaceutical Preparations,PYXS US Equity,,1993-06-18,2026-05-02,Health Care,Biotech & Pharma,2019-12-31,2025-12-31,2021-10-29,2026-04-30,2019-12-31,2026-04-30,7,55
NB_2215,nonbankrupt,,PZG,Paramount Gold Nevada Corp. Common Stock,Basic Materials,Metal Mining,PZG US Equity,,1993-06-18,2026-05-02,Materials,Metals & Mining,2013-06-30,2025-06-30,2015-04-30,2026-04-30,2013-06-30,2026-04-30,13,133
NB_2216,nonbankrupt,,PZZA,Papa John's International Inc. Common Stock,Consumer Discretionary,Restaurants,PZZA US Equity,,1993-06-18,2026-05-02,Consumer Discretionary,Leisure Facilities & Services,1993-12-31,2025-12-28,1993-06-30,2026-04-30,1993-06-30,2026-04-30,33,395
NB_2217,nonbankrupt,,Q,Qnity Electronics Inc. Common Stock,Technology,Semiconductors,Q US Equity,,1993-06-18,2026-05-02,Materials,Chemicals,2024-12-31,2025-12-31,2025-10-31,2026-04-30,2024-12-31,2026-04-30,2,7
NB_2218,nonbankrupt,,QBTS,D-Wave Quantum Inc. Common Stock,Technology,EDP Services,QBTS US Equity,,1993-06-18,2026-05-02,Technology,Technology Hardware,2020-12-31,2025-12-31,2020-12-31,2026-04-30,2020-12-31,2026-04-30,6,65
NB_2219,nonbankrupt,,QCLS,Q/C Technologies Inc. Common Stock,Health Care,Biotechnology: In Vitro & In Vivo Diagnostic Substances,QCLS US Equity,,1993-06-18,2026-05-02,Health Care,Biotech & Pharma,1999-12-31,2025-12-31,2008-07-31,2026-04-30,1999-12-31,2026-04-30,25,167
NB_222,nonbankrupt,,ARMP,Armata Pharmaceuticals Inc. Common Stock,Health Care,Biotechnology: Biological Products (No Diagnostic Substances),ARMP US Equity,,1993-06-18,2026-05-02,Health Care,Biotech & Pharma,1993-12-31,2025-12-31,1994-05-31,2026-04-30,1993-12-31,2026-04-30,32,384
NB_2220,nonbankrupt,,QCOM,QUALCOMM Incorporated Common Stock,Technology,Radio And Television Broadcasting And Communications Equipment,QCOM US Equity,,1993-06-18,2026-05-02,Technology,Semiconductors,1993-09-26,2025-09-28,1993-06-30,2026-04-30,1993-06-30,2026-04-30,33,395
NB_2221,nonbankrupt,,QDEL,QuidelOrtho Corporation Common Stock,Health Care,Biotechnology: In Vitro & In Vivo Diagnostic Substances,QDEL US Equity,,1993-06-18,2026-05-02,Health Care,Medical Equipment & Devices,1994-03-31,2025-12-28,1993-06-30,2026-04-30,1993-06-30,2026-04-30,31,395
NB_2222,nonbankrupt,,QLYS,Qualys Inc. Common Stock,Technology,Computer Software: Prepackaged Software,QLYS US Equity,,1993-06-18,2026-05-02,Technology,Software,2010-12-31,2025-12-31,2012-09-28,2026-04-30,2007-12-31,2026-04-30,16,164
NB_2223,nonbankrupt,,QMCO,Quantum Corporation Common Stock,Technology,Electronic Components,QMCO US Equity,,1993-06-18,2026-05-02,Technology,Technology Hardware,1997-03-31,2026-03-31,1999-08-31,2026-04-30,1997-03-31,2026-04-30,30,321
NB_2224,nonbankrupt,,QMLS,QumulusAI Inc. Common Stock,Technology,EDP Services,QMLS US Equity,,1993-06-18,2026-05-02,Technology,Software,2024-12-31,2025-12-31,,,2024-12-31,2025-12-31,2,0
NB_2225,nonbankrupt,,QNCX,Quince Therapeutics Inc. Common Stock,Health Care,Biotechnology: Biological Products (No Diagnostic Substances),QNCX US Equity,,1993-06-18,2026-05-02,Health Care,Biotech & Pharma,2017-12-31,2025-12-31,2019-05-31,2026-04-30,2017-12-31,2026-04-30,9,84
NB_2226,nonbankrupt,,QNME,Quanome Technologies Inc. Common Stock,Industrials,Integrated Freight & Logistics,QNME US Equity,,1993-06-18,2026-05-02,Industrials,Transportation & Logistics,2022-06-30,2025-06-30,2024-06-28,2026-04-30,2022-06-30,2026-04-30,4,23
NB_2227,nonbankrupt,,QNST,QuinStreet Inc. Common Stock,Consumer Discretionary,Business Services,QNST US Equity,,1993-06-18,2026-05-02,Communications,Advertising & Marketing,2008-06-30,2025-06-30,2010-02-26,2026-04-30,2007-06-30,2026-04-30,18,195
NB_2228,nonbankrupt,,QNT,Quantinuum Inc. Class A Common Stock,Technology,EDP Services,QNT US Equity,,1993-06-18,2026-05-02,Technology,Technology Hardware,2024-12-31,2025-12-31,,,2024-12-31,2025-12-31,2,0
NB_2229,nonbankrupt,,QRHC,Quest Resource Holding Corporation Common Stock,Utilities,Environmental Services,QRHC US Equity,,1993-06-18,2026-05-02,Industrials,Commercial Support Services,2013-12-31,2025-12-31,2009-07-31,2026-04-30,2009-07-31,2026-04-30,13,202
NB_223,nonbankrupt,,AROC,Archrock Inc. Common Stock,Utilities,Natural Gas Distribution,AROC US Equity,,1993-06-18,2026-05-02,Energy,Oil & Gas Services & Equip,2006-12-31,2025-12-31,2007-08-31,2026-04-30,2006-12-31,2026-04-30,20,225
NB_2230,nonbankrupt,,QRVO,Qorvo Inc. Common Stock,Technology,Semiconductors,QRVO US Equity,,1993-06-18,2026-05-02,Technology,Semiconductors,2014-03-29,2026-03-28,2015-01-30,2026-04-30,2011-03-26,2026-04-30,13,136
NB_2231,nonbankrupt,,QSI,Quantum-Si Incorporated Class A Common Stock,Industrials,Industrial Machinery/Components,QSI US Equity,,1993-06-18,2026-05-02,Health Care,Medical Equipment & Devices,2020-12-31,2025-12-31,2020-11-30,2026-04-30,2020-09-30,2026-04-30,6,66
NB_2232,nonbankrupt,,QTI,QT Imaging Holdings Inc. Common Stock,Health Care,Biotechnology: Electromedical & Electrotherapeutic Apparatus,QTI US Equity,,1993-06-18,2026-05-02,Health Care,Medical Equipment & Devices,2021-12-31,2025-12-31,2021-11-30,2026-04-30,2021-11-30,2026-04-30,5,54
NB_2233,nonbankrupt,,QTRX,Quanterix Corporation Common Stock,Industrials,Biotechnology: Laboratory Analytical Instruments,QTRX US Equity,,1993-06-18,2026-05-02,Health Care,Medical Equipment & Devices,2015-12-31,2025-12-31,2017-12-29,2026-04-30,2015-12-31,2026-04-30,11,101
NB_2234,nonbankrupt,,QTTB,Q32 Bio Inc. Common Stock,Health Care,Biotechnology: Pharmaceutical Preparations,QTTB US Equity,,1993-06-18,2026-05-02,Health Care,Biotech & Pharma,2016-12-31,2025-12-31,2018-03-30,2026-04-30,2016-12-31,2026-04-30,10,98
NB_2235,nonbankrupt,,QTWO,Q2 Holdings Inc. Common Stock,Technology,Computer Software: Prepackaged Software,QTWO US Equity,,1993-06-18,2026-05-02,Technology,Software,2011-12-31,2025-12-31,2014-03-31,2026-04-30,2011-12-31,2026-04-30,15,146
NB_2236,nonbankrupt,,QUAD,Quad Graphics Inc Class A Common Stock,Consumer Discretionary,Publishing,QUAD US Equity,,1993-06-18,2026-05-02,Industrials,Commercial Support Services,2010-12-31,2025-12-31,2010-07-30,2026-04-30,2010-07-30,2026-04-30,16,190
NB_2237,nonbankrupt,,QUBT,Quantum Computing Inc. Common Stock,Technology,Computer Software: Prepackaged Software,QUBT US Equity,,1993-06-18,2026-05-02,Technology,Software,2018-12-31,2025-12-31,2007-02-28,2026-04-30,2007-02-28,2026-04-30,8,220
NB_2238,nonbankrupt,,QUIK,QuickLogic Corporation Common Stock,Technology,Semiconductors,QUIK US Equity,,1993-06-18,2026-05-02,Technology,Semiconductors,1997-12-31,2025-12-28,1999-10-29,2026-04-30,1997-12-31,2026-04-30,22,319
NB_2239,nonbankrupt,,QVCG,QVC Group Inc. Common Stock,Consumer Discretionary,Catalog/Specialty Distribution,QVCG US Equity,,1993-06-18,2026-05-02,Consumer Discretionary,Retail - Discretionary,2005-12-31,2025-12-31,,,2005-12-31,2026-04-30,21,0
NB_224,nonbankrupt,,ARQ,Arq Inc. Common Stock,Industrials,Major Chemicals,ARQ US Equity,,1993-06-18,2026-05-02,Industrials,Machinery,2003-12-31,2025-12-31,2003-10-31,2026-04-30,2002-12-31,2026-04-30,22,271
NB_2240,nonbankrupt,,QXO,QXO Inc. Common Stock,Consumer Discretionary,RETAIL: Building Materials,QXO US Equity,,1993-06-18,2026-05-02,Consumer Discretionary,Retail - Discretionary,2005-12-31,2025-12-31,2004-03-31,2026-04-30,2004-03-31,2026-04-30,21,266
NB_2241,nonbankrupt,,R,Ryder System Inc. Common Stock,Consumer Discretionary,Rental/Leasing Companies,R US Equity,,1993-06-18,2026-05-02,Industrials,Transportation & Logistics,1993-12-31,2025-12-31,1993-06-30,2026-04-30,1993-06-30,2026-04-30,33,395
NB_2242,nonbankrupt,,RAIL,FreightCar America Inc. Common Stock,Industrials,Railroads,RAIL US Equity,,1993-06-18,2026-05-02,Industrials,Transportation Equipment,2002-12-31,2025-12-31,2005-04-29,2026-04-30,2001-12-31,2026-04-30,24,253
NB_2243,nonbankrupt,,RAIN,Rain Enhancement Technologies Holdco Inc. Class A Common Stock,Technology,Industrial Machinery/Components,RAIN US Equity,,1993-06-18,2026-05-02,Industrials,Engineering & Construction,2022-12-31,2025-12-31,2025-01-31,2026-04-30,2022-12-31,2026-04-30,4,16
NB_2244,nonbankrupt,,RAL,Ralliant Corporation Common Stock,Industrials,Industrial Machinery/Components,RAL US Equity,,1993-06-18,2026-05-02,Industrials,Electrical Equipment,2024-12-31,2025-12-31,1993-07-30,2026-04-30,1993-07-30,2026-04-30,2,18
NB_2245,nonbankrupt,,RAMP,LiveRamp Holdings Inc. Common Stock,Technology,EDP Services,RAMP US Equity,,1993-06-18,2026-05-02,Technology,Software,1994-03-31,2026-03-31,1993-06-30,2026-04-30,1993-06-30,2026-04-30,33,395
NB_2246,nonbankrupt,,RANI,Rani Therapeutics Holdings Inc. Class A Common Stock,Health Care,Biotechnology: Pharmaceutical Preparations,RANI US Equity,,1993-06-18,2026-05-02,Health Care,Biotech & Pharma,2019-12-31,2025-12-31,2021-07-30,2026-04-30,2019-12-31,2026-04-30,7,58
NB_2247,nonbankrupt,,RAPP,Rapport Therapeutics Inc. Common Stock,Health Care,Biotechnology: Pharmaceutical Preparations,RAPP US Equity,,1993-06-18,2026-05-02,Health Care,Biotech & Pharma,2022-12-31,2025-12-31,2024-06-28,2026-04-30,2022-12-31,2026-04-30,4,23
NB_2248,nonbankrupt,,RARE,Ultragenyx Pharmaceutical Inc. Common Stock,Health Care,Biotechnology: Pharmaceutical Preparations,RARE US Equity,,1993-06-18,2026-05-02,Health Care,Biotech & Pharma,2011-12-31,2025-12-31,2014-01-31,2026-04-30,2002-03-29,2026-04-30,15,148
NB_2249,nonbankrupt,,RAVE,Rave Restaurant Group Inc. Common Stock,Consumer Discretionary,Food Distributors,RAVE US Equity,,1993-06-18,2026-05-02,Consumer Discretionary,Leisure Facilities & Services,1993-06-27,2025-06-29,1993-08-31,2026-04-30,1993-06-27,2026-04-30,33,393
NB_225,nonbankrupt,,ARQT,Arcutis Biotherapeutics Inc. Common Stock,Health Care,Biotechnology: Pharmaceutical Preparations,ARQT US Equity,,1993-06-18,2026-05-02,Health Care,Biotech & Pharma,2017-12-31,2025-12-31,2020-01-31,2026-04-30,2017-12-31,2026-04-30,9,76
NB_2250,nonbankrupt,,RBBN,Ribbon Communications Inc. Common Stock,Technology,EDP Services,RBBN US Equity,,1993-06-18,2026-05-02,Technology,Technology Hardware,2016-12-31,2025-12-31,2000-05-31,2026-04-30,2000-05-31,2026-04-30,10,312
NB_2251,nonbankrupt,,RBC,RBC Bearings Incorporated Common Stock,Industrials,Metal Fabrications,RBC US Equity,,1993-06-18,2026-05-02,Industrials,Industrial Intermediate Prod,2004-04-03,2026-03-28,2005-08-31,2026-04-30,2004-04-03,2026-04-30,23,249
NB_2252,nonbankrupt,,RBLX,Roblox Corporation Class A Common Stock,Technology,Computer Software: Prepackaged Software,RBLX US Equity,,1993-06-18,2026-05-02,Communications,Entertainment Content,2018-12-31,2025-12-31,2021-03-31,2026-04-30,2018-12-31,2026-04-30,8,62
NB_2253,nonbankrupt,,RBRK,Rubrik Inc. Class A Common Stock,Technology,Computer Software: Prepackaged Software,RBRK US Equity,,1993-06-18,2026-05-02,Technology,Software,2023-01-31,2026-01-31,2024-04-30,2026-04-30,2023-01-31,2026-04-30,4,25
NB_2254,nonbankrupt,,RCAT,Red Cat Holdings Inc. Common Stock,Technology,Computer Software: Prepackaged Software,RCAT US Equity,,1993-06-18,2026-05-02,Industrials,Aerospace & Defense,1999-12-31,2025-12-31,2014-08-29,2026-04-30,1999-12-31,2026-04-30,19,141
NB_2255,nonbankrupt,,RCEL,Avita Medical Inc. Common Stock,Health Care,Medical/Dental Instruments,RCEL US Equity,,1993-06-18,2026-05-02,Health Care,Medical Equipment & Devices,1996-12-31,2025-12-31,2012-03-30,2026-04-30,1996-12-31,2026-04-30,26,170
NB_2256,nonbankrupt,,RCKT,Rocket Pharmaceuticals Inc. Common Stock,Health Care,Biotechnology: Pharmaceutical Preparations,RCKT US Equity,,1993-06-18,2026-05-02,Health Care,Biotech & Pharma,2014-12-31,2025-12-31,2015-02-27,2026-04-30,2014-12-31,2026-04-30,12,135
NB_2257,nonbankrupt,,RCKY,Rocky Brands Inc. Common Stock,Consumer Discretionary,Shoe Manufacturing,RCKY US Equity,,1993-06-18,2026-05-02,Consumer Discretionary,Apparel & Textile Products,1993-06-30,2025-12-31,1993-06-30,2026-04-30,1993-06-30,2026-04-30,33,395
NB_2258,nonbankrupt,,RCL,Royal Caribbean Cruises Ltd. Common Stock,Consumer Discretionary,Marine Transportation,RCL US Equity,,1993-06-18,2026-05-02,Consumer Discretionary,Leisure Facilities & Services,1993-12-31,2025-12-31,1993-06-30,2026-04-30,1993-06-30,2026-04-30,33,395
NB_2259,nonbankrupt,,RCMT,RCM Technologies Inc. Common Stock,Consumer Discretionary,Professional Services,RCMT US Equity,,1993-06-18,2026-05-02,Technology,IT Services,1993-10-31,2026-01-03,1993-06-30,2026-04-30,1993-06-30,2026-04-30,29,395
NB_226,nonbankrupt,,ARRY,Array Technologies Inc. Common Stock,Technology,Semiconductors,ARRY US Equity,,1993-06-18,2026-05-02,Energy,Renewable Energy,2018-12-31,2025-12-31,2020-10-30,2026-04-30,2018-12-31,2026-04-30,8,67
NB_2260,nonbankrupt,,RCUS,Arcus Biosciences Inc. Common Stock,Health Care,Biotechnology: Pharmaceutical Preparations,RCUS US Equity,,1993-06-18,2026-05-02,Health Care,Biotech & Pharma,2016-12-31,2025-12-31,2018-03-30,2026-04-30,2016-12-31,2026-04-30,10,98
NB_2261,nonbankrupt,,RDDT,Reddit Inc. Class A Common Stock,Technology,EDP Services,RDDT US Equity,,1993-06-18,2026-05-02,Communications,Internet Media & Services,2022-12-31,2025-12-31,2024-03-29,2026-04-30,2021-12-31,2026-04-30,4,26
NB_2262,nonbankrupt,,RDI,Reading International Inc Class A Common Stock,Consumer Discretionary,Movies/Entertainment,RDI US Equity,,1993-06-18,2026-05-02,Consumer Discretionary,Leisure Facilities & Services,1995-12-31,2025-12-31,2000-01-31,2026-04-30,1995-12-31,2026-04-30,27,316
NB_2263,nonbankrupt,,RDIB,Reading International Inc Class B Common Stock,Consumer Discretionary,Movies/Entertainment,RDIB US Equity,,1993-06-18,2026-05-02,Consumer Discretionary,Leisure Facilities & Services,1995-12-31,2025-12-31,2000-01-31,2026-04-30,1995-12-31,2026-04-30,27,301
NB_2264,nonbankrupt,,RDNT,RadNet Inc. Common Stock,Health Care,Medical Specialities,RDNT US Equity,,1993-06-18,2026-05-02,Health Care,Health Care Facilities & Svcs,1993-10-31,2025-12-31,1993-06-30,2026-04-30,1993-06-30,2026-04-30,33,395
NB_2265,nonbankrupt,,RDNW,RideNow Group Inc. Class B Common Stock,Technology,EDP Services,RDNW US Equity,,1993-06-18,2026-05-02,Consumer Discretionary,Retail - Discretionary,2013-11-30,2025-12-31,2016-01-29,2026-04-30,2013-11-30,2026-04-30,13,113
NB_2266,nonbankrupt,,RDVT,Red Violet Inc. Common Stock,Technology,Computer Software: Prepackaged Software,RDVT US Equity,,1993-06-18,2026-05-02,Technology,Software,2016-12-31,2025-12-31,2018-03-30,2026-04-30,2016-12-31,2026-04-30,10,98
NB_2267,nonbankrupt,,RDW,Redwire Corporation Common Stock,Industrials,Military/Government/Technical,RDW US Equity,,1993-06-18,2026-05-02,Industrials,Aerospace & Defense,2020-12-31,2025-12-31,2021-01-29,2026-04-30,2020-11-30,2026-04-30,6,64
NB_2268,nonbankrupt,,REAL,The RealReal Inc. Common Stock,Consumer Discretionary,Other Specialty Stores,REAL US Equity,,1993-06-18,2026-05-02,Consumer Discretionary,E-Commerce Discretionary,2017-12-31,2025-12-31,2019-06-28,2026-04-30,2017-12-31,2026-04-30,9,83
NB_2269,nonbankrupt,,REBN,Reborn Coffee Inc. Common Stock,Consumer Discretionary,Restaurants,REBN US Equity,,1993-06-18,2026-05-02,Consumer Staples,Beverages,2019-12-31,2025-12-31,2022-08-31,2026-04-30,2019-12-31,2026-04-30,6,45
NB_227,nonbankrupt,,ARTL,Artelo Biosciences Inc. Common Stock,Health Care,Biotechnology: Pharmaceutical Preparations,ARTL US Equity,,1993-06-18,2026-05-02,Health Care,Biotech & Pharma,2013-08-31,2025-12-31,2017-11-30,2026-04-30,2013-08-31,2026-04-30,12,102
NB_2270,nonbankrupt,,REGN,Regeneron Pharmaceuticals Inc. Common Stock,Health Care,Biotechnology: Pharmaceutical Preparations,REGN US Equity,,1993-06-18,2026-05-02,Health Care,Biotech & Pharma,1993-12-31,2025-12-31,1993-06-30,2026-04-30,1993-06-30,2026-04-30,33,395
NB_2271,nonbankrupt,,REI,Ring Energy Inc. Common Stock,Energy,Oil & Gas Production,REI US Equity,,1993-06-18,2026-05-02,Energy,Oil & Gas Supply Chain,2013-12-31,2025-12-31,2007-03-30,2026-04-30,2007-03-30,2026-04-30,13,207
NB_2272,nonbankrupt,,REKR,Rekor Systems Inc. Common Stock,Telecommunications,Telecommunications Equipment,REKR US Equity,,1993-06-18,2026-05-02,Technology,Software,2017-12-31,2025-12-31,2017-08-31,2026-04-30,2017-08-31,2026-04-30,9,105
NB_2273,nonbankrupt,,RELL,Richardson Electronics Ltd. Common Stock,Technology,Electronic Components,RELL US Equity,,1993-06-18,2026-05-02,Technology,Semiconductors,1994-05-31,2025-05-31,1993-06-30,2026-04-30,1993-06-30,2026-04-30,27,395
NB_2274,nonbankrupt,,RELY,Remitly Global Inc. Common Stock,Consumer Discretionary,Business Services,RELY US Equity,,1993-06-18,2026-05-02,Financials,Specialty Finance,2019-12-31,2025-12-31,2021-09-30,2026-04-30,2019-12-31,2026-04-30,7,56
NB_2275,nonbankrupt,,RENT,Rent the Runway Inc. Class A Common Stock,Consumer Discretionary,Other Specialty Stores,RENT US Equity,,1993-06-18,2026-05-02,Consumer Discretionary,Consumer Services,2020-01-31,2026-01-31,2021-10-29,2026-04-30,2020-01-31,2026-04-30,7,55
NB_2276,nonbankrupt,,RENX,RenX Enterprises Corp. Common Stock,Utilities,Environmental Services,RENX US Equity,,1993-06-18,2026-05-02,Real Estate,Real Estate Owners & Developers,2021-12-31,2025-12-31,2023-09-29,2026-04-30,2021-12-31,2026-04-30,5,32
NB_2277,nonbankrupt,,REPL,Replimune Group Inc. Common Stock,Health Care,Biotechnology: Biological Products (No Diagnostic Substances),REPL US Equity,,1993-06-18,2026-05-02,Health Care,Biotech & Pharma,2017-03-31,2026-03-31,2018-07-31,2026-04-30,2017-03-31,2026-04-30,10,94
NB_2278,nonbankrupt,,REPX,Riley Exploration Permian Inc. Common Stock,Energy,Oil & Gas Production,REPX US Equity,,1993-06-18,2026-05-02,Energy,Oil & Gas Supply Chain,1998-12-31,2025-12-31,1994-08-31,2026-04-30,1994-08-31,2026-04-30,28,375
NB_2279,nonbankrupt,,RES,RPC Inc. Common Stock,Energy,Oilfield Services/Equipment,RES US Equity,,1993-06-18,2026-05-02,Energy,Oil & Gas Services & Equip,1993-12-31,2025-12-31,1993-06-30,2026-04-30,1993-06-30,2026-04-30,32,395
NB_228,nonbankrupt,,ARTNA,Artesian Resources Corporation Class A Common Stock,Utilities,Water Supply,ARTNA US Equity,,1993-06-18,2026-05-02,Utilities,Gas & Water Utilities,1993-12-31,2025-12-31,1994-04-29,2026-04-30,1993-12-31,2026-04-30,31,383
NB_2280,nonbankrupt,,REVB,Revelation Biosciences Inc. Common Stock,Health Care,Biotechnology: Pharmaceutical Preparations,REVB US Equity,,1993-06-18,2026-05-02,Health Care,Biotech & Pharma,2019-12-31,2020-12-31,2020-11-30,2026-04-30,2019-12-31,2026-04-30,2,66
NB_2282,nonbankrupt,,REX,REX American Resources Corporation,Industrials,Major Chemicals,REX US Equity,,1993-06-18,2026-05-02,Energy,Renewable Energy,1994-01-31,2026-01-31,1993-06-30,2026-04-30,1993-06-30,2026-04-30,32,395
NB_2283,nonbankrupt,,REYN,Reynolds Consumer Products Inc. Common Stock,Consumer Discretionary,Containers/Packaging,REYN US Equity,,1993-06-18,2026-05-02,Consumer Staples,Household Products,2014-12-31,2025-12-31,2020-01-31,2026-04-30,2014-12-31,2026-04-30,12,76
NB_2284,nonbankrupt,,REZI,Resideo Technologies Inc. Common Stock,Industrials,Wholesale Distributors,REZI US Equity,,1993-06-18,2026-05-02,Industrials,Industrial Support Services,2016-12-31,2025-12-31,2018-10-31,2026-04-30,2015-12-31,2026-04-30,10,91
NB_2285,nonbankrupt,,RFIL,RF Industries Ltd. Common Stock,Technology,Electrical Products,RFIL US Equity,,1993-06-18,2026-05-02,Industrials,Electrical Equipment,1999-10-31,2025-10-31,1994-04-29,2026-04-30,1994-04-29,2026-04-30,27,385
NB_2286,nonbankrupt,,RFL,Rafael Holdings Inc. Class B Common Stock,Health Care,Biotechnology: Pharmaceutical Preparations,RFL US Equity,,1993-06-18,2026-05-02,Real Estate,Real Estate Owners & Developers,2018-07-31,2025-07-31,2018-03-30,2026-04-30,2018-03-30,2026-04-30,8,98
NB_2287,nonbankrupt,,RGCO,RGC Resources Inc. Common Stock,Utilities,Oil & Gas Production,RGCO US Equity,,1993-06-18,2026-05-02,Utilities,Gas & Water Utilities,1993-09-30,2025-09-30,1994-02-28,2026-04-30,1993-09-30,2026-04-30,32,387
NB_2288,nonbankrupt,,RGEN,Repligen Corporation Common Stock,Health Care,Biotechnology: Biological Products (No Diagnostic Substances),RGEN US Equity,,1993-06-18,2026-05-02,Health Care,Medical Equipment & Devices,1994-03-31,2025-12-31,1993-06-30,2026-04-30,1993-06-30,2026-04-30,32,395
NB_2289,nonbankrupt,,RGLD,Royal Gold Inc. Common Stock,Industrials,Precious Metals,RGLD US Equity,,1993-06-18,2026-05-02,Materials,Metals & Mining,1993-06-30,2025-12-31,1993-06-30,2026-04-30,1993-06-30,2026-04-30,33,395
NB_229,nonbankrupt,,ARTV,Artiva Biotherapeutics Inc. Common Stock,Health Care,Biotechnology: Biological Products (No Diagnostic Substances),ARTV US Equity,,1993-06-18,2026-05-02,Health Care,Biotech & Pharma,2019-12-31,2025-12-31,2024-07-31,2026-04-30,2019-12-31,2026-04-30,7,22
NB_2290,nonbankrupt,,RGNX,REGENXBIO Inc. Common Stock,Health Care,Biotechnology: Biological Products (No Diagnostic Substances),RGNX US Equity,,1993-06-18,2026-05-02,Health Care,Biotech & Pharma,2013-12-31,2025-12-31,2015-09-30,2026-04-30,2013-12-31,2026-04-30,13,128
NB_2291,nonbankrupt,,RGP,Resources Connection Inc. Common Stock,Consumer Discretionary,Business Services,RGP US Equity,,1993-06-18,2026-05-02,Industrials,Commercial Support Services,2000-05-31,2025-05-31,2000-12-29,2026-04-30,2000-05-31,2026-04-30,26,305
NB_2292,nonbankrupt,,RGR,Sturm Ruger & Company Inc. Common Stock,Industrials,Ordnance And Accessories,RGR US Equity,,1993-06-18,2026-05-02,Consumer Discretionary,Leisure Products,1993-12-31,2025-12-31,1993-06-30,2026-04-30,1993-06-30,2026-04-30,33,395
NB_2293,nonbankrupt,,RGS,Regis Corporation Common Stock,Consumer Discretionary,Other Consumer Services,RGS US Equity,,1993-06-18,2026-05-02,Consumer Discretionary,Consumer Services,1993-06-30,2025-06-30,1993-06-30,2026-04-30,1993-06-30,2026-04-30,27,395
NB_2294,nonbankrupt,,RGTI,Rigetti Computing Inc. Common Stock,Technology,EDP Services,RGTI US Equity,,1993-06-18,2026-05-02,Technology,Technology Hardware,2020-12-31,2025-12-31,2021-04-30,2026-04-30,2020-12-31,2026-04-30,6,61
NB_2296,nonbankrupt,,RH,RH Common Stock,Consumer Discretionary,Other Specialty Stores,RH US Equity,,1993-06-18,2026-05-02,Consumer Discretionary,Retail - Discretionary,2010-01-30,2026-01-31,2012-11-30,2026-04-30,2007-02-03,2026-04-30,17,162
NB_2297,nonbankrupt,,RHI,Robert Half Inc. Common Stock,Consumer Discretionary,Professional Services,RHI US Equity,,1993-06-18,2026-05-02,Industrials,Commercial Support Services,1993-12-31,2025-12-31,1993-06-30,2026-04-30,1993-06-30,2026-04-30,33,395
NB_2298,nonbankrupt,,RICK,RCI Hospitality Holdings Inc. Common Stock,Consumer Discretionary,Restaurants,RICK US Equity,,1993-06-18,2026-05-02,Consumer Discretionary,Leisure Facilities & Services,1993-09-30,2025-09-30,1995-10-31,2026-04-30,1993-09-30,2026-04-30,33,367
NB_2299,nonbankrupt,,RIGL,Rigel Pharmaceuticals Inc. Common Stock,Health Care,Biotechnology: Pharmaceutical Preparations,RIGL US Equity,,1993-06-18,2026-05-02,Health Care,Biotech & Pharma,1998-12-31,2025-12-31,2000-11-30,2026-04-30,1998-12-31,2026-04-30,28,306
NB_23,nonbankrupt,,ACEL,Accel Entertainment Inc.,Consumer Discretionary,Services-Misc. Amusement & Recreation,ACEL US Equity,,1993-06-18,2026-05-02,Consumer Discretionary,Leisure Facilities & Services,2017-12-31,2025-12-31,2017-08-31,2026-04-30,2017-08-31,2026-04-30,9,105
NB_230,nonbankrupt,,ARTW,Art's-Way Manufacturing Co. Inc. Common Stock,Industrials,Industrial Machinery/Components,ARTW US Equity,,1993-06-18,2026-05-02,Industrials,Machinery,1994-05-28,2025-11-30,1993-06-30,2026-04-30,1993-06-30,2026-04-30,32,395
NB_2300,nonbankrupt,,RIME,Algorhythm Holdings Inc. Common Stock,Technology,EDP Services,RIME US Equity,,1993-06-18,2026-05-02,Technology,Software,1994-03-31,2025-12-31,1994-11-30,2026-04-30,1994-03-31,2026-04-30,30,378
NB_2301,nonbankrupt,,RIVN,Rivian Automotive Inc. Class A Common Stock,Industrials,Auto Manufacturing,RIVN US Equity,,1993-06-18,2026-05-02,Consumer Discretionary,Automotive,2019-12-31,2025-12-31,2021-11-30,2026-04-30,2019-12-31,2026-04-30,7,54
NB_2302,nonbankrupt,,RJET,Republic Airways Holdings Inc. Common Stock,Consumer Discretionary,Air Freight/Delivery Services,RJET US Equity,,1993-06-18,2026-05-02,Industrials,Transportation & Logistics,1993-09-30,2025-12-31,2018-08-31,2026-04-30,1993-09-30,2026-04-30,25,93
NB_2303,nonbankrupt,,RKDA,Arcadia Biosciences Inc. Common Stock,Energy,Oil & Gas Production,RKDA US Equity,,1993-06-18,2026-05-02,Materials,Chemicals,2012-12-31,2025-12-31,2015-05-29,2026-04-30,2012-12-31,2026-04-30,14,132
NB_2304,nonbankrupt,,RKLB,Rocket Lab Corporation Common Stock,Industrials,Military/Government/Technical,RKLB US Equity,,1993-06-18,2026-05-02,Industrials,Aerospace & Defense,2020-12-31,2025-12-31,2020-09-30,2026-04-30,2020-09-30,2026-04-30,6,67
NB_2305,nonbankrupt,,RKTO,Rocket One Inc. Common Stock,Health Care,Biotechnology: Pharmaceutical Preparations,RKTO US Equity,,1993-06-18,2026-05-02,Health Care,Biotech & Pharma,2017-12-31,2025-12-31,2019-02-28,2026-04-30,2017-12-31,2026-04-30,8,87
NB_2306,nonbankrupt,,RL,Ralph Lauren Corporation Common Stock,Industrials,Garments and Clothing,RL US Equity,,1993-06-18,2026-05-02,Consumer Discretionary,Apparel & Textile Products,1995-04-01,2026-03-28,1997-06-30,2026-04-30,1995-04-01,2026-04-30,32,347
NB_2307,nonbankrupt,,RLAY,Relay Therapeutics Inc. Common Stock,Health Care,Biotechnology: Biological Products (No Diagnostic Substances),RLAY US Equity,,1993-06-18,2026-05-02,Health Care,Biotech & Pharma,2018-12-31,2025-12-31,2020-07-31,2026-04-30,2018-12-31,2026-04-30,8,70
NB_2308,nonbankrupt,,RLGT,Radiant Logistics Inc. Common Stock,Industrials,Integrated Freight & Logistics,RLGT US Equity,,1993-06-18,2026-05-02,Industrials,Transportation & Logistics,2007-06-30,2025-06-30,2005-12-30,2026-04-30,2005-10-31,2026-04-30,19,244
NB_2309,nonbankrupt,,RLMD,Relmada Therapeutics Inc. Common Stock,Health Care,Biotechnology: Pharmaceutical Preparations,RLMD US Equity,,1993-06-18,2026-05-02,Health Care,Biotech & Pharma,2011-08-31,2025-12-31,2014-06-30,2026-04-30,2011-08-31,2026-04-30,14,143
NB_231,nonbankrupt,,ARVN,Arvinas Inc. Common Stock,Health Care,Biotechnology: Pharmaceutical Preparations,ARVN US Equity,,1993-06-18,2026-05-02,Health Care,Biotech & Pharma,2016-12-31,2025-12-31,2018-09-28,2026-04-30,2016-12-31,2026-04-30,10,92
NB_2310,nonbankrupt,,RLYB,Rallybio Corporation Common Stock,Health Care,Biotechnology: Pharmaceutical Preparations,RLYB US Equity,,1993-06-18,2026-05-02,Health Care,Biotech & Pharma,2019-12-31,2025-12-31,2021-07-30,2026-04-30,2019-12-31,2026-04-30,7,58
NB_2311,nonbankrupt,,RMBS,Rambus Inc. Common Stock,Technology,Semiconductors,RMBS US Equity,,1993-06-18,2026-05-02,Technology,Semiconductors,1995-09-30,2025-12-31,1997-05-30,2026-04-30,1995-09-30,2026-04-30,31,348
NB_2312,nonbankrupt,,RMCF,Rocky Mountain Chocolate Factory Inc. Common Stock,Consumer Staples,Specialty Foods,RMCF US Equity,,1993-06-18,2026-05-02,Consumer Staples,Food,1994-02-28,2026-02-28,1993-06-30,2026-04-30,1993-06-30,2026-04-30,33,395
NB_2313,nonbankrupt,,RMD,ResMed Inc. Common Stock,Health Care,Medical/Dental Instruments,RMD US Equity,,1993-06-18,2026-05-02,Health Care,Medical Equipment & Devices,1995-06-30,2025-06-30,1995-06-30,2026-04-30,1995-06-30,2026-04-30,31,371
NB_2314,nonbankrupt,,RMIX,Suncrete Inc. Class A Common Stock,Industrials,Building Materials,RMIX US Equity,,1993-06-18,2026-05-02,Materials,Construction Materials,2025-12-31,2025-12-31,2010-05-31,2026-04-30,2010-05-31,2026-04-30,1,2
NB_2315,nonbankrupt,,RMNI,Rimini Street Inc. (DE) Common Stock,Consumer Discretionary,Business Services,RMNI US Equity,,1993-06-18,2026-05-02,Technology,IT Services,2015-12-31,2025-12-31,2015-08-31,2026-04-30,2015-05-29,2026-04-30,11,128
NB_2316,nonbankrupt,,RMR,The RMR Group Inc. Class A Common Stock,Consumer Discretionary,Professional Services,RMR US Equity,,1993-06-18,2026-05-02,Real Estate,Real Estate Services,2014-09-30,2025-09-30,2015-12-31,2026-04-30,2014-09-30,2026-04-30,12,125
NB_2317,nonbankrupt,,RMSG,Real Messenger Corporation Ordinary Shares,Technology,Computer Software: Programming Data Processing,RMSG US Equity,,1993-06-18,2026-05-02,Technology,Software,2021-12-31,2023-12-31,2021-10-29,2026-04-30,2021-09-30,2026-04-30,3,54
NB_2319,nonbankrupt,,RMTI,Rockwell Medical Inc. Common Stock,Health Care,Biotechnology: Pharmaceutical Preparations,RMTI US Equity,,1993-06-18,2026-05-02,Health Care,Biotech & Pharma,1997-12-31,2025-12-31,1998-01-30,2026-04-30,1997-12-31,2026-04-30,29,340
NB_232,nonbankrupt,,ARW,Arrow Electronics Inc. Common Stock,Technology,Electronic Components,ARW US Equity,,1993-06-18,2026-05-02,Technology,Technology Hardware,1993-12-31,2025-12-31,1993-06-30,2026-04-30,1993-06-30,2026-04-30,33,395
NB_2320,nonbankrupt,,RNA,Atrium Therapeutics Inc. Common Stock,Health Care,Biotechnology: Pharmaceutical Preparations,RNA US Equity,,1993-06-18,2026-05-02,Health Care,Biotech & Pharma,2024-12-31,2025-12-31,2026-02-27,2026-04-30,2024-12-31,2026-04-30,2,3
NB_2321,nonbankrupt,,RNAC,Cartesian Therapeutics Inc. Common Stock,Health Care,Biotechnology: Pharmaceutical Preparations,RNAC US Equity,,1993-06-18,2026-05-02,Health Care,Biotech & Pharma,2014-12-31,2025-12-31,2016-06-30,2026-04-30,2014-12-31,2026-04-30,12,119
NB_2322,nonbankrupt,,RNAZ,TransCode Therapeutics Inc. Common Stock,Health Care,Biotechnology: Pharmaceutical Preparations,RNAZ US Equity,,1993-06-18,2026-05-02,Health Care,Biotech & Pharma,2018-12-31,2025-12-31,2021-07-30,2026-04-30,2018-12-31,2026-04-30,8,58
NB_2323,nonbankrupt,,RNG,RingCentral Inc. Class A Common Stock,Technology,EDP Services,RNG US Equity,,1993-06-18,2026-05-02,Technology,Software,2011-12-31,2025-12-31,2013-09-30,2026-04-30,2010-12-31,2026-04-30,15,152
NB_2324,nonbankrupt,,RNGR,Ranger Energy Services Inc. Class A Common Stock,Energy,Oilfield Services/Equipment,RNGR US Equity,,1993-06-18,2026-05-02,Energy,Oil & Gas Services & Equip,2015-12-31,2025-12-31,2017-08-31,2026-04-30,2015-12-31,2026-04-30,11,105
NB_2325,nonbankrupt,,RNTX,Rein Therapeutics Inc. Common Stock,Health Care,Biotechnology: Pharmaceutical Preparations,RNTX US Equity,,1993-06-18,2026-05-02,Health Care,Biotech & Pharma,2015-12-31,2025-12-31,2017-06-30,2026-04-30,2015-12-31,2026-04-30,11,107
NB_2326,nonbankrupt,,RNXT,RenovoRx Inc. Common Stock,Health Care,Biotechnology: Pharmaceutical Preparations,RNXT US Equity,,1993-06-18,2026-05-02,Health Care,Biotech & Pharma,2019-12-31,2025-12-31,2021-08-31,2026-04-30,2019-12-31,2026-04-30,7,57
NB_2327,nonbankrupt,,ROAD,Construction Partners Inc. Class A Common Stock,Industrials,Military/Government/Technical,ROAD US Equity,,1993-06-18,2026-05-02,Industrials,Engineering & Construction,2016-09-30,2025-09-30,2018-05-31,2026-04-30,2016-09-30,2026-04-30,10,96
NB_2328,nonbankrupt,,ROC,Rank One Computing Corporation Common stock,Technology,Computer Software: Prepackaged Software,ROC US Equity,,1993-06-18,2026-05-02,Technology,Software,2023-12-31,2024-12-31,2026-02-27,2026-04-30,2023-12-31,2026-04-30,2,3
NB_2329,nonbankrupt,,ROCK,Gibraltar Industries Inc. Common Stock,Industrials,Steel/Iron Ore,ROCK US Equity,,1993-06-18,2026-05-02,Industrials,Industrial Intermediate Prod,1993-12-31,2025-12-31,1993-11-30,2026-04-30,1993-11-30,2026-04-30,32,390
NB_233,nonbankrupt,,ARWR,Arrowhead Pharmaceuticals Inc. Common Stock,Health Care,Biotechnology: Pharmaceutical Preparations,ARWR US Equity,,1993-06-18,2026-05-02,Health Care,Biotech & Pharma,2005-09-30,2025-09-30,1993-12-31,2026-04-30,1993-12-31,2026-04-30,21,389
NB_2330,nonbankrupt,,ROG,Rogers Corporation Common Stock,Industrials,Major Chemicals,ROG US Equity,,1993-06-18,2026-05-02,Materials,Chemicals,1994-01-02,2025-12-31,1993-06-30,2026-04-30,1993-06-30,2026-04-30,30,395
NB_2331,nonbankrupt,,ROK,Rockwell Automation Inc. Common Stock,Industrials,Industrial Machinery/Components,ROK US Equity,,1993-06-18,2026-05-02,Industrials,Electrical Equipment,1996-09-30,2025-09-30,1996-12-31,2026-04-30,1995-09-30,2026-04-30,30,353
NB_2332,nonbankrupt,,ROKU,Roku Inc. Class A Common Stock,Telecommunications,Cable & Other Pay Television Services,ROKU US Equity,,1993-06-18,2026-05-02,Communications,Entertainment Content,2015-12-26,2025-12-31,2017-09-29,2026-04-30,2015-12-26,2026-04-30,11,104
NB_2333,nonbankrupt,,ROL,Rollins Inc. Common Stock,Consumer Discretionary,Diversified Commercial Services,ROL US Equity,,1993-06-18,2026-05-02,Industrials,Commercial Support Services,1993-12-31,2025-12-31,1993-06-30,2026-04-30,1993-06-30,2026-04-30,33,395
NB_2334,nonbankrupt,,ROP,Roper Technologies Inc. Common Stock,Industrials,Industrial Machinery/Components,ROP US Equity,,1993-06-18,2026-05-02,Technology,Software,1993-10-31,2025-12-31,1993-06-30,2026-04-30,1993-06-30,2026-04-30,33,395
NB_2335,nonbankrupt,,ROST,Ross Stores Inc. Common Stock,Consumer Discretionary,Clothing/Shoe/Accessory Stores,ROST US Equity,,1993-06-18,2026-05-02,Consumer Discretionary,Retail - Discretionary,1994-01-29,2026-01-31,1993-06-30,2026-04-30,1993-06-30,2026-04-30,33,395
NB_2336,nonbankrupt,,RPAY,Repay Holdings Corporation Class A Common Stock,Consumer Discretionary,Business Services,RPAY US Equity,,1993-06-18,2026-05-02,Financials,Specialty Finance,2017-12-31,2025-12-31,2018-07-31,2026-04-30,2017-12-31,2026-04-30,9,94
NB_2337,nonbankrupt,,RPD,Rapid7 Inc. Common Stock,Technology,Computer Software: Prepackaged Software,RPD US Equity,,1993-06-18,2026-05-02,Technology,Software,2013-12-31,2025-12-31,2015-07-31,2026-04-30,2000-12-29,2026-04-30,13,130
NB_2338,nonbankrupt,,RPID,Rapid Micro Biosystems Inc. Class A Common Stock,Industrials,Biotechnology: Laboratory Analytical Instruments,RPID US Equity,,1993-06-18,2026-05-02,Health Care,Biotech & Pharma,2019-12-31,2025-12-31,2021-07-30,2026-04-30,2019-12-31,2026-04-30,7,58
NB_2339,nonbankrupt,,RPM,RPM International Inc. Common Stock,Consumer Discretionary,Paints/Coatings,RPM US Equity,,1993-06-18,2026-05-02,Materials,Chemicals,1994-05-31,2025-05-31,1993-06-30,2026-04-30,1993-06-30,2026-04-30,32,395
NB_234,nonbankrupt,,ARXS,Arxis Inc. Class A Common Stock,Industrials,Military/Government/Technical,ARXS US Equity,,1993-06-18,2026-05-02,Industrials,Electrical Equipment,2024-12-31,2025-12-31,2026-04-30,2026-04-30,2023-12-31,2026-04-30,2,1
NB_2340,nonbankrupt,,RPRX,Royalty Pharma plc Class A Ordinary Shares,Health Care,Biotechnology: Pharmaceutical Preparations,RPRX US Equity,,1993-06-18,2026-05-02,Health Care,Biotech & Pharma,2018-12-31,2025-12-31,2020-06-30,2026-04-30,2018-12-31,2026-04-30,8,71
NB_2341,nonbankrupt,,RR,Richtech Robotics Inc. Class B Common Stock,Industrials,Industrial Machinery/Components,RR US Equity,,1993-06-18,2026-05-02,Industrials,Machinery,2021-09-30,2025-09-30,2023-11-30,2026-04-30,2021-09-30,2026-04-30,5,30
NB_2342,nonbankrupt,,RRC,Range Resources Corporation Common Stock,Energy,Oil & Gas Production,RRC US Equity,,1993-06-18,2026-05-02,Energy,Oil & Gas Supply Chain,1993-12-31,2025-12-31,1993-06-30,2026-04-30,1993-06-30,2026-04-30,33,395
NB_2343,nonbankrupt,,RRGB,Red Robin Gourmet Burgers Inc. Common Stock,Consumer Discretionary,Restaurants,RRGB US Equity,,1993-06-18,2026-05-02,Consumer Discretionary,Leisure Facilities & Services,2001-12-30,2025-12-28,2002-07-31,2026-04-30,2001-12-30,2026-04-30,25,286
NB_2344,nonbankrupt,,RRR,Red Rock Resorts Inc. Class A Common Stock,Consumer Discretionary,Hotels/Resorts,RRR US Equity,,1993-06-18,2026-05-02,Consumer Discretionary,Leisure Facilities & Services,2015-12-31,2025-12-31,2016-04-29,2026-04-30,2015-12-31,2026-04-30,11,121
NB_2345,nonbankrupt,,RRX,Regal Rexnord Corporation Common Stock,Industrials,Industrial Machinery/Components,RRX US Equity,,1993-06-18,2026-05-02,Industrials,Machinery,1993-12-31,2025-12-31,1993-06-30,2026-04-30,1993-06-30,2026-04-30,30,395
NB_2346,nonbankrupt,,RS,Reliance Inc. Common Stock,Industrials,Metal Fabrications,RS US Equity,,1993-06-18,2026-05-02,Materials,Steel,1993-12-31,2025-12-31,1994-09-30,2026-04-30,1993-12-31,2026-04-30,33,380
NB_2347,nonbankrupt,,RSG,Republic Services Inc. Common Stock,Utilities,Environmental Services,RSG US Equity,,1993-06-18,2026-05-02,Industrials,Commercial Support Services,1996-12-31,2025-12-31,1998-06-30,2026-04-30,1996-12-31,2026-04-30,30,335
NB_2348,nonbankrupt,,RSI,Rush Street Interactive Inc. Class A Common Stock,Consumer Discretionary,Services-Misc. Amusement & Recreation,RSI US Equity,,1993-06-18,2026-05-02,Consumer Discretionary,Leisure Facilities & Services,2019-12-31,2025-12-31,2020-04-30,2026-04-30,2019-12-31,2026-04-30,7,73
NB_2349,nonbankrupt,,RSSS,Research Solutions Inc Common Stock,Technology,EDP Services,RSSS US Equity,,1993-06-18,2026-05-02,Industrials,Commercial Support Services,2011-06-30,2025-06-30,2009-05-29,2026-04-30,2009-05-29,2026-04-30,15,204
NB_2350,nonbankrupt,,RSVR,Reservoir Media Inc. Common Stock,Consumer Discretionary,Services-Misc. Amusement & Recreation,RSVR US Equity,,1993-06-18,2026-05-02,Communications,Entertainment Content,2019-12-31,2026-03-31,2021-01-29,2026-04-30,2019-12-31,2026-04-30,8,64
NB_2351,nonbankrupt,,RTB,RTB Digital Inc. Common Stock,Consumer Discretionary,Professional Services,RTB US Equity,,1993-06-18,2026-05-02,Technology,Software,2018-12-31,2025-12-31,2010-01-29,2026-04-30,2010-01-29,2026-04-30,8,191
NB_2352,nonbankrupt,,RTO,Rentokil Initial plc American Depositary Shares (each representing five (5) Ordinary Shares),Consumer Discretionary,Other Consumer Services,RTO US Equity,,1993-06-18,2026-05-02,Industrials,Commercial Support Services,1993-12-31,2025-12-31,1995-05-31,2026-04-30,1993-12-31,2026-04-30,33,372
NB_2353,nonbankrupt,,RTX,RTX Corporation Common Stock,Industrials,Aerospace,RTX US Equity,,1993-06-18,2026-05-02,Industrials,Aerospace & Defense,1993-12-31,2025-12-31,1993-06-30,2026-04-30,1993-06-30,2026-04-30,33,395
NB_2354,nonbankrupt,,RUM,RUM Group Inc. Class A Common Stock,Technology,Computer Software: Programming Data Processing,RUM US Equity,,1993-06-18,2026-05-02,Communications,Internet Media & Services,2020-12-31,2025-12-31,2021-04-30,2026-04-30,2020-12-31,2026-04-30,6,61
NB_2356,nonbankrupt,,RUSHA,Rush Enterprises Inc. Common Stock Cl A,Consumer Discretionary,Retail-Auto Dealers and Gas Stations,RUSHA US Equity,,1993-06-18,2026-05-02,Industrials,Industrial Support Services,1995-12-31,2025-12-31,2002-07-31,2026-04-30,1995-12-31,2026-04-30,31,286
NB_2357,nonbankrupt,,RUSHB,Rush Enterprises Inc. Class B,Consumer Discretionary,Retail-Auto Dealers and Gas Stations,RUSHB US Equity,,1993-06-18,2026-05-02,Industrials,Industrial Support Services,1995-12-31,2025-12-31,1996-06-28,2026-04-30,1995-12-31,2026-04-30,31,359
NB_2358,nonbankrupt,,RVLV,Revolve Group Inc. Class A Common Stock,Consumer Discretionary,Catalog/Specialty Distribution,RVLV US Equity,,1993-06-18,2026-05-02,Consumer Discretionary,E-Commerce Discretionary,2016-12-31,2025-12-31,2019-06-28,2026-04-30,2016-12-31,2026-04-30,10,83
NB_2359,nonbankrupt,,RVMD,Revolution Medicines Inc. Common Stock,Health Care,Biotechnology: Biological Products (No Diagnostic Substances),RVMD US Equity,,1993-06-18,2026-05-02,Health Care,Biotech & Pharma,2017-12-31,2025-12-31,2020-02-28,2026-04-30,2017-12-31,2026-04-30,9,75
NB_236,nonbankrupt,,ASAN,Asana Inc. Class A Common Stock,Technology,Computer Software: Prepackaged Software,ASAN US Equity,,1993-06-18,2026-05-02,Technology,Software,2019-01-31,2026-01-31,2020-09-30,2026-04-30,2019-01-31,2026-04-30,8,68
NB_2361,nonbankrupt,,RVP,Retractable Technologies Inc. Common Stock,Health Care,Medical/Dental Instruments,RVP US Equity,,1993-06-18,2026-05-02,Health Care,Medical Equipment & Devices,1999-12-31,2025-12-31,2001-05-31,2026-04-30,1999-12-31,2026-04-30,27,300
NB_2362,nonbankrupt,,RVTY,Revvity Inc. Common Stock,Industrials,Biotechnology: Laboratory Analytical Instruments,RVTY US Equity,,1993-06-18,2026-05-02,Health Care,Medical Equipment & Devices,1993-12-31,2025-12-28,1993-06-30,2026-04-30,1993-06-30,2026-04-30,28,395
NB_2363,nonbankrupt,,RXO,RXO Inc. Common Stock,Consumer Discretionary,Transportation Services,RXO US Equity,,1993-06-18,2026-05-02,Industrials,Transportation & Logistics,2020-12-31,2025-12-31,2022-10-31,2026-04-30,2019-12-31,2026-04-30,6,43
NB_2364,nonbankrupt,,RXRX,Recursion Pharmaceuticals Inc. Class A Common Stock,Health Care,Biotechnology: Biological Products (No Diagnostic Substances),RXRX US Equity,,1993-06-18,2026-05-02,Health Care,Biotech & Pharma,2019-12-31,2025-12-31,2021-04-30,2026-04-30,2019-12-31,2026-04-30,7,61
NB_2365,nonbankrupt,,RXST,RxSight Inc. Common Stock,Health Care,Ophthalmic Goods,RXST US Equity,,1993-06-18,2026-05-02,Health Care,Medical Equipment & Devices,2019-12-31,2025-12-31,2021-07-30,2026-04-30,2019-12-31,2026-04-30,7,58
NB_2366,nonbankrupt,,RXT,Rackspace Technology Inc. Common Stock,Technology,Computer Software: Programming Data Processing,RXT US Equity,,1993-06-18,2026-05-02,Technology,Software,2018-12-31,2025-12-31,2020-08-31,2026-04-30,2017-12-31,2026-04-30,8,69
NB_2367,nonbankrupt,,RYAM,Rayonier Advanced Materials Inc. Common Stock,Basic Materials,Paper,RYAM US Equity,,1993-06-18,2026-05-02,Materials,Chemicals,2012-12-31,2025-12-31,2014-06-30,2026-04-30,2009-12-31,2026-04-30,14,143
NB_2368,nonbankrupt,,RYM,RYTHM Inc. Common Stock,Consumer Staples,Farming/Seeds/Milling,RYM US Equity,,1993-06-18,2026-05-02,Consumer Staples,Tobacco & Cannabis,2018-12-31,2025-12-31,2021-01-29,2026-04-30,2018-12-31,2026-04-30,8,64
NB_2369,nonbankrupt,,RYTM,Rhythm Pharmaceuticals Inc. Common Stock,Health Care,Biotechnology: Pharmaceutical Preparations,RYTM US Equity,,1993-06-18,2026-05-02,Health Care,Biotech & Pharma,2015-12-31,2025-12-31,2017-10-31,2026-04-30,2015-12-31,2026-04-30,11,103
NB_237,nonbankrupt,,ASBP,Aspire-Lakewood Holdings Inc. Common Stock,Health Care,Biotechnology: Pharmaceutical Preparations,ASBP US Equity,,1993-06-18,2026-05-02,Health Care,Biotech & Pharma,2022-12-31,2025-12-31,2022-04-29,2026-04-30,2022-02-28,2026-04-30,4,49
NB_2370,nonbankrupt,,RYZ,Ryerson Holding Corporation Common Stock,Industrials,Metal Fabrications,RYZ US Equity,,1993-06-18,2026-05-02,Materials,Steel,2007-12-31,2025-12-31,2014-08-29,2026-04-30,2007-12-31,2026-04-30,19,141
NB_2371,nonbankrupt,,RZLT,Rezolute Inc. Common Stock (NV),Health Care,Biotechnology: Pharmaceutical Preparations,RZLT US Equity,,1993-06-18,2026-05-02,Health Care,Biotech & Pharma,2012-06-30,2025-06-30,2012-05-31,2026-04-30,2011-12-30,2026-04-30,14,161
NB_2372,nonbankrupt,,S,SentinelOne Inc. Class A Common Stock,Technology,Computer Software: Prepackaged Software,S US Equity,,1993-06-18,2026-05-02,Technology,Software,2020-01-31,2026-01-31,2021-06-30,2026-04-30,2020-01-31,2026-04-30,7,59
NB_2373,nonbankrupt,,SABR,Sabre Corporation Common Stock,Technology,Computer Software: Programming Data Processing,SABR US Equity,,1993-06-18,2026-05-02,Consumer Discretionary,Leisure Facilities & Services,2011-12-31,2025-12-31,2014-04-30,2026-04-30,2010-12-31,2026-04-30,15,145
NB_2374,nonbankrupt,,SABS,SAB Biotherapeutics Inc. Common Stock,Health Care,Biotechnology: Biological Products (No Diagnostic Substances),SABS US Equity,,1993-06-18,2026-05-02,Health Care,Biotech & Pharma,2020-12-31,2025-12-31,2021-02-26,2026-04-30,2020-12-31,2026-04-30,6,63
NB_2376,nonbankrupt,,SAFX,XCF Global Inc. Class A Common Stock,Industrials,Major Chemicals,SAFX US Equity,,1993-06-18,2026-05-02,Energy,Renewable Energy,2021-12-31,2025-12-31,2021-11-30,2026-04-30,2021-11-30,2026-04-30,5,53
NB_2377,nonbankrupt,,SAH,Sonic Automotive Inc. Common Stock,Consumer Discretionary,Retail-Auto Dealers and Gas Stations,SAH US Equity,,1993-06-18,2026-05-02,Consumer Discretionary,Retail - Discretionary,1995-12-31,2025-12-31,1997-11-28,2026-04-30,1995-12-31,2026-04-30,31,342
NB_2378,nonbankrupt,,SAIA,Saia Inc. Common Stock,Industrials,Trucking Freight/Courier Services,SAIA US Equity,,1993-06-18,2026-05-02,Industrials,Transportation & Logistics,2000-12-31,2025-12-31,2002-09-30,2026-04-30,1997-12-31,2026-04-30,26,284
NB_2379,nonbankrupt,,SAIC,Science Applications International Corporation Common Stock,Technology,EDP Services,SAIC US Equity,,1993-06-18,2026-05-02,Technology,IT Services,2012-01-31,2026-01-30,2013-09-30,2026-04-30,2011-01-31,2026-04-30,15,152
NB_2380,nonbankrupt,,SAIL,SailPoint Inc. Common Stock,Technology,Computer Software: Prepackaged Software,SAIL US Equity,,1993-06-18,2026-05-02,Technology,Software,2023-01-31,2026-01-31,2025-02-28,2026-04-30,2022-01-31,2026-04-30,4,15
NB_2381,nonbankrupt,,SAM,Boston Beer Company Inc. (The) Common Stock,Consumer Staples,Beverages (Production/Distribution),SAM US Equity,,1993-06-18,2026-05-02,Consumer Staples,Beverages,1993-12-31,2025-12-27,1995-11-30,2026-04-30,1993-12-31,2026-04-30,33,366
NB_2382,nonbankrupt,,SANA,Sana Biotechnology Inc. Common Stock,Health Care,Biotechnology: Biological Products (No Diagnostic Substances),SANA US Equity,,1993-06-18,2026-05-02,Health Care,Biotech & Pharma,2018-12-31,2025-12-31,2021-02-26,2026-04-30,2018-12-31,2026-04-30,8,63
NB_2383,nonbankrupt,,SANM,Sanmina Corporation Common Stock,Technology,Electrical Products,SANM US Equity,,1993-06-18,2026-05-02,Technology,Technology Hardware,1993-09-30,2025-09-27,1993-06-30,2026-04-30,1993-06-30,2026-04-30,33,395
NB_2384,nonbankrupt,,SARO,StandardAero Inc. Common Stock,Industrials,Aerospace,SARO US Equity,,1993-06-18,2026-05-02,Industrials,Aerospace & Defense,2022-12-31,2025-12-31,2024-10-31,2026-04-30,2021-12-31,2026-04-30,4,19
NB_2385,nonbankrupt,,SBC,SBC Medical Group Holdings Incorporated Common Stock,Health Care,Medical/Nursing Services,SBC US Equity,,1993-06-18,2026-05-02,Health Care,Health Care Facilities & Svcs,2022-12-31,2025-12-31,2022-09-30,2026-04-30,2022-09-30,2026-04-30,3,44
NB_2386,nonbankrupt,,SBET,Sharplink Inc. Common Stock,Technology,Computer Software: Prepackaged Software,SBET US Equity,,1993-06-18,2026-05-02,Technology,Software,1997-12-31,2025-12-31,1997-05-30,2026-04-30,1997-05-30,2026-04-30,29,348
NB_2387,nonbankrupt,,SBGI,Sinclair Inc. Class A Common Stock,Industrials,Broadcasting,SBGI US Equity,,1993-06-18,2026-05-02,Communications,Publishing & Broadcasting,1993-12-31,2025-12-31,1995-06-30,2026-04-30,1993-12-31,2026-04-30,33,371
NB_2388,nonbankrupt,,SBH,Sally Beauty Holdings Inc. (Name to be changed from Sally Holdings Inc.) Common Stock,Consumer Discretionary,Other Specialty Stores,SBH US Equity,,1993-06-18,2026-05-02,Consumer Discretionary,Retail - Discretionary,2004-09-30,2025-09-30,2006-11-30,2026-04-30,2004-09-30,2026-04-30,22,234
NB_2389,nonbankrupt,,SBR,Sabine Royalty Trust Common Stock,Energy,Oil & Gas Production,SBR US Equity,,1993-06-18,2026-05-02,Energy,Oil & Gas Supply Chain,1995-12-31,2025-12-31,1993-06-30,2026-04-30,1993-06-30,2026-04-30,27,395
NB_239,nonbankrupt,,ASH,Ashland Inc. Common Stock,Consumer Discretionary,Specialty Chemicals,ASH US Equity,,1993-06-18,2026-05-02,Materials,Chemicals,1993-09-30,2025-09-30,1993-06-30,2026-04-30,1993-06-30,2026-04-30,33,395
NB_2390,nonbankrupt,,SBUX,Starbucks Corporation Common Stock,Consumer Discretionary,Restaurants,SBUX US Equity,,1993-06-18,2026-05-02,Consumer Discretionary,Leisure Facilities & Services,1993-10-03,2025-09-28,1993-06-30,2026-04-30,1993-06-30,2026-04-30,33,395
NB_2391,nonbankrupt,,SCCO,Southern Copper Corporation Common Stock,Basic Materials,Metal Mining,SCCO US Equity,,1993-06-18,2026-05-02,Materials,Metals & Mining,1996-12-31,2025-12-31,1996-01-31,2026-04-30,1996-01-31,2026-04-30,30,364
NB_2392,nonbankrupt,,SCHL,Scholastic Corporation Common Stock,Consumer Discretionary,Books,SCHL US Equity,,1993-06-18,2026-05-02,Communications,Publishing & Broadcasting,1994-05-31,2025-05-31,1993-06-30,2026-04-30,1993-06-30,2026-04-30,32,395
NB_2393,nonbankrupt,,SCI,Service Corporation International Common Stock,Consumer Discretionary,Other Consumer Services,SCI US Equity,,1993-06-18,2026-05-02,Consumer Discretionary,Consumer Services,1993-12-31,2025-12-31,1993-06-30,2026-04-30,1993-06-30,2026-04-30,32,395
NB_2394,nonbankrupt,,SCKT,Socket Mobile Inc. Common Stock,Technology,Computer Manufacturing,SCKT US Equity,,1993-06-18,2026-05-02,Technology,Technology Hardware,1993-12-31,2025-12-31,1995-06-30,2026-04-30,1993-12-31,2026-04-30,33,371
NB_2395,nonbankrupt,,SCL,Stepan Company Common Stock,Consumer Discretionary,Package Goods/Cosmetics,SCL US Equity,,1993-06-18,2026-05-02,Materials,Chemicals,1993-12-31,2025-12-31,1993-06-30,2026-04-30,1993-06-30,2026-04-30,33,395
NB_2396,nonbankrupt,,SCLX,Scilex Holding Company Common Stock,Health Care,Biotechnology: Biological Products (No Diagnostic Substances),SCLX US Equity,,1993-06-18,2026-05-02,Health Care,Biotech & Pharma,2020-12-31,2025-12-31,2021-03-31,2026-04-30,2020-12-31,2026-04-30,6,62
NB_2398,nonbankrupt,,SCNX,Scienture Holdings Inc. Common Stock,Health Care,Biotechnology: Pharmaceutical Preparations,SCNX US Equity,,1993-06-18,2026-05-02,Health Care,Biotech & Pharma,2007-12-31,2025-12-31,2009-01-30,2026-04-30,2007-12-31,2026-04-30,13,204
NB_2399,nonbankrupt,,SCOR,comScore Inc. Common Stock,Consumer Discretionary,Business Services,SCOR US Equity,,1993-06-18,2026-05-02,Communications,Advertising & Marketing,2005-12-31,2025-12-31,2007-06-29,2026-04-30,2005-12-31,2026-04-30,21,227
NB_24,nonbankrupt,,ACET,Adicet Bio Inc. Common Stock,Health Care,Biotechnology: Pharmaceutical Preparations,ACET US Equity,,1993-06-18,2026-05-02,Health Care,Biotech & Pharma,2016-12-31,2025-12-31,2018-01-31,2026-04-30,2016-12-31,2026-04-30,10,100
NB_240,nonbankrupt,,ASIX,AdvanSix Inc. Common Stock,Industrials,Major Chemicals,ASIX US Equity,,1993-06-18,2026-05-02,Materials,Chemicals,2011-12-31,2025-12-31,2016-09-30,2026-04-30,2011-12-31,2026-04-30,14,116
NB_2400,nonbankrupt,,SCSC,ScanSource Inc. Common Stock,Technology,Retail: Computer Software & Peripheral Equipment,SCSC US Equity,,1993-06-18,2026-05-02,Consumer Discretionary,Wholesale - Discretionary,1993-06-30,2025-06-30,1994-03-31,2026-04-30,1993-06-30,2026-04-30,32,386
NB_2401,nonbankrupt,,SCTX,Scribe Therapeutics Inc. Common Stock,Health Care,Biotechnology: Biological Products (No Diagnostic Substances),SCTX US Equity,,1993-06-18,2026-05-02,Health Care,Biotech & Pharma,2025-12-31,2025-12-31,,,2025-12-31,2025-12-31,1,0
NB_2402,nonbankrupt,,SCWO,374Water Inc. Common Stock,Consumer Discretionary,Metal Fabrications,SCWO US Equity,,1993-06-18,2026-05-02,Industrials,Machinery,1994-12-31,2025-12-31,1996-05-31,2026-04-30,1994-12-31,2026-04-30,32,359
NB_2403,nonbankrupt,,SCYX,SCYNEXIS Inc. Common Stock,Health Care,Biotechnology: Pharmaceutical Preparations,SCYX US Equity,,1993-06-18,2026-05-02,Health Care,Biotech & Pharma,2012-12-31,2025-12-31,2014-05-30,2026-04-30,2012-12-31,2026-04-30,14,144
NB_2404,nonbankrupt,,SD,SandRidge Energy Inc. Common Stock,Energy,Oil & Gas Production,SD US Equity,,1993-06-18,2026-05-02,Energy,Oil & Gas Supply Chain,2005-12-31,2025-12-31,2007-11-30,2026-04-30,2005-12-31,2026-04-30,21,222
NB_2405,nonbankrupt,,SDEV,Stablecoin Development Corporation Common Stock,Health Care,Biotechnology: Pharmaceutical Preparations,SDEV US Equity,,1993-06-18,2026-05-02,Health Care,Biotech & Pharma,2007-12-31,2025-12-31,2007-10-31,2026-04-30,2007-10-31,2026-04-30,19,223
NB_2406,nonbankrupt,,SDGR,Schrodinger Inc. Common Stock,Health Care,Biotechnology: Pharmaceutical Preparations,SDGR US Equity,,1993-06-18,2026-05-02,Technology,Software,2017-12-31,2025-12-31,2020-02-28,2026-04-30,2017-12-31,2026-04-30,9,75
NB_2407,nonbankrupt,,SDHC,Smith Douglas Homes Corp. Class A Common Stock,Consumer Discretionary,Homebuilding,SDHC US Equity,,1993-06-18,2026-05-02,Consumer Discretionary,Home Construction,2022-12-31,2025-12-31,2024-01-31,2026-04-30,2022-12-31,2026-04-30,4,28
NB_2408,nonbankrupt,,SDOT,Sadot Group Inc. Common Stock,Consumer Discretionary,Restaurants,SDOT US Equity,,1993-06-18,2026-05-02,Consumer Staples,Wholesale - Consumer Staples,2015-12-31,2025-12-31,2020-02-28,2026-04-30,2015-12-31,2026-04-30,11,75
NB_2409,nonbankrupt,,SDST,Stardust Power Inc. Common Stock,Industrials,Major Chemicals,SDST US Equity,,1993-06-18,2026-05-02,Materials,Chemicals,2020-12-31,2025-12-31,2021-03-31,2026-04-30,2020-12-31,2026-04-30,6,62
NB_241,nonbankrupt,,ASLE,AerSale Corporation Common Stock,Consumer Discretionary,Industrial Specialties,ASLE US Equity,,1993-06-18,2026-05-02,Industrials,Aerospace & Defense,2018-12-31,2025-12-31,2019-02-28,2026-04-30,2018-12-31,2026-04-30,8,87
NB_2410,nonbankrupt,,SE,Sea Limited American Depositary Shares each representing one Class A Ordinary Share,Consumer Discretionary,Other Consumer Services,SE US Equity,,1993-06-18,2026-05-02,Consumer Discretionary,E-Commerce Discretionary,2014-12-31,2025-12-31,2017-10-31,2026-04-30,2014-12-31,2026-04-30,12,103
NB_2411,nonbankrupt,,SEAT,Vivid Seats Inc. Class A Common Stock,Consumer Discretionary,Services-Misc. Amusement & Recreation,SEAT US Equity,,1993-06-18,2026-05-02,Communications,Internet Media & Services,2020-12-31,2025-12-31,2020-10-30,2026-04-30,2020-10-30,2026-04-30,6,67
NB_2413,nonbankrupt,,SEB,Seaboard Corporation Common Stock,Industrials,Farming/Seeds/Milling,SEB US Equity,,1993-06-18,2026-05-02,Consumer Staples,Food,1993-12-31,2025-12-31,1993-06-30,2026-04-30,1993-06-30,2026-04-30,33,395
NB_2414,nonbankrupt,,SEER,Seer Inc. Class A Common Stock,Industrials,Biotechnology: Laboratory Analytical Instruments,SEER US Equity,,1993-06-18,2026-05-02,Health Care,Biotech & Pharma,2018-12-31,2025-12-31,2020-12-31,2026-04-30,2018-12-31,2026-04-30,8,65
NB_2415,nonbankrupt,,SEG,Seaport Entertainment Group Inc. Common Stock,Consumer Discretionary,Services-Misc. Amusement & Recreation,SEG US Equity,,1993-06-18,2026-05-02,Real Estate,Real Estate Owners & Developers,2024-12-31,2025-12-31,2024-07-31,2026-04-30,2024-07-31,2026-04-30,2,22
NB_2416,nonbankrupt,,SEGG,Sports Entertainment Gaming Global Corporation Common Stock,Technology,Computer Software: Prepackaged Software,SEGG US Equity,,1993-06-18,2026-05-02,Consumer Discretionary,Leisure Facilities & Services,2016-12-31,2025-12-31,2018-06-29,2026-04-30,2016-12-31,2026-04-30,10,95
NB_2417,nonbankrupt,,SEI,Solaris Energy Infrastructure Inc. Class A Common Stock,Consumer Discretionary,Oil and Gas Field Machinery,SEI US Equity,,1993-06-18,2026-05-02,Energy,Oil & Gas Services & Equip,2015-12-31,2025-12-31,2017-05-31,2026-04-30,2015-12-31,2026-04-30,11,108
NB_2418,nonbankrupt,,SENEA,Seneca Foods Corp. Class A Common Stock,Consumer Staples,Packaged Foods,SENEA US Equity,,1993-06-18,2026-05-02,Consumer Staples,Food,1993-07-31,2026-03-31,1995-09-29,2026-04-30,1993-07-31,2026-04-30,33,368
NB_2419,nonbankrupt,,SENEB,Seneca Foods Corp. Class B Common Stock,Consumer Staples,Packaged Foods,SENEB US Equity,,1993-06-18,2026-05-02,Consumer Staples,Food,1993-07-31,2026-03-31,1993-06-30,2026-04-30,1993-06-30,2026-04-30,33,394
NB_242,nonbankrupt,,ASMB,Assembly Biosciences Inc. Common Stock,Health Care,Biotechnology: Pharmaceutical Preparations,ASMB US Equity,,1993-06-18,2026-05-02,Health Care,Biotech & Pharma,2008-12-31,2025-12-31,2010-12-31,2026-04-30,2008-12-31,2026-04-30,18,185
NB_2420,nonbankrupt,,SENS,Senseonics Holdings Inc. Common Stock,Health Care,Medical/Dental Instruments,SENS US Equity,,1993-06-18,2026-05-02,Health Care,Medical Equipment & Devices,2013-12-31,2025-12-31,2015-12-31,2026-04-30,2013-12-31,2026-04-30,13,125
NB_2421,nonbankrupt,,SEPN,Septerna Inc. Common Stock,Health Care,Biotechnology: Pharmaceutical Preparations,SEPN US Equity,,1993-06-18,2026-05-02,Health Care,Biotech & Pharma,2022-12-31,2025-12-31,2024-10-31,2026-04-30,2022-12-31,2026-04-30,4,19
NB_2422,nonbankrupt,,SER,Serina Therapeutics Inc. Common Stock,Health Care,Biotechnology: Pharmaceutical Preparations,SER US Equity,,1993-06-18,2026-05-02,Health Care,Biotech & Pharma,2016-12-31,2025-12-31,2018-11-30,2026-04-30,2016-12-31,2026-04-30,10,90
NB_2423,nonbankrupt,,SERA,Sera Prognostics Inc. Class A Common Stock,Health Care,Medical Specialities,SERA US Equity,,1993-06-18,2026-05-02,Health Care,Medical Equipment & Devices,2019-12-31,2025-12-31,2021-07-30,2026-04-30,2019-12-31,2026-04-30,7,58
NB_2424,nonbankrupt,,SERV,Serve Robotics Inc. Common Stock,Industrials,Industrial Machinery/Components,SERV US Equity,,1993-06-18,2026-05-02,Technology,Technology Hardware,2021-12-31,2025-12-31,2024-03-29,2026-04-30,2021-12-31,2026-04-30,5,26
NB_2425,nonbankrupt,,SEV,Aptera Motors Corp. Class B Common Stock,Industrials,Auto Manufacturing,SEV US Equity,,1993-06-18,2026-05-02,Consumer Discretionary,Automotive,2019-12-31,2025-12-31,2025-10-31,2026-04-30,2019-12-31,2026-04-30,7,7
NB_2426,nonbankrupt,,SFD,Smithfield Foods Inc. Common Stock,Consumer Staples,Meat/Poultry/Fish,SFD US Equity,,1993-06-18,2026-05-02,Consumer Staples,Food,1994-05-01,2025-12-28,2025-01-31,2026-04-30,1994-05-01,2026-04-30,26,16
NB_2427,nonbankrupt,,SFIX,Stitch Fix Inc. Class A Common Stock,Consumer Discretionary,Catalog/Specialty Distribution,SFIX US Equity,,1993-06-18,2026-05-02,Consumer Discretionary,E-Commerce Discretionary,2016-07-30,2025-08-02,2017-11-30,2026-04-30,2014-12-31,2026-04-30,10,102
NB_2428,nonbankrupt,,SFM,Sprouts Farmers Market Inc. Common Stock,Consumer Staples,Food Chains,SFM US Equity,,1993-06-18,2026-05-02,Consumer Staples,Retail - Consumer Staples,2012-01-01,2025-12-28,2013-07-31,2026-04-30,2008-12-31,2026-04-30,12,154
NB_2429,nonbankrupt,,SG,Sweetgreen Inc. Class A Common Stock,Consumer Discretionary,Restaurants,SG US Equity,,1993-06-18,2026-05-02,Consumer Discretionary,Leisure Facilities & Services,2019-12-29,2025-12-28,2021-11-30,2026-04-30,2019-12-29,2026-04-30,7,54
NB_243,nonbankrupt,,ASO,Academy Sports and Outdoors Inc. Common Stock,Consumer Discretionary,Other Specialty Stores,ASO US Equity,,1993-06-18,2026-05-02,Consumer Discretionary,Retail - Discretionary,2019-02-02,2026-01-31,2020-10-30,2026-04-30,2018-02-03,2026-04-30,8,67
NB_2430,nonbankrupt,,SGA,Saga Communications Inc. Class A Common Stock (FL),Consumer Discretionary,Broadcasting,SGA US Equity,,1993-06-18,2026-05-02,Communications,Publishing & Broadcasting,1993-12-31,2025-12-31,1993-06-30,2026-04-30,1993-06-30,2026-04-30,30,395
NB_2431,nonbankrupt,,SGC,Superior Group of Companies Inc. Common Stock,Consumer Discretionary,Apparel,SGC US Equity,,1993-06-18,2026-05-02,Consumer Discretionary,Apparel & Textile Products,1993-12-31,2025-12-31,1993-06-30,2026-04-30,1993-06-30,2026-04-30,32,395
NB_2432,nonbankrupt,,SGHT,Sight Sciences Inc. Common Stock,Health Care,Medical/Dental Instruments,SGHT US Equity,,1993-06-18,2026-05-02,Technology,Technology Hardware,2018-12-31,2025-12-31,2021-07-30,2026-04-30,2018-12-31,2026-04-30,8,58
NB_2433,nonbankrupt,,SGI,Somnigroup International Inc. Common Stock,Consumer Discretionary,Home Furnishings,SGI US Equity,,1993-06-18,2026-05-02,Consumer Discretionary,Home & Office Products,2002-12-31,2025-12-31,2003-12-31,2026-04-30,2002-12-31,2026-04-30,24,269
NB_2434,nonbankrupt,,SGLY,Singularity Future Technology Ltd. Common Stock,Industrials,Integrated Freight & Logistics,SGLY US Equity,,1993-06-18,2026-05-02,Energy,Oil & Gas Services & Equip,2008-06-30,2025-06-30,2008-05-30,2026-04-30,2008-05-30,2026-04-30,18,216
NB_2435,nonbankrupt,,SGMT,Sagimet Biosciences Inc. Series A Common Stock,Health Care,Biotechnology: Pharmaceutical Preparations,SGMT US Equity,,1993-06-18,2026-05-02,Health Care,Biotech & Pharma,2019-12-31,2025-12-31,2023-07-31,2026-04-30,2019-12-31,2026-04-30,7,34
NB_2436,nonbankrupt,,SGP,SpyGlass Pharma Inc. Common Stock,Health Care,Medical/Dental Instruments,SGP US Equity,,1993-06-18,2026-05-02,Health Care,Biotech & Pharma,2023-12-31,2025-12-31,2026-02-27,2026-04-30,2023-12-31,2026-04-30,3,3
NB_2437,nonbankrupt,,SGRY,Surgery Partners Inc. Common Stock,Health Care,Hospital/Nursing Management,SGRY US Equity,,1993-06-18,2026-05-02,Health Care,Health Care Facilities & Svcs,2013-12-31,2025-12-31,2015-09-30,2026-04-30,2013-12-31,2026-04-30,13,128
NB_2438,nonbankrupt,,SGU,Star Group L.P. Common Stock,Consumer Discretionary,Other Specialty Stores,SGU US Equity,,1993-06-18,2026-05-02,Utilities,Gas & Water Utilities,1995-09-30,2025-09-30,1995-12-29,2026-04-30,1995-09-30,2026-04-30,29,365
NB_2439,nonbankrupt,,SHAK,Shake Shack Inc. Class A Common Stock,Consumer Discretionary,Restaurants,SHAK US Equity,,1993-06-18,2026-05-02,Consumer Discretionary,Leisure Facilities & Services,2012-12-26,2025-12-31,2015-01-30,2026-04-30,2012-12-26,2026-04-30,14,136
NB_244,nonbankrupt,,ASPI,ASP Isotopes Inc. Common Stock,Industrials,Major Chemicals,ASPI US Equity,,1993-06-18,2026-05-02,Energy,Renewable Energy,2021-12-31,2025-12-31,2022-11-30,2026-04-30,2021-12-31,2026-04-30,5,42
NB_2440,nonbankrupt,,SHAZ,SharonAI Holdings Inc. Class A Common Stock,Technology,EDP Services,SHAZ US Equity,,1993-06-18,2026-05-02,Technology,Software,2021-12-31,2025-12-31,2021-12-31,2026-04-30,2021-10-29,2026-04-30,5,46
NB_2441,nonbankrupt,,SHC,Sotera Health Company Common Stock,Health Care,Misc Health and Biotechnology Services,SHC US Equity,,1993-06-18,2026-05-02,Health Care,Health Care Facilities & Svcs,2018-12-31,2025-12-31,2020-11-30,2026-04-30,2018-12-31,2026-04-30,8,66
NB_2442,nonbankrupt,,SHEN,Shenandoah Telecommunications Co Common Stock,Telecommunications,Telecommunications Equipment,SHEN US Equity,,1993-06-18,2026-05-02,Communications,Telecommunications,1994-12-31,2025-12-31,1994-04-29,2026-04-30,1994-04-29,2026-04-30,31,385
NB_2443,nonbankrupt,,SHIM,Shimmick Corporation Common Stock,Industrials,Military/Government/Technical,SHIM US Equity,,1993-06-18,2026-05-02,Industrials,Engineering & Construction,2023-12-29,2026-01-02,2023-11-30,2026-04-30,2023-11-30,2026-04-30,3,30
NB_2444,nonbankrupt,,SHLS,Shoals Technologies Group Inc. Class A Common Stock,Technology,Semiconductors,SHLS US Equity,,1993-06-18,2026-05-02,Energy,Renewable Energy,2019-12-31,2025-12-31,2021-01-29,2026-04-30,2019-12-31,2026-04-30,7,64
NB_2445,nonbankrupt,,SHO,Sunstone Hotel Investors Inc. Sunstone Hotel Investors Inc. Common Shares,Consumer Discretionary,Hotels/Resorts,SHO US Equity,,1993-06-18,2026-05-02,Real Estate,REIT,2002-12-31,2025-12-31,2004-10-29,2026-04-30,2001-12-31,2026-04-30,24,259
NB_2446,nonbankrupt,,SHOE,Shoe Station Group Inc. Common Stock,Consumer Discretionary,Clothing/Shoe/Accessory Stores,SHOE US Equity,,1993-06-18,2026-05-02,Consumer Discretionary,Retail - Discretionary,1994-01-01,2026-01-31,1993-06-30,2026-04-30,1993-06-30,2026-04-30,33,395
NB_2447,nonbankrupt,,SHOO,Steven Madden Ltd. Common Stock,Consumer Discretionary,Shoe Manufacturing,SHOO US Equity,,1993-06-18,2026-05-02,Consumer Discretionary,Apparel & Textile Products,1994-12-31,2025-12-31,1993-12-31,2026-04-30,1993-12-31,2026-04-30,32,389
NB_2448,nonbankrupt,,SHPH,Shuttle Pharmaceuticals Holdings Inc. Common Stock,Health Care,Biotechnology: Pharmaceutical Preparations,SHPH US Equity,,1993-06-18,2026-05-02,Health Care,Biotech & Pharma,2020-12-31,2025-12-31,2022-08-31,2026-04-30,2020-12-31,2026-04-30,6,45
NB_2449,nonbankrupt,,SHW,Sherwin-Williams Company (The) Common Stock,Consumer Discretionary,RETAIL: Building Materials,SHW US Equity,,1993-06-18,2026-05-02,Materials,Chemicals,1993-12-31,2025-12-31,1993-06-30,2026-04-30,1993-06-30,2026-04-30,33,395
NB_245,nonbankrupt,,ASPN,Aspen Aerogels Inc. Common Stock,Consumer Discretionary,RETAIL: Building Materials,ASPN US Equity,,1993-06-18,2026-05-02,Materials,Construction Materials,2009-12-31,2025-12-31,2014-06-30,2026-04-30,2006-12-31,2026-04-30,16,143
NB_2450,nonbankrupt,,SI,Shoulder Innovations Inc. Common Stock,Health Care,Medical/Dental Instruments,SI US Equity,,1993-06-18,2026-05-02,Health Care,Medical Equipment & Devices,2023-12-31,2025-12-31,2025-07-31,2026-04-30,2023-12-31,2026-04-30,3,10
NB_2451,nonbankrupt,,SIBN,SI-BONE Inc. Common Stock,Health Care,Medical/Dental Instruments,SIBN US Equity,,1993-06-18,2026-05-02,Health Care,Medical Equipment & Devices,2016-12-31,2025-12-31,2018-10-31,2026-04-30,2016-12-31,2026-04-30,10,91
NB_2452,nonbankrupt,,SIDU,Sidus Space Inc. Class A Common Stock,Telecommunications,Telecommunications Equipment,SIDU US Equity,,1993-06-18,2026-05-02,Industrials,Aerospace & Defense,2019-12-31,2025-12-31,2021-12-31,2026-04-30,2019-12-31,2026-04-30,7,53
NB_2453,nonbankrupt,,SIF,SIFCO Industries Inc. Common Stock,Industrials,Aerospace,SIF US Equity,,1993-06-18,2026-05-02,Industrials,Aerospace & Defense,1993-09-30,2025-09-30,1993-06-30,2026-04-30,1993-06-30,2026-04-30,33,395
NB_2454,nonbankrupt,,SIGA,SIGA Technologies Inc. Common Stock,Health Care,Biotechnology: Pharmaceutical Preparations,SIGA US Equity,,1993-06-18,2026-05-02,Health Care,Biotech & Pharma,1996-12-31,2025-12-31,1997-09-30,2026-04-30,1996-12-31,2026-04-30,30,344
NB_2455,nonbankrupt,,SILO,Silo Pharma Inc. Common Stock,Health Care,Biotechnology: Pharmaceutical Preparations,SILO US Equity,,1993-06-18,2026-05-02,Health Care,Biotech & Pharma,2012-12-31,2025-12-31,2014-05-30,2026-04-30,2012-12-31,2026-04-30,14,108
NB_2456,nonbankrupt,,SINT,SiNtx Technologies Inc. Common Stock,Health Care,Medical/Dental Instruments,SINT US Equity,,1993-06-18,2026-05-02,Materials,Chemicals,2011-12-31,2025-12-31,2014-02-28,2026-04-30,2011-12-31,2026-04-30,15,147
NB_2457,nonbankrupt,,SION,Sionna Therapeutics Inc. Common Stock,Health Care,Biotechnology: Pharmaceutical Preparations,SION US Equity,,1993-06-18,2026-05-02,Health Care,Biotech & Pharma,2022-12-31,2025-12-31,2025-02-28,2026-04-30,2022-12-31,2026-04-30,4,15
NB_2458,nonbankrupt,,SIRI,SiriusXM Holdings Inc. Common Stock,Consumer Discretionary,Broadcasting,SIRI US Equity,,1993-06-18,2026-05-02,Communications,Cable & Satellite,1993-12-31,2025-12-31,1994-09-30,2026-04-30,1993-12-31,2026-04-30,33,380
NB_2459,nonbankrupt,,SITE,SiteOne Landscape Supply Inc. Common Stock,Consumer Discretionary,Professional and commerical equipment,SITE US Equity,,1993-06-18,2026-05-02,Industrials,Industrial Support Services,2014-12-28,2025-12-28,2016-05-31,2026-04-30,2014-12-28,2026-04-30,10,120
NB_246,nonbankrupt,,ASTC,Astrotech Corporation (DE) Common Stock,Industrials,Biotechnology: Laboratory Analytical Instruments,ASTC US Equity,,1993-06-18,2026-05-02,Industrials,Aerospace & Defense,1994-09-30,2025-06-30,1995-12-29,2026-04-30,1994-09-30,2026-04-30,32,365
NB_2460,nonbankrupt,,SITM,SiTime Corporation Common Stock,Technology,Semiconductors,SITM US Equity,,1993-06-18,2026-05-02,Technology,Semiconductors,2017-12-31,2025-12-31,2019-11-29,2026-04-30,2017-12-31,2026-04-30,9,78
NB_2461,nonbankrupt,,SJM,The J.M. Smucker Company Common Stock,Consumer Staples,Packaged Foods,SJM US Equity,,1993-06-18,2026-05-02,Consumer Staples,Food,1994-04-30,2026-04-30,1993-06-30,2026-04-30,1993-06-30,2026-04-30,33,395
NB_2462,nonbankrupt,,SJT,San Juan Basin Royalty Trust Common Stock,Energy,Oil & Gas Production,SJT US Equity,,1993-06-18,2026-05-02,Energy,Oil & Gas Supply Chain,1995-12-31,2025-12-31,1993-06-30,2026-04-30,1993-06-30,2026-04-30,31,395
NB_2463,nonbankrupt,,SKIL,Skillsoft Corp. Class A Common Stock,Technology,Computer Software: Prepackaged Software,SKIL US Equity,,1993-06-18,2026-05-02,Technology,Software,2019-12-31,2026-01-31,2019-07-31,2026-04-30,2019-06-28,2026-04-30,7,82
NB_2464,nonbankrupt,,SKIN,SkinHealth Systems Inc. Class A Common Stock,Health Care,Medical/Dental Instruments,SKIN US Equity,,1993-06-18,2026-05-02,Consumer Staples,Household Products,2020-12-31,2025-12-31,2020-11-30,2026-04-30,2020-11-30,2026-04-30,6,66
NB_2465,nonbankrupt,,SKY,Champion Homes Inc. Common Stock,Consumer Discretionary,Homebuilding,SKY US Equity,,1993-06-18,2026-05-02,Consumer Discretionary,Home Construction,1994-05-31,2026-03-28,1993-06-30,2026-04-30,1993-06-30,2026-04-30,33,395
NB_2466,nonbankrupt,,SKYA,SkyAI Inc. Common Stock,Health Care,Medical/Dental Instruments,SKYA US Equity,,1993-06-18,2026-05-02,Health Care,Medical Equipment & Devices,2019-12-31,2025-12-31,2022-04-29,2026-04-30,2019-12-31,2026-04-30,7,49
NB_2468,nonbankrupt,,SKYE,Skye Bioscience Inc. Common Stock,Health Care,Biotechnology: Pharmaceutical Preparations,SKYE US Equity,,1993-06-18,2026-05-02,Health Care,Biotech & Pharma,2011-10-31,2025-12-31,2014-11-28,2026-04-30,2011-10-31,2026-04-30,13,138
NB_2469,nonbankrupt,,SKYQ,Sky Quarry Inc. Common Stock,Industrials,Environmental Services,SKYQ US Equity,,1993-06-18,2026-05-02,Industrials,Commercial Support Services,2023-12-31,2025-12-31,2024-10-31,2026-04-30,2023-12-31,2026-04-30,3,19
NB_247,nonbankrupt,,ASTE,Astec Industries Inc. Common Stock,Industrials,Construction/Ag Equipment/Trucks,ASTE US Equity,,1993-06-18,2026-05-02,Industrials,Machinery,1993-12-31,2025-12-31,1993-06-30,2026-04-30,1993-06-30,2026-04-30,33,395
NB_2470,nonbankrupt,,SKYW,SkyWest Inc. Common Stock,Consumer Discretionary,Air Freight/Delivery Services,SKYW US Equity,,1993-06-18,2026-05-02,Industrials,Transportation & Logistics,1994-03-31,2025-12-31,1993-06-30,2026-04-30,1993-06-30,2026-04-30,32,395
NB_2471,nonbankrupt,,SKYX,SKYX Platforms Corp. Common Stock,Consumer Discretionary,Building Products,SKYX US Equity,,1993-06-18,2026-05-02,Industrials,Electrical Equipment,2013-12-31,2025-12-31,2016-08-31,2026-04-30,2013-12-31,2026-04-30,10,61
NB_2472,nonbankrupt,,SLAB,Silicon Laboratories Inc. Common Stock,Technology,Semiconductors,SLAB US Equity,,1993-06-18,2026-05-02,Technology,Semiconductors,1999-01-02,2026-01-03,2000-03-31,2026-04-30,1998-01-03,2026-04-30,23,314
NB_2473,nonbankrupt,,SLDB,Solid Biosciences Inc. Common Stock,Health Care,Biotechnology: Biological Products (No Diagnostic Substances),SLDB US Equity,,1993-06-18,2026-05-02,Health Care,Biotech & Pharma,2015-12-31,2025-12-31,2018-01-31,2026-04-30,2015-12-31,2026-04-30,11,100
NB_2474,nonbankrupt,,SLE,Super League Enterprise Inc. Common Stock,Technology,EDP Services,SLE US Equity,,1993-06-18,2026-05-02,Consumer Discretionary,Leisure Facilities & Services,2016-12-31,2025-12-31,2019-02-28,2026-04-30,2016-12-31,2026-04-30,10,87
NB_2475,nonbankrupt,,SLGN,Silgan Holdings Inc. Common Stock,Industrials,Containers/Packaging,SLGN US Equity,,1993-06-18,2026-05-02,Materials,Containers & Packaging,1993-12-31,2025-12-31,1997-02-28,2026-04-30,1993-12-31,2026-04-30,33,351
NB_2476,nonbankrupt,,SLND,Southland Holdings Inc. Common Stock,Industrials,Military/Government/Technical,SLND US Equity,,1993-06-18,2026-05-02,Industrials,Engineering & Construction,2021-12-31,2025-12-31,2021-12-31,2026-04-30,2021-12-31,2026-04-30,5,53
NB_2477,nonbankrupt,,SLNG,Stabilis Solutions Inc. Common Stock,Utilities,Oil/Gas Transmission,SLNG US Equity,,1993-06-18,2026-05-02,Energy,Oil & Gas Supply Chain,1999-12-31,2025-12-31,1997-08-29,2026-04-30,1997-08-29,2026-04-30,27,345
NB_2478,nonbankrupt,,SLNH,Soluna Holdings Inc. Common Stock,Technology,EDP Services,SLNH US Equity,,1993-06-18,2026-05-02,Communications,Telecommunications,1993-09-30,2025-12-31,1993-06-30,2026-04-30,1993-06-30,2026-04-30,30,395
NB_248,nonbankrupt,,ASTH,Astrana Health Inc. Common Stock,Consumer Discretionary,Professional Services,ASTH US Equity,,1993-06-18,2026-05-02,Health Care,Health Care Facilities & Svcs,2009-01-31,2025-12-31,2006-10-31,2026-04-30,2005-03-31,2026-04-30,17,211
NB_2480,nonbankrupt,,SLP,Simulations Plus Inc. Common Stock,Technology,EDP Services,SLP US Equity,,1993-06-18,2026-05-02,Technology,Software,1995-08-31,2025-08-31,1997-06-30,2026-04-30,1995-08-31,2026-04-30,31,347
NB_2481,nonbankrupt,,SLS,SELLAS Life Sciences Group Inc. Common Stock,Health Care,Biotechnology: Pharmaceutical Preparations,SLS US Equity,,1993-06-18,2026-05-02,Health Care,Biotech & Pharma,2007-12-31,2025-12-31,2008-03-31,2026-04-30,2007-12-31,2026-04-30,19,218
NB_2482,nonbankrupt,,SLSN,Solesence Inc. Common Stock,Consumer Discretionary,Package Goods/Cosmetics,SLSN US Equity,,1993-06-18,2026-05-02,Consumer Staples,Household Products,1995-12-31,2025-12-31,1997-11-28,2026-04-30,1995-12-31,2026-04-30,25,342
NB_2483,nonbankrupt,,SLVM,Sylvamo Corporation Common Stock,Basic Materials,Paper,SLVM US Equity,,1993-06-18,2026-05-02,Materials,"Forestry, Paper & Wood Products",2019-12-31,2025-12-31,2021-09-30,2026-04-30,2018-12-31,2026-04-30,7,56
NB_2484,nonbankrupt,,SM,SM Energy Company Common Stock,Energy,Oil & Gas Production,SM US Equity,,1993-06-18,2026-05-02,Energy,Oil & Gas Supply Chain,1993-12-31,2025-12-31,1993-06-30,2026-04-30,1993-06-30,2026-04-30,33,395
NB_2485,nonbankrupt,,SMC,Summit Midstream Corporation Common Stock,Utilities,Natural Gas Distribution,SMC US Equity,,1993-06-18,2026-05-02,Energy,Oil & Gas Supply Chain,2010-12-31,2025-12-31,2012-09-28,2026-04-30,2009-12-31,2026-04-30,16,164
NB_2486,nonbankrupt,,SMCI,Super Micro Computer Inc. Common Stock,Technology,Computer Manufacturing,SMCI US Equity,,1993-06-18,2026-05-02,Technology,Technology Hardware,2005-06-30,2025-06-30,2007-03-30,2026-04-30,2005-06-30,2026-04-30,21,230
NB_2488,nonbankrupt,,SMG,Scotts Miracle-Gro Company (The) Common Stock,Industrials,Agricultural Chemicals,SMG US Equity,,1993-06-18,2026-05-02,Consumer Discretionary,Home & Office Products,1993-09-30,2025-09-30,1993-06-30,2026-04-30,1993-06-30,2026-04-30,31,395
NB_2489,nonbankrupt,,SMHI,SEACOR Marine Holdings Inc. Common Stock,Consumer Discretionary,Marine Transportation,SMHI US Equity,,1993-06-18,2026-05-02,Energy,Oil & Gas Services & Equip,2014-12-31,2025-12-31,2017-06-30,2026-04-30,2013-12-31,2026-04-30,12,107
NB_249,nonbankrupt,,ASTI,Ascent Solar Technologies Inc. Common Stock,Technology,Semiconductors,ASTI US Equity,,1993-06-18,2026-05-02,Energy,Renewable Energy,2006-12-31,2025-12-31,2006-08-31,2026-04-30,2006-08-31,2026-04-30,20,237
NB_2490,nonbankrupt,,SMID,Smith-Midland Corporation Common Stock,Industrials,Building Materials,SMID US Equity,,1993-06-18,2026-05-02,Materials,Construction Materials,1993-12-31,2025-12-31,1995-12-29,2026-04-30,1993-12-31,2026-04-30,33,365
NB_2491,nonbankrupt,,SMMT,Summit Therapeutics Inc. Common Stock,Health Care,Biotechnology: Pharmaceutical Preparations,SMMT US Equity,,1993-06-18,2026-05-02,Health Care,Biotech & Pharma,2018-01-31,2025-12-31,2015-03-31,2026-04-30,2015-03-31,2026-04-30,8,134
NB_2492,nonbankrupt,,SMP,Standard Motor Products Inc. Common Stock,Consumer Discretionary,Auto Parts:O.E.M.,SMP US Equity,,1993-06-18,2026-05-02,Consumer Discretionary,Automotive,1993-12-31,2025-12-31,1993-06-30,2026-04-30,1993-06-30,2026-04-30,33,395
NB_2493,nonbankrupt,,SMPL,The Simply Good Foods Company Common Stock,Consumer Staples,Packaged Foods,SMPL US Equity,,1993-06-18,2026-05-02,Consumer Staples,Food,2017-08-26,2025-08-30,2016-09-30,2026-04-30,2016-08-31,2026-04-30,9,116
NB_2494,nonbankrupt,,SMR,NuScale Power Corporation Class A Common Stock,Industrials,Metal Fabrications,SMR US Equity,,1993-06-18,2026-05-02,Industrials,Electrical Equipment,2020-12-31,2025-12-31,2020-12-31,2026-04-30,2009-02-27,2026-04-30,6,65
NB_2495,nonbankrupt,,SMRT,SmartRent Inc. Class A Common Stock,Technology,EDP Services,SMRT US Equity,,1993-06-18,2026-05-02,Industrials,Electrical Equipment,2020-12-31,2025-12-31,2021-02-26,2026-04-30,2020-12-31,2026-04-30,6,63
NB_2496,nonbankrupt,,SMSI,Smith Micro Software Inc. Common Stock,Technology,Computer Software: Prepackaged Software,SMSI US Equity,,1993-06-18,2026-05-02,Technology,Software,1993-12-31,2025-12-31,1995-09-29,2026-04-30,1993-12-31,2026-04-30,27,368
NB_2497,nonbankrupt,,SMTC,Semtech Corporation Common Stock,Technology,Semiconductors,SMTC US Equity,,1993-06-18,2026-05-02,Technology,Semiconductors,1994-01-30,2026-01-25,1993-06-30,2026-04-30,1993-06-30,2026-04-30,33,395
NB_2498,nonbankrupt,,SMTI,Sanara MedTech Inc. Common Stock,Health Care,Industrial Specialties,SMTI US Equity,,1993-06-18,2026-05-02,Health Care,Medical Equipment & Devices,1994-12-31,2025-12-31,1994-04-29,2026-04-30,1994-04-29,2026-04-30,32,377
NB_2499,nonbankrupt,,SMTK,SmartKem Inc. Common Stock,Technology,Semiconductors,SMTK US Equity,,1993-06-18,2026-05-02,Technology,Semiconductors,2022-12-31,2025-12-31,2022-02-28,2026-04-30,2021-08-31,2026-04-30,4,50
NB_25,nonbankrupt,,ACFN,Acorn Energy Inc. Common Stock,Consumer Discretionary,Military/Government/Technical,ACFN US Equity,,1993-06-18,2026-05-02,Technology,IT Services,1993-12-31,2025-12-31,1993-06-30,2026-04-30,1993-06-30,2026-04-30,33,395
NB_250,nonbankrupt,,ASTS,AST SpaceMobile Inc. Class A Common Stock,Consumer Discretionary,Telecommunications Equipment,ASTS US Equity,,1993-06-18,2026-05-02,Communications,Telecommunications,2019-12-31,2025-12-31,2019-11-29,2026-04-30,2019-11-29,2026-04-30,7,78
NB_2500,nonbankrupt,,SMXT,Solarmax Technology Inc. Common Stock,Consumer Discretionary,Engineering & Construction,SMXT US Equity,,1993-06-18,2026-05-02,Energy,Renewable Energy,2010-12-31,2025-12-31,2024-02-29,2026-04-30,2010-12-31,2026-04-30,10,27
NB_2501,nonbankrupt,,SN,SharkNinja Inc. Ordinary Shares,Consumer Discretionary,Consumer Electronics/Appliances,SN US Equity,,1993-06-18,2026-05-02,Consumer Discretionary,Home & Office Products,2021-12-31,2025-12-31,2023-07-31,2026-04-30,2020-12-31,2026-04-30,5,34
NB_2502,nonbankrupt,,SNA,Snap-On Incorporated Common Stock,Consumer Discretionary,Industrial Machinery/Components,SNA US Equity,,1993-06-18,2026-05-02,Industrials,Machinery,1993-12-31,2026-01-03,1993-06-30,2026-04-30,1993-06-30,2026-04-30,28,395
NB_2503,nonbankrupt,,SNAL,Snail Inc. Class A Common Stock,Technology,Computer Software: Prepackaged Software,SNAL US Equity,,1993-06-18,2026-05-02,Communications,Entertainment Content,2022-12-31,2025-12-31,2022-11-30,2026-04-30,2022-11-30,2026-04-30,4,42
NB_2504,nonbankrupt,,SNAP,Snap Inc. Class A Common Stock,Technology,Computer Software: Programming Data Processing,SNAP US Equity,,1993-06-18,2026-05-02,Communications,Internet Media & Services,2015-12-31,2025-12-31,2017-03-31,2026-04-30,2015-12-31,2026-04-30,11,110
NB_2505,nonbankrupt,,SND,Smart Sand Inc. Common Stock,Industrials,Mining & Quarrying of Nonmetallic Minerals (No Fuels),SND US Equity,,1993-06-18,2026-05-02,Energy,Oil & Gas Services & Equip,2014-12-31,2025-12-31,2016-11-30,2026-04-30,2014-12-31,2026-04-30,12,114
NB_2506,nonbankrupt,,SNDA,Sonida Senior Living Inc. Common Stock,Health Care,Hospital/Nursing Management,SNDA US Equity,,1993-06-18,2026-05-02,Health Care,Health Care Facilities & Svcs,1995-12-31,2025-12-31,1997-10-31,2026-04-30,1995-12-31,2026-04-30,30,343
NB_2507,nonbankrupt,,SNDK,Sandisk Corporation Common Stock,Technology,Electronic Components,SNDK US Equity,,1993-06-18,2026-05-02,Technology,Technology Hardware,2023-06-30,2025-06-27,2025-02-28,2026-04-30,2022-07-01,2026-04-30,3,15
NB_2508,nonbankrupt,,SNDR,Schneider National Inc. Common Stock,Industrials,Trucking Freight/Courier Services,SNDR US Equity,,1993-06-18,2026-05-02,Industrials,Transportation & Logistics,2014-12-31,2025-12-31,2017-04-28,2026-04-30,2011-12-31,2026-04-30,12,109
NB_2509,nonbankrupt,,SNDX,Syndax Pharmaceuticals Inc. Common Stock,Health Care,Biotechnology: Pharmaceutical Preparations,SNDX US Equity,,1993-06-18,2026-05-02,Health Care,Biotech & Pharma,2012-12-31,2025-12-31,2016-03-31,2026-04-30,2012-12-31,2026-04-30,14,122
NB_251,nonbankrupt,,ASUR,Asure Software Inc Common Stock,Technology,EDP Services,ASUR US Equity,,1993-06-18,2026-05-02,Technology,Software,1993-12-31,2025-12-31,1993-06-30,2026-04-30,1993-06-30,2026-04-30,31,395
NB_2510,nonbankrupt,,SNES,SenesTech Inc. Common Stock,Industrials,Agricultural Chemicals,SNES US Equity,,1993-06-18,2026-05-02,Health Care,Biotech & Pharma,2014-12-31,2025-12-31,2016-12-30,2026-04-30,2014-12-31,2026-04-30,12,113
NB_2511,nonbankrupt,,SNGX,Soligenix Inc. Common Stock,Health Care,Biotechnology: Pharmaceutical Preparations,SNGX US Equity,,1993-06-18,2026-05-02,Health Care,Biotech & Pharma,1994-01-31,2025-12-31,1994-04-29,2026-04-30,1994-01-31,2026-04-30,32,385
NB_2512,nonbankrupt,,SNOA,Sonoma Pharmaceuticals Inc. Common Stock,Health Care,Medical/Dental Instruments,SNOA US Equity,,1993-06-18,2026-05-02,Health Care,Biotech & Pharma,2005-03-31,2026-03-31,2007-01-31,2026-04-30,2005-03-31,2026-04-30,22,232
NB_2513,nonbankrupt,,SNOW,Snowflake Inc. Common Stock,Technology,Computer Software: Prepackaged Software,SNOW US Equity,,1993-06-18,2026-05-02,Technology,Software,2019-01-31,2026-01-31,2020-09-30,2026-04-30,2019-01-31,2026-04-30,8,68
NB_2514,nonbankrupt,,SNPS,Synopsys Inc. Common Stock,Technology,Computer Software: Prepackaged Software,SNPS US Equity,,1993-06-18,2026-05-02,Technology,Software,1993-09-30,2025-10-31,1993-06-30,2026-04-30,1993-06-30,2026-04-30,33,395
NB_2515,nonbankrupt,,SNTI,Senti Biosciences Holdings Inc. Common Stock,Health Care,Biotechnology: Biological Products (No Diagnostic Substances),SNTI US Equity,,1993-06-18,2026-05-02,Health Care,Biotech & Pharma,2021-12-31,2025-12-31,2021-05-31,2026-04-30,2021-05-31,2026-04-30,5,60
NB_2516,nonbankrupt,,SNWV,SANUWAVE Health Inc. Common Stock,Health Care,Medical/Dental Instruments,SNWV US Equity,,1993-06-18,2026-05-02,Health Care,Medical Equipment & Devices,2008-12-31,2025-12-31,2009-09-30,2026-04-30,2008-12-31,2026-04-30,18,199
NB_2517,nonbankrupt,,SNX,TD SYNNEX Corporation Common Stock,Technology,Retail: Computer Software & Peripheral Equipment,SNX US Equity,,1993-06-18,2026-05-02,Technology,Technology Hardware,2001-11-30,2025-11-30,2003-11-28,2026-04-30,2001-11-30,2026-04-30,25,270
NB_2518,nonbankrupt,,SO,Southern Company (The) Common Stock,Utilities,Electric Utilities: Central,SO US Equity,,1993-06-18,2026-05-02,Utilities,Electric Utilities,1993-12-31,2025-12-31,1993-06-30,2026-04-30,1993-06-30,2026-04-30,33,395
NB_2519,nonbankrupt,,SOC,Sable Offshore Corp. Common Stock,Energy,Oil & Gas Production,SOC US Equity,,1993-06-18,2026-05-02,Energy,Oil & Gas Supply Chain,2020-12-31,2025-12-31,2021-04-30,2026-04-30,2020-12-31,2026-04-30,6,61
NB_252,nonbankrupt,,ASYS,Amtech Systems Inc. Common Stock,Technology,Industrial Machinery/Components,ASYS US Equity,,1993-06-18,2026-05-02,Technology,Semiconductors,1993-09-30,2025-09-30,1993-06-30,2026-04-30,1993-06-30,2026-04-30,33,395
NB_2524,nonbankrupt,,SOLS,Solstice Advanced Materials Inc. Common Stock,Industrials,Major Chemicals,SOLS US Equity,,1993-06-18,2026-05-02,Materials,Chemicals,2023-12-31,2025-12-31,2025-10-31,2026-04-30,2022-12-31,2026-04-30,3,7
NB_2525,nonbankrupt,,SOLV,Solventum Corporation Common Stock,Health Care,Medical/Dental Instruments,SOLV US Equity,,1993-06-18,2026-05-02,Health Care,Medical Equipment & Devices,2022-12-31,2025-12-31,2024-03-29,2026-04-30,2021-12-31,2026-04-30,4,26
NB_2527,nonbankrupt,,SON,Sonoco Products Company Common Stock,Consumer Discretionary,Containers/Packaging,SON US Equity,,1993-06-18,2026-05-02,Materials,Containers & Packaging,1993-12-31,2025-12-31,1993-06-30,2026-04-30,1993-06-30,2026-04-30,33,395
NB_2528,nonbankrupt,,SONM,DNA X Inc. Common Stock,Utilities,Telecommunications Equipment,SONM US Equity,,1993-06-18,2026-05-02,Technology,Technology Hardware,2017-12-31,2025-12-31,2019-05-31,2026-04-30,2017-12-31,2026-04-30,9,84
NB_2529,nonbankrupt,,SONO,Sonos Inc. Common Stock,Consumer Staples,Consumer Electronics/Appliances,SONO US Equity,,1993-06-18,2026-05-02,Technology,Technology Hardware,2016-10-01,2025-09-27,2018-08-31,2026-04-30,2016-10-01,2026-04-30,10,93
NB_253,nonbankrupt,,ATEC,Alphatec Holdings Inc. Common Stock,Health Care,Medical/Dental Instruments,ATEC US Equity,,1993-06-18,2026-05-02,Health Care,Medical Equipment & Devices,2005-12-31,2025-12-31,2006-06-30,2026-04-30,2000-07-31,2026-04-30,21,239
NB_2530,nonbankrupt,,SOTK,Sono-Tek Corporation Common Stock,Technology,Industrial Machinery/Components,SOTK US Equity,,1993-06-18,2026-05-02,Industrials,Machinery,1995-02-28,2026-02-28,1994-04-29,2026-04-30,1994-04-29,2026-04-30,32,385
NB_2531,nonbankrupt,,SOUN,SoundHound AI Inc Class A Common Stock,Technology,Computer Software: Prepackaged Software,SOUN US Equity,,1993-06-18,2026-05-02,Technology,Software,2020-12-31,2025-12-31,2022-04-29,2026-04-30,2020-12-31,2026-04-30,6,49
NB_2533,nonbankrupt,,SOWG,Sow Good Inc. Common Stock,Consumer Staples,Packaged Foods,SOWG US Equity,,1993-06-18,2026-05-02,Consumer Staples,Food,2013-12-31,2025-12-31,2010-07-30,2026-04-30,2010-06-30,2026-04-30,13,190
NB_2534,nonbankrupt,,SPAI,Safe Pro Group Inc. Common Stock,Technology,Computer Software: Prepackaged Software,SPAI US Equity,,1993-06-18,2026-05-02,Technology,Software,2022-12-31,2025-12-31,2024-08-30,2026-04-30,2022-12-31,2026-04-30,4,21
NB_2535,nonbankrupt,,SPCE,Virgin Galactic Holdings Inc. Common Stock,Consumer Discretionary,Transportation Services,SPCE US Equity,,1993-06-18,2026-05-02,Industrials,Aerospace & Defense,2017-12-31,2025-12-31,2017-09-29,2026-04-30,2017-09-29,2026-04-30,9,104
NB_2536,nonbankrupt,,SPCX,Space Exploration Technologies Corp. Class A Common Stock,Technology,Computer Software: Programming Data Processing,SPCX US Equity,,1993-06-18,2026-05-02,Communications,Cable & Satellite,2024-12-31,2025-12-31,,,2023-12-31,2025-12-31,2,0
NB_2537,nonbankrupt,,SPH,Suburban Propane Partners L.P. Common Stock,Consumer Discretionary,Other Specialty Stores,SPH US Equity,,1993-06-18,2026-05-02,Utilities,Gas & Water Utilities,1995-09-30,2025-09-27,1996-02-29,2026-04-30,1995-09-30,2026-04-30,31,363
NB_2538,nonbankrupt,,SPHR,Sphere Entertainment Co. Class A Common Stock,Consumer Discretionary,Services-Misc. Amusement & Recreation,SPHR US Equity,,1993-06-18,2026-05-02,Communications,Entertainment Content,2019-06-30,2025-12-31,2020-04-30,2026-04-30,2019-06-30,2026-04-30,7,73
NB_2539,nonbankrupt,,SPIR,Spire Global Inc. Class A Common Stock,Consumer Discretionary,Telecommunications Equipment,SPIR US Equity,,1993-06-18,2026-05-02,Industrials,Commercial Support Services,2020-12-31,2025-12-31,2020-11-30,2026-04-30,2020-11-30,2026-04-30,6,66
NB_254,nonbankrupt,,ATEN,A10 Networks Inc. Common Stock,Telecommunications,Computer Communications Equipment,ATEN US Equity,,1993-06-18,2026-05-02,Technology,Technology Hardware,2008-12-31,2025-12-31,2014-03-31,2026-04-30,2008-12-31,2026-04-30,15,146
NB_2540,nonbankrupt,,SPOK,Spok Holdings Inc. Common Stock,Telecommunications,Telecommunications Equipment,SPOK US Equity,,1993-06-18,2026-05-02,Communications,Telecommunications,2002-12-31,2025-12-31,2002-05-31,2026-04-30,2002-05-31,2026-04-30,24,288
NB_2541,nonbankrupt,,SPRB,Spruce Biosciences Inc. Common Stock,Health Care,Biotechnology: Pharmaceutical Preparations,SPRB US Equity,,1993-06-18,2026-05-02,Health Care,Biotech & Pharma,2018-12-31,2025-12-31,2020-10-30,2026-04-30,2018-12-31,2026-04-30,8,67
NB_2542,nonbankrupt,,SPRO,Spero Therapeutics Inc. Common Stock,Health Care,Biotechnology: Pharmaceutical Preparations,SPRO US Equity,,1993-06-18,2026-05-02,Health Care,Biotech & Pharma,2015-12-31,2025-12-31,2017-11-30,2026-04-30,2015-12-31,2026-04-30,11,102
NB_2543,nonbankrupt,,SPRU,Spruce Power Holding Corporation Class A Common Stock,Utilities,Electric Utilities: Central,SPRU US Equity,,1993-06-18,2026-05-02,Energy,Renewable Energy,2019-12-31,2025-12-31,2019-09-30,2026-04-30,2019-07-31,2026-04-30,7,80
NB_2544,nonbankrupt,,SPRY,ARS Pharmaceuticals Inc. Common Stock,Health Care,Biotechnology: Pharmaceutical Preparations,SPRY US Equity,,1993-06-18,2026-05-02,Health Care,Biotech & Pharma,2018-12-31,2025-12-31,2020-12-31,2026-04-30,2018-12-31,2026-04-30,8,65
NB_2545,nonbankrupt,,SPSC,SPS Commerce Inc. Common Stock,Technology,Computer Software: Prepackaged Software,SPSC US Equity,,1993-06-18,2026-05-02,Technology,Software,2007-12-31,2025-12-31,2010-04-30,2026-04-30,2006-12-31,2026-04-30,19,193
NB_2546,nonbankrupt,,SPT,Sprout Social Inc Class A Common Stock,Technology,Computer Software: Prepackaged Software,SPT US Equity,,1993-06-18,2026-05-02,Technology,Software,2017-12-31,2025-12-31,2019-12-31,2026-04-30,2017-12-31,2026-04-30,9,77
NB_2547,nonbankrupt,,SPTX,Seaport Therapeutics Inc. Common Stock,Health Care,Biotechnology: Pharmaceutical Preparations,SPTX US Equity,,1993-06-18,2026-05-02,Health Care,Biotech & Pharma,2024-12-31,2025-12-31,2026-04-30,2026-04-30,2024-12-31,2026-04-30,2,1
NB_2548,nonbankrupt,,SPWH,Sportsman's Warehouse Holdings Inc. Common Stock,Consumer Discretionary,Other Specialty Stores,SPWH US Equity,,1993-06-18,2026-05-02,Consumer Discretionary,Retail - Discretionary,2012-01-28,2026-01-31,2014-04-30,2026-04-30,2011-01-29,2026-04-30,15,145
NB_2549,nonbankrupt,,SPWR,SunPower Inc. Common Stock,Technology,Semiconductors,SPWR US Equity,,1993-06-18,2026-05-02,Energy,Renewable Energy,2020-12-31,2025-12-31,2021-04-30,2026-04-30,2020-12-31,2026-04-30,6,61
NB_255,nonbankrupt,,ATER,Aterian Inc. Common Stock,Consumer Discretionary,Home Furnishings,ATER US Equity,,1993-06-18,2026-05-02,Consumer Discretionary,Home & Office Products,2017-12-31,2025-12-31,2019-06-28,2026-04-30,2017-12-31,2026-04-30,9,83
NB_2551,nonbankrupt,,SPXC,SPX Technologies Inc. Common Stock,Industrials,Industrial Machinery/Components,SPXC US Equity,,1993-06-18,2026-05-02,Industrials,Electrical Equipment,1993-12-31,2025-12-31,1993-06-30,2026-04-30,1993-06-30,2026-04-30,33,395
NB_2552,nonbankrupt,,SR,Spire Inc. Common Stock,Utilities,Oil/Gas Transmission,SR US Equity,,1993-06-18,2026-05-02,Utilities,Gas & Water Utilities,1993-09-30,2025-09-30,1993-06-30,2026-04-30,1993-06-30,2026-04-30,33,395
NB_2553,nonbankrupt,,SRE,DBA Sempra Common Stock,Utilities,Natural Gas Distribution,SRE US Equity,,1993-06-18,2026-05-02,Utilities,Electric Utilities,1996-12-31,2025-12-31,1998-06-30,2026-04-30,1996-12-31,2026-04-30,30,335
NB_2555,nonbankrupt,,SRFM,Surf Air Mobility Inc. Common Stock,Consumer Discretionary,Transportation Services,SRFM US Equity,,1993-06-18,2026-05-02,Industrials,Transportation & Logistics,2023-12-31,2025-12-31,2023-07-31,2026-04-30,2023-07-31,2026-04-30,3,34
NB_2556,nonbankrupt,,SRI,Stoneridge Inc. Common Stock,Consumer Discretionary,Auto Parts:O.E.M.,SRI US Equity,,1993-06-18,2026-05-02,Industrials,Electrical Equipment,1995-12-31,2025-12-31,1997-10-31,2026-04-30,1995-12-31,2026-04-30,30,343
NB_2558,nonbankrupt,,SRPT,Sarepta Therapeutics Inc. Common Stock (DE),Health Care,Biotechnology: Pharmaceutical Preparations,SRPT US Equity,,1993-06-18,2026-05-02,Health Care,Biotech & Pharma,1995-12-31,2025-12-31,1997-06-30,2026-04-30,1995-12-31,2026-04-30,26,347
NB_2559,nonbankrupt,,SRRK,Scholar Rock Holding Corporation Common Stock,Health Care,Biotechnology: Biological Products (No Diagnostic Substances),SRRK US Equity,,1993-06-18,2026-05-02,Health Care,Biotech & Pharma,2016-12-31,2025-12-31,2018-05-31,2026-04-30,2016-12-31,2026-04-30,10,96
NB_256,nonbankrupt,,ATEX,Anterix Inc. Common Stock,Telecommunications,Telecommunications Equipment,ATEX US Equity,,1993-06-18,2026-05-02,Technology,Technology Hardware,2013-03-31,2026-03-31,2015-02-27,2026-04-30,2013-03-31,2026-04-30,14,135
NB_2560,nonbankrupt,,SRTA,Strata Critical Medical Inc. Class A Common Stock,Health Care,Medical/Nursing Services,SRTA US Equity,,1993-06-18,2026-05-02,Health Care,Health Care Facilities & Svcs,2019-12-31,2025-12-31,2019-11-29,2026-04-30,2019-09-30,2026-04-30,7,78
NB_2561,nonbankrupt,,SRTS,Sensus Healthcare Inc. Common Stock,Health Care,Medical/Dental Instruments,SRTS US Equity,,1993-06-18,2026-05-02,Health Care,Medical Equipment & Devices,2014-12-31,2025-12-31,2016-07-29,2026-04-30,2013-12-31,2026-04-30,12,118
NB_2562,nonbankrupt,,SRZN,Surrozen Inc. Common Stock,Health Care,Biotechnology: Biological Products (No Diagnostic Substances),SRZN US Equity,,1993-06-18,2026-05-02,Health Care,Biotech & Pharma,2020-12-31,2025-12-31,2021-01-29,2026-04-30,2020-11-30,2026-04-30,6,64
NB_2563,nonbankrupt,,SSD,Simpson Manufacturing Company Inc. Common Stock,Consumer Discretionary,Industrial Machinery/Components,SSD US Equity,,1993-06-18,2026-05-02,Materials,Construction Materials,1993-12-31,2025-12-31,1994-05-31,2026-04-30,1993-12-31,2026-04-30,33,384
NB_2564,nonbankrupt,,SSNC,SS&C Technologies Holdings Inc. Common Stock,Technology,Computer Software: Prepackaged Software,SSNC US Equity,,1993-06-18,2026-05-02,Technology,Software,2007-12-31,2025-12-31,2010-03-31,2026-04-30,2007-12-31,2026-04-30,19,194
NB_2565,nonbankrupt,,SSP,E.W. Scripps Company (The) Class A Common Stock,Industrials,Broadcasting,SSP US Equity,,1993-06-18,2026-05-02,Communications,Publishing & Broadcasting,1993-12-31,2025-12-31,1993-06-30,2026-04-30,1993-06-30,2026-04-30,33,395
NB_2566,nonbankrupt,,SST,System1 Inc. Class A Common Stock,Technology,Computer Software: Programming Data Processing,SST US Equity,,1993-06-18,2026-05-02,Technology,IT Services,2020-12-31,2025-12-31,2020-08-31,2026-04-30,2020-06-30,2026-04-30,6,69
NB_2567,nonbankrupt,,SSTI,SoundThinking Inc. Common Stock,Technology,Computer Software: Prepackaged Software,SSTI US Equity,,1993-06-18,2026-05-02,Industrials,Commercial Support Services,2015-12-31,2025-12-31,2017-06-30,2026-04-30,2015-12-31,2026-04-30,11,107
NB_2568,nonbankrupt,,SSTK,Shutterstock Inc. Common Stock,Technology,EDP Services,SSTK US Equity,,1993-06-18,2026-05-02,Communications,Internet Media & Services,2010-12-31,2025-12-31,2012-10-31,2026-04-30,2007-12-31,2026-04-30,16,163
NB_2569,nonbankrupt,,SSYS,Stratasys Ltd. Ordinary Shares (Israel),Technology,Computer peripheral equipment,SSYS US Equity,,1993-06-18,2026-05-02,Technology,Technology Hardware,1997-12-31,2025-12-31,1994-10-31,2026-04-30,1994-10-31,2026-04-30,27,379
NB_257,nonbankrupt,,ATHR,Aether Holdings Inc. Common Stock,Technology,Computer Software: Prepackaged Software,ATHR US Equity,,1993-06-18,2026-05-02,Technology,Software,2023-09-30,2025-09-30,2025-04-30,2026-04-30,2023-09-30,2026-04-30,3,13
NB_2570,nonbankrupt,,STAA,STAAR Surgical Company Common Stock,Health Care,Ophthalmic Goods,STAA US Equity,,1993-06-18,2026-05-02,Health Care,Medical Equipment & Devices,1994-12-30,2026-01-02,1993-06-30,2026-04-30,1993-06-30,2026-04-30,27,395
NB_2571,nonbankrupt,,STE,STERIS plc (Ireland) Ordinary Shares,Health Care,Industrial Specialties,STE US Equity,,1993-06-18,2026-05-02,Health Care,Medical Equipment & Devices,1997-03-31,2026-03-31,1993-06-30,2026-04-30,1993-06-30,2026-04-30,30,395
NB_2572,nonbankrupt,,STEM,Stem Inc. Class A Common Stock,Technology,EDP Services,STEM US Equity,,1993-06-18,2026-05-02,Energy,Renewable Energy,2018-12-31,2025-12-31,2020-10-30,2026-04-30,2018-12-31,2026-04-30,8,67
NB_2573,nonbankrupt,,STIM,Neuronetics Inc. Common Stock,Health Care,Medical/Dental Instruments,STIM US Equity,,1993-06-18,2026-05-02,Health Care,Health Care Facilities & Svcs,2016-12-31,2025-12-31,2018-06-29,2026-04-30,2016-12-31,2026-04-30,10,95
NB_2574,nonbankrupt,,STKS,The ONE Group Hospitality Inc. Common Stock,Consumer Discretionary,Restaurants,STKS US Equity,,1993-06-18,2026-05-02,Consumer Discretionary,Leisure Facilities & Services,2007-12-31,2025-12-28,2013-10-31,2026-04-30,2007-12-31,2026-04-30,19,151
NB_2575,nonbankrupt,,STLD,Steel Dynamics Inc.,Industrials,Steel/Iron Ore,STLD US Equity,,1993-06-18,2026-05-02,Materials,Steel,1994-12-31,2025-12-31,1996-11-29,2026-04-30,1994-12-31,2026-04-30,32,354
NB_2576,nonbankrupt,,STLN,Starling Oncology Inc. Common Stock,Health Care,Medical/Nursing Services,STLN US Equity,,1993-06-18,2026-05-02,Health Care,Health Care Facilities & Svcs,2019-12-31,2025-12-31,2020-06-30,2026-04-30,2019-12-31,2026-04-30,6,71
NB_2578,nonbankrupt,,STOK,Stoke Therapeutics Inc. Common Stock,Health Care,Biotechnology: Pharmaceutical Preparations,STOK US Equity,,1993-06-18,2026-05-02,Health Care,Biotech & Pharma,2017-12-31,2025-12-31,2019-06-28,2026-04-30,2017-12-31,2026-04-30,9,83
NB_258,nonbankrupt,,ATI,ATI Inc. Common Stock,Industrials,Steel/Iron Ore,ATI US Equity,,1993-06-18,2026-05-02,Industrials,Aerospace & Defense,1995-12-31,2025-12-28,1996-08-30,2026-04-30,1995-12-31,2026-04-30,31,357
NB_2583,nonbankrupt,,STRL,Sterling Infrastructure Inc. Common Stock,Industrials,Military/Government/Technical,STRL US Equity,,1993-06-18,2026-05-02,Industrials,Engineering & Construction,1994-02-26,2025-12-31,1993-06-30,2026-04-30,1993-06-30,2026-04-30,30,395
NB_2584,nonbankrupt,,STRO,Sutro Biopharma Inc. Common Stock,Health Care,Biotechnology: Biological Products (No Diagnostic Substances),STRO US Equity,,1993-06-18,2026-05-02,Health Care,Biotech & Pharma,2016-12-31,2025-12-31,2018-09-28,2026-04-30,2016-12-31,2026-04-30,10,92
NB_2585,nonbankrupt,,STRR,Star Equity Holdings Inc. Common Stock,Consumer Discretionary,Professional Services,STRR US Equity,,1993-06-18,2026-05-02,Industrials,Commercial Support Services,2002-12-31,2025-12-31,2003-03-31,2026-04-30,2002-12-31,2026-04-30,24,278
NB_2587,nonbankrupt,,STRT,STRATTEC SECURITY CORPORATION Common Stock,Consumer Discretionary,Auto Parts:O.E.M.,STRT US Equity,,1993-06-18,2026-05-02,Consumer Discretionary,Automotive,1994-07-03,2025-06-29,1995-02-28,2026-04-30,1994-07-03,2026-04-30,32,375
NB_2588,nonbankrupt,,STRZ,Starz Entertainment Corp. Common Shares,Consumer Discretionary,Movies/Entertainment,STRZ US Equity,,1993-06-18,2026-05-02,Communications,Entertainment Content,1996-01-31,2024-03-31,2025-05-30,2026-04-30,1996-01-31,2026-04-30,29,12
NB_2589,nonbankrupt,,STTK,Shattuck Labs Inc. Common Stock,Health Care,Biotechnology: Pharmaceutical Preparations,STTK US Equity,,1993-06-18,2026-05-02,Health Care,Biotech & Pharma,2018-12-31,2025-12-31,2020-10-30,2026-04-30,2018-12-31,2026-04-30,8,67
NB_259,nonbankrupt,,ATLX,Atlas Lithium Corporation Common Stock,Industrials,Mining & Quarrying of Nonmetallic Minerals (No Fuels),ATLX US Equity,,1993-06-18,2026-05-02,Materials,Metals & Mining,2012-02-29,2022-12-31,2013-02-28,2026-04-30,2012-02-29,2026-04-30,10,159
NB_2590,nonbankrupt,,STUB,StubHub Holdings Inc. Class A Common Stock,Consumer Discretionary,Services-Misc. Amusement & Recreation,STUB US Equity,,1993-06-18,2026-05-02,Communications,Internet Media & Services,2023-12-31,2025-12-31,2025-09-30,2026-04-30,2022-12-31,2026-04-30,3,8
NB_2591,nonbankrupt,,STXS,Stereotaxis Inc. Common Stock,Health Care,Biotechnology: Electromedical & Electrotherapeutic Apparatus,STXS US Equity,,1993-06-18,2026-05-02,Health Care,Medical Equipment & Devices,2002-12-31,2025-12-31,2004-08-31,2026-04-30,2001-12-31,2026-04-30,24,261
NB_2592,nonbankrupt,,STZ,Constellation Brands Inc. Common Stock,Consumer Staples,Beverages (Production/Distribution),STZ US Equity,,1993-06-18,2026-05-02,Consumer Staples,Beverages,1993-08-31,2026-02-28,1993-06-30,2026-04-30,1993-06-30,2026-04-30,33,395
NB_2593,nonbankrupt,,SUJA,Suja Life Inc. Class A Common Stock,Consumer Staples,Beverages (Production/Distribution),SUJA US Equity,,1993-06-18,2026-05-02,Consumer Staples,Beverages,2024-12-31,2025-12-31,,,2023-12-31,2025-12-31,2,0
NB_2594,nonbankrupt,,SUN,Sunoco LP Common Units representing limited partner interests,Energy,Integrated oil Companies,SUN US Equity,,1993-06-18,2026-05-02,Energy,Oil & Gas Supply Chain,2010-12-31,2025-12-31,2012-09-28,2026-04-30,2007-12-31,2026-04-30,16,164
NB_2595,nonbankrupt,,SUNE,SUNation Energy Inc. Common Stock,Consumer Discretionary,Engineering & Construction,SUNE US Equity,,1993-06-18,2026-05-02,Energy,Renewable Energy,1993-12-31,2025-12-31,1993-06-30,2026-04-30,1993-06-30,2026-04-30,30,395
NB_2596,nonbankrupt,,SUPN,Supernus Pharmaceuticals Inc. Common Stock,Health Care,Biotechnology: Pharmaceutical Preparations,SUPN US Equity,,1993-06-18,2026-05-02,Health Care,Biotech & Pharma,2008-12-31,2025-12-31,2012-05-31,2026-04-30,1994-12-30,2026-04-30,18,168
NB_2597,nonbankrupt,,SURG,SurgePays Inc. Common Stock,Consumer Discretionary,Advertising,SURG US Equity,,1993-06-18,2026-05-02,Financials,Specialty Finance,2019-12-31,2025-12-31,2007-07-31,2026-04-30,2007-06-29,2026-04-30,7,223
NB_2598,nonbankrupt,,SVCO,Silvaco Group Inc. Common Stock,Technology,Computer Software: Prepackaged Software,SVCO US Equity,,1993-06-18,2026-05-02,Technology,Software,2022-12-31,2025-12-31,2024-05-31,2026-04-30,2022-12-31,2026-04-30,4,24
NB_2599,nonbankrupt,,SVRA,Savara Inc. Common Stock,Health Care,Biotechnology: Pharmaceutical Preparations,SVRA US Equity,,1993-06-18,2026-05-02,Health Care,Biotech & Pharma,2003-12-31,2025-12-31,1996-11-29,2026-04-30,1996-11-29,2026-04-30,23,354
NB_26,nonbankrupt,,ACH,Accendra Health Inc. Common Stock,Health Care,Medical Specialities,ACH US Equity,,1993-06-18,2026-05-02,Health Care,Health Care Facilities & Svcs,1993-12-31,2025-12-31,1993-06-30,2026-04-30,1993-06-30,2026-04-30,33,395
NB_260,nonbankrupt,,ATMU,Atmus Filtration Technologies Inc. Common Stock,Consumer Discretionary,Auto Parts:O.E.M.,ATMU US Equity,,1993-06-18,2026-05-02,Industrials,Electrical Equipment,2021-12-31,2025-12-31,2023-05-31,2026-04-30,2019-12-31,2026-04-30,5,36
NB_2600,nonbankrupt,,SVV,Savers Value Village Inc. Common Stock,Consumer Discretionary,Other Specialty Stores,SVV US Equity,,1993-06-18,2026-05-02,Consumer Discretionary,Retail - Discretionary,2022-01-01,2026-01-03,2023-06-30,2026-04-30,2020-12-31,2026-04-30,4,35
NB_2601,nonbankrupt,,SWAG,Stran & Company Inc. Common Stock,Consumer Discretionary,Advertising,SWAG US Equity,,1993-06-18,2026-05-02,Communications,Advertising & Marketing,2021-12-31,2025-12-31,2021-11-30,2026-04-30,2021-11-30,2026-04-30,5,54
NB_2603,nonbankrupt,,SWBI,Smith & Wesson Brands Inc. Common Stock,Industrials,Ordnance And Accessories,SWBI US Equity,,1993-06-18,2026-05-02,Consumer Discretionary,Leisure Products,2001-04-28,2026-04-30,1998-11-30,2026-04-30,1998-11-30,2026-04-30,26,328
NB_2604,nonbankrupt,,SWIM,Latham Group Inc. Common Stock,Industrials,Plastic Products,SWIM US Equity,,1993-06-18,2026-05-02,Industrials,Engineering & Construction,2019-12-31,2025-12-31,2021-04-30,2026-04-30,2019-12-31,2026-04-30,7,61
NB_2605,nonbankrupt,,SWK,Stanley Black & Decker Inc. Common Stock,Consumer Discretionary,Industrial Machinery/Components,SWK US Equity,,1993-06-18,2026-05-02,Industrials,Machinery,1993-12-31,2026-01-03,1993-06-30,2026-04-30,1993-06-30,2026-04-30,28,395
NB_2606,nonbankrupt,,SWKS,Skyworks Solutions Inc. Common Stock,Technology,Semiconductors,SWKS US Equity,,1993-06-18,2026-05-02,Technology,Semiconductors,1995-04-02,2025-10-03,1993-06-30,2026-04-30,1993-06-30,2026-04-30,31,395
NB_2607,nonbankrupt,,SWMR,Swarmer Inc Common Stock,Technology,Computer Software: Prepackaged Software,SWMR US Equity,,1993-06-18,2026-05-02,Technology,Software,2024-12-31,2025-12-31,2026-03-31,2026-04-30,2024-12-31,2026-04-30,2,2
NB_2608,nonbankrupt,,SWX,Southwest Gas Holdings Inc. Common Stock (DE),Utilities,Oil & Gas Production,SWX US Equity,,1993-06-18,2026-05-02,Utilities,Gas & Water Utilities,1993-12-31,2025-12-31,1993-06-30,2026-04-30,1993-06-30,2026-04-30,32,395
NB_2609,nonbankrupt,,SXC,SunCoke Energy Inc. Common Stock,Industrials,Steel/Iron Ore,SXC US Equity,,1993-06-18,2026-05-02,Materials,Metals & Mining,2009-12-31,2025-12-31,2011-07-29,2026-04-30,2008-12-31,2026-04-30,17,178
NB_261,nonbankrupt,,ATNI,ATN International Inc. Common Stock,Telecommunications,Telecommunications Equipment,ATNI US Equity,,1993-06-18,2026-05-02,Communications,Telecommunications,1993-12-31,2025-12-31,1993-06-30,2026-04-30,1993-06-30,2026-04-30,33,395
NB_2610,nonbankrupt,,SXI,Standex International Corporation Common Stock,Industrials,Industrial Machinery/Components,SXI US Equity,,1993-06-18,2026-05-02,Industrials,Electrical Equipment,1993-06-30,2025-06-30,1993-06-30,2026-04-30,1993-06-30,2026-04-30,32,395
NB_2611,nonbankrupt,,SXT,Sensient Technologies Corporation Common Stock,Industrials,Major Chemicals,SXT US Equity,,1993-06-18,2026-05-02,Materials,Chemicals,1993-09-30,2025-12-31,1993-06-30,2026-04-30,1993-06-30,2026-04-30,33,395
NB_2612,nonbankrupt,,SXTP,60 Degrees Pharmaceuticals Inc. Common Stock,Health Care,Biotechnology: Pharmaceutical Preparations,SXTP US Equity,,1993-06-18,2026-05-02,Health Care,Biotech & Pharma,2020-12-31,2025-12-31,2023-07-31,2026-04-30,2020-12-31,2026-04-30,6,34
NB_2614,nonbankrupt,,SYK,Stryker Corporation Common Stock,Health Care,Medical/Dental Instruments,SYK US Equity,,1993-06-18,2026-05-02,Health Care,Medical Equipment & Devices,1993-12-31,2025-12-31,1993-06-30,2026-04-30,1993-06-30,2026-04-30,33,395
NB_2615,nonbankrupt,,SYM,Symbotic Inc. Class A Common Stock,Industrials,Industrial Machinery/Components,SYM US Equity,,1993-06-18,2026-05-02,Industrials,Machinery,2020-09-26,2025-09-27,2021-03-31,2026-04-30,2019-09-28,2026-04-30,6,62
NB_2616,nonbankrupt,,SYNA,Synaptics Incorporated Common Stock $0.001 Par Value,Technology,Semiconductors,SYNA US Equity,,1993-06-18,2026-05-02,Technology,Semiconductors,1999-06-30,2025-06-30,2002-01-31,2026-04-30,1999-06-30,2026-04-30,27,292
NB_2617,nonbankrupt,,SYPR,Sypris Solutions Inc. Common Stock,Industrials,Industrial Machinery/Components,SYPR US Equity,,1993-06-18,2026-05-02,Industrials,Aerospace & Defense,1993-12-31,2025-12-31,1994-05-31,2026-04-30,1993-12-31,2026-04-30,33,384
NB_2618,nonbankrupt,,SYRE,Spyre Therapeutics Inc. Common Stock,Health Care,Biotechnology: Pharmaceutical Preparations,SYRE US Equity,,1993-06-18,2026-05-02,Health Care,Biotech & Pharma,2013-12-31,2025-12-31,2016-04-29,2026-04-30,2013-12-31,2026-04-30,13,121
NB_2619,nonbankrupt,,SYY,Sysco Corporation Common Stock,Consumer Discretionary,Food Distributors,SYY US Equity,,1993-06-18,2026-05-02,Consumer Staples,Wholesale - Consumer Staples,1993-07-03,2025-06-28,1993-06-30,2026-04-30,1993-06-30,2026-04-30,33,395
NB_262,nonbankrupt,,ATNM,Actinium Pharmaceuticals Inc. (Delaware) Common Stock,Health Care,Biotechnology: Pharmaceutical Preparations,ATNM US Equity,,1993-06-18,2026-05-02,Health Care,Biotech & Pharma,2007-12-31,2025-12-31,2011-06-30,2026-04-30,2007-12-31,2026-04-30,19,161
NB_2620,nonbankrupt,,T,AT&T Inc.,Telecommunications,Telecommunications Equipment,T US Equity,,1993-06-18,2026-05-02,Communications,Telecommunications,1995-12-31,2025-12-31,1993-06-30,2026-04-30,1993-06-30,2026-04-30,31,395
NB_2621,nonbankrupt,,TACT,TransAct Technologies Incorporated Common Stock,Technology,Computer peripheral equipment,TACT US Equity,,1993-06-18,2026-05-02,Technology,Technology Hardware,1995-04-01,2025-12-31,1996-08-30,2026-04-30,1995-04-01,2026-04-30,27,357
NB_2622,nonbankrupt,,TALO,Talos Energy Inc. Common Stock,Energy,Oil & Gas Production,TALO US Equity,,1993-06-18,2026-05-02,Energy,Oil & Gas Supply Chain,1993-12-31,2025-12-31,2017-03-31,2026-04-30,1993-12-31,2026-04-30,33,110
NB_2623,nonbankrupt,,TARA,Protara Therapeutics Inc. Common Stock,Health Care,Biotechnology: Biological Products (No Diagnostic Substances),TARA US Equity,,1993-06-18,2026-05-02,Health Care,Biotech & Pharma,2012-12-31,2025-12-31,2014-10-31,2026-04-30,2012-12-31,2026-04-30,14,139
NB_2624,nonbankrupt,,TARS,Tarsus Pharmaceuticals Inc. Common Stock,Health Care,Biotechnology: Biological Products (No Diagnostic Substances),TARS US Equity,,1993-06-18,2026-05-02,Health Care,Biotech & Pharma,2018-12-31,2025-12-31,2020-10-30,2026-04-30,2018-12-31,2026-04-30,8,67
NB_2625,nonbankrupt,,TASK,TaskUs Inc. Class A Common Stock,Technology,EDP Services,TASK US Equity,,1993-06-18,2026-05-02,Technology,IT Services,2019-12-31,2025-12-31,2021-06-30,2026-04-30,2019-12-31,2026-04-30,7,59
NB_2626,nonbankrupt,,TAYD,Taylor Devices Inc. Common Stock,Industrials,Industrial Machinery/Components,TAYD US Equity,,1993-06-18,2026-05-02,Industrials,Machinery,1994-05-31,2025-05-31,1993-06-30,2026-04-30,1993-06-30,2026-04-30,32,395
NB_2628,nonbankrupt,,TBCH,Turtle Beach Corporation Common Stock,Telecommunications,Telecommunications Equipment,TBCH US Equity,,1993-06-18,2026-05-02,Technology,Technology Hardware,2012-09-30,2025-12-31,2010-10-29,2026-04-30,2010-10-29,2026-04-30,14,187
NB_2629,nonbankrupt,,TBI,TrueBlue Inc. Common Stock,Consumer Discretionary,Professional Services,TBI US Equity,,1993-06-18,2026-05-02,Industrials,Commercial Support Services,1994-12-31,2025-12-28,1994-04-29,2026-04-30,1994-04-29,2026-04-30,30,385
NB_263,nonbankrupt,,ATO,Atmos Energy Corporation Common Stock,Utilities,Oil/Gas Transmission,ATO US Equity,,1993-06-18,2026-05-02,Utilities,Gas & Water Utilities,1993-09-30,2025-09-30,1993-06-30,2026-04-30,1993-06-30,2026-04-30,33,395
NB_2630,nonbankrupt,,TCMD,Tactile Systems Technology Inc. Common Stock,Health Care,Medical/Dental Instruments,TCMD US Equity,,1993-06-18,2026-05-02,Health Care,Medical Equipment & Devices,2013-12-31,2025-12-31,2016-07-29,2026-04-30,2013-12-31,2026-04-30,13,118
NB_2631,nonbankrupt,,TCRT,Alaunos Therapeutics Inc. Common Stock,Health Care,Biotechnology: Pharmaceutical Preparations,TCRT US Equity,,1993-06-18,2026-05-02,Health Care,Biotech & Pharma,2004-12-31,2025-12-31,2005-08-31,2026-04-30,2004-12-31,2026-04-30,22,247
NB_2632,nonbankrupt,,TCRX,TScan Therapeutics Inc. Common Stock,Health Care,Biotechnology: Biological Products (No Diagnostic Substances),TCRX US Equity,,1993-06-18,2026-05-02,Health Care,Biotech & Pharma,2019-12-31,2025-12-31,2021-07-30,2026-04-30,2019-12-31,2026-04-30,7,58
NB_2633,nonbankrupt,,TDAY,USA TODAY Co. Inc. Common Stock,Consumer Discretionary,Newspapers/Magazines,TDAY US Equity,,1993-06-18,2026-05-02,Communications,Publishing & Broadcasting,2012-01-01,2025-12-31,2014-02-28,2026-04-30,2008-12-31,2026-04-30,14,147
NB_2634,nonbankrupt,,TDC,Teradata Corporation Common Stock,Technology,Computer Software: Prepackaged Software,TDC US Equity,,1993-06-18,2026-05-02,Technology,Software,2005-12-31,2025-12-31,2007-09-28,2026-04-30,2004-12-31,2026-04-30,21,224
NB_2635,nonbankrupt,,TDG,Transdigm Group Incorporated Common Stock,Industrials,Military/Government/Technical,TDG US Equity,,1993-06-18,2026-05-02,Industrials,Aerospace & Defense,2004-09-30,2025-09-30,2006-03-31,2026-04-30,2004-09-30,2026-04-30,22,242
NB_2636,nonbankrupt,,TDOC,Teladoc Health Inc. Common Stock,Health Care,Medical/Nursing Services,TDOC US Equity,,1993-06-18,2026-05-02,Health Care,Health Care Facilities & Svcs,2013-12-31,2025-12-31,2015-06-30,2026-04-30,2013-12-31,2026-04-30,13,131
NB_2637,nonbankrupt,,TDS,Telephone and Data Systems Inc. Common Shares,Telecommunications,Telecommunications Equipment,TDS US Equity,,1993-06-18,2026-05-02,Communications,Telecommunications,1993-12-31,2025-12-31,1993-06-30,2026-04-30,1993-06-30,2026-04-30,33,395
NB_2638,nonbankrupt,,TDUP,ThredUp Inc. Class A Common Stock,Consumer Discretionary,Catalog/Specialty Distribution,TDUP US Equity,,1993-06-18,2026-05-02,Consumer Discretionary,Wholesale - Discretionary,2019-12-31,2025-12-31,2021-03-31,2026-04-30,2018-12-31,2026-04-30,7,62
NB_2639,nonbankrupt,,TDW,Tidewater Inc. Common Stock,Consumer Discretionary,Marine Transportation,TDW US Equity,,1993-06-18,2026-05-02,Energy,Oil & Gas Services & Equip,1994-03-31,2025-12-31,2017-08-31,2026-04-30,1994-03-31,2026-04-30,32,105
NB_264,nonbankrupt,,ATOM,Atomera Incorporated Common Stock,Technology,Semiconductors,ATOM US Equity,,1993-06-18,2026-05-02,Technology,Semiconductors,2014-12-31,2025-12-31,2016-08-31,2026-04-30,2014-12-31,2026-04-30,12,117
NB_2640,nonbankrupt,,TDY,Teledyne Technologies Incorporated Common Stock,Industrials,Industrial Machinery/Components,TDY US Equity,,1993-06-18,2026-05-02,Technology,Technology Hardware,1999-01-03,2025-12-28,1999-11-30,2026-04-30,1999-01-03,2026-04-30,23,318
NB_2641,nonbankrupt,,TEAD,Teads Holding Co. Common Stock,Technology,Computer Software: Programming Data Processing,TEAD US Equity,,1993-06-18,2026-05-02,Technology,Software,2020-12-31,2025-12-31,2021-07-30,2026-04-30,2020-12-31,2026-04-30,6,58
NB_2642,nonbankrupt,,TECH,Bio-Techne Corp Common Stock,Health Care,Biotechnology: Biological Products (No Diagnostic Substances),TECH US Equity,,1993-06-18,2026-05-02,Health Care,Medical Equipment & Devices,1993-06-30,2025-06-30,1993-06-30,2026-04-30,1993-06-30,2026-04-30,33,395
NB_2643,nonbankrupt,,TECX,Tectonic Therapeutic Inc. Common Stock,Health Care,Biotechnology: Biological Products (No Diagnostic Substances),TECX US Equity,,1993-06-18,2026-05-02,Health Care,Biotech & Pharma,2016-12-31,2025-12-31,2018-06-29,2026-04-30,2016-12-31,2026-04-30,10,95
NB_2644,nonbankrupt,,TELA,TELA Bio Inc. Common Stock,Health Care,Medical/Dental Instruments,TELA US Equity,,1993-06-18,2026-05-02,Health Care,Biotech & Pharma,2017-12-31,2025-12-31,2019-11-29,2026-04-30,2017-12-31,2026-04-30,9,78
NB_2645,nonbankrupt,,TELO,Telomir Pharmaceuticals Inc. Common Stock,Health Care,Biotechnology: Pharmaceutical Preparations,TELO US Equity,,1993-06-18,2026-05-02,Health Care,Biotech & Pharma,2021-12-31,2025-12-31,2024-02-29,2026-04-30,2021-12-31,2026-04-30,5,27
NB_2646,nonbankrupt,,TEM,Tempus AI Inc. Class A Common Stock,Technology,Computer Software: Programming Data Processing,TEM US Equity,,1993-06-18,2026-05-02,Health Care,Medical Equipment & Devices,2022-12-31,2025-12-31,2024-06-28,2026-04-30,2022-12-31,2026-04-30,4,23
NB_2647,nonbankrupt,,TENB,Tenable Holdings Inc. Common Stock,Technology,Computer Software: Prepackaged Software,TENB US Equity,,1993-06-18,2026-05-02,Technology,Software,2016-12-31,2025-12-31,2018-07-31,2026-04-30,2016-12-31,2026-04-30,10,94
NB_2648,nonbankrupt,,TENX,Tenax Therapeutics Inc. Common Stock,Health Care,Biotechnology: Pharmaceutical Preparations,TENX US Equity,,1993-06-18,2026-05-02,Health Care,Biotech & Pharma,1994-04-30,2025-12-31,1994-04-29,2026-04-30,1994-04-29,2026-04-30,32,385
NB_2649,nonbankrupt,,TER,Teradyne Inc. Common Stock,Industrials,Electrical Products,TER US Equity,,1993-06-18,2026-05-02,Technology,Semiconductors,1993-12-31,2025-12-31,1993-06-30,2026-04-30,1993-06-30,2026-04-30,33,395
NB_265,nonbankrupt,,ATOS,Atossa Therapeutics Inc. Common Stock,Health Care,Biotechnology: Pharmaceutical Preparations,ATOS US Equity,,1993-06-18,2026-05-02,Health Care,Biotech & Pharma,2009-12-31,2025-12-31,2012-11-30,2026-04-30,2009-12-31,2026-04-30,17,162
NB_2650,nonbankrupt,,TEX,Terex Corporation Common Stock,Industrials,Construction/Ag Equipment/Trucks,TEX US Equity,,1993-06-18,2026-05-02,Industrials,Machinery,1993-12-31,2025-12-31,1993-06-30,2026-04-30,1993-06-30,2026-04-30,33,395
NB_2651,nonbankrupt,,TFX,Teleflex Incorporated Common Stock,Health Care,Medical/Dental Instruments,TFX US Equity,,1993-06-18,2026-05-02,Health Care,Medical Equipment & Devices,1993-12-26,2025-12-31,1993-06-30,2026-04-30,1993-06-30,2026-04-30,33,395
NB_2652,nonbankrupt,,TG,Tredegar Corporation Common Stock,Industrials,Metal Fabrications,TG US Equity,,1993-06-18,2026-05-02,Industrials,Industrial Intermediate Prod,1993-12-31,2025-12-31,1993-06-30,2026-04-30,1993-06-30,2026-04-30,33,395
NB_2653,nonbankrupt,,TGEN,Tecogen Inc. Common Stock,Industrials,Industrial Machinery/Components,TGEN US Equity,,1993-06-18,2026-05-02,Industrials,Electrical Equipment,2009-12-31,2024-12-31,2014-05-30,2026-04-30,2009-12-31,2026-04-30,16,144
NB_2654,nonbankrupt,,TGL,Treasure Global Inc. Common Stock,Consumer Discretionary,Business Services,TGL US Equity,,1993-06-18,2026-05-02,Technology,Software,2020-06-30,2025-06-30,2022-08-31,2026-04-30,2020-06-30,2026-04-30,6,45
NB_2655,nonbankrupt,,TGT,Target Corporation Common Stock,Consumer Discretionary,Department/Specialty Retail Stores,TGT US Equity,,1993-06-18,2026-05-02,Consumer Staples,Retail - Consumer Staples,1994-01-29,2026-01-31,1993-06-30,2026-04-30,1993-06-30,2026-04-30,33,395
NB_2656,nonbankrupt,,TGTX,TG Therapeutics Inc. Common Stock,Health Care,Biotechnology: Pharmaceutical Preparations,TGTX US Equity,,1993-06-18,2026-05-02,Health Care,Biotech & Pharma,1994-12-31,2025-12-31,1995-12-29,2026-04-30,1994-12-31,2026-04-30,26,365
NB_2657,nonbankrupt,,TH,Target Hospitality Corp. Common Stock,Consumer Discretionary,Hotels/Resorts,TH US Equity,,1993-06-18,2026-05-02,Industrials,Commercial Support Services,2018-12-31,2025-12-31,2018-03-30,2026-04-30,2018-03-30,2026-04-30,8,98
NB_2658,nonbankrupt,,THC,Tenet Healthcare Corporation Common Stock,Health Care,Hospital/Nursing Management,THC US Equity,,1993-06-18,2026-05-02,Health Care,Health Care Facilities & Svcs,1994-05-31,2025-12-31,1993-06-30,2026-04-30,1993-06-30,2026-04-30,31,395
NB_2659,nonbankrupt,,THO,Thor Industries Inc. Common Stock,Industrials,Homebuilding,THO US Equity,,1993-06-18,2026-05-02,Consumer Discretionary,Leisure Products,1993-07-31,2025-07-31,1993-06-30,2026-04-30,1993-06-30,2026-04-30,33,395
NB_266,nonbankrupt,,ATR,AptarGroup Inc. Common Stock,Industrials,Plastic Products,ATR US Equity,,1993-06-18,2026-05-02,Materials,Containers & Packaging,1993-12-31,2025-12-31,1993-06-30,2026-04-30,1993-06-30,2026-04-30,33,395
NB_2660,nonbankrupt,,THRM,Gentherm Inc Common Stock,Consumer Discretionary,Auto Parts:O.E.M.,THRM US Equity,,1993-06-18,2026-05-02,Consumer Discretionary,Automotive,1993-12-31,2025-12-31,1993-06-30,2026-04-30,1993-06-30,2026-04-30,33,395
NB_2661,nonbankrupt,,THRY,Thryv Holdings Inc. Common Stock,Consumer Discretionary,Advertising,THRY US Equity,,1993-06-18,2026-05-02,Technology,Software,2006-12-31,2025-12-31,2017-01-31,2026-04-30,2006-12-31,2026-04-30,18,88
NB_2662,nonbankrupt,,TIC,TIC Solutions Inc. Common Stock,Consumer Discretionary,Business Services,TIC US Equity,,1993-06-18,2026-05-02,Industrials,Industrial Support Services,2023-12-31,2025-12-31,2023-12-29,2026-04-30,2022-12-31,2026-04-30,3,19
NB_2663,nonbankrupt,,TIL,Instil Bio Inc. Common Stock,Health Care,Biotechnology: Biological Products (No Diagnostic Substances),TIL US Equity,,1993-06-18,2026-05-02,Health Care,Biotech & Pharma,2019-12-31,2025-12-31,2021-03-31,2026-04-30,2019-12-31,2026-04-30,7,62
NB_2664,nonbankrupt,,TILE,Interface Inc. Common Stock,Consumer Discretionary,Home Furnishings,TILE US Equity,,1993-06-18,2026-05-02,Consumer Discretionary,Home Construction,1994-01-02,2025-12-28,1993-06-30,2026-04-30,1993-06-30,2026-04-30,27,395
NB_2665,nonbankrupt,,TISI,Team Inc. Common Stock,Consumer Discretionary,Other Consumer Services,TISI US Equity,,1993-06-18,2026-05-02,Industrials,Industrial Support Services,1994-05-31,2025-12-31,1993-06-30,2026-04-30,1993-06-30,2026-04-30,29,395
NB_2666,nonbankrupt,,TITN,Titan Machinery Inc. Common Stock,Consumer Discretionary,Other Specialty Stores,TITN US Equity,,1993-06-18,2026-05-02,Industrials,Industrial Support Services,2006-01-31,2026-01-31,2007-12-31,2026-04-30,2006-01-31,2026-04-30,21,221
NB_2667,nonbankrupt,,TJX,TJX Companies Inc. (The) Common Stock,Consumer Discretionary,Clothing/Shoe/Accessory Stores,TJX US Equity,,1993-06-18,2026-05-02,Consumer Discretionary,Retail - Discretionary,1994-01-29,2026-01-31,1993-06-30,2026-04-30,1993-06-30,2026-04-30,33,395
NB_2668,nonbankrupt,,TKNO,Alpha Teknova Inc. Common Stock,Health Care,Biotechnology: In Vitro & In Vivo Diagnostic Substances,TKNO US Equity,,1993-06-18,2026-05-02,Health Care,Biotech & Pharma,2019-12-31,2025-12-31,2021-06-30,2026-04-30,2019-12-31,2026-04-30,7,59
NB_2669,nonbankrupt,,TKO,TKO Group Holdings Inc. Class A Common Stock,Consumer Discretionary,Services-Misc. Amusement & Recreation,TKO US Equity,,1993-06-18,2026-05-02,Consumer Discretionary,Leisure Facilities & Services,1998-04-30,2025-12-31,1999-10-29,2026-04-30,1998-04-30,2026-04-30,28,319
NB_267,nonbankrupt,,ATRA,Atara Biotherapeutics Inc. Common Stock,Health Care,Biotechnology: Biological Products (No Diagnostic Substances),ATRA US Equity,,1993-06-18,2026-05-02,Health Care,Biotech & Pharma,2013-12-31,2025-12-31,2014-10-31,2026-04-30,2013-12-31,2026-04-30,13,139
NB_2670,nonbankrupt,,TKR,Timken Company (The) Common Stock,Industrials,Metal Fabrications,TKR US Equity,,1993-06-18,2026-05-02,Industrials,Industrial Intermediate Prod,1993-12-31,2025-12-31,1993-06-30,2026-04-30,1993-06-30,2026-04-30,33,395
NB_2671,nonbankrupt,,TLF,Tandy Leather Factory Inc. Common Stock,Consumer Discretionary,Apparel,TLF US Equity,,1993-06-18,2026-05-02,Consumer Discretionary,Retail - Discretionary,1993-12-31,2025-12-31,1993-09-30,2026-04-30,1993-09-30,2026-04-30,33,392
NB_2672,nonbankrupt,,TLN,Talen Energy Corporation Common Stock,Utilities,Electric Utilities: Central,TLN US Equity,,1993-06-18,2026-05-02,Utilities,Electric Utilities,2014-12-31,2025-12-31,2023-06-30,2026-04-30,2013-12-31,2026-04-30,5,35
NB_2673,nonbankrupt,,TLPH,Talphera Inc. Common Stock,Health Care,Biotechnology: Pharmaceutical Preparations,TLPH US Equity,,1993-06-18,2026-05-02,Health Care,Biotech & Pharma,2008-12-31,2025-12-31,2011-02-28,2026-04-30,2008-12-31,2026-04-30,18,183
NB_2674,nonbankrupt,,TLRY,Tilray Brands Inc. Common Stock,Health Care,Medicinal Chemicals and Botanical Products,TLRY US Equity,,1993-06-18,2026-05-02,Consumer Staples,Tobacco & Cannabis,2016-12-31,2025-05-31,2018-07-31,2026-04-30,2016-12-31,2026-04-30,10,94
NB_2675,nonbankrupt,,TLS,Telos Corporation Common Stock,Technology,EDP Services,TLS US Equity,,1993-06-18,2026-05-02,Technology,IT Services,2016-12-31,2025-12-31,2020-11-30,2026-04-30,2005-03-31,2026-04-30,9,66
NB_2676,nonbankrupt,,TLSI,TriSalus Life Sciences Inc. Common Stock,Health Care,Medical Specialities,TLSI US Equity,,1993-06-18,2026-05-02,Health Care,Biotech & Pharma,2020-12-31,2025-12-31,2021-02-26,2026-04-30,2020-12-31,2026-04-30,6,63
NB_2678,nonbankrupt,,TLYS,Tilly's Inc. Common Stock,Consumer Discretionary,Clothing/Shoe/Accessory Stores,TLYS US Equity,,1993-06-18,2026-05-02,Consumer Discretionary,Retail - Discretionary,2010-01-30,2026-01-31,2012-05-31,2026-04-30,2007-02-03,2026-04-30,17,168
NB_2679,nonbankrupt,,TMCI,Treace Medical Concepts Inc. Common Stock,Health Care,Medical/Dental Instruments,TMCI US Equity,,1993-06-18,2026-05-02,Health Care,Medical Equipment & Devices,2019-12-31,2025-12-31,2021-04-30,2026-04-30,2019-12-31,2026-04-30,7,61
NB_268,nonbankrupt,,ATRC,AtriCure Inc. Common Stock,Health Care,Medical/Dental Instruments,ATRC US Equity,,1993-06-18,2026-05-02,Health Care,Medical Equipment & Devices,2003-12-31,2025-12-31,2005-08-31,2026-04-30,2002-12-31,2026-04-30,23,249
NB_2680,nonbankrupt,,TMDX,TransMedics Group Inc. Common Stock,Health Care,Biotechnology: Electromedical & Electrotherapeutic Apparatus,TMDX US Equity,,1993-06-18,2026-05-02,Health Care,Medical Equipment & Devices,2017-12-30,2025-12-31,2019-05-31,2026-04-30,2016-12-31,2026-04-30,9,84
NB_2681,nonbankrupt,,TME,Tencent Music Entertainment Group American Depositary Shares each representing two Class A Ordinary Shares,Consumer Discretionary,Broadcasting,TME US Equity,,1993-06-18,2026-05-02,Communications,Internet Media & Services,2016-12-31,2025-12-31,2018-12-31,2026-04-30,2016-12-31,2026-04-30,10,89
NB_2682,nonbankrupt,,TMO,Thermo Fisher Scientific Inc Common Stock,Industrials,Industrial Machinery/Components,TMO US Equity,,1993-06-18,2026-05-02,Health Care,Medical Equipment & Devices,1993-12-31,2025-12-31,1993-06-30,2026-04-30,1993-06-30,2026-04-30,32,395
NB_2683,nonbankrupt,,TMUS,T-Mobile US Inc. Common Stock,Telecommunications,Telecommunications Equipment,TMUS US Equity,,1993-06-18,2026-05-02,Communications,Telecommunications,2005-12-31,2025-12-31,2007-04-30,2026-04-30,2005-12-31,2026-04-30,21,229
NB_2687,nonbankrupt,,TNC,Tennant Company Common Stock,Industrials,Industrial Machinery/Components,TNC US Equity,,1993-06-18,2026-05-02,Industrials,Machinery,1993-12-31,2025-12-31,1993-06-30,2026-04-30,1993-06-30,2026-04-30,33,395
NB_2688,nonbankrupt,,TNDM,Tandem Diabetes Care Inc. Common Stock,Health Care,Medical/Dental Instruments,TNDM US Equity,,1993-06-18,2026-05-02,Health Care,Medical Equipment & Devices,2011-12-31,2025-12-31,2013-11-29,2026-04-30,2011-12-31,2026-04-30,15,150
NB_2689,nonbankrupt,,TNET,TriNet Group Inc. Common Stock,Consumer Discretionary,Business Services,TNET US Equity,,1993-06-18,2026-05-02,Industrials,Commercial Support Services,1998-12-31,2025-12-31,2014-03-31,2026-04-30,1998-12-31,2026-04-30,16,146
NB_269,nonbankrupt,,ATRO,Astronics Corporation Common Stock,Industrials,Military/Government/Technical,ATRO US Equity,,1993-06-18,2026-05-02,Industrials,Aerospace & Defense,1993-12-31,2025-12-31,1993-06-30,2026-04-30,1993-06-30,2026-04-30,30,395
NB_2690,nonbankrupt,,TNGX,Tango Therapeutics Inc.,Health Care,Biotechnology: Pharmaceutical Preparations,TNGX US Equity,,1993-06-18,2026-05-02,Health Care,Biotech & Pharma,2020-12-31,2025-12-31,2020-09-30,2026-04-30,2020-09-30,2026-04-30,6,68
NB_2691,nonbankrupt,,TNL,Travel Leisure Co. Common Stock,Consumer Discretionary,Hotels/Resorts,TNL US Equity,,1993-06-18,2026-05-02,Consumer Discretionary,Leisure Facilities & Services,2004-12-31,2025-12-31,2006-07-31,2026-04-30,2004-12-31,2026-04-30,22,238
NB_2692,nonbankrupt,,TNON,Tenon Medical Inc. Common Stock,Health Care,Medical/Dental Instruments,TNON US Equity,,1993-06-18,2026-05-02,Health Care,Medical Equipment & Devices,2019-12-31,2025-12-31,2022-04-29,2026-04-30,2019-12-31,2026-04-30,6,49
NB_2694,nonbankrupt,,TNXP,Tonix Pharmaceuticals Holding Corp. Common Stock,Health Care,Biotechnology: Pharmaceutical Preparations,TNXP US Equity,,1993-06-18,2026-05-02,Health Care,Biotech & Pharma,2011-12-31,2025-12-31,2012-02-29,2026-04-30,2011-05-31,2026-04-30,15,171
NB_2695,nonbankrupt,,TNYA,Tenaya Therapeutics Inc. Common Stock,Health Care,Biotechnology: Biological Products (No Diagnostic Substances),TNYA US Equity,,1993-06-18,2026-05-02,Health Care,Biotech & Pharma,2019-12-31,2025-12-31,2021-07-30,2026-04-30,2019-12-31,2026-04-30,7,58
NB_2696,nonbankrupt,,TOL,Toll Brothers Inc. Common Stock,Consumer Discretionary,Homebuilding,TOL US Equity,,1993-06-18,2026-05-02,Consumer Discretionary,Home Construction,1993-10-31,2025-10-31,1993-06-30,2026-04-30,1993-06-30,2026-04-30,33,395
NB_2697,nonbankrupt,,TOMZ,TOMI Environmental Solutions Inc. Common Stock,Industrials,Major Chemicals,TOMZ US Equity,,1993-06-18,2026-05-02,Materials,Chemicals,2007-12-31,2025-12-31,2008-06-30,2026-04-30,2007-12-31,2026-04-30,19,215
NB_2698,nonbankrupt,,TOON,Kartoon Studios Inc. Common Stock,Consumer Discretionary,Movies/Entertainment,TOON US Equity,,1993-06-18,2026-05-02,Communications,Entertainment Content,2012-12-31,2025-12-31,2009-08-31,2026-04-30,2009-08-31,2026-04-30,13,198
NB_2699,nonbankrupt,,TOST,Toast Inc. Class A Common Stock,Technology,EDP Services,TOST US Equity,,1993-06-18,2026-05-02,Financials,Specialty Finance,2019-12-31,2025-12-31,2021-09-30,2026-04-30,2019-12-31,2026-04-30,7,56
NB_27,nonbankrupt,,ACHC,Acadia Healthcare Company Inc. Common Stock,Health Care,Medical Specialities,ACHC US Equity,,1993-06-18,2026-05-02,Health Care,Health Care Facilities & Svcs,2009-12-31,2025-12-31,2011-11-30,2026-04-30,2008-12-31,2026-04-30,17,174
NB_270,nonbankrupt,,ATTO,Attovia Therapeutics Inc. Common Stock,Health Care,Biotechnology: Biological Products (No Diagnostic Substances),ATTO US Equity,,1993-06-18,2026-05-02,Health Care,Biotech & Pharma,2024-12-31,2025-12-31,,,2024-12-31,2025-12-31,2,0
NB_2700,nonbankrupt,,TOVX,Theriva Biologics Inc. Common Stock,Health Care,Biotechnology: Pharmaceutical Preparations,TOVX US Equity,,1993-06-18,2026-05-02,Health Care,Biotech & Pharma,1993-12-31,2025-12-31,1993-06-30,2026-04-30,1993-06-30,2026-04-30,30,395
NB_2701,nonbankrupt,,TPB,Turning Point Brands Inc. Common Stock,Consumer Discretionary,Tobacco,TPB US Equity,,1993-06-18,2026-05-02,Consumer Staples,Tobacco & Cannabis,2004-12-31,2025-12-31,2016-05-31,2026-04-30,2004-12-31,2026-04-30,16,120
NB_2702,nonbankrupt,,TPC,Tutor Perini Corporation Common Stock,Consumer Discretionary,General Bldg Contractors - Nonresidential Bldgs,TPC US Equity,,1993-06-18,2026-05-02,Industrials,Engineering & Construction,1993-12-31,2025-12-31,1993-06-30,2026-04-30,1993-06-30,2026-04-30,33,395
NB_2703,nonbankrupt,,TPCS,TechPrecision Corporation Common stock,Industrials,Metal Fabrications,TPCS US Equity,,1993-06-18,2026-05-02,Industrials,Industrial Intermediate Prod,2009-03-31,2026-03-31,2007-11-30,2026-04-30,2007-11-30,2026-04-30,18,222
NB_2704,nonbankrupt,,TPL,Texas Pacific Land Corporation Common Stock,Energy,Oil & Gas Production,TPL US Equity,,1993-06-18,2026-05-02,Energy,Oil & Gas Supply Chain,1993-12-31,2025-12-31,1993-06-30,2026-04-30,1993-06-30,2026-04-30,33,395
NB_2705,nonbankrupt,,TPR,Tapestry Inc. Common Stock,Consumer Discretionary,Apparel,TPR US Equity,,1993-06-18,2026-05-02,Consumer Discretionary,Apparel & Textile Products,1998-06-27,2025-06-28,2000-10-31,2026-04-30,1998-06-27,2026-04-30,28,307
NB_2706,nonbankrupt,,TPST,Tempest Therapeutics Inc. Common Stock,Health Care,Biotechnology: Pharmaceutical Preparations,TPST US Equity,,1993-06-18,2026-05-02,Health Care,Biotech & Pharma,2011-12-31,2025-12-31,2012-11-30,2026-04-30,2011-12-31,2026-04-30,15,162
NB_2707,nonbankrupt,,TPVG,TriplePoint Venture Growth BDC Corp. Common Stock,Consumer Discretionary,Other Consumer Services,TPVG US Equity,,1993-06-18,2026-05-02,Financials,Asset Management,2014-12-31,2025-12-31,2014-03-31,2026-04-30,2014-03-31,2026-04-30,12,146
NB_2708,nonbankrupt,,TR,Tootsie Roll Industries Inc. Common Stock,Consumer Staples,Specialty Foods,TR US Equity,,1993-06-18,2026-05-02,Consumer Staples,Food,1993-12-31,2025-12-31,1993-06-30,2026-04-30,1993-06-30,2026-04-30,33,395
NB_2709,nonbankrupt,,TRAK,ReposiTrak Inc. Common Stock,Technology,EDP Services,TRAK US Equity,,1993-06-18,2026-05-02,Technology,Software,2004-06-30,2025-06-30,1998-11-30,2026-04-30,1998-11-30,2026-04-30,22,330
NB_271,nonbankrupt,,ATYR,aTyr Pharma Inc. Common Stock,Health Care,Biotechnology: Biological Products (No Diagnostic Substances),ATYR US Equity,,1993-06-18,2026-05-02,Health Care,Biotech & Pharma,2013-12-31,2025-12-31,2015-05-29,2026-04-30,2013-12-31,2026-04-30,13,132
NB_2710,nonbankrupt,,TRAW,Traws Pharma Inc. Common Stock,Health Care,Biotechnology: Pharmaceutical Preparations,TRAW US Equity,,1993-06-18,2026-05-02,Health Care,Biotech & Pharma,2011-12-31,2025-12-31,2013-07-31,2026-04-30,2011-12-31,2026-04-30,15,154
NB_2711,nonbankrupt,,TRAX,First Tracks Biotherapeutics Inc. Ordinary Shares,Health Care,Biotechnology: Pharmaceutical Preparations,TRAX US Equity,,1993-06-18,2026-05-02,Health Care,Biotech & Pharma,2024-12-31,2025-12-31,2026-04-30,2026-04-30,2024-12-31,2026-04-30,2,1
NB_2712,nonbankrupt,,TRDA,Entrada Therapeutics Inc. Common Stock,Health Care,Biotechnology: Pharmaceutical Preparations,TRDA US Equity,,1993-06-18,2026-05-02,Health Care,Biotech & Pharma,2019-12-31,2025-12-31,2021-10-29,2026-04-30,2019-12-31,2026-04-30,7,55
NB_2713,nonbankrupt,,TREX,Trex Company Inc. Common Stock,Basic Materials,Forest Products,TREX US Equity,,1993-06-18,2026-05-02,Materials,Construction Materials,1998-12-31,2025-12-31,1999-04-30,2026-04-30,1998-12-31,2026-04-30,28,325
NB_2714,nonbankrupt,,TRGP,Targa Resources Inc. Common Stock,Utilities,Natural Gas Distribution,TRGP US Equity,,1993-06-18,2026-05-02,Energy,Oil & Gas Supply Chain,2008-12-31,2025-12-31,2010-12-31,2026-04-30,2008-12-31,2026-04-30,18,185
NB_2715,nonbankrupt,,TRI,Thomson Reuters Corporation Common Shares,Consumer Discretionary,Publishing,TRI US Equity,,1993-06-18,2026-05-02,Industrials,Commercial Support Services,1993-12-31,2025-12-31,1995-11-30,2026-04-30,1993-12-31,2026-04-30,33,361
NB_2716,nonbankrupt,,TRIP,TripAdvisor Inc. Common Stock,Technology,Computer Software: Programming Data Processing,TRIP US Equity,,1993-06-18,2026-05-02,Communications,Internet Media & Services,2009-12-31,2025-12-31,2011-12-30,2026-04-30,2008-12-31,2026-04-30,17,173
NB_2717,nonbankrupt,,TRMB,Trimble Inc. Common Stock,Industrials,Industrial Machinery/Components,TRMB US Equity,,1993-06-18,2026-05-02,Industrials,Electrical Equipment,1993-12-31,2026-01-02,1993-06-30,2026-04-30,1993-06-30,2026-04-30,27,395
NB_2718,nonbankrupt,,TRN,Trinity Industries Inc. Common Stock,Industrials,Railroads,TRN US Equity,,1993-06-18,2026-05-02,Industrials,Transportation Equipment,1994-03-31,2025-12-31,1993-06-30,2026-04-30,1993-06-30,2026-04-30,30,395
NB_2719,nonbankrupt,,TRNR,Interactive Strength Inc. Common Stock,Technology,Consumer Electronics/Appliances,TRNR US Equity,,1993-06-18,2026-05-02,Technology,Software,2020-12-31,2025-12-31,2023-04-28,2026-04-30,2020-12-31,2026-04-30,6,37
NB_272,nonbankrupt,,AUC,ATIF Holdings Limited Ordinary Shares,Consumer Discretionary,Professional Services,AUC US Equity,,1993-06-18,2026-05-02,Financials,Asset Management,2017-07-31,2025-07-31,2019-05-31,2026-04-30,2017-07-31,2026-04-30,9,84
NB_2720,nonbankrupt,,TRNS,Transcat Inc. Common Stock,Industrials,Electrical Products,TRNS US Equity,,1993-06-18,2026-05-02,Industrials,Industrial Support Services,1994-03-31,2026-03-28,1993-06-30,2026-04-30,1993-06-30,2026-04-30,33,395
NB_2721,nonbankrupt,,TROX,Tronox Holdings plc Ordinary Shares (UK),Basic Materials,Major Chemicals,TROX US Equity,,1993-06-18,2026-05-02,Materials,Chemicals,2010-12-31,2025-12-31,2010-12-31,2026-04-30,2008-12-31,2026-04-30,16,185
NB_2722,nonbankrupt,,TRS,TriMas Corporation Common Stock,Industrials,Industrial Specialties,TRS US Equity,,1993-06-18,2026-05-02,Materials,Containers & Packaging,2005-12-31,2025-12-31,2007-05-31,2026-04-30,2005-03-31,2026-04-30,20,228
NB_2723,nonbankrupt,,TRUG,TruGolf Holdings Inc. Class A Common Stock,Consumer Discretionary,Recreational Games/Products/Toys,TRUG US Equity,,1993-06-18,2026-05-02,Consumer Discretionary,Leisure Facilities & Services,2021-03-31,2025-12-31,2021-12-31,2026-04-30,2021-03-31,2026-04-30,4,53
NB_2724,nonbankrupt,,TRUP,Trupanion Inc. Common Stock,Health Care,Medical Specialities,TRUP US Equity,,1993-06-18,2026-05-02,Financials,Insurance,2012-12-31,2025-12-31,2014-07-31,2026-04-30,2010-12-31,2026-04-30,14,142
NB_2725,nonbankrupt,,TRVI,Trevi Therapeutics Inc. Common Stock,Health Care,Biotechnology: Pharmaceutical Preparations,TRVI US Equity,,1993-06-18,2026-05-02,Health Care,Biotech & Pharma,2017-12-31,2025-12-31,2019-05-31,2026-04-30,2017-12-31,2026-04-30,9,84
NB_2726,nonbankrupt,,TSCO,Tractor Supply Company Common Stock,Consumer Discretionary,RETAIL: Building Materials,TSCO US Equity,,1993-06-18,2026-05-02,Consumer Discretionary,Retail - Discretionary,1994-01-01,2025-12-27,1994-02-28,2026-04-30,1994-01-01,2026-04-30,31,387
NB_2727,nonbankrupt,,TSHA,Taysha Gene Therapies Inc. Common Stock,Health Care,Biotechnology: Biological Products (No Diagnostic Substances),TSHA US Equity,,1993-06-18,2026-05-02,Health Care,Biotech & Pharma,2019-12-31,2025-12-31,2020-09-30,2026-04-30,2019-12-31,2026-04-30,7,68
NB_2728,nonbankrupt,,TSLA,Tesla Inc. Common Stock,Industrials,Auto Manufacturing,TSLA US Equity,,1993-06-18,2026-05-02,Consumer Discretionary,Automotive,2007-12-31,2025-12-31,2010-06-30,2026-04-30,2007-12-31,2026-04-30,19,191
NB_2729,nonbankrupt,,TSN,Tyson Foods Inc. Common Stock,Consumer Staples,Meat/Poultry/Fish,TSN US Equity,,1993-06-18,2026-05-02,Consumer Staples,Food,1993-10-02,2025-09-27,1993-06-30,2026-04-30,1993-06-30,2026-04-30,33,395
NB_273,nonbankrupt,,AUGO,Aura Minerals Inc. Common Shares,Basic Materials,Metal Mining,AUGO US Equity,,1993-06-18,2026-05-02,Materials,Metals & Mining,2006-12-31,2025-12-31,2006-11-30,2026-04-30,2006-07-31,2026-04-30,20,232
NB_2730,nonbankrupt,,TSQ,Townsquare Media Inc. Class A Common Stock,Consumer Discretionary,Broadcasting,TSQ US Equity,,1993-06-18,2026-05-02,Communications,Publishing & Broadcasting,2012-12-31,2025-12-31,2014-07-31,2026-04-30,2012-12-31,2026-04-30,14,142
NB_2731,nonbankrupt,,TSSI,TSS Inc. Common Stock,Consumer Discretionary,Professional Services,TSSI US Equity,,1993-06-18,2026-05-02,Industrials,Engineering & Construction,2006-12-31,2025-12-31,2005-09-30,2026-04-30,2005-09-30,2026-04-30,20,248
NB_2732,nonbankrupt,,TTAM,Titan America SA Common Shares,Industrials,Mining & Quarrying of Nonmetallic Minerals (No Fuels),TTAM US Equity,,1993-06-18,2026-05-02,Materials,Construction Materials,2022-12-31,2025-12-31,2025-02-28,2026-04-30,2021-12-31,2026-04-30,4,15
NB_2733,nonbankrupt,,TTAN,ServiceTitan Inc. Class A Common Stock,Technology,Computer Software: Prepackaged Software,TTAN US Equity,,1993-06-18,2026-05-02,Technology,Software,2023-01-31,2026-01-31,2024-12-31,2026-04-30,2023-01-31,2026-04-30,4,17
NB_2734,nonbankrupt,,TTC,Toro Company (The) Common Stock,Consumer Discretionary,Tools/Hardware,TTC US Equity,,1993-06-18,2026-05-02,Industrials,Machinery,1993-07-31,2025-10-31,1993-06-30,2026-04-30,1993-06-30,2026-04-30,33,395
NB_2735,nonbankrupt,,TTD,The Trade Desk Inc. Class A Common Stock,Technology,Computer Software: Programming Data Processing,TTD US Equity,,1993-06-18,2026-05-02,Communications,Advertising & Marketing,2014-12-31,2025-12-31,2016-09-30,2026-04-30,2014-12-31,2026-04-30,12,116
NB_2736,nonbankrupt,,TTEC,TTEC Holdings Inc. Common Stock,Consumer Discretionary,Professional Services,TTEC US Equity,,1993-06-18,2026-05-02,Technology,IT Services,1994-12-31,2025-12-31,1996-08-30,2026-04-30,1994-12-31,2026-04-30,32,357
NB_2737,nonbankrupt,,TTEK,Tetra Tech Inc. Common Stock,Consumer Discretionary,Military/Government/Technical,TTEK US Equity,,1993-06-18,2026-05-02,Industrials,Engineering & Construction,1993-10-03,2025-09-28,1993-06-30,2026-04-30,1993-06-30,2026-04-30,33,395
NB_2738,nonbankrupt,,TTGT,TechTarget Inc. Common Stock,Telecommunications,Telecommunications Equipment,TTGT US Equity,,1993-06-18,2026-05-02,Communications,Advertising & Marketing,2024-12-31,2025-12-31,2024-12-31,2026-04-30,2024-12-31,2026-04-30,2,17
NB_2739,nonbankrupt,,TTI,Tetra Technologies Inc. Common Stock,Energy,Oil & Gas Production,TTI US Equity,,1993-06-18,2026-05-02,Energy,Oil & Gas Services & Equip,1993-12-31,2025-12-31,1993-07-30,2026-04-30,1993-07-30,2026-04-30,32,394
NB_274,nonbankrupt,,AUID,authID Inc. Common Stock,Technology,Computer Software: Prepackaged Software,AUID US Equity,,1993-06-18,2026-05-02,Technology,Software,2017-12-31,2025-12-31,2015-04-30,2026-04-30,2015-03-31,2026-04-30,9,133
NB_2740,nonbankrupt,,TTMI,TTM Technologies Inc. Common Stock,Technology,Electrical Products,TTMI US Equity,,1993-06-18,2026-05-02,Technology,Technology Hardware,1998-12-31,2025-12-29,2000-09-29,2026-04-30,1997-12-31,2026-04-30,26,308
NB_2741,nonbankrupt,,TTRX,Turn Therapeutics Inc. Common Stock,Health Care,Biotechnology: Pharmaceutical Preparations,TTRX US Equity,,1993-06-18,2026-05-02,Consumer Discretionary,Consumer Services,2009-08-31,2025-12-31,2025-10-31,2026-04-30,2009-08-31,2026-04-30,8,7
NB_2742,nonbankrupt,,TTWO,Take-Two Interactive Software Inc. Common Stock,Technology,Computer Software: Prepackaged Software,TTWO US Equity,,1993-06-18,2026-05-02,Communications,Entertainment Content,1996-10-31,2026-03-31,1997-04-30,2026-04-30,1995-10-31,2026-04-30,30,349
NB_2743,nonbankrupt,,TULP,Bloomia Holdings Inc. Common Stock,Consumer Staples,Farming/Seeds/Milling,TULP US Equity,,1993-06-18,2026-05-02,Financials,Asset Management,1993-12-31,2024-12-31,1993-06-30,2026-04-30,1993-06-30,2026-04-30,32,395
NB_2744,nonbankrupt,,TUSK,Mammoth Energy Services Inc. Common Stock,Energy,Oilfield Services/Equipment,TUSK US Equity,,1993-06-18,2026-05-02,Energy,Oil & Gas Services & Equip,2014-12-31,2025-12-31,2016-10-31,2026-04-30,2014-12-31,2026-04-30,12,115
NB_2747,nonbankrupt,,TVGN,Tevogen Inc. Common Stock,Health Care,Biotechnology: Biological Products (No Diagnostic Substances),TVGN US Equity,,1993-06-18,2026-05-02,Health Care,Biotech & Pharma,2021-12-31,2025-12-31,2022-01-31,2026-04-30,2021-11-30,2026-04-30,5,52
NB_2749,nonbankrupt,,TVRD,Tvardi Therapeutics Inc. Common Stock,Health Care,Biotechnology: Pharmaceutical Preparations,TVRD US Equity,,1993-06-18,2026-05-02,Health Care,Biotech & Pharma,2011-12-31,2025-12-31,2014-01-31,2026-04-30,2011-12-31,2026-04-30,15,148
NB_275,nonbankrupt,,AUR,Aurora Innovation Inc. Class A Common Stock,Technology,EDP Services,AUR US Equity,,1993-06-18,2026-05-02,Consumer Discretionary,Automotive,2020-12-31,2025-12-31,2021-05-31,2026-04-30,2020-12-31,2026-04-30,6,60
NB_2750,nonbankrupt,,TVTX,Travere Therapeutics Inc. Common Stock,Health Care,Biotechnology: Pharmaceutical Preparations,TVTX US Equity,,1993-06-18,2026-05-02,Health Care,Biotech & Pharma,2012-12-31,2025-12-31,2003-07-31,2026-04-30,2003-07-31,2026-04-30,14,248
NB_2751,nonbankrupt,,TWAV,TaoWeave Inc. Common Stock,Technology,Computer Software: Programming Data Processing,TWAV US Equity,,1993-06-18,2026-05-02,Technology,Software,1997-12-31,2025-12-31,1995-06-30,2026-04-30,1995-06-30,2026-04-30,29,371
NB_2752,nonbankrupt,,TWI,Titan International Inc. (DE) Common Stock,Industrials,Steel/Iron Ore,TWI US Equity,,1993-06-18,2026-05-02,Industrials,Machinery,1993-12-31,2025-12-31,1993-06-30,2026-04-30,1993-06-30,2026-04-30,33,395
NB_2753,nonbankrupt,,TWIN,Twin Disc Incorporated Common Stock,Industrials,Industrial Machinery/Components,TWIN US Equity,,1993-06-18,2026-05-02,Industrials,Machinery,1993-06-30,2025-06-30,1993-06-30,2026-04-30,1993-06-30,2026-04-30,30,395
NB_2754,nonbankrupt,,TWLO,Twilio Inc. Class A Common Stock,Technology,Computer Software: Prepackaged Software,TWLO US Equity,,1993-06-18,2026-05-02,Technology,Software,2014-12-31,2025-12-31,2016-06-30,2026-04-30,2013-12-31,2026-04-30,12,119
NB_2755,nonbankrupt,,TWST,Twist Bioscience Corporation Common Stock,Health Care,Biotechnology: Biological Products (No Diagnostic Substances),TWST US Equity,,1993-06-18,2026-05-02,Health Care,Medical Equipment & Devices,2016-09-30,2025-09-30,2018-10-31,2026-04-30,2016-09-30,2026-04-30,10,91
NB_2756,nonbankrupt,,TXG,10x Genomics Inc. Class A Common Stock,Industrials,Biotechnology: Laboratory Analytical Instruments,TXG US Equity,,1993-06-18,2026-05-02,Health Care,Medical Equipment & Devices,2017-12-31,2025-12-31,2019-09-30,2026-04-30,2017-12-31,2026-04-30,9,80
NB_2757,nonbankrupt,,TXMD,TherapeuticsMD Inc. Common Stock,Health Care,Biotechnology: Pharmaceutical Preparations,TXMD US Equity,,1993-06-18,2026-05-02,Health Care,Biotech & Pharma,2009-12-31,2025-12-31,2002-01-31,2026-04-30,2002-01-31,2026-04-30,17,263
NB_2758,nonbankrupt,,TXN,Texas Instruments Incorporated Common Stock,Technology,Semiconductors,TXN US Equity,,1993-06-18,2026-05-02,Technology,Semiconductors,1993-12-31,2025-12-31,1993-06-30,2026-04-30,1993-06-30,2026-04-30,33,395
NB_2759,nonbankrupt,,TXNM,TXNM Energy Inc. Common Stock,Utilities,Electric Utilities: Central,TXNM US Equity,,1993-06-18,2026-05-02,Utilities,Electric Utilities,1993-12-31,2025-12-31,1993-06-30,2026-04-30,1993-06-30,2026-04-30,33,395
NB_276,nonbankrupt,,AURA,Aura Biosciences Inc. Common Stock,Health Care,Biotechnology: Biological Products (No Diagnostic Substances),AURA US Equity,,1993-06-18,2026-05-02,Health Care,Biotech & Pharma,2019-12-30,2025-12-31,2021-10-29,2026-04-30,2019-12-30,2026-04-30,7,55
NB_2760,nonbankrupt,,TXO,TXO Partners L.P. Common Units Representing Limited Partner Interests,Energy,Oil & Gas Production,TXO US Equity,,1993-06-18,2026-05-02,Energy,Oil & Gas Supply Chain,2020-12-31,2025-12-31,2023-01-31,2026-04-30,2020-12-31,2026-04-30,6,40
NB_2761,nonbankrupt,,TXRH,Texas Roadhouse Inc. Common Stock,Consumer Discretionary,Restaurants,TXRH US Equity,,1993-06-18,2026-05-02,Consumer Discretionary,Leisure Facilities & Services,2002-12-31,2025-12-30,2004-10-29,2026-04-30,2002-12-31,2026-04-30,24,259
NB_2762,nonbankrupt,,TXT,Textron Inc. Common Stock,Industrials,Aerospace,TXT US Equity,,1993-06-18,2026-05-02,Industrials,Aerospace & Defense,1993-12-31,2026-01-03,1993-06-30,2026-04-30,1993-06-30,2026-04-30,28,395
NB_2763,nonbankrupt,,TYGO,Tigo Energy Inc. Common Stock,Technology,Semiconductors,TYGO US Equity,,1993-06-18,2026-05-02,Energy,Renewable Energy,2019-12-31,2025-12-31,2021-09-30,2026-04-30,2019-12-31,2026-04-30,7,56
NB_2764,nonbankrupt,,TYL,Tyler Technologies Inc. Common Stock,Technology,Computer Software: Prepackaged Software,TYL US Equity,,1993-06-18,2026-05-02,Technology,Software,1993-12-31,2025-12-31,1993-06-30,2026-04-30,1993-06-30,2026-04-30,33,395
NB_2765,nonbankrupt,,TYRA,Tyra Biosciences Inc. Common Stock,Health Care,Biotechnology: Pharmaceutical Preparations,TYRA US Equity,,1993-06-18,2026-05-02,Health Care,Biotech & Pharma,2019-12-31,2025-12-31,2021-09-30,2026-04-30,2019-12-31,2026-04-30,7,56
NB_2766,nonbankrupt,,TZOO,Travelzoo Common Stock,Consumer Discretionary,Advertising,TZOO US Equity,,1993-06-18,2026-05-02,Communications,Internet Media & Services,2001-12-31,2025-12-31,2002-08-30,2026-04-30,2001-12-31,2026-04-30,25,285
NB_2767,nonbankrupt,,U,Unity Software Inc. Common Stock,Technology,Computer Software: Prepackaged Software,U US Equity,,1993-06-18,2026-05-02,Technology,Software,2018-12-31,2025-12-31,2020-09-30,2026-04-30,2018-12-31,2026-04-30,8,68
NB_2768,nonbankrupt,,UA,Under Armour Inc. Class C Common Stock,Consumer Discretionary,Apparel,UA US Equity,,1993-06-18,2026-05-02,Consumer Discretionary,Apparel & Textile Products,2003-12-31,2026-03-31,2016-03-31,2026-04-30,2003-12-31,2026-04-30,24,122
NB_2769,nonbankrupt,,UAA,Under Armour Inc. Class A Common Stock,Consumer Discretionary,Apparel,UAA US Equity,,1993-06-18,2026-05-02,Consumer Discretionary,Apparel & Textile Products,2003-12-31,2026-03-31,2005-11-30,2026-04-30,2003-12-31,2026-04-30,24,246
NB_2770,nonbankrupt,,UAL,United Airlines Holdings Inc. Common Stock,Consumer Discretionary,Air Freight/Delivery Services,UAL US Equity,,1993-06-18,2026-05-02,Industrials,Transportation & Logistics,2007-12-31,2025-12-31,2006-01-31,2026-04-30,2006-01-31,2026-04-30,19,244
NB_2771,nonbankrupt,,UAMY,United States Antimony Corporation Common Stock,Industrials,Metal Fabrications,UAMY US Equity,,1993-06-18,2026-05-02,Materials,Metals & Mining,2008-12-31,2025-12-31,1994-04-29,2026-04-30,1994-04-29,2026-04-30,18,385
NB_2772,nonbankrupt,,UAN,CVR Partners LP Common Units representing Limited Partner Interests,Industrials,Agricultural Chemicals,UAN US Equity,,1993-06-18,2026-05-02,Materials,Chemicals,2008-12-31,2025-12-31,2011-04-29,2026-04-30,2007-12-31,2026-04-30,18,181
NB_2773,nonbankrupt,,UAVS,AgEagle Aerial Systems Inc. Common Stock,Industrials,Aerospace,UAVS US Equity,,1993-06-18,2026-05-02,Industrials,Machinery,2012-12-31,2025-12-31,1999-12-31,2026-04-30,1999-12-31,2026-04-30,14,306
NB_2774,nonbankrupt,,UBER,Uber Technologies Inc. Common Stock,Consumer Discretionary,Business Services,UBER US Equity,,1993-06-18,2026-05-02,Communications,Internet Media & Services,2014-12-31,2025-12-31,2019-05-31,2026-04-30,2014-12-31,2026-04-30,12,84
NB_2775,nonbankrupt,,UCTT,Ultra Clean Holdings Inc. Common Stock,Technology,Semiconductors,UCTT US Equity,,1993-06-18,2026-05-02,Technology,Semiconductors,2002-12-31,2025-12-26,2004-03-31,2026-04-30,2002-12-31,2026-04-30,23,266
NB_2776,nonbankrupt,,UEIC,Universal Electronics Inc. Common Stock,Consumer Staples,Consumer Electronics/Appliances,UEIC US Equity,,1993-06-18,2026-05-02,Technology,Technology Hardware,1993-12-31,2025-12-31,1993-06-30,2026-04-30,1993-06-30,2026-04-30,33,395
NB_2777,nonbankrupt,,UFI,Unifi Inc. New Common Stock,Consumer Discretionary,Textiles,UFI US Equity,,1993-06-18,2026-05-02,Materials,Chemicals,1993-06-27,2025-06-29,1993-06-30,2026-04-30,1993-06-27,2026-04-30,32,395
NB_2778,nonbankrupt,,UFPI,UFP Industries Inc. Common Stock,Basic Materials,Forest Products,UFPI US Equity,,1993-06-18,2026-05-02,Materials,"Forestry, Paper & Wood Products",1993-12-31,2025-12-27,1993-11-30,2026-04-30,1993-11-30,2026-04-30,33,390
NB_2779,nonbankrupt,,UFPT,UFP Technologies Inc. Common Stock,Health Care,Medical/Dental Instruments,UFPT US Equity,,1993-06-18,2026-05-02,Health Care,Medical Equipment & Devices,1993-12-31,2025-12-31,1993-12-31,2026-04-30,1993-12-31,2026-04-30,32,389
NB_278,nonbankrupt,,AUUD,Auddia Inc. Common Stock,Technology,EDP Services,AUUD US Equity,,1993-06-18,2026-05-02,Technology,Software,2018-12-31,2024-12-31,2021-02-26,2026-04-30,2018-12-31,2026-04-30,7,63
NB_2780,nonbankrupt,,UG,United-Guardian Inc. Common Stock,Consumer Discretionary,Package Goods/Cosmetics,UG US Equity,,1993-06-18,2026-05-02,Consumer Staples,Household Products,1993-12-31,2025-12-31,1993-06-30,2026-04-30,1993-06-30,2026-04-30,33,395
NB_2781,nonbankrupt,,UGI,UGI Corporation Common Stock,Utilities,Natural Gas Distribution,UGI US Equity,,1993-06-18,2026-05-02,Utilities,Gas & Water Utilities,1993-09-30,2025-09-30,1993-06-30,2026-04-30,1993-06-30,2026-04-30,32,395
NB_2782,nonbankrupt,,UHAL,U-Haul Holding Company Common Stock,Consumer Discretionary,Rental/Leasing Companies,UHAL US Equity,,1993-06-18,2026-05-02,Industrials,Industrial Support Services,1994-03-31,2026-03-31,1994-11-30,2026-04-30,1993-06-30,2026-04-30,33,378
NB_2783,nonbankrupt,,UHS,Universal Health Services Inc. Common Stock,Health Care,Hospital/Nursing Management,UHS US Equity,,1993-06-18,2026-05-02,Health Care,Health Care Facilities & Svcs,1993-12-31,2025-12-31,1993-06-30,2026-04-30,1993-06-30,2026-04-30,33,395
NB_2784,nonbankrupt,,UI,Ubiquiti Inc. Common Stock,Technology,Radio And Television Broadcasting And Communications Equipment,UI US Equity,,1993-06-18,2026-05-02,Technology,Technology Hardware,2009-06-30,2025-06-30,2011-10-31,2026-04-30,2006-06-30,2026-04-30,17,175
NB_2785,nonbankrupt,,UIS,Unisys Corporation New Common Stock,Technology,EDP Services,UIS US Equity,,1993-06-18,2026-05-02,Technology,IT Services,1993-12-31,2025-12-31,1993-06-30,2026-04-30,1993-06-30,2026-04-30,33,395
NB_2786,nonbankrupt,,UK,Ucommune International Ltd Class A Ordinary Shares,Consumer Discretionary,Business Services,UK US Equity,,1993-06-18,2026-05-02,Real Estate,Real Estate Owners & Developers,2020-12-31,2021-12-31,2019-11-29,2026-04-30,2019-11-29,2026-04-30,2,78
NB_2787,nonbankrupt,,ULCC,Frontier Group Holdings Inc. Common Stock,Consumer Discretionary,Air Freight/Delivery Services,ULCC US Equity,,1993-06-18,2026-05-02,Industrials,Transportation & Logistics,2015-12-31,2025-12-31,2021-03-31,2026-04-30,2014-12-31,2026-04-30,9,62
NB_2788,nonbankrupt,,ULH,Universal Logistics Holdings Inc. Common Stock,Industrials,Trucking Freight/Courier Services,ULH US Equity,,1993-06-18,2026-05-02,Industrials,Transportation & Logistics,2002-12-31,2025-12-31,2005-02-28,2026-04-30,2002-12-31,2026-04-30,24,255
NB_2789,nonbankrupt,,ULS,UL Solutions Inc. Class A Common Stock,Health Care,Precision Instruments,ULS US Equity,,1993-06-18,2026-05-02,Industrials,Commercial Support Services,2021-12-31,2025-12-31,2024-04-30,2026-04-30,2019-12-31,2026-04-30,5,25
NB_279,nonbankrupt,,AVA,Avista Corporation Common Stock,Utilities,Power Generation,AVA US Equity,,1993-06-18,2026-05-02,Utilities,Electric Utilities,1993-12-31,2025-12-31,1993-06-30,2026-04-30,1993-06-30,2026-04-30,33,395
NB_2790,nonbankrupt,,ULTA,Ulta Beauty Inc. Common Stock,Consumer Discretionary,Other Specialty Stores,ULTA US Equity,,1993-06-18,2026-05-02,Consumer Discretionary,Retail - Discretionary,2005-01-29,2026-01-31,2007-10-31,2026-04-30,2005-01-29,2026-04-30,22,223
NB_2791,nonbankrupt,,UMAC,Unusual Machines Inc. Common Stock,Technology,Radio And Television Broadcasting And Communications Equipment,UMAC US Equity,,1993-06-18,2026-05-02,Industrials,Aerospace & Defense,2021-12-31,2025-12-31,2024-02-29,2026-04-30,2021-12-31,2026-04-30,5,27
NB_2792,nonbankrupt,,UNCY,Unicycive Therapeutics Inc. Common Stock,Health Care,Biotechnology: Pharmaceutical Preparations,UNCY US Equity,,1993-06-18,2026-05-02,Health Care,Biotech & Pharma,2019-12-31,2025-12-31,2021-07-30,2026-04-30,2019-12-31,2026-04-30,7,58
NB_2793,nonbankrupt,,UNF,Unifirst Corporation Common Stock,Consumer Discretionary,Other Consumer Services,UNF US Equity,,1993-06-18,2026-05-02,Industrials,Commercial Support Services,1993-08-29,2025-08-30,1993-06-30,2026-04-30,1993-06-30,2026-04-30,33,395
NB_2794,nonbankrupt,,UNFI,United Natural Foods Inc. Common Stock,Consumer Discretionary,Food Distributors,UNFI US Equity,,1993-06-18,2026-05-02,Consumer Staples,Wholesale - Consumer Staples,1995-10-31,2025-08-02,1996-11-29,2026-04-30,1995-10-31,2026-04-30,31,354
NB_2795,nonbankrupt,,UNH,UnitedHealth Group Incorporated Common Stock (DE),Health Care,Medical Specialities,UNH US Equity,,1993-06-18,2026-05-02,Health Care,Health Care Facilities & Svcs,1993-12-31,2025-12-31,1993-06-30,2026-04-30,1993-06-30,2026-04-30,33,395
NB_2796,nonbankrupt,,UNP,Union Pacific Corporation Common Stock,Industrials,Railroads,UNP US Equity,,1993-06-18,2026-05-02,Industrials,Transportation & Logistics,1993-12-31,2025-12-31,1993-06-30,2026-04-30,1993-06-30,2026-04-30,33,395
NB_2797,nonbankrupt,,UONE,Urban One Inc. Class A Common Stock,Consumer Discretionary,Broadcasting,UONE US Equity,,1993-06-18,2026-05-02,Communications,Publishing & Broadcasting,1997-12-31,2025-12-31,1999-05-31,2026-04-30,1997-12-31,2026-04-30,29,324
NB_2798,nonbankrupt,,UONEK,Urban One Inc. Class D Common Stock,Consumer Discretionary,Broadcasting,UONEK US Equity,,1993-06-18,2026-05-02,Communications,Publishing & Broadcasting,1997-12-31,2025-12-31,2000-06-30,2026-04-30,1997-12-31,2026-04-30,29,311
NB_2799,nonbankrupt,,UPB,Upstream Bio Inc. Common Stock,Health Care,Biotechnology: Pharmaceutical Preparations,UPB US Equity,,1993-06-18,2026-05-02,Health Care,Biotech & Pharma,2022-12-31,2025-12-31,2024-10-31,2026-04-30,2022-12-31,2026-04-30,4,19
NB_28,nonbankrupt,,ACHR,Archer Aviation Inc. Class A Common Stock,Industrials,Aerospace,ACHR US Equity,,1993-06-18,2026-05-02,Industrials,Aerospace & Defense,2020-12-31,2025-12-31,2020-12-31,2026-04-30,2020-10-30,2026-04-30,6,65
NB_280,nonbankrupt,,AVAH,Aveanna Healthcare Holdings Inc. Common Stock,Health Care,Medical/Nursing Services,AVAH US Equity,,1993-06-18,2026-05-02,Health Care,Health Care Facilities & Svcs,2019-12-28,2026-01-03,2021-04-30,2026-04-30,2018-12-29,2026-04-30,6,61
NB_2800,nonbankrupt,,UPBD,Upbound Group Inc. Common Stock,Consumer Discretionary,Diversified Commercial Services,UPBD US Equity,,1993-06-18,2026-05-02,Consumer Discretionary,Consumer Services,1994-12-31,2025-12-31,1995-01-31,2026-04-30,1994-12-31,2026-04-30,32,376
NB_2801,nonbankrupt,,UPLD,Upland Software Inc. Common Stock,Technology,Computer Software: Prepackaged Software,UPLD US Equity,,1993-06-18,2026-05-02,Technology,Software,2012-12-31,2025-12-31,2014-11-28,2026-04-30,2012-12-31,2026-04-30,14,138
NB_2802,nonbankrupt,,UPS,United Parcel Service Inc. Common Stock,Industrials,Trucking Freight/Courier Services,UPS US Equity,,1993-06-18,2026-05-02,Industrials,Transportation & Logistics,1995-12-31,2025-12-31,1999-11-30,2026-04-30,1995-12-31,2026-04-30,31,318
NB_2803,nonbankrupt,,UPWK,Upwork Inc. Common Stock,Technology,EDP Services,UPWK US Equity,,1993-06-18,2026-05-02,Communications,Internet Media & Services,2016-12-31,2025-12-31,2018-10-31,2026-04-30,2016-12-31,2026-04-30,10,91
NB_2804,nonbankrupt,,URBN,Urban Outfitters Inc. Common Stock,Consumer Discretionary,Clothing/Shoe/Accessory Stores,URBN US Equity,,1993-06-18,2026-05-02,Consumer Discretionary,Retail - Discretionary,1994-01-31,2026-01-31,1993-11-30,2026-04-30,1993-11-30,2026-04-30,33,390
NB_2805,nonbankrupt,,URI,United Rentals Inc. Common Stock,Consumer Discretionary,Diversified Commercial Services,URI US Equity,,1993-06-18,2026-05-02,Industrials,Industrial Support Services,1997-12-31,2025-12-31,1997-12-31,2026-04-30,1997-12-31,2026-04-30,29,341
NB_2806,nonbankrupt,,USAC,USA Compression Partners LP Common Units Representing Limited Partner Interests,Utilities,Natural Gas Distribution,USAC US Equity,,1993-06-18,2026-05-02,Energy,Oil & Gas Services & Equip,2009-12-31,2025-12-31,2013-01-31,2026-04-30,2007-12-31,2026-04-30,17,160
NB_2807,nonbankrupt,,USAR,USA Rare Earth Inc. Class A Common Stock,Basic Materials,Metal Mining,USAR US Equity,,1993-06-18,2026-05-02,Materials,Metals & Mining,2024-12-31,2025-12-31,2023-07-31,2026-04-30,2023-05-31,2026-04-30,2,34
NB_2808,nonbankrupt,,USAU,U.S. Gold Corp. Common Stock,Basic Materials,Metal Mining,USAU US Equity,,1993-06-18,2026-05-02,Materials,Metals & Mining,1994-04-30,2026-04-30,1993-06-30,2026-04-30,1993-06-30,2026-04-30,33,395
NB_2809,nonbankrupt,,USFD,US Foods Holding Corp. Common Stock,Consumer Discretionary,Food Distributors,USFD US Equity,,1993-06-18,2026-05-02,Consumer Staples,Wholesale - Consumer Staples,1994-07-02,2025-12-27,2016-05-31,2026-04-30,1994-07-02,2026-04-30,18,120
NB_281,nonbankrupt,,AVAV,AeroVironment Inc. Common Stock,Industrials,Aerospace,AVAV US Equity,,1993-06-18,2026-05-02,Industrials,Aerospace & Defense,2005-04-30,2026-04-30,2007-01-31,2026-04-30,2005-04-30,2026-04-30,22,232
NB_2810,nonbankrupt,,USGO,U.S. GoldMining Inc. Common stock,Basic Materials,Precious Metals,USGO US Equity,,1993-06-18,2026-05-02,Materials,Metals & Mining,2020-11-30,2025-12-31,2023-04-28,2026-04-30,2020-11-30,2026-04-30,6,37
NB_2811,nonbankrupt,,USLM,United States Lime & Minerals Inc. Common Stock,Industrials,Mining & Quarrying of Nonmetallic Minerals (No Fuels),USLM US Equity,,1993-06-18,2026-05-02,Materials,Construction Materials,1993-12-31,2025-12-31,1993-06-30,2026-04-30,1993-06-30,2026-04-30,33,394
NB_2812,nonbankrupt,,USNA,USANA Health Sciences Inc. Common Stock,Health Care,Medicinal Chemicals and Botanical Products,USNA US Equity,,1993-06-18,2026-05-02,Consumer Staples,Food,1996-12-28,2026-01-03,1994-04-29,2026-04-30,1994-04-29,2026-04-30,25,385
NB_2813,nonbankrupt,,USPH,U.S. Physical Therapy Inc. Common Stock,Health Care,Medical/Nursing Services,USPH US Equity,,1993-06-18,2026-05-02,Health Care,Health Care Facilities & Svcs,1993-12-31,2025-12-31,1993-06-30,2026-04-30,1993-06-30,2026-04-30,33,395
NB_2814,nonbankrupt,,UTHR,United Therapeutics Corporation Common Stock,Health Care,Biotechnology: Pharmaceutical Preparations,UTHR US Equity,,1993-06-18,2026-05-02,Health Care,Biotech & Pharma,1997-12-31,2025-12-31,1999-06-30,2026-04-30,1997-12-31,2026-04-30,29,323
NB_2815,nonbankrupt,,UTL,UNITIL Corporation Common Stock,Utilities,Power Generation,UTL US Equity,,1993-06-18,2026-05-02,Utilities,Electric Utilities,1993-12-31,2025-12-31,1993-06-30,2026-04-30,1993-06-30,2026-04-30,31,395
NB_2816,nonbankrupt,,UTMD,Utah Medical Products Inc. Common Stock,Health Care,Medical/Dental Instruments,UTMD US Equity,,1993-06-18,2026-05-02,Health Care,Medical Equipment & Devices,1993-12-31,2025-12-31,1993-06-30,2026-04-30,1993-06-30,2026-04-30,32,395
NB_2817,nonbankrupt,,UTZ,Utz Brands Inc Class A Common Stock,Consumer Staples,Packaged Foods,UTZ US Equity,,1993-06-18,2026-05-02,Consumer Staples,Food,2019-12-31,2025-12-28,2018-11-30,2026-04-30,2018-11-30,2026-04-30,6,90
NB_2818,nonbankrupt,,UUU,Universal Safety Products Inc. Common Stock,Technology,Electronic Components,UUU US Equity,,1993-06-18,2026-05-02,Industrials,Electrical Equipment,1994-03-31,2026-03-31,1993-06-30,2026-04-30,1993-06-30,2026-04-30,33,395
NB_2819,nonbankrupt,,UVV,Universal Corporation Common Stock,Industrials,Farming/Seeds/Milling,UVV US Equity,,1993-06-18,2026-05-02,Consumer Staples,Tobacco & Cannabis,1993-06-30,2026-03-31,1993-06-30,2026-04-30,1993-06-30,2026-04-30,34,395
NB_282,nonbankrupt,,AVBP,ArriVent BioPharma Inc. Common Stock,Health Care,Biotechnology: Pharmaceutical Preparations,AVBP US Equity,,1993-06-18,2026-05-02,Health Care,Biotech & Pharma,2022-12-31,2025-12-31,2024-01-31,2026-04-30,2022-12-31,2026-04-30,4,28
NB_2823,nonbankrupt,,V,Visa Inc.,Consumer Discretionary,Business Services,V US Equity,,1993-06-18,2026-05-02,Financials,Specialty Finance,2006-09-30,2025-09-30,2008-03-31,2026-04-30,2005-09-30,2026-04-30,20,218
NB_2824,nonbankrupt,,VAL,Valaris Limited Common Shares,Energy,Oil & Gas Production,VAL US Equity,,1993-06-18,2026-05-02,Energy,Oil & Gas Services & Equip,2019-12-31,2025-12-31,2021-05-31,2026-04-30,2019-12-31,2026-04-30,7,60
NB_2825,nonbankrupt,,VANI,Vivani Medical Inc. Common Stock (DE),Health Care,Biotechnology: Electromedical & Electrotherapeutic Apparatus,VANI US Equity,,1993-06-18,2026-05-02,Health Care,Medical Equipment & Devices,2012-12-31,2025-12-31,2014-11-28,2026-04-30,2012-12-31,2026-04-30,14,138
NB_2826,nonbankrupt,,VATE,INNOVATE Corp. Common Stock,Industrials,Metal Fabrications,VATE US Equity,,1993-06-18,2026-05-02,Industrials,Engineering & Construction,2009-12-31,2025-12-31,2009-07-31,2026-04-30,2009-04-30,2026-04-30,17,202
NB_2827,nonbankrupt,,VBIO,Valion Bio Inc. Common Stock,Health Care,Biotechnology: Electromedical & Electrotherapeutic Apparatus,VBIO US Equity,,1993-06-18,2026-05-02,Health Care,Biotech & Pharma,2019-12-31,2025-12-31,2021-11-30,2026-04-30,2019-12-31,2026-04-30,7,54
NB_2828,nonbankrupt,,VC,Visteon Corporation Common Stock,Consumer Discretionary,Auto Parts:O.E.M.,VC US Equity,,1993-06-18,2026-05-02,Consumer Discretionary,Automotive,2008-12-30,2025-12-31,2010-09-30,2026-04-30,2008-12-30,2026-04-30,18,188
NB_2829,nonbankrupt,,VCEL,Vericel Corporation Common Stock,Health Care,Biotechnology: Biological Products (No Diagnostic Substances),VCEL US Equity,,1993-06-18,2026-05-02,Health Care,Medical Equipment & Devices,1995-06-30,2025-12-31,1997-02-28,2026-04-30,1995-06-30,2026-04-30,31,351
NB_283,nonbankrupt,,AVD,American Vanguard Corporation Common Stock ($0.10 Par Value),Industrials,Agricultural Chemicals,AVD US Equity,,1993-06-18,2026-05-02,Materials,Chemicals,1993-12-31,2025-12-31,1993-06-30,2026-04-30,1993-06-30,2026-04-30,32,395
NB_2830,nonbankrupt,,VCYT,Veracyte Inc. Common Stock,Health Care,Medical Specialities,VCYT US Equity,,1993-06-18,2026-05-02,Health Care,Medical Equipment & Devices,2011-12-31,2025-12-31,2013-10-31,2026-04-30,2011-12-31,2026-04-30,15,151
NB_2831,nonbankrupt,,VECO,Veeco Instruments Inc. Common Stock,Technology,Industrial Machinery/Components,VECO US Equity,,1993-06-18,2026-05-02,Technology,Semiconductors,1993-12-31,2025-12-31,1994-11-30,2026-04-30,1993-12-31,2026-04-30,33,378
NB_2832,nonbankrupt,,VEEA,Veea Inc. Common Stock,Technology,EDP Services,VEEA US Equity,,1993-06-18,2026-05-02,Technology,Technology Hardware,2021-12-31,2025-12-31,2021-05-31,2026-04-30,2021-03-31,2026-04-30,5,60
NB_2834,nonbankrupt,,VEEE,Twin Vee PowerCats Co. Common Stock,Industrials,Marine Transportation,VEEE US Equity,,1993-06-18,2026-05-02,Consumer Discretionary,Leisure Products,2019-12-31,2025-12-31,2021-07-30,2026-04-30,2019-12-31,2026-04-30,7,58
NB_2835,nonbankrupt,,VEEV,Veeva Systems Inc. Class A Common Stock,Technology,Computer Software: Prepackaged Software,VEEV US Equity,,1993-06-18,2026-05-02,Technology,Software,2012-01-31,2026-01-31,2013-10-31,2026-04-30,2011-12-31,2026-04-30,15,151
NB_2836,nonbankrupt,,VELO,Velo3D Inc. Common stock,Technology,Industrial Machinery/Components,VELO US Equity,,1993-06-18,2026-05-02,Technology,Technology Hardware,2020-12-31,2025-12-31,2021-01-29,2026-04-30,2020-12-31,2026-04-30,6,64
NB_2837,nonbankrupt,,VENU,Venu Holding Corporation Common Stock,Consumer Discretionary,Services-Misc. Amusement & Recreation,VENU US Equity,,1993-06-18,2026-05-02,Consumer Discretionary,Leisure Facilities & Services,2022-12-31,2025-12-31,2024-11-29,2026-04-30,2022-12-31,2026-04-30,4,18
NB_2838,nonbankrupt,,VERA,Vera Therapeutics Inc. Class A Common Stock,Health Care,Biotechnology: Pharmaceutical Preparations,VERA US Equity,,1993-06-18,2026-05-02,Health Care,Biotech & Pharma,2019-12-31,2025-12-31,2021-05-31,2026-04-30,2019-12-31,2026-04-30,7,60
NB_2839,nonbankrupt,,VERI,Veritone Inc. Common Stock,Technology,EDP Services,VERI US Equity,,1993-06-18,2026-05-02,Technology,Software,2015-12-31,2025-12-31,2017-05-31,2026-04-30,2015-12-31,2026-04-30,11,108
NB_284,nonbankrupt,,AVGO,Broadcom Inc. Common Stock,Technology,Semiconductors,AVGO US Equity,,1993-06-18,2026-05-02,Technology,Semiconductors,2006-10-31,2025-11-02,2009-08-31,2026-04-30,2006-10-31,2026-04-30,20,201
NB_2840,nonbankrupt,,VERU,Veru Inc. Common Stock,Health Care,Biotechnology: Pharmaceutical Preparations,VERU US Equity,,1993-06-18,2026-05-02,Health Care,Biotech & Pharma,1993-09-30,2025-09-30,1993-06-30,2026-04-30,1993-06-30,2026-04-30,32,395
NB_2841,nonbankrupt,,VERX,Vertex Inc. Class A Common Stock,Technology,Computer Software: Prepackaged Software,VERX US Equity,,1993-06-18,2026-05-02,Technology,Software,2018-12-31,2025-12-31,2020-07-31,2026-04-30,2018-12-31,2026-04-30,8,70
NB_2842,nonbankrupt,,VFC,V.F. Corporation Common Stock,Industrials,Garments and Clothing,VFC US Equity,,1993-06-18,2026-05-02,Consumer Discretionary,Apparel & Textile Products,1993-12-31,2026-03-28,1993-06-30,2026-04-30,1993-06-30,2026-04-30,30,395
NB_2843,nonbankrupt,,VG,Venture Global Inc. Class A common stock,Utilities,Oil/Gas Transmission,VG US Equity,,1993-06-18,2026-05-02,Energy,Oil & Gas Supply Chain,2022-12-31,2025-12-31,2025-01-31,2026-04-30,2021-12-31,2026-04-30,4,16
NB_2844,nonbankrupt,,VGAS,Verde Clean Fuels Inc. Class A Common Stock,Industrials,Major Chemicals,VGAS US Equity,,1993-06-18,2026-05-02,Energy,Renewable Energy,2020-12-31,2025-12-31,2021-10-29,2026-04-30,2020-12-31,2026-04-30,6,55
NB_2846,nonbankrupt,,VGZ,Vista Gold Corp Common Stock,Basic Materials,Precious Metals,VGZ US Equity,,1993-06-18,2026-05-02,Materials,Metals & Mining,1993-12-31,2025-12-31,1993-06-30,2026-04-30,1993-06-30,2026-04-30,33,395
NB_2847,nonbankrupt,,VHI,Valhi Inc. Common Stock,Basic Materials,Major Chemicals,VHI US Equity,,1993-06-18,2026-05-02,Materials,Chemicals,1993-12-31,2025-12-31,1993-06-30,2026-04-30,1993-06-30,2026-04-30,32,395
NB_2848,nonbankrupt,,VHUB,VenHub Global Inc. Common Stock,Technology,Industrial Machinery/Components,VHUB US Equity,,1993-06-18,2026-05-02,Industrials,Electrical Equipment,2023-12-31,2025-12-31,2026-01-30,2026-04-30,2023-12-31,2026-04-30,3,4
NB_2849,nonbankrupt,,VIA,Via Transportation Inc. Class A Common Stock,Technology,Computer Software: Prepackaged Software,VIA US Equity,,1993-06-18,2026-05-02,Technology,Software,2023-12-31,2025-12-31,2025-09-30,2026-04-30,2023-12-31,2026-04-30,3,8
NB_285,nonbankrupt,,AVIR,Atea Pharmaceuticals Inc. Common Stock,Health Care,Biotechnology: Pharmaceutical Preparations,AVIR US Equity,,1993-06-18,2026-05-02,Health Care,Biotech & Pharma,2018-12-31,2025-12-31,2020-10-30,2026-04-30,2018-12-31,2026-04-30,8,67
NB_2850,nonbankrupt,,VIAV,Viavi Solutions Inc. Common Stock,Technology,Semiconductors,VIAV US Equity,,1993-06-18,2026-05-02,Technology,Technology Hardware,1993-06-30,2025-06-28,1993-11-30,2026-04-30,1993-06-30,2026-04-30,33,390
NB_2851,nonbankrupt,,VICR,Vicor Corporation Common Stock,Technology,Industrial Machinery/Components,VICR US Equity,,1993-06-18,2026-05-02,Technology,Technology Hardware,1993-12-31,2025-12-31,1993-06-30,2026-04-30,1993-06-30,2026-04-30,33,395
NB_2852,nonbankrupt,,VIK,Viking Holdings Ltd Ordinary Shares,Consumer Discretionary,Marine Transportation,VIK US Equity,,1993-06-18,2026-05-02,Consumer Discretionary,Leisure Facilities & Services,2019-12-31,2025-12-31,2024-04-30,2026-04-30,2019-12-31,2026-04-30,7,25
NB_2853,nonbankrupt,,VIR,Vir Biotechnology Inc. Common Stock,Health Care,Biotechnology: Biological Products (No Diagnostic Substances),VIR US Equity,,1993-06-18,2026-05-02,Health Care,Biotech & Pharma,2017-12-31,2025-12-31,2019-10-31,2026-04-30,2017-12-31,2026-04-30,9,79
NB_2854,nonbankrupt,,VIRC,Virco Manufacturing Corporation Common Stock,Consumer Discretionary,Industrial Specialties,VIRC US Equity,,1993-06-18,2026-05-02,Consumer Discretionary,Home & Office Products,1994-01-31,2026-01-31,1993-06-30,2026-04-30,1993-06-30,2026-04-30,31,395
NB_2855,nonbankrupt,,VISN,Vistance Networks Inc. Common Stock,Technology,Radio And Television Broadcasting And Communications Equipment,VISN US Equity,,1993-06-18,2026-05-02,Technology,Technology Hardware,2011-12-31,2025-12-31,2013-10-31,2026-04-30,2008-12-31,2026-04-30,15,151
NB_2856,nonbankrupt,,VITL,Vital Farms Inc. Common Stock,Consumer Staples,Packaged Foods,VITL US Equity,,1993-06-18,2026-05-02,Consumer Staples,Food,2018-12-30,2025-12-28,2020-07-31,2026-04-30,2017-12-31,2026-04-30,8,70
NB_2857,nonbankrupt,,VIVK,Vivakor Inc. Common Stock,Utilities,Environmental Services,VIVK US Equity,,1993-06-18,2026-05-02,Energy,Oil & Gas Supply Chain,2018-12-31,2025-12-31,2009-09-30,2026-04-30,2009-09-30,2026-04-30,8,199
NB_2858,nonbankrupt,,VIVS,VivoSim Labs Inc. Common Stock,Health Care,Biotechnology: Biological Products (No Diagnostic Substances),VIVS US Equity,,1993-06-18,2026-05-02,Health Care,Biotech & Pharma,2011-06-30,2026-03-31,2012-02-29,2026-04-30,2011-05-31,2026-04-30,15,171
NB_2859,nonbankrupt,,VKTX,Viking Therapeutics Inc. Common Stock,Health Care,Biotechnology: Pharmaceutical Preparations,VKTX US Equity,,1993-06-18,2026-05-02,Health Care,Biotech & Pharma,2012-12-31,2025-12-31,2015-04-30,2026-04-30,2012-12-31,2026-04-30,14,133
NB_286,nonbankrupt,,AVLN,Avalyn Pharma Inc. Common Stock,Health Care,Biotechnology: Pharmaceutical Preparations,AVLN US Equity,,1993-06-18,2026-05-02,Health Care,Biotech & Pharma,2024-12-31,2025-12-31,2026-04-30,2026-04-30,2024-12-31,2026-04-30,2,1
NB_2860,nonbankrupt,,VLGEA,Village Super Market Inc. Class A Common Stock,Consumer Staples,Food Chains,VLGEA US Equity,,1993-06-18,2026-05-02,Consumer Staples,Retail - Consumer Staples,1993-07-31,2025-07-26,1993-06-30,2026-04-30,1993-06-30,2026-04-30,33,395
NB_2861,nonbankrupt,,VLO,Valero Energy Corporation Common Stock,Energy,Integrated oil Companies,VLO US Equity,,1993-06-18,2026-05-02,Energy,Oil & Gas Supply Chain,1996-12-31,2025-12-31,1997-08-29,2026-04-30,1996-12-31,2026-04-30,30,345
NB_2862,nonbankrupt,,VLTO,Veralto Corp Common Stock,Industrials,Electrical Products,VLTO US Equity,,1993-06-18,2026-05-02,Industrials,Machinery,2022-12-31,2025-12-31,2023-09-29,2026-04-30,2020-12-31,2026-04-30,4,32
NB_2863,nonbankrupt,,VMC,Vulcan Materials Company (Holding Company) Common Stock,Industrials,Mining & Quarrying of Nonmetallic Minerals (No Fuels),VMC US Equity,,1993-06-18,2026-05-02,Materials,Construction Materials,1993-12-31,2025-12-31,1993-06-30,2026-04-30,1993-06-30,2026-04-30,33,395
NB_2864,nonbankrupt,,VMD,Viemed Healthcare Inc. Common Shares,Health Care,Misc Health and Biotechnology Services,VMD US Equity,,1993-06-18,2026-05-02,Health Care,Health Care Facilities & Svcs,2016-12-31,2025-12-31,2018-01-31,2026-04-30,2016-12-31,2026-04-30,10,100
NB_2865,nonbankrupt,,VMI,Valmont Industries Inc. Common Stock,Industrials,Metal Fabrications,VMI US Equity,,1993-06-18,2026-05-02,Industrials,Industrial Intermediate Prod,1994-01-01,2025-12-27,1993-06-30,2026-04-30,1993-06-30,2026-04-30,32,395
NB_2866,nonbankrupt,,VNCE,Vince Holding Corp. Common Stock,Consumer Discretionary,Clothing/Shoe/Accessory Stores,VNCE US Equity,,1993-06-18,2026-05-02,Consumer Discretionary,Apparel & Textile Products,2012-01-28,2026-01-31,2013-11-29,2026-04-30,2011-01-28,2026-04-30,15,150
NB_2867,nonbankrupt,,VNDA,Vanda Pharmaceuticals Inc. Common Stock,Health Care,Biotechnology: Pharmaceutical Preparations,VNDA US Equity,,1993-06-18,2026-05-02,Health Care,Biotech & Pharma,2004-12-31,2025-12-31,2006-04-28,2026-04-30,2004-12-31,2026-04-30,22,241
NB_2868,nonbankrupt,,VNOM,Viper Energy Inc. Class A Common Stock,Energy,Oil & Gas Production,VNOM US Equity,,1993-06-18,2026-05-02,Energy,Oil & Gas Supply Chain,2013-12-31,2025-12-31,2014-06-30,2026-04-30,2013-12-31,2026-04-30,13,143
NB_2869,nonbankrupt,,VNT,Vontier Corporation Common Stock,Industrials,Industrial Machinery/Components,VNT US Equity,,1993-06-18,2026-05-02,Industrials,Electrical Equipment,2019-12-31,2025-12-31,2020-09-30,2026-04-30,2018-12-31,2026-04-30,7,68
NB_287,nonbankrupt,,AVNT,Avient Corporation Common Stock,Industrials,Major Chemicals,AVNT US Equity,,1993-06-18,2026-05-02,Materials,Chemicals,1993-12-31,2025-12-31,1993-06-30,2026-04-30,1993-06-30,2026-04-30,33,395
NB_2870,nonbankrupt,,VOC,VOC Energy Trust Units of Beneficial Interest,Energy,Oil & Gas Production,VOC US Equity,,1993-06-18,2026-05-02,Energy,Oil & Gas Supply Chain,2008-12-31,2025-12-31,2011-05-31,2026-04-30,2007-12-31,2026-04-30,17,180
NB_2871,nonbankrupt,,VOGX,Vogenx Inc Common Stock,Health Care,Biotechnology: Pharmaceutical Preparations,VOGX US Equity,,1993-06-18,2026-05-02,Health Care,Biotech & Pharma,2024-12-31,2025-12-31,,,2024-12-31,2025-12-31,2,0
NB_2872,nonbankrupt,,VOR,Vor Biopharma Inc. Common Stock,Health Care,Biotechnology: Biological Products (No Diagnostic Substances),VOR US Equity,,1993-06-18,2026-05-02,Health Care,Biotech & Pharma,2018-12-31,2025-12-31,2021-02-26,2026-04-30,2018-12-31,2026-04-30,8,63
NB_2873,nonbankrupt,,VOYG,Voyager Technologies Inc. Class A Common Stock,Industrials,Military/Government/Technical,VOYG US Equity,,1993-06-18,2026-05-02,Industrials,Aerospace & Defense,2023-12-31,2025-12-31,2025-06-30,2026-04-30,2023-12-31,2026-04-30,3,11
NB_2874,nonbankrupt,,VPG,Vishay Precision Group Inc. Common Stock,Technology,Electrical Products,VPG US Equity,,1993-06-18,2026-05-02,Technology,Semiconductors,2009-12-31,2025-12-31,2010-06-30,2026-04-30,2008-12-31,2026-04-30,17,191
NB_2875,nonbankrupt,,VRA,Vera Bradley Inc. Common Stock,Consumer Discretionary,Apparel,VRA US Equity,,1993-06-18,2026-05-02,Consumer Discretionary,Retail - Discretionary,2009-01-31,2026-01-31,2010-10-29,2026-04-30,2009-01-31,2026-04-30,18,187
NB_2876,nonbankrupt,,VRCA,Verrica Pharmaceuticals Inc. Common Stock,Health Care,Biotechnology: Pharmaceutical Preparations,VRCA US Equity,,1993-06-18,2026-05-02,Health Care,Biotech & Pharma,2016-12-31,2025-12-31,2018-06-29,2026-04-30,2016-12-31,2026-04-30,10,95
NB_2877,nonbankrupt,,VRDN,Viridian Therapeutics Inc. Common Stock,Health Care,Biotechnology: Pharmaceutical Preparations,VRDN US Equity,,1993-06-18,2026-05-02,Health Care,Biotech & Pharma,2012-12-31,2025-12-31,2014-06-30,2026-04-30,2011-12-31,2026-04-30,14,143
NB_2878,nonbankrupt,,VREX,Varex Imaging Corporation Common Stock,Technology,Industrial Machinery/Components,VREX US Equity,,1993-06-18,2026-05-02,Health Care,Medical Equipment & Devices,2015-10-02,2025-10-03,2017-01-31,2026-04-30,2014-09-26,2026-04-30,11,112
NB_2879,nonbankrupt,,VRM,Vroom Inc. Common Stock,Consumer Discretionary,Retail-Auto Dealers and Gas Stations,VRM US Equity,,1993-06-18,2026-05-02,Financials,Specialty Finance,2018-12-31,2023-12-31,2025-02-28,2026-04-30,2018-12-31,2026-04-30,6,15
NB_288,nonbankrupt,,AVNW,Aviat Networks Inc. Common Stock,Technology,Radio And Television Broadcasting And Communications Equipment,AVNW US Equity,,1993-06-18,2026-05-02,Technology,Technology Hardware,2007-06-29,2025-06-27,2007-01-31,2026-04-30,2007-01-31,2026-04-30,19,232
NB_2880,nonbankrupt,,VRME,VerifyMe Inc. Common Stock,Technology,EDP Services,VRME US Equity,,1993-06-18,2026-05-02,Technology,Software,2005-12-31,2025-12-31,,,2005-12-31,2025-12-31,17,0
NB_2881,nonbankrupt,,VRNS,Varonis Systems Inc. Common Stock,Technology,Computer Software: Prepackaged Software,VRNS US Equity,,1993-06-18,2026-05-02,Technology,Software,2011-12-31,2025-12-31,2014-02-28,2026-04-30,2010-12-31,2026-04-30,15,147
NB_2882,nonbankrupt,,VRRM,Verra Mobility Corporation Class A Common Stock,Consumer Discretionary,Transportation Services,VRRM US Equity,,1993-06-18,2026-05-02,Industrials,Commercial Support Services,2016-12-31,2025-12-31,2017-03-31,2026-04-30,2016-12-31,2026-04-30,10,110
NB_2883,nonbankrupt,,VRSK,Verisk Analytics Inc. Common Stock,Technology,EDP Services,VRSK US Equity,,1993-06-18,2026-05-02,Financials,Specialty Finance,2007-12-31,2025-12-31,2009-10-30,2026-04-30,2007-12-31,2026-04-30,19,199
NB_2884,nonbankrupt,,VRSN,VeriSign Inc. Common Stock,Technology,EDP Services,VRSN US Equity,,1993-06-18,2026-05-02,Communications,Internet Media & Services,1996-12-31,2025-12-31,1998-01-30,2026-04-30,1996-12-31,2026-04-30,30,340
NB_2885,nonbankrupt,,VRT,Vertiv Holdings LLC Class A Common Stock,Technology,Industrial Machinery/Components,VRT US Equity,,1993-06-18,2026-05-02,Industrials,Electrical Equipment,2016-12-31,2025-12-31,2018-07-31,2026-04-30,2016-12-31,2026-04-30,10,94
NB_2886,nonbankrupt,,VRTX,Vertex Pharmaceuticals Incorporated Common Stock,Health Care,Biotechnology: Pharmaceutical Preparations,VRTX US Equity,,1993-06-18,2026-05-02,Health Care,Biotech & Pharma,1993-12-31,2025-12-31,1993-06-30,2026-04-30,1993-06-30,2026-04-30,33,395
NB_2887,nonbankrupt,,VSAT,ViaSat Inc. Common Stock,Consumer Discretionary,Telecommunications Equipment,VSAT US Equity,,1993-06-18,2026-05-02,Communications,Telecommunications,1995-03-31,2026-03-31,1996-12-31,2026-04-30,1995-03-31,2026-04-30,31,353
NB_2888,nonbankrupt,,VSEC,VSE Corporation Common Stock,Consumer Discretionary,Military/Government/Technical,VSEC US Equity,,1993-06-18,2026-05-02,Industrials,Industrial Support Services,1993-12-31,2025-12-31,1993-06-30,2026-04-30,1993-06-30,2026-04-30,33,395
NB_2889,nonbankrupt,,VSH,Vishay Intertechnology Inc. Common Stock,Technology,Electrical Products,VSH US Equity,,1993-06-18,2026-05-02,Technology,Semiconductors,1993-12-31,2025-12-31,1993-06-30,2026-04-30,1993-06-30,2026-04-30,33,395
NB_289,nonbankrupt,,AVO,Mission Produce Inc. Common Stock,Consumer Staples,Farming/Seeds/Milling,AVO US Equity,,1993-06-18,2026-05-02,Consumer Staples,Wholesale - Consumer Staples,2018-10-31,2025-10-31,2020-09-30,2026-04-30,2018-10-31,2026-04-30,8,68
NB_2890,nonbankrupt,,VSNT,Versant Media Group Inc. Class A Common Stock,Industrials,Broadcasting,VSNT US Equity,,1993-06-18,2026-05-02,Communications,Entertainment Content,2023-12-31,2025-12-31,2025-12-31,2026-04-30,2022-12-31,2026-04-30,3,5
NB_2891,nonbankrupt,,VST,Vistra Corp. Common Stock,Utilities,Electric Utilities: Central,VST US Equity,,1993-06-18,2026-05-02,Utilities,Electric Utilities,2016-12-31,2025-12-31,2016-10-31,2026-04-30,2016-10-31,2026-04-30,10,115
NB_2892,nonbankrupt,,VSTM,Verastem Inc. Common Stock,Health Care,Biotechnology: Pharmaceutical Preparations,VSTM US Equity,,1993-06-18,2026-05-02,Health Care,Biotech & Pharma,2010-12-31,2025-12-31,2012-01-31,2026-04-30,2010-12-31,2026-04-30,16,172
NB_2893,nonbankrupt,,VSTS,Vestis Corporation Common Stock,Consumer Discretionary,Consumer Specialties,VSTS US Equity,,1993-06-18,2026-05-02,Industrials,Commercial Support Services,2021-10-01,2025-10-03,2023-09-29,2026-04-30,2021-10-01,2026-04-30,5,32
NB_2894,nonbankrupt,,VSXY,Victorias Secret & Co. Common Stock,Consumer Discretionary,Clothing/Shoe/Accessory Stores,VSXY US Equity,,1993-06-18,2026-05-02,Consumer Discretionary,Retail - Discretionary,2020-02-01,2026-01-31,2021-07-30,2026-04-30,2019-02-02,2026-04-30,7,58
NB_2895,nonbankrupt,,VTGN,Vistagen Therapeutics Inc. Common Stock,Health Care,Biotechnology: Pharmaceutical Preparations,VTGN US Equity,,1993-06-18,2026-05-02,Health Care,Biotech & Pharma,2006-12-31,2026-03-31,2011-06-30,2026-04-30,2005-12-31,2026-04-30,20,179
NB_2896,nonbankrupt,,VTIX,Virtuix Holdings Inc. Class A Common Stock,Technology,Computer peripheral equipment,VTIX US Equity,,1993-06-18,2026-05-02,Technology,Technology Hardware,2024-03-31,2026-03-31,2026-01-30,2026-04-30,2024-03-31,2026-04-30,3,4
NB_2897,nonbankrupt,,VTOL,Bristow Group Inc. Common Stock,Consumer Discretionary,Transportation Services,VTOL US Equity,,1993-06-18,2026-05-02,Energy,Oil & Gas Services & Equip,2006-12-31,2025-12-31,2013-01-31,2026-04-30,2006-12-31,2026-04-30,19,160
NB_2898,nonbankrupt,,VTRS,Viatris Inc. Common Stock,Health Care,Biotechnology: Pharmaceutical Preparations,VTRS US Equity,,1993-06-18,2026-05-02,Health Care,Biotech & Pharma,1994-03-31,2025-12-31,1993-06-30,2026-04-30,1993-06-30,2026-04-30,32,395
NB_2899,nonbankrupt,,VTS,Vitesse Energy Inc. Common Stock,Energy,Oil & Gas Production,VTS US Equity,,1993-06-18,2026-05-02,Energy,Oil & Gas Supply Chain,2022-12-31,2025-12-31,2023-01-31,2026-04-30,2022-12-31,2026-04-30,4,40
NB_29,nonbankrupt,,ACHV,Achieve Life Sciences Inc. Common Shares,Health Care,Biotechnology: In Vitro & In Vivo Diagnostic Substances,ACHV US Equity,,1993-06-18,2026-05-02,Health Care,Biotech & Pharma,2008-12-31,2025-12-31,1995-10-31,2026-04-30,1995-10-31,2026-04-30,18,367
NB_290,nonbankrupt,,AVPT,AvePoint Inc. Class A Common Stock,Technology,Computer Software: Prepackaged Software,AVPT US Equity,,1993-06-18,2026-05-02,Technology,Software,2019-12-31,2025-12-31,2019-11-29,2026-04-30,2018-12-31,2026-04-30,7,78
NB_2900,nonbankrupt,,VTSI,VirTra Inc. Common Stock,Consumer Discretionary,Miscellaneous manufacturing industries,VTSI US Equity,,1993-06-18,2026-05-02,Industrials,Aerospace & Defense,2005-12-31,2025-12-31,1997-11-28,2026-04-30,1997-11-28,2026-04-30,13,337
NB_2901,nonbankrupt,,VTVT,vTv Therapeutics Inc. Class A Common Stock,Health Care,Biotechnology: Pharmaceutical Preparations,VTVT US Equity,,1993-06-18,2026-05-02,Health Care,Biotech & Pharma,2013-12-31,2025-12-31,2015-07-31,2026-04-30,2013-12-31,2026-04-30,13,130
NB_2902,nonbankrupt,,VUZI,Vuzix Corporation Common Stock,Technology,Radio And Television Broadcasting And Communications Equipment,VUZI US Equity,,1993-06-18,2026-05-02,Technology,Technology Hardware,2010-12-31,2025-12-31,2010-04-30,2026-04-30,2010-01-29,2026-04-30,16,193
NB_2903,nonbankrupt,,VVOS,Vivos Therapeutics Inc. Common Stock,Health Care,Medical/Dental Instruments,VVOS US Equity,,1993-06-18,2026-05-02,Health Care,Biotech & Pharma,2018-12-31,2025-12-31,2020-12-31,2026-04-30,2018-12-31,2026-04-30,8,65
NB_2904,nonbankrupt,,VVV,Valvoline Inc. Common Stock,Industrials,Major Chemicals,VVV US Equity,,1993-06-18,2026-05-02,Consumer Discretionary,Retail - Discretionary,2014-09-30,2025-09-30,2016-09-30,2026-04-30,2011-09-30,2026-04-30,12,116
NB_2905,nonbankrupt,,VVX,V2X Inc. Common Stock,Consumer Discretionary,Diversified Commercial Services,VVX US Equity,,1993-06-18,2026-05-02,Technology,IT Services,2014-12-31,2025-12-31,2014-09-30,2026-04-30,2014-09-30,2026-04-30,12,140
NB_2906,nonbankrupt,,VWAV,VisionWave Holdings Inc. Common Stock,Technology,Computer Software: Prepackaged Software,VWAV US Equity,,1993-06-18,2026-05-02,Industrials,Aerospace & Defense,2024-09-30,2025-09-30,2021-10-29,2026-04-30,2021-10-29,2026-04-30,2,55
NB_2908,nonbankrupt,,VYGR,Voyager Therapeutics Inc. Common Stock,Health Care,Biotechnology: Biological Products (No Diagnostic Substances),VYGR US Equity,,1993-06-18,2026-05-02,Health Care,Biotech & Pharma,2013-12-31,2025-12-31,2015-11-30,2026-04-30,2013-12-31,2026-04-30,13,126
NB_2909,nonbankrupt,,VZ,Verizon Communications Inc. Common Stock,Telecommunications,Telecommunications Equipment,VZ US Equity,,1993-06-18,2026-05-02,Communications,Telecommunications,1993-12-31,2025-12-31,1993-06-30,2026-04-30,1993-06-30,2026-04-30,33,395
NB_291,nonbankrupt,,AVR,Anteris Technologies Global Corp. Common Stock,Health Care,Industrial Specialties,AVR US Equity,,1993-06-18,2026-05-02,Health Care,Medical Equipment & Devices,2004-06-30,2025-12-31,2024-12-31,2026-04-30,2004-06-30,2026-04-30,22,17
NB_2910,nonbankrupt,,W,Wayfair Inc. Class A Common Stock,Consumer Discretionary,Catalog/Specialty Distribution,W US Equity,,1993-06-18,2026-05-02,Consumer Discretionary,E-Commerce Discretionary,2012-12-31,2025-12-31,2014-10-31,2026-04-30,2012-12-31,2026-04-30,14,139
NB_2911,nonbankrupt,,WAB,Westinghouse Air Brake Technologies Corporation Common Stock,Industrials,Railroads,WAB US Equity,,1993-06-18,2026-05-02,Industrials,Transportation Equipment,1993-12-31,2025-12-31,1995-06-30,2026-04-30,1993-12-31,2026-04-30,33,371
NB_2912,nonbankrupt,,WALD,Waldencast plc Class A Ordinary Share,Consumer Discretionary,Package Goods/Cosmetics,WALD US Equity,,1993-06-18,2026-05-02,Consumer Staples,Household Products,2020-12-31,2025-12-31,2021-05-31,2026-04-30,2020-12-31,2026-04-30,6,60
NB_2914,nonbankrupt,,WAT,Waters Corporation Common Stock,Industrials,Biotechnology: Laboratory Analytical Instruments,WAT US Equity,,1993-06-18,2026-05-02,Health Care,Medical Equipment & Devices,1994-12-31,2025-12-31,1995-11-30,2026-04-30,1994-12-31,2026-04-30,32,366
NB_2915,nonbankrupt,,WATT,Energous Corporation Common Stock,Technology,Radio And Television Broadcasting And Communications Equipment,WATT US Equity,,1993-06-18,2026-05-02,Industrials,Electrical Equipment,2014-12-31,2025-12-31,2014-03-31,2026-04-30,2014-03-31,2026-04-30,12,146
NB_2916,nonbankrupt,,WAY,Waystar Holding Corp. Common Stock,Technology,EDP Services,WAY US Equity,,1993-06-18,2026-05-02,Technology,Software,2021-12-31,2025-12-31,2024-06-28,2026-04-30,2021-12-31,2026-04-30,5,23
NB_2917,nonbankrupt,,WBD,Warner Bros. Discovery Inc. Series A Common Stock,Telecommunications,Cable & Other Pay Television Services,WBD US Equity,,1993-06-18,2026-05-02,Communications,Entertainment Content,2005-12-31,2025-12-31,2022-04-29,2026-04-30,2005-07-29,2026-04-30,21,49
NB_2918,nonbankrupt,,WBTN,WEBTOON Entertainment Inc. Common stock,Consumer Discretionary,Publishing,WBTN US Equity,,1993-06-18,2026-05-02,Communications,Internet Media & Services,2022-12-31,2025-12-31,2024-06-28,2026-04-30,2022-12-31,2026-04-30,4,23
NB_2919,nonbankrupt,,WCC,WESCO International Inc. Common Stock,Consumer Discretionary,Telecommunications Equipment,WCC US Equity,,1993-06-18,2026-05-02,Industrials,Industrial Support Services,1997-12-31,2025-12-31,1999-05-31,2026-04-30,1997-12-31,2026-04-30,29,324
NB_292,nonbankrupt,,AVT,Avnet Inc. Common Stock,Technology,Electronic Components,AVT US Equity,,1993-06-18,2026-05-02,Technology,Technology Hardware,1993-06-30,2025-06-28,1993-06-30,2026-04-30,1993-06-30,2026-04-30,33,395
NB_2920,nonbankrupt,,WDAY,Workday Inc. Class A Common Stock,Technology,EDP Services,WDAY US Equity,,1993-06-18,2026-05-02,Technology,Software,2010-12-31,2026-01-31,2012-10-31,2026-04-30,2007-12-31,2026-04-30,16,163
NB_2921,nonbankrupt,,WDC,Western Digital Corporation Common Stock,Technology,Electronic Components,WDC US Equity,,1993-06-18,2026-05-02,Technology,Technology Hardware,1993-06-30,2025-06-27,1993-06-30,2026-04-30,1993-06-30,2026-04-30,33,395
NB_2922,nonbankrupt,,WDFC,WD-40 Company Common Stock,Industrials,Major Chemicals,WDFC US Equity,,1993-06-18,2026-05-02,Materials,Chemicals,1993-08-31,2025-08-31,1993-06-30,2026-04-30,1993-06-30,2026-04-30,33,395
NB_2923,nonbankrupt,,WEAV,Weave Communications Inc. Common Stock,Technology,Computer Software: Prepackaged Software,WEAV US Equity,,1993-06-18,2026-05-02,Technology,Software,2019-12-31,2025-12-31,2021-11-30,2026-04-30,2019-12-31,2026-04-30,7,54
NB_2924,nonbankrupt,,WEC,WEC Energy Group Inc. Common Stock,Utilities,Power Generation,WEC US Equity,,1993-06-18,2026-05-02,Utilities,Electric Utilities,1993-12-31,2025-12-31,1993-06-30,2026-04-30,1993-06-30,2026-04-30,33,395
NB_2925,nonbankrupt,,WEN,Wendy's Company (The) Common Stock,Consumer Discretionary,Restaurants,WEN US Equity,,1993-06-18,2026-05-02,Consumer Discretionary,Leisure Facilities & Services,1994-12-31,2025-12-28,1993-06-30,2026-04-30,1993-06-30,2026-04-30,27,395
NB_2926,nonbankrupt,,WERN,Werner Enterprises Inc. Common Stock,Industrials,Trucking Freight/Courier Services,WERN US Equity,,1993-06-18,2026-05-02,Industrials,Transportation & Logistics,1994-12-31,2025-12-31,1993-06-30,2026-04-30,1993-06-30,2026-04-30,32,395
NB_2927,nonbankrupt,,WES,Western Midstream Partners LP Common Units Representing Limited Partner Interests,Utilities,Natural Gas Distribution,WES US Equity,,1993-06-18,2026-05-02,Energy,Oil & Gas Supply Chain,2010-12-31,2025-12-31,2012-12-31,2026-04-30,2007-12-31,2026-04-30,16,161
NB_2928,nonbankrupt,,WEST,Westrock Coffee Company Common Stock,Consumer Staples,Beverages (Production/Distribution),WEST US Equity,,1993-06-18,2026-05-02,Consumer Staples,Beverages,2021-12-31,2025-12-31,2021-10-29,2026-04-30,2021-09-30,2026-04-30,5,55
NB_2929,nonbankrupt,,WEX,WEX Inc. common stock,Consumer Discretionary,Business Services,WEX US Equity,,1993-06-18,2026-05-02,Financials,Specialty Finance,2003-12-31,2025-12-31,2005-02-28,2026-04-30,2002-12-31,2026-04-30,23,255
NB_293,nonbankrupt,,AVTR,Avantor Inc. Common Stock,Industrials,Biotechnology: Laboratory Analytical Instruments,AVTR US Equity,,1993-06-18,2026-05-02,Health Care,Medical Equipment & Devices,2017-12-31,2025-12-31,2019-05-31,2026-04-30,2016-12-31,2026-04-30,9,84
NB_2930,nonbankrupt,,WEYS,Weyco Group Inc. Common Stock,Consumer Staples,Apparel,WEYS US Equity,,1993-06-18,2026-05-02,Consumer Discretionary,Apparel & Textile Products,1993-12-31,2025-12-31,1993-06-30,2026-04-30,1993-06-30,2026-04-30,33,395
NB_2931,nonbankrupt,,WFCF,Where Food Comes From Inc. Common Stock,Technology,Computer Software: Prepackaged Software,WFCF US Equity,,1993-06-18,2026-05-02,Industrials,Commercial Support Services,2010-12-31,2025-12-31,2006-11-30,2026-04-30,2006-11-30,2026-04-30,16,234
NB_2932,nonbankrupt,,WFRD,Weatherford International plc Ordinary Shares,Consumer Discretionary,Oil and Gas Field Machinery,WFRD US Equity,,1993-06-18,2026-05-02,Energy,Oil & Gas Services & Equip,1993-12-31,2025-12-31,2019-12-31,2026-04-30,1993-12-31,2026-04-30,33,77
NB_2933,nonbankrupt,,WGO,Winnebago Industries Inc. Common Stock,Industrials,Homebuilding,WGO US Equity,,1993-06-18,2026-05-02,Consumer Discretionary,Leisure Products,1993-08-28,2025-08-30,1993-06-30,2026-04-30,1993-06-30,2026-04-30,33,395
NB_2934,nonbankrupt,,WGS,GeneDx Holdings Corp. Class A Common Stock,Health Care,Medical/Nursing Services,WGS US Equity,,1993-06-18,2026-05-02,Health Care,Health Care Facilities & Svcs,2020-12-31,2025-12-31,2020-11-30,2026-04-30,2020-09-30,2026-04-30,6,66
NB_2935,nonbankrupt,,WH,Wyndham Hotels & Resorts Inc. Common Stock,Consumer Discretionary,Hotels/Resorts,WH US Equity,,1993-06-18,2026-05-02,Consumer Discretionary,Leisure Facilities & Services,2016-12-31,2025-12-31,2018-05-31,2026-04-30,2015-12-31,2026-04-30,10,96
NB_2936,nonbankrupt,,WHD,Cactus Inc. Class A Common Stock,Consumer Discretionary,Oil and Gas Field Machinery,WHD US Equity,,1993-06-18,2026-05-02,Industrials,Machinery,2017-12-31,2025-12-31,2018-02-28,2026-04-30,2016-12-31,2026-04-30,9,99
NB_2937,nonbankrupt,,WHR,Whirlpool Corporation Common Stock,Consumer Discretionary,Consumer Electronics/Appliances,WHR US Equity,,1993-06-18,2026-05-02,Consumer Discretionary,Home & Office Products,1993-12-31,2025-12-31,1993-06-30,2026-04-30,1993-06-30,2026-04-30,33,395
NB_2938,nonbankrupt,,WHWK,Whitehawk Therapeutics Inc. Common Stock,Health Care,Biotechnology: Pharmaceutical Preparations,WHWK US Equity,,1993-06-18,2026-05-02,Health Care,Biotech & Pharma,2016-12-31,2025-12-31,2017-08-31,2026-04-30,2016-12-31,2026-04-30,10,105
NB_2939,nonbankrupt,,WINA,Winmark Corporation Common Stock,Consumer Discretionary,Other Specialty Stores,WINA US Equity,,1993-06-18,2026-05-02,Consumer Discretionary,Retail - Discretionary,1993-12-25,2025-12-27,1993-08-31,2026-04-30,1993-08-31,2026-04-30,28,393
NB_294,nonbankrupt,,AVTX,Avalo Therapeutics Inc. Common Stock,Health Care,Biotechnology: Pharmaceutical Preparations,AVTX US Equity,,1993-06-18,2026-05-02,Health Care,Biotech & Pharma,2013-12-31,2025-12-31,2015-11-30,2026-04-30,2013-12-31,2026-04-30,13,126
NB_2940,nonbankrupt,,WING,Wingstop Inc. Common Stock,Consumer Discretionary,Restaurants,WING US Equity,,1993-06-18,2026-05-02,Consumer Discretionary,Leisure Facilities & Services,2013-12-28,2025-12-27,2015-06-30,2026-04-30,2012-12-29,2026-04-30,13,131
NB_2941,nonbankrupt,,WK,Workiva Inc. Class A Common Stock,Technology,Computer Software: Prepackaged Software,WK US Equity,,1993-06-18,2026-05-02,Technology,Software,2012-12-31,2025-12-31,2014-12-31,2026-04-30,2011-12-31,2026-04-30,14,137
NB_2942,nonbankrupt,,WKC,World Kinect Corporation Common Stock,Energy,Oil Refining/Marketing,WKC US Equity,,1993-06-18,2026-05-02,Industrials,Transportation & Logistics,1994-03-31,2025-12-31,1993-06-30,2026-04-30,1993-06-30,2026-04-30,32,395
NB_2943,nonbankrupt,,WKHS,Workhorse Group Inc. Common Stock,Industrials,Auto Manufacturing,WKHS US Equity,,1993-06-18,2026-05-02,Industrials,Transportation Equipment,2008-12-31,2025-12-31,2010-06-30,2026-04-30,2008-12-31,2026-04-30,18,191
NB_2944,nonbankrupt,,WLDN,Willdan Group Inc. Common Stock,Consumer Discretionary,Military/Government/Technical,WLDN US Equity,,1993-06-18,2026-05-02,Industrials,Commercial Support Services,2004-12-31,2026-01-02,2006-11-30,2026-04-30,2004-12-31,2026-04-30,19,234
NB_2945,nonbankrupt,,WLFC,Willis Lease Finance Corporation Common Stock,Consumer Discretionary,Industrial Specialties,WLFC US Equity,,1993-06-18,2026-05-02,Financials,Specialty Finance,1994-12-31,2025-12-31,1996-09-30,2026-04-30,1994-12-31,2026-04-30,29,356
NB_2946,nonbankrupt,,WLK,Westlake Corporation Common Stock,Industrials,Major Chemicals,WLK US Equity,,1993-06-18,2026-05-02,Materials,Chemicals,2002-12-31,2025-12-31,2004-08-31,2026-04-30,2002-12-31,2026-04-30,24,261
NB_2947,nonbankrupt,,WLKP,Westlake Chemical Partners LP Common Units representing limited partner interests,Industrials,Major Chemicals,WLKP US Equity,,1993-06-18,2026-05-02,Materials,Chemicals,2012-12-31,2025-12-31,2014-07-31,2026-04-30,2012-12-31,2026-04-30,14,142
NB_2948,nonbankrupt,,WLY,John Wiley & Sons Inc. Common Stock,Consumer Discretionary,Books,WLY US Equity,,1993-06-18,2026-05-02,Communications,Publishing & Broadcasting,1994-04-30,2026-04-30,1993-06-30,2026-04-30,1993-06-30,2026-04-30,33,395
NB_2949,nonbankrupt,,WLYB,John Wiley & Sons Inc. Common Stock,Consumer Discretionary,Books,WLYB US Equity,,1993-06-18,2026-05-02,Communications,Publishing & Broadcasting,1994-04-30,2026-04-30,1993-06-30,2026-04-30,1993-06-30,2026-04-30,33,394
NB_295,nonbankrupt,,AVXL,Anavex Life Sciences Corp. Common Stock,Health Care,Biotechnology: Biological Products (No Diagnostic Substances),AVXL US Equity,,1993-06-18,2026-05-02,Health Care,Biotech & Pharma,2006-09-30,2025-09-30,2006-08-31,2026-04-30,2006-06-30,2026-04-30,20,236
NB_2950,nonbankrupt,,WM,Waste Management Inc. Common Stock,Utilities,Environmental Services,WM US Equity,,1993-06-18,2026-05-02,Industrials,Commercial Support Services,1995-12-31,2025-12-31,1993-06-30,2026-04-30,1993-06-30,2026-04-30,31,395
NB_2951,nonbankrupt,,WMB,Williams Companies Inc. (The) Common Stock,Utilities,Natural Gas Distribution,WMB US Equity,,1993-06-18,2026-05-02,Energy,Oil & Gas Supply Chain,1993-12-31,2025-12-31,1993-06-30,2026-04-30,1993-06-30,2026-04-30,33,395
NB_2952,nonbankrupt,,WMG,Warner Music Group Corp. Class A Common Stock,Consumer Discretionary,Services-Misc. Amusement & Recreation,WMG US Equity,,1993-06-18,2026-05-02,Communications,Entertainment Content,2005-09-30,2025-09-30,2020-06-30,2026-04-30,2005-09-30,2026-04-30,21,71
NB_2953,nonbankrupt,,WMK,Weis Markets Inc. Common Stock,Consumer Staples,Food Chains,WMK US Equity,,1993-06-18,2026-05-02,Consumer Staples,Retail - Consumer Staples,1993-12-25,2025-12-27,1993-06-30,2026-04-30,1993-06-30,2026-04-30,33,395
NB_2954,nonbankrupt,,WMS,Advanced Drainage Systems Inc. Common Stock,Consumer Discretionary,Containers/Packaging,WMS US Equity,,1993-06-18,2026-05-02,Materials,Construction Materials,2012-03-31,2026-03-31,2014-07-31,2026-04-30,2009-03-31,2026-04-30,15,142
NB_2955,nonbankrupt,,WMT,Walmart Inc. Common Stock,Consumer Discretionary,Department/Specialty Retail Stores,WMT US Equity,,1993-06-18,2026-05-02,Consumer Staples,Retail - Consumer Staples,1994-01-31,2026-01-31,1993-06-30,2026-04-30,1993-06-30,2026-04-30,33,395
NB_2956,nonbankrupt,,WNC,Wabash National Corporation Common Stock,Industrials,Construction/Ag Equipment/Trucks,WNC US Equity,,1993-06-18,2026-05-02,Industrials,Transportation Equipment,1993-12-31,2025-12-31,1993-06-30,2026-04-30,1993-06-30,2026-04-30,33,395
NB_2957,nonbankrupt,,WOLF,Wolfspeed Inc. Common Stock New,Technology,Semiconductors,WOLF US Equity,,1993-06-18,2026-05-02,Technology,Semiconductors,2025-06-29,2025-06-29,2025-09-30,2026-04-30,2025-06-29,2026-04-30,1,8
NB_2958,nonbankrupt,,WOOF,Petco Health and Wellness Company Inc. Class A Common Stock,Consumer Discretionary,Other Specialty Stores,WOOF US Equity,,1993-06-18,2026-05-02,Consumer Discretionary,Retail - Discretionary,2019-02-02,2026-01-31,2021-01-29,2026-04-30,2019-02-02,2026-04-30,8,64
NB_2959,nonbankrupt,,WOR,Worthington Enterprises Inc. Common Shares,Industrials,Steel/Iron Ore,WOR US Equity,,1993-06-18,2026-05-02,Industrials,Electrical Equipment,1994-05-31,2025-05-31,1993-06-30,2026-04-30,1993-06-30,2026-04-30,32,395
NB_296,nonbankrupt,,AVY,Avery Dennison Corporation Common Stock,Consumer Discretionary,Containers/Packaging,AVY US Equity,,1993-06-18,2026-05-02,Materials,Chemicals,1993-12-31,2025-12-31,1993-06-30,2026-04-30,1993-06-30,2026-04-30,29,395
NB_2960,nonbankrupt,,WRAP,Wrap Technologies Inc. Common Stock,Industrials,Ordnance And Accessories,WRAP US Equity,,1993-06-18,2026-05-02,Industrials,Electrical Equipment,2018-12-31,2025-12-31,2018-05-31,2026-04-30,2018-05-31,2026-04-30,8,96
NB_2961,nonbankrupt,,WRBY,Warby Parker Inc. Class A Common Stock,Health Care,Ophthalmic Goods,WRBY US Equity,,1993-06-18,2026-05-02,Consumer Discretionary,Retail - Discretionary,2019-12-31,2025-12-31,2021-09-30,2026-04-30,2018-12-31,2026-04-30,7,56
NB_2962,nonbankrupt,,WS,Worthington Steel Inc. Common Shares,Industrials,Steel/Iron Ore,WS US Equity,,1993-06-18,2026-05-02,Materials,Steel,2023-05-31,2025-05-31,2023-11-30,2026-04-30,2023-05-31,2026-04-30,3,30
NB_2963,nonbankrupt,,WSC,WillScot Holdings Corporation Class A Common Stock,Industrials,Misc Corporate Leasing Services,WSC US Equity,,1993-06-18,2026-05-02,Industrials,Industrial Support Services,2015-12-31,2025-12-31,2015-11-30,2026-04-30,2015-09-30,2026-04-30,11,126
NB_2964,nonbankrupt,,WSM,Williams-Sonoma Inc. Common Stock (DE),Consumer Discretionary,Home Furnishings,WSM US Equity,,1993-06-18,2026-05-02,Consumer Discretionary,Retail - Discretionary,1994-01-30,2026-02-01,1993-06-30,2026-04-30,1993-06-30,2026-04-30,31,395
NB_2965,nonbankrupt,,WSO,Watsco Inc. Common Stock,Consumer Discretionary,Industrial Machinery/Components,WSO US Equity,,1993-06-18,2026-05-02,Industrials,Industrial Support Services,1993-12-31,2025-12-31,1993-06-30,2026-04-30,1993-06-30,2026-04-30,33,395
NB_2966,nonbankrupt,,WST,West Pharmaceutical Services Inc. Common Stock,Health Care,Medical/Dental Instruments,WST US Equity,,1993-06-18,2026-05-02,Health Care,Medical Equipment & Devices,1993-12-31,2025-12-31,1993-06-30,2026-04-30,1993-06-30,2026-04-30,33,395
NB_2967,nonbankrupt,,WTI,W&T Offshore Inc. Common Stock,Energy,Oil & Gas Production,WTI US Equity,,1993-06-18,2026-05-02,Energy,Oil & Gas Supply Chain,2002-12-31,2025-12-31,2005-01-31,2026-04-30,2002-12-31,2026-04-30,24,256
NB_2968,nonbankrupt,,WTRG,Essential Utilities Inc. Common Stock,Utilities,Water Supply,WTRG US Equity,,1993-06-18,2026-05-02,Utilities,Gas & Water Utilities,1993-12-31,2025-12-31,1993-06-30,2026-04-30,1993-06-30,2026-04-30,33,395
NB_2969,nonbankrupt,,WTS,Watts Water Technologies Inc. Class A Common Stock,Industrials,Metal Fabrications,WTS US Equity,,1993-06-18,2026-05-02,Industrials,Machinery,1993-07-01,2025-12-31,1993-06-30,2026-04-30,1993-06-30,2026-04-30,33,395
NB_297,nonbankrupt,,AWI,Armstrong World Industries Inc Common Stock,Industrials,Plastic Products,AWI US Equity,,1993-06-18,2026-05-02,Consumer Discretionary,Home Construction,2006-12-31,2025-12-31,2006-10-31,2026-04-30,2006-10-31,2026-04-30,20,235
NB_2970,nonbankrupt,,WTTR,Select Water Solutions Inc. Class A common stock,Energy,Oilfield Services/Equipment,WTTR US Equity,,1993-06-18,2026-05-02,Energy,Oil & Gas Services & Equip,2015-12-31,2025-12-31,2017-04-28,2026-04-30,2015-12-31,2026-04-30,11,109
NB_2971,nonbankrupt,,WU,Western Union Company (The) Common Stock,Consumer Discretionary,Business Services,WU US Equity,,1993-06-18,2026-05-02,Financials,Specialty Finance,2004-12-31,2025-12-31,2006-09-29,2026-04-30,2004-12-31,2026-04-30,22,236
NB_2972,nonbankrupt,,WVVI,Willamette Valley Vineyards Inc. Common Stock,Consumer Staples,Beverages (Production/Distribution),WVVI US Equity,,1993-06-18,2026-05-02,Consumer Staples,Beverages,1994-12-31,2025-12-31,1994-09-30,2026-04-30,1994-09-30,2026-04-30,32,380
NB_2974,nonbankrupt,,WW,WW International Inc. Common Stock,Consumer Discretionary,Other Consumer Services,WW US Equity,,1993-06-18,2026-05-02,Consumer Discretionary,Consumer Services,1999-04-24,2025-12-31,2025-06-30,2026-04-30,1999-04-24,2026-04-30,22,11
NB_2975,nonbankrupt,,WWD,Woodward Inc. Common Stock,Energy,Industrial Machinery/Components,WWD US Equity,,1993-06-18,2026-05-02,Industrials,Aerospace & Defense,1993-09-30,2025-09-30,1994-04-29,2026-04-30,1993-09-30,2026-04-30,33,385
NB_2976,nonbankrupt,,WWR,Westwater Resources Inc. Common Stock,Basic Materials,Metal Mining,WWR US Equity,,1993-06-18,2026-05-02,Materials,Chemicals,1993-12-31,2025-12-31,1993-06-30,2026-04-30,1993-06-30,2026-04-30,31,395
NB_2977,nonbankrupt,,WWW,Wolverine World Wide Inc. Common Stock,Consumer Discretionary,Shoe Manufacturing,WWW US Equity,,1993-06-18,2026-05-02,Consumer Discretionary,Apparel & Textile Products,1994-01-01,2026-01-03,1993-06-30,2026-04-30,1993-06-30,2026-04-30,27,395
NB_2978,nonbankrupt,,WYNN,Wynn Resorts Limited Common stock,Consumer Discretionary,Hotels/Resorts,WYNN US Equity,,1993-06-18,2026-05-02,Consumer Discretionary,Leisure Facilities & Services,2001-12-31,2025-12-31,2002-10-31,2026-04-30,2001-12-31,2026-04-30,25,283
NB_2979,nonbankrupt,,WYY,WidePoint Corporation Common Stock,Technology,EDP Services,WYY US Equity,,1993-06-18,2026-05-02,Industrials,Electrical Equipment,1996-12-31,2025-12-31,1994-04-29,2026-04-30,1994-04-29,2026-04-30,28,384
NB_298,nonbankrupt,,AWK,American Water Works Company Inc. Common Stock,Utilities,Water Supply,AWK US Equity,,1993-06-18,2026-05-02,Utilities,Gas & Water Utilities,2006-12-31,2025-12-31,2008-04-30,2026-04-30,2006-12-31,2026-04-30,20,217
NB_2980,nonbankrupt,,XAIR,Beyond Air Inc. Common Stock,Health Care,Medical/Dental Instruments,XAIR US Equity,,1993-06-18,2026-05-02,Health Care,Medical Equipment & Devices,2015-06-30,2026-03-31,2016-09-30,2026-04-30,2015-06-30,2026-04-30,11,107
NB_2981,nonbankrupt,,XBIO,Xenetic Biosciences Inc. Common Stock,Health Care,Biotechnology: Pharmaceutical Preparations,XBIO US Equity,,1993-06-18,2026-05-02,Health Care,Biotech & Pharma,2011-08-31,2025-12-31,2012-06-29,2026-04-30,2011-08-31,2026-04-30,14,150
NB_2982,nonbankrupt,,XBIT,XBiotech Inc. Common Stock,Health Care,Biotechnology: Pharmaceutical Preparations,XBIT US Equity,,1993-06-18,2026-05-02,Health Care,Biotech & Pharma,2013-12-31,2025-12-31,2015-04-30,2026-04-30,2012-12-31,2026-04-30,13,133
NB_2983,nonbankrupt,,XBP,XBP Global Holdings Inc. Common Stock,Technology,EDP Services,XBP US Equity,,1993-06-18,2026-05-02,Financials,Specialty Finance,2020-12-31,2025-12-31,2021-05-31,2026-04-30,2020-12-31,2026-04-30,6,60
NB_2984,nonbankrupt,,XCUR,Exicure Inc. Common Stock,Health Care,Biotechnology: Pharmaceutical Preparations,XCUR US Equity,,1993-06-18,2026-05-02,Health Care,Biotech & Pharma,2016-12-31,2025-12-31,2018-05-31,2026-04-30,2016-12-31,2026-04-30,10,96
NB_2985,nonbankrupt,,XE,X-Energy Inc. Class A Common Stock,Industrials,Metal Fabrications,XE US Equity,,1993-06-18,2026-05-02,Utilities,Electric Utilities,2024-12-31,2025-12-31,2026-04-30,2026-04-30,2024-12-31,2026-04-30,2,1
NB_2986,nonbankrupt,,XEL,Xcel Energy Inc. Common Stock,Utilities,Power Generation,XEL US Equity,,1993-06-18,2026-05-02,Utilities,Electric Utilities,1993-12-31,2025-12-31,1993-06-30,2026-04-30,1993-06-30,2026-04-30,33,395
NB_2988,nonbankrupt,,XERS,Xeris Biopharma Holdings Inc. Common Stock,Health Care,Biotechnology: Pharmaceutical Preparations,XERS US Equity,,1993-06-18,2026-05-02,Health Care,Biotech & Pharma,2016-12-31,2025-12-31,2018-06-29,2026-04-30,2016-12-31,2026-04-30,10,95
NB_2989,nonbankrupt,,XFOR,X4 Pharmaceuticals Inc. Common Stock,Health Care,Biotechnology: Biological Products (No Diagnostic Substances),XFOR US Equity,,1993-06-18,2026-05-02,Health Care,Biotech & Pharma,2015-12-31,2025-12-31,2017-11-30,2026-04-30,2015-12-31,2026-04-30,11,102
NB_299,nonbankrupt,,AWR,American States Water Company Common Stock,Utilities,Water Supply,AWR US Equity,,1993-06-18,2026-05-02,Utilities,Gas & Water Utilities,1993-12-31,2025-12-31,1993-06-30,2026-04-30,1993-06-30,2026-04-30,33,395
NB_2990,nonbankrupt,,XGN,Exagen Inc. Common Stock,Health Care,Medical Specialities,XGN US Equity,,1993-06-18,2026-05-02,Health Care,Biotech & Pharma,2012-12-31,2025-12-31,2019-09-30,2026-04-30,2012-12-31,2026-04-30,11,80
NB_2991,nonbankrupt,,XHLD,TEN Holdings Inc. Common Stock,Consumer Discretionary,Business Services,XHLD US Equity,,1993-06-18,2026-05-02,Industrials,Commercial Support Services,2022-12-31,2025-12-31,2025-02-28,2026-04-30,2022-12-31,2026-04-30,4,15
NB_2992,nonbankrupt,,XHR,Xenia Hotels & Resorts Inc. Common Stock,Consumer Discretionary,Hotels/Resorts,XHR US Equity,,1993-06-18,2026-05-02,Real Estate,REIT,2014-12-31,2025-12-31,2015-02-27,2026-04-30,2014-12-31,2026-04-30,12,135
NB_2993,nonbankrupt,,XIFR,XPLR Infrastructure LP Common Units representing limited partner interests,Utilities,Electric Utilities: Central,XIFR US Equity,,1993-06-18,2026-05-02,Utilities,Electric Utilities,2014-12-31,2025-12-31,2014-06-30,2026-04-30,2013-12-31,2026-04-30,12,143
NB_2994,nonbankrupt,,XLAB,Exascale Labs Holdings Inc. Class A Common Stock,Technology,Computer Software: Prepackaged Software,XLAB US Equity,,1993-06-18,2026-05-02,Technology,Software,2024-06-30,2025-12-31,2025-08-29,2026-04-30,2024-06-30,2026-04-30,2,9
NB_2996,nonbankrupt,,XLO,Xilio Therapeutics Inc. Common Stock,Health Care,Biotechnology: Pharmaceutical Preparations,XLO US Equity,,1993-06-18,2026-05-02,Health Care,Biotech & Pharma,2019-12-31,2025-12-31,2021-10-29,2026-04-30,2019-12-31,2026-04-30,7,55
NB_2997,nonbankrupt,,XMAX,XMAX Inc. Common Stock,Consumer Discretionary,Home Furnishings,XMAX US Equity,,1993-06-18,2026-05-02,Consumer Discretionary,Home & Office Products,2010-09-30,2025-12-31,2011-07-29,2026-04-30,2010-09-30,2026-04-30,15,177
NB_2998,nonbankrupt,,XMTR,Xometry Inc. Class A Common Stock,Consumer Discretionary,Business Services,XMTR US Equity,,1993-06-18,2026-05-02,Industrials,Industrial Intermediate Prod,2019-12-31,2025-12-31,2021-06-30,2026-04-30,2019-12-31,2026-04-30,7,59
NB_2999,nonbankrupt,,XNCR,Xencor Inc. Common Stock,Health Care,Biotechnology: Pharmaceutical Preparations,XNCR US Equity,,1993-06-18,2026-05-02,Health Care,Biotech & Pharma,2011-12-31,2025-12-31,2013-12-31,2026-04-30,2011-12-31,2026-04-30,15,149
NB_3,nonbankrupt,,AAOI,Applied Optoelectronics Inc. Common Stock,Technology,Semiconductors,AAOI US Equity,,1993-06-18,2026-05-02,Technology,Technology Hardware,2010-12-31,2025-12-31,2013-09-30,2026-04-30,2008-12-31,2026-04-30,16,152
NB_30,nonbankrupt,,ACI,Albertsons Companies Inc. Class A Common Stock,Consumer Staples,Food Chains,ACI US Equity,,1993-06-18,2026-05-02,Consumer Staples,Retail - Consumer Staples,2017-02-28,2026-02-28,2020-06-30,2026-04-30,2016-02-27,2026-04-30,10,71
NB_300,nonbankrupt,,AWRE,Aware Inc. Common Stock,Technology,Computer Software: Prepackaged Software,AWRE US Equity,,1993-06-18,2026-05-02,Technology,Software,1994-12-31,2025-12-31,1996-08-30,2026-04-30,1994-12-31,2026-04-30,30,357
NB_3000,nonbankrupt,,XOM,ExxonMobil Holdings Corporation Common Stock,Energy,Integrated oil Companies,XOM US Equity,,1993-06-18,2026-05-02,Energy,Oil & Gas Supply Chain,1993-12-31,2025-12-31,1993-06-30,2026-04-30,1993-06-30,2026-04-30,33,395
NB_3001,nonbankrupt,,XOS,Xos Inc. Common Stock,Consumer Discretionary,Auto Parts:O.E.M.,XOS US Equity,,1993-06-18,2026-05-02,Industrials,Transportation Equipment,2020-12-31,2025-12-31,2020-12-31,2026-04-30,2020-10-30,2026-04-30,6,65
NB_3002,nonbankrupt,,XPEL,XPEL Inc. Common Stock,Industrials,Industrial Specialties,XPEL US Equity,,1993-06-18,2026-05-02,Consumer Discretionary,Automotive,2007-12-31,2025-12-31,2006-10-31,2026-04-30,2006-10-31,2026-04-30,19,234
NB_3003,nonbankrupt,,XPER,Xperi Inc. Common Stock,Technology,Computer Software: Prepackaged Software,XPER US Equity,,1993-06-18,2026-05-02,Technology,Technology Hardware,2020-12-31,2025-12-31,2022-09-30,2026-04-30,2019-12-31,2026-04-30,6,44
NB_3004,nonbankrupt,,XPL,Solitario Resources Corp. Common Stock,Basic Materials,Precious Metals,XPL US Equity,,1993-06-18,2026-05-02,Materials,Metals & Mining,2004-12-31,2025-12-31,1996-01-31,2026-04-30,1996-01-31,2026-04-30,22,338
NB_3005,nonbankrupt,,XPO,XPO Inc. Common Stock,Consumer Discretionary,Transportation Services,XPO US Equity,,1993-06-18,2026-05-02,Industrials,Transportation & Logistics,2006-12-31,2025-12-31,2002-07-31,2026-04-30,2002-07-31,2026-04-30,19,286
NB_3006,nonbankrupt,,XPOF,Xponential Fitness Inc. Class A Common Stock,Consumer Discretionary,Services-Misc. Amusement & Recreation,XPOF US Equity,,1993-06-18,2026-05-02,Consumer Discretionary,Leisure Facilities & Services,2020-12-31,2025-12-31,2021-07-30,2026-04-30,2020-12-31,2026-04-30,6,58
NB_3007,nonbankrupt,,XRAY,DENTSPLY SIRONA Inc. Common Stock,Health Care,Medical/Dental Instruments,XRAY US Equity,,1993-06-18,2026-05-02,Health Care,Medical Equipment & Devices,1993-12-31,2025-12-31,1993-06-30,2026-04-30,1993-06-30,2026-04-30,33,395
NB_3008,nonbankrupt,,XRX,Xerox Holdings Corporation Common Stock,Technology,Computer peripheral equipment,XRX US Equity,,1993-06-18,2026-05-02,Technology,Technology Hardware,1993-12-31,2025-12-31,1993-06-30,2026-04-30,1993-06-30,2026-04-30,33,395
NB_301,nonbankrupt,,AWX,Avalon Holdings Corporation Common Stock,Utilities,Environmental Services,AWX US Equity,,1993-06-18,2026-05-02,Industrials,Commercial Support Services,1998-12-31,2025-12-31,1998-05-29,2026-04-30,1998-05-29,2026-04-30,28,336
NB_3010,nonbankrupt,,XTIA,XTI Aerospace Inc. Common Stock,Technology,EDP Services,XTIA US Equity,,1993-06-18,2026-05-02,Industrials,Aerospace & Defense,2011-12-31,2025-12-31,2002-05-31,2026-04-30,2002-05-31,2026-04-30,15,249
NB_3011,nonbankrupt,,XTNT,Xtant Medical Holdings Inc. Common Stock,Health Care,Medical/Dental Instruments,XTNT US Equity,,1993-06-18,2026-05-02,Health Care,Medical Equipment & Devices,2009-12-31,2025-12-31,2010-07-30,2026-04-30,2009-12-31,2026-04-30,17,190
NB_3012,nonbankrupt,,XWEL,XWELL Inc. Common Stock,Consumer Discretionary,Other Consumer Services,XWEL US Equity,,1993-06-18,2026-05-02,Consumer Discretionary,Consumer Services,2007-12-31,2025-12-31,2010-07-30,2026-04-30,2007-12-31,2026-04-30,18,190
NB_3013,nonbankrupt,,XXII,22nd Century Group Inc. Common Stock,Health Care,Medicinal Chemicals and Botanical Products,XXII US Equity,,1993-06-18,2026-05-02,Consumer Staples,Tobacco & Cannabis,2008-09-30,2025-12-31,2011-01-31,2026-04-30,2007-08-31,2026-04-30,17,184
NB_3014,nonbankrupt,,XYL,Xylem Inc. Common Stock New,Industrials,Fluid Controls,XYL US Equity,,1993-06-18,2026-05-02,Industrials,Machinery,2010-12-31,2025-12-31,2011-10-31,2026-04-30,2009-12-31,2026-04-30,16,175
NB_3015,nonbankrupt,,XYZ,Block Inc. Class A Common Stock,Technology,Computer Software: Prepackaged Software,XYZ US Equity,,1993-06-18,2026-05-02,Financials,Specialty Finance,2013-12-31,2025-12-31,2015-11-30,2026-04-30,2012-12-31,2026-04-30,13,126
NB_3016,nonbankrupt,,YARW,Yarrow Bioscience Inc. Common Stock,Health Care,Biotechnology: Pharmaceutical Preparations,YARW US Equity,,1993-06-18,2026-05-02,Health Care,Biotech & Pharma,2015-12-31,2025-12-31,2018-01-31,2026-04-30,2015-12-31,2026-04-30,11,100
NB_3017,nonbankrupt,,YCBD,cbdMD Inc. Common Stock,Consumer Discretionary,Package Goods/Cosmetics,YCBD US Equity,,1993-06-18,2026-05-02,Consumer Staples,Tobacco & Cannabis,2015-09-30,2025-09-30,2017-11-30,2026-04-30,2015-09-30,2026-04-30,11,102
NB_3018,nonbankrupt,,YDES,YD Bio Limited Ordinary Shares,Health Care,Medical Specialities,YDES US Equity,,1993-06-18,2026-05-02,Health Care,Biotech & Pharma,2024-12-31,2025-12-31,2020-12-31,2026-04-30,2020-12-31,2026-04-30,2,63
NB_302,nonbankrupt,,AXGN,Axogen Inc. Common Stock,Health Care,Biotechnology: Electromedical & Electrotherapeutic Apparatus,AXGN US Equity,,1993-06-18,2026-05-02,Health Care,Medical Equipment & Devices,1994-06-30,2025-12-31,1993-06-30,2026-04-30,1993-06-30,2026-04-30,32,395
NB_3020,nonbankrupt,,YELP,Yelp Inc. Common Stock,Consumer Discretionary,Other Consumer Services,YELP US Equity,,1993-06-18,2026-05-02,Communications,Internet Media & Services,2009-12-31,2025-12-31,2012-03-30,2026-04-30,2007-12-31,2026-04-30,17,170
NB_3021,nonbankrupt,,YETI,YETI Holdings Inc. Common Stock,Consumer Discretionary,Recreational Games/Products/Toys,YETI US Equity,,1993-06-18,2026-05-02,Consumer Discretionary,Leisure Products,2014-12-31,2026-01-03,2018-10-31,2026-04-30,2013-12-31,2026-04-30,11,91
NB_3022,nonbankrupt,,YEXT,Yext Inc. Common Stock,Technology,EDP Services,YEXT US Equity,,1993-06-18,2026-05-02,Technology,Software,2016-01-31,2026-01-31,2017-04-28,2026-04-30,2015-01-31,2026-04-30,11,109
NB_3023,nonbankrupt,,YHC,LQR House Inc. Common Stock,Consumer Staples,Beverages (Production/Distribution),YHC US Equity,,1993-06-18,2026-05-02,Communications,Advertising & Marketing,2021-12-31,2025-12-31,2023-08-31,2026-04-30,2021-12-31,2026-04-30,4,33
NB_3024,nonbankrupt,,YHGJ,Yunhong Green CTI Ltd. Common Stock,Industrials,Specialty Chemicals,YHGJ US Equity,,1993-06-18,2026-05-02,Industrials,Industrial Intermediate Prod,1996-10-31,2025-12-31,1997-11-28,2026-04-30,1995-10-31,2026-04-30,29,342
NB_3025,nonbankrupt,,YORW,York Water Company (The) Common Stock,Utilities,Water Supply,YORW US Equity,,1993-06-18,2026-05-02,Utilities,Gas & Water Utilities,1995-12-31,2025-12-31,1994-04-29,2026-04-30,1994-04-29,2026-04-30,28,378
NB_3026,nonbankrupt,,YOU,Clear Secure Inc. Class A Common Stock,Technology,Computer Software: Prepackaged Software,YOU US Equity,,1993-06-18,2026-05-02,Technology,Software,2019-12-31,2025-12-31,2021-06-30,2026-04-30,2019-12-31,2026-04-30,7,59
NB_3027,nonbankrupt,,YSWY,Yesway Inc. Class A Common Stock,Consumer Staples,Food Chains,YSWY US Equity,,1993-06-18,2026-05-02,Consumer Staples,Retail - Consumer Staples,2025-12-31,2025-12-31,2026-04-30,2026-04-30,2025-12-31,2026-04-30,1,1
NB_3028,nonbankrupt,,YUM,Yum! Brands Inc.,Consumer Discretionary,Restaurants,YUM US Equity,,1993-06-18,2026-05-02,Consumer Discretionary,Leisure Facilities & Services,1995-12-31,2025-12-31,1997-09-30,2026-04-30,1995-12-31,2026-04-30,31,344
NB_3029,nonbankrupt,,YUMC,Yum China Holdings Inc. Common Stock,Consumer Discretionary,Restaurants,YUMC US Equity,,1993-06-18,2026-05-02,Consumer Discretionary,Leisure Facilities & Services,2014-12-31,2025-12-31,2016-10-31,2026-04-30,2011-12-31,2026-04-30,12,115
NB_303,nonbankrupt,,AXON,Axon Enterprise Inc. Common Stock,Industrials,Ordnance And Accessories,AXON US Equity,,1993-06-18,2026-05-02,Industrials,Aerospace & Defense,1999-12-31,2025-12-31,2001-06-29,2026-04-30,1999-12-31,2026-04-30,27,299
NB_3030,nonbankrupt,,YYAI,AiRWA Inc. Common Stock,Technology,Computer Software: Programming Data Processing,YYAI US Equity,,1993-06-18,2026-05-02,Technology,Software,2017-04-30,2026-04-30,2019-05-31,2026-04-30,2017-04-30,2026-04-30,9,81
NB_3031,nonbankrupt,,Z,Zillow Group Inc. Class C Capital Stock,Consumer Discretionary,Business Services,Z US Equity,,1993-06-18,2026-05-02,Communications,Internet Media & Services,2008-12-31,2025-12-31,2015-08-31,2026-04-30,2006-12-31,2026-04-30,18,129
NB_3032,nonbankrupt,,ZBH,Zimmer Biomet Holdings Inc. Common Stock,Health Care,Industrial Specialties,ZBH US Equity,,1993-06-18,2026-05-02,Health Care,Medical Equipment & Devices,1999-12-31,2025-12-31,2001-07-31,2026-04-30,1999-12-31,2026-04-30,27,298
NB_3033,nonbankrupt,,ZBIO,Zenas BioPharma Inc. Common Stock,Health Care,Biotechnology: Pharmaceutical Preparations,ZBIO US Equity,,1993-06-18,2026-05-02,Health Care,Biotech & Pharma,2022-12-31,2025-12-31,2024-09-30,2026-04-30,2022-12-31,2026-04-30,4,20
NB_3034,nonbankrupt,,ZBRA,Zebra Technologies Corporation Class A Common Stock,Industrials,Industrial Machinery/Components,ZBRA US Equity,,1993-06-18,2026-05-02,Technology,Technology Hardware,1993-12-31,2025-12-31,1993-06-30,2026-04-30,1993-06-30,2026-04-30,33,395
NB_3035,nonbankrupt,,ZD,Ziff Davis Inc. Common Stock,Telecommunications,Telecommunications Equipment,ZD US Equity,,1993-06-18,2026-05-02,Communications,Internet Media & Services,1997-12-31,2025-12-31,1999-07-30,2026-04-30,1997-12-31,2026-04-30,29,322
NB_3036,nonbankrupt,,ZETA,Zeta Global Holdings Corp. Class A Common Stock,Technology,Computer Software: Prepackaged Software,ZETA US Equity,,1993-06-18,2026-05-02,Technology,Software,2019-12-31,2025-12-31,2021-06-30,2026-04-30,2019-12-31,2026-04-30,7,59
NB_3037,nonbankrupt,,ZG,Zillow Group Inc. Class A Common Stock,Consumer Discretionary,Business Services,ZG US Equity,,1993-06-18,2026-05-02,Communications,Internet Media & Services,2008-12-31,2025-12-31,2011-07-29,2026-04-30,2006-12-31,2026-04-30,18,178
NB_3038,nonbankrupt,,ZIP,ZipRecruiter Inc. Class A Common Stock,Technology,Computer Software: Programming Data Processing,ZIP US Equity,,1993-06-18,2026-05-02,Communications,Internet Media & Services,2019-12-31,2025-12-31,2021-05-31,2026-04-30,2019-12-31,2026-04-30,7,60
NB_3039,nonbankrupt,,ZM,Zoom Communications Inc. Class A Common Stock,Technology,Computer Software: Programming Data Processing,ZM US Equity,,1993-06-18,2026-05-02,Technology,Software,2018-01-31,2026-01-31,2019-04-30,2026-04-30,2017-01-31,2026-04-30,9,85
NB_304,nonbankrupt,,AXSM,Axsome Therapeutics Inc. Common Stock,Health Care,Biotechnology: Pharmaceutical Preparations,AXSM US Equity,,1993-06-18,2026-05-02,Health Care,Biotech & Pharma,2013-12-31,2025-12-31,2015-11-30,2026-04-30,2013-12-31,2026-04-30,13,126
NB_3040,nonbankrupt,,ZNTL,Zentalis Pharmaceuticals Inc. Common Stock,Health Care,Biotechnology: Pharmaceutical Preparations,ZNTL US Equity,,1993-06-18,2026-05-02,Health Care,Biotech & Pharma,2018-12-31,2025-12-31,2020-04-30,2026-04-30,2018-12-31,2026-04-30,8,73
NB_3041,nonbankrupt,,ZS,Zscaler Inc. Common Stock,Technology,EDP Services,ZS US Equity,,1993-06-18,2026-05-02,Technology,Software,2016-07-31,2025-07-31,2018-03-30,2026-04-30,2015-12-31,2026-04-30,10,98
NB_3042,nonbankrupt,,ZTS,Zoetis Inc. Class A Common Stock,Health Care,Biotechnology: Pharmaceutical Preparations,ZTS US Equity,,1993-06-18,2026-05-02,Health Care,Biotech & Pharma,2010-12-31,2025-12-31,2013-01-31,2026-04-30,2009-12-31,2026-04-30,16,160
NB_3043,nonbankrupt,,ZUMZ,Zumiez Inc. Common Stock,Consumer Discretionary,Clothing/Shoe/Accessory Stores,ZUMZ US Equity,,1993-06-18,2026-05-02,Consumer Discretionary,Retail - Discretionary,2004-01-31,2026-01-31,2005-05-31,2026-04-30,2004-01-31,2026-04-30,23,252
NB_3044,nonbankrupt,,ZVIA,Zevia PBC Class A Common Stock,Consumer Staples,Beverages (Production/Distribution),ZVIA US Equity,,1993-06-18,2026-05-02,Consumer Staples,Beverages,2019-12-31,2025-12-31,2021-07-30,2026-04-30,2019-12-31,2026-04-30,7,58
NB_3045,nonbankrupt,,ZVRA,Zevra Therapeutics Inc. Common Stock,Health Care,Biotechnology: Pharmaceutical Preparations,ZVRA US Equity,,1993-06-18,2026-05-02,Health Care,Biotech & Pharma,2013-12-31,2025-12-31,2015-04-30,2026-04-30,2013-12-31,2026-04-30,13,133
NB_3046,nonbankrupt,,ZWS,Zurn Elkay Water Solutions Corporation Common Stock,Industrials,Industrial Machinery/Components,ZWS US Equity,,1993-06-18,2026-05-02,Industrials,Machinery,2007-03-31,2025-12-31,2012-03-30,2026-04-30,2007-03-31,2026-04-30,19,170
NB_3047,nonbankrupt,,ZYME,Zymeworks Inc. Common Stock,Health Care,Biotechnology: Pharmaceutical Preparations,ZYME US Equity,,1993-06-18,2026-05-02,Health Care,Biotech & Pharma,2015-12-31,2025-12-31,2017-04-28,2026-04-30,2014-12-31,2026-04-30,11,109
NB_305,nonbankrupt,,AXTA,Axalta Coating Systems Ltd. Common Shares,Consumer Discretionary,Paints/Coatings,AXTA US Equity,,1993-06-18,2026-05-02,Materials,Chemicals,2013-12-31,2025-12-31,2014-11-28,2026-04-30,2013-12-31,2026-04-30,13,138
NB_306,nonbankrupt,,AXTI,AXT Inc Common Stock,Technology,Semiconductors,AXTI US Equity,,1993-06-18,2026-05-02,Technology,Semiconductors,1996-12-31,2025-12-31,1998-05-29,2026-04-30,1996-12-31,2026-04-30,30,336
NB_307,nonbankrupt,,AYI,Acuity Inc. Common Stock,Consumer Discretionary,Building Products,AYI US Equity,,1993-06-18,2026-05-02,Industrials,Electrical Equipment,2000-08-31,2025-08-31,2001-11-30,2026-04-30,1999-08-31,2026-04-30,26,294
NB_308,nonbankrupt,,AYTU,Aytu BioPharma Inc. Common Stock,Health Care,Biotechnology: Pharmaceutical Preparations,AYTU US Equity,,1993-06-18,2026-05-02,Health Care,Biotech & Pharma,2007-08-31,2025-06-30,2008-09-30,2026-04-30,2007-08-31,2026-04-30,18,183
NB_309,nonbankrupt,,AZIO,Azio AI Holdings Inc. Common Stock,Consumer Discretionary,Auto Parts:O.E.M.,AZIO US Equity,,1993-06-18,2026-05-02,Industrials,Transportation Equipment,2012-12-31,2025-12-31,2017-06-30,2026-04-30,2012-12-31,2026-04-30,13,107
NB_31,nonbankrupt,,ACIW,ACI Worldwide Inc. Common Stock,Technology,Computer Software: Prepackaged Software,ACIW US Equity,,1993-06-18,2026-05-02,Technology,Software,1994-09-30,2025-12-31,1995-02-28,2026-04-30,1994-09-30,2026-04-30,31,375
NB_310,nonbankrupt,,AZO,AutoZone Inc. Common Stock,Consumer Discretionary,Auto & Home Supply Stores,AZO US Equity,,1993-06-18,2026-05-02,Consumer Discretionary,Retail - Discretionary,1993-08-29,2025-08-30,1993-06-30,2026-04-30,1993-06-30,2026-04-30,33,395
NB_311,nonbankrupt,,AZTA,Azenta Inc.,Technology,Industrial Machinery/Components,AZTA US Equity,,1993-06-18,2026-05-02,Health Care,Medical Equipment & Devices,1993-09-30,2025-09-30,1995-02-28,2026-04-30,1993-09-30,2026-04-30,32,375
NB_312,nonbankrupt,,AZZ,AZZ Inc.,Industrials,Industrial Specialties,AZZ US Equity,,1993-06-18,2026-05-02,Industrials,Industrial Intermediate Prod,1994-02-28,2026-02-28,1993-06-30,2026-04-30,1993-06-30,2026-04-30,33,395
NB_313,nonbankrupt,,BA,Boeing Company (The) Common Stock,Industrials,Aerospace,BA US Equity,,1993-06-18,2026-05-02,Industrials,Aerospace & Defense,1993-12-31,2025-12-31,1993-06-30,2026-04-30,1993-06-30,2026-04-30,33,395
NB_314,nonbankrupt,,BAER,Bridger Aerospace Group Holdings Inc. Common Stock,Industrials,Aerospace,BAER US Equity,,1993-06-18,2026-05-02,Industrials,Transportation & Logistics,2020-12-31,2025-12-31,2021-03-31,2026-04-30,2020-12-31,2026-04-30,6,62
NB_316,nonbankrupt,,BAH,Booz Allen Hamilton Holding Corporation Common Stock,Consumer Discretionary,Professional Services,BAH US Equity,,1993-06-18,2026-05-02,Technology,IT Services,2009-03-31,2026-03-31,2010-11-30,2026-04-30,2008-03-31,2026-04-30,18,186
NB_317,nonbankrupt,,BALL,Ball Corporation Common Stock,Industrials,Containers/Packaging,BALL US Equity,,1993-06-18,2026-05-02,Materials,Containers & Packaging,1993-12-31,2025-12-31,1993-06-30,2026-04-30,1993-06-30,2026-04-30,33,395
NB_318,nonbankrupt,,BALY,Bally's Corporation Common Stock,Consumer Discretionary,Hotels/Resorts,BALY US Equity,,1993-06-18,2026-05-02,Consumer Discretionary,Leisure Facilities & Services,2016-12-31,2025-12-31,2024-11-29,2026-04-30,2016-12-31,2026-04-30,10,18
NB_319,nonbankrupt,,BAND,Bandwidth Inc. Class A Common Stock,Technology,Computer Software: Prepackaged Software,BAND US Equity,,1993-06-18,2026-05-02,Technology,Software,2015-12-31,2025-12-31,2017-11-30,2026-04-30,2015-12-31,2026-04-30,11,102
NB_32,nonbankrupt,,ACLS,Axcelis Technologies Inc. Common Stock,Technology,Industrial Machinery/Components,ACLS US Equity,,1993-06-18,2026-05-02,Technology,Semiconductors,1998-12-31,2025-12-31,2000-07-31,2026-04-30,1997-12-31,2026-04-30,28,310
NB_320,nonbankrupt,,BARK,BARK Inc. Class A Common Stock,Consumer Discretionary,Other Specialty Stores,BARK US Equity,,1993-06-18,2026-05-02,Consumer Discretionary,E-Commerce Discretionary,2021-03-31,2026-03-31,2020-12-31,2026-04-30,2020-03-31,2026-04-30,6,65
NB_321,nonbankrupt,,BATL,Battalion Oil Corporation Common Stock,Energy,Oil & Gas Production,BATL US Equity,,1993-06-18,2026-05-02,Energy,Oil & Gas Supply Chain,2004-12-31,2025-12-31,2019-12-31,2026-04-30,2004-12-31,2026-04-30,22,77
NB_322,nonbankrupt,,BATRA,Atlanta Braves Holdings Inc. Series A Common Stock,Consumer Discretionary,Services-Misc. Amusement & Recreation,BATRA US Equity,,1993-06-18,2026-05-02,Consumer Discretionary,Leisure Facilities & Services,2021-12-31,2025-12-31,2023-07-31,2026-04-30,2021-12-31,2026-04-30,5,34
NB_323,nonbankrupt,,BATRK,Atlanta Braves Holdings Inc. Series C Common Stock,Consumer Discretionary,Services-Misc. Amusement & Recreation,BATRK US Equity,,1993-06-18,2026-05-02,Consumer Discretionary,Leisure Facilities & Services,2021-12-31,2025-12-31,2023-07-31,2026-04-30,2021-12-31,2026-04-30,5,34
NB_324,nonbankrupt,,BAX,Baxter International Inc. Common Stock,Health Care,Medical/Dental Instruments,BAX US Equity,,1993-06-18,2026-05-02,Health Care,Medical Equipment & Devices,1993-12-31,2025-12-31,1993-06-30,2026-04-30,1993-06-30,2026-04-30,33,395
NB_325,nonbankrupt,,BBAI,BigBear.ai Inc. Common Stock,Technology,Computer Software: Prepackaged Software,BBAI US Equity,,1993-06-18,2026-05-02,Technology,Software,2020-12-31,2025-12-31,2021-04-30,2026-04-30,2020-12-31,2026-04-30,6,61
NB_327,nonbankrupt,,BBCP,Concrete Pumping Holdings Inc. Common Stock,Consumer Discretionary,Engineering & Construction,BBCP US Equity,,1993-06-18,2026-05-02,Industrials,Engineering & Construction,2017-12-31,2025-10-31,2017-08-31,2026-04-30,1995-01-31,2026-04-30,9,105
NB_328,nonbankrupt,,BBGI,Beasley Broadcast Group Inc. Class A Common Stock,Consumer Discretionary,Broadcasting,BBGI US Equity,,1993-06-18,2026-05-02,Communications,Publishing & Broadcasting,1997-12-31,2025-12-31,2000-02-29,2026-04-30,1997-12-31,2026-04-30,29,315
NB_329,nonbankrupt,,BBIO,BridgeBio Pharma Inc. Common Stock,Health Care,Biotechnology: Pharmaceutical Preparations,BBIO US Equity,,1993-06-18,2026-05-02,Health Care,Biotech & Pharma,2017-12-31,2025-12-31,2019-06-28,2026-04-30,2017-12-31,2026-04-30,9,83
NB_33,nonbankrupt,,ACM,AECOM Common Stock,Consumer Discretionary,Military/Government/Technical,ACM US Equity,,1993-06-18,2026-05-02,Industrials,Engineering & Construction,2005-09-30,2025-09-30,2007-05-31,2026-04-30,2005-09-30,2026-04-30,21,228
NB_330,nonbankrupt,,BBLG,Bone Biologics Corp Common Stock,Health Care,Industrial Specialties,BBLG US Equity,,1993-06-18,2026-05-02,Health Care,Biotech & Pharma,2017-12-31,2025-12-31,2016-03-31,2026-04-30,2016-03-31,2026-04-30,9,91
NB_332,nonbankrupt,,BBNX,Beta Bionics Inc. Common Stock,Health Care,Medical/Dental Instruments,BBNX US Equity,,1993-06-18,2026-05-02,Health Care,Medical Equipment & Devices,2022-12-31,2025-12-31,2025-01-31,2026-04-30,2022-12-31,2026-04-30,4,16
NB_333,nonbankrupt,,BBOT,BridgeBio Oncology Therapeutics Inc. Common Stock,Health Care,Biotechnology: Pharmaceutical Preparations,BBOT US Equity,,1993-06-18,2026-05-02,Health Care,Biotech & Pharma,2022-12-31,2025-12-31,2024-02-29,2026-04-30,2022-12-31,2026-04-30,3,27
NB_334,nonbankrupt,,BBSI,Barrett Business Services Inc. Common Stock,Consumer Discretionary,Professional Services,BBSI US Equity,,1993-06-18,2026-05-02,Industrials,Commercial Support Services,1993-12-31,2025-12-31,1993-06-30,2026-04-30,1993-06-30,2026-04-30,32,395
NB_335,nonbankrupt,,BBW,Build-A-Bear Workshop Inc. Common Stock,Consumer Discretionary,Recreational Games/Products/Toys,BBW US Equity,,1993-06-18,2026-05-02,Consumer Discretionary,Retail - Discretionary,2002-12-28,2026-01-31,2004-10-29,2026-04-30,2001-12-29,2026-04-30,21,259
NB_336,nonbankrupt,,BBWI,Bath & Body Works Inc.,Consumer Discretionary,Other Specialty Stores,BBWI US Equity,,1993-06-18,2026-05-02,Consumer Discretionary,Retail - Discretionary,1994-01-29,2026-01-31,1993-06-30,2026-04-30,1993-06-30,2026-04-30,33,395
NB_337,nonbankrupt,,BBY,Best Buy Co. Inc. Common Stock,Consumer Discretionary,Consumer Electronics/Video Chains,BBY US Equity,,1993-06-18,2026-05-02,Consumer Discretionary,Retail - Discretionary,1994-02-26,2026-01-31,1993-06-30,2026-04-30,1993-06-30,2026-04-30,33,395
NB_338,nonbankrupt,,BC,Brunswick Corporation Common Stock,Industrials,Industrial Machinery/Components,BC US Equity,,1993-06-18,2026-05-02,Consumer Discretionary,Leisure Products,1993-12-31,2025-12-31,1993-06-30,2026-04-30,1993-06-30,2026-04-30,33,395
NB_339,nonbankrupt,,BCAX,Bicara Therapeutics Inc. Common Stock,Health Care,Biotechnology: Pharmaceutical Preparations,BCAX US Equity,,1993-06-18,2026-05-02,Health Care,Biotech & Pharma,2022-12-31,2025-12-31,2024-09-30,2026-04-30,2022-12-31,2026-04-30,4,20
NB_34,nonbankrupt,,ACMR,ACM Research Inc. Class A Common Stock,Technology,Industrial Machinery/Components,ACMR US Equity,,1993-06-18,2026-05-02,Technology,Semiconductors,2015-12-31,2025-12-31,2017-11-30,2026-04-30,2015-12-31,2026-04-30,11,102
NB_340,nonbankrupt,,BCC,Boise Cascade L.L.C. Common Stock,Consumer Discretionary,RETAIL: Building Materials,BCC US Equity,,1993-06-18,2026-05-02,Materials,"Forestry, Paper & Wood Products",2012-12-31,2025-12-31,2013-02-28,2026-04-30,2012-12-31,2026-04-30,14,159
NB_341,nonbankrupt,,BCDA,BioCardia Inc. Common Stock,Health Care,Biotechnology: Biological Products (No Diagnostic Substances),BCDA US Equity,,1993-06-18,2026-05-02,Health Care,Biotech & Pharma,1995-06-30,2025-12-31,1996-11-29,2026-04-30,1995-06-30,2026-04-30,31,354
NB_342,nonbankrupt,,BCO,Brinks Company (The) Common Stock,Industrials,Integrated Freight & Logistics,BCO US Equity,,1993-06-18,2026-05-02,Industrials,Commercial Support Services,1993-12-31,2025-12-31,1993-06-30,2026-04-30,1993-06-30,2026-04-30,32,395
NB_343,nonbankrupt,,BCPC,Balchem Corporation Common Stock,Industrials,Major Chemicals,BCPC US Equity,,1993-06-18,2026-05-02,Materials,Chemicals,1993-12-31,2025-12-31,1993-06-30,2026-04-30,1993-06-30,2026-04-30,33,395
NB_344,nonbankrupt,,BCRX,BioCryst Pharmaceuticals Inc. Common Stock,Health Care,Biotechnology: Biological Products (No Diagnostic Substances),BCRX US Equity,,1993-06-18,2026-05-02,Health Care,Biotech & Pharma,1993-12-31,2025-12-31,1994-03-31,2026-04-30,1993-12-31,2026-04-30,33,386
NB_345,nonbankrupt,,BDC,Belden Inc Common Stock,Industrials,Telecommunications Equipment,BDC US Equity,,1993-06-18,2026-05-02,Industrials,Electrical Equipment,2004-12-31,2025-12-31,2004-07-30,2026-04-30,2004-07-30,2026-04-30,22,262
NB_346,nonbankrupt,,BDL,Flanigan's Enterprises Inc. Common Stock,Consumer Discretionary,Restaurants,BDL US Equity,,1993-06-18,2026-05-02,Consumer Discretionary,Leisure Facilities & Services,1993-10-02,2025-09-27,1993-06-30,2026-04-30,1993-06-30,2026-04-30,33,395
NB_347,nonbankrupt,,BDSX,Biodesix Inc. Common Stock,Health Care,Medical Specialities,BDSX US Equity,,1993-06-18,2026-05-02,Health Care,Biotech & Pharma,2018-12-31,2025-12-31,2020-10-30,2026-04-30,2018-12-31,2026-04-30,8,67
NB_348,nonbankrupt,,BDTX,Black Diamond Therapeutics Inc. Common Stock,Health Care,Biotechnology: Biological Products (No Diagnostic Substances),BDTX US Equity,,1993-06-18,2026-05-02,Health Care,Biotech & Pharma,2017-12-31,2025-12-31,2020-01-31,2026-04-30,2017-12-31,2026-04-30,9,76
NB_349,nonbankrupt,,BDX,Becton Dickinson and Company Common Stock,Health Care,Medical/Dental Instruments,BDX US Equity,,1993-06-18,2026-05-02,Health Care,Medical Equipment & Devices,1993-09-30,2025-09-30,1993-06-30,2026-04-30,1993-06-30,2026-04-30,33,395
NB_35,nonbankrupt,,ACNT,Ascent Industries Co. Common Stock,Industrials,Major Chemicals,ACNT US Equity,,1993-06-18,2026-05-02,Materials,Chemicals,1994-01-01,2025-12-31,1993-06-30,2026-04-30,1993-06-30,2026-04-30,27,395
NB_350,nonbankrupt,,BE,Bloom Energy Corporation Class A Common Stock,Energy,Industrial Machinery/Components,BE US Equity,,1993-06-18,2026-05-02,Industrials,Electrical Equipment,2014-12-31,2025-12-31,2018-07-31,2026-04-30,2014-12-31,2026-04-30,12,94
NB_351,nonbankrupt,,BEAM,Beam Therapeutics Inc. Common Stock,Health Care,Biotechnology: Biological Products (No Diagnostic Substances),BEAM US Equity,,1993-06-18,2026-05-02,Health Care,Biotech & Pharma,2017-12-31,2025-12-31,2020-02-28,2026-04-30,2017-12-31,2026-04-30,9,75
NB_352,nonbankrupt,,BEAT,Heartbeam Inc. Common Stock,Health Care,Medical/Dental Instruments,BEAT US Equity,,1993-06-18,2026-05-02,Health Care,Medical Equipment & Devices,2019-12-31,2025-12-31,2021-11-30,2026-04-30,2019-12-31,2026-04-30,7,54
NB_354,nonbankrupt,,BEPC,Brookfield Renewable Corporation Brookfield Renewable Corporation Class A Subordinate Voting Shares,Utilities,Electric Utilities: Central,BEPC US Equity,,1993-06-18,2026-05-02,Utilities,Electric Utilities,2019-12-31,2025-12-31,2020-07-31,2026-04-30,2019-12-31,2026-04-30,7,70
NB_355,nonbankrupt,,BETA,Beta Technologies Inc. Class A Common Stock,Industrials,Aerospace,BETA US Equity,,1993-06-18,2026-05-02,Industrials,Aerospace & Defense,2023-12-31,2025-12-31,2025-11-28,2026-04-30,2023-12-31,2026-04-30,3,6
NB_356,nonbankrupt,,BFAM,Bright Horizons Family Solutions Inc. Common Stock,Consumer Discretionary,Other Consumer Services,BFAM US Equity,,1993-06-18,2026-05-02,Consumer Discretionary,Consumer Services,2010-12-31,2025-12-31,2013-01-31,2026-04-30,2009-12-31,2026-04-30,16,160
NB_357,nonbankrupt,,BFH,Bread Financial Holdings Inc. Common Stock,Consumer Discretionary,Business Services,BFH US Equity,,1993-06-18,2026-05-02,Financials,Specialty Finance,2002-12-31,2025-12-31,2001-06-29,2026-04-30,2001-06-29,2026-04-30,24,299
NB_358,nonbankrupt,,BFLY,Butterfly Network Inc. Class A Common Stock,Health Care,Medical Electronics,BFLY US Equity,,1993-06-18,2026-05-02,Health Care,Medical Equipment & Devices,2020-12-31,2025-12-31,2020-07-31,2026-04-30,2020-07-31,2026-04-30,6,70
NB_359,nonbankrupt,,BFRG,Bullfrog AI Holdings Inc. Common Stock,Health Care,Biotechnology: Pharmaceutical Preparations,BFRG US Equity,,1993-06-18,2026-05-02,Health Care,Biotech & Pharma,2020-12-31,2025-12-31,2023-02-28,2026-04-30,2020-12-31,2026-04-30,6,39
NB_36,nonbankrupt,,ACON,Aclarion Inc. Common Stock,Health Care,Medical Specialities,ACON US Equity,,1993-06-18,2026-05-02,Health Care,Health Care Facilities & Svcs,2019-12-31,2025-12-31,2022-04-29,2026-04-30,2019-12-31,2026-04-30,6,49
NB_361,nonbankrupt,,BFRI,Biofrontera Inc. Common Stock,Health Care,Biotechnology: Pharmaceutical Preparations,BFRI US Equity,,1993-06-18,2026-05-02,Health Care,Biotech & Pharma,2019-12-31,2025-12-31,2021-10-29,2026-04-30,2019-12-31,2026-04-30,6,55
NB_363,nonbankrupt,,BG,Bunge Limited Common Shares,Consumer Staples,Packaged Foods,BG US Equity,,1993-06-18,2026-05-02,Consumer Staples,Wholesale - Consumer Staples,1999-12-31,2025-12-31,2001-08-31,2026-04-30,1999-12-31,2026-04-30,27,297
NB_364,nonbankrupt,,BGMS,Bio Green Med Solution Inc. Common Stock,Health Care,Biotechnology: Pharmaceutical Preparations,BGMS US Equity,,1993-06-18,2026-05-02,Health Care,Biotech & Pharma,1998-12-31,2025-12-31,2004-03-31,2026-04-30,1997-12-31,2026-04-30,28,266
NB_365,nonbankrupt,,BGS,B&G Foods Inc. Common Stock,Consumer Staples,Packaged Foods,BGS US Equity,,1993-06-18,2026-05-02,Consumer Staples,Food,2002-12-28,2026-01-03,2007-05-31,2026-04-30,2002-12-28,2026-04-30,20,228
NB_366,nonbankrupt,,BGSF,BGSF Inc. Common Stock,Consumer Discretionary,Professional Services,BGSF US Equity,,1993-06-18,2026-05-02,Industrials,Commercial Support Services,2011-12-25,2025-12-28,2014-04-30,2026-04-30,2011-12-25,2026-04-30,14,145
NB_367,nonbankrupt,,BH,Biglari Holdings Inc. Class B Common Stock,Consumer Discretionary,Restaurants,BH US Equity,,1993-06-18,2026-05-02,Consumer Discretionary,Leisure Facilities & Services,1993-09-29,2025-12-31,1993-06-30,2026-04-30,1993-06-30,2026-04-30,33,395
NB_368,nonbankrupt,,BHE,Benchmark Electronics Inc. Common Stock,Technology,Electrical Products,BHE US Equity,,1993-06-18,2026-05-02,Technology,Technology Hardware,1993-12-31,2025-12-31,1993-06-30,2026-04-30,1993-06-30,2026-04-30,33,395
NB_369,nonbankrupt,,BHVN,Biohaven Ltd. Common Shares,Health Care,Biotechnology: Pharmaceutical Preparations,BHVN US Equity,,1993-06-18,2026-05-02,Health Care,Biotech & Pharma,2020-12-31,2025-12-31,2022-09-30,2026-04-30,2020-12-31,2026-04-30,6,44
NB_37,nonbankrupt,,ACRS,Aclaris Therapeutics Inc. Common Stock,Health Care,Biotechnology: Pharmaceutical Preparations,ACRS US Equity,,1993-06-18,2026-05-02,Health Care,Biotech & Pharma,2013-12-31,2025-12-31,2015-10-30,2026-04-30,2013-12-31,2026-04-30,13,127
NB_370,nonbankrupt,,BIAF,bioAffinity Technologies Inc. Common Stock,Health Care,Biotechnology: Commercial Physical & Biological Resarch,BIAF US Equity,,1993-06-18,2026-05-02,Health Care,Medical Equipment & Devices,2020-12-31,2025-12-31,2022-09-30,2026-04-30,2020-12-31,2026-04-30,6,44
NB_372,nonbankrupt,,BIIB,Biogen Inc. Common Stock,Health Care,Biotechnology: Biological Products (No Diagnostic Substances),BIIB US Equity,,1993-06-18,2026-05-02,Health Care,Biotech & Pharma,1993-12-31,2025-12-31,1993-06-30,2026-04-30,1993-06-30,2026-04-30,33,395
NB_373,nonbankrupt,,BILL,BILL Holdings Inc. Common Stock,Technology,Computer Software: Prepackaged Software,BILL US Equity,,1993-06-18,2026-05-02,Technology,Software,2018-06-30,2025-06-30,2019-12-31,2026-04-30,2018-06-30,2026-04-30,8,77
NB_374,nonbankrupt,,BIO,Bio-Rad Laboratories Inc. Class A Common Stock,Industrials,Biotechnology: Laboratory Analytical Instruments,BIO US Equity,,1993-06-18,2026-05-02,Health Care,Medical Equipment & Devices,1993-12-31,2025-12-31,1993-06-30,2026-04-30,1993-06-30,2026-04-30,33,395
NB_375,nonbankrupt,,BIOA,BioAge Labs Inc. Common Stock,Health Care,Biotechnology: Pharmaceutical Preparations,BIOA US Equity,,1993-06-18,2026-05-02,Health Care,Biotech & Pharma,2022-12-31,2025-12-31,2024-09-30,2026-04-30,2022-12-31,2026-04-30,4,20
NB_376,nonbankrupt,,BIRD,Smartbird Inc. Class A Common Stock,Consumer Discretionary,Apparel,BIRD US Equity,,1993-06-18,2026-05-02,Consumer Discretionary,E-Commerce Discretionary,2019-12-31,2025-12-31,2021-11-30,2026-04-30,2019-12-31,2026-04-30,7,54
NB_377,nonbankrupt,,BIVI,BioVie Inc. Class A Common Stock,Health Care,Biotechnology: Pharmaceutical Preparations,BIVI US Equity,,1993-06-18,2026-05-02,Health Care,Biotech & Pharma,2013-06-30,2018-06-30,2014-05-30,2026-04-30,2013-06-30,2026-04-30,6,142
NB_379,nonbankrupt,,BJ,BJ's Wholesale Club Holdings Inc. Common Stock,Consumer Discretionary,Department/Specialty Retail Stores,BJ US Equity,,1993-06-18,2026-05-02,Consumer Staples,Retail - Consumer Staples,2017-01-28,2026-01-31,2018-06-29,2026-04-30,2016-01-30,2026-04-30,10,95
NB_38,nonbankrupt,,ACRV,Acrivon Therapeutics Inc. Common Stock,Health Care,Biotechnology: Pharmaceutical Preparations,ACRV US Equity,,1993-06-18,2026-05-02,Health Care,Biotech & Pharma,2020-12-31,2025-12-31,2022-11-30,2026-04-30,2020-12-31,2026-04-30,6,42
NB_380,nonbankrupt,,BJDX,Bluejay Diagnostics Inc. Common Stock,Health Care,Medical/Dental Instruments,BJDX US Equity,,1993-06-18,2026-05-02,Health Care,Medical Equipment & Devices,2019-12-31,2025-12-31,2021-11-30,2026-04-30,2019-12-31,2026-04-30,7,54
NB_381,nonbankrupt,,BJRI,BJ's Restaurants Inc. Common Stock,Consumer Discretionary,Restaurants,BJRI US Equity,,1993-06-18,2026-05-02,Consumer Discretionary,Leisure Facilities & Services,1995-12-31,2025-12-30,1996-10-31,2026-04-30,1995-12-31,2026-04-30,27,355
NB_382,nonbankrupt,,BKD,Brookdale Senior Living Inc. Common Stock,Health Care,Hospital/Nursing Management,BKD US Equity,,1993-06-18,2026-05-02,Health Care,Health Care Facilities & Svcs,2005-12-31,2025-12-31,2005-11-30,2026-04-30,1999-12-31,2026-04-30,21,246
NB_383,nonbankrupt,,BKE,Buckle Inc. (The) Common Stock,Consumer Discretionary,Clothing/Shoe/Accessory Stores,BKE US Equity,,1993-06-18,2026-05-02,Consumer Discretionary,Retail - Discretionary,1994-01-29,2026-01-31,1993-06-30,2026-04-30,1993-06-30,2026-04-30,33,395
NB_384,nonbankrupt,,BKH,Black Hills Corporation Common Stock,Utilities,Electric Utilities: Central,BKH US Equity,,1993-06-18,2026-05-02,Utilities,Electric Utilities,1993-12-31,2025-12-31,1993-06-30,2026-04-30,1993-06-30,2026-04-30,33,395
NB_385,nonbankrupt,,BKHA,Black Hawk Acquisition Corporation Class A Ordinary Shares,Health Care,Biotechnology: Biological Products (No Diagnostic Substances),BKHA US Equity,,1993-06-18,2026-05-02,Financials,Asset Management,2023-11-30,2025-11-30,2024-05-31,2026-04-30,2023-11-30,2026-04-30,3,24
NB_386,nonbankrupt,,BKHAR,Black Hawk Acquisition Corporation Rights,Health Care,Biotechnology: Biological Products (No Diagnostic Substances),BKHAR US Equity,,1993-06-18,2026-05-02,Financials,Asset Management,2023-11-30,2025-11-30,2024-05-31,2026-04-30,2023-11-30,2026-04-30,3,24
NB_387,nonbankrupt,,BKNG,Booking Holdings Inc. Common Stock,Consumer Discretionary,Transportation Services,BKNG US Equity,,1993-06-18,2026-05-02,Communications,Internet Media & Services,1998-12-31,2025-12-31,1999-03-31,2026-04-30,1998-12-31,2026-04-30,28,326
NB_388,nonbankrupt,,BKR,Baker Hughes Company Class A Common Stock,Consumer Discretionary,Oil and Gas Field Machinery,BKR US Equity,,1993-06-18,2026-05-02,Energy,Oil & Gas Services & Equip,1993-09-30,2025-12-31,1993-06-30,2026-04-30,1993-06-30,2026-04-30,33,395
NB_389,nonbankrupt,,BKSY,BlackSky Technology Inc. Class A Common Stock,Technology,Radio And Television Broadcasting And Communications Equipment,BKSY US Equity,,1993-06-18,2026-05-02,Communications,Telecommunications,2018-12-31,2025-12-31,2019-12-31,2026-04-30,2018-12-31,2026-04-30,8,77
NB_39,nonbankrupt,,ACTU,Actuate Therapeutics Inc. Common stock,Health Care,Biotechnology: Pharmaceutical Preparations,ACTU US Equity,,1993-06-18,2026-05-02,Health Care,Biotech & Pharma,2024-12-31,2025-12-31,2024-08-30,2026-04-30,2024-08-30,2026-04-30,2,21
NB_390,nonbankrupt,,BKTI,BK Technologies Corporation Common Stock,Technology,Radio And Television Broadcasting And Communications Equipment,BKTI US Equity,,1993-06-18,2026-05-02,Technology,Technology Hardware,1993-12-31,2025-12-31,1993-06-30,2026-04-30,1993-06-30,2026-04-30,33,395
NB_391,nonbankrupt,,BKV,BKV Corporation Common Stock,Energy,Oil & Gas Production,BKV US Equity,,1993-06-18,2026-05-02,Energy,Oil & Gas Supply Chain,2020-12-31,2025-12-31,2024-09-30,2026-04-30,2020-12-31,2026-04-30,6,20
NB_392,nonbankrupt,,BKYI,BIO-key International Inc. Common Stock,Technology,Computer Software: Prepackaged Software,BKYI US Equity,,1993-06-18,2026-05-02,Technology,Technology Hardware,1994-12-31,2025-12-31,1997-02-28,2026-04-30,1994-12-31,2026-04-30,32,351
NB_393,nonbankrupt,,BL,BlackLine Inc. Common Stock,Technology,Computer Software: Prepackaged Software,BL US Equity,,1993-06-18,2026-05-02,Technology,Software,2014-12-31,2025-12-31,2016-10-31,2026-04-30,2014-12-31,2026-04-30,12,115
NB_394,nonbankrupt,,BLBD,Blue Bird Corporation Common Stock,Consumer Discretionary,Construction/Ag Equipment/Trucks,BLBD US Equity,,1993-06-18,2026-05-02,Industrials,Transportation Equipment,2013-12-31,2025-09-27,2014-03-31,2026-04-30,2013-12-31,2026-04-30,13,145
NB_395,nonbankrupt,,BLDR,Builders FirstSource Inc. Common Stock,Consumer Discretionary,RETAIL: Building Materials,BLDR US Equity,,1993-06-18,2026-05-02,Consumer Discretionary,Retail - Discretionary,2003-12-31,2025-12-31,2005-06-30,2026-04-30,2002-12-31,2026-04-30,23,251
NB_396,nonbankrupt,,BLFS,BioLife Solutions Inc. Common Stock,Health Care,Biotechnology: Electromedical & Electrotherapeutic Apparatus,BLFS US Equity,,1993-06-18,2026-05-02,Health Care,Medical Equipment & Devices,1994-06-30,2025-12-31,1993-06-30,2026-04-30,1993-06-30,2026-04-30,32,395
NB_397,nonbankrupt,,BLIN,Bridgeline Digital Inc. Common Stock,Technology,Computer Software: Prepackaged Software,BLIN US Equity,,1993-06-18,2026-05-02,Technology,Software,2005-09-30,2025-09-30,2007-06-29,2026-04-30,2005-09-30,2026-04-30,21,227
NB_398,nonbankrupt,,BLKB,Blackbaud Inc. Common Stock,Technology,Computer Software: Prepackaged Software,BLKB US Equity,,1993-06-18,2026-05-02,Technology,Software,2002-12-31,2025-12-31,2004-07-30,2026-04-30,2002-12-31,2026-04-30,24,262
NB_399,nonbankrupt,,BLLN,BillionToOne Inc. Class A Common Stock,Health Care,Medical Specialities,BLLN US Equity,,1993-06-18,2026-05-02,Health Care,Medical Equipment & Devices,2023-12-31,2025-12-31,2025-11-28,2026-04-30,2023-12-31,2026-04-30,3,6
NB_4,nonbankrupt,,AAON,AAON Inc. Common Stock,Industrials,Industrial Machinery/Components,AAON US Equity,,1993-06-18,2026-05-02,Industrials,Electrical Equipment,1993-12-31,2025-12-31,1993-06-30,2026-04-30,1993-06-30,2026-04-30,33,395
NB_40,nonbankrupt,,ACU,Acme United Corporation. Common Stock,Consumer Discretionary,Industrial Machinery/Components,ACU US Equity,,1993-06-18,2026-05-02,Consumer Discretionary,Wholesale - Discretionary,1993-12-31,2025-12-31,1993-06-30,2026-04-30,1993-06-30,2026-04-30,28,395
NB_400,nonbankrupt,,BLMN,Bloomin' Brands Inc. Common Stock,Consumer Discretionary,Restaurants,BLMN US Equity,,1993-06-18,2026-05-02,Consumer Discretionary,Leisure Facilities & Services,2010-12-31,2025-12-28,2012-08-31,2026-04-30,2007-12-31,2026-04-30,16,165
NB_401,nonbankrupt,,BLND,Blend Labs Inc. Class A Common Stock,Technology,Computer Software: Programming Data Processing,BLND US Equity,,1993-06-18,2026-05-02,Technology,Software,2019-12-31,2025-12-31,2021-07-30,2026-04-30,2019-12-31,2026-04-30,7,58
NB_402,nonbankrupt,,BLSM,BlossomHill Therapeutics Inc. Common Stock,Health Care,Biotechnology: Pharmaceutical Preparations,BLSM US Equity,,1993-06-18,2026-05-02,Health Care,Biotech & Pharma,2024-12-31,2025-12-31,,,2024-12-31,2025-12-31,2,0
NB_403,nonbankrupt,,BLTE,Belite Bio Inc American Depositary Shares,Health Care,Biotechnology: Pharmaceutical Preparations,BLTE US Equity,,1993-06-18,2026-05-02,Health Care,Biotech & Pharma,2020-12-31,2025-12-31,2022-04-29,2026-04-30,2020-12-31,2026-04-30,6,49
NB_405,nonbankrupt,,BLZE,Backblaze Inc. Class A Common Stock,Technology,Computer Software: Prepackaged Software,BLZE US Equity,,1993-06-18,2026-05-02,Technology,Software,2019-12-31,2025-12-31,2021-11-30,2026-04-30,2019-12-31,2026-04-30,7,54
NB_406,nonbankrupt,,BMBL,Bumble Inc. Class A Common Stock,Technology,Computer Software: Programming Data Processing,BMBL US Equity,,1993-06-18,2026-05-02,Communications,Internet Media & Services,2018-12-31,2025-12-31,2021-02-26,2026-04-30,2018-12-31,2026-04-30,8,63
NB_407,nonbankrupt,,BMEA,Biomea Fusion Inc. Common Stock,Health Care,Biotechnology: Pharmaceutical Preparations,BMEA US Equity,,1993-06-18,2026-05-02,Health Care,Biotech & Pharma,2019-12-31,2025-12-31,2021-04-30,2026-04-30,2019-12-31,2026-04-30,7,61
NB_408,nonbankrupt,,BMI,Badger Meter Inc. Common Stock,Industrials,Industrial Machinery/Components,BMI US Equity,,1993-06-18,2026-05-02,Industrials,Electrical Equipment,1993-12-31,2025-12-31,1993-06-30,2026-04-30,1993-06-30,2026-04-30,32,395
NB_409,nonbankrupt,,BMRA,Biomerica Inc. Common Stock,Health Care,Biotechnology: In Vitro & In Vivo Diagnostic Substances,BMRA US Equity,,1993-06-18,2026-05-02,Health Care,Medical Equipment & Devices,1994-05-31,2025-05-31,1993-06-30,2026-04-30,1993-06-30,2026-04-30,32,395
NB_41,nonbankrupt,,ACVA,ACV Auctions Inc. Class A Common Stock,Consumer Discretionary,Business Services,ACVA US Equity,,1993-06-18,2026-05-02,Technology,Software,2019-12-31,2025-12-31,2021-03-31,2026-04-30,2019-12-31,2026-04-30,7,62
NB_410,nonbankrupt,,BMRN,BioMarin Pharmaceutical Inc. Common Stock,Health Care,Biotechnology: Pharmaceutical Preparations,BMRN US Equity,,1993-06-18,2026-05-02,Health Care,Biotech & Pharma,1997-12-31,2025-12-31,1999-07-30,2026-04-30,1997-12-31,2026-04-30,29,322
NB_411,nonbankrupt,,BMY,Bristol-Myers Squibb Company Common Stock,Health Care,Biotechnology: Pharmaceutical Preparations,BMY US Equity,,1993-06-18,2026-05-02,Health Care,Biotech & Pharma,1993-12-31,2025-12-31,1993-06-30,2026-04-30,1993-06-30,2026-04-30,33,395
NB_412,nonbankrupt,,BNAI,Brand Engagement Network Inc. Common Stock,Technology,EDP Services,BNAI US Equity,,1993-06-18,2026-05-02,Technology,Software,2020-12-31,2025-12-31,2021-04-30,2026-04-30,2020-12-31,2026-04-30,6,61
NB_414,nonbankrupt,,BNC,CEA Industries Inc. Common Stock,Consumer Staples,Farming/Seeds/Milling,BNC US Equity,,1993-06-18,2026-05-02,Financials,Asset Management,2009-11-30,2026-04-30,2011-04-29,2026-04-30,2009-11-30,2026-04-30,15,156
NB_416,nonbankrupt,,BNED,Barnes & Noble Education Inc Common Stock,Consumer Discretionary,Other Specialty Stores,BNED US Equity,,1993-06-18,2026-05-02,Consumer Discretionary,Retail - Discretionary,2015-05-02,2026-05-02,2015-07-31,2026-04-30,2015-05-02,2026-05-02,12,130
NB_417,nonbankrupt,,BNGO,Bionano Genomics Inc. Common Stock,Industrials,Biotechnology: Laboratory Analytical Instruments,BNGO US Equity,,1993-06-18,2026-05-02,Health Care,Medical Equipment & Devices,2016-12-31,2025-12-31,2018-09-28,2026-04-30,2016-12-31,2026-04-30,10,92
NB_418,nonbankrupt,,BNKK,Bonk Inc. Common Stock,Consumer Discretionary,Package Goods/Cosmetics,BNKK US Equity,,1993-06-18,2026-05-02,Consumer Staples,Household Products,2018-12-31,2025-12-31,2020-10-30,2026-04-30,2018-12-31,2026-04-30,8,67
NB_419,nonbankrupt,,BNTC,Benitec Biopharma Inc. Common Stock,Health Care,Biotechnology: Pharmaceutical Preparations,BNTC US Equity,,1993-06-18,2026-05-02,Health Care,Biotech & Pharma,1997-06-30,2025-06-30,2014-06-30,2026-04-30,1997-06-30,2026-04-30,28,143
NB_42,nonbankrupt,,ACXP,Acurx Pharmaceuticals Inc. Common Stock,Health Care,Biotechnology: Pharmaceutical Preparations,ACXP US Equity,,1993-06-18,2026-05-02,Health Care,Biotech & Pharma,2019-12-31,2025-12-31,2021-06-30,2026-04-30,2019-12-31,2026-04-30,7,59
NB_420,nonbankrupt,,BODI,The Beachbody Company Inc. Class A Common Stock,Consumer Discretionary,Other Consumer Services,BODI US Equity,,1993-06-18,2026-05-02,Consumer Staples,Food,2020-12-31,2025-12-31,2021-01-29,2026-04-30,2020-11-30,2026-04-30,6,64
NB_421,nonbankrupt,,BOF,BranchOut Food Inc. Common Stock,Consumer Staples,Packaged Foods,BOF US Equity,,1993-06-18,2026-05-02,Consumer Staples,Food,2021-12-31,2025-12-31,2023-06-30,2026-04-30,2021-12-31,2026-04-30,5,35
NB_422,nonbankrupt,,BOLD,Boundless Bio Inc. Common Stock,Health Care,Biotechnology: Pharmaceutical Preparations,BOLD US Equity,,1993-06-18,2026-05-02,Health Care,Biotech & Pharma,2022-12-31,2025-12-31,2024-03-29,2026-04-30,2022-12-31,2026-04-30,4,26
NB_423,nonbankrupt,,BOLT,Bolt Biotherapeutics Inc. Common Stock,Health Care,Biotechnology: Pharmaceutical Preparations,BOLT US Equity,,1993-06-18,2026-05-02,Health Care,Biotech & Pharma,2018-12-31,2025-12-31,2021-02-26,2026-04-30,2018-12-31,2026-04-30,8,63
NB_424,nonbankrupt,,BOOM,DMC Global Inc. Common Stock,Industrials,Industrial Specialties,BOOM US Equity,,1993-06-18,2026-05-02,Energy,Oil & Gas Services & Equip,1993-10-31,2025-12-31,1993-06-30,2026-04-30,1993-06-30,2026-04-30,33,395
NB_425,nonbankrupt,,BOOT,Boot Barn Holdings Inc. Common Stock,Consumer Discretionary,Clothing/Shoe/Accessory Stores,BOOT US Equity,,1993-06-18,2026-05-02,Consumer Discretionary,Retail - Discretionary,2013-03-30,2026-03-28,2014-10-31,2026-04-30,2012-12-31,2026-04-30,14,139
NB_426,nonbankrupt,,BOX,Box Inc. Class A Common Stock,Technology,Computer Software: Prepackaged Software,BOX US Equity,,1993-06-18,2026-05-02,Technology,Software,2013-01-31,2026-01-31,2015-01-30,2026-04-30,2011-12-31,2026-04-30,14,136
NB_427,nonbankrupt,,BR,Broadridge Financial Solutions Inc. Common Stock,Consumer Discretionary,Business Services,BR US Equity,,1993-06-18,2026-05-02,Financials,Specialty Finance,2005-06-30,2025-06-30,2007-03-30,2026-04-30,2005-06-30,2026-04-30,21,230
NB_428,nonbankrupt,,BRBR,BellRing Brands Inc. Common Stock,Consumer Staples,Packaged Foods,BRBR US Equity,,1993-06-18,2026-05-02,Consumer Staples,Food,2017-09-30,2025-09-30,2022-02-28,2026-04-30,2016-09-30,2026-04-30,9,51
NB_429,nonbankrupt,,BRC,Brady Corporation Common Stock,Consumer Discretionary,Miscellaneous manufacturing industries,BRC US Equity,,1993-06-18,2026-05-02,Industrials,Commercial Support Services,1993-07-31,2025-07-31,1993-06-30,2026-04-30,1993-06-30,2026-04-30,33,395
NB_43,nonbankrupt,,AD,Array Digital Infrastructure Inc. Common Shares,Telecommunications,Telecommunications Equipment,AD US Equity,,1993-06-18,2026-05-02,Communications,Telecommunications,1993-12-31,2025-12-31,1993-06-30,2026-04-30,1993-06-30,2026-04-30,33,395
NB_430,nonbankrupt,,BRCB,Black Rock Coffee Bar Inc. Class A Common Stock,Consumer Discretionary,Restaurants,BRCB US Equity,,1993-06-18,2026-05-02,Consumer Discretionary,Leisure Facilities & Services,2025-12-31,2025-12-31,2025-09-30,2026-04-30,2024-12-31,2026-04-30,1,8
NB_431,nonbankrupt,,BRCC,BRC Inc. Class A Common Stock,Consumer Staples,Beverages (Production/Distribution),BRCC US Equity,,1993-06-18,2026-05-02,Consumer Staples,Beverages,2019-12-31,2025-12-31,2021-05-31,2026-04-30,2019-12-31,2026-04-30,7,60
NB_432,nonbankrupt,,BRFH,Barfresh Food Group Inc. Common Stock,Consumer Staples,Packaged Foods,BRFH US Equity,,1993-06-18,2026-05-02,Consumer Staples,Beverages,2012-03-31,2025-12-31,2011-08-31,2026-04-30,2011-08-31,2026-04-30,14,172
NB_433,nonbankrupt,,BRID,Bridgford Foods Corporation Common Stock,Consumer Staples,Specialty Foods,BRID US Equity,,1993-06-18,2026-05-02,Consumer Staples,Food,1993-10-29,2025-10-31,1993-06-30,2026-04-30,1993-06-30,2026-04-30,31,395
NB_434,nonbankrupt,,BRKHU,Burtech Acquisition Corp II Unit,Technology,Semiconductors,BRKHU US Equity,,1993-06-18,2026-05-02,Financials,Asset Management,2025-12-31,2025-12-31,,,2025-12-31,2025-12-31,1,0
NB_435,nonbankrupt,,BRKR,Bruker Corporation Common Stock,Industrials,Biotechnology: Laboratory Analytical Instruments,BRKR US Equity,,1993-06-18,2026-05-02,Health Care,Medical Equipment & Devices,1998-12-31,2025-12-31,2000-08-31,2026-04-30,1998-12-31,2026-04-30,28,309
NB_437,nonbankrupt,,BRLT,Brilliant Earth Group Inc. Class A Common Stock,Consumer Discretionary,Consumer Specialties,BRLT US Equity,,1993-06-18,2026-05-02,Consumer Discretionary,Apparel & Textile Products,2021-12-31,2025-12-31,2021-09-30,2026-04-30,2020-12-31,2026-04-30,5,56
NB_438,nonbankrupt,,BRN,Barnwell Industries Inc. Common Stock,Energy,Oil & Gas Production,BRN US Equity,,1993-06-18,2026-05-02,Energy,Oil & Gas Supply Chain,1993-09-30,2025-09-30,1993-06-30,2026-04-30,1993-06-30,2026-04-30,33,395
NB_439,nonbankrupt,,BROS,Dutch Bros Inc. Class A Common Stock,Consumer Discretionary,Restaurants,BROS US Equity,,1993-06-18,2026-05-02,Consumer Discretionary,Leisure Facilities & Services,2019-12-31,2025-12-31,2021-09-30,2026-04-30,2019-12-31,2026-04-30,7,56
NB_44,nonbankrupt,,ADBE,Adobe Inc. Common Stock,Technology,Computer Software: Prepackaged Software,ADBE US Equity,,1993-06-18,2026-05-02,Technology,Software,1993-11-26,2025-11-28,1993-06-30,2026-04-30,1993-06-30,2026-04-30,33,395
NB_440,nonbankrupt,,BRSL,Brightstar Lottery PLC Trading under the Legal Name to begin at the market open on July 21 2025. Ordinary Shares,Consumer Discretionary,Services-Misc. Amusement & Recreation,BRSL US Equity,,1993-06-18,2026-05-02,Consumer Discretionary,Leisure Facilities & Services,2014-12-31,2025-12-31,2015-04-30,2026-04-30,2014-12-31,2026-04-30,12,133
NB_441,nonbankrupt,,BRTX,BioRestorative Therapies Inc. Common Stock (NV),Health Care,Managed Health Care,BRTX US Equity,,1993-06-18,2026-05-02,Health Care,Biotech & Pharma,2019-12-31,2022-12-31,1994-06-30,2026-04-30,1994-06-30,2026-04-30,4,336
NB_442,nonbankrupt,,BRUN,Boost Run Inc. Class A Common Stock,Technology,EDP Services,BRUN US Equity,,1993-06-18,2026-05-02,Technology,Software,2025-12-31,2025-12-31,2024-12-31,2026-04-30,2024-12-31,2026-04-30,1,17
NB_443,nonbankrupt,,BRVE,Braveheart Bio Inc. Common Stock,Health Care,Biotechnology: Pharmaceutical Preparations,BRVE US Equity,,1993-06-18,2026-05-02,Health Care,Biotech & Pharma,2025-12-31,2025-12-31,,,2025-12-31,2025-12-31,1,0
NB_444,nonbankrupt,,BRZE,Braze Inc. Class A Common Stock,Technology,Computer Software: Prepackaged Software,BRZE US Equity,,1993-06-18,2026-05-02,Technology,Software,2020-01-31,2026-01-31,2021-11-30,2026-04-30,2020-01-31,2026-04-30,7,54
NB_445,nonbankrupt,,BSEM,BioStem Technologies Inc. Common Stock,Health Care,Biotechnology: Biological Products (No Diagnostic Substances),BSEM US Equity,,1993-06-18,2026-05-02,Health Care,Biotech & Pharma,2025-12-31,2025-12-31,1998-03-31,2026-04-30,1998-03-31,2026-04-30,1,338
NB_446,nonbankrupt,,BSET,Bassett Furniture Industries Incorporated Common Stock,Consumer Discretionary,Home Furnishings,BSET US Equity,,1993-06-18,2026-05-02,Consumer Discretionary,Retail - Discretionary,1993-11-30,2025-11-29,1993-06-30,2026-04-30,1993-06-30,2026-04-30,32,395
NB_447,nonbankrupt,,BSIN,Big Sky Industrial Inc. Common Stock,Energy,Oil & Gas Production,BSIN US Equity,,1993-06-18,2026-05-02,Energy,Oil & Gas Supply Chain,1994-05-31,2025-12-31,1993-06-30,2026-04-30,1993-06-30,2026-04-30,29,395
NB_448,nonbankrupt,,BSM,Black Stone Minerals L.P. Common units representing limited partner interests,Energy,Oil & Gas Production,BSM US Equity,,1993-06-18,2026-05-02,Energy,Oil & Gas Supply Chain,2013-12-31,2025-12-31,2015-04-30,2026-04-30,2013-12-31,2026-04-30,13,133
NB_449,nonbankrupt,,BSX,Boston Scientific Corporation Common Stock,Health Care,Medical/Dental Instruments,BSX US Equity,,1993-06-18,2026-05-02,Health Care,Medical Equipment & Devices,1993-12-31,2025-12-31,1993-06-30,2026-04-30,1993-06-30,2026-04-30,33,395
NB_45,nonbankrupt,,ADEA,Adeia Inc. Common Stock,Telecommunications,Cable & Other Pay Television Services,ADEA US Equity,,1993-06-18,2026-05-02,Technology,Software,1998-12-31,2025-12-31,1999-07-30,2026-04-30,1998-12-31,2026-04-30,26,271
NB_450,nonbankrupt,,BSY,Bentley Systems Incorporated Class B Common Stock,Technology,Computer Software: Prepackaged Software,BSY US Equity,,1993-06-18,2026-05-02,Technology,Software,2000-12-31,2025-12-31,2020-09-30,2026-04-30,1999-12-31,2026-04-30,10,68
NB_451,nonbankrupt,,BTBD,BT Brands Inc. Common Stock,Consumer Discretionary,Restaurants,BTBD US Equity,,1993-06-18,2026-05-02,Consumer Discretionary,Leisure Facilities & Services,2017-12-31,2025-12-28,2021-11-30,2026-04-30,2017-12-31,2026-04-30,6,54
NB_453,nonbankrupt,,BTLN,Brightline Interactive Inc. Common Stock,Technology,EDP Services,BTLN US Equity,,1993-06-18,2026-05-02,Technology,Software,2019-06-30,2025-06-30,2021-06-30,2026-04-30,2019-06-30,2026-04-30,7,59
NB_454,nonbankrupt,,BTMD,Biote Corp. Class A Common Stock,Health Care,Medicinal Chemicals and Botanical Products,BTMD US Equity,,1993-06-18,2026-05-02,Health Care,Health Care Facilities & Svcs,2020-12-31,2025-12-31,2021-04-30,2026-04-30,2020-12-31,2026-04-30,6,61
NB_455,nonbankrupt,,BTOC,Armlogi Holding Corp. Common Stock,Consumer Discretionary,Office Equipment/Supplies/Services,BTOC US Equity,,1993-06-18,2026-05-02,Industrials,Transportation & Logistics,2022-06-30,2025-06-30,2024-05-31,2026-04-30,2022-06-30,2026-04-30,4,24
NB_456,nonbankrupt,,BTSG,BrightSpring Health Services Inc. Common Stock,Health Care,Medical/Nursing Services,BTSG US Equity,,1993-06-18,2026-05-02,Health Care,Health Care Facilities & Svcs,2019-12-31,2025-12-31,2024-01-31,2026-04-30,2018-12-31,2026-04-30,7,28
NB_458,nonbankrupt,,BTU,Peabody Energy Corporation Common Stock,Energy,Coal Mining,BTU US Equity,,1993-06-18,2026-05-02,Materials,Metals & Mining,1998-03-31,2025-12-31,2017-04-28,2026-04-30,1998-03-31,2026-04-30,28,109
NB_459,nonbankrupt,,BURL,Burlington Stores Inc. Common Stock,Consumer Discretionary,Department/Specialty Retail Stores,BURL US Equity,,1993-06-18,2026-05-02,Consumer Discretionary,Retail - Discretionary,2012-01-28,2026-01-31,2013-10-31,2026-04-30,2008-05-31,2026-04-30,15,151
NB_46,nonbankrupt,,ADGM,Adagio Medical Holdings Inc Common Stock,Health Care,Medical/Dental Instruments,ADGM US Equity,,1993-06-18,2026-05-02,Health Care,Medical Equipment & Devices,2022-12-31,2025-12-31,2021-02-26,2026-04-30,2021-02-26,2026-04-30,4,63
NB_460,nonbankrupt,,BV,BrightView Holdings Inc. Common Stock,Consumer Staples,Farming/Seeds/Milling,BV US Equity,,1993-06-18,2026-05-02,Industrials,Commercial Support Services,2017-09-30,2025-09-30,2018-06-29,2026-04-30,2013-12-31,2026-04-30,9,95
NB_461,nonbankrupt,,BVS,Bioventus Inc. Class A Common Stock,Health Care,Medical/Dental Instruments,BVS US Equity,,1993-06-18,2026-05-02,Health Care,Medical Equipment & Devices,2014-12-31,2025-12-31,2021-02-26,2026-04-30,2013-12-31,2026-04-30,8,63
NB_462,nonbankrupt,,BW,Babcock & Wilcox Enterprises Inc. Common Stock,Industrials,Building Products,BW US Equity,,1993-06-18,2026-05-02,Industrials,Electrical Equipment,2014-12-31,2025-12-31,2015-06-30,2026-04-30,2012-03-12,2026-04-30,12,131
NB_463,nonbankrupt,,BWA,BorgWarner Inc. Common Stock,Consumer Discretionary,Auto Parts:O.E.M.,BWA US Equity,,1993-06-18,2026-05-02,Consumer Discretionary,Automotive,1993-12-31,2025-12-31,1993-08-31,2026-04-30,1993-08-31,2026-04-30,33,393
NB_464,nonbankrupt,,BWEN,Broadwind Inc. Common Stock,Telecommunications,Metal Fabrications,BWEN US Equity,,1993-06-18,2026-05-02,Energy,Renewable Energy,2004-12-31,2025-12-31,2004-03-31,2026-04-30,2004-03-31,2026-04-30,22,253
NB_465,nonbankrupt,,BWMN,Bowman Consulting Group Ltd. Common Stock,Consumer Discretionary,Professional Services,BWMN US Equity,,1993-06-18,2026-05-02,Industrials,Engineering & Construction,2019-12-31,2025-12-31,2021-05-31,2026-04-30,2019-12-31,2026-04-30,7,60
NB_466,nonbankrupt,,BWXT,BWX Technologies Inc. Common Stock,Industrials,Industrial Machinery/Components,BWXT US Equity,,1993-06-18,2026-05-02,Industrials,Electrical Equipment,2009-12-31,2025-12-31,2010-07-30,2026-04-30,2008-12-31,2026-04-30,17,190
NB_467,nonbankrupt,,BXBL,BOXABL Inc. Common stock,Consumer Discretionary,Homebuilding,BXBL US Equity,,1993-06-18,2026-05-02,Consumer Discretionary,Home Construction,2023-12-31,2025-12-31,2025-02-28,2026-04-30,2023-12-31,2026-04-30,3,15
NB_468,nonbankrupt,,BXC,Bluelinx Holdings Inc. Common Stock,Consumer Discretionary,Wholesale Distributors,BXC US Equity,,1993-06-18,2026-05-02,Consumer Discretionary,Retail - Discretionary,2005-01-01,2026-01-03,2004-12-31,2026-04-30,2004-12-31,2026-04-30,18,257
NB_469,nonbankrupt,,BYD,Boyd Gaming Corporation Common Stock,Consumer Discretionary,Hotels/Resorts,BYD US Equity,,1993-06-18,2026-05-02,Consumer Discretionary,Leisure Facilities & Services,1993-06-30,2025-12-31,1993-10-29,2026-04-30,1993-06-30,2026-04-30,33,391
NB_47,nonbankrupt,,ADI,Analog Devices Inc. Common Stock,Technology,Semiconductors,ADI US Equity,,1993-06-18,2026-05-02,Technology,Semiconductors,1993-10-30,2025-11-01,1993-06-30,2026-04-30,1993-06-30,2026-04-30,33,395
NB_470,nonbankrupt,,BYND,Beyond Meat Inc. Common Stock,Consumer Staples,Packaged Foods,BYND US Equity,,1993-06-18,2026-05-02,Consumer Staples,Food,2016-12-31,2025-12-31,2019-05-31,2026-04-30,2016-12-31,2026-04-30,10,84
NB_471,nonbankrupt,,BYSI,BeyondSpring Inc. Ordinary Shares,Health Care,Biotechnology: Pharmaceutical Preparations,BYSI US Equity,,1993-06-18,2026-05-02,Health Care,Biotech & Pharma,2014-12-31,2025-12-31,2017-03-31,2026-04-30,2014-12-31,2026-04-30,12,110
NB_472,nonbankrupt,,BZAI,Blaize Holdings Inc. Common Stock,Technology,Semiconductors,BZAI US Equity,,1993-06-18,2026-05-02,Technology,Semiconductors,2021-12-31,2025-12-31,2022-01-31,2026-04-30,2021-12-31,2026-04-30,5,52
NB_474,nonbankrupt,,BZFD,BuzzFeed Inc. Class A Common Stock,Consumer Discretionary,Telecommunications Equipment,BZFD US Equity,,1993-06-18,2026-05-02,Communications,Internet Media & Services,2019-12-31,2025-12-31,2021-03-31,2026-04-30,2019-12-31,2026-04-30,7,62
NB_476,nonbankrupt,,BZH,Beazer Homes USA Inc. Common Stock,Consumer Discretionary,Homebuilding,BZH US Equity,,1993-06-18,2026-05-02,Consumer Discretionary,Home Construction,1993-09-30,2025-09-30,1994-02-28,2026-04-30,1993-09-30,2026-04-30,33,387
NB_477,nonbankrupt,,CABA,Cabaletta Bio Inc. Common Stock,Health Care,Biotechnology: Biological Products (No Diagnostic Substances),CABA US Equity,,1993-06-18,2026-05-02,Health Care,Biotech & Pharma,2017-12-31,2025-12-31,2019-10-31,2026-04-30,2017-12-31,2026-04-30,9,79
NB_478,nonbankrupt,,CABO,Cable One Inc. Common Stock,Telecommunications,Cable & Other Pay Television Services,CABO US Equity,,1993-06-18,2026-05-02,Communications,Cable & Satellite,2013-12-31,2025-12-31,2015-06-30,2026-04-30,2012-12-31,2026-04-30,13,131
NB_479,nonbankrupt,,CABR,Caring Brands Inc. Common Stock,Consumer Discretionary,Package Goods/Cosmetics,CABR US Equity,,1993-06-18,2026-05-02,Consumer Staples,Household Products,2022-12-31,2025-12-31,1999-11-30,2026-04-30,1999-11-30,2026-04-30,4,12
NB_480,nonbankrupt,,CACI,CACI International Inc. Class A Common Stock,Technology,EDP Services,CACI US Equity,,1993-06-18,2026-05-02,Technology,IT Services,1993-06-30,2025-06-30,1993-06-30,2026-04-30,1993-06-30,2026-04-30,33,395
NB_481,nonbankrupt,,CADL,Candel Therapeutics Inc. Common Stock,Health Care,Biotechnology: Biological Products (No Diagnostic Substances),CADL US Equity,,1993-06-18,2026-05-02,Health Care,Biotech & Pharma,2020-12-31,2025-12-31,2021-07-30,2026-04-30,2020-12-31,2026-04-30,6,58
NB_482,nonbankrupt,,CAG,ConAgra Brands Inc. Common Stock,Consumer Staples,Packaged Foods,CAG US Equity,,1993-06-18,2026-05-02,Consumer Staples,Food,1994-05-29,2025-05-25,1993-06-30,2026-04-30,1993-06-30,2026-04-30,32,395
NB_483,nonbankrupt,,CAH,Cardinal Health Inc. Common Stock,Health Care,Other Pharmaceuticals,CAH US Equity,,1993-06-18,2026-05-02,Health Care,Health Care Facilities & Svcs,1994-06-30,2025-06-30,1993-06-30,2026-04-30,1993-06-30,2026-04-30,32,395
NB_484,nonbankrupt,,CAI,Caris Life Sciences Inc. Common Stock,Health Care,Medical Specialities,CAI US Equity,,1993-06-18,2026-05-02,Health Care,Medical Equipment & Devices,2023-12-31,2025-12-31,2025-06-30,2026-04-30,2023-12-31,2026-04-30,3,11
NB_485,nonbankrupt,,CAKE,Cheesecake Factory Incorporated (The) Common Stock,Consumer Discretionary,Restaurants,CAKE US Equity,,1993-06-18,2026-05-02,Consumer Discretionary,Leisure Facilities & Services,1994-01-02,2025-12-30,1993-06-30,2026-04-30,1993-06-30,2026-04-30,27,395
NB_486,nonbankrupt,,CAL,Caleres Inc. Common Stock,Consumer Discretionary,Shoe Manufacturing,CAL US Equity,,1993-06-18,2026-05-02,Consumer Discretionary,Retail - Discretionary,1994-01-29,2026-01-31,1993-06-30,2026-04-30,1993-06-30,2026-04-30,33,395
NB_487,nonbankrupt,,CALC,CalciMedica Inc. Common Stock,Health Care,Biotechnology: Pharmaceutical Preparations,CALC US Equity,,1993-06-18,2026-05-02,Health Care,Biotech & Pharma,2018-12-31,2025-12-31,2020-09-30,2026-04-30,2018-12-31,2026-04-30,8,68
NB_488,nonbankrupt,,CALM,Cal-Maine Foods Inc. Common Stock,Consumer Staples,Farming/Seeds/Milling,CALM US Equity,,1993-06-18,2026-05-02,Consumer Staples,Food,1995-06-03,2025-05-31,1996-12-31,2026-04-30,1994-06-30,2026-04-30,31,353
NB_489,nonbankrupt,,CALX,Calix Inc Common Stock,Consumer Discretionary,Telecommunications Equipment,CALX US Equity,,1993-06-18,2026-05-02,Technology,Software,2007-12-31,2025-12-31,2010-03-31,2026-04-30,2007-12-31,2026-04-30,19,194
NB_49,nonbankrupt,,ADIL,Adial Pharmaceuticals Inc Common Stock,Health Care,Biotechnology: Pharmaceutical Preparations,ADIL US Equity,,1993-06-18,2026-05-02,Health Care,Biotech & Pharma,2015-12-31,2025-12-31,2018-07-31,2026-04-30,2015-12-31,2026-04-30,10,94
NB_490,nonbankrupt,,CALY,Callaway Golf Company Common Stock,Consumer Discretionary,Recreational Games/Products/Toys,CALY US Equity,,1993-06-18,2026-05-02,Consumer Discretionary,Leisure Products,1993-12-31,2025-12-31,1993-06-30,2026-04-30,1993-06-30,2026-04-30,31,395
NB_491,nonbankrupt,,CAMP,CAMP4 Therapeutics Corporation Common Stock,Health Care,Biotechnology: Pharmaceutical Preparations,CAMP US Equity,,1993-06-18,2026-05-02,Health Care,Biotech & Pharma,2022-12-31,2025-12-31,2024-10-31,2026-04-30,2022-12-31,2026-04-30,4,19
NB_492,nonbankrupt,,CAPL,CrossAmerica Partners LP Common Units representing limited partner interests,Energy,Oil Refining/Marketing,CAPL US Equity,,1993-06-18,2026-05-02,Energy,Oil & Gas Supply Chain,2010-12-31,2025-12-31,2012-10-31,2026-04-30,2007-12-31,2026-04-30,16,163
NB_493,nonbankrupt,,CAPR,Capricor Therapeutics Inc. Common Stock,Health Care,Biotechnology: Pharmaceutical Preparations,CAPR US Equity,,1993-06-18,2026-05-02,Health Care,Biotech & Pharma,2007-12-31,2025-12-31,2002-06-28,2026-04-30,2002-06-28,2026-04-30,19,263
NB_494,nonbankrupt,,CAPS,Capstone Holding Corp. Common Stock,Consumer Discretionary,RETAIL: Building Materials,CAPS US Equity,,1993-06-18,2026-05-02,Consumer Discretionary,Retail - Discretionary,1993-12-31,2025-12-31,1993-06-30,2026-04-30,1993-06-30,2026-04-30,28,364
NB_495,nonbankrupt,,CAR,Avis Budget Group Inc. Common Stock,Consumer Discretionary,Rental/Leasing Companies,CAR US Equity,,1993-06-18,2026-05-02,Consumer Discretionary,Retail - Discretionary,1998-12-31,2025-12-31,1993-06-30,2026-04-30,1993-06-30,2026-04-30,28,395
NB_496,nonbankrupt,,CARG,CarGurus Inc. Class A Common Stock,Technology,EDP Services,CARG US Equity,,1993-06-18,2026-05-02,Communications,Internet Media & Services,2015-12-31,2025-12-31,2017-10-31,2026-04-30,2015-12-31,2026-04-30,11,103
NB_497,nonbankrupt,,CARL,Carlsmed Inc. Common Stock,Health Care,Medical/Dental Instruments,CARL US Equity,,1993-06-18,2026-05-02,Technology,Software,2023-12-31,2025-12-31,2025-07-31,2026-04-30,2023-12-31,2026-04-30,3,10
NB_498,nonbankrupt,,CARR,Carrier Global Corporation Common Stock,Industrials,Industrial Machinery/Components,CARR US Equity,,1993-06-18,2026-05-02,Industrials,Electrical Equipment,2018-12-31,2025-12-31,2020-03-31,2026-04-30,2017-12-31,2026-04-30,8,74
NB_499,nonbankrupt,,CARS,Cars.com Inc. Common Stock,Technology,EDP Services,CARS US Equity,,1993-06-18,2026-05-02,Communications,Internet Media & Services,2014-12-31,2025-12-31,2017-05-31,2026-04-30,2014-12-31,2026-04-30,12,108
NB_5,nonbankrupt,,AAP,Advance Auto Parts Inc.,Consumer Discretionary,Auto & Home Supply Stores,AAP US Equity,,1993-06-18,2026-05-02,Consumer Discretionary,Retail - Discretionary,1999-12-31,2026-01-03,2001-11-30,2026-04-30,1998-12-31,2026-04-30,23,294
NB_50,nonbankrupt,,ADM,Archer-Daniels-Midland Company Common Stock,Consumer Staples,Packaged Foods,ADM US Equity,,1993-06-18,2026-05-02,Consumer Staples,Wholesale - Consumer Staples,1993-06-30,2025-12-31,1993-06-30,2026-04-30,1993-06-30,2026-04-30,32,395
NB_500,nonbankrupt,,CART,Maplebear Inc. Common Stock,Consumer Discretionary,Business Services,CART US Equity,,1993-06-18,2026-05-02,Communications,Internet Media & Services,2021-12-31,2025-12-31,2023-09-29,2026-04-30,2019-12-31,2026-04-30,5,32
NB_501,nonbankrupt,,CASS,Cass Information Systems Inc Common Stock,Consumer Discretionary,Business Services,CASS US Equity,,1993-06-18,2026-05-02,Financials,Specialty Finance,1993-12-31,2025-12-31,1994-11-30,2026-04-30,1993-12-31,2026-04-30,33,369
NB_502,nonbankrupt,,CAST,FreeCast Inc. Class A Common Stock,Technology,EDP Services,CAST US Equity,,1993-06-18,2026-05-02,Communications,Entertainment Content,2018-06-30,2025-06-30,2026-03-31,2026-04-30,2018-06-30,2026-04-30,8,2
NB_503,nonbankrupt,,CASY,Casey's General Stores Inc. Common Stock,Consumer Discretionary,Retail-Auto Dealers and Gas Stations,CASY US Equity,,1993-06-18,2026-05-02,Consumer Staples,Retail - Consumer Staples,1994-04-30,2026-04-30,1993-06-30,2026-04-30,1993-06-30,2026-04-30,33,395
NB_504,nonbankrupt,,CAT,Caterpillar Inc. Common Stock,Industrials,Construction/Ag Equipment/Trucks,CAT US Equity,,1993-06-18,2026-05-02,Industrials,Machinery,1993-12-31,2025-12-31,1993-06-30,2026-04-30,1993-06-30,2026-04-30,33,395
NB_505,nonbankrupt,,CATO,Cato Corporation (The) Class A Common Stock,Consumer Discretionary,Clothing/Shoe/Accessory Stores,CATO US Equity,,1993-06-18,2026-05-02,Consumer Discretionary,Retail - Discretionary,1994-01-29,2026-01-31,1993-06-30,2026-04-30,1993-06-30,2026-04-30,33,395
NB_506,nonbankrupt,,CATX,Perspective Therapeutics Inc. Common Stock,Health Care,Biotechnology: Pharmaceutical Preparations,CATX US Equity,,1993-06-18,2026-05-02,Health Care,Biotech & Pharma,2004-09-30,2025-12-31,2005-08-31,2026-04-30,1997-03-31,2026-04-30,22,249
NB_507,nonbankrupt,,CAVA,CAVA Group Inc. Common Stock,Consumer Discretionary,Restaurants,CAVA US Equity,,1993-06-18,2026-05-02,Consumer Discretionary,Leisure Facilities & Services,2021-12-26,2025-12-28,2023-06-30,2026-04-30,2021-12-26,2026-04-30,5,35
NB_508,nonbankrupt,,CBIO,Crescent Biopharma Inc. Common Stock,Health Care,Biotechnology: Pharmaceutical Preparations,CBIO US Equity,,1993-06-18,2026-05-02,Health Care,Biotech & Pharma,2011-12-31,2025-12-31,2014-01-31,2026-04-30,2011-12-31,2026-04-30,15,148
NB_509,nonbankrupt,,CBLL,CeriBell Inc. Common Stock,Health Care,Biotechnology: Electromedical & Electrotherapeutic Apparatus,CBLL US Equity,,1993-06-18,2026-05-02,Health Care,Medical Equipment & Devices,2022-12-31,2025-12-31,2024-10-31,2026-04-30,2022-12-31,2026-04-30,4,19
NB_51,nonbankrupt,,ADMA,ADMA Biologics Inc Common Stock,Health Care,Biotechnology: Biological Products (No Diagnostic Substances),ADMA US Equity,,1993-06-18,2026-05-02,Health Care,Biotech & Pharma,2011-12-31,2025-12-31,2013-10-31,2026-04-30,2011-12-31,2026-04-30,15,151
NB_510,nonbankrupt,,CBRL,Cracker Barrel Old Country Store Inc Common Stock,Consumer Discretionary,Restaurants,CBRL US Equity,,1993-06-18,2026-05-02,Consumer Discretionary,Leisure Facilities & Services,1993-07-30,2025-08-01,1993-06-30,2026-04-30,1993-06-30,2026-04-30,33,395
NB_511,nonbankrupt,,CBRS,Cerebras Systems Inc. Class A Common Stock,Technology,Semiconductors,CBRS US Equity,,1993-06-18,2026-05-02,Technology,Semiconductors,2024-12-31,2025-12-31,,,2024-12-31,2025-12-31,2,0
NB_512,nonbankrupt,,CBT,Cabot Corporation Common Stock,Industrials,Major Chemicals,CBT US Equity,,1993-06-18,2026-05-02,Materials,Chemicals,1993-09-30,2025-09-30,1993-06-30,2026-04-30,1993-06-30,2026-04-30,33,395
NB_513,nonbankrupt,,CBUS,Cibus Inc. Class A Common Stock,Industrials,Agricultural Chemicals,CBUS US Equity,,1993-06-18,2026-05-02,Materials,Chemicals,2015-12-31,2025-12-31,2017-07-31,2026-04-30,2015-12-31,2026-04-30,11,106
NB_514,nonbankrupt,,CBZ,CBIZ Inc. Common Stock,Consumer Discretionary,Business Services,CBZ US Equity,,1993-06-18,2026-05-02,Industrials,Commercial Support Services,1996-12-31,2025-12-31,1995-04-28,2026-04-30,1995-04-28,2026-04-30,30,373
NB_515,nonbankrupt,,CC,Chemours Company (The) Common Stock,Industrials,Major Chemicals,CC US Equity,,1993-06-18,2026-05-02,Materials,Chemicals,2012-12-31,2025-12-31,2015-06-30,2026-04-30,2011-12-31,2026-04-30,14,131
NB_516,nonbankrupt,,CCC,CCC Intelligent Solutions Holdings Inc. Common Stock,Technology,Computer Software: Prepackaged Software,CCC US Equity,,1993-06-18,2026-05-02,Technology,Software,2019-12-31,2025-12-31,2020-10-30,2026-04-30,2018-12-31,2026-04-30,7,67
NB_517,nonbankrupt,,CCCC,C4 Therapeutics Inc. Common Stock,Health Care,Biotechnology: Biological Products (No Diagnostic Substances),CCCC US Equity,,1993-06-18,2026-05-02,Health Care,Biotech & Pharma,2018-12-31,2025-12-31,2020-10-30,2026-04-30,2018-12-31,2026-04-30,8,67
NB_518,nonbankrupt,,CCEL,Cryo-Cell International Inc. Common Stock,Health Care,Misc Health and Biotechnology Services,CCEL US Equity,,1993-06-18,2026-05-02,Health Care,Health Care Facilities & Svcs,1994-12-31,2025-11-30,1994-04-29,2026-04-30,1994-04-29,2026-04-30,32,385
NB_519,nonbankrupt,,CCK,Crown Holdings Inc.,Industrials,Containers/Packaging,CCK US Equity,,1993-06-18,2026-05-02,Materials,Containers & Packaging,1993-12-31,2025-12-31,1993-06-30,2026-04-30,1993-06-30,2026-04-30,33,395
NB_52,nonbankrupt,,ADNT,Adient plc Ordinary Shares,Consumer Discretionary,Auto Parts:O.E.M.,ADNT US Equity,,1993-06-18,2026-05-02,Consumer Discretionary,Automotive,2012-09-30,2025-09-30,2016-10-31,2026-04-30,2012-09-30,2026-04-30,14,115
NB_520,nonbankrupt,,CCL,Carnival Corporation Ltd. Common Shares,Consumer Discretionary,Marine Transportation,CCL US Equity,,1993-06-18,2026-05-02,Consumer Discretionary,Leisure Facilities & Services,1993-11-30,2025-11-30,1993-06-30,2026-04-30,1993-06-30,2026-04-30,33,395
NB_521,nonbankrupt,,CCLD,CareCloud Inc. Common Stock,Technology,Computer Software: Prepackaged Software,CCLD US Equity,,1993-06-18,2026-05-02,Technology,Software,2011-12-31,2025-12-31,2014-07-31,2026-04-30,2008-12-31,2026-04-30,15,142
NB_522,nonbankrupt,,CCO,Clear Channel Outdoor Holdings Inc. Common Stock,Consumer Discretionary,Advertising,CCO US Equity,,1993-06-18,2026-05-02,Communications,Publishing & Broadcasting,2003-12-31,2025-12-31,2005-11-30,2026-04-30,2003-12-31,2026-04-30,23,246
NB_523,nonbankrupt,,CCOI,Cogent Communications Holdings Inc.,Consumer Discretionary,Telecommunications Equipment,CCOI US Equity,,1993-06-18,2026-05-02,Communications,Telecommunications,1999-12-31,2025-12-31,2002-02-28,2026-04-30,1999-12-31,2026-04-30,27,291
NB_524,nonbankrupt,,CCS,Century Communities Inc. Common Stock,Consumer Discretionary,Homebuilding,CCS US Equity,,1993-06-18,2026-05-02,Consumer Discretionary,Home Construction,2012-12-31,2025-12-31,2014-06-30,2026-04-30,2012-12-31,2026-04-30,14,143
NB_525,nonbankrupt,,CCSI,Consensus Cloud Solutions Inc. Common Stock,Technology,Computer Software: Prepackaged Software,CCSI US Equity,,1993-06-18,2026-05-02,Technology,Software,2020-12-31,2025-12-31,2021-09-30,2026-04-30,2019-12-31,2026-04-30,6,56
NB_527,nonbankrupt,,CDE,Coeur Mining Inc. Common Stock,Basic Materials,Precious Metals,CDE US Equity,,1993-06-18,2026-05-02,Materials,Metals & Mining,1993-12-31,2025-12-31,1993-06-30,2026-04-30,1993-06-30,2026-04-30,32,395
NB_528,nonbankrupt,,CDIO,Cardio Diagnostics Holdings Inc. Common stock,Health Care,Biotechnology: In Vitro & In Vivo Diagnostic Substances,CDIO US Equity,,1993-06-18,2026-05-02,Health Care,Medical Equipment & Devices,2021-12-31,2025-12-31,2022-01-31,2026-04-30,2021-12-31,2026-04-30,5,52
NB_529,nonbankrupt,,CDLX,Cardlytics Inc. Common Stock,Technology,Computer Software: Programming Data Processing,CDLX US Equity,,1993-06-18,2026-05-02,Communications,Advertising & Marketing,2015-12-31,2025-12-31,2018-02-28,2026-04-30,2015-12-31,2026-04-30,11,99
NB_53,nonbankrupt,,ADP,Automatic Data Processing Inc. Common Stock,Technology,EDP Services,ADP US Equity,,1993-06-18,2026-05-02,Industrials,Commercial Support Services,1993-06-30,2025-06-30,1993-06-30,2026-04-30,1993-06-30,2026-04-30,33,395
NB_530,nonbankrupt,,CDNA,CareDx Inc. Common Stock,Health Care,Medical Specialities,CDNA US Equity,,1993-06-18,2026-05-02,Health Care,Medical Equipment & Devices,2012-12-31,2025-12-31,2014-07-31,2026-04-30,2012-12-31,2026-04-30,14,142
NB_531,nonbankrupt,,CDNL,Cardinal Infrastructure Group Inc. Class A Common Stock,Industrials,Military/Government/Technical,CDNL US Equity,,1993-06-18,2026-05-02,Industrials,Engineering & Construction,2025-12-31,2025-12-31,2025-12-31,2026-04-30,2025-12-31,2026-04-30,1,5
NB_532,nonbankrupt,,CDNS,Cadence Design Systems Inc. Common Stock,Technology,Computer Software: Prepackaged Software,CDNS US Equity,,1993-06-18,2026-05-02,Technology,Software,1993-12-31,2025-12-31,1993-06-30,2026-04-30,1993-06-30,2026-04-30,28,395
NB_533,nonbankrupt,,CDRE,Cadre Holdings Inc. Common Stock,Health Care,Industrial Specialties,CDRE US Equity,,1993-06-18,2026-05-02,Industrials,Machinery,2019-12-31,2025-12-31,2021-11-30,2026-04-30,2019-12-31,2026-04-30,7,54
NB_534,nonbankrupt,,CDT,CDT Equity Inc. Common Stock,Health Care,Biotechnology: Pharmaceutical Preparations,CDT US Equity,,1993-06-18,2026-05-02,Health Care,Biotech & Pharma,2021-12-31,2025-12-31,2022-03-31,2026-04-30,2021-12-31,2026-04-30,5,50
NB_536,nonbankrupt,,CDW,CDW Corporation Common Stock,Consumer Discretionary,Catalog/Specialty Distribution,CDW US Equity,,1993-06-18,2026-05-02,Technology,IT Services,2008-12-31,2025-12-31,2013-06-28,2026-04-30,2008-12-31,2026-04-30,18,155
NB_537,nonbankrupt,,CDXS,Codexis Inc. Common Stock,Industrials,Major Chemicals,CDXS US Equity,,1993-06-18,2026-05-02,Health Care,Biotech & Pharma,2006-12-31,2025-12-31,2010-04-30,2026-04-30,2006-12-31,2026-04-30,20,193
NB_538,nonbankrupt,,CDZI,CADIZ Inc. Common Stock,Utilities,Water Supply,CDZI US Equity,,1993-06-18,2026-05-02,Industrials,Machinery,1994-03-31,2025-12-31,1993-06-30,2026-04-30,1993-06-30,2026-04-30,32,395
NB_54,nonbankrupt,,ADPT,Adaptive Biotechnologies Corporation Common Stock,Health Care,Biotechnology: Biological Products (No Diagnostic Substances),ADPT US Equity,,1993-06-18,2026-05-02,Health Care,Medical Equipment & Devices,2017-12-31,2025-12-31,2019-06-28,2026-04-30,2017-12-31,2026-04-30,9,83
NB_540,nonbankrupt,,CE,Celanese Corporation Common Stock,Industrials,Major Chemicals,CE US Equity,,1993-06-18,2026-05-02,Materials,Chemicals,2002-12-31,2025-12-31,2005-01-31,2026-04-30,2002-12-31,2026-04-30,24,256
NB_541,nonbankrupt,,CECO,CECO Environmental Corp. Common Stock,Industrials,Pollution Control Equipment,CECO US Equity,,1993-06-18,2026-05-02,Industrials,Machinery,1993-12-31,2025-12-31,1993-06-30,2026-04-30,1993-06-30,2026-04-30,31,395
NB_542,nonbankrupt,,CEG,Constellation Energy Corporation Common Stock,Utilities,Electric Utilities: Central,CEG US Equity,,1993-06-18,2026-05-02,Utilities,Electric Utilities,2020-12-31,2025-12-31,2022-01-31,2026-04-30,2020-12-31,2026-04-30,6,52
NB_543,nonbankrupt,,CELC,Celcuity Inc. Common Stock,Health Care,Medical Specialities,CELC US Equity,,1993-06-18,2026-05-02,Health Care,Biotech & Pharma,2015-12-31,2025-12-31,2017-09-29,2026-04-30,2015-12-31,2026-04-30,11,104
NB_544,nonbankrupt,,CELH,Celsius Holdings Inc. Common Stock,Consumer Staples,Beverages (Production/Distribution),CELH US Equity,,1993-06-18,2026-05-02,Consumer Staples,Beverages,2007-12-31,2025-12-31,2006-11-30,2026-04-30,2006-11-30,2026-04-30,19,233
NB_545,nonbankrupt,,CELU,Celularity Inc. Class A Common Stock,Health Care,Biotechnology: Pharmaceutical Preparations,CELU US Equity,,1993-06-18,2026-05-02,Health Care,Biotech & Pharma,2018-12-31,2025-12-31,2019-08-30,2026-04-30,2018-12-31,2026-04-30,8,81
NB_546,nonbankrupt,,CELZ,Creative Medical Technology Holdings Inc. Common Stock,Health Care,Biotechnology: Biological Products (No Diagnostic Substances),CELZ US Equity,,1993-06-18,2026-05-02,Health Care,Biotech & Pharma,2019-12-31,2025-12-31,2015-11-30,2026-04-30,2011-05-31,2026-04-30,7,116
NB_547,nonbankrupt,,CENT,Central Garden & Pet Company Common Stock,Consumer Discretionary,Consumer Specialties,CENT US Equity,,1993-06-18,2026-05-02,Consumer Discretionary,Home & Office Products,1993-12-26,2025-09-27,1993-07-30,2026-04-30,1993-07-30,2026-04-30,33,394
NB_548,nonbankrupt,,CENTA,Central Garden & Pet Company Class A Common Stock Nonvoting,Consumer Discretionary,Consumer Specialties,CENTA US Equity,,1993-06-18,2026-05-02,Consumer Discretionary,Home & Office Products,1993-12-26,2025-09-27,2007-02-28,2026-04-30,1993-12-26,2026-04-30,33,231
NB_549,nonbankrupt,,CENX,Century Aluminum Company Common Stock,Industrials,Aluminum,CENX US Equity,,1993-06-18,2026-05-02,Materials,Metals & Mining,1994-12-31,2025-12-31,1996-03-29,2026-04-30,1994-12-31,2026-04-30,32,362
NB_55,nonbankrupt,,ADSK,Autodesk Inc. Common Stock,Technology,Computer Software: Prepackaged Software,ADSK US Equity,,1993-06-18,2026-05-02,Technology,Software,1994-01-31,2026-01-31,1993-06-30,2026-04-30,1993-06-30,2026-04-30,33,395
NB_550,nonbankrupt,,CEPL,Capstone Energy Plus Inc. Common Stock,Industrials,Industrial Machinery/Components,CEPL US Equity,,1993-06-18,2026-05-02,Industrials,Electrical Equipment,2026-03-31,2026-03-31,2025-01-31,2026-04-30,2024-12-31,2026-04-30,1,16
NB_551,nonbankrupt,,CERS,Cerus Corporation Common Stock,Health Care,Medical/Dental Instruments,CERS US Equity,,1993-06-18,2026-05-02,Health Care,Medical Equipment & Devices,1994-12-31,2025-12-31,1997-01-31,2026-04-30,1994-12-31,2026-04-30,27,352
NB_552,nonbankrupt,,CERT,Certara Inc. Common Stock,Technology,Computer Software: Prepackaged Software,CERT US Equity,,1993-06-18,2026-05-02,Health Care,Biotech & Pharma,2018-12-31,2025-12-31,2020-12-31,2026-04-30,2018-12-31,2026-04-30,8,65
NB_553,nonbankrupt,,CETX,Cemtrex Inc. Common Stock,Technology,Electrical Products,CETX US Equity,,1993-06-18,2026-05-02,Industrials,Machinery,2010-09-30,2025-09-30,1998-11-30,2026-04-30,1998-11-30,2026-04-30,16,302
NB_554,nonbankrupt,,CETY,Clean Energy Technologies Inc. Common Stock,Utilities,Oil/Gas Transmission,CETY US Equity,,1993-06-18,2026-05-02,Energy,Renewable Energy,2008-12-31,2025-12-31,2006-05-31,2026-04-30,2006-05-31,2026-04-30,18,234
NB_555,nonbankrupt,,CEVA,CEVA Inc. Common Stock,Technology,Computer Software: Programming Data Processing,CEVA US Equity,,1993-06-18,2026-05-02,Technology,Semiconductors,2001-12-31,2025-12-31,2002-11-29,2026-04-30,2001-12-31,2026-04-30,25,282
NB_556,nonbankrupt,,CF,CF Industries Holdings Inc. Common Stock,Industrials,Agricultural Chemicals,CF US Equity,,1993-06-18,2026-05-02,Materials,Chemicals,2003-12-31,2025-12-31,2005-08-31,2026-04-30,2002-12-31,2026-04-30,23,249
NB_557,nonbankrupt,,CGEM,Cullinan Therapeutics Inc. Common Stock,Health Care,Biotechnology: Biological Products (No Diagnostic Substances),CGEM US Equity,,1993-06-18,2026-05-02,Health Care,Biotech & Pharma,2018-12-31,2025-12-31,2021-01-29,2026-04-30,2018-12-31,2026-04-30,8,64
NB_558,nonbankrupt,,CGNX,Cognex Corporation Common Stock,Industrials,Industrial Machinery/Components,CGNX US Equity,,1993-06-18,2026-05-02,Industrials,Electrical Equipment,1993-12-31,2025-12-31,1993-06-30,2026-04-30,1993-06-30,2026-04-30,33,395
NB_559,nonbankrupt,,CGON,CG Oncology Inc. Common stock,Health Care,Biotechnology: Biological Products (No Diagnostic Substances),CGON US Equity,,1993-06-18,2026-05-02,Health Care,Biotech & Pharma,2021-12-31,2025-12-31,2024-01-31,2026-04-30,2021-12-31,2026-04-30,5,28
NB_56,nonbankrupt,,ADT,ADT Inc. Common Stock,Consumer Discretionary,Diversified Commercial Services,ADT US Equity,,1993-06-18,2026-05-02,Industrials,Commercial Support Services,2012-12-31,2025-12-31,2018-01-31,2026-04-30,2012-12-31,2026-04-30,14,100
NB_560,nonbankrupt,,CGTX,Cognition Therapeutics Inc. Common Stock,Health Care,Biotechnology: Biological Products (No Diagnostic Substances),CGTX US Equity,,1993-06-18,2026-05-02,Health Care,Biotech & Pharma,2019-12-31,2025-12-31,2021-10-29,2026-04-30,2019-12-31,2026-04-30,7,55
NB_561,nonbankrupt,,CHD,Church & Dwight Company Inc. Common Stock,Consumer Discretionary,Package Goods/Cosmetics,CHD US Equity,,1993-06-18,2026-05-02,Consumer Staples,Household Products,1993-12-31,2025-12-31,1993-06-30,2026-04-30,1993-06-30,2026-04-30,33,395
NB_562,nonbankrupt,,CHDN,Churchill Downs Incorporated Common Stock,Consumer Discretionary,Services-Misc. Amusement & Recreation,CHDN US Equity,,1993-06-18,2026-05-02,Consumer Discretionary,Leisure Facilities & Services,1993-12-31,2025-12-31,1993-06-30,2026-04-30,1993-06-30,2026-04-30,33,395
NB_563,nonbankrupt,,CHE,Chemed Corp,Health Care,Medical/Nursing Services,CHE US Equity,,1993-06-18,2026-05-02,Health Care,Health Care Facilities & Svcs,1993-12-31,2025-12-31,1993-06-30,2026-04-30,1993-06-30,2026-04-30,33,395
NB_564,nonbankrupt,,CHEF,The Chefs' Warehouse Inc. Common Stock,Consumer Discretionary,Food Distributors,CHEF US Equity,,1993-06-18,2026-05-02,Consumer Staples,Wholesale - Consumer Staples,2009-12-25,2025-12-26,2011-07-29,2026-04-30,2006-12-29,2026-04-30,17,178
NB_565,nonbankrupt,,CHGA,Change Agents Corporation Common Stock,Technology,EDP Services,CHGA US Equity,,1993-06-18,2026-05-02,Health Care,Health Care Facilities & Svcs,2016-12-31,2025-12-31,2016-12-30,2026-04-30,2016-12-30,2026-04-30,10,112
NB_566,nonbankrupt,,CHH,Choice Hotels International Inc. Common Stock,Consumer Discretionary,Hotels/Resorts,CHH US Equity,,1993-06-18,2026-05-02,Consumer Discretionary,Leisure Facilities & Services,1998-12-31,2025-12-31,1997-10-31,2026-04-30,1997-10-31,2026-04-30,28,343
NB_567,nonbankrupt,,CHRD,Chord Energy Corporation Common Stock,Energy,Oil & Gas Production,CHRD US Equity,,1993-06-18,2026-05-02,Energy,Oil & Gas Supply Chain,2008-12-31,2025-12-31,2020-11-30,2026-04-30,2008-12-31,2026-04-30,18,66
NB_568,nonbankrupt,,CHRN,ChronoScale Holdings Corporation Common Stock,Industrials,Industrial Machinery/Components,CHRN US Equity,,1993-06-18,2026-05-02,Health Care,Medical Equipment & Devices,2014-12-31,2026-03-31,2014-01-31,2026-04-30,2013-07-31,2026-04-30,12,148
NB_569,nonbankrupt,,CHRS,Coherus Oncology Inc. Common Stock,Health Care,Biotechnology: Biological Products (No Diagnostic Substances),CHRS US Equity,,1993-06-18,2026-05-02,Health Care,Biotech & Pharma,2012-12-31,2025-12-31,2014-11-28,2026-04-30,2012-12-31,2026-04-30,14,138
NB_57,nonbankrupt,,ADTN,ADTRAN Holdings Inc. Common Stock,Utilities,Telecommunications Equipment,ADTN US Equity,,1993-06-18,2026-05-02,Technology,Technology Hardware,1993-12-31,2025-12-31,1994-08-31,2026-04-30,1993-12-31,2026-04-30,33,381
NB_570,nonbankrupt,,CHRW,C.H. Robinson Worldwide Inc. Common Stock,Industrials,Integrated Freight & Logistics,CHRW US Equity,,1993-06-18,2026-05-02,Industrials,Transportation & Logistics,1995-12-31,2025-12-31,1997-10-31,2026-04-30,1995-12-31,2026-04-30,31,343
NB_576,nonbankrupt,,CHTR,Charter Communications Inc. Class A Common Stock New,Telecommunications,Cable & Other Pay Television Services,CHTR US Equity,,1993-06-18,2026-05-02,Communications,Cable & Satellite,2005-12-31,2025-12-31,2009-12-31,2026-04-30,2005-12-31,2026-04-30,21,197
NB_578,nonbankrupt,,CHWY,Chewy Inc. Class A Common Stock,Consumer Discretionary,Catalog/Specialty Distribution,CHWY US Equity,,1993-06-18,2026-05-02,Consumer Discretionary,E-Commerce Discretionary,2018-01-28,2026-02-01,2019-06-28,2026-04-30,2016-12-31,2026-04-30,9,83
NB_579,nonbankrupt,,CI,The Cigna Group Common Stock,Health Care,Medical Specialities,CI US Equity,,1993-06-18,2026-05-02,Health Care,Health Care Facilities & Svcs,1993-12-31,2025-12-31,1993-06-30,2026-04-30,1993-06-30,2026-04-30,33,395
NB_58,nonbankrupt,,ADUS,Addus HomeCare Corporation Common Stock,Health Care,Medical/Nursing Services,ADUS US Equity,,1993-06-18,2026-05-02,Health Care,Health Care Facilities & Svcs,2007-12-31,2025-12-31,2009-10-30,2026-04-30,2007-12-31,2026-04-30,19,199
NB_580,nonbankrupt,,CIEN,Ciena Corporation Common Stock,Utilities,Telecommunications Equipment,CIEN US Equity,,1993-06-18,2026-05-02,Technology,Technology Hardware,1995-10-31,2025-11-01,1997-02-28,2026-04-30,1995-10-31,2026-04-30,31,351
NB_581,nonbankrupt,,CING,Cingulate Inc. Common Stock,Health Care,Biotechnology: Pharmaceutical Preparations,CING US Equity,,1993-06-18,2026-05-02,Health Care,Biotech & Pharma,2019-12-31,2025-12-31,2021-12-31,2026-04-30,2019-12-31,2026-04-30,7,53
NB_582,nonbankrupt,,CIRC,Circle8 Group Inc. Common Stock,Industrials,Biotechnology: Laboratory Analytical Instruments,CIRC US Equity,,1993-06-18,2026-05-02,Health Care,Biotech & Pharma,2017-12-31,2025-12-31,2021-08-31,2026-04-30,2017-12-31,2026-04-30,9,57
NB_583,nonbankrupt,,CISO,CISO Global Inc. Common Stock,Consumer Discretionary,Professional Services,CISO US Equity,,1993-06-18,2026-05-02,Technology,Software,2018-12-31,2025-12-31,2020-06-30,2026-04-30,2018-12-31,2026-04-30,8,64
NB_584,nonbankrupt,,CIX,CompX International Inc. Common Stock,Consumer Discretionary,Industrial Machinery/Components,CIX US Equity,,1993-06-18,2026-05-02,Industrials,Electrical Equipment,1996-12-31,2025-12-31,1998-03-31,2026-04-30,1996-12-31,2026-04-30,30,338
NB_585,nonbankrupt,,CJMB,Callan JMB Inc. Common Stock,Consumer Discretionary,Business Services,CJMB US Equity,,1993-06-18,2026-05-02,Industrials,Transportation & Logistics,2022-12-31,2025-12-31,2025-02-28,2026-04-30,2022-12-31,2026-04-30,3,15
NB_586,nonbankrupt,,CKX,CKX Lands Inc. Common Stock,Energy,Oil & Gas Production,CKX US Equity,,1993-06-18,2026-05-02,Real Estate,Real Estate Owners & Developers,2000-12-31,2025-12-31,1994-04-29,2026-04-30,1994-04-29,2026-04-30,26,367
NB_587,nonbankrupt,,CL,Colgate-Palmolive Company Common Stock,Consumer Discretionary,Package Goods/Cosmetics,CL US Equity,,1993-06-18,2026-05-02,Consumer Staples,Household Products,1993-12-31,2025-12-31,1993-06-30,2026-04-30,1993-06-30,2026-04-30,33,395
NB_588,nonbankrupt,,CLAR,Clarus Corporation Common Stock,Consumer Discretionary,Recreational Games/Products/Toys,CLAR US Equity,,1993-06-18,2026-05-02,Consumer Discretionary,Leisure Products,1996-12-31,2025-12-31,1998-05-29,2026-04-30,1996-12-31,2026-04-30,29,336
NB_589,nonbankrupt,,CLDX,Celldex Therapeutics Inc.,Health Care,Biotechnology: In Vitro & In Vivo Diagnostic Substances,CLDX US Equity,,1993-06-18,2026-05-02,Health Care,Biotech & Pharma,1993-12-31,2025-12-31,1993-06-30,2026-04-30,1993-06-30,2026-04-30,27,395
NB_59,nonbankrupt,,ADV,Advantage Solutions Inc. Class A Common Stock,Consumer Discretionary,Business Services,ADV US Equity,,1993-06-18,2026-05-02,Communications,Advertising & Marketing,2019-12-31,2025-12-31,2019-09-30,2026-04-30,2019-09-30,2026-04-30,7,80
NB_590,nonbankrupt,,CLF,Cleveland-Cliffs Inc. Common Stock,Basic Materials,Metal Mining,CLF US Equity,,1993-06-18,2026-05-02,Materials,Steel,1993-12-31,2025-12-31,1993-06-30,2026-04-30,1993-06-30,2026-04-30,33,395
NB_591,nonbankrupt,,CLFD,Clearfield Inc. Common Stock,Utilities,Telecommunications Equipment,CLFD US Equity,,1993-06-18,2026-05-02,Technology,Technology Hardware,1994-03-31,2025-09-30,1993-06-30,2026-04-30,1993-06-30,2026-04-30,32,395
NB_592,nonbankrupt,,CLH,Clean Harbors Inc. Common Stock,Industrials,Environmental Services,CLH US Equity,,1993-06-18,2026-05-02,Industrials,Commercial Support Services,1993-12-31,2025-12-31,1993-06-30,2026-04-30,1993-06-30,2026-04-30,33,395
NB_593,nonbankrupt,,CLIR,ClearSign Technologies Corporation Common Stock (DE),Industrials,Industrial Machinery/Components,CLIR US Equity,,1993-06-18,2026-05-02,Industrials,Machinery,2009-12-30,2025-12-31,2012-04-30,2026-04-30,2009-12-30,2026-04-30,17,169
NB_594,nonbankrupt,,CLMB,Climb Global Solutions Inc. Common Stock,Technology,Retail: Computer Software & Peripheral Equipment,CLMB US Equity,,1993-06-18,2026-05-02,Consumer Discretionary,Wholesale - Discretionary,1993-12-31,2025-12-31,1995-07-31,2026-04-30,1993-12-31,2026-04-30,29,370
NB_595,nonbankrupt,,CLMT,Calumet Inc. Common Stock,Energy,Integrated oil Companies,CLMT US Equity,,1993-06-18,2026-05-02,Materials,Chemicals,2003-12-31,2025-12-31,2006-01-31,2026-04-30,2003-12-31,2026-04-30,23,244
NB_596,nonbankrupt,,CLNE,Clean Energy Fuels Corp. Common Stock,Utilities,Natural Gas Distribution,CLNE US Equity,,1993-06-18,2026-05-02,Energy,Oil & Gas Supply Chain,2005-12-31,2025-12-31,2007-05-31,2026-04-30,2005-12-31,2026-04-30,21,228
NB_597,nonbankrupt,,CLNN,Clene Inc. Common Stock,Health Care,Biotechnology: Pharmaceutical Preparations,CLNN US Equity,,1993-06-18,2026-05-02,Health Care,Biotech & Pharma,2020-12-31,2025-12-31,2018-08-31,2026-04-30,2018-08-31,2026-04-30,6,93
NB_598,nonbankrupt,,CLOV,Clover Health Investments Corp. Class A Common Stock,Health Care,Medical Specialities,CLOV US Equity,,1993-06-18,2026-05-02,Health Care,Health Care Facilities & Svcs,2019-12-31,2025-12-31,2020-06-30,2026-04-30,2019-12-31,2026-04-30,7,71
NB_599,nonbankrupt,,CLPT,ClearPoint Neuro Inc. Common Stock,Health Care,Medical/Dental Instruments,CLPT US Equity,,1993-06-18,2026-05-02,Health Care,Medical Equipment & Devices,2007-12-31,2025-12-31,2012-05-31,2026-04-30,2007-12-31,2026-04-30,17,168
NB_6,nonbankrupt,,AAPL,Apple Inc. Common Stock,Technology,Computer Manufacturing,AAPL US Equity,,1993-06-18,2026-05-02,Technology,Technology Hardware,1993-09-24,2025-09-27,1993-06-30,2026-04-30,1993-06-30,2026-04-30,33,395
NB_60,nonbankrupt,,AEE,Ameren Corporation Common Stock,Utilities,Power Generation,AEE US Equity,,1993-06-18,2026-05-02,Utilities,Electric Utilities,1996-12-31,2025-12-31,1998-01-30,2026-04-30,1995-12-31,2026-04-30,30,340
NB_600,nonbankrupt,,CLRB,Cellectar Biosciences Inc. Common Stock,Health Care,Biotechnology: Pharmaceutical Preparations,CLRB US Equity,,1993-06-18,2026-05-02,Health Care,Biotech & Pharma,2007-12-31,2025-12-31,2005-06-30,2026-04-30,2005-06-30,2026-04-30,19,251
NB_601,nonbankrupt,,CLRO,ClearOne Inc. Common Stock,Utilities,Telecommunications Equipment,CLRO US Equity,,1993-06-18,2026-05-02,Technology,Technology Hardware,1993-06-30,2025-12-31,1993-06-30,2026-04-30,1993-06-30,2026-04-30,33,393
NB_602,nonbankrupt,,CLW,Clearwater Paper Corporation Common Stock,Basic Materials,Paper,CLW US Equity,,1993-06-18,2026-05-02,Materials,Containers & Packaging,2007-12-31,2025-12-31,2008-12-31,2026-04-30,2007-12-31,2026-04-30,19,209
NB_603,nonbankrupt,,CLX,Clorox Company (The) Common Stock,Consumer Discretionary,Specialty Chemicals,CLX US Equity,,1993-06-18,2026-05-02,Consumer Staples,Household Products,1993-06-30,2025-06-30,1993-06-30,2026-04-30,1993-06-30,2026-04-30,33,395
NB_604,nonbankrupt,,CLYM,Climb Bio Inc. Common Stock,Health Care,Biotechnology: Pharmaceutical Preparations,CLYM US Equity,,1993-06-18,2026-05-02,Health Care,Biotech & Pharma,2019-12-31,2025-12-31,2021-08-31,2026-04-30,2019-12-31,2026-04-30,7,57
NB_605,nonbankrupt,,CMC,Commercial Metals Company Common Stock,Industrials,Steel/Iron Ore,CMC US Equity,,1993-06-18,2026-05-02,Materials,Steel,1993-08-31,2025-08-31,1993-06-30,2026-04-30,1993-06-30,2026-04-30,33,395
NB_606,nonbankrupt,,CMCO,Columbus McKinnon Corporation Common Stock,Industrials,Construction/Ag Equipment/Trucks,CMCO US Equity,,1993-06-18,2026-05-02,Industrials,Machinery,1994-03-31,2026-03-31,1996-02-29,2026-04-30,1994-03-31,2026-04-30,32,363
NB_607,nonbankrupt,,CMCSA,Comcast Corporation Class A Common Stock,Telecommunications,Cable & Other Pay Television Services,CMCSA US Equity,,1993-06-18,2026-05-02,Communications,Cable & Satellite,1993-12-31,2025-12-31,1993-06-30,2026-04-30,1993-06-30,2026-04-30,33,395
NB_608,nonbankrupt,,CMG,Chipotle Mexican Grill Inc. Common Stock,Consumer Discretionary,Restaurants,CMG US Equity,,1993-06-18,2026-05-02,Consumer Discretionary,Leisure Facilities & Services,2003-12-31,2025-12-31,2006-01-31,2026-04-30,2003-12-31,2026-04-30,23,244
NB_609,nonbankrupt,,CMI,Cummins Inc. Common Stock,Industrials,Industrial Machinery/Components,CMI US Equity,,1993-06-18,2026-05-02,Industrials,Transportation Equipment,1993-12-31,2025-12-31,1993-06-30,2026-04-30,1993-06-30,2026-04-30,33,395
NB_61,nonbankrupt,,AEHR,Aehr Test Systems Common Stock,Industrials,Electrical Products,AEHR US Equity,,1993-06-18,2026-05-02,Technology,Semiconductors,1996-05-31,2025-05-30,1997-08-29,2026-04-30,1996-05-31,2026-04-30,30,345
NB_610,nonbankrupt,,CMP,Compass Minerals Intl Inc Common Stock,Industrials,Mining & Quarrying of Nonmetallic Minerals (No Fuels),CMP US Equity,,1993-06-18,2026-05-02,Materials,Metals & Mining,2001-12-31,2025-09-30,2003-12-31,2026-04-30,2001-12-31,2026-04-30,25,269
NB_611,nonbankrupt,,CMPX,Compass Therapeutics Inc. Common Stock,Health Care,Biotechnology: Biological Products (No Diagnostic Substances),CMPX US Equity,,1993-06-18,2026-05-02,Health Care,Biotech & Pharma,2018-12-31,2025-12-31,2021-04-30,2026-04-30,2018-12-31,2026-04-30,8,61
NB_612,nonbankrupt,,CMRC,Commerce.com Inc. Series 1 Common Stock,Technology,Computer Software: Prepackaged Software,CMRC US Equity,,1993-06-18,2026-05-02,Technology,Software,2018-12-31,2025-12-31,2020-08-31,2026-04-30,2018-12-31,2026-04-30,8,69
NB_613,nonbankrupt,,CMS,CMS Energy Corporation Common Stock,Utilities,Power Generation,CMS US Equity,,1993-06-18,2026-05-02,Utilities,Electric Utilities,1993-12-31,2025-12-31,1993-06-30,2026-04-30,1993-06-30,2026-04-30,33,395
NB_617,nonbankrupt,,CMT,Core Molding Technologies Inc Common Stock,Industrials,Plastic Products,CMT US Equity,,1993-06-18,2026-05-02,Industrials,Industrial Intermediate Prod,1998-12-31,2025-12-31,1993-06-30,2026-04-30,1993-06-30,2026-04-30,28,395
NB_618,nonbankrupt,,CMTL,Comtech Telecommunications Corp. Common Stock,Technology,Radio And Television Broadcasting And Communications Equipment,CMTL US Equity,,1993-06-18,2026-05-02,Technology,Technology Hardware,1993-07-31,2025-07-31,1993-06-30,2026-04-30,1993-06-30,2026-04-30,33,395
NB_619,nonbankrupt,,CNC,Centene Corporation Common Stock,Health Care,Medical Specialities,CNC US Equity,,1993-06-18,2026-05-02,Health Care,Health Care Facilities & Svcs,1999-12-31,2025-12-31,2001-12-31,2026-04-30,1998-12-31,2026-04-30,26,293
NB_62,nonbankrupt,,AEIS,Advanced Energy Industries Inc. Common Stock,Technology,Industrial Machinery/Components,AEIS US Equity,,1993-06-18,2026-05-02,Industrials,Electrical Equipment,1993-12-31,2025-12-31,1995-11-30,2026-04-30,1993-12-31,2026-04-30,33,366
NB_620,nonbankrupt,,CNDT,Conduent Incorporated Common Stock,Consumer Discretionary,Business Services,CNDT US Equity,,1993-06-18,2026-05-02,Technology,IT Services,2011-12-31,2025-12-31,2016-12-30,2026-04-30,2011-12-31,2026-04-30,14,113
NB_621,nonbankrupt,,CNK,Cinemark Holdings Inc Cinemark Holdings Inc. Common Stock,Consumer Discretionary,Movies/Entertainment,CNK US Equity,,1993-06-18,2026-05-02,Consumer Discretionary,Leisure Facilities & Services,2005-12-31,2025-12-31,2007-04-30,2026-04-30,2005-12-31,2026-04-30,21,229
NB_622,nonbankrupt,,CNM,Core & Main Inc. Class A Common Stock,Consumer Discretionary,Durable Goods,CNM US Equity,,1993-06-18,2026-05-02,Industrials,Industrial Support Services,2020-02-02,2026-02-01,2021-07-30,2026-04-30,2019-02-03,2026-04-30,7,58
NB_623,nonbankrupt,,CNMD,CONMED Corporation Common Stock,Health Care,Biotechnology: Electromedical & Electrotherapeutic Apparatus,CNMD US Equity,,1993-06-18,2026-05-02,Health Care,Medical Equipment & Devices,1993-12-31,2025-12-31,1993-06-30,2026-04-30,1993-06-30,2026-04-30,33,395
NB_624,nonbankrupt,,CNNE,Cannae Holdings Inc. Common Stock,Consumer Discretionary,Restaurants,CNNE US Equity,,1993-06-18,2026-05-02,Financials,Asset Management,2015-12-31,2025-12-31,2014-06-30,2026-04-30,2014-06-30,2026-04-30,11,143
NB_625,nonbankrupt,,CNP,CenterPoint Energy Inc (Holding Co) Common Stock,Utilities,Electric Utilities: Central,CNP US Equity,,1993-06-18,2026-05-02,Utilities,Electric Utilities,1993-12-31,2025-12-31,1993-06-30,2026-04-30,1993-06-30,2026-04-30,33,395
NB_626,nonbankrupt,,CNR,Core Natural Resources Inc. Common Stock,Energy,Coal Mining,CNR US Equity,,1993-06-18,2026-05-02,Materials,Metals & Mining,2017-12-31,2025-12-31,2017-11-30,2026-04-30,2017-11-30,2026-04-30,9,102
NB_627,nonbankrupt,,CNSP,CNS Pharmaceuticals Inc. Common Stock,Health Care,Biotechnology: Pharmaceutical Preparations,CNSP US Equity,,1993-06-18,2026-05-02,Health Care,Biotech & Pharma,2017-12-31,2025-12-31,2019-11-29,2026-04-30,2017-12-31,2026-04-30,9,78
NB_628,nonbankrupt,,CNSY,Cerenome Inc. Common Stock,Health Care,Medical/Dental Instruments,CNSY US Equity,,1993-06-18,2026-05-02,Health Care,Biotech & Pharma,2000-12-31,2025-12-31,2000-11-30,2026-04-30,2000-08-31,2026-04-30,26,305
NB_629,nonbankrupt,,CNTN,Canton Strategic Holdings Inc. Common Stock,Health Care,Biotechnology: Pharmaceutical Preparations,CNTN US Equity,,1993-06-18,2026-05-02,Financials,Asset Management,2019-12-31,2025-12-31,2022-01-31,2026-04-30,2019-12-31,2026-04-30,7,52
NB_63,nonbankrupt,,AEMD,Aethlon Medical Inc. Common Stock,Health Care,Medical/Dental Instruments,AEMD US Equity,,1993-06-18,2026-05-02,Health Care,Medical Equipment & Devices,2005-03-31,2026-03-31,1994-05-31,2026-04-30,1994-05-31,2026-04-30,22,329
NB_630,nonbankrupt,,CNTX,Context Therapeutics Inc. Common Stock,Health Care,Biotechnology: Pharmaceutical Preparations,CNTX US Equity,,1993-06-18,2026-05-02,Health Care,Biotech & Pharma,2019-03-31,2025-12-31,2021-10-29,2026-04-30,2019-03-31,2026-04-30,7,55
NB_631,nonbankrupt,,CNTY,Century Casinos Inc. Common Stock,Consumer Discretionary,Hotels/Resorts,CNTY US Equity,,1993-06-18,2026-05-02,Consumer Discretionary,Leisure Facilities & Services,1993-12-31,2025-12-31,1993-11-30,2026-04-30,1993-11-30,2026-04-30,29,390
NB_632,nonbankrupt,,CNVS,Cineverse Corp. Class A Common Stock,Consumer Discretionary,Consumer Electronics/Video Chains,CNVS US Equity,,1993-06-18,2026-05-02,Communications,Entertainment Content,2002-03-31,2026-03-31,2003-11-28,2026-04-30,2002-03-31,2026-04-30,25,270
NB_633,nonbankrupt,,CNX,CNX Resources Corporation Common Stock,Energy,Oil & Gas Production,CNX US Equity,,1993-06-18,2026-05-02,Energy,Oil & Gas Supply Chain,1999-06-30,2025-12-31,1999-04-30,2026-04-30,1999-04-30,2026-04-30,26,325
NB_634,nonbankrupt,,CNXC,Concentrix Corporation Common Stock,Technology,Computer Software: Prepackaged Software,CNXC US Equity,,1993-06-18,2026-05-02,Technology,Software,2018-11-30,2025-11-30,2020-11-30,2026-04-30,2017-11-30,2026-04-30,8,66
NB_635,nonbankrupt,,CNXN,PC Connection Inc. Common Stock,Consumer Discretionary,Catalog/Specialty Distribution,CNXN US Equity,,1993-06-18,2026-05-02,Consumer Discretionary,Wholesale - Discretionary,1996-12-31,2025-12-31,1998-03-31,2026-04-30,1996-12-31,2026-04-30,29,338
NB_636,nonbankrupt,,CNXU,Conexeu Sciences Inc. Common Stock,Health Care,Industrial Specialties,CNXU US Equity,,1993-06-18,2026-05-02,Health Care,Biotech & Pharma,2024-10-31,2025-10-31,,,2024-10-31,2025-10-31,2,0
NB_637,nonbankrupt,,COAG,Hemab Therapeutics Holdings Inc. Common Stock,Health Care,Biotechnology: Biological Products (No Diagnostic Substances),COAG US Equity,,1993-06-18,2026-05-02,Health Care,Biotech & Pharma,2024-12-31,2025-12-31,2026-04-30,2026-04-30,2024-12-31,2026-04-30,2,1
NB_638,nonbankrupt,,COCH,Envoy Medical Inc. Class A Common Stock,Health Care,Industrial Specialties,COCH US Equity,,1993-06-18,2026-05-02,Health Care,Medical Equipment & Devices,2020-12-31,2025-12-31,2021-04-30,2026-04-30,2020-12-31,2026-04-30,6,61
NB_64,nonbankrupt,,AENT,Alliance Entertainment Holding Corporation Class A Common Stock,Consumer Discretionary,Durable Goods,AENT US Equity,,1993-06-18,2026-05-02,Consumer Discretionary,Wholesale - Discretionary,2020-12-31,2025-06-30,2021-03-31,2026-04-30,2020-12-31,2026-04-30,6,62
NB_640,nonbankrupt,,COCO,The Vita Coco Company Inc. Common Stock,Consumer Staples,Beverages (Production/Distribution),COCO US Equity,,1993-06-18,2026-05-02,Consumer Staples,Beverages,2019-12-31,2025-12-31,2021-10-29,2026-04-30,2019-12-31,2026-04-30,7,55
NB_641,nonbankrupt,,COCP,Cocrystal Pharma Inc. Common Stock,Health Care,Biotechnology: Pharmaceutical Preparations,COCP US Equity,,1993-06-18,2026-05-02,Health Care,Biotech & Pharma,2012-12-31,2025-12-31,2008-04-30,2026-04-30,2008-04-30,2026-04-30,14,175
NB_642,nonbankrupt,,CODA,Coda Octopus Group Inc. Common stock,Industrials,Industrial Machinery/Components,CODA US Equity,,1993-06-18,2026-05-02,Industrials,Aerospace & Defense,1994-03-31,2025-10-31,1994-05-31,2026-04-30,1994-03-31,2026-04-30,18,384
NB_643,nonbankrupt,,CODI,D/B/A Compass Diversified Holdings Shares of Beneficial Interest,Consumer Discretionary,Home Furnishings,CODI US Equity,,1993-06-18,2026-05-02,Financials,Asset Management,2006-12-31,2025-12-31,2006-05-31,2026-04-30,2006-05-31,2026-04-30,20,240
NB_644,nonbankrupt,,CODX,Co-Diagnostics Inc. Common Stock,Health Care,Medical/Dental Instruments,CODX US Equity,,1993-06-18,2026-05-02,Health Care,Medical Equipment & Devices,2015-12-31,2025-12-31,2017-07-31,2026-04-30,2015-12-31,2026-04-30,11,106
NB_645,nonbankrupt,,COGT,Cogent Biosciences Inc. Common Stock,Health Care,Biotechnology: Pharmaceutical Preparations,COGT US Equity,,1993-06-18,2026-05-02,Health Care,Biotech & Pharma,2016-12-31,2025-12-31,2018-03-30,2026-04-30,2015-12-31,2026-04-30,10,98
NB_646,nonbankrupt,,COHR,Coherent Corp. Common Stock,Technology,Electronic Components,COHR US Equity,,1993-06-18,2026-05-02,Technology,Semiconductors,1993-06-30,2025-06-30,1993-06-30,2026-04-30,1993-06-30,2026-04-30,33,395
NB_647,nonbankrupt,,COHU,Cohu Inc. Common Stock,Industrials,Electrical Products,COHU US Equity,,1993-06-18,2026-05-02,Technology,Semiconductors,1993-12-31,2025-12-27,1993-06-30,2026-04-30,1993-06-30,2026-04-30,33,395
NB_648,nonbankrupt,,COKE,Coca-Cola Consolidated Inc. Common Stock,Consumer Staples,Beverages (Production/Distribution),COKE US Equity,,1993-06-18,2026-05-02,Consumer Staples,Beverages,1993-12-31,2025-12-31,1993-06-30,2026-04-30,1993-06-30,2026-04-30,28,395
NB_649,nonbankrupt,,COLL,Collegium Pharmaceutical Inc. Common Stock,Health Care,Biotechnology: Pharmaceutical Preparations,COLL US Equity,,1993-06-18,2026-05-02,Health Care,Biotech & Pharma,2013-12-31,2025-12-31,2015-05-29,2026-04-30,2013-12-31,2026-04-30,13,132
NB_65,nonbankrupt,,AEO,American Eagle Outfitters Inc. Common Stock,Consumer Discretionary,Clothing/Shoe/Accessory Stores,AEO US Equity,,1993-06-18,2026-05-02,Consumer Discretionary,Retail - Discretionary,1993-08-31,2026-01-31,1994-04-29,2026-04-30,1993-08-31,2026-04-30,34,385
NB_650,nonbankrupt,,COLM,Columbia Sportswear Company Common Stock,Consumer Discretionary,Apparel,COLM US Equity,,1993-06-18,2026-05-02,Consumer Discretionary,Apparel & Textile Products,1996-12-31,2025-12-31,1998-03-31,2026-04-30,1996-12-31,2026-04-30,30,338
NB_651,nonbankrupt,,CON,Concentra Group Holdings Parent Inc. Common Stock,Health Care,Medical Specialities,CON US Equity,,1993-06-18,2026-05-02,Health Care,Health Care Facilities & Svcs,2022-12-31,2025-12-31,2024-07-31,2026-04-30,2021-12-31,2026-04-30,4,22
NB_652,nonbankrupt,,COO,The Cooper Companies Inc. Common Stock,Health Care,Ophthalmic Goods,COO US Equity,,1993-06-18,2026-05-02,Health Care,Medical Equipment & Devices,1994-10-31,2025-10-31,1993-06-30,2026-04-30,1993-06-30,2026-04-30,32,395
NB_653,nonbankrupt,,COOK,Traeger Inc. Common Stock,Consumer Discretionary,Consumer Electronics/Appliances,COOK US Equity,,1993-06-18,2026-05-02,Consumer Discretionary,Home & Office Products,2019-12-31,2025-12-31,2021-07-30,2026-04-30,2019-12-31,2026-04-30,7,58
NB_654,nonbankrupt,,COP,ConocoPhillips Common Stock,Energy,Integrated oil Companies,COP US Equity,,1993-06-18,2026-05-02,Energy,Oil & Gas Supply Chain,1993-12-31,2025-12-31,1993-06-30,2026-04-30,1993-06-30,2026-04-30,33,395
NB_655,nonbankrupt,,COR,Cencora Inc. Common Stock,Health Care,Other Pharmaceuticals,COR US Equity,,1993-06-18,2026-05-02,Health Care,Health Care Facilities & Svcs,1993-09-30,2025-09-30,1995-04-28,2026-04-30,1993-09-30,2026-04-30,33,373
NB_656,nonbankrupt,,CORT,Corcept Therapeutics Incorporated Common Stock,Health Care,Biotechnology: Pharmaceutical Preparations,CORT US Equity,,1993-06-18,2026-05-02,Health Care,Biotech & Pharma,2000-12-31,2025-12-31,2004-04-30,2026-04-30,2000-12-31,2026-04-30,26,265
NB_657,nonbankrupt,,COSM,Cosmos Health Inc. Common Stock,Health Care,Other Pharmaceuticals,COSM US Equity,,1993-06-18,2026-05-02,Health Care,Biotech & Pharma,2010-07-31,2025-12-31,2010-07-30,2026-04-30,2010-07-30,2026-04-30,15,185
NB_658,nonbankrupt,,COST,Costco Wholesale Corporation Common Stock,Consumer Discretionary,Department/Specialty Retail Stores,COST US Equity,,1993-06-18,2026-05-02,Consumer Staples,Retail - Consumer Staples,1993-08-29,2025-08-31,1993-06-30,2026-04-30,1993-06-30,2026-04-30,33,395
NB_659,nonbankrupt,,COTY,Coty Inc. Class A Common Stock,Consumer Discretionary,Package Goods/Cosmetics,COTY US Equity,,1993-06-18,2026-05-02,Consumer Staples,Household Products,2010-06-30,2025-06-30,2013-06-28,2026-04-30,2007-06-30,2026-04-30,16,155
NB_66,nonbankrupt,,AEON,AEON Biopharma Inc. Class A Common Stock,Health Care,Biotechnology: Pharmaceutical Preparations,AEON US Equity,,1993-06-18,2026-05-02,Health Care,Biotech & Pharma,2020-12-31,2025-12-31,2021-04-30,2026-04-30,2020-12-31,2026-04-30,6,61
NB_660,nonbankrupt,,COUR,Coursera Inc. Common Stock,Technology,Computer Software: Prepackaged Software,COUR US Equity,,1993-06-18,2026-05-02,Consumer Discretionary,Consumer Services,2019-12-31,2025-12-31,2021-03-31,2026-04-30,2019-12-31,2026-04-30,7,62
NB_661,nonbankrupt,,COYA,Coya Therapeutics Inc. Common Stock,Health Care,Biotechnology: Pharmaceutical Preparations,COYA US Equity,,1993-06-18,2026-05-02,Health Care,Biotech & Pharma,2020-12-31,2025-12-31,2022-12-30,2026-04-30,2020-12-31,2026-04-30,6,41
NB_662,nonbankrupt,,CPAY,Corpay Inc. Common Stock,Consumer Discretionary,Business Services,CPAY US Equity,,1993-06-18,2026-05-02,Financials,Specialty Finance,2008-12-31,2025-12-31,2010-12-31,2026-04-30,2008-12-31,2026-04-30,18,185
NB_663,nonbankrupt,,CPB,The Campbell's Company Common Stock,Consumer Staples,Packaged Foods,CPB US Equity,,1993-06-18,2026-05-02,Consumer Staples,Food,1993-08-01,2025-08-03,1993-06-30,2026-04-30,1993-06-30,2026-04-30,33,395
NB_664,nonbankrupt,,CPHC,Canterbury Park Holding Corporation 'New' Common Stock,Consumer Discretionary,Services-Misc. Amusement & Recreation,CPHC US Equity,,1993-06-18,2026-05-02,Consumer Discretionary,Leisure Facilities & Services,1994-12-31,2025-12-31,1994-12-30,2026-04-30,1994-12-30,2026-04-30,31,377
NB_665,nonbankrupt,,CPIX,Cumberland Pharmaceuticals Inc. Common Stock,Health Care,Biotechnology: Pharmaceutical Preparations,CPIX US Equity,,1993-06-18,2026-05-02,Health Care,Biotech & Pharma,2005-12-31,2025-12-31,2009-08-31,2026-04-30,2005-12-31,2026-04-30,21,201
NB_666,nonbankrupt,,CPK,Chesapeake Utilities Corporation Common Stock,Utilities,Oil & Gas Production,CPK US Equity,,1993-06-18,2026-05-02,Utilities,Gas & Water Utilities,1993-12-31,2025-12-31,1993-06-30,2026-04-30,1993-06-30,2026-04-30,33,395
NB_667,nonbankrupt,,CPNG,Coupang Inc. Class A Common Stock,Consumer Discretionary,Catalog/Specialty Distribution,CPNG US Equity,,1993-06-18,2026-05-02,Consumer Discretionary,E-Commerce Discretionary,2016-12-31,2025-12-31,2021-03-31,2026-04-30,2016-12-31,2026-04-30,10,62
NB_668,nonbankrupt,,CPRT,Copart Inc. (DE) Common Stock,Consumer Discretionary,Retail-Auto Dealers and Gas Stations,CPRT US Equity,,1993-06-18,2026-05-02,Consumer Discretionary,Wholesale - Discretionary,1993-07-31,2025-07-31,1994-03-31,2026-04-30,1993-07-31,2026-04-30,33,386
NB_669,nonbankrupt,,CPS,Cooper-Standard Holdings Inc. Common Stock,Consumer Discretionary,Auto Parts:O.E.M.,CPS US Equity,,1993-06-18,2026-05-02,Consumer Discretionary,Automotive,2005-12-31,2025-12-31,2010-05-31,2026-04-30,2002-03-29,2026-04-30,21,192
NB_67,nonbankrupt,,AEP,American Electric Power Company Inc. Common Stock,Utilities,Electric Utilities: Central,AEP US Equity,,1993-06-18,2026-05-02,Utilities,Electric Utilities,1993-12-31,2025-12-31,1993-06-30,2026-04-30,1993-06-30,2026-04-30,33,395
NB_670,nonbankrupt,,CPSH,CPS Technologies Corp. Common Stock,Consumer Discretionary,Building Materials,CPSH US Equity,,1993-06-18,2026-05-02,Materials,Chemicals,1998-12-26,2025-12-27,1993-06-30,2026-04-30,1993-06-30,2026-04-30,27,386
NB_671,nonbankrupt,,CQP,Cheniere Energy Partners LP Common Units,Utilities,Oil/Gas Transmission,CQP US Equity,,1993-06-18,2026-05-02,Energy,Oil & Gas Supply Chain,2005-12-31,2025-12-31,2007-03-30,2026-04-30,2005-12-31,2026-04-30,21,230
NB_672,nonbankrupt,,CR,Crane Company Common Stock,Industrials,Metal Fabrications,CR US Equity,,1993-06-18,2026-05-02,Industrials,Machinery,2021-12-31,2025-12-31,1998-09-30,2026-04-30,1998-09-30,2026-04-30,5,40
NB_673,nonbankrupt,,CRAI,CRA International Inc. Common Stock,Consumer Discretionary,Other Consumer Services,CRAI US Equity,,1993-06-18,2026-05-02,Industrials,Commercial Support Services,1996-11-30,2026-01-03,1998-04-30,2026-04-30,1996-11-30,2026-04-30,28,337
NB_674,nonbankrupt,,CRBP,Corbus Pharmaceuticals Holdings Inc. Common Stock,Health Care,Biotechnology: Pharmaceutical Preparations,CRBP US Equity,,1993-06-18,2026-05-02,Health Care,Biotech & Pharma,2014-12-31,2025-12-31,2014-10-31,2026-04-30,2014-10-31,2026-04-30,12,139
NB_675,nonbankrupt,,CRBU,Caribou Biosciences Inc. Common Stock,Health Care,Biotechnology: Biological Products (No Diagnostic Substances),CRBU US Equity,,1993-06-18,2026-05-02,Health Care,Biotech & Pharma,2019-12-31,2025-12-31,2021-07-30,2026-04-30,2019-12-31,2026-04-30,7,58
NB_676,nonbankrupt,,CRC,California Resources Corporation Common Stock,Energy,Oil & Gas Production,CRC US Equity,,1993-06-18,2026-05-02,Energy,Oil & Gas Supply Chain,2012-12-31,2025-12-31,2020-10-30,2026-04-30,2011-12-31,2026-04-30,14,67
NB_677,nonbankrupt,,CRCT,Cricut Inc. Class A Common Stock,Technology,Industrial Machinery/Components,CRCT US Equity,,1993-06-18,2026-05-02,Technology,Technology Hardware,2019-12-31,2025-12-31,2021-03-31,2026-04-30,2018-12-31,2026-04-30,7,62
NB_678,nonbankrupt,,CRDF,Cardiff Oncology Inc. Common Stock,Health Care,Biotechnology: Biological Products (No Diagnostic Substances),CRDF US Equity,,1993-06-18,2026-05-02,Health Care,Biotech & Pharma,2004-01-31,2025-12-31,2004-07-30,2026-04-30,2004-01-31,2026-04-30,18,262
NB_679,nonbankrupt,,CRDO,Credo Technology Group Holding Ltd Ordinary Shares,Technology,Semiconductors,CRDO US Equity,,1993-06-18,2026-05-02,Technology,Semiconductors,2020-04-30,2026-05-02,2022-01-31,2026-04-30,2020-04-30,2026-05-02,7,52
NB_68,nonbankrupt,,AERT,Aeries Technology Inc. Class A Ordinary Share,Consumer Discretionary,Professional Services,AERT US Equity,,1993-06-18,2026-05-02,Technology,IT Services,2021-12-31,2026-03-31,2021-12-31,2026-04-30,2021-10-29,2026-04-30,4,53
NB_680,nonbankrupt,,CREX,Creative Realities Inc. Common Stock,Technology,EDP Services,CREX US Equity,,1993-06-18,2026-05-02,Technology,Technology Hardware,2004-12-31,2025-12-31,2006-11-30,2026-04-30,2004-12-31,2026-04-30,22,234
NB_681,nonbankrupt,,CRGY,Crescent Energy Company Class A Common Stock,Energy,Oil & Gas Production,CRGY US Equity,,1993-06-18,2026-05-02,Energy,Oil & Gas Supply Chain,1998-06-30,2025-12-31,1995-04-28,2026-04-30,1995-04-28,2026-04-30,28,332
NB_682,nonbankrupt,,CRI,Carter's Inc. Common Stock,Consumer Discretionary,Apparel,CRI US Equity,,1993-06-18,2026-05-02,Consumer Discretionary,Apparel & Textile Products,1999-01-02,2026-01-03,2003-10-31,2026-04-30,1999-01-02,2026-04-30,23,271
NB_683,nonbankrupt,,CRIS,Curis Inc. Common Stock,Health Care,Biotechnology: Biological Products (No Diagnostic Substances),CRIS US Equity,,1993-06-18,2026-05-02,Health Care,Biotech & Pharma,1998-12-31,2025-12-31,2000-08-31,2026-04-30,1998-12-31,2026-04-30,28,309
NB_684,nonbankrupt,,CRK,Comstock Resources Inc. Common Stock,Energy,Oil & Gas Production,CRK US Equity,,1993-06-18,2026-05-02,Energy,Oil & Gas Supply Chain,1993-12-31,2025-12-31,1993-06-30,2026-04-30,1993-06-30,2026-04-30,33,395
NB_685,nonbankrupt,,CRL,Charles River Laboratories International Inc. Common Stock,Health Care,Biotechnology: Commercial Physical & Biological Resarch,CRL US Equity,,1993-06-18,2026-05-02,Health Care,Health Care Facilities & Svcs,1998-12-26,2025-12-27,2000-06-30,2026-04-30,1997-12-31,2026-04-30,28,311
NB_686,nonbankrupt,,CRM,Salesforce Inc. Common Stock,Technology,Computer Software: Prepackaged Software,CRM US Equity,,1993-06-18,2026-05-02,Technology,Software,2003-01-31,2026-01-31,2004-06-30,2026-04-30,2003-01-31,2026-04-30,24,263
NB_687,nonbankrupt,,CRMD,CorMedix Inc. Common Stock,Health Care,Biotechnology: Pharmaceutical Preparations,CRMD US Equity,,1993-06-18,2026-05-02,Health Care,Biotech & Pharma,2007-12-31,2025-12-31,2010-05-31,2026-04-30,2007-12-31,2026-04-30,18,192
NB_688,nonbankrupt,,CRMT,America's Car-Mart Inc Common Stock,Consumer Discretionary,Retail-Auto Dealers and Gas Stations,CRMT US Equity,,1993-06-18,2026-05-02,Consumer Discretionary,Retail - Discretionary,1994-04-30,2026-04-30,1993-06-30,2026-04-30,1993-06-30,2026-04-30,33,395
NB_689,nonbankrupt,,CRNC,Cerence Inc. Common Stock,Technology,Computer Software: Prepackaged Software,CRNC US Equity,,1993-06-18,2026-05-02,Technology,Software,2016-09-30,2025-09-30,2019-09-30,2026-04-30,2016-09-30,2026-04-30,10,80
NB_69,nonbankrupt,,AES,The AES Corporation Common Stock,Industrials,Electric Utilities: Central,AES US Equity,,1993-06-18,2026-05-02,Utilities,Electric Utilities,1993-12-31,2025-12-31,1993-06-30,2026-04-30,1993-06-30,2026-04-30,33,395
NB_690,nonbankrupt,,CROX,Crocs Inc. Common Stock,Consumer Discretionary,Shoe Manufacturing,CROX US Equity,,1993-06-18,2026-05-02,Consumer Discretionary,Apparel & Textile Products,2003-12-31,2025-12-31,2006-02-28,2026-04-30,2003-12-31,2026-04-30,21,243
NB_691,nonbankrupt,,CRS,Carpenter Technology Corporation Common Stock,Industrials,Steel/Iron Ore,CRS US Equity,,1993-06-18,2026-05-02,Materials,Steel,1993-06-30,2025-06-30,1993-06-30,2026-04-30,1993-06-30,2026-04-30,33,395
NB_692,nonbankrupt,,CRSR,Corsair Gaming Inc. Common Stock,Technology,Computer peripheral equipment,CRSR US Equity,,1993-06-18,2026-05-02,Technology,Technology Hardware,2018-12-31,2025-12-31,2020-09-30,2026-04-30,2018-12-31,2026-04-30,8,68
NB_693,nonbankrupt,,CRT,Cross Timbers Royalty Trust Common Stock,Energy,Oil & Gas Production,CRT US Equity,,1993-06-18,2026-05-02,Energy,Oil & Gas Supply Chain,2013-12-31,2025-12-31,1993-06-30,2026-04-30,1993-06-30,2026-04-30,13,395
NB_694,nonbankrupt,,CRUS,Cirrus Logic Inc. Common Stock,Technology,Semiconductors,CRUS US Equity,,1993-06-18,2026-05-02,Technology,Semiconductors,1994-04-02,2026-03-28,1993-06-30,2026-04-30,1993-06-30,2026-04-30,33,395
NB_695,nonbankrupt,,CRVO,CervoMed Inc. Common Stock,Health Care,Biotechnology: Pharmaceutical Preparations,CRVO US Equity,,1993-06-18,2026-05-02,Health Care,Biotech & Pharma,1999-01-02,2025-12-31,1996-06-28,2026-04-30,1996-06-28,2026-04-30,21,353
NB_696,nonbankrupt,,CRVS,Corvus Pharmaceuticals Inc. Common Stock,Health Care,Biotechnology: Pharmaceutical Preparations,CRVS US Equity,,1993-06-18,2026-05-02,Health Care,Biotech & Pharma,2014-12-31,2025-12-31,2016-03-31,2026-04-30,2014-12-31,2026-04-30,12,122
NB_697,nonbankrupt,,CRWD,CrowdStrike Holdings Inc. Class A Common Stock,Technology,Computer Software: Prepackaged Software,CRWD US Equity,,1993-06-18,2026-05-02,Technology,Software,2018-01-31,2026-01-31,2019-06-28,2026-04-30,2017-01-31,2026-04-30,9,83
NB_698,nonbankrupt,,CRWS,Crown Crafts Inc Common Stock,Consumer Discretionary,Textiles,CRWS US Equity,,1993-06-18,2026-05-02,Consumer Discretionary,Home & Office Products,1994-04-03,2026-03-29,1993-06-30,2026-04-30,1993-06-30,2026-04-30,33,395
NB_699,nonbankrupt,,CRWV,CoreWeave Inc. Class A Common Stock,Technology,Computer Software: Prepackaged Software,CRWV US Equity,,1993-06-18,2026-05-02,Technology,Software,2023-12-31,2025-12-31,2025-03-31,2026-04-30,2022-12-31,2026-04-30,3,14
NB_7,nonbankrupt,,AARD,Aardvark Therapeutics Inc. Common Stock,Health Care,Biotechnology: Pharmaceutical Preparations,AARD US Equity,,1993-06-18,2026-05-02,Health Care,Biotech & Pharma,2022-12-31,2025-12-31,2025-02-28,2026-04-30,2022-12-31,2026-04-30,4,15
NB_70,nonbankrupt,,AESI,Atlas Energy Solutions Inc. Common Stock,Industrials,Mining & Quarrying of Nonmetallic Minerals (No Fuels),AESI US Equity,,1993-06-18,2026-05-02,Energy,Oil & Gas Services & Equip,2022-12-31,2025-12-31,1997-02-28,2026-04-30,1995-12-29,2026-04-30,4,43
NB_700,nonbankrupt,,CSAI,Cloudastructure Inc. Class A Common Stock,Technology,Computer Software: Programming Data Processing,CSAI US Equity,,1993-06-18,2026-05-02,Technology,Software,2022-12-31,2025-12-31,2025-01-31,2026-04-30,2022-12-31,2026-04-30,4,16
NB_701,nonbankrupt,,CSBR,Champions Oncology Inc. Common Stock,Health Care,Biotechnology: Biological Products (No Diagnostic Substances),CSBR US Equity,,1993-06-18,2026-05-02,Health Care,Biotech & Pharma,1999-04-30,2026-04-30,1993-06-30,2026-04-30,1993-06-30,2026-04-30,28,395
NB_702,nonbankrupt,,CSCO,Cisco Systems Inc. Common Stock (DE),Telecommunications,Computer Communications Equipment,CSCO US Equity,,1993-06-18,2026-05-02,Technology,Technology Hardware,1993-07-25,2025-07-26,1993-06-30,2026-04-30,1993-06-30,2026-04-30,33,395
NB_703,nonbankrupt,,CSL,Carlisle Companies Incorporated Common Stock,Industrials,Specialty Chemicals,CSL US Equity,,1993-06-18,2026-05-02,Materials,Construction Materials,1993-12-31,2025-12-31,1993-06-30,2026-04-30,1993-06-30,2026-04-30,33,395
NB_704,nonbankrupt,,CSPI,CSP Inc. Common Stock,Technology,EDP Services,CSPI US Equity,,1993-06-18,2026-05-02,Technology,IT Services,1993-08-27,2025-09-30,1993-06-30,2026-04-30,1993-06-30,2026-04-30,33,395
NB_705,nonbankrupt,,CSTL,Castle Biosciences Inc. Common Stock,Health Care,Medical Specialities,CSTL US Equity,,1993-06-18,2026-05-02,Health Care,Medical Equipment & Devices,2017-12-31,2025-12-31,2019-07-31,2026-04-30,2017-12-31,2026-04-30,9,82
NB_706,nonbankrupt,,CSV,Carriage Services Inc. Common Stock,Consumer Discretionary,Other Consumer Services,CSV US Equity,,1993-06-18,2026-05-02,Consumer Discretionary,Consumer Services,1994-12-31,2025-12-31,1996-08-30,2026-04-30,1994-12-31,2026-04-30,30,357
NB_707,nonbankrupt,,CSW,CSW Industrials Inc. Common Stock,Industrials,Home Furnishings,CSW US Equity,,1993-06-18,2026-05-02,Industrials,Machinery,2014-03-31,2026-03-31,2015-09-30,2026-04-30,2013-03-31,2026-04-30,13,128
NB_708,nonbankrupt,,CSWC,Capital Southwest Corporation Common Stock,Consumer Discretionary,Textiles,CSWC US Equity,,1993-06-18,2026-05-02,Financials,Asset Management,1996-03-31,2026-03-31,1993-06-30,2026-04-30,1993-06-30,2026-04-30,31,395
NB_709,nonbankrupt,,CSX,CSX Corporation Common Stock,Industrials,Railroads,CSX US Equity,,1993-06-18,2026-05-02,Industrials,Transportation & Logistics,1993-12-31,2025-12-31,1993-06-30,2026-04-30,1993-06-30,2026-04-30,33,395
NB_71,nonbankrupt,,AEVA,Aeva Technologies Inc. Common Stock,Consumer Discretionary,Auto Parts:O.E.M.,AEVA US Equity,,1993-06-18,2026-05-02,Consumer Discretionary,Automotive,2019-12-31,2025-12-31,2020-02-28,2026-04-30,2019-12-31,2026-04-30,7,74
NB_710,nonbankrupt,,CTAS,Cintas Corporation Common Stock,Industrials,Garments and Clothing,CTAS US Equity,,1993-06-18,2026-05-02,Industrials,Commercial Support Services,1994-05-31,2025-05-31,1993-06-30,2026-04-30,1993-06-30,2026-04-30,32,395
NB_711,nonbankrupt,,CTEV,Claritev Corporation Class A Common Stock,Consumer Discretionary,Business Services,CTEV US Equity,,1993-06-18,2026-05-02,Health Care,Health Care Facilities & Svcs,2019-12-31,2025-12-31,2020-04-30,2026-04-30,2018-12-31,2026-04-30,7,73
NB_712,nonbankrupt,,CTGO,Contango Silver & Gold Inc. Common Stock,Basic Materials,Precious Metals,CTGO US Equity,,1993-06-18,2026-05-02,Materials,Metals & Mining,2012-06-30,2025-12-31,2010-12-31,2026-04-30,2000-12-29,2026-04-30,14,185
NB_713,nonbankrupt,,CTKB,Cytek Biosciences Inc. Common Stock,Industrials,Biotechnology: Laboratory Analytical Instruments,CTKB US Equity,,1993-06-18,2026-05-02,Health Care,Biotech & Pharma,2019-12-31,2025-12-31,2021-07-30,2026-04-30,2019-12-31,2026-04-30,7,58
NB_714,nonbankrupt,,CTMX,CytomX Therapeutics Inc. Common Stock,Health Care,Biotechnology: Pharmaceutical Preparations,CTMX US Equity,,1993-06-18,2026-05-02,Health Care,Biotech & Pharma,2013-12-31,2025-12-31,2015-10-30,2026-04-30,2013-12-31,2026-04-30,13,127
NB_715,nonbankrupt,,CTNM,Contineum Therapeutics Inc. Class A Common Stock,Health Care,Biotechnology: Pharmaceutical Preparations,CTNM US Equity,,1993-06-18,2026-05-02,Health Care,Biotech & Pharma,2022-12-31,2025-12-31,2024-04-30,2026-04-30,2022-12-31,2026-04-30,4,25
NB_716,nonbankrupt,,CTNT,Cheetah Net Supply Chain Service Inc Class A Common Stock,Consumer Discretionary,Motor Vehicles,CTNT US Equity,,1993-06-18,2026-05-02,Consumer Discretionary,Wholesale - Discretionary,2021-12-31,2025-12-31,2023-07-31,2026-04-30,2021-12-31,2026-04-30,5,34
NB_717,nonbankrupt,,CTOR,Citius Oncology Inc. Common Stock,Health Care,Biotechnology: Pharmaceutical Preparations,CTOR US Equity,,1993-06-18,2026-05-02,Health Care,Biotech & Pharma,2025-09-30,2025-09-30,2022-12-30,2026-04-30,2022-11-30,2026-04-30,1,41
NB_718,nonbankrupt,,CTRI,Centuri Holdings Inc. Common Stock,Utilities,Oil & Gas Production,CTRI US Equity,,1993-06-18,2026-05-02,Industrials,Engineering & Construction,2022-12-31,2025-12-28,2024-04-30,2026-04-30,2020-12-31,2026-04-30,4,25
NB_719,nonbankrupt,,CTRN,Citi Trends Inc. Common Stock,Consumer Discretionary,Clothing/Shoe/Accessory Stores,CTRN US Equity,,1993-06-18,2026-05-02,Consumer Discretionary,Retail - Discretionary,2004-01-31,2026-01-31,2005-05-31,2026-04-30,2004-01-31,2026-04-30,23,252
NB_72,nonbankrupt,,AEYE,AudioEye Inc. Common Stock,Technology,Computer Software: Prepackaged Software,AEYE US Equity,,1993-06-18,2026-05-02,Technology,Software,2012-12-31,2025-12-31,2013-04-30,2026-04-30,2012-12-31,2026-04-30,14,157
NB_720,nonbankrupt,,CTS,CTS Corporation Common Stock,Technology,Electrical Products,CTS US Equity,,1993-06-18,2026-05-02,Technology,Technology Hardware,1993-12-31,2025-12-31,1993-06-30,2026-04-30,1993-06-30,2026-04-30,33,395
NB_721,nonbankrupt,,CTSH,Cognizant Technology Solutions Corporation Class A Common Stock,Technology,EDP Services,CTSH US Equity,,1993-06-18,2026-05-02,Technology,IT Services,1996-12-31,2025-12-31,1998-06-30,2026-04-30,1996-12-31,2026-04-30,30,335
NB_722,nonbankrupt,,CTSO,Cytosorbents Corporation Common Stock,Health Care,Medical/Dental Instruments,CTSO US Equity,,1993-06-18,2026-05-02,Health Care,Medical Equipment & Devices,2009-12-31,2025-12-31,2006-08-31,2026-04-30,2005-08-31,2026-04-30,17,237
NB_723,nonbankrupt,,CTVA,Corteva Inc. Common Stock,Consumer Staples,Farming/Seeds/Milling,CTVA US Equity,,1993-06-18,2026-05-02,Materials,Chemicals,2018-12-31,2025-12-31,2019-05-31,2026-04-30,2016-12-31,2026-04-30,8,84
NB_724,nonbankrupt,,CTXR,Citius Pharmaceuticals Inc. Common Stock,Health Care,Biotechnology: Pharmaceutical Preparations,CTXR US Equity,,1993-06-18,2026-05-02,Health Care,Biotech & Pharma,2011-09-30,2025-09-30,2014-10-31,2026-04-30,2011-09-30,2026-04-30,15,132
NB_725,nonbankrupt,,CUB,Lionheart Holdings Class A Ordinary Shares,Industrials,Industrial Machinery/Components,CUB US Equity,,1993-06-18,2026-05-02,Financials,Asset Management,2024-12-31,2025-12-31,2024-08-30,2026-04-30,2024-08-30,2026-04-30,2,21
NB_727,nonbankrupt,,CUE,Cue Biopharma Inc. Common Stock,Health Care,Biotechnology: Pharmaceutical Preparations,CUE US Equity,,1993-06-18,2026-05-02,Health Care,Biotech & Pharma,2015-12-31,2025-12-31,2018-01-31,2026-04-30,2015-12-31,2026-04-30,11,100
NB_728,nonbankrupt,,CULP,Culp Inc. Common Stock,Consumer Discretionary,Textiles,CULP US Equity,,1993-06-18,2026-05-02,Consumer Discretionary,Apparel & Textile Products,1994-05-01,2025-04-27,1994-04-29,2026-04-30,1994-04-29,2026-04-30,31,385
NB_729,nonbankrupt,,CURI,CuriosityStream Inc. Class A Common Stock,Consumer Discretionary,Movies/Entertainment,CURI US Equity,,1993-06-18,2026-05-02,Communications,Entertainment Content,2019-12-31,2025-12-31,2020-01-31,2026-04-30,2019-12-31,2026-04-30,7,76
NB_73,nonbankrupt,,AGCO,AGCO Corporation Common Stock,Industrials,Industrial Machinery/Components,AGCO US Equity,,1993-06-18,2026-05-02,Industrials,Machinery,1993-12-31,2025-12-31,1993-06-30,2026-04-30,1993-06-30,2026-04-30,33,395
NB_730,nonbankrupt,,CURV,Torrid Holdings Inc. Common Stock,Consumer Discretionary,Clothing/Shoe/Accessory Stores,CURV US Equity,,1993-06-18,2026-05-02,Consumer Discretionary,Apparel & Textile Products,2021-01-30,2026-01-31,2021-06-30,2026-04-30,2021-01-30,2026-04-30,6,59
NB_731,nonbankrupt,,CURX,Curanex Pharmaceuticals Inc Common Stock,Health Care,Biotechnology: Pharmaceutical Preparations,CURX US Equity,,1993-06-18,2026-05-02,Health Care,Biotech & Pharma,2022-12-31,2025-12-31,2025-08-29,2026-04-30,2022-12-31,2026-04-30,4,9
NB_732,nonbankrupt,,CV,CapsoVision Inc. Common Stock,Health Care,Biotechnology: Electromedical & Electrotherapeutic Apparatus,CV US Equity,,1993-06-18,2026-05-02,Health Care,Medical Equipment & Devices,2023-12-31,2025-12-31,2025-07-31,2026-04-30,2023-12-31,2026-04-30,3,10
NB_733,nonbankrupt,,CVCO,Cavco Industries Inc. Common Stock When Issued,Consumer Discretionary,Homebuilding,CVCO US Equity,,1993-06-18,2026-05-02,Consumer Discretionary,Home Construction,1993-09-30,2026-03-28,2003-06-30,2026-04-30,1993-09-30,2026-04-30,28,275
NB_734,nonbankrupt,,CVGI,Commercial Vehicle Group Inc. Common Stock,Consumer Discretionary,Auto Parts:O.E.M.,CVGI US Equity,,1993-06-18,2026-05-02,Industrials,Transportation Equipment,2002-12-31,2025-12-31,2004-08-31,2026-04-30,2002-12-31,2026-04-30,24,261
NB_735,nonbankrupt,,CVI,CVR Energy Inc. Common Stock,Energy,Integrated oil Companies,CVI US Equity,,1993-06-18,2026-05-02,Energy,Oil & Gas Supply Chain,2006-12-31,2025-12-31,2007-10-31,2026-04-30,2006-12-31,2026-04-30,20,223
NB_736,nonbankrupt,,CVKD,Cadrenal Therapeutics Inc. Common Stock,Health Care,Biotechnology: Pharmaceutical Preparations,CVKD US Equity,,1993-06-18,2026-05-02,Health Care,Biotech & Pharma,2022-12-31,2025-12-31,2023-01-31,2026-04-30,2022-12-31,2026-04-30,4,40
NB_737,nonbankrupt,,CVLG,Covenant Logistics Group Inc. Class A Common Stock,Industrials,Trucking Freight/Courier Services,CVLG US Equity,,1993-06-18,2026-05-02,Industrials,Transportation & Logistics,1993-12-31,2025-12-31,1994-10-31,2026-04-30,1993-12-31,2026-04-30,33,379
NB_738,nonbankrupt,,CVLT,Commvault Systems Inc. Common Stock,Technology,Computer Software: Prepackaged Software,CVLT US Equity,,1993-06-18,2026-05-02,Technology,Software,2005-03-31,2026-03-31,2006-09-29,2026-04-30,2005-03-31,2026-04-30,22,236
NB_739,nonbankrupt,,CVM,Cel-Sci Corporation Common Stock,Health Care,Biotechnology: Biological Products (No Diagnostic Substances),CVM US Equity,,1993-06-18,2026-05-02,Health Care,Biotech & Pharma,1993-09-30,2025-09-30,1993-06-30,2026-04-30,1993-06-30,2026-04-30,33,395
NB_74,nonbankrupt,,AGEN,Agenus Inc. Common Stock,Health Care,Biotechnology: Biological Products (No Diagnostic Substances),AGEN US Equity,,1993-06-18,2026-05-02,Health Care,Biotech & Pharma,1998-12-31,2025-12-31,2000-02-29,2026-04-30,1997-12-31,2026-04-30,28,315
NB_740,nonbankrupt,,CVNA,Carvana Co. Class A Common Stock,Consumer Discretionary,Retail-Auto Dealers and Gas Stations,CVNA US Equity,,1993-06-18,2026-05-02,Consumer Discretionary,Retail - Discretionary,2015-12-31,2025-12-31,2017-04-28,2026-04-30,2014-12-31,2026-04-30,11,109
NB_741,nonbankrupt,,CVR,Chicago Rivet & Machine Co. Common Stock,Industrials,Industrial Machinery/Components,CVR US Equity,,1993-06-18,2026-05-02,Industrials,Industrial Intermediate Prod,1993-12-31,2025-12-31,1993-06-30,2026-04-30,1993-06-30,2026-04-30,33,395
NB_742,nonbankrupt,,CVRX,CVRx Inc. Common Stock,Health Care,Medical/Dental Instruments,CVRX US Equity,,1993-06-18,2026-05-02,Health Care,Medical Equipment & Devices,2019-12-31,2025-12-31,2021-06-30,2026-04-30,2019-12-31,2026-04-30,7,59
NB_743,nonbankrupt,,CVS,CVS Health Corporation Common Stock,Consumer Staples,Retail-Drug Stores and Proprietary Stores,CVS US Equity,,1993-06-18,2026-05-02,Health Care,Health Care Facilities & Svcs,1993-12-31,2025-12-31,1993-06-30,2026-04-30,1993-06-30,2026-04-30,31,395
NB_744,nonbankrupt,,CVU,CPI Aerostructures Inc. Common Stock,Industrials,Military/Government/Technical,CVU US Equity,,1993-06-18,2026-05-02,Industrials,Aerospace & Defense,1993-12-31,2025-12-31,1993-06-30,2026-04-30,1993-06-30,2026-04-30,27,395
NB_745,nonbankrupt,,CVV,CVD Equipment Corporation Common Stock,Technology,Industrial Machinery/Components,CVV US Equity,,1993-06-18,2026-05-02,Industrials,Machinery,1999-12-31,2025-12-31,1993-06-30,2026-04-30,1993-06-30,2026-04-30,27,387
NB_746,nonbankrupt,,CVX,Chevron Corporation Common Stock,Energy,Integrated oil Companies,CVX US Equity,,1993-06-18,2026-05-02,Energy,Oil & Gas Supply Chain,1993-12-31,2025-12-31,1993-06-30,2026-04-30,1993-06-30,2026-04-30,33,395
NB_747,nonbankrupt,,CW,Curtiss-Wright Corporation Common Stock,Technology,Industrial Machinery/Components,CW US Equity,,1993-06-18,2026-05-02,Industrials,Aerospace & Defense,1993-12-31,2025-12-31,1993-06-30,2026-04-30,1993-06-30,2026-04-30,33,395
NB_748,nonbankrupt,,CWEN,Clearway Energy Inc. Class C Common Stock,Utilities,Electric Utilities: Central,CWEN US Equity,,1993-06-18,2026-05-02,Utilities,Electric Utilities,2012-12-31,2025-12-31,2015-05-29,2026-04-30,2012-12-31,2026-04-30,14,132
NB_749,nonbankrupt,,CWH,Camping World Holdings Inc. Class A Common Stock,Consumer Discretionary,Retail-Auto Dealers and Gas Stations,CWH US Equity,,1993-06-18,2026-05-02,Consumer Discretionary,Retail - Discretionary,2014-12-31,2025-12-31,2016-10-31,2026-04-30,2011-12-31,2026-04-30,12,115
NB_75,nonbankrupt,,AGIG,Abundia Global Impact Group Inc. Common stock,Energy,Oil & Gas Production,AGIG US Equity,,1993-06-18,2026-05-02,Energy,Renewable Energy,2004-12-31,2025-12-31,2002-01-31,2026-04-30,2002-01-31,2026-04-30,22,292
NB_750,nonbankrupt,,CWST,Casella Waste Systems Inc. Class A Common Stock,Utilities,Environmental Services,CWST US Equity,,1993-06-18,2026-05-02,Industrials,Commercial Support Services,1996-04-30,2025-12-31,1997-10-31,2026-04-30,1996-04-30,2026-04-30,30,343
NB_751,nonbankrupt,,CWT,California Water Service Group Common Stock,Utilities,Water Supply,CWT US Equity,,1993-06-18,2026-05-02,Utilities,Gas & Water Utilities,1993-12-31,2025-12-31,1993-06-30,2026-04-30,1993-06-30,2026-04-30,33,395
NB_752,nonbankrupt,,CXAI,CXApp Inc. Class A Common Stock,Technology,EDP Services,CXAI US Equity,,1993-06-18,2026-05-02,Technology,Software,2020-12-31,2025-12-31,2021-02-26,2026-04-30,2020-12-31,2026-04-30,6,63
NB_754,nonbankrupt,,CXDO,Crexendo Inc. Common Stock,Telecommunications,Telecommunications Equipment,CXDO US Equity,,1993-06-18,2026-05-02,Technology,IT Services,1998-06-30,2025-12-31,1998-07-31,2026-04-30,1998-06-30,2026-04-30,28,334
NB_755,nonbankrupt,,CXM,Sprinklr Inc. Class A Common Stock,Technology,Computer Software: Prepackaged Software,CXM US Equity,,1993-06-18,2026-05-02,Technology,Software,2020-01-31,2026-01-31,2021-06-30,2026-04-30,2020-01-31,2026-04-30,7,59
NB_756,nonbankrupt,,CXT,Crane NXT Co. Common Stock,Industrials,Metal Fabrications,CXT US Equity,,1993-06-18,2026-05-02,Technology,Technology Hardware,1993-12-31,2025-12-31,1993-06-30,2026-04-30,1993-06-30,2026-04-30,32,395
NB_757,nonbankrupt,,CYCU,Cycurion Inc. Common Stock,Technology,EDP Services,CYCU US Equity,,1993-06-18,2026-05-02,Technology,IT Services,2021-12-31,2025-12-31,2022-04-29,2026-04-30,2021-12-31,2026-04-30,4,49
NB_759,nonbankrupt,,CYH,Community Health Systems Inc. Common Stock,Health Care,Hospital/Nursing Management,CYH US Equity,,1993-06-18,2026-05-02,Health Care,Health Care Facilities & Svcs,1998-12-31,2025-12-31,2000-06-30,2026-04-30,1997-12-31,2026-04-30,28,311
NB_76,nonbankrupt,,AGIO,Agios Pharmaceuticals Inc. Common Stock,Health Care,Biotechnology: Pharmaceutical Preparations,AGIO US Equity,,1993-06-18,2026-05-02,Health Care,Biotech & Pharma,2011-12-31,2025-12-31,2013-07-31,2026-04-30,2011-12-31,2026-04-30,15,154
NB_760,nonbankrupt,,CYN,Cyngn Inc. Common Stock,Technology,EDP Services,CYN US Equity,,1993-06-18,2026-05-02,Technology,Software,2019-12-31,2025-12-31,2021-10-29,2026-04-30,2019-12-31,2026-04-30,7,55
NB_761,nonbankrupt,,CYPH,Cypherpunk Technologies Inc. Common Stock,Health Care,Biotechnology: Pharmaceutical Preparations,CYPH US Equity,,1993-06-18,2026-05-02,Health Care,Biotech & Pharma,2016-12-31,2025-12-31,2017-01-31,2026-04-30,2016-12-31,2026-04-30,10,112
NB_762,nonbankrupt,,CYRX,CryoPort Inc. Common Stock,Health Care,Biotechnology: Pharmaceutical Preparations,CYRX US Equity,,1993-06-18,2026-05-02,Industrials,Transportation & Logistics,2011-03-31,2025-12-31,2005-01-31,2026-04-30,2005-01-31,2026-04-30,15,255
NB_763,nonbankrupt,,CYTK,Cytokinetics Incorporated Common Stock,Health Care,Biotechnology: Pharmaceutical Preparations,CYTK US Equity,,1993-06-18,2026-05-02,Health Care,Biotech & Pharma,2001-12-31,2025-12-31,2004-04-30,2026-04-30,2001-12-31,2026-04-30,25,265
NB_764,nonbankrupt,,CZR,Caesars Entertainment Inc. Common Stock,Consumer Discretionary,Hotels/Resorts,CZR US Equity,,1993-06-18,2026-05-02,Consumer Discretionary,Leisure Facilities & Services,2014-12-31,2025-12-31,2014-09-30,2026-04-30,2014-09-30,2026-04-30,12,140
NB_765,nonbankrupt,,D,Dominion Energy Inc. Common Stock,Utilities,Electric Utilities: Central,D US Equity,,1993-06-18,2026-05-02,Utilities,Electric Utilities,1993-12-31,2025-12-31,1993-06-30,2026-04-30,1993-06-30,2026-04-30,33,395
NB_766,nonbankrupt,,DAIC,CID HoldCo Inc. Common Stock,Technology,EDP Services,DAIC US Equity,,1993-06-18,2026-05-02,Technology,Software,2023-12-31,2025-12-31,2022-01-31,2026-04-30,2022-01-31,2026-04-30,3,45
NB_768,nonbankrupt,,DAIO,Data I/O Corporation Common Stock,Industrials,Electrical Products,DAIO US Equity,,1993-06-18,2026-05-02,Technology,Semiconductors,1993-12-30,2025-12-31,1993-06-30,2026-04-30,1993-06-30,2026-04-30,33,395
NB_769,nonbankrupt,,DAKT,Daktronics Inc. Common Stock,Consumer Discretionary,Miscellaneous manufacturing industries,DAKT US Equity,,1993-06-18,2026-05-02,Technology,Technology Hardware,1994-04-30,2026-05-02,1994-02-28,2026-04-30,1994-02-28,2026-05-02,33,387
NB_77,nonbankrupt,,AGL,agilon health inc. Common Stock,Health Care,Misc Health and Biotechnology Services,AGL US Equity,,1993-06-18,2026-05-02,Health Care,Health Care Facilities & Svcs,2019-12-31,2025-12-31,2021-04-30,2026-04-30,2019-12-31,2026-04-30,7,61
NB_770,nonbankrupt,,DAL,Delta Air Lines Inc. Common Stock,Consumer Discretionary,Air Freight/Delivery Services,DAL US Equity,,1993-06-18,2026-05-02,Industrials,Transportation & Logistics,2007-12-31,2025-12-31,2007-04-30,2026-04-30,2007-04-30,2026-04-30,19,229
NB_771,nonbankrupt,,DAN,Dana Incorporated Common Stock,Consumer Discretionary,Auto Parts:O.E.M.,DAN US Equity,,1993-06-18,2026-05-02,Consumer Discretionary,Automotive,2006-12-31,2025-12-31,2008-01-31,2026-04-30,2006-12-31,2026-04-30,20,220
NB_772,nonbankrupt,,DAR,Darling Ingredients Inc. Common Stock,Consumer Staples,Packaged Foods,DAR US Equity,,1993-06-18,2026-05-02,Consumer Staples,Food,1994-01-01,2026-01-03,1994-04-29,2026-04-30,1994-01-01,2026-04-30,27,382
NB_773,nonbankrupt,,DARE,Dare Bioscience Inc. Common Stock,Health Care,Biotechnology: Pharmaceutical Preparations,DARE US Equity,,1993-06-18,2026-05-02,Health Care,Biotech & Pharma,2012-12-31,2025-12-31,2014-04-30,2026-04-30,2012-12-31,2026-04-30,10,145
NB_774,nonbankrupt,,DASH,DoorDash Inc. Class A Common Stock,Consumer Discretionary,Business Services,DASH US Equity,,1993-06-18,2026-05-02,Communications,Internet Media & Services,2018-12-31,2025-12-31,2020-12-31,2026-04-30,2018-12-31,2026-04-30,8,65
NB_775,nonbankrupt,,DBGI,Digital Brands Group Inc. Common Stock,Consumer Discretionary,Clothing/Shoe/Accessory Stores,DBGI US Equity,,1993-06-18,2026-05-02,Consumer Discretionary,Retail - Discretionary,2019-12-31,2025-12-31,2021-05-31,2026-04-30,2019-12-31,2026-04-30,7,60
NB_776,nonbankrupt,,DBI,Designer Brands Inc. Class A Common Stock,Consumer Discretionary,Clothing/Shoe/Accessory Stores,DBI US Equity,,1993-06-18,2026-05-02,Consumer Discretionary,Retail - Discretionary,2004-01-31,2026-01-31,2005-06-30,2026-04-30,2003-02-01,2026-04-30,23,251
NB_777,nonbankrupt,,DBX,Dropbox Inc. Class A Common Stock,Technology,Computer Software: Prepackaged Software,DBX US Equity,,1993-06-18,2026-05-02,Technology,Software,2016-12-31,2025-12-31,2018-03-30,2026-04-30,2015-12-31,2026-04-30,10,98
NB_778,nonbankrupt,,DC,Dakota Gold Corp. Common Stock,Basic Materials,Metal Mining,DC US Equity,,1993-06-18,2026-05-02,Materials,Metals & Mining,2008-03-31,2025-12-31,2005-08-31,2026-04-30,2005-06-30,2026-04-30,18,248
NB_779,nonbankrupt,,DCGO,DocGo Inc. Common Stock,Health Care,Medical/Nursing Services,DCGO US Equity,,1993-06-18,2026-05-02,Health Care,Health Care Facilities & Svcs,2020-12-31,2025-12-31,2020-12-31,2026-04-30,2020-10-30,2026-04-30,6,65
NB_78,nonbankrupt,,AGPU,Axe Compute Inc. Common Stock,Health Care,Industrial Specialties,AGPU US Equity,,1993-06-18,2026-05-02,Health Care,Biotech & Pharma,2009-12-31,2025-12-31,2010-04-30,2026-04-30,2009-12-31,2026-04-30,17,193
NB_780,nonbankrupt,,DCH,Dauch Corporation Common Stock,Consumer Discretionary,Auto Parts:O.E.M.,DCH US Equity,,1993-06-18,2026-05-02,Consumer Discretionary,Automotive,1996-12-31,2025-12-31,1999-01-29,2026-04-30,1996-12-31,2026-04-30,30,328
NB_781,nonbankrupt,,DCI,Donaldson Company Inc. Common Stock,Industrials,Pollution Control Equipment,DCI US Equity,,1993-06-18,2026-05-02,Industrials,Machinery,1993-07-31,2025-07-31,1993-06-30,2026-04-30,1993-06-30,2026-04-30,33,395
NB_782,nonbankrupt,,DCO,Ducommun Incorporated Common Stock,Industrials,Military/Government/Technical,DCO US Equity,,1993-06-18,2026-05-02,Industrials,Aerospace & Defense,1993-12-31,2025-12-31,1993-06-30,2026-04-30,1993-06-30,2026-04-30,31,395
NB_783,nonbankrupt,,DCOY,Decoy Therapeutics Inc. Common Stock,Health Care,Biotechnology: Pharmaceutical Preparations,DCOY US Equity,,1993-06-18,2026-05-02,Health Care,Biotech & Pharma,2014-12-31,2025-12-31,2015-01-30,2026-04-30,2014-12-31,2026-04-30,12,136
NB_784,nonbankrupt,,DCTH,Delcath Systems Inc. Common Stock,Health Care,Medical/Dental Instruments,DCTH US Equity,,1993-06-18,2026-05-02,Health Care,Medical Equipment & Devices,1999-12-31,2025-12-31,2001-10-31,2026-04-30,1999-12-31,2026-04-30,24,295
NB_785,nonbankrupt,,DD,DuPont de Nemours Inc. Common Stock,Industrials,Major Chemicals,DD US Equity,,1993-06-18,2026-05-02,Industrials,Diversified Industrials,2015-12-31,2025-12-31,1993-06-30,2026-04-30,1993-06-30,2026-04-30,11,395
NB_786,nonbankrupt,,DDD,3D Systems Corporation Common Stock,Technology,Computer Software: Prepackaged Software,DDD US Equity,,1993-06-18,2026-05-02,Technology,Technology Hardware,1993-12-31,2025-12-31,1993-06-30,2026-04-30,1993-06-30,2026-04-30,33,395
NB_787,nonbankrupt,,DDOG,Datadog Inc. Class A Common Stock,Technology,Computer Software: Prepackaged Software,DDOG US Equity,,1993-06-18,2026-05-02,Technology,Software,2017-12-31,2025-12-31,2019-09-30,2026-04-30,2017-12-31,2026-04-30,9,80
NB_788,nonbankrupt,,DDS,Dillard's Inc. Common Stock,Consumer Discretionary,Department/Specialty Retail Stores,DDS US Equity,,1993-06-18,2026-05-02,Consumer Discretionary,Retail - Discretionary,1994-01-29,2026-01-31,1993-06-30,2026-04-30,1993-06-30,2026-04-30,33,395
NB_79,nonbankrupt,,AGX,Argan Inc. Common Stock,Consumer Discretionary,Engineering & Construction,AGX US Equity,,1993-06-18,2026-05-02,Industrials,Engineering & Construction,1994-01-31,2026-01-31,1993-06-30,2026-04-30,1993-06-30,2026-04-30,33,392
NB_790,nonbankrupt,,DE,Deere & Company Common Stock,Industrials,Industrial Machinery/Components,DE US Equity,,1993-06-18,2026-05-02,Industrials,Machinery,1993-10-31,2025-11-02,1993-06-30,2026-04-30,1993-06-30,2026-04-30,33,395
NB_791,nonbankrupt,,DECK,Deckers Outdoor Corporation Common Stock,Consumer Discretionary,Shoe Manufacturing,DECK US Equity,,1993-06-18,2026-05-02,Consumer Discretionary,Apparel & Textile Products,1993-12-31,2026-03-31,1993-10-29,2026-04-30,1993-10-29,2026-04-30,32,391
NB_792,nonbankrupt,,DELL,Dell Technologies Inc. Class C Common Stock,Technology,Computer Manufacturing,DELL US Equity,,1993-06-18,2026-05-02,Technology,Technology Hardware,2016-01-29,2026-01-30,2018-12-31,2026-04-30,2016-01-29,2026-04-30,11,89
NB_793,nonbankrupt,,DERM,Journey Medical Corporation Common Stock,Health Care,Biotechnology: Pharmaceutical Preparations,DERM US Equity,,1993-06-18,2026-05-02,Health Care,Biotech & Pharma,2019-12-31,2025-12-31,2021-11-30,2026-04-30,2019-12-31,2026-04-30,7,54
NB_794,nonbankrupt,,DETX,Liberty Defense Holdings Ltd. Common Shares,Industrials,Industrial Machinery/Components,DETX US Equity,,1993-06-18,2026-05-02,Industrials,Electrical Equipment,2013-12-31,2025-12-31,2019-04-30,2026-04-30,2013-12-31,2026-04-30,13,74
NB_795,nonbankrupt,,DFH,Dream Finders Homes Inc. Class A Common Stock,Consumer Discretionary,Homebuilding,DFH US Equity,,1993-06-18,2026-05-02,Consumer Discretionary,Home Construction,2018-12-31,2025-12-31,2021-01-29,2026-04-30,2018-12-31,2026-04-30,8,64
NB_796,nonbankrupt,,DFIN,Donnelley Financial Solutions Inc. Common Stock,Consumer Discretionary,Other Consumer Services,DFIN US Equity,,1993-06-18,2026-05-02,Technology,Software,2014-12-31,2025-12-31,2016-09-30,2026-04-30,2013-12-31,2026-04-30,12,116
NB_797,nonbankrupt,,DFNS,T3 Defense Inc. Common Stock,Consumer Discretionary,Professional Services,DFNS US Equity,,1993-06-18,2026-05-02,Industrials,Aerospace & Defense,2019-12-31,2025-12-31,2020-07-31,2026-04-30,2019-12-31,2026-04-30,6,70
NB_799,nonbankrupt,,DFTX,Definium Therapeutics Inc. Common Shares,Health Care,Medicinal Chemicals and Botanical Products,DFTX US Equity,,1993-06-18,2026-05-02,Health Care,Biotech & Pharma,2011-08-31,2025-12-31,2016-11-30,2026-04-30,2011-02-28,2026-04-30,15,114
NB_8,nonbankrupt,,ABAT,American Battery Technology Company Common Stock,Industrials,Mining & Quarrying of Nonmetallic Minerals (No Fuels),ABAT US Equity,,1993-06-18,2026-05-02,Materials,Metals & Mining,2012-09-30,2025-06-30,2016-02-29,2026-04-30,2012-09-30,2026-04-30,6,122
NB_80,nonbankrupt,,AGYS,Agilysys Inc. Common Stock (DE),Technology,EDP Services,AGYS US Equity,,1993-06-18,2026-05-02,Technology,Software,1994-03-31,2026-03-31,1993-06-30,2026-04-30,1993-06-30,2026-04-30,33,395
NB_800,nonbankrupt,,DG,Dollar General Corporation Common Stock,Consumer Discretionary,Department/Specialty Retail Stores,DG US Equity,,1993-06-18,2026-05-02,Consumer Staples,Retail - Consumer Staples,1994-01-31,2026-01-30,2009-11-30,2026-04-30,1994-01-31,2026-04-30,33,198
NB_801,nonbankrupt,,DGII,Digi International Inc. Common Stock,Telecommunications,Computer Communications Equipment,DGII US Equity,,1993-06-18,2026-05-02,Technology,Software,1993-09-30,2025-09-30,1993-06-30,2026-04-30,1993-06-30,2026-04-30,33,395
NB_802,nonbankrupt,,DGX,Quest Diagnostics Incorporated Common Stock,Health Care,Medical Specialities,DGX US Equity,,1993-06-18,2026-05-02,Health Care,Health Care Facilities & Svcs,1996-12-31,2025-12-31,1996-12-31,2026-04-30,1996-12-31,2026-04-30,30,353
NB_803,nonbankrupt,,DH,Definitive Healthcare Corp. Class A Common Stock,Technology,Computer Software: Prepackaged Software,DH US Equity,,1993-06-18,2026-05-02,Technology,Software,2020-12-31,2025-12-31,2021-09-30,2026-04-30,2020-12-31,2026-04-30,6,56
NB_804,nonbankrupt,,DHI,D.R. Horton Inc. Common Stock,Consumer Discretionary,Homebuilding,DHI US Equity,,1993-06-18,2026-05-02,Consumer Discretionary,Home Construction,1994-09-30,2025-09-30,1993-06-30,2026-04-30,1993-06-30,2026-04-30,32,395
NB_805,nonbankrupt,,DHR,Danaher Corporation Common Stock,Industrials,Industrial Machinery/Components,DHR US Equity,,1993-06-18,2026-05-02,Health Care,Medical Equipment & Devices,1993-12-31,2025-12-31,1993-06-30,2026-04-30,1993-06-30,2026-04-30,33,395
NB_806,nonbankrupt,,DHX,DHI Group Inc. Common Stock,Consumer Discretionary,Business Services,DHX US Equity,,1993-06-18,2026-05-02,Communications,Internet Media & Services,2005-12-31,2025-12-31,2007-07-31,2026-04-30,2005-12-31,2026-04-30,21,226
NB_807,nonbankrupt,,DIBS,1stdibs.com Inc. Common Stock,Consumer Discretionary,Catalog/Specialty Distribution,DIBS US Equity,,1993-06-18,2026-05-02,Consumer Discretionary,E-Commerce Discretionary,2019-12-31,2025-12-31,2021-06-30,2026-04-30,2019-12-31,2026-04-30,7,59
NB_808,nonbankrupt,,DIN,Dine Brands Global Inc. Common Stock,Consumer Discretionary,Restaurants,DIN US Equity,,1993-06-18,2026-05-02,Consumer Discretionary,Leisure Facilities & Services,1994-01-02,2025-12-28,1993-06-30,2026-04-30,1993-06-30,2026-04-30,27,395
NB_809,nonbankrupt,,DINO,HF Sinclair Corporation Common Stock,Energy,Natural Gas Distribution,DINO US Equity,,1993-06-18,2026-05-02,Energy,Oil & Gas Supply Chain,1993-07-31,2025-12-31,1993-06-30,2026-04-30,1993-06-30,2026-04-30,32,395
NB_81,nonbankrupt,,AHCO,AdaptHealth Corp. Common Stock,Health Care,Medical/Nursing Services,AHCO US Equity,,1993-06-18,2026-05-02,Health Care,Health Care Facilities & Svcs,2018-12-31,2025-12-31,2018-05-31,2026-04-30,2018-04-30,2026-04-30,8,96
NB_810,nonbankrupt,,DIOD,Diodes Incorporated Common Stock,Technology,Semiconductors,DIOD US Equity,,1993-06-18,2026-05-02,Technology,Semiconductors,1993-12-31,2025-12-31,1993-06-30,2026-04-30,1993-06-30,2026-04-30,33,395
NB_811,nonbankrupt,,DIS,Walt Disney Company (The) Common Stock,Consumer Discretionary,Services-Misc. Amusement & Recreation,DIS US Equity,,1993-06-18,2026-05-02,Communications,Entertainment Content,1993-09-30,2025-09-27,1993-06-30,2026-04-30,1993-06-30,2026-04-30,33,395
NB_812,nonbankrupt,,DIT,AMCON Distributing Company Common Stock,Consumer Discretionary,Food Distributors,DIT US Equity,,1993-06-18,2026-05-02,Consumer Staples,Wholesale - Consumer Staples,1993-09-30,2025-09-30,1995-08-31,2026-04-30,1993-09-30,2026-04-30,33,369
NB_813,nonbankrupt,,DJCO,Daily Journal Corp. (S.C.) Common Stock,Consumer Discretionary,Newspapers/Magazines,DJCO US Equity,,1993-06-18,2026-05-02,Technology,Software,1993-09-30,2025-09-30,1993-06-30,2026-04-30,1993-06-30,2026-04-30,29,395
NB_814,nonbankrupt,,DJT,Trump Media & Technology Group Corp. Common Stock,Technology,Computer Software: Programming Data Processing,DJT US Equity,,1993-06-18,2026-05-02,Communications,Internet Media & Services,2021-12-31,2025-12-31,2021-09-30,2026-04-30,2021-09-30,2026-04-30,5,56
NB_816,nonbankrupt,,DK,Delek US Holdings Inc. Common Stock,Energy,Integrated oil Companies,DK US Equity,,1993-06-18,2026-05-02,Energy,Oil & Gas Supply Chain,2015-12-31,2025-12-31,2006-05-31,2026-04-30,2006-05-31,2026-04-30,11,240
NB_817,nonbankrupt,,DKL,Delek Logistics Partners L.P. Common Units representing Limited Partner Interests,Energy,Natural Gas Distribution,DKL US Equity,,1993-06-18,2026-05-02,Energy,Oil & Gas Supply Chain,2010-12-31,2025-12-31,2012-11-30,2026-04-30,2007-12-31,2026-04-30,16,162
NB_818,nonbankrupt,,DKNG,DraftKings Inc. Class A Common Stock,Consumer Discretionary,Services-Misc. Amusement & Recreation,DKNG US Equity,,1993-06-18,2026-05-02,Consumer Discretionary,Leisure Facilities & Services,2019-12-31,2025-12-31,2019-07-31,2026-04-30,2019-07-31,2026-04-30,7,82
NB_819,nonbankrupt,,DKS,Dick's Sporting Goods Inc Common Stock,Consumer Discretionary,Other Specialty Stores,DKS US Equity,,1993-06-18,2026-05-02,Consumer Discretionary,Retail - Discretionary,2001-02-02,2026-01-31,2002-10-31,2026-04-30,2001-02-02,2026-04-30,26,283
NB_82,nonbankrupt,,AI,C3.ai Inc. Class A Common Stock,Technology,Computer Software: Prepackaged Software,AI US Equity,,1993-06-18,2026-05-02,Technology,Software,2019-04-30,2026-04-30,2020-12-31,2026-04-30,2019-04-30,2026-04-30,8,65
NB_820,nonbankrupt,,DLHC,DLH Holdings Corp.,Consumer Discretionary,Professional Services,DLHC US Equity,,1993-06-18,2026-05-02,Technology,IT Services,1993-09-30,2025-09-30,1993-06-30,2026-04-30,1993-06-30,2026-04-30,33,395
NB_821,nonbankrupt,,DLPN,Dolphin Entertainment Inc. Common Stock,Consumer Discretionary,Other Consumer Services,DLPN US Equity,,1993-06-18,2026-05-02,Communications,Entertainment Content,2017-12-31,2025-12-31,2006-10-31,2026-04-30,2006-08-31,2026-04-30,9,234
NB_822,nonbankrupt,,DLTH,Duluth Holdings Inc. Class B Common Stock,Consumer Discretionary,Clothing/Shoe/Accessory Stores,DLTH US Equity,,1993-06-18,2026-05-02,Consumer Discretionary,Retail - Discretionary,2006-12-31,2026-02-01,2015-11-30,2026-04-30,2006-12-31,2026-04-30,19,126
NB_823,nonbankrupt,,DLTR,Dollar Tree Inc. Common Stock,Consumer Discretionary,Department/Specialty Retail Stores,DLTR US Equity,,1993-06-18,2026-05-02,Consumer Staples,Retail - Consumer Staples,1993-12-31,2026-01-31,1995-03-31,2026-04-30,1993-12-31,2026-04-30,33,374
NB_824,nonbankrupt,,DLX,Deluxe Corporation Common Stock,Consumer Discretionary,Publishing,DLX US Equity,,1993-06-18,2026-05-02,Industrials,Commercial Support Services,1993-12-31,2025-12-31,1993-06-30,2026-04-30,1993-06-30,2026-04-30,32,395
NB_825,nonbankrupt,,DMAC,DiaMedica Therapeutics Inc. Common Stock,Health Care,Biotechnology: Pharmaceutical Preparations,DMAC US Equity,,1993-06-18,2026-05-02,Health Care,Biotech & Pharma,2007-12-31,2025-12-31,2008-01-31,2026-04-30,2007-03-30,2026-04-30,19,190
NB_826,nonbankrupt,,DMLP,Dorchester Minerals L.P. Common Units Representing Limited Partnership Interests,Energy,Oil & Gas Production,DMLP US Equity,,1993-06-18,2026-05-02,Energy,Oil & Gas Supply Chain,2002-12-31,2025-12-31,2003-02-28,2026-04-30,2002-12-31,2026-04-30,23,279
NB_827,nonbankrupt,,DMRC,Digimarc Corporation Common Stock,Technology,EDP Services,DMRC US Equity,,1993-06-18,2026-05-02,Technology,Software,2008-12-31,2025-12-31,2008-10-31,2026-04-30,2008-10-31,2026-04-30,18,211
NB_828,nonbankrupt,,DNA,Ginkgo Bioworks Holdings Inc. Class A Common Stock,Health Care,Biotechnology: Biological Products (No Diagnostic Substances),DNA US Equity,,1993-06-18,2026-05-02,Health Care,Health Care Facilities & Svcs,2019-12-31,2025-12-31,2021-04-30,2026-04-30,2019-12-31,2026-04-30,7,61
NB_829,nonbankrupt,,DNLI,Denali Therapeutics Inc. Common Stock,Health Care,Biotechnology: Biological Products (No Diagnostic Substances),DNLI US Equity,,1993-06-18,2026-05-02,Health Care,Biotech & Pharma,2015-12-31,2025-12-31,2017-12-29,2026-04-30,2015-12-31,2026-04-30,11,101
NB_83,nonbankrupt,,AIAI,AIAI Holdings Corporation Class A Common Stock,Technology,EDP Services,AIAI US Equity,,1993-06-18,2026-05-02,Technology,Software,2025-12-31,2025-12-31,,,2025-12-31,2025-12-31,1,0
NB_830,nonbankrupt,,DNOW,DNOW Inc. Common Stock,Consumer Discretionary,Oil and Gas Field Machinery,DNOW US Equity,,1993-06-18,2026-05-02,Energy,Oil & Gas Services & Equip,2012-12-31,2025-12-31,2014-05-30,2026-04-30,2011-12-31,2026-04-30,14,144
NB_831,nonbankrupt,,DNTH,Dianthus Therapeutics Inc. Common Stock,Health Care,Biotechnology: Pharmaceutical Preparations,DNTH US Equity,,1993-06-18,2026-05-02,Health Care,Biotech & Pharma,2016-12-31,2025-12-31,2018-06-29,2026-04-30,2016-12-31,2026-04-30,10,95
NB_832,nonbankrupt,,DNUT,Krispy Kreme Inc. Common Stock,Consumer Staples,Food Chains,DNUT US Equity,,1993-06-18,2026-05-02,Consumer Discretionary,Leisure Facilities & Services,2019-12-29,2025-12-28,2021-06-30,2026-04-30,2018-12-30,2026-04-30,6,59
NB_833,nonbankrupt,,DOCN,DigitalOcean Holdings Inc. Common Stock,Technology,Computer Software: Programming Data Processing,DOCN US Equity,,1993-06-18,2026-05-02,Technology,Software,2019-12-31,2025-12-31,2021-03-31,2026-04-30,2018-12-31,2026-04-30,7,62
NB_834,nonbankrupt,,DOCS,Doximity Inc. Class A Common Stock,Technology,EDP Services,DOCS US Equity,,1993-06-18,2026-05-02,Technology,Software,2020-03-31,2026-03-31,2021-06-30,2026-04-30,2019-03-31,2026-04-30,7,59
NB_835,nonbankrupt,,DOCU,DocuSign Inc. Common Stock,Technology,Computer Software: Prepackaged Software,DOCU US Equity,,1993-06-18,2026-05-02,Technology,Software,2016-01-31,2026-01-31,2018-04-30,2026-04-30,2016-01-31,2026-04-30,11,97
NB_836,nonbankrupt,,DORM,Dorman Products Inc. Common Stock,Consumer Discretionary,Auto Parts:O.E.M.,DORM US Equity,,1993-06-18,2026-05-02,Consumer Discretionary,Automotive,1993-12-25,2025-12-31,1993-06-30,2026-04-30,1993-06-30,2026-04-30,33,395
NB_837,nonbankrupt,,DOV,Dover Corporation Common Stock,Industrials,Industrial Machinery/Components,DOV US Equity,,1993-06-18,2026-05-02,Industrials,Diversified Industrials,1993-12-31,2025-12-31,1993-06-30,2026-04-30,1993-06-30,2026-04-30,33,395
NB_838,nonbankrupt,,DOW,Dow Inc. Common Stock,Industrials,Major Chemicals,DOW US Equity,,1993-06-18,2026-05-02,Materials,Chemicals,2018-12-31,2025-12-31,2019-03-29,2026-04-30,2016-12-31,2026-04-30,8,86
NB_839,nonbankrupt,,DPZ,Domino's Pizza Inc Common Stock,Consumer Discretionary,Food Distributors,DPZ US Equity,,1993-06-18,2026-05-02,Consumer Discretionary,Leisure Facilities & Services,2000-12-31,2025-12-28,2004-07-30,2026-04-30,2000-12-31,2026-04-30,22,262
NB_84,nonbankrupt,,AIDX,20/20 Biolabs Inc. Common Stock,Health Care,Precision Instruments,AIDX US Equity,,1993-06-18,2026-05-02,Health Care,Medical Equipment & Devices,2023-12-31,2025-12-31,2026-02-27,2026-04-30,2023-12-31,2026-04-30,3,3
NB_840,nonbankrupt,,DRCT,Direct Digital Holdings Inc. Class A Common Stock,Consumer Discretionary,Advertising,DRCT US Equity,,1993-06-18,2026-05-02,Communications,Advertising & Marketing,2019-12-31,2025-12-31,2022-02-28,2026-04-30,2019-12-31,2026-04-30,7,51
NB_841,nonbankrupt,,DRI,Darden Restaurants Inc. Common Stock,Consumer Discretionary,Restaurants,DRI US Equity,,1993-06-18,2026-05-02,Consumer Discretionary,Leisure Facilities & Services,1994-05-29,2025-05-25,1995-05-31,2026-04-30,1994-05-29,2026-04-30,32,372
NB_842,nonbankrupt,,DRMA,Dermata Therapeutics Inc. Common Stock,Health Care,Biotechnology: Pharmaceutical Preparations,DRMA US Equity,,1993-06-18,2026-05-02,Health Care,Biotech & Pharma,2019-12-31,2025-12-31,2021-08-31,2026-04-30,2019-12-31,2026-04-30,7,57
NB_843,nonbankrupt,,DRVN,Driven Brands Holdings Inc. Common Stock,Consumer Discretionary,Automotive Aftermarket,DRVN US Equity,,1993-06-18,2026-05-02,Consumer Discretionary,Retail - Discretionary,2018-12-29,2025-12-27,2021-01-29,2026-04-30,2018-12-29,2026-04-30,8,64
NB_844,nonbankrupt,,DSGN,Design Therapeutics Inc. Common Stock,Health Care,Biotechnology: Pharmaceutical Preparations,DSGN US Equity,,1993-06-18,2026-05-02,Health Care,Biotech & Pharma,2019-03-31,2025-12-31,2021-03-31,2026-04-30,2019-03-31,2026-04-30,7,62
NB_845,nonbankrupt,,DSGR,Distribution Solutions Group Inc. Common Stock,Consumer Discretionary,Industrial Specialties,DSGR US Equity,,1993-06-18,2026-05-02,Industrials,Industrial Support Services,1993-12-31,2025-12-31,1993-06-30,2026-04-30,1993-06-30,2026-04-30,32,395
NB_846,nonbankrupt,,DSP,Viant Technology Inc. Class A Common Stock,Technology,Computer Software: Programming Data Processing,DSP US Equity,,1993-06-18,2026-05-02,Technology,Software,2018-12-31,2025-12-31,2021-02-26,2026-04-30,2018-12-31,2026-04-30,8,63
NB_847,nonbankrupt,,DSS,DSS Inc. Common Stock,Consumer Discretionary,Containers/Packaging,DSS US Equity,,1993-06-18,2026-05-02,Materials,Containers & Packaging,1995-12-31,2025-12-31,1994-04-29,2026-04-30,1994-04-29,2026-04-30,29,385
NB_848,nonbankrupt,,DT,Dynatrace Inc. Common Stock,Technology,Computer Software: Prepackaged Software,DT US Equity,,1993-06-18,2026-05-02,Technology,Software,2018-03-31,2026-03-31,2019-07-31,2026-04-30,2017-03-31,2026-04-30,9,82
NB_85,nonbankrupt,,AIFA,All In FutureTech Alliance Inc. Common Stock,Consumer Discretionary,Services-Misc. Amusement & Recreation,AIFA US Equity,,1993-06-18,2026-05-02,Consumer Discretionary,Leisure Facilities & Services,2018-12-31,2025-12-31,2017-10-31,2026-04-30,2017-10-31,2026-04-30,8,103
NB_850,nonbankrupt,,DTCX,Datacentrex Inc. Common Stock,Technology,EDP Services,DTCX US Equity,,1993-06-18,2026-05-02,Technology,Software,2022-12-31,2025-12-31,2022-03-31,2026-04-30,2022-03-31,2026-04-30,4,44
NB_851,nonbankrupt,,DTE,DTE Energy Company Common Stock,Utilities,Electric Utilities: Central,DTE US Equity,,1993-06-18,2026-05-02,Utilities,Electric Utilities,1993-12-31,2025-12-31,1993-06-30,2026-04-30,1993-06-30,2026-04-30,33,395
NB_853,nonbankrupt,,DTI,Drilling Tools International Corporation Common Stock,Consumer Discretionary,Oil and Gas Field Machinery,DTI US Equity,,1993-06-18,2026-05-02,Energy,Oil & Gas Services & Equip,2021-12-31,2025-12-31,2021-12-31,2026-04-30,2021-12-31,2026-04-30,5,53
NB_854,nonbankrupt,,DTIL,Precision BioSciences Inc. Common Stock,Health Care,Biotechnology: Biological Products (No Diagnostic Substances),DTIL US Equity,,1993-06-18,2026-05-02,Health Care,Biotech & Pharma,2017-12-31,2025-12-31,2019-03-29,2026-04-30,2017-12-31,2026-04-30,9,86
NB_856,nonbankrupt,,DTM,DT Midstream Inc. Common Stock,Utilities,Natural Gas Distribution,DTM US Equity,,1993-06-18,2026-05-02,Energy,Oil & Gas Supply Chain,2019-12-31,2025-12-31,2021-06-30,2026-04-30,2018-12-31,2026-04-30,7,59
NB_857,nonbankrupt,,DTST,Data Storage Corporation Common Stock,Technology,EDP Services,DTST US Equity,,1993-06-18,2026-05-02,Technology,IT Services,2009-12-31,2025-12-31,2009-11-30,2026-04-30,2009-11-30,2026-04-30,17,193
NB_859,nonbankrupt,,DUK,Duke Energy Corporation (Holding Company) Common Stock,Utilities,Power Generation,DUK US Equity,,1993-06-18,2026-05-02,Utilities,Electric Utilities,1993-12-31,2025-12-31,1993-06-30,2026-04-30,1993-06-30,2026-04-30,32,395
NB_86,nonbankrupt,,AIFF,Firefly Neuroscience Inc. Common Stock,Technology,Computer Software: Prepackaged Software,AIFF US Equity,,1993-06-18,2026-05-02,Technology,IT Services,1994-12-31,2025-12-31,1994-04-29,2026-04-30,1994-04-29,2026-04-30,32,376
NB_862,nonbankrupt,,DUOL,Duolingo Inc. Class A Common Stock,Technology,Computer Software: Prepackaged Software,DUOL US Equity,,1993-06-18,2026-05-02,Technology,Software,2019-12-31,2025-12-31,2021-07-30,2026-04-30,2019-12-31,2026-04-30,7,58
NB_863,nonbankrupt,,DUOT,Duos Technologies Group Inc. Common Stock,Technology,Computer Software: Prepackaged Software,DUOT US Equity,,1993-06-18,2026-05-02,Technology,Software,2014-12-31,2025-12-31,2008-08-29,2026-04-30,2008-08-29,2026-04-30,12,212
NB_864,nonbankrupt,,DV,DoubleVerify Holdings Inc. Common Stock,Technology,Computer Software: Programming Data Processing,DV US Equity,,1993-06-18,2026-05-02,Technology,Software,2019-12-31,2025-12-31,2021-04-30,2026-04-30,2018-12-31,2026-04-30,7,61
NB_865,nonbankrupt,,DVA,DaVita Inc. Common Stock,Health Care,Misc Health and Biotechnology Services,DVA US Equity,,1993-06-18,2026-05-02,Health Care,Health Care Facilities & Svcs,1995-12-31,2025-12-31,1995-10-31,2026-04-30,1995-10-31,2026-04-30,31,367
NB_866,nonbankrupt,,DVLT,Datavault AI Inc. Common Stock,Consumer Discretionary,Business Services,DVLT US Equity,,1993-06-18,2026-05-02,Technology,Software,2016-12-31,2025-12-31,2018-07-31,2026-04-30,2016-12-31,2026-04-30,10,94
NB_867,nonbankrupt,,DVN,Devon Energy Corporation Common Stock,Energy,Oil & Gas Production,DVN US Equity,,1993-06-18,2026-05-02,Energy,Oil & Gas Supply Chain,1993-12-31,2025-12-31,1993-06-30,2026-04-30,1993-06-30,2026-04-30,33,395
NB_868,nonbankrupt,,DWSN,Dawson Geophysical Company Common Stock,Energy,Oil & Gas Production,DWSN US Equity,,1993-06-18,2026-05-02,Energy,Oil & Gas Services & Equip,1995-12-31,2025-12-31,1994-04-29,2026-04-30,1994-04-29,2026-04-30,30,382
NB_869,nonbankrupt,,DWTX,Dogwood Therapeutics Inc. Common Stock,Health Care,Biotechnology: Pharmaceutical Preparations,DWTX US Equity,,1993-06-18,2026-05-02,Health Care,Biotech & Pharma,2018-12-31,2025-12-31,2020-12-31,2026-04-30,2018-12-31,2026-04-30,8,65
NB_87,nonbankrupt,,AIMD,Ainos Inc. Common Stock,Technology,Computer peripheral equipment,AIMD US Equity,,1993-06-18,2026-05-02,Consumer Staples,Household Products,1995-12-31,2025-12-31,1996-08-30,2026-04-30,1994-12-31,2026-04-30,31,357
NB_870,nonbankrupt,,DXC,DXC Technology Company Common Stock,Technology,EDP Services,DXC US Equity,,1993-06-18,2026-05-02,Technology,IT Services,2017-03-31,2026-03-31,2017-03-31,2026-04-30,2017-03-31,2026-04-30,10,110
NB_871,nonbankrupt,,DXCM,DexCom Inc. Common Stock,Health Care,Medical/Dental Instruments,DXCM US Equity,,1993-06-18,2026-05-02,Health Care,Medical Equipment & Devices,2003-12-31,2025-12-31,2005-04-29,2026-04-30,2002-12-31,2026-04-30,23,253
NB_872,nonbankrupt,,DXLG,Destination XL Group Inc. Common Stock,Consumer Discretionary,Clothing/Shoe/Accessory Stores,DXLG US Equity,,1993-06-18,2026-05-02,Consumer Discretionary,Retail - Discretionary,1994-01-29,2026-01-31,1993-06-30,2026-04-30,1993-06-30,2026-04-30,33,395
NB_873,nonbankrupt,,DXPE,DXP Enterprises Inc. Common Stock,Industrials,Industrial Machinery/Components,DXPE US Equity,,1993-06-18,2026-05-02,Industrials,Industrial Support Services,1996-12-31,2025-12-31,1995-01-31,2026-04-30,1995-01-31,2026-04-30,30,372
NB_874,nonbankrupt,,DXR,Daxor Corporation Common Stock,Health Care,Medical/Dental Instruments,DXR US Equity,,1993-06-18,2026-05-02,Health Care,Medical Equipment & Devices,1993-12-31,2012-12-31,1993-06-30,2026-04-30,1993-06-30,2026-04-30,18,395
NB_875,nonbankrupt,,DY,Dycom Industries Inc. Common Stock,Industrials,Water Sewer Pipeline Comm & Power Line Construction,DY US Equity,,1993-06-18,2026-05-02,Industrials,Engineering & Construction,1993-07-31,2026-01-31,1993-06-30,2026-04-30,1993-06-30,2026-04-30,33,395
NB_876,nonbankrupt,,DYAI,Dyadic International Inc. Common Stock,Health Care,Biotechnology: Biological Products (No Diagnostic Substances),DYAI US Equity,,1993-06-18,2026-05-02,Health Care,Health Care Facilities & Svcs,2004-12-31,2025-12-31,2004-11-30,2026-04-30,2004-11-30,2026-04-30,17,251
NB_877,nonbankrupt,,DYN,Dyne Therapeutics Inc. Common Stock,Health Care,Biotechnology: Pharmaceutical Preparations,DYN US Equity,,1993-06-18,2026-05-02,Health Care,Biotech & Pharma,2018-12-31,2025-12-31,2020-09-30,2026-04-30,2018-12-31,2026-04-30,8,68
NB_878,nonbankrupt,,EAF,GrafTech International Ltd. Common Stock,Energy,Industrial Machinery/Components,EAF US Equity,,1993-06-18,2026-05-02,Materials,Chemicals,1993-12-31,2025-12-31,2018-04-30,2026-04-30,1993-12-31,2026-04-30,33,97
NB_880,nonbankrupt,,EAT,Brinker International Inc. Common Stock,Consumer Discretionary,Restaurants,EAT US Equity,,1993-06-18,2026-05-02,Consumer Discretionary,Leisure Facilities & Services,1993-06-30,2025-06-25,1993-06-30,2026-04-30,1993-06-30,2026-04-30,32,395
NB_881,nonbankrupt,,EBAY,eBay Inc. Common Stock,Consumer Discretionary,Business Services,EBAY US Equity,,1993-06-18,2026-05-02,Consumer Discretionary,E-Commerce Discretionary,1996-12-31,2025-12-31,1998-09-30,2026-04-30,1996-12-31,2026-04-30,30,332
NB_882,nonbankrupt,,EBF,Ennis Inc. Common Stock,Consumer Discretionary,Office Equipment/Supplies/Services,EBF US Equity,,1993-06-18,2026-05-02,Industrials,Commercial Support Services,1994-02-28,2026-02-28,1993-06-30,2026-04-30,1993-06-30,2026-04-30,33,395
NB_883,nonbankrupt,,EBS,Emergent BioSolutions Inc. Common Stock,Health Care,Biotechnology: Pharmaceutical Preparations,EBS US Equity,,1993-06-18,2026-05-02,Health Care,Biotech & Pharma,2004-12-31,2025-12-31,2006-11-30,2026-04-30,2004-12-31,2026-04-30,22,234
NB_884,nonbankrupt,,ECG,Everus Construction Group Inc. Common Stock,Consumer Discretionary,Homebuilding,ECG US Equity,,1993-06-18,2026-05-02,Industrials,Engineering & Construction,2022-12-31,2025-12-31,2024-10-31,2026-04-30,2021-12-31,2026-04-30,4,19
NB_885,nonbankrupt,,ECHO,EchoStar Corporation Common Stock,Consumer Discretionary,Telecommunications Equipment,ECHO US Equity,,1993-06-18,2026-05-02,Communications,Cable & Satellite,2007-12-31,2025-12-31,2007-12-31,2026-04-30,2007-12-31,2026-04-30,19,221
NB_886,nonbankrupt,,ECL,Ecolab Inc. Common Stock,Consumer Discretionary,Package Goods/Cosmetics,ECL US Equity,,1993-06-18,2026-05-02,Materials,Chemicals,1993-12-31,2025-12-31,1993-06-30,2026-04-30,1993-06-30,2026-04-30,33,395
NB_887,nonbankrupt,,ECOR,electroCore Inc. Common Stock,Health Care,Biotechnology: Electromedical & Electrotherapeutic Apparatus,ECOR US Equity,,1993-06-18,2026-05-02,Health Care,Biotech & Pharma,2016-12-31,2025-12-31,2018-06-29,2026-04-30,2016-12-31,2026-04-30,10,95
NB_888,nonbankrupt,,ECVT,Ecovyst Inc. Common Stock,Industrials,Major Chemicals,ECVT US Equity,,1993-06-18,2026-05-02,Materials,Chemicals,2015-12-31,2025-12-31,2017-09-29,2026-04-30,2015-12-31,2026-04-30,11,104
NB_889,nonbankrupt,,ED,Consolidated Edison Inc. Common Stock,Utilities,Power Generation,ED US Equity,,1993-06-18,2026-05-02,Utilities,Electric Utilities,1993-12-31,2025-12-31,1993-06-30,2026-04-30,1993-06-30,2026-04-30,33,395
NB_89,nonbankrupt,,AIN,Albany International Corporation Common Stock,Consumer Discretionary,Textiles,AIN US Equity,,1993-06-18,2026-05-02,Industrials,Machinery,1993-12-31,2025-12-31,1993-06-30,2026-04-30,1993-06-30,2026-04-30,33,395
NB_890,nonbankrupt,,EDBL,Edible Garden AG Incorporated Common Stock,Consumer Staples,Farming/Seeds/Milling,EDBL US Equity,,1993-06-18,2026-05-02,Consumer Staples,Food,2019-12-31,2025-12-31,2022-05-31,2026-04-30,2019-12-31,2026-04-30,6,48
NB_891,nonbankrupt,,EDIT,Editas Medicine Inc. Common Stock,Health Care,Biotechnology: Biological Products (No Diagnostic Substances),EDIT US Equity,,1993-06-18,2026-05-02,Health Care,Biotech & Pharma,2013-12-31,2025-12-31,2016-02-29,2026-04-30,2013-12-31,2026-04-30,13,123
NB_892,nonbankrupt,,EDSA,Edesa Biotech Inc. Common Shares,Health Care,Biotechnology: Pharmaceutical Preparations,EDSA US Equity,,1993-06-18,2026-05-02,Health Care,Biotech & Pharma,2010-09-01,2025-09-30,2010-06-30,2026-04-30,2010-06-30,2026-04-30,16,190
NB_893,nonbankrupt,,EDUC,Educational Development Corporation Common Stock,Consumer Discretionary,Consumer Specialties,EDUC US Equity,,1993-06-18,2026-05-02,Consumer Discretionary,Wholesale - Discretionary,1994-02-28,2026-02-28,1993-06-30,2026-04-30,1993-06-30,2026-04-30,33,395
NB_894,nonbankrupt,,EE,Excelerate Energy Inc. Class A Common Stock,Utilities,Oil/Gas Transmission,EE US Equity,,1993-06-18,2026-05-02,Energy,Oil & Gas Supply Chain,2021-12-31,2025-12-31,2022-04-29,2026-04-30,2021-12-31,2026-04-30,5,49
NB_895,nonbankrupt,,EFOI,Energy Focus Inc. Common Stock,Consumer Discretionary,Building Products,EFOI US Equity,,1993-06-18,2026-05-02,Industrials,Electrical Equipment,1993-12-31,2025-12-31,1994-08-31,2026-04-30,1993-12-31,2026-04-30,28,381
NB_896,nonbankrupt,,EFOR,Everforth Inc. Common Stock,Consumer Discretionary,Professional Services,EFOR US Equity,,1993-06-18,2026-05-02,Technology,IT Services,1993-12-31,2025-12-31,1993-06-30,2026-04-30,1993-06-30,2026-04-30,31,395
NB_897,nonbankrupt,,EGAN,eGain Corporation Common Stock,Technology,Computer Software: Prepackaged Software,EGAN US Equity,,1993-06-18,2026-05-02,Technology,Software,1998-06-30,2025-06-30,1999-09-30,2026-04-30,1998-06-30,2026-04-30,28,320
NB_898,nonbankrupt,,EGHT,8x8 Inc Common Stock,Technology,EDP Services,EGHT US Equity,,1993-06-18,2026-05-02,Technology,Software,1995-03-31,2026-03-31,1997-07-31,2026-04-30,1995-03-31,2026-04-30,31,346
NB_899,nonbankrupt,,EGY,VAALCO Energy Inc. Common Stock,Energy,Oil & Gas Production,EGY US Equity,,1993-06-18,2026-05-02,Energy,Oil & Gas Supply Chain,1993-12-31,2025-12-31,1993-06-30,2026-04-30,1993-06-30,2026-04-30,32,395
NB_9,nonbankrupt,,ABBV,AbbVie Inc. Common Stock,Health Care,Biotechnology: Pharmaceutical Preparations,ABBV US Equity,,1993-06-18,2026-05-02,Health Care,Biotech & Pharma,2010-12-31,2025-12-31,2012-12-31,2026-04-30,2009-12-31,2026-04-30,16,161
NB_90,nonbankrupt,,AIOT,PowerFleet Inc. Common Stock,Telecommunications,Telecommunications Equipment,AIOT US Equity,,1993-06-18,2026-05-02,Technology,Technology Hardware,1998-12-31,2026-03-31,1999-06-30,2026-04-30,1998-12-31,2026-04-30,26,323
NB_900,nonbankrupt,,EHC,Encompass Health Corporation Common Stock,Health Care,Hospital/Nursing Management,EHC US Equity,,1993-06-18,2026-05-02,Health Care,Health Care Facilities & Svcs,1995-12-31,2025-12-31,1993-06-30,2026-04-30,1993-06-30,2026-04-30,28,395
NB_901,nonbankrupt,,EIKN,Eikon Therapeutics Inc. Common Stock,Health Care,Biotechnology: Biological Products (No Diagnostic Substances),EIKN US Equity,,1993-06-18,2026-05-02,Health Care,Biotech & Pharma,2023-12-31,2025-12-31,2026-02-27,2026-04-30,2023-12-31,2026-04-30,3,3
NB_902,nonbankrupt,,EIX,Edison International Common Stock,Utilities,Electric Utilities: Central,EIX US Equity,,1993-06-18,2026-05-02,Utilities,Electric Utilities,1993-12-31,2025-12-31,1993-06-30,2026-04-30,1993-06-30,2026-04-30,33,395
NB_903,nonbankrupt,,EL,Estee Lauder Companies Inc. (The) Common Stock,Consumer Discretionary,Package Goods/Cosmetics,EL US Equity,,1993-06-18,2026-05-02,Consumer Staples,Household Products,1994-06-30,2025-06-30,1995-11-30,2026-04-30,1994-06-30,2026-04-30,32,366
NB_904,nonbankrupt,,ELA,Envela Corporation Common Stock,Consumer Discretionary,Consumer Specialties,ELA US Equity,,1993-06-18,2026-05-02,Consumer Discretionary,Retail - Discretionary,1993-12-31,2025-12-31,1993-06-30,2026-04-30,1993-06-30,2026-04-30,33,389
NB_905,nonbankrupt,,ELAB,PMGC Holdings Inc. Common Stock,Health Care,Biotechnology: Pharmaceutical Preparations,ELAB US Equity,,1993-06-18,2026-05-02,Consumer Staples,Household Products,2021-12-31,2025-12-31,2023-11-30,2026-04-30,2021-12-31,2026-04-30,5,30
NB_906,nonbankrupt,,ELAN,Elanco Animal Health Incorporated Common Stock,Health Care,Biotechnology: Pharmaceutical Preparations,ELAN US Equity,,1993-06-18,2026-05-02,Health Care,Biotech & Pharma,2013-12-31,2025-12-31,2018-09-28,2026-04-30,2013-12-31,2026-04-30,13,92
NB_908,nonbankrupt,,ELDN,Eledon Pharmaceuticals Inc. Common Stock,Health Care,Biotechnology: Pharmaceutical Preparations,ELDN US Equity,,1993-06-18,2026-05-02,Health Care,Biotech & Pharma,2012-12-31,2025-12-31,2014-09-30,2026-04-30,2012-12-31,2026-04-30,14,140
NB_909,nonbankrupt,,ELF,e.l.f. Beauty Inc. Common Stock,Consumer Discretionary,Package Goods/Cosmetics,ELF US Equity,,1993-06-18,2026-05-02,Consumer Staples,Household Products,2015-12-31,2026-03-31,2016-09-30,2026-04-30,2015-12-31,2026-04-30,12,116
NB_91,nonbankrupt,,AIP,Arteris Inc. Common Stock,Technology,Semiconductors,AIP US Equity,,1993-06-18,2026-05-02,Technology,Semiconductors,2019-12-31,2025-12-31,2021-10-29,2026-04-30,2019-12-31,2026-04-30,7,55
NB_910,nonbankrupt,,ELMD,Electromed Inc. Common Stock,Health Care,Biotechnology: Electromedical & Electrotherapeutic Apparatus,ELMD US Equity,,1993-06-18,2026-05-02,Health Care,Medical Equipment & Devices,2008-06-30,2025-06-30,2010-08-31,2026-04-30,2008-06-30,2026-04-30,18,189
NB_911,nonbankrupt,,ELMT,The Elmet Group Co. Common Stock,Industrials,Metal Fabrications,ELMT US Equity,,1993-06-18,2026-05-02,Materials,Chemicals,2024-12-31,2025-12-31,2026-04-30,2026-04-30,2024-12-31,2026-04-30,2,1
NB_912,nonbankrupt,,ELOX,Eloxx Pharmaceuticals Inc. Common Stock,Health Care,Biotechnology: Biological Products (No Diagnostic Substances),ELOX US Equity,,1993-06-18,2026-05-02,Health Care,Biotech & Pharma,2000-06-30,2025-12-31,1998-12-31,2026-04-30,1998-12-31,2026-04-30,26,323
NB_913,nonbankrupt,,ELTX,Elicio Therapeutics Inc. Common Stock,Health Care,Biotechnology: Pharmaceutical Preparations,ELTX US Equity,,1993-06-18,2026-05-02,Health Care,Biotech & Pharma,2012-12-31,2025-12-31,2021-02-26,2026-04-30,2012-12-31,2026-04-30,9,63
NB_914,nonbankrupt,,ELUT,Elutia Inc. Class A Common Stock,Health Care,Biotechnology: Biological Products (No Diagnostic Substances),ELUT US Equity,,1993-06-18,2026-05-02,Health Care,Biotech & Pharma,2018-12-31,2025-12-31,2020-10-30,2026-04-30,2018-12-31,2026-04-30,8,67
NB_915,nonbankrupt,,ELV,Elevance Health Inc. Common Stock,Health Care,Medical Specialities,ELV US Equity,,1993-06-18,2026-05-02,Health Care,Health Care Facilities & Svcs,1999-12-31,2025-12-31,2001-10-31,2026-04-30,1998-12-31,2026-04-30,27,295
NB_916,nonbankrupt,,ELVN,Enliven Therapeutics Inc. Common Stock,Health Care,Biotechnology: Pharmaceutical Preparations,ELVN US Equity,,1993-06-18,2026-05-02,Health Care,Biotech & Pharma,2018-12-31,2025-12-31,2020-03-31,2026-04-30,2018-12-31,2026-04-30,8,74
NB_917,nonbankrupt,,ELWT,Elauwit Connection Inc. Common Stock,Consumer Discretionary,Telecommunications Equipment,ELWT US Equity,,1993-06-18,2026-05-02,Communications,Telecommunications,2023-12-31,2025-12-31,2025-11-28,2026-04-30,2023-12-31,2026-04-30,3,6
NB_918,nonbankrupt,,EMBC,Embecta Corp. Common Stock,Health Care,Medical/Dental Instruments,EMBC US Equity,,1993-06-18,2026-05-02,Health Care,Medical Equipment & Devices,2021-09-30,2025-09-30,2022-03-31,2026-04-30,2021-09-30,2026-04-30,5,50
NB_919,nonbankrupt,,EME,EMCOR Group Inc. Common Stock,Industrials,Engineering & Construction,EME US Equity,,1993-06-18,2026-05-02,Industrials,Engineering & Construction,1994-12-31,2025-12-31,1995-01-31,2026-04-30,1994-12-31,2026-04-30,32,376
NB_92,nonbankrupt,,AIR,AAR Corp. Common Stock,Industrials,Aerospace,AIR US Equity,,1993-06-18,2026-05-02,Industrials,Aerospace & Defense,1994-05-31,2025-05-31,1993-06-30,2026-04-30,1993-06-30,2026-04-30,32,395
NB_920,nonbankrupt,,EMIS,Emmis Acquisition Corp. Class A Ordinary Shares,Health Care,Biotechnology: Pharmaceutical Preparations,EMIS US Equity,,1993-06-18,2026-05-02,Financials,Asset Management,2025-12-31,2025-12-31,2025-10-31,2026-04-30,2025-09-30,2026-04-30,1,7
NB_921,nonbankrupt,,EML,Eastern Company (The) Common Stock,Consumer Discretionary,Industrial Machinery/Components,EML US Equity,,1993-06-18,2026-05-02,Industrials,Industrial Intermediate Prod,1994-01-01,2026-01-03,1993-06-30,2026-04-30,1993-06-30,2026-04-30,26,395
NB_922,nonbankrupt,,EMN,Eastman Chemical Company Common Stock,Industrials,Major Chemicals,EMN US Equity,,1993-06-18,2026-05-02,Materials,Chemicals,1993-12-31,2025-12-31,1993-12-31,2026-04-30,1993-12-31,2026-04-30,33,389
NB_924,nonbankrupt,,EMPD,Empery Digital Inc. Common stock,Industrials,Auto Manufacturing,EMPD US Equity,,1993-06-18,2026-05-02,Financials,Asset Management,2020-12-31,2025-12-31,2021-10-29,2026-04-30,2020-12-31,2026-04-30,6,55
NB_925,nonbankrupt,,EMR,Emerson Electric Company Common Stock,Technology,Consumer Electronics/Appliances,EMR US Equity,,1993-06-18,2026-05-02,Industrials,Electrical Equipment,1993-09-30,2025-09-30,1993-06-30,2026-04-30,1993-06-30,2026-04-30,33,395
NB_927,nonbankrupt,,ENOV,Enovis Corporation Common Stock,Health Care,Industrial Specialties,ENOV US Equity,,1993-06-18,2026-05-02,Health Care,Medical Equipment & Devices,2006-12-31,2025-12-31,2008-05-30,2026-04-30,2006-12-31,2026-04-30,20,216
NB_928,nonbankrupt,,ENPH,Enphase Energy Inc. Common Stock,Technology,Semiconductors,ENPH US Equity,,1993-06-18,2026-05-02,Energy,Renewable Energy,2009-12-31,2025-12-31,2012-03-30,2026-04-30,2007-12-31,2026-04-30,17,170
NB_929,nonbankrupt,,ENSC,Ensysce Biosciences Inc. Common Stock,Health Care,Biotechnology: Pharmaceutical Preparations,ENSC US Equity,,1993-06-18,2026-05-02,Health Care,Biotech & Pharma,2017-12-31,2025-12-31,2018-02-28,2026-04-30,2017-12-31,2026-04-30,8,99
NB_93,nonbankrupt,,AIRG,Airgain Inc. Common Stock,Technology,Radio And Television Broadcasting And Communications Equipment,AIRG US Equity,,1993-06-18,2026-05-02,Technology,Technology Hardware,2014-12-31,2025-12-31,2016-08-31,2026-04-30,2014-12-31,2026-04-30,12,117
NB_930,nonbankrupt,,ENSG,The Ensign Group Inc. Common Stock,Health Care,Hospital/Nursing Management,ENSG US Equity,,1993-06-18,2026-05-02,Health Care,Health Care Facilities & Svcs,2005-12-31,2025-12-31,2007-11-30,2026-04-30,2005-12-31,2026-04-30,21,222
NB_931,nonbankrupt,,ENTA,Enanta Pharmaceuticals Inc. Common Stock,Health Care,Biotechnology: Pharmaceutical Preparations,ENTA US Equity,,1993-06-18,2026-05-02,Health Care,Biotech & Pharma,2010-09-30,2025-09-30,2013-03-29,2026-04-30,2010-09-30,2026-04-30,16,158
NB_932,nonbankrupt,,ENTG,Entegris Inc. Common Stock,Industrials,Plastic Products,ENTG US Equity,,1993-06-18,2026-05-02,Technology,Semiconductors,1998-08-31,2025-12-31,2000-07-31,2026-04-30,1998-08-31,2026-04-30,27,310
NB_933,nonbankrupt,,ENVB,Enveric Biosciences Inc. Common Stock,Health Care,Biotechnology: Pharmaceutical Preparations,ENVB US Equity,,1993-06-18,2026-05-02,Health Care,Biotech & Pharma,1995-12-31,2025-12-31,1995-08-31,2026-04-30,1995-08-31,2026-04-30,30,369
NB_934,nonbankrupt,,EOG,EOG Resources Inc. Common Stock,Energy,Oil & Gas Production,EOG US Equity,,1993-06-18,2026-05-02,Energy,Oil & Gas Supply Chain,1993-12-31,2025-12-31,1993-06-30,2026-04-30,1993-06-30,2026-04-30,33,395
NB_935,nonbankrupt,,EOLS,Evolus Inc. Common Stock,Health Care,Biotechnology: Pharmaceutical Preparations,EOLS US Equity,,1993-06-18,2026-05-02,Health Care,Biotech & Pharma,2015-12-31,2025-12-31,2018-02-28,2026-04-30,2015-12-31,2026-04-30,11,99
NB_936,nonbankrupt,,EP,Empire Petroleum Corporation Common Stock,Energy,Oil & Gas Production,EP US Equity,,1993-06-18,2026-05-02,Energy,Oil & Gas Supply Chain,1998-12-31,2025-12-31,1994-04-29,2026-04-30,1994-04-29,2026-04-30,28,382
NB_937,nonbankrupt,,EPAC,Enerpac Tool Group Corp. Common Stock,Technology,Industrial Machinery/Components,EPAC US Equity,,1993-06-18,2026-05-02,Industrials,Machinery,1993-08-31,2025-08-31,1993-06-30,2026-04-30,1993-06-30,2026-04-30,33,395
NB_938,nonbankrupt,,EPAM,EPAM Systems Inc. Common Stock,Technology,EDP Services,EPAM US Equity,,1993-06-18,2026-05-02,Technology,IT Services,2009-12-31,2025-12-31,2012-02-29,2026-04-30,2006-12-31,2026-04-30,17,171
NB_939,nonbankrupt,,EPC,Edgewell Personal Care Company Common Stock,Consumer Discretionary,Package Goods/Cosmetics,EPC US Equity,,1993-06-18,2026-05-02,Consumer Staples,Household Products,1998-09-30,2025-09-30,2000-03-31,2026-04-30,1997-09-30,2026-04-30,28,314
NB_94,nonbankrupt,,AIRI,Air Industries Group Common Stock,Industrials,Military/Government/Technical,AIRI US Equity,,1993-06-18,2026-05-02,Industrials,Aerospace & Defense,2012-12-31,2025-12-31,1994-10-31,2026-04-30,1994-10-31,2026-04-30,14,307
NB_940,nonbankrupt,,EPD,Enterprise Products Partners L.P. Common Stock,Utilities,Natural Gas Distribution,EPD US Equity,,1993-06-18,2026-05-02,Energy,Oil & Gas Supply Chain,1996-12-31,2025-12-31,1998-07-31,2026-04-30,1996-12-31,2026-04-30,30,334
NB_941,nonbankrupt,,EPM,Evolution Petroleum Corporation Inc. Common Stock,Energy,Oil & Gas Production,EPM US Equity,,1993-06-18,2026-05-02,Energy,Oil & Gas Supply Chain,1994-12-31,2025-06-30,1996-04-30,2026-04-30,1994-12-31,2026-04-30,32,361
NB_942,nonbankrupt,,EPSN,Epsilon Energy Ltd. Common Share,Energy,Oil & Gas Production,EPSN US Equity,,1993-06-18,2026-05-02,Energy,Oil & Gas Supply Chain,2007-12-31,2025-12-31,2007-11-30,2026-04-30,2007-10-31,2026-04-30,19,222
NB_943,nonbankrupt,,EQ,Equillium Inc. Common Stock,Health Care,Biotechnology: Pharmaceutical Preparations,EQ US Equity,,1993-06-18,2026-05-02,Health Care,Biotech & Pharma,2017-12-31,2025-12-31,2018-10-31,2026-04-30,2017-12-31,2026-04-30,9,91
NB_944,nonbankrupt,,EQPT,EquipmentShare.com Inc Class A Common Stock,Consumer Discretionary,Diversified Commercial Services,EQPT US Equity,,1993-06-18,2026-05-02,Industrials,Industrial Support Services,2023-12-31,2025-12-31,2026-01-30,2026-04-30,2022-12-31,2026-04-30,3,4
NB_945,nonbankrupt,,EQT,EQT Corporation Common Stock,Energy,Oil & Gas Production,EQT US Equity,,1993-06-18,2026-05-02,Energy,Oil & Gas Supply Chain,1993-12-31,2025-12-31,1993-06-30,2026-04-30,1993-06-30,2026-04-30,33,395
NB_946,nonbankrupt,,ERAS,Erasca Inc. Common Stock,Health Care,Biotechnology: Pharmaceutical Preparations,ERAS US Equity,,1993-06-18,2026-05-02,Health Care,Biotech & Pharma,2019-12-31,2025-12-31,2021-07-30,2026-04-30,2019-12-31,2026-04-30,7,58
NB_947,nonbankrupt,,ERII,Energy Recovery Inc. Common Stock,Technology,Industrial Machinery/Components,ERII US Equity,,1993-06-18,2026-05-02,Industrials,Machinery,2006-12-31,2025-12-31,2008-07-31,2026-04-30,2005-12-31,2026-04-30,20,214
NB_948,nonbankrupt,,ERNA,Ernexa Therapeutics Inc. Common Stock,Health Care,Biotechnology: Pharmaceutical Preparations,ERNA US Equity,,1993-06-18,2026-05-02,Health Care,Biotech & Pharma,1993-12-31,2025-12-31,1993-06-30,2026-04-30,1993-06-30,2026-04-30,26,395
NB_95,nonbankrupt,,AIRJ,AirJoule Technologies Corporation Class A Common Stock,Industrials,Industrial Machinery/Components,AIRJ US Equity,,1993-06-18,2026-05-02,Industrials,Electrical Equipment,2021-12-31,2025-12-31,2022-02-28,2026-04-30,2021-12-31,2026-04-30,5,51
NB_950,nonbankrupt,,ES,Eversource Energy (D/B/A) Common Stock,Utilities,Electric Utilities: Central,ES US Equity,,1993-06-18,2026-05-02,Utilities,Electric Utilities,1993-12-31,2025-12-31,1993-06-30,2026-04-30,1993-06-30,2026-04-30,33,395
NB_951,nonbankrupt,,ESAB,ESAB Corporation Common Stock,Industrials,Industrial Machinery/Components,ESAB US Equity,,1993-06-18,2026-05-02,Industrials,Machinery,2021-12-31,2025-12-31,2022-03-31,2026-04-30,2021-12-31,2026-04-30,5,50
NB_952,nonbankrupt,,ESCA,Escalade Incorporated Common Stock,Consumer Discretionary,Recreational Games/Products/Toys,ESCA US Equity,,1993-06-18,2026-05-02,Consumer Discretionary,Leisure Products,1993-12-25,2025-12-31,1993-06-30,2026-04-30,1993-06-30,2026-04-30,33,395
NB_953,nonbankrupt,,ESE,ESCO Technologies Inc. Common Stock,Telecommunications,Telecommunications Equipment,ESE US Equity,,1993-06-18,2026-05-02,Industrials,Electrical Equipment,1993-09-30,2025-09-30,1993-06-30,2026-04-30,1993-06-30,2026-04-30,32,395
NB_954,nonbankrupt,,ESI,Element Solutions Inc. Common Stock,Industrials,Major Chemicals,ESI US Equity,,1993-06-18,2026-05-02,Materials,Chemicals,2014-12-31,2025-12-31,2013-10-31,2026-04-30,2013-05-31,2026-04-30,12,151
NB_955,nonbankrupt,,ESLA,Estrella Immunopharma Inc. Common Stock,Health Care,Biotechnology: Biological Products (No Diagnostic Substances),ESLA US Equity,,1993-06-18,2026-05-02,Health Care,Biotech & Pharma,2021-12-31,2025-12-31,2021-09-30,2026-04-30,2021-09-30,2026-04-30,3,56
NB_956,nonbankrupt,,ESOA,Energy Services of America Corporation Common Stock,Industrials,Water Sewer Pipeline Comm & Power Line Construction,ESOA US Equity,,1993-06-18,2026-05-02,Industrials,Engineering & Construction,2006-09-30,2025-09-30,2006-10-31,2026-04-30,2006-09-30,2026-04-30,20,235
NB_957,nonbankrupt,,ESP,Espey Mfg. & Electronics Corp. Common Stock,Technology,Industrial Machinery/Components,ESP US Equity,,1993-06-18,2026-05-02,Industrials,Electrical Equipment,1993-06-30,2025-06-30,1993-06-30,2026-04-30,1993-06-30,2026-04-30,33,395
NB_958,nonbankrupt,,ESTC,Elastic N.V. Ordinary Shares,Technology,Computer Software: Prepackaged Software,ESTC US Equity,,1993-06-18,2026-05-02,Technology,Software,2017-04-30,2026-04-30,2018-10-31,2026-04-30,2017-04-30,2026-04-30,10,91
NB_959,nonbankrupt,,ESYN,EnerSyn Global Inc. Common Stock,Health Care,Other Pharmaceuticals,ESYN US Equity,,1993-06-18,2026-05-02,Consumer Discretionary,E-Commerce Discretionary,2021-11-30,2025-12-31,2022-03-31,2026-04-30,2021-11-30,2026-04-30,5,50
NB_960,nonbankrupt,,ET,Energy Transfer LP Common Units,Utilities,Natural Gas Distribution,ET US Equity,,1993-06-18,2026-05-02,Energy,Oil & Gas Supply Chain,2004-08-31,2025-12-31,2006-02-28,2026-04-30,2004-08-31,2026-04-30,22,243
NB_961,nonbankrupt,,ETD,Ethan Allen Interiors Inc. Common Stock,Consumer Discretionary,Home Furnishings,ETD US Equity,,1993-06-18,2026-05-02,Consumer Discretionary,Retail - Discretionary,1993-06-30,2025-06-30,1993-06-30,2026-04-30,1993-06-30,2026-04-30,33,395
NB_962,nonbankrupt,,ETON,Eton Pharmaceuticals Inc. Common Stock,Health Care,Biotechnology: Pharmaceutical Preparations,ETON US Equity,,1993-06-18,2026-05-02,Health Care,Biotech & Pharma,2017-12-31,2025-12-31,2018-11-30,2026-04-30,2017-12-31,2026-04-30,9,90
NB_963,nonbankrupt,,ETR,Entergy Corporation Common Stock,Utilities,Electric Utilities: Central,ETR US Equity,,1993-06-18,2026-05-02,Utilities,Electric Utilities,1993-12-31,2025-12-31,1993-06-30,2026-04-30,1993-06-30,2026-04-30,33,395
NB_964,nonbankrupt,,ETRA,Electra Therapeutics Inc. Common stock,Health Care,Biotechnology: Biological Products (No Diagnostic Substances),ETRA US Equity,,1993-06-18,2026-05-02,Health Care,Biotech & Pharma,2024-12-31,2025-12-31,,,2024-12-31,2025-12-31,2,0
NB_965,nonbankrupt,,ETS,Elite Express Holding Inc. Class A Common Stock,Industrials,Trucking Freight/Courier Services,ETS US Equity,,1993-06-18,2026-05-02,Industrials,Transportation & Logistics,2023-11-30,2025-11-30,2025-08-29,2026-04-30,2023-11-30,2026-04-30,3,9
NB_966,nonbankrupt,,ETSY,Etsy Inc. Common Stock,Consumer Discretionary,Business Services,ETSY US Equity,,1993-06-18,2026-05-02,Consumer Discretionary,E-Commerce Discretionary,2013-12-31,2025-12-31,2015-04-30,2026-04-30,2012-12-31,2026-04-30,13,133
NB_967,nonbankrupt,,EU,enCore Energy Corp. Common Shares,Basic Materials,Other Metals and Minerals,EU US Equity,,1993-06-18,2026-05-02,Materials,Metals & Mining,2010-01-31,2025-12-31,2011-01-31,2026-04-30,2010-01-31,2026-04-30,14,173
NB_968,nonbankrupt,,EVC,Entravision Communications Corporation Common Stock,Industrials,Broadcasting,EVC US Equity,,1993-06-18,2026-05-02,Communications,Advertising & Marketing,1998-12-31,2025-12-31,2000-08-31,2026-04-30,1997-12-31,2026-04-30,28,309
NB_969,nonbankrupt,,EVCM,EverCommerce Inc. Common Stock,Technology,Computer Software: Prepackaged Software,EVCM US Equity,,1993-06-18,2026-05-02,Technology,Software,2019-12-31,2025-12-31,2021-06-30,2026-04-30,2018-12-31,2026-04-30,7,59
NB_97,nonbankrupt,,AIRO,AIRO Group Holdings Inc. Common Stock,Industrials,Aerospace,AIRO US Equity,,1993-06-18,2026-05-02,Industrials,Aerospace & Defense,2023-12-31,2025-12-31,2025-06-30,2026-04-30,2023-12-31,2026-04-30,3,11
NB_970,nonbankrupt,,EVER,EverQuote Inc. Class A Common Stock,Technology,Computer Software: Programming Data Processing,EVER US Equity,,1993-06-18,2026-05-02,Communications,Internet Media & Services,2016-12-31,2025-12-31,2018-06-29,2026-04-30,2016-12-31,2026-04-30,10,95
NB_971,nonbankrupt,,EVEX,Eve Holding Inc. Common Stock,Industrials,Aerospace,EVEX US Equity,,1993-06-18,2026-05-02,Industrials,Aerospace & Defense,2020-12-31,2025-12-31,2021-01-29,2026-04-30,2020-12-31,2026-04-30,6,64
NB_972,nonbankrupt,,EVGO,EVgo Inc. Class A Common Stock,Consumer Discretionary,Automotive Aftermarket,EVGO US Equity,,1993-06-18,2026-05-02,Consumer Discretionary,Retail - Discretionary,2020-12-31,2025-12-31,2020-11-30,2026-04-30,2020-09-30,2026-04-30,6,66
NB_973,nonbankrupt,,EVH,Evolent Health Inc Class A Common Stock,Consumer Discretionary,Other Consumer Services,EVH US Equity,,1993-06-18,2026-05-02,Technology,Software,2013-12-31,2025-12-31,2015-06-30,2026-04-30,2013-12-31,2026-04-30,13,131
NB_974,nonbankrupt,,EVI,EVI Industries Inc. Common Stock,Consumer Discretionary,Other Consumer Services,EVI US Equity,,1993-06-18,2026-05-02,Industrials,Industrial Support Services,1993-06-30,2025-06-30,1993-06-30,2026-04-30,1993-06-30,2026-04-30,33,394
NB_975,nonbankrupt,,EVLV,Evolv Technologies Holdings Inc. Class A Common Stock,Technology,Computer peripheral equipment,EVLV US Equity,,1993-06-18,2026-05-02,Industrials,Electrical Equipment,2020-12-31,2025-12-31,2020-09-30,2026-04-30,2020-07-31,2026-04-30,6,68
NB_976,nonbankrupt,,EVMN,Evommune Inc. Common Stock,Health Care,Biotechnology: Pharmaceutical Preparations,EVMN US Equity,,1993-06-18,2026-05-02,Health Care,Biotech & Pharma,2023-12-31,2025-12-31,2025-11-28,2026-04-30,2023-12-31,2026-04-30,3,6
NB_977,nonbankrupt,,EVRG,Evergy Inc. Common Stock,Utilities,Power Generation,EVRG US Equity,,1993-06-18,2026-05-02,Utilities,Electric Utilities,2017-12-31,2025-12-31,1993-06-30,2026-04-30,1993-06-30,2026-04-30,9,395
NB_978,nonbankrupt,,EW,Edwards Lifesciences Corporation Common Stock,Health Care,Industrial Specialties,EW US Equity,,1993-06-18,2026-05-02,Health Care,Medical Equipment & Devices,1998-12-31,2025-12-31,2000-03-31,2026-04-30,1998-12-31,2026-04-30,28,314
NB_979,nonbankrupt,,EWTX,Edgewise Therapeutics Inc. Common Stock,Health Care,Biotechnology: Pharmaceutical Preparations,EWTX US Equity,,1993-06-18,2026-05-02,Health Care,Biotech & Pharma,2019-12-31,2025-12-31,2021-03-31,2026-04-30,2019-12-31,2026-04-30,7,62
NB_98,nonbankrupt,,AIRS,AirSculpt Technologies Inc. Common Stock,Health Care,Medical/Nursing Services,AIRS US Equity,,1993-06-18,2026-05-02,Consumer Discretionary,Consumer Services,2019-12-31,2025-12-31,2021-10-29,2026-04-30,2019-12-31,2026-04-30,7,55
NB_980,nonbankrupt,,EXC,Exelon Corporation Common Stock,Utilities,Power Generation,EXC US Equity,,1993-06-18,2026-05-02,Utilities,Electric Utilities,1997-12-31,2025-12-31,1993-06-30,2026-04-30,1993-06-30,2026-04-30,28,395
NB_981,nonbankrupt,,EXE,Expand Energy Corporation Common Stock,Energy,Oil & Gas Production,EXE US Equity,,1993-06-18,2026-05-02,Energy,Oil & Gas Supply Chain,1993-06-30,2025-12-31,2021-02-26,2026-04-30,1993-06-30,2026-04-30,33,63
NB_982,nonbankrupt,,EXEL,Exelixis Inc. Common Stock,Health Care,Biotechnology: Biological Products (No Diagnostic Substances),EXEL US Equity,,1993-06-18,2026-05-02,Health Care,Biotech & Pharma,1998-12-31,2025-12-31,2000-04-28,2026-04-30,1997-12-31,2026-04-30,28,313
NB_983,nonbankrupt,,EXFY,Expensify Inc. Class A Common Stock,Technology,Computer Software: Prepackaged Software,EXFY US Equity,,1993-06-18,2026-05-02,Technology,Software,2019-12-31,2025-12-31,2021-11-30,2026-04-30,2019-12-31,2026-04-30,7,54
NB_984,nonbankrupt,,EXLS,ExlService Holdings Inc. Common Stock,Consumer Discretionary,Business Services,EXLS US Equity,,1993-06-18,2026-05-02,Technology,IT Services,2004-12-31,2025-12-31,2006-10-31,2026-04-30,2004-12-31,2026-04-30,22,235
NB_985,nonbankrupt,,EXOZ,eXoZymes Inc. Common Stock,Health Care,Biotechnology: Biological Products (No Diagnostic Substances),EXOZ US Equity,,1993-06-18,2026-05-02,Health Care,Biotech & Pharma,2022-12-31,2025-12-31,2024-11-29,2026-04-30,2022-12-31,2026-04-30,4,18
NB_986,nonbankrupt,,EXP,Eagle Materials Inc Common Stock,Industrials,Building Materials,EXP US Equity,,1993-06-18,2026-05-02,Materials,Construction Materials,1994-03-31,2026-03-31,1994-04-29,2026-04-30,1994-03-31,2026-04-30,33,385
NB_987,nonbankrupt,,EXPD,Expeditors International of Washington Inc. Common Stock,Industrials,Integrated Freight & Logistics,EXPD US Equity,,1993-06-18,2026-05-02,Industrials,Transportation & Logistics,1993-12-31,2025-12-31,1993-06-30,2026-04-30,1993-06-30,2026-04-30,33,395
NB_988,nonbankrupt,,EXPE,Expedia Group Inc. Common Stock,Consumer Discretionary,Transportation Services,EXPE US Equity,,1993-06-18,2026-05-02,Communications,Internet Media & Services,2004-12-31,2025-12-31,2005-07-29,2026-04-30,2004-12-31,2026-04-30,22,250
NB_989,nonbankrupt,,EXPO,Exponent Inc. Common Stock,Consumer Discretionary,Professional Services,EXPO US Equity,,1993-06-18,2026-05-02,Industrials,Engineering & Construction,1994-12-31,2026-01-02,1993-06-30,2026-04-30,1993-06-30,2026-04-30,27,395
NB_99,nonbankrupt,,AIRT,Air T Inc. Common Stock,Consumer Discretionary,Air Freight/Delivery Services,AIRT US Equity,,1993-06-18,2026-05-02,Industrials,Transportation & Logistics,1995-03-31,2026-03-31,1993-06-30,2026-04-30,1993-06-30,2026-04-30,32,395
NB_990,nonbankrupt,,EXTR,Extreme Networks Inc. Common Stock,Telecommunications,Computer Communications Equipment,EXTR US Equity,,1993-06-18,2026-05-02,Technology,Technology Hardware,1997-06-30,2025-06-30,1999-04-30,2026-04-30,1997-06-30,2026-04-30,29,325
NB_991,nonbankrupt,,EXYN,Exyn Technologies Inc. Common Stock,Technology,Computer Software: Prepackaged Software,EXYN US Equity,,1993-06-18,2026-05-02,Technology,Software,2024-12-31,2025-12-31,,,2024-12-31,2025-12-31,2,0
NB_993,nonbankrupt,,EYE,National Vision Holdings Inc. Common Stock,Health Care,Ophthalmic Goods,EYE US Equity,,1993-06-18,2026-05-02,Consumer Discretionary,Retail - Discretionary,2015-12-31,2026-01-03,2017-10-31,2026-04-30,2015-12-31,2026-04-30,10,103
NB_994,nonbankrupt,,EYPT,EyePoint Inc. Common Stock,Industrials,Biotechnology: Laboratory Analytical Instruments,EYPT US Equity,,1993-06-18,2026-05-02,Health Care,Biotech & Pharma,2009-06-30,2025-12-31,2005-01-31,2026-04-30,2005-01-31,2026-04-30,17,256
NB_995,nonbankrupt,,EZPW,EZCORP Inc. Class A Non Voting Common Stock,Consumer Discretionary,Other Specialty Stores,EZPW US Equity,,1993-06-18,2026-05-02,Financials,Specialty Finance,1993-09-30,2025-09-30,1993-06-30,2026-04-30,1993-06-30,2026-04-30,33,395
NB_996,nonbankrupt,,F,Ford Motor Company Common Stock,Industrials,Auto Manufacturing,F US Equity,,1993-06-18,2026-05-02,Consumer Discretionary,Automotive,1993-12-31,2025-12-31,1993-06-30,2026-04-30,1993-06-30,2026-04-30,33,395
NB_997,nonbankrupt,,FA,First Advantage Corporation Common Stock,Technology,EDP Services,FA US Equity,,1993-06-18,2026-05-02,Industrials,Commercial Support Services,2019-12-31,2025-12-31,2021-06-30,2026-04-30,2019-12-31,2026-04-30,7,59
NB_998,nonbankrupt,,FABC,Fabric.AI Inc. Common Stock,Consumer Discretionary,Telecommunications Equipment,FABC US Equity,,1993-06-18,2026-05-02,Consumer Discretionary,Automotive,2002-04-30,2025-12-31,2000-03-31,2026-04-30,2000-03-31,2026-04-30,24,314
NB_999,nonbankrupt,,FANG,Diamondback Energy Inc. Common Stock,Energy,Oil & Gas Production,FANG US Equity,,1993-06-18,2026-05-02,Energy,Oil & Gas Supply Chain,2009-12-31,2025-12-31,2012-10-31,2026-04-30,2008-12-31,2026-04-30,17,163
SA_0,bankrupt,2004-02-04,AVDO,Avado Brands Inc.,,,AVDO US Equity,2003-11-06,1998-11-06,2003-11-06,Consumer Discretionary,Leisure Facilities & Services,1999-01-03,2002-12-29,1998-11-30,2003-10-31,1998-11-30,2003-10-31,4,60
SA_1,bankrupt,2026-02-03,TWNPQ,Twin Hospitality Group Inc,,,TWNPQ US Equity,2025-11-05,2020-11-05,2025-11-05,Consumer Discretionary,Leisure Facilities & Services,2023-12-31,2024-12-29,2025-01-31,2025-10-31,2023-12-31,2025-10-31,2,10
SA_10,bankrupt,2001-11-20,VMIXQ,Valley Media Inc.,,,VMIXQ US Equity,2001-08-22,1996-08-22,2001-08-22,Consumer Discretionary,Wholesale - Discretionary,1998-03-28,2001-03-31,1999-03-31,2001-07-31,1998-03-28,2001-07-31,4,29
SA_100,bankrupt,2020-06-29,CVIAQ,Covia Holdings Corporation,,,CVIAQ US Equity,2020-03-31,2015-03-31,2020-03-31,Materials,Metals & Mining,2017-12-31,2019-12-31,2018-06-29,2020-02-28,2017-12-31,2020-02-28,3,21
SA_101,bankrupt,2026-03-13,BHATF,Blue Hat Interactive Entertainment Technology,,,BHATF US Equity,2025-12-13,2020-12-13,2025-12-13,Materials,Metals & Mining,2020-12-31,2024-12-31,2020-12-31,2025-11-28,2020-12-31,2025-11-28,5,60
SA_102,bankrupt,2009-07-07,LEARQ,Lear Corporation,,,LEARQ US Equity,2009-04-08,2004-04-08,2009-04-08,Consumer Discretionary,Automotive,2004-12-31,2008-12-31,2004-04-30,2009-03-31,2004-04-30,2009-03-31,5,60
SA_103,bankrupt,2025-06-10,NOVA,Sunnova Energy International Inc,,,NOVAQ US Equity,2025-03-12,2020-03-12,2025-03-12,Energy,Renewable Energy,2020-12-31,2024-12-31,2020-03-31,2025-02-28,2020-03-31,2025-02-28,5,60
SA_104,bankrupt,2019-10-03,EPEGQ,EP Energy Corporation (EP Energy LLC),,,EPEGQ US Equity,2019-07-05,2014-07-05,2019-07-05,Energy,Oil & Gas Supply Chain,2014-12-31,2018-12-31,2014-07-31,2019-06-28,2014-07-31,2019-06-28,5,60
SA_105,bankrupt,2003-06-27,NSV,National Equipment Services Inc.,,,NEQSQ US Equity,2003-03-29,1998-03-29,2003-03-29,Industrials,Industrial Support Services,1998-12-31,2002-12-31,1998-07-31,2003-02-28,1998-07-31,2003-02-28,5,56
SA_107,bankrupt,2025-11-25,NETD,Nabors Energy Transition Corp Ii,,,NETC US Equity,2025-08-27,2020-08-27,2025-08-27,Energy,Renewable Energy,2021-12-31,2022-12-31,2022-01-31,2023-12-29,2021-11-30,2025-07-31,2,24
SA_109,bankrupt,2016-06-07,SSEIQ,Seventy Seven Energy Inc.,,,SSEIQ US Equity,2016-03-09,2011-03-09,2016-03-09,Energy,Oil & Gas Services & Equip,2012-12-31,2015-12-31,2014-06-30,2016-02-29,2012-12-31,2016-02-29,4,21
SA_11,bankrupt,2022-12-11,CLVSQ,"Clovis Oncology, Inc.",,,CLVSQ US Equity,2022-09-12,2017-09-12,2022-09-12,Health Care,Biotech & Pharma,2017-12-31,2021-12-31,2017-09-29,2022-08-31,2017-09-29,2022-08-31,5,60
SA_110,bankrupt,2024-12-05,ENGC,Englobal Corp,,,ENGCQ US Equity,2024-09-06,2019-09-06,2024-09-06,Industrials,Electrical Equipment,2019-12-28,2023-12-30,2019-09-30,2024-08-30,2019-09-30,2024-08-30,5,60
SA_111,bankrupt,2020-09-30,LONEQ,Lonestar Resources US Inc.,,,1478868D US Equity,2020-07-02,2015-07-02,2020-07-02,Energy,Oil & Gas Supply Chain,2015-12-31,2019-12-31,,,2015-12-31,2020-06-30,5,0
SA_112,bankrupt,2018-10-31,GSTCQ,Gastar Exploration Inc.,,,GSTCQ US Equity,2018-08-02,2013-08-02,2018-08-02,Energy,Oil & Gas Supply Chain,2013-12-31,2017-12-31,2013-08-30,2018-07-31,2013-08-30,2018-07-31,5,60
SA_113,bankrupt,2012-04-12,RDDYQ,"Reddy Ice Holdings, Inc.",,,RDDYQ US Equity,2012-01-13,2007-01-13,2012-01-13,Consumer Staples,Beverages,2007-12-31,2011-12-31,2007-01-31,2011-12-30,2007-01-31,2011-12-31,5,60
SA_115,bankrupt,2009-04-19,DSUPQ,Dayton Superior Corporation,,,DSUPQ US Equity,2009-01-19,2004-01-19,2009-01-19,Consumer Discretionary,Retail - Discretionary,2004-12-31,2008-12-31,2006-12-29,2008-12-31,2004-12-31,2008-12-31,5,25
SA_116,bankrupt,2016-04-29,UPLCQ,Ultra Petroleum Corp. (2016),,,UPLCQ US Equity,2016-01-30,2011-01-30,2016-01-30,Energy,Oil & Gas Supply Chain,2011-12-31,2015-12-31,,,2011-12-31,2015-12-31,5,0
SA_117,bankrupt,2003-08-20,DDICQ,DDI Corp.,,,DDICQ US Equity,2003-05-22,1998-05-22,2003-05-22,Technology,Technology Hardware,1998-12-31,2002-12-31,2000-04-28,2003-04-30,1998-12-31,2003-04-30,5,37
SA_118,bankrupt,2002-05-20,MFNXQ,"Metromedia Fiber Network, Inc.",,,MFNXQ US Equity,2002-02-19,1997-02-19,2002-02-19,Communications,Telecommunications,1997-12-31,2000-12-31,1997-10-31,2002-01-31,1997-10-31,2002-01-31,4,52
SA_119,bankrupt,2020-01-21,MDRIQ,"McDermott International, Inc.",,,MDRIQ US Equity,2019-10-23,2014-10-23,2019-10-23,Energy,Oil & Gas Services & Equip,2014-12-31,2018-12-31,2014-10-31,2019-09-30,2014-10-31,2019-09-30,5,60
SA_12,bankrupt,2025-09-03,FLYYQ,Spirit Aviation Holdings Inc,,,FLYYQ US Equity,2025-06-05,2020-06-05,2025-06-05,Industrials,Transportation & Logistics,2024-12-31,2024-12-31,2025-04-30,2025-05-30,2024-12-31,2025-05-30,1,2
SA_120,bankrupt,2005-07-31,AHIZQ,"Allied Holdings, Inc.",,,AHIZQ US Equity,2005-05-02,2000-05-02,2005-05-02,Industrials,Transportation & Logistics,2000-12-31,2004-12-31,2000-05-31,2005-04-29,2000-05-31,2005-04-29,5,59
SA_124,bankrupt,2025-01-28,GOEVQ,Canoo Inc,,,GOEVQ US Equity,2024-10-30,2019-10-30,2024-10-30,Consumer Discretionary,Automotive,2019-12-31,2023-12-31,2019-10-31,2024-09-30,2019-10-31,2024-09-30,5,60
SA_128,bankrupt,2025-11-21,SONDQ,Sonder Holdings Inc,,,SONDQ US Equity,2025-08-23,2020-08-23,2025-08-23,Consumer Discretionary,Leisure Facilities & Services,2020-12-31,2024-12-31,2021-03-31,2025-07-31,2020-12-31,2025-07-31,5,53
SA_129,bankrupt,2009-05-28,VSTNQ,Visteon Corporation,,,VSTNQ US Equity,2009-02-27,2004-02-27,2009-02-27,Consumer Discretionary,Automotive,2005-12-31,2008-12-31,2004-02-27,2009-01-30,2004-02-27,2009-01-30,3,60
SA_13,bankrupt,2004-10-05,CWONQ,"Choice One Communications, Inc.",,,CWONQ US Equity,2004-07-07,1999-07-07,2004-07-07,Communications,Telecommunications,1999-12-31,2003-12-31,2000-02-29,2004-06-30,1999-12-31,2004-06-30,5,53
SA_130,bankrupt,2000-05-03,SSAXQ,"System Software Associates, Inc.",,,SSAXQ US Equity,2000-02-03,1995-02-03,2000-02-03,Technology,Software,1995-10-31,1999-10-31,1995-02-28,2000-01-31,1995-02-28,2000-01-31,5,60
SA_131,bankrupt,2002-06-03,BIR,Birmingham Steel Corp.,,,BIRS US Equity,2002-03-05,1997-03-05,2002-03-05,Materials,Steel,1997-06-30,2001-06-30,1997-03-31,2002-02-28,1997-03-31,2002-02-28,5,60
SA_132,bankrupt,2024-11-18,SAVEQ,Spirit Airlines Inc,,,SAVEQ US Equity,2024-08-20,2019-08-20,2024-08-20,Industrials,Transportation & Logistics,2019-12-31,2023-12-31,2019-08-30,2024-07-31,2019-08-30,2024-07-31,5,60
SA_133,bankrupt,2024-11-27,CMAXQ,Caremax Inc,,,CMAXQ US Equity,2024-08-29,2019-08-29,2024-08-29,Health Care,Health Care Facilities & Svcs,2020-12-31,2023-12-31,2020-09-30,2024-07-31,2020-07-31,2024-07-31,4,47
SA_134,bankrupt,1999-09-03,COSE,"Costilla Energy, Inc.",,,COSEQ US Equity,1999-06-05,1994-06-05,1999-06-05,Energy,Oil & Gas Supply Chain,1994-12-31,1998-12-31,1996-10-31,1999-05-31,1994-12-31,1999-05-31,5,32
SA_135,bankrupt,1998-12-27,JSIBQ,"JumboSports, Inc.",,,JSIBQ US Equity,1998-09-28,1993-09-28,1998-09-28,Consumer Discretionary,Retail - Discretionary,1994-01-30,1998-01-30,1993-09-30,1998-08-31,1993-09-30,1998-08-31,5,60
SA_136,bankrupt,2004-01-30,AAWHQ,Atlas Air Worldwide Holdings Inc.,,,AAWHQ US Equity,2003-11-01,1998-11-01,2003-11-01,Industrials,Transportation & Logistics,1998-12-31,2001-12-31,1998-11-30,2003-10-31,1998-11-30,2003-10-31,4,60
SA_137,bankrupt,2014-04-11,CWTRQ,Coldwater Creek Inc.,,,CWTRQ US Equity,2014-01-11,2009-01-11,2014-01-11,Consumer Discretionary,Retail - Discretionary,2009-01-31,2013-02-02,2009-01-30,2013-12-31,2009-01-30,2013-12-31,5,60
SA_138,bankrupt,2025-11-28,CLSDQ,Clearside Biomedical Inc,,,CLSDQ US Equity,2025-08-30,2020-08-30,2025-08-30,Health Care,Biotech & Pharma,2020-12-31,2024-12-31,2020-08-31,2025-08-29,2020-08-31,2025-08-29,5,61
SA_14,bankrupt,2016-10-25,BASXQ,"Basic Energy Services, Inc. (2016)",,,BASXQ US Equity,2016-07-27,2011-07-27,2016-07-27,Energy,Oil & Gas Services & Equip,2011-12-31,2015-12-31,,,2011-12-31,2015-12-31,5,0
SA_140,bankrupt,2003-06-17,RDRTQ,Read-Rite Corp.,,,RDRTQ US Equity,2003-03-19,1998-03-19,2003-03-19,Technology,Technology Hardware,1998-09-30,2002-09-30,1998-03-31,2003-02-28,1998-03-31,2003-02-28,5,60
SA_141,bankrupt,2025-04-04,VRPX,Virpax Pharmaceuticals Inc,,,VRPX US Equity,2025-01-04,2020-01-04,2025-01-04,Health Care,Biotech & Pharma,2020-12-31,2024-12-31,2021-02-26,2024-12-31,2020-12-31,2024-12-31,5,47
SA_143,bankrupt,2001-05-31,PSIXQ,PSINet Inc.,,,PSIXQ US Equity,2001-03-02,1996-03-02,2001-03-02,Communications,Telecommunications,1996-12-31,2000-12-31,1996-03-29,2001-02-28,1996-03-29,2001-02-28,5,60
SA_144,bankrupt,2020-05-20,AKRXQ,"Akorn, Inc.",,,AKRXQ US Equity,2020-02-20,2015-02-20,2020-02-20,Health Care,Biotech & Pharma,2015-12-31,2019-12-31,2015-02-27,2020-01-31,2015-02-27,2020-01-31,5,60
SA_145,bankrupt,1999-11-04,FEET,"Just For Feet, Inc.",,,FEETQ US Equity,1999-08-06,1994-08-06,1999-08-06,Consumer Discretionary,Retail - Discretionary,1995-01-31,1999-01-30,1994-08-31,1999-07-30,1994-08-31,1999-07-30,5,60
SA_146,bankrupt,2026-06-22,SNBRQ,Sleep Number Corp,,,SNBRQ US Equity,2026-03-24,2021-03-24,2026-03-24,Consumer Discretionary,Retail - Discretionary,2022-01-01,2026-01-03,2021-03-31,2026-02-27,2021-03-31,2026-02-27,4,60
SA_147,bankrupt,2026-02-03,FATAQ,Fat Brands Inc,,,FATAQ US Equity,2025-11-05,2020-11-05,2025-11-05,Consumer Discretionary,Leisure Facilities & Services,2020-12-27,2024-12-29,2020-11-30,2025-10-31,2020-11-30,2025-10-31,5,60
SA_148,bankrupt,2026-07-01,ORGN,Origin Materials Inc,,,ORGN US Equity,2026-04-02,2021-04-02,2026-04-02,Materials,Chemicals,2021-12-31,2025-12-31,2021-04-30,2026-03-31,2021-04-30,2026-03-31,5,60
SA_149,bankrupt,2015-03-12,SRCTQ,Standard Register Company,,,SRCTQ US Equity,2014-12-12,2009-12-12,2014-12-12,Industrials,Commercial Support Services,2010-01-03,2013-12-29,2009-12-31,2014-11-28,2009-12-31,2014-11-28,4,60
SA_15,bankrupt,2017-05-01,NESCQ,"Nuverra Environmental Solutions, Inc.",,,NES US Equity,2017-01-31,2012-01-31,2017-01-31,Energy,Oil & Gas Services & Equip,2012-12-31,2016-12-31,,,2012-12-31,2016-12-31,5,0
SA_151,bankrupt,2018-02-02,CVOVQ,"Cenveo, Inc.",,,CVOVQ US Equity,2017-11-04,2012-11-04,2017-11-04,Consumer Discretionary,Home & Office Products,2012-12-29,2016-12-31,2012-11-30,2017-10-31,2012-11-30,2017-10-31,4,60
SA_152,bankrupt,2025-08-08,HOOK,Hookipa Pharma Inc,,,HOOK US Equity,2025-05-10,2020-05-10,2025-05-10,Health Care,Biotech & Pharma,2020-12-31,2024-12-31,2020-05-29,2025-04-30,2020-05-29,2025-04-30,5,60
SA_153,bankrupt,2008-11-06,MPCCQ,MPC Corporation,,,MPCCQ US Equity,2008-08-08,2003-08-08,2008-08-08,Technology,Technology Hardware,2003-12-31,2007-12-31,2004-11-30,2008-07-31,2003-12-31,2008-07-31,5,45
SA_154,bankrupt,2015-08-13,HEROQ,"Hercules Offshore, Inc.",,,HEROQ US Equity,2015-05-15,2010-05-15,2015-05-15,Energy,Oil & Gas Services & Equip,2010-12-31,2014-12-31,2010-05-31,2015-04-30,2010-05-31,2015-04-30,5,60
SA_156,bankrupt,2024-08-07,VBIV,Vbi Vaccines Inc,,,VBIVQ US Equity,2024-05-09,2019-05-09,2024-05-09,Health Care,Biotech & Pharma,2019-12-31,2023-12-31,2019-05-31,2024-04-30,2019-05-31,2024-04-30,5,60
SA_157,bankrupt,2024-12-05,MONDQ,Mondee Holdings Inc,,,MOND US Equity,2024-09-06,2019-09-06,2024-09-06,Communications,Internet Media & Services,2020-12-31,2023-12-31,2021-03-31,2024-08-30,2020-12-31,2024-08-30,4,42
SA_158,bankrupt,2005-03-07,WHXCQ,WHX Corporation,,,WHXCQ US Equity,2004-12-07,1999-12-07,2004-12-07,Industrials,Machinery,1999-12-31,2003-12-31,1999-12-31,2004-11-30,1999-12-31,2004-11-30,5,60
SA_159,bankrupt,2017-05-17,GLFMQ,"GulfMark Offshore, Inc.",,,GLF US Equity,2017-02-16,2012-02-16,2017-02-16,Energy,Oil & Gas Services & Equip,2012-12-31,2016-12-31,,,2012-12-31,2016-12-31,5,0
SA_16,bankrupt,2026-01-15,ECDA,Ecd Automotive Design Inc,,,ECDA US Equity,2025-10-17,2020-10-17,2025-10-17,Consumer Discretionary,Automotive,2021-12-31,2024-12-31,2022-12-30,2025-09-30,2021-12-31,2025-09-30,4,34
SA_160,bankrupt,2002-01-16,ITXG,"IT Group, Inc.",,,ITXG US Equity,2001-10-18,1996-10-18,2001-10-18,Industrials,Commercial Support Services,1997-03-28,2000-12-29,1996-10-31,2001-09-28,1996-10-31,2001-09-28,4,60
SA_162,bankrupt,2001-10-01,FDMLQ,Federal-Mogul Corporation,,,FDMLQ US Equity,2001-07-03,1996-07-03,2001-07-03,Consumer Discretionary,Automotive,1996-12-31,2000-12-31,1996-07-31,2001-06-29,1996-07-31,2001-06-29,5,60
SA_164,bankrupt,2009-11-15,CJHBQ,"Champion Enterprises, Inc.",,,CJHBQ US Equity,2009-08-17,2004-08-17,2009-08-17,Consumer Discretionary,Home Construction,2005-01-01,2009-01-03,2004-08-31,2009-07-31,2004-08-31,2009-07-31,4,60
SA_165,bankrupt,2004-10-26,ATAHQ,ATA Holdings Corp.,,,ATAHQ US Equity,2004-07-28,1999-07-28,2004-07-28,Industrials,Transportation & Logistics,1999-12-31,2003-12-31,1999-07-30,2004-06-30,1999-07-30,2004-06-30,5,60
SA_166,bankrupt,2003-04-01,FLMIQ,"Fleming Companies, Inc.",,,FLMIQ US Equity,2003-01-01,1998-01-01,2003-01-01,Consumer Staples,Wholesale - Consumer Staples,1998-12-26,2002-12-28,1998-01-30,2002-12-31,1998-01-30,2002-12-31,5,60
SA_167,bankrupt,2026-04-06,IOBTQ,Io Biotech Inc,,,IOBTQ US Equity,2026-01-06,2021-01-06,2026-01-06,Health Care,Biotech & Pharma,2021-12-31,2024-12-31,2021-11-30,2025-12-31,2021-11-30,2025-12-31,4,50
SA_168,bankrupt,2025-08-15,OTRKQ,Ontrak Inc,,,OTRKQ US Equity,2025-05-17,2020-05-17,2025-05-17,Health Care,Health Care Facilities & Svcs,2020-12-31,2024-12-31,2020-05-29,2025-04-30,2020-05-29,2025-04-30,5,60
SA_169,bankrupt,2025-03-12,CUTRQ,Cutera Inc,,,CUTRQ US Equity,2024-12-12,2019-12-12,2024-12-12,Health Care,Medical Equipment & Devices,2019-12-31,2023-12-31,2019-12-31,2024-11-29,2019-12-31,2024-11-29,5,60
SA_170,bankrupt,2025-02-24,OMGAQ,Omega Therapeutics Inc,,,OMGAQ US Equity,2024-11-26,2019-11-26,2024-11-26,Health Care,Biotech & Pharma,2019-12-31,2023-12-31,2021-07-30,2024-10-31,2019-12-31,2024-10-31,5,40
SA_171,bankrupt,2009-03-18,CEMJQ,Chemtura Corporation,,,CEMJQ US Equity,2008-12-18,2003-12-18,2008-12-18,Materials,Chemicals,2003-12-31,2007-12-31,2003-12-31,2008-11-28,2003-12-31,2008-11-28,5,60
SA_172,bankrupt,1999-03-01,PNFTQ,Penn Traffic Co (1999),,,PNFTQ US Equity,1998-12-01,1993-12-01,1998-12-01,Consumer Staples,Retail - Consumer Staples,1994-01-29,1998-01-31,,,1994-01-29,1998-01-31,5,0
SA_174,bankrupt,2016-02-25,RJETQ,Republic Airways Holdings Inc.,,,RJETQ US Equity,2015-11-27,2010-11-27,2015-11-27,Industrials,Transportation & Logistics,2010-12-31,2014-12-31,2010-11-30,2015-10-30,2010-11-30,2015-10-30,5,60
SA_175,bankrupt,2024-12-31,AILEQ,Ilearningengines Inc,,,AILEQ US Equity,2024-10-02,2019-10-02,2024-10-02,Technology,Software,2020-12-31,2023-12-31,2021-04-30,2024-09-30,2020-12-31,2024-09-30,3,42
SA_176,bankrupt,2001-11-13,ANCJQ,ANC Rental Corp.,,,ANCJQ US Equity,2001-08-15,1996-08-15,2001-08-15,Consumer Discretionary,Retail - Discretionary,1999-12-31,2000-12-31,2000-06-30,2001-07-31,1999-12-31,2001-07-31,2,14
SA_177,bankrupt,2024-12-17,AKTSQ,Akoustis Technologies Inc,,,AKTSQ US Equity,2024-09-18,2019-09-18,2024-09-18,Technology,Technology Hardware,2020-06-30,2024-06-30,2019-09-30,2024-08-30,2019-09-30,2024-08-30,5,60
SA_178,bankrupt,2003-05-07,DZTKQ,DaisyTek International Corp.,,,DZTKQ US Equity,2003-02-06,1998-02-06,2003-02-06,Consumer Discretionary,Wholesale - Discretionary,1998-03-31,2002-03-31,1998-02-27,2003-01-31,1998-02-27,2003-01-31,5,60
SA_18,bankrupt,2013-04-08,ROHIQ,Rotech Healthcare Inc.,,,ROHIQ US Equity,2013-01-08,2008-01-08,2013-01-08,Health Care,Health Care Facilities & Svcs,2008-12-31,2011-12-31,2008-01-31,2012-12-31,2008-01-31,2012-12-31,4,60
SA_180,bankrupt,2016-05-02,FWMHQ,Fairway Group Holdings Corp.,,,FWMHQ US Equity,2016-02-02,2011-02-02,2016-02-02,Consumer Staples,Retail - Consumer Staples,2011-04-03,2015-03-29,2013-04-30,2016-01-29,2011-04-03,2016-01-29,5,34
SA_181,bankrupt,2024-12-09,TCSGQ,Container Store Group Inc,,,TCSGQ US Equity,2024-09-10,2019-09-10,2024-09-10,Consumer Discretionary,Retail - Discretionary,2020-03-28,2024-03-30,2019-09-30,2024-08-30,2019-09-30,2024-08-30,5,60
SA_182,bankrupt,2005-02-02,TWRAQ,"Tower Automotive, Inc.",,,TWRAQ US Equity,2004-11-04,1999-11-04,2004-11-04,Consumer Discretionary,Automotive,1999-12-31,2003-12-31,1999-11-30,2004-10-29,1999-11-30,2004-10-29,4,60
SA_183,bankrupt,2026-06-10,NOTVQ,Inotiv Inc,,,NOTVQ US Equity,2026-03-12,2021-03-12,2026-03-12,Health Care,Medical Equipment & Devices,2021-09-30,2025-09-30,2021-03-31,2026-02-27,2021-03-31,2026-02-27,5,60
SA_184,bankrupt,2024-08-06,TWOUQ,2u Inc,,,TWOUQ US Equity,2024-05-08,2019-05-08,2024-05-08,Communications,Internet Media & Services,2019-12-31,2023-12-31,2019-05-31,2024-04-30,2019-05-31,2024-04-30,5,60
SA_186,bankrupt,2011-11-07,DYNIQ,"Dynegy Holdings, LLC",,,DYNIQ US Equity,2011-08-09,2006-08-09,2011-08-09,Utilities,Electric Utilities,2006-12-31,2010-12-31,2006-08-31,2011-07-29,2006-08-31,2011-07-29,5,60
SA_187,bankrupt,1998-10-05,BOST,"Boston Chicken, Inc.",,,BCHXQ US Equity,1998-07-07,1993-07-07,1998-07-07,Consumer Discretionary,Leisure Facilities & Services,1993-12-26,1997-12-31,1993-11-30,1998-06-30,1993-11-30,1998-06-30,5,56
SA_188,bankrupt,2020-06-15,PYXSQ,"Pyxus International, Inc.",,,PYXSQ US Equity,2020-03-17,2015-03-17,2020-03-17,Consumer Staples,Tobacco & Cannabis,2015-03-31,2019-03-31,2015-03-31,2020-02-28,2015-03-31,2020-02-28,5,60
SA_189,bankrupt,2015-05-04,COCOQ,"Corinthian Colleges, Inc.",,,COCOQ US Equity,2015-02-03,2010-02-03,2015-02-03,Consumer Discretionary,Consumer Services,2010-06-30,2013-06-30,2010-02-26,2015-01-30,2010-02-26,2015-01-30,4,60
SA_19,bankrupt,2025-11-26,GORV,Lazydays Holdings Inc,,,GORV US Equity,2025-08-28,2020-08-28,2025-08-28,Consumer Discretionary,Retail - Discretionary,2020-12-31,2024-12-31,2020-08-31,2025-07-31,2020-08-31,2025-07-31,5,60
SA_190,bankrupt,2006-09-28,GEGQQ,Global Power Equipment Group Inc.,,,GEGQQ US Equity,2006-06-30,2001-06-30,2006-06-30,Industrials,Electrical Equipment,2001-12-29,2004-12-31,2001-07-31,2006-05-31,2001-07-31,2006-05-31,4,59
SA_191,bankrupt,2015-03-03,CDVIQ,"Cal Dive International, Inc.",,,CDVIQ US Equity,2014-12-03,2009-12-03,2014-12-03,Energy,Oil & Gas Services & Equip,2009-12-31,2013-12-31,2009-12-31,2014-11-28,2009-12-31,2014-11-28,5,60
SA_192,bankrupt,2016-07-27,HKRSQ,Halcon Resources Corporation,,,HKRSQ US Equity,2016-04-28,2011-04-28,2016-04-28,Energy,Oil & Gas Supply Chain,2011-12-31,2015-12-31,,,2011-12-31,2015-12-31,5,0
SA_193,bankrupt,2019-05-11,BRSWQ,Bristow Group Inc.,,,BRSWQ US Equity,2019-02-10,2014-02-10,2019-02-10,Energy,Oil & Gas Services & Equip,2014-03-31,2018-03-31,2014-02-28,2019-01-31,2014-02-28,2019-01-31,5,60
SA_194,bankrupt,2019-04-01,TISUQ,Orchids Paper Products Company,,,TISUQ US Equity,2019-01-01,2014-01-01,2019-01-01,Consumer Staples,Household Products,2014-12-31,2018-12-31,2014-01-31,2018-12-31,2014-01-31,2018-12-31,5,60
SA_195,bankrupt,2025-06-25,MRINQ,Marin Software Inc,,,MRINQ US Equity,2025-03-27,2020-03-27,2025-03-27,Communications,Advertising & Marketing,2020-12-31,2023-12-31,2020-03-31,2025-02-28,2020-03-31,2025-02-28,4,60
SA_196,bankrupt,2025-04-21,SCPX,Scorpius Holdings Inc,,,SCPX US Equity,2025-01-21,2020-01-21,2025-01-21,Health Care,Biotech & Pharma,2020-12-31,2024-12-31,2020-01-31,2024-12-31,2020-01-31,2024-12-31,5,60
SA_197,bankrupt,2025-05-14,AXDXQ,Accelerate Diagnostics Inc,,,AXDXQ US Equity,2025-02-13,2020-02-13,2025-02-13,Health Care,Medical Equipment & Devices,2020-12-31,2024-12-31,2020-02-28,2025-01-31,2020-02-28,2025-01-31,5,60
SA_198,bankrupt,2020-05-18,CTRCQ,Centric Brands Inc.,,,CTRCQ US Equity,2020-02-18,2015-02-18,2020-02-18,Consumer Discretionary,Apparel & Textile Products,2015-11-30,2018-12-31,2015-02-27,2020-01-31,2015-02-27,2020-01-31,4,60
SA_199,bankrupt,2018-12-12,PKDSQ,Parker Drilling Company,,,PKDC US Equity,2018-09-13,2013-09-13,2018-09-13,Energy,Oil & Gas Services & Equip,2013-12-31,2017-12-31,,,2013-12-31,2017-12-31,5,0
SA_2,bankrupt,2019-11-18,AREXQ,Approach Resources Inc.,,,AREXQ US Equity,2019-08-20,2014-08-20,2019-08-20,Energy,Oil & Gas Supply Chain,2014-12-31,2018-12-31,2014-08-29,2019-07-31,2014-08-29,2019-07-31,5,60
SA_200,bankrupt,2024-09-09,BIGGQ,Big Lots Inc,,,BIGGQ US Equity,2024-06-11,2019-06-11,2024-06-11,Consumer Staples,Retail - Consumer Staples,2020-02-01,2024-02-03,2019-06-28,2024-05-31,2019-06-28,2024-05-31,5,60
SA_201,bankrupt,2026-01-20,IVPR,Inspire Veterinary Partners Inc,,,IVPR US Equity,2025-10-22,2020-10-22,2025-10-22,Health Care,Health Care Facilities & Svcs,2021-12-31,2024-12-31,2023-08-31,2025-09-30,2021-12-31,2025-09-30,4,26
SA_202,bankrupt,2009-05-28,RHDCQ,R.H. Donnelley Corporation,,,RHDCQ US Equity,2009-02-27,2004-02-27,2009-02-27,Communications,Advertising & Marketing,2004-12-31,2008-12-31,2004-02-27,2009-01-30,2004-02-27,2009-01-30,5,60
SA_203,bankrupt,2003-06-29,CRPP,Crown Pacific Partners L.P.,,,1514052D US Equity,2003-03-31,1998-03-31,2003-03-31,Materials,"Forestry, Paper & Wood Products",1998-12-31,2002-12-31,1998-03-31,2003-02-28,1998-03-31,2003-02-28,5,60
SA_204,bankrupt,2025-02-25,NKLAQ,Nikola Corp,,,NKLAQ US Equity,2024-11-27,2019-11-27,2024-11-27,Industrials,Transportation Equipment,2019-12-31,2023-12-31,2019-11-29,2024-10-31,2019-11-29,2024-10-31,5,60
SA_205,bankrupt,2013-09-17,FFNTQ,FriendFinder Networks Inc.,,,FFNTQ US Equity,2013-06-19,2008-06-19,2013-06-19,Communications,Internet Media & Services,2008-12-31,2012-12-31,2011-05-31,2013-05-31,2008-12-31,2013-05-31,5,25
SA_207,bankrupt,2005-01-31,FCPR,"Falcon Products, Inc.",,,FCPR US Equity,2004-11-02,1999-11-02,2004-11-02,Consumer Discretionary,Home & Office Products,2000-10-28,2003-11-01,1999-11-30,2004-10-29,1999-11-30,2004-10-29,4,60
SA_208,bankrupt,2024-10-30,VEVMQ,Vicinity Motor Corp,,,VEVMQ US Equity,2024-08-01,2019-08-01,2024-08-01,Industrials,Transportation Equipment,2019-12-31,2023-12-31,2019-08-30,2024-07-31,2019-08-30,2024-07-31,5,60
SA_209,bankrupt,2011-05-24,JHTXQ,Jackson Hewitt Tax Service Inc.,,,JHTXQ US Equity,2011-02-23,2006-02-23,2011-02-23,Industrials,Commercial Support Services,2006-04-30,2010-04-30,2006-02-28,2011-01-31,2006-02-28,2011-01-31,5,60
SA_21,bankrupt,2024-09-17,TUPBQ,Tupperware Brands Corp,,,TUPBQ US Equity,2024-06-19,2019-06-19,2024-06-19,Consumer Discretionary,Home & Office Products,2019-12-28,2022-12-31,2019-06-28,2024-05-31,2019-06-28,2024-05-31,4,60
SA_210,bankrupt,2025-12-12,BLMZF,Harrison Global Holdings Inc,,,BLMZF US Equity,2025-09-13,2020-09-13,2025-09-13,Technology,Software,2021-09-30,2023-09-30,2024-07-31,2025-08-29,2021-09-30,2025-08-29,3,14
SA_211,bankrupt,2009-02-18,BGPTQ,"BearingPoint, Inc.",,,BGPTQ US Equity,2008-11-20,2003-11-20,2008-11-20,Industrials,Commercial Support Services,2004-12-31,2007-12-31,2003-11-28,2008-10-31,2003-11-28,2008-10-31,4,60
SA_213,bankrupt,2024-12-19,BSFC,Blue Star Foods Corp,,,BSFC US Equity,2024-09-20,2019-09-20,2024-09-20,Consumer Staples,Food,2019-12-31,2023-12-31,2020-04-30,2024-08-30,2019-12-31,2024-08-30,5,53
SA_214,bankrupt,2020-03-10,FELPQ,Foresight Energy LP,,,FELPQ US Equity,2019-12-11,2014-12-11,2019-12-11,Materials,Metals & Mining,2014-12-31,2018-12-31,2014-12-31,2019-11-29,2014-12-31,2019-11-29,5,60
SA_215,bankrupt,2000-11-09,CMDCQ,CareMatrix Corp.,,,CMDCQ US Equity,2000-08-11,1995-08-11,2000-08-11,Health Care,Health Care Facilities & Svcs,1995-12-31,1999-12-31,1995-08-31,2000-07-31,1995-08-31,2000-07-31,5,60
SA_216,bankrupt,2025-07-29,PETXQ,Wag! Group Co.,,,PETXQ US Equity,2025-04-30,2020-04-30,2025-04-30,Communications,Internet Media & Services,2021-12-31,2024-12-31,2021-09-30,2025-03-31,2021-09-30,2025-03-31,4,43
SA_217,bankrupt,2025-05-21,ICCT,Icoreconnect Inc,,,ICCT US Equity,2025-02-20,2020-02-20,2025-02-20,Technology,Software,2020-12-31,2024-12-31,2023-08-31,2025-01-31,2020-12-31,2025-01-31,5,18
SA_218,bankrupt,2019-06-18,LGCYQ,Legacy Reserves Inc.,,,LGCYQ US Equity,2019-03-20,2014-03-20,2019-03-20,Energy,Oil & Gas Supply Chain,2014-12-31,2018-12-31,2014-03-31,2019-02-28,2014-03-31,2019-02-28,5,60
SA_22,bankrupt,2003-03-21,SBLUQ,"SONICblue, Inc.",,,SBLUQ US Equity,2002-12-21,1997-12-21,2002-12-21,Technology,Technology Hardware,1997-12-31,2001-12-31,1997-12-31,2002-11-29,1997-12-31,2002-11-29,5,60
SA_220,bankrupt,2001-11-13,CLSCQ,"Classic Communications, Inc.",,,CLSCQ US Equity,2001-08-15,1996-08-15,2001-08-15,Communications,Entertainment Content,1997-12-31,2000-12-31,1999-12-31,2001-07-31,1997-12-31,2001-07-31,4,20
SA_221,bankrupt,2015-08-03,ANRZQ,"Alpha Natural Resources, Inc.",,,ANRZQ US Equity,2015-05-05,2010-05-05,2015-05-05,Materials,Metals & Mining,2010-12-31,2014-12-31,2010-05-31,2015-04-30,2010-05-31,2015-04-30,5,60
SA_222,bankrupt,1998-09-16,SNTVQ,"Sun Television and Appliances, Inc.",,,SNTVQ US Equity,1998-06-18,1993-06-18,1998-06-18,Consumer Discretionary,Retail - Discretionary,1994-02-28,1998-02-28,1993-06-30,1998-05-29,1993-06-30,1998-05-29,5,60
SA_223,bankrupt,2002-09-03,CFWEQ,Consolidated Freightways Corp.,,,CFWEQ US Equity,2002-06-05,1997-06-05,2002-06-05,Industrials,Transportation & Logistics,1997-12-31,2001-12-31,1997-06-30,2002-05-31,1997-06-30,2002-05-31,5,60
SA_224,bankrupt,2016-05-04,AROPQ,"Aeropostale, Inc.",,,AROPQ US Equity,2016-02-04,2011-02-04,2016-02-04,Consumer Discretionary,Retail - Discretionary,2012-01-28,2016-01-30,2011-02-28,2016-01-29,2011-02-28,2016-01-30,5,60
SA_226,bankrupt,2020-08-02,TLRDQ,"Tailored Brands, Inc.",,,TLRDQ US Equity,2020-05-04,2015-05-04,2020-05-04,Consumer Discretionary,Retail - Discretionary,2016-01-30,2020-02-01,2015-05-29,2020-04-30,2015-05-29,2020-04-30,5,60
SA_227,bankrupt,2019-04-14,JONEQ,"Jones Energy, Inc.",,,JONEQ US Equity,2019-01-14,2014-01-14,2019-01-14,Energy,Oil & Gas Supply Chain,2014-12-31,2018-12-31,2014-01-31,2018-12-31,2014-01-31,2018-12-31,5,60
SA_228,bankrupt,2025-03-25,BACK,Imac Holdings Inc,,,BACK US Equity,2024-12-25,2019-12-25,2024-12-25,Health Care,Health Care Facilities & Svcs,2019-12-31,2023-12-31,2019-12-31,2024-11-29,2019-12-31,2024-11-29,5,60
SA_229,bankrupt,2026-06-15,GOCOQ,Gohealth Inc,,,GOCOQ US Equity,2026-03-17,2021-03-17,2026-03-17,Financials,Insurance,2021-12-31,2025-12-31,2021-03-31,2026-02-27,2021-03-31,2026-02-27,5,60
SA_23,bankrupt,2025-08-18,TPIC,Tpi Composites Inc,,,TPICQ US Equity,2025-05-20,2020-05-20,2025-05-20,Energy,Renewable Energy,2020-12-31,2024-12-31,2020-05-29,2025-04-30,2020-05-29,2025-04-30,5,60
SA_230,bankrupt,2024-09-20,BFICQ,Burgerfi International Inc,,,BFICQ US Equity,2024-06-22,2019-06-22,2024-06-22,Consumer Discretionary,Leisure Facilities & Services,2019-12-31,2024-01-01,2019-06-28,2024-05-31,2019-06-28,2024-05-31,5,60
SA_231,bankrupt,2020-06-20,AACH,"AAC Holdings, Inc.",,,AACH US Equity,2020-03-22,2015-03-22,2020-03-22,Health Care,Health Care Facilities & Svcs,2015-12-31,2018-12-31,2015-03-31,2020-02-28,2015-03-31,2020-02-28,4,60
SA_232,bankrupt,2018-01-15,XCOOQ,"EXCO Resources, Inc.",,,XCOOQ US Equity,2017-10-17,2012-10-17,2017-10-17,Energy,Oil & Gas Supply Chain,2012-12-31,2016-12-31,2012-10-31,2017-09-29,2012-10-31,2017-09-29,5,60
SA_235,bankrupt,2003-05-06,ACTRQ,Acterna Corp.,,,ACTRQ US Equity,2003-02-05,1998-02-05,2003-02-05,Technology,Technology Hardware,1998-03-31,2002-03-31,1998-05-29,2003-01-31,1998-03-31,2003-01-31,5,57
SA_236,bankrupt,2017-08-26,PERFQ,"Perfumania Holdings, Inc.",,,PERFQ US Equity,2017-05-28,2012-05-28,2017-05-28,Consumer Discretionary,Retail - Discretionary,2013-02-02,2017-01-28,2012-05-31,2017-04-28,2012-05-31,2017-04-28,5,60
SA_238,bankrupt,2001-11-15,BRLGQ,"Burlington Industries, Inc.",,,BRLGQ US Equity,2001-08-17,1996-08-17,2001-08-17,Consumer Discretionary,Apparel & Textile Products,1996-09-28,2000-09-30,1996-08-30,2001-07-31,1996-08-30,2001-07-31,5,60
SA_24,bankrupt,2024-09-17,EGIOQ,Edgio Inc,,,EGIOQ US Equity,2024-06-19,2019-06-19,2024-06-19,Technology,Software,2019-12-31,2022-12-31,2019-06-28,2024-05-31,2019-06-28,2024-05-31,4,60
SA_240,bankrupt,2002-03-06,NSTLQ,National Steel Corp.,,,NSTLQ US Equity,2001-12-06,1996-12-06,2001-12-06,Materials,Steel,1996-12-31,2000-12-31,1996-12-31,2001-11-30,1996-12-31,2001-11-30,5,60
SA_241,bankrupt,2019-08-11,SNECQ,Sanchez Energy Corporation,,,SNECQ US Equity,2019-05-13,2014-05-13,2019-05-13,Energy,Oil & Gas Supply Chain,2014-12-31,2018-12-31,2014-05-30,2019-04-30,2014-05-30,2019-04-30,5,60
SA_242,bankrupt,2024-11-21,VINOQ,Gaucho Group Holdings Inc,,,VINO US Equity,2024-08-23,2019-08-23,2024-08-23,Real Estate,Real Estate Owners & Developers,2019-12-31,2023-12-31,2019-08-30,2024-07-31,2019-08-30,2024-07-31,5,60
SA_243,bankrupt,2009-03-27,CHTRQ,"Charter Communications, Inc.",,,CHTRQ US Equity,2008-12-27,2003-12-27,2008-12-27,Communications,Cable & Satellite,2003-12-31,2007-12-31,2003-12-31,2008-11-28,2003-12-31,2008-11-28,5,60
SA_244,bankrupt,2020-07-15,CRCQQ,California Resources Corporation,,,CRC US Equity,2020-04-16,2015-04-16,2020-04-16,Energy,Oil & Gas Supply Chain,2015-12-31,2019-12-31,,,2015-12-31,2019-12-31,5,0
SA_245,bankrupt,2026-05-12,AREB,American Rebel Holdings Inc,,,AREB US Equity,2026-02-11,2021-02-11,2026-02-11,Industrials,Aerospace & Defense,2021-12-31,2025-12-31,2021-02-26,2026-01-30,2021-02-26,2026-01-30,5,60
SA_246,bankrupt,2025-08-05,SANW,S&w Seed Co.,,,SANW US Equity,2025-05-07,2020-05-07,2025-05-07,Consumer Staples,Food,2020-06-30,2024-06-30,2020-05-29,2025-04-30,2020-05-29,2025-04-30,5,60
SA_248,bankrupt,2009-10-01,EPEXQ,Edge Petroleum Corporation,,,EPEXQ US Equity,2009-07-03,2004-07-03,2009-07-03,Energy,Oil & Gas Supply Chain,2004-12-31,2008-12-31,2004-07-30,2009-06-30,2004-07-30,2009-06-30,5,60
SA_249,bankrupt,2025-12-19,IRBTQ,Irobot Corp,,,IRBTQ US Equity,2025-09-20,2020-09-20,2025-09-20,Consumer Discretionary,Home & Office Products,2021-01-02,2024-12-28,2020-09-30,2025-08-29,2020-09-30,2025-08-29,4,60
SA_250,bankrupt,2018-03-12,OREXQ,"Orexigen Therapeutics, Inc.",,,OREXQ US Equity,2017-12-12,2012-12-12,2017-12-12,Health Care,Biotech & Pharma,2012-12-31,2016-12-31,2012-12-31,2017-11-30,2012-12-31,2017-11-30,5,60
SA_251,bankrupt,2003-09-24,CJML,Cone Mills Corp,,,CJML US Equity,2003-06-26,1998-06-26,2003-06-26,Consumer Discretionary,Apparel & Textile Products,1999-01-03,2002-12-29,1998-06-30,2003-05-30,1998-06-30,2003-05-30,4,60
SA_252,bankrupt,2020-02-17,PIRRQ,"Pier 1 Imports, Inc.",,,PIRRQ US Equity,2019-11-19,2014-11-19,2019-11-19,Consumer Discretionary,Retail - Discretionary,2015-02-28,2019-03-02,2014-11-28,2019-10-31,2014-11-28,2019-10-31,5,60
SA_254,bankrupt,2025-08-12,FOXO,Foxo Technologies Inc,,,FOXO US Equity,2025-05-14,2020-05-14,2025-05-14,Health Care,Health Care Facilities & Svcs,2020-12-31,2024-12-31,2021-01-29,2025-04-30,2020-12-31,2025-04-30,5,52
SA_256,bankrupt,2016-05-15,BBEPQ,Breitburn Energy Partners LP,,,BBEPQ US Equity,2016-02-15,2011-02-15,2016-02-15,Energy,Oil & Gas Supply Chain,2011-12-31,2015-12-31,2011-02-28,2016-01-29,2011-02-28,2016-01-29,5,60
SA_257,bankrupt,2017-01-16,MEMPQ,Memorial Production Partners LP,,,0618563D US Equity,2016-10-18,2011-10-18,2016-10-18,Energy,Oil & Gas Supply Chain,2011-12-31,2015-12-31,,,2011-12-30,2016-09-30,5,0
SA_258,bankrupt,2024-12-30,DNMRQ,Danimer Scientific Inc,,,DNMRQ US Equity,2024-10-01,2019-10-01,2024-10-01,Materials,Chemicals,2019-12-31,2023-12-31,2020-05-29,2024-09-30,2019-12-31,2024-09-30,5,53
SA_259,bankrupt,2024-12-24,MTEM,Molecular Templates Inc,,,MTEMQ US Equity,2024-09-25,2019-09-25,2024-09-25,Health Care,Biotech & Pharma,2019-12-31,2023-12-31,2019-09-30,2024-08-30,2019-09-30,2024-08-30,5,60
SA_26,bankrupt,1999-02-11,WIRL,"Wireless One, Inc.",,,WIRLQ US Equity,1998-11-13,1993-11-13,1998-11-13,Technology,Technology Hardware,1993-12-31,1997-12-31,1995-10-31,1998-10-30,1993-12-31,1998-10-30,5,37
SA_260,bankrupt,2025-02-14,AVGR,Avinger Inc,,,AVGR US Equity,2024-11-16,2019-11-16,2024-11-16,Health Care,Medical Equipment & Devices,2019-12-31,2023-12-31,2019-11-29,2024-10-31,2019-11-29,2024-10-31,5,60
SA_261,bankrupt,2025-02-18,BPTH,Bio-path Holdings Inc,,,BPTH US Equity,2024-11-20,2019-11-20,2024-11-20,Health Care,Biotech & Pharma,2019-12-31,2023-12-31,2019-11-29,2024-10-31,2019-11-29,2024-10-31,5,60
SA_262,bankrupt,2020-04-07,QHCCQ,Quorum Health Corporation,,,QHCCQ US Equity,2020-01-08,2015-01-08,2020-01-08,Health Care,Health Care Facilities & Svcs,2015-12-31,2019-12-31,2016-04-29,2019-12-31,2015-12-31,2019-12-31,5,45
SA_265,bankrupt,2013-07-02,HOKUQ,Hoku Corporation,,,HOKUQ US Equity,2013-04-03,2008-04-03,2013-04-03,Energy,Renewable Energy,2009-03-31,2011-03-31,2008-04-30,2013-03-29,2008-04-30,2013-03-29,3,60
SA_266,bankrupt,2011-08-19,SDTHQ,"ShengdaTech, Inc.",,,SDTHQ US Equity,2011-05-21,2006-05-21,2011-05-21,Materials,Chemicals,2006-12-31,2009-12-31,2006-05-31,2011-03-31,2006-05-31,2011-04-29,4,59
SA_267,bankrupt,2005-09-14,DALRQ,"Delta Air Lines, Inc.",,,DALRQ US Equity,2005-06-16,2000-06-16,2005-06-16,Industrials,Transportation & Logistics,2000-12-31,2004-12-31,2000-06-30,2005-05-31,2000-06-30,2005-05-31,5,60
SA_268,bankrupt,2004-05-27,RCNCQ,RCN Corporation,,,RCNCQ US Equity,2004-02-27,1999-02-27,2004-02-27,Communications,Telecommunications,1999-12-31,2003-12-31,1999-03-31,2004-01-30,1999-03-31,2004-01-30,5,59
SA_269,bankrupt,2026-07-31,GVHGF,Visionary Holdings Inc,,,GVHGF US Equity,2026-05-02,2021-05-02,2026-05-02,Consumer Discretionary,Consumer Services,2022-03-31,2025-03-31,2022-05-31,2026-04-30,2022-03-31,2026-04-30,4,48
SA_27,bankrupt,2009-02-21,JRCOQ,Journal Register Company,,,JRCOQ US Equity,2008-11-23,2003-11-23,2008-11-23,Communications,Publishing & Broadcasting,2003-12-28,2007-12-30,2003-11-28,2008-10-31,2003-11-28,2008-10-31,5,60
SA_270,bankrupt,2019-10-21,NRTSF,Nobilis Health Corp.,,,NRTSF US Equity,2019-07-23,2014-07-23,2019-07-23,Health Care,Health Care Facilities & Svcs,2014-12-31,2017-12-31,2014-07-31,2019-06-28,2014-07-31,2019-06-28,4,60
SA_271,bankrupt,2003-03-17,SPGLQ,Spiegel Inc.,,,SPGLQ US Equity,2002-12-17,1997-12-17,2002-12-17,Consumer Discretionary,Retail - Discretionary,1998-01-03,2001-12-29,1997-12-31,2002-11-29,1997-12-31,2002-11-29,4,60
SA_272,bankrupt,2015-06-25,MCPIQ,"Molycorp, Inc.",,,MCPIQ US Equity,2015-03-27,2010-03-27,2015-03-27,Materials,Metals & Mining,2010-12-31,2014-12-31,2010-07-30,2015-02-27,2010-07-30,2015-02-27,5,56
SA_273,bankrupt,2025-04-22,VINC,Vincerx Pharma Inc,,,VINC US Equity,2025-01-22,2020-01-22,2025-01-22,Health Care,Biotech & Pharma,2020-12-31,2024-12-31,2020-05-29,2024-12-31,2020-05-29,2024-12-31,5,56
SA_274,bankrupt,2012-01-04,TRIDQ,"Trident Microsystems, Inc.",,,TRIDQ US Equity,2011-10-06,2006-10-06,2011-10-06,Technology,Semiconductors,2007-06-30,2010-12-31,2006-10-31,2011-09-30,2006-10-31,2011-09-30,4,60
SA_275,bankrupt,2024-08-20,MMATQ,Meta Materials Inc,,,MMATQ US Equity,2024-05-22,2019-05-22,2024-05-22,Technology,IT Services,2019-12-31,2023-12-31,2019-05-31,2024-04-30,2019-05-31,2024-04-30,5,60
SA_276,bankrupt,2016-02-08,NORNQ,Noranda Aluminum Holding Corporation,,,NORNQ US Equity,2015-11-10,2010-11-10,2015-11-10,Materials,Metals & Mining,2010-12-31,2014-12-31,2010-11-30,2015-10-30,2010-11-30,2015-10-30,5,60
SA_277,bankrupt,2003-05-15,MSPIQ,Mississippi Chemical Corp.,,,MSPIQ US Equity,2003-02-14,1998-02-14,2003-02-14,Consumer Discretionary,Consumer Services,1998-06-30,2002-06-30,1998-02-27,2003-01-31,1998-02-27,2003-01-31,5,60
SA_278,bankrupt,2025-06-20,FMTOF,Femto Technologies Inc,,,FMTOF US Equity,2025-03-22,2020-03-22,2025-03-22,Technology,Software,2022-12-31,2024-12-31,2022-05-31,2025-02-28,2022-05-31,2025-02-28,3,34
SA_279,bankrupt,2025-03-18,ATXI,Avenue Therapeutics Inc,,,ATXI US Equity,2024-12-18,2019-12-18,2024-12-18,Health Care,Biotech & Pharma,2019-12-31,2023-12-31,2019-12-31,2024-11-29,2019-12-31,2024-11-29,5,60
SA_28,bankrupt,2025-08-05,THRD,Third Harmonic Bio Inc,,,2617273D US Equity,2025-05-07,2020-05-07,2025-05-07,Health Care,Biotech & Pharma,2020-12-31,2024-12-31,,,2020-12-31,2024-12-31,5,0
SA_280,bankrupt,2000-12-19,NWSW,Northwestern Steel & Wire Co.,,,NWSW US Equity,2000-09-20,1995-09-20,2000-09-20,Materials,Steel,1996-07-31,2000-07-31,1995-09-29,2000-08-31,1995-09-29,2000-08-31,5,60
SA_281,bankrupt,2024-12-17,LEVGQ,Lion Electric Co.,,,LEVGQ US Equity,2024-09-18,2019-09-18,2024-09-18,Industrials,Transportation Equipment,2019-12-31,2023-12-31,2020-10-30,2024-08-30,2019-12-31,2024-08-30,5,47
SA_282,bankrupt,2016-05-16,SDOCQ,"SandRidge Energy, Inc.",,,SD US Equity,2016-02-16,2011-02-16,2016-02-16,Energy,Oil & Gas Supply Chain,2011-12-31,2015-12-31,2011-02-28,2016-01-29,2011-02-28,2016-01-29,5,60
SA_284,bankrupt,2025-03-26,BHILQ,Benson Hill Inc,,,BHILQ US Equity,2024-12-26,2019-12-26,2024-12-26,Consumer Staples,Food,2020-12-31,2023-12-31,2021-02-26,2024-11-29,2020-12-31,2024-11-29,4,46
SA_286,bankrupt,2020-06-24,JASNQ,"Jason Industries, Inc.",,,JASNQ US Equity,2020-03-26,2015-03-26,2020-03-26,Industrials,Machinery,2015-12-31,2019-12-31,2015-03-31,2020-02-28,2015-03-31,2020-02-28,5,60
SA_287,bankrupt,2004-11-30,AICOQ,Amcast Industrial Corporation (2004),,,AICOQ US Equity,2004-09-01,1999-09-01,2004-09-01,Consumer Discretionary,Automotive,2000-08-31,2003-08-31,1999-09-30,2004-08-31,1999-09-30,2004-08-31,4,60
SA_288,bankrupt,2018-10-15,SHLDQ,Sears Holdings Corporation,,,SHLDQ US Equity,2018-07-17,2013-07-17,2018-07-17,Consumer Discretionary,Retail - Discretionary,2014-02-01,2018-02-03,2013-07-31,2018-06-29,2013-07-31,2018-06-29,5,60
SA_289,bankrupt,2019-02-25,WINMQ,"Windstream Holdings, Inc. (Windstream Services, LLC)",,,WINMQ US Equity,2018-11-27,2013-11-27,2018-11-27,Communications,Telecommunications,2013-12-31,2017-12-31,2013-11-29,2018-10-31,2013-11-29,2018-10-31,5,60
SA_29,bankrupt,2012-08-17,ATPAQ,ATP Oil & Gas Corporation,,,ATPAQ US Equity,2012-05-19,2007-05-19,2012-05-19,Energy,Oil & Gas Supply Chain,2007-12-31,2011-12-31,2007-05-31,2012-04-30,2007-05-31,2012-04-30,5,60
SA_290,bankrupt,2001-12-05,HAZ,"Hayes Lemmerz International, Inc. (2001)",,,HLMMQ US Equity,2001-09-06,1996-09-06,2001-09-06,Consumer Discretionary,Automotive,1997-01-31,2001-01-31,1996-09-30,2001-08-31,1996-09-30,2001-08-31,5,60
SA_291,bankrupt,2025-04-21,AIEV,Thunder Power Holdings Inc,,,AIEV US Equity,2025-01-21,2020-01-21,2025-01-21,Consumer Discretionary,Automotive,2022-12-31,2024-12-31,2022-08-31,2024-12-31,2022-06-30,2024-12-31,3,29
SA_292,bankrupt,2017-12-14,CIEIQ,"Cobalt International Energy, Inc.",,,CIEIQ US Equity,2017-09-15,2012-09-15,2017-09-15,Energy,Oil & Gas Supply Chain,2012-12-31,2016-12-31,2012-09-28,2017-08-31,2012-09-28,2017-08-31,5,60
SA_293,bankrupt,2025-12-23,ZYXIQ,Zynex Inc,,,ZYXIQ US Equity,2025-09-24,2020-09-24,2025-09-24,Health Care,Medical Equipment & Devices,2020-12-31,2024-12-31,2020-09-30,2025-08-29,2020-09-30,2025-08-29,5,60
SA_294,bankrupt,2024-08-09,LLFLQ,Ll Flooring Holdings Inc,,,LLFLQ US Equity,2024-05-11,2019-05-11,2024-05-11,Consumer Discretionary,Retail - Discretionary,2019-12-31,2023-12-31,2019-05-31,2024-04-30,2019-05-31,2024-04-30,5,60
SA_298,bankrupt,2020-05-27,TUEMQ,Tuesday Morning Corporation,,,TUEMQ US Equity,2020-02-27,2015-02-27,2020-02-27,Consumer Discretionary,Retail - Discretionary,2015-06-30,2019-06-30,,,2015-06-30,2019-06-30,5,0
SA_3,bankrupt,2002-03-11,AGATQ,"U.S. Aggregates, Inc.",,,AGATQ US Equity,2001-12-11,1996-12-11,2001-12-11,Materials,Construction Materials,1998-12-31,2000-12-31,1999-08-31,2001-11-30,1998-12-31,2001-11-30,3,28
SA_30,bankrupt,2024-10-21,GRTSQ,Gritstone Bio Inc,,,GRTSQ US Equity,2024-07-23,2019-07-23,2024-07-23,Health Care,Biotech & Pharma,2019-12-31,2023-12-31,2019-07-31,2024-06-28,2019-07-31,2024-06-28,5,60
SA_300,bankrupt,2026-01-30,NINEQ,Nine Energy Service Inc,,,NINE US Equity,2025-11-01,2020-11-01,2025-11-01,Energy,Oil & Gas Services & Equip,2020-12-31,2024-12-31,,,2020-12-31,2024-12-31,5,0
SA_301,bankrupt,2026-06-23,DEVSF,Devvstream Corp,,,DEVSF US Equity,2026-03-25,2021-03-25,2026-03-25,Financials,Asset Management,2021-12-31,2025-07-31,2021-12-31,2026-02-27,2021-10-29,2026-02-27,4,51
SA_303,bankrupt,2024-08-15,SPWRQ,Sunpower Corp,,,SPWRQ US Equity,2024-05-17,2019-05-17,2024-05-17,Energy,Renewable Energy,2019-12-29,2023-12-31,2019-05-31,2024-04-30,2019-05-31,2024-04-30,4,60
SA_304,bankrupt,2016-08-01,ISHCQ,International Shipholding Corporation,,,ISHCQ US Equity,2016-05-03,2011-05-03,2016-05-03,Industrials,Transportation & Logistics,2011-12-31,2015-12-31,2011-05-31,2016-04-29,2011-05-31,2016-04-29,5,60
SA_306,bankrupt,2025-12-23,LAZRQ,Luminar Technologies Inc,,,1707890D US Equity,2025-09-24,2020-09-24,2025-09-24,Consumer Discretionary,Automotive,2020-12-31,2024-12-31,,,2020-09-30,2025-08-29,5,0
SA_307,bankrupt,2011-11-02,SYMSQ,Syms Corp.,,,SYMSQ US Equity,2011-08-04,2006-08-04,2011-08-04,Consumer Discretionary,Retail - Discretionary,2007-03-03,2011-02-26,2006-08-31,2011-07-29,2006-08-31,2011-07-29,5,60
SA_308,bankrupt,2002-05-23,PTACQ,Pentacon Inc.,,,PTACQ US Equity,2002-02-22,1997-02-22,2002-02-22,Consumer Discretionary,Wholesale - Discretionary,1998-12-31,2001-12-31,1998-03-31,2002-01-31,1998-03-31,2002-01-31,4,47
SA_309,bankrupt,2009-03-31,IDARQ,Idearc Inc.,,,IDARQ US Equity,2008-12-31,2003-12-31,2008-12-31,Communications,Advertising & Marketing,2004-12-31,2007-12-31,2006-11-30,2008-11-28,2004-12-31,2008-11-28,4,25
SA_31,bankrupt,2020-06-01,LBYYQ,Libbey Inc.,,,LBYYQ US Equity,2020-03-03,2015-03-03,2020-03-03,Consumer Discretionary,Home & Office Products,2015-12-31,2019-12-31,2015-03-31,2020-02-28,2015-03-31,2020-02-28,5,60
SA_33,bankrupt,2016-01-11,ACIIQ,"Arch Coal, Inc.",,,ARCH US Equity,2015-10-13,2010-10-13,2015-10-13,Materials,Metals & Mining,2010-12-31,2014-12-31,,,2010-12-31,2014-12-31,5,0
SA_34,bankrupt,2012-07-17,FTWRQ,FiberTower Corporation,,,FBBT US Equity,2012-04-18,2007-04-18,2012-04-18,Communications,Telecommunications,2007-12-31,2010-12-31,,,2007-12-31,2010-12-31,4,0
SA_35,bankrupt,2017-11-29,CMLSQ,Cumulus Media Inc.,,,CMLSQ US Equity,2017-08-31,2012-08-31,2017-08-31,Communications,Publishing & Broadcasting,2016-12-31,2016-12-31,,,2015-12-31,2016-12-31,1,0
SA_36,bankrupt,2002-06-11,NWPWQ,"NewPower Holdings, Inc.",,,NWPWQ US Equity,2002-03-13,1997-03-13,2002-03-13,Utilities,Electric Utilities,1998-12-31,2000-12-31,2000-10-31,2002-02-28,1998-12-31,2002-02-28,3,17
SA_37,bankrupt,2026-05-20,SOPAQ,Society Pass Incorporated,,,SOPAQ US Equity,2026-02-19,2021-02-19,2026-02-19,Communications,Advertising & Marketing,2021-12-31,2024-12-31,2021-11-30,2026-01-30,2021-11-30,2026-01-30,4,51
SA_38,bankrupt,2020-07-26,ROSEQ,Rosehill Resources Inc.,,,ROSUQ US Equity,2020-04-27,2015-04-27,2020-04-27,Energy,Oil & Gas Supply Chain,2015-12-31,2019-12-31,2016-03-31,2020-03-31,2015-12-31,2020-03-31,5,44
SA_39,bankrupt,2008-01-29,TOUSQ,"TOUSA, Inc.",,,TOUSQ US Equity,2007-10-31,2002-10-31,2007-10-31,Consumer Discretionary,Home Construction,2002-12-31,2006-12-31,2002-10-31,2007-09-28,2002-10-31,2007-09-28,5,60
SA_4,bankrupt,1998-12-29,SLNT,Salant Corp. (1998),,,2777116Q US Equity,1998-09-30,1993-09-30,1998-09-30,Consumer Discretionary,Apparel & Textile Products,1998-01-02,1998-01-02,,,1998-01-02,1998-01-02,1,0
SA_40,bankrupt,2010-09-23,BLIAQ,Blockbuster Inc.,,,BLIAQ US Equity,2010-06-25,2005-06-25,2010-06-25,Consumer Discretionary,Retail - Discretionary,2005-12-31,2010-01-03,2005-06-30,2010-05-31,2005-06-30,2010-05-31,5,60
SA_41,bankrupt,2014-03-23,DOLNQ,Dolan Company,,,DOLNQ US Equity,2013-12-23,2008-12-23,2013-12-23,Technology,IT Services,2008-12-31,2012-12-31,2008-12-31,2013-11-29,2008-12-31,2013-11-29,5,60
SA_42,bankrupt,2024-10-07,VTNRQ,Vertex Energy Inc,,,VTNRQ US Equity,2024-07-09,2019-07-09,2024-07-09,Energy,Oil & Gas Supply Chain,2019-12-31,2023-12-31,2019-07-31,2024-06-28,2019-07-31,2024-06-28,5,60
SA_43,bankrupt,2025-03-28,LKCOF,Luokung Technology Corp,,,LKCOF US Equity,2024-12-28,2019-12-28,2024-12-28,Technology,Software,2019-12-31,2023-12-31,2019-12-31,2024-11-29,2019-12-31,2024-11-29,5,60
SA_44,bankrupt,2015-07-15,WLTGQ,"Walter Energy, Inc.",,,WLTGQ US Equity,2015-04-16,2010-04-16,2015-04-16,Materials,Metals & Mining,2010-12-31,2014-12-31,2010-04-30,2015-03-31,2010-04-30,2015-03-31,5,60
SA_45,bankrupt,2002-11-27,GENUQ,Genuity Inc.,,,GENUQ US Equity,2002-08-29,1997-08-29,2002-08-29,Technology,IT Services,1998-12-31,2001-12-31,2000-06-30,2002-07-31,1997-12-31,2002-07-31,4,26
SA_46,bankrupt,2018-05-18,REXXQ,Rex Energy Corporation,,,REXXQ US Equity,2018-02-17,2013-02-17,2018-02-17,Energy,Oil & Gas Supply Chain,2013-12-31,2017-12-31,2013-02-28,2018-01-31,2013-02-28,2018-01-31,5,60
SA_47,bankrupt,2003-10-23,RGIDQ,"Rouge Industries, Inc.",,,RGIDQ US Equity,2003-07-25,1998-07-25,2003-07-25,Materials,Steel,1998-12-31,2002-12-31,1998-07-31,2003-06-30,1998-07-31,2003-06-30,5,60
SA_48,bankrupt,2024-09-18,BGXXQ,Bright Green Corp,,,BGXXQ US Equity,2024-06-20,2019-06-20,2024-06-20,Consumer Staples,Tobacco & Cannabis,2020-12-31,2023-12-31,2022-05-31,2024-05-31,2020-12-31,2024-05-31,4,25
SA_49,bankrupt,2007-03-21,HKFIQ,"Hancock Fabrics, Inc.",,,HKFIQ US Equity,2006-12-21,2001-12-21,2006-12-21,Consumer Discretionary,Retail - Discretionary,2002-02-03,2006-01-28,2001-12-31,2006-11-30,2001-12-31,2006-11-30,5,60
SA_5,bankrupt,2005-09-14,NWACQ,Northwest Airlines Corporation,,,NWACQ US Equity,2005-06-16,2000-06-16,2005-06-16,Industrials,Transportation & Logistics,2000-12-31,2004-12-31,2000-06-30,2005-05-31,2000-06-30,2005-05-31,5,60
SA_50,bankrupt,2019-05-10,CLDPQ,Cloud Peak Energy Inc.,,,CLDPQ US Equity,2019-02-09,2014-02-09,2019-02-09,Materials,Metals & Mining,2014-12-31,2018-12-31,2014-02-28,2019-01-31,2014-02-28,2019-01-31,5,60
SA_51,bankrupt,2000-10-05,OWENQ,Owens Corning,,,OWENQ US Equity,2000-07-07,1995-07-07,2000-07-07,Materials,Construction Materials,1995-12-31,1999-12-31,1995-07-31,2000-06-30,1995-07-31,2000-06-30,5,60
SA_52,bankrupt,1999-09-16,TRSM,"Trism, Inc.",,,2471671D US Equity,1999-06-18,1994-06-18,1999-06-18,Industrials,Transportation & Logistics,1994-12-31,1998-12-31,,,1994-12-31,1998-12-31,5,0
SA_54,bankrupt,2021-08-31,SQBGQ,"Sequential Brands Group, Inc.",,,SQBGQ US Equity,2021-06-02,2016-06-02,2021-06-02,Consumer Discretionary,Apparel & Textile Products,2016-12-31,2020-12-31,2016-06-30,2021-05-31,2016-06-30,2021-05-31,5,60
SA_55,bankrupt,2016-04-21,SUNEQ,"SunEdison, Inc.",,,SUNEQ US Equity,2016-01-22,2011-01-22,2016-01-22,Energy,Renewable Energy,2011-12-31,2014-12-31,2011-01-31,2015-12-31,2011-01-31,2015-12-31,4,60
SA_56,bankrupt,2020-05-19,HOSSQ,"Hornbeck Offshore Services, Inc.",,,HOS US Equity,2020-02-19,2015-02-19,2020-02-19,Energy,Oil & Gas Services & Equip,2015-12-31,2019-12-31,2015-02-27,2020-01-31,2015-02-27,2020-01-31,5,60
SA_57,bankrupt,2011-02-11,HAWKQ,"Seahawk Drilling, Inc.",,,HAWKQ US Equity,2010-11-13,2005-11-13,2010-11-13,Energy,Oil & Gas Services & Equip,2009-12-31,2009-12-31,2009-08-31,2010-10-29,2009-08-31,2010-10-29,1,15
SA_58,bankrupt,2002-12-20,SVSSF,"Seven Seas Petroleum, Inc.",,,SVSSF US Equity,2002-09-21,1997-09-21,2002-09-21,Energy,Oil & Gas Supply Chain,1997-12-31,2001-12-31,1997-09-30,2002-08-30,1997-09-30,2002-08-30,5,60
SA_59,bankrupt,2000-01-18,MPN,"Mariner Post-Acute Network, Inc.",,,MPANQ US Equity,1999-10-20,1994-10-20,1999-10-20,Health Care,Health Care Facilities & Svcs,1995-09-30,1999-09-30,1997-11-28,1999-09-30,1995-09-30,1999-09-30,5,23
SA_6,bankrupt,2015-03-17,KWKAQ,Quicksilver Resources Inc.,,,KWKAQ US Equity,2014-12-17,2009-12-17,2014-12-17,Energy,Oil & Gas Supply Chain,2009-12-31,2013-12-31,2009-12-31,2014-11-28,2009-12-31,2014-11-28,5,60
SA_60,bankrupt,2024-09-18,SMFL,Smart For Life Inc,,,SMFL US Equity,2024-06-20,2019-06-20,2024-06-20,Consumer Staples,Food,2019-12-31,2023-12-31,2022-02-28,2024-05-31,2019-12-31,2024-05-31,5,28
SA_61,bankrupt,2025-08-28,MODVQ,Modivcare Inc,,,MODVQ US Equity,2025-05-30,2020-05-30,2025-05-30,Health Care,Health Care Facilities & Svcs,2020-12-31,2024-12-31,2020-06-30,2025-04-30,2020-06-30,2025-04-30,5,59
SA_62,bankrupt,2017-12-19,RTKHQ,"Rentech, Inc.",,,RTKHQ US Equity,2017-09-20,2012-09-20,2017-09-20,Materials,"Forestry, Paper & Wood Products",2012-12-31,2016-12-31,2012-09-28,2017-08-31,2012-09-28,2017-08-31,5,60
SA_63,bankrupt,2026-06-24,ADTX,Aditxt Inc,,,ADTX US Equity,2026-03-26,2021-03-26,2026-03-26,Health Care,Medical Equipment & Devices,2021-12-31,2024-12-31,2021-03-31,2026-02-27,2021-03-31,2026-02-27,4,60
SA_64,bankrupt,2012-02-14,ENERQ,"Energy Conversion Devices, Inc.",,,ENERQ US Equity,2011-11-16,2006-11-16,2011-11-16,Energy,Renewable Energy,2007-06-30,2011-06-30,2006-11-30,2011-10-31,2006-11-30,2011-10-31,5,60
SA_65,bankrupt,2012-11-14,OSGIQ,"Overseas Shipholding Group, Inc.",,,OSGIQ US Equity,2012-08-16,2007-08-16,2012-08-16,Industrials,Transportation & Logistics,2007-12-31,2011-12-31,2007-08-31,2012-07-31,2007-08-31,2012-07-31,5,60
SA_66,bankrupt,2025-03-04,CRKN,Crown Electrokinetics Corp,,,CRKN US Equity,2024-12-04,2019-12-04,2024-12-04,Materials,Construction Materials,2020-03-31,2023-12-31,2020-06-30,2024-11-29,2020-03-31,2024-11-29,4,54
SA_67,bankrupt,2024-12-12,TFFP,Tff Pharmaceuticals Inc,,,TFFP US Equity,2024-09-13,2019-09-13,2024-09-13,Health Care,Biotech & Pharma,2019-12-31,2023-12-31,2019-10-31,2024-08-30,2019-10-31,2024-08-30,5,59
SA_68,bankrupt,2003-09-14,NTHWQ,NorthWestern Corporation,,,NTHWQ US Equity,2003-06-16,1998-06-16,2003-06-16,Utilities,Electric Utilities,1998-12-31,2002-12-31,1998-06-30,2003-05-30,1998-06-30,2003-05-30,5,60
SA_69,bankrupt,2019-03-14,PHIIQ,"PHI, Inc.",,,PHIIQ US Equity,2018-12-14,2013-12-14,2018-12-14,Energy,Oil & Gas Services & Equip,2013-12-31,2017-12-31,2013-12-31,2018-11-30,2013-12-31,2018-11-30,5,60
SA_7,bankrupt,2009-04-20,ASYTQ,"Asyst Technologies, Inc.",,,ASYTQ US Equity,2009-01-20,2004-01-20,2009-01-20,Technology,Semiconductors,2004-03-27,2008-03-31,2004-01-30,2008-12-31,2004-01-30,2008-12-31,5,60
SA_70,bankrupt,2004-10-20,HUFCQ,Huffy Corp.,,,HUFCQ US Equity,2004-07-22,1999-07-22,2004-07-22,Consumer Discretionary,Leisure Products,1999-12-31,2003-12-31,1999-07-30,2004-06-30,1999-07-30,2004-06-30,5,60
SA_71,bankrupt,2006-12-11,GBTVQ,Granite Broadcasting Corporation,,,GBTVQ US Equity,2006-09-12,2001-09-12,2006-09-12,Communications,Publishing & Broadcasting,2001-12-31,2005-12-31,2001-09-28,2006-08-31,2001-09-28,2006-08-31,5,60
SA_72,bankrupt,2013-01-28,SCHSQ,"School Specialty, Inc.",,,SCHSQ US Equity,2012-10-30,2007-10-30,2012-10-30,Consumer Discretionary,Wholesale - Discretionary,2008-04-26,2012-04-28,2007-10-31,2012-09-28,2007-10-31,2012-09-28,5,60
SA_73,bankrupt,2024-10-03,EVVAQ,Enviva Inc,,,EVVAQ US Equity,2024-07-05,2019-07-05,2024-07-05,Energy,Renewable Energy,2019-12-31,2023-12-31,2019-07-31,2024-06-28,2019-07-31,2024-06-28,5,60
SA_74,bankrupt,2013-01-28,PWAVQ,"Powerwave Technologies, Inc.",,,PWAVQ US Equity,2012-10-30,2007-10-30,2012-10-30,Technology,Technology Hardware,2007-12-30,2012-01-01,2007-10-31,2012-09-28,2007-10-31,2012-09-28,5,60
SA_75,bankrupt,1999-12-03,TLTXQ,Tultex Corporation,,,TLTXQ US Equity,1999-09-04,1994-09-04,1999-09-04,Consumer Discretionary,Apparel & Textile Products,1994-12-31,1998-12-31,1994-09-30,1999-08-31,1994-09-30,1999-08-31,5,60
SA_76,bankrupt,2015-02-05,RSHCQ,RadioShack Corporation,,,RSHCQ US Equity,2014-11-07,2009-11-07,2014-11-07,Consumer Discretionary,Retail - Discretionary,2009-12-31,2013-12-31,2009-11-30,2014-10-31,2009-11-30,2014-10-31,5,60
SA_77,bankrupt,2002-02-20,KELLQ,"Kellstrom Industries, Inc.",,,KELLQ US Equity,2001-11-22,1996-11-22,2001-11-22,Industrials,Aerospace & Defense,1996-12-31,2000-12-31,1996-11-29,2001-10-31,1996-11-29,2001-10-31,5,60
SA_78,bankrupt,2009-09-15,TPUTQ,Barzel Industries Inc.,,,TPUTQ US Equity,2009-06-17,2004-06-17,2009-06-17,Materials,Steel,2008-11-29,2008-11-29,2007-04-30,2009-05-29,2007-04-30,2009-05-29,1,26
SA_79,bankrupt,2005-11-07,FLYIQ,"FLYi, Inc.",,,FLYIQ US Equity,2005-08-09,2000-08-09,2005-08-09,Industrials,Transportation & Logistics,2000-12-31,2004-12-31,2000-08-31,2005-07-29,2000-08-31,2005-07-29,5,60
SA_8,bankrupt,2020-06-23,GNCIQ,"GNC Holdings, Inc.",,,GNCIQ US Equity,2020-03-25,2015-03-25,2020-03-25,Consumer Discretionary,Retail - Discretionary,2015-12-31,2019-12-31,2015-03-31,2020-02-28,2015-03-31,2020-02-28,5,60
SA_80,bankrupt,1999-03-15,SME,"Service Merchandise Company, Inc.",,,SVCDQ US Equity,1998-12-15,1993-12-15,1998-12-15,Consumer Discretionary,Retail - Discretionary,1994-01-01,1997-12-31,1993-12-31,1998-11-30,1993-12-31,1998-11-30,4,60
SA_81,bankrupt,2016-09-16,ESINQ,"ITT Educational Services, Inc.",,,ESINQ US Equity,2016-06-18,2011-06-18,2016-06-18,Consumer Discretionary,Consumer Services,2011-12-31,2015-12-31,2011-06-30,2016-05-31,2011-06-30,2016-05-31,5,60
SA_82,bankrupt,2015-07-15,SOGCQ,Sabine Oil & Gas Corporation,,,SOGCQ US Equity,2015-04-16,2010-04-16,2015-04-16,Energy,Oil & Gas Supply Chain,2010-12-31,2014-12-31,2010-04-30,2015-03-31,2010-04-30,2015-03-31,5,60
SA_83,bankrupt,2017-01-30,AZURQ,"Azure Midstream Partners, LP",,,0862978D US Equity,2016-11-01,2011-11-01,2016-11-01,Energy,Oil & Gas Supply Chain,2011-12-31,2015-12-31,,,2011-12-31,2016-10-31,5,0
SA_84,bankrupt,2001-12-14,STGCQ,Startec Global Communications Corporation,,,STGCQ US Equity,2001-09-15,1996-09-15,2001-09-15,Communications,Telecommunications,1996-12-31,2000-12-31,1997-10-31,2001-08-31,1996-12-31,2001-08-31,5,47
SA_85,bankrupt,2025-10-24,FPAYQ,Flexshopper Inc,,,FPAYQ US Equity,2025-07-26,2020-07-26,2025-07-26,Consumer Discretionary,E-Commerce Discretionary,2020-12-31,2023-12-31,2020-07-31,2025-06-30,2020-07-31,2025-06-30,4,60
SA_88,bankrupt,2005-05-17,CKCRQ,Collins & Aikman Corporation,,,CKCRQ US Equity,2005-02-16,2000-02-16,2005-02-16,Consumer Discretionary,Automotive,2000-12-31,2003-12-31,2000-02-29,2005-01-31,2000-02-29,2005-01-31,4,60
SA_9,bankrupt,2000-08-08,CRHEQ,Coram Healthcare Corp.,,,CRHEQ US Equity,2000-05-10,1995-05-10,2000-05-10,Health Care,Health Care Facilities & Svcs,1995-12-31,1999-12-31,1995-05-31,2000-04-28,1995-05-31,2000-04-28,5,60
SA_90,bankrupt,2000-12-29,PGEXQ,"Pacific Gateway Exchange, Inc.",,,PGEXQ US Equity,2000-09-30,1995-09-30,2000-09-30,Communications,Telecommunications,1995-12-31,1999-12-31,1996-07-31,2000-09-29,1995-12-31,2000-09-29,5,51
SA_91,bankrupt,2025-10-28,AMBIQ,Ambipar Emergency Response,,,AMBIQ US Equity,2025-07-30,2020-07-30,2025-07-30,Industrials,Commercial Support Services,2020-12-31,2021-12-31,2020-09-30,2025-06-30,2020-09-30,2025-06-30,2,58
SA_93,bankrupt,2007-11-19,PTBTQ,"Pope & Talbot, Inc.",,,PTBTQ US Equity,2007-08-21,2002-08-21,2007-08-21,Materials,"Forestry, Paper & Wood Products",2002-12-31,2006-12-31,2002-08-30,2007-07-31,2002-08-30,2007-07-31,5,60
SA_95,bankrupt,2020-07-12,HCRSQ,Hi-Crush Inc.,,,HCRSQ US Equity,2020-04-13,2015-04-13,2020-04-13,Energy,Oil & Gas Services & Equip,2015-12-31,2019-12-31,2015-04-30,2020-03-31,2015-04-30,2020-03-31,5,60
SA_98,bankrupt,2026-04-24,QVCAQ,Qvc Group Inc,,,QVCG US Equity,2026-01-24,2021-01-24,2026-01-24,Consumer Discretionary,Retail - Discretionary,2021-12-31,2025-12-31,,,2021-01-29,2025-12-31,5,0
SA_99,bankrupt,2002-02-15,VRDOQ,"Verado Holdings, Inc.",,,VRDOQ US Equity,2001-11-17,1996-11-17,2001-11-17,Technology,IT Services,1999-12-31,2000-12-31,2000-03-31,2001-10-31,1997-09-30,2001-10-31,2,20
