company_id,prediction_date,matched_pair_links,target,event_type,prediction_year,outcome_end_date,outcome_complete,company_type,ticker,name,bloomberg_identifier,bloomberg_sector,bloomberg_industry,event_id,financial_cutoff_date,financial_reference_date,accounts_receivable,capital_expenditures,cash_short_term_investments,current_assets,current_liabilities,depreciation_amortization,ebit,ebitda,free_cash_flow,interest_expense,inventory,long_term_debt,net_income,operating_cash_flow,revenue,shareholders_equity,short_term_debt,total_assets,total_debt,total_liabilities,working_capital,financial_field_count,financial_age_days,days_between_prediction_and_financial_statement,adjusted_price,market_adjusted_price_reference_date,market_adjusted_price_days_before_prediction,market_cap,market_market_cap_reference_date,market_market_cap_days_before_prediction,shares_outstanding,market_shares_outstanding_reference_date,market_shares_outstanding_days_before_prediction,turnover,market_turnover_reference_date,market_turnover_days_before_prediction,volume,market_volume_reference_date,market_volume_days_before_prediction,market_reference_date,market_age_days,market_field_count,days_between_prediction_and_market_data,market_monthly_price_00,market_monthly_price_date_00,market_monthly_price_01,market_monthly_price_date_01,market_monthly_price_02,market_monthly_price_date_02,market_monthly_price_03,market_monthly_price_date_03,market_monthly_price_04,market_monthly_price_date_04,market_monthly_price_05,market_monthly_price_date_05,market_monthly_price_06,market_monthly_price_date_06,market_monthly_price_07,market_monthly_price_date_07,market_monthly_price_08,market_monthly_price_date_08,market_monthly_price_09,market_monthly_price_date_09,market_monthly_price_10,market_monthly_price_date_10,market_monthly_price_11,market_monthly_price_date_11,market_monthly_price_12,market_monthly_price_date_12,market_history_months_before,market_history_months_used,market_history_contiguous,market_history_recent,market_history_eligible,market_history_start_date,market_history_end_date,macro_reference_date,macro_age_days,macro_field_count
NB_2249,1998-06-18,1,0,nonbankruptcy_candidate,1998,1999-06-18,True,nonbankrupt,RAVE,Rave Restaurant Group Inc. Common Stock,RAVE US Equity,Consumer Discretionary,Leisure Facilities & Services,NB_2249@1998-06-18,1998-03-20,1997-06-29,7.304,-0.628,2.037,12.312,4.514,,7.402,8.109,4.797,0.662,2.224,7.789,4.528,5.425,69.003,,0.115,24.31,7.904,13.089,7.798,19,354,354,5.6875,1998-05-29,20,72.4815,1998-05-29,20,12.744,1998-05-29,20,7199746.0,1998-05-29,20,1235600.0,1998-05-29,20,1998-05-29,20,5,20,5.6875,1998-05-29,5.6875,1998-04-30,5.4063,1998-03-31,5.3125,1998-02-27,5.5,1998-01-30,5.625,1997-12-31,5.3125,1997-11-28,5.75,1997-10-31,4.875,1997-09-30,4.25,1997-08-29,4.125,1997-07-31,4.0,1997-06-30,3.375,1997-05-30,58,13,True,True,True,1997-05-30,1998-05-29,1998-06-18,0,8
NB_904,1998-06-18,1,0,nonbankruptcy_candidate,1998,1999-06-18,True,nonbankrupt,ELA,Envela Corporation Common Stock,ELA US Equity,Consumer Discretionary,Retail - Discretionary,NB_904@1998-06-18,1998-03-20,1997-12-31,0.134,-0.081,1.258,4.359,1.967,0.092,0.515,0.607,1.1,0.23,1.034,1.567,1.115,1.181,12.927,,0.759,6.775,2.326,3.763,2.392,20,169,169,2.75,1998-05-29,20,11.4153,1998-05-29,20,4.151,1998-05-29,20,46706.25,1998-05-29,20,18400.0,1998-05-29,20,1998-05-29,20,5,20,2.75,1998-05-29,2.625,1998-04-30,2.5,1998-03-31,2.75,1998-02-27,2.8125,1998-01-30,2.75,1997-12-31,2.25,1997-11-28,2.5,1997-10-31,2.0,1997-09-30,1.9375,1997-08-29,2.125,1997-07-31,1.75,1997-06-30,1.625,1997-05-30,60,13,True,True,True,1997-05-30,1998-05-29,1998-06-18,0,8
SA_222,1998-06-18,2,1,bankruptcy,1998,1999-06-18,True,bankrupt,SNTVQ,"Sun Television and Appliances, Inc.",SNTVQ US Equity,Consumer Discretionary,Retail - Discretionary,SA_222@1998-06-18,1998-03-20,1998-02-28,18.186,-9.014,0.0,123.444,58.364,10.097,-26.331,-16.234,-43.783,5.598,92.053,72.866,-33.551,-34.769,508.065,,0.0,222.355,72.866,147.214,65.08,20,110,110,2.0,1998-05-29,20,34.878,1998-05-29,20,17.439,1998-05-29,20,1224128.0,1998-05-29,20,525500.0,1998-05-29,20,1998-05-29,20,5,20,2.0,1998-05-29,2.5313,1998-04-30,2.4375,1998-03-31,2.3125,1998-02-27,1.7188,1998-01-30,2.0,1997-12-31,2.3438,1997-11-28,2.75,1997-10-31,2.9375,1997-09-30,2.4688,1997-08-29,2.0313,1997-07-31,1.9688,1997-06-30,2.0,1997-05-30,60,13,True,True,True,1997-05-30,1998-05-29,1998-06-18,0,8
NB_2102,1998-07-07,1,0,nonbankruptcy_candidate,1998,1999-07-07,True,nonbankrupt,PENN,PENN Entertainment Inc. Common Stock,PENN US Equity,Consumer Discretionary,Leisure Facilities & Services,NB_2102@1998-07-07,1998-04-08,1997-12-31,2.257,-29.196,21.854,29.024,13.798,3.193,12.172,16.212,-18.518,4.591,0.0,80.132,2.287,10.678,111.536,,0.204,158.878,80.336,105.022,15.226,20,188,188,0.4274,1998-06-30,7,114.6173,1998-06-30,7,60.624,1998-06-30,7,15870940.0,1998-06-30,7,8039600.0,1998-06-30,7,1998-06-30,7,5,7,0.4274,1998-06-30,0.5015,1998-05-29,0.6004,1998-04-30,0.6252,1998-03-31,0.5686,1998-02-27,0.5863,1998-01-30,0.551,1997-12-31,0.6499,1997-11-28,0.9077,1997-10-31,1.0525,1997-09-30,1.0031,1997-08-29,0.9183,1997-07-31,0.8406,1997-06-30,50,13,True,True,True,1997-06-30,1998-06-30,1998-07-07,0,8
NB_688,1998-07-07,1,0,nonbankruptcy_candidate,1998,1999-07-07,True,nonbankrupt,CRMT,America's Car-Mart Inc Common Stock,CRMT US Equity,Consumer Discretionary,Retail - Discretionary,NB_688@1998-07-07,1998-04-08,1997-04-30,0.346,-1.076,21.118,36.651,2.124,,-4.721,-4.553,-2.359,0.069,0.0,0.0,8.86,-1.283,0.0,,0.0,38.237,0.0,2.524,34.527,19,433,433,2.4792,1998-06-30,7,35.5847,1998-06-30,7,14.3535,1998-06-30,7,5379425.0,1998-06-30,7,1811700.0,1998-06-30,7,1998-06-30,7,5,7,2.4792,1998-06-30,2.9583,1998-05-29,2.8333,1998-04-30,2.0208,1998-03-31,2.0104,1998-02-27,2.0833,1998-01-30,2.0417,1997-12-31,2.1667,1997-11-28,2.0833,1997-10-31,2.2917,1997-09-30,1.875,1997-08-29,1.6771,1997-07-31,1.5833,1997-06-30,61,13,True,True,True,1997-06-30,1998-06-30,1998-07-07,0,8
NB_872,1998-07-07,1,0,nonbankruptcy_candidate,1998,1999-07-07,True,nonbankrupt,DXLG,Destination XL Group Inc. Common Stock,DXLG US Equity,Consumer Discretionary,Retail - Discretionary,NB_872@1998-07-07,1998-04-08,1998-01-31,0.115,-7.762,1.473,71.432,29.328,11.234,-38.533,-27.299,-14.791,0.851,54.972,0.0,-29.063,-7.029,265.726,,9.828,116.399,9.828,29.328,42.104,20,157,157,1.5625,1998-06-30,7,24.5922,1998-06-30,7,15.739,1998-06-30,7,1616739.0,1998-06-30,7,982600.0,1998-06-30,7,1998-06-30,7,5,7,1.5625,1998-06-30,1.5,1998-05-29,2.125,1998-04-30,2.0,1998-03-31,2.2188,1998-02-27,2.1875,1998-01-30,3.0,1997-12-31,3.375,1997-11-28,4.375,1997-10-31,4.75,1997-09-30,4.1875,1997-08-29,5.0,1997-07-31,4.875,1997-06-30,61,13,True,True,True,1997-06-30,1998-06-30,1998-07-07,0,8
SA_187,1998-07-07,2,1,bankruptcy,1998,1999-07-07,True,bankrupt,BOST,"Boston Chicken, Inc.",BCHXQ US Equity,Consumer Discretionary,Leisure Facilities & Services,SA_187@1998-07-07,1998-04-08,1997-12-31,13.894,-44.743,90.559,124.374,132.531,,-34.326,11.57,13.446,38.209,16.132,763.462,-223.892,58.189,462.368,,0.0,2005.127,763.462,948.822,-8.157,19,188,188,1.5938,1998-06-30,7,113.8957,1998-06-30,7,71.464,1998-06-30,7,101777600.0,1998-06-30,7,54751900.0,1998-06-30,7,1998-06-30,7,5,7,1.5938,1998-06-30,2.0313,1998-05-29,4.2813,1998-04-30,5.0313,1998-03-31,6.9375,1998-02-27,6.125,1998-01-30,6.4375,1997-12-31,8.0313,1997-11-28,8.9375,1997-10-31,14.75,1997-09-30,12.3125,1997-08-29,13.0625,1997-07-31,14.0,1997-06-30,56,13,True,True,True,1997-06-30,1998-06-30,1998-07-07,0,8
NB_1547,1998-09-28,1,0,nonbankruptcy_candidate,1998,1999-09-28,True,nonbankrupt,LAD,Lithia Motors Inc. Common Stock,LAD US Equity,Consumer Discretionary,Retail - Discretionary,NB_1547@1998-09-28,1998-06-30,1997-12-31,8.82,-8.801,18.454,119.887,96.017,1.169,11.638,14.121,11.007,3.004,89.845,26.558,5.959,19.808,319.795,,85.385,166.526,111.943,128.649,23.87,20,271,271,11.0,1998-08-31,28,112.1089,1998-08-31,28,6.08172,1998-08-31,28,6071522.0,1998-08-31,28,395800.0,1998-08-31,28,1998-08-31,28,5,28,11.0,1998-08-31,17.0,1998-07-31,14.75,1998-06-30,14.0,1998-05-29,15.0,1998-04-30,16.75,1998-03-31,16.0,1998-02-27,14.25,1998-01-30,14.75,1997-12-31,16.0,1997-11-28,17.375,1997-10-31,13.875,1997-09-30,11.75,1997-08-29,21,13,True,True,True,1997-08-29,1998-08-31,1998-09-28,0,8
SA_135,1998-09-28,2,1,bankruptcy,1998,1999-09-28,True,bankrupt,JSIBQ,"JumboSports, Inc.",JSIBQ US Equity,Consumer Discretionary,Retail - Discretionary,SA_135@1998-09-28,1998-06-30,1998-01-30,4.654,-11.164,0.345,274.222,78.253,9.84,-37.364,-27.524,-45.661,30.395,185.047,335.557,-111.297,-34.497,528.634,,1.008,466.549,336.565,418.051,195.969,20,241,241,0.6875,1998-08-31,28,14.0181,1998-08-31,28,20.39,1998-08-31,28,790262.5,1998-08-31,28,881600.0,1998-08-31,28,1998-08-31,28,5,28,0.6875,1998-08-31,1.0625,1998-07-31,1.125,1998-06-30,1.3125,1998-05-29,1.5625,1998-04-30,1.625,1998-03-31,1.75,1998-02-27,1.75,1998-01-30,1.4375,1997-12-31,2.875,1997-11-28,3.0,1997-10-31,3.5,1997-09-30,3.5,1997-08-29,60,13,True,True,True,1997-08-29,1998-08-31,1998-09-28,0,8
NB_1617,1998-11-13,1,0,nonbankruptcy_candidate,1998,1999-11-13,True,nonbankrupt,LOGI,Logitech International S.A. Ordinary Shares,LOGI US Equity,Technology,Technology Hardware,NB_1617@1998-11-13,1998-08-15,1998-03-31,62.9154,-13.0156,72.281,182.6379,78.2438,13.382,16.3154,29.6974,30.4665,0.5301,32.3742,3.027,15.4593,43.4821,390.3087,,5.9908,214.4191,9.0178,81.8592,104.3941,20,227,227,1.25,1998-10-30,14,,,,,,,1298456.0,1998-10-30,14,1136800.0,1998-10-30,14,1998-10-30,14,3,14,1.25,1998-10-30,1.1563,1998-09-30,1.4063,1998-08-31,1.6563,1998-07-31,1.7031,1998-06-30,1.8281,1998-05-29,1.7969,1998-04-30,1.9844,1998-03-31,1.9375,1998-02-27,1.9531,1998-01-30,1.875,1997-12-31,2.125,1997-11-28,2.0469,1997-10-31,20,13,True,True,True,1997-10-31,1998-10-30,1998-11-13,0,8
NB_2446,1998-11-13,1,0,nonbankruptcy_candidate,1998,1999-11-13,True,nonbankrupt,SHOE,Shoe Station Group Inc. Common Stock,SHOE US Equity,Consumer Discretionary,Retail - Discretionary,NB_2446@1998-11-13,1998-08-15,1998-01-31,0.781,-7.493,1.571,64.232,15.343,,13.129,18.883,3.122,0.912,60.091,6.133,7.391,10.615,246.52,71.609,1.458,96.201,7.591,24.592,48.889,20,286,286,3.0833,1998-10-30,14,121.8132,1998-10-30,14,39.507,1998-10-30,14,3884606.0,1998-10-30,14,1355400.0,1998-10-30,14,1998-10-30,14,5,14,3.0833,1998-10-30,3.0833,1998-09-30,2.8333,1998-08-31,3.5417,1998-07-31,4.625,1998-06-30,4.6667,1998-05-29,3.7917,1998-04-30,3.5833,1998-03-31,3.5417,1998-02-27,2.7917,1998-01-30,2.7083,1997-12-31,3.0,1997-11-28,2.625,1997-10-31,65,13,True,True,True,1997-10-31,1998-10-30,1998-11-13,0,8
NB_872,1998-11-13,1,0,nonbankruptcy_candidate,1998,1999-11-13,True,nonbankrupt,DXLG,Destination XL Group Inc. Common Stock,DXLG US Equity,Consumer Discretionary,Retail - Discretionary,NB_872@1998-11-13,1998-08-15,1998-01-31,0.115,-7.762,1.473,71.432,29.328,11.234,-38.533,-27.299,-14.791,0.851,54.972,0.0,-29.063,-7.029,265.726,,9.828,116.399,9.828,29.328,42.104,20,286,286,1.0,1998-10-30,14,15.864,1998-10-30,14,15.864,1998-10-30,14,630900.0,1998-10-30,14,851400.0,1998-10-30,14,1998-10-30,14,5,14,1.0,1998-10-30,0.6875,1998-09-30,1.1875,1998-08-31,1.125,1998-07-31,1.5625,1998-06-30,1.5,1998-05-29,2.125,1998-04-30,2.0,1998-03-31,2.2188,1998-02-27,2.1875,1998-01-30,3.0,1997-12-31,3.375,1997-11-28,4.375,1997-10-31,65,13,True,True,True,1997-10-31,1998-10-30,1998-11-13,0,8
SA_26,1998-11-13,2,1,bankruptcy,1998,1999-11-13,True,bankrupt,WIRL,"Wireless One, Inc.",WIRLQ US Equity,Technology,Technology Hardware,SA_26@1998-11-13,1998-08-15,1997-12-31,2.072,-58.131,15.528,38.724,13.844,30.668,-52.877,-17.136,-96.542,41.829,0.0,317.529,-89.14,-38.411,34.58,,0.871,317.587,318.4,336.573,24.88,20,317,317,0.2813,1998-10-30,14,4.7559,1998-10-30,14,16.91,1998-10-30,14,263000.0,1998-10-30,14,605000.0,1998-10-30,14,1998-10-30,14,5,14,0.2813,1998-10-30,0.625,1998-09-30,0.6875,1998-08-31,0.9063,1998-07-31,1.1563,1998-06-30,1.3125,1998-05-29,1.625,1998-04-30,0.9688,1998-03-31,1.25,1998-02-27,1.875,1998-01-30,2.0,1997-12-31,2.6875,1997-11-28,3.375,1997-10-31,37,13,True,True,True,1997-10-31,1998-10-30,1998-11-13,0,8
NB_2394,1998-12-15,1,0,nonbankruptcy_candidate,1998,1999-12-15,True,nonbankrupt,SCKT,Socket Mobile Inc. Common Stock,SCKT US Equity,Technology,Technology Hardware,NB_2394@1998-12-15,1998-09-16,1997-12-31,0.856,-0.183,0.277,1.38,4.954,0.108,-3.392,-3.12,-2.357,0.165,0.195,0.041,-3.555,-2.174,4.779,,2.536,1.77,2.577,4.995,-3.574,20,349,349,6.25,1998-11-30,15,4.5725,1998-11-30,15,0.7316,1998-11-30,15,181893.8,1998-11-30,15,28290.0,1998-11-30,15,1998-11-30,15,5,15,6.25,1998-11-30,4.375,1998-10-30,5.625,1998-09-30,7.1875,1998-08-31,10.0,1998-07-31,7.1875,1998-06-30,8.125,1998-05-29,9.375,1998-04-30,11.25,1998-03-31,7.1875,1998-02-27,7.5,1998-01-30,3.5938,1997-12-31,6.5625,1997-11-28,42,13,True,True,True,1997-11-28,1998-11-30,1998-12-15,0,8
SA_80,1998-12-15,2,1,bankruptcy,1998,1999-12-15,True,bankrupt,SME,"Service Merchandise Company, Inc.",SVCDQ US Equity,Consumer Discretionary,Retail - Discretionary,SA_80@1998-12-15,1998-09-16,1997-12-31,43.13,-40.838,364.169,1384.871,798.37,62.345,63.138,125.463,-62.271,78.531,929.818,761.522,-91.6,-21.433,3662.7781,,32.175,1951.4611,793.697,1614.956,586.501,20,349,349,1.1875,1998-11-30,15,119.1728,1998-11-30,15,100.356,1998-11-30,15,13605930.0,1998-11-30,15,10752500.0,1998-11-30,15,1998-11-30,15,5,15,1.1875,1998-11-30,1.4375,1998-10-30,1.5,1998-09-30,1.5625,1998-08-31,1.625,1998-07-31,1.5625,1998-06-30,2.125,1998-05-29,2.125,1998-04-30,2.0,1998-03-31,2.3125,1998-02-27,1.9375,1998-01-30,2.125,1997-12-31,3.375,1997-11-28,60,13,True,True,True,1997-11-28,1998-11-30,1998-12-15,0,8
NB_1503,1999-06-05,1,0,nonbankruptcy_candidate,1999,2000-06-05,True,nonbankrupt,KMX,CarMax Inc,KMX US Equity,Consumer Discretionary,Retail - Discretionary,NB_1503@1999-06-05,1999-03-07,1999-02-28,97.364,-138.2969,17.679,341.123,81.923,10.003,-32.156,-22.153,-220.2879,6.393,225.46,139.72,-23.514,-81.991,1466.298,,5.855,571.198,145.575,230.783,259.2,20,97,97,2.5,1999-05-31,5,115.58,1999-05-31,5,46.232,1999-05-31,5,,,,2576600.0,1999-05-31,5,1999-05-31,5,4,5,2.5,1999-05-31,2.25,1999-04-30,1.9688,1999-03-31,2.25,1999-02-26,2.4375,1999-01-29,2.6875,1998-12-31,2.6875,1998-11-30,3.0625,1998-10-30,2.9375,1998-09-30,2.8438,1998-08-31,4.3125,1998-07-31,5.0938,1998-06-30,4.8438,1998-05-29,28,13,True,True,True,1998-05-29,1999-05-31,1999-06-04,1,8
NB_899,1999-06-05,1,0,nonbankruptcy_candidate,1999,2000-06-05,True,nonbankrupt,EGY,VAALCO Energy Inc. Common Stock,EGY US Equity,Energy,Oil & Gas Supply Chain,NB_899@1999-06-05,1999-03-07,1998-12-31,0.311,-1.413,6.671,12.916,6.608,0.01,-2.219,-2.209,-16.695,0.424,0.326,0.0,-1.76,-15.282,0.595,,0.0,34.164,0.0,9.825,6.308,20,156,156,0.375,1999-05-31,5,7.7813,1999-05-31,5,20.75,1999-05-31,5,34509.0,1999-05-31,5,70700.0,1999-05-31,5,1999-05-31,5,5,5,0.375,1999-05-31,0.5,1999-04-30,0.28,1999-03-31,0.375,1999-02-26,0.5313,1999-01-29,0.8906,1998-12-31,0.8125,1998-11-30,1.25,1998-10-30,1.375,1998-09-30,1.625,1998-08-31,2.0313,1998-07-31,3.0,1998-06-30,2.75,1998-05-29,72,13,True,True,True,1998-05-29,1999-05-31,1999-06-04,1,8
SA_134,1999-06-05,2,1,bankruptcy,1999,2000-06-05,True,bankrupt,COSE,"Costilla Energy, Inc.",COSEQ US Equity,Energy,Oil & Gas Supply Chain,SA_134@1999-06-05,1999-03-07,1998-12-31,10.22,-110.328,5.251,17.292,75.626,32.447,-21.517,10.93,-107.949,19.596,0.0,181.78,-100.273,2.379,62.785,,40.101,210.954,221.881,257.406,-58.334,20,156,156,0.3125,1999-05-31,5,4.0944,1999-05-31,5,13.102,1999-05-31,5,2961131.0,1999-05-31,5,7492800.0,1999-05-31,5,1999-05-31,5,5,5,0.3125,1999-05-31,0.4688,1999-04-30,2.375,1999-03-31,3.125,1999-02-26,3.5625,1999-01-29,4.0,1998-12-31,5.875,1998-11-30,7.0,1998-10-30,7.0625,1998-09-30,6.375,1998-08-31,8.625,1998-07-31,8.75,1998-06-30,10.75,1998-05-29,32,13,True,True,True,1998-05-29,1999-05-31,1999-06-04,1,8
NB_1548,1999-08-06,1,0,nonbankruptcy_candidate,1999,2000-08-06,True,nonbankrupt,LAKE,Lakeland Industries Inc. Common Stock,LAKE US Equity,Consumer Discretionary,Apparel & Textile Products,NB_1548@1999-08-06,1999-05-08,1999-01-31,6.743,-0.388,1.436,25.319,12.915,,3.923,4.458,-0.897,0.774,16.111,0.465,2.08,-0.509,54.655,,10.778,27.16,11.243,13.436,12.404,19,187,187,4.3969,1999-07-30,7,17.1302,1999-07-30,7,3.89597,1999-07-30,7,1609209.0,1999-07-30,7,405556.0,1999-07-30,7,1999-07-30,7,5,7,4.3969,1999-07-30,4.0981,1999-06-30,4.2688,1999-05-31,4.0981,1999-04-30,3.0736,1999-03-31,3.3297,1999-02-26,4.3542,1999-01-29,4.0981,1998-12-31,4.9518,1998-11-30,4.9092,1998-10-30,4.6103,1998-09-30,4.525,1998-08-31,6.7448,1998-07-31,74,13,True,True,True,1998-07-31,1999-07-30,1999-08-06,0,8
NB_518,1999-08-06,1,0,nonbankruptcy_candidate,1999,2000-08-06,True,nonbankrupt,CCEL,Cryo-Cell International Inc. Common Stock,CCEL US Equity,Health Care,Health Care Facilities & Svcs,NB_518@1999-08-06,1999-05-08,1998-11-30,0.047,-0.264,0.5,0.983,1.695,,-2.27,-2.106,-1.844,0.052,0.0,0.016,-2.251,-1.58,0.331,,1.11,4.079,1.126,1.811,-0.712,19,249,249,3.25,1999-07-30,7,28.0897,1999-07-30,7,8.643,1999-07-30,7,8554565.0,1999-07-30,7,2684900.0,1999-07-30,7,1999-07-30,7,5,7,3.25,1999-07-30,2.625,1999-06-30,2.0,1999-05-31,2.75,1999-04-30,1.5313,1999-03-31,2.5313,1999-02-26,2.375,1999-01-29,2.875,1998-12-31,3.0,1998-11-30,0.8125,1998-10-30,1.0,1998-09-30,1.125,1998-08-31,1.5,1998-07-31,64,13,True,True,True,1998-07-31,1999-07-30,1999-08-06,0,8
SA_145,1999-08-06,2,1,bankruptcy,1999,2000-08-06,True,bankrupt,FEET,"Just For Feet, Inc.",FEETQ US Equity,Consumer Discretionary,Retail - Discretionary,SA_145@1999-08-06,1999-05-08,1999-01-30,18.875,-78.984,12.412,449.49,132.692,16.129,49.946,66.075,-161.054,8.059,399.901,216.203,26.648,-82.07,774.863,,6.639,689.396,222.842,363.69,316.798,20,188,188,3.6563,1999-07-30,7,114.0933,1999-07-30,7,31.205,1999-07-30,7,72677240.0,1999-07-30,7,15288700.0,1999-07-30,7,1999-07-30,7,5,7,3.6563,1999-07-30,6.4375,1999-06-30,7.625,1999-05-31,12.625,1999-04-30,12.5,1999-03-31,10.2188,1999-02-26,15.0,1999-01-29,17.375,1998-12-31,22.625,1998-11-30,16.9375,1998-10-30,12.75,1998-09-30,14.1875,1998-08-31,23.125,1998-07-31,60,13,True,True,True,1998-07-31,1999-07-30,1999-08-06,0,8
NB_2813,1999-09-04,1,0,nonbankruptcy_candidate,1999,2000-09-04,True,nonbankrupt,USPH,U.S. Physical Therapy Inc. Common Stock,USPH US Equity,Health Care,Health Care Facilities & Svcs,NB_2813@1999-09-04,1999-06-06,1998-12-31,8.505,-2.357,6.328,15.63,2.623,2.071,5.527,7.598,2.672,0.73,0.0,8.126,1.596,5.029,44.023,,0.032,24.1,8.158,10.749,13.007,20,247,247,2.8542,1999-08-31,4,28.0473,1999-08-31,4,9.8268,1999-08-31,4,1779310.0,1999-08-31,4,630300.0,1999-08-31,4,1999-08-31,4,5,4,2.8542,1999-08-31,2.8854,1999-07-30,2.8333,1999-06-30,2.75,1999-05-31,2.9167,1999-04-30,2.5833,1999-03-31,2.6667,1999-02-26,2.8333,1999-01-29,3.0,1998-12-31,3.0833,1998-11-30,2.9583,1998-10-30,3.0833,1998-09-30,3.5417,1998-08-31,75,13,True,True,True,1998-08-31,1999-08-31,1999-09-03,1,8
NB_791,1999-09-04,1,0,nonbankruptcy_candidate,1999,2000-09-04,True,nonbankrupt,DECK,Deckers Outdoor Corporation Common Stock,DECK US Equity,Consumer Discretionary,Apparel & Textile Products,NB_791@1999-09-04,1999-06-06,1998-12-31,27.18,-1.916,0.263,59.309,17.174,1.276,-2.798,-0.16,-12.072,1.171,23.665,15.199,-2.907,-10.156,102.172,,6.236,84.373,21.435,32.373,42.135,20,247,247,0.1597,1999-08-31,4,25.9095,1999-08-31,4,162.216,1999-08-31,4,636609.4,1999-08-31,4,3616200.0,1999-08-31,4,1999-08-31,4,5,4,0.1597,1999-08-31,0.184,1999-07-30,0.1997,1999-06-30,0.191,1999-05-31,0.1424,1999-04-30,0.1389,1999-03-31,0.1632,1999-02-26,0.1337,1999-01-29,0.1215,1998-12-31,0.1181,1998-11-30,0.1528,1998-10-30,0.2778,1998-09-30,0.2813,1998-08-31,71,13,True,True,True,1998-08-31,1999-08-31,1999-09-03,1,8
SA_75,1999-09-04,2,1,bankruptcy,1999,2000-09-04,True,bankrupt,TLTXQ,Tultex Corporation,TLTXQ US Equity,Consumer Discretionary,Apparel & Textile Products,SA_75@1999-09-04,1999-06-06,1998-12-31,74.599,-10.079,5.769,272.415,36.263,19.618,-14.036,9.475,-51.91,29.108,176.818,259.405,-36.546,-41.831,468.703,,0.0,447.328,259.405,300.89,236.152,20,247,247,0.5,1999-08-31,4,17.338,1999-08-31,4,34.676,1999-08-31,4,1087925.0,1999-08-31,4,2049300.0,1999-08-31,4,1999-08-31,4,5,4,0.5,1999-08-31,0.625,1999-07-30,0.6875,1999-06-30,0.75,1999-05-31,0.6875,1999-04-30,0.625,1999-03-31,0.625,1999-02-26,0.75,1999-01-29,0.875,1998-12-31,1.0625,1998-11-30,1.3125,1998-10-30,1.75,1998-09-30,1.875,1998-08-31,60,13,True,True,True,1998-08-31,1999-08-31,1999-09-03,1,8
NB_2147,1999-10-20,1,0,nonbankruptcy_candidate,1999,2000-10-20,True,nonbankrupt,PNRG,PrimeEnergy Resources Corporation Common Stock,PNRG US Equity,Energy,Oil & Gas Supply Chain,NB_2147@1999-10-20,1999-07-22,1998-12-31,2.89,-7.36,1.167,8.537,8.43,3.038,-1.28,5.65,-0.514,1.337,0.0,16.505,-1.692,6.846,24.323,,0.0,28.611,16.505,24.992,0.107,20,293,293,4.9375,1999-09-30,20,21.883,1999-09-30,20,4.432,1999-09-30,20,148912.5,1999-09-30,20,29500.0,1999-09-30,20,1999-09-30,20,5,20,4.9375,1999-09-30,5.125,1999-08-31,5.125,1999-07-30,5.125,1999-06-30,5.25,1999-05-31,5.0,1999-04-30,4.75,1999-03-31,5.75,1999-02-26,6.875,1999-01-29,5.5,1998-12-31,6.625,1998-11-30,7.0,1998-10-30,6.375,1998-09-30,76,13,True,True,True,1998-09-30,1999-09-30,1999-10-20,0,8
NB_2446,1999-10-20,1,0,nonbankruptcy_candidate,1999,2000-10-20,True,nonbankrupt,SHOE,Shoe Station Group Inc. Common Stock,SHOE US Equity,Consumer Discretionary,Retail - Discretionary,NB_2446@1999-10-20,1999-07-22,1999-01-30,0.567,-14.061,1.944,79.905,32.237,,17.552,24.12,4.554,0.507,75.39,1.361,10.227,18.615,280.157,82.667,1.564,120.761,2.925,38.094,47.668,20,263,263,3.6875,1999-09-30,20,147.4189,1999-09-30,20,39.978,1999-09-30,20,9541654.0,1999-09-30,20,2647200.0,1999-09-30,20,1999-09-30,20,5,20,3.6875,1999-09-30,3.875,1999-08-31,4.4583,1999-07-30,5.6667,1999-06-30,5.4167,1999-05-31,5.0417,1999-04-30,4.1667,1999-03-31,3.5833,1999-02-26,3.1458,1999-01-29,3.7083,1998-12-31,3.3333,1998-11-30,3.0833,1998-10-30,3.0833,1998-09-30,76,13,True,True,True,1998-09-30,1999-09-30,1999-10-20,0,8
SA_59,1999-10-20,2,1,bankruptcy,1999,2000-10-20,True,bankrupt,MPN,"Mariner Post-Acute Network, Inc.",MPANQ US Equity,Health Care,Health Care Facilities & Svcs,SA_59@1999-10-20,1999-07-22,1998-09-30,627.036,-65.168,3.314,807.923,457.707,49.1,129.047,204.091,-80.7,125.384,31.516,1977.865,-209.652,-15.532,2035.5291,,46.25,3036.6509,2024.115,2630.019,350.216,20,385,385,0.375,1999-09-30,20,27.6356,1999-09-30,20,73.695,1999-09-30,20,1872593.0,1999-09-30,20,3891300.0,1999-09-30,20,1999-09-30,20,5,20,0.375,1999-09-30,0.5313,1999-08-31,0.625,1999-07-30,0.5625,1999-06-30,2.25,1999-05-31,3.4375,1999-04-30,2.1875,1999-03-31,2.1875,1999-02-26,4.75,1999-01-29,4.6875,1998-12-31,4.3125,1998-11-30,5.8125,1998-10-30,5.125,1998-09-30,23,13,True,True,True,1998-09-30,1999-09-30,1999-10-20,0,8
NB_1538,2000-02-03,1,0,nonbankruptcy_candidate,2000,2001-02-03,True,nonbankrupt,KVHI,KVH Industries Inc. Common Stock,KVHI US Equity,Communications,Telecommunications,NB_1538@2000-02-03,1999-11-05,1996-12-31,6.16,-3.703,7.006,17.558,4.988,0.246,3.984,4.269,-4.29,0.016,4.078,0.003,2.454,-0.587,25.687,,0.058,21.554,0.061,4.991,12.57,20,1129,1129,3.75,2000-01-31,3,27.2363,2000-01-31,3,7.263,2000-01-31,3,1983611.0,2000-01-31,3,509400.0,2000-01-31,3,2000-01-31,3,5,3,3.75,2000-01-31,3.0625,1999-12-31,3.0313,1999-11-30,3.0625,1999-10-29,2.375,1999-09-30,2.4375,1999-08-31,2.625,1999-07-30,2.375,1999-06-30,2.375,1999-05-31,2.75,1999-04-30,1.8438,1999-03-31,1.0,1999-02-26,1.2031,1999-01-29,46,13,True,True,True,1999-01-29,2000-01-31,2000-02-03,0,8
NB_1630,2000-02-03,1,0,nonbankruptcy_candidate,2000,2001-02-03,True,nonbankrupt,LSTA,Lisata Therapeutics Inc. Common Stock,LSTA US Equity,Health Care,Health Care Facilities & Svcs,NB_1630@2000-02-03,1999-11-05,1998-03-31,,,1.1291,1.1292,0.2597,0.0004,-0.2216,-0.2212,,0.0,,,-0.2038,-0.2696,0.0,,0.0,1.1296,,,0.8696,13,674,674,449997.75,2000-01-31,3,21.273,2000-01-31,3,5e-05,2000-01-31,3,11750460.0,2000-01-31,3,24.0,2000-01-31,3,2000-01-31,3,5,3,449997.75,2000-01-31,281248.5938,1999-12-31,159374.2031,1999-11-30,145311.7734,1999-10-29,140624.2969,1999-09-30,140624.2969,1999-08-31,173436.6328,1999-07-30,178124.1094,1999-06-30,192186.5391,1999-05-31,206248.9688,1999-04-30,182811.5859,1999-03-31,192186.5391,1999-02-26,149999.25,1999-01-29,80,13,True,True,True,1999-01-29,2000-01-31,2000-02-03,0,8
NB_2751,2000-02-03,1,0,nonbankruptcy_candidate,2000,2001-02-03,True,nonbankrupt,TWAV,TaoWeave Inc. Common Stock,TWAV US Equity,Technology,Software,NB_2751@2000-02-03,1999-11-05,1998-12-31,4.318,-0.33,0.326,8.23,2.528,0.205,-0.754,-0.53,-4.179,0.057,3.54,2.426,-0.777,-3.849,13.217,,0.017,8.923,2.443,4.954,5.702,20,399,399,209998.95,2000-01-31,3,21.4812,2000-01-31,3,0.0001,2000-01-31,3,10626050.0,2000-01-31,3,61.0,2000-01-31,3,2000-01-31,3,5,3,209998.95,2000-01-31,121499.3925,1999-12-31,143999.28,1999-11-30,89999.55,1999-10-29,94499.5275,1999-09-30,185999.07,1999-08-31,76499.6175,1999-07-30,80999.595,1999-06-30,77999.61,1999-05-31,95999.52,1999-04-30,89999.55,1999-03-31,110999.445,1999-02-26,149999.25,1999-01-29,56,13,True,True,True,1999-01-29,2000-01-31,2000-02-03,0,8
SA_130,2000-02-03,2,1,bankruptcy,2000,2001-02-03,True,bankrupt,SSAXQ,"System Software Associates, Inc.",SSAXQ US Equity,Technology,Software,SA_130@2000-02-03,1999-11-05,1999-10-31,99.1,-4.8,24.6,152.9,107.2,,-31.4,-6.3,-54.3,11.7,0.0,163.1,-88.2,-49.5,315.7,,0.0,230.0,163.1,294.5,45.7,19,95,95,2.4688,2000-01-31,3,29.6127,2000-01-31,3,11.995,2000-01-31,3,6335922.0,2000-01-31,3,2523300.0,2000-01-31,3,2000-01-31,3,5,3,2.4688,2000-01-31,2.0,1999-12-31,2.1875,1999-11-30,2.0,1999-10-29,1.9375,1999-09-30,4.375,1999-08-31,7.0,1999-07-30,6.625,1999-06-30,8.125,1999-05-31,7.5,1999-04-30,9.0,1999-03-31,13.25,1999-02-26,21.0,1999-01-29,60,13,True,True,True,1999-01-29,2000-01-31,2000-02-03,0,8
NB_1072,2000-05-10,1,0,nonbankruptcy_candidate,2000,2001-05-10,True,nonbankrupt,FRD,Friedman Industries Inc. Common Stock,FRD US Equity,Materials,Steel,NB_1072@2000-05-10,2000-02-10,1999-03-31,8.71,-2.352,3.799,32.534,6.758,0.672,5.661,6.333,4.459,0.444,19.906,6.4,3.541,6.811,124.72,,0.8,41.023,7.2,13.601,25.776,20,406,406,3.25,2000-04-28,12,24.529,2000-04-28,12,7.5474,2000-04-28,12,182506.3,2000-04-28,12,53145.0,2000-04-28,12,2000-04-28,12,5,12,3.25,2000-04-28,3.8095,2000-03-31,3.3333,2000-02-29,3.8095,2000-01-31,3.2143,1999-12-31,3.5714,1999-11-30,3.3333,1999-10-29,3.2738,1999-09-30,3.869,1999-08-31,4.0476,1999-07-30,3.9881,1999-06-30,3.9286,1999-05-31,4.0476,1999-04-30,83,13,True,True,True,1999-04-30,2000-04-28,2000-05-10,0,8
NB_2264,2000-05-10,1,0,nonbankruptcy_candidate,2000,2001-05-10,True,nonbankrupt,RDNT,RadNet Inc. Common Stock,RDNT US Equity,Health Care,Health Care Facilities & Svcs,NB_2264@2000-05-10,2000-02-10,1999-10-31,16.694,-6.657,0.003,18.973,56.98,6.68,2.377,10.086,-5.515,10.674,0.0,77.473,-9.071,1.142,72.258,,41.695,72.247,119.168,136.163,-38.007,20,192,192,0.68,2000-04-28,12,13.2372,2000-04-28,12,19.4665,2000-04-28,12,650526.0,2000-04-28,12,769200.0,2000-04-28,12,2000-04-28,12,5,12,0.68,2000-04-28,1.02,2000-03-31,0.65,2000-02-29,0.2,2000-01-31,0.16,1999-12-31,0.2,1999-11-30,0.2,1999-10-29,0.25,1999-09-30,0.28,1999-08-31,0.3,1999-07-30,0.375,1999-06-30,0.34,1999-05-31,0.3,1999-04-30,83,13,True,True,True,1999-04-30,2000-04-28,2000-05-10,0,8
SA_9,2000-05-10,2,1,bankruptcy,2000,2001-05-10,True,bankrupt,CRHEQ,Coram Healthcare Corp.,CRHEQ US Equity,Health Care,Health Care Facilities & Svcs,SA_9@2000-05-10,2000-02-10,1999-12-31,107.406,-6.947,6.242,142.592,105.088,,-23.585,0.307,-17.452,29.763,22.966,302.662,-114.823,-10.505,521.196,,0.39,403.222,303.052,423.269,37.504,19,131,131,0.36,2000-04-28,12,17.8697,2000-04-28,12,49.638,2000-04-28,12,1618082.0,2000-04-28,12,3287700.0,2000-04-28,12,2000-04-28,12,5,12,0.36,2000-04-28,0.51,2000-03-31,0.5625,2000-02-29,0.6875,2000-01-31,1.0,1999-12-31,0.6875,1999-11-30,0.625,1999-10-29,0.625,1999-09-30,0.75,1999-08-31,1.25,1999-07-30,1.75,1999-06-30,2.3125,1999-05-31,1.9375,1999-04-30,60,13,True,True,True,1999-04-30,2000-04-28,2000-05-10,0,8
NB_2264,2000-07-07,1,0,nonbankruptcy_candidate,2000,2001-07-07,True,nonbankrupt,RDNT,RadNet Inc. Common Stock,RDNT US Equity,Health Care,Health Care Facilities & Svcs,NB_2264@2000-07-07,2000-04-08,1999-10-31,16.694,-6.657,0.003,18.973,56.98,6.68,2.377,10.086,-5.515,10.674,0.0,77.473,-9.071,1.142,72.258,,41.695,72.247,119.168,136.163,-38.007,20,250,250,0.86,2000-06-30,7,16.7411,2000-06-30,7,19.4664,2000-06-30,7,815892.2,2000-06-30,7,742900.0,2000-06-30,7,2000-06-30,7,5,7,0.86,2000-06-30,0.84,2000-05-31,0.68,2000-04-28,1.02,2000-03-31,0.65,2000-02-29,0.2,2000-01-31,0.16,1999-12-31,0.2,1999-11-30,0.2,1999-10-29,0.25,1999-09-30,0.28,1999-08-31,0.3,1999-07-30,0.375,1999-06-30,85,13,True,True,True,1999-06-30,2000-06-30,2000-07-07,0,8
SA_51,2000-07-07,2,1,bankruptcy,2000,2001-07-07,True,bankrupt,OWENQ,Owens Corning,OWENQ US Equity,Materials,Construction Materials,SA_51@2000-07-07,2000-04-08,1999-12-31,358.0,-244.0,70.0,2088.0,2916.0,,573.0,783.0,-272.0,152.0,466.0,1764.0,270.0,-28.0,5048.0,,227.0,6494.0,1991.0,7137.0,-828.0,19,189,189,9.2344,2000-06-30,7,512.3047,2000-06-30,7,55.478,2000-06-30,7,174550500.0,2000-06-30,7,13816100.0,2000-06-30,7,2000-06-30,7,5,7,9.2344,2000-06-30,15.4375,2000-05-31,18.1875,2000-04-28,19.375,2000-03-31,14.5,2000-02-29,16.0625,2000-01-31,19.3125,1999-12-31,15.75,1999-11-30,20.5,1999-10-29,21.6875,1999-09-30,28.125,1999-08-31,30.875,1999-07-30,34.375,1999-06-30,60,13,True,True,True,1999-06-30,2000-06-30,2000-07-07,0,8
SA_215,2000-08-11,2,1,bankruptcy,2000,2001-08-11,True,bankrupt,CMDCQ,CareMatrix Corp.,CMDCQ US Equity,Health Care,Health Care Facilities & Svcs,SA_215@2000-08-11,2000-05-13,1999-12-31,21.031,-4.527,4.277,66.182,58.909,7.993,-3.786,9.601,-19.631,18.779,0.0,191.528,-65.18,-15.104,184.929,,25.848,439.621,217.376,383.033,7.273,20,224,224,8.9999,2000-07-31,11,9.2384,2000-07-31,11,1.0265,2000-07-31,11,789865.6,2000-07-31,11,70556.0,2000-07-31,11,2000-07-31,11,5,11,8.9999,2000-07-31,9.5624,2000-06-30,12.9374,2000-05-31,16.8749,2000-04-28,23.6248,2000-03-31,32.6247,2000-02-29,38.2497,2000-01-31,44.9996,1999-12-31,37.1247,1999-11-30,35.9997,1999-10-29,93.3743,1999-09-30,146.2488,1999-08-31,195.7484,1999-07-30,60,13,True,True,True,1999-07-30,2000-07-31,2000-08-11,0,8
NB_986,2000-09-20,1,0,nonbankruptcy_candidate,2000,2001-09-20,True,nonbankrupt,EXP,Eagle Materials Inc Common Stock,EXP US Equity,Materials,Construction Materials,NB_986@2000-09-20,2000-06-22,2000-03-31,54.459,-28.019,96.17,189.211,72.987,,166.44,185.029,90.608,0.089,38.582,0.32,108.232,118.627,470.465,,0.08,438.139,0.4,97.667,116.224,19,173,173,8.6042,2000-08-31,20,479.5188,2000-08-31,20,55.731,2000-08-31,20,20445070.0,2000-08-31,20,2433600.0,2000-08-31,20,2000-08-31,20,5,20,8.6042,2000-08-31,8.1667,2000-07-31,7.5625,2000-06-30,10.0,2000-05-31,10.2917,2000-04-28,8.75,2000-03-31,7.75,2000-02-29,10.7917,2000-01-31,13.0,1999-12-31,11.6458,1999-11-30,11.8542,1999-10-29,12.375,1999-09-30,12.8125,1999-08-31,77,13,True,True,True,1999-08-31,2000-08-31,2000-09-20,0,8
SA_280,2000-09-20,2,1,bankruptcy,2000,2001-09-20,True,bankrupt,NWSW,Northwestern Steel & Wire Co.,NWSW US Equity,Materials,Steel,SA_280@2000-09-20,2000-06-22,1999-07-31,29.585,-15.76,39.415,129.258,64.755,14.476,-13.494,0.982,-31.962,12.846,51.485,115.628,-45.347,-16.202,349.345,,20.209,318.409,135.837,271.583,64.503,20,417,417,0.25,2000-08-31,20,6.1213,2000-08-31,20,24.485,2000-08-31,20,227065.9,2000-08-31,20,941000.0,2000-08-31,20,2000-08-31,20,5,20,0.25,2000-08-31,0.375,2000-07-31,0.4063,2000-06-30,0.375,2000-05-31,0.3438,2000-04-28,0.375,2000-03-31,0.4375,2000-02-29,0.5625,2000-01-31,0.4375,1999-12-31,0.4375,1999-11-30,0.375,1999-10-29,0.8438,1999-09-30,0.75,1999-08-31,60,13,True,True,True,1999-08-31,2000-08-31,2000-09-20,0,8
NB_1045,2000-09-30,1,0,nonbankruptcy_candidate,2000,2001-09-30,True,nonbankrupt,FKWL,Franklin Wireless Corp. Common Stock,FKWL US Equity,Communications,Telecommunications,NB_1045@2000-09-30,2000-07-02,2000-06-30,0.136,-0.72,1.275,4.261,1.469,,-10.92,-10.278,-10.02,0.109,2.698,0.782,-11.551,-9.3,3.207,,0.034,7.157,0.816,2.251,2.792,19,92,92,56.8739,2000-09-29,1,30.8923,2000-09-29,1,0.54317,2000-09-29,1,7598388.0,2000-09-29,1,88330.0,2000-09-29,1,2000-09-29,1,5,1,56.8739,2000-09-29,61.2488,2000-08-31,52.499,2000-07-31,65.6237,2000-06-30,65.6237,2000-05-31,91.8732,2000-04-28,148.747,2000-03-31,139.9972,2000-02-29,139.9972,2000-01-31,174.9965,1999-12-31,170.6216,1999-11-30,192.4962,1999-10-29,157.4969,1999-09-30,78,13,True,True,True,1999-09-30,2000-09-29,2000-09-30,0,8
NB_160,2000-09-30,1,0,nonbankruptcy_candidate,2000,2001-09-30,True,nonbankrupt,AMS,American Shared Hospital Services Common Stock,AMS US Equity,Health Care,Health Care Facilities & Svcs,NB_160@2000-09-30,2000-07-02,1999-12-31,0.982,-0.131,12.903,14.695,3.57,,3.188,4.809,3.456,1.309,0.0,19.887,2.707,3.587,7.156,,2.545,36.986,22.432,23.457,11.125,19,274,274,2.375,2000-09-29,1,9.0965,2000-09-29,1,3.8301,2000-09-29,1,228837.5,2000-09-29,1,101200.0,2000-09-29,1,2000-09-29,1,5,1,2.375,2000-09-29,2.5,2000-08-31,2.75,2000-07-31,2.875,2000-06-30,2.875,2000-05-31,3.1875,2000-04-28,4.25,2000-03-31,3.5,2000-02-29,3.625,2000-01-31,4.25,1999-12-31,4.25,1999-11-30,5.25,1999-10-29,5.375,1999-09-30,88,13,True,True,True,1999-09-30,2000-09-29,2000-09-30,0,8
NB_2386,2000-09-30,1,0,nonbankruptcy_candidate,2000,2001-09-30,True,nonbankrupt,SBET,Sharplink Inc. Common Stock,SBET US Equity,Technology,Software,NB_2386@2000-09-30,2000-07-02,1999-12-31,2.367,-0.194,8.624,16.797,3.096,,0.339,1.316,3.561,0.116,0.478,0.008,4.492,3.755,12.78,,0.006,21.615,0.014,4.058,13.701,19,274,274,8910.0446,2000-09-29,1,29.0194,2000-09-29,1,0.00326,2000-09-29,1,1524919.0,2000-09-29,1,165.0,2000-09-29,1,2000-09-29,1,5,1,8910.0446,2000-09-29,8010.0401,2000-08-31,7920.0396,2000-07-31,8550.0428,2000-06-30,8730.0437,2000-05-31,10980.0549,2000-04-28,16290.0815,2000-03-31,14220.0711,2000-02-29,12060.0603,2000-01-31,8460.0423,1999-12-31,7020.0351,1999-11-30,5760.0288,1999-10-29,5220.0261,1999-09-30,41,13,True,True,True,1999-09-30,2000-09-29,2000-09-30,0,8
NB_2563,2000-09-30,1,0,nonbankruptcy_candidate,2000,2001-09-30,True,nonbankrupt,SSD,Simpson Manufacturing Company Inc. Common Stock,SSD US Equity,Materials,Construction Materials,NB_2563@2000-09-30,2000-07-02,1999-12-31,42.42,-15.305,54.51,175.75,33.694,,62.552,73.414,20.673,,72.751,2.415,38.467,35.978,328.44,,0.35,247.254,2.765,36.666,142.056,18,274,274,11.1719,2000-09-29,1,538.8195,2000-09-29,1,48.23,2000-09-29,1,12049310.0,2000-09-29,1,1037200.0,2000-09-29,1,2000-09-29,1,5,1,11.1719,2000-09-29,11.75,2000-08-31,12.25,2000-07-31,11.9492,2000-06-30,11.9063,2000-05-31,11.3125,2000-04-28,9.875,2000-03-31,10.5938,2000-02-29,9.8438,2000-01-31,10.9375,1999-12-31,10.4219,1999-11-30,10.1406,1999-10-29,11.7188,1999-09-30,77,13,True,True,True,1999-09-30,2000-09-29,2000-09-30,0,8
NB_590,2000-09-30,1,0,nonbankruptcy_candidate,2000,2001-09-30,True,nonbankrupt,CLF,Cleveland-Cliffs Inc. Common Stock,CLF US Equity,Materials,Steel,NB_590@2000-09-30,2000-07-02,1999-12-31,66.0,-20.8,67.6,217.1,73.7,,25.6,48.1,-16.8,3.7,52.6,70.0,4.8,4.0,371.0,,0.0,679.7,70.0,272.4,143.4,19,274,274,2.8594,2000-09-29,1,240.2424,2000-09-29,1,84.0192,2000-09-29,1,20197180.0,2000-09-29,1,6542400.0,2000-09-29,1,2000-09-29,1,5,1,2.8594,2000-09-29,3.1406,2000-08-31,3.1016,2000-07-31,3.2266,2000-06-30,3.1797,2000-05-31,3.0703,2000-04-28,2.9531,2000-03-31,3.1172,2000-02-29,3.4922,2000-01-31,3.8906,1999-12-31,3.6563,1999-11-30,3.7344,1999-10-29,3.8906,1999-09-30,88,13,True,True,True,1999-09-30,2000-09-29,2000-09-30,0,8
SA_90,2000-09-30,2,1,bankruptcy,2000,2001-09-30,True,bankrupt,PGEXQ,"Pacific Gateway Exchange, Inc.",PGEXQ US Equity,Communications,Telecommunications,SA_90@2000-09-30,2000-07-02,1999-12-31,133.998,-69.644,27.189,172.408,226.796,,10.364,25.055,-39.272,,0.0,10.604,8.045,30.372,604.591,,54.76,374.805,65.364,259.786,-54.388,18,274,274,1.5625,2000-09-29,1,31.277,2000-09-29,1,20.0173,2000-09-29,1,7659439.0,2000-09-29,1,3932600.0,2000-09-29,1,2000-09-29,1,5,1,1.5625,2000-09-29,2.25,2000-08-31,3.0,2000-07-31,3.4063,2000-06-30,3.1875,2000-05-31,6.3125,2000-04-28,14.6875,2000-03-31,20.25,2000-02-29,19.625,2000-01-31,17.0625,1999-12-31,18.25,1999-11-30,22.75,1999-10-29,16.375,1999-09-30,51,13,True,True,True,1999-09-30,2000-09-29,2000-09-30,0,8
NB_1105,2001-03-02,1,0,nonbankruptcy_candidate,2001,2002-03-02,True,nonbankrupt,GAIA,Gaia Inc. Class A Common Stock,GAIA US Equity,Communications,Entertainment Content,NB_1105@2001-03-02,2000-12-02,1999-12-31,4.327,-2.213,3.877,16.085,10.174,0.391,2.125,3.188,-6.652,0.365,4.555,2.109,1.718,-4.439,45.725,,0.096,27.259,2.205,12.283,5.911,20,427,427,12.625,2001-02-28,2,137.1429,2001-02-28,2,5.4628,2001-02-28,2,707279.7,2001-02-28,2,51400.0,2001-02-28,2,2001-02-28,2,5,2,12.625,2001-02-28,15.0,2001-01-31,15.4375,2000-12-29,15.1875,2000-11-30,16.125,2000-10-31,18.3125,2000-09-29,17.875,2000-08-31,18.125,2000-07-31,18.5,2000-06-30,18.625,2000-05-31,19.5,2000-04-28,17.5,2000-03-31,16.875,2000-02-29,17,13,True,True,True,2000-02-29,2001-02-28,2001-03-02,0,8
NB_2158,2001-03-02,1,0,nonbankruptcy_candidate,2001,2002-03-02,True,nonbankrupt,POWW,Outdoor Holding Company Common Stock,POWW US Equity,Industrials,Aerospace & Defense,NB_2158@2001-03-02,2000-12-02,1999-12-31,1.089,-0.057,0.086,13.508,5.283,,0.241,0.378,-0.941,0.237,10.254,0.0,0.096,-0.884,20.207,,2.111,14.709,2.111,5.283,8.225,19,427,427,3.75,2001-02-28,2,0.492,2001-02-28,2,0.1312,2001-02-28,2,8891.88,2001-02-28,2,2220.0,2001-02-28,2,2001-02-28,2,5,2,3.75,2001-02-28,4.0625,2001-01-31,4.6875,2000-12-29,10.1563,2000-11-30,17.1875,2000-10-31,19.5313,2000-09-29,25.0,2000-08-31,19.5313,2000-07-31,25.0,2000-06-30,31.25,2000-05-31,19.5313,2000-04-28,39.0625,2000-03-31,46.0938,2000-02-29,42,13,True,True,True,2000-02-29,2001-02-28,2001-03-02,0,8
NB_2490,2001-03-02,1,0,nonbankruptcy_candidate,2001,2002-03-02,True,nonbankrupt,SMID,Smith-Midland Corporation Common Stock,SMID US Equity,Materials,Construction Materials,NB_2490@2001-03-02,2000-12-02,1999-12-31,2.721,-0.537,0.374,4.65,2.37,,0.276,0.656,-0.182,0.544,1.508,4.448,0.042,0.355,14.433,,0.228,9.174,4.676,7.864,2.28,19,427,427,0.75,2001-02-28,2,2.2881,2001-02-28,2,3.0508,2001-02-28,2,11218.75,2001-02-28,2,14000.0,2001-02-28,2,2001-02-28,2,5,2,0.75,2001-02-28,0.8125,2001-01-31,0.5625,2000-12-29,0.4063,2000-11-30,0.4063,2000-10-31,0.5625,2000-09-29,0.4688,2000-08-31,0.75,2000-07-31,0.875,2000-06-30,0.4375,2000-05-31,0.5,2000-04-28,0.6875,2000-03-31,0.6875,2000-02-29,63,13,True,True,True,2000-02-29,2001-02-28,2001-03-02,0,8
NB_2492,2001-03-02,2,0,nonbankruptcy_candidate,2001,2002-03-02,True,nonbankrupt,SMP,Standard Motor Products Inc. Common Stock,SMP US Equity,Consumer Discretionary,Automotive,NB_2492@2001-03-02,2000-12-02,1999-12-31,119.635,-14.423,40.38,374.693,168.887,,29.544,46.774,6.561,15.951,188.4,163.868,7.625,20.984,658.241,,31.557,556.021,195.425,352.503,205.806,19,427,427,9.9,2001-02-28,2,123.2075,2001-02-28,2,12.4452,2001-02-28,2,1613638.0,2001-02-28,2,170100.0,2001-02-28,2,2001-02-28,2,5,2,9.9,2001-02-28,8.91,2001-01-31,7.375,2000-12-29,6.9375,2000-11-30,8.375,2000-10-31,8.0,2000-09-29,9.6875,2000-08-31,9.6875,2000-07-31,8.5156,2000-06-30,9.6875,2000-05-31,11.1875,2000-04-28,14.875,2000-03-31,13.5625,2000-02-29,93,13,True,True,True,2000-02-29,2001-02-28,2001-03-02,0,8
NB_2811,2001-03-02,1,0,nonbankruptcy_candidate,2001,2002-03-02,True,nonbankrupt,USLM,United States Lime & Minerals Inc. Common Stock,USLM US Equity,Materials,Construction Materials,NB_2811@2001-03-02,2000-12-02,1999-12-31,4.166,-10.86,18.021,26.616,6.033,4.427,5.333,9.933,-8.652,2.561,4.266,42.5,2.533,2.208,31.537,,2.5,77.688,45.0,48.891,20.583,20,427,427,1.0375,2001-02-28,2,20.6551,2001-02-28,2,19.9085,2001-02-28,2,107050.0,2001-02-28,2,105500.0,2001-02-28,2,2001-02-28,2,5,2,1.0375,2001-02-28,1.05,2001-01-31,1.0,2000-12-29,1.1,2000-11-30,1.2,2000-10-31,1.3,2000-09-29,1.325,2000-08-31,1.35,2000-07-31,1.35,2000-06-30,1.4,2000-05-31,1.525,2000-04-28,1.6,2000-03-31,1.45,2000-02-29,93,13,True,True,True,2000-02-29,2001-02-28,2001-03-02,0,8
NB_2887,2001-03-02,1,0,nonbankruptcy_candidate,2001,2002-03-02,True,nonbankrupt,VSAT,ViaSat Inc. Common Stock,VSAT US Equity,Communications,Telecommunications,NB_2887@2001-03-02,2000-12-02,2000-03-31,26.268,-4.826,19.52,53.011,14.842,,11.464,14.756,-1.177,0.157,3.122,0.336,7.906,3.649,75.88,,0.907,61.93,1.243,15.933,38.169,19,336,336,13.375,2001-02-28,2,293.925,2001-02-28,2,21.9757,2001-02-28,2,108641700.0,2001-02-28,2,6749300.0,2001-02-28,2,2001-02-28,2,5,2,13.375,2001-02-28,17.5,2001-01-31,13.125,2000-12-29,12.125,2000-11-30,22.0,2000-10-31,22.375,2000-09-29,29.9375,2000-08-31,24.75,2000-07-31,27.125,2000-06-30,19.5625,2000-05-31,23.4063,2000-04-28,36.0,2000-03-31,39.0,2000-02-29,51,13,True,True,True,2000-02-29,2001-02-28,2001-03-02,0,8
NB_642,2001-03-02,1,0,nonbankruptcy_candidate,2001,2002-03-02,True,nonbankrupt,CODA,Coda Octopus Group Inc. Common stock,CODA US Equity,Industrials,Aerospace & Defense,NB_642@2001-03-02,2000-12-02,1999-12-31,0.069,-0.021,0.18,0.366,6.421,0.533,-7.745,-6.467,-2.474,0.328,0.016,0.0,-8.019,-2.453,1.338,,3.575,0.974,3.575,6.421,-6.055,20,427,427,104.9994,2001-02-28,2,1.4776,2001-02-28,2,0.01407,2001-02-28,2,16913.75,2001-02-28,2,126.0,2001-02-28,2,2001-02-28,2,5,2,104.9994,2001-02-28,83.9995,2001-01-31,83.9995,2000-12-29,146.9991,2000-11-30,251.9985,2000-10-31,277.1984,2000-09-29,272.9984,2000-08-31,230.9986,2000-07-31,398.9976,2000-06-30,440.9974,2000-05-31,692.9959,2000-04-28,1343.9921,2000-03-31,2057.9879,2000-02-29,82,13,True,True,True,2000-02-29,2001-02-28,2001-03-02,0,8
SA_143,2001-03-02,2,1,bankruptcy,2001,2002-03-02,True,bankrupt,PSIXQ,PSINet Inc.,PSIXQ US Equity,Communications,Telecommunications,SA_143@2001-03-02,2000-12-02,1999-12-31,74.0,-529.2,912.3,1917.7,457.5,,-192.5,-26.0,-687.0,193.0,0.0,3184.3,-416.2,-157.8,534.1,,115.0,4466.5,3299.3,3743.5,1460.2,19,427,427,1.2813,2001-02-28,2,245.0261,2001-02-28,2,191.2399,2001-02-28,2,134721300.0,2001-02-28,2,83207800.0,2001-02-28,2,2001-02-28,2,5,2,1.2813,2001-02-28,2.375,2001-01-31,0.7188,2000-12-29,1.125,2000-11-30,6.6563,2000-10-31,9.625,2000-09-29,17.5625,2000-08-31,17.4375,2000-07-31,25.125,2000-06-30,26.0625,2000-05-31,23.1875,2000-04-28,34.0156,2000-03-31,46.375,2000-02-29,60,13,True,True,True,2000-02-29,2001-02-28,2001-03-02,0,8
NB_1072,2001-07-03,1,0,nonbankruptcy_candidate,2001,2002-07-03,True,nonbankrupt,FRD,Friedman Industries Inc. Common Stock,FRD US Equity,Materials,Steel,NB_1072@2001-07-03,2001-04-04,2001-03-31,10.585,-0.399,0.669,40.231,12.272,1.048,4.855,5.903,4.456,0.624,28.817,4.8,2.928,4.855,120.396,,0.8,48.011,5.6,17.633,27.959,20,94,94,3.15,2001-06-29,4,23.8417,2001-06-29,4,7.5688,2001-06-29,4,98391.0,2001-06-29,4,30000.0,2001-06-29,4,2001-06-29,4,5,4,3.15,2001-06-29,3.22,2001-05-31,2.75,2001-04-30,2.76,2001-03-30,2.76,2001-02-28,2.87,2001-01-31,2.875,2000-12-29,3.125,2000-11-30,3.6875,2000-10-31,3.875,2000-09-29,3.75,2000-08-31,3.375,2000-07-31,3.5,2000-06-30,97,13,True,True,True,2000-06-30,2001-06-29,2001-07-03,0,8
NB_2478,2001-07-03,1,0,nonbankruptcy_candidate,2001,2002-07-03,True,nonbankrupt,SLNH,Soluna Holdings Inc. Common Stock,SLNH US Equity,Communications,Telecommunications,NB_2478@2001-07-03,2001-04-04,2000-09-30,0.693,-0.286,1.552,5.984,29.135,0.169,-3.927,-3.663,-4.128,1.943,1.193,0.0,-18.596,-3.842,5.558,,27.0,77.016,27.0,31.987,-23.151,20,276,276,1442.0,2001-06-29,4,255.6327,2001-06-29,4,0.17728,2001-06-29,4,31284450.0,2001-06-29,4,19283.0,2001-06-29,4,2001-06-29,4,5,4,1442.0,2001-06-29,2032.0,2001-05-31,1306.0,2001-04-30,875.0,2001-03-30,912.5,2001-02-28,1400.0,2001-01-31,700.0,2000-12-29,762.5,2000-11-30,1500.0,2000-10-31,2162.5,2000-09-29,2262.5,2000-08-31,2550.0,2000-07-31,3000.0,2000-06-30,97,13,True,True,True,2000-06-30,2001-06-29,2001-07-03,0,8
NB_2930,2001-07-03,1,0,nonbankruptcy_candidate,2001,2002-07-03,True,nonbankrupt,WEYS,Weyco Group Inc. Common Stock,WEYS US Equity,Consumer Discretionary,Apparel & Textile Products,NB_2930@2001-07-03,2001-04-04,2000-12-31,23.864,-1.204,3.519,51.67,17.758,1.49,15.972,17.462,10.446,0.627,13.713,0.0,10.622,11.65,148.155,,5.207,91.944,5.207,20.598,33.912,20,184,184,7.75,2001-06-29,4,88.818,2001-06-29,4,8.7204,2001-06-29,4,55975.0,2001-06-29,4,7200.0,2001-06-29,4,2001-06-29,4,5,4,7.75,2001-06-29,7.7833,2001-05-31,8.0,2001-04-30,7.9583,2001-03-30,8.0833,2001-02-28,8.0625,2001-01-31,8.0417,2000-12-29,8.1667,2000-11-30,8.5208,2000-10-31,8.5,2000-09-29,8.75,2000-08-31,8.3333,2000-07-31,8.5,2000-06-30,97,13,True,True,True,2000-06-30,2001-06-29,2001-07-03,0,8
SA_162,2001-07-03,2,1,bankruptcy,2001,2002-07-03,True,bankrupt,FDMLQ,Federal-Mogul Corporation,FDMLQ US Equity,Consumer Discretionary,Automotive,SA_162@2001-07-03,2001-04-04,2000-12-31,741.9,-313.3,107.2,2136.8,1703.8,248.4,449.1,823.5,-467.8,,808.6,3559.7,-281.5,-154.5,6013.2,,147.8,10255.0,3707.5,8072.3,433.0,19,184,184,1.69,2001-06-29,4,119.3466,2001-06-29,4,70.6193,2001-06-29,4,33682210.0,2001-06-29,4,14592700.0,2001-06-29,4,2001-06-29,4,5,4,1.69,2001-06-29,3.52,2001-05-31,2.95,2001-04-30,2.93,2001-03-30,3.44,2001-02-28,4.55,2001-01-31,2.3125,2000-12-29,1.9375,2000-11-30,3.25,2000-10-31,5.4375,2000-09-29,10.3125,2000-08-31,9.125,2000-07-31,9.5625,2000-06-30,60,13,True,True,True,2000-06-30,2001-06-29,2001-07-03,0,8
SA_220,2001-08-15,2,1,bankruptcy,2001,2002-08-15,True,bankrupt,CLSCQ,"Classic Communications, Inc.",CLSCQ US Equity,Communications,Entertainment Content,SA_220@2001-08-15,2001-05-17,2000-12-31,13.446,-76.714,19.056,47.357,66.035,37.911,-18.84,71.85,-43.064,56.278,13.929,558.525,-66.993,33.65,182.349,,0.511,743.936,559.036,624.56,-18.678,20,227,227,0.27,2001-07-31,15,2.8581,2001-07-31,15,10.5856,2001-07-31,15,1072333.0,2001-07-31,15,2825000.0,2001-07-31,15,2001-07-31,15,5,15,0.27,2001-07-31,0.89,2001-06-29,0.49,2001-05-31,1.05,2001-04-30,2.0,2001-03-30,3.0,2001-02-28,3.1875,2001-01-31,2.1875,2000-12-29,3.625,2000-11-30,4.375,2000-10-31,5.0625,2000-09-29,5.0,2000-08-31,6.0,2000-07-31,20,13,True,True,True,2000-07-31,2001-07-31,2001-08-15,0,8
SA_238,2001-08-17,2,1,bankruptcy,2001,2002-08-17,True,bankrupt,BRLGQ,"Burlington Industries, Inc.",BRLGQ US Equity,Consumer Discretionary,Apparel & Textile Products,SA_238@2001-08-17,2001-05-19,2000-09-30,301.001,-73.773,26.172,631.785,242.898,67.096,25.56,92.656,-27.448,66.264,287.969,865.98,-526.972,46.325,1620.2469,,33.87,1351.6,899.85,1256.825,388.887,20,321,321,1.6,2001-07-31,17,85.9351,2001-07-31,17,53.2552,2001-07-31,17,4626996.0,2001-07-31,17,2285600.0,2001-07-31,17,2001-07-31,17,5,17,1.6,2001-07-31,2.3,2001-06-29,2.39,2001-05-31,2.15,2001-04-30,2.65,2001-03-30,2.25,2001-02-28,1.86,2001-01-31,1.75,2000-12-29,1.3125,2000-11-30,1.25,2000-10-31,1.25,2000-09-29,1.75,2000-08-31,1.625,2000-07-31,60,13,True,True,True,2000-07-31,2001-07-31,2001-08-17,0,8
NB_893,2001-08-22,1,0,nonbankruptcy_candidate,2001,2002-08-22,True,nonbankrupt,EDUC,Educational Development Corporation Common Stock,EDUC US Equity,Consumer Discretionary,Wholesale - Discretionary,NB_893@2001-08-22,2001-05-24,2001-02-28,1.478,-0.059,0.268,12.381,3.231,,1.838,1.898,1.096,0.105,10.217,0.0,1.091,1.155,17.597,,1.084,12.465,1.084,3.249,9.15,19,175,175,2.125,2001-07-31,22,16.609,2001-07-31,22,7.816,2001-07-31,22,191914.0,2001-07-31,22,92600.0,2001-07-31,22,2001-07-31,22,5,22,2.125,2001-07-31,1.74,2001-06-29,1.625,2001-05-31,1.525,2001-04-30,1.5469,2001-03-30,1.6875,2001-02-28,1.75,2001-01-31,1.5,2000-12-29,1.9063,2000-11-30,1.9375,2000-10-31,1.5313,2000-09-29,1.75,2000-08-31,1.7188,2000-07-31,98,13,True,True,True,2000-07-31,2001-07-31,2001-08-22,0,8
SA_10,2001-08-22,2,1,bankruptcy,2001,2002-08-22,True,bankrupt,VMIXQ,Valley Media Inc.,VMIXQ US Equity,Consumer Discretionary,Wholesale - Discretionary,SA_10@2001-08-22,2001-05-24,2001-03-31,144.41,-7.378,0.385,329.21,340.181,,-28.282,-20.991,27.841,15.828,167.457,3.969,-29.539,35.219,803.738,,161.482,381.281,165.451,349.248,-10.971,19,144,144,2.0,2001-07-31,22,17.2358,2001-07-31,22,8.6179,2001-07-31,22,769935.0,2001-07-31,22,439900.0,2001-07-31,22,2001-07-31,22,5,22,2.0,2001-07-31,1.61,2001-06-29,0.68,2001-05-31,0.93,2001-04-30,0.75,2001-03-30,0.75,2001-02-28,0.875,2001-01-31,0.75,2000-12-29,1.6875,2000-11-30,1.125,2000-10-31,1.7188,2000-09-29,2.75,2000-08-31,2.625,2000-07-31,29,13,True,True,True,2000-07-31,2001-07-31,2001-08-22,0,8
SA_290,2001-09-06,2,1,bankruptcy,2001,2002-09-06,True,bankrupt,HAZ,"Hayes Lemmerz International, Inc. (2001)",HLMMQ US Equity,Consumer Discretionary,Automotive,SA_290@2001-09-06,2001-06-08,2001-01-31,248.8,-157.1,0.0,504.8,2184.8999,,112.5,264.6,-163.9,163.5,217.3,94.6,-186.2,-6.8,2168.2,,1693.3,2603.8999,1787.9,2615.0999,-1680.0999,19,218,218,4.38,2001-08-31,6,124.635,2001-08-31,6,25.8065,2001-08-31,6,6354607.0,2001-08-31,6,1091800.0,2001-08-31,6,2001-08-31,6,5,6,4.38,2001-08-31,6.07,2001-07-31,6.4,2001-06-29,8.25,2001-05-31,7.7,2001-04-30,5.58,2001-03-30,6.33,2001-02-28,6.39,2001-01-31,6.6875,2000-12-29,8.0,2000-11-30,10.9375,2000-10-31,10.75,2000-09-29,12.875,2000-08-31,60,13,True,True,True,2000-08-31,2001-08-31,2001-09-06,0,8
SA_84,2001-09-15,2,1,bankruptcy,2001,2002-09-15,True,bankrupt,STGCQ,Startec Global Communications Corporation,STGCQ US Equity,Communications,Telecommunications,SA_84@2001-09-15,2001-06-17,2000-12-31,51.676,-40.094,14.875,75.621,164.24,14.3,-50.918,-34.19,-104.567,27.707,0.0,158.444,-128.355,-64.473,324.547,,76.375,254.01,234.819,322.684,-88.619,20,258,258,0.15,2001-08-31,15,2.4831,2001-08-31,15,16.5542,2001-08-31,15,231734.5,2001-08-31,15,1160300.0,2001-08-31,15,2001-08-31,15,5,15,0.15,2001-08-31,0.19,2001-07-31,0.15,2001-06-29,0.24,2001-05-31,0.24,2001-04-30,0.5625,2001-03-30,1.375,2001-02-28,4.0,2001-01-31,3.875,2000-12-29,3.375,2000-11-30,4.5,2000-10-31,5.9375,2000-09-29,12.375,2000-08-31,47,13,True,True,True,2000-08-31,2001-08-31,2001-09-14,1,8
NB_2587,2001-10-18,2,0,nonbankruptcy_candidate,2001,2002-10-18,True,nonbankrupt,STRT,STRATTEC SECURITY CORPORATION Common Stock,STRT US Equity,Consumer Discretionary,Automotive,NB_2587@2001-10-18,2001-07-20,2001-07-01,27.189,-7.548,15.298,59.667,26.493,7.939,20.562,28.501,15.687,0.0,8.605,0.0,13.026,23.235,202.973,,0.0,101.648,0.0,41.638,33.174,20,109,109,28.88,2001-09-28,20,118.4224,2001-09-28,20,4.1005,2001-09-28,20,1294975.0,2001-09-28,20,39200.0,2001-09-28,20,2001-09-28,20,5,20,28.88,2001-09-28,35.15,2001-08-31,35.989,2001-07-31,34.72,2001-06-29,34.0,2001-05-31,32.0,2001-04-30,31.75,2001-03-30,32.75,2001-02-28,32.25,2001-01-31,31.0,2000-12-29,32.75,2000-11-30,33.5,2000-10-31,33.25,2000-09-29,80,13,True,True,True,2000-09-29,2001-09-28,2001-10-18,0,8
NB_2742,2001-10-18,1,0,nonbankruptcy_candidate,2001,2002-10-18,True,nonbankrupt,TTWO,Take-Two Interactive Software Inc. Common Stock,TTWO US Equity,Communications,Entertainment Content,NB_2742@2001-10-18,2001-07-20,2000-10-31,110.783,-2.881,5.245,216.474,147.449,1.761,33.309,41.989,-57.111,,53.798,0.348,6.417,-54.23,364.001,170.192,84.694,330.257,85.042,160.065,69.025,20,352,352,4.7133,2001-09-28,20,258.9833,2001-09-28,20,54.94695,2001-09-28,20,494555700.0,2001-09-28,20,76393650.0,2001-09-28,20,2001-09-28,20,5,20,4.7133,2001-09-28,11.0667,2001-08-31,13.24,2001-07-31,12.3667,2001-06-29,13.84,2001-05-31,9.2933,2001-04-30,9.5104,2001-03-30,7.6667,2001-02-28,8.125,2001-01-31,7.6667,2000-12-29,6.4583,2000-11-30,8.2917,2000-10-31,8.375,2000-09-29,54,13,True,True,True,2000-09-29,2001-09-28,2001-10-18,0,8
NB_590,2001-10-18,1,0,nonbankruptcy_candidate,2001,2002-10-18,True,nonbankrupt,CLF,Cleveland-Cliffs Inc. Common Stock,CLF US Equity,Materials,Steel,NB_590@2001-10-18,2001-07-20,2000-12-31,46.3,-23.4,29.9,248.0,102.2,25.6,31.2,56.8,4.6,4.9,113.2,70.0,18.1,28.0,430.1,,0.0,727.8,70.0,301.9,145.8,20,291,291,1.8,2001-09-28,20,146.0592,2001-09-28,20,81.144,2001-09-28,20,11736170.0,2001-09-28,20,6269600.0,2001-09-28,20,2001-09-28,20,5,20,1.8,2001-09-28,2.1,2001-08-31,2.0938,2001-07-31,2.3125,2001-06-29,2.5375,2001-05-31,2.4038,2001-04-30,2.25,2001-03-30,2.2438,2001-02-28,2.0375,2001-01-31,2.6953,2000-12-29,2.4766,2000-11-30,2.5781,2000-10-31,2.8594,2000-09-29,100,13,True,True,True,2000-09-29,2001-09-28,2001-10-18,0,8
SA_160,2001-10-18,2,1,bankruptcy,2001,2002-10-18,True,bankrupt,ITXG,"IT Group, Inc.",ITXG US Equity,Industrials,Commercial Support Services,SA_160@2001-10-18,2001-07-20,2000-12-29,440.566,-18.792,15.624,538.468,397.883,14.807,105.192,142.203,26.203,72.169,0.0,644.623,2.016,44.995,1447.251,,14.6,1322.991,659.223,1061.066,140.585,20,293,293,4.4,2001-09-28,20,96.6891,2001-09-28,20,21.9748,2001-09-28,20,4384000.0,2001-09-28,20,924600.0,2001-09-28,20,2001-09-28,20,5,20,4.4,2001-09-28,5.35,2001-08-31,5.23,2001-07-31,6.35,2001-06-29,6.23,2001-05-31,5.01,2001-04-30,4.5,2001-03-30,4.49,2001-02-28,4.5,2001-01-31,5.0,2000-12-29,4.0,2000-11-30,4.4375,2000-10-31,4.75,2000-09-29,60,13,True,True,True,2000-09-29,2001-09-28,2001-10-18,0,8
NB_1045,2001-11-22,1,0,nonbankruptcy_candidate,2001,2002-11-22,True,nonbankrupt,FKWL,Franklin Wireless Corp. Common Stock,FKWL US Equity,Communications,Telecommunications,NB_1045@2001-11-22,2001-08-24,2001-06-30,0.021,-0.063,0.049,0.411,3.083,,-9.689,-8.99,-3.811,0.303,0.325,0.0,-10.82,-3.748,1.245,,0.028,1.435,0.028,3.769,-2.672,19,145,145,4.1999,2001-10-31,22,2.5488,2001-10-31,22,0.60688,2001-10-31,22,73212.0,2001-10-31,22,21412.0,2001-10-31,22,2001-10-31,22,5,22,4.1999,2001-10-31,2.7999,2001-09-28,4.8999,2001-08-31,3.4999,2001-07-31,5.5999,2001-06-29,6.2999,2001-05-31,5.5999,2001-04-30,6.9999,2001-03-30,9.7998,2001-02-28,18.1996,2001-01-31,30.6244,2000-12-29,26.2495,2000-11-30,52.499,2000-10-31,91,13,True,True,True,2000-10-31,2001-10-31,2001-11-22,0,8
NB_1195,2001-11-22,1,0,nonbankruptcy_candidate,2001,2002-11-22,True,nonbankrupt,GPUS,Hyperscale Data Inc. Common Stock,GPUS US Equity,Communications,Telecommunications,NB_1195@2001-11-22,2001-08-24,2000-12-31,3.256,-0.176,0.806,10.023,3.562,,0.249,0.725,0.002,0.091,5.144,0.062,0.095,0.178,17.883,,0.443,12.165,0.505,3.624,6.461,19,326,326,536207862.2914,2001-10-31,22,2.4455,2001-10-31,22,0.0,2001-10-31,22,105821.0,2001-10-31,22,0.0,2001-10-31,22,2001-10-31,22,5,22,536207862.2914,2001-10-31,464713480.6526,2001-09-28,500460671.472,2001-08-31,686346063.733,2001-07-31,786438198.0274,2001-06-29,915128084.9773,2001-05-31,907978646.8135,2001-04-30,958024713.9607,2001-03-30,1286898869.4994,2001-02-28,1680117968.5131,2001-01-31,1206467690.1557,2000-12-29,1340519655.7285,2000-11-30,2457619368.8356,2000-10-31,59,13,True,True,True,2000-10-31,2001-10-31,2001-11-22,0,8
NB_1240,2001-11-22,1,0,nonbankruptcy_candidate,2001,2002-11-22,True,nonbankrupt,HCSG,Healthcare Services Group Inc. Common Stock,HCSG US Equity,Industrials,Commercial Support Services,NB_1240@2001-11-22,2001-08-24,2000-12-31,52.7444,0.0,22.8416,88.1218,14.1267,0.8728,8.1499,10.3599,7.751,,8.384,0.0,5.5878,7.751,254.6682,,0.0,108.3429,0.0,17.5376,73.9951,19,326,326,1.7541,2001-10-31,22,96.8888,2001-10-31,22,55.23643,2001-10-31,22,6054872.0,2001-10-31,22,3723975.0,2001-10-31,22,2001-10-31,22,5,22,1.7541,2001-10-31,1.6,2001-09-28,1.7481,2001-08-31,1.6296,2001-07-31,1.4025,2001-06-29,1.4025,2001-05-31,1.284,2001-04-30,1.4568,2001-03-30,1.0988,2001-02-28,1.0617,2001-01-31,1.2593,2000-12-29,1.0,2000-11-30,0.963,2000-10-31,101,13,True,True,True,2000-10-31,2001-10-31,2001-11-22,0,8
NB_2105,2001-11-22,1,0,nonbankruptcy_candidate,2001,2002-11-22,True,nonbankrupt,PESI,Perma-Fix Environmental Services Inc. Common Stock,PESI US Equity,Industrials,Commercial Support Services,NB_2105@2001-11-22,2001-08-24,2000-12-31,16.193,-3.17,0.498,19.918,22.747,2.702,1.813,5.464,-3.397,2.132,0.655,19.088,-0.556,-0.227,59.139,,6.402,72.771,25.49,50.751,-2.829,20,326,326,16.0,2001-10-31,22,97.8845,2001-10-31,22,6.11778,2001-10-31,22,19629350.0,2001-10-31,22,1185660.0,2001-10-31,22,2001-10-31,22,5,22,16.0,2001-10-31,14.6,2001-09-28,15.3,2001-08-31,11.4,2001-07-31,12.0,2001-06-29,13.3,2001-05-31,11.75,2001-04-30,9.0625,2001-03-30,9.6875,2001-02-28,9.8438,2001-01-31,7.1094,2000-12-29,9.9219,2000-11-30,9.375,2000-10-31,101,13,True,True,True,2000-10-31,2001-10-31,2001-11-22,0,8
NB_2447,2001-11-22,1,0,nonbankruptcy_candidate,2001,2002-11-22,True,nonbankrupt,SHOO,Steven Madden Ltd. Common Stock,SHOO US Equity,Consumer Discretionary,Apparel & Textile Products,NB_2447@2001-11-22,2001-08-24,2000-12-31,2.417,-7.933,35.259,71.244,14.037,,25.632,29.218,0.815,0.102,15.824,0.056,16.043,8.748,209.96,76.566,0.128,91.733,0.184,15.167,57.207,20,326,326,1.1852,2001-10-31,22,105.8499,2001-10-31,22,89.31085,2001-10-31,22,18127780.0,2001-10-31,22,14213981.0,2001-10-31,22,2001-10-31,22,5,22,1.1852,2001-10-31,1.3366,2001-09-28,1.9437,2001-08-31,2.344,2001-07-31,2.4059,2001-06-29,2.1228,2001-05-31,2.348,2001-04-30,1.9342,2001-03-30,1.7942,2001-02-28,1.4321,2001-01-31,1.0041,2000-12-29,0.9712,2000-11-30,1.2551,2000-10-31,95,13,True,True,True,2000-10-31,2001-10-31,2001-11-22,0,8
SA_77,2001-11-22,2,1,bankruptcy,2001,2002-11-22,True,bankrupt,KELLQ,"Kellstrom Industries, Inc.",KELLQ US Equity,Industrials,Aerospace & Defense,SA_77@2001-11-22,2001-08-24,2000-12-31,80.315,-6.944,0.0,343.206,244.876,5.662,32.4,39.259,18.119,27.071,195.64,34.937,-31.33,25.063,353.983,,167.477,573.475,202.414,432.007,98.33,20,326,326,0.17,2001-10-31,22,2.0249,2001-10-31,22,11.911,2001-10-31,22,328128.8,2001-10-31,22,1171400.0,2001-10-31,22,2001-10-31,22,5,22,0.17,2001-10-31,0.4,2001-09-28,0.43,2001-08-31,1.43,2001-07-31,1.93,2001-06-29,1.69,2001-05-31,1.8,2001-04-30,2.75,2001-03-30,4.0938,2001-02-28,5.0938,2001-01-31,2.9375,2000-12-29,3.125,2000-11-30,3.9375,2000-10-31,60,13,True,True,True,2000-10-31,2001-10-31,2001-11-22,0,8
NB_594,2001-12-06,1,0,nonbankruptcy_candidate,2001,2002-12-06,True,nonbankrupt,CLMB,Climb Global Solutions Inc. Common Stock,CLMB US Equity,Consumer Discretionary,Wholesale - Discretionary,NB_594@2001-12-06,2001-09-07,2000-12-31,13.048,-0.581,2.091,32.275,14.949,,-5.454,-2.888,1.654,0.353,2.631,,-17.474,2.235,216.543,,,33.855,,,17.326,15,340,340,0.8475,2001-11-30,6,17.7304,2001-11-30,6,20.9208,2001-11-30,6,146746.0,2001-11-30,6,173600.0,2001-11-30,6,2001-11-30,6,5,6,0.8475,2001-11-30,0.895,2001-10-31,0.975,2001-09-28,1.0025,2001-08-31,1.0876,2001-07-31,1.005,2001-06-29,0.825,2001-05-31,0.97,2001-04-30,1.0,2001-03-30,0.9219,2001-02-28,0.9219,2001-01-31,0.6406,2000-12-29,0.7188,2000-11-30,77,13,True,True,True,2000-11-30,2001-11-30,2001-12-06,0,8
SA_240,2001-12-06,2,1,bankruptcy,2001,2002-12-06,True,bankrupt,NSTLQ,National Steel Corp.,NSTLQ US Equity,Materials,Steel,SA_240@2001-12-06,2001-09-07,2000-12-31,190.6,-217.3,3.3,767.8,589.1,153.0,-117.2,35.8,-106.3,41.3,522.8,523.3,-129.8,111.0,2978.8999,,114.4,2565.2,637.7,1847.4999,178.7,20,340,340,1.18,2001-11-30,6,51.0704,2001-11-30,6,21.18,2001-11-30,6,906096.0,2001-11-30,6,930100.0,2001-11-30,6,2001-11-30,6,5,6,1.18,2001-11-30,1.0,2001-10-31,1.15,2001-09-28,1.8,2001-08-31,1.9,2001-07-31,1.72,2001-06-29,1.65,2001-05-31,2.11,2001-04-30,2.31,2001-03-30,2.0,2001-02-28,2.36,2001-01-31,1.1875,2000-12-29,1.75,2000-11-30,60,13,True,True,True,2000-11-30,2001-11-30,2001-12-06,0,8
SA_3,2001-12-11,2,1,bankruptcy,2001,2002-12-11,True,bankrupt,AGATQ,"U.S. Aggregates, Inc.",AGATQ US Equity,Materials,Construction Materials,SA_3@2001-12-11,2001-09-12,2000-12-31,34.86,-40.889,5.021,100.913,64.85,16.8,3.674,20.49,-38.079,19.964,29.795,190.673,-17.159,2.81,291.689,,22.842,427.206,213.515,303.23,36.063,20,345,345,0.09,2001-11-30,11,1.3411,2001-11-30,11,14.9006,2001-11-30,11,168322.5,2001-11-30,11,1130000.0,2001-11-30,11,2001-11-30,11,5,11,0.09,2001-11-30,0.2,2001-10-31,0.23,2001-09-28,0.68,2001-08-31,0.89,2001-07-31,1.35,2001-06-29,1.01,2001-05-31,1.26,2001-04-30,5.9,2001-03-30,8.25,2001-02-28,8.5,2001-01-31,7.6875,2000-12-29,8.8125,2000-11-30,28,13,True,True,True,2000-11-30,2001-11-30,2001-12-11,0,8
SA_118,2002-02-19,2,1,bankruptcy,2002,2003-02-19,True,bankrupt,MFNXQ,"Metromedia Fiber Network, Inc.",MFNXQ US Equity,Communications,Telecommunications,SA_118@2002-02-19,2001-11-21,2000-12-31,111.157,-1749.778,1148.8879,1505.387,906.452,,-328.625,-150.084,-1695.837,185.404,0.0,2641.717,-407.241,53.941,188.152,,8.981,6252.3311,2650.698,4007.1061,598.9349,19,415,415,0.41,2002-01-31,19,316.351,2002-01-31,19,704.04889,2002-01-31,19,243383500.0,2002-01-31,19,487047700.0,2002-01-31,19,2002-01-31,19,5,19,0.41,2002-01-31,0.44,2001-12-31,0.56,2001-11-30,0.72,2001-10-31,0.34,2001-09-28,0.75,2001-08-31,0.87,2001-07-31,2.04,2001-06-29,4.02,2001-05-31,5.09,2001-04-30,5.48,2001-03-30,9.5,2001-02-28,15.9375,2001-01-31,52,13,True,True,True,2001-01-31,2002-01-31,2002-02-19,0,8
NB_1011,2002-02-22,1,0,nonbankruptcy_candidate,2002,2003-02-22,True,nonbankrupt,FCFS,FirstCash Holdings Inc. Common Stock,FCFS US Equity,Consumer Discretionary,Retail - Discretionary,NB_1011@2002-02-22,2001-11-24,2000-12-31,24.75,-2.055,6.611,50.466,8.631,2.612,12.002,16.485,12.573,2.859,17.221,42.019,2.615,14.628,103.727,,1.643,119.118,43.662,53.464,41.835,20,418,418,2.7567,2002-01-31,22,72.4014,2002-01-31,22,26.2641,2002-01-31,22,5582287.0,2002-01-31,22,2177400.0,2002-01-31,22,2002-01-31,22,5,22,2.7567,2002-01-31,2.2667,2001-12-31,2.49,2001-11-30,2.6667,2001-10-31,2.5667,2001-09-28,2.8133,2001-08-31,2.6147,2001-07-31,2.2667,2001-06-29,2.4567,2001-05-31,2.2167,2001-04-30,1.6563,2001-03-30,1.3958,2001-02-28,1.0833,2001-01-31,104,13,True,True,True,2001-01-31,2002-01-31,2002-02-22,0,8
NB_1718,2002-02-22,1,0,nonbankruptcy_candidate,2002,2003-02-22,True,nonbankrupt,MGEE,MGE Energy Inc,MGEE US Equity,Utilities,Electric Utilities,NB_1718@2002-02-22,2001-11-24,2000-12-31,66.061,-84.665,4.307,100.52,87.237,35.081,55.517,92.792,-36.891,14.129,21.392,183.437,27.355,47.774,324.108,,44.2,571.604,227.637,371.292,13.283,20,418,418,17.0927,2002-01-31,22,434.958,2002-01-31,22,25.44705,2002-01-31,22,10936960.0,2002-01-31,22,637200.0,2002-01-31,22,2002-01-31,22,5,22,17.0927,2002-01-31,17.6333,2001-12-31,17.7267,2001-11-30,16.2733,2001-10-31,16.7667,2001-09-28,16.0067,2001-08-31,16.26,2001-07-31,18.5333,2001-06-29,15.8,2001-05-31,15.3933,2001-04-30,15.5833,2001-03-30,15.2083,2001-02-28,14.9167,2001-01-31,104,13,True,True,True,2001-01-31,2002-01-31,2002-02-22,0,8
NB_2815,2002-02-22,1,0,nonbankruptcy_candidate,2002,2003-02-22,True,nonbankrupt,UTL,UNITIL Corporation Common Stock,UTL US Equity,Utilities,Electric Utilities,NB_2815@2002-02-22,2001-11-24,2000-12-31,28.659,-18.559,3.06,37.87,64.169,11.964,17.693,29.657,-9.695,6.82,2.854,88.419,7.216,8.864,182.941,,36.642,382.967,125.061,302.807,-26.299,20,418,418,24.15,2002-01-31,22,114.5604,2002-01-31,22,4.7437,2002-01-31,22,1947720.0,2002-01-31,22,82800.0,2002-01-31,22,2002-01-31,22,5,22,24.15,2002-01-31,23.4,2001-12-31,24.4,2001-11-30,24.15,2001-10-31,24.25,2001-09-28,24.1,2001-08-31,24.25,2001-07-31,24.75,2001-06-29,26.25,2001-05-31,25.7,2001-04-30,25.75,2001-03-30,25.25,2001-02-28,25.8,2001-01-31,104,13,True,True,True,2001-01-31,2002-01-31,2002-02-22,0,8
NB_618,2002-02-22,1,0,nonbankruptcy_candidate,2002,2003-02-22,True,nonbankrupt,CMTL,Comtech Telecommunications Corp. Common Stock,CMTL US Equity,Technology,Technology Hardware,NB_618@2002-02-22,2001-11-24,2001-07-31,27.374,-2.776,36.205,104.096,37.007,,13.155,19.73,2.024,4.015,36.732,44.157,6.714,4.8,135.931,,6.997,146.988,51.154,81.423,67.089,19,206,206,4.9556,2002-01-31,22,82.9292,2002-01-31,22,16.7346,2002-01-31,22,4283108.0,2002-01-31,22,794025.0,2002-01-31,22,2002-01-31,22,5,22,4.9556,2002-01-31,5.5111,2001-12-31,5.3467,2001-11-30,6.0,2001-10-31,6.5467,2001-09-28,7.0667,2001-08-31,6.4667,2001-07-31,6.2222,2001-06-29,6.1111,2001-05-31,5.7511,2001-04-30,5.7778,2001-03-30,6.25,2001-02-28,7.9444,2001-01-31,104,13,True,True,True,2001-01-31,2002-01-31,2002-02-22,0,8
SA_308,2002-02-22,2,1,bankruptcy,2002,2003-02-22,True,bankrupt,PTACQ,Pentacon Inc.,PTACQ US Equity,Consumer Discretionary,Wholesale - Discretionary,SA_308@2002-02-22,2001-11-24,2000-12-31,41.433,-5.873,0.158,177.03,108.909,,19.345,25.969,4.26,18.959,124.53,99.745,-0.885,10.133,283.671,,67.501,325.78,167.246,208.654,68.121,19,418,418,0.45,2002-01-31,22,7.6318,2002-01-31,22,16.9595,2002-01-31,22,184199.0,2002-01-31,22,539000.0,2002-01-31,22,2002-01-31,22,5,22,0.45,2002-01-31,0.215,2001-12-31,0.31,2001-11-30,0.42,2001-10-31,0.78,2001-09-28,1.05,2001-08-31,1.25,2001-07-31,1.4,2001-06-29,0.92,2001-05-31,0.9,2001-04-30,0.95,2001-03-30,1.15,2001-02-28,1.13,2001-01-31,47,13,True,True,True,2001-01-31,2002-01-31,2002-02-22,0,8
SA_131,2002-03-05,2,1,bankruptcy,2002,2003-03-05,True,bankrupt,BIR,Birmingham Steel Corp.,BIRS US Equity,Materials,Steel,SA_131@2002-03-05,2001-12-05,2001-06-30,58.261,-10.538,0.935,205.869,400.941,34.255,26.077,60.332,-0.957,33.761,71.708,254.0,-196.986,9.581,599.875,,293.5,701.345,547.5,707.849,-195.072,20,248,248,0.4,2002-02-28,5,12.6194,2002-02-28,5,31.5485,2002-02-28,5,1646885.0,2002-02-28,5,3638300.0,2002-02-28,5,2002-02-28,5,5,5,0.4,2002-02-28,0.33,2002-01-31,0.32,2001-12-31,0.27,2001-11-30,0.77,2001-10-31,1.0,2001-09-28,0.99,2001-08-31,1.04,2001-07-31,1.04,2001-06-29,1.2,2001-05-31,1.05,2001-04-30,0.95,2001-03-30,1.45,2001-02-28,60,13,True,True,True,2001-02-28,2002-02-28,2002-03-05,0,8
NB_1305,2002-03-13,1,0,nonbankruptcy_candidate,2002,2003-03-13,True,nonbankrupt,HUBG,Hub Group Inc. Class A Common Stock,HUBG US Equity,Industrials,Transportation & Logistics,NB_1305@2002-03-13,2001-12-13,2000-12-31,192.969,-26.613,0.0,206.783,212.685,6.875,13.495,26.111,14.737,11.532,0.0,109.089,2.683,41.35,1382.88,,12.341,469.373,121.43,336.976,-5.902,20,437,437,1.0313,2002-02-28,13,63.5951,2002-02-28,13,56.3696,2002-02-28,13,6381084.0,2002-02-28,13,5952000.0,2002-02-28,13,2002-02-28,13,5,13,1.0313,2002-02-28,1.3875,2002-01-31,1.31,2001-12-31,1.22,2001-11-30,1.36,2001-10-31,1.325,2001-09-28,1.75,2001-08-31,1.75,2001-07-31,1.625,2001-06-29,1.6375,2001-05-31,1.2025,2001-04-30,1.2617,2001-03-30,1.2344,2001-02-28,72,13,True,True,True,2001-02-28,2002-02-28,2002-03-13,0,8
NB_1932,2002-03-13,1,0,nonbankruptcy_candidate,2002,2003-03-13,True,nonbankrupt,NTWK,NetSol Technologies Inc. Common Stock,NTWK US Equity,Technology,IT Services,NB_1932@2002-03-13,2001-12-13,2001-06-30,2.173,-0.586,0.306,2.77,3.365,,-6.484,-4.557,-6.784,,0.111,0.249,-14.05,-6.198,6.727,,0.286,13.506,0.535,3.614,-0.595,18,256,256,12.875,2002-02-28,13,4.1147,2002-02-28,13,0.31959,2002-02-28,13,161911.8,2002-02-28,13,13934.0,2002-02-28,13,2002-02-28,13,5,13,12.875,2002-02-28,13.0,2002-01-31,18.0,2001-12-31,16.5,2001-11-30,10.0,2001-10-31,9.0,2001-09-28,8.5,2001-08-31,22.5,2001-07-31,95.0,2001-06-29,199.0,2001-05-31,240.0,2001-04-30,125.0,2001-03-30,200.0,2001-02-28,42,13,True,True,True,2001-02-28,2002-02-28,2002-03-13,0,8
NB_86,2002-03-13,1,0,nonbankruptcy_candidate,2002,2003-03-13,True,nonbankrupt,AIFF,Firefly Neuroscience Inc. Common Stock,AIFF US Equity,Technology,IT Services,NB_86@2002-03-13,2001-12-13,2000-12-31,1.053,0.0,0.043,1.349,2.537,0.184,-0.738,-0.395,-0.155,,0.021,0.0,-0.78,-0.155,5.771,,0.599,2.02,0.599,2.537,-1.188,19,437,437,12.600013,2002-02-28,13,4.276,2002-02-28,13,0.33937,2002-02-28,13,167124.0,2002-02-28,13,11407.0,2002-02-28,13,2002-02-28,13,5,13,12.600013,2002-02-28,15.300015,2002-01-31,16.500017,2001-12-31,6.000006,2001-11-30,7.200007,2001-10-31,4.500005,2001-09-28,6.000006,2001-08-31,9.90001,2001-07-31,7.500008,2001-06-29,15.000015,2001-05-31,18.000018,2001-04-30,7.500008,2001-03-30,4.800005,2001-02-28,86,13,True,True,True,2001-02-28,2002-02-28,2002-03-13,0,8
SA_36,2002-03-13,2,1,bankruptcy,2002,2003-03-13,True,bankrupt,NWPWQ,"NewPower Holdings, Inc.",NWPWQ US Equity,Utilities,Electric Utilities,SA_36@2002-03-13,2001-12-13,2000-12-31,47.885,-12.6,179.885,537.646,105.74,,-183.186,-179.371,-186.529,0.0,44.663,0.0,-169.834,-173.929,84.082,,0.0,712.342,0.0,105.74,431.906,19,437,437,0.83,2002-02-28,13,52.0823,2002-02-28,13,62.7498,2002-02-28,13,6106956.0,2002-02-28,13,8932400.0,2002-02-28,13,2002-02-28,13,5,13,0.83,2002-02-28,0.46,2002-01-31,0.74,2001-12-31,0.99,2001-11-30,0.92,2001-10-31,3.08,2001-09-28,4.0,2001-08-31,7.0,2001-07-31,9.0,2001-06-29,9.05,2001-05-31,8.6,2001-04-30,6.5,2001-03-30,6.25,2001-02-28,17,13,True,True,True,2001-02-28,2002-02-28,2002-03-13,0,8
NB_2442,2002-06-05,1,0,nonbankruptcy_candidate,2002,2003-06-05,True,nonbankrupt,SHEN,Shenandoah Telecommunications Co Common Stock,SHEN US Equity,Communications,Telecommunications,NB_2442@2002-06-05,2002-03-07,2001-12-31,5.739,-27.972,2.037,16.609,21.641,10.54,6.424,17.687,-17.631,4.127,2.934,52.049,16.372,10.341,68.704,74.602,10.587,167.372,62.636,90.932,-5.032,21,156,156,4.4917,2002-05-31,5,203.0952,2002-05-31,5,45.216,2002-05-31,5,7470369.0,2002-05-31,5,1768800.0,2002-05-31,5,2002-05-31,5,5,5,4.4917,2002-05-31,4.1375,2002-04-30,3.25,2002-03-29,2.9875,2002-02-28,3.1625,2002-01-31,3.2708,2001-12-31,3.1667,2001-11-30,2.8683,2001-10-31,2.9,2001-09-28,3.0,2001-08-31,3.0833,2001-07-31,2.4333,2001-06-29,2.5,2001-05-31,98,13,True,True,True,2001-05-31,2002-05-31,2002-06-05,0,8
NB_893,2002-06-05,1,0,nonbankruptcy_candidate,2002,2003-06-05,True,nonbankrupt,EDUC,Educational Development Corporation Common Stock,EDUC US Equity,Consumer Discretionary,Wholesale - Discretionary,NB_893@2002-06-05,2002-03-07,2002-02-28,2.04,-1.889,0.907,12.201,4.041,,2.383,2.504,2.359,0.02,8.976,0.0,1.531,4.248,20.554,,0.0,14.157,0.0,4.041,8.16,19,97,97,3.325,2002-05-31,5,25.5347,2002-05-31,5,7.6796,2002-05-31,5,637317.1,2002-05-31,5,181600.0,2002-05-31,5,2002-05-31,5,5,5,3.325,2002-05-31,3.7,2002-04-30,3.5,2002-03-29,3.405,2002-02-28,3.4927,2002-01-31,2.75,2001-12-31,2.625,2001-11-30,2.87,2001-10-31,2.55,2001-09-28,2.65,2001-08-31,2.125,2001-07-31,1.74,2001-06-29,1.625,2001-05-31,108,13,True,True,True,2001-05-31,2002-05-31,2002-06-05,0,8
SA_223,2002-06-05,2,1,bankruptcy,2002,2003-06-05,True,bankrupt,CFWEQ,Consolidated Freightways Corp.,CFWEQ US Equity,Industrials,Transportation & Logistics,SA_223@2002-06-05,2002-03-07,2001-12-31,292.851,-74.068,28.067,429.302,446.161,54.619,-91.087,-25.135,-115.121,8.361,6.67,15.1,-104.253,-41.053,2237.7029,,83.9,880.58,99.0,732.341,-16.859,20,156,156,3.15,2002-05-31,5,70.6592,2002-05-31,5,22.4315,2002-05-31,5,6511397.0,2002-05-31,5,2011600.0,2002-05-31,5,2002-05-31,5,5,5,3.15,2002-05-31,3.259,2002-04-30,5.24,2002-03-29,4.72,2002-02-28,4.47,2002-01-31,5.09,2001-12-31,3.96,2001-11-30,4.2,2001-10-31,3.03,2001-09-28,5.53,2001-08-31,6.74,2001-07-31,8.96,2001-06-29,8.44,2001-05-31,60,13,True,True,True,2001-05-31,2002-05-31,2002-06-05,0,8
NB_447,2002-08-29,1,0,nonbankruptcy_candidate,2002,2003-08-29,True,nonbankrupt,BSIN,Big Sky Industrial Inc. Common Stock,BSIN US Equity,Energy,Oil & Gas Supply Chain,NB_447@2002-08-29,2002-05-31,2002-05-31,0.9978,-0.0823,2.5643,4.8926,1.4064,,-5.8315,-5.29,-3.4171,0.3453,0.0866,2.3533,-6.1811,-3.3348,2.0041,,0.4057,30.5379,2.759,16.3555,3.4862,19,90,90,119.9998,2002-07-31,29,23.821,2002-07-31,29,0.19851,2002-07-31,29,648030.4,2002-07-31,29,4928.0,2002-07-31,29,2002-07-31,29,5,29,119.9998,2002-07-31,154.3197,2002-06-28,197.3996,2002-05-31,234.652,2002-04-30,248.9995,2002-03-29,224.9996,2002-02-28,248.9395,2002-01-31,287.9994,2001-12-31,245.9995,2001-11-30,200.9996,2001-10-31,227.9995,2001-09-28,245.9995,2001-08-31,257.8907,2001-07-31,110,13,True,True,True,2001-07-31,2002-07-31,2002-08-29,0,8
NB_899,2002-08-29,1,0,nonbankruptcy_candidate,2002,2003-08-29,True,nonbankrupt,EGY,VAALCO Energy Inc. Common Stock,EGY US Equity,Energy,Oil & Gas Supply Chain,NB_899@2002-08-29,2002-05-31,2001-12-31,0.179,-6.795,9.804,10.631,5.526,1.18,-2.461,-1.281,-3.834,0.0,0.324,0.0,-3.099,2.961,1.65,,0.0,19.19,0.0,24.716,5.105,20,241,241,1.11,2002-07-31,29,23.0265,2002-07-31,29,20.7446,2002-07-31,29,609091.5,2002-07-31,29,616800.0,2002-07-31,29,2002-07-31,29,5,29,1.11,2002-07-31,1.03,2002-06-28,0.82,2002-05-31,0.46,2002-04-30,0.47,2002-03-29,0.48,2002-02-28,0.5,2002-01-31,0.55,2001-12-31,0.71,2001-11-30,0.77,2001-10-31,0.84,2001-09-28,0.95,2001-08-31,1.06,2001-07-31,110,13,True,True,True,2001-07-31,2002-07-31,2002-08-29,0,8
SA_45,2002-08-29,2,1,bankruptcy,2002,2003-08-29,True,bankrupt,GENUQ,Genuity Inc.,GENUQ US Equity,Technology,IT Services,SA_45@2002-08-29,2002-05-31,2001-12-31,291.476,-1253.684,956.718,1326.572,689.375,406.3,-1151.522,-676.065,-2077.5099,68.309,0.0,2349.1831,-3960.353,-823.826,1220.5601,,157.405,2994.4709,2506.5881,3099.3901,637.197,20,241,241,0.37,2002-07-31,29,4.1349,2002-07-31,29,10.2624,2002-07-31,29,12892910.0,2002-07-31,29,16048848.0,2002-07-31,29,2002-07-31,29,5,29,0.37,2002-07-31,3.8,2002-06-28,7.0,2002-05-31,14.0,2002-04-30,17.4,2002-03-29,20.0,2002-02-28,23.0,2002-01-31,31.6,2001-12-31,35.0,2001-11-30,30.4,2001-10-31,31.4,2001-09-28,35.6,2001-08-31,47.8,2001-07-31,26,13,True,True,True,2001-07-31,2002-07-31,2002-08-29,0,8
NB_872,2002-09-21,1,0,nonbankruptcy_candidate,2002,2003-09-21,True,nonbankrupt,DXLG,Destination XL Group Inc. Common Stock,DXLG US Equity,Consumer Discretionary,Retail - Discretionary,NB_872@2002-09-21,2002-06-23,2002-02-02,0.491,-4.012,0.0,61.764,48.487,5.3,0.484,5.882,-3.449,1.9,57.734,0.0,-7.881,0.563,174.117,,27.752,90.901,27.752,48.487,13.277,20,231,231,4.689,2002-08-30,22,74.9959,2002-08-30,22,15.994,2002-08-30,22,3432589.0,2002-08-30,22,736900.0,2002-08-30,22,2002-08-30,22,5,22,4.689,2002-08-30,4.91,2002-07-31,6.769,2002-06-28,7.089,2002-05-31,4.34,2002-04-30,4.5,2002-03-29,4.01,2002-02-28,4.19,2002-01-31,3.13,2001-12-31,2.55,2001-11-30,3.02,2001-10-31,3.0,2001-09-28,3.5,2001-08-31,111,13,True,True,True,2001-08-31,2002-08-30,2002-09-20,1,8
SA_58,2002-09-21,2,1,bankruptcy,2002,2003-09-21,True,bankrupt,SVSSF,"Seven Seas Petroleum, Inc.",SVSSF US Equity,Energy,Oil & Gas Supply Chain,SA_58@2002-09-21,2002-06-23,2001-12-31,5.603,-39.263,18.638,44.082,16.194,4.686,-0.838,3.848,-27.672,3.316,1.052,153.102,-4.672,11.591,16.581,,0.0,306.894,153.102,198.691,27.888,20,264,264,0.57,2002-08-30,22,21.6256,2002-08-30,22,37.9396,2002-08-30,22,4711192.0,2002-08-30,22,9574500.0,2002-08-30,22,2002-08-30,22,5,22,0.57,2002-08-30,0.55,2002-07-31,2.27,2002-06-28,2.75,2002-05-31,3.2,2002-04-30,1.85,2002-03-29,2.29,2002-02-28,2.09,2002-01-31,2.11,2001-12-31,1.96,2001-11-30,1.71,2001-10-31,1.45,2001-09-28,2.31,2001-08-31,60,13,True,True,True,2001-08-31,2002-08-30,2002-09-20,1,8
NB_1072,2002-12-17,1,0,nonbankruptcy_candidate,2002,2003-12-17,True,nonbankrupt,FRD,Friedman Industries Inc. Common Stock,FRD US Equity,Materials,Steel,NB_1072@2002-12-17,2002-09-18,2002-03-31,7.485,-1.245,4.684,35.807,10.797,0.903,1.61,2.513,7.821,0.279,23.502,2.053,0.94,9.066,97.818,,0.834,43.986,2.887,13.495,25.01,20,261,261,2.4,2002-11-29,18,18.1709,2002-11-29,18,7.5712,2002-11-29,18,263876.0,2002-11-29,18,112300.0,2002-11-29,18,2002-11-29,18,5,18,2.4,2002-11-29,2.34,2002-10-31,2.37,2002-09-30,2.66,2002-08-30,2.67,2002-07-31,2.62,2002-06-28,2.8,2002-05-31,2.75,2002-04-30,2.65,2002-03-29,2.52,2002-02-28,2.64,2002-01-31,2.4,2001-12-31,2.56,2001-11-30,114,13,True,True,True,2001-11-30,2002-11-29,2002-12-17,0,8
NB_1790,2002-12-17,1,0,nonbankruptcy_candidate,2002,2003-12-17,True,nonbankrupt,MRTN,Marten Transport Ltd. Common Stock,MRTN US Equity,Industrials,Transportation & Logistics,NB_1790@2002-12-17,2002-09-18,2001-12-31,27.295,-31.461,1.99,44.547,27.162,26.989,13.958,40.947,8.835,5.114,0.0,71.545,6.514,40.296,282.764,,3.571,210.293,75.116,137.894,17.385,20,351,351,1.3037,2002-11-29,18,69.9336,2002-11-29,18,53.64226,2002-11-29,18,318122.5,2002-11-29,18,237938.0,2002-11-29,18,2002-11-29,18,5,18,1.3037,2002-11-29,1.3756,2002-10-31,1.5012,2002-09-30,1.4854,2002-08-30,1.5249,2002-07-31,1.5802,2002-06-28,1.3432,2002-05-31,1.28,2002-04-30,1.4412,2002-03-29,1.4025,2002-02-28,1.3827,2002-01-31,1.3985,2001-12-31,1.3432,2001-11-30,114,13,True,True,True,2001-11-30,2002-11-29,2002-12-17,0,8
NB_2887,2002-12-17,1,0,nonbankruptcy_candidate,2002,2003-12-17,True,nonbankrupt,VSAT,ViaSat Inc. Common Stock,VSAT US Equity,Communications,Telecommunications,NB_2887@2002-12-17,2002-09-18,2002-03-31,80.17,-15.617,6.464,127.223,43.765,,4.534,18.697,-25.988,0.37,30.116,,2.157,-10.371,195.628,191.939,9.9,238.667,,46.314,83.458,18,261,261,11.9,2002-11-29,18,309.6178,2002-11-29,18,26.0183,2002-11-29,18,56094670.0,2002-11-29,18,5738838.0,2002-11-29,18,2002-11-29,18,5,18,11.9,2002-11-29,8.083,2002-10-31,6.3,2002-09-30,6.05,2002-08-30,4.81,2002-07-31,8.43,2002-06-28,9.38,2002-05-31,10.63,2002-04-30,14.02,2002-03-29,12.85,2002-02-28,13.15,2002-01-31,15.6,2001-12-31,14.22,2001-11-30,72,13,True,True,True,2001-11-30,2002-11-29,2002-12-17,0,8
NB_594,2002-12-17,1,0,nonbankruptcy_candidate,2002,2003-12-17,True,nonbankrupt,CLMB,Climb Global Solutions Inc. Common Stock,CLMB US Equity,Consumer Discretionary,Wholesale - Discretionary,NB_594@2002-12-17,2002-09-18,2001-12-31,8.449,-0.201,11.425,23.366,9.999,,-4.165,-3.361,-0.169,0.071,0.686,,-4.522,0.032,89.536,,,24.057,,,13.367,15,351,351,0.49,2002-11-29,18,7.772,2002-11-29,18,15.8612,2002-11-29,18,83396.4,2002-11-29,18,163600.0,2002-11-29,18,2002-11-29,18,5,18,0.49,2002-11-29,0.54,2002-10-31,0.5026,2002-09-30,0.5275,2002-08-30,0.5925,2002-07-31,0.575,2002-06-28,0.6,2002-05-31,0.6425,2002-04-30,0.6375,2002-03-29,0.6375,2002-02-28,0.6425,2002-01-31,0.675,2001-12-31,0.8475,2001-11-30,89,13,True,True,True,2001-11-30,2002-11-29,2002-12-17,0,8
NB_691,2002-12-17,1,0,nonbankruptcy_candidate,2002,2003-12-17,True,nonbankrupt,CRS,Carpenter Technology Corporation Common Stock,CRS US Equity,Materials,Steel,NB_691@2002-12-17,2002-09-18,2002-06-30,133.7,-26.7,18.7,375.9,210.8,56.5,20.8,88.5,117.0,34.6,190.0,375.8,-118.3,143.7,977.1,,67.0,1479.5,442.8,971.2,165.1,20,170,170,6.865,2002-11-29,18,306.7556,2002-11-29,18,44.684,2002-11-29,18,24905080.0,2002-11-29,18,4129800.0,2002-11-29,18,2002-11-29,18,5,18,6.865,2002-11-29,5.375,2002-10-31,6.5,2002-09-30,10.42,2002-08-30,11.54,2002-07-31,14.405,2002-06-28,14.625,2002-05-31,13.25,2002-04-30,14.47,2002-03-29,12.02,2002-02-28,11.515,2002-01-31,13.31,2001-12-31,12.855,2001-11-30,114,13,True,True,True,2001-11-30,2002-11-29,2002-12-17,0,8
SA_271,2002-12-17,2,1,bankruptcy,2002,2003-12-17,True,bankrupt,SPGLQ,Spiegel Inc.,SPGLQ US Equity,Consumer Discretionary,Retail - Discretionary,SA_271@2002-12-17,2002-09-18,2001-12-29,638.206,-64.025,29.528,1238.869,1674.978,,-225.601,-143.633,-161.399,59.068,476.903,0.0,-587.474,-97.374,2973.219,,1001.857,1889.5811,1001.857,1674.978,-436.109,19,353,353,0.55,2002-11-29,18,72.5753,2002-11-29,18,14.9451,2002-11-29,18,277461.0,2002-11-29,18,482200.0,2002-11-29,18,2002-11-29,18,5,18,0.55,2002-11-29,0.48,2002-10-31,0.72,2002-09-30,0.66,2002-08-30,0.31,2002-07-31,0.73,2002-06-28,1.52,2002-05-31,1.41,2002-04-30,1.37,2002-03-29,2.5,2002-02-28,3.03,2002-01-31,4.55,2001-12-31,4.53,2001-11-30,60,13,True,True,True,2001-11-30,2002-11-29,2002-12-17,0,8
NB_1826,2002-12-21,1,0,nonbankruptcy_candidate,2002,2003-12-21,True,nonbankrupt,MVIS,MicroVision Inc. Common Stock,MVIS US Equity,Technology,Technology Hardware,NB_1826@2002-12-21,2002-09-22,2001-12-31,1.712,-3.769,15.587,39.451,6.353,,-44.135,-41.754,-38.805,0.092,1.683,0.293,-34.794,-35.036,10.762,,0.227,54.055,0.52,6.905,33.098,19,355,355,662.3967,2002-11-29,22,79.8628,2002-11-29,22,0.12057,2002-11-29,22,8258773.0,2002-11-29,22,14295.0,2002-11-29,22,2002-11-29,22,5,22,662.3967,2002-11-29,551.9972,2002-10-31,453.5977,2002-09-30,539.9973,2002-08-30,395.998,2002-07-31,627.5969,2002-06-28,919.1954,2002-05-31,1325.9934,2002-04-30,1370.3931,2002-03-29,1265.9937,2002-02-28,1519.1924,2002-01-31,1708.7915,2001-12-31,1684.7916,2001-11-30,76,13,True,True,True,2001-11-30,2002-11-29,2002-12-20,1,8
SA_22,2002-12-21,2,1,bankruptcy,2002,2003-12-21,True,bankrupt,SBLUQ,"SONICblue, Inc.",SBLUQ US Equity,Technology,Technology Hardware,SA_22@2002-12-21,2002-09-22,2001-12-31,30.986,-1.365,15.251,157.548,193.883,5.661,-227.057,-187.71,-143.332,10.895,20.571,103.3,-756.249,-141.967,213.823,,15.826,413.507,119.126,319.947,-36.335,20,355,355,0.83,2002-11-29,22,81.1312,2002-11-29,22,97.7484,2002-11-29,22,107044000.0,2002-11-29,22,160480395.0,2002-11-29,22,2002-11-29,22,5,22,0.83,2002-11-29,0.41,2002-10-31,0.24,2002-09-30,0.33,2002-08-30,0.57,2002-07-31,1.03,2002-06-28,1.41,2002-05-31,1.95,2002-04-30,2.52,2002-03-29,3.11,2002-02-28,4.701,2002-01-31,4.04,2001-12-31,2.21,2001-11-30,60,13,True,True,True,2001-11-30,2002-11-29,2002-12-20,1,8
NB_2298,2003-01-01,1,0,nonbankruptcy_candidate,2003,2004-01-01,True,nonbankrupt,RICK,RCI Hospitality Holdings Inc. Common Stock,RICK US Equity,Consumer Discretionary,Leisure Facilities & Services,NB_2298@2003-01-01,2002-10-03,2002-09-30,0.2266,-0.9335,0.7334,1.2347,1.2677,,0.624,1.114,0.3521,0.3704,0.2108,4.1474,-2.2712,1.2855,15.5573,7.0222,0.46,12.4373,4.6074,5.4151,-0.033,20,93,93,2.05,2002-12-31,1,7.6598,2002-12-31,1,3.7365,2002-12-31,1,79827.8,2002-12-31,1,36400.0,2002-12-31,1,2002-12-31,1,5,1,2.05,2002-12-31,2.25,2002-11-29,2.21,2002-10-31,2.38,2002-09-30,2.35,2002-08-30,2.41,2002-07-31,2.75,2002-06-28,2.66,2002-05-31,2.58,2002-04-30,2.85,2002-03-29,2.7,2002-02-28,2.99,2002-01-31,3.06,2001-12-31,87,13,True,True,True,2001-12-31,2002-12-31,2003-01-01,0,8
NB_390,2003-01-01,1,0,nonbankruptcy_candidate,2003,2004-01-01,True,nonbankrupt,BKTI,BK Technologies Corporation Common Stock,BKTI US Equity,Technology,Technology Hardware,NB_390@2003-01-01,2002-10-03,2001-12-31,3.597,-0.087,0.335,13.405,4.143,0.761,0.693,1.749,0.205,0.579,8.961,6.998,0.122,0.292,22.809,,0.11,17.623,7.108,11.141,9.262,20,366,366,2.45,2002-12-31,1,4.1833,2002-12-31,1,1.70748,2002-12-31,1,133412.9,2002-12-31,1,60362.0,2002-12-31,1,2002-12-31,1,5,1,2.45,2002-12-31,2.45,2002-11-29,2.15,2002-10-31,2.55,2002-09-30,2.7,2002-08-30,2.8,2002-07-31,4.0,2002-06-28,4.3,2002-05-31,5.0,2002-04-30,4.5,2002-03-29,4.45,2002-02-28,5.55,2002-01-31,5.25,2001-12-31,115,13,True,True,True,2001-12-31,2002-12-31,2003-01-01,0,8
NB_635,2003-01-01,1,0,nonbankruptcy_candidate,2003,2004-01-01,True,nonbankrupt,CNXN,PC Connection Inc. Common Stock,CNXN US Equity,Consumer Discretionary,Wholesale - Discretionary,NB_635@2003-01-01,2002-10-03,2001-12-31,107.163,-6.122,35.605,207.108,86.666,,13.976,21.791,28.051,1.179,57.456,6.621,7.379,34.173,1186.217,,1.171,243.645,7.792,96.883,120.442,19,366,366,5.07,2002-12-31,1,124.6434,2002-12-31,1,24.5845,2002-12-31,1,5067791.0,2002-12-31,1,767296.0,2002-12-31,1,2002-12-31,1,5,1,5.07,2002-12-31,6.99,2002-11-29,5.8,2002-10-31,4.06,2002-09-30,5.95,2002-08-30,4.65,2002-07-31,4.1,2002-06-28,9.75,2002-05-31,9.9,2002-04-30,10.56,2002-03-29,8.65,2002-02-28,10.45,2002-01-31,14.83,2001-12-31,58,13,True,True,True,2001-12-31,2002-12-31,2003-01-01,0,8
NB_90,2003-01-01,1,0,nonbankruptcy_candidate,2003,2004-01-01,True,nonbankrupt,AIOT,PowerFleet Inc. Common Stock,AIOT US Equity,Technology,Technology Hardware,NB_90@2003-01-01,2002-10-03,2001-12-31,0.234,-0.071,2.426,6.654,0.684,,-4.215,-4.052,-3.256,0.003,0.844,,-3.908,-3.185,0.923,,0.01,7.311,,0.826,5.97,17,366,366,4.38,2002-12-31,1,29.7783,2002-12-31,1,6.7987,2002-12-31,1,624242.5,2002-12-31,1,151450.0,2002-12-31,1,2002-12-31,1,5,1,4.38,2002-12-31,4.45,2002-11-29,4.081,2002-10-31,4.15,2002-09-30,4.73,2002-08-30,6.0,2002-07-31,3.89,2002-06-28,4.05,2002-05-31,7.0,2002-04-30,8.19,2002-03-29,9.8,2002-02-28,10.1,2002-01-31,10.59,2001-12-31,43,13,True,True,True,2001-12-31,2002-12-31,2003-01-01,0,8
NB_974,2003-01-01,1,0,nonbankruptcy_candidate,2003,2004-01-01,True,nonbankrupt,EVI,EVI Industries Inc. Common Stock,EVI US Equity,Industrials,Industrial Support Services,NB_974@2003-01-01,2002-10-03,2002-06-30,1.58,-0.098,1.264,7.159,2.596,0.056,0.818,0.931,1.153,0.054,3.663,0.48,-0.28,1.251,14.289,,0.32,7.913,0.8,3.076,4.563,20,185,185,0.55,2002-12-31,1,3.848,2002-12-31,1,6.9964,2002-12-31,1,42155.0,2002-12-31,1,85500.0,2002-12-31,1,2002-12-31,1,5,1,0.55,2002-12-31,0.46,2002-11-29,0.45,2002-10-31,0.4,2002-09-30,0.49,2002-08-30,0.5,2002-07-31,0.64,2002-06-28,0.65,2002-05-31,0.75,2002-04-30,0.6,2002-03-29,0.75,2002-02-28,0.81,2002-01-31,0.53,2001-12-31,114,13,True,True,True,2001-12-31,2002-12-31,2003-01-01,0,8
SA_166,2003-01-01,2,1,bankruptcy,2003,2004-01-01,True,bankrupt,FLMIQ,"Fleming Companies, Inc.",FLMIQ US Equity,Consumer Staples,Wholesale - Consumer Staples,SA_166@2003-01-01,2002-10-03,2001-12-29,588.269,-238.413,17.325,1740.071,1265.127,,229.313,395.719,-270.558,165.534,1014.695,1759.765,23.308,-32.145,15627.7402,,51.275,3654.6931,1811.04,3156.474,474.9441,19,368,368,6.57,2002-12-31,1,358.0716,2002-12-31,1,54.501,2002-12-31,1,65710680.0,2002-12-31,1,9546600.0,2002-12-31,1,2002-12-31,1,5,1,6.57,2002-12-31,7.5,2002-11-29,6.44,2002-10-31,5.0,2002-09-30,10.1,2002-08-30,13.75,2002-07-31,18.15,2002-06-28,22.14,2002-05-31,22.04,2002-04-30,22.4,2002-03-29,16.3,2002-02-28,20.52,2002-01-31,18.5,2001-12-31,60,13,True,True,True,2001-12-31,2002-12-31,2003-01-01,0,8
NB_1617,2003-02-05,1,0,nonbankruptcy_candidate,2003,2004-02-05,True,nonbankrupt,LOGI,Logitech International S.A. Ordinary Shares,LOGI US Equity,Technology,Technology Hardware,NB_1617@2003-02-05,2002-11-07,2002-03-31,287.881,-37.133,240.767,733.425,286.367,47.543,164.532,218.3,153.423,6.167,143.221,176.346,126.856,190.556,1596.8571,,9.299,1007.554,185.645,464.078,447.058,20,311,311,8.375,2003-01-31,5,,,,,,,51627740.0,2003-01-31,5,6189124.0,2003-01-31,5,2003-01-31,5,3,5,8.375,2003-01-31,7.6275,2002-12-31,9.175,2002-11-29,8.0975,2002-10-31,6.79,2002-09-30,8.2,2002-08-30,10.2225,2002-07-31,11.7625,2002-06-28,11.9475,2002-05-31,11.4025,2002-04-30,11.8,2002-03-29,10.4175,2002-02-28,10.545,2002-01-31,71,13,True,True,True,2002-01-31,2003-01-31,2003-02-05,0,8
NB_2794,2003-02-05,1,0,nonbankruptcy_candidate,2003,2004-02-05,True,nonbankrupt,UNFI,United Natural Foods Inc. Common Stock,UNFI US Equity,Consumer Staples,Wholesale - Consumer Staples,NB_2794@2003-02-05,2002-11-07,2002-07-31,84.816,-27.789,11.184,237.095,185.398,,40.389,48.595,-16.351,7.233,131.932,8.672,17.209,11.438,1175.393,160.387,108.804,354.457,117.476,194.07,51.697,20,189,189,10.49,2003-01-31,5,400.9509,2003-01-31,5,38.2222,2003-01-31,5,95521730.0,2003-01-31,5,8498062.0,2003-01-31,5,2003-01-31,5,5,5,10.49,2003-01-31,12.675,2002-12-31,12.875,2002-11-29,12.15,2002-10-31,11.515,2002-09-30,10.125,2002-08-30,9.21,2002-07-31,9.85,2002-06-28,11.45,2002-05-31,11.975,2002-04-30,12.455,2002-03-29,11.86,2002-02-28,11.495,2002-01-31,75,13,True,True,True,2002-01-31,2003-01-31,2003-02-05,0,8
SA_235,2003-02-05,2,1,bankruptcy,2003,2004-02-05,True,bankrupt,ACTRQ,Acterna Corp.,ACTRQ US Equity,Technology,Technology Hardware,SA_235@2003-02-05,2002-11-07,2002-03-31,126.381,-38.403,42.739,412.765,309.139,36.391,-63.886,34.144,-36.282,96.623,112.601,1056.062,-374.893,2.121,1067.637,,31.46,1014.556,1087.522,1451.331,103.626,20,311,311,0.15,2003-01-31,5,28.8371,2003-01-31,5,192.2475,2003-01-31,5,1037809.0,2003-01-31,5,4791825.0,2003-01-31,5,2003-01-31,5,5,5,0.15,2003-01-31,0.16,2002-12-31,0.26,2002-11-29,0.3,2002-10-31,0.4,2002-09-30,0.49,2002-08-30,0.41,2002-07-31,0.411,2002-06-28,1.359,2002-05-31,1.4,2002-04-30,1.5,2002-03-29,1.73,2002-02-28,2.43,2002-01-31,57,13,True,True,True,2002-01-31,2003-01-31,2003-02-05,0,8
SA_178,2003-02-06,2,1,bankruptcy,2003,2004-02-06,True,bankrupt,DZTKQ,DaisyTek International Corp.,DZTKQ US Equity,Consumer Discretionary,Wholesale - Discretionary,SA_178@2003-02-06,2002-11-08,2002-03-31,175.921,-11.272,4.147,308.704,105.362,,34.781,40.344,-18.586,7.221,115.377,111.343,10.853,-7.314,1185.03,,7.069,414.39,118.412,218.37,203.342,19,312,312,7.0,2003-01-31,6,129.7674,2003-01-31,6,18.5382,2003-01-31,6,8727583.0,2003-01-31,6,1129475.0,2003-01-31,6,2003-01-31,6,5,6,7.0,2003-01-31,7.93,2002-12-31,8.378,2002-11-29,8.51,2002-10-31,13.0,2002-09-30,13.25,2002-08-30,14.14,2002-07-31,16.96,2002-06-28,14.22,2002-05-31,15.93,2002-04-30,15.91,2002-03-29,14.59,2002-02-28,14.3,2002-01-31,60,13,True,True,True,2002-01-31,2003-01-31,2003-02-06,0,8
NB_1707,2003-02-14,1,0,nonbankruptcy_candidate,2003,2004-02-14,True,nonbankrupt,MED,MEDIFAST INC Common Stock,MED US Equity,Consumer Discretionary,Consumer Services,NB_1707@2003-02-14,2002-11-16,2001-12-31,0.283,-0.046,0.27,1.936,0.435,,0.745,0.956,0.605,0.24,0.64,0.234,0.588,0.651,5.022,,0.098,3.357,0.332,0.669,1.501,19,410,410,4.71,2003-01-31,14,32.1834,2003-01-31,14,6.833,2003-01-31,14,14709300.0,2003-01-31,14,2966300.0,2003-01-31,14,2003-01-31,14,5,14,4.71,2003-01-31,5.32,2002-12-31,3.09,2002-11-29,2.92,2002-10-31,1.79,2002-09-30,1.26,2002-08-30,0.93,2002-07-31,0.81,2002-06-28,0.78,2002-05-31,0.82,2002-04-30,0.83,2002-03-29,0.61,2002-02-28,0.45,2002-01-31,110,13,True,True,True,2002-01-31,2003-01-31,2003-02-14,0,8
NB_691,2003-02-14,1,0,nonbankruptcy_candidate,2003,2004-02-14,True,nonbankrupt,CRS,Carpenter Technology Corporation Common Stock,CRS US Equity,Materials,Steel,NB_691@2003-02-14,2002-11-16,2002-06-30,133.7,-26.7,18.7,375.9,210.8,56.5,20.8,88.5,117.0,34.6,190.0,375.8,-118.3,143.7,977.1,,67.0,1479.5,442.8,971.2,165.1,20,229,229,5.455,2003-01-31,14,243.7512,2003-01-31,14,44.684,2003-01-31,14,13654710.0,2003-01-31,14,2160800.0,2003-01-31,14,2003-01-31,14,5,14,5.455,2003-01-31,6.225,2002-12-31,6.865,2002-11-29,5.375,2002-10-31,6.5,2002-09-30,10.42,2002-08-30,11.54,2002-07-31,14.405,2002-06-28,14.625,2002-05-31,13.25,2002-04-30,14.47,2002-03-29,12.02,2002-02-28,11.515,2002-01-31,116,13,True,True,True,2002-01-31,2003-01-31,2003-02-14,0,8
NB_791,2003-02-14,1,0,nonbankruptcy_candidate,2003,2004-02-14,True,nonbankrupt,DECK,Deckers Outdoor Corporation Common Stock,DECK US Equity,Consumer Discretionary,Apparel & Textile Products,NB_791@2003-02-14,2002-11-16,2001-12-31,20.395,-2.455,16.689,60.58,19.193,,4.518,8.095,8.594,,18.425,0.159,1.626,11.049,91.461,,0.29,85.884,0.449,19.352,41.387,18,410,410,0.2433,2003-01-31,14,40.9534,2003-01-31,14,168.30179,2003-01-31,14,313873.5,2003-01-31,14,1448406.0,2003-01-31,14,2003-01-31,14,5,14,0.2433,2003-01-31,0.1856,2002-12-31,0.2144,2002-11-29,0.2067,2002-10-31,0.2467,2002-09-30,0.2621,2002-08-30,0.2472,2002-07-31,0.245,2002-06-28,0.2556,2002-05-31,0.2944,2002-04-30,0.2911,2002-03-29,0.2778,2002-02-28,0.2889,2002-01-31,112,13,True,True,True,2002-01-31,2003-01-31,2003-02-14,0,8
SA_277,2003-02-14,2,1,bankruptcy,2003,2004-02-14,True,bankrupt,MSPIQ,Mississippi Chemical Corp.,MSPIQ US Equity,Consumer Discretionary,Consumer Services,SA_277@2003-02-14,2002-11-16,2002-06-30,46.384,-12.401,1.989,135.268,157.249,44.743,-14.745,29.998,41.299,27.886,66.746,214.215,-121.196,53.7,451.294,,110.172,630.285,324.387,450.809,-21.981,20,229,229,0.35,2003-01-31,14,9.1587,2003-01-31,14,26.1678,2003-01-31,14,431402.0,2003-01-31,14,1355100.0,2003-01-31,14,2003-01-31,14,5,14,0.35,2003-01-31,0.32,2002-12-31,0.53,2002-11-29,0.38,2002-10-31,0.68,2002-09-30,1.25,2002-08-30,1.06,2002-07-31,1.12,2002-06-28,1.42,2002-05-31,1.78,2002-04-30,2.75,2002-03-29,3.46,2002-02-28,3.94,2002-01-31,60,13,True,True,True,2002-01-31,2003-01-31,2003-02-14,0,8
NB_1593,2003-03-19,2,0,nonbankruptcy_candidate,2003,2004-03-19,True,nonbankrupt,LINK,Interlink Electronics Inc. Common Stock,LINK US Equity,Technology,Technology Hardware,NB_1593@2003-03-19,2002-12-19,1996-12-31,3.649,-0.432,3.767,11.335,2.366,,0.606,1.208,-1.771,0.118,3.634,0.85,0.515,-1.339,13.485,,0.403,13.185,1.253,3.216,8.969,19,2269,2269,2.6222,2003-02-28,19,28.8247,2003-02-28,19,10.99249,2003-02-28,19,546110.1,2003-02-28,19,202264.0,2003-02-28,19,2003-02-28,19,5,19,2.6222,2003-02-28,2.9422,2003-01-31,3.4489,2002-12-31,3.8222,2002-11-29,3.2,2002-10-31,2.6667,2002-09-30,3.1111,2002-08-30,3.1013,2002-07-31,4.0444,2002-06-28,4.7911,2002-05-31,5.9022,2002-04-30,5.368,2002-03-29,2.7556,2002-02-28,117,13,True,True,True,2002-02-28,2003-02-28,2003-03-19,0,8
SA_140,2003-03-19,2,1,bankruptcy,2003,2004-03-19,True,bankrupt,RDRTQ,Read-Rite Corp.,RDRTQ US Equity,Technology,Technology Hardware,SA_140@2003-03-19,2002-12-19,2002-09-30,14.057,-49.702,18.307,61.412,102.883,,-203.474,-108.5,-156.183,4.046,18.111,46.034,-234.632,-106.481,262.779,,28.076,263.155,74.11,163.181,-41.471,19,170,170,1.16,2003-02-28,19,28.0991,2003-02-28,19,24.2234,2003-02-28,19,12995680.0,2003-02-28,19,8898638.0,2003-02-28,19,2003-02-28,19,5,19,1.16,2003-02-28,1.45,2003-01-31,1.75,2002-12-31,4.5,2002-11-29,3.45,2002-10-31,2.6,2002-09-30,3.0,2002-08-30,1.8,2002-07-31,2.4,2002-06-28,11.85,2002-05-31,17.75,2002-04-30,15.35,2002-03-29,14.15,2002-02-28,60,13,True,True,True,2002-02-28,2003-02-28,2003-03-19,0,8
NB_873,2003-03-29,1,0,nonbankruptcy_candidate,2003,2004-03-29,True,nonbankrupt,DXPE,DXP Enterprises Inc. Common Stock,DXPE US Equity,Industrials,Industrial Support Services,NB_873@2003-03-29,2002-12-29,2001-12-31,18.757,-0.691,2.26,45.937,27.017,,4.034,5.415,6.448,2.48,22.922,22.864,0.929,7.139,174.429,8.323,7.273,58.889,30.137,50.131,18.92,20,453,453,0.475,2003-02-28,29,3.8681,2003-02-28,29,8.1434,2003-02-28,29,20180.66,2003-02-28,29,39336.0,2003-02-28,29,2003-02-28,29,5,29,0.475,2003-02-28,0.49,2003-01-31,0.545,2002-12-31,0.53,2002-11-29,0.48,2002-10-31,0.515,2002-09-30,0.55,2002-08-30,0.5,2002-07-31,0.6,2002-06-28,0.805,2002-05-31,0.58,2002-04-30,0.7,2002-03-29,0.625,2002-02-28,94,13,True,True,True,2002-02-28,2003-02-28,2003-03-28,1,8
SA_105,2003-03-29,2,1,bankruptcy,2003,2004-03-29,True,bankrupt,NSV,National Equipment Services Inc.,NEQSQ US Equity,Industrials,Industrial Support Services,SA_105@2003-03-29,2002-12-29,2001-12-31,102.144,-25.111,4.199,133.128,133.315,14.608,21.452,144.219,75.458,68.306,26.785,869.015,-30.907,100.569,555.298,,8.04,1202.3311,877.055,1005.703,-0.187,20,453,453,0.135,2003-02-28,29,2.8554,2003-02-28,29,21.1512,2003-02-28,29,47892.5,2003-02-28,29,284600.0,2003-02-28,29,2003-02-28,29,5,29,0.135,2003-02-28,0.21,2003-01-31,0.3,2002-12-31,0.2,2002-11-29,0.58,2002-10-31,0.6,2002-09-30,1.35,2002-08-30,1.9,2002-07-31,1.55,2002-06-28,3.25,2002-05-31,3.05,2002-04-30,2.75,2002-03-29,2.55,2002-02-28,56,13,True,True,True,2002-02-28,2003-02-28,2003-03-28,1,8
NB_1664,2003-03-31,1,0,nonbankruptcy_candidate,2003,2004-03-31,True,nonbankrupt,MAGN,Magnera Corporation Common Stock,MAGN US Equity,Materials,"Forestry, Paper & Wood Products",NB_1664@2003-03-31,2002-12-31,2002-12-31,59.171,-51.108,32.219,174.922,86.782,45.003,72.582,117.585,26.93,15.103,69.89,218.709,37.595,78.038,550.161,373.833,1.823,953.202,220.532,579.369,88.14,21,90,90,138.5801,2003-03-31,0,465.8196,2003-03-31,0,3.36137,2003-03-31,0,26001520.0,2003-03-31,0,192746.0,2003-03-31,0,2003-03-31,0,5,0,138.5801,2003-03-31,129.3501,2003-02-28,162.5002,2003-01-31,171.0802,2002-12-31,169.2602,2002-11-29,156.7802,2002-10-31,150.1502,2002-09-30,177.4502,2002-08-30,193.0502,2002-07-31,244.4002,2002-06-28,245.1802,2002-05-31,227.8902,2002-04-30,233.2202,2002-03-29,118,13,True,True,True,2002-03-29,2003-03-31,2003-03-31,0,8
NB_2778,2003-03-31,1,0,nonbankruptcy_candidate,2003,2004-03-31,True,nonbankrupt,UFPI,UFP Industries Inc. Common Stock,UFPI US Equity,Materials,"Forestry, Paper & Wood Products",NB_2778@2003-03-31,2002-12-31,2002-12-28,105.217,-31.295,17.534,298.177,112.921,23.371,72.111,96.634,-10.499,11.375,166.006,235.319,36.637,20.796,1639.899,264.434,8.253,638.874,243.572,367.4,185.256,21,93,93,5.1667,2003-03-31,0,274.5934,2003-03-31,0,53.1471,2003-03-31,0,16892080.0,2003-03-31,0,3183675.0,2003-03-31,0,2003-03-31,0,5,0,5.1667,2003-03-31,5.7,2003-02-28,6.2867,2003-01-31,7.107,2002-12-31,7.1733,2002-11-29,5.9567,2002-10-31,6.2733,2002-09-30,6.7367,2002-08-30,6.3333,2002-07-31,7.8067,2002-06-28,8.2233,2002-05-31,8.3333,2002-04-30,7.9633,2002-03-29,113,13,True,True,True,2002-03-29,2003-03-31,2003-03-31,0,8
SA_203,2003-03-31,2,1,bankruptcy,2003,2004-03-31,True,bankrupt,CRPP,Crown Pacific Partners L.P.,1514052D US Equity,Materials,"Forestry, Paper & Wood Products",SA_203@2003-03-31,2002-12-31,2002-12-31,42.373,-9.846,12.993,93.939,62.459,30.574,3.679,34.253,-24.004,51.824,33.385,503.181,-59.071,-14.158,323.416,,36.009,612.965,539.19,574.81,31.48,20,90,90,0.74,2003-02-28,31,22.59,2003-02-28,31,30.527,2003-02-28,31,1743404.0,2003-02-28,31,1771900.0,2003-02-28,31,2003-02-28,31,5,31,0.74,2003-02-28,1.63,2003-01-31,1.79,2002-12-31,1.99,2002-11-29,1.78,2002-10-31,2.76,2002-09-30,3.8,2002-08-30,3.3,2002-07-31,4.85,2002-06-28,5.16,2002-05-31,5.08,2002-04-30,6.32,2002-03-29,6.27,2002-02-28,60,13,True,True,True,2002-02-28,2003-02-28,2003-03-31,0,8
NB_1047,2003-05-22,1,0,nonbankruptcy_candidate,2003,2004-05-22,True,nonbankrupt,FLL,Full House Resorts Inc. Common Stock,FLL US Equity,Consumer Discretionary,Leisure Facilities & Services,NB_1047@2003-05-22,2003-02-21,2002-12-31,0.187,-0.016,1.164,1.458,2.567,,1.871,2.088,1.756,0.146,0.0,0.0,0.956,1.772,4.818,,2.381,11.147,2.381,2.567,-1.109,19,142,142,0.6435,2003-04-30,22,7.0315,2003-04-30,22,10.92737,2003-04-30,22,64511.0,2003-04-30,22,115927.0,2003-04-30,22,2003-04-30,22,5,22,0.6435,2003-04-30,0.4448,2003-03-31,0.4826,2003-02-28,0.388,2003-01-31,0.4826,2002-12-31,0.6624,2002-11-29,0.5015,2002-10-31,0.4164,2002-09-30,0.3028,2002-08-30,0.3028,2002-07-31,0.3785,2002-06-28,0.3785,2002-05-31,0.5205,2002-04-30,117,13,True,True,True,2002-04-30,2003-04-30,2003-05-22,0,8
NB_1623,2003-05-22,1,0,nonbankruptcy_candidate,2003,2004-05-22,True,nonbankrupt,LPTH,LightPath Technologies Inc. Class A Common Stock,LPTH US Equity,Technology,Technology Hardware,NB_1623@2003-05-22,2003-02-21,2002-06-30,1.56,-2.758,13.178,18.673,4.535,,-34.014,-23.091,-15.612,0.204,2.404,0.0,-50.684,-12.854,12.507,,0.089,36.977,0.089,4.535,14.138,19,326,326,1.27,2003-04-30,22,3.2824,2003-04-30,22,2.5846,2003-04-30,22,153544.0,2003-04-30,22,124924.0,2003-04-30,22,2003-04-30,22,5,22,1.27,2003-04-30,1.28,2003-03-31,1.992,2003-02-28,2.64,2003-01-31,2.56,2002-12-31,4.8,2002-11-29,3.76,2002-10-31,3.12,2002-09-30,4.16,2002-08-30,4.64,2002-07-31,7.2,2002-06-28,9.6,2002-05-31,13.6,2002-04-30,87,13,True,True,True,2002-04-30,2003-04-30,2003-05-22,0,8
NB_2815,2003-05-22,1,0,nonbankruptcy_candidate,2003,2004-05-22,True,nonbankrupt,UTL,UNITIL Corporation Common Stock,UTL US Equity,Utilities,Electric Utilities,NB_2815@2003-05-22,2003-02-21,2002-12-31,24.355,-20.825,7.16,40.424,66.04,14.911,17.336,32.247,-11.257,7.057,2.323,109.857,6.088,9.568,188.386,,40.033,480.783,149.89,406.208,-25.616,20,142,142,24.02,2003-04-30,22,113.9437,2003-04-30,22,4.7437,2003-04-30,22,1990300.0,2003-04-30,22,83900.0,2003-04-30,22,2003-04-30,22,5,22,24.02,2003-04-30,25.0,2003-03-31,26.1,2003-02-28,24.41,2003-01-31,24.8,2002-12-31,26.5,2002-11-29,26.65,2002-10-31,27.15,2002-09-30,26.9,2002-08-30,26.18,2002-07-31,29.88,2002-06-28,31.4,2002-05-31,27.75,2002-04-30,119,13,True,True,True,2002-04-30,2003-04-30,2003-05-22,0,8
SA_117,2003-05-22,2,1,bankruptcy,2003,2004-05-22,True,bankrupt,DDICQ,DDI Corp.,DDICQ US Equity,Technology,Technology Hardware,SA_117@2003-05-22,2003-02-21,2002-12-31,41.986,-10.715,28.934,109.488,335.001,21.282,-20.336,0.946,-21.583,22.148,28.24,47.587,-288.093,-10.868,248.826,,279.383,221.192,326.97,385.052,-225.513,20,142,142,0.065,2003-04-30,22,3.1988,2003-04-30,22,49.2125,2003-04-30,22,4602118.0,2003-04-30,22,43167856.0,2003-04-30,22,2003-04-30,22,5,22,0.065,2003-04-30,0.15,2003-03-31,0.1,2003-02-28,0.16,2003-01-31,0.22,2002-12-31,0.44,2002-11-29,0.201,2002-10-31,0.159,2002-09-30,0.49,2002-08-30,0.64,2002-07-31,0.9,2002-06-28,2.75,2002-05-31,6.02,2002-04-30,37,13,True,True,True,2002-04-30,2003-04-30,2003-05-22,0,8
SA_68,2003-06-16,2,1,bankruptcy,2003,2004-06-16,True,bankrupt,NTHWQ,NorthWestern Corporation,NTHWQ US Equity,Utilities,Electric Utilities,SA_68@2003-06-16,2003-03-18,2002-12-31,91.807,-147.847,26.554,559.922,513.924,63.24,110.741,174.0,-217.711,98.01,28.096,2012.772,-863.942,-69.864,783.744,,25.909,2785.061,2038.681,3240.637,45.998,20,167,167,2.68,2003-05-30,17,100.9827,2003-05-30,17,37.6801,2003-05-30,17,47385930.0,2003-05-30,17,18423400.0,2003-05-30,17,2003-05-30,17,5,17,2.68,2003-05-30,2.42,2003-04-30,2.1,2003-03-31,2.64,2003-02-28,5.25,2003-01-31,5.08,2002-12-31,8.04,2002-11-29,8.5,2002-10-31,9.76,2002-09-30,12.75,2002-08-30,11.56,2002-07-31,16.95,2002-06-28,17.63,2002-05-31,60,13,True,True,True,2002-05-31,2003-05-30,2003-06-16,0,8
NB_590,2003-06-26,1,0,nonbankruptcy_candidate,2003,2004-06-26,True,nonbankrupt,CLF,Cleveland-Cliffs Inc. Common Stock,CLF US Equity,Materials,Steel,NB_590@2003-06-26,2003-03-28,2002-12-31,23.1,-10.6,61.8,300.5,204.8,33.9,-7.9,26.0,17.9,6.6,184.4,35.0,-188.3,28.5,598.6,,20.0,730.1,55.0,630.9,95.7,20,177,177,1.8875,2003-05-30,27,155.8682,2003-05-30,27,82.5792,2003-05-30,27,18225750.0,2003-05-30,27,8746400.0,2003-05-30,27,2003-05-30,27,5,27,1.8875,2003-05-30,2.25,2003-04-30,2.3313,2003-03-31,2.635,2003-02-28,2.5612,2003-01-31,2.4813,2002-12-31,2.5938,2002-11-29,2.525,2002-10-31,3.0063,2002-09-30,3.29,2002-08-30,3.05,2002-07-31,3.45,2002-06-28,3.5738,2002-05-31,120,13,True,True,True,2002-05-31,2003-05-30,2003-06-26,0,8
SA_251,2003-06-26,2,1,bankruptcy,2003,2004-06-26,True,bankrupt,CJML,Cone Mills Corp,CJML US Equity,Consumer Discretionary,Apparel & Textile Products,SA_251@2003-06-26,2003-03-28,2002-12-29,33.017,-7.968,1.654,85.149,97.207,19.515,30.703,50.218,35.112,15.816,48.848,99.019,11.369,43.08,445.6,,46.17,318.262,145.189,224.809,-12.058,20,179,179,1.6,2003-05-30,27,41.2357,2003-05-30,27,25.7723,2003-05-30,27,1043343.0,2003-05-30,27,665500.0,2003-05-30,27,2003-05-30,27,5,27,1.6,2003-05-30,1.36,2003-04-30,1.91,2003-03-31,1.85,2003-02-28,1.31,2003-01-31,1.72,2002-12-31,2.1,2002-11-29,2.49,2002-10-31,2.47,2002-09-30,2.8,2002-08-30,2.6,2002-07-31,2.68,2002-06-28,3.5,2002-05-31,60,13,True,True,True,2002-05-31,2003-05-30,2003-06-26,0,8
SA_47,2003-07-25,2,1,bankruptcy,2003,2004-07-25,True,bankrupt,RGIDQ,"Rouge Industries, Inc.",RGIDQ US Equity,Materials,Steel,SA_47@2003-07-25,2003-04-26,2002-12-31,71.204,-4.716,2.62,322.975,299.576,,-77.035,-52.252,-35.778,10.442,220.568,85.0,-52.333,-31.062,1127.001,,101.181,652.4,186.181,572.891,23.399,19,206,206,0.61,2003-06-30,25,13.5708,2003-06-30,25,15.1072,2003-06-30,25,1272910.0,2003-06-30,25,1765500.0,2003-06-30,25,2003-06-30,25,5,25,0.61,2003-06-30,0.46,2003-05-30,0.47,2003-04-30,0.5,2003-03-31,0.5,2003-02-28,0.91,2003-01-31,1.02,2002-12-31,1.18,2002-11-29,1.14,2002-10-31,1.17,2002-09-30,1.45,2002-08-30,1.49,2002-07-31,1.8,2002-06-28,60,13,True,True,True,2002-06-28,2003-06-30,2003-07-25,0,8
NB_1548,2003-11-06,1,0,nonbankruptcy_candidate,2003,2004-11-06,True,nonbankrupt,LAKE,Lakeland Industries Inc. Common Stock,LAKE US Equity,Consumer Discretionary,Apparel & Textile Products,NB_1548@2003-11-06,2003-08-08,2003-01-31,10.364,-1.734,1.474,38.859,20.934,0.595,4.359,4.954,0.066,0.643,25.47,0.515,2.604,1.8,77.826,,16.658,42.823,17.173,21.464,17.925,20,279,279,9.7603,2003-10-31,6,38.6069,2003-10-31,6,3.95549,2003-10-31,6,2486345.0,2003-10-31,6,256036.0,2003-10-31,6,2003-10-31,6,5,6,9.7603,2003-10-31,9.8099,2003-09-30,8.2314,2003-08-29,8.6281,2003-07-31,7.731,2003-06-30,7.3253,2003-05-30,6.7994,2003-04-30,6.3862,2003-03-31,5.9354,2003-02-28,5.2442,2003-01-31,5.2817,2002-12-31,5.6341,2002-11-29,5.3351,2002-10-31,125,13,True,True,True,2002-10-31,2003-10-31,2003-11-06,0,8
NB_170,2003-11-06,1,0,nonbankruptcy_candidate,2003,2004-11-06,True,nonbankrupt,ANDE,Andersons Inc. (The) Common Stock,ANDE US Equity,Consumer Staples,Wholesale - Consumer Staples,NB_170@2003-11-06,2003-08-08,2002-12-31,59.8,-9.834,6.095,337.289,255.534,14.314,22.073,36.387,13.415,9.812,256.275,84.272,14.244,23.249,1076.527,105.765,79.775,469.218,164.047,363.453,81.755,21,310,310,5.36,2003-10-31,6,114.168,2003-10-31,6,21.3,2003-10-31,6,2935614.0,2003-10-31,6,557670.0,2003-10-31,6,2003-10-31,6,5,6,5.36,2003-10-31,5.08,2003-09-30,4.5,2003-08-29,4.37,2003-07-31,4.0833,2003-06-30,4.3797,2003-05-30,3.86,2003-04-30,4.2633,2003-03-31,4.3,2003-02-28,4.28,2003-01-31,4.2333,2002-12-31,3.9867,2002-11-29,3.9567,2002-10-31,93,13,True,True,True,2002-10-31,2003-10-31,2003-11-06,0,8
NB_2140,2003-11-06,1,0,nonbankruptcy_candidate,2003,2004-11-06,True,nonbankrupt,PLUS,ePlus inc. Common Stock,PLUS US Equity,Consumer Discretionary,Wholesale - Discretionary,NB_2140@2003-11-06,2003-08-08,2003-03-31,38.385,-1.549,27.784,67.595,48.885,,24.781,29.292,34.242,8.308,1.373,115.678,9.713,35.791,299.646,,2.736,278.941,118.414,169.323,18.71,19,220,220,3.6425,2003-10-31,6,138.4179,2003-10-31,6,38.0008,2003-10-31,6,11172410.0,2003-10-31,6,2902272.0,2003-10-31,6,2003-10-31,6,5,6,3.6425,2003-10-31,3.9,2003-09-30,3.2625,2003-08-29,3.45,2003-07-31,2.66,2003-06-30,2.3152,2003-05-30,2.25,2003-04-30,1.8,2003-03-31,1.8175,2003-02-28,1.8375,2003-01-31,1.7625,2002-12-31,1.8498,2002-11-29,1.8151,2002-10-31,84,13,True,True,True,2002-10-31,2003-10-31,2003-11-06,0,8
NB_706,2003-11-06,1,0,nonbankruptcy_candidate,2003,2004-11-06,True,nonbankrupt,CSV,Carriage Services Inc. Common Stock,CSV US Equity,Consumer Discretionary,Consumer Services,NB_706@2003-11-06,2003-08-08,2002-12-31,14.64,-6.034,2.702,26.865,28.463,6.566,32.247,43.355,12.911,19.75,,236.939,20.278,18.945,154.176,,2.348,703.754,239.287,605.263,-1.598,19,310,310,3.27,2003-10-31,6,57.1433,2003-10-31,6,17.475,2003-10-31,6,1752435.0,2003-10-31,6,514500.0,2003-10-31,6,2003-10-31,6,5,6,3.27,2003-10-31,3.38,2003-09-30,3.19,2003-08-29,3.13,2003-07-31,3.54,2003-06-30,3.57,2003-05-30,3.7,2003-04-30,3.55,2003-03-31,3.94,2003-02-28,4.25,2003-01-31,3.98,2002-12-31,4.45,2002-11-29,3.35,2002-10-31,87,13,True,True,True,2002-10-31,2003-10-31,2003-11-06,0,8
SA_0,2003-11-06,2,1,bankruptcy,2003,2004-11-06,True,bankrupt,AVDO,Avado Brands Inc.,AVDO US Equity,Consumer Discretionary,Leisure Facilities & Services,SA_0@2003-11-06,2003-08-08,2002-12-29,5.087,-5.426,0.636,24.055,131.677,,7.536,28.546,-30.658,31.05,5.283,164.031,-63.429,-25.232,441.588,,30.838,301.295,194.869,297.851,-107.622,19,312,312,0.22,2003-10-31,6,7.2871,2003-10-31,6,33.1231,2003-10-31,6,187239.0,2003-10-31,6,843300.0,2003-10-31,6,2003-10-31,6,5,6,0.22,2003-10-31,0.22,2003-09-30,0.22,2003-08-29,0.25,2003-07-31,0.27,2003-06-30,0.31,2003-05-30,0.22,2003-04-30,0.19,2003-03-31,0.21,2003-02-28,0.22,2003-01-31,0.25,2002-12-31,0.3,2002-11-29,0.39,2002-10-31,60,13,True,True,True,2002-10-31,2003-10-31,2003-11-06,0,8
NB_1195,2004-02-27,1,0,nonbankruptcy_candidate,2004,2005-02-27,True,nonbankrupt,GPUS,Hyperscale Data Inc. Common Stock,GPUS US Equity,Communications,Telecommunications,NB_1195@2004-02-27,2003-11-29,2002-12-31,1.982,-0.037,0.616,5.432,2.6,,-0.526,-0.228,0.479,0.0,1.451,0.0,0.29,0.516,8.775,,0.277,5.839,0.277,2.6,2.832,19,423,423,1072415724.5828,2004-02-27,0,8.116,2004-02-27,0,0.0,2004-02-27,0,1617664.0,2004-02-27,0,0.0,2004-02-27,0,2004-02-27,0,5,0,1072415724.5828,2004-02-27,1501382014.416,2004-01-30,600552805.7664,2003-12-31,629150558.4219,2003-11-28,514759547.7998,2003-10-31,557656176.7831,2003-09-30,550506738.6192,2003-08-29,750691007.208,2003-07-31,557656176.7831,2003-06-30,529058424.1275,2003-05-30,471862918.8164,2003-04-30,393219099.0137,2003-03-31,450414604.3248,2003-02-28,87,13,True,True,True,2003-02-28,2004-02-27,2004-02-27,0,8
NB_1746,2004-02-27,1,0,nonbankruptcy_candidate,2004,2005-02-27,True,nonbankrupt,MLR,Miller Industries Inc. Common Stock,MLR US Equity,Consumer Discretionary,Automotive,NB_1746@2004-02-27,2003-11-29,2002-12-31,46.616,-2.647,2.097,109.642,119.816,3.095,14.908,22.14,16.943,4.617,27.815,1.214,-45.694,19.59,231.503,,35.244,162.177,36.458,122.48,-10.174,20,423,423,9.0,2004-02-27,0,84.0798,2004-02-27,0,9.3422,2004-02-27,0,2621694.0,2004-02-27,0,282000.0,2004-02-27,0,2004-02-27,0,5,0,9.0,2004-02-27,9.0,2004-01-30,7.51,2003-12-31,6.2,2003-11-28,6.22,2003-10-31,4.05,2003-09-30,3.75,2003-08-29,3.7,2003-07-31,3.41,2003-06-30,2.99,2003-05-30,3.13,2003-04-30,3.2,2003-03-31,3.39,2003-02-28,115,13,True,True,True,2003-02-28,2004-02-27,2004-02-27,0,8
NB_2059,2004-02-27,1,0,nonbankruptcy_candidate,2004,2005-02-27,True,nonbankrupt,PAMT,PAMT CORP Common Stock,PAMT US Equity,Industrials,Transportation & Logistics,NB_2059@2004-02-27,2003-11-29,2002-12-31,34.231,-42.067,30.766,70.684,26.343,24.715,29.767,54.482,6.8,1.985,0.411,20.175,16.593,48.867,264.012,,1.017,228.32,21.192,83.868,44.341,20,423,423,4.3125,2004-02-27,0,194.8163,2004-02-27,0,45.1748,2004-02-27,0,9511167.0,2004-02-27,0,2213916.0,2004-02-27,0,2004-02-27,0,5,0,4.3125,2004-02-27,4.43,2004-01-30,5.3465,2003-12-31,4.93,2003-11-28,4.7675,2003-10-31,5.13,2003-09-30,5.6875,2003-08-29,5.675,2003-07-31,6.4275,2003-06-30,5.96,2003-05-30,5.9525,2003-04-30,5.47,2003-03-31,5.5875,2003-02-28,129,13,True,True,True,2003-02-28,2004-02-27,2004-02-27,0,8
NB_2068,2004-02-27,1,0,nonbankruptcy_candidate,2004,2005-02-27,True,nonbankrupt,PATK,Patrick Industries Inc. Common Stock,PATK US Equity,Consumer Discretionary,Leisure Products,NB_2068@2004-02-27,2003-11-29,2002-12-31,11.5448,-4.1867,3.5522,51.6118,13.0465,,1.3181,7.6134,1.1815,1.035,32.0919,11.4429,0.0945,5.3682,308.755,,3.6714,86.4659,15.1143,27.1869,38.5653,19,423,423,2.7259,2004-02-27,0,42.4755,2004-02-27,0,15.58204,2004-02-27,0,842335.0,2004-02-27,0,309369.0,2004-02-27,0,2004-02-27,0,5,0,2.7259,2004-02-27,2.5215,2004-01-30,2.4474,2003-12-31,2.5126,2003-11-28,2.2637,2003-10-31,2.0296,2003-09-30,1.9259,2003-08-29,2.0148,2003-07-31,1.8904,2003-06-30,1.9259,2003-05-30,1.9556,2003-04-30,2.0,2003-03-31,2.1807,2003-02-28,129,13,True,True,True,2003-02-28,2004-02-27,2004-02-27,0,8
SA_268,2004-02-27,2,1,bankruptcy,2004,2005-02-27,True,bankrupt,RCNCQ,RCN Corporation,RCNCQ US Equity,Communications,Telecommunications,SA_268@2004-02-27,2003-11-29,2002-12-31,67.275,-141.758,49.365,403.218,318.306,,-418.396,-123.926,-344.573,167.663,0.0,1706.9969,-1408.189,-202.815,433.494,,37.417,1990.272,1744.4139,2029.4689,84.912,19,423,423,1.13,2004-01-30,28,125.6543,2004-01-30,28,111.1985,2004-01-30,28,99161560.0,2004-01-30,28,84587964.0,2004-01-30,28,2004-01-30,28,5,28,1.13,2004-01-30,0.68,2003-12-31,1.01,2003-11-28,1.37,2003-10-31,1.84,2003-09-30,2.43,2003-08-29,2.4,2003-07-31,1.98,2003-06-30,1.52,2003-05-30,0.83,2003-04-30,0.72,2003-03-31,0.79,2003-02-28,0.96,2003-01-31,59,13,True,True,True,2003-01-31,2004-01-30,2004-02-27,0,8
SA_13,2004-07-07,2,1,bankruptcy,2004,2005-07-07,True,bankrupt,CWONQ,"Choice One Communications, Inc.",CWONQ US Equity,Communications,Telecommunications,SA_13@2004-07-07,2004-04-08,2003-12-31,30.859,-12.358,16.238,50.348,63.571,53.9,-29.476,35.215,-16.036,94.081,0.0,651.793,-123.051,-3.678,322.891,,13.182,383.468,664.975,732.473,-13.223,20,189,189,0.21,2004-06-30,7,9.2708,2004-06-30,7,44.1466,2004-06-30,7,588081.3,2004-06-30,7,2577804.0,2004-06-30,7,2004-06-30,7,5,7,0.21,2004-06-30,0.27,2004-05-31,0.39,2004-04-30,0.535,2004-03-31,0.85,2004-02-27,0.95,2004-01-30,0.72,2003-12-31,0.84,2003-11-28,0.72,2003-10-31,0.27,2003-09-30,0.28,2003-08-29,0.31,2003-07-31,0.32,2003-06-30,53,13,True,True,True,2003-06-30,2004-06-30,2004-07-07,0,8
SA_70,2004-07-22,2,1,bankruptcy,2004,2005-07-22,True,bankrupt,HUFCQ,Huffy Corp.,HUFCQ US Equity,Consumer Discretionary,Leisure Products,SA_70@2004-07-22,2004-04-23,2003-12-31,101.283,-5.901,1.432,174.21,173.534,,-1.614,3.02,-24.298,5.99,49.606,0.542,-7.455,-18.397,437.676,,80.402,292.971,80.944,220.315,0.676,19,204,204,1.15,2004-06-30,22,18.4435,2004-06-30,22,16.0378,2004-06-30,22,5805102.0,2004-06-30,22,4780000.0,2004-06-30,22,2004-06-30,22,5,22,1.15,2004-06-30,1.16,2004-05-31,2.22,2004-04-30,3.9,2004-03-31,3.95,2004-02-27,4.88,2004-01-30,5.25,2003-12-31,6.83,2003-11-28,5.95,2003-10-31,6.1,2003-09-30,7.35,2003-08-29,7.17,2003-07-31,7.0,2003-06-30,60,13,True,True,True,2003-06-30,2004-06-30,2004-07-22,0,8
NB_1775,2004-07-28,1,0,nonbankruptcy_candidate,2004,2005-07-28,True,nonbankrupt,MPAA,Motorcar Parts of America Inc. Common Stock,MPAA US Equity,Consumer Discretionary,Automotive,NB_1775@2004-07-28,2004-04-29,2004-03-31,9.789,0.0,7.63,55.856,20.038,,9.865,12.234,15.152,0.968,28.311,1.247,5.811,15.152,80.548,,3.409,61.766,4.656,21.385,35.818,19,119,119,9.35,2004-06-30,28,75.8659,2004-06-30,28,8.114,2004-06-30,28,2413073.0,2004-06-30,28,284336.0,2004-06-30,28,2004-06-30,28,5,28,9.35,2004-06-30,8.5,2004-05-31,8.35,2004-04-30,8.35,2004-03-31,7.65,2004-02-27,6.25,2004-01-30,5.66,2003-12-31,5.58,2003-11-28,4.21,2003-10-31,3.7,2003-09-30,3.6,2003-08-29,3.7,2003-07-31,3.3,2003-06-30,123,13,True,True,True,2003-06-30,2004-06-30,2004-07-28,0,8
NB_698,2004-07-28,1,0,nonbankruptcy_candidate,2004,2005-07-28,True,nonbankrupt,CRWS,Crown Crafts Inc Common Stock,CRWS US Equity,Consumer Discretionary,Home & Office Products,NB_698@2004-07-28,2004-04-29,2004-03-28,17.221,-0.422,0.007,33.338,11.503,0.532,7.434,7.966,2.783,4.055,14.394,28.447,3.103,3.205,86.227,,3.016,58.387,31.463,39.95,21.835,20,122,122,0.78,2004-06-30,28,7.4138,2004-06-30,28,9.5049,2004-06-30,28,234468.2,2004-06-30,28,339765.0,2004-06-30,28,2004-06-30,28,5,28,0.78,2004-06-30,0.52,2004-05-31,0.67,2004-04-30,0.53,2004-03-31,0.6,2004-02-27,0.72,2004-01-30,0.5,2003-12-31,0.52,2003-11-28,0.62,2003-10-31,0.7,2003-09-30,0.73,2003-08-29,0.67,2003-07-31,0.71,2003-06-30,133,13,True,True,True,2003-06-30,2004-06-30,2004-07-28,0,8
NB_745,2004-07-28,1,0,nonbankruptcy_candidate,2004,2005-07-28,True,nonbankrupt,CVV,CVD Equipment Corporation Common Stock,CVV US Equity,Industrials,Machinery,NB_745@2004-07-28,2004-04-29,2003-12-31,1.82,-0.067,0.321,4.217,1.36,0.352,-0.6,-0.248,0.525,0.209,2.002,3.336,-0.337,0.592,9.788,,0.177,10.325,3.513,4.696,2.857,20,210,210,1.4,2004-06-30,28,4.2547,2004-06-30,28,3.0391,2004-06-30,28,61360.0,2004-06-30,28,40600.0,2004-06-30,28,2004-06-30,28,5,28,1.4,2004-06-30,1.5,2004-05-31,1.7,2004-04-30,1.55,2004-03-31,2.0,2004-02-27,1.72,2004-01-30,1.3,2003-12-31,1.15,2003-11-28,1.45,2003-10-31,1.38,2003-09-30,1.6,2003-08-29,1.5,2003-07-31,1.01,2003-06-30,125,13,True,True,True,2003-06-30,2004-06-30,2004-07-28,0,8
SA_165,2004-07-28,2,1,bankruptcy,2004,2005-07-28,True,bankrupt,ATAHQ,ATA Holdings Corp.,ATAHQ US Equity,Industrials,Transportation & Logistics,SA_165@2004-07-28,2004-04-29,2003-12-31,118.745,-42.534,160.644,348.399,334.492,,45.673,102.402,51.245,56.324,47.604,499.381,20.434,93.779,1518.533,,51.645,869.987,551.026,941.087,13.907,19,210,210,5.25,2004-06-30,28,62.0755,2004-06-30,28,11.8239,2004-06-30,28,3148227.0,2004-06-30,28,547774.0,2004-06-30,28,2004-06-30,28,5,28,5.25,2004-06-30,6.36,2004-05-31,7.61,2004-04-30,8.35,2004-03-31,8.71,2004-02-27,12.84,2004-01-30,9.65,2003-12-31,9.1,2003-11-28,9.99,2003-10-31,7.0,2003-09-30,8.75,2003-08-29,7.15,2003-07-31,7.36,2003-06-30,60,13,True,True,True,2003-06-30,2004-06-30,2004-07-28,0,8
NB_2478,2004-09-01,1,0,nonbankruptcy_candidate,2004,2005-09-01,True,nonbankrupt,SLNH,Soluna Holdings Inc. Common Stock,SLNH US Equity,Communications,Telecommunications,NB_2478@2004-09-01,2004-06-03,2003-12-31,0.962,-1.07,12.38,59.187,16.761,,-8.709,-8.11,-8.722,0.007,1.3,0.0,-0.559,-7.652,7.858,48.266,0.0,65.838,0.0,16.785,42.426,20,245,245,882.0,2004-08-31,1,128.9568,2004-08-31,1,0.14621,2004-08-31,1,9202568.0,2004-08-31,1,12273.0,2004-08-31,1,2004-08-31,1,5,1,882.0,2004-08-31,844.0,2004-07-30,1196.0,2004-06-30,1030.0,2004-05-31,1092.0,2004-04-30,1024.0,2004-03-31,1188.0,2004-02-27,1410.0,2004-01-30,1094.0,2003-12-31,1000.0,2003-11-28,1320.0,2003-10-31,928.0,2003-09-30,638.0,2003-08-29,135,13,True,True,True,2003-08-29,2004-08-31,2004-09-01,0,8
NB_2603,2004-09-01,1,0,nonbankruptcy_candidate,2004,2005-09-01,True,nonbankrupt,SWBI,Smith & Wesson Brands Inc. Common Stock,SWBI US Equity,Consumer Discretionary,Leisure Products,NB_2603@2004-09-01,2004-06-03,2004-04-30,20.2499,-5.6766,5.5107,49.3314,29.8717,1.6821,5.8116,7.5171,-4.7699,3.3404,15.9867,37.87,0.8323,0.9067,119.5146,,4.0395,105.29,41.9095,85.0346,19.4596,20,124,124,1.129,2004-08-31,1,45.6642,2004-08-31,1,31.0641,2004-08-31,1,1119122.0,2004-08-31,1,804800.0,2004-08-31,1,2004-08-31,1,5,1,1.129,2004-08-31,1.129,2004-07-30,1.2135,2004-06-30,1.2442,2004-05-31,1.2366,2004-04-30,1.2903,2004-03-31,1.2673,2004-02-27,1.2289,2004-01-30,1.3748,2003-12-31,1.4747,2003-11-28,1.7281,2003-10-31,1.4516,2003-09-30,1.4286,2003-08-29,68,13,True,True,True,2003-08-29,2004-08-31,2004-09-01,0,8
NB_261,2004-09-01,1,0,nonbankruptcy_candidate,2004,2005-09-01,True,nonbankrupt,ATNI,ATN International Inc. Common Stock,ATNI US Equity,Communications,Telecommunications,NB_261@2004-09-01,2004-06-03,2003-12-31,9.223,-16.156,32.32,47.185,20.663,,34.462,46.935,10.361,0.424,3.624,2.511,12.244,26.517,78.865,,1.081,151.973,3.592,30.634,26.522,19,245,245,10.28,2004-08-31,1,128.8752,2004-08-31,1,12.5365,2004-08-31,1,1908556.0,2004-08-31,1,175500.0,2004-08-31,1,2004-08-31,1,5,1,10.28,2004-08-31,12.2,2004-07-30,12.84,2004-06-30,12.5,2004-05-31,12.66,2004-04-30,12.484,2004-03-31,12.4,2004-02-27,11.272,2004-01-30,11.22,2003-12-31,10.66,2003-11-28,10.076,2003-10-31,8.46,2003-09-30,8.2,2003-08-29,135,13,True,True,True,2003-08-29,2004-08-31,2004-09-01,0,8
SA_287,2004-09-01,2,1,bankruptcy,2004,2005-09-01,True,bankrupt,AICOQ,Amcast Industrial Corporation (2004),AICOQ US Equity,Consumer Discretionary,Automotive,SA_287@2004-09-01,2004-06-03,2003-08-31,39.979,-9.369,5.697,70.018,54.886,24.162,13.271,37.552,-4.835,15.142,19.004,175.184,-109.681,4.534,423.92,,2.456,230.324,177.64,272.259,15.132,20,367,367,2.38,2004-08-31,1,22.1673,2004-08-31,1,9.314,2004-08-31,1,1920096.0,2004-08-31,1,718718.0,2004-08-31,1,2004-08-31,1,5,1,2.38,2004-08-31,3.0,2004-07-30,2.51,2004-06-30,4.05,2004-05-31,4.45,2004-04-30,4.5,2004-03-31,4.07,2004-02-27,4.45,2004-01-30,2.6,2003-12-31,2.35,2003-11-28,2.45,2003-10-31,1.45,2003-09-30,1.45,2003-08-29,60,13,True,True,True,2003-08-29,2004-08-31,2004-09-01,0,8
NB_2660,2004-11-02,1,0,nonbankruptcy_candidate,2004,2005-11-02,True,nonbankrupt,THRM,Gentherm Inc Common Stock,THRM US Equity,Consumer Discretionary,Automotive,NB_2660@2004-11-02,2004-08-04,2003-12-31,5.882,-0.465,0.844,9.448,5.326,0.052,-1.557,-1.034,-2.332,0.069,2.498,0.0,-1.415,-1.867,29.042,,0.0,11.234,0.0,6.576,4.122,20,307,307,3.17,2004-10-29,4,46.5613,2004-10-29,4,14.6881,2004-10-29,4,730439.6,2004-10-29,4,220506.0,2004-10-29,4,2004-10-29,4,5,4,3.17,2004-10-29,3.67,2004-09-30,3.6,2004-08-31,5.3,2004-07-30,5.17,2004-06-30,5.17,2004-05-31,5.35,2004-04-30,4.96,2004-03-31,4.95,2004-02-27,4.49,2004-01-30,4.322,2003-12-31,4.4,2003-11-28,4.9,2003-10-31,137,13,True,True,True,2003-10-31,2004-10-29,2004-11-02,0,8
SA_207,2004-11-02,2,1,bankruptcy,2004,2005-11-02,True,bankrupt,FCPR,"Falcon Products, Inc.",FCPR US Equity,Consumer Discretionary,Home & Office Products,SA_207@2004-11-02,2004-08-04,2003-11-01,31.877,-2.247,1.356,101.102,53.603,,4.139,13.45,-12.706,17.765,62.525,161.485,-22.516,-10.459,251.802,,3.9,266.54,165.385,227.134,47.499,19,367,367,1.74,2004-10-29,4,17.0381,2004-10-29,4,9.792,2004-10-29,4,1031865.0,2004-10-29,4,563230.0,2004-10-29,4,2004-10-29,4,5,4,1.74,2004-10-29,1.93,2004-09-30,1.23,2004-08-31,2.6,2004-07-30,2.66,2004-06-30,3.75,2004-05-31,4.85,2004-04-30,3.8,2004-03-31,4.3,2004-02-27,4.0,2004-01-30,4.4,2003-12-31,4.74,2003-11-28,5.8,2003-10-31,60,13,True,True,True,2003-10-31,2004-10-29,2004-11-02,0,8
NB_2626,2004-11-04,1,0,nonbankruptcy_candidate,2004,2005-11-04,True,nonbankrupt,TAYD,Taylor Devices Inc. Common Stock,TAYD US Equity,Industrials,Machinery,NB_2626@2004-11-04,2004-08-06,2004-05-31,1.44,-0.0954,0.088,8.396,2.147,0.3316,-0.028,0.3143,3.1156,0.1525,4.561,0.987,-0.0586,3.211,13.0214,,0.364,13.15,1.351,4.144,6.249,20,157,157,2.12,2004-10-29,6,6.4066,2004-10-29,6,3.022,2004-10-29,6,314072.6,2004-10-29,6,133796.0,2004-10-29,6,2004-10-29,6,5,6,2.12,2004-10-29,2.65,2004-09-30,2.57,2004-08-31,2.06,2004-07-30,2.28,2004-06-30,2.26,2004-05-31,2.38,2004-04-30,2.32,2004-03-31,2.4,2004-02-27,2.53,2004-01-30,2.6,2003-12-31,2.611,2003-11-28,2.7,2003-10-31,137,13,True,True,True,2003-10-31,2004-10-29,2004-11-04,0,8
SA_182,2004-11-04,2,1,bankruptcy,2004,2005-11-04,True,bankrupt,TWRAQ,"Tower Automotive, Inc.",TWRAQ US Equity,Consumer Discretionary,Automotive,SA_182@2004-11-04,2004-08-06,2003-12-31,325.599,-230.126,160.899,728.28,1105.601,14.252,99.56,250.758,-45.328,95.222,130.004,1103.657,-124.675,184.798,2815.749,,299.581,2846.409,1403.238,2432.899,-377.321,20,309,309,1.49,2004-10-29,6,86.6626,2004-10-29,6,58.1628,2004-10-29,6,93332720.0,2004-10-29,6,64268600.0,2004-10-29,6,2004-10-29,6,5,6,1.49,2004-10-29,2.09,2004-09-30,2.98,2004-08-31,3.15,2004-07-30,3.64,2004-06-30,3.71,2004-05-31,5.12,2004-04-30,5.04,2004-03-31,6.07,2004-02-27,6.06,2004-01-30,6.83,2003-12-31,4.55,2003-11-28,3.98,2003-10-31,60,13,True,True,True,2003-10-31,2004-10-29,2004-11-04,0,8
NB_1482,2004-12-07,1,0,nonbankruptcy_candidate,2004,2005-12-07,True,nonbankrupt,KEQU,Kewaunee Scientific Corporation Common Stock,KEQU US Equity,Consumer Discretionary,Home & Office Products,NB_1482@2004-12-07,2004-09-08,2004-04-30,24.987,-1.619,0.805,31.536,18.919,2.048,2.198,4.246,-2.562,0.301,4.285,0.931,1.462,-0.943,94.7,,8.114,50.461,9.045,23.67,12.617,20,221,221,9.09,2004-11-30,7,22.6459,2004-11-30,7,2.4913,2004-11-30,7,428654.5,2004-11-30,7,47601.0,2004-11-30,7,2004-11-30,7,5,7,9.09,2004-11-30,9.25,2004-10-29,8.94,2004-09-30,9.14,2004-08-31,9.5,2004-07-30,10.48,2004-06-30,10.61,2004-05-31,10.66,2004-04-30,10.73,2004-03-31,11.31,2004-02-27,11.88,2004-01-30,10.5,2003-12-31,11.3,2003-11-28,138,13,True,True,True,2003-11-28,2004-11-30,2004-12-07,0,8
NB_194,2004-12-07,1,0,nonbankruptcy_candidate,2004,2005-12-07,True,nonbankrupt,APLD,Applied Digital Corporation Common Stock,APLD US Equity,Communications,Telecommunications,NB_194@2004-12-07,2004-09-08,2004-05-31,0.532,-0.2248,2.181,9.808,0.757,0.077,-0.448,-0.3599,-0.6313,0.0,0.0,0.0,-0.424,-0.4065,3.594,,0.0,10.717,0.0,0.757,9.051,20,190,190,8.94,2004-11-30,7,12.4138,2004-11-30,7,1.38857,2004-11-30,7,1094240.0,2004-11-30,7,122234.0,2004-11-30,7,2004-11-30,7,5,7,8.94,2004-11-30,10.38,2004-10-29,10.44,2004-09-30,9.12,2004-08-31,7.02,2004-07-30,9.78,2004-06-30,9.84,2004-05-31,9.84,2004-04-30,16.56,2004-03-31,16.44,2004-02-27,18.06,2004-01-30,24.0,2003-12-31,45.54,2003-11-28,29,13,True,True,True,2003-11-28,2004-11-30,2004-12-07,0,8
NB_99,2004-12-07,1,0,nonbankruptcy_candidate,2004,2005-12-07,True,nonbankrupt,AIRT,Air T Inc. Common Stock,AIRT US Equity,Industrials,Transportation & Logistics,NB_99@2004-12-07,2004-09-08,2004-03-31,5.095,-1.261,0.459,14.416,6.088,0.558,3.402,3.96,0.944,0.112,6.46,0.185,1.738,2.205,55.997,,0.095,19.574,0.28,7.897,8.328,20,251,251,15.3667,2004-11-30,7,61.2738,2004-11-30,7,3.98745,2004-11-30,7,859554600.0,2004-11-30,7,43515339.0,2004-11-30,7,2004-11-30,7,5,7,15.3667,2004-11-30,18.7533,2004-10-29,15.6333,2004-09-30,8.4,2004-08-31,10.02,2004-07-30,8.4,2004-06-30,3.4,2004-05-31,3.5733,2004-04-30,3.5333,2004-03-31,3.3533,2004-02-27,3.8273,2004-01-30,3.4333,2003-12-31,3.58,2003-11-28,138,13,True,True,True,2003-11-28,2004-11-30,2004-12-07,0,8
NB_998,2004-12-07,1,0,nonbankruptcy_candidate,2004,2005-12-07,True,nonbankrupt,FABC,Fabric.AI Inc. Common Stock,FABC US Equity,Consumer Discretionary,Automotive,NB_998@2004-12-07,2004-09-08,2004-04-30,5.91,-0.086,1.985,10.447,8.051,0.228,-0.034,0.3485,0.8502,0.014,0.105,0.172,-0.124,0.9362,22.076,,0.645,20.883,0.817,9.595,2.396,20,221,221,14192540.6527,2004-11-30,7,26.1141,2004-11-30,7,0.0,2004-11-30,7,857905.3,2004-11-30,7,0.0,2004-11-30,7,2004-11-30,7,5,7,14192540.6527,2004-11-30,15611794.718,2004-10-29,18166452.0355,2004-09-30,18450302.8485,2004-08-31,25546573.1749,2004-07-30,22991915.8574,2004-06-30,22708065.0444,2004-05-31,32358992.6882,2004-04-30,27533528.8663,2004-03-31,35481351.6318,2004-02-27,38319859.7624,2004-01-30,34629799.1927,2003-12-31,34062097.5665,2003-11-28,57,13,True,True,True,2003-11-28,2004-11-30,2004-12-07,0,8
SA_158,2004-12-07,2,1,bankruptcy,2004,2005-12-07,True,bankrupt,WHXCQ,WHX Corporation,WHXCQ US Equity,Industrials,Machinery,SA_158@2004-12-07,2004-09-08,2003-12-31,42.054,-32.342,41.99,156.0,96.751,14.1,-8.768,7.348,43.455,19.166,41.782,189.344,-169.208,75.797,326.296,,40.056,406.146,229.4,347.261,59.249,20,342,342,0.78,2004-11-30,7,4.279,2004-11-30,7,5.4859,2004-11-30,7,608919.0,2004-11-30,7,737100.0,2004-11-30,7,2004-11-30,7,5,7,0.78,2004-11-30,1.03,2004-10-29,1.06,2004-09-30,1.22,2004-08-31,1.09,2004-07-30,1.62,2004-06-30,1.62,2004-05-31,1.9,2004-04-30,2.96,2004-03-31,3.59,2004-02-27,2.85,2004-01-30,2.67,2003-12-31,2.26,2003-11-28,60,13,True,True,True,2003-11-28,2004-11-30,2004-12-07,0,8
NB_1305,2005-02-16,1,0,nonbankruptcy_candidate,2005,2006-02-16,True,nonbankrupt,HUBG,Hub Group Inc. Class A Common Stock,HUBG US Equity,Industrials,Transportation & Logistics,NB_1305@2005-02-16,2004-11-18,2003-12-31,125.754,-4.384,0.0,144.48,154.111,10.757,24.295,35.092,27.114,7.691,0.0,67.017,8.43,31.498,1359.614,,8.017,388.527,75.034,245.492,-9.631,20,413,413,6.8075,2005-01-31,16,546.0486,2005-01-31,16,74.9144,2005-01-31,16,120671300.0,2005-01-31,16,18477424.0,2005-01-31,16,2005-01-31,16,5,16,6.8075,2005-01-31,6.5275,2004-12-31,5.4375,2004-11-30,5.0275,2004-10-29,4.6563,2004-09-30,3.315,2004-08-31,4.08,2004-07-30,4.2625,2004-06-30,4.0975,2004-05-31,4.3125,2004-04-30,3.73,2004-03-31,3.5538,2004-02-27,2.9538,2004-01-30,107,13,True,True,True,2004-01-30,2005-01-31,2005-02-16,0,8
SA_88,2005-02-16,2,1,bankruptcy,2005,2006-02-16,True,bankrupt,CKCRQ,Collins & Aikman Corporation,CKCRQ US Equity,Consumer Discretionary,Automotive,SA_88@2005-02-16,2004-11-18,2003-12-31,257.3,-175.1,13.2,655.9,925.3,113.8,171.0,284.8,-52.2,151.3,169.4,1237.7,-57.5,122.9,3983.7,,47.5,3191.2,1285.2,2586.3999,-269.4,20,413,413,3.46,2005-01-31,16,289.3601,2005-01-31,16,83.6301,2005-01-31,16,15093120.0,2005-01-31,16,3937100.0,2005-01-31,16,2005-01-31,16,5,16,3.46,2005-01-31,4.36,2004-12-31,3.55,2004-11-30,3.89,2004-10-29,4.18,2004-09-30,4.64,2004-08-31,5.1,2004-07-30,5.59,2004-06-30,5.31,2004-05-31,6.14,2004-04-30,5.5,2004-03-31,5.31,2004-02-27,5.82,2004-01-30,60,13,True,True,True,2004-01-30,2005-01-31,2005-02-16,0,8
NB_1305,2005-06-16,1,0,nonbankruptcy_candidate,2005,2006-06-16,True,nonbankrupt,HUBG,Hub Group Inc. Class A Common Stock,HUBG US Equity,Industrials,Transportation & Logistics,NB_1305@2005-06-16,2005-03-18,2004-12-31,141.079,-3.166,16.806,175.294,152.121,11.828,40.598,52.426,32.685,4.276,0.0,0.0,17.279,35.851,1426.806,,0.0,410.845,0.0,183.909,23.173,20,167,167,6.87,2005-05-31,16,553.329,2005-05-31,16,77.8936,2005-05-31,16,143837700.0,2005-05-31,16,20749888.0,2005-05-31,16,2005-05-31,16,5,16,6.87,2005-05-31,6.875,2005-04-29,7.8338,2005-03-31,7.2688,2005-02-28,6.8075,2005-01-31,6.5275,2004-12-31,5.4375,2004-11-30,5.0275,2004-10-29,4.6563,2004-09-30,3.315,2004-08-31,4.08,2004-07-30,4.2625,2004-06-30,4.0975,2004-05-31,111,13,True,True,True,2004-05-31,2005-05-31,2005-06-16,0,8
NB_836,2005-06-16,1,0,nonbankruptcy_candidate,2005,2006-06-16,True,nonbankrupt,DORM,Dorman Products Inc. Common Stock,DORM US Equity,Consumer Discretionary,Automotive,NB_836@2005-06-16,2005-03-18,2004-12-25,60.962,-12.801,7.152,139.576,37.991,,29.638,34.183,-8.307,2.853,61.436,25.714,17.081,4.494,249.526,125.227,9.045,195.404,34.759,70.177,101.585,20,173,173,6.75,2005-05-31,16,242.0091,2005-05-31,16,35.8532,2005-05-31,16,4518116.0,2005-05-31,16,677706.0,2005-05-31,16,2005-05-31,16,5,16,6.75,2005-05-31,6.25,2005-04-29,6.63,2005-03-31,6.795,2005-02-28,6.2675,2005-01-31,6.2475,2004-12-31,6.25,2004-11-30,6.52,2004-10-29,5.465,2004-09-30,5.0125,2004-08-31,5.0,2004-07-30,4.8975,2004-06-30,4.7172,2004-05-31,144,13,True,True,True,2004-05-31,2005-05-31,2005-06-16,0,8
SA_267,2005-06-16,2,1,bankruptcy,2005,2006-06-16,True,bankrupt,DALRQ,"Delta Air Lines, Inc.",DALRQ US Equity,Industrials,Transportation & Logistics,SA_267@2005-06-16,2005-03-18,2004-12-31,696.0,-760.0,1463.0,3606.0,5941.0,,-1474.0,-230.0,-1883.0,824.0,0.0,13005.0,-5198.0,-1123.0,15002.0,,893.0,21801.0,13898.0,27320.0,-2335.0,19,167,167,3.85,2005-05-31,16,553.0398,2005-05-31,16,143.6467,2005-05-31,16,304773000.0,2005-05-31,16,93355200.0,2005-05-31,16,2005-05-31,16,5,16,3.85,2005-05-31,3.29,2005-04-29,4.05,2005-03-31,4.64,2005-02-28,5.39,2005-01-31,7.48,2004-12-31,6.97,2004-11-30,5.45,2004-10-29,3.29,2004-09-30,4.04,2004-08-31,5.19,2004-07-30,7.12,2004-06-30,6.1,2004-05-31,60,13,True,True,True,2004-05-31,2005-05-31,2005-06-16,0,8
SA_5,2005-06-16,2,1,bankruptcy,2005,2006-06-16,True,bankrupt,NWACQ,Northwest Airlines Corporation,NWACQ US Equity,Industrials,Transportation & Logistics,SA_5@2005-06-16,2005-03-18,2004-12-31,460.0,-480.0,707.0,3578.0,4497.0,,-505.0,226.0,-204.0,535.0,217.0,8023.0,-862.0,276.0,11279.0,,749.0,14042.0,8772.0,16866.0,-919.0,19,167,167,6.09,2005-05-31,16,530.7344,2005-05-31,16,87.1485,2005-05-31,16,384042900.0,2005-05-31,16,74942033.0,2005-05-31,16,2005-05-31,16,5,16,6.09,2005-05-31,5.18,2005-04-29,6.69,2005-03-31,7.03,2005-02-28,7.39,2005-01-31,10.93,2004-12-31,10.24,2004-11-30,8.85,2004-10-29,8.21,2004-09-30,9.41,2004-08-31,8.63,2004-07-30,11.12,2004-06-30,10.11,2004-05-31,60,13,True,True,True,2004-05-31,2005-05-31,2005-06-16,0,8
NB_2059,2005-08-09,1,0,nonbankruptcy_candidate,2005,2006-08-09,True,nonbankrupt,PAMT,PAMT CORP Common Stock,PAMT US Equity,Industrials,Transportation & Logistics,NB_2059@2005-08-09,2005-05-11,2004-12-31,47.926,-53.703,19.659,94.016,47.772,30.104,20.101,50.205,-8.988,1.758,0.913,23.225,10.588,44.715,325.066,,2.08,285.349,25.305,116.806,46.244,20,221,221,4.115,2005-07-29,11,183.32,2005-07-29,11,44.5492,2005-07-29,11,9649241.0,2005-07-29,11,2267072.0,2005-07-29,11,2005-07-29,11,5,11,4.115,2005-07-29,4.2025,2005-06-30,4.12,2005-05-31,4.21,2005-04-29,4.3,2005-03-31,4.51,2005-02-28,4.55,2005-01-31,4.6525,2004-12-31,5.055,2004-11-30,4.6675,2004-10-29,4.79,2004-09-30,4.565,2004-08-31,4.6025,2004-07-30,146,13,True,True,True,2004-07-30,2005-07-29,2005-08-09,0,8
NB_2492,2005-08-09,1,0,nonbankruptcy_candidate,2005,2006-08-09,True,nonbankrupt,SMP,Standard Motor Products Inc. Common Stock,SMP US Equity,Consumer Discretionary,Automotive,NB_2492@2005-08-09,2005-05-11,2004-12-31,151.352,-9.774,14.934,447.216,252.456,33.6,16.141,35.154,-6.308,13.71,258.641,114.236,-14.38,3.466,824.283,207.312,109.95,656.569,224.186,449.257,194.76,21,221,221,14.0,2005-07-29,11,277.6718,2005-07-29,11,19.8337,2005-07-29,11,9192402.0,2005-07-29,11,688800.0,2005-07-29,11,2005-07-29,11,5,11,14.0,2005-07-29,13.2,2005-06-30,11.27,2005-05-31,9.08,2005-04-29,11.7,2005-03-31,11.56,2005-02-28,12.75,2005-01-31,15.8,2004-12-31,15.59,2004-11-30,15.24,2004-10-29,15.11,2004-09-30,14.29,2004-08-31,14.3,2004-07-30,146,13,True,True,True,2004-07-30,2005-07-29,2005-08-09,0,8
NB_2942,2005-08-09,2,0,nonbankruptcy_candidate,2005,2006-08-09,True,nonbankrupt,WKC,World Kinect Corporation Common Stock,WKC US Equity,Industrials,Transportation & Logistics,NB_2942@2005-08-09,2005-05-11,2004-12-31,490.78,-2.398,64.178,648.068,466.985,,36.976,40.572,-31.183,1.635,40.901,50.467,28.559,-28.785,5654.373,,1.1,712.171,51.567,523.668,181.083,19,221,221,12.275,2005-07-29,11,561.1639,2005-07-29,11,45.716,2005-07-29,11,52820880.0,2005-07-29,11,4471000.0,2005-07-29,11,2005-07-29,11,5,11,12.275,2005-07-29,11.705,2005-06-30,13.175,2005-05-31,12.5,2005-04-29,15.75,2005-03-31,14.325,2005-02-28,12.67,2005-01-31,12.45,2004-12-31,10.3,2004-11-30,8.53,2004-10-29,8.95,2004-09-30,8.795,2004-08-31,9.5,2004-07-30,146,13,True,True,True,2004-07-30,2005-07-29,2005-08-09,0,8
NB_99,2005-08-09,1,0,nonbankruptcy_candidate,2005,2006-08-09,True,nonbankrupt,AIRT,Air T Inc. Common Stock,AIRT US Equity,Industrials,Transportation & Logistics,NB_99@2005-08-09,2005-05-11,2005-03-31,7.3927,-0.3957,3.4977,19.0333,8.4843,0.6338,3.4687,4.1025,2.8776,0.1119,6.1026,1.0536,2.1056,3.2733,69.9994,13.0856,0.1913,24.1089,1.2449,11.0234,10.549,21,131,131,9.7933,2005-07-29,11,39.2414,2005-07-29,11,4.00695,2005-07-29,11,37943400.0,2005-07-29,11,3711999.0,2005-07-29,11,2005-07-29,11,5,11,9.7933,2005-07-29,9.86,2005-06-30,12.7,2005-05-31,9.76,2005-04-29,11.54,2005-03-31,11.2067,2005-02-28,12.68,2005-01-31,12.1127,2004-12-31,15.3667,2004-11-30,18.7533,2004-10-29,15.6333,2004-09-30,8.4,2004-08-31,10.02,2004-07-30,146,13,True,True,True,2004-07-30,2005-07-29,2005-08-09,0,8
SA_79,2005-08-09,2,1,bankruptcy,2005,2006-08-09,True,bankrupt,FLYIQ,"FLYi, Inc.",FLYIQ US Equity,Industrials,Transportation & Logistics,SA_79@2005-08-09,2005-05-11,2004-12-31,54.395,-47.125,5.219,333.538,145.758,,-199.72,-158.151,-239.32,14.715,15.608,231.27,-192.173,-192.195,500.089,,9.153,677.658,240.423,510.524,187.78,19,221,221,0.65,2005-07-29,11,31.8401,2005-07-29,11,48.9848,2005-07-29,11,7139315.0,2005-07-29,11,9781278.0,2005-07-29,11,2005-07-29,11,5,11,0.65,2005-07-29,0.75,2005-06-30,0.76,2005-05-31,0.73,2005-04-29,1.27,2005-03-31,1.46,2005-02-28,1.83,2005-01-31,1.77,2004-12-31,1.88,2004-11-30,1.4,2004-10-29,3.91,2004-09-30,4.64,2004-08-31,3.67,2004-07-30,60,13,True,True,True,2004-07-30,2005-07-29,2005-08-09,0,8
NB_1574,2006-06-30,1,0,nonbankruptcy_candidate,2006,2007-06-30,True,nonbankrupt,LFUS,Littelfuse Inc. Common Stock,LFUS US Equity,Industrials,Electrical Equipment,NB_1574@2006-06-30,2006-04-01,2005-12-31,80.303,-27.239,21.947,203.169,99.916,57.476,26.966,58.199,6.907,2.098,63.423,0.0,17.71,34.146,467.089,,26.682,403.931,26.682,126.721,103.253,20,181,181,34.38,2006-06-30,0,767.3994,2006-06-30,0,22.3211,2006-06-30,0,175699700.0,2006-06-30,0,5282241.0,2006-06-30,0,2006-06-30,0,5,0,34.38,2006-06-30,35.03,2006-05-31,32.29,2006-04-28,34.13,2006-03-31,28.74,2006-02-28,29.55,2006-01-31,27.25,2005-12-30,25.94,2005-11-30,24.51,2005-10-31,28.13,2005-09-30,27.82,2005-08-31,28.89,2005-07-29,27.85,2005-06-30,157,13,True,True,True,2005-06-30,2006-06-30,2006-06-30,0,8
NB_2034,2006-06-30,1,0,nonbankruptcy_candidate,2006,2007-06-30,True,nonbankrupt,OSIS,OSI Systems Inc. Common Stock (DE),OSIS US Equity,Industrials,Electrical Equipment,NB_2034@2006-06-30,2006-04-01,2005-06-30,89.227,-16.821,14.623,237.673,113.275,6.61,-6.98,3.656,-29.68,0.807,107.441,4.852,-2.395,-12.859,385.041,223.627,16.251,347.12,21.103,123.493,124.398,21,365,365,17.77,2006-06-30,0,294.7919,2006-06-30,0,16.5893,2006-06-30,0,53296730.0,2006-06-30,0,2893528.0,2006-06-30,0,2006-06-30,0,5,0,17.77,2006-06-30,19.91,2006-05-31,19.06,2006-04-28,21.13,2006-03-31,20.75,2006-02-28,21.96,2006-01-31,18.39,2005-12-30,18.83,2005-11-30,16.6,2005-10-31,15.8,2005-09-30,16.67,2005-08-31,17.85,2005-07-29,15.79,2005-06-30,105,13,True,True,True,2005-06-30,2006-06-30,2006-06-30,0,8
NB_494,2006-06-30,1,0,nonbankruptcy_candidate,2006,2007-06-30,True,nonbankrupt,CAPS,Capstone Holding Corp. Common Stock,CAPS US Equity,Consumer Discretionary,Retail - Discretionary,NB_494@2006-06-30,2006-04-01,2005-12-31,0.0,-0.268,35.111,82.405,3.982,0.222,-30.354,-29.962,-26.833,0.0,0.0,0.065,-27.202,-26.565,0.0,,0.0,88.343,0.065,4.165,78.423,20,181,181,1620.0,2006-06-30,0,65.7291,2006-06-30,0,0.04057,2006-06-30,0,5889198.0,2006-06-30,0,3375.0,2006-06-30,0,2006-06-30,0,5,0,1620.0,2006-06-30,1550.0,2006-05-31,1800.0,2006-04-28,2200.0,2006-03-31,5790.0,2006-02-28,5740.0,2006-01-31,4900.0,2005-12-30,4150.0,2005-11-30,3230.0,2005-10-31,3830.0,2005-09-30,4220.0,2005-08-31,4400.0,2005-07-29,3870.0,2005-06-30,157,13,True,True,True,2005-06-30,2006-06-30,2006-06-30,0,8
SA_190,2006-06-30,2,1,bankruptcy,2006,2007-06-30,True,bankrupt,GEGQQ,Global Power Equipment Group Inc.,GEGQQ US Equity,Industrials,Electrical Equipment,SA_190@2006-06-30,2006-04-01,2004-12-31,40.26,-1.942,24.331,177.52,119.721,3.6,0.095,4.371,-12.946,1.281,69.718,78.75,-0.705,-11.004,233.692,,16.854,366.894,95.604,202.845,57.799,20,546,546,3.51,2006-05-31,30,,,,,,,24018090.0,2006-05-31,30,6170300.0,2006-05-31,30,2006-05-31,30,3,30,3.51,2006-05-31,4.3,2006-04-28,3.85,2006-03-31,5.06,2006-02-28,4.74,2006-01-31,4.52,2005-12-30,4.67,2005-11-30,6.27,2005-10-31,7.13,2005-09-30,7.8,2005-08-31,9.47,2005-07-29,7.95,2005-06-30,7.66,2005-05-31,59,13,True,True,True,2005-05-31,2006-05-31,2006-06-30,0,8
NB_2430,2006-09-12,1,0,nonbankruptcy_candidate,2006,2007-09-12,True,nonbankrupt,SGA,Saga Communications Inc. Class A Common Stock (FL),SGA US Equity,Communications,Publishing & Broadcasting,NB_2430@2006-09-12,2006-06-14,2005-12-31,22.998,-10.426,15.168,43.762,21.144,7.588,28.205,37.245,16.191,7.586,0.0,141.911,10.566,26.617,140.79,125.824,7.0,318.865,148.911,193.041,22.618,21,255,255,23.88,2006-08-31,12,163.3193,2006-08-31,12,6.0406,2006-08-31,12,9501230.0,2006-08-31,12,420900.0,2006-08-31,12,2006-08-31,12,5,12,23.88,2006-08-31,22.8,2006-07-31,27.18,2006-06-30,30.27,2006-05-31,27.48,2006-04-28,29.01,2006-03-31,28.41,2006-02-28,30.21,2006-01-31,32.61,2005-12-30,37.26,2005-11-30,37.77,2005-10-31,39.9,2005-09-30,43.56,2005-08-31,159,13,True,True,True,2005-08-31,2006-08-31,2006-09-12,0,8
NB_2671,2006-09-12,1,0,nonbankruptcy_candidate,2006,2007-09-12,True,nonbankrupt,TLF,Tandy Leather Factory Inc. Common Stock,TLF US Equity,Consumer Discretionary,Retail - Discretionary,NB_2671@2006-09-12,2006-06-14,2005-12-31,2.1788,-0.2728,3.2157,21.6957,4.1046,0.4179,5.5734,6.0301,1.2627,0.0032,15.6692,0.1117,3.7137,1.5355,50.7196,,0.1341,25.6805,0.2458,4.4226,17.591,20,255,255,6.24,2006-08-31,12,67.465,2006-08-31,12,10.8117,2006-08-31,12,1456258.0,2006-08-31,12,230300.0,2006-08-31,12,2006-08-31,12,5,12,6.24,2006-08-31,6.73,2006-07-31,6.84,2006-06-30,6.61,2006-05-31,7.46,2006-04-28,6.9,2006-03-31,6.36,2006-02-28,7.0201,2006-01-31,6.85,2005-12-30,4.8499,2005-11-30,5.2,2005-10-31,4.84,2005-09-30,5.1,2005-08-31,156,13,True,True,True,2005-08-31,2006-08-31,2006-09-12,0,8
SA_71,2006-09-12,2,1,bankruptcy,2006,2007-09-12,True,bankrupt,GBTVQ,Granite Broadcasting Corporation,GBTVQ US Equity,Communications,Publishing & Broadcasting,SA_71@2006-09-12,2006-06-14,2005-12-31,22.3885,-3.7782,8.629,181.3954,84.2902,5.0594,5.668,18.5961,-44.9672,43.7344,0.0,628.0626,-99.3818,-41.189,86.1595,,25.844,405.8367,653.9066,836.9155,97.1051,20,255,255,0.115,2006-08-31,12,2.2837,2006-08-31,12,19.858,2006-08-31,12,52996.76,2006-08-31,12,406167.0,2006-08-31,12,2006-08-31,12,5,12,0.115,2006-08-31,0.15,2006-07-31,0.17,2006-06-30,0.21,2006-05-31,0.12,2006-04-28,0.12,2006-03-31,0.14,2006-02-28,0.13,2006-01-31,0.21,2005-12-30,0.22,2005-11-30,0.26,2005-10-31,0.39,2005-09-30,0.29,2005-08-31,60,13,True,True,True,2005-08-31,2006-08-31,2006-09-12,0,8
NB_1964,2006-12-21,1,0,nonbankruptcy_candidate,2006,2007-12-21,True,nonbankrupt,NXST,Nexstar Media Group Inc. Common Stock,NXST US Equity,Communications,Publishing & Broadcasting,NB_1964@2006-12-21,2006-09-22,2005-12-31,46.706,-14.016,13.487,75.263,49.467,16.733,19.894,63.138,0.334,47.26,0.0,643.02,-48.73,14.35,228.939,,3.485,680.081,646.505,746.106,25.796,20,355,355,4.19,2006-11-30,21,118.937,2006-11-30,21,14.3118,2006-11-30,21,5782483.0,2006-11-30,21,1457976.0,2006-11-30,21,2006-11-30,21,5,21,4.19,2006-11-30,3.8,2006-10-31,3.95,2006-09-29,4.45,2006-08-31,4.1,2006-07-31,4.8,2006-06-30,5.33,2006-05-31,5.75,2006-04-28,5.2,2006-03-31,4.057,2006-02-28,4.15,2006-01-31,5.01,2005-12-30,4.35,2005-11-30,37,13,True,True,True,2005-11-30,2006-11-30,2006-12-21,0,8
SA_49,2006-12-21,2,1,bankruptcy,2006,2007-12-21,True,bankrupt,HKFIQ,"Hancock Fabrics, Inc.",HKFIQ US Equity,Consumer Discretionary,Retail - Discretionary,SA_49@2006-12-21,2006-09-22,2006-01-28,5.053,-5.114,3.215,170.117,63.696,5.3,-25.575,-16.647,-24.312,2.997,152.893,51.056,-30.251,-19.198,388.752,80.561,,241.973,51.056,161.412,106.421,20,327,327,3.19,2006-11-30,21,61.0576,2006-11-30,21,19.1403,2006-11-30,21,7835302.0,2006-11-30,21,2528300.0,2006-11-30,21,2006-11-30,21,5,21,3.19,2006-11-30,3.32,2006-10-31,2.87,2006-09-29,2.97,2006-08-31,3.28,2006-07-31,3.34,2006-06-30,3.3,2006-05-31,3.51,2006-04-28,3.64,2006-03-31,4.15,2006-02-28,4.56,2006-01-31,4.07,2005-12-30,4.5,2005-11-30,60,13,True,True,True,2005-11-30,2006-11-30,2006-12-21,0,8
NB_1664,2007-08-21,1,0,nonbankruptcy_candidate,2007,2008-08-21,True,nonbankrupt,MAGN,Magnera Corporation Common Stock,MAGN US Equity,Materials,"Forestry, Paper & Wood Products",NB_1664@2007-08-21,2007-05-23,2006-12-31,128.255,-44.46,21.985,375.038,193.29,100.042,12.813,62.834,-72.887,24.453,192.281,375.295,-12.236,-28.427,997.137,,22.318,1225.643,397.613,837.275,181.748,20,233,233,174.5902,2007-07-31,21,604.6979,2007-07-31,21,3.46353,2007-07-31,21,148264500.0,2007-07-31,21,809068.0,2007-07-31,21,2007-07-31,21,5,21,174.5902,2007-07-31,176.6702,2007-06-29,176.6702,2007-05-31,194.3502,2007-04-30,193.8302,2007-03-30,220.7402,2007-02-28,210.4702,2007-01-31,201.5002,2006-12-29,192.6602,2006-11-30,190.3202,2006-10-31,176.1502,2006-09-29,186.5502,2006-08-31,202.8002,2006-07-31,170,13,True,True,True,2006-07-31,2007-07-31,2007-08-21,0,8
SA_93,2007-08-21,2,1,bankruptcy,2007,2008-08-21,True,bankrupt,PTBTQ,"Pope & Talbot, Inc.",PTBTQ US Equity,Materials,"Forestry, Paper & Wood Products",SA_93@2007-08-21,2007-05-23,2006-12-31,92.666,-27.202,19.058,258.336,102.504,,-17.768,24.392,52.191,36.98,130.137,320.476,45.319,79.393,841.14,,0.474,662.019,320.95,541.594,155.832,19,233,233,2.63,2007-07-31,21,43.2235,2007-07-31,21,16.4348,2007-07-31,21,21562250.0,2007-07-31,21,6382800.0,2007-07-31,21,2007-07-31,21,5,21,2.63,2007-07-31,3.97,2007-06-29,4.18,2007-05-31,7.43,2007-04-30,6.75,2007-03-30,7.9,2007-02-28,7.01,2007-01-31,5.47,2006-12-29,5.01,2006-11-30,5.45,2006-10-31,5.75,2006-09-29,5.5,2006-08-31,5.13,2006-07-31,60,13,True,True,True,2006-07-31,2007-07-31,2007-08-21,0,8
NB_1730,2007-10-31,1,0,nonbankruptcy_candidate,2007,2008-10-31,True,nonbankrupt,MHO,M/I Homes Inc. Common Stock,MHO US Equity,Consumer Discretionary,Home Construction,NB_1730@2007-10-31,2007-08-02,2006-12-31,58.305,-4.806,11.516,1313.154,123.391,3.7,128.313,135.044,-108.818,15.807,1184.358,665.077,38.875,-104.012,1274.145,,0.0,1477.079,665.077,860.027,1189.763,20,304,304,16.6,2007-10-31,0,233.396,2007-10-31,0,14.06,2007-10-31,0,92861140.0,2007-10-31,0,5798600.0,2007-10-31,0,2007-10-31,0,5,0,16.6,2007-10-31,13.89,2007-09-28,18.23,2007-08-31,24.55,2007-07-31,26.6,2007-06-29,28.78,2007-05-31,29.73,2007-04-30,26.55,2007-03-30,31.38,2007-02-28,36.08,2007-01-31,38.19,2006-12-29,37.28,2006-11-30,35.92,2006-10-31,168,13,True,True,True,2006-10-31,2007-10-31,2007-10-31,0,8
NB_2778,2007-10-31,1,0,nonbankruptcy_candidate,2007,2008-10-31,True,nonbankrupt,UFPI,UFP Industries Inc. Common Stock,UFPI US Equity,Materials,"Forestry, Paper & Wood Products",NB_2778@2007-10-31,2007-08-02,2006-12-31,148.242,-43.504,51.108,475.135,192.222,33.771,123.091,162.613,108.818,14.053,245.118,169.417,70.125,152.322,2664.572,514.742,0.68,913.441,170.097,387.88,282.913,21,304,304,11.9367,2007-10-31,0,680.7266,2007-10-31,0,57.0282,2007-10-31,0,199614400.0,2007-10-31,0,18980937.0,2007-10-31,0,2007-10-31,0,5,0,11.9367,2007-10-31,9.9667,2007-09-28,12.43,2007-08-31,13.1867,2007-07-31,14.0867,2007-06-29,16.0267,2007-05-31,15.4867,2007-04-30,16.5167,2007-03-30,17.2767,2007-02-28,16.3,2007-01-31,15.54,2006-12-29,15.5487,2006-11-30,15.1267,2006-10-31,168,13,True,True,True,2006-10-31,2007-10-31,2007-10-31,0,8
NB_733,2007-10-31,1,0,nonbankruptcy_candidate,2007,2008-10-31,True,nonbankrupt,CVCO,Cavco Industries Inc. Common Stock When Issued,CVCO US Equity,Consumer Discretionary,Home Construction,NB_733@2007-10-31,2007-08-02,2007-03-31,8.107,-1.15,12.976,91.989,21.285,1.384,14.99,15.682,5.226,,13.464,0.0,11.549,6.376,169.114,138.092,0.0,172.137,0.0,34.045,70.704,20,214,214,39.31,2007-10-31,0,252.4292,2007-10-31,0,6.4215,2007-10-31,0,17437300.0,2007-10-31,0,483887.0,2007-10-31,0,2007-10-31,0,5,0,39.31,2007-10-31,33.5,2007-09-28,35.12,2007-08-31,34.65,2007-07-31,37.52,2007-06-29,38.64,2007-05-31,37.56,2007-04-30,34.95,2007-03-30,33.01,2007-02-28,32.37,2007-01-31,35.04,2006-12-29,35.5,2006-11-30,33.58,2006-10-31,53,13,True,True,True,2006-10-31,2007-10-31,2007-10-31,0,8
SA_39,2007-10-31,2,1,bankruptcy,2007,2008-10-31,True,bankrupt,TOUSQ,"TOUSA, Inc.",TOUSQ US Equity,Consumer Discretionary,Home Construction,SA_39@2007-10-31,2007-08-02,2006-12-31,0.0,-16.4,56.2,2302.3,971.2,4.3,234.3,248.1,-161.2,0.6,2196.2,1096.1,-201.2,-144.8,2504.6,774.9,0.0,2842.2,1096.1,2067.3,1331.1,21,304,304,1.61,2007-09-28,33,95.9628,2007-09-28,33,59.6042,2007-09-28,33,26370340.0,2007-09-28,33,10742000.0,2007-09-28,33,2007-09-28,33,5,33,1.61,2007-09-28,2.71,2007-08-31,2.86,2007-07-31,4.19,2007-06-29,4.09,2007-05-31,4.37,2007-04-30,3.99,2007-03-30,9.01,2007-02-28,9.53,2007-01-31,10.17,2006-12-29,9.32,2006-11-30,11.1,2006-10-31,9.83,2006-09-29,60,13,True,True,True,2006-09-29,2007-09-28,2007-10-31,0,8
NB_1398,2008-08-08,1,0,nonbankruptcy_candidate,2008,2009-08-08,True,nonbankrupt,INUV,Inuvo Inc.,INUV US Equity,Communications,Advertising & Marketing,NB_1398@2008-08-08,2008-05-10,2007-12-31,13.7056,-2.4509,2.5782,19.7403,11.2923,1.6627,-3.7072,5.0412,1.5311,0.8811,0.6019,0.0,-1.1078,3.982,27.7957,,1.3389,121.1255,1.3389,25.4805,8.448,20,221,221,37.0,2008-07-31,8,24.8081,2008-07-31,8,0.67049,2008-07-31,8,1047323.0,2008-07-31,8,22480.0,2008-07-31,8,2008-07-31,8,5,8,37.0,2008-07-31,43.0,2008-06-30,49.0812,2008-05-30,84.0,2008-04-30,98.0,2008-03-31,102.0,2008-02-29,113.0,2008-01-31,152.0,2007-12-31,132.0,2007-11-30,169.0,2007-10-31,152.0,2007-09-28,148.0,2007-08-31,225.0125,2007-07-31,149,13,True,True,True,2007-07-31,2008-07-31,2008-08-08,0,8
NB_1404,2008-08-08,1,0,nonbankruptcy_candidate,2008,2009-08-08,True,nonbankrupt,IOSP,Innospec Inc. Common Stock,IOSP US Equity,Materials,Chemicals,NB_1404@2008-08-08,2008-05-10,2007-12-31,94.2,-12.2,24.3,256.1,160.7,13.3,63.0,94.3,35.7,9.5,132.6,61.0,29.5,47.9,602.4,,20.0,551.1,81.0,279.6,95.4,20,221,221,17.74,2008-07-31,8,414.8251,2008-07-31,8,23.3836,2008-07-31,8,93751170.0,2008-07-31,8,4817197.0,2008-07-31,8,2008-07-31,8,5,8,17.74,2008-07-31,18.82,2008-06-30,24.62,2008-05-30,20.39,2008-04-30,21.2,2008-03-31,18.74,2008-02-29,15.77,2008-01-31,17.16,2007-12-31,17.56,2007-11-30,21.29,2007-10-31,22.78,2007-09-28,24.84,2007-08-31,27.53,2007-07-31,123,13,True,True,True,2007-07-31,2008-07-31,2008-08-08,0,8
SA_153,2008-08-08,2,1,bankruptcy,2008,2009-08-08,True,bankrupt,MPCCQ,MPC Corporation,MPCCQ US Equity,Technology,Technology Hardware,SA_153@2008-08-08,2008-05-10,2007-12-31,86.056,-1.316,9.009,178.812,216.987,3.5,-14.299,-7.667,-20.068,,62.05,0.0,-11.453,-18.752,364.972,,64.249,266.275,64.249,259.96,-38.175,19,221,221,0.26,2008-07-31,8,8.8908,2008-07-31,8,34.1955,2008-07-31,8,55627.84,2008-07-31,8,214565.0,2008-07-31,8,2008-07-31,8,5,8,0.26,2008-07-31,0.27,2008-06-30,0.28,2008-05-30,0.34,2008-04-30,0.3499,2008-03-31,0.4499,2008-02-29,0.47,2008-01-31,0.63,2007-12-31,0.9,2007-11-30,0.89,2007-10-31,0.78,2007-09-28,1.95,2007-08-31,1.74,2007-07-31,45,13,True,True,True,2007-07-31,2008-07-31,2008-08-08,0,8
NB_390,2008-11-20,1,0,nonbankruptcy_candidate,2008,2009-11-20,True,nonbankrupt,BKTI,BK Technologies Corporation Common Stock,BKTI US Equity,Technology,Technology Hardware,NB_390@2008-11-20,2008-08-22,2007-12-31,1.992,-0.862,8.452,22.985,2.351,,2.268,2.658,1.761,0.004,8.899,0.0,1.846,2.623,26.976,,0.0,30.145,0.0,2.351,20.634,19,325,325,3.4,2008-10-31,20,9.1126,2008-10-31,20,2.68018,2008-10-31,20,888560.4,2008-10-31,20,268984.0,2008-10-31,20,2008-10-31,20,5,20,3.4,2008-10-31,7.25,2008-09-30,7.25,2008-08-29,7.35,2008-07-31,7.5,2008-06-30,8.0,2008-05-30,8.45,2008-04-30,8.2,2008-03-31,11.1,2008-02-29,13.7,2008-01-31,15.75,2007-12-31,16.45,2007-11-30,19.9,2007-10-31,185,13,True,True,True,2007-10-31,2008-10-31,2008-11-20,0,8
SA_211,2008-11-20,2,1,bankruptcy,2008,2009-11-20,True,bankrupt,BGPTQ,"BearingPoint, Inc.",BGPTQ US Equity,Industrials,Commercial Support Services,SA_211@2008-11-20,2008-08-22,2007-12-31,356.178,-38.227,466.815,1243.89,911.892,,-211.923,-148.451,-231.522,61.2,319.132,1019.009,-362.723,-193.295,3455.562,-469.289,21.318,1981.404,1040.327,2450.693,331.998,20,325,325,10.4938,2008-10-31,20,45.752,2008-10-31,20,4.35993,2008-10-31,20,17561230.0,2008-10-31,20,1325895.0,2008-10-31,20,2008-10-31,20,5,20,10.4938,2008-10-31,26.0,2008-09-30,57.0,2008-08-29,44.0,2008-07-31,40.5,2008-06-30,68.0,2008-05-30,92.5,2008-04-30,84.0,2008-03-31,81.0,2008-02-29,98.5,2008-01-31,141.5,2007-12-31,182.5,2007-11-30,239.5,2007-10-31,60,13,True,True,True,2007-10-31,2008-10-31,2008-11-20,0,8
NB_2797,2008-11-23,1,0,nonbankruptcy_candidate,2008,2009-11-23,True,nonbankrupt,UONE,Urban One Inc. Class A Common Stock,UONE US Equity,Communications,Publishing & Broadcasting,NB_2797@2008-11-23,2008-08-25,2007-12-31,50.425,-10.203,24.247,84.197,85.576,,99.369,112.328,33.736,72.77,0.0,789.5,-391.5,43.939,319.552,628.718,26.004,1648.354,815.504,1015.747,-1.379,20,328,328,7.99,2008-10-31,23,12.1312,2008-10-31,23,0.30784,2008-10-31,23,139388.0,2008-10-31,23,18146.0,2008-10-31,23,2008-10-31,23,5,23,7.99,2008-10-31,14.1,2008-09-30,17.1,2008-08-29,18.9,2008-07-31,14.1,2008-06-30,11.1,2008-05-30,10.4,2008-04-30,15.2,2008-03-31,12.7,2008-02-29,15.6,2008-01-31,23.3988,2007-12-31,19.9,2007-11-30,34.9,2007-10-31,114,13,True,True,True,2007-10-31,2008-10-31,2008-11-21,2,8
NB_2798,2008-11-23,1,0,nonbankruptcy_candidate,2008,2009-11-23,True,nonbankrupt,UONEK,Urban One Inc. Class D Common Stock,UONEK US Equity,Communications,Publishing & Broadcasting,NB_2798@2008-11-23,2008-08-25,2007-12-31,50.425,-10.203,24.247,84.197,85.576,,99.369,112.328,33.736,72.77,0.0,789.5,-391.5,43.939,319.552,628.718,26.004,1648.354,815.504,1015.747,-1.379,20,328,328,0.8,2008-10-31,23,12.1312,2008-10-31,23,8.80267,2008-10-31,23,3316696.0,2008-10-31,23,2086960.0,2008-10-31,23,2008-10-31,23,5,23,0.8,2008-10-31,7.5,2008-09-30,10.5,2008-08-29,9.9,2008-07-31,12.9,2008-06-30,11.7,2008-05-30,10.0,2008-04-30,15.2,2008-03-31,12.6,2008-02-29,16.0,2008-01-31,23.7,2007-12-31,20.4,2007-11-30,34.9,2007-10-31,101,13,True,True,True,2007-10-31,2008-10-31,2008-11-21,2,8
NB_283,2008-11-23,1,0,nonbankruptcy_candidate,2008,2009-11-23,True,nonbankrupt,AVD,American Vanguard Corporation Common Stock ($0.10 Par Value),AVD US Equity,Materials,Chemicals,NB_283@2008-11-23,2008-08-25,2007-12-31,55.925,-3.5,3.201,125.44,50.296,,36.013,46.101,49.658,5.701,63.455,56.155,18.728,53.158,216.662,,4.106,248.581,60.261,108.842,75.144,19,328,328,14.63,2008-10-31,23,389.0878,2008-10-31,23,26.5952,2008-10-31,23,39258870.0,2008-10-31,23,3055318.0,2008-10-31,23,2008-10-31,23,5,23,14.63,2008-10-31,15.08,2008-09-30,14.84,2008-08-29,13.08,2008-07-31,12.3,2008-06-30,13.37,2008-05-30,17.3,2008-04-30,16.64,2008-03-31,15.11,2008-02-29,15.29,2008-01-31,17.35,2007-12-31,16.35,2007-11-30,17.77,2007-10-31,185,13,True,True,True,2007-10-31,2008-10-31,2008-11-21,2,8
NB_607,2008-11-23,1,0,nonbankruptcy_candidate,2008,2009-11-23,True,nonbankrupt,CMCSA,Comcast Corporation Class A Common Stock,CMCSA US Equity,Communications,Cable & Satellite,NB_607@2008-11-23,2008-08-25,2007-12-31,1645.0,-6158.0,963.0,3667.0,7952.0,5107.0,5578.0,11786.0,2634.0,2289.0,0.0,29828.0,2587.0,8792.0,30895.0,41340.0,1495.0,113417.0,31323.0,71827.0,-4285.0,21,328,328,7.3822,2008-10-31,23,45108.2223,2008-10-31,23,4120.24463,2008-10-31,23,13277820000.0,2008-10-31,23,1658085228.0,2008-10-31,23,2008-10-31,23,5,23,7.3822,2008-10-31,9.195,2008-09-30,9.921,2008-08-29,9.6587,2008-07-31,8.8858,2008-06-30,10.5393,2008-05-30,9.6259,2008-04-30,9.0592,2008-03-31,9.1528,2008-02-29,8.5064,2008-01-31,8.5533,2007-12-31,9.6213,2007-11-30,9.8601,2007-10-31,185,13,True,True,True,2007-10-31,2008-10-31,2008-11-21,2,8
SA_27,2008-11-23,2,1,bankruptcy,2008,2009-11-23,True,bankrupt,JRCOQ,Journal Register Company,JRCOQ US Equity,Communications,Publishing & Broadcasting,SA_27@2008-11-23,2008-08-25,2007-12-30,52.056,-26.398,4.214,71.198,80.267,18.6,62.977,82.511,28.102,43.6,6.301,624.8,-102.545,54.5,463.215,,0.5,932.467,625.3,841.357,-9.069,20,329,329,0.01,2008-10-31,23,0.3936,2008-10-31,23,39.3583,2008-10-31,23,90819.05,2008-10-31,23,9383367.0,2008-10-31,23,2008-10-31,23,5,23,0.01,2008-10-31,0.007,2008-09-30,0.0105,2008-08-29,0.022,2008-07-31,0.18,2008-06-30,0.16,2008-05-30,0.29,2008-04-30,0.55,2008-03-31,1.0,2008-02-29,1.5,2008-01-31,1.76,2007-12-31,2.2,2007-11-30,2.25,2007-10-31,60,13,True,True,True,2007-10-31,2008-10-31,2008-11-21,2,8
NB_1385,2008-12-18,1,0,nonbankruptcy_candidate,2008,2009-12-18,True,nonbankrupt,INOD,Innodata Inc. Common Stock,INOD US Equity,Industrials,Commercial Support Services,NB_1385@2008-12-18,2008-09-19,2007-12-31,10.673,-4.449,14.751,28.196,11.867,2.622,3.869,7.025,1.548,0.033,0.0,2.128,4.566,5.997,67.731,,0.37,38.449,2.498,15.219,16.329,20,353,353,1.77,2008-11-28,20,42.6915,2008-11-28,20,24.1195,2008-11-28,20,986424.6,2008-11-28,20,596525.0,2008-11-28,20,2008-11-28,20,5,20,1.77,2008-11-28,1.664,2008-10-31,2.6,2008-09-30,2.87,2008-08-29,2.67,2008-07-31,2.8,2008-06-30,3.12,2008-05-30,4.59,2008-04-30,4.27,2008-03-31,5.5,2008-02-29,5.58,2008-01-31,5.35,2007-12-31,4.94,2007-11-30,184,13,True,True,True,2007-11-30,2008-11-28,2008-12-18,0,8
NB_2105,2008-12-18,1,0,nonbankruptcy_candidate,2008,2009-12-18,True,nonbankrupt,PESI,Perma-Fix Environmental Services Inc. Common Stock,PESI US Equity,Industrials,Commercial Support Services,NB_2105@2008-12-18,2008-09-19,2007-12-31,14.961,-2.926,0.118,32.61,49.764,3.867,0.918,5.01,4.177,1.517,10.765,2.88,-9.21,7.103,64.544,58.728,15.352,126.048,18.232,66.035,-17.154,21,353,353,4.5,2008-11-28,20,48.5178,2008-11-28,20,10.78174,2008-11-28,20,4954780.0,2008-11-28,20,997026.0,2008-11-28,20,2008-11-28,20,5,20,4.5,2008-11-28,6.85,2008-10-31,10.45,2008-09-30,12.5,2008-08-29,12.1,2008-07-31,14.45,2008-06-30,12.5,2008-05-30,12.8,2008-04-30,8.1,2008-03-31,9.3,2008-02-29,10.75,2008-01-31,12.35,2007-12-31,13.0,2007-11-30,186,13,True,True,True,2007-11-30,2008-11-28,2008-12-18,0,8
NB_591,2008-12-18,1,0,nonbankruptcy_candidate,2008,2009-12-18,True,nonbankrupt,CLFD,Clearfield Inc. Common Stock,CLFD US Equity,Technology,Technology Hardware,NB_591@2008-12-18,2008-09-19,2007-03-31,1.8231,-0.5814,6.7634,10.2322,2.0107,,-2.336,-1.6846,-1.9384,0.0419,1.4903,0.1281,-2.1473,-1.3569,18.5602,13.4765,0.0695,15.7226,0.1976,2.2461,8.2215,20,628,628,0.7499,2008-11-28,20,8.9027,2008-11-28,20,11.8723,2008-11-28,20,97822.35,2008-11-28,20,115232.0,2008-11-28,20,2008-11-28,20,5,20,0.7499,2008-11-28,1.02,2008-10-31,1.16,2008-09-30,1.3,2008-08-29,1.2,2008-07-31,1.23,2008-06-30,1.5,2008-05-30,1.35,2008-04-30,1.09,2008-03-31,0.98,2008-02-29,1.0,2008-01-31,1.01,2007-12-31,1.02,2007-11-30,186,13,True,True,True,2007-11-30,2008-11-28,2008-12-18,0,8
SA_171,2008-12-18,2,1,bankruptcy,2008,2009-12-18,True,bankrupt,CEMJQ,Chemtura Corporation,CEMJQ US Equity,Materials,Chemicals,SA_171@2008-12-18,2008-09-19,2007-12-31,389.0,-117.0,77.0,1381.0,681.0,229.0,161.0,436.0,32.0,87.0,676.0,1058.0,-3.0,149.0,3747.0,1853.0,5.0,4416.0,1063.0,2563.0,700.0,21,353,353,1.67,2008-11-28,20,404.9568,2008-11-28,20,242.48911,2008-11-28,20,77314840.0,2008-11-28,20,50168519.0,2008-11-28,20,2008-11-28,20,5,20,1.67,2008-11-28,1.73,2008-10-31,4.56,2008-09-30,6.59,2008-08-29,6.52,2008-07-31,5.84,2008-06-30,8.73,2008-05-30,6.92,2008-04-30,7.34,2008-03-31,8.26,2008-02-29,6.7,2008-01-31,7.8,2007-12-31,7.5,2007-11-30,60,13,True,True,True,2007-11-30,2008-11-28,2008-12-18,0,8
NB_2458,2008-12-27,1,0,nonbankruptcy_candidate,2008,2009-12-27,True,nonbankrupt,SIRI,SiriusXM Holdings Inc. Common Stock,SIRI US Equity,Communications,Cable & Satellite,NB_2458@2008-12-27,2008-09-28,2007-12-31,44.068,-65.264,438.82,678.857,1073.846,106.78,-513.09,-406.31,-214.03,70.328,29.537,1278.617,-565.252,-148.766,922.066,-792.737,0.0,1694.149,1278.617,2486.886,-394.989,21,362,362,2.03,2008-11-28,29,713.2204,2008-11-28,29,351.34009,2008-11-28,29,222376800.0,2008-11-28,29,99285450.0,2008-11-28,29,2008-11-28,29,5,29,2.03,2008-11-28,3.38,2008-10-31,5.7,2008-09-30,13.3,2008-08-29,16.0,2008-07-31,19.2,2008-06-30,25.2,2008-05-30,25.7,2008-04-30,28.6,2008-03-31,28.4,2008-02-29,32.0,2008-01-31,30.3,2007-12-31,38.3,2007-11-30,171,13,True,True,True,2007-11-30,2008-11-28,2008-12-26,1,8
SA_243,2008-12-27,2,1,bankruptcy,2008,2009-12-27,True,bankrupt,CHTRQ,"Charter Communications, Inc.",CHTRQ US Equity,Communications,Cable & Satellite,SA_243@2008-12-27,2008-09-28,2007-12-31,225.0,-1244.0,75.0,336.0,1332.0,1300.0,782.0,2110.0,-917.0,,0.0,19973.0,-1616.0,327.0,6002.0,,0.0,14666.0,19973.0,22354.0,-996.0,19,362,362,0.19,2008-11-28,29,78.3162,2008-11-28,29,412.1405,2008-11-28,29,22125850.0,2008-11-28,29,76521950.0,2008-11-28,29,2008-11-28,29,5,29,0.19,2008-11-28,0.44,2008-10-31,0.73,2008-09-30,1.05,2008-08-29,1.14,2008-07-31,1.05,2008-06-30,1.59,2008-05-30,1.07,2008-04-30,0.852,2008-03-31,0.962,2008-02-29,1.17,2008-01-31,1.17,2007-12-31,1.32,2007-11-30,60,13,True,True,True,2007-11-30,2008-11-28,2008-12-26,1,8
NB_968,2008-12-31,1,0,nonbankruptcy_candidate,2008,2009-12-31,True,nonbankrupt,EVC,Entravision Communications Corporation Common Stock,EVC US Equity,Communications,Advertising & Marketing,NB_968@2008-12-31,2008-10-02,2007-12-31,55.986,-26.177,86.945,280.311,64.91,22.565,66.253,90.616,37.088,49.405,0.0,483.002,-43.117,63.265,250.046,657.81,1.076,1366.148,484.078,708.338,215.401,21,366,366,1.56,2008-12-31,0,135.4757,2008-12-31,0,48.3033,2008-12-31,0,6653660.0,2008-12-31,0,7261261.0,2008-12-31,0,2008-12-31,0,5,0,1.56,2008-12-31,0.77,2008-11-28,1.89,2008-10-31,2.69,2008-09-30,3.2,2008-08-29,3.16,2008-07-31,4.02,2008-06-30,5.34,2008-05-30,6.99,2008-04-30,6.66,2008-03-31,5.8,2008-02-29,7.02,2008-01-31,7.83,2007-12-31,101,13,True,True,True,2007-12-31,2008-12-31,2008-12-31,0,8
SA_309,2008-12-31,2,1,bankruptcy,2008,2009-12-31,True,bankrupt,IDARQ,Idearc Inc.,IDARQ US Equity,Communications,Advertising & Marketing,SA_309@2008-12-31,2008-10-02,2007-12-31,423.0,-46.0,48.0,793.0,588.0,41.0,1343.0,1431.0,323.0,676.0,0.0,9020.0,429.0,369.0,3189.0,-0.0086,48.0,1667.0,9068.0,10267.0,205.0,21,366,366,0.12,2008-11-28,33,17.7777,2008-11-28,33,148.1476,2008-11-28,33,19011040.0,2008-11-28,33,140963518.0,2008-11-28,33,2008-11-28,33,5,33,0.12,2008-11-28,0.38,2008-10-31,1.25,2008-09-30,1.65,2008-08-29,1.31,2008-07-31,2.35,2008-06-30,4.02,2008-05-30,3.3,2008-04-30,3.64,2008-03-31,4.82,2008-02-29,16.24,2008-01-31,17.56,2007-12-31,18.92,2007-11-30,25,13,True,True,True,2007-11-30,2008-11-28,2008-12-31,0,8
NB_1455,2009-01-19,1,0,nonbankruptcy_candidate,2009,2010-01-19,True,nonbankrupt,JCTC,Jewett-Cameron Trading Company Common Shares,JCTC US Equity,Consumer Discretionary,Retail - Discretionary,NB_1455@2009-01-19,2008-10-21,2008-08-31,5.4059,-0.0636,5.7585,19.3853,3.1988,0.0937,4.3729,4.6864,5.7965,0.1896,8.0683,1.951,2.6101,5.8601,64.321,,0.3678,22.1802,2.3188,5.1498,16.1865,20,141,141,1.2575,2008-12-31,19,12.0267,2008-12-31,19,9.564,2008-12-31,19,85426.07,2008-12-31,19,70728.0,2008-12-31,19,2008-12-31,19,5,19,1.2575,2008-12-31,1.215,2008-11-28,1.3625,2008-10-31,1.665,2008-09-30,1.835,2008-08-29,1.76,2008-07-31,1.905,2008-06-30,1.7625,2008-05-30,1.8375,2008-04-30,1.875,2008-03-31,1.9375,2008-02-29,1.6875,2008-01-31,1.9475,2007-12-31,154,13,True,True,True,2007-12-31,2008-12-31,2009-01-19,0,8
SA_115,2009-01-19,2,1,bankruptcy,2009,2010-01-19,True,bankrupt,DSUPQ,Dayton Superior Corporation,DSUPQ US Equity,Consumer Discretionary,Retail - Discretionary,SA_115@2009-01-19,2008-10-21,2007-12-31,68.593,-45.173,3.381,145.172,83.127,25.106,44.884,68.613,-46.348,47.019,66.74,315.607,-6.692,-1.175,482.958,,8.99,317.253,324.597,406.896,62.045,20,385,385,0.64,2008-12-31,19,12.2024,2008-12-31,19,19.0662,2008-12-31,19,1731450.0,2008-12-31,19,2547152.0,2008-12-31,19,2008-12-31,19,5,19,0.64,2008-12-31,0.2996,2008-11-28,0.679,2008-10-31,1.39,2008-09-30,2.06,2008-08-29,2.0,2008-07-31,2.64,2008-06-30,2.1,2008-05-30,2.4,2008-04-30,2.95,2008-03-31,3.9,2008-02-29,2.43,2008-01-31,3.9,2007-12-31,25,13,True,True,True,2007-12-31,2008-12-31,2009-01-19,0,8
NB_2212,2009-01-20,1,0,nonbankruptcy_candidate,2009,2010-01-20,True,nonbankrupt,PXLW,Pixelworks Inc. Common Stock,PXLW US Equity,Technology,Semiconductors,NB_2212@2009-01-20,2008-10-22,2007-12-31,6.223,-2.886,74.572,130.432,18.072,3.762,-31.166,-13.988,-4.08,2.642,11.265,140.0,-30.92,-1.194,105.98,-8.027,0.0,161.916,140.0,169.943,112.36,21,386,386,8.64,2008-12-31,20,9.885,2008-12-31,20,1.14409,2008-12-31,20,503554.4,2008-12-31,20,56402.0,2008-12-31,20,2008-12-31,20,5,20,8.64,2008-12-31,12.0,2008-11-28,12.6001,2008-10-31,16.2001,2008-09-30,19.3201,2008-08-29,19.3921,2008-07-31,21.1201,2008-06-30,27.0001,2008-05-30,21.6001,2008-04-30,27.7201,2008-03-31,27.3601,2008-02-29,30.9602,2008-01-31,27.3601,2007-12-31,104,13,True,True,True,2007-12-31,2008-12-31,2009-01-20,0,8
SA_7,2009-01-20,2,1,bankruptcy,2009,2010-01-20,True,bankrupt,ASYTQ,"Asyst Technologies, Inc.",ASYTQ US Equity,Technology,Semiconductors,SA_7@2009-01-20,2008-10-22,2008-03-31,119.717,-8.851,95.669,273.776,220.991,7.4,-11.402,13.338,9.506,8.979,39.407,112.667,-13.743,18.357,457.227,87.6,43.178,445.653,155.845,358.053,52.785,21,295,295,0.25,2008-12-31,20,12.6615,2008-12-31,20,50.6459,2008-12-31,20,2314652.0,2008-12-31,20,6615688.0,2008-12-31,20,2008-12-31,20,5,20,0.25,2008-12-31,0.44,2008-11-28,0.63,2008-10-31,2.4,2008-09-30,4.12,2008-08-29,4.33,2008-07-31,3.57,2008-06-30,3.55,2008-05-30,3.58,2008-04-30,3.5,2008-03-31,3.52,2008-02-29,2.95,2008-01-31,3.26,2007-12-31,60,13,True,True,True,2007-12-31,2008-12-31,2009-01-20,0,8
NB_1775,2009-02-27,1,0,nonbankruptcy_candidate,2009,2010-02-27,True,nonbankrupt,MPAA,Motorcar Parts of America Inc. Common Stock,MPAA US Equity,Consumer Discretionary,Automotive,NB_1775@2009-02-27,2008-11-29,2008-03-31,3.556,-1.962,1.935,49.96,43.096,,12.751,15.711,-12.001,5.514,36.831,2.565,4.607,-10.039,133.337,91.093,1.711,141.408,4.276,50.315,6.864,20,333,333,4.12,2009-02-27,0,49.2834,2009-02-27,0,11.962,2009-02-27,0,1363324.0,2009-02-27,0,315350.0,2009-02-27,0,2009-02-27,0,5,0,4.12,2009-02-27,4.6,2009-01-30,3.9,2008-12-31,3.8399,2008-11-28,4.56,2008-10-31,6.04,2008-09-30,7.04,2008-08-29,6.5,2008-07-31,7.55,2008-06-30,7.09,2008-05-30,6.9069,2008-04-30,6.02,2008-03-31,7.74,2008-02-29,179,13,True,True,True,2008-02-29,2009-02-27,2009-02-27,0,8
NB_1830,2009-02-27,1,0,nonbankruptcy_candidate,2009,2010-02-27,True,nonbankrupt,MXC,Mexco Energy Corporation Common Stock,MXC US Equity,Energy,Oil & Gas Supply Chain,NB_1830@2009-02-27,2008-11-29,2008-03-31,0.8609,-3.0701,0.3036,1.1992,0.5715,,1.0577,1.8373,-1.5954,0.1053,0.0,2.6,0.7136,1.4748,3.8994,,0.0,13.2027,2.6,4.7426,0.6277,19,333,333,7.14,2009-02-27,0,13.3868,2009-02-27,0,1.8749,2009-02-27,0,621977.7,2009-02-27,0,71897.0,2009-02-27,0,2009-02-27,0,5,0,7.14,2009-02-27,10.4001,2009-01-30,12.3901,2008-12-31,9.57,2008-11-28,12.8,2008-10-31,17.01,2008-09-30,28.59,2008-08-29,28.5,2008-07-31,40.16,2008-06-30,31.81,2008-05-30,9.45,2008-04-30,4.21,2008-03-31,4.09,2008-02-29,138,13,True,True,True,2008-02-29,2009-02-27,2009-02-27,0,8
NB_61,2009-02-27,1,0,nonbankruptcy_candidate,2009,2010-02-27,True,nonbankrupt,AEHR,Aehr Test Systems Common Stock,AEHR US Equity,Technology,Semiconductors,NB_61@2009-02-27,2008-11-29,2008-05-31,10.927,-1.056,15.648,40.223,6.861,,5.811,6.285,2.568,0.0,10.209,0.0,10.573,3.624,39.041,,0.0,45.199,0.0,7.427,33.362,19,272,272,1.07,2009-02-27,0,9.0413,2009-02-27,0,8.4498,2009-02-27,0,579353.9,2009-02-27,0,445976.0,2009-02-27,0,2009-02-27,0,5,0,1.07,2009-02-27,1.46,2009-01-30,2.05,2008-12-31,2.19,2008-11-28,2.74,2008-10-31,3.71,2008-09-30,4.37,2008-08-29,4.79,2008-07-31,7.73,2008-06-30,8.7,2008-05-30,8.5,2008-04-30,8.45,2008-03-31,7.3,2008-02-29,139,13,True,True,True,2008-02-29,2009-02-27,2009-02-27,0,8
NB_780,2009-02-27,1,0,nonbankruptcy_candidate,2009,2010-02-27,True,nonbankrupt,DCH,Dauch Corporation Common Stock,DCH US Equity,Consumer Discretionary,Automotive,NB_780@2009-02-27,2008-11-29,2007-12-31,264.0,-186.5,343.6,934.6,511.6,220.6,75.6,305.0,181.4,61.6,229.0,858.1,37.0,367.9,3248.2,890.7,0.0,2914.7,858.1,2024.0,423.0,21,424,424,0.93,2009-02-27,0,50.5037,2009-02-27,0,54.3051,2009-02-27,0,14795670.0,2009-02-27,0,14777534.0,2009-02-27,0,2009-02-27,0,5,0,0.93,2009-02-27,1.09,2009-01-30,2.89,2008-12-31,2.52,2008-11-28,3.59,2008-10-31,5.36,2008-09-30,4.86,2008-08-29,5.88,2008-07-31,7.99,2008-06-30,18.59,2008-05-30,20.14,2008-04-30,20.5,2008-03-31,19.68,2008-02-29,122,13,True,True,True,2008-02-29,2009-02-27,2009-02-27,0,8
SA_129,2009-02-27,2,1,bankruptcy,2009,2010-02-27,True,bankrupt,VSTNQ,Visteon Corporation,VSTNQ US Equity,Consumer Discretionary,Automotive,SA_129@2009-02-27,2008-11-29,2006-12-31,1727.0,-373.0,1057.0,3565.0,2568.0,377.0,40.0,470.0,-92.0,190.0,520.0,2128.0,-163.0,281.0,11253.0,,100.0,6938.0,2228.0,6855.0,997.0,20,789,789,0.14,2009-01-30,28,18.2787,2009-01-30,28,130.562,2009-01-30,28,10938820.0,2009-01-30,28,42503328.0,2009-01-30,28,2009-01-30,28,5,28,0.14,2009-01-30,0.35,2008-12-31,0.75,2008-11-28,0.69,2008-10-31,2.32,2008-09-30,3.22,2008-08-29,2.85,2008-07-31,2.63,2008-06-30,4.04,2008-05-30,4.34,2008-04-30,3.76,2008-03-31,3.5,2008-02-29,4.0,2008-01-31,60,13,True,True,True,2008-01-31,2009-01-30,2009-02-27,0,8
SA_202,2009-02-27,2,1,bankruptcy,2009,2010-02-27,True,bankrupt,RHDCQ,R.H. Donnelley Corporation,RHDCQ US Equity,Communications,Advertising & Marketing,SA_202@2009-02-27,2008-11-29,2007-12-31,1063.468,-77.47,46.076,1467.191,1778.731,,904.966,1368.072,614.339,830.892,0.0,9998.4736,46.859,691.809,2680.2991,,177.175,16089.0928,10175.6486,14266.3567,-311.5399,19,424,424,0.33,2009-01-30,28,22.7061,2009-01-30,28,68.8065,2009-01-30,28,10579400.0,2009-01-30,28,42971174.0,2009-01-30,28,2009-01-30,28,5,28,0.33,2009-01-30,0.37,2008-12-31,0.55,2008-11-28,0.85,2008-10-31,1.99,2008-09-30,3.75,2008-08-29,1.55,2008-07-31,3.0,2008-06-30,5.43,2008-05-30,4.79,2008-04-30,5.06,2008-03-31,7.09,2008-02-29,30.07,2008-01-31,60,13,True,True,True,2008-01-31,2009-01-30,2009-02-27,0,8
NB_2587,2009-04-08,1,0,nonbankruptcy_candidate,2009,2010-04-08,True,nonbankrupt,STRT,STRATTEC SECURITY CORPORATION Common Stock,STRT US Equity,Consumer Discretionary,Automotive,NB_2587@2009-04-08,2009-01-08,2008-06-29,23.518,-10.93,51.501,105.774,32.939,6.83,0.805,7.635,-7.112,0.0,14.314,0.0,2.781,3.818,159.642,97.94,0.0,144.221,0.0,45.328,72.835,21,283,283,8.34,2009-03-31,8,27.1851,2009-03-31,8,3.2596,2009-03-31,8,1709829.0,2009-03-31,8,236246.0,2009-03-31,8,2009-03-31,8,5,8,8.34,2009-03-31,10.005,2009-02-27,9.9,2009-01-30,16.45,2008-12-31,18.0,2008-11-28,21.46,2008-10-31,26.42,2008-09-30,28.35,2008-08-29,32.98,2008-07-31,35.0,2008-06-30,37.51,2008-05-30,36.92,2008-04-30,42.31,2008-03-31,170,13,True,True,True,2008-03-31,2009-03-31,2009-04-08,0,8
NB_476,2009-04-08,1,0,nonbankruptcy_candidate,2009,2010-04-08,True,nonbankrupt,BZH,Beazer Homes USA Inc. Common Stock,BZH US Equity,Consumer Discretionary,Home Construction,NB_476@2009-04-08,2009-01-08,2008-09-30,46.555,-10.566,584.334,2456.347,519.571,,-161.785,-134.076,305.001,55.185,1651.661,1676.146,-951.912,315.567,1813.513,374.851,0.0,2641.799,1676.146,2266.948,1936.776,20,190,190,5.05,2009-03-31,8,39.6463,2009-03-31,8,7.85076,2009-03-31,8,40132660.0,2009-03-31,8,9574954.0,2009-03-31,8,2009-03-31,8,5,8,5.05,2009-03-31,2.4,2009-02-27,5.15,2009-01-30,7.9,2008-12-31,9.05,2008-11-28,15.85,2008-10-31,29.9,2008-09-30,34.8,2008-08-29,31.15,2008-07-31,27.85,2008-06-30,34.75,2008-05-30,55.35,2008-04-30,47.25,2008-03-31,182,13,True,True,True,2008-03-31,2009-03-31,2009-04-08,0,8
NB_968,2009-04-08,1,0,nonbankruptcy_candidate,2009,2010-04-08,True,nonbankrupt,EVC,Entravision Communications Corporation Common Stock,EVC US Equity,Communications,Advertising & Marketing,NB_968@2009-04-08,2009-01-08,2008-12-31,44.855,-16.873,64.294,116.345,58.767,23.412,47.296,73.591,27.345,43.093,,405.521,-528.556,44.218,232.335,72.094,1.002,592.983,406.523,520.889,57.578,20,98,98,0.26,2009-03-31,8,22.5793,2009-03-31,8,48.3033,2009-03-31,8,4414843.0,2009-03-31,8,17667576.0,2009-03-31,8,2009-03-31,8,5,8,0.26,2009-03-31,0.38,2009-02-27,0.84,2009-01-30,1.56,2008-12-31,0.77,2008-11-28,1.89,2008-10-31,2.69,2008-09-30,3.2,2008-08-29,3.16,2008-07-31,4.02,2008-06-30,5.34,2008-05-30,6.99,2008-04-30,6.66,2008-03-31,104,13,True,True,True,2008-03-31,2009-03-31,2009-04-08,0,8
SA_102,2009-04-08,2,1,bankruptcy,2009,2010-04-08,True,bankrupt,LEARQ,Lear Corporation,LEARQ US Equity,Consumer Discretionary,Automotive,SA_102@2009-04-08,2009-01-08,2008-12-31,1210.7,-167.7,1592.1,3674.2,4609.8,294.0,230.8,530.1,-23.5,190.3,532.2,1303.0,-689.9,144.2,13570.5,,2223.8,6872.9,3526.8,6674.0,-935.6,20,98,98,0.75,2009-03-31,8,58.1018,2009-03-31,8,77.469,2009-03-31,8,58918570.0,2009-03-31,8,61908637.0,2009-03-31,8,2009-03-31,8,5,8,0.75,2009-03-31,0.6,2009-02-27,0.91,2009-01-30,1.41,2008-12-31,2.37,2008-11-28,1.95,2008-10-31,10.5,2008-09-30,12.56,2008-08-29,14.41,2008-07-31,14.18,2008-06-30,25.75,2008-05-30,28.57,2008-04-30,25.91,2008-03-31,60,13,True,True,True,2008-03-31,2009-03-31,2009-04-08,0,8
NB_1197,2009-07-03,1,0,nonbankruptcy_candidate,2009,2010-07-03,True,nonbankrupt,GRBK,Green Brick Partners Inc. Common Stock,GRBK US Equity,Consumer Discretionary,Home Construction,NB_1197@2009-07-03,2009-04-04,2008-12-31,16.669,-40.674,12.299,46.865,38.157,9.181,-37.69,-27.899,-131.737,5.831,14.929,226.351,-40.865,-91.063,179.867,80.69,11.588,365.724,237.939,270.965,8.708,21,184,184,8.1588,2009-06-30,3,25.9392,2009-06-30,3,1.80365,2009-06-30,3,1691646.0,2009-06-30,3,174179.0,2009-06-30,3,2009-06-30,3,5,3,8.1588,2009-06-30,7.8324,2009-05-29,4.0467,2009-04-30,4.83,2009-03-31,4.1773,2009-02-27,5.3521,2009-01-30,4.5689,2008-12-31,5.4827,2008-11-28,6.7832,2008-10-31,7.0492,2008-09-30,18.5367,2008-08-29,33.5488,2008-07-31,33.2878,2008-06-30,25,13,True,True,True,2008-06-30,2009-06-30,2009-07-03,0,8
NB_904,2009-07-03,1,0,nonbankruptcy_candidate,2009,2010-07-03,True,nonbankrupt,ELA,Envela Corporation Common Stock,ELA US Equity,Consumer Discretionary,Retail - Discretionary,NB_904@2009-07-03,2009-04-04,2008-12-31,1.9289,-1.1306,0.2201,20.6966,7.0326,,-3.6201,-3.1353,-2.1441,0.9029,15.3213,11.7158,-7.8512,-1.0135,101.2241,12.5955,4.3861,31.3439,16.1018,18.7484,13.664,20,184,184,1.1,2009-06-30,3,10.817,2009-06-30,3,9.8336,2009-06-30,3,143594.8,2009-06-30,3,136352.0,2009-06-30,3,2009-06-30,3,5,3,1.1,2009-06-30,0.97,2009-05-29,1.0,2009-04-30,0.85,2009-03-31,0.85,2009-02-27,1.4,2009-01-30,1.7,2008-12-31,1.25,2008-11-28,1.71,2008-10-31,2.57,2008-09-30,3.15,2008-08-29,3.3982,2008-07-31,2.92,2008-06-30,193,13,True,True,True,2008-06-30,2009-06-30,2009-07-03,0,8
SA_248,2009-07-03,2,1,bankruptcy,2009,2010-07-03,True,bankrupt,EPEXQ,Edge Petroleum Corporation,EPEXQ US Equity,Energy,Oil & Gas Supply Chain,SA_248@2009-07-03,2009-04-04,2008-12-31,14.548,-60.157,8.475,48.71,251.991,,28.061,116.402,22.578,11.787,0.0,0.0,-332.89,82.735,159.754,,239.0,357.597,239.0,260.109,-203.281,19,184,184,0.58,2009-06-30,3,16.7429,2009-06-30,3,28.8671,2009-06-30,3,12584980.0,2009-06-30,3,18077855.0,2009-06-30,3,2009-06-30,3,5,3,0.58,2009-06-30,0.59,2009-05-29,0.1902,2009-04-30,0.194,2009-03-31,0.13,2009-02-27,0.18,2009-01-30,0.159,2008-12-31,0.25,2008-11-28,0.598,2008-10-31,1.8,2008-09-30,4.56,2008-08-29,5.14,2008-07-31,5.39,2008-06-30,60,13,True,True,True,2008-06-30,2009-06-30,2009-07-03,0,8
NB_1398,2009-08-17,1,0,nonbankruptcy_candidate,2009,2010-08-17,True,nonbankrupt,INUV,Inuvo Inc.,INUV US Equity,Communications,Advertising & Marketing,NB_1398@2009-08-17,2009-05-19,2008-12-31,7.2984,-2.2302,0.3603,11.5223,10.596,2.0,-4.8621,3.3483,3.8257,0.7505,0.5049,8.2661,-82.8503,6.0559,64.7378,8.3885,1.649,28.0413,9.9151,19.6528,0.9263,21,229,229,29.9,2009-07-31,17,19.3627,2009-07-31,17,0.64758,2009-07-31,17,433148.8,2009-07-31,17,16709.0,2009-07-31,17,2009-07-31,17,5,17,29.9,2009-07-31,27.0188,2009-06-30,25.0,2009-05-29,14.0,2009-04-30,18.0,2009-03-31,18.0,2009-02-27,22.0,2009-01-30,6.0,2008-12-31,13.0,2008-11-28,12.9875,2008-10-31,20.0,2008-09-30,52.0,2008-08-29,37.0,2008-07-31,161,13,True,True,True,2008-07-31,2009-07-31,2009-08-17,0,8
NB_2477,2009-08-17,1,0,nonbankruptcy_candidate,2009,2010-08-17,True,nonbankrupt,SLNG,Stabilis Solutions Inc. Common Stock,SLNG US Equity,Energy,Oil & Gas Supply Chain,NB_2477@2009-08-17,2009-05-19,2008-12-31,16.2904,-0.6157,0.1486,25.7748,11.0061,1.0988,0.2344,1.3324,-0.0908,0.279,7.8689,4.5215,1.6568,0.5249,65.3872,,0.1266,38.6975,4.6481,15.769,14.7687,20,229,229,17.44,2009-07-31,17,16.7625,2009-07-31,17,0.96115,2009-07-31,17,110604.8,2009-07-31,17,6749.0,2009-07-31,17,2009-07-31,17,5,17,17.44,2009-07-31,16.88,2009-06-30,16.72,2009-05-29,19.169,2009-04-30,14.16,2009-03-31,13.28,2009-02-27,17.6,2009-01-30,14.8,2008-12-31,21.52,2008-11-28,19.52,2008-10-31,25.68,2008-09-30,33.361,2008-08-29,42.001,2008-07-31,144,13,True,True,True,2008-07-31,2009-07-31,2009-08-17,0,8
NB_998,2009-08-17,1,0,nonbankruptcy_candidate,2009,2010-08-17,True,nonbankrupt,FABC,Fabric.AI Inc. Common Stock,FABC US Equity,Consumer Discretionary,Automotive,NB_998@2009-08-17,2009-05-19,2009-04-30,25.6628,-1.2338,6.3968,41.8365,20.7784,1.783,3.136,5.7148,3.8044,0.421,7.7104,0.2231,1.6716,5.0382,107.1014,,5.8113,83.1705,6.0343,22.4949,21.058,20,109,109,6906713.1461,2009-07-31,17,20.2706,2009-07-31,17,0.0,2009-07-31,17,488969.5,2009-07-31,17,0.0,2009-07-31,17,2009-07-31,17,5,17,6906713.1461,2009-07-31,7687595.4364,2009-06-30,7119896.0811,2009-05-29,4707173.8211,2009-04-30,4494286.5628,2009-03-31,3973895.4871,2009-02-27,4730827.9609,2009-01-30,4659865.5414,2008-12-31,5038331.7783,2008-11-28,7096241.9413,2008-10-31,9579926.6207,2008-09-30,13719401.0865,2008-08-29,14334408.7214,2008-07-31,113,13,True,True,True,2008-07-31,2009-07-31,2009-08-17,0,8
SA_164,2009-08-17,2,1,bankruptcy,2009,2010-08-17,True,bankrupt,CJHBQ,"Champion Enterprises, Inc.",CJHBQ US Equity,Consumer Discretionary,Home Construction,SA_164@2009-08-17,2009-05-19,2009-01-03,33.935,-12.179,52.787,150.194,187.632,13.2,-13.499,8.979,-28.209,20.401,52.96,300.851,-199.46,-16.03,1033.193,,12.229,645.009,313.08,558.186,-37.438,20,226,226,0.47,2009-07-31,17,36.5304,2009-07-31,17,77.7242,2009-07-31,17,10409770.0,2009-07-31,17,24689246.0,2009-07-31,17,2009-07-31,17,5,17,0.47,2009-07-31,0.32,2009-06-30,0.44,2009-05-29,0.58,2009-04-30,0.48,2009-03-31,0.29,2009-02-27,0.46,2009-01-30,0.56,2008-12-31,0.73,2008-11-28,1.87,2008-10-31,5.55,2008-09-30,4.89,2008-08-29,3.95,2008-07-31,60,13,True,True,True,2008-07-31,2009-07-31,2009-08-17,0,8
NB_2671,2010-06-25,1,0,nonbankruptcy_candidate,2010,2011-06-25,True,nonbankrupt,TLF,Tandy Leather Factory Inc. Common Stock,TLF US Equity,Consumer Discretionary,Retail - Discretionary,NB_2671@2010-06-25,2010-03-27,2009-12-31,1.2028,-0.7916,7.892,32.041,5.7752,1.0737,5.0951,6.2201,4.4829,0.2979,16.8658,3.51,3.3181,5.2745,54.4827,,0.2025,43.3272,3.7125,9.9676,26.2658,20,176,176,5.3,2010-05-31,25,53.7484,2010-05-31,25,10.1412,2010-05-31,25,3971228.0,2010-05-31,25,748715.0,2010-05-31,25,2010-05-31,25,5,25,5.3,2010-05-31,4.57,2010-04-30,3.92,2010-03-31,3.62,2010-02-26,3.7,2010-01-29,3.91,2009-12-31,3.354,2009-11-30,3.29,2009-10-30,3.1,2009-09-30,3.0,2009-08-31,2.6711,2009-07-31,2.38,2009-06-30,2.3,2009-05-29,201,13,True,True,True,2009-05-29,2010-05-31,2010-06-25,0,8
NB_446,2010-06-25,1,0,nonbankruptcy_candidate,2010,2011-06-25,True,nonbankrupt,BSET,Bassett Furniture Industries Incorporated Common Stock,BSET US Equity,Consumer Discretionary,Retail - Discretionary,NB_446@2010-06-25,2010-03-27,2009-11-28,34.605,-1.094,23.221,104.526,43.27,6.86,-19.948,-13.344,3.026,3.699,33.388,31.953,-22.699,4.12,232.722,110.334,4.393,216.229,36.346,105.895,61.256,21,209,209,5.33,2010-05-31,25,61.11,2010-05-31,25,11.4653,2010-05-31,25,2582095.0,2010-05-31,25,477771.0,2010-05-31,25,2010-05-31,25,5,25,5.33,2010-05-31,5.99,2010-04-30,5.64,2010-03-31,4.1,2010-02-26,4.36,2010-01-29,3.48,2009-12-31,3.69,2009-11-30,3.86,2009-10-30,4.28,2009-09-30,5.06,2009-08-31,2.5,2009-07-31,2.75,2009-06-30,2.12,2009-05-29,204,13,True,True,True,2009-05-29,2010-05-31,2010-06-25,0,8
SA_40,2010-06-25,2,1,bankruptcy,2010,2011-06-25,True,bankrupt,BLIAQ,Blockbuster Inc.,BLIAQ US Equity,Consumer Discretionary,Retail - Discretionary,SA_40@2010-06-25,2010-03-27,2010-01-03,79.4,-32.3,188.7,1060.0,934.8,,-351.3,-204.2,-3.0,111.5,298.5,855.9,-558.2,29.3,4051.1,-314.3,107.7,1538.3,963.6,1852.6,125.2,20,173,173,0.3355,2010-05-31,25,66.2165,2010-05-31,25,145.8613,2010-05-31,25,79021880.0,2010-05-31,25,196763144.0,2010-05-31,25,2010-05-31,25,5,25,0.3355,2010-05-31,0.3725,2010-04-30,0.2525,2010-03-31,0.3005,2010-02-26,0.45,2010-01-29,0.67,2009-12-31,0.63,2009-11-30,0.83,2009-10-30,1.07,2009-09-30,0.96,2009-08-31,0.73,2009-07-31,0.66,2009-06-30,0.7,2009-05-29,60,13,True,True,True,2009-05-29,2010-05-31,2010-06-25,0,8
NB_2944,2011-02-23,1,0,nonbankruptcy_candidate,2011,2012-02-23,True,nonbankrupt,WLDN,Willdan Group Inc. Common Stock,WLDN US Equity,Industrials,Commercial Support Services,NB_2944@2011-02-23,2010-11-25,2010-01-01,10.097,-0.386,8.445,26.815,10.111,0.156,-7.493,-5.679,1.768,0.038,0.0,0.082,-5.575,2.154,61.605,29.117,0.636,40.332,0.718,11.215,16.704,21,418,418,4.37,2011-01-31,23,31.6641,2011-01-31,23,7.2458,2011-01-31,23,482679.3,2011-01-31,23,118616.0,2011-01-31,23,2011-01-31,23,5,23,4.37,2011-01-31,4.0,2010-12-31,3.46,2010-11-30,3.38,2010-10-29,3.4,2010-09-30,3.23,2010-08-31,2.67,2010-07-30,2.76,2010-06-30,2.61,2010-05-31,2.35,2010-04-30,2.16,2010-03-31,2.21,2010-02-26,2.47,2010-01-29,51,13,True,True,True,2010-01-29,2011-01-31,2011-02-23,0,8
NB_335,2011-02-23,1,0,nonbankruptcy_candidate,2011,2012-02-23,True,nonbankrupt,BBW,Build-A-Bear Workshop Inc. Common Stock,BBW US Equity,Consumer Discretionary,Retail - Discretionary,NB_335@2011-02-23,2010-11-25,2010-01-02,5.337,-5.727,60.399,135.755,81.89,26.7,-14.368,14.119,18.263,,44.384,0.0,-12.473,23.99,395.906,164.78,0.0,284.273,0.0,119.493,53.865,20,417,417,7.66,2011-01-31,23,149.7836,2011-01-31,23,19.554,2011-01-31,23,12661160.0,2011-01-31,23,1676853.0,2011-01-31,23,2011-01-31,23,5,23,7.66,2011-01-31,7.64,2010-12-31,6.2,2010-11-30,7.03,2010-10-29,6.05,2010-09-30,5.0,2010-08-31,6.05,2010-07-30,6.78,2010-06-30,8.46,2010-05-31,9.56,2010-04-30,7.12,2010-03-31,6.05,2010-02-26,4.77,2010-01-29,76,13,True,True,True,2010-01-29,2011-01-31,2011-02-23,0,8
SA_209,2011-02-23,2,1,bankruptcy,2011,2012-02-23,True,bankrupt,JHTXQ,Jackson Hewitt Tax Service Inc.,JHTXQ US Equity,Industrials,Commercial Support Services,SA_209@2011-02-23,2010-11-25,2010-04-30,29.988,-15.66,10.846,61.525,95.015,12.7,-251.815,-236.207,-27.118,22.213,0.0,244.0,-272.259,-11.458,213.762,-25.135,30.0,346.424,274.0,371.559,-33.49,21,299,299,1.56,2011-01-31,23,45.2041,2011-01-31,23,28.977,2011-01-31,23,48288520.0,2011-01-31,23,26405566.0,2011-01-31,23,2011-01-31,23,5,23,1.56,2011-01-31,2.17,2010-12-31,0.84,2010-11-30,0.99,2010-10-29,0.92,2010-09-30,0.78,2010-08-31,1.11,2010-07-30,1.13,2010-06-30,1.9,2010-05-31,1.68,2010-04-30,2.0,2010-03-31,2.44,2010-02-26,2.74,2010-01-29,60,13,True,True,True,2010-01-29,2011-01-31,2011-02-23,0,8
SA_307,2011-08-04,2,1,bankruptcy,2011,2012-08-04,True,bankrupt,SYMSQ,Syms Corp.,SYMSQ US Equity,Consumer Discretionary,Retail - Discretionary,SA_307@2011-08-04,2011-05-06,2011-02-26,2.619,-15.54,2.298,99.937,68.374,,-50.38,-35.799,-31.098,1.366,76.595,30.192,-32.857,-15.558,445.133,160.979,0.0,270.774,30.192,109.795,31.563,20,159,159,10.44,2011-07-29,6,150.8392,2011-07-29,6,14.4482,2011-07-29,6,8568531.0,2011-07-29,6,721262.0,2011-07-29,6,2011-07-29,6,5,6,10.44,2011-07-29,10.78,2011-06-30,9.42,2011-05-31,7.95,2011-04-29,6.67,2011-03-31,6.66,2011-02-28,6.32,2011-01-31,7.23,2010-12-31,7.05,2010-11-30,7.28,2010-10-29,7.62,2010-09-30,8.3,2010-08-31,7.47,2010-07-30,60,13,True,True,True,2010-07-30,2011-07-29,2011-08-04,0,8
NB_206,2011-08-09,1,0,nonbankruptcy_candidate,2011,2012-08-09,True,nonbankrupt,AQN,Algonquin Power & Utilities Corp. Common Shares,AQN US Equity,Utilities,Electric Utilities,NB_206@2011-08-09,2011-05-11,2010-12-31,27.047,-20.789,4.749,53.749,124.542,36.471,20.868,67.483,20.605,24.839,0.0,372.239,17.95,41.394,180.358,,70.91,1016.949,443.149,676.888,-70.793,20,221,221,5.97,2011-07-29,11,711.6234,2011-07-29,11,119.1999,2011-07-29,11,770545.8,2011-07-29,11,127106.0,2011-07-29,11,2011-07-29,11,5,11,5.97,2011-07-29,5.85,2011-06-30,5.9555,2011-05-31,5.61,2011-04-29,5.3629,2011-03-31,5.2635,2011-02-28,4.8695,2011-01-31,5.04,2010-12-31,4.6934,2010-11-30,4.5238,2010-10-29,4.46,2010-09-30,3.98,2010-08-31,4.1092,2010-07-30,118,13,True,True,True,2010-07-30,2011-07-29,2011-08-09,0,8
SA_186,2011-08-09,2,1,bankruptcy,2011,2012-08-09,True,bankrupt,DYNIQ,"Dynegy Holdings, LLC",DYNIQ US Equity,Utilities,Electric Utilities,SA_186@2011-08-09,2011-05-11,2010-12-31,230.0,-333.0,291.0,2244.0,1565.0,,-11.0,397.0,90.0,363.0,121.0,4626.0,-234.0,423.0,2323.0,2746.0,148.0,10013.0,4774.0,7267.0,679.0,20,221,221,5.72,2011-07-29,11,699.4454,2011-07-29,11,122.28067,2011-07-29,11,234319600.0,2011-07-29,11,38073809.0,2011-07-29,11,2011-07-29,11,5,11,5.72,2011-07-29,6.19,2011-06-30,6.06,2011-05-31,6.34,2011-04-29,5.69,2011-03-31,5.79,2011-02-28,6.29,2011-01-31,5.62,2010-12-31,5.09,2010-11-30,4.64,2010-10-29,4.87,2010-09-30,4.93,2010-08-31,3.55,2010-07-30,60,13,True,True,True,2010-07-30,2011-07-29,2011-08-09,0,8
NB_1325,2011-10-06,1,0,nonbankruptcy_candidate,2011,2012-10-06,True,nonbankrupt,HZO,MarineMax Inc. (FL) Common Stock,HZO US Equity,Consumer Discretionary,Retail - Discretionary,NB_1325@2011-10-06,2011-07-08,2010-09-30,22.774,-4.159,16.539,235.501,130.982,,-13.165,-5.808,36.057,3.926,188.724,0.0,2.497,40.216,450.34,202.03,93.844,336.76,93.844,134.73,104.519,20,371,371,6.47,2011-09-30,6,150.5763,2011-09-30,6,23.273,2011-09-30,6,14633670.0,2011-09-30,6,2339116.0,2011-09-30,6,2011-09-30,6,5,6,6.47,2011-09-30,6.79,2011-08-31,9.19,2011-07-29,8.76,2011-06-30,8.32,2011-05-31,9.56,2011-04-29,9.86,2011-03-31,9.03,2011-02-28,9.04,2011-01-31,9.35,2010-12-31,7.63,2010-11-30,7.48,2010-10-29,7.04,2010-09-30,160,13,True,True,True,2010-09-30,2011-09-30,2011-10-06,0,8
NB_1352,2011-10-06,1,0,nonbankruptcy_candidate,2011,2012-10-06,True,nonbankrupt,III,Information Services Group Inc. Common Stock,III US Equity,Industrials,Commercial Support Services,NB_1352@2011-10-06,2011-07-08,2010-12-31,26.603,-0.957,40.301,71.037,13.532,1.4,-51.741,-41.895,4.79,3.241,0.0,69.813,-53.165,5.747,132.013,81.817,0.0,184.564,69.813,102.747,57.505,21,279,279,1.06,2011-09-30,6,38.6314,2011-09-30,6,36.4447,2011-09-30,6,2991807.0,2011-09-30,6,2704976.0,2011-09-30,6,2011-09-30,6,5,6,1.06,2011-09-30,1.3,2011-08-31,1.63,2011-07-29,1.77,2011-06-30,2.01,2011-05-31,2.33,2011-04-29,2.19,2011-03-31,2.24,2011-02-28,1.91,2011-01-31,2.07,2010-12-31,2.21,2010-11-30,1.85,2010-10-29,1.79,2010-09-30,56,13,True,True,True,2010-09-30,2011-09-30,2011-10-06,0,8
NB_2021,2011-10-06,1,0,nonbankruptcy_candidate,2011,2012-10-06,True,nonbankrupt,OPTT,Ocean Power Technologies Inc. Common Stock,OPTT US Equity,Energy,Renewable Energy,NB_2021@2011-10-06,2011-07-08,2011-04-30,1.285,-0.073,4.3761,32.9682,6.0111,0.3103,-21.2828,-20.9241,-18.8431,0.0,0.4563,0.45,-20.4359,-18.7701,6.6911,,0.1394,53.5526,0.5894,7.0611,26.9571,20,159,159,16200.162,2011-09-30,6,28.0657,2011-09-30,6,0.00173,2011-09-30,6,3686626.0,2011-09-30,6,192.0,2011-09-30,6,2011-09-30,6,5,6,16200.162,2011-09-30,22740.2274,2011-08-31,19740.1974,2011-07-29,21420.2142,2011-06-30,27540.2754,2011-05-31,29220.2922,2011-04-29,33060.3306,2011-03-31,31200.312,2011-02-28,32220.3222,2011-01-31,34320.3432,2010-12-31,34140.3414,2010-11-30,39120.3912,2010-10-29,30660.3066,2010-09-30,54,13,True,True,True,2010-09-30,2011-09-30,2011-10-06,0,8
NB_249,2011-10-06,1,0,nonbankruptcy_candidate,2011,2012-10-06,True,nonbankrupt,ASTI,Ascent Solar Technologies Inc. Common Stock,ASTI US Equity,Energy,Renewable Energy,NB_249@2011-10-06,2011-07-08,2010-12-31,0.485,-5.5769,27.3032,47.6644,6.1756,,-31.096,-24.4054,-27.1746,,1.8768,7.2631,-31.2337,-21.5977,2.4815,146.5661,0.5823,160.0207,7.8454,13.4546,41.4888,19,279,279,15000000000000.0,2011-09-30,6,29.2002,2011-09-30,6,0.0,2011-09-30,6,1922694.0,2011-09-30,6,0.0,2011-09-30,6,2011-09-30,6,5,6,15000000000000.0,2011-09-30,18799999999999.992,2011-08-31,18047500000000.0,2011-07-29,18999999999999.992,2011-06-30,27000000000000.0,2011-05-31,32200000000000.0,2011-04-29,57400000000000.0,2011-03-31,67000000000000.0,2011-02-28,63400000000000.0,2011-01-31,67199999999999.98,2010-12-31,63200000000000.0,2010-11-30,87399999999999.97,2010-10-29,63200000000000.0,2010-09-30,62,13,True,True,True,2010-09-30,2011-09-30,2011-10-06,0,8
NB_2775,2011-10-06,1,0,nonbankruptcy_candidate,2011,2012-10-06,True,nonbankrupt,UCTT,Ultra Clean Holdings Inc. Common Stock,UCTT US Equity,Technology,Semiconductors,NB_2775@2011-10-06,2011-07-08,2010-12-31,54.589,-3.817,34.654,151.767,55.022,,25.477,27.8,-8.674,,59.288,24.542,20.097,-4.857,443.134,87.509,4.11,170.296,28.652,82.787,96.745,19,279,279,4.29,2011-09-30,6,97.8849,2011-09-30,6,22.817,2011-09-30,6,18405620.0,2011-09-30,6,3934522.0,2011-09-30,6,2011-09-30,6,5,6,4.29,2011-09-30,5.63,2011-08-31,6.94,2011-07-29,9.08,2011-06-30,10.16,2011-05-31,11.49,2011-04-29,10.34,2011-03-31,10.57,2011-02-28,12.5,2011-01-31,9.31,2010-12-31,7.84,2010-11-30,7.52,2010-10-29,8.62,2010-09-30,91,13,True,True,True,2010-09-30,2011-09-30,2011-10-06,0,8
SA_274,2011-10-06,2,1,bankruptcy,2011,2012-10-06,True,bankrupt,TRIDQ,"Trident Microsystems, Inc.",TRIDQ US Equity,Technology,Semiconductors,SA_274@2011-10-06,2011-07-08,2010-12-31,62.328,-9.237,93.224,225.128,116.028,,-172.711,-89.168,-88.292,0.0,23.025,0.0,-128.889,-79.055,557.198,224.304,0.0,370.941,0.0,146.637,109.1,20,279,279,0.52,2011-09-30,6,93.9626,2011-09-30,6,180.6973,2011-09-30,6,4791317.0,2011-09-30,6,8567287.0,2011-09-30,6,2011-09-30,6,5,6,0.52,2011-09-30,0.415,2011-08-31,0.65,2011-07-29,0.69,2011-06-30,0.9802,2011-05-31,1.01,2011-04-29,1.15,2011-03-31,1.35,2011-02-28,1.49,2011-01-31,1.78,2010-12-31,1.85,2010-11-30,1.86,2010-10-29,1.71,2010-09-30,60,13,True,True,True,2010-09-30,2011-09-30,2011-10-06,0,8
NB_2041,2011-11-16,1,0,nonbankruptcy_candidate,2011,2012-11-16,True,nonbankrupt,OTTR,Otter Tail Corporation Common Stock,OTTR US Equity,Utilities,Electric Utilities,NB_2041@2011-11-16,2011-08-18,2010-12-31,108.907,-61.549,0.0,513.663,284.98,69.399,24.074,93.473,43.468,36.94,139.361,433.676,-1.344,105.017,892.191,,79.714,1770.555,513.39,1122.667,228.683,20,320,320,19.41,2011-10-31,16,699.9615,2011-10-31,16,36.0619,2011-10-31,16,69469290.0,2011-10-31,16,3629104.0,2011-10-31,16,2011-10-31,16,5,16,19.41,2011-10-31,18.3,2011-09-30,20.56,2011-08-31,20.78,2011-07-29,21.1,2011-06-30,21.92,2011-05-31,23.38,2011-04-29,22.73,2011-03-31,22.52,2011-02-28,22.67,2011-01-31,22.54,2010-12-31,20.56,2010-11-30,20.55,2010-10-29,221,13,True,True,True,2010-10-29,2011-10-31,2011-11-16,0,8
NB_252,2011-11-16,1,0,nonbankruptcy_candidate,2011,2012-11-16,True,nonbankrupt,ASYS,Amtech Systems Inc. Common Stock,ASYS US Equity,Technology,Semiconductors,NB_252@2011-11-16,2011-08-18,2010-09-30,9.252,-2.929,56.764,116.429,50.816,1.3,15.909,17.672,12.871,0.1,24.317,0.032,9.563,15.8,120.019,84.243,0.126,136.101,0.158,51.858,65.613,21,412,412,10.22,2011-10-31,16,97.9035,2011-10-31,16,9.5796,2011-10-31,16,44065700.0,2011-10-31,16,4650571.0,2011-10-31,16,2011-10-31,16,5,16,10.22,2011-10-31,8.0,2011-09-30,10.85,2011-08-31,17.95,2011-07-29,20.64,2011-06-30,21.88,2011-05-31,22.88,2011-04-29,25.24,2011-03-31,22.97,2011-02-28,25.61,2011-01-31,25.15,2010-12-31,20.7,2010-11-30,16.74,2010-10-29,221,13,True,True,True,2010-10-29,2011-10-31,2011-11-16,0,8
SA_64,2011-11-16,2,1,bankruptcy,2011,2012-11-16,True,bankrupt,ENERQ,"Energy Conversion Devices, Inc.",ENERQ US Equity,Energy,Renewable Energy,SA_64@2011-11-16,2011-08-18,2011-06-30,39.153,-38.418,27.769,267.369,70.497,,-288.067,-270.022,-62.568,25.404,68.499,251.244,-306.072,-24.15,232.546,25.049,13.642,388.478,264.886,363.429,196.872,20,139,139,0.49,2011-10-31,16,26.1023,2011-10-31,16,53.2699,2011-10-31,16,6723539.0,2011-10-31,16,14031442.0,2011-10-31,16,2011-10-31,16,5,16,0.49,2011-10-31,0.53,2011-09-30,0.7502,2011-08-31,1.05,2011-07-29,1.18,2011-06-30,1.4,2011-05-31,2.0,2011-04-29,2.26,2011-03-31,3.92,2011-02-28,4.08,2011-01-31,4.6,2010-12-31,4.49,2010-11-30,4.52,2010-10-29,60,13,True,True,True,2010-10-29,2011-10-31,2011-11-16,0,8
NB_2378,2012-01-13,1,0,nonbankruptcy_candidate,2012,2013-01-13,True,nonbankrupt,SAIA,Saia Inc. Common Stock,SAIA US Equity,Industrials,Transportation & Logistics,NB_2378@2012-01-13,2011-10-15,2010-12-31,94.569,-3.815,29.045,153.496,105.766,,12.1,48.259,19.571,10.602,0.0,72.857,1.957,23.386,902.66,206.358,17.143,452.157,90.0,245.799,47.73,20,378,378,8.32,2011-12-30,14,198.9037,2011-12-30,14,23.9067,2011-12-30,14,18463630.0,2011-12-30,14,2210550.0,2011-12-30,14,2011-12-30,14,5,14,8.32,2011-12-30,7.7533,2011-11-30,8.9,2011-10-31,7.0133,2011-09-30,7.98,2011-08-31,10.0467,2011-07-29,11.3,2011-06-30,10.4733,2011-05-31,11.0667,2011-04-29,10.9267,2011-03-31,10.0533,2011-02-28,9.54,2011-01-31,11.06,2010-12-31,112,13,True,True,True,2010-12-31,2011-12-30,2012-01-13,0,8
NB_2704,2012-01-13,1,0,nonbankruptcy_candidate,2012,2013-01-13,True,nonbankrupt,TPL,Texas Pacific Land Corporation Common Stock,TPL US Equity,Energy,Oil & Gas Supply Chain,NB_2704@2012-01-13,2011-10-15,2010-12-31,2.1648,-0.0277,7.1496,9.4455,6.5379,0.0154,16.3985,16.4139,11.6689,0.0,0.0,0.0,11.3087,11.6966,20.066,18.3022,0.0,24.9894,0.0,6.6871,2.9076,21,378,378,4.52,2011-12-30,14,377.9002,2011-12-30,14,83.5857,2011-12-30,14,8321767.0,2011-12-30,14,1826739.0,2011-12-30,14,2011-12-30,14,5,14,4.52,2011-12-30,4.48,2011-11-30,4.5,2011-10-31,4.04,2011-09-30,4.68,2011-08-31,4.99,2011-07-29,5.02,2011-06-30,5.17,2011-05-31,5.28,2011-04-29,4.96,2011-03-31,5.02,2011-02-28,4.19,2011-01-31,4.05,2010-12-31,223,13,True,True,True,2010-12-31,2011-12-30,2012-01-13,0,8
NB_2972,2012-01-13,1,0,nonbankruptcy_candidate,2012,2013-01-13,True,nonbankrupt,WVVI,Willamette Valley Vineyards Inc. Common Stock,WVVI US Equity,Consumer Staples,Beverages,NB_2972@2012-01-13,2011-10-15,2010-12-31,1.3274,-0.689,1.5189,13.7556,2.3014,,0.8466,1.5665,2.3193,0.1922,10.712,2.8271,0.4118,3.0083,17.3708,,0.4522,21.7702,3.2793,6.2033,11.4541,19,378,378,3.0,2011-12-30,14,14.679,2011-12-30,14,4.893,2011-12-30,14,172438.5,2011-12-30,14,56998.0,2011-12-30,14,2011-12-30,14,5,14,3.0,2011-12-30,3.01,2011-11-30,3.01,2011-10-31,3.09,2011-09-30,3.11,2011-08-31,3.2,2011-07-29,3.09,2011-06-30,3.15,2011-05-31,3.1835,2011-04-29,3.1999,2011-03-31,3.4,2011-02-28,3.41,2011-01-31,3.51,2010-12-31,208,13,True,True,True,2010-12-31,2011-12-30,2012-01-13,0,8
NB_594,2012-01-13,1,0,nonbankruptcy_candidate,2012,2013-01-13,True,nonbankrupt,CLMB,Climb Global Solutions Inc. Common Stock,CLMB US Equity,Consumer Discretionary,Wholesale - Discretionary,NB_594@2012-01-13,2011-10-15,2010-12-31,42.486,-0.176,10.955,60.899,41.866,0.311,6.803,7.12,2.741,0.0,1.164,0.138,4.421,2.917,206.73,,0.075,68.683,0.213,42.004,19.033,20,378,378,3.05,2011-12-30,14,57.1936,2011-12-30,14,18.752,2011-12-30,14,852097.0,2011-12-30,14,285020.0,2011-12-30,14,2011-12-30,14,5,14,3.05,2011-12-30,3.045,2011-11-30,2.9715,2011-10-31,2.5,2011-09-30,2.9,2011-08-31,2.83,2011-07-29,3.39,2011-06-30,3.825,2011-05-31,3.5275,2011-04-29,3.4325,2011-03-31,3.63,2011-02-28,3.0075,2011-01-31,2.8152,2010-12-31,198,13,True,True,True,2010-12-31,2011-12-30,2012-01-13,0,8
SA_113,2012-01-13,2,1,bankruptcy,2012,2013-01-13,True,bankrupt,RDDYQ,"Reddy Ice Holdings, Inc.",RDDYQ US Equity,Consumer Staples,Beverages,SA_113@2012-01-13,2011-10-15,2010-12-31,21.432,-35.902,42.173,81.775,39.468,,0.639,35.529,-16.007,50.078,12.549,450.69,-40.489,19.895,315.455,-29.793,0.001,470.925,450.691,500.718,42.307,20,378,378,0.24,2011-12-30,14,5.6166,2011-12-30,14,23.4027,2011-12-30,14,2658870.0,2011-12-30,14,8078795.0,2011-12-30,14,2011-12-30,14,5,14,0.24,2011-12-30,0.4801,2011-11-30,1.1,2011-10-31,1.25,2011-09-30,1.95,2011-08-31,2.99,2011-07-29,2.81,2011-06-30,3.08,2011-05-31,3.24,2011-04-29,3.0,2011-03-31,3.16,2011-02-28,3.48,2011-01-31,2.75,2010-12-31,60,13,True,True,True,2010-12-31,2011-12-30,2012-01-13,0,8
NB_1975,2012-05-19,1,0,nonbankruptcy_candidate,2012,2013-05-19,True,nonbankrupt,OCC,Optical Cable Corporation Common Stock,OCC US Equity,Technology,Technology Hardware,NB_1975@2012-05-19,2012-02-19,2011-10-31,10.7978,-1.4921,1.0915,31.5232,8.1969,,1.4748,4.1629,0.8592,0.6248,16.4972,8.0003,0.6663,2.3514,73.3396,,0.1906,44.9452,8.1909,17.2222,23.3263,19,201,201,3.15,2012-04-30,19,19.7124,2012-04-30,19,6.2579,2012-04-30,19,339250.8,2012-04-30,19,104991.0,2012-04-30,19,2012-04-30,19,5,19,3.15,2012-04-30,3.51,2012-03-30,3.5199,2012-02-29,3.5399,2012-01-31,3.19,2011-12-30,3.52,2011-11-30,3.58,2011-10-31,3.267,2011-09-30,3.8,2011-08-31,4.03,2011-07-29,4.05,2011-06-30,4.43,2011-05-31,4.49,2011-04-29,193,13,True,True,True,2011-04-29,2012-04-30,2012-05-18,1,8
NB_390,2012-05-19,1,0,nonbankruptcy_candidate,2012,2013-05-19,True,nonbankrupt,BKTI,BK Technologies Corporation Common Stock,BKTI US Equity,Technology,Technology Hardware,NB_390@2012-05-19,2012-02-19,2011-12-31,4.155,-0.215,2.693,22.98,3.513,0.414,-0.653,0.759,-0.357,0.107,12.148,0.0,-0.493,-0.142,24.104,28.069,0.0,31.847,0.0,3.778,19.467,21,140,140,7.35,2012-04-30,19,19.9082,2012-04-30,19,2.7086,2012-04-30,19,1411775.0,2012-04-30,19,179535.0,2012-04-30,19,2012-04-30,19,5,19,7.35,2012-04-30,8.15,2012-03-30,6.4,2012-02-29,6.55,2012-01-31,5.5,2011-12-30,5.7,2011-11-30,5.0,2011-10-31,4.9,2011-09-30,5.35,2011-08-31,5.3,2011-07-29,6.95,2011-06-30,6.75,2011-05-31,7.25,2011-04-29,227,13,True,True,True,2011-04-29,2012-04-30,2012-05-18,1,8
SA_29,2012-05-19,2,1,bankruptcy,2012,2013-05-19,True,bankrupt,ATPAQ,ATP Oil & Gas Corporation,ATPAQ US Equity,Energy,Oil & Gas Supply Chain,SA_29@2012-05-19,2012-02-19,2011-12-31,70.628,-436.91,65.678,187.143,534.615,298.574,140.076,438.65,-239.819,326.411,0.0,1976.157,-191.899,197.091,674.591,96.334,33.848,3388.774,2010.005,3106.565,-347.472,21,140,140,7.56,2012-04-30,19,394.3281,2012-04-30,19,52.1598,2012-04-30,19,177958600.0,2012-04-30,19,26030785.0,2012-04-30,19,2012-04-30,19,5,19,7.56,2012-04-30,7.35,2012-03-30,8.0,2012-02-29,7.04,2012-01-31,7.36,2011-12-30,7.34,2011-11-30,10.55,2011-10-31,7.71,2011-09-30,13.47,2011-08-31,14.49,2011-07-29,15.31,2011-06-30,18.48,2011-05-31,17.78,2011-04-29,60,13,True,True,True,2011-04-29,2012-04-30,2012-05-18,1,8
SA_65,2012-08-16,2,1,bankruptcy,2012,2013-08-16,True,bankrupt,OSGIQ,"Overseas Shipholding Group, Inc.",OSGIQ US Equity,Industrials,Transportation & Logistics,SA_65@2012-08-16,2012-05-18,2011-12-31,168.313,-194.246,54.877,320.358,140.101,179.721,-121.633,58.088,-255.307,79.898,19.219,2050.902,-201.363,-61.061,1049.531,1002.292,14.99,3993.545,2065.892,2991.253,180.257,21,229,229,5.72,2012-07-31,16,176.4551,2012-07-31,16,30.8488,2012-07-31,16,109117900.0,2012-07-31,16,14499475.0,2012-07-31,16,2012-07-31,16,5,16,5.72,2012-07-31,11.11,2012-06-29,10.92,2012-05-31,11.7,2012-04-30,12.63,2012-03-30,8.85,2012-02-29,12.71,2012-01-31,10.93,2011-12-30,10.55,2011-11-30,12.48,2011-10-31,13.74,2011-09-30,17.83,2011-08-31,24.34,2011-07-29,60,13,True,True,True,2011-07-29,2012-07-31,2012-08-16,0,8
NB_212,2012-10-30,1,0,nonbankruptcy_candidate,2012,2013-10-30,True,nonbankrupt,ARCB,ArcBest Corporation Common Stock,ARCB US Equity,Industrials,Transportation & Logistics,NB_212@2012-10-30,2012-08-01,2011-12-31,157.203,-53.227,141.295,445.086,263.671,73.742,9.759,83.501,47.451,3.953,0.0,46.75,6.159,100.678,1907.609,465.615,45.098,916.22,91.848,450.605,181.415,21,304,304,7.93,2012-09-28,32,203.1024,2012-09-28,32,25.6119,2012-09-28,32,83431800.0,2012-09-28,32,10278821.0,2012-09-28,32,2012-09-28,32,5,32,7.93,2012-09-28,9.18,2012-08-31,13.69,2012-07-31,12.6,2012-06-29,12.65,2012-05-31,15.34,2012-04-30,18.81,2012-03-30,17.8,2012-02-29,18.12,2012-01-31,19.27,2011-12-30,19.12,2011-11-30,20.6,2011-10-31,16.15,2011-09-30,232,13,True,True,True,2011-09-30,2012-09-28,2012-10-30,0,8
NB_40,2012-10-30,1,0,nonbankruptcy_candidate,2012,2013-10-30,True,nonbankrupt,ACU,Acme United Corporation. Common Stock,ACU US Equity,Consumer Discretionary,Wholesale - Discretionary,NB_40@2012-10-30,2012-08-01,2011-12-31,12.9042,-0.9407,7.8533,46.5224,8.704,0.7955,4.285,5.2638,1.1224,0.4043,24.495,17.5685,2.8112,2.0631,73.3019,27.7749,0.0,55.2217,17.5685,27.4468,37.8183,21,304,304,11.82,2012-09-28,32,36.6798,2012-09-28,32,3.1032,2012-09-28,32,1412182.0,2012-09-28,32,126817.0,2012-09-28,32,2012-09-28,32,5,32,11.82,2012-09-28,10.81,2012-08-31,10.84,2012-07-31,10.19,2012-06-29,10.53,2012-05-31,10.5502,2012-04-30,10.62,2012-03-30,10.004,2012-02-29,10.0,2012-01-31,9.5,2011-12-30,9.604,2011-11-30,9.38,2011-10-31,9.69,2011-09-30,232,13,True,True,True,2011-09-30,2012-09-28,2012-10-30,0,8
NB_544,2012-10-30,1,0,nonbankruptcy_candidate,2012,2013-10-30,True,nonbankrupt,CELH,Celsius Holdings Inc. Common Stock,CELH US Equity,Consumer Staples,Beverages,NB_544@2012-10-30,2012-08-01,2011-12-31,0.5379,,0.1305,1.6095,0.9819,,-1.6624,,,0.2472,0.8718,1.5,-1.9097,,8.5356,-3.8054,0.0,1.6765,1.5,5.4819,0.6276,16,304,304,0.11,2012-09-28,32,6.1101,2012-09-28,32,55.5468,2012-09-28,32,64080.07,2012-09-28,32,645207.0,2012-09-28,32,2012-09-28,32,5,32,0.11,2012-09-28,0.117,2012-08-31,0.13,2012-07-31,0.133,2012-06-29,0.127,2012-05-31,0.09,2012-04-30,0.133,2012-03-30,0.083,2012-02-29,0.097,2012-01-31,0.07,2011-12-30,0.083,2011-11-30,0.09,2011-10-31,0.06,2011-09-30,70,13,True,True,True,2011-09-30,2012-09-28,2012-10-30,0,8
SA_72,2012-10-30,2,1,bankruptcy,2012,2013-10-30,True,bankrupt,SCHSQ,"School Specialty, Inc.",SCHSQ US Equity,Consumer Discretionary,Wholesale - Discretionary,SA_72@2012-10-30,2012-08-01,2012-04-28,62.826,-11.098,0.484,195.029,105.32,19.06,-95.078,-65.428,6.792,27.182,100.504,289.668,-134.017,17.89,731.991,67.946,0.955,463.521,290.623,395.575,89.709,21,185,185,2.3,2012-09-28,32,44.1085,2012-09-28,32,19.1776,2012-09-28,32,6232880.0,2012-09-28,32,2338940.0,2012-09-28,32,2012-09-28,32,5,32,2.3,2012-09-28,2.82,2012-08-31,3.36,2012-07-31,3.26,2012-06-29,3.045,2012-05-31,3.27,2012-04-30,3.54,2012-03-30,3.2,2012-02-29,3.22,2012-01-31,2.5,2011-12-30,4.18,2011-11-30,7.65,2011-10-31,7.13,2011-09-30,60,13,True,True,True,2011-09-30,2012-09-28,2012-10-30,0,8
SA_74,2012-10-30,2,1,bankruptcy,2012,2013-10-30,True,bankrupt,PWAVQ,"Powerwave Technologies, Inc.",PWAVQ US Equity,Technology,Technology Hardware,SA_74@2012-10-30,2012-08-01,2012-01-01,96.777,-7.71,64.121,308.367,114.025,13.826,-53.698,-34.652,-55.642,13.591,88.627,252.19,-77.619,-47.932,444.446,-32.698,0.0,342.33,252.19,375.028,194.342,21,303,303,0.61,2012-09-28,32,19.3626,2012-09-28,32,31.7419,2012-09-28,32,6955845.0,2012-09-28,32,11553458.0,2012-09-28,32,2012-09-28,32,5,32,0.61,2012-09-28,0.38,2012-08-31,0.471,2012-07-31,0.725,2012-06-29,0.8772,2012-05-31,1.13,2012-04-30,2.05,2012-03-30,1.42,2012-02-29,1.71,2012-01-31,2.08,2011-12-30,2.32,2011-11-30,3.61,2011-10-31,8.6,2011-09-30,60,13,True,True,True,2011-09-30,2012-09-28,2012-10-30,0,8
NB_160,2013-01-08,1,0,nonbankruptcy_candidate,2013,2014-01-08,True,nonbankrupt,AMS,American Shared Hospital Services Common Stock,AMS US Equity,Health Care,Health Care Facilities & Svcs,NB_160@2013-01-08,2012-10-10,2011-12-31,4.604,-5.613,2.58,17.615,9.944,,3.956,10.228,1.21,4.734,0.0,35.985,0.506,6.823,22.221,25.171,7.616,74.535,43.601,49.364,7.671,20,374,374,2.73,2012-12-31,8,12.5741,2012-12-31,8,4.6059,2012-12-31,8,278227.0,2012-12-31,8,111750.0,2012-12-31,8,2012-12-31,8,5,8,2.73,2012-12-31,2.8,2012-11-30,2.9901,2012-10-31,2.99,2012-09-28,2.97,2012-08-31,3.05,2012-07-31,3.1901,2012-06-29,3.11,2012-05-31,3.2,2012-04-30,3.45,2012-03-30,2.89,2012-02-29,2.751,2012-01-31,2.6608,2011-12-30,235,13,True,True,True,2011-12-30,2012-12-31,2013-01-08,0,8
NB_2020,2013-01-08,1,0,nonbankruptcy_candidate,2013,2014-01-08,True,nonbankrupt,OPRX,OptimizeRx Corporation Common Stock,OPRX US Equity,Communications,Internet Media & Services,NB_2020@2013-01-08,2012-10-10,2011-12-31,0.4719,-0.2349,0.9592,1.5501,1.3033,0.0022,-1.454,-1.3087,-0.7564,0.9586,0.0,0.0,-2.1208,-0.5215,1.1115,1.5892,0.0,2.8925,0.0,1.3033,0.2468,21,374,374,3.18,2012-12-31,8,15.0865,2012-12-31,8,4.74416,2012-12-31,8,366930.6,2012-12-31,8,115641.0,2012-12-31,8,2012-12-31,8,5,8,3.18,2012-12-31,3.09,2012-11-30,3.48,2012-10-31,4.44,2012-09-28,5.55,2012-08-31,3.3,2012-07-31,3.12,2012-06-29,3.3,2012-05-31,3.09,2012-04-30,2.76,2012-03-30,3.69,2012-02-29,2.4,2012-01-31,2.67,2011-12-30,103,13,True,True,True,2011-12-30,2012-12-31,2013-01-08,0,8
NB_248,2013-01-08,1,0,nonbankruptcy_candidate,2013,2014-01-08,True,nonbankrupt,ASTH,Astrana Health Inc. Common Stock,ASTH US Equity,Health Care,Health Care Facilities & Svcs,NB_248@2013-01-08,2012-10-10,2012-01-31,0.9941,-0.0072,0.1644,1.2492,1.5153,0.0126,-0.4133,-0.4007,-0.3927,0.304,0.0,0.15,-0.7203,-0.3855,5.1108,-0.4212,0.5964,1.364,0.7464,1.7853,-0.266,21,343,343,5.0,2012-12-31,8,17.4217,2012-12-31,8,3.48434,2012-12-31,8,67108.9,2012-12-31,8,9878.0,2012-12-31,8,2012-12-31,8,5,8,5.0,2012-12-31,5.5,2012-11-30,6.3,2012-10-31,4.5,2012-09-28,4.7,2012-08-31,4.0,2012-07-31,1.2,2012-06-29,1.1881,2012-05-31,1.3881,2012-04-30,1.4881,2012-03-30,1.1881,2012-02-29,1.48,2012-01-31,1.4581,2011-12-30,51,13,True,True,True,2011-12-30,2012-12-31,2013-01-08,0,8
NB_704,2013-01-08,1,0,nonbankruptcy_candidate,2013,2014-01-08,True,nonbankrupt,CSPI,CSP Inc. Common Stock,CSPI US Equity,Technology,IT Services,NB_704@2013-01-08,2012-10-10,2012-09-30,12.145,-0.551,20.493,44.706,18.168,0.378,2.854,3.314,5.755,0.0,6.276,0.0,6.609,6.306,84.807,23.041,0.0,51.066,0.0,28.025,26.538,21,100,100,3.19,2012-12-31,8,21.6875,2012-12-31,8,6.7986,2012-12-31,8,4638775.0,2012-12-31,8,1555828.0,2012-12-31,8,2012-12-31,8,5,8,3.19,2012-12-31,2.7,2012-11-30,2.515,2012-10-31,2.24,2012-09-28,2.34,2012-08-31,2.05,2012-07-31,2.0,2012-06-29,2.17,2012-05-31,2.05,2012-04-30,2.01,2012-03-30,1.925,2012-02-29,1.925,2012-01-31,1.61,2011-12-30,235,13,True,True,True,2011-12-30,2012-12-31,2013-01-08,0,8
SA_18,2013-01-08,2,1,bankruptcy,2013,2014-01-08,True,bankrupt,ROHIQ,Rotech Healthcare Inc.,ROHIQ US Equity,Health Care,Health Care Facilities & Svcs,SA_18@2013-01-08,2012-10-10,2011-12-31,76.027,-48.922,30.473,125.751,59.117,,45.741,109.745,-13.552,60.265,12.188,511.065,-14.759,35.37,483.791,,1.514,277.044,512.579,571.216,66.634,19,374,374,0.635,2012-12-31,8,16.5189,2012-12-31,8,26.014,2012-12-31,8,1772081.0,2012-12-31,8,4793393.0,2012-12-31,8,2012-12-31,8,5,8,0.635,2012-12-31,0.3479,2012-11-30,0.54,2012-10-31,0.515,2012-09-28,0.504,2012-08-31,0.77,2012-07-31,0.8,2012-06-29,0.61,2012-05-31,1.3,2012-04-30,1.39,2012-03-30,1.55,2012-02-29,1.86,2012-01-31,1.25,2011-12-30,60,13,True,True,True,2011-12-30,2012-12-31,2013-01-08,0,8
NB_1728,2013-06-19,1,0,nonbankruptcy_candidate,2013,2014-06-19,True,nonbankrupt,MHH,Mastech Digital Inc Common Stock,MHH US Equity,Technology,IT Services,NB_1728@2013-06-19,2013-03-21,2012-12-31,10.864,-0.136,0.659,15.391,9.533,0.158,3.371,3.529,0.861,0.068,0.0,0.0,2.139,0.997,90.77,6.887,2.61,16.42,2.61,9.533,5.858,21,170,170,2.82,2013-05-31,19,23.5703,2013-05-31,19,8.35825,2013-05-31,19,1323476.0,2013-05-31,19,455953.0,2013-05-31,19,2013-05-31,19,5,19,2.82,2013-05-31,2.9213,2013-04-30,3.5641,2013-03-29,3.0,2013-02-28,3.04,2013-01-31,2.02,2012-12-31,2.8,2012-11-30,2.08,2012-10-31,2.068,2012-09-28,2.12,2012-08-31,2.2677,2012-07-31,2.32,2012-06-29,2.34,2012-05-31,57,13,True,True,True,2012-05-31,2013-05-31,2013-06-19,0,8
SA_205,2013-06-19,2,1,bankruptcy,2013,2014-06-19,True,bankrupt,FFNTQ,FriendFinder Networks Inc.,FFNTQ US Equity,Communications,Internet Media & Services,SA_205@2013-06-19,2013-03-21,2012-12-31,12.323,-2.468,16.839,45.269,602.928,,55.131,74.938,10.078,91.403,0.763,0.0,-49.441,12.546,314.379,-176.414,500.92,452.153,500.92,628.567,-557.659,20,170,170,0.3394,2013-05-31,19,11.1392,2013-05-31,19,32.8228,2013-05-31,19,1078482.0,2013-05-31,19,2794483.0,2013-05-31,19,2013-05-31,19,5,19,0.3394,2013-05-31,0.45,2013-04-30,0.54,2013-03-29,0.6201,2013-02-28,0.742,2013-01-31,0.62,2012-12-31,0.65,2012-11-30,0.775,2012-10-31,0.86,2012-09-28,0.7413,2012-08-31,0.855,2012-07-31,0.98,2012-06-29,1.12,2012-05-31,25,13,True,True,True,2012-05-31,2013-05-31,2013-06-19,0,8
NB_1596,2013-12-23,1,0,nonbankruptcy_candidate,2013,2014-12-23,True,nonbankrupt,LIVE,Live Ventures Incorporated Common Stock,LIVE US Equity,Communications,Internet Media & Services,NB_1596@2013-12-23,2013-09-24,2012-09-30,0.4398,-0.0483,1.3058,1.7982,1.4275,0.1329,-0.9473,-0.6873,-0.0193,,0.0,0.0,-1.5752,0.029,3.0705,2.8293,0.0,4.2567,0.0,1.4275,0.3708,20,449,449,6.8,2013-11-29,24,11.9533,2013-11-29,24,1.75784,2013-11-29,24,2426839.0,2013-11-29,24,369786.0,2013-11-29,24,2013-11-29,24,5,24,6.8,2013-11-29,5.96,2013-10-31,6.87,2013-09-30,6.656,2013-08-30,5.08,2013-07-31,5.44,2013-06-28,5.22,2013-05-31,6.0,2013-04-30,7.34,2013-03-29,6.24,2013-02-28,6.62,2013-01-31,7.6,2012-12-31,6.94,2012-11-30,193,13,True,True,True,2012-11-30,2013-11-29,2013-12-23,0,8
SA_41,2013-12-23,2,1,bankruptcy,2013,2014-12-23,True,bankrupt,DOLNQ,Dolan Company,DOLNQ US Equity,Technology,IT Services,SA_41@2013-12-23,2013-09-24,2012-12-31,60.3,-7.523,3.509,82.571,78.158,7.611,-133.896,-107.834,29.188,,0.0,150.881,-101.756,36.711,254.311,205.978,15.162,449.54,166.043,236.279,4.413,20,357,357,0.7,2013-11-29,24,21.6023,2013-11-29,24,30.86037,2013-11-29,24,15382650.0,2013-11-29,24,13596381.0,2013-11-29,24,2013-11-29,24,5,24,0.7,2013-11-29,2.57,2013-10-31,2.26,2013-09-30,2.25,2013-08-30,2.54,2013-07-31,1.63,2013-06-28,1.49,2013-05-31,1.73,2013-04-30,2.39,2013-03-29,2.91,2013-02-28,3.51,2013-01-31,3.89,2012-12-31,3.43,2012-11-30,60,13,True,True,True,2012-11-30,2013-11-29,2013-12-23,0,8
NB_2105,2014-01-11,1,0,nonbankruptcy_candidate,2014,2015-01-11,True,nonbankrupt,PESI,Perma-Fix Environmental Services Inc. Common Stock,PESI US Equity,Industrials,Commercial Support Services,NB_2105@2014-01-11,2013-10-13,2012-12-31,11.395,-0.412,4.368,30.21,27.558,4.795,-4.424,1.046,-3.821,0.925,0.473,11.402,-3.359,-3.409,127.509,84.254,2.794,139.691,14.196,54.152,2.652,21,376,376,3.11,2013-12-31,11,35.4507,2013-12-31,11,11.39893,2013-12-31,11,2755611.0,2013-12-31,11,848823.0,2013-12-31,11,2013-12-31,11,5,11,3.11,2013-12-31,3.4,2013-11-29,3.52,2013-10-31,3.6694,2013-09-30,2.4,2013-08-30,2.5,2013-07-31,1.8,2013-06-28,3.3744,2013-05-31,3.75,2013-04-30,4.1006,2013-03-29,4.55,2013-02-28,3.8994,2013-01-31,3.4056,2012-12-31,247,13,True,True,True,2012-12-31,2013-12-31,2014-01-10,1,8
NB_2944,2014-01-11,1,0,nonbankruptcy_candidate,2014,2015-01-11,True,nonbankrupt,WLDN,Willdan Group Inc. Common Stock,WLDN US Equity,Industrials,Commercial Support Services,NB_2944@2014-01-11,2013-10-13,2012-12-28,15.484,-0.359,10.006,37.227,24.128,,-19.255,-18.518,4.912,0.106,0.0,0.124,-17.3,5.271,93.443,17.351,4.968,41.977,5.092,24.626,13.099,20,379,379,5.31,2013-12-31,11,39.1595,2013-12-31,11,7.37466,2013-12-31,11,7485110.0,2013-12-31,11,1642321.0,2013-12-31,11,2013-12-31,11,5,11,5.31,2013-12-31,3.78,2013-11-29,3.859,2013-10-31,3.71,2013-09-30,3.75,2013-08-30,2.81,2013-07-31,3.01,2013-06-28,2.96,2013-05-31,2.25,2013-04-30,2.21,2013-03-29,2.19,2013-02-28,2.16,2013-01-31,2.22,2012-12-31,86,13,True,True,True,2012-12-31,2013-12-31,2014-01-10,1,8
SA_137,2014-01-11,2,1,bankruptcy,2014,2015-01-11,True,bankrupt,CWTRQ,Coldwater Creek Inc.,CWTRQ US Equity,Consumer Discretionary,Retail - Discretionary,SA_137@2014-01-11,2013-10-13,2013-02-02,5.15,-16.496,21.734,170.415,146.383,,-68.685,-17.248,-58.64,9.602,125.207,0.0,-81.842,-42.144,742.472,37.136,0.577,345.908,0.577,308.772,24.032,20,343,343,0.7455,2013-12-31,11,22.8343,2013-12-31,11,30.62955,2013-12-31,11,4406294.0,2013-12-31,11,5730153.0,2013-12-31,11,2013-12-31,11,5,11,0.7455,2013-12-31,0.895,2013-11-29,1.0,2013-10-31,1.72,2013-09-30,2.4199,2013-08-30,2.64,2013-07-31,2.5,2013-06-28,3.69,2013-05-31,3.57,2013-04-30,3.16,2013-03-29,3.59,2013-02-28,3.79,2013-01-31,4.81,2012-12-31,60,13,True,True,True,2012-12-31,2013-12-31,2014-01-10,1,8
NB_1455,2014-11-07,1,0,nonbankruptcy_candidate,2014,2015-11-07,True,nonbankrupt,JCTC,Jewett-Cameron Trading Company Common Shares,JCTC US Equity,Consumer Discretionary,Retail - Discretionary,NB_1455@2014-11-07,2014-08-09,2013-08-31,3.3598,-0.4819,8.3084,21.0472,3.0094,,4.6737,4.9302,0.5962,,8.521,0.0,3.132,1.0782,49.2861,20.598,0.0,23.6579,0.0,3.0598,18.0378,19,433,433,4.75,2014-10-31,7,25.694,2014-10-31,7,5.40926,2014-10-31,7,408024.4,2014-10-31,7,84136.0,2014-10-31,7,2014-10-31,7,5,7,4.75,2014-10-31,5.01,2014-09-30,4.9499,2014-08-29,4.895,2014-07-31,5.0033,2014-06-30,4.9222,2014-05-30,5.275,2014-04-30,4.92,2014-03-31,4.925,2014-02-28,4.89,2014-01-31,5.225,2013-12-31,5.0918,2013-11-29,5.4,2013-10-31,224,13,True,True,True,2013-10-31,2014-10-31,2014-11-07,0,8
NB_2477,2014-11-07,1,0,nonbankruptcy_candidate,2014,2015-11-07,True,nonbankrupt,SLNG,Stabilis Solutions Inc. Common Stock,SLNG US Equity,Energy,Oil & Gas Supply Chain,NB_2477@2014-11-07,2014-08-09,2013-12-31,10.462,-1.805,4.148,26.595,11.313,,3.162,3.66,-2.028,,8.496,0.5,4.551,-0.223,59.239,26.035,0.0,45.836,0.5,15.565,15.282,19,311,311,52.16,2014-10-31,7,53.3203,2014-10-31,7,1.02224,2014-10-31,7,1528101.0,2014-10-31,7,26701.0,2014-10-31,7,2014-10-31,7,5,7,52.16,2014-10-31,59.28,2014-09-30,55.68,2014-08-29,53.12,2014-07-31,54.4,2014-06-30,50.48,2014-05-30,51.2,2014-04-30,54.32,2014-03-31,75.52,2014-02-28,75.44,2014-01-31,79.84,2013-12-31,75.68,2013-11-29,65.6,2013-10-31,207,13,True,True,True,2013-10-31,2014-10-31,2014-11-07,0,8
NB_2671,2014-11-07,1,0,nonbankruptcy_candidate,2014,2015-11-07,True,nonbankrupt,TLF,Tandy Leather Factory Inc. Common Stock,TLF US Equity,Consumer Discretionary,Retail - Discretionary,NB_2671@2014-11-07,2014-08-09,2013-12-31,0.7624,-3.77,11.0827,40.5437,8.1682,1.1523,11.2668,12.4614,3.7699,0.2068,26.3008,2.3963,7.2657,7.5399,78.2846,44.6215,0.2025,56.3986,2.5988,11.777,32.3755,21,311,311,9.19,2014-10-31,7,94.0443,2014-10-31,7,10.23333,2014-10-31,7,821042.0,2014-10-31,7,86179.0,2014-10-31,7,2014-10-31,7,5,7,9.19,2014-10-31,9.45,2014-09-30,9.24,2014-08-29,9.34,2014-07-31,9.1,2014-06-30,9.3,2014-05-30,9.79,2014-04-30,9.66,2014-03-31,9.66,2014-02-28,8.51,2014-01-31,9.76,2013-12-31,8.5,2013-11-29,8.3,2013-10-31,254,13,True,True,True,2013-10-31,2014-10-31,2014-11-07,0,8
SA_76,2014-11-07,2,1,bankruptcy,2014,2015-11-07,True,bankrupt,RSHCQ,RadioShack Corporation,RSHCQ US Equity,Consumer Discretionary,Retail - Discretionary,SA_76@2014-11-07,2014-08-09,2013-12-31,179.8,-42.3,179.8,1333.0,584.6,,-344.0,-272.4,-6.5,52.3,802.3,613.0,-400.2,35.8,3434.3,206.4,1.1,1591.2,614.1,1384.8,748.4,20,311,311,0.92,2014-10-31,7,92.6328,2014-10-31,7,100.68786,2014-10-31,7,69636150.0,2014-10-31,7,74140074.0,2014-10-31,7,2014-10-31,7,5,7,0.92,2014-10-31,0.99,2014-09-30,1.6,2014-08-29,0.62,2014-07-31,0.9909,2014-06-30,1.5,2014-05-30,1.43,2014-04-30,2.12,2014-03-31,2.68,2014-02-28,2.4,2014-01-31,2.6,2013-12-31,2.91,2013-11-29,2.81,2013-10-31,60,13,True,True,True,2013-10-31,2014-10-31,2014-11-07,0,8
NB_2240,2014-12-03,1,0,nonbankruptcy_candidate,2014,2015-12-03,True,nonbankrupt,QXO,QXO Inc. Common Stock,QXO US Equity,Consumer Discretionary,Retail - Discretionary,NB_2240@2014-12-03,2014-09-04,2013-12-31,1.575,-0.0304,0.7629,2.5372,3.8165,0.302,0.2586,0.5606,0.7106,,0.0,0.1531,0.3225,0.741,17.4001,-0.3998,0.2487,3.5698,0.4019,3.9696,-1.2793,20,337,337,40.8004,2014-11-28,5,20.17,2014-11-28,5,0.49436,2014-11-28,5,34284.5,2014-11-28,5,884.0,2014-11-28,5,2014-11-28,5,5,5,40.8004,2014-11-28,24.0002,2014-10-31,31.5153,2014-09-30,28.8303,2014-08-29,35.7604,2014-07-31,38.1604,2014-06-30,35.0404,2014-05-30,32.4303,2014-04-30,31.4403,2014-03-31,19.2002,2014-02-28,19.2302,2014-01-31,16.8002,2013-12-31,24.0002,2013-11-29,129,13,True,True,True,2013-11-29,2014-11-28,2014-12-03,0,8
NB_2434,2014-12-03,1,0,nonbankruptcy_candidate,2014,2015-12-03,True,nonbankrupt,SGLY,Singularity Future Technology Ltd. Common Stock,SGLY US Equity,Energy,Oil & Gas Services & Equip,NB_2434@2014-12-03,2014-09-04,2014-06-30,0.4819,-0.2033,0.9025,4.9578,1.2308,,0.3001,0.4558,-1.4457,,0.0,0.0,1.5864,-1.2425,11.6444,4.4832,0.0,5.714,0.0,1.2308,3.727,19,156,156,1224.9927,2014-11-28,5,10.8515,2014-11-28,5,0.00886,2014-11-28,5,8833721.0,2014-11-28,5,6360.0,2014-11-28,5,2014-11-28,5,5,5,1224.9927,2014-11-28,1238.9926,2014-10-31,1511.9909,2014-09-30,1175.9929,2014-08-29,1140.9932,2014-07-31,1406.9916,2014-06-30,1609.9903,2014-05-30,1798.9892,2014-04-30,1813.0766,2014-03-31,1924.9885,2014-02-28,1679.9899,2014-01-31,1749.9895,2013-12-31,1526.0783,2013-11-29,79,13,True,True,True,2013-11-29,2014-11-28,2014-12-03,0,8
NB_468,2014-12-03,1,0,nonbankruptcy_candidate,2014,2015-12-03,True,nonbankrupt,BXC,Bluelinx Holdings Inc. Common Stock,BXC US Equity,Consumer Discretionary,Retail - Discretionary,NB_468@2014-12-03,2014-09-04,2014-01-04,150.297,-4.912,5.034,401.725,106.826,9.1,-21.301,-12.184,-44.793,28.024,223.58,387.238,-40.618,-39.881,2151.972,-5.898,28.518,528.489,415.756,534.387,294.899,21,333,333,11.7,2014-11-28,5,103.8346,2014-11-28,5,8.87476,2014-11-28,5,1883623.0,2014-11-28,5,158580.0,2014-11-28,5,2014-11-28,5,5,5,11.7,2014-11-28,12.0,2014-10-31,13.1,2014-09-30,13.0,2014-08-29,11.5,2014-07-31,14.0,2014-06-30,13.0,2014-05-30,13.1,2014-04-30,13.0,2014-03-31,14.6,2014-02-28,15.9,2014-01-31,19.5,2013-12-31,17.8,2013-11-29,120,13,True,True,True,2013-11-29,2014-11-28,2014-12-03,0,8
NB_868,2014-12-03,1,0,nonbankruptcy_candidate,2014,2015-12-03,True,nonbankrupt,DWSN,Dawson Geophysical Company Common Stock,DWSN US Equity,Energy,Oil & Gas Services & Equip,NB_868@2014-12-03,2014-09-04,2013-12-31,10.7424,-1.8487,16.1304,34.9033,17.1952,24.6442,-7.3781,17.2661,21.1207,1.0915,0.0,7.3848,-6.316,22.9693,134.5345,69.1308,9.8581,98.3015,17.243,29.1707,17.7082,21,337,337,7.6429,2014-11-28,5,58.8477,2014-11-28,5,7.6997,2014-11-28,5,4959233.0,2014-11-28,5,566518.0,2014-11-28,5,2014-11-28,5,5,5,7.6429,2014-11-28,8.9714,2014-10-31,11.0,2014-09-30,11.4286,2014-08-29,11.2286,2014-07-31,15.5714,2014-06-30,12.9429,2014-05-30,14.4572,2014-04-30,17.0,2014-03-31,18.2857,2014-02-28,18.6,2014-01-31,20.8572,2013-12-31,20.5714,2013-11-29,245,13,True,True,True,2013-11-29,2014-11-28,2014-12-03,0,8
SA_191,2014-12-03,2,1,bankruptcy,2014,2015-12-03,True,bankrupt,CDVIQ,"Cal Dive International, Inc.",CDVIQ US Equity,Energy,Oil & Gas Services & Equip,SA_191@2014-12-03,2014-09-04,2013-12-31,55.409,-24.999,12.19,230.043,161.994,47.5,-49.959,5.82,-54.907,,0.0,179.464,-36.634,-29.908,516.958,242.017,13.989,650.682,193.453,408.665,68.049,20,337,337,0.097,2014-11-28,5,9.562,2014-11-28,5,98.5775,2014-11-28,5,3551109.0,2014-11-28,5,42326416.0,2014-11-28,5,2014-11-28,5,5,5,0.097,2014-11-28,0.1,2014-10-31,0.97,2014-09-30,0.7925,2014-08-29,1.09,2014-07-31,1.32,2014-06-30,1.29,2014-05-30,1.48,2014-04-30,1.7,2014-03-31,1.77,2014-02-28,1.64,2014-01-31,2.01,2013-12-31,1.85,2013-11-29,60,13,True,True,True,2013-11-29,2014-11-28,2014-12-03,0,8
SA_149,2014-12-12,2,1,bankruptcy,2014,2015-12-12,True,bankrupt,SRCTQ,Standard Register Company,SRCTQ US Equity,Industrials,Commercial Support Services,SA_149@2014-12-12,2014-09-13,2013-12-29,157.567,-12.209,2.342,236.356,125.357,,-2.966,24.098,-5.73,9.861,61.939,263.88,-7.413,6.479,719.783,-111.297,5.589,480.877,269.469,592.174,110.999,20,348,348,4.13,2014-11-28,14,37.8805,2014-11-28,14,8.22705,2014-11-28,14,1191390.0,2014-11-28,14,261064.0,2014-11-28,14,2014-11-28,14,5,14,4.13,2014-11-28,5.14,2014-10-31,5.13,2014-09-30,5.9,2014-08-29,5.45,2014-07-31,5.64,2014-06-30,5.03,2014-05-30,7.26,2014-04-30,8.07,2014-03-31,10.96,2014-02-28,7.01,2014-01-31,6.88,2013-12-31,6.29,2013-11-29,60,13,True,True,True,2013-11-29,2014-11-28,2014-12-12,0,8
NB_1487,2014-12-17,1,0,nonbankruptcy_candidate,2014,2015-12-17,True,nonbankrupt,KGEI,Kolibri Global Energy Inc. Common stock,KGEI US Equity,Energy,Oil & Gas Supply Chain,NB_1487@2014-12-17,2014-09-18,2013-12-31,7.268,-81.772,17.159,50.726,31.872,,-13.72,-8.934,-88.428,7.527,0.0,0.1,-19.71,-6.656,10.363,151.639,0.0,184.803,0.1,33.164,18.854,20,351,351,3.069431,2014-11-28,19,54.1755,2014-11-28,19,17.65003,2014-11-28,19,133253.0,2014-11-28,19,36337.0,2014-11-28,19,2014-11-28,19,5,19,3.069431,2014-11-28,4.44284,2014-10-31,7.401661,2014-09-30,9.954911,2014-08-29,10.867444,2014-07-31,13.641915,2014-06-30,16.12949,2014-05-30,17.163004,2014-04-30,17.236744,2014-03-31,18.527195,2014-02-28,12.351463,2014-01-31,14.748016,2013-12-31,15.374807,2013-11-29,76,13,True,True,True,2013-11-29,2014-11-28,2014-12-17,0,8
SA_6,2014-12-17,2,1,bankruptcy,2014,2015-12-17,True,bankrupt,KWKAQ,Quicksilver Resources Inc.,KWKAQ US Equity,Energy,Oil & Gas Supply Chain,SA_6@2014-12-17,2014-09-18,2013-12-31,58.645,-101.288,89.103,393.96,134.797,17.146,455.944,518.556,-152.988,251.847,0.0,1988.946,161.618,-51.7,552.862,-1005.97,0.0,1369.726,1988.946,2375.696,259.163,21,351,351,0.301,2014-11-28,19,54.175,2014-11-28,19,179.98352,2014-11-28,19,36446610.0,2014-11-28,19,63942249.0,2014-11-28,19,2014-11-28,19,5,19,0.301,2014-11-28,0.5466,2014-10-31,0.6028,2014-09-30,1.33,2014-08-29,1.88,2014-07-31,2.67,2014-06-30,2.41,2014-05-30,3.26,2014-04-30,2.63,2014-03-31,3.27,2014-02-28,3.11,2014-01-31,3.07,2013-12-31,2.92,2013-11-29,60,13,True,True,True,2013-11-29,2014-11-28,2014-12-17,0,8
NB_1796,2015-03-27,1,0,nonbankruptcy_candidate,2015,2016-03-27,True,nonbankrupt,MSB,Mesabi Trust Common Stock,MSB US Equity,Materials,Metals & Mining,NB_1796@2015-03-27,2014-12-27,2014-01-31,0.0,0.0,7.72,8.0432,7.5697,,21.0537,,21.2691,0.0,0.0,0.0,21.0563,21.2691,22.0426,0.9841,0.0,8.5538,0.0,7.5697,0.4735,19,420,420,17.43,2015-02-27,28,228.6818,2015-02-27,28,13.12001,2015-02-27,28,15346600.0,2015-02-27,28,886636.0,2015-02-27,28,2015-02-27,28,5,28,17.43,2015-02-27,17.08,2015-01-30,17.28,2014-12-31,17.95,2014-11-28,18.6,2014-10-31,19.09,2014-09-30,19.32,2014-08-29,18.58,2014-07-31,19.57,2014-06-30,19.29,2014-05-30,20.19,2014-04-30,21.06,2014-03-31,22.22,2014-02-28,261,13,True,True,True,2014-02-28,2015-02-27,2015-03-27,0,8
NB_2278,2015-03-27,1,0,nonbankruptcy_candidate,2015,2016-03-27,True,nonbankrupt,REPX,Riley Exploration Permian Inc. Common Stock,REPX US Equity,Energy,Oil & Gas Supply Chain,NB_2278@2015-03-27,2014-12-27,2013-12-31,1.453,-2.322,0.054,3.202,1.632,2.6,5.205,8.117,5.564,0.357,1.253,3.375,2.819,7.886,15.7,32.925,0.082,39.712,3.457,6.787,1.57,21,451,451,32.2576,2015-02-27,28,16.3551,2015-02-27,28,0.50701,2015-02-27,28,479286.6,2015-02-27,28,14313.0,2015-02-27,28,2015-02-27,28,5,28,32.2576,2015-02-27,30.9601,2015-01-30,30.9601,2014-12-31,50.4002,2014-11-28,51.6002,2014-10-31,56.4002,2014-09-30,50.4002,2014-08-29,53.4002,2014-07-31,52.9202,2014-06-30,52.5452,2014-05-30,56.4002,2014-04-30,60.9602,2014-03-31,49.2152,2014-02-28,241,13,True,True,True,2014-02-28,2015-02-27,2015-03-27,0,8
SA_272,2015-03-27,2,1,bankruptcy,2015,2016-03-27,True,bankrupt,MCPIQ,"Molycorp, Inc.",MCPIQ US Equity,Materials,Metals & Mining,SA_272@2015-03-27,2014-12-27,2013-12-31,61.757,-379.312,314.317,577.067,153.375,,-356.691,-250.927,-533.663,,171.783,1363.916,-374.383,-154.351,554.39,1377.062,16.362,3006.802,1380.278,1629.74,423.692,19,451,451,0.9378,2015-02-27,28,229.5529,2015-02-27,28,244.77483,2015-02-27,28,145291200.0,2015-02-27,28,171984716.0,2015-02-27,28,2015-02-27,28,5,28,0.9378,2015-02-27,0.33,2015-01-30,0.8806,2014-12-31,0.99,2014-11-28,1.38,2014-10-31,1.19,2014-09-30,1.79,2014-08-29,2.09,2014-07-31,2.57,2014-06-30,2.77,2014-05-30,4.75,2014-04-30,4.69,2014-03-31,5.22,2014-02-28,56,13,True,True,True,2014-02-28,2015-02-27,2015-03-27,0,8
NB_1567,2015-04-16,1,0,nonbankruptcy_candidate,2015,2016-04-16,True,nonbankrupt,LEU,Centrus Energy Corp. Class A Common Stock,LEU US Equity,Materials,Metals & Mining,NB_1567@2015-04-16,2015-01-16,2014-12-31,58.9,0.0,218.8,842.4,450.4,0.2,-112.8,-104.1,-110.1,18.9,462.2,240.4,297.8,-110.1,514.1,21.6,0.0,1157.7,240.4,1136.1,392.0,21,106,106,5.11,2015-03-31,16,45.99,2015-03-31,16,7.5636,2015-03-31,16,8520843.0,2015-03-31,16,1773531.0,2015-03-31,16,2015-03-31,16,5,16,5.11,2015-03-31,4.17,2015-02-27,4.03,2015-01-30,4.3,2014-12-31,5.44,2014-11-28,6.2,2014-10-31,10.21,2014-09-30,54.6347,2014-08-29,62.0502,2014-07-31,33.0425,2014-06-30,36.096,2014-05-30,36.8593,2014-04-30,43.8386,2014-03-31,201,13,True,True,True,2014-03-31,2015-03-31,2015-04-16,0,8
NB_1796,2015-04-16,1,0,nonbankruptcy_candidate,2015,2016-04-16,True,nonbankrupt,MSB,Mesabi Trust Common Stock,MSB US Equity,Materials,Metals & Mining,NB_1796@2015-04-16,2015-01-16,2014-01-31,0.0,0.0,7.72,8.0432,7.5697,,21.0537,,21.2691,0.0,0.0,0.0,21.0563,21.2691,22.0426,0.9841,0.0,8.5538,0.0,7.5697,0.4735,19,440,440,13.33,2015-03-31,16,174.8897,2015-03-31,16,13.12001,2015-03-31,16,24975690.0,2015-03-31,16,1551825.0,2015-03-31,16,2015-03-31,16,5,16,13.33,2015-03-31,17.43,2015-02-27,17.08,2015-01-30,17.28,2014-12-31,17.95,2014-11-28,18.6,2014-10-31,19.09,2014-09-30,19.32,2014-08-29,18.58,2014-07-31,19.57,2014-06-30,19.29,2014-05-30,20.19,2014-04-30,21.06,2014-03-31,262,13,True,True,True,2014-03-31,2015-03-31,2015-04-16,0,8
NB_2771,2015-04-16,1,0,nonbankruptcy_candidate,2015,2016-04-16,True,nonbankrupt,UAMY,United States Antimony Corporation Common Stock,UAMY US Equity,Materials,Metals & Mining,NB_2771@2015-04-16,2015-01-16,2014-12-31,0.4547,-1.8266,0.1237,2.3037,2.2554,0.285,-1.5883,-0.8076,-2.8629,0.0011,1.4335,0.7153,-1.5955,-1.0364,10.7722,12.9955,0.1593,16.545,0.8746,3.5495,0.0483,21,106,106,0.68,2015-03-31,16,44.8987,2015-03-31,16,66.02745,2015-03-31,16,147245.0,2015-03-31,16,230348.0,2015-03-31,16,2015-03-31,16,5,16,0.68,2015-03-31,0.65,2015-02-27,0.4997,2015-01-30,0.7,2014-12-31,0.91,2014-11-28,1.1,2014-10-31,1.27,2014-09-30,1.53,2014-08-29,1.52,2014-07-31,1.42,2014-06-30,1.68,2014-05-30,2.0,2014-04-30,1.82,2014-03-31,252,13,True,True,True,2014-03-31,2015-03-31,2015-04-16,0,8
NB_712,2015-04-16,1,0,nonbankruptcy_candidate,2015,2016-04-16,True,nonbankrupt,CTGO,Contango Silver & Gold Inc. Common Stock,CTGO US Equity,Materials,Metals & Mining,NB_712@2015-04-16,2015-01-16,2014-06-30,0.0,0.0,3.4485,3.5474,0.1866,,-9.1982,,-9.5794,0.0,0.0,0.0,-9.1982,-9.5794,0.0,4.7947,0.0,4.9813,0.0,0.1866,3.3608,19,290,290,4.75,2015-03-31,16,18.3645,2015-03-31,16,3.86621,2015-03-31,16,12497.5,2015-03-31,16,2607.0,2015-03-31,16,2015-03-31,16,5,16,4.75,2015-03-31,4.99,2015-02-27,4.0,2015-01-30,4.76,2014-12-31,4.7,2014-11-28,7.5,2014-10-31,8.8,2014-09-30,8.75,2014-08-29,10.0,2014-07-31,11.0,2014-06-30,10.5,2014-05-30,13.0,2014-04-30,13.0,2014-03-31,52,13,True,True,True,2014-03-31,2015-03-31,2015-04-16,0,8
SA_44,2015-04-16,2,1,bankruptcy,2015,2016-04-16,True,bankrupt,WLTGQ,"Walter Energy, Inc.",WLTGQ US Equity,Materials,Metals & Mining,SA_44@2015-04-16,2015-01-16,2014-12-31,91.057,-92.999,468.532,970.775,421.609,262.525,-306.936,-44.411,-232.703,,201.598,3123.643,-470.568,-139.704,1407.345,281.581,12.327,5386.129,3135.97,5104.548,549.166,20,106,106,0.62,2015-03-31,16,44.6851,2015-03-31,16,72.0727,2015-03-31,16,57172550.0,2015-03-31,16,97259884.0,2015-03-31,16,2015-03-31,16,5,16,0.62,2015-03-31,0.965,2015-02-27,0.9322,2015-01-30,1.38,2014-12-31,3.18,2014-11-28,2.41,2014-10-31,2.34,2014-09-30,5.59,2014-08-29,5.75,2014-07-31,5.45,2014-06-30,4.88,2014-05-30,7.2,2014-04-30,7.56,2014-03-31,60,13,True,True,True,2014-03-31,2015-03-31,2015-04-16,0,8
SA_82,2015-04-16,2,1,bankruptcy,2015,2016-04-16,True,bankrupt,SOGCQ,Sabine Oil & Gas Corporation,SOGCQ US Equity,Energy,Oil & Gas Supply Chain,SA_82@2015-04-16,2015-01-16,2014-12-31,108.11,-590.843,3.252,284.671,2347.252,,-297.843,-108.327,-381.642,115.586,0.0,0.0,-326.72,209.201,464.723,-63.792,1988.883,2392.266,1988.883,2456.058,-2062.581,20,106,106,0.085,2015-03-31,16,18.2469,2015-03-31,16,214.66998,2015-03-31,16,5794616.0,2015-03-31,16,51940680.0,2015-03-31,16,2015-03-31,16,5,16,0.085,2015-03-31,0.26,2015-02-27,0.22,2015-01-30,0.225,2014-12-31,0.57,2014-11-28,0.81,2014-10-31,1.17,2014-09-30,1.63,2014-08-29,2.04,2014-07-31,2.28,2014-06-30,2.46,2014-05-30,1.86,2014-04-30,1.91,2014-03-31,60,13,True,True,True,2014-03-31,2015-03-31,2015-04-16,0,8
SA_221,2015-05-05,2,1,bankruptcy,2015,2016-05-05,True,bankrupt,ANRZQ,"Alpha Natural Resources, Inc.",ANRZQ US Equity,Materials,Metals & Mining,SA_221@2015-05-05,2015-02-04,2014-12-31,314.015,-227.168,741.186,1876.314,1009.549,,-917.861,-127.879,-511.027,288.466,237.945,3719.519,-874.961,-283.859,4287.078,2986.8,178.251,10736.148,3897.77,7749.348,866.765,20,125,125,0.81,2015-04-30,5,180.0455,2015-04-30,5,222.27838,2015-04-30,5,93645960.0,2015-04-30,5,98936220.0,2015-04-30,5,2015-04-30,5,5,5,0.81,2015-04-30,0.9999,2015-03-31,1.27,2015-02-27,1.04,2015-01-30,1.67,2014-12-31,2.08,2014-11-28,1.96,2014-10-31,2.48,2014-09-30,3.95,2014-08-29,3.39,2014-07-31,3.71,2014-06-30,3.38,2014-05-30,4.3,2014-04-30,60,13,True,True,True,2014-04-30,2015-04-30,2015-05-05,0,8
NB_273,2015-05-15,1,0,nonbankruptcy_candidate,2015,2016-05-15,True,nonbankrupt,AUGO,Aura Minerals Inc. Common Shares,AUGO US Equity,Materials,Metals & Mining,NB_273@2015-05-15,2015-02-14,2014-12-31,15.638,-19.151,7.831,74.364,78.773,24.497,-2.914,21.583,13.743,6.597,46.126,0.0,-142.882,32.894,265.389,,31.742,179.492,31.742,111.553,-4.409,20,135,135,0.496,2015-04-30,15,17.3753,2015-04-30,15,35.02981,2015-04-30,15,113715.6,2015-04-30,15,230291.0,2015-04-30,15,2015-04-30,15,5,15,0.496,2015-04-30,0.4821,2015-03-31,0.4593,2015-02-27,0.4426,2015-01-30,0.4569,2014-12-31,0.3916,2014-11-28,0.5939,2014-10-31,0.5686,2014-09-30,0.8484,2014-08-29,0.7954,2014-07-31,0.8876,2014-06-30,0.7049,2014-05-30,0.8811,2014-04-30,102,13,True,True,True,2014-04-30,2015-04-30,2015-05-15,0,8
NB_868,2015-05-15,1,0,nonbankruptcy_candidate,2015,2016-05-15,True,nonbankrupt,DWSN,Dawson Geophysical Company Common Stock,DWSN US Equity,Energy,Oil & Gas Services & Equip,NB_868@2015-05-15,2015-02-14,2014-12-31,19.5708,-1.3794,11.3632,34.9004,22.4184,,-13.547,5.6052,7.876,0.6777,0.0,5.6422,-9.5283,9.2554,118.8478,57.0617,8.096,85.1223,13.7381,28.0606,12.482,20,135,135,5.419,2015-04-30,15,122.5835,2015-04-30,15,22.62086,2015-04-30,15,13374260.0,2015-04-30,15,2732671.0,2015-04-30,15,2015-04-30,15,5,15,5.419,2015-04-30,4.0667,2015-03-31,4.9905,2015-02-27,5.7143,2015-01-30,6.1714,2014-12-31,7.6429,2014-11-28,8.9714,2014-10-31,11.0,2014-09-30,11.4286,2014-08-29,11.2286,2014-07-31,15.5714,2014-06-30,12.9429,2014-05-30,14.4572,2014-04-30,250,13,True,True,True,2014-04-30,2015-04-30,2015-05-15,0,8
SA_154,2015-05-15,2,1,bankruptcy,2015,2016-05-15,True,bankrupt,HEROQ,"Hercules Offshore, Inc.",HEROQ US Equity,Energy,Oil & Gas Services & Equip,SA_154@2015-05-15,2015-02-14,2014-12-31,166.359,-147.522,207.937,404.297,164.456,164.9,-88.499,82.399,-32.809,99.142,0.0,1210.919,-216.11,114.713,900.251,615.031,0.0,2002.407,1210.919,1387.376,239.841,21,135,135,216.3617,2015-04-30,15,129.9667,2015-04-30,15,0.60069,2015-04-30,15,69641970.0,2015-04-30,15,364468.0,2015-04-30,15,2015-04-30,15,5,15,216.3617,2015-04-30,112.6485,2015-03-31,120.9287,2015-02-27,193.486,2015-01-30,268.7305,2014-12-31,333.2258,2014-11-28,443.4054,2014-10-31,591.2071,2014-09-30,905.6218,2014-08-29,948.6187,2014-07-31,1080.2967,2014-06-30,1220.0365,2014-05-30,1201.2254,2014-04-30,60,13,True,True,True,2014-04-30,2015-04-30,2015-05-15,0,8
NB_1266,2015-11-10,1,0,nonbankruptcy_candidate,2015,2016-11-10,True,nonbankrupt,HNRG,Hallador Energy Company Common Stock,HNRG US Equity,Materials,Metals & Mining,NB_1266@2015-11-10,2015-08-12,2014-12-31,27.297,-25.835,13.469,84.409,49.98,,14.24,43.502,30.031,9.059,34.641,284.47,10.219,55.866,235.651,189.875,21.875,579.585,306.345,389.71,34.429,20,314,314,6.09,2015-10-30,11,176.878,2015-10-30,11,29.044,2015-10-30,11,15738870.0,2015-10-30,11,2352020.0,2015-10-30,11,2015-10-30,11,5,11,6.09,2015-10-30,6.95,2015-09-30,8.04,2015-08-31,7.04,2015-07-31,8.34,2015-06-30,8.5,2015-05-29,11.49,2015-04-30,11.69,2015-03-31,12.54,2015-02-27,11.34,2015-01-30,11.01,2014-12-31,10.9,2014-11-28,12.0,2014-10-31,229,13,True,True,True,2014-10-31,2015-10-30,2015-11-10,0,8
NB_1911,2015-11-10,1,0,nonbankruptcy_candidate,2015,2016-11-10,True,nonbankrupt,NRP,Natural Resource Partners LP Limited Partnership,NRP US Equity,Materials,Metals & Mining,NB_1911@2015-11-10,2015-08-12,2014-12-31,66.455,-358.48,50.076,136.118,147.931,7.631,147.503,227.379,-147.725,80.185,5.814,1394.24,108.83,210.755,358.336,720.155,80.983,2444.724,1475.223,1724.569,-11.813,21,314,314,16.6,2015-10-30,11,203.0177,2015-10-30,11,12.22998,2015-10-30,11,22947720.0,2015-10-30,11,1028988.0,2015-10-30,11,2015-10-30,11,5,11,16.6,2015-10-30,25.4,2015-09-30,34.1,2015-08-31,30.0,2015-07-31,37.9,2015-06-30,41.0,2015-05-29,51.0,2015-04-30,67.8,2015-03-31,79.3,2015-02-27,94.0,2015-01-30,92.5,2014-12-31,119.4,2014-11-28,124.7,2014-10-31,157,13,True,True,True,2014-10-31,2015-10-30,2015-11-10,0,8
NB_424,2015-11-10,1,0,nonbankruptcy_candidate,2015,2016-11-10,True,nonbankrupt,BOOM,DMC Global Inc. Common Stock,BOOM US Equity,Energy,Oil & Gas Services & Equip,NB_424@2015-11-10,2015-08-12,2014-12-31,35.501,-21.403,9.4,95.096,32.508,7.051,6.665,19.819,1.91,0.551,40.101,22.782,2.567,23.313,202.561,154.915,0.0,219.329,22.782,64.414,62.588,21,314,314,7.13,2015-10-30,11,101.201,2015-10-30,11,14.19368,2015-10-30,11,25436820.0,2015-10-30,11,2748302.0,2015-10-30,11,2015-10-30,11,5,11,7.13,2015-10-30,9.54,2015-09-30,11.33,2015-08-31,11.28,2015-07-31,11.0,2015-06-30,11.1,2015-05-29,13.39,2015-04-30,12.77,2015-03-31,16.15,2015-02-27,14.16,2015-01-30,16.02,2014-12-31,16.04,2014-11-28,18.21,2014-10-31,269,13,True,True,True,2014-10-31,2015-10-30,2015-11-10,0,8
NB_438,2015-11-10,1,0,nonbankruptcy_candidate,2015,2016-11-10,True,nonbankrupt,BRN,Barnwell Industries Inc. Common Stock,BRN US Equity,Energy,Oil & Gas Supply Chain,NB_438@2015-11-10,2015-08-12,2014-09-30,2.91,-3.576,16.104,26.52,14.523,,3.088,9.479,1.993,0.664,0.0,6.65,0.672,5.569,31.445,19.945,4.449,54.77,11.099,34.825,11.997,20,406,406,2.12,2015-10-30,11,17.5476,2015-10-30,11,8.27716,2015-10-30,11,89584.12,2015-10-30,11,44232.0,2015-10-30,11,2015-10-30,11,5,11,2.12,2015-10-30,1.86,2015-09-30,2.3,2015-08-31,2.34,2015-07-31,2.37,2015-06-30,2.5,2015-05-29,3.08,2015-04-30,2.38,2015-03-31,2.4499,2015-02-27,2.8,2015-01-30,2.67,2014-12-31,2.33,2014-11-28,2.56,2014-10-31,269,13,True,True,True,2014-10-31,2015-10-30,2015-11-10,0,8
SA_276,2015-11-10,2,1,bankruptcy,2015,2016-11-10,True,bankrupt,NORNQ,Noranda Aluminum Holding Corporation,NORNQ US Equity,Materials,Metals & Mining,SA_276@2015-11-10,2015-08-12,2014-12-31,102.5,-93.5,20.5,347.1,205.0,77.1,17.1,106.6,-62.9,,196.7,656.4,-26.6,30.6,1355.1,72.1,11.6,1318.1,668.0,1246.0,142.1,20,314,314,1.72,2015-10-30,11,17.2132,2015-10-30,11,10.0077,2015-10-30,11,6038562.0,2015-10-30,11,2971101.0,2015-10-30,11,2015-10-30,11,5,11,1.72,2015-10-30,1.64,2015-09-30,3.95,2015-08-31,4.550005,2015-07-31,5.950006,2015-06-30,12.320012,2015-05-29,23.380023,2015-04-30,20.790021,2015-03-31,23.100023,2015-02-27,21.210021,2015-01-30,24.640025,2014-12-31,26.670027,2014-11-28,30.870031,2014-10-31,60,13,True,True,True,2014-10-31,2015-10-30,2015-11-10,0,8
NB_2059,2015-11-27,1,0,nonbankruptcy_candidate,2015,2016-11-27,True,nonbankrupt,PAMT,PAMT CORP Common Stock,PAMT US Equity,Industrials,Transportation & Logistics,NB_2059@2015-11-27,2015-08-29,2014-12-31,52.983,-28.588,27.649,128.919,115.071,36.296,23.01,59.306,26.665,2.897,1.306,52.293,13.491,55.253,410.937,99.985,42.908,324.605,95.201,224.62,13.848,21,331,331,8.9275,2015-10-30,28,255.1685,2015-10-30,28,28.5823,2015-10-30,28,24185090.0,2015-10-30,28,2569928.0,2015-10-30,28,2015-10-30,28,5,28,8.9275,2015-10-30,8.2625,2015-09-30,9.6575,2015-08-31,13.15,2015-07-31,14.5125,2015-06-30,15.1425,2015-05-29,14.6475,2015-04-30,14.3175,2015-03-31,13.1175,2015-02-27,14.475,2015-01-30,12.96,2014-12-31,11.36,2014-11-28,10.745,2014-10-31,269,13,True,True,True,2014-10-31,2015-10-30,2015-11-27,0,8
NB_737,2015-11-27,1,0,nonbankruptcy_candidate,2015,2016-11-27,True,nonbankrupt,CVLG,Covenant Logistics Group Inc. Class A Common Stock,CVLG US Equity,Industrials,Transportation & Logistics,NB_737@2015-11-27,2015-08-29,2014-12-31,95.943,-163.679,21.33,142.05,101.159,49.0,39.646,88.689,-89.935,10.807,4.402,172.903,17.808,73.744,718.98,169.204,29.43,539.304,202.333,370.1,40.891,21,331,331,9.65,2015-10-30,28,352.6666,2015-10-30,28,31.84576,2015-10-30,28,85741130.0,2015-10-30,28,8362908.0,2015-10-30,28,2015-10-30,28,5,28,9.65,2015-10-30,8.985,2015-09-30,11.795,2015-08-31,11.805,2015-07-31,12.53,2015-06-30,15.455,2015-05-29,15.235,2015-04-30,16.58,2015-03-31,15.925,2015-02-27,14.15,2015-01-30,13.555,2014-12-31,13.14,2014-11-28,10.37,2014-10-31,253,13,True,True,True,2014-10-31,2015-10-30,2015-11-27,0,8
SA_174,2015-11-27,2,1,bankruptcy,2015,2016-11-27,True,bankrupt,RJETQ,Republic Airways Holdings Inc.,RJETQ US Equity,Industrials,Transportation & Logistics,SA_174@2015-11-27,2015-08-29,2014-12-31,20.7,-569.2,223.9,342.8,471.2,,185.5,358.5,-248.7,119.7,60.9,2030.2,64.3,320.5,1375.4,620.5,309.0,3477.6,2339.2,2857.1,-128.4,20,331,331,5.76,2015-10-30,28,293.1669,2015-10-30,28,50.89703,2015-10-30,28,264746800.0,2015-10-30,28,44509124.0,2015-10-30,28,2015-10-30,28,5,28,5.76,2015-10-30,5.78,2015-09-30,3.08,2015-08-31,5.04,2015-07-31,9.18,2015-06-30,10.46,2015-05-29,12.24,2015-04-30,13.75,2015-03-31,12.87,2015-02-27,13.76,2015-01-30,14.59,2014-12-31,13.28,2014-11-28,12.52,2014-10-31,60,13,True,True,True,2014-10-31,2015-10-30,2015-11-27,0,8
NB_1026,2016-01-22,1,0,nonbankruptcy_candidate,2016,2017-01-22,True,nonbankrupt,FF,FutureFuel Corp. Common shares,FF US Equity,Energy,Renewable Energy,NB_1026@2016-01-22,2015-10-24,2014-12-31,50.135,-8.117,124.079,331.465,52.087,8.981,56.128,65.109,43.835,0.025,45.353,0.0,53.2,51.952,341.838,359.009,0.0,461.488,0.0,102.479,279.378,21,387,387,13.5,2015-12-31,22,590.1172,2015-12-31,22,43.71239,2015-12-31,22,33870160.0,2015-12-31,22,2422742.0,2015-12-31,22,2015-12-31,22,5,22,13.5,2015-12-31,14.32,2015-11-30,15.41,2015-10-30,9.88,2015-09-30,10.08,2015-08-31,11.44,2015-07-31,12.87,2015-06-30,12.0,2015-05-29,10.87,2015-04-30,10.27,2015-03-31,12.3,2015-02-27,10.99,2015-01-30,13.02,2014-12-31,90,13,True,True,True,2014-12-31,2015-12-31,2016-01-22,0,8
NB_1193,2016-01-22,1,0,nonbankruptcy_candidate,2016,2017-01-22,True,nonbankrupt,GPRE,Green Plains Inc. Common Stock,GPRE US Equity,Energy,Renewable Energy,NB_1193@2016-01-22,2015-10-24,2014-12-31,138.073,-59.547,425.51,910.91,511.54,,286.274,346.636,162.003,39.908,254.967,399.44,159.504,221.55,3235.611,797.449,273.351,1828.557,672.791,1031.108,399.37,20,387,387,22.9,2015-12-31,22,867.678,2015-12-31,22,37.88987,2015-12-31,22,352634400.0,2015-12-31,22,16163434.0,2015-12-31,22,2015-12-31,22,5,22,22.9,2015-12-31,23.69,2015-11-30,20.51,2015-10-30,19.46,2015-09-30,21.26,2015-08-31,22.45,2015-07-31,27.55,2015-06-30,32.86,2015-05-29,31.14,2015-04-30,28.55,2015-03-31,23.25,2015-02-27,23.41,2015-01-30,24.78,2014-12-31,118,13,True,True,True,2014-12-31,2015-12-31,2016-01-22,0,8
SA_55,2016-01-22,2,1,bankruptcy,2016,2017-01-22,True,bankrupt,SUNEQ,"SunEdison, Inc.",SUNEQ US Equity,Energy,Renewable Energy,SA_55@2016-01-22,2015-10-24,2014-12-31,471.9,-1740.6,943.7,2788.0,3145.1,262.2,-536.8,-179.4,-2510.6,410.0,226.4,6119.7,-1180.4,-770.0,2484.4,1484.6,1079.7,11499.8,7199.4,10015.2,-357.1,21,387,387,5.09,2015-12-31,22,1612.1118,2015-12-31,22,316.72137,2015-12-31,22,6362465000.0,2015-12-31,22,1295109822.0,2015-12-31,22,2015-12-31,22,5,22,5.09,2015-12-31,3.19,2015-11-30,7.3,2015-10-30,7.18,2015-09-30,10.4,2015-08-31,23.28,2015-07-31,29.91,2015-06-30,29.97,2015-05-29,25.32,2015-04-30,24.0,2015-03-31,22.14,2015-02-27,18.73,2015-01-30,19.51,2014-12-31,60,13,True,True,True,2014-12-31,2015-12-31,2016-01-22,0,8
SA_180,2016-02-02,2,1,bankruptcy,2016,2017-02-02,True,bankrupt,FWMHQ,Fairway Group Holdings Corp.,FWMHQ US Equity,Consumer Staples,Retail - Consumer Staples,SA_180@2016-02-02,2015-11-04,2015-03-29,3.404,-31.89,36.362,75.416,57.849,28.126,-23.722,4.682,-17.851,,29.15,254.336,-46.534,14.039,797.555,-22.603,2.75,359.136,257.086,381.739,17.567,20,310,310,0.38,2016-01-29,4,16.7575,2016-01-29,4,29.87335,2016-01-29,4,1555218.0,2016-01-29,4,2901675.0,2016-01-29,4,2016-01-29,4,5,4,0.38,2016-01-29,0.6601,2015-12-31,0.8325,2015-11-30,1.16,2015-10-30,1.05,2015-09-30,2.27,2015-08-31,3.0,2015-07-31,3.56,2015-06-30,4.52,2015-05-29,5.31,2015-04-30,6.77,2015-03-31,5.57,2015-02-27,4.56,2015-01-30,34,13,True,True,True,2015-01-30,2016-01-29,2016-02-02,0,8
NB_1455,2016-02-04,1,0,nonbankruptcy_candidate,2016,2017-02-04,True,nonbankrupt,JCTC,Jewett-Cameron Trading Company Common Shares,JCTC US Equity,Consumer Discretionary,Retail - Discretionary,NB_1455@2016-02-04,2015-11-06,2015-08-31,3.6896,-0.2934,4.4163,17.2035,2.1,,2.9236,3.2053,2.5373,,8.3516,0.0,1.774,2.8307,42.2382,17.5241,0.0,19.6584,0.0,2.1343,15.1035,19,157,157,4.925,2016-01-29,6,24.3968,2016-01-29,6,4.95366,2016-01-29,6,712395.7,2016-01-29,6,149956.0,2016-01-29,6,2016-01-29,6,5,6,4.925,2016-01-29,5.0253,2015-12-31,5.21,2015-11-30,4.73,2015-10-30,4.5299,2015-09-30,4.7501,2015-08-31,4.865,2015-07-31,5.6301,2015-06-30,6.05,2015-05-29,5.215,2015-04-30,5.225,2015-03-31,5.1878,2015-02-27,5.475,2015-01-30,239,13,True,True,True,2015-01-30,2016-01-29,2016-02-04,0,8
SA_224,2016-02-04,2,1,bankruptcy,2016,2017-02-04,True,bankrupt,AROPQ,"Aeropostale, Inc.",AROPQ US Equity,Consumer Discretionary,Retail - Discretionary,SA_224@2016-02-04,2015-11-06,2015-01-31,0.0,-23.837,151.75,349.287,198.849,50.687,-213.138,-162.451,-79.547,,130.474,138.54,-206.458,-55.71,1838.663,93.552,0.0,512.189,138.54,418.637,150.438,20,369,369,0.26,2016-01-29,6,20.7986,2016-01-29,6,79.99446,2016-01-29,6,4300392.0,2016-01-29,6,16756194.0,2016-01-29,6,2016-01-29,6,5,6,0.26,2016-01-29,0.28,2015-12-31,0.54019,2015-11-30,0.62,2015-10-30,0.62,2015-09-30,1.06,2015-08-31,1.51,2015-07-31,1.62,2015-06-30,1.89,2015-05-29,3.09,2015-04-30,3.47,2015-03-31,4.03,2015-02-27,2.44,2015-01-30,60,13,True,True,True,2015-01-30,2016-01-29,2016-02-04,0,8
NB_2967,2016-02-15,1,0,nonbankruptcy_candidate,2016,2017-02-15,True,nonbankrupt,WTI,W&T Offshore Inc. Common Stock,WTI US Equity,Energy,Oil & Gas Supply Chain,NB_2967@2016-02-15,2015-11-17,2014-12-31,67.242,-629.952,23.666,170.9,284.498,,62.068,573.17,-155.979,78.396,0.0,1352.12,-11.661,473.973,948.708,509.308,0.0,2689.508,1352.12,2180.2,-113.598,20,411,411,1.95,2016-01-29,17,148.2206,2016-01-29,17,76.01055,2016-01-29,17,52719850.0,2016-01-29,17,29673886.0,2016-01-29,17,2016-01-29,17,5,17,1.95,2016-01-29,2.31,2015-12-31,3.75,2015-11-30,3.26,2015-10-30,3.0,2015-09-30,3.57,2015-08-31,3.77,2015-07-31,5.48,2015-06-30,5.41,2015-05-29,6.43,2015-04-30,5.11,2015-03-31,5.97,2015-02-27,5.06,2015-01-30,133,13,True,True,True,2015-01-30,2016-01-29,2016-02-15,0,8
SA_256,2016-02-15,2,1,bankruptcy,2016,2017-02-15,True,bankrupt,BBEPQ,Breitburn Energy Partners LP,BBEPQ US Equity,Energy,Oil & Gas Supply Chain,SA_256@2016-02-15,2015-11-17,2014-12-31,166.436,-819.22,12.628,600.708,361.556,291.7,156.922,448.631,-461.465,126.96,3.727,3246.06,421.333,357.755,891.261,3766.176,105.0,7638.334,3351.06,3872.158,239.152,21,411,411,0.68969,2016-01-29,17,146.1339,2016-01-29,17,211.88416,2016-01-29,17,25675280.0,2016-01-29,17,39824549.0,2016-01-29,17,2016-01-29,17,5,17,0.68969,2016-01-29,0.66988,2015-12-31,2.0,2015-11-30,2.29,2015-10-30,2.03,2015-09-30,2.87,2015-08-31,3.03,2015-07-31,4.76,2015-06-30,5.32,2015-05-29,6.55,2015-04-30,5.48,2015-03-31,7.17,2015-02-27,6.56,2015-01-30,60,13,True,True,True,2015-01-30,2016-01-29,2016-02-15,0,8
NB_1707,2016-02-16,1,0,nonbankruptcy_candidate,2016,2017-02-16,True,nonbankrupt,MED,MEDIFAST INC Common Stock,MED US Equity,Consumer Discretionary,Consumer Services,NB_1707@2016-02-16,2015-11-18,2014-12-31,1.65,-7.024,24.459,81.914,26.944,,30.246,38.298,18.512,,15.735,0.242,13.181,25.536,285.285,80.476,0.232,115.91,0.474,35.434,54.97,19,412,412,29.03,2016-01-29,18,341.3616,2016-01-29,18,11.75892,2016-01-29,18,65899470.0,2016-01-29,18,2270745.0,2016-01-29,18,2016-01-29,18,5,18,29.03,2016-01-29,30.38,2015-12-31,30.32,2015-11-30,27.97,2015-10-30,26.86,2015-09-30,27.77,2015-08-31,30.87,2015-07-31,32.32,2015-06-30,32.19,2015-05-29,30.0,2015-04-30,29.97,2015-03-31,31.64,2015-02-27,31.69,2015-01-30,266,13,True,True,True,2015-01-30,2016-01-29,2016-02-16,0,8
NB_1732,2016-02-16,1,0,nonbankruptcy_candidate,2016,2017-02-16,True,nonbankrupt,MIND,MIND Technology Inc. Common Stock (DE),MIND US Equity,Energy,Oil & Gas Services & Equip,NB_1732@2016-02-16,2015-11-18,2015-01-31,27.332,-19.9,5.175,54.149,10.0,,-6.745,30.241,5.305,0.902,11.451,23.137,-9.192,25.205,83.146,146.474,3.218,179.611,26.355,33.137,44.149,20,381,381,27.3,2016-01-29,18,33.007,2016-01-29,18,1.20905,2016-01-29,18,1112095.0,2016-01-29,18,40004.0,2016-01-29,18,2016-01-29,18,5,18,27.3,2016-01-29,30.1,2015-12-31,38.1,2015-11-30,44.4,2015-10-30,37.8,2015-09-30,43.1,2015-08-31,41.3,2015-07-31,41.9,2015-06-30,41.5,2015-05-29,49.0,2015-04-30,46.0,2015-03-31,63.1,2015-02-27,56.1,2015-01-30,254,13,True,True,True,2015-01-30,2016-01-29,2016-02-16,0,8
SA_282,2016-02-16,2,1,bankruptcy,2016,2017-02-16,True,bankrupt,SDOCQ,"SandRidge Energy, Inc.",SD US Equity,Energy,Oil & Gas Supply Chain,SA_282@2016-02-16,2015-11-18,2014-12-31,330.077,-1553.332,181.253,831.918,784.451,,293.442,787.373,-932.218,244.109,0.0,3195.436,253.285,621.114,1595.987,3209.82,0.0,7259.225,3195.436,4049.405,47.467,20,412,412,0.034,2016-01-29,18,19.7215,2016-01-29,18,580.04407,2016-01-29,18,44527710.0,2016-01-29,18,733885778.0,2016-01-29,18,2016-01-29,18,5,18,0.034,2016-01-29,0.2,2015-12-31,0.3005,2015-11-30,0.3703,2015-10-30,0.27,2015-09-30,0.5331,2015-08-31,0.517,2015-07-31,0.877,2015-06-30,1.22,2015-05-29,1.89,2015-04-30,1.78,2015-03-31,1.77,2015-02-27,1.41,2015-01-30,60,13,True,True,True,2015-01-30,2016-01-29,2016-02-16,0,8
NB_3012,2016-03-09,1,0,nonbankruptcy_candidate,2016,2017-03-09,True,nonbankrupt,XWEL,XWELL Inc. Common Stock,XWEL US Equity,Consumer Discretionary,Consumer Services,NB_3012@2016-03-09,2015-12-10,2014-12-31,0.0,-0.246,16.023,18.6,4.732,,-111.196,-107.173,-28.628,,0.0,0.0,-109.677,-28.382,1.425,31.18,0.0,37.435,0.0,6.255,13.868,19,434,434,3024.003,2016-02-29,9,28.4057,2016-02-29,9,0.00939,2016-02-29,9,15697920.0,2016-02-29,9,6240.0,2016-02-29,9,2016-02-29,9,5,9,3024.003,2016-02-29,2004.002,2016-01-29,2964.003,2015-12-31,4032.004,2015-11-30,4506.0045,2015-10-30,6720.0067,2015-09-30,7215.7572,2015-08-31,8400.0084,2015-07-31,6666.0067,2015-06-30,7060.5071,2015-05-29,7440.0074,2015-04-30,7804.5078,2015-03-31,8372.2584,2015-02-27,68,13,True,True,True,2015-02-27,2016-02-29,2016-03-09,0,8
NB_424,2016-03-09,1,0,nonbankruptcy_candidate,2016,2017-03-09,True,nonbankrupt,BOOM,DMC Global Inc. Common Stock,BOOM US Equity,Energy,Oil & Gas Services & Equip,NB_424@2016-03-09,2015-12-10,2014-12-31,35.501,-21.403,9.4,95.096,32.508,7.051,6.665,19.819,1.91,0.551,40.101,22.782,2.567,23.313,202.561,154.915,0.0,219.329,22.782,64.414,62.588,21,434,434,5.53,2016-02-29,9,78.4911,2016-02-29,9,14.19368,2016-02-29,9,7182240.0,2016-02-29,9,1173080.0,2016-02-29,9,2016-02-29,9,5,9,5.53,2016-02-29,6.11,2016-01-29,6.99,2015-12-31,7.72,2015-11-30,7.13,2015-10-30,9.54,2015-09-30,11.33,2015-08-31,11.28,2015-07-31,11.0,2015-06-30,11.1,2015-05-29,13.39,2015-04-30,12.77,2015-03-31,16.15,2015-02-27,273,13,True,True,True,2015-02-27,2016-02-29,2016-03-09,0,8
NB_468,2016-03-09,1,0,nonbankruptcy_candidate,2016,2017-03-09,True,nonbankrupt,BXC,Bluelinx Holdings Inc. Common Stock,BXC US Equity,Consumer Discretionary,Retail - Discretionary,NB_468@2016-03-09,2015-12-10,2015-01-03,144.537,-3.016,4.522,414.894,117.242,,13.536,23.009,-15.317,26.771,242.546,403.274,-13.872,-12.301,1979.393,-36.026,29.959,538.982,433.233,575.008,297.652,20,431,431,3.7388,2016-02-29,9,33.4392,2016-02-29,9,8.94396,2016-02-29,9,395503.9,2016-02-29,9,97786.0,2016-02-29,9,2016-02-29,9,5,9,3.7388,2016-02-29,3.9,2016-01-29,5.3,2015-12-31,6.8037,2015-11-30,7.0,2015-10-30,7.0,2015-09-30,8.0,2015-08-31,9.5,2015-07-31,9.6,2015-06-30,10.9,2015-05-29,10.7,2015-04-30,10.8,2015-03-31,10.8,2015-02-27,135,13,True,True,True,2015-02-27,2016-02-29,2016-03-09,0,8
NB_762,2016-03-09,1,0,nonbankruptcy_candidate,2016,2017-03-09,True,nonbankrupt,CYRX,CryoPort Inc. Common Stock,CYRX US Equity,Industrials,Transportation & Logistics,NB_762@2016-03-09,2015-12-10,2015-03-31,0.5897,-0.0701,1.4052,2.1619,3.0229,0.1979,-5.593,-5.3951,-4.1978,1.428,0.0697,0.0,-7.0269,-4.1277,3.9353,-0.4163,1.5385,2.6066,1.5385,3.0229,-0.861,21,344,344,1.62,2016-02-29,9,19.8333,2016-02-29,9,12.24278,2016-02-29,9,744292.3,2016-02-29,9,532761.0,2016-02-29,9,2016-02-29,9,5,9,1.62,2016-02-29,1.7,2016-01-29,2.02,2015-12-31,2.63,2015-11-30,2.87,2015-10-30,2.36,2015-09-30,2.81,2015-08-31,2.51,2015-07-31,7.65,2015-06-30,8.0,2015-05-29,7.5615,2015-04-30,8.64,2015-03-31,6.06,2015-02-27,133,13,True,True,True,2015-02-27,2016-02-29,2016-03-09,0,8
NB_941,2016-03-09,1,0,nonbankruptcy_candidate,2016,2017-03-09,True,nonbankrupt,EPM,Evolution Petroleum Corporation Inc. Common Stock,EPM US Equity,Energy,Oil & Gas Supply Chain,NB_941@2016-03-09,2015-12-10,2015-06-30,3.1225,-5.204,20.1188,23.693,9.3293,0.0204,8.5837,12.2481,5.1768,0.0736,0.0,0.0,4.9919,10.3808,27.8413,48.5766,0.0,69.8827,0.0,21.3062,14.3638,21,253,253,4.32,2016-02-29,9,142.0479,2016-02-29,9,32.88145,2016-02-29,9,6922541.0,2016-02-29,9,1566752.0,2016-02-29,9,2016-02-29,9,5,9,4.32,2016-02-29,4.66,2016-01-29,4.81,2015-12-31,6.15,2015-11-30,6.9,2015-10-30,5.55,2015-09-30,5.87,2015-08-31,5.22,2015-07-31,6.59,2015-06-30,6.9,2015-05-29,6.88,2015-04-30,5.95,2015-03-31,6.82,2015-02-27,239,13,True,True,True,2015-02-27,2016-02-29,2016-03-09,0,8
SA_109,2016-03-09,2,1,bankruptcy,2016,2017-03-09,True,bankrupt,SSEIQ,Seventy Seven Energy Inc.,SSEIQ US Equity,Energy,Oil & Gas Services & Equip,SA_109@2016-03-09,2015-12-10,2014-12-31,421.555,-457.618,0.891,474.054,265.409,290.9,74.996,367.908,-192.322,79.734,25.073,1572.241,-7.979,265.296,2080.892,291.023,4.0,2290.293,1576.241,1999.27,208.645,21,434,434,0.48,2016-02-29,9,28.4695,2016-02-29,9,59.3114,2016-02-29,9,5058671.0,2016-02-29,9,13897996.0,2016-02-29,9,2016-02-29,9,5,9,0.48,2016-02-29,0.4286,2016-01-29,1.05,2015-12-31,1.11,2015-11-30,1.14,2015-10-30,1.38,2015-09-30,2.87,2015-08-31,3.12,2015-07-31,4.29,2015-06-30,5.9,2015-05-29,5.07,2015-04-30,4.15,2015-03-31,4.8,2015-02-27,21,13,True,True,True,2015-02-27,2016-02-29,2016-03-09,0,8
NB_1814,2016-05-03,1,0,nonbankruptcy_candidate,2016,2017-05-03,True,nonbankrupt,MTR,Mesa Royalty Trust Common Stock,MTR US Equity,Energy,Oil & Gas Supply Chain,NB_1814@2016-05-03,2016-02-03,2015-12-31,0.0,,,1.4084,0.4152,,1.9156,,,,0.0,0.0,1.9157,,2.0768,,0.0,4.1431,0.0,0.4152,0.9933,13,124,124,10.69,2016-04-29,4,19.9218,2016-04-29,4,1.86359,2016-04-29,4,2765868.0,2016-04-29,4,296736.0,2016-04-29,4,2016-04-29,4,5,4,10.69,2016-04-29,8.212,2016-03-31,6.65,2016-02-29,8.0,2016-01-29,7.5001,2015-12-31,8.4037,2015-11-30,10.19,2015-10-30,9.86,2015-09-30,11.9901,2015-08-31,12.44,2015-07-31,14.0001,2015-06-30,18.6888,2015-05-29,20.75,2015-04-30,275,13,True,True,True,2015-04-30,2016-04-29,2016-05-03,0,8
NB_2477,2016-05-03,1,0,nonbankruptcy_candidate,2016,2017-05-03,True,nonbankrupt,SLNG,Stabilis Solutions Inc. Common Stock,SLNG US Equity,Energy,Oil & Gas Supply Chain,NB_2477@2016-05-03,2016-02-03,2015-12-31,6.853,-0.588,7.989,19.3,8.355,0.89,-2.341,-1.447,1.779,,1.325,4.2,-2.593,2.367,49.083,18.333,1.343,38.586,5.543,15.924,10.945,20,124,124,19.36,2016-04-29,4,20.0269,2016-04-29,4,1.03444,2016-04-29,4,659583.5,2016-04-29,4,36690.0,2016-04-29,4,2016-04-29,4,5,4,19.36,2016-04-29,14.48,2016-03-31,20.64,2016-02-29,21.28,2016-01-29,16.8,2015-12-31,18.8,2015-11-30,25.28,2015-10-30,20.8,2015-09-30,27.12,2015-08-31,35.44,2015-07-31,40.8,2015-06-30,44.0,2015-05-29,43.12,2015-04-30,225,13,True,True,True,2015-04-30,2016-04-29,2016-05-03,0,8
NB_2860,2016-05-03,1,0,nonbankruptcy_candidate,2016,2017-05-03,True,nonbankrupt,VLGEA,Village Super Market Inc. Class A Common Stock,VLGEA US Equity,Consumer Staples,Retail - Consumer Staples,NB_2860@2016-05-03,2016-02-03,2015-07-25,0.0,-23.517,59.04,135.911,94.151,,43.531,66.861,-6.049,4.535,45.772,44.425,30.62,17.468,1583.789,252.767,0.899,431.889,45.324,179.122,41.76,20,283,283,24.4,2016-04-29,4,344.9643,2016-04-29,4,9.81863,2016-04-29,4,14266410.0,2016-04-29,4,586388.0,2016-04-29,4,2016-04-29,4,5,4,24.4,2016-04-29,24.16,2016-03-31,26.51,2016-02-29,26.26,2016-01-29,26.35,2015-12-31,25.9,2015-11-30,25.06,2015-10-30,23.61,2015-09-30,27.79,2015-08-31,28.68,2015-07-31,31.69,2015-06-30,32.02,2015-05-29,31.93,2015-04-30,275,13,True,True,True,2015-04-30,2016-04-29,2016-05-03,0,8
SA_304,2016-05-03,2,1,bankruptcy,2016,2017-05-03,True,bankrupt,ISHCQ,International Shipholding Corporation,ISHCQ US Equity,Industrials,Transportation & Logistics,SA_304@2016-05-03,2016-02-03,2015-12-31,27.415,-16.542,9.56,106.778,217.303,23.002,-160.059,-134.555,-8.555,13.342,7.035,0.0,-179.693,7.987,259.474,86.332,156.807,346.302,156.807,259.97,-110.525,21,124,124,2.5,2016-04-29,4,18.4835,2016-04-29,4,7.39341,2016-04-29,4,1888130.0,2016-04-29,4,798843.0,2016-04-29,4,2016-04-29,4,5,4,2.5,2016-04-29,2.05,2016-03-31,1.15,2016-02-29,1.35,2016-01-29,1.45,2015-12-31,2.17,2015-11-30,2.03,2015-10-30,3.83,2015-09-30,6.04,2015-08-31,5.01,2015-07-31,6.38,2015-06-30,8.01,2015-05-29,10.98,2015-04-30,60,13,True,True,True,2015-04-30,2016-04-29,2016-05-03,0,8
NB_1167,2016-06-18,1,0,nonbankruptcy_candidate,2016,2017-06-18,True,nonbankrupt,GNK,Genco Shipping & Trading Limited Ordinary Shares New (Marshall Islands),GNK US Equity,Industrials,Transportation & Logistics,NB_1167@2016-06-18,2016-03-20,2015-12-31,10.586,-67.36,121.074,172.529,607.548,76.395,-192.867,-113.311,-123.446,20.032,0.0,1.149,-194.897,-56.086,153.959,1105.966,579.023,1714.663,580.172,608.697,-435.019,21,170,170,5.7381,2016-05-31,18,42.201,2016-05-31,18,7.3545,2016-05-31,18,4881547.0,2016-05-31,18,830245.0,2016-05-31,18,2016-05-31,18,5,18,5.7381,2016-05-31,10.3,2016-04-29,6.4,2016-03-31,7.0213,2016-02-29,10.1,2016-01-29,14.9,2015-12-31,15.8,2015-11-30,24.0,2015-10-30,39.1,2015-09-30,56.3,2015-08-31,72.7,2015-07-31,72.0,2015-06-30,71.8,2015-05-29,23,13,True,True,True,2015-05-29,2016-05-31,2016-06-17,1,8
NB_1875,2016-06-18,1,0,nonbankruptcy_candidate,2016,2017-06-18,True,nonbankrupt,NGVC,Natural Grocers by Vitamin Cottage Inc. Common Stock,NGVC US Equity,Consumer Staples,Retail - Consumer Staples,NB_1875@2016-06-18,2016-03-20,2015-09-30,2.576,-36.75,2.915,82.283,69.878,21.337,28.629,49.966,4.253,2.993,74.818,27.274,16.204,41.003,624.678,115.488,0.333,233.924,27.607,118.436,12.405,21,262,262,13.25,2016-05-31,18,298.1733,2016-05-31,18,22.50364,2016-05-31,18,32444790.0,2016-05-31,18,2433189.0,2016-05-31,18,2016-05-31,18,5,18,13.25,2016-05-31,13.36,2016-04-29,21.27,2016-03-31,20.12,2016-02-29,18.01,2016-01-29,20.37,2015-12-31,20.81,2015-11-30,23.95,2015-10-30,22.69,2015-09-30,24.28,2015-08-31,26.74,2015-07-31,24.62,2015-06-30,24.21,2015-05-29,47,13,True,True,True,2015-05-29,2016-05-31,2016-06-17,1,8
SA_81,2016-06-18,2,1,bankruptcy,2016,2017-06-18,True,bankrupt,ESINQ,"ITT Educational Services, Inc.",ESINQ US Equity,Consumer Discretionary,Consumer Services,SA_81@2016-06-18,2016-03-20,2015-12-31,48.837,-7.405,130.897,243.098,330.107,21.093,79.161,101.134,69.305,39.847,0.0,122.429,23.298,76.71,849.826,161.136,112.217,664.014,234.646,502.878,-87.009,21,170,170,2.17,2016-05-31,18,51.4266,2016-05-31,18,23.69891,2016-05-31,18,23188390.0,2016-05-31,18,10447294.0,2016-05-31,18,2016-05-31,18,5,18,2.17,2016-05-31,2.15,2016-04-29,3.09,2016-03-31,2.94,2016-02-29,2.71,2016-01-29,3.73,2015-12-31,3.45,2015-11-30,3.3,2015-10-30,3.43,2015-09-30,3.81,2015-08-31,3.68,2015-07-31,3.97,2015-06-30,4.37,2015-05-29,60,13,True,True,True,2015-05-29,2016-05-31,2016-06-17,1,8
NB_2240,2017-05-28,1,0,nonbankruptcy_candidate,2017,2018-05-28,True,nonbankrupt,QXO,QXO Inc. Common Stock,QXO US Equity,Consumer Discretionary,Retail - Discretionary,NB_2240@2017-05-28,2017-02-27,2016-12-31,2.5016,-0.1848,1.621,5.2723,5.1102,0.2323,1.2673,1.952,1.6094,,0.0,0.5466,3.4364,1.7942,34.122,4.9709,0.4014,10.6594,0.948,5.6885,0.1621,20,148,148,32.4855,2017-04-28,30,18.2321,2017-04-28,30,0.56124,2017-04-28,30,311711.9,2017-04-28,30,9576.0,2017-04-28,30,2017-04-28,30,5,30,32.4855,2017-04-28,32.0,2017-03-31,31.6,2017-02-28,32.0,2017-01-31,24.0,2016-12-30,22.4,2016-11-30,26.801,2016-10-31,16.96,2016-09-30,14.0,2016-08-31,12.64,2016-07-29,13.6,2016-06-30,14.4,2016-05-31,13.44,2016-04-29,158,13,True,True,True,2016-04-29,2017-04-28,2017-05-26,2,8
SA_236,2017-05-28,2,1,bankruptcy,2017,2018-05-28,True,bankrupt,PERFQ,"Perfumania Holdings, Inc.",PERFQ US Equity,Consumer Discretionary,Retail - Discretionary,SA_236@2017-05-28,2017-02-27,2017-01-28,25.572,-3.118,7.474,240.319,59.555,6.7,-16.695,-8.073,16.146,7.143,196.654,125.366,-23.639,19.264,468.865,60.425,1.237,310.3,126.603,249.875,180.764,21,120,120,1.0001,2017-04-28,30,15.4957,2017-04-28,30,15.49376,2017-04-28,30,148303.8,2017-04-28,30,138429.0,2017-04-28,30,2017-04-28,30,5,30,1.0001,2017-04-28,1.2,2017-03-31,1.75,2017-02-28,1.95,2017-01-31,1.5,2016-12-30,1.6,2016-11-30,1.95,2016-10-31,2.18,2016-09-30,2.2,2016-08-31,2.36,2016-07-29,2.41,2016-06-30,2.4699,2016-05-31,2.85,2016-04-29,60,13,True,True,True,2016-04-29,2017-04-28,2017-05-26,2,8
SA_292,2017-09-15,2,1,bankruptcy,2017,2018-09-15,True,bankrupt,CIEIQ,"Cobalt International Energy, Inc.",CIEIQ US Equity,Energy,Oil & Gas Supply Chain,SA_292@2017-09-15,2017-06-17,2016-12-31,0.0,-691.371,613.534,1147.191,533.954,,-2262.42,-2240.437,-857.036,83.045,0.0,2479.349,-2343.309,-165.665,16.805,-841.334,0.0,2230.478,2479.349,3071.812,613.237,20,258,258,1.88,2017-08-31,15,56.1893,2017-08-31,15,29.88793,2017-08-31,15,21091750.0,2017-08-31,15,9989897.0,2017-08-31,15,2017-08-31,15,5,15,1.88,2017-08-31,2.58,2017-07-31,2.47,2017-06-30,3.3872,2017-05-31,5.8668,2017-04-28,8.0006,2017-03-31,10.6499,2017-02-28,14.7121,2017-01-31,18.2999,2016-12-30,20.2499,2016-11-30,14.1618,2016-10-31,18.5999,2016-09-30,17.9999,2016-08-31,60,13,True,True,True,2016-08-31,2017-08-31,2017-09-15,0,8
NB_1664,2017-09-20,1,0,nonbankruptcy_candidate,2017,2018-09-20,True,nonbankrupt,MAGN,Magnera Corporation Common Stock,MAGN US Equity,Materials,"Forestry, Paper & Wood Products",NB_1664@2017-09-20,2017-06-22,2016-12-31,152.989,-61.162,55.444,494.259,323.011,,-21.52,17.767,-30.084,13.85,249.669,363.647,21.554,31.078,761.216,653.826,8.961,1521.259,372.608,867.433,171.248,20,263,263,225.1602,2017-08-31,20,754.8736,2017-08-31,20,3.35261,2017-08-31,20,84348640.0,2017-08-31,20,375126.0,2017-08-31,20,2017-08-31,20,5,20,225.1602,2017-08-31,266.1103,2017-07-31,254.0203,2017-06-30,238.2902,2017-05-31,279.6303,2017-04-28,282.6203,2017-03-31,287.3003,2017-02-28,317.3303,2017-01-31,310.5703,2016-12-30,298.6103,2016-11-30,288.8603,2016-10-31,281.8403,2016-09-30,288.2103,2016-08-31,291,13,True,True,True,2016-08-31,2017-08-31,2017-09-20,0,8
NB_2997,2017-09-20,1,0,nonbankruptcy_candidate,2017,2018-09-20,True,nonbankrupt,XMAX,XMAX Inc. Common Stock,XMAX US Equity,Consumer Discretionary,Home & Office Products,NB_2997@2017-09-20,2017-06-22,2016-12-31,42.1028,-0.0135,2.5877,70.0492,11.6415,0.0423,-0.7661,-0.1629,-6.435,0.2838,2.7811,0.0,-1.1183,-6.4215,92.6482,63.2654,7.9778,77.0437,7.9778,13.7782,58.4077,21,263,263,30.5,2017-08-31,20,33.0969,2017-08-31,20,1.08514,2017-08-31,20,736524.4,2017-08-31,20,22478.0,2017-08-31,20,2017-08-31,20,5,20,30.5,2017-08-31,36.25,2017-07-31,37.75,2017-06-30,33.75,2017-05-31,39.75,2017-04-28,41.5,2017-03-31,49.75,2017-02-28,43.25,2017-01-31,48.25,2016-12-30,63.75,2016-11-30,90.0,2016-10-31,90.75,2016-09-30,24.6,2016-08-31,73,13,True,True,True,2016-08-31,2017-08-31,2017-09-20,0,8
NB_340,2017-09-20,1,0,nonbankruptcy_candidate,2017,2018-09-20,True,nonbankrupt,BCC,Boise Cascade L.L.C. Common Stock,BCC US Equity,Materials,"Forestry, Paper & Wood Products",NB_340@2017-09-20,2017-06-22,2016-12-31,199.191,-83.583,103.978,760.459,312.864,,79.578,154.505,68.324,26.692,433.451,437.629,38.254,151.907,3911.215,580.004,0.0,1439.197,437.629,859.193,447.595,20,263,263,30.0,2017-08-31,20,1156.1345,2017-08-31,20,38.53782,2017-08-31,20,230038700.0,2017-08-31,20,7810422.0,2017-08-31,20,2017-08-31,20,5,20,30.0,2017-08-31,30.35,2017-07-31,30.4,2017-06-30,26.95,2017-05-31,30.5,2017-04-28,26.7,2017-03-31,27.1,2017-02-28,24.8,2017-01-31,22.5,2016-12-30,22.8,2016-11-30,19.25,2016-10-31,25.4,2016-09-30,26.24,2016-08-31,55,13,True,True,True,2016-08-31,2017-08-31,2017-09-20,0,8
NB_899,2017-09-20,1,0,nonbankruptcy_candidate,2017,2018-09-20,True,nonbankrupt,EGY,VAALCO Energy Inc. Common Stock,EGY US Equity,Energy,Oil & Gas Supply Chain,NB_899@2017-09-20,2017-06-22,2016-12-31,6.751,-14.397,20.474,38.475,55.554,,-4.391,2.535,-17.849,2.616,0.997,6.94,-26.55,-3.452,59.784,-0.358,7.5,81.032,14.44,81.39,-17.079,20,263,263,0.7275,2017-08-31,20,42.7901,2017-08-31,20,58.81803,2017-08-31,20,2215018.0,2017-08-31,20,2833423.0,2017-08-31,20,2017-08-31,20,5,20,0.7275,2017-08-31,0.929,2017-07-31,0.935,2017-06-30,1.02,2017-05-31,1.0,2017-04-28,0.9171,2017-03-31,1.12,2017-02-28,1.17,2017-01-31,1.04,2016-12-30,0.771,2016-11-30,0.79,2016-10-31,0.9292,2016-09-30,1.06,2016-08-31,291,13,True,True,True,2016-08-31,2017-08-31,2017-09-20,0,8
SA_62,2017-09-20,2,1,bankruptcy,2017,2018-09-20,True,bankrupt,RTKHQ,"Rentech, Inc.",RTKHQ US Equity,Materials,"Forestry, Paper & Wood Products",SA_62@2017-09-20,2017-06-22,2016-12-31,12.49,-19.883,28.319,77.179,48.8,,-173.993,-151.808,-30.305,10.986,28.131,103.733,169.275,-10.422,150.744,150.118,11.237,312.717,114.97,162.599,28.379,20,263,263,0.266,2017-08-31,20,6.1743,2017-08-31,20,23.21178,2017-08-31,20,1912295.0,2017-08-31,20,6415521.0,2017-08-31,20,2017-08-31,20,5,20,0.266,2017-08-31,0.53,2017-07-31,0.453,2017-06-30,0.4295,2017-05-31,0.5198,2017-04-28,0.5,2017-03-31,0.7801,2017-02-28,2.575,2017-01-31,2.48,2016-12-30,1.63,2016-11-30,2.41,2016-10-31,2.92,2016-09-30,3.61,2016-08-31,60,13,True,True,True,2016-08-31,2017-08-31,2017-09-20,0,8
NB_1048,2017-10-17,1,0,nonbankruptcy_candidate,2017,2018-10-17,True,nonbankrupt,FLNA,Filana Therapeutics Inc. Common Stock,FLNA US Equity,Health Care,Biotech & Pharma,NB_1048@2017-10-17,2017-07-19,2016-12-31,0.0,-0.075,16.615,19.07,0.665,,-14.957,-14.899,-12.309,0.0,0.0,0.0,-14.85,-12.234,0.0,18.637,0.0,19.302,0.0,0.665,18.405,20,290,290,4.07,2017-09-29,18,26.8437,2017-09-29,18,6.59551,2017-09-29,18,2959847.0,2017-09-29,18,771142.0,2017-09-29,18,2017-09-29,18,5,18,4.07,2017-09-29,3.21,2017-08-31,3.41,2017-07-31,4.15,2017-06-30,3.7578,2017-05-31,5.915,2017-04-28,6.2532,2017-03-31,4.0053,2017-02-28,3.92,2017-01-31,3.9913,2016-12-30,4.4774,2016-11-30,3.9362,2016-10-31,6.9991,2016-09-30,207,13,True,True,True,2016-09-30,2017-09-29,2017-10-17,0,8
NB_1487,2017-10-17,1,0,nonbankruptcy_candidate,2017,2018-10-17,True,nonbankrupt,KGEI,Kolibri Global Energy Inc. Common stock,KGEI US Equity,Energy,Oil & Gas Supply Chain,NB_1487@2017-10-17,2017-07-19,2016-12-31,1.163,-2.497,11.101,13.528,2.888,5.249,-4.062,1.187,2.683,1.946,0.0,20.229,-11.148,5.18,8.561,121.685,0.0,147.004,20.229,25.319,10.64,21,290,290,2.202985,2017-09-29,18,55.6127,2017-09-29,18,25.24427,2017-09-29,18,39812.21,2017-09-29,18,19416.0,2017-09-29,18,2017-09-29,18,5,18,2.202985,2017-09-29,1.917242,2017-08-31,1.908946,2017-07-31,1.199198,2017-06-30,1.410279,2017-05-31,1.505911,2017-04-28,1.376289,2017-03-31,1.843502,2017-02-28,2.027852,2017-01-31,2.080277,2016-12-30,1.480563,2016-11-30,1.422377,2016-10-31,1.388387,2016-09-30,110,13,True,True,True,2016-09-30,2017-09-29,2017-10-17,0,8
NB_1814,2017-10-17,1,0,nonbankruptcy_candidate,2017,2018-10-17,True,nonbankrupt,MTR,Mesa Royalty Trust Common Stock,MTR US Equity,Energy,Oil & Gas Supply Chain,NB_1814@2017-10-17,2017-07-19,2016-12-31,0.0,,,1.6041,0.6041,,1.212,,,0.0,0.0,0.0,1.2139,,1.3648,,0.0,4.0435,0.0,0.6041,1.0,14,290,290,15.45,2017-09-29,18,28.7925,2017-09-29,18,1.86359,2017-09-29,18,2313341.0,2017-09-29,18,159280.0,2017-09-29,18,2017-09-29,18,5,18,15.45,2017-09-29,13.85,2017-08-31,12.7,2017-07-31,11.7,2017-06-30,12.35,2017-05-31,14.65,2017-04-28,13.25,2017-03-31,10.8,2017-02-28,13.05,2017-01-31,10.9,2016-12-30,10.8297,2016-11-30,9.8,2016-10-31,8.34,2016-09-30,292,13,True,True,True,2016-09-30,2017-09-29,2017-10-17,0,8
NB_1898,2017-10-17,1,0,nonbankruptcy_candidate,2017,2018-10-17,True,nonbankrupt,NOG,Northern Oil and Gas Inc. Common Stock,NOG US Equity,Energy,Oil & Gas Supply Chain,NB_1898@2017-10-17,2017-07-19,2016-12-31,35.84,-93.1506,6.4861,46.8942,77.4437,0.2,-152.9579,-91.7138,8.741,64.4856,0.0,832.6251,-293.4937,101.8916,221.2504,-487.4217,0.0,431.533,832.6251,918.9546,-30.5495,21,290,290,9.0,2017-09-29,18,57.4398,2017-09-29,18,6.3822,2017-09-29,18,10211140.0,2017-09-29,18,1193447.0,2017-09-29,18,2017-09-29,18,5,18,9.0,2017-09-29,8.5,2017-08-31,12.5,2017-07-31,14.0,2017-06-30,16.5,2017-05-31,22.5,2017-04-28,26.0,2017-03-31,30.0,2017-02-28,36.0,2017-01-31,27.5,2016-12-30,22.5,2016-11-30,21.0,2016-10-31,26.8,2016-09-30,129,13,True,True,True,2016-09-30,2017-09-29,2017-10-17,0,8
NB_678,2017-10-17,1,0,nonbankruptcy_candidate,2017,2018-10-17,True,nonbankrupt,CRDF,Cardiff Oncology Inc. Common Stock,CRDF US Equity,Health Care,Biotech & Pharma,NB_678@2017-10-17,2017-07-19,2016-12-31,0.1005,-0.8235,13.9151,38.9502,7.7973,,-40.1456,-39.0761,-31.8633,1.3755,0.0,14.1764,-39.2037,-31.0399,0.3811,19.7681,2.3601,43.9504,16.5365,24.1823,31.1529,20,290,290,52.5601,2017-09-29,18,27.2068,2017-09-29,18,0.51763,2017-09-29,18,2792315.0,2017-09-29,18,54819.0,2017-09-29,18,2017-09-29,18,5,18,52.5601,2017-09-29,47.5201,2017-08-31,58.3201,2017-07-31,90.7202,2017-06-30,46.3231,2017-05-31,66.9601,2017-04-28,82.8002,2017-03-31,140.4003,2017-02-28,144.0003,2017-01-31,151.2003,2016-12-30,208.8004,2016-11-30,248.4005,2016-10-31,323.2806,2016-09-30,159,13,True,True,True,2016-09-30,2017-09-29,2017-10-17,0,8
SA_232,2017-10-17,2,1,bankruptcy,2017,2018-10-17,True,bankrupt,XCOOQ,"EXCO Resources, Inc.",XCOOQ US Equity,Energy,Oil & Gas Supply Chain,SA_232@2017-10-17,2017-07-19,2016-12-31,52.674,-80.425,9.068,110.617,258.363,1.5,-181.8,-105.818,-80.839,70.438,8.007,1258.538,-225.258,-0.414,310.15,-871.906,50.0,661.414,1308.538,1533.32,-147.746,21,290,290,1.34,2017-09-29,18,29.0119,2017-09-29,18,21.65065,2017-09-29,18,9622421.0,2017-09-29,18,6661594.0,2017-09-29,18,2017-09-29,18,5,18,1.34,2017-09-29,1.79,2017-08-31,1.97,2017-07-31,2.65,2017-06-30,4.9528,2017-05-31,7.35,2017-04-28,9.2981,2017-03-31,8.355,2017-02-28,10.0368,2017-01-31,13.1052,2016-12-30,15.4499,2016-11-30,16.1999,2016-10-31,16.0499,2016-09-30,60,13,True,True,True,2016-09-30,2017-09-29,2017-10-17,0,8
NB_698,2017-11-04,1,0,nonbankruptcy_candidate,2017,2018-11-04,True,nonbankrupt,CRWS,Crown Crafts Inc Common Stock,CRWS US Equity,Consumer Discretionary,Home & Office Products,NB_698@2017-11-04,2017-08-06,2017-04-02,14.921,-0.191,7.892,41.11,7.573,0.178,8.7,9.632,10.198,0.068,15.821,0.0,5.572,10.389,65.978,38.923,0.0,47.184,0.0,8.261,33.537,21,216,216,6.075,2017-10-31,4,61.1009,2017-10-31,4,10.05776,2017-10-31,4,1473918.0,2017-10-31,4,231176.0,2017-10-31,4,2017-10-31,4,5,4,6.075,2017-10-31,6.5,2017-09-29,6.65,2017-08-31,5.4,2017-07-31,6.95,2017-06-30,7.55,2017-05-31,7.8,2017-04-28,8.225,2017-03-31,7.9,2017-02-28,7.65,2017-01-31,7.75,2016-12-30,7.9,2016-11-30,9.65,2016-10-31,293,13,True,True,True,2016-10-31,2017-10-31,2017-11-03,1,8
SA_151,2017-11-04,2,1,bankruptcy,2017,2018-11-04,True,bankrupt,CVOVQ,"Cenveo, Inc.",CVOVQ US Equity,Consumer Discretionary,Home & Office Products,SA_151@2017-11-04,2017-08-06,2016-12-31,234.187,-41.137,5.532,383.245,315.206,41.456,76.032,123.232,-2.266,,101.95,986.939,67.949,38.871,1660.001,-589.157,31.727,912.959,1018.666,1502.116,68.039,20,308,308,1.25,2017-10-31,4,10.7261,2017-10-31,4,8.5809,2017-10-31,4,13623140.0,2017-10-31,4,8078991.0,2017-10-31,4,2017-10-31,4,5,4,1.25,2017-10-31,3.45,2017-09-29,3.78,2017-08-31,6.0,2017-07-31,6.09,2017-06-30,6.05,2017-05-31,4.44,2017-04-28,5.02,2017-03-31,5.57,2017-02-28,6.9,2017-01-31,6.99,2016-12-30,6.69,2016-11-30,8.25,2016-10-31,60,13,True,True,True,2016-10-31,2017-10-31,2017-11-03,1,8
SA_250,2017-12-12,2,1,bankruptcy,2017,2018-12-12,True,bankrupt,OREXQ,"Orexigen Therapeutics, Inc.",OREXQ US Equity,Health Care,Biotech & Pharma,SA_250@2017-12-12,2017-09-13,2016-12-31,1.102,-0.33,92.494,224.461,65.36,0.428,-56.97,-53.235,-110.043,7.85,23.193,166.179,-24.524,-109.713,33.709,57.044,0.0,304.589,166.179,247.545,159.101,21,346,346,1.62,2017-11-30,12,26.8982,2017-11-30,12,16.60383,2017-11-30,12,5461426.0,2017-11-30,12,3210944.0,2017-11-30,12,2017-11-30,12,5,12,1.62,2017-11-30,1.62,2017-10-31,2.12,2017-09-29,2.27,2017-08-31,2.42,2017-07-31,2.9,2017-06-30,2.86,2017-05-31,3.37,2017-04-28,3.44,2017-03-31,4.27,2017-02-28,3.37,2017-01-31,1.74,2016-12-30,1.96,2016-11-30,60,13,True,True,True,2016-11-30,2017-11-30,2017-12-12,0,8
NB_1538,2018-02-17,1,0,nonbankruptcy_candidate,2018,2019-02-17,True,nonbankrupt,KVHI,KVH Industries Inc. Common Stock,KVHI US Equity,Communications,Telecommunications,NB_1538@2018-02-17,2017-11-19,2016-12-31,31.152,-5.631,26.422,108.832,39.643,7.608,-1.322,11.242,13.068,1.436,20.745,50.153,-7.517,18.699,176.122,106.502,7.9,199.757,58.053,93.255,69.189,21,413,413,11.05,2018-01-31,17,189.065,2018-01-31,17,17.10996,2018-01-31,17,4276533.0,2018-01-31,17,383616.0,2018-01-31,17,2018-01-31,17,5,17,11.05,2018-01-31,10.35,2017-12-29,10.8,2017-11-30,11.55,2017-10-31,11.95,2017-09-29,11.8,2017-08-31,10.9,2017-07-31,9.5,2017-06-30,9.45,2017-05-31,8.0,2017-04-28,8.4,2017-03-31,10.05,2017-02-28,10.4,2017-01-31,262,13,True,True,True,2017-01-31,2018-01-31,2018-02-16,1,8
SA_46,2018-02-17,2,1,bankruptcy,2018,2019-02-17,True,bankrupt,REXXQ,Rex Energy Corporation,REXXQ US Equity,Energy,Oil & Gas Supply Chain,SA_46@2018-02-17,2017-11-19,2016-12-31,25.448,-55.694,3.697,33.775,103.708,,-132.607,-64.632,-60.098,43.519,0.0,758.956,-176.715,-4.404,139.017,10.226,0.764,893.923,759.72,883.697,-69.933,20,413,413,1.48,2018-01-31,17,14.7044,2018-01-31,17,9.93538,2018-01-31,17,17880080.0,2018-01-31,17,10244254.0,2018-01-31,17,2018-01-31,17,5,17,1.48,2018-01-31,1.3811,2017-12-29,1.84,2017-11-30,1.89,2017-10-31,2.7,2017-09-29,2.29,2017-08-31,2.91,2017-07-31,2.89,2017-06-30,2.91,2017-05-31,3.405,2017-04-28,4.695,2017-03-31,6.13,2017-02-28,6.5887,2017-01-31,60,13,True,True,True,2017-01-31,2018-01-31,2018-02-16,1,8
NB_1732,2018-07-17,1,0,nonbankruptcy_candidate,2018,2019-07-17,True,nonbankrupt,MIND,MIND Technology Inc. Common Stock (DE),MIND US Equity,Energy,Oil & Gas Services & Equip,NB_1732@2018-07-17,2018-04-18,2018-01-31,10.494,-1.316,9.902,33.046,7.523,,-19.708,-3.071,-0.597,,10.856,0.0,-21.069,0.719,48.276,65.849,0.0,73.679,0.0,7.83,25.523,19,167,167,40.2,2018-06-29,18,48.5994,2018-06-29,18,1.20894,2018-06-29,18,2223690.0,2018-06-29,18,52911.0,2018-06-29,18,2018-06-29,18,5,18,40.2,2018-06-29,40.1,2018-05-31,32.5,2018-04-30,32.4,2018-03-30,35.2,2018-02-28,37.6,2018-01-31,31.7,2017-12-29,37.6,2017-11-30,31.4,2017-10-31,34.9,2017-09-29,37.5,2017-08-31,39.7,2017-07-31,38.8,2017-06-30,283,13,True,True,True,2017-06-30,2018-06-29,2018-07-17,0,8
NB_2097,2018-07-17,1,0,nonbankruptcy_candidate,2018,2019-07-17,True,nonbankrupt,PED,Pedevco Corp. Common Stock,PED US Equity,Energy,Oil & Gas Supply Chain,NB_2097@2018-07-17,2018-04-18,2017-12-31,0.301,0.0,0.917,1.394,3.372,3.62,-23.572,-19.818,-0.236,12.798,0.0,66.497,-36.37,-0.236,3.015,-37.14,0.588,36.401,67.085,73.541,-1.978,21,198,198,45.4,2018-06-29,18,16.5228,2018-06-29,18,0.36394,2018-06-29,18,132391300.0,2018-06-29,18,2731842.0,2018-06-29,18,2018-06-29,18,5,18,45.4,2018-06-29,6.112,2018-05-31,6.34,2018-04-30,6.002,2018-03-30,5.7,2018-02-28,6.476,2018-01-31,6.398,2017-12-29,5.93,2017-11-30,6.398,2017-10-31,11.8,2017-09-29,13.24,2017-08-31,12.9,2017-07-31,12.872,2017-06-30,182,13,True,True,True,2017-06-30,2018-06-29,2018-07-17,0,8
SA_288,2018-07-17,2,1,bankruptcy,2018,2019-07-17,True,bankrupt,SHLDQ,Sears Holdings Corporation,SHLDQ US Equity,Consumer Discretionary,Retail - Discretionary,SA_288@2018-07-17,2018-04-18,2018-02-03,343.0,-80.0,182.0,3823.0,4922.0,328.0,-430.0,-98.0,-1922.0,539.0,2798.0,2249.0,-383.0,-1842.0,16702.0,-3726.0,1883.0,7273.0,4132.0,10999.0,-1099.0,21,164,164,2.37,2018-06-29,18,256.6993,2018-06-29,18,108.31192,2018-06-29,18,105960700.0,2018-06-29,18,43962317.0,2018-06-29,18,2018-06-29,18,5,18,2.37,2018-06-29,2.81,2018-05-31,2.99,2018-04-30,2.67,2018-03-30,2.42,2018-02-28,2.57,2018-01-31,3.58,2017-12-29,4.08,2017-11-30,5.51,2017-10-31,7.3,2017-09-29,8.21,2017-08-31,8.72,2017-07-31,8.86,2017-06-30,60,13,True,True,True,2017-06-30,2018-06-29,2018-07-17,0,8
NB_2097,2018-08-02,1,0,nonbankruptcy_candidate,2018,2019-08-02,True,nonbankrupt,PED,Pedevco Corp. Common Stock,PED US Equity,Energy,Oil & Gas Supply Chain,NB_2097@2018-08-02,2018-05-04,2017-12-31,0.301,0.0,0.917,1.394,3.372,3.62,-23.572,-19.818,-0.236,12.798,0.0,66.497,-36.37,-0.236,3.015,-37.14,0.588,36.401,67.085,73.541,-1.978,21,214,214,47.0,2018-07-31,2,34.8437,2018-07-31,2,0.74136,2018-07-31,2,141319600.0,2018-07-31,2,2771857.0,2018-07-31,2,2018-07-31,2,5,2,47.0,2018-07-31,45.4,2018-06-29,6.112,2018-05-31,6.34,2018-04-30,6.002,2018-03-30,5.7,2018-02-28,6.476,2018-01-31,6.398,2017-12-29,5.93,2017-11-30,6.398,2017-10-31,11.8,2017-09-29,13.24,2017-08-31,12.9,2017-07-31,183,13,True,True,True,2017-07-31,2018-07-31,2018-08-02,0,8
NB_416,2018-08-02,1,0,nonbankruptcy_candidate,2018,2019-08-02,True,nonbankrupt,BNED,Barnes & Noble Education Inc Common Stock,BNED US Equity,Consumer Discretionary,Retail - Discretionary,NB_416@2018-08-02,2018-05-04,2018-04-28,100.06,-42.809,16.126,619.371,413.465,,-262.703,-197.117,17.233,,493.948,96.4,-252.566,60.042,2203.617,467.963,100.0,1039.211,196.4,571.248,205.906,19,96,96,122.484,2018-07-31,2,263.6714,2018-07-31,2,2.1527,2018-07-31,2,38969560.0,2018-07-31,2,328463.0,2018-07-31,2,2018-07-31,2,5,2,122.484,2018-07-31,122.9199,2018-06-29,138.1759,2018-05-31,156.701,2018-04-30,150.1627,2018-03-30,159.0984,2018-02-28,144.9321,2018-01-31,179.585,2017-12-29,131.6376,2017-11-30,118.7789,2017-10-31,141.8809,2017-09-29,112.8945,2017-08-31,157.5728,2017-07-31,37,13,True,True,True,2017-07-31,2018-07-31,2018-08-02,0,8
NB_447,2018-08-02,1,0,nonbankruptcy_candidate,2018,2019-08-02,True,nonbankrupt,BSIN,Big Sky Industrial Inc. Common Stock,BSIN US Equity,Energy,Oil & Gas Supply Chain,NB_447@2018-08-02,2018-05-04,2017-12-31,0.687,-0.299,3.277,5.918,1.583,0.8,-0.989,-0.099,-1.191,0.513,0.0,0.937,-1.361,-0.892,6.545,10.661,0.6,15.316,1.537,4.655,4.335,21,214,214,11.1,2018-07-31,2,14.551,2018-07-31,2,1.3109,2018-07-31,2,6858317.0,2018-07-31,2,474710.0,2018-07-31,2,2018-07-31,2,5,2,11.1,2018-07-31,13.2,2018-06-29,13.008,2018-05-31,11.2,2018-04-30,12.278,2018-03-30,12.8,2018-02-28,15.2,2018-01-31,15.0,2017-12-29,12.0,2017-11-30,11.7,2017-10-31,7.7,2017-09-29,7.601,2017-08-31,7.5,2017-07-31,302,13,True,True,True,2017-07-31,2018-07-31,2018-08-02,0,8
SA_112,2018-08-02,2,1,bankruptcy,2018,2019-08-02,True,bankrupt,GSTCQ,Gastar Exploration Inc.,GSTCQ US Equity,Energy,Oil & Gas Supply Chain,SA_112@2018-08-02,2018-05-04,2017-12-31,38.575,-107.748,13.266,54.171,61.586,24.015,4.197,28.212,-87.686,38.955,0.0,342.952,-46.755,20.062,72.13,-31.828,0.0,380.123,342.952,411.951,-7.415,21,214,214,0.17,2018-07-31,2,37.4179,2018-07-31,2,220.10533,2018-07-31,2,37586780.0,2018-07-31,2,194175106.0,2018-07-31,2,2018-07-31,2,5,2,0.17,2018-07-31,0.56,2018-06-29,0.66,2018-05-31,0.68,2018-04-30,0.6827,2018-03-30,0.6765,2018-02-28,0.9985,2018-01-31,1.05,2017-12-29,1.05,2017-11-30,0.82,2017-10-31,0.8796,2017-09-29,0.5902,2017-08-31,0.86,2017-07-31,60,13,True,True,True,2017-07-31,2018-07-31,2018-08-02,0,8
NB_1343,2018-11-27,1,0,nonbankruptcy_candidate,2018,2019-11-27,True,nonbankrupt,IDT,IDT Corporation Class B Common Stock,IDT US Equity,Communications,Telecommunications,NB_1343@2018-11-27,2018-08-29,2018-07-31,69.481,-20.567,68.089,328.881,366.984,22.7,8.378,31.179,-0.173,,0.0,0.0,4.208,20.394,1547.495,31.303,0.0,399.597,0.0,368.294,-38.103,20,119,119,7.04,2018-10-31,27,166.9763,2018-10-31,27,22.1439,2018-10-31,27,54604140.0,2018-10-31,27,7709998.0,2018-10-31,27,2018-10-31,27,5,27,7.04,2018-10-31,5.34,2018-09-28,5.29,2018-08-31,5.25,2018-07-31,5.62,2018-06-29,4.9,2018-05-31,5.42,2018-04-30,6.27,2018-03-30,10.2941,2018-02-28,9.2629,2018-01-31,9.0329,2017-12-29,13.3192,2017-11-30,11.2314,2017-10-31,210,13,True,True,True,2017-10-31,2018-10-31,2018-11-27,0,8
SA_289,2018-11-27,2,1,bankruptcy,2018,2019-11-27,True,bankrupt,WINMQ,"Windstream Holdings, Inc. (Windstream Services, LLC)",WINMQ US Equity,Communications,Telecommunications,SA_289@2018-11-27,2018-08-29,2017-12-31,643.0,-908.6,43.4,933.7,1543.4,1229.0,-1590.6,-120.6,66.0,875.4,93.0,10317.9,-2116.6,974.6,5852.9,-1298.9,357.9,11084.3,10675.8,12383.2,-609.7,21,331,331,4.12,2018-10-31,27,176.905,2018-10-31,27,42.93812,2018-10-31,27,56677890.0,2018-10-31,27,12588919.0,2018-10-31,27,2018-10-31,27,5,27,4.12,2018-10-31,4.9,2018-09-28,4.71,2018-08-31,3.52,2018-07-31,5.27,2018-06-29,5.51,2018-05-31,7.75,2018-04-30,7.05,2018-03-30,7.9,2018-02-28,8.25,2018-01-31,9.25,2017-12-29,13.15,2017-11-30,9.4,2017-10-31,60,13,True,True,True,2017-10-31,2018-10-31,2018-11-27,0,8
NB_1089,2018-12-14,1,0,nonbankruptcy_candidate,2018,2019-12-14,True,nonbankrupt,FTK,Flotek Industries Inc. Common Stock,FTK US Equity,Energy,Oil & Gas Services & Equip,NB_1089@2018-12-14,2018-09-15,2017-12-31,34.897,-4.197,4.584,137.924,64.63,9.768,-10.32,-0.552,12.25,2.168,32.46,0.0,-27.395,16.447,243.106,265.258,27.95,329.888,27.95,64.63,73.294,21,348,348,8.34,2018-11-30,14,79.2823,2018-11-30,14,9.50629,2018-11-30,14,52816790.0,2018-11-30,14,5236396.0,2018-11-30,14,2018-11-30,14,5,14,8.34,2018-11-30,10.86,2018-10-31,14.4,2018-09-28,14.94,2018-08-31,18.6,2018-07-31,19.38,2018-06-29,18.78,2018-05-31,21.42,2018-04-30,36.5999,2018-03-30,35.6999,2018-02-28,32.9999,2018-01-31,27.9599,2017-12-29,28.3199,2017-11-30,283,13,True,True,True,2017-11-30,2018-11-30,2018-12-14,0,8
NB_1912,2018-12-14,1,0,nonbankruptcy_candidate,2018,2019-12-14,True,nonbankrupt,NRT,North European Oil Royality Trust Common Stock,NRT US Equity,Energy,Oil & Gas Supply Chain,NB_1912@2018-12-14,2018-09-15,2017-10-31,0.0,,2.126,2.126,2.0219,,7.0221,,,,0.0,0.0,7.0264,,7.7622,,0.0,2.126,0.0,2.0219,0.1041,14,409,409,6.48,2018-11-30,14,59.555,2018-11-30,14,9.19059,2018-11-30,14,2222165.0,2018-11-30,14,326715.0,2018-11-30,14,2018-11-30,14,5,14,6.48,2018-11-30,7.19,2018-10-31,7.72,2018-09-28,8.1,2018-08-31,8.02,2018-07-31,8.09,2018-06-29,8.63,2018-05-31,8.72,2018-04-30,8.2761,2018-03-30,8.25,2018-02-28,8.56,2018-01-31,6.96,2017-12-29,6.9199,2017-11-30,306,13,True,True,True,2017-11-30,2018-11-30,2018-12-14,0,8
NB_468,2018-12-14,1,0,nonbankruptcy_candidate,2018,2019-12-14,True,nonbankrupt,BXC,Bluelinx Holdings Inc. Common Stock,BXC US Equity,Consumer Discretionary,Retail - Discretionary,NB_468@2018-12-14,2018-09-15,2017-12-30,134.072,-0.797,4.696,343.404,117.605,,29.988,39.02,-3.3,21.225,187.512,276.677,62.994,-2.503,1815.535,35.002,21.593,494.095,298.27,459.093,225.799,20,349,349,27.1,2018-11-30,14,251.8618,2018-11-30,14,9.29379,2018-11-30,14,122455900.0,2018-11-30,14,4929284.0,2018-11-30,14,2018-11-30,14,5,14,27.1,2018-11-30,23.55,2018-10-31,31.49,2018-09-28,35.93,2018-08-31,34.07,2018-07-31,37.53,2018-06-29,40.55,2018-05-31,40.22,2018-04-30,32.59,2018-03-30,15.12,2018-02-28,16.19,2018-01-31,9.76,2017-12-29,9.47,2017-11-30,168,13,True,True,True,2017-11-30,2018-11-30,2018-12-14,0,8
SA_69,2018-12-14,2,1,bankruptcy,2018,2019-12-14,True,bankrupt,PHIIQ,"PHI, Inc.",PHIIQ US Equity,Energy,Oil & Gas Services & Equip,SA_69@2018-12-14,2018-09-15,2017-12-31,168.153,-56.757,8.77,352.613,79.036,50.6,-22.022,46.005,-75.86,32.183,80.881,615.994,7.532,-19.103,579.545,612.654,0.0,1401.846,615.994,789.192,273.577,21,348,348,4.15,2018-11-30,14,57.6454,2018-11-30,14,2.90576,2018-11-30,14,2108191.0,2018-11-30,14,356335.0,2018-11-30,14,2018-11-30,14,5,14,4.15,2018-11-30,8.31,2018-10-31,9.0,2018-09-28,8.66,2018-08-31,9.0,2018-07-31,10.5,2018-06-29,12.6454,2018-05-31,13.749,2018-04-30,10.18,2018-03-30,10.35,2018-02-28,12.25,2018-01-31,11.6954,2017-12-29,12.7222,2017-11-30,60,13,True,True,True,2017-11-30,2018-11-30,2018-12-14,0,8
NB_87,2019-01-01,1,0,nonbankruptcy_candidate,2019,2020-01-01,True,nonbankrupt,AIMD,Ainos Inc. Common Stock,AIMD US Equity,Consumer Staples,Household Products,NB_87@2019-01-01,2018-10-03,2017-12-31,0.0,0.0,1.98,2.0845,1.823,0.04,-0.5798,-0.5398,-0.5427,0.0376,0.0227,0.0,-0.6174,-0.5427,0.2509,0.4708,0.8865,2.2938,0.8865,1.823,0.2614,21,366,366,101.249494,2018-12-31,1,10.1027,2018-12-31,1,0.09978,2018-12-31,1,35832.63,2018-12-31,1,394.0,2018-12-31,1,2018-12-31,1,5,1,101.249494,2018-12-31,78.749606,2018-11-30,191.249044,2018-10-31,128.249359,2018-09-28,112.499438,2018-08-31,112.499438,2018-07-31,104.999475,2018-06-29,77.062115,2018-05-31,93.749531,2018-04-30,74.999625,2018-03-30,93.749531,2018-02-28,104.999475,2018-01-31,104.999475,2017-12-29,269,13,True,True,True,2017-12-29,2018-12-31,2019-01-01,0,8
SA_194,2019-01-01,2,1,bankruptcy,2019,2020-01-01,True,bankrupt,TISUQ,Orchids Paper Products Company,TISUQ US Equity,Consumer Staples,Household Products,SA_194@2019-01-01,2018-10-03,2017-12-31,11.825,-49.188,3.823,39.393,187.88,13.744,-3.917,11.302,-35.742,4.98,20.563,0.033,6.674,13.446,162.484,141.787,169.22,346.535,169.253,204.748,-148.487,21,366,366,0.94,2018-12-31,1,10.0301,2018-12-31,1,10.67035,2018-12-31,1,4499043.0,2018-12-31,1,3749104.0,2018-12-31,1,2018-12-31,1,5,1,0.94,2018-12-31,1.69,2018-11-30,1.56,2018-10-31,3.3,2018-09-28,3.67,2018-08-31,5.03,2018-07-31,3.98,2018-06-29,3.98,2018-05-31,6.11,2018-04-30,8.15,2018-03-30,10.7,2018-02-28,15.06,2018-01-31,12.8,2017-12-29,60,13,True,True,True,2017-12-29,2018-12-31,2019-01-01,0,8
NB_1814,2019-01-14,1,0,nonbankruptcy_candidate,2019,2020-01-14,True,nonbankrupt,MTR,Mesa Royalty Trust Common Stock,MTR US Equity,Energy,Oil & Gas Supply Chain,NB_1814@2019-01-14,2018-10-16,2017-12-31,0.0,,,1.8016,0.6819,,2.928,,,0.0,0.0,0.0,2.9382,,3.0288,,0.0,3.7799,0.0,0.6819,1.1197,14,379,379,10.85,2018-12-31,14,20.22,2018-12-31,14,1.86359,2018-12-31,14,2055529.0,2018-12-31,14,171040.0,2018-12-31,14,2018-12-31,14,5,14,10.85,2018-12-31,13.1752,2018-11-30,13.23,2018-10-31,14.31,2018-09-28,14.45,2018-08-31,14.15,2018-07-31,14.35,2018-06-29,15.2,2018-05-31,15.25,2018-04-30,15.031,2018-03-30,15.25,2018-02-28,15.6,2018-01-31,18.45,2017-12-29,307,13,True,True,True,2017-12-29,2018-12-31,2019-01-14,0,8
NB_3004,2019-01-14,1,0,nonbankruptcy_candidate,2019,2020-01-14,True,nonbankrupt,XPL,Solitario Resources Corp. Common Stock,XPL US Equity,Materials,Metals & Mining,NB_3004@2019-01-14,2018-10-16,2017-12-31,0.0,-0.002,0.214,14.613,0.141,,-1.643,-1.63,-1.66,,0.0,0.0,-0.942,-1.658,0.0,30.129,0.0,30.395,0.0,0.266,14.472,19,379,379,0.2323,2018-12-31,14,13.5275,2018-12-31,14,58.23287,2018-12-31,14,349844.0,2018-12-31,14,1377398.0,2018-12-31,14,2018-12-31,14,5,14,0.2323,2018-12-31,0.3039,2018-11-30,0.31,2018-10-31,0.3504,2018-09-28,0.3782,2018-08-31,0.39,2018-07-31,0.4305,2018-06-29,0.422,2018-05-31,0.4,2018-04-30,0.4656,2018-03-30,0.53,2018-02-28,0.59,2018-01-31,0.6026,2017-12-29,250,13,True,True,True,2017-12-29,2018-12-31,2019-01-14,0,8
SA_227,2019-01-14,2,1,bankruptcy,2019,2020-01-14,True,bankrupt,JONEQ,"Jones Energy, Inc.",JONEQ US Equity,Energy,Oil & Gas Supply Chain,SA_227@2019-01-14,2018-10-16,2017-12-31,34.492,-245.95,19.472,104.701,166.487,,-149.955,17.269,-186.942,51.651,0.0,759.316,-101.492,59.008,255.424,586.136,0.0,1710.063,759.316,1034.388,-61.786,20,379,379,0.3401,2018-12-31,14,1.7492,2018-12-31,14,4.97104,2018-12-31,14,1455550.0,2018-12-31,14,2286086.0,2018-12-31,14,2018-12-31,14,5,14,0.3401,2018-12-31,1.02,2018-11-30,3.19,2018-10-31,6.0,2018-09-28,6.6,2018-08-31,6.4,2018-07-31,7.43,2018-06-29,10.594,2018-05-31,13.178,2018-04-30,16.0,2018-03-30,18.4,2018-02-28,23.4,2018-01-31,22.0,2017-12-29,60,13,True,True,True,2017-12-29,2018-12-31,2019-01-14,0,8
SA_50,2019-02-09,2,1,bankruptcy,2019,2020-02-09,True,bankrupt,CLDPQ,Cloud Peak Energy Inc.,CLDPQ US Equity,Materials,Metals & Mining,SA_50@2019-02-09,2018-11-11,2017-12-31,50.075,-13.097,107.948,270.034,119.412,72.27,4.94,77.21,38.939,41.362,72.904,407.771,-6.639,52.036,887.706,1007.809,2.435,1698.701,410.206,690.892,150.622,21,405,405,0.3731,2019-01-31,9,28.2728,2019-01-31,9,75.77819,2019-01-31,9,43302110.0,2019-01-31,9,121845280.0,2019-01-31,9,2019-01-31,9,5,9,0.3731,2019-01-31,0.3663,2018-12-31,0.8375,2018-11-30,1.71,2018-10-31,2.3,2018-09-28,2.36,2018-08-31,2.61,2018-07-31,3.49,2018-06-29,3.62,2018-05-31,3.19,2018-04-30,2.91,2018-03-30,3.29,2018-02-28,5.0,2018-01-31,60,13,True,True,True,2018-01-31,2019-01-31,2019-02-08,1,8
NB_2097,2019-02-10,1,0,nonbankruptcy_candidate,2019,2020-02-10,True,nonbankrupt,PED,Pedevco Corp. Common Stock,PED US Equity,Energy,Oil & Gas Supply Chain,NB_2097@2019-02-10,2018-11-12,2017-12-31,0.301,0.0,0.917,1.394,3.372,3.62,-23.572,-19.818,-0.236,12.798,0.0,66.497,-36.37,-0.236,3.015,-37.14,0.588,36.401,67.085,73.541,-1.978,21,406,406,29.4,2019-01-31,10,22.3211,2019-01-31,10,0.75922,2019-01-31,10,13392860.0,2019-01-31,10,431559.0,2019-01-31,10,2019-01-31,10,5,10,29.4,2019-01-31,15.146,2018-12-31,29.4,2018-11-30,35.2,2018-10-31,44.2,2018-09-28,47.4,2018-08-31,47.0,2018-07-31,45.4,2018-06-29,6.112,2018-05-31,6.34,2018-04-30,6.002,2018-03-30,5.7,2018-02-28,6.476,2018-01-31,189,13,True,True,True,2018-01-31,2019-01-31,2019-02-08,2,8
NB_681,2019-02-10,1,0,nonbankruptcy_candidate,2019,2020-02-10,True,nonbankrupt,CRGY,Crescent Energy Company Class A Common Stock,CRGY US Equity,Energy,Oil & Gas Supply Chain,NB_681@2019-02-10,2018-11-12,2017-12-31,8.558,-66.613,0.0,15.773,50.537,,-22.394,24.821,-31.927,4.1,0.0,85.38,-17.643,34.686,79.666,224.6,0.0,381.453,85.38,156.853,-34.764,20,406,406,18.9,2019-01-31,10,124.9813,2019-01-31,10,6.61277,2019-01-31,10,8976458.0,2019-01-31,10,481615.0,2019-01-31,10,2019-01-31,10,5,10,18.9,2019-01-31,16.25,2018-12-31,20.25,2018-11-30,25.25,2018-10-31,30.9,2018-09-28,34.15,2018-08-31,28.05,2018-07-31,28.4,2018-06-29,22.5,2018-05-31,18.65,2018-04-30,17.75,2018-03-30,14.5,2018-02-28,20.5,2018-01-31,245,13,True,True,True,2018-01-31,2019-01-31,2019-02-08,2,8
SA_193,2019-02-10,2,1,bankruptcy,2019,2020-02-10,True,bankrupt,BRSWQ,Bristow Group Inc.,BRSWQ US Equity,Energy,Oil & Gas Services & Equip,SA_193@2019-02-10,2018-11-12,2018-03-31,233.386,-46.287,380.223,834.399,1786.584,,-147.983,-23.941,-65.831,77.737,129.614,11.096,-194.684,-19.544,1433.975,1183.501,1475.438,3170.359,1486.534,1986.858,-952.185,20,316,316,3.29,2019-01-31,10,117.776,2019-01-31,10,35.79818,2019-01-31,10,79146080.0,2019-01-31,10,22300094.0,2019-01-31,10,2019-01-31,10,5,10,3.29,2019-01-31,2.43,2018-12-31,3.92,2018-11-30,11.01,2018-10-31,12.13,2018-09-28,10.96,2018-08-31,13.98,2018-07-31,14.11,2018-06-29,11.83,2018-05-31,16.05,2018-04-30,13.0,2018-03-30,14.76,2018-02-28,15.41,2018-01-31,60,13,True,True,True,2018-01-31,2019-01-31,2019-02-08,2,8
NB_1567,2019-03-20,1,0,nonbankruptcy_candidate,2019,2020-03-20,True,nonbankrupt,LEU,Centrus Energy Corp. Class A Common Stock,LEU US Equity,Materials,Metals & Mining,NB_1567@2019-03-20,2018-12-20,2017-12-31,60.2,-0.5,208.8,566.9,403.4,1.4,-44.7,-32.7,-16.6,5.3,153.1,157.5,12.2,-16.1,218.4,-218.9,6.1,675.3,163.6,894.2,163.5,21,444,444,3.11,2019-02-28,20,28.1105,2019-02-28,20,7.63267,2019-02-28,20,1479218.0,2019-02-28,20,481559.0,2019-02-28,20,2019-02-28,20,5,20,3.11,2019-02-28,2.63,2019-01-31,1.69,2018-12-31,2.8,2018-11-30,2.19,2018-10-31,2.69,2018-09-28,2.28,2018-08-31,3.09,2018-07-31,3.44,2018-06-29,3.55,2018-05-31,3.63,2018-04-30,3.55,2018-03-30,3.5634,2018-02-28,248,13,True,True,True,2018-02-28,2019-02-28,2019-03-20,0,8
NB_447,2019-03-20,1,0,nonbankruptcy_candidate,2019,2020-03-20,True,nonbankrupt,BSIN,Big Sky Industrial Inc. Common Stock,BSIN US Equity,Energy,Oil & Gas Supply Chain,NB_447@2019-03-20,2018-12-20,2017-12-31,0.687,-0.299,3.277,5.918,1.583,0.8,-0.989,-0.099,-1.191,0.513,0.0,0.937,-1.361,-0.892,6.545,10.661,0.6,15.316,1.537,4.655,4.335,21,444,444,8.141,2019-02-28,20,10.9549,2019-02-28,20,1.34565,2019-02-28,20,198552.0,2019-02-28,20,24116.0,2019-02-28,20,2019-02-28,20,5,20,8.141,2019-02-28,9.156,2019-01-31,6.7,2018-12-31,8.781,2018-11-30,9.2,2018-10-31,10.2,2018-09-28,9.33,2018-08-31,11.1,2018-07-31,13.2,2018-06-29,13.008,2018-05-31,11.2,2018-04-30,12.278,2018-03-30,12.8,2018-02-28,309,13,True,True,True,2018-02-28,2019-02-28,2019-03-20,0,8
SA_218,2019-03-20,2,1,bankruptcy,2019,2020-03-20,True,bankrupt,LGCYQ,Legacy Reserves Inc.,LGCYQ US Equity,Energy,Oil & Gas Supply Chain,SA_218@2019-03-20,2018-12-20,2017-12-31,62.755,-314.491,1.246,112.604,144.81,,42.214,169.152,-214.696,89.206,0.0,1346.769,-53.897,99.795,460.457,-271.687,0.0,1493.082,1346.769,1764.769,-32.206,20,444,444,1.2,2019-02-28,20,127.7307,2019-02-28,20,106.44228,2019-02-28,20,25784790.0,2019-02-28,20,18693209.0,2019-02-28,20,2019-02-28,20,5,20,1.2,2019-02-28,1.47,2019-01-31,1.54,2018-12-31,2.15,2018-11-30,4.21,2018-10-31,4.85,2018-09-28,5.39,2018-08-31,5.16,2018-07-31,6.9,2018-06-29,5.68,2018-05-31,5.74,2018-04-30,4.71,2018-03-30,3.61,2018-02-28,60,13,True,True,True,2018-02-28,2019-02-28,2019-03-20,0,8
NB_2324,2019-05-13,1,0,nonbankruptcy_candidate,2019,2020-05-13,True,nonbankrupt,RNGR,Ranger Energy Services Inc. Class A Common Stock,RNGR US Equity,Energy,Oil & Gas Services & Equip,NB_2324@2019-05-13,2019-02-12,2018-12-31,45.4,-75.9,2.6,61.1,58.9,,-2.1,28.2,-48.3,,4.9,44.7,-3.3,27.6,303.1,192.0,20.2,302.5,64.9,110.5,2.2,19,133,133,7.3,2019-04-30,13,115.3265,2019-04-30,13,8.932,2019-04-30,13,1582840.0,2019-04-30,13,196429.0,2019-04-30,13,2019-04-30,13,5,13,7.3,2019-04-30,7.97,2019-03-29,6.63,2019-02-28,8.15,2019-01-31,5.17,2018-12-31,7.54,2018-11-30,6.5,2018-10-31,8.38,2018-09-28,8.35,2018-08-31,9.65,2018-07-31,9.17,2018-06-29,9.8,2018-05-31,8.25,2018-04-30,21,13,True,True,True,2018-04-30,2019-04-30,2019-05-13,0,8
NB_438,2019-05-13,1,0,nonbankruptcy_candidate,2019,2020-05-13,True,nonbankrupt,BRN,Barnwell Industries Inc. Common Stock,BRN US Equity,Energy,Oil & Gas Supply Chain,NB_438@2019-05-13,2019-02-12,2018-09-30,1.965,-0.75,5.965,12.082,3.629,,-2.235,-1.124,-5.841,0.007,0.0,0.0,-1.77,-5.091,9.368,16.239,0.0,31.378,0.0,15.139,8.453,20,225,225,1.3306,2019-04-30,13,11.0136,2019-04-30,13,8.27716,2019-04-30,13,447174.0,2019-04-30,13,328640.0,2019-04-30,13,2019-04-30,13,5,13,1.3306,2019-04-30,1.48,2019-03-29,1.32,2019-02-28,1.4104,2019-01-31,1.33,2018-12-31,1.61,2018-11-30,1.65,2018-10-31,1.78,2018-09-28,1.95,2018-08-31,2.04,2018-07-31,2.1,2018-06-29,1.63,2018-05-31,1.88,2018-04-30,311,13,True,True,True,2018-04-30,2019-04-30,2019-05-13,0,8
NB_967,2019-05-13,1,0,nonbankruptcy_candidate,2019,2020-05-13,True,nonbankrupt,EU,enCore Energy Corp. Common Shares,EU US Equity,Materials,Metals & Mining,NB_967@2019-05-13,2019-02-12,2018-12-31,0.0,-0.3626,0.9256,0.9427,0.3034,0.0,-0.4265,-0.4265,-0.6073,0.0,0.0,0.0,-0.4028,-0.2447,0.0,6.0489,0.0,6.3523,0.0,0.3034,0.6393,21,133,133,0.307,2019-04-30,13,12.9476,2019-04-30,13,40.60064,2019-04-30,13,462161.2,2019-04-30,13,1237898.0,2019-04-30,13,2019-04-30,13,5,13,0.307,2019-04-30,0.346277,2019-03-29,0.32635,2019-02-28,0.259925,2019-01-31,0.252705,2018-12-31,0.259925,2018-11-30,0.265701,2018-10-31,0.277253,2018-09-28,0.268589,2018-08-31,0.153067,2018-07-31,0.11841,2018-06-29,0.092418,2018-05-31,0.121298,2018-04-30,89,13,True,True,True,2018-04-30,2019-04-30,2019-05-13,0,8
SA_241,2019-05-13,2,1,bankruptcy,2019,2020-05-13,True,bankrupt,SNECQ,Sanchez Energy Corporation,SNECQ US Equity,Energy,Oil & Gas Supply Chain,SA_241@2019-05-13,2019-02-12,2018-12-31,0.0,-617.248,197.613,372.981,348.299,,189.736,452.217,-351.274,177.858,0.0,2395.408,85.205,265.974,953.709,-444.523,0.304,2819.96,2395.712,2811.655,24.682,20,133,133,0.115,2019-04-30,13,11.0246,2019-04-30,13,95.86612,2019-04-30,13,1347385.0,2019-04-30,13,8992352.0,2019-04-30,13,2019-04-30,13,5,13,0.115,2019-04-30,0.199,2019-03-29,0.21825,2019-02-28,0.262,2019-01-31,0.27,2018-12-31,0.7001,2018-11-30,1.66,2018-10-31,2.3,2018-09-28,2.63,2018-08-31,4.45,2018-07-31,4.52,2018-06-29,3.94,2018-05-31,3.07,2018-04-30,60,13,True,True,True,2018-04-30,2019-04-30,2019-05-13,0,8
NB_1025,2019-07-05,1,0,nonbankruptcy_candidate,2019,2020-07-05,True,nonbankrupt,FET,Forum Energy Technologies Inc. Common Stock,FET US Equity,Energy,Oil & Gas Services & Equip,NB_1025@2019-07-05,2019-04-06,2018-12-31,206.055,-24.043,47.241,766.017,236.93,33.148,-396.998,-322.49,-21.636,32.532,479.023,517.544,-374.08,2.407,1064.219,1030.126,1.167,1829.652,518.711,799.526,529.087,21,186,186,68.4,2019-06-28,7,375.8937,2019-06-28,7,5.49552,2019-06-28,7,69610270.0,2019-06-28,7,992770.0,2019-06-28,7,2019-06-28,7,5,7,68.4,2019-06-28,76.4,2019-05-31,119.6,2019-04-30,102.2,2019-03-29,116.6,2019-02-28,98.2,2019-01-31,82.6,2018-12-31,133.8,2018-11-30,179.2,2018-10-31,207.0,2018-09-28,239.0,2018-08-31,263.0,2018-07-31,247.0,2018-06-29,87,13,True,True,True,2018-06-29,2019-06-28,2019-07-05,0,8
NB_2180,2019-07-05,1,0,nonbankruptcy_candidate,2019,2020-07-05,True,nonbankrupt,PROP,Prairie Operating Co. Common Stock,PROP US Equity,Energy,Oil & Gas Supply Chain,NB_2180@2019-07-05,2019-04-06,2018-12-31,0.1244,-0.0114,1.0147,2.117,7.141,0.08,-0.941,-0.861,-0.7549,1.6774,0.0,0.0,-2.6154,-0.7435,13.9016,-4.9148,2.495,2.2262,2.495,7.141,-5.024,21,186,186,114.285714,2019-06-28,7,14.027,2019-06-28,7,0.12274,2019-06-28,7,21328.51,2019-06-28,7,202.0,2019-06-28,7,2019-06-28,7,5,7,114.285714,2019-06-28,114.285714,2019-05-31,68.571429,2019-04-30,65.714286,2019-03-29,85.714286,2019-02-28,74.285714,2019-01-31,110.285714,2018-12-31,78.857143,2018-11-30,85.657143,2018-10-31,91.428571,2018-09-28,97.142857,2018-08-31,141.542857,2018-07-31,153.714286,2018-06-29,94,13,True,True,True,2018-06-29,2019-06-28,2019-07-05,0,8
SA_104,2019-07-05,2,1,bankruptcy,2019,2020-07-05,True,bankrupt,EPEGQ,EP Energy Corporation (EP Energy LLC),EPEGQ US Equity,Energy,Oil & Gas Supply Chain,SA_104@2019-07-05,2019-04-06,2018-12-31,230.0,-690.0,27.0,385.0,440.0,,-715.0,-208.0,-268.0,365.0,22.0,4285.0,-1003.0,422.0,1215.0,-599.0,58.0,4181.0,4343.0,4780.0,-55.0,20,186,186,0.08,2019-06-28,7,20.4686,2019-06-28,7,255.62029,2019-06-28,7,949355.3,2019-06-28,7,12522325.0,2019-06-28,7,2019-06-28,7,5,7,0.08,2019-06-28,0.077,2019-05-31,0.2844,2019-04-30,0.26,2019-03-29,0.5351,2019-02-28,0.6894,2019-01-31,0.7,2018-12-31,1.1,2018-11-30,1.8,2018-10-31,2.34,2018-09-28,1.75,2018-08-31,2.15,2018-07-31,3.0,2018-06-29,60,13,True,True,True,2018-06-29,2019-06-28,2019-07-05,0,8
NB_904,2019-08-20,1,0,nonbankruptcy_candidate,2019,2020-08-20,True,nonbankrupt,ELA,Envela Corporation Common Stock,ELA US Equity,Consumer Discretionary,Retail - Discretionary,NB_904@2019-08-20,2019-05-22,2018-12-31,0.0943,-0.1251,1.4539,11.3945,4.6046,0.2511,0.6514,0.9382,0.2501,0.1495,9.7651,0.0,0.6577,0.3752,54.0563,8.4135,0.0,13.0181,0.0,4.6046,6.7898,21,232,232,0.808,2019-07-31,20,21.7549,2019-07-31,20,26.92438,2019-07-31,20,783140.7,2019-07-31,20,704754.0,2019-07-31,20,2019-07-31,20,5,20,0.808,2019-07-31,1.3,2019-06-28,0.72,2019-05-31,0.4426,2019-04-30,0.428,2019-03-29,0.4499,2019-02-28,0.4223,2019-01-31,0.4599,2018-12-31,0.4807,2018-11-30,0.517,2018-10-31,0.6399,2018-09-28,0.6694,2018-08-31,0.7162,2018-07-31,308,13,True,True,True,2018-07-31,2019-07-31,2019-08-20,0,8
SA_2,2019-08-20,2,1,bankruptcy,2019,2020-08-20,True,bankrupt,AREXQ,Approach Resources Inc.,AREXQ US Equity,Energy,Oil & Gas Supply Chain,SA_2@2019-08-20,2019-05-22,2018-12-31,6.71,-46.767,0.022,16.225,21.077,0.262,-5.841,55.591,-12.023,25.117,0.0,384.993,-19.911,34.744,106.985,589.245,0.0,1084.647,384.993,495.402,-4.852,21,232,232,0.2699,2019-07-31,20,25.2889,2019-07-31,20,93.69722,2019-07-31,20,4063205.0,2019-07-31,20,13491214.0,2019-07-31,20,2019-07-31,20,5,20,0.2699,2019-07-31,0.29,2019-06-28,0.2138,2019-05-31,0.3418,2019-04-30,0.3537,2019-03-29,0.9383,2019-02-28,0.9633,2019-01-31,0.872,2018-12-31,1.32,2018-11-30,1.67,2018-10-31,2.23,2018-09-28,2.16,2018-08-31,2.3,2018-07-31,60,13,True,True,True,2018-07-31,2019-07-31,2019-08-20,0,8
NB_1487,2019-10-23,1,0,nonbankruptcy_candidate,2019,2020-10-23,True,nonbankrupt,KGEI,Kolibri Global Energy Inc. Common stock,KGEI US Equity,Energy,Oil & Gas Supply Chain,NB_1487@2019-10-23,2019-07-25,2018-12-31,2.965,-19.621,1.456,5.437,7.83,7.908,7.363,15.271,-7.844,1.976,0.0,29.551,5.32,11.777,23.854,126.042,0.0,164.559,29.551,38.517,-2.393,21,296,296,1.014848,2019-09-30,23,25.6448,2019-09-30,23,25.26958,2019-09-30,23,21951.88,2019-09-30,23,19397.0,2019-09-30,23,2019-09-30,23,5,23,1.014848,2019-09-30,1.127301,2019-08-30,1.494158,2019-07-31,1.549463,2019-06-28,1.668369,2019-05-31,1.751327,2019-04-30,1.881294,2019-03-29,1.815849,2019-02-28,1.876685,2019-01-31,2.120027,2018-12-31,2.350465,2018-11-30,2.628834,2018-10-31,2.902594,2018-09-28,134,13,True,True,True,2018-09-28,2019-09-30,2019-10-23,0,8
NB_2505,2019-10-23,1,0,nonbankruptcy_candidate,2019,2020-10-23,True,nonbankrupt,SND,Smart Sand Inc. Common Stock,SND US Equity,Energy,Oil & Gas Services & Equip,NB_2505@2019-10-23,2019-07-25,2018-12-31,18.989,-96.09,1.466,50.096,24.652,17.117,25.879,44.04,-45.181,2.266,18.575,47.893,18.688,50.909,212.47,209.36,0.829,320.292,48.722,110.932,25.444,21,296,296,2.83,2019-09-30,23,116.9325,2019-09-30,23,41.31889,2019-09-30,23,21718410.0,2019-09-30,23,7810205.0,2019-09-30,23,2019-09-30,23,5,23,2.83,2019-09-30,2.37,2019-08-30,2.35,2019-07-31,2.44,2019-06-28,3.33,2019-05-31,3.93,2019-04-30,4.45,2019-03-29,2.99,2019-02-28,2.54,2019-01-31,2.22,2018-12-31,3.26,2018-11-30,2.77,2018-10-31,4.11,2018-09-28,35,13,True,True,True,2018-09-28,2019-09-30,2019-10-23,0,8
SA_119,2019-10-23,2,1,bankruptcy,2019,2020-10-23,True,bankrupt,MDRIQ,"McDermott International, Inc.",MDRIQ US Equity,Energy,Oil & Gas Services & Equip,SA_119@2019-10-23,2019-07-25,2018-12-31,932.0,-86.0,520.0,3033.0,4217.0,115.0,-2256.0,-1977.0,-157.0,,101.0,3459.0,-2687.0,-71.0,6705.0,823.0,38.0,9440.0,3497.0,8387.0,-1184.0,20,296,296,2.02,2019-09-30,23,367.0932,2019-09-30,23,181.72932,2019-09-30,23,1744891000.0,2019-09-30,23,643317420.0,2019-09-30,23,2019-09-30,23,5,23,2.02,2019-09-30,4.72,2019-08-30,6.42,2019-07-31,9.66,2019-06-28,6.04,2019-05-31,8.09,2019-04-30,7.44,2019-03-29,8.48,2019-02-28,8.82,2019-01-31,6.54,2018-12-31,8.71,2018-11-30,7.73,2018-10-31,18.43,2018-09-28,60,13,True,True,True,2018-09-28,2019-09-30,2019-10-23,0,8
NB_2482,2019-11-19,1,0,nonbankruptcy_candidate,2019,2020-11-19,True,nonbankrupt,SLSN,Solesence Inc. Common Stock,SLSN US Equity,Consumer Staples,Household Products,NB_2482@2019-11-19,2019-08-21,2018-12-31,0.829,-0.16,1.345,4.689,3.637,0.305,-2.023,-1.701,-1.502,0.058,2.242,1.006,-2.081,-1.342,14.193,1.384,1.05,6.569,2.056,5.185,1.052,21,323,323,0.32,2019-10-31,19,12.1923,2019-10-31,19,38.10079,2019-10-31,19,36722.16,2019-10-31,19,116011.0,2019-10-31,19,2019-10-31,19,5,19,0.32,2019-10-31,0.46132,2019-09-30,0.42,2019-08-30,0.5,2019-07-31,0.52005,2019-06-28,0.4901,2019-05-31,0.6,2019-04-30,0.5,2019-03-29,0.735,2019-02-28,0.79,2019-01-31,0.73,2018-12-31,0.83,2018-11-30,0.83,2018-10-31,264,13,True,True,True,2018-10-31,2019-10-31,2019-11-19,0,8
NB_438,2019-11-19,1,0,nonbankruptcy_candidate,2019,2020-11-19,True,nonbankrupt,BRN,Barnwell Industries Inc. Common Stock,BRN US Equity,Energy,Oil & Gas Supply Chain,NB_438@2019-11-19,2019-08-21,2018-09-30,1.965,-0.75,5.965,12.082,3.629,,-2.235,-1.124,-5.841,0.007,0.0,0.0,-1.77,-5.091,9.368,16.239,0.0,31.378,0.0,15.139,8.453,20,415,415,0.3798,2019-10-31,19,3.1437,2019-10-31,19,8.27716,2019-10-31,19,1072018.0,2019-10-31,19,2177395.0,2019-10-31,19,2019-10-31,19,5,19,0.3798,2019-10-31,0.5221,2019-09-30,0.73,2019-08-30,1.01,2019-07-31,1.13,2019-06-28,1.308,2019-05-31,1.3306,2019-04-30,1.48,2019-03-29,1.32,2019-02-28,1.4104,2019-01-31,1.33,2018-12-31,1.61,2018-11-30,1.65,2018-10-31,317,13,True,True,True,2018-10-31,2019-10-31,2019-11-19,0,8
SA_252,2019-11-19,2,1,bankruptcy,2019,2020-11-19,True,bankrupt,PIRRQ,"Pier 1 Imports, Inc.",PIRRQ US Equity,Consumer Discretionary,Retail - Discretionary,SA_252@2019-11-19,2019-08-21,2019-03-02,21.189,-36.444,54.878,473.527,269.465,51.529,-188.085,-128.562,-135.242,15.294,347.584,245.624,-198.833,-98.798,1552.938,89.529,2.0,656.29,247.624,566.761,204.062,21,262,262,5.63,2019-10-31,19,24.0743,2019-10-31,19,4.27608,2019-10-31,19,36307720.0,2019-10-31,19,4685001.0,2019-10-31,19,2019-10-31,19,5,19,5.63,2019-10-31,9.72,2019-09-30,4.38,2019-08-30,3.85,2019-07-31,7.53,2019-06-28,11.596,2019-05-31,18.138,2019-04-30,15.27,2019-03-29,27.0,2019-02-28,16.314,2019-01-31,6.116,2018-12-31,28.8,2018-11-30,31.8,2018-10-31,60,13,True,True,True,2018-10-31,2019-10-31,2019-11-19,0,8
NB_2265,2019-12-11,1,0,nonbankruptcy_candidate,2019,2020-12-11,True,nonbankrupt,RDNW,RideNow Group Inc. Class B Common Stock,RDNW US Equity,Consumer Discretionary,Retail - Discretionary,NB_2265@2019-12-11,2019-09-12,2018-12-31,8.4658,-2.1691,9.1349,77.5392,69.316,,-23.4011,-22.4171,-25.6219,1.7807,52.1915,8.7929,-25.1818,-23.4528,156.3982,30.8175,58.555,108.9264,67.3479,78.1089,8.2232,20,345,345,23.9073,2019-11-29,12,28.8097,2019-11-29,12,1.15319,2019-11-29,12,5017119.0,2019-11-29,12,194835.0,2019-11-29,12,2019-11-29,12,5,12,23.9073,2019-11-29,53.7915,2019-10-31,55.7195,2019-09-30,70.3724,2019-08-30,90.0381,2019-07-31,86.3748,2019-06-28,85.0252,2019-05-31,94.2797,2019-04-30,95.2437,2019-03-29,97.7501,2019-02-28,123.5854,2019-01-31,103.7269,2018-12-31,123.3926,2018-11-30,36,13,True,True,True,2018-11-30,2019-11-29,2019-12-11,0,8
NB_2271,2019-12-11,1,0,nonbankruptcy_candidate,2019,2020-12-11,True,nonbankrupt,REI,Ring Energy Inc. Common Stock,REI US Equity,Energy,Oil & Gas Supply Chain,NB_2271@2019-12-11,2019-09-12,2018-12-31,12.6435,-203.5269,3.3637,16.8443,51.9104,0.214,8.8072,47.8321,-133.1695,0.4279,0.0,39.5,8.9998,70.3573,108.9117,81.8211,0.0,567.0657,39.5,104.4662,-35.0662,21,345,345,1.92,2019-11-29,12,130.1983,2019-11-29,12,67.81161,2019-11-29,12,43459440.0,2019-11-29,12,21087000.0,2019-11-29,12,2019-11-29,12,5,12,1.92,2019-11-29,1.66,2019-10-31,1.64,2019-09-30,1.46,2019-08-30,2.45,2019-07-31,3.25,2019-06-28,3.54,2019-05-31,5.18,2019-04-30,5.87,2019-03-29,6.17,2019-02-28,5.88,2019-01-31,5.08,2018-12-31,6.99,2018-11-30,130,13,True,True,True,2018-11-30,2019-11-29,2019-12-11,0,8
NB_2771,2019-12-11,1,0,nonbankruptcy_candidate,2019,2020-12-11,True,nonbankrupt,UAMY,United States Antimony Corporation Common Stock,UAMY US Equity,Materials,Metals & Mining,NB_2771@2019-12-11,2019-09-12,2018-12-31,0.8384,-0.8991,0.0567,1.9033,3.5176,0.3095,0.547,1.4519,-1.5558,0.1,0.7553,1.0277,0.8732,-0.6566,9.0344,11.4248,0.8894,17.5571,1.9171,6.1323,-1.6144,21,345,345,0.412,2019-11-29,12,28.7005,2019-11-29,12,69.66144,2019-11-29,12,273063.6,2019-11-29,12,592441.0,2019-11-29,12,2019-11-29,12,5,12,0.412,2019-11-29,0.5,2019-10-31,0.5591,2019-09-30,0.665,2019-08-30,0.725,2019-07-31,0.56,2019-06-28,0.566,2019-05-31,0.5264,2019-04-30,0.47,2019-03-29,0.53,2019-02-28,0.665,2019-01-31,0.58,2018-12-31,0.7131,2018-11-30,308,13,True,True,True,2018-11-30,2019-11-29,2019-12-11,0,8
NB_936,2019-12-11,1,0,nonbankruptcy_candidate,2019,2020-12-11,True,nonbankrupt,EP,Empire Petroleum Corporation Common Stock,EP US Equity,Energy,Oil & Gas Supply Chain,NB_936@2019-12-11,2019-09-12,2018-12-31,0.1246,-0.9166,0.0846,0.3675,0.741,0.0155,-0.9159,-0.9004,-1.4815,0.1012,0.0,1.1758,-1.0171,-0.5649,0.4655,-0.1502,0.2792,1.9973,1.455,2.1475,-0.3735,21,345,345,0.673221,2019-11-29,12,3.3774,2019-11-29,12,5.01683,2019-11-29,12,2481.69,2019-11-29,12,3820.0,2019-11-29,12,2019-11-29,12,5,12,0.673221,2019-11-29,0.748463,2019-10-31,0.792024,2019-09-30,1.188037,2019-08-30,1.089033,2019-07-31,1.100914,2019-06-28,0.831626,2019-05-31,1.188037,2019-04-30,0.792024,2019-03-29,0.554417,2019-02-28,0.396012,2019-01-31,0.712822,2018-12-31,0.99003,2018-11-30,305,13,True,True,True,2018-11-30,2019-11-29,2019-12-11,0,8
SA_214,2019-12-11,2,1,bankruptcy,2019,2020-12-11,True,bankrupt,FELPQ,Foresight Energy LP,FELPQ US Equity,Materials,Metals & Mining,SA_214@2019-12-11,2019-09-12,2018-12-31,27.521,-84.147,0.269,171.184,284.981,,84.523,297.163,49.22,,56.524,1194.394,-61.613,133.367,1104.991,596.715,53.709,2388.173,1248.103,1791.458,-113.797,19,345,345,0.089,2019-11-29,12,12.9897,2019-11-29,12,80.99677,2019-11-29,12,3577605.0,2019-11-29,12,50713387.0,2019-11-29,12,2019-11-29,12,5,12,0.089,2019-11-29,0.1874,2019-10-31,0.3083,2019-09-30,0.3965,2019-08-30,0.44,2019-07-31,0.704,2019-06-28,0.86,2019-05-31,1.45,2019-04-30,2.6121,2019-03-29,2.98,2019-02-28,3.3,2019-01-31,3.5,2018-12-31,3.74,2018-11-30,60,13,True,True,True,2018-11-30,2019-11-29,2019-12-11,0,8
NB_1551,2020-01-08,1,0,nonbankruptcy_candidate,2020,2021-01-08,True,nonbankrupt,LBRT,Liberty Energy Inc. Class A common stock,LBRT US Equity,Energy,Oil & Gas Services & Equip,NB_1551@2020-01-08,2019-10-10,2018-12-31,153.589,-258.835,103.312,461.221,219.736,124.9,306.563,431.673,92.423,17.145,60.024,106.139,126.349,351.258,2155.136,740.814,0.385,1116.501,106.524,375.687,241.485,21,373,373,11.12,2019-12-31,8,1251.2707,2019-12-31,8,75.86842,2019-12-31,8,191249500.0,2019-12-31,8,18431745.0,2019-12-31,8,2019-12-31,8,5,8,11.12,2019-12-31,8.84,2019-11-29,9.21,2019-10-31,10.83,2019-09-30,10.77,2019-08-30,14.15,2019-07-31,16.18,2019-06-28,12.75,2019-05-31,14.91,2019-04-30,15.39,2019-03-29,16.38,2019-02-28,15.21,2019-01-31,12.95,2018-12-31,24,13,True,True,True,2018-12-31,2019-12-31,2020-01-08,0,8
SA_262,2020-01-08,2,1,bankruptcy,2020,2021-01-08,True,bankrupt,QHCCQ,Quorum Health Corporation,QHCCQ US Equity,Health Care,Health Care Facilities & Svcs,SA_262@2020-01-08,2019-10-10,2018-12-31,322.608,-45.882,3.203,490.988,321.734,49.3,-70.951,-2.957,-6.378,128.13,45.646,1191.777,-200.248,39.504,1878.589,-72.652,1.697,1574.094,1193.474,1646.746,169.254,21,373,373,0.9561,2019-12-31,8,31.471,2019-12-31,8,32.91602,2019-12-31,8,8119793.0,2019-12-31,8,9321599.0,2019-12-31,8,2019-12-31,8,5,8,0.9561,2019-12-31,0.5908,2019-11-29,1.11,2019-10-31,1.21,2019-09-30,1.01,2019-08-30,1.66,2019-07-31,1.39,2019-06-28,1.76,2019-05-31,2.05,2019-04-30,1.4,2019-03-29,2.79,2019-02-28,2.93,2019-01-31,2.89,2018-12-31,45,13,True,True,True,2018-12-31,2019-12-31,2020-01-08,0,8
NB_1548,2020-02-18,1,0,nonbankruptcy_candidate,2020,2021-02-18,True,nonbankrupt,LAKE,Lakeland Industries Inc. Common Stock,LAKE US Equity,Consumer Discretionary,Apparel & Textile Products,NB_1548@2020-02-18,2019-11-20,2019-01-31,16.477,-3.103,12.831,75.47,10.334,0.9655,3.565,4.53,-1.318,0.125,42.365,1.161,1.459,1.785,99.011,83.228,0.158,94.723,1.319,11.495,65.136,21,383,383,13.94,2020-01-31,18,111.6152,2020-01-31,18,8.00683,2020-01-31,18,164450100.0,2020-01-31,18,11564770.0,2020-01-31,18,2020-01-31,18,5,18,13.94,2020-01-31,10.8,2019-12-31,10.35,2019-11-29,11.05,2019-10-31,12.12,2019-09-30,10.4384,2019-08-30,10.73,2019-07-31,11.2,2019-06-28,12.2,2019-05-31,12.69,2019-04-30,11.74,2019-03-29,11.07,2019-02-28,11.12,2019-01-31,320,13,True,True,True,2019-01-31,2020-01-31,2020-02-18,0,8
NB_1630,2020-02-18,1,0,nonbankruptcy_candidate,2020,2021-02-18,True,nonbankrupt,LSTA,Lisata Therapeutics Inc. Common Stock,LSTA US Equity,Health Care,Health Care Facilities & Svcs,NB_1630@2020-02-18,2019-11-20,2018-12-31,,-0.134,10.299,44.106,5.619,0.225,-16.987,-16.762,-20.12,0.005,0.0,0.0,-16.167,-19.986,0.0,37.454,0.0,44.58,0.0,7.126,38.487,20,414,414,43.6498,2020-01-31,18,30.2638,2020-01-31,18,0.69333,2020-01-31,18,2227276.0,2020-01-31,18,48681.0,2020-01-31,18,2020-01-31,18,5,18,43.6498,2020-01-31,37.6498,2019-12-31,41.9998,2019-11-29,32.2498,2019-10-31,38.8498,2019-09-30,34.7998,2019-08-30,42.2998,2019-07-31,34.1998,2019-06-28,43.6498,2019-05-31,45.7483,2019-04-30,54.2997,2019-03-29,58.7997,2019-02-28,73.0496,2019-01-31,320,13,True,True,True,2019-01-31,2020-01-31,2020-02-18,0,8
SA_198,2020-02-18,2,1,bankruptcy,2020,2021-02-18,True,bankrupt,CTRCQ,Centric Brands Inc.,CTRCQ US Equity,Consumer Discretionary,Apparel & Textile Products,SA_198@2020-02-18,2019-11-20,2018-12-31,27.91,-1.456,29.519,482.584,537.465,3.5,-91.559,-72.208,-399.073,38.327,342.952,1231.532,-123.766,-397.617,596.602,83.377,11.602,1858.955,1243.134,1775.578,-54.881,21,414,414,1.99,2020-01-31,18,117.5229,2020-01-31,18,59.05674,2020-01-31,18,1095961.0,2020-01-31,18,537371.0,2020-01-31,18,2020-01-31,18,5,18,1.99,2020-01-31,2.17,2019-12-31,3.02,2019-11-29,2.5,2019-10-31,2.51,2019-09-30,2.77,2019-08-30,2.7,2019-07-31,4.11,2019-06-28,3.52,2019-05-31,3.44,2019-04-30,4.5,2019-03-29,4.16,2019-02-28,3.81,2019-01-31,60,13,True,True,True,2019-01-31,2020-01-31,2020-02-18,0,8
NB_1989,2020-02-19,1,0,nonbankruptcy_candidate,2020,2021-02-19,True,nonbankrupt,OII,Oceaneering International Inc. Common Stock,OII US Equity,Energy,Oil & Gas Services & Equip,NB_1989@2020-02-19,2019-11-21,2018-12-31,625.086,-109.467,354.259,1244.889,494.741,,-145.482,148.108,-72.9,37.742,194.507,786.58,-212.327,36.567,1909.482,1415.298,0.0,2824.998,786.58,1409.7,750.148,20,415,415,12.41,2020-01-31,19,1227.7151,2020-01-31,19,98.9295,2020-01-31,19,380907600.0,2020-01-31,19,26437305.0,2020-01-31,19,2020-01-31,19,5,19,12.41,2020-01-31,14.91,2019-12-31,13.41,2019-11-29,14.16,2019-10-31,13.55,2019-09-30,12.96,2019-08-30,15.45,2019-07-31,20.39,2019-06-28,16.4,2019-05-31,19.2,2019-04-30,15.77,2019-03-29,15.45,2019-02-28,15.69,2019-01-31,320,13,True,True,True,2019-01-31,2020-01-31,2020-02-19,0,8
SA_56,2020-02-19,2,1,bankruptcy,2020,2021-02-19,True,bankrupt,HOSSQ,"Hornbeck Offshore Services, Inc.",HOS US Equity,Energy,Oil & Gas Services & Equip,SA_56@2020-02-19,2019-11-21,2018-12-31,73.761,-137.083,279.459,450.928,191.488,,51.543,162.065,59.661,16.988,0.0,393.063,28.598,196.744,739.818,1617.779,47.252,2347.73,440.315,729.951,259.44,20,415,415,8.34,2020-01-31,19,1241.071,2020-01-31,19,148.80947,2020-01-31,19,191680600.0,2020-01-31,19,21332918.0,2020-01-31,19,2020-01-31,19,5,19,8.34,2020-01-31,9.63,2019-12-31,8.3,2019-11-29,8.59,2019-10-31,8.06,2019-09-30,7.24,2019-08-30,8.76,2019-07-31,8.63,2019-06-28,6.76,2019-05-31,7.82,2019-04-30,7.91,2019-03-29,7.4,2019-02-28,6.83,2019-01-31,60,13,True,True,True,2019-01-31,2020-01-31,2020-02-19,0,8
NB_2402,2020-02-20,1,0,nonbankruptcy_candidate,2020,2021-02-20,True,nonbankrupt,SCWO,374Water Inc. Common Stock,SCWO US Equity,Industrials,Machinery,NB_2402@2020-02-20,2019-11-22,2018-12-31,0.01,0.0,0.0085,0.0293,0.0391,,-0.68,-0.66,0.1571,0.0007,0.0,0.0,-0.6791,0.1571,0.1901,0.065,0.0,0.1042,0.0,0.0391,-0.0098,20,416,416,1.39,2020-01-31,20,4.4133,2020-01-31,20,3.17501,2020-01-31,20,1448.57,2020-01-31,20,1227.0,2020-01-31,20,2020-01-31,20,5,20,1.39,2020-01-31,0.9,2019-12-31,1.5765,2019-11-29,0.9,2019-10-31,1.0,2019-09-30,1.1,2019-08-30,0.8,2019-07-31,0.9,2019-06-28,0.821,2019-05-31,1.1,2019-04-30,0.88,2019-03-29,1.8,2019-02-28,0.9,2019-01-31,284,13,True,True,True,2019-01-31,2020-01-31,2020-02-20,0,8
SA_144,2020-02-20,2,1,bankruptcy,2020,2021-02-20,True,bankrupt,AKRXQ,"Akorn, Inc.",AKRXQ US Equity,Health Care,Biotech & Pharma,SA_144@2020-02-20,2019-11-22,2018-12-31,153.126,-69.111,224.868,583.819,170.823,29.3,-388.426,-305.621,-138.005,56.9,173.645,820.411,-401.909,-68.894,694.018,443.866,0.0,1495.257,820.411,1051.391,412.996,21,416,416,1.53,2020-01-31,20,193.0031,2020-01-31,20,126.14583,2020-01-31,20,93085200.0,2020-01-31,20,66961151.0,2020-01-31,20,2020-01-31,20,5,20,1.53,2020-01-31,1.5,2019-12-31,3.65,2019-11-29,4.99,2019-10-31,3.8,2019-09-30,2.89,2019-08-30,3.72,2019-07-31,5.15,2019-06-28,4.12,2019-05-31,2.7,2019-04-30,3.52,2019-03-29,4.05,2019-02-28,3.76,2019-01-31,60,13,True,True,True,2019-01-31,2020-01-31,2020-02-20,0,8
NB_1482,2020-03-03,1,0,nonbankruptcy_candidate,2020,2021-03-03,True,nonbankrupt,KEQU,Kewaunee Scientific Corporation Common Stock,KEQU US Equity,Consumer Discretionary,Home & Office Products,NB_1482@2020-03-03,2019-12-04,2019-04-30,33.259,-4.213,10.647,65.357,32.733,2.571,2.112,4.683,-1.723,0.367,17.206,0.229,1.529,2.49,146.55,47.703,10.697,87.223,10.926,39.52,32.624,21,308,308,11.55,2020-02-28,4,31.7642,2020-02-28,4,2.75014,2020-02-28,4,1787293.0,2020-02-28,4,147827.0,2020-02-28,4,2020-02-28,4,5,4,11.55,2020-02-28,12.5569,2020-01-31,13.45,2019-12-31,16.99,2019-11-29,16.09,2019-10-31,15.59,2019-09-30,16.08,2019-08-30,18.25,2019-07-31,19.14,2019-06-28,21.76,2019-05-31,22.6301,2019-04-30,21.06,2019-03-29,23.75,2019-02-28,321,13,True,True,True,2019-02-28,2020-02-28,2020-03-03,0,8
NB_728,2020-03-03,1,0,nonbankruptcy_candidate,2020,2021-03-03,True,nonbankrupt,CULP,Culp Inc. Common Stock,CULP US Equity,Consumer Discretionary,Apparel & Textile Products,NB_728@2020-03-03,2019-12-04,2019-04-28,23.373,-15.357,40.008,123.245,35.192,8.117,13.351,25.948,-1.484,0.035,47.564,4.473,5.458,13.873,281.325,164.247,2.629,220.556,7.102,56.309,88.053,21,310,310,9.12,2020-02-28,4,113.197,2020-02-28,4,12.41196,2020-02-28,4,11891210.0,2020-02-28,4,1114275.0,2020-02-28,4,2020-02-28,4,5,4,9.12,2020-02-28,12.63,2020-01-31,13.62,2019-12-31,16.12,2019-11-29,15.47,2019-10-31,16.3,2019-09-30,14.04,2019-08-30,17.97,2019-07-31,19.0,2019-06-28,17.23,2019-05-31,20.52,2019-04-30,19.23,2019-03-29,18.55,2019-02-28,311,13,True,True,True,2019-02-28,2020-02-28,2020-03-03,0,8
SA_31,2020-03-03,2,1,bankruptcy,2020,2021-03-03,True,bankrupt,LBYYQ,Libbey Inc.,LBYYQ US Equity,Consumer Discretionary,Home & Office Products,SA_31@2020-03-03,2019-12-04,2018-12-31,82.521,-45.087,25.066,317.668,161.76,43.2,27.04,71.373,-8.217,21.979,192.103,393.3,-7.956,36.87,801.093,49.893,4.4,714.175,397.7,664.282,155.908,21,428,428,1.44,2020-02-28,4,32.1998,2020-02-28,4,22.361,2020-02-28,4,4085251.0,2020-02-28,4,2924429.0,2020-02-28,4,2020-02-28,4,5,4,1.44,2020-02-28,1.33,2020-01-31,1.45,2019-12-31,1.73,2019-11-29,1.8,2019-10-31,3.35,2019-09-30,1.69,2019-08-30,1.69,2019-07-31,1.86,2019-06-28,1.86,2019-05-31,2.5,2019-04-30,2.84,2019-03-29,3.94,2019-02-28,60,13,True,True,True,2019-02-28,2020-02-28,2020-03-03,0,8
NB_3017,2020-03-17,1,0,nonbankruptcy_candidate,2020,2021-03-17,True,nonbankrupt,YCBD,cbdMD Inc. Common Stock,YCBD US Equity,Consumer Staples,Tobacco & Cannabis,NB_3017@2020-03-17,2019-12-18,2019-09-30,1.4257,-1.1986,4.69,15.743,3.7099,0.188,-14.7969,-14.5073,-16.5761,,5.205,0.364,-50.4282,-15.3775,23.6516,37.604,0.0,94.5181,0.364,56.9141,12.0332,20,169,169,367.2037,2020-02-28,18,47.1014,2020-02-28,18,0.12827,2020-02-28,18,17139180.0,2020-02-28,18,42362.0,2020-02-28,18,2020-02-28,18,5,18,367.2037,2020-02-28,374.4037,2020-01-31,813.6081,2019-12-31,1170.0117,2019-11-29,1267.2127,2019-10-31,1425.6143,2019-09-30,1476.0148,2019-08-30,1566.0157,2019-07-31,2124.0212,2019-06-28,2203.222,2019-05-31,2188.8219,2019-04-30,1591.2159,2019-03-29,1573.2157,2019-02-28,28,13,True,True,True,2019-02-28,2020-02-28,2020-03-17,0,8
SA_188,2020-03-17,2,1,bankruptcy,2020,2021-03-17,True,bankrupt,PYXSQ,"Pyxus International, Inc.",PYXSQ US Equity,Consumer Staples,Tobacco & Cannabis,SA_188@2020-03-17,2019-12-18,2019-03-31,295.88,-47.539,192.043,1238.508,646.842,29.689,87.254,123.001,-295.82,135.553,668.171,898.386,-70.467,-248.281,1801.593,192.019,429.293,1859.275,1327.679,1667.256,591.666,21,352,352,3.85,2020-02-28,18,35.3325,2020-02-28,18,9.17727,2020-02-28,18,62265770.0,2020-02-28,18,12776398.0,2020-02-28,18,2020-02-28,18,5,18,3.85,2020-02-28,6.85,2020-01-31,8.94,2019-12-31,8.03,2019-11-29,11.42,2019-10-31,13.08,2019-09-30,13.37,2019-08-30,14.27,2019-07-31,15.2,2019-06-28,17.94,2019-05-31,22.83,2019-04-30,23.89,2019-03-29,26.99,2019-02-28,60,13,True,True,True,2019-02-28,2020-02-28,2020-03-17,0,8
SA_231,2020-03-22,2,1,bankruptcy,2020,2021-03-22,True,bankrupt,AACH,"AAC Holdings, Inc.",AACH US Equity,Health Care,Health Care Facilities & Svcs,SA_231@2020-03-22,2019-12-23,2018-12-31,47.86,-18.949,5.409,63.964,361.445,20.086,-37.538,-15.552,-47.803,32.22,0.0,9.764,-59.404,-28.854,295.763,42.273,309.394,452.277,319.158,410.004,-297.481,21,447,447,0.3,2020-02-28,23,7.5473,2020-02-28,23,25.15771,2020-02-28,23,630174.8,2020-02-28,23,2271230.0,2020-02-28,23,2020-02-28,23,5,23,0.3,2020-02-28,0.38,2020-01-31,0.5399,2019-12-31,0.65,2019-11-29,0.393,2019-10-31,0.67,2019-09-30,0.6,2019-08-30,0.983,2019-07-31,0.86,2019-06-28,0.9001,2019-05-31,1.61,2019-04-30,1.84,2019-03-29,2.55,2019-02-28,60,13,True,True,True,2019-02-28,2020-02-28,2020-03-20,2,8
SA_8,2020-03-25,2,1,bankruptcy,2020,2021-03-25,True,bankrupt,GNCIQ,"GNC Holdings, Inc.",GNCIQ US Equity,Consumer Discretionary,Retail - Discretionary,SA_8@2020-03-25,2019-12-26,2018-12-31,127.317,-18.981,67.224,804.164,427.707,40.1,112.353,159.458,76.887,127.08,465.572,993.566,69.78,95.868,2353.523,-114.31,158.756,1527.85,1152.322,1543.356,376.457,21,450,450,1.68,2020-02-28,26,142.0698,2020-02-28,26,84.56534,2020-02-28,26,36334390.0,2020-02-28,26,18011550.0,2020-02-28,26,2020-02-28,26,5,26,1.68,2020-02-28,2.14,2020-01-31,2.7,2019-12-31,2.94,2019-11-29,2.64,2019-10-31,2.14,2019-09-30,1.96,2019-08-30,2.08,2019-07-31,1.5,2019-06-28,1.4,2019-05-31,2.22,2019-04-30,2.73,2019-03-29,2.98,2019-02-28,60,13,True,True,True,2019-02-28,2020-02-28,2020-03-25,0,8
SA_286,2020-03-26,2,1,bankruptcy,2020,2021-03-26,True,bankrupt,JASNQ,"Jason Industries, Inc.",JASNQ US Equity,Industrials,Machinery,SA_286@2020-03-26,2019-12-27,2018-12-31,36.213,-13.753,46.698,196.139,85.863,28.356,11.796,54.4,16.004,33.277,49.475,386.101,-13.16,29.757,367.959,-7.783,5.687,503.597,391.788,511.38,110.276,21,451,451,0.131,2020-02-28,27,3.7221,2020-02-28,27,28.41335,2020-02-28,27,187951.5,2020-02-28,27,1508832.0,2020-02-28,27,2020-02-28,27,5,27,0.131,2020-02-28,0.14,2020-01-31,0.3723,2019-12-31,0.174,2019-11-29,0.2453,2019-10-31,0.355,2019-09-30,0.5047,2019-08-30,0.48,2019-07-31,0.65,2019-06-28,0.92,2019-05-31,1.48,2019-04-30,1.4,2019-03-29,2.57,2019-02-28,60,13,True,True,True,2019-02-28,2020-02-28,2020-03-26,0,8
SA_100,2020-03-31,2,1,bankruptcy,2020,2021-03-31,True,bankrupt,CVIAQ,Covia Holdings Corporation,CVIAQ US Equity,Materials,Metals & Mining,SA_100@2020-03-31,2020-01-01,2019-12-31,199.027,-87.535,319.484,677.023,314.429,200.642,-1432.642,-1108.56,16.379,107.891,121.79,1811.451,-1290.102,103.914,1595.446,177.164,82.406,2446.518,1893.857,2269.354,362.594,21,91,91,1.54,2020-02-28,32,202.868,2020-02-28,32,131.73246,2020-02-28,32,7867098.0,2020-02-28,32,4472491.0,2020-02-28,32,2020-02-28,32,5,32,1.54,2020-02-28,1.6,2020-01-31,2.04,2019-12-31,1.49,2019-11-29,1.38,2019-10-31,2.02,2019-09-30,1.5,2019-08-30,1.74,2019-07-31,1.96,2019-06-28,2.91,2019-05-31,4.81,2019-04-30,5.59,2019-03-29,4.76,2019-02-28,21,13,True,True,True,2019-02-28,2020-02-28,2020-03-31,0,8
NB_1025,2020-04-13,1,0,nonbankruptcy_candidate,2020,2021-04-13,True,nonbankrupt,FET,Forum Energy Technologies Inc. Common Stock,FET US Equity,Energy,Oil & Gas Services & Equip,NB_1025@2020-04-13,2020-01-14,2019-12-31,154.182,-15.102,57.911,665.917,196.85,30.629,-536.146,-460.865,89.042,31.618,414.64,448.8,-567.057,104.144,956.533,486.039,13.255,1159.997,462.055,673.958,469.067,21,104,104,3.546,2020-03-31,13,19.7593,2020-03-31,13,5.57227,2020-03-31,13,9416666.0,2020-03-31,13,1727720.0,2020-03-31,13,2020-03-31,13,5,13,3.546,2020-03-31,15.6,2020-02-28,21.2,2020-01-31,33.6,2019-12-31,26.2,2019-11-29,23.2,2019-10-31,31.0,2019-09-30,28.2,2019-08-30,52.4,2019-07-31,68.4,2019-06-28,76.4,2019-05-31,119.6,2019-04-30,102.2,2019-03-29,96,13,True,True,True,2019-03-29,2020-03-31,2020-04-13,0,8
NB_1206,2020-04-13,1,0,nonbankruptcy_candidate,2020,2021-04-13,True,nonbankrupt,GRWG,GrowGeneration Corp. Common Stock,GRWG US Equity,Consumer Discretionary,Retail - Discretionary,NB_1206@2020-04-13,2020-01-14,2019-12-31,3.9915,-2.2328,12.9794,41.0971,12.0813,1.0463,1.5832,4.5419,-5.5721,0.0452,21.5766,6.0493,1.3218,-3.3393,79.7336,52.809,1.9469,70.9396,7.9963,18.1306,29.0158,21,104,104,3.81,2020-03-31,13,145.2959,2020-03-31,13,38.13541,2020-03-31,13,43154100.0,2020-03-31,13,11360712.0,2020-03-31,13,2020-03-31,13,5,13,3.81,2020-03-31,5.53,2020-02-28,4.76,2020-01-31,4.1,2019-12-31,4.85,2019-11-29,4.05,2019-10-31,4.25,2019-09-30,5.4195,2019-08-30,4.45,2019-07-31,3.3,2019-06-28,3.06,2019-05-31,2.69,2019-04-30,3.015,2019-03-29,41,13,True,True,True,2019-03-29,2020-03-31,2020-04-13,0,8
NB_1841,2020-04-13,1,0,nonbankruptcy_candidate,2020,2021-04-13,True,nonbankrupt,NAGE,Niagen Bioscience Inc. Common Stock,NAGE US Equity,Health Care,Biotech & Pharma,NB_1841@2020-04-13,2020-01-14,2019-12-31,2.175,-0.743,18.812,33.518,15.063,0.762,-31.3,-29.629,-21.182,0.847,11.535,0.866,-32.147,-20.439,46.291,20.445,0.853,40.247,1.719,19.802,18.455,21,104,104,3.26,2020-03-31,13,194.9085,2020-03-31,13,59.7879,2020-03-31,13,34054030.0,2020-03-31,13,10629311.0,2020-03-31,13,2020-03-31,13,5,13,3.26,2020-03-31,3.69,2020-02-28,4.41,2020-01-31,4.31,2019-12-31,3.64,2019-11-29,2.89,2019-10-31,3.935,2019-09-30,3.91,2019-08-30,4.63,2019-07-31,4.65,2019-06-28,3.98,2019-05-31,4.45,2019-04-30,4.19,2019-03-29,142,13,True,True,True,2019-03-29,2020-03-31,2020-04-13,0,8
NB_1850,2020-04-13,1,0,nonbankruptcy_candidate,2020,2021-04-13,True,nonbankrupt,NC,NACCO Industries Inc. Common Stock,NC US Equity,Materials,Metals & Mining,NB_1850@2020-04-13,2020-01-14,2019-12-31,15.444,-24.664,122.892,200.668,61.966,13.64,38.82,57.311,28.12,0.872,40.465,29.596,39.632,52.784,140.99,289.392,9.113,444.773,38.709,155.381,138.702,21,104,104,27.98,2020-03-31,13,197.1495,2020-03-31,13,5.47753,2020-03-31,13,14808900.0,2020-03-31,13,511478.0,2020-03-31,13,2020-03-31,13,5,13,27.98,2020-03-31,41.22,2020-02-28,47.14,2020-01-31,46.83,2019-12-31,47.1,2019-11-29,50.5,2019-10-31,63.91,2019-09-30,49.78,2019-08-30,53.15,2019-07-31,51.94,2019-06-28,49.96,2019-05-31,40.89,2019-04-30,38.22,2019-03-29,322,13,True,True,True,2019-03-29,2020-03-31,2020-04-13,0,8
NB_2199,2020-04-13,1,0,nonbankruptcy_candidate,2020,2021-04-13,True,nonbankrupt,PTGX,Protagonist Therapeutics Inc. Common Stock,PTGX US Equity,Health Care,Biotech & Pharma,NB_2199@2020-04-13,2020-01-14,2019-12-31,0.0,-0.967,33.006,145.311,35.406,0.703,-80.521,-78.026,-42.494,0.169,0.0,15.755,-77.187,-41.527,0.231,79.964,1.256,154.917,17.011,74.953,109.905,21,104,104,7.06,2020-03-31,13,192.6978,2020-03-31,13,27.2943,2020-03-31,13,26270360.0,2020-03-31,13,3781002.0,2020-03-31,13,2020-03-31,13,5,13,7.06,2020-03-31,7.8,2020-02-28,7.55,2020-01-31,7.05,2019-12-31,8.7,2019-11-29,13.45,2019-10-31,12.01,2019-09-30,13.03,2019-08-30,11.02,2019-07-31,12.11,2019-06-28,10.06,2019-05-31,10.33,2019-04-30,12.57,2019-03-29,44,13,True,True,True,2019-03-29,2020-03-31,2020-04-13,0,8
NB_2854,2020-04-13,1,0,nonbankruptcy_candidate,2020,2021-04-13,True,nonbankrupt,VIRC,Virco Manufacturing Corporation Common Stock,VIRC US Equity,Consumer Discretionary,Home & Office Products,NB_2854@2020-04-13,2020-01-14,2019-01-31,13.253,-5.395,0.738,63.111,32.125,,2.331,8.122,-3.032,,47.289,15.91,-1.614,2.363,200.716,57.027,5.504,123.113,21.414,66.086,30.986,19,438,438,2.1,2020-03-31,13,32.9985,2020-03-31,13,15.71355,2020-03-31,13,1320455.0,2020-03-31,13,511978.0,2020-03-31,13,2020-03-31,13,5,13,2.1,2020-03-31,3.84,2020-02-28,4.14,2020-01-31,4.24,2019-12-31,3.9,2019-11-29,3.938,2019-10-31,3.85,2019-09-30,4.35,2019-08-30,4.51,2019-07-31,4.67,2019-06-28,4.12,2019-05-31,4.52,2019-04-30,4.33,2019-03-29,322,13,True,True,True,2019-03-29,2020-03-31,2020-04-13,0,8
NB_2875,2020-04-13,1,0,nonbankruptcy_candidate,2020,2021-04-13,True,nonbankrupt,VRA,Vera Bradley Inc. Common Stock,VRA US Equity,Consumer Discretionary,Retail - Discretionary,NB_2875@2020-04-13,2020-01-14,2019-02-02,15.604,-8.148,113.493,252.468,43.556,16.54,27.101,43.641,35.416,,91.581,0.0,20.757,43.564,416.097,294.703,0.0,362.148,0.0,67.445,208.912,20,436,436,4.12,2020-03-31,13,138.6068,2020-03-31,13,33.64243,2020-03-31,13,50474350.0,2020-03-31,13,9271496.0,2020-03-31,13,2020-03-31,13,5,13,4.12,2020-03-31,8.26,2020-02-28,9.58,2020-01-31,11.8,2019-12-31,11.04,2019-11-29,10.76,2019-10-31,10.1,2019-09-30,10.59,2019-08-30,11.75,2019-07-31,12.0,2019-06-28,10.95,2019-05-31,12.28,2019-04-30,13.25,2019-03-29,114,13,True,True,True,2019-03-29,2020-03-31,2020-04-13,0,8
NB_553,2020-04-13,1,0,nonbankruptcy_candidate,2020,2021-04-13,True,nonbankrupt,CETX,Cemtrex Inc. Common Stock,CETX US Equity,Industrials,Machinery,NB_553@2020-04-13,2020-01-14,2019-09-30,8.1724,-1.6595,1.77,18.8776,15.6373,3.014,-7.4474,-4.4334,2.276,4.7855,5.2072,5.0782,-22.3649,3.9355,39.265,21.9661,0.0,44.3927,5.0782,22.4266,3.2403,21,196,196,7656900.7878,2020-03-31,13,4.8297,2020-03-31,13,0.0,2020-03-31,13,7779814.0,2020-03-31,13,1.0,2020-03-31,13,2020-03-31,13,5,13,7656900.7878,2020-03-31,15655578.2845,2020-02-28,15104325.528,2020-01-31,14332571.6689,2019-12-31,15545327.7332,2019-11-29,15214576.0793,2019-10-31,14883824.4254,2019-09-30,17419587.1053,2019-08-30,18742593.7209,2019-07-31,35059675.3133,2019-06-28,19845099.2339,2019-05-31,29106145.5431,2019-04-30,44100220.5198,2019-03-29,229,13,True,True,True,2019-03-29,2020-03-31,2020-04-13,0,8
NB_868,2020-04-13,1,0,nonbankruptcy_candidate,2020,2021-04-13,True,nonbankrupt,DWSN,Dawson Geophysical Company Common Stock,DWSN US Equity,Energy,Oil & Gas Services & Equip,NB_868@2020-04-13,2020-01-14,2019-12-31,24.422,-4.396,26.271,65.618,18.257,21.826,-16.246,7.166,5.084,0.435,0.0,6.036,-15.213,9.48,145.773,103.165,5.262,127.608,11.298,24.443,47.361,21,104,104,0.9716,2020-03-31,13,22.626,2020-03-31,13,23.28741,2020-03-31,13,2350394.0,2020-03-31,13,1893881.0,2020-03-31,13,2020-03-31,13,5,13,0.9716,2020-03-31,2.06,2020-02-28,2.4,2020-01-31,2.4,2019-12-31,2.26,2019-11-29,2.4,2019-10-31,2.14,2019-09-30,2.11,2019-08-30,2.38,2019-07-31,2.5,2019-06-28,2.24,2019-05-31,2.8,2019-04-30,2.93,2019-03-29,309,13,True,True,True,2019-03-29,2020-03-31,2020-04-13,0,8
SA_95,2020-04-13,2,1,bankruptcy,2020,2021-04-13,True,bankrupt,HCRSQ,Hi-Crush Inc.,HCRSQ US Equity,Energy,Oil & Gas Services & Equip,SA_95@2020-04-13,2020-01-14,2019-12-31,71.824,-71.696,57.559,179.175,126.827,52.415,-346.785,-248.475,-41.818,45.774,39.974,526.795,-413.559,29.878,636.37,401.124,33.158,1111.137,559.953,710.013,52.348,21,104,104,0.235,2020-03-31,13,23.7045,2020-03-31,13,100.87022,2020-03-31,13,7001398.0,2020-03-31,13,23598650.0,2020-03-31,13,2020-03-31,13,5,13,0.235,2020-03-31,0.6,2020-02-28,0.71,2020-01-31,0.8826,2019-12-31,0.8387,2019-11-29,1.19,2019-10-31,1.74,2019-09-30,1.54,2019-08-30,2.11,2019-07-31,2.46,2019-06-28,2.3,2019-05-31,3.54,2019-04-30,4.45,2019-03-29,60,13,True,True,True,2019-03-29,2020-03-31,2020-04-13,0,8
NB_156,2020-04-27,1,0,nonbankruptcy_candidate,2020,2021-04-27,True,nonbankrupt,AMPY,Amplify Energy Corp. Common Stock,AMPY US Equity,Energy,Oil & Gas Supply Chain,NB_156@2020-04-27,2020-01-28,2019-12-31,33.145,-73.945,0.0,52.587,61.088,55.843,-11.971,43.872,-26.662,16.855,0.0,287.72,-35.197,47.283,275.575,434.207,1.712,877.539,289.432,443.332,-8.501,21,118,118,0.5659,2020-03-31,27,21.2584,2020-03-31,27,37.56561,2020-03-31,27,21675310.0,2020-03-31,27,15250603.0,2020-03-31,27,2020-03-31,27,5,27,0.5659,2020-03-31,4.18,2020-02-28,5.39,2020-01-31,6.61,2019-12-31,5.5,2019-11-29,7.25,2019-10-31,6.17,2019-09-30,5.96,2019-08-30,4.55,2019-07-31,5.89,2019-06-28,6.69,2019-05-31,12.77,2019-04-30,9.77,2019-03-29,42,13,True,True,True,2019-03-29,2020-03-31,2020-04-27,0,8
NB_1912,2020-04-27,1,0,nonbankruptcy_candidate,2020,2021-04-27,True,nonbankrupt,NRT,North European Oil Royality Trust Common Stock,NRT US Equity,Energy,Oil & Gas Supply Chain,NB_1912@2020-04-27,2020-01-28,2019-10-31,0.0,,1.5909,1.5909,1.4705,,7.5636,,,,0.0,0.0,7.5781,,8.3447,,0.0,1.5909,0.0,1.4705,0.1204,14,179,179,2.63,2020-03-31,27,24.1713,2020-03-31,27,9.19059,2020-03-31,27,3013679.0,2020-03-31,27,1028515.0,2020-03-31,27,2020-03-31,27,5,27,2.63,2020-03-31,3.74,2020-02-28,5.5,2020-01-31,5.91,2019-12-31,5.82,2019-11-29,6.1196,2019-10-31,6.09,2019-09-30,6.74,2019-08-30,7.18,2019-07-31,7.0822,2019-06-28,6.87,2019-05-31,7.09,2019-04-30,6.88,2019-03-29,322,13,True,True,True,2019-03-29,2020-03-31,2020-04-27,0,8
SA_38,2020-04-27,2,1,bankruptcy,2020,2021-04-27,True,bankrupt,ROSEQ,Rosehill Resources Inc.,ROSUQ US Equity,Energy,Oil & Gas Supply Chain,SA_38@2020-04-27,2020-01-28,2019-12-31,34.91,-252.165,2.991,50.634,69.691,137.1,63.281,201.218,-84.756,25.228,0.0,355.511,8.415,167.409,302.283,376.142,0.0,872.512,355.511,496.37,-19.057,21,118,118,0.445,2020-03-31,27,18.1475,2020-03-31,27,6.54237,2020-03-31,27,10913.8,2020-03-31,27,17667.0,2020-03-31,27,2020-03-31,27,5,27,0.445,2020-03-31,1.14,2020-02-28,1.57,2020-01-31,1.22,2019-12-31,1.65,2019-11-29,1.7,2019-10-31,1.85,2019-09-30,2.2,2019-08-30,3.49,2019-07-31,3.95,2019-06-28,3.42,2019-05-31,5.11,2019-04-30,3.92,2019-03-29,44,13,True,True,True,2019-03-29,2020-03-31,2020-04-27,0,8
NB_1168,2020-05-04,1,0,nonbankruptcy_candidate,2020,2021-05-04,True,nonbankrupt,GNLN,Greenlane Holdings Inc. Class A Common Stock,GNLN US Equity,Consumer Staples,Tobacco & Cannabis,NB_1168@2020-05-04,2020-02-04,2019-12-31,8.091,-2.02,47.773,114.968,26.262,1.2,-24.924,-21.3,-38.923,0.975,43.06,12.056,-28.816,-36.903,185.006,114.264,1.378,153.202,13.434,38.938,88.706,21,125,125,42240052.8001,2020-04-30,4,35.7859,2020-04-30,4,0.0,2020-04-30,4,9676770.0,2020-04-30,4,0.0,2020-04-30,4,2020-04-30,4,5,4,42240052.8001,2020-04-30,22704028.38,2020-03-31,28248035.31,2020-02-28,32208040.26,2020-01-31,42966053.7076,2019-12-31,44748055.9351,2019-11-29,51876064.8451,2019-10-31,44748055.9351,2019-09-30,81840102.3001,2019-08-30,111276139.0951,2019-07-31,126588158.2352,2019-06-28,201168251.4603,2019-05-31,224400280.5003,2019-04-30,13,13,True,True,True,2019-04-30,2020-04-30,2020-05-04,0,8
NB_1440,2020-05-04,1,0,nonbankruptcy_candidate,2020,2021-05-04,True,nonbankrupt,IVF,INVO Fertility Inc. Common Stock,IVF US Equity,Health Care,Health Care Facilities & Svcs,NB_1440@2020-05-04,2020-02-04,2019-12-31,0.0076,-0.0648,1.2386,1.5434,1.5011,0.0062,-1.7881,-1.7773,1.3057,0.379,0.1014,0.4361,-2.1675,1.3705,1.4802,-3.7136,0.0214,1.7955,0.4575,5.5091,0.0423,21,125,125,175104.875524,2020-04-30,4,29.9771,2020-04-30,4,0.00017,2020-04-30,4,338623.7,2020-04-30,4,2.0,2020-04-30,4,2020-04-30,4,5,4,175104.875524,2020-04-30,199896.039479,2020-03-31,211969.059844,2020-02-28,228097.140485,2020-01-31,199250.916254,2019-12-31,221185.105925,2019-11-29,275744.098719,2019-10-31,277402.987014,2019-09-30,285697.428486,2019-08-30,322469.452346,2019-07-31,350209.751047,2019-06-28,304129.520646,2019-05-31,330303.091514,2019-04-30,138,13,True,True,True,2019-04-30,2020-04-30,2020-05-04,0,8
NB_1570,2020-05-04,1,0,nonbankruptcy_candidate,2020,2021-05-04,True,nonbankrupt,LFMD,LifeMD Inc. Common Stock,LFMD US Equity,Health Care,Health Care Facilities & Svcs,NB_1570@2020-05-04,2020-02-04,2019-12-31,0.0974,0.0,1.1066,2.7471,3.9754,,-2.8896,,0.2514,0.7612,0.9501,0.03,-3.1372,0.2514,12.4686,-1.1292,0.8147,3.4462,0.8447,4.5754,-1.2283,19,125,125,1.35,2020-04-30,4,7.9407,2020-04-30,4,5.88199,2020-04-30,4,2190667.0,2020-04-30,4,1560131.0,2020-04-30,4,2020-04-30,4,5,4,1.35,2020-04-30,1.0475,2020-03-31,0.639,2020-02-28,0.6815,2020-01-31,0.575,2019-12-31,0.84,2019-11-29,0.825,2019-10-31,0.825,2019-09-30,0.6495,2019-08-30,0.685,2019-07-31,0.55,2019-06-28,0.675,2019-05-31,0.9,2019-04-30,313,13,True,True,True,2019-04-30,2020-04-30,2020-05-04,0,8
NB_2182,2020-05-04,1,0,nonbankruptcy_candidate,2020,2021-05-04,True,nonbankrupt,PRPO,Precipio Inc. Common Stock,PRPO US Equity,Health Care,Health Care Facilities & Svcs,NB_2182@2020-05-04,2020-02-04,2019-12-31,0.574,-0.055,0.848,1.878,4.334,0.1,-10.994,-9.576,-9.196,0.473,0.184,0.634,-13.243,-9.141,3.127,13.205,0.582,19.511,1.216,6.306,-2.456,21,125,125,14.73,2020-04-30,4,7.6995,2020-04-30,4,0.52271,2020-04-30,4,8995570.0,2020-04-30,4,659346.0,2020-04-30,4,2020-04-30,4,5,4,14.73,2020-04-30,13.998,2020-03-31,30.6,2020-02-28,37.5,2020-01-31,41.0,2019-12-31,42.29,2019-11-29,47.4,2019-10-31,52.2,2019-09-30,50.8,2019-08-30,58.4,2019-07-31,67.6,2019-06-28,109.0,2019-05-31,121.0,2019-04-30,238,13,True,True,True,2019-04-30,2020-04-30,2020-05-04,0,8
NB_416,2020-05-04,1,0,nonbankruptcy_candidate,2020,2021-05-04,True,nonbankrupt,BNED,Barnes & Noble Education Inc Common Stock,BNED US Equity,Consumer Discretionary,Retail - Discretionary,NB_416@2020-05-04,2020-02-04,2019-04-27,98.246,-46.42,14.013,591.36,408.538,,-27.654,39.307,74.397,,467.323,33.5,-24.374,120.817,2034.643,450.628,100.0,946.18,133.5,495.552,182.822,19,373,373,39.0118,2020-04-30,4,86.4526,2020-04-30,4,2.21606,2020-04-30,4,21699180.0,2020-04-30,4,557145.0,2020-04-30,4,2020-04-30,4,5,4,39.0118,2020-04-30,29.6402,2020-03-31,72.1391,2020-02-28,74.9724,2020-01-31,93.0617,2019-12-31,109.8433,2019-11-29,89.5746,2019-10-31,67.9982,2019-09-30,84.9978,2019-08-30,76.2801,2019-07-31,73.2288,2019-06-28,69.0879,2019-05-31,93.7155,2019-04-30,58,13,True,True,True,2019-04-30,2020-04-30,2020-05-04,0,8
NB_446,2020-05-04,1,0,nonbankruptcy_candidate,2020,2021-05-04,True,nonbankrupt,BSET,Bassett Furniture Industries Incorporated Common Stock,BSET US Equity,Consumer Discretionary,Retail - Discretionary,NB_446@2020-05-04,2020-02-04,2019-11-30,21.378,-17.375,19.687,136.786,72.271,13.121,-0.595,12.905,-7.566,0.006,66.302,0.0,-1.928,9.809,452.087,178.67,0.0,275.766,0.0,97.096,64.515,21,156,156,6.84,2020-04-30,4,68.2809,2020-04-30,4,9.98259,2020-04-30,4,16309740.0,2020-04-30,4,2890338.0,2020-04-30,4,2020-04-30,4,5,4,6.84,2020-04-30,5.45,2020-03-31,9.87,2020-02-28,12.23,2020-01-31,16.68,2019-12-31,15.22,2019-11-29,15.25,2019-10-31,15.3,2019-09-30,12.18,2019-08-30,12.78,2019-07-31,15.25,2019-06-28,14.69,2019-05-31,17.76,2019-04-30,323,13,True,True,True,2019-04-30,2020-04-30,2020-05-04,0,8
NB_626,2020-05-04,1,0,nonbankruptcy_candidate,2020,2021-05-04,True,nonbankrupt,CNR,Core Natural Resources Inc. Common Stock,CNR US Equity,Materials,Metals & Mining,NB_626@2020-05-04,2020-02-04,2019-12-31,131.688,-169.739,80.293,338.029,392.264,,149.239,382.211,74.827,66.464,54.131,718.251,76.001,244.566,1375.559,572.395,69.751,2693.802,788.002,2121.407,-54.235,20,125,125,7.59,2020-04-30,4,197.5616,2020-04-30,4,26.0292,2020-04-30,4,71479290.0,2020-04-30,4,13615573.0,2020-04-30,4,2020-04-30,4,5,4,7.59,2020-04-30,3.69,2020-03-31,5.69,2020-02-28,8.13,2020-01-31,14.51,2019-12-31,12.76,2019-11-29,13.23,2019-10-31,15.63,2019-09-30,16.76,2019-08-30,21.49,2019-07-31,26.61,2019-06-28,26.22,2019-05-31,33.9,2019-04-30,30,13,True,True,True,2019-04-30,2020-04-30,2020-05-04,0,8
SA_226,2020-05-04,2,1,bankruptcy,2020,2021-05-04,True,bankrupt,TLRDQ,"Tailored Brands, Inc.",TLRDQ US Equity,Consumer Discretionary,Retail - Discretionary,SA_226@2020-05-04,2020-02-04,2020-02-01,39.973,-88.502,14.42,835.115,628.727,102.4,97.838,488.276,11.139,71.272,696.657,1820.725,-82.276,99.641,2881.261,-98.306,195.304,2418.959,2016.029,2517.265,206.388,21,93,93,1.66,2020-04-30,4,80.6314,2020-04-30,4,48.57313,2020-04-30,4,82131730.0,2020-04-30,4,50857242.0,2020-04-30,4,2020-04-30,4,5,4,1.66,2020-04-30,1.74,2020-03-31,3.27,2020-02-28,3.98,2020-01-31,4.14,2019-12-31,5.29,2019-11-29,4.64,2019-10-31,4.4,2019-09-30,5.42,2019-08-30,4.87,2019-07-31,5.77,2019-06-28,5.26,2019-05-31,8.15,2019-04-30,60,13,True,True,True,2019-04-30,2020-04-30,2020-05-04,0,8
NB_1464,2021-06-02,1,0,nonbankruptcy_candidate,2021,2022-06-02,True,nonbankrupt,JRSH,Jerash Holdings (US) Inc. Common Stock,JRSH US Equity,Consumer Discretionary,Apparel & Textile Products,NB_1464@2021-06-02,2021-03-04,2020-03-31,5.3357,-4.6782,26.1304,58.9782,10.8503,1.5165,7.6654,11.1457,2.2344,,22.6338,0.6499,6.4754,6.9127,93.0242,54.7512,0.2103,67.479,0.8603,12.7279,48.1279,20,428,428,6.1177,2021-05-31,2,69.283,2021-05-31,2,11.325,2021-05-31,2,1236169.0,2021-05-31,2,192628.0,2021-05-31,2,2021-05-31,2,5,2,6.1177,2021-05-31,6.6,2021-04-30,6.2999,2021-03-31,5.79,2021-02-26,5.82,2021-01-29,5.85,2020-12-31,5.43,2020-11-30,4.79,2020-10-30,4.52,2020-09-30,4.8,2020-08-31,4.41,2020-07-31,4.87,2020-06-30,4.85,2020-05-29,37,13,True,True,True,2020-05-29,2021-05-31,2021-06-02,0,8
NB_2219,2021-06-02,1,0,nonbankruptcy_candidate,2021,2022-06-02,True,nonbankrupt,QCLS,Q/C Technologies Inc. Common Stock,QCLS US Equity,Health Care,Biotech & Pharma,NB_2219@2021-06-02,2021-03-04,2020-12-31,,0.0,0.1483,0.1495,2.3481,,-9.488,-9.4476,-4.6635,0.0,0.0,1.2516,-9.4878,-4.6635,0.0,-5.257,0.5464,0.6767,1.798,5.9337,-2.1986,19,153,153,13110.1311,2021-05-31,2,161.1658,2021-05-31,2,0.01229,2021-05-31,2,9546840.0,2021-05-31,2,788.0,2021-05-31,2,2021-05-31,2,5,2,13110.1311,2021-05-31,12900.129,2021-04-30,19320.1932,2021-03-31,19980.1998,2021-02-26,15840.1584,2021-01-29,11940.1194,2020-12-31,12240.1224,2020-11-30,11100.111,2020-10-30,13500.135,2020-09-30,15120.1512,2020-08-31,31140.3114,2020-07-31,20880.2088,2020-06-30,20400.204,2020-05-29,108,13,True,True,True,2020-05-29,2021-05-31,2021-06-02,0,8
NB_2866,2021-06-02,1,0,nonbankruptcy_candidate,2021,2022-06-02,True,nonbankrupt,VNCE,Vince Holding Corp. Common Stock,VNCE US Equity,Consumer Discretionary,Apparel & Textile Products,NB_2866@2021-06-02,2021-03-04,2021-01-30,31.878,-3.497,3.777,110.584,82.22,5.979,-61.08,-30.645,-28.568,,68.226,181.629,-65.649,-25.071,219.87,66.207,22.085,332.944,203.714,266.737,28.364,20,123,123,11.51,2021-05-31,2,135.9653,2021-05-31,2,11.8128,2021-05-31,2,1491759.0,2021-05-31,2,128109.0,2021-05-31,2,2021-05-31,2,5,2,11.51,2021-05-31,11.28,2021-04-30,11.22,2021-03-31,8.6,2021-02-26,8.19,2021-01-29,6.36,2020-12-31,5.14,2020-11-30,4.0,2020-10-30,5.41,2020-09-30,5.03,2020-08-31,4.57,2020-07-31,5.55,2020-06-30,6.24,2020-05-29,91,13,True,True,True,2020-05-29,2021-05-31,2021-06-02,0,8
NB_2908,2021-06-02,1,0,nonbankruptcy_candidate,2021,2022-06-02,True,nonbankrupt,VYGR,Voyager Therapeutics Inc. Common Stock,VYGR US Equity,Health Care,Biotech & Pharma,NB_2908@2021-06-02,2021-03-04,2020-12-31,0.0,-12.097,104.44,197.769,26.766,3.817,27.384,37.401,-108.813,0.0,0.0,43.409,36.741,-96.716,171.128,154.32,4.198,261.584,47.607,107.264,171.003,21,153,153,4.26,2021-05-31,2,160.7221,2021-05-31,2,37.72818,2021-05-31,2,43020390.0,2021-05-31,2,10086348.0,2021-05-31,2,2021-05-31,2,5,2,4.26,2021-05-31,4.82,2021-04-30,4.71,2021-03-31,5.67,2021-02-26,7.55,2021-01-29,7.15,2020-12-31,8.32,2020-11-30,10.63,2020-10-30,10.67,2020-09-30,11.79,2020-08-31,11.07,2020-07-31,12.62,2020-06-30,12.1,2020-05-29,67,13,True,True,True,2020-05-29,2021-05-31,2021-06-02,0,8
SA_54,2021-06-02,2,1,bankruptcy,2021,2022-06-02,True,bankrupt,SQBGQ,"Sequential Brands Group, Inc.",SQBGQ US Equity,Consumer Discretionary,Apparel & Textile Products,SA_54@2021-06-02,2021-03-04,2020-12-31,43.039,-0.073,15.501,66.331,42.166,21.565,-45.113,-23.548,4.212,48.252,0.0,430.799,-89.42,4.285,89.811,72.579,18.686,565.909,449.485,493.33,24.165,21,153,153,7.47,2021-05-31,2,12.3727,2021-05-31,2,1.65631,2021-05-31,2,501035700.0,2021-05-31,2,34968082.0,2021-05-31,2,2021-05-31,2,5,2,7.47,2021-05-31,25.0,2021-04-30,22.88,2021-03-31,16.25,2021-02-26,17.01,2021-01-29,14.35,2020-12-31,10.39,2020-11-30,5.89,2020-10-30,4.58,2020-09-30,6.09,2020-08-31,6.04,2020-07-31,8.4,2020-06-30,7.38,2020-05-29,60,13,True,True,True,2020-05-29,2021-05-31,2021-06-02,0,8
SA_11,2022-09-12,2,1,bankruptcy,2022,2023-09-12,False,bankrupt,CLVSQ,"Clovis Oncology, Inc.",CLVSQ US Equity,Health Care,Biotech & Pharma,SA_11@2022-09-12,2022-06-14,2021-12-31,26.868,-0.312,143.428,198.087,125.214,3.125,-225.767,-217.271,-196.369,34.103,13.688,456.503,-264.524,-196.057,148.757,-278.84,3.414,472.833,459.917,751.673,72.873,21,255,255,1.12,2022-08-31,12,161.8178,2022-08-31,12,144.48021,2022-08-31,12,111601100.0,2022-08-31,12,77967237.0,2022-08-31,12,2022-08-31,12,5,12,1.12,2022-08-31,1.67,2022-07-29,1.8,2022-06-30,0.6953,2022-05-31,2.0,2022-04-29,2.02,2022-03-31,2.06,2022-02-28,2.04,2022-01-31,2.71,2021-12-31,3.16,2021-11-30,4.33,2021-10-29,4.46,2021-09-30,4.82,2021-08-31,60,13,True,True,True,2021-08-31,2022-08-31,2022-09-12,0,8
