event_id,company_id,target,event_type,prediction_year,outcome_end_date,financial_cutoff_date,financial_reference_date,market_reference_date,macro_reference_date,prediction_date,financial_age_days,market_age_days,macro_age_days,days_between_prediction_and_financial_statement,days_between_prediction_and_market_data,credit_spread,macro_credit_spread_reference_date,macro_credit_spread_days_before_prediction,effective_federal_funds_rate,macro_effective_federal_funds_rate_reference_date,macro_effective_federal_funds_rate_days_before_prediction,inflation_cpi_yoy,macro_inflation_cpi_yoy_reference_date,macro_inflation_cpi_yoy_days_before_prediction,real_gdp_growth,macro_real_gdp_growth_reference_date,macro_real_gdp_growth_days_before_prediction,treasury_10y_rate,macro_treasury_10y_rate_reference_date,macro_treasury_10y_rate_days_before_prediction,treasury_3m_rate,macro_treasury_3m_rate_reference_date,macro_treasury_3m_rate_days_before_prediction,unemployment_rate,macro_unemployment_rate_reference_date,macro_unemployment_rate_days_before_prediction,vix,macro_vix_reference_date,macro_vix_days_before_prediction,macro_field_count
NB_2249@1998-06-18,NB_2249,0,nonbankruptcy_candidate,1998,1999-06-18,1998-03-20,1997-06-29,1998-05-29,1998-06-18,1998-06-18,354,20,0,354,20,970.15,1998-05-29,20,5.54,1998-06-18,0,1.7,1998-05-31,18,4.1,1998-03-31,79,5.5,1998-06-18,0,5.181,1998-06-18,0,4.4,1998-05-31,18,22.4,1998-06-18,0,8
NB_904@1998-06-18,NB_904,0,nonbankruptcy_candidate,1998,1999-06-18,1998-03-20,1997-12-31,1998-05-29,1998-06-18,1998-06-18,169,20,0,169,20,970.15,1998-05-29,20,5.54,1998-06-18,0,1.7,1998-05-31,18,4.1,1998-03-31,79,5.5,1998-06-18,0,5.181,1998-06-18,0,4.4,1998-05-31,18,22.4,1998-06-18,0,8
SA_222@1998-06-18,SA_222,1,bankruptcy,1998,1999-06-18,1998-03-20,1998-02-28,1998-05-29,1998-06-18,1998-06-18,110,20,0,110,20,970.15,1998-05-29,20,5.54,1998-06-18,0,1.7,1998-05-31,18,4.1,1998-03-31,79,5.5,1998-06-18,0,5.181,1998-06-18,0,4.4,1998-05-31,18,22.4,1998-06-18,0,8
NB_2102@1998-07-07,NB_2102,0,nonbankruptcy_candidate,1998,1999-07-07,1998-04-08,1997-12-31,1998-06-30,1998-07-07,1998-07-07,188,7,0,188,7,977.32,1998-06-30,7,5.46,1998-07-07,0,1.7,1998-06-30,7,3.8,1998-06-30,7,5.417,1998-07-07,0,5.099,1998-07-07,0,4.5,1998-06-30,7,18.62,1998-07-07,0,8
NB_688@1998-07-07,NB_688,0,nonbankruptcy_candidate,1998,1999-07-07,1998-04-08,1997-04-30,1998-06-30,1998-07-07,1998-07-07,433,7,0,433,7,977.32,1998-06-30,7,5.46,1998-07-07,0,1.7,1998-06-30,7,3.8,1998-06-30,7,5.417,1998-07-07,0,5.099,1998-07-07,0,4.5,1998-06-30,7,18.62,1998-07-07,0,8
NB_872@1998-07-07,NB_872,0,nonbankruptcy_candidate,1998,1999-07-07,1998-04-08,1998-01-31,1998-06-30,1998-07-07,1998-07-07,157,7,0,157,7,977.32,1998-06-30,7,5.46,1998-07-07,0,1.7,1998-06-30,7,3.8,1998-06-30,7,5.417,1998-07-07,0,5.099,1998-07-07,0,4.5,1998-06-30,7,18.62,1998-07-07,0,8
SA_187@1998-07-07,SA_187,1,bankruptcy,1998,1999-07-07,1998-04-08,1997-12-31,1998-06-30,1998-07-07,1998-07-07,188,7,0,188,7,977.32,1998-06-30,7,5.46,1998-07-07,0,1.7,1998-06-30,7,3.8,1998-06-30,7,5.417,1998-07-07,0,5.099,1998-07-07,0,4.5,1998-06-30,7,18.62,1998-07-07,0,8
NB_1547@1998-09-28,NB_1547,0,nonbankruptcy_candidate,1998,1999-09-28,1998-06-30,1997-12-31,1998-08-31,1998-09-28,1998-09-28,271,28,0,271,28,980.97,1998-08-31,28,5.55,1998-09-28,0,1.6,1998-08-31,28,3.8,1998-06-30,90,4.589,1998-09-28,0,4.431,1998-09-28,0,4.5,1998-08-31,28,34.87,1998-09-28,0,8
SA_135@1998-09-28,SA_135,1,bankruptcy,1998,1999-09-28,1998-06-30,1998-01-30,1998-08-31,1998-09-28,1998-09-28,241,28,0,241,28,980.97,1998-08-31,28,5.55,1998-09-28,0,1.6,1998-08-31,28,3.8,1998-06-30,90,4.589,1998-09-28,0,4.431,1998-09-28,0,4.5,1998-08-31,28,34.87,1998-09-28,0,8
NB_1617@1998-11-13,NB_1617,0,nonbankruptcy_candidate,1998,1999-11-13,1998-08-15,1998-03-31,1998-10-30,1998-11-13,1998-11-13,227,14,0,227,14,997.13,1998-10-30,14,4.98,1998-11-13,0,1.5,1998-10-31,13,5.1,1998-09-30,44,4.81,1998-11-13,0,4.463,1998-11-13,0,4.5,1998-10-31,13,29.03,1998-11-13,0,8
NB_2446@1998-11-13,NB_2446,0,nonbankruptcy_candidate,1998,1999-11-13,1998-08-15,1998-01-31,1998-10-30,1998-11-13,1998-11-13,286,14,0,286,14,997.13,1998-10-30,14,4.98,1998-11-13,0,1.5,1998-10-31,13,5.1,1998-09-30,44,4.81,1998-11-13,0,4.463,1998-11-13,0,4.5,1998-10-31,13,29.03,1998-11-13,0,8
NB_872@1998-11-13,NB_872,0,nonbankruptcy_candidate,1998,1999-11-13,1998-08-15,1998-01-31,1998-10-30,1998-11-13,1998-11-13,286,14,0,286,14,997.13,1998-10-30,14,4.98,1998-11-13,0,1.5,1998-10-31,13,5.1,1998-09-30,44,4.81,1998-11-13,0,4.463,1998-11-13,0,4.5,1998-10-31,13,29.03,1998-11-13,0,8
SA_26@1998-11-13,SA_26,1,bankruptcy,1998,1999-11-13,1998-08-15,1997-12-31,1998-10-30,1998-11-13,1998-11-13,317,14,0,317,14,997.13,1998-10-30,14,4.98,1998-11-13,0,1.5,1998-10-31,13,5.1,1998-09-30,44,4.81,1998-11-13,0,4.463,1998-11-13,0,4.5,1998-10-31,13,29.03,1998-11-13,0,8
NB_2394@1998-12-15,NB_2394,0,nonbankruptcy_candidate,1998,1999-12-15,1998-09-16,1997-12-31,1998-11-30,1998-12-15,1998-12-15,349,15,0,349,15,1015.92,1998-11-30,15,5.1,1998-12-15,0,1.5,1998-11-30,15,5.1,1998-09-30,76,4.621,1998-12-15,0,4.486,1998-12-15,0,4.4,1998-11-30,15,29.42,1998-12-15,0,8
SA_80@1998-12-15,SA_80,1,bankruptcy,1998,1999-12-15,1998-09-16,1997-12-31,1998-11-30,1998-12-15,1998-12-15,349,15,0,349,15,1015.92,1998-11-30,15,5.1,1998-12-15,0,1.5,1998-11-30,15,5.1,1998-09-30,76,4.621,1998-12-15,0,4.486,1998-12-15,0,4.4,1998-11-30,15,29.42,1998-12-15,0,8
NB_1503@1999-06-05,NB_1503,0,nonbankruptcy_candidate,1999,2000-06-05,1999-03-07,1999-02-28,1999-05-31,1999-06-04,1999-06-05,97,5,1,97,5,1001.02,1999-05-31,5,4.69,1999-06-04,1,2.1,1999-05-31,5,3.8,1999-03-31,66,5.807,1999-06-04,1,4.537,1999-06-04,1,4.2,1999-05-31,5,23.43,1999-06-04,1,8
NB_899@1999-06-05,NB_899,0,nonbankruptcy_candidate,1999,2000-06-05,1999-03-07,1998-12-31,1999-05-31,1999-06-04,1999-06-05,156,5,1,156,5,1001.02,1999-05-31,5,4.69,1999-06-04,1,2.1,1999-05-31,5,3.8,1999-03-31,66,5.807,1999-06-04,1,4.537,1999-06-04,1,4.2,1999-05-31,5,23.43,1999-06-04,1,8
SA_134@1999-06-05,SA_134,1,bankruptcy,1999,2000-06-05,1999-03-07,1998-12-31,1999-05-31,1999-06-04,1999-06-05,156,5,1,156,5,1001.02,1999-05-31,5,4.69,1999-06-04,1,2.1,1999-05-31,5,3.8,1999-03-31,66,5.807,1999-06-04,1,4.537,1999-06-04,1,4.2,1999-05-31,5,23.43,1999-06-04,1,8
NB_1548@1999-08-06,NB_1548,0,nonbankruptcy_candidate,1999,2000-08-06,1999-05-08,1999-01-31,1999-07-30,1999-08-06,1999-08-06,187,7,0,187,7,990.29,1999-07-30,7,4.93,1999-08-06,0,2.1,1999-07-31,6,3.4,1999-06-30,37,6.038,1999-08-06,0,4.797,1999-08-06,0,4.3,1999-07-31,6,26.6,1999-08-06,0,8
NB_518@1999-08-06,NB_518,0,nonbankruptcy_candidate,1999,2000-08-06,1999-05-08,1998-11-30,1999-07-30,1999-08-06,1999-08-06,249,7,0,249,7,990.29,1999-07-30,7,4.93,1999-08-06,0,2.1,1999-07-31,6,3.4,1999-06-30,37,6.038,1999-08-06,0,4.797,1999-08-06,0,4.3,1999-07-31,6,26.6,1999-08-06,0,8
SA_145@1999-08-06,SA_145,1,bankruptcy,1999,2000-08-06,1999-05-08,1999-01-30,1999-07-30,1999-08-06,1999-08-06,188,7,0,188,7,990.29,1999-07-30,7,4.93,1999-08-06,0,2.1,1999-07-31,6,3.4,1999-06-30,37,6.038,1999-08-06,0,4.797,1999-08-06,0,4.3,1999-07-31,6,26.6,1999-08-06,0,8
NB_2813@1999-09-04,NB_2813,0,nonbankruptcy_candidate,1999,2000-09-04,1999-06-06,1998-12-31,1999-08-31,1999-09-03,1999-09-04,247,4,1,247,4,987.88,1999-08-31,4,5.09,1999-09-03,1,2.3,1999-08-31,4,3.4,1999-06-30,66,5.888,1999-09-03,1,4.911,1999-09-03,1,4.2,1999-08-31,4,20.98,1999-09-03,1,8
NB_791@1999-09-04,NB_791,0,nonbankruptcy_candidate,1999,2000-09-04,1999-06-06,1998-12-31,1999-08-31,1999-09-03,1999-09-04,247,4,1,247,4,987.88,1999-08-31,4,5.09,1999-09-03,1,2.3,1999-08-31,4,3.4,1999-06-30,66,5.888,1999-09-03,1,4.911,1999-09-03,1,4.2,1999-08-31,4,20.98,1999-09-03,1,8
SA_75@1999-09-04,SA_75,1,bankruptcy,1999,2000-09-04,1999-06-06,1998-12-31,1999-08-31,1999-09-03,1999-09-04,247,4,1,247,4,987.88,1999-08-31,4,5.09,1999-09-03,1,2.3,1999-08-31,4,3.4,1999-06-30,66,5.888,1999-09-03,1,4.911,1999-09-03,1,4.2,1999-08-31,4,20.98,1999-09-03,1,8
NB_2147@1999-10-20,NB_2147,0,nonbankruptcy_candidate,1999,2000-10-20,1999-07-22,1998-12-31,1999-09-30,1999-10-20,1999-10-20,293,20,0,293,20,998.61,1999-09-30,20,4.92,1999-10-20,0,2.6,1999-09-30,20,5.4,1999-09-30,20,6.173,1999-10-20,0,5.133,1999-10-20,0,4.2,1999-09-30,20,23.9,1999-10-20,0,8
NB_2446@1999-10-20,NB_2446,0,nonbankruptcy_candidate,1999,2000-10-20,1999-07-22,1999-01-30,1999-09-30,1999-10-20,1999-10-20,263,20,0,263,20,998.61,1999-09-30,20,4.92,1999-10-20,0,2.6,1999-09-30,20,5.4,1999-09-30,20,6.173,1999-10-20,0,5.133,1999-10-20,0,4.2,1999-09-30,20,23.9,1999-10-20,0,8
SA_59@1999-10-20,SA_59,1,bankruptcy,1999,2000-10-20,1999-07-22,1998-09-30,1999-09-30,1999-10-20,1999-10-20,385,20,0,385,20,998.61,1999-09-30,20,4.92,1999-10-20,0,2.6,1999-09-30,20,5.4,1999-09-30,20,6.173,1999-10-20,0,5.133,1999-10-20,0,4.2,1999-09-30,20,23.9,1999-10-20,0,8
NB_1538@2000-02-03,NB_1538,0,nonbankruptcy_candidate,2000,2001-02-03,1999-11-05,1996-12-31,2000-01-31,2000-02-03,2000-02-03,1129,3,0,1129,3,995.43,2000-01-31,3,5.71,2000-02-03,0,2.7,2000-01-31,3,6.7,1999-12-31,34,6.489,2000-02-03,0,5.612,2000-02-03,0,4.0,2000-01-31,3,22.01,2000-02-03,0,8
NB_1630@2000-02-03,NB_1630,0,nonbankruptcy_candidate,2000,2001-02-03,1999-11-05,1998-03-31,2000-01-31,2000-02-03,2000-02-03,674,3,0,674,3,995.43,2000-01-31,3,5.71,2000-02-03,0,2.7,2000-01-31,3,6.7,1999-12-31,34,6.489,2000-02-03,0,5.612,2000-02-03,0,4.0,2000-01-31,3,22.01,2000-02-03,0,8
NB_2751@2000-02-03,NB_2751,0,nonbankruptcy_candidate,2000,2001-02-03,1999-11-05,1998-12-31,2000-01-31,2000-02-03,2000-02-03,399,3,0,399,3,995.43,2000-01-31,3,5.71,2000-02-03,0,2.7,2000-01-31,3,6.7,1999-12-31,34,6.489,2000-02-03,0,5.612,2000-02-03,0,4.0,2000-01-31,3,22.01,2000-02-03,0,8
SA_130@2000-02-03,SA_130,1,bankruptcy,2000,2001-02-03,1999-11-05,1999-10-31,2000-01-31,2000-02-03,2000-02-03,95,3,0,95,3,995.43,2000-01-31,3,5.71,2000-02-03,0,2.7,2000-01-31,3,6.7,1999-12-31,34,6.489,2000-02-03,0,5.612,2000-02-03,0,4.0,2000-01-31,3,22.01,2000-02-03,0,8
NB_1072@2000-05-10,NB_1072,0,nonbankruptcy_candidate,2000,2001-05-10,2000-02-10,1999-03-31,2000-04-28,2000-05-10,2000-05-10,406,12,0,406,12,1004.33,2000-04-28,12,5.95,2000-05-10,0,3.1,2000-04-30,10,1.5,2000-03-31,40,6.42,2000-05-10,0,6.168,2000-05-10,0,3.8,2000-04-30,10,29.87,2000-05-10,0,8
NB_2264@2000-05-10,NB_2264,0,nonbankruptcy_candidate,2000,2001-05-10,2000-02-10,1999-10-31,2000-04-28,2000-05-10,2000-05-10,192,12,0,192,12,1004.33,2000-04-28,12,5.95,2000-05-10,0,3.1,2000-04-30,10,1.5,2000-03-31,40,6.42,2000-05-10,0,6.168,2000-05-10,0,3.8,2000-04-30,10,29.87,2000-05-10,0,8
SA_9@2000-05-10,SA_9,1,bankruptcy,2000,2001-05-10,2000-02-10,1999-12-31,2000-04-28,2000-05-10,2000-05-10,131,12,0,131,12,1004.33,2000-04-28,12,5.95,2000-05-10,0,3.1,2000-04-30,10,1.5,2000-03-31,40,6.42,2000-05-10,0,6.168,2000-05-10,0,3.8,2000-04-30,10,29.87,2000-05-10,0,8
NB_2264@2000-07-07,NB_2264,0,nonbankruptcy_candidate,2000,2001-07-07,2000-04-08,1999-10-31,2000-06-30,2000-07-07,2000-07-07,250,7,0,250,7,1025.71,2000-06-30,7,6.42,2000-07-07,0,3.7,2000-06-30,7,7.5,2000-06-30,7,6.001,2000-07-07,0,6.032,2000-07-07,0,4.0,2000-06-30,7,19.22,2000-07-07,0,8
SA_51@2000-07-07,SA_51,1,bankruptcy,2000,2001-07-07,2000-04-08,1999-12-31,2000-06-30,2000-07-07,2000-07-07,189,7,0,189,7,1025.71,2000-06-30,7,6.42,2000-07-07,0,3.7,2000-06-30,7,7.5,2000-06-30,7,6.001,2000-07-07,0,6.032,2000-07-07,0,4.0,2000-06-30,7,19.22,2000-07-07,0,8
SA_215@2000-08-11,SA_215,1,bankruptcy,2000,2001-08-11,2000-05-13,1999-12-31,2000-07-31,2000-08-11,2000-08-11,224,11,0,224,11,1038.15,2000-07-31,11,6.5,2000-08-11,0,3.7,2000-07-31,11,7.5,2000-06-30,42,5.79,2000-08-11,0,6.3,2000-08-11,0,4.0,2000-07-31,11,18.55,2000-08-11,0,8
NB_986@2000-09-20,NB_986,0,nonbankruptcy_candidate,2000,2001-09-20,2000-06-22,2000-03-31,2000-08-31,2000-09-20,2000-09-20,173,20,0,173,20,1051.14,2000-08-31,20,6.5,2000-09-20,0,3.4,2000-08-31,20,7.5,2000-06-30,82,5.897,2000-09-20,0,6.151,2000-09-20,0,4.1,2000-08-31,20,19.93,2000-09-20,0,8
SA_280@2000-09-20,SA_280,1,bankruptcy,2000,2001-09-20,2000-06-22,1999-07-31,2000-08-31,2000-09-20,2000-09-20,417,20,0,417,20,1051.14,2000-08-31,20,6.5,2000-09-20,0,3.4,2000-08-31,20,7.5,2000-06-30,82,5.897,2000-09-20,0,6.151,2000-09-20,0,4.1,2000-08-31,20,19.93,2000-09-20,0,8
NB_1045@2000-09-30,NB_1045,0,nonbankruptcy_candidate,2000,2001-09-30,2000-07-02,2000-06-30,2000-09-29,2000-09-30,2000-09-30,92,1,0,92,1,1056.9,2000-09-29,1,6.6,2000-09-29,1,3.5,2000-09-30,0,0.4,2000-09-30,0,5.802,2000-09-29,1,6.21,2000-09-29,1,3.9,2000-09-30,0,20.57,2000-09-29,1,8
NB_160@2000-09-30,NB_160,0,nonbankruptcy_candidate,2000,2001-09-30,2000-07-02,1999-12-31,2000-09-29,2000-09-30,2000-09-30,274,1,0,274,1,1056.9,2000-09-29,1,6.6,2000-09-29,1,3.5,2000-09-30,0,0.4,2000-09-30,0,5.802,2000-09-29,1,6.21,2000-09-29,1,3.9,2000-09-30,0,20.57,2000-09-29,1,8
NB_2386@2000-09-30,NB_2386,0,nonbankruptcy_candidate,2000,2001-09-30,2000-07-02,1999-12-31,2000-09-29,2000-09-30,2000-09-30,274,1,0,274,1,1056.9,2000-09-29,1,6.6,2000-09-29,1,3.5,2000-09-30,0,0.4,2000-09-30,0,5.802,2000-09-29,1,6.21,2000-09-29,1,3.9,2000-09-30,0,20.57,2000-09-29,1,8
NB_2563@2000-09-30,NB_2563,0,nonbankruptcy_candidate,2000,2001-09-30,2000-07-02,1999-12-31,2000-09-29,2000-09-30,2000-09-30,274,1,0,274,1,1056.9,2000-09-29,1,6.6,2000-09-29,1,3.5,2000-09-30,0,0.4,2000-09-30,0,5.802,2000-09-29,1,6.21,2000-09-29,1,3.9,2000-09-30,0,20.57,2000-09-29,1,8
NB_590@2000-09-30,NB_590,0,nonbankruptcy_candidate,2000,2001-09-30,2000-07-02,1999-12-31,2000-09-29,2000-09-30,2000-09-30,274,1,0,274,1,1056.9,2000-09-29,1,6.6,2000-09-29,1,3.5,2000-09-30,0,0.4,2000-09-30,0,5.802,2000-09-29,1,6.21,2000-09-29,1,3.9,2000-09-30,0,20.57,2000-09-29,1,8
SA_90@2000-09-30,SA_90,1,bankruptcy,2000,2001-09-30,2000-07-02,1999-12-31,2000-09-29,2000-09-30,2000-09-30,274,1,0,274,1,1056.9,2000-09-29,1,6.6,2000-09-29,1,3.5,2000-09-30,0,0.4,2000-09-30,0,5.802,2000-09-29,1,6.21,2000-09-29,1,3.9,2000-09-30,0,20.57,2000-09-29,1,8
NB_1105@2001-03-02,NB_1105,0,nonbankruptcy_candidate,2001,2002-03-02,2000-12-02,1999-12-31,2001-02-28,2001-03-02,2001-03-02,427,2,0,427,2,1130.31,2001-02-28,2,5.52,2001-03-02,0,3.5,2001-02-28,2,2.4,2000-12-31,61,4.947,2001-03-02,0,4.836,2001-03-02,0,4.2,2001-02-28,2,27.43,2001-03-02,0,8
NB_2158@2001-03-02,NB_2158,0,nonbankruptcy_candidate,2001,2002-03-02,2000-12-02,1999-12-31,2001-02-28,2001-03-02,2001-03-02,427,2,0,427,2,1130.31,2001-02-28,2,5.52,2001-03-02,0,3.5,2001-02-28,2,2.4,2000-12-31,61,4.947,2001-03-02,0,4.836,2001-03-02,0,4.2,2001-02-28,2,27.43,2001-03-02,0,8
NB_2490@2001-03-02,NB_2490,0,nonbankruptcy_candidate,2001,2002-03-02,2000-12-02,1999-12-31,2001-02-28,2001-03-02,2001-03-02,427,2,0,427,2,1130.31,2001-02-28,2,5.52,2001-03-02,0,3.5,2001-02-28,2,2.4,2000-12-31,61,4.947,2001-03-02,0,4.836,2001-03-02,0,4.2,2001-02-28,2,27.43,2001-03-02,0,8
NB_2492@2001-03-02,NB_2492,0,nonbankruptcy_candidate,2001,2002-03-02,2000-12-02,1999-12-31,2001-02-28,2001-03-02,2001-03-02,427,2,0,427,2,1130.31,2001-02-28,2,5.52,2001-03-02,0,3.5,2001-02-28,2,2.4,2000-12-31,61,4.947,2001-03-02,0,4.836,2001-03-02,0,4.2,2001-02-28,2,27.43,2001-03-02,0,8
NB_2811@2001-03-02,NB_2811,0,nonbankruptcy_candidate,2001,2002-03-02,2000-12-02,1999-12-31,2001-02-28,2001-03-02,2001-03-02,427,2,0,427,2,1130.31,2001-02-28,2,5.52,2001-03-02,0,3.5,2001-02-28,2,2.4,2000-12-31,61,4.947,2001-03-02,0,4.836,2001-03-02,0,4.2,2001-02-28,2,27.43,2001-03-02,0,8
NB_2887@2001-03-02,NB_2887,0,nonbankruptcy_candidate,2001,2002-03-02,2000-12-02,2000-03-31,2001-02-28,2001-03-02,2001-03-02,336,2,0,336,2,1130.31,2001-02-28,2,5.52,2001-03-02,0,3.5,2001-02-28,2,2.4,2000-12-31,61,4.947,2001-03-02,0,4.836,2001-03-02,0,4.2,2001-02-28,2,27.43,2001-03-02,0,8
NB_642@2001-03-02,NB_642,0,nonbankruptcy_candidate,2001,2002-03-02,2000-12-02,1999-12-31,2001-02-28,2001-03-02,2001-03-02,427,2,0,427,2,1130.31,2001-02-28,2,5.52,2001-03-02,0,3.5,2001-02-28,2,2.4,2000-12-31,61,4.947,2001-03-02,0,4.836,2001-03-02,0,4.2,2001-02-28,2,27.43,2001-03-02,0,8
SA_143@2001-03-02,SA_143,1,bankruptcy,2001,2002-03-02,2000-12-02,1999-12-31,2001-02-28,2001-03-02,2001-03-02,427,2,0,427,2,1130.31,2001-02-28,2,5.52,2001-03-02,0,3.5,2001-02-28,2,2.4,2000-12-31,61,4.947,2001-03-02,0,4.836,2001-03-02,0,4.2,2001-02-28,2,27.43,2001-03-02,0,8
NB_1072@2001-07-03,NB_1072,0,nonbankruptcy_candidate,2001,2002-07-03,2001-04-04,2001-03-31,2001-06-29,2001-07-03,2001-07-03,94,4,0,94,4,1149.31,2001-06-29,4,3.69,2001-07-03,0,3.2,2001-06-30,3,2.5,2001-06-30,3,5.38,2001-07-03,0,3.658,2001-07-03,0,4.5,2001-06-30,3,18.92,2001-07-03,0,8
NB_2478@2001-07-03,NB_2478,0,nonbankruptcy_candidate,2001,2002-07-03,2001-04-04,2000-09-30,2001-06-29,2001-07-03,2001-07-03,276,4,0,276,4,1149.31,2001-06-29,4,3.69,2001-07-03,0,3.2,2001-06-30,3,2.5,2001-06-30,3,5.38,2001-07-03,0,3.658,2001-07-03,0,4.5,2001-06-30,3,18.92,2001-07-03,0,8
NB_2930@2001-07-03,NB_2930,0,nonbankruptcy_candidate,2001,2002-07-03,2001-04-04,2000-12-31,2001-06-29,2001-07-03,2001-07-03,184,4,0,184,4,1149.31,2001-06-29,4,3.69,2001-07-03,0,3.2,2001-06-30,3,2.5,2001-06-30,3,5.38,2001-07-03,0,3.658,2001-07-03,0,4.5,2001-06-30,3,18.92,2001-07-03,0,8
SA_162@2001-07-03,SA_162,1,bankruptcy,2001,2002-07-03,2001-04-04,2000-12-31,2001-06-29,2001-07-03,2001-07-03,184,4,0,184,4,1149.31,2001-06-29,4,3.69,2001-07-03,0,3.2,2001-06-30,3,2.5,2001-06-30,3,5.38,2001-07-03,0,3.658,2001-07-03,0,4.5,2001-06-30,3,18.92,2001-07-03,0,8
SA_220@2001-08-15,SA_220,1,bankruptcy,2001,2002-08-15,2001-05-17,2000-12-31,2001-07-31,2001-08-15,2001-08-15,227,15,0,227,15,1180.46,2001-07-31,15,3.83,2001-08-15,0,2.7,2001-07-31,15,2.5,2001-06-30,46,5.0,2001-08-15,0,3.431,2001-08-15,0,4.6,2001-07-31,15,20.91,2001-08-15,0,8
SA_238@2001-08-17,SA_238,1,bankruptcy,2001,2002-08-17,2001-05-19,2000-09-30,2001-07-31,2001-08-17,2001-08-17,321,17,0,321,17,1180.46,2001-07-31,17,3.66,2001-08-17,0,2.7,2001-07-31,17,2.5,2001-06-30,48,4.839,2001-08-17,0,3.368,2001-08-17,0,4.6,2001-07-31,17,23.84,2001-08-17,0,8
NB_893@2001-08-22,NB_893,0,nonbankruptcy_candidate,2001,2002-08-22,2001-05-24,2001-02-28,2001-07-31,2001-08-22,2001-08-22,175,22,0,175,22,1180.46,2001-07-31,22,3.51,2001-08-22,0,2.7,2001-07-31,22,2.5,2001-06-30,53,4.894,2001-08-22,0,3.379,2001-08-22,0,4.6,2001-07-31,22,22.44,2001-08-22,0,8
SA_10@2001-08-22,SA_10,1,bankruptcy,2001,2002-08-22,2001-05-24,2001-03-31,2001-07-31,2001-08-22,2001-08-22,144,22,0,144,22,1180.46,2001-07-31,22,3.51,2001-08-22,0,2.7,2001-07-31,22,2.5,2001-06-30,53,4.894,2001-08-22,0,3.379,2001-08-22,0,4.6,2001-07-31,22,22.44,2001-08-22,0,8
SA_290@2001-09-06,SA_290,1,bankruptcy,2001,2002-09-06,2001-06-08,2001-01-31,2001-08-31,2001-09-06,2001-09-06,218,6,0,218,6,1195.79,2001-08-31,6,3.52,2001-09-06,0,2.7,2001-08-31,6,2.5,2001-06-30,68,4.873,2001-09-06,0,3.369,2001-09-06,0,4.9,2001-08-31,6,28.61,2001-09-06,0,8
SA_84@2001-09-15,SA_84,1,bankruptcy,2001,2002-09-15,2001-06-17,2000-12-31,2001-08-31,2001-09-14,2001-09-15,258,15,1,258,15,1195.79,2001-08-31,15,3.13,2001-09-14,1,2.7,2001-08-31,15,2.5,2001-06-30,77,4.553,2001-09-14,1,2.73,2001-09-14,1,4.9,2001-08-31,15,31.84,2001-09-10,5,8
NB_2587@2001-10-18,NB_2587,0,nonbankruptcy_candidate,2001,2002-10-18,2001-07-20,2001-07-01,2001-09-28,2001-10-18,2001-10-18,109,20,0,109,20,1191.78,2001-09-28,20,2.5,2001-10-18,0,2.6,2001-09-30,18,-1.6,2001-09-30,18,4.577,2001-10-18,0,2.187,2001-10-18,0,5.0,2001-09-30,18,34.95,2001-10-18,0,8
NB_2742@2001-10-18,NB_2742,0,nonbankruptcy_candidate,2001,2002-10-18,2001-07-20,2000-10-31,2001-09-28,2001-10-18,2001-10-18,352,20,0,352,20,1191.78,2001-09-28,20,2.5,2001-10-18,0,2.6,2001-09-30,18,-1.6,2001-09-30,18,4.577,2001-10-18,0,2.187,2001-10-18,0,5.0,2001-09-30,18,34.95,2001-10-18,0,8
NB_590@2001-10-18,NB_590,0,nonbankruptcy_candidate,2001,2002-10-18,2001-07-20,2000-12-31,2001-09-28,2001-10-18,2001-10-18,291,20,0,291,20,1191.78,2001-09-28,20,2.5,2001-10-18,0,2.6,2001-09-30,18,-1.6,2001-09-30,18,4.577,2001-10-18,0,2.187,2001-10-18,0,5.0,2001-09-30,18,34.95,2001-10-18,0,8
SA_160@2001-10-18,SA_160,1,bankruptcy,2001,2002-10-18,2001-07-20,2000-12-29,2001-09-28,2001-10-18,2001-10-18,293,20,0,293,20,1191.78,2001-09-28,20,2.5,2001-10-18,0,2.6,2001-09-30,18,-1.6,2001-09-30,18,4.577,2001-10-18,0,2.187,2001-10-18,0,5.0,2001-09-30,18,34.95,2001-10-18,0,8
NB_1045@2001-11-22,NB_1045,0,nonbankruptcy_candidate,2001,2002-11-22,2001-08-24,2001-06-30,2001-10-31,2001-11-22,2001-11-22,145,22,0,145,22,1221.11,2001-10-31,22,1.93,2001-11-21,1,2.1,2001-10-31,22,-1.6,2001-09-30,53,4.966,2001-11-22,0,1.94,2001-11-22,0,5.3,2001-10-31,22,24.19,2001-11-21,1,8
NB_1195@2001-11-22,NB_1195,0,nonbankruptcy_candidate,2001,2002-11-22,2001-08-24,2000-12-31,2001-10-31,2001-11-22,2001-11-22,326,22,0,326,22,1221.11,2001-10-31,22,1.93,2001-11-21,1,2.1,2001-10-31,22,-1.6,2001-09-30,53,4.966,2001-11-22,0,1.94,2001-11-22,0,5.3,2001-10-31,22,24.19,2001-11-21,1,8
NB_1240@2001-11-22,NB_1240,0,nonbankruptcy_candidate,2001,2002-11-22,2001-08-24,2000-12-31,2001-10-31,2001-11-22,2001-11-22,326,22,0,326,22,1221.11,2001-10-31,22,1.93,2001-11-21,1,2.1,2001-10-31,22,-1.6,2001-09-30,53,4.966,2001-11-22,0,1.94,2001-11-22,0,5.3,2001-10-31,22,24.19,2001-11-21,1,8
NB_2105@2001-11-22,NB_2105,0,nonbankruptcy_candidate,2001,2002-11-22,2001-08-24,2000-12-31,2001-10-31,2001-11-22,2001-11-22,326,22,0,326,22,1221.11,2001-10-31,22,1.93,2001-11-21,1,2.1,2001-10-31,22,-1.6,2001-09-30,53,4.966,2001-11-22,0,1.94,2001-11-22,0,5.3,2001-10-31,22,24.19,2001-11-21,1,8
NB_2447@2001-11-22,NB_2447,0,nonbankruptcy_candidate,2001,2002-11-22,2001-08-24,2000-12-31,2001-10-31,2001-11-22,2001-11-22,326,22,0,326,22,1221.11,2001-10-31,22,1.93,2001-11-21,1,2.1,2001-10-31,22,-1.6,2001-09-30,53,4.966,2001-11-22,0,1.94,2001-11-22,0,5.3,2001-10-31,22,24.19,2001-11-21,1,8
SA_77@2001-11-22,SA_77,1,bankruptcy,2001,2002-11-22,2001-08-24,2000-12-31,2001-10-31,2001-11-22,2001-11-22,326,22,0,326,22,1221.11,2001-10-31,22,1.93,2001-11-21,1,2.1,2001-10-31,22,-1.6,2001-09-30,53,4.966,2001-11-22,0,1.94,2001-11-22,0,5.3,2001-10-31,22,24.19,2001-11-21,1,8
NB_594@2001-12-06,NB_594,0,nonbankruptcy_candidate,2001,2002-12-06,2001-09-07,2000-12-31,2001-11-30,2001-12-06,2001-12-06,340,6,0,340,6,1210.79,2001-11-30,6,1.87,2001-12-06,0,1.9,2001-11-30,6,-1.6,2001-09-30,67,5.013,2001-12-06,0,1.736,2001-12-06,0,5.5,2001-11-30,6,23.71,2001-12-06,0,8
SA_240@2001-12-06,SA_240,1,bankruptcy,2001,2002-12-06,2001-09-07,2000-12-31,2001-11-30,2001-12-06,2001-12-06,340,6,0,340,6,1210.79,2001-11-30,6,1.87,2001-12-06,0,1.9,2001-11-30,6,-1.6,2001-09-30,67,5.013,2001-12-06,0,1.736,2001-12-06,0,5.5,2001-11-30,6,23.71,2001-12-06,0,8
SA_3@2001-12-11,SA_3,1,bankruptcy,2001,2002-12-11,2001-09-12,2000-12-31,2001-11-30,2001-12-11,2001-12-11,345,11,0,345,11,1210.79,2001-11-30,11,1.8,2001-12-11,0,1.9,2001-11-30,11,-1.6,2001-09-30,72,5.051,2001-12-11,0,1.644,2001-12-11,0,5.5,2001-11-30,11,25.3,2001-12-11,0,8
SA_118@2002-02-19,SA_118,1,bankruptcy,2002,2003-02-19,2001-11-21,2000-12-31,2002-01-31,2002-02-19,2002-02-19,415,19,0,415,19,1212.23,2002-01-31,19,1.77,2002-02-19,0,1.1,2002-01-31,19,1.1,2001-12-31,50,4.873,2002-02-19,0,1.736,2002-02-19,0,5.7,2002-01-31,19,24.43,2002-02-19,0,8
NB_1011@2002-02-22,NB_1011,0,nonbankruptcy_candidate,2002,2003-02-22,2001-11-24,2000-12-31,2002-01-31,2002-02-22,2002-02-22,418,22,0,418,22,1212.23,2002-01-31,22,1.71,2002-02-22,0,1.1,2002-01-31,22,1.1,2001-12-31,53,4.831,2002-02-22,0,1.767,2002-02-22,0,5.7,2002-01-31,22,22.86,2002-02-22,0,8
NB_1718@2002-02-22,NB_1718,0,nonbankruptcy_candidate,2002,2003-02-22,2001-11-24,2000-12-31,2002-01-31,2002-02-22,2002-02-22,418,22,0,418,22,1212.23,2002-01-31,22,1.71,2002-02-22,0,1.1,2002-01-31,22,1.1,2001-12-31,53,4.831,2002-02-22,0,1.767,2002-02-22,0,5.7,2002-01-31,22,22.86,2002-02-22,0,8
NB_2815@2002-02-22,NB_2815,0,nonbankruptcy_candidate,2002,2003-02-22,2001-11-24,2000-12-31,2002-01-31,2002-02-22,2002-02-22,418,22,0,418,22,1212.23,2002-01-31,22,1.71,2002-02-22,0,1.1,2002-01-31,22,1.1,2001-12-31,53,4.831,2002-02-22,0,1.767,2002-02-22,0,5.7,2002-01-31,22,22.86,2002-02-22,0,8
NB_618@2002-02-22,NB_618,0,nonbankruptcy_candidate,2002,2003-02-22,2001-11-24,2001-07-31,2002-01-31,2002-02-22,2002-02-22,206,22,0,206,22,1212.23,2002-01-31,22,1.71,2002-02-22,0,1.1,2002-01-31,22,1.1,2001-12-31,53,4.831,2002-02-22,0,1.767,2002-02-22,0,5.7,2002-01-31,22,22.86,2002-02-22,0,8
SA_308@2002-02-22,SA_308,1,bankruptcy,2002,2003-02-22,2001-11-24,2000-12-31,2002-01-31,2002-02-22,2002-02-22,418,22,0,418,22,1212.23,2002-01-31,22,1.71,2002-02-22,0,1.1,2002-01-31,22,1.1,2001-12-31,53,4.831,2002-02-22,0,1.767,2002-02-22,0,5.7,2002-01-31,22,22.86,2002-02-22,0,8
SA_131@2002-03-05,SA_131,1,bankruptcy,2002,2003-03-05,2001-12-05,2001-06-30,2002-02-28,2002-03-05,2002-03-05,248,5,0,248,5,1220.23,2002-02-28,5,1.63,2002-03-05,0,1.1,2002-02-28,5,1.1,2001-12-31,64,5.001,2002-03-05,0,1.787,2002-03-05,0,5.7,2002-02-28,5,20.3,2002-03-05,0,8
NB_1305@2002-03-13,NB_1305,0,nonbankruptcy_candidate,2002,2003-03-13,2001-12-13,2000-12-31,2002-02-28,2002-03-13,2002-03-13,437,13,0,437,13,1220.23,2002-02-28,13,1.73,2002-03-13,0,1.1,2002-02-28,13,1.1,2001-12-31,72,5.279,2002-03-13,0,1.818,2002-03-13,0,5.7,2002-02-28,13,19.46,2002-03-13,0,8
NB_1932@2002-03-13,NB_1932,0,nonbankruptcy_candidate,2002,2003-03-13,2001-12-13,2001-06-30,2002-02-28,2002-03-13,2002-03-13,256,13,0,256,13,1220.23,2002-02-28,13,1.73,2002-03-13,0,1.1,2002-02-28,13,1.1,2001-12-31,72,5.279,2002-03-13,0,1.818,2002-03-13,0,5.7,2002-02-28,13,19.46,2002-03-13,0,8
NB_86@2002-03-13,NB_86,0,nonbankruptcy_candidate,2002,2003-03-13,2001-12-13,2000-12-31,2002-02-28,2002-03-13,2002-03-13,437,13,0,437,13,1220.23,2002-02-28,13,1.73,2002-03-13,0,1.1,2002-02-28,13,1.1,2001-12-31,72,5.279,2002-03-13,0,1.818,2002-03-13,0,5.7,2002-02-28,13,19.46,2002-03-13,0,8
SA_36@2002-03-13,SA_36,1,bankruptcy,2002,2003-03-13,2001-12-13,2000-12-31,2002-02-28,2002-03-13,2002-03-13,437,13,0,437,13,1220.23,2002-02-28,13,1.73,2002-03-13,0,1.1,2002-02-28,13,1.1,2001-12-31,72,5.279,2002-03-13,0,1.818,2002-03-13,0,5.7,2002-02-28,13,19.46,2002-03-13,0,8
NB_2442@2002-06-05,NB_2442,0,nonbankruptcy_candidate,2002,2003-06-05,2002-03-07,2001-12-31,2002-05-31,2002-06-05,2002-06-05,156,5,0,156,5,1229.72,2002-05-31,5,1.7,2002-06-05,0,1.2,2002-05-31,5,3.4,2002-03-31,66,5.0469,2002-06-05,0,1.7413,2002-06-05,0,5.8,2002-05-31,5,22.61,2002-06-05,0,8
NB_893@2002-06-05,NB_893,0,nonbankruptcy_candidate,2002,2003-06-05,2002-03-07,2002-02-28,2002-05-31,2002-06-05,2002-06-05,97,5,0,97,5,1229.72,2002-05-31,5,1.7,2002-06-05,0,1.2,2002-05-31,5,3.4,2002-03-31,66,5.0469,2002-06-05,0,1.7413,2002-06-05,0,5.8,2002-05-31,5,22.61,2002-06-05,0,8
SA_223@2002-06-05,SA_223,1,bankruptcy,2002,2003-06-05,2002-03-07,2001-12-31,2002-05-31,2002-06-05,2002-06-05,156,5,0,156,5,1229.72,2002-05-31,5,1.7,2002-06-05,0,1.2,2002-05-31,5,3.4,2002-03-31,66,5.0469,2002-06-05,0,1.7413,2002-06-05,0,5.8,2002-05-31,5,22.61,2002-06-05,0,8
NB_447@2002-08-29,NB_447,0,nonbankruptcy_candidate,2002,2003-08-29,2002-05-31,2002-05-31,2002-07-31,2002-08-29,2002-08-29,90,29,0,90,29,1225.37,2002-07-31,29,1.82,2002-08-29,0,1.5,2002-07-31,29,2.5,2002-06-30,60,4.1374,2002-08-29,0,1.6595,2002-08-29,0,5.8,2002-07-31,29,33.67,2002-08-29,0,8
NB_899@2002-08-29,NB_899,0,nonbankruptcy_candidate,2002,2003-08-29,2002-05-31,2001-12-31,2002-07-31,2002-08-29,2002-08-29,241,29,0,241,29,1225.37,2002-07-31,29,1.82,2002-08-29,0,1.5,2002-07-31,29,2.5,2002-06-30,60,4.1374,2002-08-29,0,1.6595,2002-08-29,0,5.8,2002-07-31,29,33.67,2002-08-29,0,8
SA_45@2002-08-29,SA_45,1,bankruptcy,2002,2003-08-29,2002-05-31,2001-12-31,2002-07-31,2002-08-29,2002-08-29,241,29,0,241,29,1225.37,2002-07-31,29,1.82,2002-08-29,0,1.5,2002-07-31,29,2.5,2002-06-30,60,4.1374,2002-08-29,0,1.6595,2002-08-29,0,5.8,2002-07-31,29,33.67,2002-08-29,0,8
NB_872@2002-09-21,NB_872,0,nonbankruptcy_candidate,2002,2003-09-21,2002-06-23,2002-02-02,2002-08-30,2002-09-20,2002-09-21,231,22,1,231,22,1257.87,2002-08-30,22,1.7,2002-09-20,1,1.8,2002-08-31,21,2.5,2002-06-30,83,3.785,2002-09-20,1,1.6387,2002-09-20,1,5.7,2002-08-31,21,38.98,2002-09-20,1,8
SA_58@2002-09-21,SA_58,1,bankruptcy,2002,2003-09-21,2002-06-23,2001-12-31,2002-08-30,2002-09-20,2002-09-21,264,22,1,264,22,1257.87,2002-08-30,22,1.7,2002-09-20,1,1.8,2002-08-31,21,2.5,2002-06-30,83,3.785,2002-09-20,1,1.6387,2002-09-20,1,5.7,2002-08-31,21,38.98,2002-09-20,1,8
NB_1072@2002-12-17,NB_1072,0,nonbankruptcy_candidate,2002,2003-12-17,2002-09-18,2002-03-31,2002-11-29,2002-12-17,2002-12-17,261,18,0,261,18,1284.43,2002-11-29,18,1.26,2002-12-17,0,2.2,2002-11-30,17,1.6,2002-09-30,78,4.1236,2002-12-17,0,1.2102,2002-12-17,0,5.9,2002-11-30,17,26.66,2002-12-17,0,8
NB_1790@2002-12-17,NB_1790,0,nonbankruptcy_candidate,2002,2003-12-17,2002-09-18,2001-12-31,2002-11-29,2002-12-17,2002-12-17,351,18,0,351,18,1284.43,2002-11-29,18,1.26,2002-12-17,0,2.2,2002-11-30,17,1.6,2002-09-30,78,4.1236,2002-12-17,0,1.2102,2002-12-17,0,5.9,2002-11-30,17,26.66,2002-12-17,0,8
NB_2887@2002-12-17,NB_2887,0,nonbankruptcy_candidate,2002,2003-12-17,2002-09-18,2002-03-31,2002-11-29,2002-12-17,2002-12-17,261,18,0,261,18,1284.43,2002-11-29,18,1.26,2002-12-17,0,2.2,2002-11-30,17,1.6,2002-09-30,78,4.1236,2002-12-17,0,1.2102,2002-12-17,0,5.9,2002-11-30,17,26.66,2002-12-17,0,8
NB_594@2002-12-17,NB_594,0,nonbankruptcy_candidate,2002,2003-12-17,2002-09-18,2001-12-31,2002-11-29,2002-12-17,2002-12-17,351,18,0,351,18,1284.43,2002-11-29,18,1.26,2002-12-17,0,2.2,2002-11-30,17,1.6,2002-09-30,78,4.1236,2002-12-17,0,1.2102,2002-12-17,0,5.9,2002-11-30,17,26.66,2002-12-17,0,8
NB_691@2002-12-17,NB_691,0,nonbankruptcy_candidate,2002,2003-12-17,2002-09-18,2002-06-30,2002-11-29,2002-12-17,2002-12-17,170,18,0,170,18,1284.43,2002-11-29,18,1.26,2002-12-17,0,2.2,2002-11-30,17,1.6,2002-09-30,78,4.1236,2002-12-17,0,1.2102,2002-12-17,0,5.9,2002-11-30,17,26.66,2002-12-17,0,8
SA_271@2002-12-17,SA_271,1,bankruptcy,2002,2003-12-17,2002-09-18,2001-12-29,2002-11-29,2002-12-17,2002-12-17,353,18,0,353,18,1284.43,2002-11-29,18,1.26,2002-12-17,0,2.2,2002-11-30,17,1.6,2002-09-30,78,4.1236,2002-12-17,0,1.2102,2002-12-17,0,5.9,2002-11-30,17,26.66,2002-12-17,0,8
NB_1826@2002-12-21,NB_1826,0,nonbankruptcy_candidate,2002,2003-12-21,2002-09-22,2001-12-31,2002-11-29,2002-12-20,2002-12-21,355,22,1,355,22,1284.43,2002-11-29,22,1.26,2002-12-20,1,2.2,2002-11-30,21,1.6,2002-09-30,82,3.9573,2002-12-20,1,1.1896,2002-12-20,1,5.9,2002-11-30,21,26.71,2002-12-20,1,8
SA_22@2002-12-21,SA_22,1,bankruptcy,2002,2003-12-21,2002-09-22,2001-12-31,2002-11-29,2002-12-20,2002-12-21,355,22,1,355,22,1284.43,2002-11-29,22,1.26,2002-12-20,1,2.2,2002-11-30,21,1.6,2002-09-30,82,3.9573,2002-12-20,1,1.1896,2002-12-20,1,5.9,2002-11-30,21,26.71,2002-12-20,1,8
NB_2298@2003-01-01,NB_2298,0,nonbankruptcy_candidate,2003,2004-01-01,2002-10-03,2002-09-30,2002-12-31,2003-01-01,2003-01-01,93,1,0,93,1,1323.64,2002-12-31,1,1.16,2002-12-31,1,2.4,2002-12-31,1,0.5,2002-12-31,1,3.8175,2003-01-01,0,1.1922,2003-01-01,0,6.0,2002-12-31,1,28.62,2002-12-31,1,8
NB_390@2003-01-01,NB_390,0,nonbankruptcy_candidate,2003,2004-01-01,2002-10-03,2001-12-31,2002-12-31,2003-01-01,2003-01-01,366,1,0,366,1,1323.64,2002-12-31,1,1.16,2002-12-31,1,2.4,2002-12-31,1,0.5,2002-12-31,1,3.8175,2003-01-01,0,1.1922,2003-01-01,0,6.0,2002-12-31,1,28.62,2002-12-31,1,8
NB_635@2003-01-01,NB_635,0,nonbankruptcy_candidate,2003,2004-01-01,2002-10-03,2001-12-31,2002-12-31,2003-01-01,2003-01-01,366,1,0,366,1,1323.64,2002-12-31,1,1.16,2002-12-31,1,2.4,2002-12-31,1,0.5,2002-12-31,1,3.8175,2003-01-01,0,1.1922,2003-01-01,0,6.0,2002-12-31,1,28.62,2002-12-31,1,8
NB_90@2003-01-01,NB_90,0,nonbankruptcy_candidate,2003,2004-01-01,2002-10-03,2001-12-31,2002-12-31,2003-01-01,2003-01-01,366,1,0,366,1,1323.64,2002-12-31,1,1.16,2002-12-31,1,2.4,2002-12-31,1,0.5,2002-12-31,1,3.8175,2003-01-01,0,1.1922,2003-01-01,0,6.0,2002-12-31,1,28.62,2002-12-31,1,8
NB_974@2003-01-01,NB_974,0,nonbankruptcy_candidate,2003,2004-01-01,2002-10-03,2002-06-30,2002-12-31,2003-01-01,2003-01-01,185,1,0,185,1,1323.64,2002-12-31,1,1.16,2002-12-31,1,2.4,2002-12-31,1,0.5,2002-12-31,1,3.8175,2003-01-01,0,1.1922,2003-01-01,0,6.0,2002-12-31,1,28.62,2002-12-31,1,8
SA_166@2003-01-01,SA_166,1,bankruptcy,2003,2004-01-01,2002-10-03,2001-12-29,2002-12-31,2003-01-01,2003-01-01,368,1,0,368,1,1323.64,2002-12-31,1,1.16,2002-12-31,1,2.4,2002-12-31,1,0.5,2002-12-31,1,3.8175,2003-01-01,0,1.1922,2003-01-01,0,6.0,2002-12-31,1,28.62,2002-12-31,1,8
NB_1617@2003-02-05,NB_1617,0,nonbankruptcy_candidate,2003,2004-02-05,2002-11-07,2002-03-31,2003-01-31,2003-02-05,2003-02-05,311,5,0,311,5,1329.21,2003-01-31,5,1.21,2003-02-05,0,2.6,2003-01-31,5,0.5,2002-12-31,36,3.9955,2003-02-05,0,1.1592,2003-02-05,0,5.8,2003-01-31,5,33.04,2003-02-05,0,8
NB_2794@2003-02-05,NB_2794,0,nonbankruptcy_candidate,2003,2004-02-05,2002-11-07,2002-07-31,2003-01-31,2003-02-05,2003-02-05,189,5,0,189,5,1329.21,2003-01-31,5,1.21,2003-02-05,0,2.6,2003-01-31,5,0.5,2002-12-31,36,3.9955,2003-02-05,0,1.1592,2003-02-05,0,5.8,2003-01-31,5,33.04,2003-02-05,0,8
SA_235@2003-02-05,SA_235,1,bankruptcy,2003,2004-02-05,2002-11-07,2002-03-31,2003-01-31,2003-02-05,2003-02-05,311,5,0,311,5,1329.21,2003-01-31,5,1.21,2003-02-05,0,2.6,2003-01-31,5,0.5,2002-12-31,36,3.9955,2003-02-05,0,1.1592,2003-02-05,0,5.8,2003-01-31,5,33.04,2003-02-05,0,8
SA_178@2003-02-06,SA_178,1,bankruptcy,2003,2004-02-06,2002-11-08,2002-03-31,2003-01-31,2003-02-06,2003-02-06,312,6,0,312,6,1329.21,2003-01-31,6,1.23,2003-02-06,0,2.6,2003-01-31,6,0.5,2002-12-31,37,3.945,2003-02-06,0,1.1591,2003-02-06,0,5.8,2003-01-31,6,33.35,2003-02-06,0,8
NB_1707@2003-02-14,NB_1707,0,nonbankruptcy_candidate,2003,2004-02-14,2002-11-16,2001-12-31,2003-01-31,2003-02-14,2003-02-14,410,14,0,410,14,1329.21,2003-01-31,14,1.3,2003-02-14,0,2.6,2003-01-31,14,0.5,2002-12-31,45,3.961,2003-02-14,0,1.1692,2003-02-14,0,5.8,2003-01-31,14,32.62,2003-02-14,0,8
NB_691@2003-02-14,NB_691,0,nonbankruptcy_candidate,2003,2004-02-14,2002-11-16,2002-06-30,2003-01-31,2003-02-14,2003-02-14,229,14,0,229,14,1329.21,2003-01-31,14,1.3,2003-02-14,0,2.6,2003-01-31,14,0.5,2002-12-31,45,3.961,2003-02-14,0,1.1692,2003-02-14,0,5.8,2003-01-31,14,32.62,2003-02-14,0,8
NB_791@2003-02-14,NB_791,0,nonbankruptcy_candidate,2003,2004-02-14,2002-11-16,2001-12-31,2003-01-31,2003-02-14,2003-02-14,410,14,0,410,14,1329.21,2003-01-31,14,1.3,2003-02-14,0,2.6,2003-01-31,14,0.5,2002-12-31,45,3.961,2003-02-14,0,1.1692,2003-02-14,0,5.8,2003-01-31,14,32.62,2003-02-14,0,8
SA_277@2003-02-14,SA_277,1,bankruptcy,2003,2004-02-14,2002-11-16,2002-06-30,2003-01-31,2003-02-14,2003-02-14,229,14,0,229,14,1329.21,2003-01-31,14,1.3,2003-02-14,0,2.6,2003-01-31,14,0.5,2002-12-31,45,3.961,2003-02-14,0,1.1692,2003-02-14,0,5.8,2003-01-31,14,32.62,2003-02-14,0,8
NB_1593@2003-03-19,NB_1593,0,nonbankruptcy_candidate,2003,2004-03-19,2002-12-19,1996-12-31,2003-02-28,2003-03-19,2003-03-19,2269,19,0,2269,19,1356.52,2003-02-28,19,1.2,2003-03-19,0,3.0,2003-02-28,19,0.5,2002-12-31,78,3.9843,2003-03-19,0,1.149,2003-03-19,0,5.9,2003-02-28,19,31.54,2003-03-19,0,8
SA_140@2003-03-19,SA_140,1,bankruptcy,2003,2004-03-19,2002-12-19,2002-09-30,2003-02-28,2003-03-19,2003-03-19,170,19,0,170,19,1356.52,2003-02-28,19,1.2,2003-03-19,0,3.0,2003-02-28,19,0.5,2002-12-31,78,3.9843,2003-03-19,0,1.149,2003-03-19,0,5.9,2003-02-28,19,31.54,2003-03-19,0,8
NB_873@2003-03-29,NB_873,0,nonbankruptcy_candidate,2003,2004-03-29,2002-12-29,2001-12-31,2003-02-28,2003-03-28,2003-03-29,453,29,1,453,29,1356.52,2003-02-28,29,1.26,2003-03-28,1,3.0,2003-02-28,29,0.5,2002-12-31,88,3.8976,2003-03-28,1,1.1183,2003-03-28,1,5.9,2003-02-28,29,27.75,2003-03-28,1,8
SA_105@2003-03-29,SA_105,1,bankruptcy,2003,2004-03-29,2002-12-29,2001-12-31,2003-02-28,2003-03-28,2003-03-29,453,29,1,453,29,1356.52,2003-02-28,29,1.26,2003-03-28,1,3.0,2003-02-28,29,0.5,2002-12-31,88,3.8976,2003-03-28,1,1.1183,2003-03-28,1,5.9,2003-02-28,29,27.75,2003-03-28,1,8
NB_1664@2003-03-31,NB_1664,0,nonbankruptcy_candidate,2003,2004-03-31,2002-12-31,2002-12-31,2003-03-31,2003-03-31,2003-03-31,90,0,0,90,0,1357.1,2003-03-31,0,1.38,2003-03-31,0,3.0,2003-03-31,0,2.1,2003-03-31,0,3.796,2003-03-31,0,1.108,2003-03-31,0,5.9,2003-03-31,0,29.15,2003-03-31,0,8
NB_2778@2003-03-31,NB_2778,0,nonbankruptcy_candidate,2003,2004-03-31,2002-12-31,2002-12-28,2003-03-31,2003-03-31,2003-03-31,93,0,0,93,0,1357.1,2003-03-31,0,1.38,2003-03-31,0,3.0,2003-03-31,0,2.1,2003-03-31,0,3.796,2003-03-31,0,1.108,2003-03-31,0,5.9,2003-03-31,0,29.15,2003-03-31,0,8
SA_203@2003-03-31,SA_203,1,bankruptcy,2003,2004-03-31,2002-12-31,2002-12-31,2003-02-28,2003-03-31,2003-03-31,90,31,0,90,31,1357.1,2003-03-31,0,1.38,2003-03-31,0,3.0,2003-03-31,0,2.1,2003-03-31,0,3.796,2003-03-31,0,1.108,2003-03-31,0,5.9,2003-03-31,0,29.15,2003-03-31,0,8
NB_1047@2003-05-22,NB_1047,0,nonbankruptcy_candidate,2003,2004-05-22,2003-02-21,2002-12-31,2003-04-30,2003-05-22,2003-05-22,142,22,0,142,22,1384.19,2003-04-30,22,1.25,2003-05-22,0,2.2,2003-04-30,22,2.1,2003-03-31,52,3.3138,2003-05-22,0,1.0674,2003-05-22,0,6.0,2003-04-30,22,19.78,2003-05-22,0,8
NB_1623@2003-05-22,NB_1623,0,nonbankruptcy_candidate,2003,2004-05-22,2003-02-21,2002-06-30,2003-04-30,2003-05-22,2003-05-22,326,22,0,326,22,1384.19,2003-04-30,22,1.25,2003-05-22,0,2.2,2003-04-30,22,2.1,2003-03-31,52,3.3138,2003-05-22,0,1.0674,2003-05-22,0,6.0,2003-04-30,22,19.78,2003-05-22,0,8
NB_2815@2003-05-22,NB_2815,0,nonbankruptcy_candidate,2003,2004-05-22,2003-02-21,2002-12-31,2003-04-30,2003-05-22,2003-05-22,142,22,0,142,22,1384.19,2003-04-30,22,1.25,2003-05-22,0,2.2,2003-04-30,22,2.1,2003-03-31,52,3.3138,2003-05-22,0,1.0674,2003-05-22,0,6.0,2003-04-30,22,19.78,2003-05-22,0,8
SA_117@2003-05-22,SA_117,1,bankruptcy,2003,2004-05-22,2003-02-21,2002-12-31,2003-04-30,2003-05-22,2003-05-22,142,22,0,142,22,1384.19,2003-04-30,22,1.25,2003-05-22,0,2.2,2003-04-30,22,2.1,2003-03-31,52,3.3138,2003-05-22,0,1.0674,2003-05-22,0,6.0,2003-04-30,22,19.78,2003-05-22,0,8
SA_68@2003-06-16,SA_68,1,bankruptcy,2003,2004-06-16,2003-03-18,2002-12-31,2003-05-30,2003-06-16,2003-06-16,167,17,0,167,17,1429.05,2003-05-30,17,1.33,2003-06-16,0,2.1,2003-05-31,16,2.1,2003-03-31,77,3.1716,2003-06-16,0,0.8557,2003-06-16,0,6.1,2003-05-31,16,20.22,2003-06-16,0,8
NB_590@2003-06-26,NB_590,0,nonbankruptcy_candidate,2003,2004-06-26,2003-03-28,2002-12-31,2003-05-30,2003-06-26,2003-06-26,177,27,0,177,27,1429.05,2003-05-30,27,1.1,2003-06-26,0,2.1,2003-05-31,26,2.1,2003-03-31,87,3.5416,2003-06-26,0,0.8762,2003-06-26,0,6.1,2003-05-31,26,19.4,2003-06-26,0,8
SA_251@2003-06-26,SA_251,1,bankruptcy,2003,2004-06-26,2003-03-28,2002-12-29,2003-05-30,2003-06-26,2003-06-26,179,27,0,179,27,1429.05,2003-05-30,27,1.1,2003-06-26,0,2.1,2003-05-31,26,2.1,2003-03-31,87,3.5416,2003-06-26,0,0.8762,2003-06-26,0,6.1,2003-05-31,26,19.4,2003-06-26,0,8
SA_47@2003-07-25,SA_47,1,bankruptcy,2003,2004-07-25,2003-04-26,2002-12-31,2003-06-30,2003-07-25,2003-07-25,206,25,0,206,25,1425.79,2003-06-30,25,1.03,2003-07-25,0,2.1,2003-06-30,25,3.6,2003-06-30,25,4.175,2003-07-25,0,0.917,2003-07-25,0,6.3,2003-06-30,25,17.75,2003-07-25,0,8
NB_1548@2003-11-06,NB_1548,0,nonbankruptcy_candidate,2003,2004-11-06,2003-08-08,2003-01-31,2003-10-31,2003-11-06,2003-11-06,279,6,0,279,6,1409.45,2003-10-31,6,1.0,2003-11-06,0,2.0,2003-10-31,6,6.8,2003-09-30,37,4.4081,2003-11-06,0,0.9375,2003-11-06,0,6.0,2003-10-31,6,16.74,2003-11-06,0,8
NB_170@2003-11-06,NB_170,0,nonbankruptcy_candidate,2003,2004-11-06,2003-08-08,2002-12-31,2003-10-31,2003-11-06,2003-11-06,310,6,0,310,6,1409.45,2003-10-31,6,1.0,2003-11-06,0,2.0,2003-10-31,6,6.8,2003-09-30,37,4.4081,2003-11-06,0,0.9375,2003-11-06,0,6.0,2003-10-31,6,16.74,2003-11-06,0,8
NB_2140@2003-11-06,NB_2140,0,nonbankruptcy_candidate,2003,2004-11-06,2003-08-08,2003-03-31,2003-10-31,2003-11-06,2003-11-06,220,6,0,220,6,1409.45,2003-10-31,6,1.0,2003-11-06,0,2.0,2003-10-31,6,6.8,2003-09-30,37,4.4081,2003-11-06,0,0.9375,2003-11-06,0,6.0,2003-10-31,6,16.74,2003-11-06,0,8
NB_706@2003-11-06,NB_706,0,nonbankruptcy_candidate,2003,2004-11-06,2003-08-08,2002-12-31,2003-10-31,2003-11-06,2003-11-06,310,6,0,310,6,1409.45,2003-10-31,6,1.0,2003-11-06,0,2.0,2003-10-31,6,6.8,2003-09-30,37,4.4081,2003-11-06,0,0.9375,2003-11-06,0,6.0,2003-10-31,6,16.74,2003-11-06,0,8
SA_0@2003-11-06,SA_0,1,bankruptcy,2003,2004-11-06,2003-08-08,2002-12-29,2003-10-31,2003-11-06,2003-11-06,312,6,0,312,6,1409.45,2003-10-31,6,1.0,2003-11-06,0,2.0,2003-10-31,6,6.8,2003-09-30,37,4.4081,2003-11-06,0,0.9375,2003-11-06,0,6.0,2003-10-31,6,16.74,2003-11-06,0,8
NB_1195@2004-02-27,NB_1195,0,nonbankruptcy_candidate,2004,2005-02-27,2003-11-29,2002-12-31,2004-02-27,2004-02-27,2004-02-27,423,0,0,423,0,1465.79,2004-02-27,0,1.04,2004-02-27,0,1.9,2004-01-31,27,4.7,2003-12-31,58,3.9711,2004-02-27,0,0.9374,2004-02-27,0,5.7,2004-01-31,27,14.55,2004-02-27,0,8
NB_1746@2004-02-27,NB_1746,0,nonbankruptcy_candidate,2004,2005-02-27,2003-11-29,2002-12-31,2004-02-27,2004-02-27,2004-02-27,423,0,0,423,0,1465.79,2004-02-27,0,1.04,2004-02-27,0,1.9,2004-01-31,27,4.7,2003-12-31,58,3.9711,2004-02-27,0,0.9374,2004-02-27,0,5.7,2004-01-31,27,14.55,2004-02-27,0,8
NB_2059@2004-02-27,NB_2059,0,nonbankruptcy_candidate,2004,2005-02-27,2003-11-29,2002-12-31,2004-02-27,2004-02-27,2004-02-27,423,0,0,423,0,1465.79,2004-02-27,0,1.04,2004-02-27,0,1.9,2004-01-31,27,4.7,2003-12-31,58,3.9711,2004-02-27,0,0.9374,2004-02-27,0,5.7,2004-01-31,27,14.55,2004-02-27,0,8
NB_2068@2004-02-27,NB_2068,0,nonbankruptcy_candidate,2004,2005-02-27,2003-11-29,2002-12-31,2004-02-27,2004-02-27,2004-02-27,423,0,0,423,0,1465.79,2004-02-27,0,1.04,2004-02-27,0,1.9,2004-01-31,27,4.7,2003-12-31,58,3.9711,2004-02-27,0,0.9374,2004-02-27,0,5.7,2004-01-31,27,14.55,2004-02-27,0,8
SA_268@2004-02-27,SA_268,1,bankruptcy,2004,2005-02-27,2003-11-29,2002-12-31,2004-01-30,2004-02-27,2004-02-27,423,28,0,423,28,1465.79,2004-02-27,0,1.04,2004-02-27,0,1.9,2004-01-31,27,4.7,2003-12-31,58,3.9711,2004-02-27,0,0.9374,2004-02-27,0,5.7,2004-01-31,27,14.55,2004-02-27,0,8
SA_13@2004-07-07,SA_13,1,bankruptcy,2004,2005-07-07,2004-04-08,2003-12-31,2004-06-30,2004-07-07,2004-07-07,189,7,0,189,7,1429.02,2004-06-30,7,1.26,2004-07-07,0,3.3,2004-06-30,7,3.1,2004-06-30,7,4.4743,2004-07-07,0,1.2918,2004-07-07,0,5.6,2004-06-30,7,15.81,2004-07-07,0,8
SA_70@2004-07-22,SA_70,1,bankruptcy,2004,2005-07-22,2004-04-23,2003-12-31,2004-06-30,2004-07-22,2004-07-22,204,22,0,204,22,1429.02,2004-06-30,22,1.26,2004-07-22,0,3.3,2004-06-30,22,3.1,2004-06-30,22,4.444,2004-07-22,0,1.353,2004-07-22,0,5.6,2004-06-30,22,15.75,2004-07-22,0,8
NB_1775@2004-07-28,NB_1775,0,nonbankruptcy_candidate,2004,2005-07-28,2004-04-29,2004-03-31,2004-06-30,2004-07-28,2004-07-28,119,28,0,119,28,1429.02,2004-06-30,28,1.29,2004-07-28,0,3.3,2004-06-30,28,3.1,2004-06-30,28,4.5834,2004-07-28,0,1.4449,2004-07-28,0,5.6,2004-06-30,28,16.15,2004-07-28,0,8
NB_698@2004-07-28,NB_698,0,nonbankruptcy_candidate,2004,2005-07-28,2004-04-29,2004-03-28,2004-06-30,2004-07-28,2004-07-28,122,28,0,122,28,1429.02,2004-06-30,28,1.29,2004-07-28,0,3.3,2004-06-30,28,3.1,2004-06-30,28,4.5834,2004-07-28,0,1.4449,2004-07-28,0,5.6,2004-06-30,28,16.15,2004-07-28,0,8
NB_745@2004-07-28,NB_745,0,nonbankruptcy_candidate,2004,2005-07-28,2004-04-29,2003-12-31,2004-06-30,2004-07-28,2004-07-28,210,28,0,210,28,1429.02,2004-06-30,28,1.29,2004-07-28,0,3.3,2004-06-30,28,3.1,2004-06-30,28,4.5834,2004-07-28,0,1.4449,2004-07-28,0,5.6,2004-06-30,28,16.15,2004-07-28,0,8
SA_165@2004-07-28,SA_165,1,bankruptcy,2004,2005-07-28,2004-04-29,2003-12-31,2004-06-30,2004-07-28,2004-07-28,210,28,0,210,28,1429.02,2004-06-30,28,1.29,2004-07-28,0,3.3,2004-06-30,28,3.1,2004-06-30,28,4.5834,2004-07-28,0,1.4449,2004-07-28,0,5.6,2004-06-30,28,16.15,2004-07-28,0,8
NB_2478@2004-09-01,NB_2478,0,nonbankruptcy_candidate,2004,2005-09-01,2004-06-03,2003-12-31,2004-08-31,2004-09-01,2004-09-01,245,1,0,245,1,1481.2,2004-08-31,1,1.53,2004-09-01,0,2.7,2004-08-31,1,3.1,2004-06-30,63,4.1128,2004-09-01,0,1.5675,2004-09-01,0,5.4,2004-08-31,1,14.91,2004-09-01,0,8
NB_2603@2004-09-01,NB_2603,0,nonbankruptcy_candidate,2004,2005-09-01,2004-06-03,2004-04-30,2004-08-31,2004-09-01,2004-09-01,124,1,0,124,1,1481.2,2004-08-31,1,1.53,2004-09-01,0,2.7,2004-08-31,1,3.1,2004-06-30,63,4.1128,2004-09-01,0,1.5675,2004-09-01,0,5.4,2004-08-31,1,14.91,2004-09-01,0,8
NB_261@2004-09-01,NB_261,0,nonbankruptcy_candidate,2004,2005-09-01,2004-06-03,2003-12-31,2004-08-31,2004-09-01,2004-09-01,245,1,0,245,1,1481.2,2004-08-31,1,1.53,2004-09-01,0,2.7,2004-08-31,1,3.1,2004-06-30,63,4.1128,2004-09-01,0,1.5675,2004-09-01,0,5.4,2004-08-31,1,14.91,2004-09-01,0,8
SA_287@2004-09-01,SA_287,1,bankruptcy,2004,2005-09-01,2004-06-03,2003-08-31,2004-08-31,2004-09-01,2004-09-01,367,1,0,367,1,1481.2,2004-08-31,1,1.53,2004-09-01,0,2.7,2004-08-31,1,3.1,2004-06-30,63,4.1128,2004-09-01,0,1.5675,2004-09-01,0,5.4,2004-08-31,1,14.91,2004-09-01,0,8
NB_2660@2004-11-02,NB_2660,0,nonbankruptcy_candidate,2004,2005-11-02,2004-08-04,2003-12-31,2004-10-29,2004-11-02,2004-11-02,307,4,0,307,4,1504.87,2004-10-29,4,1.74,2004-11-02,0,3.2,2004-10-31,2,3.8,2004-09-30,33,4.0465,2004-11-02,0,1.9767,2004-11-02,0,5.5,2004-10-31,2,16.18,2004-11-02,0,8
SA_207@2004-11-02,SA_207,1,bankruptcy,2004,2005-11-02,2004-08-04,2003-11-01,2004-10-29,2004-11-02,2004-11-02,367,4,0,367,4,1504.87,2004-10-29,4,1.74,2004-11-02,0,3.2,2004-10-31,2,3.8,2004-09-30,33,4.0465,2004-11-02,0,1.9767,2004-11-02,0,5.5,2004-10-31,2,16.18,2004-11-02,0,8
NB_2626@2004-11-04,NB_2626,0,nonbankruptcy_candidate,2004,2005-11-04,2004-08-06,2004-05-31,2004-10-29,2004-11-04,2004-11-04,157,6,0,157,6,1504.87,2004-10-29,6,1.77,2004-11-04,0,3.2,2004-10-31,4,3.8,2004-09-30,35,4.0716,2004-11-04,0,1.9663,2004-11-04,0,5.5,2004-10-31,4,13.97,2004-11-04,0,8
SA_182@2004-11-04,SA_182,1,bankruptcy,2004,2005-11-04,2004-08-06,2003-12-31,2004-10-29,2004-11-04,2004-11-04,309,6,0,309,6,1504.87,2004-10-29,6,1.77,2004-11-04,0,3.2,2004-10-31,4,3.8,2004-09-30,35,4.0716,2004-11-04,0,1.9663,2004-11-04,0,5.5,2004-10-31,4,13.97,2004-11-04,0,8
NB_1482@2004-12-07,NB_1482,0,nonbankruptcy_candidate,2004,2005-12-07,2004-09-08,2004-04-30,2004-11-30,2004-12-07,2004-12-07,221,7,0,221,7,1489.56,2004-11-30,7,1.99,2004-12-07,0,3.5,2004-11-30,7,3.8,2004-09-30,68,4.2206,2004-12-07,0,2.2432,2004-12-07,0,5.4,2004-11-30,7,13.67,2004-12-07,0,8
NB_194@2004-12-07,NB_194,0,nonbankruptcy_candidate,2004,2005-12-07,2004-09-08,2004-05-31,2004-11-30,2004-12-07,2004-12-07,190,7,0,190,7,1489.56,2004-11-30,7,1.99,2004-12-07,0,3.5,2004-11-30,7,3.8,2004-09-30,68,4.2206,2004-12-07,0,2.2432,2004-12-07,0,5.4,2004-11-30,7,13.67,2004-12-07,0,8
NB_99@2004-12-07,NB_99,0,nonbankruptcy_candidate,2004,2005-12-07,2004-09-08,2004-03-31,2004-11-30,2004-12-07,2004-12-07,251,7,0,251,7,1489.56,2004-11-30,7,1.99,2004-12-07,0,3.5,2004-11-30,7,3.8,2004-09-30,68,4.2206,2004-12-07,0,2.2432,2004-12-07,0,5.4,2004-11-30,7,13.67,2004-12-07,0,8
NB_998@2004-12-07,NB_998,0,nonbankruptcy_candidate,2004,2005-12-07,2004-09-08,2004-04-30,2004-11-30,2004-12-07,2004-12-07,221,7,0,221,7,1489.56,2004-11-30,7,1.99,2004-12-07,0,3.5,2004-11-30,7,3.8,2004-09-30,68,4.2206,2004-12-07,0,2.2432,2004-12-07,0,5.4,2004-11-30,7,13.67,2004-12-07,0,8
SA_158@2004-12-07,SA_158,1,bankruptcy,2004,2005-12-07,2004-09-08,2003-12-31,2004-11-30,2004-12-07,2004-12-07,342,7,0,342,7,1489.56,2004-11-30,7,1.99,2004-12-07,0,3.5,2004-11-30,7,3.8,2004-09-30,68,4.2206,2004-12-07,0,2.2432,2004-12-07,0,5.4,2004-11-30,7,13.67,2004-12-07,0,8
NB_1305@2005-02-16,NB_1305,0,nonbankruptcy_candidate,2005,2006-02-16,2004-11-18,2003-12-31,2005-01-31,2005-02-16,2005-02-16,413,16,0,413,16,1521.97,2005-01-31,16,2.48,2005-02-16,0,3.0,2005-01-31,16,4.1,2004-12-31,47,4.1521,2005-02-16,0,2.5714,2005-02-16,0,5.3,2005-01-31,16,11.1,2005-02-16,0,8
SA_88@2005-02-16,SA_88,1,bankruptcy,2005,2006-02-16,2004-11-18,2003-12-31,2005-01-31,2005-02-16,2005-02-16,413,16,0,413,16,1521.97,2005-01-31,16,2.48,2005-02-16,0,3.0,2005-01-31,16,4.1,2004-12-31,47,4.1521,2005-02-16,0,2.5714,2005-02-16,0,5.3,2005-01-31,16,11.1,2005-02-16,0,8
NB_1305@2005-06-16,NB_1305,0,nonbankruptcy_candidate,2005,2006-06-16,2005-03-18,2004-12-31,2005-05-31,2005-06-16,2005-06-16,167,16,0,167,16,1533.0,2005-05-31,16,3.0,2005-06-16,0,2.8,2005-05-31,16,4.5,2005-03-31,77,4.0667,2005-06-16,0,2.9515,2005-06-16,0,5.1,2005-05-31,16,11.15,2005-06-16,0,8
NB_836@2005-06-16,NB_836,0,nonbankruptcy_candidate,2005,2006-06-16,2005-03-18,2004-12-25,2005-05-31,2005-06-16,2005-06-16,173,16,0,173,16,1533.0,2005-05-31,16,3.0,2005-06-16,0,2.8,2005-05-31,16,4.5,2005-03-31,77,4.0667,2005-06-16,0,2.9515,2005-06-16,0,5.1,2005-05-31,16,11.15,2005-06-16,0,8
SA_267@2005-06-16,SA_267,1,bankruptcy,2005,2006-06-16,2005-03-18,2004-12-31,2005-05-31,2005-06-16,2005-06-16,167,16,0,167,16,1533.0,2005-05-31,16,3.0,2005-06-16,0,2.8,2005-05-31,16,4.5,2005-03-31,77,4.0667,2005-06-16,0,2.9515,2005-06-16,0,5.1,2005-05-31,16,11.15,2005-06-16,0,8
SA_5@2005-06-16,SA_5,1,bankruptcy,2005,2006-06-16,2005-03-18,2004-12-31,2005-05-31,2005-06-16,2005-06-16,167,16,0,167,16,1533.0,2005-05-31,16,3.0,2005-06-16,0,2.8,2005-05-31,16,4.5,2005-03-31,77,4.0667,2005-06-16,0,2.9515,2005-06-16,0,5.1,2005-05-31,16,11.15,2005-06-16,0,8
NB_2059@2005-08-09,NB_2059,0,nonbankruptcy_candidate,2005,2006-08-09,2005-05-11,2004-12-31,2005-07-29,2005-08-09,2005-08-09,221,11,0,221,11,1530.31,2005-07-29,11,3.47,2005-08-09,0,3.2,2005-07-31,9,2.0,2005-06-30,40,4.3883,2005-08-09,0,3.5084,2005-08-09,0,5.0,2005-07-31,9,12.4,2005-08-09,0,8
NB_2492@2005-08-09,NB_2492,0,nonbankruptcy_candidate,2005,2006-08-09,2005-05-11,2004-12-31,2005-07-29,2005-08-09,2005-08-09,221,11,0,221,11,1530.31,2005-07-29,11,3.47,2005-08-09,0,3.2,2005-07-31,9,2.0,2005-06-30,40,4.3883,2005-08-09,0,3.5084,2005-08-09,0,5.0,2005-07-31,9,12.4,2005-08-09,0,8
NB_2942@2005-08-09,NB_2942,0,nonbankruptcy_candidate,2005,2006-08-09,2005-05-11,2004-12-31,2005-07-29,2005-08-09,2005-08-09,221,11,0,221,11,1530.31,2005-07-29,11,3.47,2005-08-09,0,3.2,2005-07-31,9,2.0,2005-06-30,40,4.3883,2005-08-09,0,3.5084,2005-08-09,0,5.0,2005-07-31,9,12.4,2005-08-09,0,8
NB_99@2005-08-09,NB_99,0,nonbankruptcy_candidate,2005,2006-08-09,2005-05-11,2005-03-31,2005-07-29,2005-08-09,2005-08-09,131,11,0,131,11,1530.31,2005-07-29,11,3.47,2005-08-09,0,3.2,2005-07-31,9,2.0,2005-06-30,40,4.3883,2005-08-09,0,3.5084,2005-08-09,0,5.0,2005-07-31,9,12.4,2005-08-09,0,8
SA_79@2005-08-09,SA_79,1,bankruptcy,2005,2006-08-09,2005-05-11,2004-12-31,2005-07-29,2005-08-09,2005-08-09,221,11,0,221,11,1530.31,2005-07-29,11,3.47,2005-08-09,0,3.2,2005-07-31,9,2.0,2005-06-30,40,4.3883,2005-08-09,0,3.5084,2005-08-09,0,5.0,2005-07-31,9,12.4,2005-08-09,0,8
NB_1574@2006-06-30,NB_1574,0,nonbankruptcy_candidate,2006,2007-06-30,2006-04-01,2005-12-31,2006-06-30,2006-06-30,2006-06-30,181,0,0,181,0,1511.29,2006-06-30,0,5.05,2006-06-30,0,4.3,2006-06-30,0,1.0,2006-06-30,0,5.1364,2006-06-30,0,4.9757,2006-06-30,0,4.6,2006-06-30,0,13.08,2006-06-30,0,8
NB_2034@2006-06-30,NB_2034,0,nonbankruptcy_candidate,2006,2007-06-30,2006-04-01,2005-06-30,2006-06-30,2006-06-30,2006-06-30,365,0,0,365,0,1511.29,2006-06-30,0,5.05,2006-06-30,0,4.3,2006-06-30,0,1.0,2006-06-30,0,5.1364,2006-06-30,0,4.9757,2006-06-30,0,4.6,2006-06-30,0,13.08,2006-06-30,0,8
NB_494@2006-06-30,NB_494,0,nonbankruptcy_candidate,2006,2007-06-30,2006-04-01,2005-12-31,2006-06-30,2006-06-30,2006-06-30,181,0,0,181,0,1511.29,2006-06-30,0,5.05,2006-06-30,0,4.3,2006-06-30,0,1.0,2006-06-30,0,5.1364,2006-06-30,0,4.9757,2006-06-30,0,4.6,2006-06-30,0,13.08,2006-06-30,0,8
SA_190@2006-06-30,SA_190,1,bankruptcy,2006,2007-06-30,2006-04-01,2004-12-31,2006-05-31,2006-06-30,2006-06-30,546,30,0,546,30,1511.29,2006-06-30,0,5.05,2006-06-30,0,4.3,2006-06-30,0,1.0,2006-06-30,0,5.1364,2006-06-30,0,4.9757,2006-06-30,0,4.6,2006-06-30,0,13.08,2006-06-30,0,8
NB_2430@2006-09-12,NB_2430,0,nonbankruptcy_candidate,2006,2007-09-12,2006-06-14,2005-12-31,2006-08-31,2006-09-12,2006-09-12,255,12,0,255,12,1561.94,2006-08-31,12,5.21,2006-09-12,0,3.8,2006-08-31,12,1.0,2006-06-30,74,4.7688,2006-09-12,0,4.8959,2006-09-12,0,4.7,2006-08-31,12,11.92,2006-09-12,0,8
NB_2671@2006-09-12,NB_2671,0,nonbankruptcy_candidate,2006,2007-09-12,2006-06-14,2005-12-31,2006-08-31,2006-09-12,2006-09-12,255,12,0,255,12,1561.94,2006-08-31,12,5.21,2006-09-12,0,3.8,2006-08-31,12,1.0,2006-06-30,74,4.7688,2006-09-12,0,4.8959,2006-09-12,0,4.7,2006-08-31,12,11.92,2006-09-12,0,8
SA_71@2006-09-12,SA_71,1,bankruptcy,2006,2007-09-12,2006-06-14,2005-12-31,2006-08-31,2006-09-12,2006-09-12,255,12,0,255,12,1561.94,2006-08-31,12,5.21,2006-09-12,0,3.8,2006-08-31,12,1.0,2006-06-30,74,4.7688,2006-09-12,0,4.8959,2006-09-12,0,4.7,2006-08-31,12,11.92,2006-09-12,0,8
NB_1964@2006-12-21,NB_1964,0,nonbankruptcy_candidate,2006,2007-12-21,2006-09-22,2005-12-31,2006-11-30,2006-12-21,2006-12-21,355,21,0,355,21,1615.96,2006-11-30,21,5.25,2006-12-21,0,2.0,2006-11-30,21,0.6,2006-09-30,82,4.5454,2006-12-21,0,4.9569,2006-12-21,0,4.5,2006-11-30,21,10.53,2006-12-21,0,8
SA_49@2006-12-21,SA_49,1,bankruptcy,2006,2007-12-21,2006-09-22,2006-01-28,2006-11-30,2006-12-21,2006-12-21,327,21,0,327,21,1615.96,2006-11-30,21,5.25,2006-12-21,0,2.0,2006-11-30,21,0.6,2006-09-30,82,4.5454,2006-12-21,0,4.9569,2006-12-21,0,4.5,2006-11-30,21,10.53,2006-12-21,0,8
NB_1664@2007-08-21,NB_1664,0,nonbankruptcy_candidate,2007,2008-08-21,2007-05-23,2006-12-31,2007-07-31,2007-08-21,2007-08-21,233,21,0,233,21,1616.35,2007-07-31,21,4.89,2007-08-21,0,2.4,2007-07-31,21,2.5,2007-06-30,52,4.5904,2007-08-21,0,3.6012,2007-08-21,0,4.7,2007-07-31,21,25.25,2007-08-21,0,8
SA_93@2007-08-21,SA_93,1,bankruptcy,2007,2008-08-21,2007-05-23,2006-12-31,2007-07-31,2007-08-21,2007-08-21,233,21,0,233,21,1616.35,2007-07-31,21,4.89,2007-08-21,0,2.4,2007-07-31,21,2.5,2007-06-30,52,4.5904,2007-08-21,0,3.6012,2007-08-21,0,4.7,2007-07-31,21,25.25,2007-08-21,0,8
NB_1730@2007-10-31,NB_1730,0,nonbankruptcy_candidate,2007,2008-10-31,2007-08-02,2006-12-31,2007-10-31,2007-10-31,2007-10-31,304,0,0,304,0,1661.7,2007-10-31,0,4.6,2007-10-31,0,3.5,2007-10-31,0,2.3,2007-09-30,31,4.4708,2007-10-31,0,3.9112,2007-10-31,0,4.7,2007-10-31,0,18.53,2007-10-31,0,8
NB_2778@2007-10-31,NB_2778,0,nonbankruptcy_candidate,2007,2008-10-31,2007-08-02,2006-12-31,2007-10-31,2007-10-31,2007-10-31,304,0,0,304,0,1661.7,2007-10-31,0,4.6,2007-10-31,0,3.5,2007-10-31,0,2.3,2007-09-30,31,4.4708,2007-10-31,0,3.9112,2007-10-31,0,4.7,2007-10-31,0,18.53,2007-10-31,0,8
NB_733@2007-10-31,NB_733,0,nonbankruptcy_candidate,2007,2008-10-31,2007-08-02,2007-03-31,2007-10-31,2007-10-31,2007-10-31,214,0,0,214,0,1661.7,2007-10-31,0,4.6,2007-10-31,0,3.5,2007-10-31,0,2.3,2007-09-30,31,4.4708,2007-10-31,0,3.9112,2007-10-31,0,4.7,2007-10-31,0,18.53,2007-10-31,0,8
SA_39@2007-10-31,SA_39,1,bankruptcy,2007,2008-10-31,2007-08-02,2006-12-31,2007-09-28,2007-10-31,2007-10-31,304,33,0,304,33,1661.7,2007-10-31,0,4.6,2007-10-31,0,3.5,2007-10-31,0,2.3,2007-09-30,31,4.4708,2007-10-31,0,3.9112,2007-10-31,0,4.7,2007-10-31,0,18.53,2007-10-31,0,8
NB_1398@2008-08-08,NB_1398,0,nonbankruptcy_candidate,2008,2009-08-08,2008-05-10,2007-12-31,2008-07-31,2008-08-08,2008-08-08,221,8,0,221,8,1647.79,2008-07-31,8,2.01,2008-08-08,0,5.6,2008-07-31,8,2.4,2008-06-30,39,3.9276,2008-08-08,0,1.6898,2008-08-08,0,5.8,2008-07-31,8,20.66,2008-08-08,0,8
NB_1404@2008-08-08,NB_1404,0,nonbankruptcy_candidate,2008,2009-08-08,2008-05-10,2007-12-31,2008-07-31,2008-08-08,2008-08-08,221,8,0,221,8,1647.79,2008-07-31,8,2.01,2008-08-08,0,5.6,2008-07-31,8,2.4,2008-06-30,39,3.9276,2008-08-08,0,1.6898,2008-08-08,0,5.8,2008-07-31,8,20.66,2008-08-08,0,8
SA_153@2008-08-08,SA_153,1,bankruptcy,2008,2009-08-08,2008-05-10,2007-12-31,2008-07-31,2008-08-08,2008-08-08,221,8,0,221,8,1647.79,2008-07-31,8,2.01,2008-08-08,0,5.6,2008-07-31,8,2.4,2008-06-30,39,3.9276,2008-08-08,0,1.6898,2008-08-08,0,5.8,2008-07-31,8,20.66,2008-08-08,0,8
NB_390@2008-11-20,NB_390,0,nonbankruptcy_candidate,2008,2009-11-20,2008-08-22,2007-12-31,2008-10-31,2008-11-20,2008-11-20,325,20,0,325,20,1432.06,2008-10-31,20,0.49,2008-11-20,0,3.7,2008-10-31,20,-2.1,2008-09-30,51,3.0131,2008-11-20,0,0.0152,2008-11-20,0,6.5,2008-10-31,20,80.86,2008-11-20,0,8
SA_211@2008-11-20,SA_211,1,bankruptcy,2008,2009-11-20,2008-08-22,2007-12-31,2008-10-31,2008-11-20,2008-11-20,325,20,0,325,20,1432.06,2008-10-31,20,0.49,2008-11-20,0,3.7,2008-10-31,20,-2.1,2008-09-30,51,3.0131,2008-11-20,0,0.0152,2008-11-20,0,6.5,2008-10-31,20,80.86,2008-11-20,0,8
NB_2797@2008-11-23,NB_2797,0,nonbankruptcy_candidate,2008,2009-11-23,2008-08-25,2007-12-31,2008-10-31,2008-11-21,2008-11-23,328,23,2,328,23,1432.06,2008-10-31,23,0.57,2008-11-21,2,3.7,2008-10-31,23,-2.1,2008-09-30,54,3.1974,2008-11-21,2,0.0101,2008-11-21,2,6.5,2008-10-31,23,72.67,2008-11-21,2,8
NB_2798@2008-11-23,NB_2798,0,nonbankruptcy_candidate,2008,2009-11-23,2008-08-25,2007-12-31,2008-10-31,2008-11-21,2008-11-23,328,23,2,328,23,1432.06,2008-10-31,23,0.57,2008-11-21,2,3.7,2008-10-31,23,-2.1,2008-09-30,54,3.1974,2008-11-21,2,0.0101,2008-11-21,2,6.5,2008-10-31,23,72.67,2008-11-21,2,8
NB_283@2008-11-23,NB_283,0,nonbankruptcy_candidate,2008,2009-11-23,2008-08-25,2007-12-31,2008-10-31,2008-11-21,2008-11-23,328,23,2,328,23,1432.06,2008-10-31,23,0.57,2008-11-21,2,3.7,2008-10-31,23,-2.1,2008-09-30,54,3.1974,2008-11-21,2,0.0101,2008-11-21,2,6.5,2008-10-31,23,72.67,2008-11-21,2,8
NB_607@2008-11-23,NB_607,0,nonbankruptcy_candidate,2008,2009-11-23,2008-08-25,2007-12-31,2008-10-31,2008-11-21,2008-11-23,328,23,2,328,23,1432.06,2008-10-31,23,0.57,2008-11-21,2,3.7,2008-10-31,23,-2.1,2008-09-30,54,3.1974,2008-11-21,2,0.0101,2008-11-21,2,6.5,2008-10-31,23,72.67,2008-11-21,2,8
SA_27@2008-11-23,SA_27,1,bankruptcy,2008,2009-11-23,2008-08-25,2007-12-30,2008-10-31,2008-11-21,2008-11-23,329,23,2,329,23,1432.06,2008-10-31,23,0.57,2008-11-21,2,3.7,2008-10-31,23,-2.1,2008-09-30,54,3.1974,2008-11-21,2,0.0101,2008-11-21,2,6.5,2008-10-31,23,72.67,2008-11-21,2,8
NB_1385@2008-12-18,NB_1385,0,nonbankruptcy_candidate,2008,2009-12-18,2008-09-19,2007-12-31,2008-11-28,2008-12-18,2008-12-18,353,20,0,353,20,1490.33,2008-11-28,20,0.11,2008-12-18,0,1.1,2008-11-30,18,-2.1,2008-09-30,79,2.0788,2008-12-18,0,0.012,2008-12-18,0,6.8,2008-11-30,18,47.34,2008-12-18,0,8
NB_2105@2008-12-18,NB_2105,0,nonbankruptcy_candidate,2008,2009-12-18,2008-09-19,2007-12-31,2008-11-28,2008-12-18,2008-12-18,353,20,0,353,20,1490.33,2008-11-28,20,0.11,2008-12-18,0,1.1,2008-11-30,18,-2.1,2008-09-30,79,2.0788,2008-12-18,0,0.012,2008-12-18,0,6.8,2008-11-30,18,47.34,2008-12-18,0,8
NB_591@2008-12-18,NB_591,0,nonbankruptcy_candidate,2008,2009-12-18,2008-09-19,2007-03-31,2008-11-28,2008-12-18,2008-12-18,628,20,0,628,20,1490.33,2008-11-28,20,0.11,2008-12-18,0,1.1,2008-11-30,18,-2.1,2008-09-30,79,2.0788,2008-12-18,0,0.012,2008-12-18,0,6.8,2008-11-30,18,47.34,2008-12-18,0,8
SA_171@2008-12-18,SA_171,1,bankruptcy,2008,2009-12-18,2008-09-19,2007-12-31,2008-11-28,2008-12-18,2008-12-18,353,20,0,353,20,1490.33,2008-11-28,20,0.11,2008-12-18,0,1.1,2008-11-30,18,-2.1,2008-09-30,79,2.0788,2008-12-18,0,0.012,2008-12-18,0,6.8,2008-11-30,18,47.34,2008-12-18,0,8
NB_2458@2008-12-27,NB_2458,0,nonbankruptcy_candidate,2008,2009-12-27,2008-09-28,2007-12-31,2008-11-28,2008-12-26,2008-12-27,362,29,1,362,29,1490.33,2008-11-28,29,0.09,2008-12-26,1,1.1,2008-11-30,27,-2.1,2008-09-30,88,2.1318,2008-12-26,1,-0.0101,2008-12-26,1,6.8,2008-11-30,27,43.38,2008-12-26,1,8
SA_243@2008-12-27,SA_243,1,bankruptcy,2008,2009-12-27,2008-09-28,2007-12-31,2008-11-28,2008-12-26,2008-12-27,362,29,1,362,29,1490.33,2008-11-28,29,0.09,2008-12-26,1,1.1,2008-11-30,27,-2.1,2008-09-30,88,2.1318,2008-12-26,1,-0.0101,2008-12-26,1,6.8,2008-11-30,27,43.38,2008-12-26,1,8
NB_968@2008-12-31,NB_968,0,nonbankruptcy_candidate,2008,2009-12-31,2008-10-02,2007-12-31,2008-12-31,2008-12-31,2008-12-31,366,0,0,366,0,1591.62,2008-12-31,0,0.14,2008-12-31,0,0.1,2008-12-31,0,-8.5,2008-12-31,0,2.2123,2008-12-31,0,0.0761,2008-12-31,0,7.3,2008-12-31,0,40.0,2008-12-31,0,8
SA_309@2008-12-31,SA_309,1,bankruptcy,2008,2009-12-31,2008-10-02,2007-12-31,2008-11-28,2008-12-31,2008-12-31,366,33,0,366,33,1591.62,2008-12-31,0,0.14,2008-12-31,0,0.1,2008-12-31,0,-8.5,2008-12-31,0,2.2123,2008-12-31,0,0.0761,2008-12-31,0,7.3,2008-12-31,0,40.0,2008-12-31,0,8
NB_1455@2009-01-19,NB_1455,0,nonbankruptcy_candidate,2009,2010-01-19,2008-10-21,2008-08-31,2008-12-31,2009-01-19,2009-01-19,141,19,0,141,19,1591.62,2008-12-31,19,0.19,2009-01-16,3,0.1,2008-12-31,19,-8.5,2008-12-31,19,2.3184,2009-01-19,0,0.1116,2009-01-19,0,7.3,2008-12-31,19,46.11,2009-01-16,3,8
SA_115@2009-01-19,SA_115,1,bankruptcy,2009,2010-01-19,2008-10-21,2007-12-31,2008-12-31,2009-01-19,2009-01-19,385,19,0,385,19,1591.62,2008-12-31,19,0.19,2009-01-16,3,0.1,2008-12-31,19,-8.5,2008-12-31,19,2.3184,2009-01-19,0,0.1116,2009-01-19,0,7.3,2008-12-31,19,46.11,2009-01-16,3,8
NB_2212@2009-01-20,NB_2212,0,nonbankruptcy_candidate,2009,2010-01-20,2008-10-22,2007-12-31,2008-12-31,2009-01-20,2009-01-20,386,20,0,386,20,1591.62,2008-12-31,20,0.2,2009-01-20,0,0.1,2008-12-31,20,-8.5,2008-12-31,20,2.3771,2009-01-20,0,0.1014,2009-01-20,0,7.3,2008-12-31,20,56.65,2009-01-20,0,8
SA_7@2009-01-20,SA_7,1,bankruptcy,2009,2010-01-20,2008-10-22,2008-03-31,2008-12-31,2009-01-20,2009-01-20,295,20,0,295,20,1591.62,2008-12-31,20,0.2,2009-01-20,0,0.1,2008-12-31,20,-8.5,2008-12-31,20,2.3771,2009-01-20,0,0.1014,2009-01-20,0,7.3,2008-12-31,20,56.65,2009-01-20,0,8
NB_1775@2009-02-27,NB_1775,0,nonbankruptcy_candidate,2009,2010-02-27,2008-11-29,2008-03-31,2009-02-27,2009-02-27,2009-02-27,333,0,0,333,0,1567.39,2009-02-27,0,0.22,2009-02-27,0,0.0,2009-01-31,27,-8.5,2008-12-31,58,3.0131,2009-02-27,0,0.2465,2009-02-27,0,7.8,2009-01-31,27,46.35,2009-02-27,0,8
NB_1830@2009-02-27,NB_1830,0,nonbankruptcy_candidate,2009,2010-02-27,2008-11-29,2008-03-31,2009-02-27,2009-02-27,2009-02-27,333,0,0,333,0,1567.39,2009-02-27,0,0.22,2009-02-27,0,0.0,2009-01-31,27,-8.5,2008-12-31,58,3.0131,2009-02-27,0,0.2465,2009-02-27,0,7.8,2009-01-31,27,46.35,2009-02-27,0,8
NB_61@2009-02-27,NB_61,0,nonbankruptcy_candidate,2009,2010-02-27,2008-11-29,2008-05-31,2009-02-27,2009-02-27,2009-02-27,272,0,0,272,0,1567.39,2009-02-27,0,0.22,2009-02-27,0,0.0,2009-01-31,27,-8.5,2008-12-31,58,3.0131,2009-02-27,0,0.2465,2009-02-27,0,7.8,2009-01-31,27,46.35,2009-02-27,0,8
NB_780@2009-02-27,NB_780,0,nonbankruptcy_candidate,2009,2010-02-27,2008-11-29,2007-12-31,2009-02-27,2009-02-27,2009-02-27,424,0,0,424,0,1567.39,2009-02-27,0,0.22,2009-02-27,0,0.0,2009-01-31,27,-8.5,2008-12-31,58,3.0131,2009-02-27,0,0.2465,2009-02-27,0,7.8,2009-01-31,27,46.35,2009-02-27,0,8
SA_129@2009-02-27,SA_129,1,bankruptcy,2009,2010-02-27,2008-11-29,2006-12-31,2009-01-30,2009-02-27,2009-02-27,789,28,0,789,28,1567.39,2009-02-27,0,0.22,2009-02-27,0,0.0,2009-01-31,27,-8.5,2008-12-31,58,3.0131,2009-02-27,0,0.2465,2009-02-27,0,7.8,2009-01-31,27,46.35,2009-02-27,0,8
SA_202@2009-02-27,SA_202,1,bankruptcy,2009,2010-02-27,2008-11-29,2007-12-31,2009-01-30,2009-02-27,2009-02-27,424,28,0,424,28,1567.39,2009-02-27,0,0.22,2009-02-27,0,0.0,2009-01-31,27,-8.5,2008-12-31,58,3.0131,2009-02-27,0,0.2465,2009-02-27,0,7.8,2009-01-31,27,46.35,2009-02-27,0,8
NB_2587@2009-04-08,NB_2587,0,nonbankruptcy_candidate,2009,2010-04-08,2009-01-08,2008-06-29,2009-03-31,2009-04-08,2009-04-08,283,8,0,283,8,1560.91,2009-03-31,8,0.14,2009-04-08,0,-0.4,2009-03-31,8,-4.5,2009-03-31,8,2.8559,2009-04-08,0,0.1755,2009-04-08,0,8.7,2009-03-31,8,38.85,2009-04-08,0,8
NB_476@2009-04-08,NB_476,0,nonbankruptcy_candidate,2009,2010-04-08,2009-01-08,2008-09-30,2009-03-31,2009-04-08,2009-04-08,190,8,0,190,8,1560.91,2009-03-31,8,0.14,2009-04-08,0,-0.4,2009-03-31,8,-4.5,2009-03-31,8,2.8559,2009-04-08,0,0.1755,2009-04-08,0,8.7,2009-03-31,8,38.85,2009-04-08,0,8
NB_968@2009-04-08,NB_968,0,nonbankruptcy_candidate,2009,2010-04-08,2009-01-08,2008-12-31,2009-03-31,2009-04-08,2009-04-08,98,8,0,98,8,1560.91,2009-03-31,8,0.14,2009-04-08,0,-0.4,2009-03-31,8,-4.5,2009-03-31,8,2.8559,2009-04-08,0,0.1755,2009-04-08,0,8.7,2009-03-31,8,38.85,2009-04-08,0,8
SA_102@2009-04-08,SA_102,1,bankruptcy,2009,2010-04-08,2009-01-08,2008-12-31,2009-03-31,2009-04-08,2009-04-08,98,8,0,98,8,1560.91,2009-03-31,8,0.14,2009-04-08,0,-0.4,2009-03-31,8,-4.5,2009-03-31,8,2.8559,2009-04-08,0,0.1755,2009-04-08,0,8.7,2009-03-31,8,38.85,2009-04-08,0,8
NB_1197@2009-07-03,NB_1197,0,nonbankruptcy_candidate,2009,2010-07-03,2009-04-04,2008-12-31,2009-06-30,2009-07-03,2009-07-03,184,3,0,184,3,1723.99,2009-06-30,3,0.16,2009-07-03,0,-1.4,2009-06-30,3,-0.7,2009-06-30,3,3.4985,2009-07-03,0,0.1532,2009-07-03,0,9.5,2009-06-30,3,27.95,2009-07-02,1,8
NB_904@2009-07-03,NB_904,0,nonbankruptcy_candidate,2009,2010-07-03,2009-04-04,2008-12-31,2009-06-30,2009-07-03,2009-07-03,184,3,0,184,3,1723.99,2009-06-30,3,0.16,2009-07-03,0,-1.4,2009-06-30,3,-0.7,2009-06-30,3,3.4985,2009-07-03,0,0.1532,2009-07-03,0,9.5,2009-06-30,3,27.95,2009-07-02,1,8
SA_248@2009-07-03,SA_248,1,bankruptcy,2009,2010-07-03,2009-04-04,2008-12-31,2009-06-30,2009-07-03,2009-07-03,184,3,0,184,3,1723.99,2009-06-30,3,0.16,2009-07-03,0,-1.4,2009-06-30,3,-0.7,2009-06-30,3,3.4985,2009-07-03,0,0.1532,2009-07-03,0,9.5,2009-06-30,3,27.95,2009-07-02,1,8
NB_1398@2009-08-17,NB_1398,0,nonbankruptcy_candidate,2009,2010-08-17,2009-05-19,2008-12-31,2009-07-31,2009-08-17,2009-08-17,229,17,0,229,17,1798.42,2009-07-31,17,0.17,2009-08-17,0,-2.1,2009-07-31,17,-0.7,2009-06-30,48,3.4684,2009-08-17,0,0.1674,2009-08-17,0,9.5,2009-07-31,17,27.89,2009-08-17,0,8
NB_2477@2009-08-17,NB_2477,0,nonbankruptcy_candidate,2009,2010-08-17,2009-05-19,2008-12-31,2009-07-31,2009-08-17,2009-08-17,229,17,0,229,17,1798.42,2009-07-31,17,0.17,2009-08-17,0,-2.1,2009-07-31,17,-0.7,2009-06-30,48,3.4684,2009-08-17,0,0.1674,2009-08-17,0,9.5,2009-07-31,17,27.89,2009-08-17,0,8
NB_998@2009-08-17,NB_998,0,nonbankruptcy_candidate,2009,2010-08-17,2009-05-19,2009-04-30,2009-07-31,2009-08-17,2009-08-17,109,17,0,109,17,1798.42,2009-07-31,17,0.17,2009-08-17,0,-2.1,2009-07-31,17,-0.7,2009-06-30,48,3.4684,2009-08-17,0,0.1674,2009-08-17,0,9.5,2009-07-31,17,27.89,2009-08-17,0,8
SA_164@2009-08-17,SA_164,1,bankruptcy,2009,2010-08-17,2009-05-19,2009-01-03,2009-07-31,2009-08-17,2009-08-17,226,17,0,226,17,1798.42,2009-07-31,17,0.17,2009-08-17,0,-2.1,2009-07-31,17,-0.7,2009-06-30,48,3.4684,2009-08-17,0,0.1674,2009-08-17,0,9.5,2009-07-31,17,27.89,2009-08-17,0,8
NB_2671@2010-06-25,NB_2671,0,nonbankruptcy_candidate,2010,2011-06-25,2010-03-27,2009-12-31,2010-05-31,2010-06-25,2010-06-25,176,25,0,176,25,1956.73,2010-05-31,25,0.16,2010-06-25,0,2.0,2010-05-31,25,1.9,2010-03-31,86,3.1078,2010-06-25,0,0.1268,2010-06-25,0,9.6,2010-05-31,25,28.53,2010-06-25,0,8
NB_446@2010-06-25,NB_446,0,nonbankruptcy_candidate,2010,2011-06-25,2010-03-27,2009-11-28,2010-05-31,2010-06-25,2010-06-25,209,25,0,209,25,1956.73,2010-05-31,25,0.16,2010-06-25,0,2.0,2010-05-31,25,1.9,2010-03-31,86,3.1078,2010-06-25,0,0.1268,2010-06-25,0,9.6,2010-05-31,25,28.53,2010-06-25,0,8
SA_40@2010-06-25,SA_40,1,bankruptcy,2010,2011-06-25,2010-03-27,2010-01-03,2010-05-31,2010-06-25,2010-06-25,173,25,0,173,25,1956.73,2010-05-31,25,0.16,2010-06-25,0,2.0,2010-05-31,25,1.9,2010-03-31,86,3.1078,2010-06-25,0,0.1268,2010-06-25,0,9.6,2010-05-31,25,28.53,2010-06-25,0,8
NB_2944@2011-02-23,NB_2944,0,nonbankruptcy_candidate,2011,2012-02-23,2010-11-25,2010-01-01,2011-01-31,2011-02-23,2011-02-23,418,23,0,418,23,2063.03,2011-01-31,23,0.15,2011-02-23,0,1.6,2011-01-31,23,2.1,2010-12-31,54,3.4848,2011-02-23,0,0.1166,2011-02-23,0,9.1,2011-01-31,23,22.13,2011-02-23,0,8
NB_335@2011-02-23,NB_335,0,nonbankruptcy_candidate,2011,2012-02-23,2010-11-25,2010-01-02,2011-01-31,2011-02-23,2011-02-23,417,23,0,417,23,2063.03,2011-01-31,23,0.15,2011-02-23,0,1.6,2011-01-31,23,2.1,2010-12-31,54,3.4848,2011-02-23,0,0.1166,2011-02-23,0,9.1,2011-01-31,23,22.13,2011-02-23,0,8
SA_209@2011-02-23,SA_209,1,bankruptcy,2011,2012-02-23,2010-11-25,2010-04-30,2011-01-31,2011-02-23,2011-02-23,299,23,0,299,23,2063.03,2011-01-31,23,0.15,2011-02-23,0,1.6,2011-01-31,23,2.1,2010-12-31,54,3.4848,2011-02-23,0,0.1166,2011-02-23,0,9.1,2011-01-31,23,22.13,2011-02-23,0,8
SA_307@2011-08-04,SA_307,1,bankruptcy,2011,2012-08-04,2011-05-06,2011-02-26,2011-07-29,2011-08-04,2011-08-04,159,6,0,159,6,2177.6,2011-07-29,6,0.09,2011-08-04,0,3.6,2011-07-31,4,2.7,2011-06-30,35,2.4028,2011-08-04,0,0.0051,2011-08-04,0,9.0,2011-07-31,4,31.66,2011-08-04,0,8
NB_206@2011-08-09,NB_206,0,nonbankruptcy_candidate,2011,2012-08-09,2011-05-11,2010-12-31,2011-07-29,2011-08-09,2011-08-09,221,11,0,221,11,2177.6,2011-07-29,11,0.1,2011-08-09,0,3.6,2011-07-31,9,2.7,2011-06-30,40,2.2488,2011-08-09,0,0.0254,2011-08-09,0,9.0,2011-07-31,9,35.06,2011-08-09,0,8
SA_186@2011-08-09,SA_186,1,bankruptcy,2011,2012-08-09,2011-05-11,2010-12-31,2011-07-29,2011-08-09,2011-08-09,221,11,0,221,11,2177.6,2011-07-29,11,0.1,2011-08-09,0,3.6,2011-07-31,9,2.7,2011-06-30,40,2.2488,2011-08-09,0,0.0254,2011-08-09,0,9.0,2011-07-31,9,35.06,2011-08-09,0,8
NB_1325@2011-10-06,NB_1325,0,nonbankruptcy_candidate,2011,2012-10-06,2011-07-08,2010-09-30,2011-09-30,2011-10-06,2011-10-06,371,6,0,371,6,2184.58,2011-09-30,6,0.07,2011-10-06,0,3.9,2011-09-30,6,-0.1,2011-09-30,6,1.9872,2011-10-06,0,0.0,2011-10-06,0,9.0,2011-09-30,6,36.27,2011-10-06,0,8
NB_1352@2011-10-06,NB_1352,0,nonbankruptcy_candidate,2011,2012-10-06,2011-07-08,2010-12-31,2011-09-30,2011-10-06,2011-10-06,279,6,0,279,6,2184.58,2011-09-30,6,0.07,2011-10-06,0,3.9,2011-09-30,6,-0.1,2011-09-30,6,1.9872,2011-10-06,0,0.0,2011-10-06,0,9.0,2011-09-30,6,36.27,2011-10-06,0,8
NB_2021@2011-10-06,NB_2021,0,nonbankruptcy_candidate,2011,2012-10-06,2011-07-08,2011-04-30,2011-09-30,2011-10-06,2011-10-06,159,6,0,159,6,2184.58,2011-09-30,6,0.07,2011-10-06,0,3.9,2011-09-30,6,-0.1,2011-09-30,6,1.9872,2011-10-06,0,0.0,2011-10-06,0,9.0,2011-09-30,6,36.27,2011-10-06,0,8
NB_249@2011-10-06,NB_249,0,nonbankruptcy_candidate,2011,2012-10-06,2011-07-08,2010-12-31,2011-09-30,2011-10-06,2011-10-06,279,6,0,279,6,2184.58,2011-09-30,6,0.07,2011-10-06,0,3.9,2011-09-30,6,-0.1,2011-09-30,6,1.9872,2011-10-06,0,0.0,2011-10-06,0,9.0,2011-09-30,6,36.27,2011-10-06,0,8
NB_2775@2011-10-06,NB_2775,0,nonbankruptcy_candidate,2011,2012-10-06,2011-07-08,2010-12-31,2011-09-30,2011-10-06,2011-10-06,279,6,0,279,6,2184.58,2011-09-30,6,0.07,2011-10-06,0,3.9,2011-09-30,6,-0.1,2011-09-30,6,1.9872,2011-10-06,0,0.0,2011-10-06,0,9.0,2011-09-30,6,36.27,2011-10-06,0,8
SA_274@2011-10-06,SA_274,1,bankruptcy,2011,2012-10-06,2011-07-08,2010-12-31,2011-09-30,2011-10-06,2011-10-06,279,6,0,279,6,2184.58,2011-09-30,6,0.07,2011-10-06,0,3.9,2011-09-30,6,-0.1,2011-09-30,6,1.9872,2011-10-06,0,0.0,2011-10-06,0,9.0,2011-09-30,6,36.27,2011-10-06,0,8
NB_2041@2011-11-16,NB_2041,0,nonbankruptcy_candidate,2011,2012-11-16,2011-08-18,2010-12-31,2011-10-31,2011-11-16,2011-11-16,320,16,0,320,16,2223.63,2011-10-31,16,0.08,2011-11-16,0,3.5,2011-10-31,16,-0.1,2011-09-30,47,2.0,2011-11-16,0,0.0051,2011-11-16,0,8.8,2011-10-31,16,33.51,2011-11-16,0,8
NB_252@2011-11-16,NB_252,0,nonbankruptcy_candidate,2011,2012-11-16,2011-08-18,2010-09-30,2011-10-31,2011-11-16,2011-11-16,412,16,0,412,16,2223.63,2011-10-31,16,0.08,2011-11-16,0,3.5,2011-10-31,16,-0.1,2011-09-30,47,2.0,2011-11-16,0,0.0051,2011-11-16,0,8.8,2011-10-31,16,33.51,2011-11-16,0,8
SA_64@2011-11-16,SA_64,1,bankruptcy,2011,2012-11-16,2011-08-18,2011-06-30,2011-10-31,2011-11-16,2011-11-16,139,16,0,139,16,2223.63,2011-10-31,16,0.08,2011-11-16,0,3.5,2011-10-31,16,-0.1,2011-09-30,47,2.0,2011-11-16,0,0.0051,2011-11-16,0,8.8,2011-10-31,16,33.51,2011-11-16,0,8
NB_2378@2012-01-13,NB_2378,0,nonbankruptcy_candidate,2012,2013-01-13,2011-10-15,2010-12-31,2011-12-30,2012-01-13,2012-01-13,378,14,0,378,14,2226.65,2011-12-30,14,0.09,2012-01-13,0,3.0,2011-12-31,13,4.6,2011-12-31,13,1.8636,2012-01-13,0,0.0203,2012-01-13,0,8.5,2011-12-31,13,20.91,2012-01-13,0,8
NB_2704@2012-01-13,NB_2704,0,nonbankruptcy_candidate,2012,2013-01-13,2011-10-15,2010-12-31,2011-12-30,2012-01-13,2012-01-13,378,14,0,378,14,2226.65,2011-12-30,14,0.09,2012-01-13,0,3.0,2011-12-31,13,4.6,2011-12-31,13,1.8636,2012-01-13,0,0.0203,2012-01-13,0,8.5,2011-12-31,13,20.91,2012-01-13,0,8
NB_2972@2012-01-13,NB_2972,0,nonbankruptcy_candidate,2012,2013-01-13,2011-10-15,2010-12-31,2011-12-30,2012-01-13,2012-01-13,378,14,0,378,14,2226.65,2011-12-30,14,0.09,2012-01-13,0,3.0,2011-12-31,13,4.6,2011-12-31,13,1.8636,2012-01-13,0,0.0203,2012-01-13,0,8.5,2011-12-31,13,20.91,2012-01-13,0,8
NB_594@2012-01-13,NB_594,0,nonbankruptcy_candidate,2012,2013-01-13,2011-10-15,2010-12-31,2011-12-30,2012-01-13,2012-01-13,378,14,0,378,14,2226.65,2011-12-30,14,0.09,2012-01-13,0,3.0,2011-12-31,13,4.6,2011-12-31,13,1.8636,2012-01-13,0,0.0203,2012-01-13,0,8.5,2011-12-31,13,20.91,2012-01-13,0,8
SA_113@2012-01-13,SA_113,1,bankruptcy,2012,2013-01-13,2011-10-15,2010-12-31,2011-12-30,2012-01-13,2012-01-13,378,14,0,378,14,2226.65,2011-12-30,14,0.09,2012-01-13,0,3.0,2011-12-31,13,4.6,2011-12-31,13,1.8636,2012-01-13,0,0.0203,2012-01-13,0,8.5,2011-12-31,13,20.91,2012-01-13,0,8
NB_1975@2012-05-19,NB_1975,0,nonbankruptcy_candidate,2012,2013-05-19,2012-02-19,2011-10-31,2012-04-30,2012-05-18,2012-05-19,201,19,1,201,19,2304.67,2012-04-30,19,0.16,2012-05-18,1,2.3,2012-04-30,19,3.4,2012-03-31,49,1.7226,2012-05-18,1,0.0763,2012-05-18,1,8.2,2012-04-30,19,25.1,2012-05-18,1,8
NB_390@2012-05-19,NB_390,0,nonbankruptcy_candidate,2012,2013-05-19,2012-02-19,2011-12-31,2012-04-30,2012-05-18,2012-05-19,140,19,1,140,19,2304.67,2012-04-30,19,0.16,2012-05-18,1,2.3,2012-04-30,19,3.4,2012-03-31,49,1.7226,2012-05-18,1,0.0763,2012-05-18,1,8.2,2012-04-30,19,25.1,2012-05-18,1,8
SA_29@2012-05-19,SA_29,1,bankruptcy,2012,2013-05-19,2012-02-19,2011-12-31,2012-04-30,2012-05-18,2012-05-19,140,19,1,140,19,2304.67,2012-04-30,19,0.16,2012-05-18,1,2.3,2012-04-30,19,3.4,2012-03-31,49,1.7226,2012-05-18,1,0.0763,2012-05-18,1,8.2,2012-04-30,19,25.1,2012-05-18,1,8
SA_65@2012-08-16,SA_65,1,bankruptcy,2012,2013-08-16,2012-05-18,2011-12-31,2012-07-31,2012-08-16,2012-08-16,229,16,0,229,16,2397.35,2012-07-31,16,0.13,2012-08-16,0,1.4,2012-07-31,16,1.8,2012-06-30,47,1.8346,2012-08-16,0,0.0813,2012-08-16,0,8.2,2012-07-31,16,14.29,2012-08-16,0,8
NB_212@2012-10-30,NB_212,0,nonbankruptcy_candidate,2012,2013-10-30,2012-08-01,2011-12-31,2012-09-28,2012-10-30,2012-10-30,304,32,0,304,32,2419.55,2012-09-28,32,0.17,2012-10-30,0,2.0,2012-09-30,30,0.6,2012-09-30,30,1.7189,2012-10-30,0,0.112,2012-10-30,0,7.8,2012-09-30,30,17.81,2012-10-26,4,8
NB_40@2012-10-30,NB_40,0,nonbankruptcy_candidate,2012,2013-10-30,2012-08-01,2011-12-31,2012-09-28,2012-10-30,2012-10-30,304,32,0,304,32,2419.55,2012-09-28,32,0.17,2012-10-30,0,2.0,2012-09-30,30,0.6,2012-09-30,30,1.7189,2012-10-30,0,0.112,2012-10-30,0,7.8,2012-09-30,30,17.81,2012-10-26,4,8
NB_544@2012-10-30,NB_544,0,nonbankruptcy_candidate,2012,2013-10-30,2012-08-01,2011-12-31,2012-09-28,2012-10-30,2012-10-30,304,32,0,304,32,2419.55,2012-09-28,32,0.17,2012-10-30,0,2.0,2012-09-30,30,0.6,2012-09-30,30,1.7189,2012-10-30,0,0.112,2012-10-30,0,7.8,2012-09-30,30,17.81,2012-10-26,4,8
SA_72@2012-10-30,SA_72,1,bankruptcy,2012,2013-10-30,2012-08-01,2012-04-28,2012-09-28,2012-10-30,2012-10-30,185,32,0,185,32,2419.55,2012-09-28,32,0.17,2012-10-30,0,2.0,2012-09-30,30,0.6,2012-09-30,30,1.7189,2012-10-30,0,0.112,2012-10-30,0,7.8,2012-09-30,30,17.81,2012-10-26,4,8
SA_74@2012-10-30,SA_74,1,bankruptcy,2012,2013-10-30,2012-08-01,2012-01-01,2012-09-28,2012-10-30,2012-10-30,303,32,0,303,32,2419.55,2012-09-28,32,0.17,2012-10-30,0,2.0,2012-09-30,30,0.6,2012-09-30,30,1.7189,2012-10-30,0,0.112,2012-10-30,0,7.8,2012-09-30,30,17.81,2012-10-26,4,8
NB_160@2013-01-08,NB_160,0,nonbankruptcy_candidate,2013,2014-01-08,2012-10-10,2011-12-31,2012-12-31,2013-01-08,2013-01-08,374,8,0,374,8,2445.25,2012-12-31,8,0.15,2013-01-08,0,1.7,2012-12-31,8,0.5,2012-12-31,8,1.8683,2013-01-08,0,0.0507,2013-01-08,0,7.9,2012-12-31,8,13.62,2013-01-08,0,8
NB_2020@2013-01-08,NB_2020,0,nonbankruptcy_candidate,2013,2014-01-08,2012-10-10,2011-12-31,2012-12-31,2013-01-08,2013-01-08,374,8,0,374,8,2445.25,2012-12-31,8,0.15,2013-01-08,0,1.7,2012-12-31,8,0.5,2012-12-31,8,1.8683,2013-01-08,0,0.0507,2013-01-08,0,7.9,2012-12-31,8,13.62,2013-01-08,0,8
NB_248@2013-01-08,NB_248,0,nonbankruptcy_candidate,2013,2014-01-08,2012-10-10,2012-01-31,2012-12-31,2013-01-08,2013-01-08,343,8,0,343,8,2445.25,2012-12-31,8,0.15,2013-01-08,0,1.7,2012-12-31,8,0.5,2012-12-31,8,1.8683,2013-01-08,0,0.0507,2013-01-08,0,7.9,2012-12-31,8,13.62,2013-01-08,0,8
NB_704@2013-01-08,NB_704,0,nonbankruptcy_candidate,2013,2014-01-08,2012-10-10,2012-09-30,2012-12-31,2013-01-08,2013-01-08,100,8,0,100,8,2445.25,2012-12-31,8,0.15,2013-01-08,0,1.7,2012-12-31,8,0.5,2012-12-31,8,1.8683,2013-01-08,0,0.0507,2013-01-08,0,7.9,2012-12-31,8,13.62,2013-01-08,0,8
SA_18@2013-01-08,SA_18,1,bankruptcy,2013,2014-01-08,2012-10-10,2011-12-31,2012-12-31,2013-01-08,2013-01-08,374,8,0,374,8,2445.25,2012-12-31,8,0.15,2013-01-08,0,1.7,2012-12-31,8,0.5,2012-12-31,8,1.8683,2013-01-08,0,0.0507,2013-01-08,0,7.9,2012-12-31,8,13.62,2013-01-08,0,8
NB_1728@2013-06-19,NB_1728,0,nonbankruptcy_candidate,2013,2014-06-19,2013-03-21,2012-12-31,2013-05-31,2013-06-19,2013-06-19,170,19,0,170,19,2428.94,2013-05-31,19,0.1,2013-06-19,0,1.4,2013-05-31,19,4.0,2013-03-31,80,2.3527,2013-06-19,0,0.0406,2013-06-19,0,7.5,2013-05-31,19,16.64,2013-06-19,0,8
SA_205@2013-06-19,SA_205,1,bankruptcy,2013,2014-06-19,2013-03-21,2012-12-31,2013-05-31,2013-06-19,2013-06-19,170,19,0,170,19,2428.94,2013-05-31,19,0.1,2013-06-19,0,1.4,2013-05-31,19,4.0,2013-03-31,80,2.3527,2013-06-19,0,0.0406,2013-06-19,0,7.5,2013-05-31,19,16.64,2013-06-19,0,8
NB_1596@2013-12-23,NB_1596,0,nonbankruptcy_candidate,2013,2014-12-23,2013-09-24,2012-09-30,2013-11-29,2013-12-23,2013-12-23,449,24,0,449,24,2411.69,2013-11-29,24,0.09,2013-12-23,0,1.2,2013-11-30,23,3.5,2013-09-30,84,2.9274,2013-12-23,0,0.0608,2013-12-23,0,6.9,2013-11-30,23,13.04,2013-12-23,0,8
SA_41@2013-12-23,SA_41,1,bankruptcy,2013,2014-12-23,2013-09-24,2012-12-31,2013-11-29,2013-12-23,2013-12-23,357,24,0,357,24,2411.69,2013-11-29,24,0.09,2013-12-23,0,1.2,2013-11-30,23,3.5,2013-09-30,84,2.9274,2013-12-23,0,0.0608,2013-12-23,0,6.9,2013-11-30,23,13.04,2013-12-23,0,8
NB_2105@2014-01-11,NB_2105,0,nonbankruptcy_candidate,2014,2015-01-11,2013-10-13,2012-12-31,2013-12-31,2014-01-10,2014-01-11,376,11,1,376,11,2407.75,2013-12-31,11,0.07,2014-01-10,1,1.5,2013-12-31,11,3.5,2013-12-31,11,2.8579,2014-01-10,1,0.0355,2014-01-10,1,6.7,2013-12-31,11,12.14,2014-01-10,1,8
NB_2944@2014-01-11,NB_2944,0,nonbankruptcy_candidate,2014,2015-01-11,2013-10-13,2012-12-28,2013-12-31,2014-01-10,2014-01-11,379,11,1,379,11,2407.75,2013-12-31,11,0.07,2014-01-10,1,1.5,2013-12-31,11,3.5,2013-12-31,11,2.8579,2014-01-10,1,0.0355,2014-01-10,1,6.7,2013-12-31,11,12.14,2014-01-10,1,8
SA_137@2014-01-11,SA_137,1,bankruptcy,2014,2015-01-11,2013-10-13,2013-02-02,2013-12-31,2014-01-10,2014-01-11,343,11,1,343,11,2407.75,2013-12-31,11,0.07,2014-01-10,1,1.5,2013-12-31,11,3.5,2013-12-31,11,2.8579,2014-01-10,1,0.0355,2014-01-10,1,6.7,2013-12-31,11,12.14,2014-01-10,1,8
NB_1455@2014-11-07,NB_1455,0,nonbankruptcy_candidate,2014,2015-11-07,2014-08-09,2013-08-31,2014-10-31,2014-11-07,2014-11-07,433,7,0,433,7,2568.56,2014-10-31,7,0.09,2014-11-07,0,1.7,2014-10-31,7,5.0,2014-09-30,38,2.2976,2014-11-07,0,0.0203,2014-11-07,0,5.7,2014-10-31,7,13.12,2014-11-07,0,8
NB_2477@2014-11-07,NB_2477,0,nonbankruptcy_candidate,2014,2015-11-07,2014-08-09,2013-12-31,2014-10-31,2014-11-07,2014-11-07,311,7,0,311,7,2568.56,2014-10-31,7,0.09,2014-11-07,0,1.7,2014-10-31,7,5.0,2014-09-30,38,2.2976,2014-11-07,0,0.0203,2014-11-07,0,5.7,2014-10-31,7,13.12,2014-11-07,0,8
NB_2671@2014-11-07,NB_2671,0,nonbankruptcy_candidate,2014,2015-11-07,2014-08-09,2013-12-31,2014-10-31,2014-11-07,2014-11-07,311,7,0,311,7,2568.56,2014-10-31,7,0.09,2014-11-07,0,1.7,2014-10-31,7,5.0,2014-09-30,38,2.2976,2014-11-07,0,0.0203,2014-11-07,0,5.7,2014-10-31,7,13.12,2014-11-07,0,8
SA_76@2014-11-07,SA_76,1,bankruptcy,2014,2015-11-07,2014-08-09,2013-12-31,2014-10-31,2014-11-07,2014-11-07,311,7,0,311,7,2568.56,2014-10-31,7,0.09,2014-11-07,0,1.7,2014-10-31,7,5.0,2014-09-30,38,2.2976,2014-11-07,0,0.0203,2014-11-07,0,5.7,2014-10-31,7,13.12,2014-11-07,0,8
NB_2240@2014-12-03,NB_2240,0,nonbankruptcy_candidate,2014,2015-12-03,2014-09-04,2013-12-31,2014-11-28,2014-12-03,2014-12-03,337,5,0,337,5,2585.87,2014-11-28,5,0.12,2014-12-03,0,1.3,2014-11-30,3,5.0,2014-09-30,64,2.2799,2014-12-03,0,0.0051,2014-12-03,0,5.8,2014-11-30,3,12.47,2014-12-03,0,8
NB_2434@2014-12-03,NB_2434,0,nonbankruptcy_candidate,2014,2015-12-03,2014-09-04,2014-06-30,2014-11-28,2014-12-03,2014-12-03,156,5,0,156,5,2585.87,2014-11-28,5,0.12,2014-12-03,0,1.3,2014-11-30,3,5.0,2014-09-30,64,2.2799,2014-12-03,0,0.0051,2014-12-03,0,5.8,2014-11-30,3,12.47,2014-12-03,0,8
NB_468@2014-12-03,NB_468,0,nonbankruptcy_candidate,2014,2015-12-03,2014-09-04,2014-01-04,2014-11-28,2014-12-03,2014-12-03,333,5,0,333,5,2585.87,2014-11-28,5,0.12,2014-12-03,0,1.3,2014-11-30,3,5.0,2014-09-30,64,2.2799,2014-12-03,0,0.0051,2014-12-03,0,5.8,2014-11-30,3,12.47,2014-12-03,0,8
NB_868@2014-12-03,NB_868,0,nonbankruptcy_candidate,2014,2015-12-03,2014-09-04,2013-12-31,2014-11-28,2014-12-03,2014-12-03,337,5,0,337,5,2585.87,2014-11-28,5,0.12,2014-12-03,0,1.3,2014-11-30,3,5.0,2014-09-30,64,2.2799,2014-12-03,0,0.0051,2014-12-03,0,5.8,2014-11-30,3,12.47,2014-12-03,0,8
SA_191@2014-12-03,SA_191,1,bankruptcy,2014,2015-12-03,2014-09-04,2013-12-31,2014-11-28,2014-12-03,2014-12-03,337,5,0,337,5,2585.87,2014-11-28,5,0.12,2014-12-03,0,1.3,2014-11-30,3,5.0,2014-09-30,64,2.2799,2014-12-03,0,0.0051,2014-12-03,0,5.8,2014-11-30,3,12.47,2014-12-03,0,8
SA_149@2014-12-12,SA_149,1,bankruptcy,2014,2015-12-12,2014-09-13,2013-12-29,2014-11-28,2014-12-12,2014-12-12,348,14,0,348,14,2585.87,2014-11-28,14,0.12,2014-12-12,0,1.3,2014-11-30,12,5.0,2014-09-30,73,2.0817,2014-12-12,0,0.0152,2014-12-12,0,5.8,2014-11-30,12,21.08,2014-12-12,0,8
NB_1487@2014-12-17,NB_1487,0,nonbankruptcy_candidate,2014,2015-12-17,2014-09-18,2013-12-31,2014-11-28,2014-12-17,2014-12-17,351,19,0,351,19,2585.87,2014-11-28,19,0.13,2014-12-17,0,1.3,2014-11-30,17,5.0,2014-09-30,78,2.1356,2014-12-17,0,0.0203,2014-12-17,0,5.8,2014-11-30,17,19.44,2014-12-17,0,8
SA_6@2014-12-17,SA_6,1,bankruptcy,2014,2015-12-17,2014-09-18,2013-12-31,2014-11-28,2014-12-17,2014-12-17,351,19,0,351,19,2585.87,2014-11-28,19,0.13,2014-12-17,0,1.3,2014-11-30,17,5.0,2014-09-30,78,2.1356,2014-12-17,0,0.0203,2014-12-17,0,5.8,2014-11-30,17,19.44,2014-12-17,0,8
NB_1796@2015-03-27,NB_1796,0,nonbankruptcy_candidate,2015,2016-03-27,2014-12-27,2014-01-31,2015-02-27,2015-03-27,2015-03-27,420,28,0,420,28,2638.92,2015-02-27,28,0.12,2015-03-27,0,0.0,2015-02-28,27,2.0,2014-12-31,86,1.9615,2015-03-27,0,0.0355,2015-03-27,0,5.5,2015-02-28,27,15.07,2015-03-27,0,8
NB_2278@2015-03-27,NB_2278,0,nonbankruptcy_candidate,2015,2016-03-27,2014-12-27,2013-12-31,2015-02-27,2015-03-27,2015-03-27,451,28,0,451,28,2638.92,2015-02-27,28,0.12,2015-03-27,0,0.0,2015-02-28,27,2.0,2014-12-31,86,1.9615,2015-03-27,0,0.0355,2015-03-27,0,5.5,2015-02-28,27,15.07,2015-03-27,0,8
SA_272@2015-03-27,SA_272,1,bankruptcy,2015,2016-03-27,2014-12-27,2013-12-31,2015-02-27,2015-03-27,2015-03-27,451,28,0,451,28,2638.92,2015-02-27,28,0.12,2015-03-27,0,0.0,2015-02-28,27,2.0,2014-12-31,86,1.9615,2015-03-27,0,0.0355,2015-03-27,0,5.5,2015-02-28,27,15.07,2015-03-27,0,8
NB_1567@2015-04-16,NB_1567,0,nonbankruptcy_candidate,2015,2016-04-16,2015-01-16,2014-12-31,2015-03-31,2015-04-16,2015-04-16,106,16,0,106,16,2647.34,2015-03-31,16,0.13,2015-04-16,0,-0.1,2015-03-31,16,3.6,2015-03-31,16,1.8897,2015-04-16,0,0.0152,2015-04-16,0,5.4,2015-03-31,16,12.6,2015-04-16,0,8
NB_1796@2015-04-16,NB_1796,0,nonbankruptcy_candidate,2015,2016-04-16,2015-01-16,2014-01-31,2015-03-31,2015-04-16,2015-04-16,440,16,0,440,16,2647.34,2015-03-31,16,0.13,2015-04-16,0,-0.1,2015-03-31,16,3.6,2015-03-31,16,1.8897,2015-04-16,0,0.0152,2015-04-16,0,5.4,2015-03-31,16,12.6,2015-04-16,0,8
NB_2771@2015-04-16,NB_2771,0,nonbankruptcy_candidate,2015,2016-04-16,2015-01-16,2014-12-31,2015-03-31,2015-04-16,2015-04-16,106,16,0,106,16,2647.34,2015-03-31,16,0.13,2015-04-16,0,-0.1,2015-03-31,16,3.6,2015-03-31,16,1.8897,2015-04-16,0,0.0152,2015-04-16,0,5.4,2015-03-31,16,12.6,2015-04-16,0,8
NB_712@2015-04-16,NB_712,0,nonbankruptcy_candidate,2015,2016-04-16,2015-01-16,2014-06-30,2015-03-31,2015-04-16,2015-04-16,290,16,0,290,16,2647.34,2015-03-31,16,0.13,2015-04-16,0,-0.1,2015-03-31,16,3.6,2015-03-31,16,1.8897,2015-04-16,0,0.0152,2015-04-16,0,5.4,2015-03-31,16,12.6,2015-04-16,0,8
SA_44@2015-04-16,SA_44,1,bankruptcy,2015,2016-04-16,2015-01-16,2014-12-31,2015-03-31,2015-04-16,2015-04-16,106,16,0,106,16,2647.34,2015-03-31,16,0.13,2015-04-16,0,-0.1,2015-03-31,16,3.6,2015-03-31,16,1.8897,2015-04-16,0,0.0152,2015-04-16,0,5.4,2015-03-31,16,12.6,2015-04-16,0,8
SA_82@2015-04-16,SA_82,1,bankruptcy,2015,2016-04-16,2015-01-16,2014-12-31,2015-03-31,2015-04-16,2015-04-16,106,16,0,106,16,2647.34,2015-03-31,16,0.13,2015-04-16,0,-0.1,2015-03-31,16,3.6,2015-03-31,16,1.8897,2015-04-16,0,0.0152,2015-04-16,0,5.4,2015-03-31,16,12.6,2015-04-16,0,8
SA_221@2015-05-05,SA_221,1,bankruptcy,2015,2016-05-05,2015-02-04,2014-12-31,2015-04-30,2015-05-05,2015-05-05,125,5,0,125,5,2628.8,2015-04-30,5,0.13,2015-05-05,0,-0.2,2015-04-30,5,3.6,2015-03-31,35,2.1853,2015-05-05,0,0.0051,2015-05-05,0,5.4,2015-04-30,5,14.31,2015-05-05,0,8
NB_273@2015-05-15,NB_273,0,nonbankruptcy_candidate,2015,2016-05-15,2015-02-14,2014-12-31,2015-04-30,2015-05-15,2015-05-15,135,15,0,135,15,2628.8,2015-04-30,15,0.13,2015-05-15,0,-0.2,2015-04-30,15,3.6,2015-03-31,45,2.1424,2015-05-15,0,0.0101,2015-05-15,0,5.4,2015-04-30,15,12.38,2015-05-15,0,8
NB_868@2015-05-15,NB_868,0,nonbankruptcy_candidate,2015,2016-05-15,2015-02-14,2014-12-31,2015-04-30,2015-05-15,2015-05-15,135,15,0,135,15,2628.8,2015-04-30,15,0.13,2015-05-15,0,-0.2,2015-04-30,15,3.6,2015-03-31,45,2.1424,2015-05-15,0,0.0101,2015-05-15,0,5.4,2015-04-30,15,12.38,2015-05-15,0,8
SA_154@2015-05-15,SA_154,1,bankruptcy,2015,2016-05-15,2015-02-14,2014-12-31,2015-04-30,2015-05-15,2015-05-15,135,15,0,135,15,2628.8,2015-04-30,15,0.13,2015-05-15,0,-0.2,2015-04-30,15,3.6,2015-03-31,45,2.1424,2015-05-15,0,0.0101,2015-05-15,0,5.4,2015-04-30,15,12.38,2015-05-15,0,8
NB_1266@2015-11-10,NB_1266,0,nonbankruptcy_candidate,2015,2016-11-10,2015-08-12,2014-12-31,2015-10-30,2015-11-10,2015-11-10,314,11,0,314,11,2595.6,2015-10-30,11,0.12,2015-11-10,0,0.2,2015-10-31,10,1.6,2015-09-30,41,2.3419,2015-11-10,0,0.1271,2015-11-10,0,5.0,2015-10-31,10,15.29,2015-11-10,0,8
NB_1911@2015-11-10,NB_1911,0,nonbankruptcy_candidate,2015,2016-11-10,2015-08-12,2014-12-31,2015-10-30,2015-11-10,2015-11-10,314,11,0,314,11,2595.6,2015-10-30,11,0.12,2015-11-10,0,0.2,2015-10-31,10,1.6,2015-09-30,41,2.3419,2015-11-10,0,0.1271,2015-11-10,0,5.0,2015-10-31,10,15.29,2015-11-10,0,8
NB_424@2015-11-10,NB_424,0,nonbankruptcy_candidate,2015,2016-11-10,2015-08-12,2014-12-31,2015-10-30,2015-11-10,2015-11-10,314,11,0,314,11,2595.6,2015-10-30,11,0.12,2015-11-10,0,0.2,2015-10-31,10,1.6,2015-09-30,41,2.3419,2015-11-10,0,0.1271,2015-11-10,0,5.0,2015-10-31,10,15.29,2015-11-10,0,8
NB_438@2015-11-10,NB_438,0,nonbankruptcy_candidate,2015,2016-11-10,2015-08-12,2014-09-30,2015-10-30,2015-11-10,2015-11-10,406,11,0,406,11,2595.6,2015-10-30,11,0.12,2015-11-10,0,0.2,2015-10-31,10,1.6,2015-09-30,41,2.3419,2015-11-10,0,0.1271,2015-11-10,0,5.0,2015-10-31,10,15.29,2015-11-10,0,8
SA_276@2015-11-10,SA_276,1,bankruptcy,2015,2016-11-10,2015-08-12,2014-12-31,2015-10-30,2015-11-10,2015-11-10,314,11,0,314,11,2595.6,2015-10-30,11,0.12,2015-11-10,0,0.2,2015-10-31,10,1.6,2015-09-30,41,2.3419,2015-11-10,0,0.1271,2015-11-10,0,5.0,2015-10-31,10,15.29,2015-11-10,0,8
NB_2059@2015-11-27,NB_2059,0,nonbankruptcy_candidate,2015,2016-11-27,2015-08-29,2014-12-31,2015-10-30,2015-11-27,2015-11-27,331,28,0,331,28,2595.6,2015-10-30,28,0.12,2015-11-27,0,0.2,2015-10-31,27,1.6,2015-09-30,58,2.2201,2015-11-27,0,0.1678,2015-11-27,0,5.0,2015-10-31,27,15.12,2015-11-27,0,8
NB_737@2015-11-27,NB_737,0,nonbankruptcy_candidate,2015,2016-11-27,2015-08-29,2014-12-31,2015-10-30,2015-11-27,2015-11-27,331,28,0,331,28,2595.6,2015-10-30,28,0.12,2015-11-27,0,0.2,2015-10-31,27,1.6,2015-09-30,58,2.2201,2015-11-27,0,0.1678,2015-11-27,0,5.0,2015-10-31,27,15.12,2015-11-27,0,8
SA_174@2015-11-27,SA_174,1,bankruptcy,2015,2016-11-27,2015-08-29,2014-12-31,2015-10-30,2015-11-27,2015-11-27,331,28,0,331,28,2595.6,2015-10-30,28,0.12,2015-11-27,0,0.2,2015-10-31,27,1.6,2015-09-30,58,2.2201,2015-11-27,0,0.1678,2015-11-27,0,5.0,2015-10-31,27,15.12,2015-11-27,0,8
NB_1026@2016-01-22,NB_1026,0,nonbankruptcy_candidate,2016,2017-01-22,2015-10-24,2014-12-31,2015-12-31,2016-01-22,2016-01-22,387,22,0,387,22,2569.73,2015-12-31,22,0.38,2016-01-22,0,0.7,2015-12-31,22,0.7,2015-12-31,22,2.0519,2016-01-22,0,0.295,2016-01-22,0,5.0,2015-12-31,22,22.34,2016-01-22,0,8
NB_1193@2016-01-22,NB_1193,0,nonbankruptcy_candidate,2016,2017-01-22,2015-10-24,2014-12-31,2015-12-31,2016-01-22,2016-01-22,387,22,0,387,22,2569.73,2015-12-31,22,0.38,2016-01-22,0,0.7,2015-12-31,22,0.7,2015-12-31,22,2.0519,2016-01-22,0,0.295,2016-01-22,0,5.0,2015-12-31,22,22.34,2016-01-22,0,8
SA_55@2016-01-22,SA_55,1,bankruptcy,2016,2017-01-22,2015-10-24,2014-12-31,2015-12-31,2016-01-22,2016-01-22,387,22,0,387,22,2569.73,2015-12-31,22,0.38,2016-01-22,0,0.7,2015-12-31,22,0.7,2015-12-31,22,2.0519,2016-01-22,0,0.295,2016-01-22,0,5.0,2015-12-31,22,22.34,2016-01-22,0,8
SA_180@2016-02-02,SA_180,1,bankruptcy,2016,2017-02-02,2015-11-04,2015-03-29,2016-01-29,2016-02-02,2016-02-02,310,4,0,310,4,2578.84,2016-01-29,4,0.38,2016-02-02,0,1.4,2016-01-31,2,0.7,2015-12-31,33,1.8448,2016-02-02,0,0.3358,2016-02-02,0,4.8,2016-01-31,2,21.98,2016-02-02,0,8
NB_1455@2016-02-04,NB_1455,0,nonbankruptcy_candidate,2016,2017-02-04,2015-11-06,2015-08-31,2016-01-29,2016-02-04,2016-02-04,157,6,0,157,6,2578.84,2016-01-29,6,0.38,2016-02-04,0,1.4,2016-01-31,4,0.7,2015-12-31,35,1.8395,2016-02-04,0,0.29,2016-02-04,0,4.8,2016-01-31,4,21.84,2016-02-04,0,8
SA_224@2016-02-04,SA_224,1,bankruptcy,2016,2017-02-04,2015-11-06,2015-01-31,2016-01-29,2016-02-04,2016-02-04,369,6,0,369,6,2578.84,2016-01-29,6,0.38,2016-02-04,0,1.4,2016-01-31,4,0.7,2015-12-31,35,1.8395,2016-02-04,0,0.29,2016-02-04,0,4.8,2016-01-31,4,21.84,2016-02-04,0,8
NB_2967@2016-02-15,NB_2967,0,nonbankruptcy_candidate,2016,2017-02-15,2015-11-17,2014-12-31,2016-01-29,2016-02-15,2016-02-15,411,17,0,411,17,2578.84,2016-01-29,17,0.38,2016-02-12,3,1.4,2016-01-31,15,0.7,2015-12-31,46,1.7481,2016-02-15,0,0.2798,2016-02-15,0,4.8,2016-01-31,15,25.4,2016-02-12,3,8
SA_256@2016-02-15,SA_256,1,bankruptcy,2016,2017-02-15,2015-11-17,2014-12-31,2016-01-29,2016-02-15,2016-02-15,411,17,0,411,17,2578.84,2016-01-29,17,0.38,2016-02-12,3,1.4,2016-01-31,15,0.7,2015-12-31,46,1.7481,2016-02-15,0,0.2798,2016-02-15,0,4.8,2016-01-31,15,25.4,2016-02-12,3,8
NB_1707@2016-02-16,NB_1707,0,nonbankruptcy_candidate,2016,2017-02-16,2015-11-18,2014-12-31,2016-01-29,2016-02-16,2016-02-16,412,18,0,412,18,2578.84,2016-01-29,18,0.38,2016-02-16,0,1.4,2016-01-31,16,0.7,2015-12-31,47,1.7723,2016-02-16,0,0.2798,2016-02-16,0,4.8,2016-01-31,16,24.11,2016-02-16,0,8
NB_1732@2016-02-16,NB_1732,0,nonbankruptcy_candidate,2016,2017-02-16,2015-11-18,2015-01-31,2016-01-29,2016-02-16,2016-02-16,381,18,0,381,18,2578.84,2016-01-29,18,0.38,2016-02-16,0,1.4,2016-01-31,16,0.7,2015-12-31,47,1.7723,2016-02-16,0,0.2798,2016-02-16,0,4.8,2016-01-31,16,24.11,2016-02-16,0,8
SA_282@2016-02-16,SA_282,1,bankruptcy,2016,2017-02-16,2015-11-18,2014-12-31,2016-01-29,2016-02-16,2016-02-16,412,18,0,412,18,2578.84,2016-01-29,18,0.38,2016-02-16,0,1.4,2016-01-31,16,0.7,2015-12-31,47,1.7723,2016-02-16,0,0.2798,2016-02-16,0,4.8,2016-01-31,16,24.11,2016-02-16,0,8
NB_3012@2016-03-09,NB_3012,0,nonbankruptcy_candidate,2016,2017-03-09,2015-12-10,2014-12-31,2016-02-29,2016-03-09,2016-03-09,434,9,0,434,9,2599.67,2016-02-29,9,0.36,2016-03-09,0,1.0,2016-02-29,9,0.7,2015-12-31,69,1.876,2016-03-09,0,0.3001,2016-03-09,0,4.9,2016-02-29,9,18.34,2016-03-09,0,8
NB_424@2016-03-09,NB_424,0,nonbankruptcy_candidate,2016,2017-03-09,2015-12-10,2014-12-31,2016-02-29,2016-03-09,2016-03-09,434,9,0,434,9,2599.67,2016-02-29,9,0.36,2016-03-09,0,1.0,2016-02-29,9,0.7,2015-12-31,69,1.876,2016-03-09,0,0.3001,2016-03-09,0,4.9,2016-02-29,9,18.34,2016-03-09,0,8
NB_468@2016-03-09,NB_468,0,nonbankruptcy_candidate,2016,2017-03-09,2015-12-10,2015-01-03,2016-02-29,2016-03-09,2016-03-09,431,9,0,431,9,2599.67,2016-02-29,9,0.36,2016-03-09,0,1.0,2016-02-29,9,0.7,2015-12-31,69,1.876,2016-03-09,0,0.3001,2016-03-09,0,4.9,2016-02-29,9,18.34,2016-03-09,0,8
NB_762@2016-03-09,NB_762,0,nonbankruptcy_candidate,2016,2017-03-09,2015-12-10,2015-03-31,2016-02-29,2016-03-09,2016-03-09,344,9,0,344,9,2599.67,2016-02-29,9,0.36,2016-03-09,0,1.0,2016-02-29,9,0.7,2015-12-31,69,1.876,2016-03-09,0,0.3001,2016-03-09,0,4.9,2016-02-29,9,18.34,2016-03-09,0,8
NB_941@2016-03-09,NB_941,0,nonbankruptcy_candidate,2016,2017-03-09,2015-12-10,2015-06-30,2016-02-29,2016-03-09,2016-03-09,253,9,0,253,9,2599.67,2016-02-29,9,0.36,2016-03-09,0,1.0,2016-02-29,9,0.7,2015-12-31,69,1.876,2016-03-09,0,0.3001,2016-03-09,0,4.9,2016-02-29,9,18.34,2016-03-09,0,8
SA_109@2016-03-09,SA_109,1,bankruptcy,2016,2017-03-09,2015-12-10,2014-12-31,2016-02-29,2016-03-09,2016-03-09,434,9,0,434,9,2599.67,2016-02-29,9,0.36,2016-03-09,0,1.0,2016-02-29,9,0.7,2015-12-31,69,1.876,2016-03-09,0,0.3001,2016-03-09,0,4.9,2016-02-29,9,18.34,2016-03-09,0,8
NB_1814@2016-05-03,NB_1814,0,nonbankruptcy_candidate,2016,2017-05-03,2016-02-03,2015-12-31,2016-04-29,2016-05-03,2016-05-03,124,4,0,124,4,2708.36,2016-04-29,4,0.37,2016-05-03,0,1.1,2016-04-30,3,2.3,2016-03-31,33,1.7963,2016-05-03,0,0.1983,2016-05-03,0,5.1,2016-04-30,3,15.6,2016-05-03,0,8
NB_2477@2016-05-03,NB_2477,0,nonbankruptcy_candidate,2016,2017-05-03,2016-02-03,2015-12-31,2016-04-29,2016-05-03,2016-05-03,124,4,0,124,4,2708.36,2016-04-29,4,0.37,2016-05-03,0,1.1,2016-04-30,3,2.3,2016-03-31,33,1.7963,2016-05-03,0,0.1983,2016-05-03,0,5.1,2016-04-30,3,15.6,2016-05-03,0,8
NB_2860@2016-05-03,NB_2860,0,nonbankruptcy_candidate,2016,2017-05-03,2016-02-03,2015-07-25,2016-04-29,2016-05-03,2016-05-03,283,4,0,283,4,2708.36,2016-04-29,4,0.37,2016-05-03,0,1.1,2016-04-30,3,2.3,2016-03-31,33,1.7963,2016-05-03,0,0.1983,2016-05-03,0,5.1,2016-04-30,3,15.6,2016-05-03,0,8
SA_304@2016-05-03,SA_304,1,bankruptcy,2016,2017-05-03,2016-02-03,2015-12-31,2016-04-29,2016-05-03,2016-05-03,124,4,0,124,4,2708.36,2016-04-29,4,0.37,2016-05-03,0,1.1,2016-04-30,3,2.3,2016-03-31,33,1.7963,2016-05-03,0,0.1983,2016-05-03,0,5.1,2016-04-30,3,15.6,2016-05-03,0,8
NB_1167@2016-06-18,NB_1167,0,nonbankruptcy_candidate,2016,2017-06-18,2016-03-20,2015-12-31,2016-05-31,2016-06-17,2016-06-18,170,18,1,170,18,2706.27,2016-05-31,18,0.38,2016-06-17,1,1.0,2016-05-31,18,2.3,2016-03-31,79,1.6078,2016-06-17,1,0.2543,2016-06-17,1,4.8,2016-05-31,18,19.41,2016-06-17,1,8
NB_1875@2016-06-18,NB_1875,0,nonbankruptcy_candidate,2016,2017-06-18,2016-03-20,2015-09-30,2016-05-31,2016-06-17,2016-06-18,262,18,1,262,18,2706.27,2016-05-31,18,0.38,2016-06-17,1,1.0,2016-05-31,18,2.3,2016-03-31,79,1.6078,2016-06-17,1,0.2543,2016-06-17,1,4.8,2016-05-31,18,19.41,2016-06-17,1,8
SA_81@2016-06-18,SA_81,1,bankruptcy,2016,2017-06-18,2016-03-20,2015-12-31,2016-05-31,2016-06-17,2016-06-18,170,18,1,170,18,2706.27,2016-05-31,18,0.38,2016-06-17,1,1.0,2016-05-31,18,2.3,2016-03-31,79,1.6078,2016-06-17,1,0.2543,2016-06-17,1,4.8,2016-05-31,18,19.41,2016-06-17,1,8
NB_2240@2017-05-28,NB_2240,0,nonbankruptcy_candidate,2017,2018-05-28,2017-02-27,2016-12-31,2017-04-28,2017-05-26,2017-05-28,148,30,2,148,30,2789.61,2017-04-28,30,0.91,2017-05-26,2,2.2,2017-04-30,28,2.0,2017-03-31,58,2.2465,2017-05-26,2,0.9246,2017-05-26,2,4.4,2017-04-30,28,9.81,2017-05-26,2,8
SA_236@2017-05-28,SA_236,1,bankruptcy,2017,2018-05-28,2017-02-27,2017-01-28,2017-04-28,2017-05-26,2017-05-28,120,30,2,120,30,2789.61,2017-04-28,30,0.91,2017-05-26,2,2.2,2017-04-30,28,2.0,2017-03-31,58,2.2465,2017-05-26,2,0.9246,2017-05-26,2,4.4,2017-04-30,28,9.81,2017-05-26,2,8
SA_292@2017-09-15,SA_292,1,bankruptcy,2017,2018-09-15,2017-06-17,2016-12-31,2017-08-31,2017-09-15,2017-09-15,258,15,0,258,15,2873.15,2017-08-31,15,1.16,2017-09-15,0,1.9,2017-08-31,15,2.3,2017-06-30,77,2.2023,2017-09-15,0,1.0265,2017-09-15,0,4.4,2017-08-31,15,10.17,2017-09-15,0,8
NB_1664@2017-09-20,NB_1664,0,nonbankruptcy_candidate,2017,2018-09-20,2017-06-22,2016-12-31,2017-08-31,2017-09-20,2017-09-20,263,20,0,263,20,2873.15,2017-08-31,20,1.16,2017-09-20,0,1.9,2017-08-31,20,2.3,2017-06-30,82,2.2676,2017-09-20,0,1.0279,2017-09-20,0,4.4,2017-08-31,20,9.78,2017-09-20,0,8
NB_2997@2017-09-20,NB_2997,0,nonbankruptcy_candidate,2017,2018-09-20,2017-06-22,2016-12-31,2017-08-31,2017-09-20,2017-09-20,263,20,0,263,20,2873.15,2017-08-31,20,1.16,2017-09-20,0,1.9,2017-08-31,20,2.3,2017-06-30,82,2.2676,2017-09-20,0,1.0279,2017-09-20,0,4.4,2017-08-31,20,9.78,2017-09-20,0,8
NB_340@2017-09-20,NB_340,0,nonbankruptcy_candidate,2017,2018-09-20,2017-06-22,2016-12-31,2017-08-31,2017-09-20,2017-09-20,263,20,0,263,20,2873.15,2017-08-31,20,1.16,2017-09-20,0,1.9,2017-08-31,20,2.3,2017-06-30,82,2.2676,2017-09-20,0,1.0279,2017-09-20,0,4.4,2017-08-31,20,9.78,2017-09-20,0,8
NB_899@2017-09-20,NB_899,0,nonbankruptcy_candidate,2017,2018-09-20,2017-06-22,2016-12-31,2017-08-31,2017-09-20,2017-09-20,263,20,0,263,20,2873.15,2017-08-31,20,1.16,2017-09-20,0,1.9,2017-08-31,20,2.3,2017-06-30,82,2.2676,2017-09-20,0,1.0279,2017-09-20,0,4.4,2017-08-31,20,9.78,2017-09-20,0,8
SA_62@2017-09-20,SA_62,1,bankruptcy,2017,2018-09-20,2017-06-22,2016-12-31,2017-08-31,2017-09-20,2017-09-20,263,20,0,263,20,2873.15,2017-08-31,20,1.16,2017-09-20,0,1.9,2017-08-31,20,2.3,2017-06-30,82,2.2676,2017-09-20,0,1.0279,2017-09-20,0,4.4,2017-08-31,20,9.78,2017-09-20,0,8
NB_1048@2017-10-17,NB_1048,0,nonbankruptcy_candidate,2017,2018-10-17,2017-07-19,2016-12-31,2017-09-29,2017-10-17,2017-10-17,290,18,0,290,18,2868.16,2017-09-29,18,1.16,2017-10-17,0,2.2,2017-09-30,17,3.2,2017-09-30,17,2.2998,2017-10-17,0,1.0878,2017-10-17,0,4.3,2017-09-30,17,10.31,2017-10-17,0,8
NB_1487@2017-10-17,NB_1487,0,nonbankruptcy_candidate,2017,2018-10-17,2017-07-19,2016-12-31,2017-09-29,2017-10-17,2017-10-17,290,18,0,290,18,2868.16,2017-09-29,18,1.16,2017-10-17,0,2.2,2017-09-30,17,3.2,2017-09-30,17,2.2998,2017-10-17,0,1.0878,2017-10-17,0,4.3,2017-09-30,17,10.31,2017-10-17,0,8
NB_1814@2017-10-17,NB_1814,0,nonbankruptcy_candidate,2017,2018-10-17,2017-07-19,2016-12-31,2017-09-29,2017-10-17,2017-10-17,290,18,0,290,18,2868.16,2017-09-29,18,1.16,2017-10-17,0,2.2,2017-09-30,17,3.2,2017-09-30,17,2.2998,2017-10-17,0,1.0878,2017-10-17,0,4.3,2017-09-30,17,10.31,2017-10-17,0,8
NB_1898@2017-10-17,NB_1898,0,nonbankruptcy_candidate,2017,2018-10-17,2017-07-19,2016-12-31,2017-09-29,2017-10-17,2017-10-17,290,18,0,290,18,2868.16,2017-09-29,18,1.16,2017-10-17,0,2.2,2017-09-30,17,3.2,2017-09-30,17,2.2998,2017-10-17,0,1.0878,2017-10-17,0,4.3,2017-09-30,17,10.31,2017-10-17,0,8
NB_678@2017-10-17,NB_678,0,nonbankruptcy_candidate,2017,2018-10-17,2017-07-19,2016-12-31,2017-09-29,2017-10-17,2017-10-17,290,18,0,290,18,2868.16,2017-09-29,18,1.16,2017-10-17,0,2.2,2017-09-30,17,3.2,2017-09-30,17,2.2998,2017-10-17,0,1.0878,2017-10-17,0,4.3,2017-09-30,17,10.31,2017-10-17,0,8
SA_232@2017-10-17,SA_232,1,bankruptcy,2017,2018-10-17,2017-07-19,2016-12-31,2017-09-29,2017-10-17,2017-10-17,290,18,0,290,18,2868.16,2017-09-29,18,1.16,2017-10-17,0,2.2,2017-09-30,17,3.2,2017-09-30,17,2.2998,2017-10-17,0,1.0878,2017-10-17,0,4.3,2017-09-30,17,10.31,2017-10-17,0,8
NB_698@2017-11-04,NB_698,0,nonbankruptcy_candidate,2017,2018-11-04,2017-08-06,2017-04-02,2017-10-31,2017-11-03,2017-11-04,216,4,1,216,4,2879.74,2017-10-31,4,1.16,2017-11-03,1,2.0,2017-10-31,4,3.2,2017-09-30,35,2.3325,2017-11-03,1,1.1692,2017-11-03,1,4.2,2017-10-31,4,9.14,2017-11-03,1,8
SA_151@2017-11-04,SA_151,1,bankruptcy,2017,2018-11-04,2017-08-06,2016-12-31,2017-10-31,2017-11-03,2017-11-04,308,4,1,308,4,2879.74,2017-10-31,4,1.16,2017-11-03,1,2.0,2017-10-31,4,3.2,2017-09-30,35,2.3325,2017-11-03,1,1.1692,2017-11-03,1,4.2,2017-10-31,4,9.14,2017-11-03,1,8
SA_250@2017-12-12,SA_250,1,bankruptcy,2017,2018-12-12,2017-09-13,2016-12-31,2017-11-30,2017-12-12,2017-12-12,346,12,0,346,12,2875.55,2017-11-30,12,1.17,2017-12-12,0,2.2,2017-11-30,12,3.2,2017-09-30,73,2.4011,2017-12-12,0,1.325,2017-12-12,0,4.2,2017-11-30,12,9.92,2017-12-12,0,8
NB_1538@2018-02-17,NB_1538,0,nonbankruptcy_candidate,2018,2019-02-17,2017-11-19,2016-12-31,2018-01-31,2018-02-16,2018-02-17,413,17,1,413,17,2874.04,2018-01-31,17,1.42,2018-02-16,1,2.1,2018-01-31,17,4.6,2017-12-31,48,2.8749,2018-02-16,1,1.5901,2018-02-16,1,4.0,2018-01-31,17,19.46,2018-02-16,1,8
SA_46@2018-02-17,SA_46,1,bankruptcy,2018,2019-02-17,2017-11-19,2016-12-31,2018-01-31,2018-02-16,2018-02-17,413,17,1,413,17,2874.04,2018-01-31,17,1.42,2018-02-16,1,2.1,2018-01-31,17,4.6,2017-12-31,48,2.8749,2018-02-16,1,1.5901,2018-02-16,1,4.0,2018-01-31,17,19.46,2018-02-16,1,8
NB_1732@2018-07-17,NB_1732,0,nonbankruptcy_candidate,2018,2019-07-17,2018-04-18,2018-01-31,2018-06-29,2018-07-17,2018-07-17,167,18,0,167,18,2806.89,2018-06-29,18,1.91,2018-07-17,0,2.9,2018-06-30,17,2.1,2018-06-30,17,2.86,2018-07-17,0,2.0075,2018-07-17,0,4.0,2018-06-30,17,12.06,2018-07-17,0,8
NB_2097@2018-07-17,NB_2097,0,nonbankruptcy_candidate,2018,2019-07-17,2018-04-18,2017-12-31,2018-06-29,2018-07-17,2018-07-17,198,18,0,198,18,2806.89,2018-06-29,18,1.91,2018-07-17,0,2.9,2018-06-30,17,2.1,2018-06-30,17,2.86,2018-07-17,0,2.0075,2018-07-17,0,4.0,2018-06-30,17,12.06,2018-07-17,0,8
SA_288@2018-07-17,SA_288,1,bankruptcy,2018,2019-07-17,2018-04-18,2018-02-03,2018-06-29,2018-07-17,2018-07-17,164,18,0,164,18,2806.89,2018-06-29,18,1.91,2018-07-17,0,2.9,2018-06-30,17,2.1,2018-06-30,17,2.86,2018-07-17,0,2.0075,2018-07-17,0,4.0,2018-06-30,17,12.06,2018-07-17,0,8
NB_2097@2018-08-02,NB_2097,0,nonbankruptcy_candidate,2018,2019-08-02,2018-05-04,2017-12-31,2018-07-31,2018-08-02,2018-08-02,214,2,0,214,2,2830.22,2018-07-31,2,1.91,2018-08-02,0,2.9,2018-07-31,2,2.1,2018-06-30,33,2.9859,2018-08-02,0,2.0021,2018-08-02,0,3.8,2018-07-31,2,12.19,2018-08-02,0,8
NB_416@2018-08-02,NB_416,0,nonbankruptcy_candidate,2018,2019-08-02,2018-05-04,2018-04-28,2018-07-31,2018-08-02,2018-08-02,96,2,0,96,2,2830.22,2018-07-31,2,1.91,2018-08-02,0,2.9,2018-07-31,2,2.1,2018-06-30,33,2.9859,2018-08-02,0,2.0021,2018-08-02,0,3.8,2018-07-31,2,12.19,2018-08-02,0,8
NB_447@2018-08-02,NB_447,0,nonbankruptcy_candidate,2018,2019-08-02,2018-05-04,2017-12-31,2018-07-31,2018-08-02,2018-08-02,214,2,0,214,2,2830.22,2018-07-31,2,1.91,2018-08-02,0,2.9,2018-07-31,2,2.1,2018-06-30,33,2.9859,2018-08-02,0,2.0021,2018-08-02,0,3.8,2018-07-31,2,12.19,2018-08-02,0,8
SA_112@2018-08-02,SA_112,1,bankruptcy,2018,2019-08-02,2018-05-04,2017-12-31,2018-07-31,2018-08-02,2018-08-02,214,2,0,214,2,2830.22,2018-07-31,2,1.91,2018-08-02,0,2.9,2018-07-31,2,2.1,2018-06-30,33,2.9859,2018-08-02,0,2.0021,2018-08-02,0,3.8,2018-07-31,2,12.19,2018-08-02,0,8
NB_1343@2018-11-27,NB_1343,0,nonbankruptcy_candidate,2018,2019-11-27,2018-08-29,2018-07-31,2018-10-31,2018-11-27,2018-11-27,119,27,0,119,27,2792.67,2018-10-31,27,2.2,2018-11-27,0,2.5,2018-10-31,27,2.5,2018-09-30,58,3.0572,2018-11-27,0,2.3893,2018-11-27,0,3.8,2018-10-31,27,19.02,2018-11-27,0,8
SA_289@2018-11-27,SA_289,1,bankruptcy,2018,2019-11-27,2018-08-29,2017-12-31,2018-10-31,2018-11-27,2018-11-27,331,27,0,331,27,2792.67,2018-10-31,27,2.2,2018-11-27,0,2.5,2018-10-31,27,2.5,2018-09-30,58,3.0572,2018-11-27,0,2.3893,2018-11-27,0,3.8,2018-10-31,27,19.02,2018-11-27,0,8
NB_1089@2018-12-14,NB_1089,0,nonbankruptcy_candidate,2018,2019-12-14,2018-09-15,2017-12-31,2018-11-30,2018-12-14,2018-12-14,348,14,0,348,14,2788.02,2018-11-30,14,2.19,2018-12-14,0,2.2,2018-11-30,14,2.5,2018-09-30,75,2.8895,2018-12-14,0,2.4091,2018-12-14,0,3.8,2018-11-30,14,21.63,2018-12-14,0,8
NB_1912@2018-12-14,NB_1912,0,nonbankruptcy_candidate,2018,2019-12-14,2018-09-15,2017-10-31,2018-11-30,2018-12-14,2018-12-14,409,14,0,409,14,2788.02,2018-11-30,14,2.19,2018-12-14,0,2.2,2018-11-30,14,2.5,2018-09-30,75,2.8895,2018-12-14,0,2.4091,2018-12-14,0,3.8,2018-11-30,14,21.63,2018-12-14,0,8
NB_468@2018-12-14,NB_468,0,nonbankruptcy_candidate,2018,2019-12-14,2018-09-15,2017-12-30,2018-11-30,2018-12-14,2018-12-14,349,14,0,349,14,2788.02,2018-11-30,14,2.19,2018-12-14,0,2.2,2018-11-30,14,2.5,2018-09-30,75,2.8895,2018-12-14,0,2.4091,2018-12-14,0,3.8,2018-11-30,14,21.63,2018-12-14,0,8
SA_69@2018-12-14,SA_69,1,bankruptcy,2018,2019-12-14,2018-09-15,2017-12-31,2018-11-30,2018-12-14,2018-12-14,348,14,0,348,14,2788.02,2018-11-30,14,2.19,2018-12-14,0,2.2,2018-11-30,14,2.5,2018-09-30,75,2.8895,2018-12-14,0,2.4091,2018-12-14,0,3.8,2018-11-30,14,21.63,2018-12-14,0,8
NB_87@2019-01-01,NB_87,0,nonbankruptcy_candidate,2019,2020-01-01,2018-10-03,2017-12-31,2018-12-31,2019-01-01,2019-01-01,366,1,0,366,1,2829.02,2018-12-31,1,2.4,2018-12-31,1,1.9,2018-12-31,1,0.6,2018-12-31,1,2.6842,2019-01-01,0,2.3549,2019-01-01,0,3.9,2018-12-31,1,25.42,2018-12-31,1,8
SA_194@2019-01-01,SA_194,1,bankruptcy,2019,2020-01-01,2018-10-03,2017-12-31,2018-12-31,2019-01-01,2019-01-01,366,1,0,366,1,2829.02,2018-12-31,1,2.4,2018-12-31,1,1.9,2018-12-31,1,0.6,2018-12-31,1,2.6842,2019-01-01,0,2.3549,2019-01-01,0,3.9,2018-12-31,1,25.42,2018-12-31,1,8
NB_1814@2019-01-14,NB_1814,0,nonbankruptcy_candidate,2019,2020-01-14,2018-10-16,2017-12-31,2018-12-31,2019-01-14,2019-01-14,379,14,0,379,14,2829.02,2018-12-31,14,2.4,2019-01-14,0,1.9,2018-12-31,14,0.6,2018-12-31,14,2.7024,2019-01-14,0,2.4115,2019-01-14,0,3.9,2018-12-31,14,19.07,2019-01-14,0,8
NB_3004@2019-01-14,NB_3004,0,nonbankruptcy_candidate,2019,2020-01-14,2018-10-16,2017-12-31,2018-12-31,2019-01-14,2019-01-14,379,14,0,379,14,2829.02,2018-12-31,14,2.4,2019-01-14,0,1.9,2018-12-31,14,0.6,2018-12-31,14,2.7024,2019-01-14,0,2.4115,2019-01-14,0,3.9,2018-12-31,14,19.07,2019-01-14,0,8
SA_227@2019-01-14,SA_227,1,bankruptcy,2019,2020-01-14,2018-10-16,2017-12-31,2018-12-31,2019-01-14,2019-01-14,379,14,0,379,14,2829.02,2018-12-31,14,2.4,2019-01-14,0,1.9,2018-12-31,14,0.6,2018-12-31,14,2.7024,2019-01-14,0,2.4115,2019-01-14,0,3.9,2018-12-31,14,19.07,2019-01-14,0,8
SA_50@2019-02-09,SA_50,1,bankruptcy,2019,2020-02-09,2018-11-11,2017-12-31,2019-01-31,2019-02-08,2019-02-09,405,9,1,405,9,2895.56,2019-01-31,9,2.4,2019-02-08,1,1.6,2019-01-31,9,0.6,2018-12-31,40,2.6339,2019-02-08,1,2.4116,2019-02-08,1,4.0,2019-01-31,9,15.72,2019-02-08,1,8
NB_2097@2019-02-10,NB_2097,0,nonbankruptcy_candidate,2019,2020-02-10,2018-11-12,2017-12-31,2019-01-31,2019-02-08,2019-02-10,406,10,2,406,10,2895.56,2019-01-31,10,2.4,2019-02-08,2,1.6,2019-01-31,10,0.6,2018-12-31,41,2.6339,2019-02-08,2,2.4116,2019-02-08,2,4.0,2019-01-31,10,15.72,2019-02-08,2,8
NB_681@2019-02-10,NB_681,0,nonbankruptcy_candidate,2019,2020-02-10,2018-11-12,2017-12-31,2019-01-31,2019-02-08,2019-02-10,406,10,2,406,10,2895.56,2019-01-31,10,2.4,2019-02-08,2,1.6,2019-01-31,10,0.6,2018-12-31,41,2.6339,2019-02-08,2,2.4116,2019-02-08,2,4.0,2019-01-31,10,15.72,2019-02-08,2,8
SA_193@2019-02-10,SA_193,1,bankruptcy,2019,2020-02-10,2018-11-12,2018-03-31,2019-01-31,2019-02-08,2019-02-10,316,10,2,316,10,2895.56,2019-01-31,10,2.4,2019-02-08,2,1.6,2019-01-31,10,0.6,2018-12-31,41,2.6339,2019-02-08,2,2.4116,2019-02-08,2,4.0,2019-01-31,10,15.72,2019-02-08,2,8
NB_1567@2019-03-20,NB_1567,0,nonbankruptcy_candidate,2019,2020-03-20,2018-12-20,2017-12-31,2019-02-28,2019-03-20,2019-03-20,444,20,0,444,20,2901.84,2019-02-28,20,2.41,2019-03-20,0,1.5,2019-02-28,20,0.6,2018-12-31,79,2.5263,2019-03-20,0,2.4533,2019-03-20,0,3.8,2019-02-28,20,13.91,2019-03-20,0,8
NB_447@2019-03-20,NB_447,0,nonbankruptcy_candidate,2019,2020-03-20,2018-12-20,2017-12-31,2019-02-28,2019-03-20,2019-03-20,444,20,0,444,20,2901.84,2019-02-28,20,2.41,2019-03-20,0,1.5,2019-02-28,20,0.6,2018-12-31,79,2.5263,2019-03-20,0,2.4533,2019-03-20,0,3.8,2019-02-28,20,13.91,2019-03-20,0,8
SA_218@2019-03-20,SA_218,1,bankruptcy,2019,2020-03-20,2018-12-20,2017-12-31,2019-02-28,2019-03-20,2019-03-20,444,20,0,444,20,2901.84,2019-02-28,20,2.41,2019-03-20,0,1.5,2019-02-28,20,0.6,2018-12-31,79,2.5263,2019-03-20,0,2.4533,2019-03-20,0,3.8,2019-02-28,20,13.91,2019-03-20,0,8
NB_2324@2019-05-13,NB_2324,0,nonbankruptcy_candidate,2019,2020-05-13,2019-02-12,2018-12-31,2019-04-30,2019-05-13,2019-05-13,133,13,0,133,13,2990.68,2019-04-30,13,2.38,2019-05-13,0,2.0,2019-04-30,13,2.5,2019-03-31,43,2.4015,2019-05-13,0,2.3961,2019-05-13,0,3.7,2019-04-30,13,20.55,2019-05-13,0,8
NB_438@2019-05-13,NB_438,0,nonbankruptcy_candidate,2019,2020-05-13,2019-02-12,2018-09-30,2019-04-30,2019-05-13,2019-05-13,225,13,0,225,13,2990.68,2019-04-30,13,2.38,2019-05-13,0,2.0,2019-04-30,13,2.5,2019-03-31,43,2.4015,2019-05-13,0,2.3961,2019-05-13,0,3.7,2019-04-30,13,20.55,2019-05-13,0,8
NB_967@2019-05-13,NB_967,0,nonbankruptcy_candidate,2019,2020-05-13,2019-02-12,2018-12-31,2019-04-30,2019-05-13,2019-05-13,133,13,0,133,13,2990.68,2019-04-30,13,2.38,2019-05-13,0,2.0,2019-04-30,13,2.5,2019-03-31,43,2.4015,2019-05-13,0,2.3961,2019-05-13,0,3.7,2019-04-30,13,20.55,2019-05-13,0,8
SA_241@2019-05-13,SA_241,1,bankruptcy,2019,2020-05-13,2019-02-12,2018-12-31,2019-04-30,2019-05-13,2019-05-13,133,13,0,133,13,2990.68,2019-04-30,13,2.38,2019-05-13,0,2.0,2019-04-30,13,2.5,2019-03-31,43,2.4015,2019-05-13,0,2.3961,2019-05-13,0,3.7,2019-04-30,13,20.55,2019-05-13,0,8
NB_1025@2019-07-05,NB_1025,0,nonbankruptcy_candidate,2019,2020-07-05,2019-04-06,2018-12-31,2019-06-28,2019-07-05,2019-07-05,186,7,0,186,7,3107.73,2019-06-28,7,2.42,2019-07-05,0,1.6,2019-06-30,5,3.4,2019-06-30,5,2.0338,2019-07-05,0,2.2152,2019-07-05,0,3.6,2019-06-30,5,13.28,2019-07-05,0,8
NB_2180@2019-07-05,NB_2180,0,nonbankruptcy_candidate,2019,2020-07-05,2019-04-06,2018-12-31,2019-06-28,2019-07-05,2019-07-05,186,7,0,186,7,3107.73,2019-06-28,7,2.42,2019-07-05,0,1.6,2019-06-30,5,3.4,2019-06-30,5,2.0338,2019-07-05,0,2.2152,2019-07-05,0,3.6,2019-06-30,5,13.28,2019-07-05,0,8
SA_104@2019-07-05,SA_104,1,bankruptcy,2019,2020-07-05,2019-04-06,2018-12-31,2019-06-28,2019-07-05,2019-07-05,186,7,0,186,7,3107.73,2019-06-28,7,2.42,2019-07-05,0,1.6,2019-06-30,5,3.4,2019-06-30,5,2.0338,2019-07-05,0,2.2152,2019-07-05,0,3.6,2019-06-30,5,13.28,2019-07-05,0,8
NB_904@2019-08-20,NB_904,0,nonbankruptcy_candidate,2019,2020-08-20,2019-05-22,2018-12-31,2019-07-31,2019-08-20,2019-08-20,232,20,0,232,20,3125.11,2019-07-31,20,2.13,2019-08-20,0,1.8,2019-07-31,20,3.4,2019-06-30,51,1.5555,2019-08-20,0,1.9,2019-08-20,0,3.7,2019-07-31,20,17.5,2019-08-20,0,8
SA_2@2019-08-20,SA_2,1,bankruptcy,2019,2020-08-20,2019-05-22,2018-12-31,2019-07-31,2019-08-20,2019-08-20,232,20,0,232,20,3125.11,2019-07-31,20,2.13,2019-08-20,0,1.8,2019-07-31,20,3.4,2019-06-30,51,1.5555,2019-08-20,0,1.9,2019-08-20,0,3.7,2019-07-31,20,17.5,2019-08-20,0,8
NB_1487@2019-10-23,NB_1487,0,nonbankruptcy_candidate,2019,2020-10-23,2019-07-25,2018-12-31,2019-09-30,2019-10-23,2019-10-23,296,23,0,296,23,3202.42,2019-09-30,23,1.85,2019-10-23,0,1.7,2019-09-30,23,4.8,2019-09-30,23,1.7642,2019-10-23,0,1.6512,2019-10-23,0,3.5,2019-09-30,23,14.01,2019-10-23,0,8
NB_2505@2019-10-23,NB_2505,0,nonbankruptcy_candidate,2019,2020-10-23,2019-07-25,2018-12-31,2019-09-30,2019-10-23,2019-10-23,296,23,0,296,23,3202.42,2019-09-30,23,1.85,2019-10-23,0,1.7,2019-09-30,23,4.8,2019-09-30,23,1.7642,2019-10-23,0,1.6512,2019-10-23,0,3.5,2019-09-30,23,14.01,2019-10-23,0,8
SA_119@2019-10-23,SA_119,1,bankruptcy,2019,2020-10-23,2019-07-25,2018-12-31,2019-09-30,2019-10-23,2019-10-23,296,23,0,296,23,3202.42,2019-09-30,23,1.85,2019-10-23,0,1.7,2019-09-30,23,4.8,2019-09-30,23,1.7642,2019-10-23,0,1.6512,2019-10-23,0,3.5,2019-09-30,23,14.01,2019-10-23,0,8
NB_2482@2019-11-19,NB_2482,0,nonbankruptcy_candidate,2019,2020-11-19,2019-08-21,2018-12-31,2019-10-31,2019-11-19,2019-11-19,323,19,0,323,19,3221.86,2019-10-31,19,1.55,2019-11-19,0,1.8,2019-10-31,19,4.8,2019-09-30,50,1.7826,2019-11-19,0,1.5539,2019-11-19,0,3.6,2019-10-31,19,12.86,2019-11-19,0,8
NB_438@2019-11-19,NB_438,0,nonbankruptcy_candidate,2019,2020-11-19,2019-08-21,2018-09-30,2019-10-31,2019-11-19,2019-11-19,415,19,0,415,19,3221.86,2019-10-31,19,1.55,2019-11-19,0,1.8,2019-10-31,19,4.8,2019-09-30,50,1.7826,2019-11-19,0,1.5539,2019-11-19,0,3.6,2019-10-31,19,12.86,2019-11-19,0,8
SA_252@2019-11-19,SA_252,1,bankruptcy,2019,2020-11-19,2019-08-21,2019-03-02,2019-10-31,2019-11-19,2019-11-19,262,19,0,262,19,3221.86,2019-10-31,19,1.55,2019-11-19,0,1.8,2019-10-31,19,4.8,2019-09-30,50,1.7826,2019-11-19,0,1.5539,2019-11-19,0,3.6,2019-10-31,19,12.86,2019-11-19,0,8
NB_2265@2019-12-11,NB_2265,0,nonbankruptcy_candidate,2019,2020-12-11,2019-09-12,2018-12-31,2019-11-29,2019-12-11,2019-12-11,345,12,0,345,12,3229.97,2019-11-29,12,1.55,2019-12-11,0,2.1,2019-11-30,11,4.8,2019-09-30,72,1.7914,2019-12-11,0,1.5615,2019-12-11,0,3.6,2019-11-30,11,14.99,2019-12-11,0,8
NB_2271@2019-12-11,NB_2271,0,nonbankruptcy_candidate,2019,2020-12-11,2019-09-12,2018-12-31,2019-11-29,2019-12-11,2019-12-11,345,12,0,345,12,3229.97,2019-11-29,12,1.55,2019-12-11,0,2.1,2019-11-30,11,4.8,2019-09-30,72,1.7914,2019-12-11,0,1.5615,2019-12-11,0,3.6,2019-11-30,11,14.99,2019-12-11,0,8
NB_2771@2019-12-11,NB_2771,0,nonbankruptcy_candidate,2019,2020-12-11,2019-09-12,2018-12-31,2019-11-29,2019-12-11,2019-12-11,345,12,0,345,12,3229.97,2019-11-29,12,1.55,2019-12-11,0,2.1,2019-11-30,11,4.8,2019-09-30,72,1.7914,2019-12-11,0,1.5615,2019-12-11,0,3.6,2019-11-30,11,14.99,2019-12-11,0,8
NB_936@2019-12-11,NB_936,0,nonbankruptcy_candidate,2019,2020-12-11,2019-09-12,2018-12-31,2019-11-29,2019-12-11,2019-12-11,345,12,0,345,12,3229.97,2019-11-29,12,1.55,2019-12-11,0,2.1,2019-11-30,11,4.8,2019-09-30,72,1.7914,2019-12-11,0,1.5615,2019-12-11,0,3.6,2019-11-30,11,14.99,2019-12-11,0,8
SA_214@2019-12-11,SA_214,1,bankruptcy,2019,2020-12-11,2019-09-12,2018-12-31,2019-11-29,2019-12-11,2019-12-11,345,12,0,345,12,3229.97,2019-11-29,12,1.55,2019-12-11,0,2.1,2019-11-30,11,4.8,2019-09-30,72,1.7914,2019-12-11,0,1.5615,2019-12-11,0,3.6,2019-11-30,11,14.99,2019-12-11,0,8
NB_1551@2020-01-08,NB_1551,0,nonbankruptcy_candidate,2020,2021-01-08,2019-10-10,2018-12-31,2019-12-31,2020-01-08,2020-01-08,373,8,0,373,8,3240.3,2019-12-31,8,1.55,2020-01-08,0,2.3,2019-12-31,8,2.8,2019-12-31,8,1.8738,2020-01-08,0,1.5257,2020-01-08,0,3.6,2019-12-31,8,13.45,2020-01-08,0,8
SA_262@2020-01-08,SA_262,1,bankruptcy,2020,2021-01-08,2019-10-10,2018-12-31,2019-12-31,2020-01-08,2020-01-08,373,8,0,373,8,3240.3,2019-12-31,8,1.55,2020-01-08,0,2.3,2019-12-31,8,2.8,2019-12-31,8,1.8738,2020-01-08,0,1.5257,2020-01-08,0,3.6,2019-12-31,8,13.45,2020-01-08,0,8
NB_1548@2020-02-18,NB_1548,0,nonbankruptcy_candidate,2020,2021-02-18,2019-11-20,2019-01-31,2020-01-31,2020-02-18,2020-02-18,383,18,0,383,18,3316.29,2020-01-31,18,1.59,2020-02-18,0,2.5,2020-01-31,18,2.8,2019-12-31,49,1.561,2020-02-18,0,1.5688,2020-02-18,0,3.6,2020-01-31,18,14.83,2020-02-18,0,8
NB_1630@2020-02-18,NB_1630,0,nonbankruptcy_candidate,2020,2021-02-18,2019-11-20,2018-12-31,2020-01-31,2020-02-18,2020-02-18,414,18,0,414,18,3316.29,2020-01-31,18,1.59,2020-02-18,0,2.5,2020-01-31,18,2.8,2019-12-31,49,1.561,2020-02-18,0,1.5688,2020-02-18,0,3.6,2020-01-31,18,14.83,2020-02-18,0,8
SA_198@2020-02-18,SA_198,1,bankruptcy,2020,2021-02-18,2019-11-20,2018-12-31,2020-01-31,2020-02-18,2020-02-18,414,18,0,414,18,3316.29,2020-01-31,18,1.59,2020-02-18,0,2.5,2020-01-31,18,2.8,2019-12-31,49,1.561,2020-02-18,0,1.5688,2020-02-18,0,3.6,2020-01-31,18,14.83,2020-02-18,0,8
NB_1989@2020-02-19,NB_1989,0,nonbankruptcy_candidate,2020,2021-02-19,2019-11-21,2018-12-31,2020-01-31,2020-02-19,2020-02-19,415,19,0,415,19,3316.29,2020-01-31,19,1.59,2020-02-19,0,2.5,2020-01-31,19,2.8,2019-12-31,50,1.5661,2020-02-19,0,1.5692,2020-02-19,0,3.6,2020-01-31,19,14.38,2020-02-19,0,8
SA_56@2020-02-19,SA_56,1,bankruptcy,2020,2021-02-19,2019-11-21,2018-12-31,2020-01-31,2020-02-19,2020-02-19,415,19,0,415,19,3316.29,2020-01-31,19,1.59,2020-02-19,0,2.5,2020-01-31,19,2.8,2019-12-31,50,1.5661,2020-02-19,0,1.5692,2020-02-19,0,3.6,2020-01-31,19,14.38,2020-02-19,0,8
NB_2402@2020-02-20,NB_2402,0,nonbankruptcy_candidate,2020,2021-02-20,2019-11-22,2018-12-31,2020-01-31,2020-02-20,2020-02-20,416,20,0,416,20,3316.29,2020-01-31,20,1.59,2020-02-20,0,2.5,2020-01-31,20,2.8,2019-12-31,51,1.5152,2020-02-20,0,1.5717,2020-02-20,0,3.6,2020-01-31,20,15.56,2020-02-20,0,8
SA_144@2020-02-20,SA_144,1,bankruptcy,2020,2021-02-20,2019-11-22,2018-12-31,2020-01-31,2020-02-20,2020-02-20,416,20,0,416,20,3316.29,2020-01-31,20,1.59,2020-02-20,0,2.5,2020-01-31,20,2.8,2019-12-31,51,1.5152,2020-02-20,0,1.5717,2020-02-20,0,3.6,2020-01-31,20,15.56,2020-02-20,0,8
NB_1482@2020-03-03,NB_1482,0,nonbankruptcy_candidate,2020,2021-03-03,2019-12-04,2019-04-30,2020-02-28,2020-03-03,2020-03-03,308,4,0,308,4,3360.66,2020-02-28,4,1.59,2020-03-03,0,2.3,2020-02-29,3,2.8,2019-12-31,63,0.999,2020-03-03,0,0.9197,2020-03-03,0,3.5,2020-02-29,3,36.82,2020-03-03,0,8
NB_728@2020-03-03,NB_728,0,nonbankruptcy_candidate,2020,2021-03-03,2019-12-04,2019-04-28,2020-02-28,2020-03-03,2020-03-03,310,4,0,310,4,3360.66,2020-02-28,4,1.59,2020-03-03,0,2.3,2020-02-29,3,2.8,2019-12-31,63,0.999,2020-03-03,0,0.9197,2020-03-03,0,3.5,2020-02-29,3,36.82,2020-03-03,0,8
SA_31@2020-03-03,SA_31,1,bankruptcy,2020,2021-03-03,2019-12-04,2018-12-31,2020-02-28,2020-03-03,2020-03-03,428,4,0,428,4,3360.66,2020-02-28,4,1.59,2020-03-03,0,2.3,2020-02-29,3,2.8,2019-12-31,63,0.999,2020-03-03,0,0.9197,2020-03-03,0,3.5,2020-02-29,3,36.82,2020-03-03,0,8
NB_3017@2020-03-17,NB_3017,0,nonbankruptcy_candidate,2020,2021-03-17,2019-12-18,2019-09-30,2020-02-28,2020-03-17,2020-03-17,169,18,0,169,18,3360.66,2020-02-28,18,0.25,2020-03-17,0,2.3,2020-02-29,17,2.8,2019-12-31,77,1.0784,2020-03-17,0,0.1373,2020-03-17,0,3.5,2020-02-29,17,75.91,2020-03-17,0,8
SA_188@2020-03-17,SA_188,1,bankruptcy,2020,2021-03-17,2019-12-18,2019-03-31,2020-02-28,2020-03-17,2020-03-17,352,18,0,352,18,3360.66,2020-02-28,18,0.25,2020-03-17,0,2.3,2020-02-29,17,2.8,2019-12-31,77,1.0784,2020-03-17,0,0.1373,2020-03-17,0,3.5,2020-02-29,17,75.91,2020-03-17,0,8
SA_231@2020-03-22,SA_231,1,bankruptcy,2020,2021-03-22,2019-12-23,2018-12-31,2020-02-28,2020-03-20,2020-03-22,447,23,2,447,23,3360.66,2020-02-28,23,0.15,2020-03-20,2,2.3,2020-02-29,22,2.8,2019-12-31,82,0.8454,2020-03-20,2,-0.033,2020-03-20,2,3.5,2020-02-29,22,66.04,2020-03-20,2,8
SA_8@2020-03-25,SA_8,1,bankruptcy,2020,2021-03-25,2019-12-26,2018-12-31,2020-02-28,2020-03-25,2020-03-25,450,26,0,450,26,3360.66,2020-02-28,26,0.1,2020-03-25,0,2.3,2020-02-29,25,2.8,2019-12-31,85,0.8673,2020-03-25,0,-0.0813,2020-03-25,0,3.5,2020-02-29,25,63.95,2020-03-25,0,8
SA_286@2020-03-26,SA_286,1,bankruptcy,2020,2021-03-26,2019-12-27,2018-12-31,2020-02-28,2020-03-26,2020-03-26,451,27,0,451,27,3360.66,2020-02-28,27,0.1,2020-03-26,0,2.3,2020-02-29,26,2.8,2019-12-31,86,0.8447,2020-03-26,0,-0.1372,2020-03-26,0,3.5,2020-02-29,26,61.0,2020-03-26,0,8
SA_100@2020-03-31,SA_100,1,bankruptcy,2020,2021-03-31,2020-01-01,2019-12-31,2020-02-28,2020-03-31,2020-03-31,91,32,0,91,32,3122.54,2020-03-31,0,0.08,2020-03-31,0,1.5,2020-03-31,0,-5.2,2020-03-31,0,0.6695,2020-03-31,0,0.061,2020-03-31,0,4.4,2020-03-31,0,53.54,2020-03-31,0,8
NB_1025@2020-04-13,NB_1025,0,nonbankruptcy_candidate,2020,2021-04-13,2020-01-14,2019-12-31,2020-03-31,2020-04-13,2020-04-13,104,13,0,104,13,3122.54,2020-03-31,13,0.05,2020-04-13,0,1.5,2020-03-31,13,-5.2,2020-03-31,13,0.7713,2020-04-13,0,0.1933,2020-04-13,0,4.4,2020-03-31,13,41.17,2020-04-13,0,8
NB_1206@2020-04-13,NB_1206,0,nonbankruptcy_candidate,2020,2021-04-13,2020-01-14,2019-12-31,2020-03-31,2020-04-13,2020-04-13,104,13,0,104,13,3122.54,2020-03-31,13,0.05,2020-04-13,0,1.5,2020-03-31,13,-5.2,2020-03-31,13,0.7713,2020-04-13,0,0.1933,2020-04-13,0,4.4,2020-03-31,13,41.17,2020-04-13,0,8
NB_1841@2020-04-13,NB_1841,0,nonbankruptcy_candidate,2020,2021-04-13,2020-01-14,2019-12-31,2020-03-31,2020-04-13,2020-04-13,104,13,0,104,13,3122.54,2020-03-31,13,0.05,2020-04-13,0,1.5,2020-03-31,13,-5.2,2020-03-31,13,0.7713,2020-04-13,0,0.1933,2020-04-13,0,4.4,2020-03-31,13,41.17,2020-04-13,0,8
NB_1850@2020-04-13,NB_1850,0,nonbankruptcy_candidate,2020,2021-04-13,2020-01-14,2019-12-31,2020-03-31,2020-04-13,2020-04-13,104,13,0,104,13,3122.54,2020-03-31,13,0.05,2020-04-13,0,1.5,2020-03-31,13,-5.2,2020-03-31,13,0.7713,2020-04-13,0,0.1933,2020-04-13,0,4.4,2020-03-31,13,41.17,2020-04-13,0,8
NB_2199@2020-04-13,NB_2199,0,nonbankruptcy_candidate,2020,2021-04-13,2020-01-14,2019-12-31,2020-03-31,2020-04-13,2020-04-13,104,13,0,104,13,3122.54,2020-03-31,13,0.05,2020-04-13,0,1.5,2020-03-31,13,-5.2,2020-03-31,13,0.7713,2020-04-13,0,0.1933,2020-04-13,0,4.4,2020-03-31,13,41.17,2020-04-13,0,8
NB_2854@2020-04-13,NB_2854,0,nonbankruptcy_candidate,2020,2021-04-13,2020-01-14,2019-01-31,2020-03-31,2020-04-13,2020-04-13,438,13,0,438,13,3122.54,2020-03-31,13,0.05,2020-04-13,0,1.5,2020-03-31,13,-5.2,2020-03-31,13,0.7713,2020-04-13,0,0.1933,2020-04-13,0,4.4,2020-03-31,13,41.17,2020-04-13,0,8
NB_2875@2020-04-13,NB_2875,0,nonbankruptcy_candidate,2020,2021-04-13,2020-01-14,2019-02-02,2020-03-31,2020-04-13,2020-04-13,436,13,0,436,13,3122.54,2020-03-31,13,0.05,2020-04-13,0,1.5,2020-03-31,13,-5.2,2020-03-31,13,0.7713,2020-04-13,0,0.1933,2020-04-13,0,4.4,2020-03-31,13,41.17,2020-04-13,0,8
NB_553@2020-04-13,NB_553,0,nonbankruptcy_candidate,2020,2021-04-13,2020-01-14,2019-09-30,2020-03-31,2020-04-13,2020-04-13,196,13,0,196,13,3122.54,2020-03-31,13,0.05,2020-04-13,0,1.5,2020-03-31,13,-5.2,2020-03-31,13,0.7713,2020-04-13,0,0.1933,2020-04-13,0,4.4,2020-03-31,13,41.17,2020-04-13,0,8
NB_868@2020-04-13,NB_868,0,nonbankruptcy_candidate,2020,2021-04-13,2020-01-14,2019-12-31,2020-03-31,2020-04-13,2020-04-13,104,13,0,104,13,3122.54,2020-03-31,13,0.05,2020-04-13,0,1.5,2020-03-31,13,-5.2,2020-03-31,13,0.7713,2020-04-13,0,0.1933,2020-04-13,0,4.4,2020-03-31,13,41.17,2020-04-13,0,8
SA_95@2020-04-13,SA_95,1,bankruptcy,2020,2021-04-13,2020-01-14,2019-12-31,2020-03-31,2020-04-13,2020-04-13,104,13,0,104,13,3122.54,2020-03-31,13,0.05,2020-04-13,0,1.5,2020-03-31,13,-5.2,2020-03-31,13,0.7713,2020-04-13,0,0.1933,2020-04-13,0,4.4,2020-03-31,13,41.17,2020-04-13,0,8
NB_156@2020-04-27,NB_156,0,nonbankruptcy_candidate,2020,2021-04-27,2020-01-28,2019-12-31,2020-03-31,2020-04-27,2020-04-27,118,27,0,118,27,3122.54,2020-03-31,27,0.04,2020-04-27,0,1.5,2020-03-31,27,-5.2,2020-03-31,27,0.6605,2020-04-27,0,0.0915,2020-04-27,0,4.4,2020-03-31,27,33.29,2020-04-27,0,8
NB_1912@2020-04-27,NB_1912,0,nonbankruptcy_candidate,2020,2021-04-27,2020-01-28,2019-10-31,2020-03-31,2020-04-27,2020-04-27,179,27,0,179,27,3122.54,2020-03-31,27,0.04,2020-04-27,0,1.5,2020-03-31,27,-5.2,2020-03-31,27,0.6605,2020-04-27,0,0.0915,2020-04-27,0,4.4,2020-03-31,27,33.29,2020-04-27,0,8
SA_38@2020-04-27,SA_38,1,bankruptcy,2020,2021-04-27,2020-01-28,2019-12-31,2020-03-31,2020-04-27,2020-04-27,118,27,0,118,27,3122.54,2020-03-31,27,0.04,2020-04-27,0,1.5,2020-03-31,27,-5.2,2020-03-31,27,0.6605,2020-04-27,0,0.0915,2020-04-27,0,4.4,2020-03-31,27,33.29,2020-04-27,0,8
NB_1168@2020-05-04,NB_1168,0,nonbankruptcy_candidate,2020,2021-05-04,2020-02-04,2019-12-31,2020-04-30,2020-05-04,2020-05-04,125,4,0,125,4,3286.26,2020-04-30,4,0.05,2020-05-04,0,0.3,2020-04-30,4,-5.2,2020-03-31,34,0.6336,2020-05-04,0,0.0991,2020-05-04,0,14.8,2020-04-30,4,35.97,2020-05-04,0,8
NB_1440@2020-05-04,NB_1440,0,nonbankruptcy_candidate,2020,2021-05-04,2020-02-04,2019-12-31,2020-04-30,2020-05-04,2020-05-04,125,4,0,125,4,3286.26,2020-04-30,4,0.05,2020-05-04,0,0.3,2020-04-30,4,-5.2,2020-03-31,34,0.6336,2020-05-04,0,0.0991,2020-05-04,0,14.8,2020-04-30,4,35.97,2020-05-04,0,8
NB_1570@2020-05-04,NB_1570,0,nonbankruptcy_candidate,2020,2021-05-04,2020-02-04,2019-12-31,2020-04-30,2020-05-04,2020-05-04,125,4,0,125,4,3286.26,2020-04-30,4,0.05,2020-05-04,0,0.3,2020-04-30,4,-5.2,2020-03-31,34,0.6336,2020-05-04,0,0.0991,2020-05-04,0,14.8,2020-04-30,4,35.97,2020-05-04,0,8
NB_2182@2020-05-04,NB_2182,0,nonbankruptcy_candidate,2020,2021-05-04,2020-02-04,2019-12-31,2020-04-30,2020-05-04,2020-05-04,125,4,0,125,4,3286.26,2020-04-30,4,0.05,2020-05-04,0,0.3,2020-04-30,4,-5.2,2020-03-31,34,0.6336,2020-05-04,0,0.0991,2020-05-04,0,14.8,2020-04-30,4,35.97,2020-05-04,0,8
NB_416@2020-05-04,NB_416,0,nonbankruptcy_candidate,2020,2021-05-04,2020-02-04,2019-04-27,2020-04-30,2020-05-04,2020-05-04,373,4,0,373,4,3286.26,2020-04-30,4,0.05,2020-05-04,0,0.3,2020-04-30,4,-5.2,2020-03-31,34,0.6336,2020-05-04,0,0.0991,2020-05-04,0,14.8,2020-04-30,4,35.97,2020-05-04,0,8
NB_446@2020-05-04,NB_446,0,nonbankruptcy_candidate,2020,2021-05-04,2020-02-04,2019-11-30,2020-04-30,2020-05-04,2020-05-04,156,4,0,156,4,3286.26,2020-04-30,4,0.05,2020-05-04,0,0.3,2020-04-30,4,-5.2,2020-03-31,34,0.6336,2020-05-04,0,0.0991,2020-05-04,0,14.8,2020-04-30,4,35.97,2020-05-04,0,8
NB_626@2020-05-04,NB_626,0,nonbankruptcy_candidate,2020,2021-05-04,2020-02-04,2019-12-31,2020-04-30,2020-05-04,2020-05-04,125,4,0,125,4,3286.26,2020-04-30,4,0.05,2020-05-04,0,0.3,2020-04-30,4,-5.2,2020-03-31,34,0.6336,2020-05-04,0,0.0991,2020-05-04,0,14.8,2020-04-30,4,35.97,2020-05-04,0,8
SA_226@2020-05-04,SA_226,1,bankruptcy,2020,2021-05-04,2020-02-04,2020-02-01,2020-04-30,2020-05-04,2020-05-04,93,4,0,93,4,3286.26,2020-04-30,4,0.05,2020-05-04,0,0.3,2020-04-30,4,-5.2,2020-03-31,34,0.6336,2020-05-04,0,0.0991,2020-05-04,0,14.8,2020-04-30,4,35.97,2020-05-04,0,8
NB_1464@2021-06-02,NB_1464,0,nonbankruptcy_candidate,2021,2022-06-02,2021-03-04,2020-03-31,2021-05-31,2021-06-02,2021-06-02,428,2,0,428,2,3459.13,2021-05-31,2,0.06,2021-06-02,0,5.0,2021-05-31,2,6.2,2021-03-31,63,1.5875,2021-06-02,0,0.0127,2021-06-02,0,5.8,2021-05-31,2,17.48,2021-06-02,0,8
NB_2219@2021-06-02,NB_2219,0,nonbankruptcy_candidate,2021,2022-06-02,2021-03-04,2020-12-31,2021-05-31,2021-06-02,2021-06-02,153,2,0,153,2,3459.13,2021-05-31,2,0.06,2021-06-02,0,5.0,2021-05-31,2,6.2,2021-03-31,63,1.5875,2021-06-02,0,0.0127,2021-06-02,0,5.8,2021-05-31,2,17.48,2021-06-02,0,8
NB_2866@2021-06-02,NB_2866,0,nonbankruptcy_candidate,2021,2022-06-02,2021-03-04,2021-01-30,2021-05-31,2021-06-02,2021-06-02,123,2,0,123,2,3459.13,2021-05-31,2,0.06,2021-06-02,0,5.0,2021-05-31,2,6.2,2021-03-31,63,1.5875,2021-06-02,0,0.0127,2021-06-02,0,5.8,2021-05-31,2,17.48,2021-06-02,0,8
NB_2908@2021-06-02,NB_2908,0,nonbankruptcy_candidate,2021,2022-06-02,2021-03-04,2020-12-31,2021-05-31,2021-06-02,2021-06-02,153,2,0,153,2,3459.13,2021-05-31,2,0.06,2021-06-02,0,5.0,2021-05-31,2,6.2,2021-03-31,63,1.5875,2021-06-02,0,0.0127,2021-06-02,0,5.8,2021-05-31,2,17.48,2021-06-02,0,8
SA_54@2021-06-02,SA_54,1,bankruptcy,2021,2022-06-02,2021-03-04,2020-12-31,2021-05-31,2021-06-02,2021-06-02,153,2,0,153,2,3459.13,2021-05-31,2,0.06,2021-06-02,0,5.0,2021-05-31,2,6.2,2021-03-31,63,1.5875,2021-06-02,0,0.0127,2021-06-02,0,5.8,2021-05-31,2,17.48,2021-06-02,0,8
SA_11@2022-09-12,SA_11,1,bankruptcy,2022,2023-09-12,2022-06-14,2021-12-31,2022-08-31,2022-09-12,2022-09-12,255,12,0,255,12,3022.99,2022-08-31,12,2.33,2022-09-12,0,8.3,2022-08-31,12,0.6,2022-06-30,74,3.3578,2022-09-12,0,3.0585,2022-09-12,0,3.6,2022-08-31,12,23.87,2022-09-12,0,8
