bankrupt_company_id,control_company_id,bankrupt_prediction_date,control_pseudo_event_date,prediction_year,bankrupt_sector,control_sector,bankrupt_industry,control_industry,bankrupt_size,control_size,size_distance,match_stage,size_basis,bankrupt_size_date,control_size_date,control_prediction_year,match_rank
SA_222,NB_688,1998-06-18,1998-07-07,1998,Consumer Discretionary,Consumer Discretionary,Retail - Discretionary,Retail - Discretionary,3.5518562579472683,3.5719157701972204,0.02005951224995206,1,market_cap,1998-05-29,1998-06-30,1998,1
SA_222,NB_872,1998-06-18,1998-07-07,1998,Consumer Discretionary,Consumer Discretionary,Retail - Discretionary,Retail - Discretionary,3.5518562579472683,3.2024293194892595,0.3494269384580089,1,market_cap,1998-05-29,1998-06-30,1998,2
SA_222,NB_1759,1998-06-18,1998-11-13,1998,Consumer Discretionary,Consumer Discretionary,Retail - Discretionary,Retail - Discretionary,3.5518562579472683,4.063610402852239,0.511754144904971,1,market_cap,1998-05-29,1998-10-30,1998,3
SA_187,NB_2102,1998-07-07,1998-07-07,1998,Consumer Discretionary,Consumer Discretionary,Leisure Facilities & Services,Leisure Facilities & Services,4.735283117326097,4.74159875274773,0.006315635421632493,1,market_cap,1998-06-30,1998-06-30,1998,1
SA_187,NB_2249,1998-07-07,1998-06-18,1998,Consumer Discretionary,Consumer Discretionary,Leisure Facilities & Services,Leisure Facilities & Services,4.735283117326097,4.283331356884816,0.4519517604412808,1,market_cap,1998-06-30,1998-05-29,1998,2
SA_187,NB_469,1998-07-07,1998-11-13,1998,Consumer Discretionary,Consumer Discretionary,Leisure Facilities & Services,Leisure Facilities & Services,4.735283117326097,5.222936276631396,0.4876531593052986,1,market_cap,1998-06-30,1998-10-30,1998,3
SA_135,NB_872,1998-09-28,1998-11-13,1998,Consumer Discretionary,Consumer Discretionary,Retail - Discretionary,Retail - Discretionary,2.6403493517379504,2.764052391217495,0.12370303947954442,1,market_cap,1998-08-31,1998-10-30,1998,1
SA_135,NB_904,1998-09-28,1998-06-18,1998,Consumer Discretionary,Consumer Discretionary,Retail - Discretionary,Retail - Discretionary,2.6403493517379504,2.4349545608453496,0.20539479089260082,1,market_cap,1998-08-31,1998-05-29,1998,2
SA_135,NB_688,1998-09-28,1998-09-28,1998,Consumer Discretionary,Consumer Discretionary,Retail - Discretionary,Retail - Discretionary,2.6403493517379504,3.4035579267154925,0.7632085749775421,1,market_cap,1998-08-31,1998-08-31,1998,3
SA_26,NB_2394,1998-11-13,1998-12-15,1998,Technology,Technology,Technology Hardware,Technology Hardware,1.5593859525351546,1.5200601012828836,0.03932585125227095,1,market_cap,1998-10-30,1998-11-30,1998,1
SA_26,NB_1617,1998-11-13,1998-11-13,1998,Technology,Technology,Technology Hardware,Technology Hardware,5.760751796545319,5.367932511049636,0.39281928549568335,1,total_assets,1997-12-31,1998-03-31,1998,2
SA_26,NB_618,1998-11-13,1998-09-28,1998,Technology,Technology,Technology Hardware,Technology Hardware,1.5593859525351546,2.6048355296212233,1.0454495770860688,1,market_cap,1998-10-30,1998-08-31,1998,3
SA_80,NB_2446,1998-12-15,1998-11-13,1998,Consumer Discretionary,Consumer Discretionary,Retail - Discretionary,Retail - Discretionary,4.780574540672962,4.802488723787953,0.02191418311499138,1,market_cap,1998-11-30,1998-10-30,1998,1
SA_80,NB_1547,1998-12-15,1998-09-28,1998,Consumer Discretionary,Consumer Discretionary,Retail - Discretionary,Retail - Discretionary,4.780574540672962,4.7194707203253765,0.06110382034758555,1,market_cap,1998-11-30,1998-08-31,1998,2
SA_80,NB_1759,1998-12-15,1998-07-07,1998,Consumer Discretionary,Consumer Discretionary,Retail - Discretionary,Retail - Discretionary,4.780574540672962,4.8695716048161195,0.08899706414315744,1,market_cap,1998-11-30,1998-06-30,1998,3
SA_134,NB_899,1999-06-05,1999-06-05,1999,Energy,Energy,Oil & Gas Supply Chain,Oil & Gas Supply Chain,1.4096201864233873,2.0517234193471476,0.6421032329237604,1,market_cap,1999-05-31,1999-05-31,1999,1
SA_134,NB_2147,1999-06-05,1999-10-20,1999,Energy,Energy,Oil & Gas Supply Chain,Oil & Gas Supply Chain,1.4096201864233873,3.0857100796722228,1.6760898932488355,1,market_cap,1999-05-31,1999-09-30,1999,2
SA_134,NB_941,1999-06-05,1999-06-05,1999,Energy,Energy,Oil & Gas Supply Chain,Oil & Gas Supply Chain,1.4096201864233873,-0.49758039701597007,1.9072005834393573,1,market_cap,1999-05-31,1999-05-31,1999,3
SA_145,NB_1503,1999-08-06,1999-06-05,1999,Consumer Discretionary,Consumer Discretionary,Retail - Discretionary,Retail - Discretionary,4.737016534723235,4.749962930889632,0.012946396166396923,1,market_cap,1999-07-30,1999-05-31,1999,1
SA_145,NB_2446,1999-08-06,1999-10-20,1999,Consumer Discretionary,Consumer Discretionary,Retail - Discretionary,Retail - Discretionary,4.737016534723235,4.993278194059176,0.2562616593359408,1,market_cap,1999-07-30,1999-09-30,1999,2
SA_145,NB_1325,1999-08-06,1999-10-20,1999,Consumer Discretionary,Consumer Discretionary,Retail - Discretionary,Retail - Discretionary,4.737016534723235,5.026377401044863,0.28936086632162805,1,market_cap,1999-07-30,1999-09-30,1999,3
SA_75,NB_1548,1999-09-04,1999-08-06,1999,Consumer Discretionary,Consumer Discretionary,Apparel & Textile Products,Apparel & Textile Products,2.8529006244464488,2.840842987691105,0.012057636755343548,1,market_cap,1999-08-31,1999-07-30,1999,1
SA_75,NB_791,1999-09-04,1999-09-04,1999,Consumer Discretionary,Consumer Discretionary,Apparel & Textile Products,Apparel & Textile Products,2.8529006244464488,3.254609696819312,0.40170907237286313,1,market_cap,1999-08-31,1999-08-31,1999,2
SA_75,NB_2257,1999-09-04,1999-10-20,1999,Consumer Discretionary,Consumer Discretionary,Apparel & Textile Products,Apparel & Textile Products,2.8529006244464488,3.4206895032400837,0.5677888787936349,1,market_cap,1999-08-31,1999-09-30,1999,3
SA_59,NB_2813,1999-10-20,1999-09-04,1999,Health Care,Health Care,Health Care Facilities & Svcs,Health Care Facilities & Svcs,3.3191047966471445,3.3338923706512413,0.014787574004096804,1,market_cap,1999-09-30,1999-08-31,1999,1
SA_59,NB_518,1999-10-20,1999-08-06,1999,Health Care,Health Care,Health Care Facilities & Svcs,Health Care Facilities & Svcs,3.3191047966471445,3.335402961101841,0.01629816445469645,1,market_cap,1999-09-30,1999-07-30,1999,2
SA_59,NB_160,1999-10-20,1999-10-20,1999,Health Care,Health Care,Health Care Facilities & Svcs,Health Care Facilities & Svcs,3.3191047966471445,3.026712395339284,0.2923924013078607,1,market_cap,1999-09-30,1999-09-30,1999,3
SA_130,NB_2386,2000-02-03,2000-09-30,2000,Technology,Technology,Software,Software,3.3882033233666973,3.3679645718460245,0.020238751520672782,1,market_cap,2000-01-31,2000-09-29,2000,1
SA_130,NB_2751,2000-02-03,2000-02-03,2000,Technology,Technology,Software,Software,3.3882033233666973,3.0671781340020092,0.32102518936468805,1,market_cap,2000-01-31,2000-01-31,2000,2
SA_130,NB_1736,2000-02-03,2000-09-30,2000,Technology,Technology,Software,Software,3.3882033233666973,3.8393641366629168,0.4511608132962195,1,market_cap,2000-01-31,2000-09-29,2000,3
SA_9,NB_2264,2000-05-10,2000-07-07,2000,Health Care,Health Care,Health Care Facilities & Svcs,Health Care Facilities & Svcs,2.8831065411177152,2.817866773774627,0.06523976734308823,1,market_cap,2000-04-28,2000-06-30,2000,1
SA_9,NB_1630,2000-05-10,2000-02-03,2000,Health Care,Health Care,Health Care Facilities & Svcs,Health Care Facilities & Svcs,2.8831065411177152,3.0574386629899695,0.17433212187225422,1,market_cap,2000-04-28,2000-01-31,2000,2
SA_9,NB_2813,2000-05-10,2000-02-03,2000,Health Care,Health Care,Health Care Facilities & Svcs,Health Care Facilities & Svcs,2.8831065411177152,3.3838477433270424,0.5007412022093272,1,market_cap,2000-04-28,2000-01-31,2000,3
SA_51,NB_2563,2000-07-07,2000-09-30,2000,Materials,Materials,Construction Materials,Construction Materials,6.238919565214999,6.289380635418059,0.05046107020305968,1,market_cap,2000-06-30,2000-09-29,2000,1
SA_51,NB_986,2000-07-07,2000-09-20,2000,Materials,Materials,Construction Materials,Construction Materials,6.238919565214999,6.172783101062719,0.06613646415228036,1,market_cap,2000-06-30,2000-08-31,2000,2
SA_51,NB_703,2000-07-07,2000-02-03,2000,Materials,Materials,Construction Materials,Construction Materials,6.238919565214999,6.880942302508264,0.6420227372932645,1,market_cap,2000-06-30,2000-01-31,2000,3
SA_215,NB_160,2000-08-11,2000-09-30,2000,Health Care,Health Care,Health Care Facilities & Svcs,Health Care Facilities & Svcs,2.2233687104864788,2.2078897241547213,0.015478986331757483,1,market_cap,2000-07-31,2000-09-29,2000,1
SA_215,NB_2264,2000-08-11,2000-05-10,2000,Health Care,Health Care,Health Care Facilities & Svcs,Health Care Facilities & Svcs,2.2233687104864788,2.583031047781199,0.3596623372947203,1,market_cap,2000-07-31,2000-04-28,2000,2
SA_215,NB_2813,2000-08-11,2000-02-03,2000,Health Care,Health Care,Health Care Facilities & Svcs,Health Care Facilities & Svcs,2.2233687104864788,3.3838477433270424,1.1604790328405636,1,market_cap,2000-07-31,2000-01-31,2000,3
SA_280,NB_1072,2000-09-20,2000-05-10,2000,Materials,Materials,Steel,Steel,1.8117744922673154,3.199856091030946,1.3880815987636306,1,market_cap,2000-08-31,2000-04-28,2000,1
SA_280,NB_590,2000-09-20,2000-09-30,2000,Materials,Materials,Steel,Steel,1.8117744922673154,5.481648413635165,3.6698739213678495,1,market_cap,2000-08-31,2000-09-29,2000,2
SA_280,NB_605,2000-09-20,2000-09-30,2000,Materials,Materials,Steel,Steel,1.8117744922673154,5.8516117881091185,4.039837295841803,1,market_cap,2000-08-31,2000-09-29,2000,3
SA_90,NB_1045,2000-09-30,2000-09-30,2000,Communications,Communications,Telecommunications,Telecommunications,3.4428830031492623,3.4305069619119677,0.012376041237294633,1,market_cap,2000-09-29,2000-09-29,2000,1
SA_90,NB_1538,2000-09-30,2000-02-03,2000,Communications,Communications,Telecommunications,Telecommunications,3.4428830031492623,3.3045506423933664,0.13833236075589594,1,market_cap,2000-09-29,2000-01-31,2000,2
SA_90,NB_1195,2000-09-30,2000-09-20,2000,Communications,Communications,Telecommunications,Telecommunications,3.4428830031492623,3.2030919117123924,0.23979109143686994,1,market_cap,2000-09-29,2000-08-31,2000,3
SA_143,NB_2478,2001-03-02,2001-07-03,2001,Communications,Communications,Telecommunications,Telecommunications,5.501364735482989,5.543741648592789,0.042376913109800185,1,market_cap,2001-02-28,2001-06-29,2001,1
SA_143,NB_2887,2001-03-02,2001-03-02,2001,Communications,Communications,Telecommunications,Telecommunications,5.501364735482989,5.683324632753805,0.18195989727081585,1,market_cap,2001-02-28,2001-02-28,2001,2
SA_143,NB_2442,2001-03-02,2001-12-06,2001,Communications,Communications,Telecommunications,Telecommunications,5.501364735482989,4.963307460200542,0.5380572752824468,1,market_cap,2001-02-28,2001-11-30,2001,3
SA_162,NB_2587,2001-07-03,2001-10-18,2001,Consumer Discretionary,Consumer Discretionary,Automotive,Automotive,4.782031864737668,4.774257893745077,0.007773970992591472,1,market_cap,2001-06-29,2001-09-28,2001,1
SA_162,NB_2492,2001-07-03,2001-03-02,2001,Consumer Discretionary,Consumer Discretionary,Automotive,Automotive,4.782031864737668,4.81386992586989,0.03183806113222154,1,market_cap,2001-06-29,2001-02-28,2001,2
SA_162,NB_1710,2001-07-03,2001-11-22,2001,Consumer Discretionary,Consumer Discretionary,Automotive,Automotive,4.782031864737668,5.558693116769378,0.77666125203171,1,market_cap,2001-06-29,2001-10-31,2001,3
SA_220,NB_1105,2001-08-15,2001-03-02,2001,Communications,Communications,Entertainment Content,Entertainment Content,1.0501570683987063,4.92102344790652,3.8708663795078135,1,market_cap,2001-07-31,2001-02-28,2001,1
SA_220,NB_2742,2001-08-15,2001-10-18,2001,Communications,Communications,Entertainment Content,Entertainment Content,1.0501570683987063,5.556763580856214,4.506606512457507,1,market_cap,2001-07-31,2001-09-28,2001,2
SA_220,NB_811,2001-08-15,2001-11-22,2001,Communications,Communications,Entertainment Content,Entertainment Content,1.0501570683987063,10.569119823507155,9.518962755108449,1,market_cap,2001-07-31,2001-10-31,2001,3
SA_238,NB_2930,2001-08-17,2001-07-03,2001,Consumer Discretionary,Consumer Discretionary,Apparel & Textile Products,Apparel & Textile Products,4.45359236019819,4.48658933215941,0.032996971961219757,1,market_cap,2001-07-31,2001-06-29,2001,1
SA_238,NB_2447,2001-08-17,2001-11-22,2001,Consumer Discretionary,Consumer Discretionary,Apparel & Textile Products,Apparel & Textile Products,4.45359236019819,4.662022052847315,0.20842969264912536,1,market_cap,2001-07-31,2001-10-31,2001,2
SA_238,NB_2431,2001-08-17,2001-07-03,2001,Consumer Discretionary,Consumer Discretionary,Apparel & Textile Products,Apparel & Textile Products,4.45359236019819,4.23460637963891,0.21898598055927998,1,market_cap,2001-07-31,2001-06-29,2001,3
SA_10,NB_594,2001-08-22,2001-12-06,2001,Consumer Discretionary,Consumer Discretionary,Wholesale - Discretionary,Wholesale - Discretionary,2.8469886160659397,2.875280680463327,0.028292064397387406,1,market_cap,2001-07-31,2001-11-30,2001,1
SA_10,NB_893,2001-08-22,2001-08-22,2001,Consumer Discretionary,Consumer Discretionary,Wholesale - Discretionary,Wholesale - Discretionary,2.8469886160659397,2.8099447171168617,0.037043898949078,1,market_cap,2001-07-31,2001-07-31,2001,2
SA_10,NB_1148,2001-08-22,2001-12-06,2001,Consumer Discretionary,Consumer Discretionary,Wholesale - Discretionary,Wholesale - Discretionary,2.8469886160659397,3.6923434475550985,0.8453548314891588,1,market_cap,2001-07-31,2001-11-30,2001,3
SA_290,NB_2492,2001-09-06,2001-03-02,2001,Consumer Discretionary,Consumer Discretionary,Automotive,Automotive,4.8253894657850545,4.81386992586989,0.011519539915164856,1,market_cap,2001-08-31,2001-02-28,2001,1
SA_290,NB_2587,2001-09-06,2001-10-18,2001,Consumer Discretionary,Consumer Discretionary,Automotive,Automotive,4.8253894657850545,4.774257893745077,0.05113157203997787,1,market_cap,2001-08-31,2001-09-28,2001,2
SA_290,NB_1710,2001-09-06,2001-11-22,2001,Consumer Discretionary,Consumer Discretionary,Automotive,Automotive,4.8253894657850545,5.558693116769378,0.7333036509843236,1,market_cap,2001-08-31,2001-10-31,2001,3
SA_84,NB_1195,2001-09-15,2001-11-22,2001,Communications,Communications,Telecommunications,Telecommunications,0.9095077795773227,0.8942496009972748,0.015258178580047854,1,market_cap,2001-08-31,2001-10-31,2001,1
SA_84,NB_1045,2001-09-15,2001-11-22,2001,Communications,Communications,Telecommunications,Telecommunications,0.9095077795773227,0.935622660173647,0.026114880596324386,1,market_cap,2001-08-31,2001-10-31,2001,2
SA_84,NB_1538,2001-09-15,2001-09-15,2001,Communications,Communications,Telecommunications,Telecommunications,0.9095077795773227,3.8902558096303657,2.980748030053043,1,market_cap,2001-08-31,2001-08-31,2001,3
SA_160,NB_1240,2001-10-18,2001-11-22,2001,Industrials,Industrials,Commercial Support Services,Commercial Support Services,4.57150067635409,4.573563929141147,0.0020632527870567685,1,market_cap,2001-09-28,2001-10-31,2001,1
SA_160,NB_2105,2001-10-18,2001-11-22,2001,Industrials,Industrials,Commercial Support Services,Commercial Support Services,4.57150067635409,4.583788212180521,0.01228753582643094,1,market_cap,2001-09-28,2001-10-31,2001,2
SA_160,NB_1009,2001-10-18,2001-08-22,2001,Industrials,Industrials,Commercial Support Services,Commercial Support Services,4.57150067635409,4.617756643165499,0.0462559668114082,1,market_cap,2001-09-28,2001-07-31,2001,3
SA_77,NB_642,2001-11-22,2001-03-02,2001,Industrials,Industrials,Aerospace & Defense,Aerospace & Defense,0.7055203166230867,0.39041914990289317,0.3151011667201935,1,market_cap,2001-10-31,2001-02-28,2001,1
SA_77,NB_2158,2001-11-22,2001-03-02,2001,Industrials,Industrials,Aerospace & Defense,Aerospace & Defense,0.7055203166230867,-0.709276562489829,1.4147968791129157,1,market_cap,2001-10-31,2001-02-28,2001,2
SA_77,NB_246,2001-11-22,2001-11-22,2001,Industrials,Industrials,Aerospace & Defense,Aerospace & Defense,0.7055203166230867,2.474342714051188,1.7688223974281012,1,market_cap,2001-10-31,2001-10-31,2001,3
SA_240,NB_1072,2001-12-06,2001-07-03,2001,Materials,Materials,Steel,Steel,3.9332050730157992,3.1714361483796347,0.7617689246361645,1,market_cap,2001-11-30,2001-06-29,2001,1
SA_240,NB_590,2001-12-06,2001-10-18,2001,Materials,Materials,Steel,Steel,3.9332050730157992,4.984012018975814,1.0508069459600144,1,market_cap,2001-11-30,2001-09-28,2001,2
SA_240,NB_605,2001-12-06,2001-03-02,2001,Materials,Materials,Steel,Steel,3.9332050730157992,5.802747180658725,1.8695421076429262,1,market_cap,2001-11-30,2001-02-28,2001,3
SA_3,NB_2490,2001-12-11,2001-03-02,2001,Materials,Materials,Construction Materials,Construction Materials,0.29349017273475736,0.8277217788561655,0.5342316061214081,1,market_cap,2001-11-30,2001-02-28,2001,1
SA_3,NB_2811,2001-12-11,2001-03-02,2001,Materials,Materials,Construction Materials,Construction Materials,0.29349017273475736,3.027962262279758,2.7344720895450005,1,market_cap,2001-11-30,2001-02-28,2001,2
SA_3,NB_1953,2001-12-11,2001-03-02,2001,Materials,Materials,Construction Materials,Construction Materials,0.29349017273475736,4.335347677837077,4.041857505102319,1,market_cap,2001-11-30,2001-02-28,2001,3
SA_118,NB_2887,2002-02-19,2002-12-17,2002,Communications,Communications,Telecommunications,Telecommunications,5.75685235664369,5.735338633602933,0.021513723040756716,1,market_cap,2002-01-31,2002-11-29,2002,1
SA_118,NB_2442,2002-02-19,2002-06-05,2002,Communications,Communications,Telecommunications,Telecommunications,5.75685235664369,5.313674834629068,0.4431775220146221,1,market_cap,2002-01-31,2002-05-31,2002,2
SA_118,NB_2478,2002-02-19,2002-02-19,2002,Communications,Communications,Telecommunications,Telecommunications,5.75685235664369,4.6710440651381555,1.0858082915055345,1,market_cap,2002-01-31,2002-01-31,2002,3
SA_308,NB_594,2002-02-22,2002-12-17,2002,Consumer Discretionary,Consumer Discretionary,Wholesale - Discretionary,Wholesale - Discretionary,2.0323237283518827,2.050527531515194,0.01820380316331116,1,market_cap,2002-01-31,2002-11-29,2002,1
SA_308,NB_893,2002-02-22,2002-06-05,2002,Consumer Discretionary,Consumer Discretionary,Wholesale - Discretionary,Wholesale - Discretionary,2.0323237283518827,3.2400383114502125,1.2077145830983298,1,market_cap,2002-01-31,2002-05-31,2002,2
SA_308,NB_1148,2002-02-22,2002-09-21,2002,Consumer Discretionary,Consumer Discretionary,Wholesale - Discretionary,Wholesale - Discretionary,2.0323237283518827,3.8132452204241365,1.7809214920722538,1,market_cap,2002-01-31,2002-08-30,2002,3
SA_131,NB_1072,2002-03-05,2002-12-17,2002,Materials,Materials,Steel,Steel,2.535235312401219,2.8998214133773286,0.3645861009761098,1,market_cap,2002-02-28,2002-11-29,2002,1
SA_131,NB_691,2002-03-05,2002-12-17,2002,Materials,Materials,Steel,Steel,2.535235312401219,5.726051339333104,3.190816026931885,1,market_cap,2002-02-28,2002-11-29,2002,2
SA_131,NB_605,2002-03-05,2002-12-17,2002,Materials,Materials,Steel,Steel,2.535235312401219,6.168496723091999,3.63326141069078,1,market_cap,2002-02-28,2002-11-29,2002,3
SA_36,NB_2815,2002-03-13,2002-02-22,2002,Utilities,Utilities,Electric Utilities,Electric Utilities,3.9528251597515855,4.741102194826351,0.7882770350747657,1,market_cap,2002-02-28,2002-01-31,2002,1
SA_36,NB_1718,2002-03-13,2002-02-22,2002,Utilities,Utilities,Electric Utilities,Electric Utilities,3.9528251597515855,6.075249474703129,2.122424314951543,1,market_cap,2002-02-28,2002-01-31,2002,2
SA_36,NB_279,2002-03-13,2002-12-17,2002,Utilities,Utilities,Electric Utilities,Electric Utilities,3.9528251597515855,6.1495713198416615,2.196746160090076,1,market_cap,2002-02-28,2002-11-29,2002,3
SA_223,NB_1790,2002-06-05,2002-12-17,2002,Industrials,Industrials,Transportation & Logistics,Transportation & Logistics,4.257868320044094,4.247546220442203,0.010322099601890677,1,market_cap,2002-05-31,2002-11-29,2002,1
SA_223,NB_1305,2002-06-05,2002-03-13,2002,Industrials,Industrials,Transportation & Logistics,Transportation & Logistics,4.257868320044094,4.152536423352876,0.10533189669121779,1,market_cap,2002-05-31,2002-02-28,2002,2
SA_223,NB_1980,2002-06-05,2002-03-13,2002,Industrials,Industrials,Transportation & Logistics,Transportation & Logistics,4.257868320044094,4.675047865916578,0.41717954587248407,1,market_cap,2002-05-31,2002-02-28,2002,3
SA_45,NB_1932,2002-08-29,2002-03-13,2002,Technology,Technology,IT Services,IT Services,1.419463144386366,1.4145659274616862,0.004897216924679704,1,market_cap,2002-07-31,2002-02-28,2002,1
SA_45,NB_86,2002-08-29,2002-03-13,2002,Technology,Technology,IT Services,IT Services,1.419463144386366,1.4530179931627987,0.03355484877643278,1,market_cap,2002-07-31,2002-02-28,2002,2
SA_45,NB_754,2002-08-29,2002-02-22,2002,Technology,Technology,IT Services,IT Services,1.419463144386366,2.023096032637352,0.6036328882509863,1,market_cap,2002-07-31,2002-01-31,2002,3
SA_58,NB_899,2002-09-21,2002-08-29,2002,Energy,Energy,Oil & Gas Supply Chain,Oil & Gas Supply Chain,3.073877798097779,3.136645726599229,0.06276792850144997,1,market_cap,2002-08-30,2002-07-31,2002,1
SA_58,NB_447,2002-09-21,2002-08-29,2002,Energy,Energy,Oil & Gas Supply Chain,Oil & Gas Supply Chain,3.073877798097779,3.170567544574082,0.09668974647630302,1,market_cap,2002-08-30,2002-07-31,2002,2
SA_58,NB_681,2002-09-21,2002-08-29,2002,Energy,Energy,Oil & Gas Supply Chain,Oil & Gas Supply Chain,3.073877798097779,3.219035812069566,0.14515801397178718,1,market_cap,2002-08-30,2002-07-31,2002,3
SA_271,NB_1011,2002-12-17,2002-02-22,2002,Consumer Discretionary,Consumer Discretionary,Retail - Discretionary,Retail - Discretionary,4.28462464355699,4.282225636221288,0.002399007335702308,1,market_cap,2002-11-29,2002-01-31,2002,1
SA_271,NB_872,2002-12-17,2002-09-21,2002,Consumer Discretionary,Consumer Discretionary,Retail - Discretionary,Retail - Discretionary,4.28462464355699,4.317433445375367,0.0328088018183772,1,market_cap,2002-11-29,2002-08-30,2002,2
SA_271,NB_2939,2002-12-17,2002-06-05,2002,Consumer Discretionary,Consumer Discretionary,Retail - Discretionary,Retail - Discretionary,4.28462464355699,4.1107230331267495,0.17390161043024044,1,market_cap,2002-11-29,2002-05-31,2002,3
SA_22,NB_1826,2002-12-21,2002-12-21,2002,Technology,Technology,Technology Hardware,Technology Hardware,4.396067597373638,4.380310162377816,0.015757434995822273,1,market_cap,2002-11-29,2002-11-29,2002,1
SA_22,NB_618,2002-12-21,2002-02-22,2002,Technology,Technology,Technology Hardware,Technology Hardware,4.396067597373638,4.417987231726603,0.02191963435296529,1,market_cap,2002-11-29,2002-01-31,2002,2
SA_22,NB_786,2002-12-21,2002-09-21,2002,Technology,Technology,Technology Hardware,Technology Hardware,4.396067597373638,4.449207365224799,0.053139767851161146,1,market_cap,2002-11-29,2002-08-30,2002,3
SA_166,NB_2794,2003-01-01,2003-02-05,2003,Consumer Staples,Consumer Staples,Wholesale - Consumer Staples,Wholesale - Consumer Staples,5.880732966403366,5.99383897591943,0.11310600951606364,1,market_cap,2002-12-31,2003-01-31,2003,1
SA_166,NB_170,2003-01-01,2003-11-06,2003,Consumer Staples,Consumer Staples,Wholesale - Consumer Staples,Wholesale - Consumer Staples,5.880732966403366,4.73767104779809,1.1430619186052766,1,market_cap,2002-12-31,2003-10-31,2003,2
SA_166,NB_363,2003-01-01,2003-01-01,2003,Consumer Staples,Consumer Staples,Wholesale - Consumer Staples,Wholesale - Consumer Staples,5.880732966403366,7.778191625069263,1.8974586586658964,1,market_cap,2002-12-31,2002-12-31,2003,3
SA_235,NB_1593,2003-02-05,2003-03-19,2003,Technology,Technology,Technology Hardware,Technology Hardware,3.3616627525757563,3.3612326584686993,0.0004300941070569664,1,market_cap,2003-01-31,2003-02-28,2003,1
SA_235,NB_1617,2003-02-05,2003-02-05,2003,Technology,Technology,Technology Hardware,Technology Hardware,6.922206357348144,6.915280890399404,0.006925466948739967,1,total_assets,2002-03-31,2002-03-31,2003,2
SA_235,NB_90,2003-02-05,2003-01-01,2003,Technology,Technology,Technology Hardware,Technology Hardware,3.3616627525757563,3.3937799403342934,0.032117187758537113,1,market_cap,2003-01-31,2002-12-31,2003,3
SA_178,NB_635,2003-02-06,2003-01-01,2003,Consumer Discretionary,Consumer Discretionary,Wholesale - Discretionary,Wholesale - Discretionary,4.8657436171010975,4.825456860312644,0.04028675678845328,1,market_cap,2003-01-31,2002-12-31,2003,1
SA_178,NB_2140,2003-02-06,2003-11-06,2003,Consumer Discretionary,Consumer Discretionary,Wholesale - Discretionary,Wholesale - Discretionary,4.8657436171010975,4.930277370080601,0.06453375297950359,1,market_cap,2003-01-31,2003-10-31,2003,2
SA_178,NB_1148,2003-02-06,2003-11-06,2003,Consumer Discretionary,Consumer Discretionary,Wholesale - Discretionary,Wholesale - Discretionary,4.8657436171010975,4.390293618800549,0.47544999830054824,1,market_cap,2003-01-31,2003-10-31,2003,3
SA_277,NB_1707,2003-02-14,2003-02-14,2003,Consumer Discretionary,Consumer Discretionary,Consumer Services,Consumer Services,2.2147042472168645,3.47145079166983,1.2567465444529655,1,market_cap,2003-01-31,2003-01-31,2003,1
SA_277,NB_706,2003-02-14,2003-11-06,2003,Consumer Discretionary,Consumer Discretionary,Consumer Services,Consumer Services,2.2147042472168645,4.045562148022638,1.8308579008057735,1,market_cap,2003-01-31,2003-10-31,2003,2
SA_277,NB_2170,2003-02-14,2003-03-19,2003,Consumer Discretionary,Consumer Discretionary,Consumer Services,Consumer Services,2.2147042472168645,5.765840108436049,3.551135861219185,1,market_cap,2003-01-31,2003-02-28,2003,3
SA_140,NB_1593,2003-03-19,2003-03-19,2003,Technology,Technology,Technology Hardware,Technology Hardware,3.3357375473570268,3.3612326584686993,0.025495111111672575,1,market_cap,2003-02-28,2003-02-28,2003,1
SA_140,NB_90,2003-03-19,2003-01-01,2003,Technology,Technology,Technology Hardware,Technology Hardware,3.3357375473570268,3.3937799403342934,0.058042392977266655,1,market_cap,2003-02-28,2002-12-31,2003,2
SA_140,NB_1636,2003-03-19,2003-05-22,2003,Technology,Technology,Technology Hardware,Technology Hardware,3.3357375473570268,3.397199400374857,0.06146185301783014,1,market_cap,2003-02-28,2003-04-30,2003,3
SA_105,NB_974,2003-03-29,2003-01-01,2003,Industrials,Industrials,Industrial Support Services,Industrial Support Services,1.0492119383729828,1.34755353280346,0.29834159443047725,1,market_cap,2003-02-28,2002-12-31,2003,1
SA_105,NB_873,2003-03-29,2003-03-29,2003,Industrials,Industrials,Industrial Support Services,Industrial Support Services,1.0492119383729828,1.3527634304109457,0.30355149203796294,1,market_cap,2003-02-28,2003-02-28,2003,2
SA_105,NB_2720,2003-03-29,2003-05-22,2003,Industrials,Industrials,Industrial Support Services,Industrial Support Services,1.0492119383729828,2.1354200930891025,1.0862081547161198,1,market_cap,2003-02-28,2003-04-30,2003,3
SA_203,NB_2778,2003-03-31,2003-03-31,2003,Materials,Materials,"Forestry, Paper & Wood Products","Forestry, Paper & Wood Products",3.1175073304799117,5.71471450170576,2.5972071712258487,1,market_cap,2003-02-28,2003-02-28,2003,1
SA_203,NB_1664,2003-03-31,2003-03-31,2003,Materials,Materials,"Forestry, Paper & Wood Products","Forestry, Paper & Wood Products",3.1175073304799117,6.073191527904581,2.9556841974246693,1,market_cap,2003-02-28,2003-02-28,2003,2
SA_203,NB_1624,2003-03-31,2003-02-14,2003,Materials,Materials,"Forestry, Paper & Wood Products","Forestry, Paper & Wood Products",3.1175073304799117,6.637837155826829,3.5203298253469173,1,market_cap,2003-02-28,2003-01-31,2003,3
SA_117,NB_1623,2003-05-22,2003-05-22,2003,Technology,Technology,Technology Hardware,Technology Hardware,1.1627757394755978,1.1885748621458392,0.025799122670241426,1,market_cap,2003-04-30,2003-04-30,2003,1
SA_117,NB_390,2003-05-22,2003-01-01,2003,Technology,Technology,Technology Hardware,Technology Hardware,1.1627757394755978,1.4311004087504475,0.26832466927484977,1,market_cap,2003-04-30,2002-12-31,2003,2
SA_117,NB_1388,2003-05-22,2003-03-31,2003,Technology,Technology,Technology Hardware,Technology Hardware,1.1627757394755978,1.4803310030462735,0.31755526357067576,1,market_cap,2003-04-30,2003-02-28,2003,3
SA_68,NB_2815,2003-06-16,2003-05-22,2003,Utilities,Utilities,Electric Utilities,Electric Utilities,4.614949215041231,4.735704466756531,0.1207552517153001,1,market_cap,2003-05-30,2003-04-30,2003,1
SA_68,NB_206,2003-06-16,2003-07-25,2003,Utilities,Utilities,Electric Utilities,Electric Utilities,4.614949215041231,6.107948739632697,1.4929995245914656,1,market_cap,2003-05-30,2003-06-30,2003,2
SA_68,NB_1718,2003-06-16,2003-03-31,2003,Utilities,Utilities,Electric Utilities,Electric Utilities,4.614949215041231,6.147568960012384,1.5326197449711527,1,market_cap,2003-05-30,2003-02-28,2003,3
SA_251,NB_791,2003-06-26,2003-02-14,2003,Consumer Discretionary,Consumer Discretionary,Apparel & Textile Products,Apparel & Textile Products,3.7193043860112436,3.712434834935466,0.006869551075777469,1,market_cap,2003-05-30,2003-01-31,2003,1
SA_251,NB_1548,2003-06-26,2003-11-06,2003,Consumer Discretionary,Consumer Discretionary,Apparel & Textile Products,Apparel & Textile Products,3.7193043860112436,3.653431016972434,0.06587336903880958,1,market_cap,2003-05-30,2003-10-31,2003,2
SA_251,NB_2257,2003-06-26,2003-07-25,2003,Consumer Discretionary,Consumer Discretionary,Apparel & Textile Products,Apparel & Textile Products,3.7193043860112436,3.597397188488819,0.1219071975224244,1,market_cap,2003-05-30,2003-06-30,2003,3
SA_47,NB_590,2003-07-25,2003-06-26,2003,Materials,Materials,Steel,Steel,2.6079204256831447,5.049010778349337,2.4410903526661922,1,market_cap,2003-06-30,2003-05-30,2003,1
SA_47,NB_691,2003-07-25,2003-02-14,2003,Materials,Materials,Steel,Steel,2.6079204256831447,5.496148032942761,2.8882276072596165,1,market_cap,2003-06-30,2003-01-31,2003,2
SA_47,NB_2346,2003-07-25,2003-03-31,2003,Materials,Materials,Steel,Steel,2.6079204256831447,6.252186694808671,3.6442662691255263,1,market_cap,2003-06-30,2003-02-28,2003,3
SA_0,NB_1047,2003-11-06,2003-05-22,2003,Consumer Discretionary,Consumer Discretionary,Leisure Facilities & Services,Leisure Facilities & Services,1.9861056616624628,1.9504000543281654,0.035705607334297396,1,market_cap,2003-10-31,2003-04-30,2003,1
SA_0,NB_2298,2003-11-06,2003-01-01,2003,Consumer Discretionary,Consumer Discretionary,Leisure Facilities & Services,Leisure Facilities & Services,1.9861056616624628,2.0359858737510623,0.049880212088599496,1,market_cap,2003-10-31,2002-12-31,2003,2
SA_0,NB_1211,2003-11-06,2003-11-06,2003,Consumer Discretionary,Consumer Discretionary,Leisure Facilities & Services,Leisure Facilities & Services,1.9861056616624628,2.116749368740234,0.13064370707777107,1,market_cap,2003-10-31,2003-10-31,2003,3
SA_268,NB_261,2004-02-27,2004-09-01,2004,Communications,Communications,Telecommunications,Telecommunications,4.8335344854494044,4.858844494227287,0.025310008777882587,1,market_cap,2004-01-30,2004-08-31,2004,1
SA_268,NB_2478,2004-02-27,2004-09-01,2004,Communications,Communications,Telecommunications,Telecommunications,4.8335344854494044,4.859477464554667,0.02594297910526233,1,market_cap,2004-01-30,2004-08-31,2004,2
SA_268,NB_2442,2004-02-27,2004-09-01,2004,Communications,Communications,Telecommunications,Telecommunications,4.8335344854494044,5.188574484557061,0.3550399991076567,1,market_cap,2004-01-30,2004-08-31,2004,3
SA_13,NB_1195,2004-07-07,2004-02-27,2004,Communications,Communications,Telecommunications,Telecommunications,2.2268696757462676,2.430318459503597,0.20344878375732955,1,market_cap,2004-06-30,2004-01-30,2004,1
SA_13,NB_194,2004-07-07,2004-12-07,2004,Communications,Communications,Telecommunications,Telecommunications,2.2268696757462676,2.518808757019083,0.2919390812728153,1,market_cap,2004-06-30,2004-11-30,2004,2
SA_13,NB_523,2004-07-07,2004-12-07,2004,Communications,Communications,Telecommunications,Telecommunications,2.2268696757462676,2.630722692825201,0.4038530170789336,1,market_cap,2004-06-30,2004-11-30,2004,3
SA_70,NB_2068,2004-07-22,2004-02-27,2004,Consumer Discretionary,Consumer Discretionary,Leisure Products,Leisure Products,2.9147120048900352,3.670964943203633,0.7562529383135979,1,market_cap,2004-06-30,2004-01-30,2004,1
SA_70,NB_2603,2004-07-22,2004-09-01,2004,Consumer Discretionary,Consumer Discretionary,Leisure Products,Leisure Products,2.9147120048900352,3.8213146211026343,0.9066026162125991,1,market_cap,2004-06-30,2004-08-31,2004,2
SA_70,NB_588,2004-07-22,2004-11-02,2004,Consumer Discretionary,Consumer Discretionary,Leisure Products,Leisure Products,2.9147120048900352,4.87555451131028,1.9608425064202444,1,market_cap,2004-06-30,2004-10-29,2004,3
SA_165,NB_99,2004-07-28,2004-12-07,2004,Industrials,Industrials,Transportation & Logistics,Transportation & Logistics,4.128351386134243,4.1153523453790815,0.012999040755161673,1,market_cap,2004-06-30,2004-11-30,2004,1
SA_165,NB_2059,2004-07-28,2004-02-27,2004,Industrials,Industrials,Transportation & Logistics,Transportation & Logistics,4.128351386134243,5.298939173186214,1.1705877870519705,1,market_cap,2004-06-30,2004-01-30,2004,2
SA_165,NB_1790,2004-07-28,2004-02-27,2004,Industrials,Industrials,Transportation & Logistics,Transportation & Logistics,4.128351386134243,5.482544606374077,1.354193220239834,1,market_cap,2004-06-30,2004-01-30,2004,3
SA_287,NB_998,2004-09-01,2004-12-07,2004,Consumer Discretionary,Consumer Discretionary,Automotive,Automotive,3.098618230014115,3.2624753983420747,0.1638571683279597,1,market_cap,2004-08-31,2004-11-30,2004,1
SA_287,NB_2660,2004-09-01,2004-11-02,2004,Consumer Discretionary,Consumer Discretionary,Automotive,Automotive,3.098618230014115,3.840769723995599,0.742151493981484,1,market_cap,2004-08-31,2004-10-29,2004,2
SA_287,NB_1746,2004-09-01,2004-02-27,2004,Consumer Discretionary,Consumer Discretionary,Automotive,Automotive,3.098618230014115,4.431766347878902,1.3331481178647873,1,market_cap,2004-08-31,2004-01-30,2004,3
SA_207,NB_1482,2004-11-02,2004-12-07,2004,Consumer Discretionary,Consumer Discretionary,Home & Office Products,Home & Office Products,2.835452012836903,3.11997882009123,0.284526807254327,1,market_cap,2004-10-29,2004-11-30,2004,1
SA_207,NB_698,2004-11-02,2004-07-28,2004,Consumer Discretionary,Consumer Discretionary,Home & Office Products,Home & Office Products,2.835452012836903,2.0033431283733143,0.8321088844635889,1,market_cap,2004-10-29,2004-06-30,2004,2
SA_207,NB_2854,2004-11-02,2004-07-28,2004,Consumer Discretionary,Consumer Discretionary,Home & Office Products,Home & Office Products,2.835452012836903,4.5067069404925615,1.6712549276556583,1,market_cap,2004-10-29,2004-06-30,2004,3
SA_182,NB_1746,2004-11-04,2004-02-27,2004,Consumer Discretionary,Consumer Discretionary,Automotive,Automotive,4.462022418169573,4.431766347878902,0.030256070290670678,1,market_cap,2004-10-29,2004-01-30,2004,1
SA_182,NB_1775,2004-11-04,2004-07-28,2004,Consumer Discretionary,Consumer Discretionary,Automotive,Automotive,4.462022418169573,4.328967308084851,0.13305511008472148,1,market_cap,2004-10-29,2004-06-30,2004,2
SA_182,NB_2660,2004-11-04,2004-07-28,2004,Consumer Discretionary,Consumer Discretionary,Automotive,Automotive,4.462022418169573,4.185874880067692,0.2761475381018812,1,market_cap,2004-10-29,2004-06-30,2004,3
SA_158,NB_745,2004-12-07,2004-07-28,2004,Industrials,Industrials,Machinery,Machinery,1.4537193374346797,1.4480242542518262,0.0056950831828535,1,market_cap,2004-11-30,2004-06-30,2004,1
SA_158,NB_2626,2004-12-07,2004-11-04,2004,Industrials,Industrials,Machinery,Machinery,1.4537193374346797,1.8573287089926325,0.40360937155795273,1,market_cap,2004-11-30,2004-10-29,2004,2
SA_158,NB_2530,2004-12-07,2004-02-27,2004,Industrials,Industrials,Machinery,Machinery,1.4537193374346797,2.0329000972439193,0.5791807598092396,1,market_cap,2004-11-30,2004-01-30,2004,3
SA_88,NB_2492,2005-02-16,2005-08-09,2005,Consumer Discretionary,Consumer Discretionary,Automotive,Automotive,5.667671933234051,5.626439840722801,0.04123209251125015,1,market_cap,2005-01-31,2005-07-29,2005,1
SA_88,NB_836,2005-02-16,2005-06-16,2005,Consumer Discretionary,Consumer Discretionary,Automotive,Automotive,5.667671933234051,5.488975328755485,0.17869660447856628,1,market_cap,2005-01-31,2005-05-31,2005,2
SA_88,NB_1710,2005-02-16,2005-06-16,2005,Consumer Discretionary,Consumer Discretionary,Automotive,Automotive,5.667671933234051,6.07369340188118,0.40602146864712907,1,market_cap,2005-01-31,2005-05-31,2005,3
SA_267,NB_1305,2005-06-16,2005-06-16,2005,Industrials,Industrials,Transportation & Logistics,Transportation & Logistics,6.31542996999945,6.315952761326513,0.0005227913270635653,1,market_cap,2005-05-31,2005-05-31,2005,1
SA_267,NB_2942,2005-06-16,2005-08-09,2005,Industrials,Industrials,Transportation & Logistics,Transportation & Logistics,6.31542996999945,6.330013019715936,0.014583049716486052,1,market_cap,2005-05-31,2005-07-29,2005,2
SA_267,NB_1980,2005-06-16,2005-06-16,2005,Industrials,Industrials,Transportation & Logistics,Transportation & Logistics,6.31542996999945,6.629735311031818,0.3143053410323686,1,market_cap,2005-05-31,2005-05-31,2005,3
SA_5,NB_1305,2005-06-16,2005-02-16,2005,Industrials,Industrials,Transportation & Logistics,Transportation & Logistics,6.274261707782113,6.302707982772673,0.02844627499055985,1,market_cap,2005-05-31,2005-01-31,2005,1
SA_5,NB_2942,2005-06-16,2005-08-09,2005,Industrials,Industrials,Transportation & Logistics,Transportation & Logistics,6.274261707782113,6.330013019715936,0.055751311933822656,1,market_cap,2005-05-31,2005-07-29,2005,2
SA_5,NB_1980,2005-06-16,2005-06-16,2005,Industrials,Industrials,Transportation & Logistics,Transportation & Logistics,6.274261707782113,6.629735311031818,0.35547360324970523,1,market_cap,2005-05-31,2005-05-31,2005,3
SA_79,NB_99,2005-08-09,2005-08-09,2005,Industrials,Industrials,Transportation & Logistics,Transportation & Logistics,3.4607265016747677,3.6697323119404364,0.20900581026566867,1,market_cap,2005-07-29,2005-07-29,2005,1
SA_79,NB_2059,2005-08-09,2005-08-09,2005,Industrials,Industrials,Transportation & Logistics,Transportation & Logistics,3.4607265016747677,5.211233259640923,1.7505067579661553,1,market_cap,2005-07-29,2005-07-29,2005,2
SA_79,NB_737,2005-08-09,2005-08-09,2005,Industrials,Industrials,Transportation & Logistics,Transportation & Logistics,3.4607265016747677,5.257775020422524,1.797048518747756,1,market_cap,2005-07-29,2005-07-29,2005,3
SA_190,NB_2034,2006-06-30,2006-06-30,2006,Industrials,Industrials,Electrical Equipment,Electrical Equipment,5.905072977997758,5.849670541490095,0.055402436507662856,1,total_assets,2004-12-31,2005-06-30,2006,1
SA_190,NB_1574,2006-06-30,2006-06-30,2006,Industrials,Industrials,Electrical Equipment,Electrical Equipment,5.905072977997758,6.001244071295314,0.09617109329755635,1,total_assets,2004-12-31,2005-12-31,2006,2
SA_190,NB_953,2006-06-30,2006-06-30,2006,Industrials,Industrials,Electrical Equipment,Electrical Equipment,5.905072977997758,6.049195574751128,0.1441225967533697,1,total_assets,2004-12-31,2005-09-30,2006,3
SA_71,NB_1964,2006-09-12,2006-12-21,2006,Communications,Communications,Publishing & Broadcasting,Publishing & Broadcasting,0.8257969346554092,4.778593941158935,3.9527970065035256,1,market_cap,2006-08-31,2006-11-30,2006,1
SA_71,NB_2430,2006-09-12,2006-09-12,2006,Communications,Communications,Publishing & Broadcasting,Publishing & Broadcasting,0.8257969346554092,5.095707180378021,4.2699102457226115,1,market_cap,2006-08-31,2006-08-31,2006,2
SA_71,NB_328,2006-09-12,2006-12-21,2006,Communications,Communications,Publishing & Broadcasting,Publishing & Broadcasting,0.8257969346554092,5.152196775749207,4.326399841093798,1,market_cap,2006-08-31,2006-11-30,2006,3
SA_49,NB_494,2006-12-21,2006-06-30,2006,Consumer Discretionary,Consumer Discretionary,Retail - Discretionary,Retail - Discretionary,4.111817680933198,4.141369677545393,0.029551996612195097,1,market_cap,2006-11-30,2006-05-31,2006,1
SA_49,NB_2671,2006-12-21,2006-09-12,2006,Consumer Discretionary,Consumer Discretionary,Retail - Discretionary,Retail - Discretionary,4.111817680933198,4.211608944882751,0.09979126394955262,1,market_cap,2006-11-30,2006-08-31,2006,2
SA_49,NB_2939,2006-12-21,2006-12-21,2006,Consumer Discretionary,Consumer Discretionary,Retail - Discretionary,Retail - Discretionary,4.111817680933198,4.835267900957632,0.7234502200244339,1,market_cap,2006-11-30,2006-11-30,2006,3
SA_93,NB_2778,2007-08-21,2007-10-31,2007,Materials,Materials,"Forestry, Paper & Wood Products","Forestry, Paper & Wood Products",3.7663843288272556,6.401598572174095,2.635214243346839,1,market_cap,2007-07-31,2007-09-28,2007,1
SA_93,NB_1664,2007-08-21,2007-08-21,2007,Materials,Materials,"Forestry, Paper & Wood Products","Forestry, Paper & Wood Products",3.7663843288272556,6.404728994476709,2.638344665649454,1,market_cap,2007-07-31,2007-07-31,2007,2
SA_93,NB_1624,2007-08-21,2007-10-31,2007,Materials,Materials,"Forestry, Paper & Wood Products","Forestry, Paper & Wood Products",3.7663843288272556,7.480276179444317,3.7138918506170615,1,market_cap,2007-07-31,2007-09-28,2007,3
SA_39,NB_1730,2007-10-31,2007-10-31,2007,Consumer Discretionary,Consumer Discretionary,Home Construction,Home Construction,4.56396061637031,5.274503043148771,0.7105424267784608,1,market_cap,2007-09-28,2007-09-28,2007,1
SA_39,NB_733,2007-10-31,2007-10-31,2007,Consumer Discretionary,Consumer Discretionary,Home Construction,Home Construction,4.56396061637031,5.371197406530109,0.8072367901597985,1,market_cap,2007-09-28,2007-09-28,2007,2
SA_39,NB_2465,2007-10-31,2007-08-21,2007,Consumer Discretionary,Consumer Discretionary,Home Construction,Home Construction,4.56396061637031,5.457600566715415,0.8936399503451051,1,market_cap,2007-09-28,2007-07-31,2007,3
SA_153,NB_591,2008-08-08,2008-12-18,2008,Technology,Technology,Technology Hardware,Technology Hardware,2.1850170342284745,2.1863546015169986,0.0013375672885240775,1,market_cap,2008-07-31,2008-11-28,2008,1
SA_153,NB_390,2008-08-08,2008-11-20,2008,Technology,Technology,Technology Hardware,Technology Hardware,2.1850170342284745,2.209658071211463,0.024641036982988584,1,market_cap,2008-07-31,2008-10-31,2008,2
SA_153,NB_2394,2008-08-08,2008-12-18,2008,Technology,Technology,Technology Hardware,Technology Hardware,2.1850170342284745,2.25422433661589,0.06920730238741557,1,market_cap,2008-07-31,2008-11-28,2008,3
SA_211,NB_2105,2008-11-20,2008-12-18,2008,Industrials,Industrials,Commercial Support Services,Commercial Support Services,3.823235506613015,3.881930740920906,0.05869523430789103,1,market_cap,2008-10-31,2008-11-28,2008,1
SA_211,NB_1385,2008-11-20,2008-12-18,2008,Industrials,Industrials,Commercial Support Services,Commercial Support Services,3.823235506613015,3.753999837187014,0.06923566942600123,1,market_cap,2008-10-31,2008-11-28,2008,2
SA_211,NB_2944,2008-11-20,2008-08-08,2008,Industrials,Industrials,Commercial Support Services,Commercial Support Services,3.823235506613015,3.5282675286569605,0.29496797795605456,1,market_cap,2008-10-31,2008-07-31,2008,3
SA_27,NB_2797,2008-11-23,2008-11-23,2008,Communications,Communications,Publishing & Broadcasting,Publishing & Broadcasting,-0.9324201138040387,2.495780646339879,3.4282007601439175,1,market_cap,2008-10-31,2008-10-31,2008,1
SA_27,NB_2798,2008-11-23,2008-11-23,2008,Communications,Communications,Publishing & Broadcasting,Publishing & Broadcasting,-0.9324201138040387,2.495780646339879,3.4282007601439175,1,market_cap,2008-10-31,2008-10-31,2008,2
SA_27,NB_328,2008-11-23,2008-12-18,2008,Communications,Communications,Publishing & Broadcasting,Publishing & Broadcasting,-0.9324201138040387,3.0363798528647976,3.9687999666688363,1,market_cap,2008-10-31,2008-11-28,2008,3
SA_171,NB_1404,2008-12-18,2008-08-08,2008,Materials,Materials,Chemicals,Chemicals,6.003780394750579,6.027856985614332,0.024076590863753466,1,market_cap,2008-11-28,2008-07-31,2008,1
SA_171,NB_283,2008-12-18,2008-11-23,2008,Materials,Materials,Chemicals,Chemicals,6.003780394750579,5.963805025091341,0.039975369659237536,1,market_cap,2008-11-28,2008-10-31,2008,2
SA_171,NB_1512,2008-12-18,2008-12-18,2008,Materials,Materials,Chemicals,Chemicals,6.003780394750579,6.078579647884781,0.0747992531342021,1,market_cap,2008-11-28,2008-11-28,2008,3
SA_243,NB_2458,2008-12-27,2008-12-27,2008,Communications,Communications,Cable & Satellite,Cable & Satellite,4.360754478148341,6.569790489057199,2.209036010908858,1,market_cap,2008-11-28,2008-11-28,2008,1
SA_243,NB_607,2008-12-27,2008-11-23,2008,Communications,Communications,Cable & Satellite,Cable & Satellite,4.360754478148341,10.716819821512422,6.35606534336408,1,market_cap,2008-11-28,2008-10-31,2008,2
SA_243,NB_1343,2008-12-27,2008-11-23,2008,Communications,Communications,Cable & Satellite,Telecommunications,4.360754478148341,4.3116417233202835,0.04911275482805788,2,market_cap,2008-11-28,2008-10-31,2008,3
SA_309,NB_1398,2008-12-31,2008-08-08,2008,Communications,Communications,Advertising & Marketing,Advertising & Marketing,2.8779448628880373,3.211170212747779,0.3332253498597417,1,market_cap,2008-11-28,2008-07-31,2008,1
SA_309,NB_968,2008-12-31,2008-12-31,2008,Communications,Communications,Advertising & Marketing,Advertising & Marketing,2.8779448628880373,4.202741463392165,1.3247966005041278,1,market_cap,2008-11-28,2008-11-28,2008,2
SA_309,NB_2050,2008-12-31,2008-08-08,2008,Communications,Communications,Advertising & Marketing,Advertising & Marketing,2.8779448628880373,1.19058356720692,1.6873612956811173,1,market_cap,2008-11-28,2008-07-31,2008,3
SA_115,NB_1455,2009-01-19,2009-01-19,2009,Consumer Discretionary,Consumer Discretionary,Retail - Discretionary,Retail - Discretionary,2.5016326537035862,2.4871291781410974,0.014503475562488877,1,market_cap,2008-12-31,2008-12-31,2009,1
SA_115,NB_904,2009-01-19,2009-07-03,2009,Consumer Discretionary,Consumer Discretionary,Retail - Discretionary,Retail - Discretionary,2.5016326537035862,2.3811189706481524,0.12051368305543386,1,market_cap,2008-12-31,2009-06-30,2009,2
SA_115,NB_494,2009-01-19,2009-02-27,2009,Consumer Discretionary,Consumer Discretionary,Retail - Discretionary,Retail - Discretionary,2.5016326537035862,2.8154087194227095,0.3137760657191233,1,market_cap,2008-12-31,2009-01-30,2009,3
SA_7,NB_61,2009-01-20,2009-02-27,2009,Technology,Technology,Semiconductors,Semiconductors,2.5385658931097472,2.5125785596987447,0.025987333411002567,1,market_cap,2008-12-31,2009-01-30,2009,1
SA_7,NB_2212,2009-01-20,2009-01-20,2009,Technology,Technology,Semiconductors,Semiconductors,2.5385658931097472,2.2910184566225804,0.24754743648716682,1,market_cap,2008-12-31,2008-12-31,2009,2
SA_7,NB_2238,2009-01-20,2009-01-20,2009,Technology,Technology,Semiconductors,Semiconductors,2.5385658931097472,2.931897504724663,0.3933316116149159,1,market_cap,2008-12-31,2008-12-31,2009,3
SA_129,NB_998,2009-02-27,2009-08-17,2009,Consumer Discretionary,Consumer Discretionary,Automotive,Automotive,2.9057364475234015,3.009171560420498,0.10343511289709628,1,market_cap,2009-01-30,2009-07-31,2009,1
SA_129,NB_2587,2009-02-27,2009-04-08,2009,Consumer Discretionary,Consumer Discretionary,Automotive,Automotive,2.9057364475234015,3.3026690290902905,0.39693258156688893,1,market_cap,2009-01-30,2009-03-31,2009,2
SA_129,NB_771,2009-02-27,2009-04-08,2009,Consumer Discretionary,Consumer Discretionary,Automotive,Automotive,2.9057364475234015,3.8290043740830177,0.9232679265596162,1,market_cap,2009-01-30,2009-03-31,2009,3
SA_202,NB_968,2009-02-27,2009-04-08,2009,Communications,Communications,Advertising & Marketing,Advertising & Marketing,3.122633610854902,3.117033557355239,0.0056000534996631934,1,market_cap,2009-01-30,2009-03-31,2009,1
SA_202,NB_1398,2009-02-27,2009-08-17,2009,Communications,Communications,Advertising & Marketing,Advertising & Marketing,3.122633610854902,2.963348534934315,0.15928507592058727,1,market_cap,2009-01-30,2009-07-31,2009,2
SA_202,NB_2050,2009-02-27,2009-08-17,2009,Communications,Communications,Advertising & Marketing,Advertising & Marketing,3.122633610854902,0.9617228832719896,2.1609107275829125,1,market_cap,2009-01-30,2009-07-31,2009,3
SA_102,NB_780,2009-04-08,2009-02-27,2009,Consumer Discretionary,Consumer Discretionary,Automotive,Automotive,4.062196644445088,4.080796534076809,0.01859988963172121,1,market_cap,2009-03-31,2009-01-30,2009,1
SA_102,NB_1775,2009-04-08,2009-02-27,2009,Consumer Discretionary,Consumer Discretionary,Automotive,Automotive,4.062196644445088,4.007791262117415,0.05440538232767267,1,market_cap,2009-03-31,2009-01-30,2009,2
SA_102,NB_1746,2009-04-08,2009-01-20,2009,Consumer Discretionary,Consumer Discretionary,Automotive,Automotive,4.062196644445088,4.11817664205872,0.05597999761363237,1,market_cap,2009-03-31,2008-12-31,2009,3
SA_248,NB_2477,2009-07-03,2009-08-17,2009,Energy,Energy,Oil & Gas Supply Chain,Oil & Gas Supply Chain,2.817974287811285,2.8191442486077967,0.0011699607965116599,1,market_cap,2009-06-30,2009-07-31,2009,1
SA_248,NB_1830,2009-07-03,2009-02-27,2009,Energy,Energy,Oil & Gas Supply Chain,Oil & Gas Supply Chain,2.817974287811285,2.970373439087101,0.15239915127581583,1,market_cap,2009-06-30,2009-01-30,2009,2
SA_248,NB_2278,2009-07-03,2009-08-17,2009,Energy,Energy,Oil & Gas Supply Chain,Oil & Gas Supply Chain,2.817974287811285,3.4102892583403737,0.5923149705290887,1,market_cap,2009-06-30,2009-07-31,2009,3
SA_164,NB_476,2009-08-17,2009-04-08,2009,Consumer Discretionary,Consumer Discretionary,Home Construction,Home Construction,3.5981447906514297,3.6799976272070536,0.08185283655562392,1,market_cap,2009-07-31,2009-03-31,2009,1
SA_164,NB_1197,2009-08-17,2009-07-03,2009,Consumer Discretionary,Consumer Discretionary,Home Construction,Home Construction,3.5981447906514297,3.255755338011798,0.34238945263963183,1,market_cap,2009-07-31,2009-06-30,2009,2
SA_164,NB_1730,2009-08-17,2009-04-08,2009,Consumer Discretionary,Consumer Discretionary,Home Construction,Home Construction,3.5981447906514297,4.585251111912249,0.9871063212608191,1,market_cap,2009-07-31,2009-03-31,2009,3
SA_40,NB_446,2010-06-25,2010-06-25,2010,Consumer Discretionary,Consumer Discretionary,Retail - Discretionary,Retail - Discretionary,4.19292967659965,4.1126755189068245,0.08025415769282596,1,market_cap,2010-05-31,2010-05-31,2010,1
SA_40,NB_468,2010-06-25,2010-06-25,2010,Consumer Discretionary,Consumer Discretionary,Retail - Discretionary,Retail - Discretionary,4.19292967659965,4.797691217513792,0.6047615409141418,1,market_cap,2010-05-31,2010-05-31,2010,2
SA_40,NB_2939,2010-06-25,2010-06-25,2010,Consumer Discretionary,Consumer Discretionary,Retail - Discretionary,Retail - Discretionary,4.19292967659965,5.051273591745274,0.8583439151456238,1,market_cap,2010-05-31,2010-05-31,2010,3
SA_209,NB_1352,2011-02-23,2011-10-06,2011,Industrials,Industrials,Commercial Support Services,Commercial Support Services,3.8111877906890688,3.654065417284758,0.1571223734043108,1,market_cap,2011-01-31,2011-09-30,2011,1
SA_209,NB_2944,2011-02-23,2011-02-23,2011,Industrials,Industrials,Commercial Support Services,Commercial Support Services,3.8111877906890688,3.4551835470159102,0.3560042436731585,1,market_cap,2011-01-31,2011-01-31,2011,2
SA_209,NB_1385,2011-02-23,2011-02-23,2011,Industrials,Industrials,Commercial Support Services,Commercial Support Services,3.8111877906890688,4.273869155602559,0.46268136491349,1,market_cap,2011-01-31,2011-01-31,2011,3
SA_307,NB_1325,2011-08-04,2011-10-06,2011,Consumer Discretionary,Consumer Discretionary,Retail - Discretionary,Retail - Discretionary,5.016214368743103,5.014469932463825,0.0017444362792780055,1,market_cap,2011-07-29,2011-09-30,2011,1
SA_307,NB_335,2011-08-04,2011-02-23,2011,Consumer Discretionary,Consumer Discretionary,Retail - Discretionary,Retail - Discretionary,5.016214368743103,5.009191585784081,0.007022782959022145,1,market_cap,2011-07-29,2011-01-31,2011,2
SA_307,NB_395,2011-08-04,2011-11-16,2011,Consumer Discretionary,Consumer Discretionary,Retail - Discretionary,Retail - Discretionary,5.016214368743103,5.061289751137341,0.045075382394237806,1,market_cap,2011-07-29,2011-10-31,2011,3
SA_186,NB_2041,2011-08-09,2011-11-16,2011,Utilities,Utilities,Electric Utilities,Electric Utilities,6.5502877353049165,6.551025333530849,0.0007375982259327785,1,market_cap,2011-07-29,2011-10-31,2011,1
SA_186,NB_206,2011-08-09,2011-08-09,2011,Utilities,Utilities,Electric Utilities,Electric Utilities,6.5502877353049165,6.56754883889352,0.017261103588603888,1,market_cap,2011-07-29,2011-07-29,2011,2
SA_186,NB_2026,2011-08-09,2011-10-06,2011,Utilities,Utilities,Electric Utilities,Electric Utilities,6.5502877353049165,6.593768792352075,0.04348105704715888,1,market_cap,2011-07-29,2011-09-30,2011,3
SA_274,NB_2775,2011-10-06,2011-10-06,2011,Technology,Technology,Semiconductors,Semiconductors,4.542896830757377,4.583792298620996,0.04089546786361886,1,market_cap,2011-09-30,2011-09-30,2011,1
SA_274,NB_252,2011-10-06,2011-11-16,2011,Technology,Technology,Semiconductors,Semiconductors,4.542896830757377,4.583982299663509,0.04108546890613152,1,market_cap,2011-09-30,2011-10-31,2011,2
SA_274,NB_2238,2011-10-06,2011-10-06,2011,Technology,Technology,Semiconductors,Semiconductors,4.542896830757377,4.498705727876627,0.04419110288075068,1,market_cap,2011-09-30,2011-09-30,2011,3
SA_64,NB_2021,2011-11-16,2011-10-06,2011,Energy,Energy,Renewable Energy,Renewable Energy,3.262023433051443,3.3345481901818133,0.07252475713037043,1,market_cap,2011-10-31,2011-09-30,2011,1
SA_64,NB_249,2011-11-16,2011-10-06,2011,Energy,Energy,Renewable Energy,Renewable Energy,3.262023433051443,3.374175558565848,0.11215212551440512,1,market_cap,2011-10-31,2011-09-30,2011,2
SA_64,NB_165,2011-11-16,2011-08-09,2011,Energy,Energy,Renewable Energy,Renewable Energy,3.262023433051443,3.682622419637583,0.42059898658614037,1,market_cap,2011-10-31,2011-07-29,2011,3
SA_113,NB_544,2012-01-13,2012-10-30,2012,Consumer Staples,Consumer Staples,Beverages,Beverages,1.725726498623617,1.8099431396616836,0.0842166410380667,1,market_cap,2011-12-30,2012-09-28,2012,1
SA_113,NB_2972,2012-01-13,2012-01-13,2012,Consumer Staples,Consumer Staples,Beverages,Beverages,1.725726498623617,2.6864179009750964,0.9606914023514794,1,market_cap,2011-12-30,2011-12-30,2012,2
SA_113,NB_1468,2012-01-13,2012-08-16,2012,Consumer Staples,Consumer Staples,Beverages,Beverages,1.725726498623617,3.5836161559525586,1.8578896573289416,1,market_cap,2011-12-30,2012-07-31,2012,3
SA_29,NB_2870,2012-05-19,2012-05-19,2012,Energy,Energy,Oil & Gas Supply Chain,Oil & Gas Supply Chain,5.977183303878172,5.947172998974857,0.03001030490331491,1,market_cap,2012-04-30,2012-04-30,2012,1
SA_29,NB_2704,2012-05-19,2012-01-13,2012,Energy,Energy,Oil & Gas Supply Chain,Oil & Gas Supply Chain,5.977183303878172,5.934630139595843,0.042553164282328915,1,market_cap,2012-04-30,2011-12-30,2012,2
SA_29,NB_1159,2012-05-19,2012-01-13,2012,Energy,Energy,Oil & Gas Supply Chain,Oil & Gas Supply Chain,5.977183303878172,6.156910551040576,0.17972724716240407,1,market_cap,2012-04-30,2011-12-30,2012,3
SA_65,NB_2378,2012-08-16,2012-01-13,2012,Industrials,Industrials,Transportation & Logistics,Transportation & Logistics,5.173066453075645,5.292820787999625,0.11975433492398047,1,market_cap,2012-07-31,2011-12-30,2012,1
SA_65,NB_212,2012-08-16,2012-10-30,2012,Industrials,Industrials,Transportation & Logistics,Transportation & Logistics,5.173066453075645,5.3137102853555165,0.14064383227987154,1,market_cap,2012-07-31,2012-09-28,2012,2
SA_65,NB_3005,2012-08-16,2012-10-30,2012,Industrials,Industrials,Transportation & Logistics,Transportation & Logistics,5.173066453075645,5.375524210805436,0.2024577577297908,1,market_cap,2012-07-31,2012-09-28,2012,3
SA_72,NB_40,2012-10-30,2012-10-30,2012,Consumer Discretionary,Consumer Discretionary,Wholesale - Discretionary,Wholesale - Discretionary,3.7866525076442796,3.602226194810694,0.18442631283358546,1,market_cap,2012-09-28,2012-09-28,2012,1
SA_72,NB_594,2012-10-30,2012-01-13,2012,Consumer Discretionary,Consumer Discretionary,Wholesale - Discretionary,Wholesale - Discretionary,3.7866525076442796,4.046442004013922,0.25978949636964277,1,market_cap,2012-09-28,2011-12-30,2012,2
SA_72,NB_893,2012-10-30,2012-01-13,2012,Consumer Discretionary,Consumer Discretionary,Wholesale - Discretionary,Wholesale - Discretionary,3.7866525076442796,2.9714908091809566,0.815161698463323,1,market_cap,2012-09-28,2011-12-30,2012,3
SA_74,NB_1975,2012-10-30,2012-05-19,2012,Technology,Technology,Technology Hardware,Technology Hardware,2.9633433703519874,2.9812478793530173,0.01790450900102991,1,market_cap,2012-09-28,2012-04-30,2012,1
SA_74,NB_390,2012-10-30,2012-05-19,2012,Technology,Technology,Technology Hardware,Technology Hardware,2.9633433703519874,2.9911317071584227,0.027788336806435332,1,market_cap,2012-09-28,2012-04-30,2012,2
SA_74,NB_680,2012-10-30,2012-08-16,2012,Technology,Technology,Technology Hardware,Technology Hardware,2.9633433703519874,3.002876691314311,0.039533320962323426,1,market_cap,2012-09-28,2012-07-31,2012,3
SA_18,NB_248,2013-01-08,2013-01-08,2013,Health Care,Health Care,Health Care Facilities & Svcs,Health Care Facilities & Svcs,2.8045051799194725,2.857716555641048,0.05321137572157575,1,market_cap,2012-12-31,2012-12-31,2013,1
SA_18,NB_160,2013-01-08,2013-01-08,2013,Health Care,Health Care,Health Care Facilities & Svcs,Health Care Facilities & Svcs,2.8045051799194725,2.531639142847966,0.27286603707150636,1,market_cap,2012-12-31,2012-12-31,2013,2
SA_18,NB_518,2013-01-08,2013-12-23,2013,Health Care,Health Care,Health Care Facilities & Svcs,Health Care Facilities & Svcs,2.8045051799194725,3.089204401539188,0.2846992216197157,1,market_cap,2012-12-31,2013-11-29,2013,3
SA_205,NB_1596,2013-06-19,2013-12-23,2013,Communications,Communications,Internet Media & Services,Internet Media & Services,2.410470418634983,2.4810073908825685,0.0705369722475857,1,market_cap,2013-05-31,2013-11-29,2013,1
SA_205,NB_2020,2013-06-19,2013-01-08,2013,Communications,Communications,Internet Media & Services,Internet Media & Services,2.410470418634983,2.7138003041938914,0.3033298855589086,1,market_cap,2013-05-31,2012-12-31,2013,2
SA_205,NB_1413,2013-06-19,2013-06-19,2013,Communications,Communications,Internet Media & Services,Internet Media & Services,2.410470418634983,2.8633316699179736,0.4528612512829908,1,market_cap,2013-05-31,2013-05-31,2013,3
SA_41,NB_704,2013-12-23,2013-01-08,2013,Technology,Technology,IT Services,IT Services,3.07279979050285,3.076736057707078,0.003936267204228017,1,market_cap,2013-11-29,2012-12-31,2013,1
SA_41,NB_1728,2013-12-23,2013-06-19,2013,Technology,Technology,IT Services,IT Services,3.07279979050285,3.1599874449111627,0.08718765440831255,1,market_cap,2013-11-29,2013-05-31,2013,2
SA_41,NB_754,2013-12-23,2013-06-19,2013,Technology,Technology,IT Services,IT Services,3.07279979050285,3.373332743513851,0.3005329530110008,1,market_cap,2013-11-29,2013-05-31,2013,3
SA_137,NB_1455,2014-01-11,2014-11-07,2014,Consumer Discretionary,Consumer Discretionary,Retail - Discretionary,Retail - Discretionary,3.12826379147036,3.246257501609418,0.11799371013905802,1,market_cap,2013-12-31,2014-10-31,2014,1
SA_137,NB_2240,2014-01-11,2014-12-03,2014,Consumer Discretionary,Consumer Discretionary,Retail - Discretionary,Retail - Discretionary,3.12826379147036,3.0041963519661206,0.12406743950423937,1,market_cap,2013-12-31,2014-11-28,2014,2
SA_137,NB_335,2014-01-11,2014-01-11,2014,Consumer Discretionary,Consumer Discretionary,Retail - Discretionary,Retail - Discretionary,3.12826379147036,4.875169841907514,1.746906050437154,1,market_cap,2013-12-31,2013-12-31,2014,3
SA_76,NB_2671,2014-11-07,2014-11-07,2014,Consumer Discretionary,Consumer Discretionary,Retail - Discretionary,Retail - Discretionary,4.528643290597059,4.543765947849812,0.015122657252752525,1,market_cap,2014-10-31,2014-10-31,2014,1
SA_76,NB_468,2014-11-07,2014-12-03,2014,Consumer Discretionary,Consumer Discretionary,Retail - Discretionary,Retail - Discretionary,4.528643290597059,4.642799248521909,0.1141559579248499,1,market_cap,2014-10-31,2014-11-28,2014,2
SA_76,NB_335,2014-11-07,2014-01-11,2014,Consumer Discretionary,Consumer Discretionary,Retail - Discretionary,Retail - Discretionary,4.528643290597059,4.875169841907514,0.34652655131045496,1,market_cap,2014-10-31,2013-12-31,2014,3
SA_191,NB_2434,2014-12-03,2014-12-03,2014,Energy,Energy,Oil & Gas Services & Equip,Oil & Gas Services & Equip,2.2577969102039117,2.3843033192789034,0.12650640907499167,1,market_cap,2014-11-28,2014-11-28,2014,1
SA_191,NB_868,2014-12-03,2014-12-03,2014,Energy,Energy,Oil & Gas Services & Equip,Oil & Gas Services & Equip,2.2577969102039117,4.074952750529635,1.8171558403257229,1,market_cap,2014-11-28,2014-11-28,2014,2
SA_191,NB_1732,2014-12-03,2014-12-03,2014,Energy,Energy,Oil & Gas Services & Equip,Oil & Gas Services & Equip,2.2577969102039117,4.577699292547183,2.319902382343271,1,market_cap,2014-11-28,2014-11-28,2014,3
SA_149,NB_2944,2014-12-12,2014-01-11,2014,Industrials,Industrials,Commercial Support Services,Commercial Support Services,3.6344364678083774,3.6676430494500507,0.03320658164167334,1,market_cap,2014-11-28,2013-12-31,2014,1
SA_149,NB_2105,2014-12-12,2014-01-11,2014,Industrials,Industrials,Commercial Support Services,Commercial Support Services,3.6344364678083774,3.568142998904482,0.0662934689038952,1,market_cap,2014-11-28,2013-12-31,2014,2
SA_149,NB_2349,2014-12-12,2014-01-11,2014,Industrials,Industrials,Commercial Support Services,Commercial Support Services,3.6344364678083774,3.5334704829700962,0.10096598483828112,1,market_cap,2014-11-28,2013-12-31,2014,3
SA_6,NB_1487,2014-12-17,2014-12-17,2014,Energy,Energy,Oil & Gas Supply Chain,Oil & Gas Supply Chain,3.992219547422423,3.9922287767291635,9.229306740632381e-06,1,market_cap,2014-11-28,2014-11-28,2014,1
SA_6,NB_2477,2014-12-17,2014-11-07,2014,Energy,Energy,Oil & Gas Supply Chain,Oil & Gas Supply Chain,3.992219547422423,3.9763171217012814,0.015902425721141533,1,market_cap,2014-11-28,2014-10-31,2014,2
SA_6,NB_2180,2014-12-17,2014-11-07,2014,Energy,Energy,Oil & Gas Supply Chain,Oil & Gas Supply Chain,3.992219547422423,3.8766237810762805,0.11559576634614244,1,market_cap,2014-11-28,2014-10-31,2014,3
SA_272,NB_1796,2015-03-27,2015-03-27,2015,Materials,Materials,Metals & Mining,Metals & Mining,5.43613350402863,5.4323315176259435,0.0038019864026868078,1,market_cap,2015-02-27,2015-02-27,2015,1
SA_272,NB_1911,2015-03-27,2015-11-10,2015,Materials,Materials,Metals & Mining,Metals & Mining,5.43613350402863,5.313293167359002,0.12284033666962824,1,market_cap,2015-02-27,2015-10-30,2015,2
SA_272,NB_1266,2015-03-27,2015-11-10,2015,Materials,Materials,Metals & Mining,Metals & Mining,5.43613350402863,5.175460229384406,0.2606732746442244,1,market_cap,2015-02-27,2015-10-30,2015,3
SA_44,NB_2771,2015-04-16,2015-04-16,2015,Materials,Materials,Metals & Mining,Metals & Mining,3.7996401127182855,3.804408841099657,0.004768728381371545,1,market_cap,2015-03-31,2015-03-31,2015,1
SA_44,NB_1567,2015-04-16,2015-04-16,2015,Materials,Materials,Metals & Mining,Metals & Mining,3.7996401127182855,3.8284239815518326,0.02878386883354711,1,market_cap,2015-03-31,2015-03-31,2015,2
SA_44,NB_2006,2015-04-16,2015-11-10,2015,Materials,Materials,Metals & Mining,Metals & Mining,3.7996401127182855,3.6298404495417937,0.16979966317649176,1,market_cap,2015-03-31,2015-10-30,2015,3
SA_82,NB_438,2015-04-16,2015-11-10,2015,Energy,Energy,Oil & Gas Supply Chain,Oil & Gas Supply Chain,2.9039952025864464,2.864917188423697,0.039078014162749586,1,market_cap,2015-03-31,2015-10-30,2015,1
SA_82,NB_2278,2015-04-16,2015-03-27,2015,Energy,Energy,Oil & Gas Supply Chain,Oil & Gas Supply Chain,2.9039952025864464,2.7945397753097776,0.10945542727666879,1,market_cap,2015-03-31,2015-02-27,2015,2
SA_82,NB_1830,2015-04-16,2015-04-16,2015,Energy,Energy,Oil & Gas Supply Chain,Oil & Gas Supply Chain,2.9039952025864464,2.4312860880097795,0.47270911457666687,1,market_cap,2015-03-31,2015-03-31,2015,3
SA_221,NB_1266,2015-05-05,2015-11-10,2015,Materials,Materials,Metals & Mining,Metals & Mining,5.193209596725069,5.175460229384406,0.017749367340663014,1,market_cap,2015-04-30,2015-10-30,2015,1
SA_221,NB_1796,2015-05-05,2015-04-16,2015,Materials,Materials,Metals & Mining,Metals & Mining,5.193209596725069,5.164155489495686,0.029054107229383064,1,market_cap,2015-04-30,2015-03-31,2015,2
SA_221,NB_1911,2015-05-05,2015-11-10,2015,Materials,Materials,Metals & Mining,Metals & Mining,5.193209596725069,5.313293167359002,0.12008357063393316,1,market_cap,2015-04-30,2015-10-30,2015,3
SA_154,NB_868,2015-05-15,2015-05-15,2015,Energy,Energy,Oil & Gas Services & Equip,Oil & Gas Services & Equip,4.867278263796429,4.8087924304318195,0.05848583336460944,1,market_cap,2015-04-30,2015-04-30,2015,1
SA_154,NB_424,2015-05-15,2015-11-10,2015,Energy,Energy,Oil & Gas Services & Equip,Oil & Gas Services & Equip,4.867278263796429,4.617108638227469,0.25016962556895983,1,market_cap,2015-04-30,2015-10-30,2015,2
SA_154,NB_1134,2015-05-15,2015-11-10,2015,Energy,Energy,Oil & Gas Services & Equip,Oil & Gas Services & Equip,4.867278263796429,5.308030045401829,0.4407517816054005,1,market_cap,2015-04-30,2015-10-30,2015,3
SA_276,NB_273,2015-11-10,2015-05-15,2015,Materials,Materials,Metals & Mining,Metals & Mining,2.8456765313469474,2.855049657488847,0.009373126141899668,1,market_cap,2015-10-30,2015-04-30,2015,1
SA_276,NB_712,2015-11-10,2015-04-16,2015,Materials,Materials,Metals & Mining,Metals & Mining,2.8456765313469474,2.9104194531999426,0.06474292185299513,1,market_cap,2015-10-30,2015-03-31,2015,2
SA_276,NB_3004,2015-11-10,2015-11-10,2015,Materials,Materials,Metals & Mining,Metals & Mining,2.8456765313469474,2.9786878389447327,0.13301130759778523,1,market_cap,2015-10-30,2015-10-30,2015,3
SA_174,NB_2059,2015-11-27,2015-11-27,2015,Industrials,Industrials,Transportation & Logistics,Transportation & Logistics,5.680742071415952,5.5419241112503235,0.1388179601656283,1,market_cap,2015-10-30,2015-10-30,2015,1
SA_174,NB_737,2015-11-27,2015-11-27,2015,Industrials,Industrials,Transportation & Logistics,Transportation & Logistics,5.680742071415952,5.8655231347142,0.1847810632982485,1,market_cap,2015-10-30,2015-10-30,2015,2
SA_174,NB_2308,2015-11-27,2015-11-27,2015,Industrials,Industrials,Transportation & Logistics,Transportation & Logistics,5.680742071415952,5.265036656593003,0.4157054148229484,1,market_cap,2015-10-30,2015-10-30,2015,3
SA_55,NB_1193,2016-01-22,2016-01-22,2016,Energy,Energy,Renewable Energy,Renewable Energy,7.385300275500348,6.76582067809286,0.619479597407488,1,market_cap,2015-12-31,2015-12-31,2016,1
SA_55,NB_1026,2016-01-22,2016-01-22,2016,Energy,Energy,Renewable Energy,Renewable Energy,7.385300275500348,6.380321161240442,1.004979114259906,1,market_cap,2015-12-31,2015-12-31,2016,2
SA_55,NB_1079,2016-01-22,2016-06-18,2016,Energy,Energy,Renewable Energy,Renewable Energy,7.385300275500348,8.532371358044257,1.147071082543909,1,market_cap,2015-12-31,2016-05-31,2016,3
SA_180,NB_1875,2016-02-02,2016-06-18,2016,Consumer Staples,Consumer Staples,Retail - Consumer Staples,Retail - Consumer Staples,2.8188459192499757,5.697674861098601,2.8788289418486257,1,market_cap,2016-01-29,2016-05-31,2016,1
SA_180,NB_2860,2016-02-02,2016-05-03,2016,Consumer Staples,Consumer Staples,Retail - Consumer Staples,Retail - Consumer Staples,2.8188459192499757,5.843440933416246,3.02459501416627,1,market_cap,2016-01-29,2016-04-29,2016,2
SA_180,NB_1359,2016-02-02,2016-03-09,2016,Consumer Staples,Consumer Staples,Retail - Consumer Staples,Retail - Consumer Staples,2.8188459192499757,6.527025026474535,3.708179107224559,1,market_cap,2016-01-29,2016-02-29,2016,3
SA_224,NB_1455,2016-02-04,2016-02-04,2016,Consumer Discretionary,Consumer Discretionary,Retail - Discretionary,Retail - Discretionary,3.0348856767497003,3.194451976157582,0.15956629940788147,1,market_cap,2016-01-29,2016-01-29,2016,1
SA_224,NB_494,2016-02-04,2016-01-22,2016,Consumer Discretionary,Consumer Discretionary,Retail - Discretionary,Retail - Discretionary,3.0348856767497003,1.6705518262923644,1.364333850457336,1,market_cap,2016-01-29,2015-12-31,2016,2
SA_224,NB_425,2016-02-04,2016-02-04,2016,Consumer Discretionary,Consumer Discretionary,Retail - Discretionary,Retail - Discretionary,3.0348856767497003,5.076556608734065,2.0416709319843647,1,market_cap,2016-01-29,2016-01-29,2016,3
SA_256,NB_2967,2016-02-15,2016-02-15,2016,Energy,Energy,Oil & Gas Supply Chain,Oil & Gas Supply Chain,4.984523324695404,4.9987017045517215,0.014178379856317314,1,market_cap,2016-01-29,2016-01-29,2016,1
SA_256,NB_941,2016-02-15,2016-03-09,2016,Energy,Energy,Oil & Gas Supply Chain,Oil & Gas Supply Chain,4.984523324695404,4.956164324663993,0.02835900003141134,1,market_cap,2016-01-29,2016-02-29,2016,2
SA_256,NB_2147,2016-02-15,2016-06-18,2016,Energy,Energy,Oil & Gas Supply Chain,Oil & Gas Supply Chain,4.984523324695404,4.91086504964051,0.07365827505489442,1,market_cap,2016-01-29,2016-05-31,2016,3
SA_282,NB_1814,2016-02-16,2016-05-03,2016,Energy,Energy,Oil & Gas Supply Chain,Oil & Gas Supply Chain,2.981709411190423,2.991814609519886,0.010105198329462883,1,market_cap,2016-01-29,2016-04-29,2016,1
SA_282,NB_2180,2016-02-16,2016-05-03,2016,Energy,Energy,Oil & Gas Supply Chain,Oil & Gas Supply Chain,2.981709411190423,3.0469670662303496,0.06525765503992664,1,market_cap,2016-01-29,2016-04-29,2016,2
SA_282,NB_2278,2016-02-16,2016-02-16,2016,Energy,Energy,Oil & Gas Supply Chain,Oil & Gas Supply Chain,2.981709411190423,2.3274630542599484,0.6542463569304746,1,market_cap,2016-01-29,2016-01-29,2016,3
SA_109,NB_1732,2016-03-09,2016-02-16,2016,Energy,Energy,Oil & Gas Services & Equip,Oil & Gas Services & Equip,3.348833338789397,3.496719660184078,0.14788632139468127,1,market_cap,2016-02-29,2016-01-29,2016,1
SA_109,NB_424,2016-03-09,2016-03-09,2016,Energy,Energy,Oil & Gas Services & Equip,Oil & Gas Services & Equip,3.348833338789397,4.362985242564663,1.0141519037752658,1,market_cap,2016-02-29,2016-02-29,2016,2
SA_109,NB_2434,2016-03-09,2016-05-03,2016,Energy,Energy,Oil & Gas Services & Equip,Oil & Gas Services & Equip,3.348833338789397,2.0816141797914542,1.2672191589979427,1,market_cap,2016-02-29,2016-04-29,2016,3
SA_304,NB_762,2016-05-03,2016-03-09,2016,Industrials,Industrials,Transportation & Logistics,Transportation & Logistics,2.916878442220164,2.987362343209793,0.07048390098962898,1,market_cap,2016-04-29,2016-02-29,2016,1
SA_304,NB_1167,2016-05-03,2016-06-18,2016,Industrials,Industrials,Transportation & Logistics,Transportation & Logistics,2.916878442220164,3.7424439174436688,0.8255654752235047,1,market_cap,2016-04-29,2016-05-31,2016,2
SA_304,NB_99,2016-05-03,2016-02-16,2016,Industrials,Industrials,Transportation & Logistics,Transportation & Logistics,2.916878442220164,3.891671307420228,0.9747928652000639,1,market_cap,2016-04-29,2016-01-29,2016,3
SA_81,NB_3012,2016-06-18,2016-03-09,2016,Consumer Discretionary,Consumer Discretionary,Consumer Services,Consumer Services,3.940155548326768,3.346589829254114,0.5935657190726538,1,market_cap,2016-05-31,2016-02-29,2016,1
SA_81,NB_1707,2016-06-18,2016-02-16,2016,Consumer Discretionary,Consumer Discretionary,Consumer Services,Consumer Services,3.940155548326768,5.832942326002578,1.89278677767581,1,market_cap,2016-05-31,2016-01-29,2016,2
SA_81,NB_706,2016-06-18,2016-03-09,2016,Consumer Discretionary,Consumer Discretionary,Consumer Services,Consumer Services,3.940155548326768,5.83719852729599,1.897042978969222,1,market_cap,2016-05-31,2016-02-29,2016,3
SA_236,NB_2240,2017-05-28,2017-05-28,2017,Consumer Discretionary,Consumer Discretionary,Retail - Discretionary,Retail - Discretionary,2.740562566082495,2.9031837767901227,0.16262121070762792,1,market_cap,2017-04-28,2017-04-28,2017,1
SA_236,NB_1206,2017-05-28,2017-11-04,2017,Consumer Discretionary,Consumer Discretionary,Retail - Discretionary,Retail - Discretionary,2.740562566082495,3.3222876430478334,0.5817250769653386,1,market_cap,2017-04-28,2017-10-31,2017,2
SA_236,NB_2548,2017-05-28,2017-05-28,2017,Consumer Discretionary,Consumer Discretionary,Retail - Discretionary,Retail - Discretionary,2.740562566082495,5.152621427789695,2.4120588617072003,1,market_cap,2017-04-28,2017-04-28,2017,3
SA_292,NB_1487,2017-09-15,2017-10-17,2017,Energy,Energy,Oil & Gas Supply Chain,Oil & Gas Supply Chain,4.028726347313816,4.018411592439472,0.010314754874343635,1,market_cap,2017-08-31,2017-09-29,2017,1
SA_292,NB_1898,2017-09-15,2017-10-17,2017,Energy,Energy,Oil & Gas Supply Chain,Oil & Gas Supply Chain,4.028726347313816,4.050737442839757,0.022011095525940938,1,market_cap,2017-08-31,2017-09-29,2017,2
SA_292,NB_2870,2017-09-15,2017-09-15,2017,Energy,Energy,Oil & Gas Supply Chain,Oil & Gas Supply Chain,4.028726347313816,4.083115080270552,0.05438873295673652,1,market_cap,2017-08-31,2017-08-31,2017,3
SA_62,NB_1664,2017-09-20,2017-09-20,2017,Materials,Materials,"Forestry, Paper & Wood Products","Forestry, Paper & Wood Products",1.820395515764387,6.6265503180146546,4.806154802250267,1,market_cap,2017-08-31,2017-08-31,2017,1
SA_62,NB_340,2017-09-20,2017-09-20,2017,Materials,Materials,"Forestry, Paper & Wood Products","Forestry, Paper & Wood Products",1.820395515764387,7.052837391945216,5.232441876180829,1,market_cap,2017-08-31,2017-08-31,2017,2
SA_62,NB_2778,2017-09-20,2017-09-20,2017,Materials,Materials,"Forestry, Paper & Wood Products","Forestry, Paper & Wood Products",1.820395515764387,7.48492073804478,5.664525222280393,1,market_cap,2017-08-31,2017-08-31,2017,3
SA_232,NB_1814,2017-10-17,2017-10-17,2017,Energy,Energy,Oil & Gas Supply Chain,Oil & Gas Supply Chain,3.367706090645646,3.3601149365609255,0.007591154084720664,1,market_cap,2017-09-29,2017-09-29,2017,1
SA_232,NB_899,2017-10-17,2017-09-20,2017,Energy,Energy,Oil & Gas Supply Chain,Oil & Gas Supply Chain,3.367706090645646,3.75630676742062,0.3886006767749737,1,market_cap,2017-09-29,2017-08-31,2017,2
SA_232,NB_1898,2017-10-17,2017-11-04,2017,Energy,Energy,Oil & Gas Supply Chain,Oil & Gas Supply Chain,3.367706090645646,3.932954407183373,0.5652483165377267,1,market_cap,2017-09-29,2017-10-31,2017,3
SA_151,NB_2997,2017-11-04,2017-09-20,2017,Consumer Discretionary,Consumer Discretionary,Home & Office Products,Home & Office Products,2.3726800236573067,3.4994396224079347,1.126759598750628,1,market_cap,2017-10-31,2017-08-31,2017,1
SA_151,NB_698,2017-11-04,2017-11-04,2017,Consumer Discretionary,Consumer Discretionary,Home & Office Products,Home & Office Products,2.3726800236573067,4.112526596019965,1.7398465723626582,1,market_cap,2017-10-31,2017-10-31,2017,2
SA_151,NB_2854,2017-11-04,2017-05-28,2017,Consumer Discretionary,Consumer Discretionary,Home & Office Products,Home & Office Products,2.3726800236573067,4.224056168743758,1.851376145086451,1,market_cap,2017-10-31,2017-04-28,2017,3
SA_250,NB_1048,2017-12-12,2017-10-17,2017,Health Care,Health Care,Biotech & Pharma,Biotech & Pharma,3.292059369870777,3.290031156551828,0.0020282133189493123,1,market_cap,2017-11-30,2017-09-29,2017,1
SA_250,NB_678,2017-12-12,2017-10-17,2017,Health Care,Health Care,Biotech & Pharma,Biotech & Pharma,3.292059369870777,3.303466942057159,0.011407572186381998,1,market_cap,2017-11-30,2017-09-29,2017,2
SA_250,NB_1333,2017-12-12,2017-05-28,2017,Health Care,Health Care,Biotech & Pharma,Biotech & Pharma,3.292059369870777,3.272424174705869,0.019635195164908303,1,market_cap,2017-11-30,2017-04-28,2017,3
SA_46,NB_447,2018-02-17,2018-08-02,2018,Energy,Energy,Oil & Gas Supply Chain,Oil & Gas Supply Chain,2.688146768725369,2.6776597197781418,0.010487048947227073,1,market_cap,2018-01-31,2018-07-31,2018,1
SA_46,NB_2097,2018-02-17,2018-07-17,2018,Energy,Energy,Oil & Gas Supply Chain,Oil & Gas Supply Chain,2.688146768725369,2.80474124525619,0.11659447653082111,1,market_cap,2018-01-31,2018-06-29,2018,2
SA_46,NB_1830,2018-02-17,2018-07-17,2018,Energy,Energy,Oil & Gas Supply Chain,Oil & Gas Supply Chain,2.688146768725369,2.5016982124278373,0.18644855629753154,1,market_cap,2018-01-31,2018-06-29,2018,3
SA_288,NB_468,2018-07-17,2018-12-14,2018,Consumer Discretionary,Consumer Discretionary,Retail - Discretionary,Retail - Discretionary,5.547905360954795,5.5288805243797645,0.019024836575030513,1,market_cap,2018-06-29,2018-11-30,2018,1
SA_288,NB_416,2018-07-17,2018-08-02,2018,Consumer Discretionary,Consumer Discretionary,Retail - Discretionary,Retail - Discretionary,5.547905360954795,5.574703630897955,0.026798269943159703,1,market_cap,2018-06-29,2018-07-31,2018,2
SA_288,NB_719,2018-07-17,2018-12-14,2018,Consumer Discretionary,Consumer Discretionary,Retail - Discretionary,Retail - Discretionary,5.547905360954795,5.583473000239381,0.03556763928458562,1,market_cap,2018-06-29,2018-11-30,2018,3
SA_112,NB_2097,2018-08-02,2018-08-02,2018,Energy,Energy,Oil & Gas Supply Chain,Oil & Gas Supply Chain,3.6221491995490993,3.5508723461158844,0.07127685343321488,1,market_cap,2018-07-31,2018-07-31,2018,1
SA_112,NB_1912,2018-08-02,2018-12-14,2018,Energy,Energy,Oil & Gas Supply Chain,Oil & Gas Supply Chain,3.6221491995490993,4.086900255332864,0.46475105578376485,1,market_cap,2018-07-31,2018-11-30,2018,2
SA_112,NB_2209,2018-08-02,2018-12-14,2018,Energy,Energy,Oil & Gas Supply Chain,Oil & Gas Supply Chain,3.6221491995490993,4.396302990811438,0.7741537912623384,1,market_cap,2018-07-31,2018-11-30,2018,3
SA_289,NB_1343,2018-11-27,2018-11-27,2018,Communications,Communications,Telecommunications,Telecommunications,5.175612865322551,5.117851886178038,0.05776097914451217,1,market_cap,2018-10-31,2018-10-31,2018,1
SA_289,NB_1538,2018-11-27,2018-02-17,2018,Communications,Communications,Telecommunications,Telecommunications,5.175612865322551,5.242090871278232,0.06647800595568132,1,market_cap,2018-10-31,2018-01-31,2018,2
SA_289,NB_2015,2018-11-27,2018-02-17,2018,Communications,Communications,Telecommunications,Telecommunications,5.175612865322551,5.271009888174053,0.0953970228515022,1,market_cap,2018-10-31,2018-01-31,2018,3
SA_69,NB_1732,2018-12-14,2018-07-17,2018,Energy,Energy,Oil & Gas Services & Equip,Oil & Gas Services & Equip,4.054310451684175,3.8836111851512274,0.1706992665329472,1,market_cap,2018-11-30,2018-06-29,2018,1
SA_69,NB_1089,2018-12-14,2018-12-14,2018,Energy,Energy,Oil & Gas Services & Equip,Oil & Gas Services & Equip,4.054310451684175,4.373014900700818,0.31870444901664374,1,market_cap,2018-11-30,2018-11-30,2018,2
SA_69,NB_2324,2018-12-14,2018-11-27,2018,Energy,Energy,Oil & Gas Services & Equip,Oil & Gas Services & Equip,4.054310451684175,4.630091065206581,0.5757806135224062,1,market_cap,2018-11-30,2018-10-31,2018,3
SA_194,NB_87,2019-01-01,2019-01-01,2019,Consumer Staples,Consumer Staples,Household Products,Household Products,2.305590572013874,2.3128027148544628,0.007212142840588687,1,market_cap,2018-12-31,2018-12-31,2019,1
SA_194,NB_2482,2019-01-01,2019-11-19,2019,Consumer Staples,Consumer Staples,Household Products,Household Products,2.305590572013874,2.500804604940773,0.19521403292689898,1,market_cap,2018-12-31,2019-10-31,2019,2
SA_194,NB_2780,2019-01-01,2019-01-01,2019,Consumer Staples,Consumer Staples,Household Products,Household Products,2.305590572013874,4.433904882942547,2.1283143109286726,1,market_cap,2018-12-31,2018-12-31,2019,3
SA_227,NB_438,2019-01-14,2019-11-19,2019,Energy,Energy,Oil & Gas Supply Chain,Oil & Gas Supply Chain,0.5591585405566285,1.1454004501668686,0.5862419096102401,1,market_cap,2018-12-31,2019-10-31,2019,1
SA_227,NB_936,2019-01-14,2019-12-11,2019,Energy,Energy,Oil & Gas Supply Chain,Oil & Gas Supply Chain,0.5591585405566285,1.2171061827158989,0.6579476421592704,1,market_cap,2018-12-31,2019-11-29,2019,2
SA_227,NB_1670,2019-01-14,2019-12-11,2019,Energy,Energy,Oil & Gas Supply Chain,Oil & Gas Supply Chain,0.5591585405566285,1.3862943611198906,0.8271358205632621,1,market_cap,2018-12-31,2019-11-29,2019,3
SA_50,NB_1567,2019-02-09,2019-03-20,2019,Materials,Materials,Metals & Mining,Metals & Mining,3.341900211724822,3.336143172024568,0.005757039700254207,1,market_cap,2019-01-31,2019-02-28,2019,1
SA_50,NB_2771,2019-02-09,2019-12-11,2019,Materials,Materials,Metals & Mining,Metals & Mining,3.341900211724822,3.3569145442166084,0.015014332491786408,1,market_cap,2019-01-31,2019-11-29,2019,2
SA_50,NB_2006,2019-02-09,2019-01-14,2019,Materials,Materials,Metals & Mining,Metals & Mining,3.341900211724822,3.4185722276795523,0.07667201595473028,1,market_cap,2019-01-31,2018-12-31,2019,3
SA_193,NB_2505,2019-02-10,2019-10-23,2019,Energy,Energy,Oil & Gas Services & Equip,Oil & Gas Services & Equip,4.76878451531635,4.76159684523668,0.007187670079670028,1,market_cap,2019-01-31,2019-09-30,2019,1
SA_193,NB_2324,2019-02-10,2019-05-13,2019,Energy,Energy,Oil & Gas Services & Equip,Oil & Gas Services & Equip,4.76878451531635,4.7477672360794365,0.02101727923691321,1,market_cap,2019-01-31,2019-04-30,2019,2
SA_193,NB_2744,2019-02-10,2019-10-23,2019,Energy,Energy,Oil & Gas Services & Equip,Oil & Gas Services & Equip,4.76878451531635,4.7150276750869216,0.05375684022942817,1,market_cap,2019-01-31,2019-09-30,2019,3
SA_218,NB_2271,2019-03-20,2019-12-11,2019,Energy,Energy,Oil & Gas Supply Chain,Oil & Gas Supply Chain,4.849924141349698,4.8690586728535905,0.01913453150389266,1,market_cap,2019-02-28,2019-11-29,2019,1
SA_218,NB_681,2019-03-20,2019-02-10,2019,Energy,Energy,Oil & Gas Supply Chain,Oil & Gas Supply Chain,4.849924141349698,4.828164126111105,0.021760015238593056,1,market_cap,2019-02-28,2019-01-31,2019,2
SA_218,NB_2462,2019-03-20,2019-11-19,2019,Energy,Energy,Oil & Gas Supply Chain,Oil & Gas Supply Chain,4.849924141349698,4.8087728517487625,0.04115128960093539,1,market_cap,2019-02-28,2019-10-31,2019,3
SA_241,NB_438,2019-05-13,2019-05-13,2019,Energy,Energy,Oil & Gas Supply Chain,Oil & Gas Supply Chain,2.4001291394955935,2.3991308727665963,0.0009982667289971658,1,market_cap,2019-04-30,2019-04-30,2019,1
SA_241,NB_447,2019-05-13,2019-03-20,2019,Energy,Energy,Oil & Gas Supply Chain,Oil & Gas Supply Chain,2.4001291394955935,2.3937868447538273,0.006342294741766175,1,market_cap,2019-04-30,2019-02-28,2019,2
SA_241,NB_936,2019-05-13,2019-05-13,2019,Energy,Energy,Oil & Gas Supply Chain,Oil & Gas Supply Chain,2.4001291394955935,1.7294761809179164,0.670652958577677,1,market_cap,2019-04-30,2019-04-30,2019,3
SA_104,NB_1814,2019-07-05,2019-01-14,2019,Energy,Energy,Oil & Gas Supply Chain,Oil & Gas Supply Chain,3.0188920045643988,3.006672213592325,0.012219790972073596,1,market_cap,2019-06-28,2018-12-31,2019,1
SA_104,NB_2097,2019-07-05,2019-02-10,2019,Energy,Energy,Oil & Gas Supply Chain,Oil & Gas Supply Chain,3.0188920045643988,3.1055324194528575,0.08664041488845875,1,market_cap,2019-06-28,2019-01-31,2019,2
SA_104,NB_681,2019-07-05,2019-08-20,2019,Energy,Energy,Oil & Gas Supply Chain,Oil & Gas Supply Chain,3.0188920045643988,3.8232529920345453,0.8043609874701465,1,market_cap,2019-06-28,2019-07-31,2019,3
SA_2,NB_1487,2019-08-20,2019-10-23,2019,Energy,Energy,Oil & Gas Supply Chain,Oil & Gas Supply Chain,3.2303655642831712,3.2443408220196335,0.013975257736462243,1,market_cap,2019-07-31,2019-09-30,2019,1
SA_2,NB_2180,2019-08-20,2019-07-05,2019,Energy,Energy,Oil & Gas Supply Chain,Oil & Gas Supply Chain,3.2303655642831712,2.6409840437375345,0.5893815205456368,1,market_cap,2019-07-31,2019-06-28,2019,2
SA_2,NB_693,2019-08-20,2019-12-11,2019,Energy,Energy,Oil & Gas Supply Chain,Oil & Gas Supply Chain,3.2303655642831712,3.8983296782961436,0.6679641140129724,1,market_cap,2019-07-31,2019-11-29,2019,3
SA_119,NB_1498,2019-10-23,2019-08-20,2019,Energy,Energy,Oil & Gas Services & Equip,Oil & Gas Services & Equip,5.905615766768164,5.8968873486072155,0.00872841816094816,1,market_cap,2019-09-30,2019-07-31,2019,1
SA_119,NB_1025,2019-10-23,2019-07-05,2019,Energy,Energy,Oil & Gas Services & Equip,Oil & Gas Services & Equip,5.905615766768164,5.929306390653149,0.023690623884985662,1,market_cap,2019-09-30,2019-06-28,2019,2
SA_119,NB_2489,2019-10-23,2019-07-05,2019,Energy,Energy,Oil & Gas Services & Equip,Oil & Gas Services & Equip,5.905615766768164,5.763654185655427,0.14196158111273682,1,market_cap,2019-09-30,2019-06-28,2019,3
SA_252,NB_904,2019-11-19,2019-08-20,2019,Consumer Discretionary,Consumer Discretionary,Retail - Discretionary,Retail - Discretionary,3.181144881456703,3.079839019517629,0.10130586193907387,1,market_cap,2019-10-31,2019-07-31,2019,1
SA_252,NB_2265,2019-11-19,2019-12-11,2019,Consumer Discretionary,Consumer Discretionary,Retail - Discretionary,Retail - Discretionary,3.181144881456703,3.360712135991197,0.17956725453449396,1,market_cap,2019-10-31,2019-11-29,2019,2
SA_252,NB_1206,2019-11-19,2019-01-14,2019,Consumer Discretionary,Consumer Discretionary,Retail - Discretionary,Retail - Discretionary,3.181144881456703,4.12502571174252,0.943880830285817,1,market_cap,2019-10-31,2018-12-31,2019,3
SA_214,NB_967,2019-12-11,2019-05-13,2019,Materials,Materials,Metals & Mining,Metals & Mining,2.5641567357276,2.560910442784828,0.003246292942771678,1,market_cap,2019-11-29,2019-04-30,2019,1
SA_214,NB_3004,2019-12-11,2019-01-14,2019,Materials,Materials,Metals & Mining,Metals & Mining,2.5641567357276,2.604724650534753,0.04056791480715338,1,market_cap,2019-11-29,2018-12-31,2019,2
SA_214,NB_1567,2019-12-11,2019-01-14,2019,Materials,Materials,Metals & Mining,Metals & Mining,2.5641567357276,2.7262502377461613,0.16209350201856143,1,market_cap,2019-11-29,2018-12-31,2019,3
SA_262,NB_1630,2020-01-08,2020-02-18,2020,Health Care,Health Care,Health Care Facilities & Svcs,Health Care Facilities & Svcs,3.449066486866344,3.4099522787971286,0.039114208069215284,1,market_cap,2019-12-31,2020-01-31,2020,1
SA_262,NB_1440,2020-01-08,2020-05-04,2020,Health Care,Health Care,Health Care Facilities & Svcs,Health Care Facilities & Svcs,3.449066486866344,3.400433756841589,0.04863273002475488,1,market_cap,2019-12-31,2020-04-30,2020,2
SA_262,NB_2573,2020-01-08,2020-04-13,2020,Health Care,Health Care,Health Care Facilities & Svcs,Health Care Facilities & Svcs,3.449066486866344,3.5634919526601108,0.11442546579376689,1,market_cap,2019-12-31,2020-03-31,2020,3
SA_198,NB_728,2020-02-18,2020-03-03,2020,Consumer Discretionary,Consumer Discretionary,Apparel & Textile Products,Apparel & Textile Products,4.766633208211942,4.72912966365112,0.03750354456082139,1,market_cap,2020-01-31,2020-02-28,2020,1
SA_198,NB_1548,2020-02-18,2020-02-18,2020,Consumer Discretionary,Consumer Discretionary,Apparel & Textile Products,Apparel & Textile Products,4.766633208211942,4.715057241389581,0.05157596682236054,1,market_cap,2020-01-31,2020-01-31,2020,2
SA_198,NB_2866,2020-02-18,2020-03-03,2020,Consumer Discretionary,Consumer Discretionary,Apparel & Textile Products,Apparel & Textile Products,4.766633208211942,4.837417769551748,0.07078456133980637,1,market_cap,2020-01-31,2020-02-28,2020,3
SA_56,NB_1551,2020-02-19,2020-01-08,2020,Energy,Energy,Oil & Gas Services & Equip,Oil & Gas Services & Equip,7.1237299954939335,7.131914873949133,0.008184878455199218,1,market_cap,2020-01-31,2019-12-31,2020,1
SA_56,NB_1989,2020-02-19,2020-02-19,2020,Energy,Energy,Oil & Gas Services & Equip,Oil & Gas Services & Equip,7.1237299954939335,7.11291007853284,0.010819916961093412,1,market_cap,2020-01-31,2020-01-31,2020,2
SA_56,NB_830,2020-02-19,2020-01-08,2020,Energy,Energy,Oil & Gas Services & Equip,Oil & Gas Services & Equip,7.1237299954939335,7.108988134584481,0.014741860909452065,1,market_cap,2020-01-31,2019-12-31,2020,3
SA_144,NB_2199,2020-02-20,2020-04-13,2020,Health Care,Health Care,Biotech & Pharma,Biotech & Pharma,5.262706250952056,5.261123158645238,0.0015830923068183012,1,market_cap,2020-01-31,2020-03-31,2020,1
SA_144,NB_1841,2020-02-20,2020-04-13,2020,Health Care,Health Care,Biotech & Pharma,Biotech & Pharma,5.262706250952056,5.272530217671308,0.00982396671925212,1,market_cap,2020-01-31,2020-03-31,2020,2
SA_144,NB_1813,2020-02-20,2020-03-03,2020,Health Care,Health Care,Biotech & Pharma,Biotech & Pharma,5.262706250952056,5.2728985278192875,0.010192276867231342,1,market_cap,2020-01-31,2020-02-28,2020,3
SA_31,NB_1482,2020-03-03,2020-03-03,2020,Consumer Discretionary,Consumer Discretionary,Home & Office Products,Home & Office Products,3.471960241350949,3.4583398694493592,0.013620371901589934,1,market_cap,2020-02-28,2020-02-28,2020,1
SA_31,NB_2854,2020-03-03,2020-04-13,2020,Consumer Discretionary,Consumer Discretionary,Home & Office Products,Home & Office Products,3.471960241350949,3.4964621058879364,0.024501864536987217,1,market_cap,2020-02-28,2020-03-31,2020,2
SA_31,NB_698,2020-03-03,2020-04-13,2020,Consumer Discretionary,Consumer Discretionary,Home & Office Products,Home & Office Products,3.471960241350949,3.8835679738076254,0.41160773245667626,1,market_cap,2020-02-28,2020-03-31,2020,3
SA_188,NB_1168,2020-03-17,2020-05-04,2020,Consumer Staples,Consumer Staples,Tobacco & Cannabis,Tobacco & Cannabis,3.5648032202601687,3.5775539610768985,0.012750740816729778,1,market_cap,2020-02-28,2020-04-30,2020,1
SA_188,NB_3017,2020-03-17,2020-03-17,2020,Consumer Staples,Consumer Staples,Tobacco & Cannabis,Tobacco & Cannabis,3.5648032202601687,3.85230272457213,0.2874995043119615,1,market_cap,2020-02-28,2020-02-28,2020,2
SA_188,NB_3013,2020-03-17,2020-03-17,2020,Consumer Staples,Consumer Staples,Tobacco & Cannabis,Tobacco & Cannabis,3.5648032202601687,4.533370163852226,0.968566943592057,1,market_cap,2020-02-28,2020-02-28,2020,3
SA_231,NB_2182,2020-03-22,2020-05-04,2020,Health Care,Health Care,Health Care Facilities & Svcs,Health Care Facilities & Svcs,2.0211898834070805,2.0411553916863303,0.01996550827924981,1,market_cap,2020-02-28,2020-04-30,2020,1
SA_231,NB_1570,2020-03-22,2020-05-04,2020,Health Care,Health Care,Health Care Facilities & Svcs,Health Care Facilities & Svcs,2.0211898834070805,2.0720014325821414,0.05081154917506092,1,market_cap,2020-02-28,2020-04-30,2020,2
SA_231,NB_2506,2020-03-22,2020-04-13,2020,Health Care,Health Care,Health Care Facilities & Svcs,Health Care Facilities & Svcs,2.0211898834070805,2.919644650876887,0.8984547674698065,1,market_cap,2020-02-28,2020-03-31,2020,3
SA_8,NB_1206,2020-03-25,2020-04-13,2020,Consumer Discretionary,Consumer Discretionary,Retail - Discretionary,Retail - Discretionary,4.956318486126255,4.978772352697043,0.022453866570788072,1,market_cap,2020-02-28,2020-03-31,2020,1
SA_8,NB_2875,2020-03-25,2020-04-13,2020,Consumer Discretionary,Consumer Discretionary,Retail - Discretionary,Retail - Discretionary,4.956318486126255,4.931641147601362,0.024677338524893067,1,market_cap,2020-02-28,2020-03-31,2020,2
SA_8,NB_719,2020-03-25,2020-05-04,2020,Consumer Discretionary,Consumer Discretionary,Retail - Discretionary,Retail - Discretionary,4.956318486126255,4.885414416142283,0.07090406998397203,1,market_cap,2020-02-28,2020-04-30,2020,3
SA_286,NB_2402,2020-03-26,2020-02-20,2020,Industrials,Industrials,Machinery,Machinery,1.3142880251347986,1.4846227089421387,0.17033468380734007,1,market_cap,2020-02-28,2020-01-31,2020,1
SA_286,NB_553,2020-03-26,2020-04-13,2020,Industrials,Industrials,Machinery,Machinery,1.3142880251347986,1.5747843539342212,0.26049632879942264,1,market_cap,2020-02-28,2020-03-31,2020,2
SA_286,NB_2773,2020-03-26,2020-04-13,2020,Industrials,Industrials,Machinery,Machinery,1.3142880251347986,1.8297133546528017,0.5154253295180031,1,market_cap,2020-02-28,2020-03-31,2020,3
SA_100,NB_626,2020-03-31,2020-05-04,2020,Materials,Materials,Metals & Mining,Metals & Mining,5.312555521234549,5.286050434445055,0.026505086789494037,1,market_cap,2020-02-28,2020-04-30,2020,1
SA_100,NB_1850,2020-03-31,2020-04-13,2020,Materials,Materials,Metals & Mining,Metals & Mining,5.312555521234549,5.283962324180425,0.028593197054123998,1,market_cap,2020-02-28,2020-03-31,2020,2
SA_100,NB_1796,2020-03-31,2020-05-04,2020,Materials,Materials,Metals & Mining,Metals & Mining,5.312555521234549,5.245524527352316,0.06703099388223333,1,market_cap,2020-02-28,2020-04-30,2020,3
SA_95,NB_868,2020-04-13,2020-04-13,2020,Energy,Energy,Oil & Gas Services & Equip,Oil & Gas Services & Equip,3.165664903535131,3.119099687504275,0.04656521603085606,1,market_cap,2020-03-31,2020-03-31,2020,1
SA_95,NB_1025,2020-04-13,2020-04-13,2020,Energy,Energy,Oil & Gas Services & Equip,Oil & Gas Services & Equip,3.165664903535131,2.9836242665910233,0.18204063694410788,1,market_cap,2020-03-31,2020-03-31,2020,2
SA_95,NB_1498,2020-04-13,2020-05-04,2020,Energy,Energy,Oil & Gas Services & Equip,Oil & Gas Services & Equip,3.165664903535131,3.470891340663145,0.305226437128014,1,market_cap,2020-03-31,2020-04-30,2020,3
SA_38,NB_156,2020-04-27,2020-04-27,2020,Energy,Energy,Oil & Gas Supply Chain,Oil & Gas Supply Chain,2.898532810176859,3.0567521113799363,0.15821930120307748,1,market_cap,2020-03-31,2020-03-31,2020,1
SA_38,NB_1912,2020-04-27,2020-04-27,2020,Energy,Energy,Oil & Gas Supply Chain,Oil & Gas Supply Chain,2.898532810176859,3.1851659789537266,0.28663316877686773,1,market_cap,2020-03-31,2020-03-31,2020,2
SA_38,NB_693,2020-04-27,2020-04-27,2020,Energy,Energy,Oil & Gas Supply Chain,Oil & Gas Supply Chain,2.898532810176859,3.528710701961115,0.630177891784256,1,market_cap,2020-03-31,2020-03-31,2020,3
SA_226,NB_416,2020-05-04,2020-05-04,2020,Consumer Discretionary,Consumer Discretionary,Retail - Discretionary,Retail - Discretionary,4.389888151810484,4.45959628686502,0.06970813505453588,1,market_cap,2020-04-30,2020-04-30,2020,1
SA_226,NB_446,2020-05-04,2020-05-04,2020,Consumer Discretionary,Consumer Discretionary,Retail - Discretionary,Retail - Discretionary,4.389888151810484,4.223630078858704,0.16625807295178063,1,market_cap,2020-04-30,2020-04-30,2020,2
SA_226,NB_719,2020-05-04,2020-04-27,2020,Consumer Discretionary,Consumer Discretionary,Retail - Discretionary,Retail - Discretionary,4.389888151810484,4.64136710129991,0.2514789494894254,1,market_cap,2020-04-30,2020-03-31,2020,3
SA_54,NB_1464,2021-06-02,2021-06-02,2021,Consumer Discretionary,Consumer Discretionary,Apparel & Textile Products,Apparel & Textile Products,2.5154924325950483,4.238199565857068,1.7227071332620194,1,market_cap,2021-05-31,2021-05-31,2021,1
SA_54,NB_2866,2021-06-02,2021-06-02,2021,Consumer Discretionary,Consumer Discretionary,Apparel & Textile Products,Apparel & Textile Products,2.5154924325950483,4.91239970612168,2.3969072735266317,1,market_cap,2021-05-31,2021-05-31,2021,2
SA_54,NB_2930,2021-06-02,2021-06-02,2021,Consumer Discretionary,Consumer Discretionary,Apparel & Textile Products,Apparel & Textile Products,2.5154924325950483,5.300095285113742,2.784602852518694,1,market_cap,2021-05-31,2021-05-31,2021,3
SA_11,NB_2644,2022-09-12,2022-09-12,2022,Health Care,Health Care,Biotech & Pharma,Biotech & Pharma,5.086471010934415,5.083330459184099,0.003140551750315801,1,market_cap,2022-08-31,2022-08-31,2022,1
SA_11,NB_2876,2022-09-12,2022-09-12,2022,Health Care,Health Care,Biotech & Pharma,Biotech & Pharma,5.086471010934415,5.0819551449543425,0.004515865980072142,1,market_cap,2022-08-31,2022-08-31,2022,2
SA_11,NB_2599,2022-09-12,2022-09-12,2022,Health Care,Health Care,Biotech & Pharma,Biotech & Pharma,5.086471010934415,5.094247009892027,0.0077759989576122734,1,market_cap,2022-08-31,2022-08-31,2022,3
SA_184,NB_1409,2024-05-08,2024-05-08,2024,Communications,Communications,Internet Media & Services,Internet Media & Services,3.032242586118675,3.0424822627429386,0.010239676624263616,1,market_cap,2024-04-30,2024-04-30,2024,1
SA_184,NB_1413,2024-05-08,2024-12-04,2024,Communications,Communications,Internet Media & Services,Internet Media & Services,3.032242586118675,2.901251249904674,0.13099133621400094,1,market_cap,2024-04-30,2024-11-29,2024,2
SA_184,NB_1119,2024-05-08,2024-11-16,2024,Communications,Communications,Internet Media & Services,Internet Media & Services,3.032242586118675,2.716144024232319,0.3160985618863559,1,market_cap,2024-04-30,2024-10-31,2024,3
SA_156,NB_2757,2024-05-09,2024-12-04,2024,Health Care,Health Care,Biotech & Pharma,Biotech & Pharma,2.795914547543278,2.795822954837657,9.159270562086874e-05,1,market_cap,2024-04-30,2024-11-29,2024,1
SA_156,NB_2792,2024-05-09,2024-08-01,2024,Health Care,Health Care,Biotech & Pharma,Biotech & Pharma,2.795914547543278,2.799589644242662,0.0036750966993839285,1,market_cap,2024-04-30,2024-07-31,2024,2
SA_156,NB_1959,2024-05-09,2024-10-01,2024,Health Care,Health Care,Biotech & Pharma,Biotech & Pharma,2.795914547543278,2.792182994498224,0.0037315530450539036,1,market_cap,2024-04-30,2024-09-30,2024,3
SA_294,NB_2240,2024-05-11,2024-07-05,2024,Consumer Discretionary,Consumer Discretionary,Retail - Discretionary,Retail - Discretionary,3.880614894268466,3.864281291442685,0.01633360282578078,1,market_cap,2024-04-30,2024-06-28,2024,1
SA_294,NB_505,2024-05-11,2024-12-04,2024,Consumer Discretionary,Consumer Discretionary,Retail - Discretionary,Retail - Discretionary,3.880614894268466,4.182286755867463,0.3016718615989973,1,market_cap,2024-04-30,2024-11-29,2024,2
SA_294,NB_2132,2024-05-11,2024-09-06,2024,Consumer Discretionary,Consumer Discretionary,Retail - Discretionary,Retail - Discretionary,3.880614894268466,4.282711696518903,0.402096802250437,1,market_cap,2024-04-30,2024-08-30,2024,3
SA_303,NB_1138,2024-05-17,2024-10-01,2024,Energy,Energy,Renewable Energy,Renewable Energy,5.889553076649604,5.967011237132455,0.07745816048285104,1,market_cap,2024-04-30,2024-09-30,2024,1
SA_303,NB_244,2024-05-17,2024-12-04,2024,Energy,Energy,Renewable Energy,Renewable Energy,5.889553076649604,5.9819572456028185,0.09240416895321424,1,market_cap,2024-04-30,2024-11-29,2024,2
SA_303,NB_1010,2024-05-17,2024-06-11,2024,Energy,Energy,Renewable Energy,Renewable Energy,5.889553076649604,6.005791671947778,0.11623859529817349,1,market_cap,2024-04-30,2024-05-31,2024,3
SA_275,NB_25,2024-05-22,2024-08-01,2024,Technology,Technology,IT Services,IT Services,3.111580104575864,3.1084268292718904,0.0031532753039735795,1,market_cap,2024-04-30,2024-07-31,2024,1
SA_275,NB_857,2024-05-22,2024-11-16,2024,Technology,Technology,IT Services,IT Services,3.111580104575864,3.180783434918812,0.06920333034294801,1,market_cap,2024-04-30,2024-10-31,2024,2
SA_275,NB_86,2024-05-22,2024-10-01,2024,Technology,Technology,IT Services,IT Services,3.111580104575864,3.2351742805043195,0.12359417592845556,1,market_cap,2024-04-30,2024-09-30,2024,3
SA_200,NB_1875,2024-06-11,2024-05-22,2024,Consumer Staples,Consumer Staples,Retail - Consumer Staples,Retail - Consumer Staples,4.631848143549422,5.919510599530556,1.2876624559811338,1,market_cap,2024-05-31,2024-04-30,2024,1
SA_200,NB_2860,2024-06-11,2024-07-05,2024,Consumer Staples,Consumer Staples,Retail - Consumer Staples,Retail - Consumer Staples,4.631848143549422,5.967600809655683,1.335752666106261,1,market_cap,2024-05-31,2024-06-28,2024,2
SA_200,NB_1806,2024-06-11,2024-10-01,2024,Consumer Staples,Consumer Staples,Retail - Consumer Staples,Retail - Consumer Staples,4.631848143549422,3.2514088405255057,1.3804393030239162,1,market_cap,2024-05-31,2024-09-30,2024,3
SA_21,NB_1482,2024-06-19,2024-11-16,2024,Consumer Discretionary,Consumer Discretionary,Home & Office Products,Home & Office Products,4.393995965578019,4.511888647099639,0.11789268152161991,1,market_cap,2024-05-31,2024-10-31,2024,1
SA_21,NB_2181,2024-06-19,2024-11-16,2024,Consumer Discretionary,Consumer Discretionary,Home & Office Products,Home & Office Products,4.393995965578019,4.566142414220423,0.1721464486424047,1,market_cap,2024-05-31,2024-10-31,2024,2
SA_21,NB_1556,2024-06-19,2024-11-16,2024,Consumer Discretionary,Consumer Discretionary,Home & Office Products,Home & Office Products,4.393995965578019,4.849132318930298,0.4551363533522794,1,market_cap,2024-05-31,2024-10-31,2024,3
SA_24,NB_1690,2024-06-19,2024-05-22,2024,Technology,Technology,Software,Software,3.998444708594335,4.057057977436084,0.058613268841749555,1,market_cap,2024-05-31,2024-04-30,2024,1
SA_24,NB_521,2024-06-19,2024-12-04,2024,Technology,Technology,Software,Software,3.998444708594335,3.9387895634671004,0.059655145127234466,1,market_cap,2024-05-31,2024-11-29,2024,2
SA_24,NB_752,2024-06-19,2024-05-22,2024,Technology,Technology,Software,Software,3.998444708594335,3.9368073211307317,0.061637387463603144,1,market_cap,2024-05-31,2024-04-30,2024,3
SA_48,NB_2368,2024-06-20,2024-12-04,2024,Consumer Staples,Consumer Staples,Tobacco & Cannabis,Tobacco & Cannabis,3.955823599513053,4.4637575319377625,0.5079339324247094,1,market_cap,2024-05-31,2024-11-29,2024,1
SA_48,NB_3013,2024-06-20,2024-05-22,2024,Consumer Staples,Consumer Staples,Tobacco & Cannabis,Tobacco & Cannabis,3.955823599513053,2.2569180468105907,1.6989055527024624,1,market_cap,2024-05-31,2024-04-30,2024,2
SA_48,NB_1430,2024-06-20,2024-05-22,2024,Consumer Staples,Consumer Staples,Tobacco & Cannabis,Tobacco & Cannabis,3.955823599513053,5.6740892967199805,1.7182656972069275,1,market_cap,2024-05-31,2024-04-30,2024,3
SA_60,NB_890,2024-06-20,2024-10-01,2024,Consumer Staples,Consumer Staples,Food,Food,-0.06688794554163173,-0.17352040084088588,0.10663245529925415,1,market_cap,2024-05-31,2024-09-30,2024,1
SA_60,NB_204,2024-06-20,2024-12-04,2024,Consumer Staples,Consumer Staples,Food,Food,-0.06688794554163173,1.342107336230217,1.4089952817718487,1,market_cap,2024-05-31,2024-11-29,2024,2
SA_60,NB_421,2024-06-20,2024-07-05,2024,Consumer Staples,Consumer Staples,Food,Food,-0.06688794554163173,1.43095697102608,1.497844916567712,1,market_cap,2024-05-31,2024-06-28,2024,3
SA_230,NB_451,2024-06-22,2024-12-04,2024,Consumer Discretionary,Consumer Discretionary,Leisure Facilities & Services,Leisure Facilities & Services,2.239773080582175,2.2387183461655784,0.0010547344165967587,1,market_cap,2024-05-31,2024-11-29,2024,1
SA_230,NB_2474,2024-06-22,2024-08-01,2024,Consumer Discretionary,Consumer Discretionary,Leisure Facilities & Services,Leisure Facilities & Services,2.239773080582175,2.2454219732606715,0.005648892678496331,1,market_cap,2024-05-31,2024-07-31,2024,2
SA_230,NB_2416,2024-06-22,2024-06-22,2024,Consumer Discretionary,Consumer Discretionary,Leisure Facilities & Services,Leisure Facilities & Services,2.239773080582175,2.172920500367218,0.06685258021495732,1,market_cap,2024-05-31,2024-05-31,2024,3
SA_73,NB_554,2024-07-05,2024-12-04,2024,Energy,Energy,Renewable Energy,Renewable Energy,3.4667822302082336,3.436632090784429,0.0301501394238044,1,market_cap,2024-06-28,2024-11-29,2024,1
SA_73,NB_2549,2024-07-05,2024-05-22,2024,Energy,Energy,Renewable Energy,Renewable Energy,3.4667822302082336,3.415754247836972,0.051027982371261604,1,market_cap,2024-06-28,2024-04-30,2024,2
SA_73,NB_1085,2024-07-05,2024-09-06,2024,Energy,Energy,Renewable Energy,Renewable Energy,3.4667822302082336,3.4061086350228633,0.0606735951853703,1,market_cap,2024-06-28,2024-08-30,2024,3
SA_42,NB_2477,2024-07-09,2024-10-01,2024,Energy,Energy,Oil & Gas Supply Chain,Oil & Gas Supply Chain,4.481226965292917,4.478393074620819,0.0028338906720977164,1,market_cap,2024-06-28,2024-09-30,2024,1
SA_42,NB_2870,2024-07-09,2024-06-22,2024,Energy,Energy,Oil & Gas Supply Chain,Oil & Gas Supply Chain,4.481226965292917,4.4857107459507635,0.004483780657846381,1,market_cap,2024-06-28,2024-05-31,2024,2
SA_42,NB_693,2024-07-09,2024-06-22,2024,Energy,Energy,Oil & Gas Supply Chain,Oil & Gas Supply Chain,4.481226965292917,4.450619426139493,0.030607539153423957,1,market_cap,2024-06-28,2024-05-31,2024,3
SA_30,NB_1928,2024-07-23,2024-10-01,2024,Health Care,Health Care,Biotech & Pharma,Biotech & Pharma,4.205960472042435,4.20665934084225,0.0006988687998150667,1,market_cap,2024-06-28,2024-09-30,2024,1
SA_30,NB_2989,2024-07-23,2024-12-04,2024,Health Care,Health Care,Biotech & Pharma,Biotech & Pharma,4.205960472042435,4.205062700156362,0.0008977718860725403,1,market_cap,2024-06-28,2024-11-29,2024,2
SA_30,NB_2481,2024-07-23,2024-08-01,2024,Health Care,Health Care,Biotech & Pharma,Biotech & Pharma,4.205960472042435,4.204628438226922,0.0013320338155127232,1,market_cap,2024-06-28,2024-07-31,2024,3
SA_208,NB_2943,2024-08-01,2024-10-01,2024,Industrials,Industrials,Transportation Equipment,Transportation Equipment,3.0274440961886717,3.0530951109424667,0.025651014753794943,1,market_cap,2024-07-31,2024-09-30,2024,1
SA_208,NB_309,2024-08-01,2024-12-04,2024,Industrials,Industrials,Transportation Equipment,Transportation Equipment,3.0274440961886717,3.2515288641432,0.22408476795452836,1,market_cap,2024-07-31,2024-11-29,2024,2
SA_208,NB_3001,2024-08-01,2024-12-04,2024,Industrials,Industrials,Transportation Equipment,Transportation Equipment,3.0274440961886717,3.522937024061034,0.4954929278723621,1,market_cap,2024-07-31,2024-11-29,2024,3
SA_132,NB_762,2024-08-20,2024-11-16,2024,Industrials,Industrials,Transportation & Logistics,Transportation & Logistics,5.797877370847905,5.7963188109111305,0.0015585599367744507,1,market_cap,2024-07-31,2024-10-31,2024,1
SA_132,NB_2060,2024-08-20,2024-05-22,2024,Industrials,Industrials,Transportation & Logistics,Transportation & Logistics,5.797877370847905,5.818279524778186,0.020402153930280775,1,market_cap,2024-07-31,2024-04-30,2024,2
SA_132,NB_2308,2024-08-20,2024-11-16,2024,Industrials,Industrials,Transportation & Logistics,Transportation & Logistics,5.797877370847905,5.738350071141452,0.05952729970645265,1,market_cap,2024-07-31,2024-10-31,2024,3
SA_242,NB_2276,2024-08-23,2024-10-01,2024,Real Estate,Real Estate,Real Estate Owners & Developers,Real Estate Owners & Developers,1.7326638861691597,1.787768181291582,0.05510429512242232,1,market_cap,2024-07-31,2024-09-30,2024,1
SA_242,NB_586,2024-08-23,2024-12-04,2024,Real Estate,Real Estate,Real Estate Owners & Developers,Real Estate Owners & Developers,1.7326638861691597,3.208008994157314,1.4753451079881545,1,market_cap,2024-07-31,2024-11-29,2024,2
SA_242,NB_2286,2024-08-23,2024-07-23,2024,Real Estate,Real Estate,Real Estate Owners & Developers,Real Estate Owners & Developers,1.7326638861691597,3.5660336241150903,1.8333697379459306,1,market_cap,2024-07-31,2024-06-28,2024,3
SA_133,NB_1630,2024-08-29,2024-09-06,2024,Health Care,Health Care,Health Care Facilities & Svcs,Health Care Facilities & Svcs,3.163528006205209,3.1624197525639777,0.0011082536412314603,1,market_cap,2024-07-31,2024-08-30,2024,1
SA_133,NB_2576,2024-08-29,2024-11-16,2024,Health Care,Health Care,Health Care Facilities & Svcs,Health Care Facilities & Svcs,3.163528006205209,3.1528257619266844,0.01070224427852473,1,market_cap,2024-07-31,2024-10-31,2024,2
SA_133,NB_2573,2024-08-29,2024-10-01,2024,Health Care,Health Care,Health Care Facilities & Svcs,Health Care Facilities & Svcs,3.163528006205209,3.1362982404408837,0.027229765764325453,1,market_cap,2024-07-31,2024-09-30,2024,3
SA_110,NB_895,2024-09-06,2024-09-06,2024,Industrials,Industrials,Electrical Equipment,Electrical Equipment,2.025539584530471,2.0529178787394784,0.027378294209007503,1,market_cap,2024-08-30,2024-08-30,2024,1
SA_110,NB_2915,2024-09-06,2024-07-23,2024,Industrials,Industrials,Electrical Equipment,Electrical Equipment,2.025539584530471,1.9638482941863262,0.06169129034414467,1,market_cap,2024-08-30,2024-06-28,2024,2
SA_110,NB_794,2024-09-06,2024-12-04,2024,Industrials,Industrials,Electrical Equipment,Electrical Equipment,2.025539584530471,1.8797092946260874,0.14583028990438351,1,market_cap,2024-08-30,2024-11-29,2024,3
SA_157,NB_1647,2024-09-06,2024-09-06,2024,Communications,Communications,Internet Media & Services,Internet Media & Services,5.163827228759927,5.148573545572085,0.015253683187841816,1,market_cap,2024-08-30,2024-08-30,2024,1
SA_157,NB_2020,2024-09-06,2024-07-23,2024,Communications,Communications,Internet Media & Services,Internet Media & Services,5.163827228759927,5.2078356111186785,0.0440083823587516,1,market_cap,2024-08-30,2024-06-28,2024,2
SA_157,NB_474,2024-09-06,2024-12-04,2024,Communications,Communications,Internet Media & Services,Internet Media & Services,5.163827228759927,5.093196059568801,0.07063116919112566,1,market_cap,2024-08-30,2024-11-29,2024,3
SA_181,NB_2671,2024-09-10,2024-05-22,2024,Consumer Discretionary,Consumer Discretionary,Retail - Discretionary,Retail - Discretionary,3.7368645323839074,3.6866118851215246,0.050252647262382766,1,market_cap,2024-08-30,2024-04-30,2024,1
SA_181,NB_505,2024-09-10,2024-12-04,2024,Consumer Discretionary,Consumer Discretionary,Retail - Discretionary,Retail - Discretionary,3.7368645323839074,4.182286755867463,0.44542222348355587,1,market_cap,2024-08-30,2024-11-29,2024,2
SA_181,NB_2132,2024-09-10,2024-09-10,2024,Consumer Discretionary,Consumer Discretionary,Retail - Discretionary,Retail - Discretionary,3.7368645323839074,4.282711696518903,0.5458471641349956,1,market_cap,2024-08-30,2024-08-30,2024,3
SA_67,NB_361,2024-09-13,2024-12-04,2024,Health Care,Health Care,Biotech & Pharma,Biotech & Pharma,1.9411416549802043,1.9422319642482468,0.0010903092680425441,1,market_cap,2024-08-30,2024-11-29,2024,1
SA_67,NB_2858,2024-09-13,2024-11-16,2024,Health Care,Health Care,Biotech & Pharma,Biotech & Pharma,1.9411416549802043,1.9387416595767009,0.002399995403503441,1,market_cap,2024-08-30,2024-10-31,2024,2
SA_67,NB_1580,2024-09-13,2024-06-22,2024,Health Care,Health Care,Biotech & Pharma,Biotech & Pharma,1.9411416549802043,1.943550223763689,0.0024085687834847214,1,market_cap,2024-08-30,2024-05-31,2024,3
SA_177,NB_1805,2024-09-18,2024-05-22,2024,Technology,Technology,Technology Hardware,Technology Hardware,2.485947774296411,2.479332811438554,0.006614962857856899,1,market_cap,2024-08-30,2024-04-30,2024,1
SA_177,NB_152,2024-09-18,2024-12-04,2024,Technology,Technology,Technology Hardware,Technology Hardware,2.485947774296411,2.4784525333815353,0.007495240914875634,1,market_cap,2024-08-30,2024-11-29,2024,2
SA_177,NB_601,2024-09-18,2024-12-04,2024,Technology,Technology,Technology Hardware,Technology Hardware,2.485947774296411,2.5018538971747337,0.015906122878322826,1,market_cap,2024-08-30,2024-11-29,2024,3
SA_281,NB_734,2024-09-18,2024-07-23,2024,Industrials,Industrials,Transportation Equipment,Transportation Equipment,5.137807006758195,5.1266466872463505,0.011160319511844818,1,market_cap,2024-08-30,2024-06-28,2024,1
SA_281,NB_2242,2024-09-18,2024-12-04,2024,Industrials,Industrials,Transportation Equipment,Transportation Equipment,5.137807006758195,5.221225176812307,0.08341817005411123,1,market_cap,2024-08-30,2024-11-29,2024,2
SA_281,NB_1321,2024-09-18,2024-05-22,2024,Industrials,Industrials,Transportation Equipment,Transportation Equipment,5.137807006758195,5.421490295044336,0.28368328828614064,1,market_cap,2024-08-30,2024-04-30,2024,3
SA_213,NB_890,2024-09-20,2024-11-16,2024,Consumer Staples,Consumer Staples,Food,Food,0.99783385182755,0.9970593298717053,0.0007745219558447092,1,market_cap,2024-08-30,2024-10-31,2024,1
SA_213,NB_204,2024-09-20,2024-12-04,2024,Consumer Staples,Consumer Staples,Food,Food,0.99783385182755,1.342107336230217,0.3442734844026669,1,market_cap,2024-08-30,2024-11-29,2024,2
SA_213,NB_421,2024-09-20,2024-07-23,2024,Consumer Staples,Consumer Staples,Food,Food,0.99783385182755,1.43095697102608,0.4331231191985301,1,market_cap,2024-08-30,2024-06-28,2024,3
SA_259,NB_2710,2024-09-25,2024-08-29,2024,Health Care,Health Care,Biotech & Pharma,Biotech & Pharma,2.3098883591041655,2.304972241486544,0.004916117617621563,1,market_cap,2024-08-30,2024-07-31,2024,1
SA_259,NB_948,2024-09-25,2024-09-25,2024,Health Care,Health Care,Biotech & Pharma,Biotech & Pharma,2.3098883591041655,2.3047327850515047,0.005155574052660761,1,market_cap,2024-08-30,2024-08-30,2024,2
SA_259,NB_1973,2024-09-25,2024-05-22,2024,Health Care,Health Care,Biotech & Pharma,Biotech & Pharma,2.3098883591041655,2.315827030264972,0.005938671160806486,1,market_cap,2024-08-30,2024-04-30,2024,3
SA_258,NB_2976,2024-10-01,2024-12-04,2024,Materials,Materials,Chemicals,Chemicals,4.0046842252885275,3.6049297490562293,0.3997544762322982,1,market_cap,2024-09-30,2024-11-29,2024,1
SA_258,NB_513,2024-10-01,2024-10-01,2024,Materials,Materials,Chemicals,Chemicals,4.0046842252885275,4.553425210660693,0.5487409853721656,1,market_cap,2024-09-30,2024-09-30,2024,2
SA_258,NB_35,2024-10-01,2024-11-16,2024,Materials,Materials,Chemicals,Chemicals,4.0046842252885275,4.564165883184025,0.5594816578954971,1,market_cap,2024-09-30,2024-10-31,2024,3
SA_175,NB_2641,2024-10-02,2024-08-29,2024,Technology,Technology,Software,Software,5.462811793465224,5.453046736044982,0.009765057420241696,1,market_cap,2024-09-30,2024-07-31,2024,1
SA_175,NB_251,2024-10-02,2024-10-02,2024,Technology,Technology,Software,Software,5.462811793465224,5.478321657220163,0.015509863754939346,1,market_cap,2024-09-30,2024-09-30,2024,2
SA_175,NB_2266,2024-10-02,2024-05-22,2024,Technology,Technology,Software,Software,5.462811793465224,5.4403207081536165,0.02249108531160715,1,market_cap,2024-09-30,2024-04-30,2024,3
SA_124,NB_1027,2024-10-30,2024-09-25,2024,Consumer Discretionary,Consumer Discretionary,Automotive,Automotive,4.338650600118322,4.151296565872043,0.18735403424627872,1,market_cap,2024-09-30,2024-08-30,2024,1
SA_124,NB_1775,2024-10-30,2024-06-22,2024,Consumer Discretionary,Consumer Discretionary,Automotive,Automotive,4.338650600118322,4.605984854055929,0.2673342539376078,1,market_cap,2024-09-30,2024-05-31,2024,2
SA_124,NB_71,2024-10-30,2024-07-23,2024,Consumer Discretionary,Consumer Discretionary,Automotive,Automotive,4.338650600118322,4.891660298337595,0.5530096982192738,1,market_cap,2024-09-30,2024-06-28,2024,3
SA_260,NB_2692,2024-11-16,2024-09-25,2024,Health Care,Health Care,Medical Equipment & Devices,Medical Equipment & Devices,0.5827741230785747,0.6614500938166907,0.07867597073811605,1,market_cap,2024-10-31,2024-08-30,2024,1
SA_260,NB_1941,2024-11-16,2024-10-30,2024,Health Care,Health Care,Medical Equipment & Devices,Medical Equipment & Devices,0.5827741230785747,0.7982276570104527,0.21545353393187805,1,market_cap,2024-10-31,2024-09-30,2024,2
SA_260,NB_1293,2024-11-16,2024-08-29,2024,Health Care,Health Care,Medical Equipment & Devices,Medical Equipment & Devices,0.5827741230785747,0.9258845635454761,0.3431104404669014,1,market_cap,2024-10-31,2024-07-31,2024,3
SA_261,NB_933,2024-11-20,2024-12-04,2024,Health Care,Health Care,Biotech & Pharma,Biotech & Pharma,1.211821919269335,1.2110775060558676,0.0007444132134672987,1,market_cap,2024-10-31,2024-11-29,2024,1
SA_261,NB_2219,2024-11-20,2024-11-20,2024,Health Care,Health Care,Biotech & Pharma,Biotech & Pharma,1.211821919269335,1.2137250957686143,0.001903176499279402,1,market_cap,2024-10-31,2024-10-31,2024,2
SA_261,NB_2405,2024-11-20,2024-10-30,2024,Health Care,Health Care,Biotech & Pharma,Biotech & Pharma,1.211821919269335,1.2139330361201885,0.0021111168508536338,1,market_cap,2024-10-31,2024-09-30,2024,3
SA_170,NB_2984,2024-11-26,2024-12-04,2024,Health Care,Health Care,Biotech & Pharma,Biotech & Pharma,4.158567408539618,4.159848242443761,0.0012808339041434635,1,market_cap,2024-10-31,2024-11-29,2024,1
SA_170,NB_2403,2024-11-26,2024-05-22,2024,Health Care,Health Care,Biotech & Pharma,Biotech & Pharma,4.158567408539618,4.156503692352709,0.002063716186908593,1,market_cap,2024-10-31,2024-04-30,2024,2
SA_170,NB_1108,2024-11-26,2024-11-26,2024,Health Care,Health Care,Biotech & Pharma,Biotech & Pharma,4.158567408539618,4.156359589525695,0.0022078190139227516,1,market_cap,2024-10-31,2024-10-31,2024,3
SA_204,NB_1321,2024-11-27,2024-05-22,2024,Industrials,Industrials,Transportation Equipment,Transportation Equipment,5.477331376099984,5.421490295044336,0.055841081055648445,1,market_cap,2024-10-31,2024-04-30,2024,1
SA_204,NB_2242,2024-11-27,2024-11-27,2024,Industrials,Industrials,Transportation Equipment,Transportation Equipment,5.477331376099984,5.6022239814018,0.12489260530181578,1,market_cap,2024-10-31,2024-10-31,2024,2
SA_204,NB_734,2024-11-27,2024-05-22,2024,Industrials,Industrials,Transportation Equipment,Transportation Equipment,5.477331376099984,5.316791661020282,0.1605397150797021,1,market_cap,2024-10-31,2024-04-30,2024,3
SA_66,NB_2490,2024-12-04,2024-07-23,2024,Materials,Materials,Construction Materials,Construction Materials,0.9572407182031091,4.988147665407807,4.030906947204698,1,market_cap,2024-11-29,2024-06-28,2024,1
SA_66,NB_1953,2024-12-04,2024-05-22,2024,Materials,Materials,Construction Materials,Construction Materials,0.9572407182031091,5.746489092158403,4.789248373955294,1,market_cap,2024-11-29,2024-04-30,2024,2
SA_66,NB_245,2024-12-04,2024-05-22,2024,Materials,Materials,Construction Materials,Construction Materials,0.9572407182031091,7.091821063725716,6.134580345522607,1,market_cap,2024-11-29,2024-04-30,2024,3
SA_169,NB_409,2024-12-12,2024-06-22,2024,Health Care,Health Care,Medical Equipment & Devices,Medical Equipment & Devices,2.285286328415716,2.2789684013930485,0.0063179270226676465,1,market_cap,2024-11-29,2024-05-31,2024,1
SA_169,NB_1962,2024-12-12,2024-09-25,2024,Health Care,Health Care,Medical Equipment & Devices,Medical Equipment & Devices,2.285286328415716,2.277503154626228,0.007783173789488007,1,market_cap,2024-11-29,2024-08-30,2024,2
SA_169,NB_1116,2024-12-12,2024-11-27,2024,Health Care,Health Care,Medical Equipment & Devices,Medical Equipment & Devices,2.285286328415716,2.271816559322409,0.013469769093306994,1,market_cap,2024-11-29,2024-10-31,2024,3
SA_279,NB_842,2024-12-18,2024-11-27,2024,Health Care,Health Care,Biotech & Pharma,Biotech & Pharma,1.4113283788395323,1.411060141765122,0.00026823707441026023,1,market_cap,2024-11-29,2024-10-31,2024,1
SA_279,NB_2512,2024-12-18,2024-10-30,2024,Health Care,Health Care,Biotech & Pharma,Biotech & Pharma,1.4113283788395323,1.4133013666064176,0.001972987766885259,1,market_cap,2024-11-29,2024-09-30,2024,2
SA_279,NB_2700,2024-12-18,2024-07-23,2024,Health Care,Health Care,Biotech & Pharma,Biotech & Pharma,1.4113283788395323,1.4067340403573467,0.0045943384821856,1,market_cap,2024-11-29,2024-06-28,2024,3
SA_228,NB_36,2024-12-25,2024-10-30,2024,Health Care,Health Care,Health Care Facilities & Svcs,Health Care Facilities & Svcs,0.6110147910213262,0.6109605095719982,5.428144932795309e-05,1,market_cap,2024-11-29,2024-09-30,2024,1
SA_228,NB_1429,2024-12-25,2024-05-22,2024,Health Care,Health Care,Health Care Facilities & Svcs,Health Care Facilities & Svcs,0.6110147910213262,1.0035687399812157,0.3925539489598895,1,market_cap,2024-11-29,2024-04-30,2024,2
SA_228,NB_1440,2024-12-25,2024-05-22,2024,Health Care,Health Care,Health Care Facilities & Svcs,Health Care Facilities & Svcs,0.6110147910213262,1.0090522119554661,0.39803742093413996,1,market_cap,2024-11-29,2024-04-30,2024,3
SA_284,NB_1614,2024-12-26,2024-08-29,2024,Consumer Staples,Consumer Staples,Food,Food,3.1508367840543925,3.137444486826975,0.013392297227417416,1,market_cap,2024-11-29,2024-07-31,2024,1
SA_284,NB_2312,2024-12-26,2024-05-22,2024,Consumer Staples,Consumer Staples,Food,Food,3.1508367840543925,3.1183303648681426,0.03250641918624986,1,market_cap,2024-11-29,2024-04-30,2024,2
SA_284,NB_1842,2024-12-26,2024-11-27,2024,Consumer Staples,Consumer Staples,Food,Food,3.1508367840543925,3.3438648350149105,0.193028050960518,1,market_cap,2024-11-29,2024-10-31,2024,3
SA_43,NB_1397,2024-12-28,2024-12-28,2024,Technology,Technology,Software,Software,1.5353607090377845,1.5066075266298993,0.02875318240788527,1,market_cap,2024-11-29,2024-11-29,2024,1
SA_43,NB_2751,2024-12-28,2024-08-29,2024,Technology,Technology,Software,Software,1.5353607090377845,1.5664469006290052,0.031086191591220613,1,market_cap,2024-11-29,2024-07-31,2024,2
SA_43,NB_2062,2024-12-28,2024-08-29,2024,Technology,Technology,Software,Software,1.5353607090377845,1.569490535324506,0.034129826286721565,1,market_cap,2024-11-29,2024-07-31,2024,3
SA_141,NB_1201,2025-01-04,2025-02-13,2025,Health Care,Health Care,Biotech & Pharma,Biotech & Pharma,1.732681567290143,1.7309296180201759,0.0017519492699671346,1,market_cap,2024-12-31,2025-01-31,2025,1
SA_141,NB_1867,2025-01-04,2025-01-04,2025,Health Care,Health Care,Biotech & Pharma,Biotech & Pharma,1.732681567290143,1.7194754736428897,0.013206093647253336,1,market_cap,2024-12-31,2024-12-31,2025,2
SA_141,NB_202,2025-01-04,2025-03-12,2025,Health Care,Health Care,Biotech & Pharma,Biotech & Pharma,1.732681567290143,1.7176284198849798,0.01505314740516317,1,market_cap,2024-12-31,2025-02-28,2025,3
SA_196,NB_2827,2025-01-21,2025-04-30,2025,Health Care,Health Care,Biotech & Pharma,Biotech & Pharma,0.47405789957377614,0.46222344192677317,0.011834457647002972,1,market_cap,2024-12-31,2025-03-31,2025,1
SA_196,NB_1201,2025-01-21,2025-04-30,2025,Health Care,Health Care,Biotech & Pharma,Biotech & Pharma,0.47405789957377614,0.519448341056876,0.04539044148309984,1,market_cap,2024-12-31,2025-03-31,2025,2
SA_196,NB_1323,2025-01-21,2025-04-30,2025,Health Care,Health Care,Biotech & Pharma,Biotech & Pharma,0.47405789957377614,0.4266393433395709,0.04741855623420527,1,market_cap,2024-12-31,2025-03-31,2025,3
SA_291,NB_1583,2025-01-21,2025-02-13,2025,Consumer Discretionary,Consumer Discretionary,Automotive,Automotive,3.4376932318999955,2.6834705821278195,0.754222649772176,1,market_cap,2024-12-31,2025-01-31,2025,1
SA_291,NB_1027,2025-01-21,2025-04-30,2025,Consumer Discretionary,Consumer Discretionary,Automotive,Automotive,3.4376932318999955,4.566038428878104,1.1283451969781089,1,market_cap,2024-12-31,2025-03-31,2025,2
SA_291,NB_71,2025-01-21,2025-03-12,2025,Consumer Discretionary,Consumer Discretionary,Automotive,Automotive,3.4376932318999955,5.262173993522804,1.8244807616228087,1,market_cap,2024-12-31,2025-02-28,2025,3
SA_273,NB_1681,2025-01-22,2025-01-22,2025,Health Care,Health Care,Biotech & Pharma,Biotech & Pharma,2.1796714180886303,2.1726700107726122,0.00700140731601806,1,market_cap,2024-12-31,2024-12-31,2025,1
SA_273,NB_2673,2025-01-22,2025-01-22,2025,Health Care,Health Care,Biotech & Pharma,Biotech & Pharma,2.1796714180886303,2.188856327665703,0.00918490957707263,1,market_cap,2024-12-31,2024-12-31,2025,2
SA_273,NB_17,2025-01-22,2025-03-12,2025,Health Care,Health Care,Biotech & Pharma,Biotech & Pharma,2.1796714180886303,2.1921450315929207,0.012473613504290437,1,market_cap,2024-12-31,2025-02-28,2025,3
SA_197,NB_1023,2025-02-13,2025-04-30,2025,Health Care,Health Care,Medical Equipment & Devices,Medical Equipment & Devices,3.520732954801285,3.524520597694154,0.0037876428928691475,1,market_cap,2025-01-31,2025-03-31,2025,1
SA_197,NB_638,2025-02-13,2025-02-13,2025,Health Care,Health Care,Medical Equipment & Devices,Medical Equipment & Devices,3.520732954801285,3.514719500640612,0.006013454160672893,1,market_cap,2025-01-31,2025-01-31,2025,2
SA_197,NB_1769,2025-02-13,2025-03-12,2025,Health Care,Health Care,Medical Equipment & Devices,Medical Equipment & Devices,3.520732954801285,3.5381379564157682,0.01740500161448333,1,market_cap,2025-01-31,2025-02-28,2025,3
SA_217,NB_2719,2025-02-20,2025-02-20,2025,Technology,Technology,Software,Software,1.2109285568919417,1.1359080734118066,0.07502048348013513,1,market_cap,2025-01-31,2025-01-31,2025,1
SA_217,NB_2751,2025-02-20,2025-04-30,2025,Technology,Technology,Software,Software,1.2109285568919417,1.3288241339653406,0.11789557707339893,1,market_cap,2025-01-31,2025-03-31,2025,2
SA_217,NB_1200,2025-02-20,2025-01-22,2025,Technology,Technology,Software,Software,1.2109285568919417,1.08417524087034,0.12675331602160167,1,market_cap,2025-01-31,2024-12-31,2025,3
SA_103,NB_1026,2025-03-12,2025-03-12,2025,Energy,Energy,Renewable Energy,Renewable Energy,5.334752472729013,5.2873064684922415,0.0474460042367717,1,market_cap,2025-02-28,2025-02-28,2025,1
SA_103,NB_1010,2025-03-12,2025-01-22,2025,Energy,Energy,Renewable Energy,Renewable Energy,5.334752472729013,5.219627992705024,0.11512448002398923,1,market_cap,2025-02-28,2024-12-31,2025,2
SA_103,NB_2844,2025-03-12,2025-03-12,2025,Energy,Energy,Renewable Energy,Renewable Energy,5.334752472729013,5.214880864798055,0.11987160793095786,1,market_cap,2025-02-28,2025-02-28,2025,3
SA_278,NB_1241,2025-03-22,2025-03-22,2025,Technology,Technology,Software,Software,0.9467423393299835,0.9271911063424434,0.019551232987540135,1,market_cap,2025-02-28,2025-02-28,2025,1
SA_278,NB_278,2025-03-22,2025-02-20,2025,Technology,Technology,Software,Software,0.9467423393299835,0.9765576426608039,0.029815303330820386,1,market_cap,2025-02-28,2025-01-31,2025,2
SA_278,NB_1073,2025-03-22,2025-01-22,2025,Technology,Technology,Software,Software,0.9467423393299835,0.9969117338417706,0.050169394511787035,1,market_cap,2025-02-28,2024-12-31,2025,3
SA_195,NB_3023,2025-03-27,2025-04-30,2025,Communications,Communications,Advertising & Marketing,Advertising & Marketing,1.6700437105439587,1.5107881624677162,0.15925554807624254,1,market_cap,2025-02-28,2025-03-31,2025,1
SA_195,NB_840,2025-03-27,2025-04-30,2025,Communications,Communications,Advertising & Marketing,Advertising & Marketing,1.6700437105439587,2.4319013644641023,0.7618576539201436,1,market_cap,2025-02-28,2025-03-31,2025,2
SA_195,NB_2601,2025-03-27,2025-01-22,2025,Communications,Communications,Advertising & Marketing,Advertising & Marketing,1.6700437105439587,2.8183087020222284,1.1482649914782697,1,market_cap,2025-02-28,2024-12-31,2025,3
SA_216,NB_1409,2025-04-30,2025-01-22,2025,Communications,Communications,Internet Media & Services,Internet Media & Services,2.0499226136433046,1.9876277424071818,0.06229487123612287,1,market_cap,2025-03-31,2024-12-31,2025,1
SA_216,NB_1930,2025-04-30,2025-01-22,2025,Communications,Communications,Internet Media & Services,Internet Media & Services,2.0499226136433046,2.1714052190952002,0.1214826054518956,1,market_cap,2025-03-31,2024-12-31,2025,2
SA_216,NB_1119,2025-04-30,2025-02-20,2025,Communications,Communications,Internet Media & Services,Internet Media & Services,2.0499226136433046,2.7635732043128263,0.7136505906695216,1,market_cap,2025-03-31,2025-01-31,2025,3
