company_id,event_id,bankruptcy_date,prediction_date,target,sector,industry,prediction_year,total_assets,total_liabilities,total_debt,short_term_debt,long_term_debt,cash_short_term_investments,current_assets,current_liabilities,shareholders_equity,accounts_receivable,inventory,working_capital,revenue,ebit,ebitda,net_income,interest_expense,depreciation_amortization,operating_cash_flow,capital_expenditures,free_cash_flow,adjusted_price,market_cap,shares_outstanding,volume,turnover,total_assets_missing,total_liabilities_missing,total_debt_missing,short_term_debt_missing,long_term_debt_missing,cash_short_term_investments_missing,current_assets_missing,current_liabilities_missing,shareholders_equity_missing,accounts_receivable_missing,inventory_missing,working_capital_missing,revenue_missing,ebit_missing,ebitda_missing,net_income_missing,interest_expense_missing,depreciation_amortization_missing,operating_cash_flow_missing,capital_expenditures_missing,free_cash_flow_missing,adjusted_price_missing,market_cap_missing,shares_outstanding_missing,volume_missing,turnover_missing,matched_pair_links,event_type,outcome_end_date,outcome_complete,company_type,ticker,name,bloomberg_identifier,financial_cutoff_date,financial_reference_date,financial_field_count,financial_age_days,days_between_prediction_and_financial_statement,market_adjusted_price_reference_date,market_adjusted_price_days_before_prediction,market_market_cap_reference_date,market_market_cap_days_before_prediction,market_shares_outstanding_reference_date,market_shares_outstanding_days_before_prediction,market_turnover_reference_date,market_turnover_days_before_prediction,market_volume_reference_date,market_volume_days_before_prediction,market_reference_date,market_age_days,market_field_count,days_between_prediction_and_market_data,market_monthly_price_00,market_monthly_price_date_00,market_monthly_price_01,market_monthly_price_date_01,market_monthly_price_02,market_monthly_price_date_02,market_monthly_price_03,market_monthly_price_date_03,market_monthly_price_04,market_monthly_price_date_04,market_monthly_price_05,market_monthly_price_date_05,market_monthly_price_06,market_monthly_price_date_06,market_monthly_price_07,market_monthly_price_date_07,market_monthly_price_08,market_monthly_price_date_08,market_monthly_price_09,market_monthly_price_date_09,market_monthly_price_10,market_monthly_price_date_10,market_monthly_price_11,market_monthly_price_date_11,market_monthly_price_12,market_monthly_price_date_12,market_history_months_before,market_history_months_used,market_history_contiguous,market_history_recent,market_history_eligible,market_history_start_date,market_history_end_date,macro_reference_date,macro_age_days,macro_field_count,log_total_assets,log_market_cap,signed_log_working_capital,signed_log_ebit,signed_log_ebitda,signed_log_net_income,signed_log_interest_expense,signed_log_operating_cash_flow,signed_log_capital_expenditures,signed_log_free_cash_flow
NB_2249,NB_2249@1998-06-18,,1998-06-18,0,Consumer Discretionary,Leisure Facilities & Services,1998,24.31,13.089,7.904,0.115,7.789,2.037,12.312,4.514,,7.304,2.224,7.798,69.003,7.402,8.109,4.528,0.662,,5.425,-0.628,4.797,5.6875,72.4815,12.744,1235600.0,7199746.0,0,0,0,0,0,0,0,0,1,0,0,0,0,0,0,0,0,1,0,0,0,0,0,0,0,0,1,nonbankruptcy_candidate,1999-06-18,True,nonbankrupt,RAVE,Rave Restaurant Group Inc. Common Stock,RAVE US Equity,1998-03-20,1997-06-29,19,354,354,1998-05-29,20,1998-05-29,20.0,1998-05-29,20.0,1998-05-29,20.0,1998-05-29,20,1998-05-29,20,5,20,5.6875,1998-05-29,5.6875,1998-04-30,5.4063,1998-03-31,5.3125,1998-02-27,5.5,1998-01-30,5.625,1997-12-31,5.3125,1997-11-28,5.75,1997-10-31,4.875,1997-09-30,4.25,1997-08-29,4.125,1997-07-31,4.0,1997-06-30,3.375,1997-05-30,58,13,True,True,True,1997-05-30,1998-05-29,1998-06-18,0,8,3.2311995745570328,4.297033673856586,2.174524422926528,2.1284697727471906,2.209262935762673,1.7098260864653687,0.5080216964332566,1.8601966307812834,-0.48735226758034855,1.7573405423575958
NB_904,NB_904@1998-06-18,,1998-06-18,0,Consumer Discretionary,Retail - Discretionary,1998,6.775,3.763,2.326,0.759,1.567,1.258,4.359,1.967,,0.134,1.034,2.392,12.927,0.515,0.607,1.115,0.23,0.092,1.181,-0.081,1.1,2.75,11.4153,4.151,18400.0,46706.25,0,0,0,0,0,0,0,0,1,0,0,0,0,0,0,0,0,0,0,0,0,0,0,0,0,0,1,nonbankruptcy_candidate,1999-06-18,True,nonbankrupt,ELA,Envela Corporation Common Stock,ELA US Equity,1998-03-20,1997-12-31,20,169,169,1998-05-29,20,1998-05-29,20.0,1998-05-29,20.0,1998-05-29,20.0,1998-05-29,20,1998-05-29,20,5,20,2.75,1998-05-29,2.625,1998-04-30,2.5,1998-03-31,2.75,1998-02-27,2.8125,1998-01-30,2.75,1997-12-31,2.25,1997-11-28,2.5,1997-10-31,2.0,1997-09-30,1.9375,1997-08-29,2.125,1997-07-31,1.75,1997-06-30,1.625,1997-05-30,60,13,True,True,True,1997-05-30,1998-05-29,1998-06-18,0,8,2.0509134580652977,2.5189295829855354,1.2214197179296566,0.4154154389613325,0.47436908675537554,0.7490548124982412,0.20701416938432615,0.779783487219492,-0.07788653865707124,0.7419373447293773
SA_222,SA_222@1998-06-18,1998-09-16,1998-06-18,1,Consumer Discretionary,Retail - Discretionary,1998,222.355,147.214,72.866,0.0,72.866,0.0,123.444,58.364,,18.186,92.053,65.08,508.065,-26.331,-16.234,-33.551,5.598,10.097,-34.769,-9.014,-43.783,2.0,34.878,17.439,525500.0,1224128.0,0,0,0,0,0,0,0,0,1,0,0,0,0,0,0,0,0,0,0,0,0,0,0,0,0,0,2,bankruptcy,1999-06-18,True,bankrupt,SNTVQ,"Sun Television and Appliances, Inc.",SNTVQ US Equity,1998-03-20,1998-02-28,20,110,110,1998-05-29,20,1998-05-29,20.0,1998-05-29,20.0,1998-05-29,20.0,1998-05-29,20,1998-05-29,20,5,20,2.0,1998-05-29,2.5313,1998-04-30,2.4375,1998-03-31,2.3125,1998-02-27,1.7188,1998-01-30,2.0,1997-12-31,2.3438,1997-11-28,2.75,1997-10-31,2.9375,1997-09-30,2.4688,1997-08-29,2.0313,1997-07-31,1.9688,1997-06-30,2.0,1997-05-30,60,13,True,True,True,1997-05-30,1998-05-29,1998-06-18,0,8,5.408762433936632,3.580124294276899,4.190866129212723,-3.308021589098613,-2.846884176817575,-3.54243649335488,1.8867665728063896,-3.5770815964921048,-2.303984113907753,-3.8018286031204345
NB_2102,NB_2102@1998-07-07,,1998-07-07,0,Consumer Discretionary,Leisure Facilities & Services,1998,158.878,105.022,80.336,0.204,80.132,21.854,29.024,13.798,,2.257,0.0,15.226,111.536,12.172,16.212,2.287,4.591,3.193,10.678,-29.196,-18.518,0.4274,114.6173,60.624,8039600.0,15870940.0,0,0,0,0,0,0,0,0,1,0,0,0,0,0,0,0,0,0,0,0,0,0,0,0,0,0,1,nonbankruptcy_candidate,1999-07-07,True,nonbankrupt,PENN,PENN Entertainment Inc. Common Stock,PENN US Equity,1998-04-08,1997-12-31,20,188,188,1998-06-30,7,1998-06-30,7.0,1998-06-30,7.0,1998-06-30,7.0,1998-06-30,7,1998-06-30,7,5,7,0.4274,1998-06-30,0.5015,1998-05-29,0.6004,1998-04-30,0.6252,1998-03-31,0.5686,1998-02-27,0.5863,1998-01-30,0.551,1997-12-31,0.6499,1997-11-28,0.9077,1997-10-31,1.0525,1997-09-30,1.0031,1997-08-29,0.9183,1997-07-31,0.8406,1997-06-30,50,13,True,True,True,1997-06-30,1998-06-30,1998-07-07,0,8,5.074411024382843,4.750285599020477,2.786614893972873,2.578093364514118,2.845606814976353,1.1899752946820823,1.7211581620445082,2.457706729861346,-3.4077094652773785,-2.9713371167192695
NB_688,NB_688@1998-07-07,,1998-07-07,0,Consumer Discretionary,Retail - Discretionary,1998,38.237,2.524,0.0,0.0,0.0,21.118,36.651,2.124,,0.346,0.0,34.527,0.0,-4.721,-4.553,8.86,0.069,,-1.283,-1.076,-2.359,2.4792,35.5847,14.3535,1811700.0,5379425.0,0,0,0,0,0,0,0,0,1,0,0,0,0,0,0,0,0,1,0,0,0,0,0,0,0,0,1,nonbankruptcy_candidate,1999-07-07,True,nonbankrupt,CRMT,America's Car-Mart Inc Common Stock,CRMT US Equity,1998-04-08,1997-04-30,19,433,433,1998-06-30,7,1998-06-30,7.0,1998-06-30,7.0,1998-06-30,7.0,1998-06-30,7,1998-06-30,7,5,7,2.4792,1998-06-30,2.9583,1998-05-29,2.8333,1998-04-30,2.0208,1998-03-31,2.0104,1998-02-27,2.0833,1998-01-30,2.0417,1997-12-31,2.1667,1997-11-28,2.0833,1997-10-31,2.2917,1997-09-30,1.875,1997-08-29,1.6771,1997-07-31,1.5833,1997-06-30,61,13,True,True,True,1997-06-30,1998-06-30,1998-07-07,0,8,3.669620179175125,3.5996301202203718,3.5702929707798914,-1.7441436152863916,-1.7143383222594701,2.288486168614544,0.06672363204290818,-0.8254903675476585,-0.7304429653036423,-1.2116433106301556
NB_872,NB_872@1998-07-07,,1998-07-07,0,Consumer Discretionary,Retail - Discretionary,1998,116.399,29.328,9.828,9.828,0.0,1.473,71.432,29.328,,0.115,54.972,42.104,265.726,-38.533,-27.299,-29.063,0.851,11.234,-7.029,-7.762,-14.791,1.5625,24.5922,15.739,982600.0,1616739.0,0,0,0,0,0,0,0,0,1,0,0,0,0,0,0,0,0,0,0,0,0,0,0,0,0,0,1,nonbankruptcy_candidate,1999-07-07,True,nonbankrupt,DXLG,Destination XL Group Inc. Common Stock,DXLG US Equity,1998-04-08,1998-01-31,20,157,157,1998-06-30,7,1998-06-30,7.0,1998-06-30,7.0,1998-06-30,7.0,1998-06-30,7,1998-06-30,7,5,7,1.5625,1998-06-30,1.5,1998-05-29,2.125,1998-04-30,2.0,1998-03-31,2.2188,1998-02-27,2.1875,1998-01-30,3.0,1997-12-31,3.375,1997-11-28,4.375,1997-10-31,4.75,1997-09-30,4.1875,1997-08-29,5.0,1997-07-31,4.875,1997-06-30,61,13,True,True,True,1997-06-30,1998-06-30,1998-07-07,0,8,4.765578389470154,3.2422876175588495,3.7636158002279534,-3.6771357661567645,-3.3428264683358258,-3.4032951797443016,0.6157260335913605,-2.083059987202547,-2.170424189391707,-2.759440157484506
SA_187,SA_187@1998-07-07,1998-10-05,1998-07-07,1,Consumer Discretionary,Leisure Facilities & Services,1998,2005.127,948.822,763.462,0.0,763.462,90.559,124.374,132.531,,13.894,16.132,-8.157,462.368,-34.326,11.57,-223.892,38.209,,58.189,-44.743,13.446,1.5938,113.8957,71.464,54751900.0,101777600.0,0,0,0,0,0,0,0,0,1,0,0,0,0,0,0,0,0,1,0,0,0,0,0,0,0,0,2,bankruptcy,1999-07-07,True,bankrupt,BOST,"Boston Chicken, Inc.",BCHXQ US Equity,1998-04-08,1997-12-31,19,188,188,1998-06-30,7,1998-06-30,7.0,1998-06-30,7.0,1998-06-30,7.0,1998-06-30,7,1998-06-30,7,5,7,1.5938,1998-06-30,2.0313,1998-05-29,4.2813,1998-04-30,5.0313,1998-03-31,6.9375,1998-02-27,6.125,1998-01-30,6.4375,1997-12-31,8.0313,1997-11-28,8.9375,1997-10-31,14.75,1997-09-30,12.3125,1997-08-29,13.0625,1997-07-31,14.0,1997-06-30,56,13,True,True,True,1997-06-30,1998-06-30,1998-07-07,0,8,7.603961276587674,4.744024760307597,-2.2145186141255953,-3.5646192367332517,2.531313022602156,-5.415620286967543,3.6689063122809795,4.080735713814182,-3.823038774550519,2.670417559628655
NB_1547,NB_1547@1998-09-28,,1998-09-28,0,Consumer Discretionary,Retail - Discretionary,1998,166.526,128.649,111.943,85.385,26.558,18.454,119.887,96.017,,8.82,89.845,23.87,319.795,11.638,14.121,5.959,3.004,1.169,19.808,-8.801,11.007,11.0,112.1089,6.08172,395800.0,6071522.0,0,0,0,0,0,0,0,0,1,0,0,0,0,0,0,0,0,0,0,0,0,0,0,0,0,0,1,nonbankruptcy_candidate,1999-09-28,True,nonbankrupt,LAD,Lithia Motors Inc. Common Stock,LAD US Equity,1998-06-30,1997-12-31,20,271,271,1998-08-31,28,1998-08-31,28.0,1998-08-31,28.0,1998-08-31,28.0,1998-08-31,28,1998-08-31,28,5,28,11.0,1998-08-31,17.0,1998-07-31,14.75,1998-06-30,14.0,1998-05-29,15.0,1998-04-30,16.75,1998-03-31,16.0,1998-02-27,14.25,1998-01-30,14.75,1997-12-31,16.0,1997-11-28,17.375,1997-10-31,13.875,1997-09-30,11.75,1997-08-29,21,13,True,True,True,1997-08-29,1998-08-31,1998-09-28,0,8,5.121138563099739,4.728351071449586,3.2136622578153133,2.5367081483512637,2.716084506130532,1.9400357858627129,1.387293861452974,3.0353375281463504,-2.2824844212870428,2.4854898130485807
SA_135,SA_135@1998-09-28,1998-12-27,1998-09-28,1,Consumer Discretionary,Retail - Discretionary,1998,466.549,418.051,336.565,1.008,335.557,0.345,274.222,78.253,,4.654,185.047,195.969,528.634,-37.364,-27.524,-111.297,30.395,9.84,-34.497,-11.164,-45.661,0.6875,14.0181,20.39,881600.0,790262.5,0,0,0,0,0,0,0,0,1,0,0,0,0,0,0,0,0,0,0,0,0,0,0,0,0,0,2,bankruptcy,1999-09-28,True,bankrupt,JSIBQ,"JumboSports, Inc.",JSIBQ US Equity,1998-06-30,1998-01-30,20,241,241,1998-08-31,28,1998-08-31,28.0,1998-08-31,28.0,1998-08-31,28.0,1998-08-31,28,1998-08-31,28,5,28,0.6875,1998-08-31,1.0625,1998-07-31,1.125,1998-06-30,1.3125,1998-05-29,1.5625,1998-04-30,1.625,1998-03-31,1.75,1998-02-27,1.75,1998-01-30,1.4375,1997-12-31,2.875,1997-11-28,3.0,1997-10-31,3.5,1997-09-30,3.5,1997-08-29,60,13,True,True,True,1997-08-29,1998-08-31,1998-09-28,0,8,6.147504156070485,2.7092561403317785,5.283046355949449,-3.6471195198657047,-3.3507458381660573,-4.721147147229064,3.4466486445660727,-3.5694481858681955,-2.498480769815118,-3.8429086979967204
NB_1617,NB_1617@1998-11-13,,1998-11-13,0,Technology,Technology Hardware,1998,214.4191,81.8592,9.0178,5.9908,3.027,72.281,182.6379,78.2438,,62.9154,32.3742,104.3941,390.3087,16.3154,29.6974,15.4593,0.5301,13.382,43.4821,-13.0156,30.4665,1.25,,,1136800.0,1298456.0,0,0,0,0,0,0,0,0,1,0,0,0,0,0,0,0,0,0,0,0,0,0,1,1,0,0,1,nonbankruptcy_candidate,1999-11-13,True,nonbankrupt,LOGI,Logitech International S.A. Ordinary Shares,LOGI US Equity,1998-08-15,1998-03-31,20,227,227,1998-10-30,14,,,,,1998-10-30,14.0,1998-10-30,14,1998-10-30,14,3,14,1.25,1998-10-30,1.1563,1998-09-30,1.4063,1998-08-31,1.6563,1998-07-31,1.7031,1998-06-30,1.8281,1998-05-29,1.7969,1998-04-30,1.9844,1998-03-31,1.9375,1998-02-27,1.9531,1998-01-30,1.875,1997-12-31,2.125,1997-11-28,2.0469,1997-10-31,20,13,True,True,True,1997-10-31,1998-10-30,1998-11-13,0,8,5.372585433028835,,4.657706657310877,2.8515962789447578,3.424177960452958,2.800890667005607,0.42533309274563075,3.7950868610580804,-2.6401709949740106,3.448923487859149
NB_2446,NB_2446@1998-11-13,,1998-11-13,0,Consumer Discretionary,Retail - Discretionary,1998,96.201,24.592,7.591,1.458,6.133,1.571,64.232,15.343,71.609,0.781,60.091,48.889,246.52,13.129,18.883,7.391,0.912,,10.615,-7.493,3.122,3.0833,121.8132,39.507,1355400.0,3884606.0,0,0,0,0,0,0,0,0,0,0,0,0,0,0,0,0,0,1,0,0,0,0,0,0,0,0,1,nonbankruptcy_candidate,1999-11-13,True,nonbankrupt,SHOE,Shoe Station Group Inc. Common Stock,SHOE US Equity,1998-08-15,1998-01-31,20,286,286,1998-10-30,14,1998-10-30,14.0,1998-10-30,14.0,1998-10-30,14.0,1998-10-30,14,1998-10-30,14,5,14,3.0833,1998-10-30,3.0833,1998-09-30,2.8333,1998-08-31,3.5417,1998-07-31,4.625,1998-06-30,4.6667,1998-05-29,3.7917,1998-04-30,3.5833,1998-03-31,3.5417,1998-02-27,2.7917,1998-01-30,2.7083,1997-12-31,3.0,1997-11-28,2.625,1997-10-31,65,13,True,True,True,1997-10-31,1998-10-30,1998-11-13,0,8,4.576780999479315,4.810664501792884,3.909800537575047,2.648229422783671,2.989865095275944,2.1271597028879325,0.6481498146292096,2.4522973662223726,-2.139242294797872,1.4163384824682672
NB_872,NB_872@1998-11-13,,1998-11-13,0,Consumer Discretionary,Retail - Discretionary,1998,116.399,29.328,9.828,9.828,0.0,1.473,71.432,29.328,,0.115,54.972,42.104,265.726,-38.533,-27.299,-29.063,0.851,11.234,-7.029,-7.762,-14.791,1.0,15.864,15.864,851400.0,630900.0,0,0,0,0,0,0,0,0,1,0,0,0,0,0,0,0,0,0,0,0,0,0,0,0,0,0,1,nonbankruptcy_candidate,1999-11-13,True,nonbankrupt,DXLG,Destination XL Group Inc. Common Stock,DXLG US Equity,1998-08-15,1998-01-31,20,286,286,1998-10-30,14,1998-10-30,14.0,1998-10-30,14.0,1998-10-30,14.0,1998-10-30,14,1998-10-30,14,5,14,1.0,1998-10-30,0.6875,1998-09-30,1.1875,1998-08-31,1.125,1998-07-31,1.5625,1998-06-30,1.5,1998-05-29,2.125,1998-04-30,2.0,1998-03-31,2.2188,1998-02-27,2.1875,1998-01-30,3.0,1997-12-31,3.375,1997-11-28,4.375,1997-10-31,65,13,True,True,True,1997-10-31,1998-10-30,1998-11-13,0,8,4.765578389470154,2.8251811723589517,3.7636158002279534,-3.6771357661567645,-3.3428264683358258,-3.4032951797443016,0.6157260335913605,-2.083059987202547,-2.170424189391707,-2.759440157484506
SA_26,SA_26@1998-11-13,1999-02-11,1998-11-13,1,Technology,Technology Hardware,1998,317.587,336.573,318.4,0.871,317.529,15.528,38.724,13.844,,2.072,0.0,24.88,34.58,-52.877,-17.136,-89.14,41.829,30.668,-38.411,-58.131,-96.542,0.2813,4.7559,16.91,605000.0,263000.0,0,0,0,0,0,0,0,0,1,0,0,0,0,0,0,0,0,0,0,0,0,0,0,0,0,0,2,bankruptcy,1999-11-13,True,bankrupt,WIRL,"Wireless One, Inc.",WIRLQ US Equity,1998-08-15,1997-12-31,20,317,317,1998-10-30,14,1998-10-30,14.0,1998-10-30,14.0,1998-10-30,14.0,1998-10-30,14,1998-10-30,14,5,14,0.2813,1998-10-30,0.625,1998-09-30,0.6875,1998-08-31,0.9063,1998-07-31,1.1563,1998-06-30,1.3125,1998-05-29,1.625,1998-04-30,0.9688,1998-03-31,1.25,1998-02-27,1.875,1998-01-30,2.0,1997-12-31,2.6875,1997-11-28,3.375,1997-10-31,37,13,True,True,True,1997-10-31,1998-10-30,1998-11-13,0,8,5.763895593128082,1.7502254156983894,3.2534704696327,-3.986703670704709,-2.897898913205228,-4.501364017262502,3.7572154432342315,-3.6740449651554807,-4.0797553215787925,-4.580283054480142
NB_2394,NB_2394@1998-12-15,,1998-12-15,0,Technology,Technology Hardware,1998,1.77,4.995,2.577,2.536,0.041,0.277,1.38,4.954,,0.856,0.195,-3.574,4.779,-3.392,-3.12,-3.555,0.165,0.108,-2.174,-0.183,-2.357,6.25,4.5725,0.7316,28290.0,181893.8,0,0,0,0,0,0,0,0,1,0,0,0,0,0,0,0,0,0,0,0,0,0,0,0,0,0,1,nonbankruptcy_candidate,1999-12-15,True,nonbankrupt,SCKT,Socket Mobile Inc. Common Stock,SCKT US Equity,1998-09-16,1997-12-31,20,349,349,1998-11-30,15,1998-11-30,15.0,1998-11-30,15.0,1998-11-30,15.0,1998-11-30,15,1998-11-30,15,5,15,6.25,1998-11-30,4.375,1998-10-30,5.625,1998-09-30,7.1875,1998-08-31,10.0,1998-07-31,7.1875,1998-06-30,8.125,1998-05-29,9.375,1998-04-30,11.25,1998-03-31,7.1875,1998-02-27,7.5,1998-01-30,3.5938,1997-12-31,6.5625,1997-11-28,42,13,True,True,True,1997-11-28,1998-11-30,1998-12-15,0,8,1.0188473201992472,1.7178437862778868,-1.5203880956005893,-1.4797847042072294,-1.415853163361435,-1.5162255307119217,0.1527210870176639,-1.1549926221042173,-0.1680535849962497,-1.211047717997898
SA_80,SA_80@1998-12-15,1999-03-15,1998-12-15,1,Consumer Discretionary,Retail - Discretionary,1998,1951.4611,1614.956,793.697,32.175,761.522,364.169,1384.871,798.37,,43.13,929.818,586.501,3662.7781,63.138,125.463,-91.6,78.531,62.345,-21.433,-40.838,-62.271,1.1875,119.1728,100.356,10752500.0,13605930.0,0,0,0,0,0,0,0,0,1,0,0,0,0,0,0,0,0,0,0,0,0,0,0,0,0,0,2,bankruptcy,1999-12-15,True,bankrupt,SME,"Service Merchandise Company, Inc.",SVCDQ US Equity,1998-09-16,1997-12-31,20,349,349,1998-11-30,15,1998-11-30,15.0,1998-11-30,15.0,1998-11-30,15.0,1998-11-30,15,1998-11-30,15,5,15,1.1875,1998-11-30,1.4375,1998-10-30,1.5,1998-09-30,1.5625,1998-08-31,1.625,1998-07-31,1.5625,1998-06-30,2.125,1998-05-29,2.125,1998-04-30,2.0,1998-03-31,2.3125,1998-02-27,1.9375,1998-01-30,2.125,1997-12-31,3.375,1997-11-28,60,13,True,True,True,1997-11-28,1998-11-30,1998-12-15,0,8,7.5768459583399554,4.7889307069763,6.375877948144525,4.161037011989012,4.839949775265421,-4.528289141652134,4.376146882761488,-3.1105330890311684,-3.7338050174669286,-4.147427088312854
NB_1503,NB_1503@1999-06-05,,1999-06-05,0,Consumer Discretionary,Retail - Discretionary,1999,571.198,230.783,145.575,5.855,139.72,17.679,341.123,81.923,,97.364,225.46,259.2,1466.298,-32.156,-22.153,-23.514,6.393,10.003,-81.991,-138.2969,-220.2879,2.5,115.58,46.232,2576600.0,,0,0,0,0,0,0,0,0,1,0,0,0,0,0,0,0,0,0,0,0,0,0,0,0,0,1,1,nonbankruptcy_candidate,2000-06-05,True,nonbankrupt,KMX,CarMax Inc,KMX US Equity,1999-03-07,1999-02-28,20,97,97,1999-05-31,5,1999-05-31,5.0,1999-05-31,5.0,,,1999-05-31,5,1999-05-31,5,4,5,2.5,1999-05-31,2.25,1999-04-30,1.9688,1999-03-31,2.25,1999-02-26,2.4375,1999-01-29,2.6875,1998-12-31,2.6875,1998-11-30,3.0625,1998-10-30,2.9375,1998-09-30,2.8438,1998-08-31,4.3125,1998-07-31,5.0938,1998-06-30,4.8438,1998-05-29,28,13,True,True,True,1998-05-29,1999-05-31,1999-06-04,1,8,6.349485085328531,4.758577732617404,5.561450566078405,-3.50122369572928,-3.1421243617690613,-3.199244382918973,2.000533606574963,-4.418732168182296,-4.936607626410352,-5.399464568652994
NB_899,NB_899@1999-06-05,,1999-06-05,0,Energy,Oil & Gas Supply Chain,1999,34.164,9.825,0.0,0.0,0.0,6.671,12.916,6.608,,0.311,0.326,6.308,0.595,-2.219,-2.209,-1.76,0.424,0.01,-15.282,-1.413,-16.695,0.375,7.7813,20.75,70700.0,34509.0,0,0,0,0,0,0,0,0,1,0,0,0,0,0,0,0,0,0,0,0,0,0,0,0,0,0,1,nonbankruptcy_candidate,2000-06-05,True,nonbankrupt,EGY,VAALCO Energy Inc. Common Stock,EGY US Equity,1999-03-07,1998-12-31,20,156,156,1999-05-31,5,1999-05-31,5.0,1999-05-31,5.0,1999-05-31,5.0,1999-05-31,5,1999-05-31,5,5,5,0.375,1999-05-31,0.5,1999-04-30,0.28,1999-03-31,0.375,1999-02-26,0.5313,1999-01-29,0.8906,1998-12-31,0.8125,1998-11-30,1.25,1998-10-30,1.375,1998-09-30,1.625,1998-08-31,2.0313,1998-07-31,3.0,1998-06-30,2.75,1998-05-29,72,13,True,True,True,1998-05-29,1999-05-31,1999-06-04,1,8,3.560022831988932,2.1726244604679867,1.9889696385157603,-1.169070752316671,-1.1659593621277198,-1.0152306797290584,0.353469812989784,-2.790060203151786,-0.8808707866428946,-2.8732821137974267
SA_134,SA_134@1999-06-05,1999-09-03,1999-06-05,1,Energy,Oil & Gas Supply Chain,1999,210.954,257.406,221.881,40.101,181.78,5.251,17.292,75.626,,10.22,0.0,-58.334,62.785,-21.517,10.93,-100.273,19.596,32.447,2.379,-110.328,-107.949,0.3125,4.0944,13.102,7492800.0,2961131.0,0,0,0,0,0,0,0,0,1,0,0,0,0,0,0,0,0,0,0,0,0,0,0,0,0,0,2,bankruptcy,2000-06-05,True,bankrupt,COSE,"Costilla Energy, Inc.",COSEQ US Equity,1999-03-07,1998-12-31,20,156,156,1999-05-31,5,1999-05-31,5.0,1999-05-31,5.0,1999-05-31,5.0,1999-05-31,5,1999-05-31,5,5,5,0.3125,1999-05-31,0.4688,1999-04-30,2.375,1999-03-31,3.125,1999-02-26,3.5625,1999-01-29,4.0,1998-12-31,5.875,1998-11-30,7.0,1998-10-30,7.0625,1998-09-30,6.375,1998-08-31,8.625,1998-07-31,8.75,1998-06-30,10.75,1998-05-29,32,13,True,True,True,1998-05-29,1999-05-31,1999-06-04,1,8,5.356369269996126,1.6281418972278723,-4.083182497515909,-3.114270579477523,2.4790562361098245,-4.617819840683437,3.025096882183895,1.217579807732153,-4.712480798969532,-4.690879882826248
NB_1548,NB_1548@1999-08-06,,1999-08-06,0,Consumer Discretionary,Apparel & Textile Products,1999,27.16,13.436,11.243,10.778,0.465,1.436,25.319,12.915,,6.743,16.111,12.404,54.655,3.923,4.458,2.08,0.774,,-0.509,-0.388,-0.897,4.3969,17.1302,3.89597,405556.0,1609209.0,0,0,0,0,0,0,0,0,1,0,0,0,0,0,0,0,0,1,0,0,0,0,0,0,0,0,1,nonbankruptcy_candidate,2000-08-06,True,nonbankrupt,LAKE,Lakeland Industries Inc. Common Stock,LAKE US Equity,1999-05-08,1999-01-31,19,187,187,1999-07-30,7,1999-07-30,7.0,1999-07-30,7.0,1999-07-30,7.0,1999-07-30,7,1999-07-30,7,5,7,4.3969,1999-07-30,4.0981,1999-06-30,4.2688,1999-05-31,4.0981,1999-04-30,3.0736,1999-03-31,3.3297,1999-02-26,4.3542,1999-01-29,4.0981,1998-12-31,4.9518,1998-11-30,4.9092,1998-10-30,4.6103,1998-09-30,4.525,1998-08-31,6.7448,1998-07-31,74,13,True,True,True,1998-07-31,1999-07-30,1999-08-06,0,8,3.3379025312898416,2.8975790561455166,2.595553169875064,1.5939181007760634,1.6970824222861467,1.1249295969854831,0.5732368838873878,-0.4114471797857118,-0.32786386208461277,-0.6402736909528771
NB_518,NB_518@1999-08-06,,1999-08-06,0,Health Care,Health Care Facilities & Svcs,1999,4.079,1.811,1.126,1.11,0.016,0.5,0.983,1.695,,0.047,0.0,-0.712,0.331,-2.27,-2.106,-2.251,0.052,,-1.58,-0.264,-1.844,3.25,28.0897,8.643,2684900.0,8554565.0,0,0,0,0,0,0,0,0,1,0,0,0,0,0,0,0,0,1,0,0,0,0,0,0,0,0,1,nonbankruptcy_candidate,2000-08-06,True,nonbankrupt,CCEL,Cryo-Cell International Inc. Common Stock,CCEL US Equity,1999-05-08,1998-11-30,19,249,249,1999-07-30,7,1999-07-30,7.0,1999-07-30,7.0,1999-07-30,7.0,1999-07-30,7,1999-07-30,7,5,7,3.25,1999-07-30,2.625,1999-06-30,2.0,1999-05-31,2.75,1999-04-30,1.5313,1999-03-31,2.5313,1999-02-26,2.375,1999-01-29,2.875,1998-12-31,3.0,1998-11-30,0.8125,1998-10-30,1.0,1998-09-30,1.125,1998-08-31,1.5,1998-07-31,64,13,True,True,True,1998-07-31,1999-07-30,1999-08-06,0,8,1.625114391819108,3.3703841596316573,-0.5376622777195503,-1.184789984909162,-1.1333357247264952,-1.1789626413217682,0.050693114315518116,-0.9477893989335261,-0.2342812957246657,-1.0452115119409946
SA_145,SA_145@1999-08-06,1999-11-04,1999-08-06,1,Consumer Discretionary,Retail - Discretionary,1999,689.396,363.69,222.842,6.639,216.203,12.412,449.49,132.692,,18.875,399.901,316.798,774.863,49.946,66.075,26.648,8.059,16.129,-82.07,-78.984,-161.054,3.6563,114.0933,31.205,15288700.0,72677240.0,0,0,0,0,0,0,0,0,1,0,0,0,0,0,0,0,0,0,0,0,0,0,0,0,0,0,2,bankruptcy,2000-08-06,True,bankrupt,FEET,"Just For Feet, Inc.",FEETQ US Equity,1999-05-08,1999-01-30,20,188,188,1999-07-30,7,1999-07-30,7.0,1999-07-30,7.0,1999-07-30,7.0,1999-07-30,7,1999-07-30,7,5,7,3.6563,1999-07-30,6.4375,1999-06-30,7.625,1999-05-31,12.625,1999-04-30,12.5,1999-03-31,10.2188,1999-02-26,15.0,1999-01-29,17.375,1998-12-31,22.625,1998-11-30,16.9375,1998-10-30,12.75,1998-09-30,14.1875,1998-08-31,23.125,1998-07-31,60,13,True,True,True,1998-07-31,1999-07-30,1999-08-06,0,8,6.537265346009677,4.745743103781599,5.761415960816608,3.9307662482452814,4.205811396311688,3.319553392621645,2.2037587386871507,-4.41968362585098,-4.381826614671215,-5.087929613022505
NB_2813,NB_2813@1999-09-04,,1999-09-04,0,Health Care,Health Care Facilities & Svcs,1999,24.1,10.749,8.158,0.032,8.126,6.328,15.63,2.623,,8.505,0.0,13.007,44.023,5.527,7.598,1.596,0.73,2.071,5.029,-2.357,2.672,2.8542,28.0473,9.8268,630300.0,1779310.0,0,0,0,0,0,0,0,0,1,0,0,0,0,0,0,0,0,0,0,0,0,0,0,0,0,0,1,nonbankruptcy_candidate,2000-09-04,True,nonbankrupt,USPH,U.S. Physical Therapy Inc. Common Stock,USPH US Equity,1999-06-06,1998-12-31,20,247,247,1999-08-31,4,1999-08-31,4.0,1999-08-31,4.0,1999-08-31,4.0,1999-08-31,4,1999-08-31,4,5,4,2.8542,1999-08-31,2.8854,1999-07-30,2.8333,1999-06-30,2.75,1999-05-31,2.9167,1999-04-30,2.5833,1999-03-31,2.6667,1999-02-26,2.8333,1999-01-29,3.0,1998-12-31,3.0833,1998-11-30,2.9583,1998-10-30,3.0833,1998-09-30,3.5417,1998-08-31,75,13,True,True,True,1998-08-31,1999-08-31,1999-09-03,1,8,3.2228678461377385,3.3689255357770564,2.6395572046569096,1.8759474196530803,2.1515296180740897,0.9539717988418436,0.5481214085096876,1.7965811595072685,-1.211047717997898,1.300736472758244
NB_791,NB_791@1999-09-04,,1999-09-04,0,Consumer Discretionary,Apparel & Textile Products,1999,84.373,32.373,21.435,6.236,15.199,0.263,59.309,17.174,,27.18,23.665,42.135,102.172,-2.798,-0.16,-2.907,1.171,1.276,-10.156,-1.916,-12.072,0.1597,25.9095,162.216,3616200.0,636609.4,0,0,0,0,0,0,0,0,1,0,0,0,0,0,0,0,0,0,0,0,0,0,0,0,0,0,1,nonbankruptcy_candidate,2000-09-04,True,nonbankrupt,DECK,Deckers Outdoor Corporation Common Stock,DECK US Equity,1999-06-06,1998-12-31,20,247,247,1999-08-31,4,1999-08-31,4.0,1999-08-31,4.0,1999-08-31,4.0,1999-08-31,4,1999-08-31,4,5,4,0.1597,1999-08-31,0.184,1999-07-30,0.1997,1999-06-30,0.191,1999-05-31,0.1424,1999-04-30,0.1389,1999-03-31,0.1632,1999-02-26,0.1337,1999-01-29,0.1215,1998-12-31,0.1181,1998-11-30,0.1528,1998-10-30,0.2778,1998-09-30,0.2813,1998-08-31,71,13,True,True,True,1998-08-31,1999-08-31,1999-09-03,1,8,4.447029891555066,3.292479384112833,3.764334732528542,-1.3344746123900941,-0.1484200051182733,-1.3627698160729336,0.7751878908961548,-2.4119774697652425,-1.0702128141464118,-2.570472538117647
SA_75,SA_75@1999-09-04,1999-12-03,1999-09-04,1,Consumer Discretionary,Apparel & Textile Products,1999,447.328,300.89,259.405,0.0,259.405,5.769,272.415,36.263,,74.599,176.818,236.152,468.703,-14.036,9.475,-36.546,29.108,19.618,-41.831,-10.079,-51.91,0.5,17.338,34.676,2049300.0,1087925.0,0,0,0,0,0,0,0,0,1,0,0,0,0,0,0,0,0,0,0,0,0,0,0,0,0,0,2,bankruptcy,2000-09-04,True,bankrupt,TLTXQ,Tultex Corporation,TLTXQ US Equity,1999-06-06,1998-12-31,20,247,247,1999-08-31,4,1999-08-31,4.0,1999-08-31,4.0,1999-08-31,4.0,1999-08-31,4,1999-08-31,4,5,4,0.5,1999-08-31,0.625,1999-07-30,0.6875,1999-06-30,0.75,1999-05-31,0.6875,1999-04-30,0.625,1999-03-31,0.625,1999-02-26,0.75,1999-01-29,0.875,1998-12-31,1.0625,1998-11-30,1.3125,1998-10-30,1.75,1998-09-30,1.875,1998-08-31,60,13,True,True,True,1998-08-31,1999-08-31,1999-09-03,1,8,6.105525107386292,2.908975409627709,5.468701285768948,-2.7104473257019315,2.348991465808201,-3.6255668479021703,3.4047909171722854,-3.757262139475193,-2.4050514245385357,-3.9685923569160404
NB_2147,NB_2147@1999-10-20,,1999-10-20,0,Energy,Oil & Gas Supply Chain,1999,28.611,24.992,16.505,0.0,16.505,1.167,8.537,8.43,,2.89,0.0,0.107,24.323,-1.28,5.65,-1.692,1.337,3.038,6.846,-7.36,-0.514,4.9375,21.883,4.432,29500.0,148912.5,0,0,0,0,0,0,0,0,1,0,0,0,0,0,0,0,0,0,0,0,0,0,0,0,0,0,1,nonbankruptcy_candidate,2000-10-20,True,nonbankrupt,PNRG,PrimeEnergy Resources Corporation Common Stock,PNRG US Equity,1999-07-22,1998-12-31,20,293,293,1999-09-30,20,1999-09-30,20.0,1999-09-30,20.0,1999-09-30,20.0,1999-09-30,20,1999-09-30,20,5,20,4.9375,1999-09-30,5.125,1999-08-31,5.125,1999-07-30,5.125,1999-06-30,5.25,1999-05-31,5.0,1999-04-30,4.75,1999-03-31,5.75,1999-02-26,6.875,1999-01-29,5.5,1998-12-31,6.625,1998-11-30,7.0,1998-10-30,6.375,1998-09-30,76,13,True,True,True,1998-09-30,1999-09-30,1999-10-20,0,8,3.388145913917424,3.1303942767973867,0.10165365372649983,-0.8241754429663494,1.8946168546677629,-0.9902844117824813,0.848868055556721,2.060003847787361,-2.1234584270966104,-0.41475515501525706
NB_2446,NB_2446@1999-10-20,,1999-10-20,0,Consumer Discretionary,Retail - Discretionary,1999,120.761,38.094,2.925,1.564,1.361,1.944,79.905,32.237,82.667,0.567,75.39,47.668,280.157,17.552,24.12,10.227,0.507,,18.615,-14.061,4.554,3.6875,147.4189,39.978,2647200.0,9541654.0,0,0,0,0,0,0,0,0,0,0,0,0,0,0,0,0,0,1,0,0,0,0,0,0,0,0,1,nonbankruptcy_candidate,2000-10-20,True,nonbankrupt,SHOE,Shoe Station Group Inc. Common Stock,SHOE US Equity,1999-07-22,1999-01-30,20,263,263,1999-09-30,20,1999-09-30,20.0,1999-09-30,20.0,1999-09-30,20.0,1999-09-30,20,1999-09-30,20,5,20,3.6875,1999-09-30,3.875,1999-08-31,4.4583,1999-07-30,5.6667,1999-06-30,5.4167,1999-05-31,5.0417,1999-04-30,4.1667,1999-03-31,3.5833,1999-02-26,3.1458,1999-01-29,3.7083,1998-12-31,3.3333,1998-11-30,3.0833,1998-10-30,3.0833,1998-09-30,76,13,True,True,True,1998-09-30,1999-09-30,1999-10-20,0,8,4.802060106957443,5.000038681114442,3.8850217299252026,2.9205775999532304,3.223664341599998,2.4183215914766425,0.41012091964435843,2.976294579661516,-2.7121086212297114,1.7145183888846078
SA_59,SA_59@1999-10-20,2000-01-18,1999-10-20,1,Health Care,Health Care Facilities & Svcs,1999,3036.6509,2630.019,2024.115,46.25,1977.865,3.314,807.923,457.707,,627.036,31.516,350.216,2035.5291,129.047,204.091,-209.652,125.384,49.1,-15.532,-65.168,-80.7,0.375,27.6356,73.695,3891300.0,1872593.0,0,0,0,0,0,0,0,0,1,0,0,0,0,0,0,0,0,0,0,0,0,0,0,0,0,0,2,bankruptcy,2000-10-20,True,bankrupt,MPN,"Mariner Post-Acute Network, Inc.",MPANQ US Equity,1999-07-22,1998-09-30,20,385,385,1999-09-30,20,1999-09-30,20.0,1999-09-30,20.0,1999-09-30,20.0,1999-09-30,20,1999-09-30,20,5,20,0.375,1999-09-30,0.5313,1999-08-31,0.625,1999-07-30,0.5625,1999-06-30,2.25,1999-05-31,3.4375,1999-04-30,2.1875,1999-03-31,2.1875,1999-02-26,4.75,1999-01-29,4.6875,1998-12-31,4.3125,1998-11-30,5.8125,1998-10-30,5.125,1998-09-30,23,13,True,True,True,1998-09-30,1999-09-30,1999-10-20,0,8,8.018839765427188,3.3546506990050338,5.861401418809784,4.867895923577839,5.323453783081892,-5.350207482801981,4.839324891422064,-2.805297896649486,-4.192196962389605,-4.403054001865957
NB_1538,NB_1538@2000-02-03,,2000-02-03,0,Communications,Telecommunications,2000,21.554,4.991,0.061,0.058,0.003,7.006,17.558,4.988,,6.16,4.078,12.57,25.687,3.984,4.269,2.454,0.016,0.246,-0.587,-3.703,-4.29,3.75,27.2363,7.263,509400.0,1983611.0,0,0,0,0,0,0,0,0,1,0,0,0,0,0,0,0,0,0,0,0,0,0,0,0,0,0,1,nonbankruptcy_candidate,2001-02-03,True,nonbankrupt,KVHI,KVH Industries Inc. Common Stock,KVHI US Equity,1999-11-05,1996-12-31,20,1129,1129,2000-01-31,3,2000-01-31,3.0,2000-01-31,3.0,2000-01-31,3.0,2000-01-31,3,2000-01-31,3,5,3,3.75,2000-01-31,3.0625,1999-12-31,3.0313,1999-11-30,3.0625,1999-10-29,2.375,1999-09-30,2.4375,1999-08-31,2.625,1999-07-30,2.375,1999-06-30,2.375,1999-05-31,2.75,1999-04-30,1.8438,1999-03-31,1.0,1999-02-26,1.2031,1999-01-29,46,13,True,True,True,1999-01-29,2000-01-31,2000-02-03,0,8,3.115912433810096,3.340608384211165,2.6078614738467776,1.606232781485152,1.6618405912271488,1.239532979724487,0.01587334915629015,-0.461845441544272,-1.5482006029629107,-1.665818245870208
NB_1630,NB_1630@2000-02-03,,2000-02-03,0,Health Care,Health Care Facilities & Svcs,2000,1.1296,,,0.0,,1.1291,1.1292,0.2597,,,,0.8696,0.0,-0.2216,-0.2212,-0.2038,0.0,0.0004,-0.2696,,,449997.75,21.273,5e-05,24.0,11750460.0,0,1,1,0,1,0,0,0,1,1,1,0,0,0,0,0,0,0,0,1,1,0,0,0,0,0,1,nonbankruptcy_candidate,2001-02-03,True,nonbankrupt,LSTA,Lisata Therapeutics Inc. Common Stock,LSTA US Equity,1999-11-05,1998-03-31,13,674,674,2000-01-31,3,2000-01-31,3.0,2000-01-31,3.0,2000-01-31,3.0,2000-01-31,3,2000-01-31,3,5,3,449997.75,2000-01-31,281248.5938,1999-12-31,159374.2031,1999-11-30,145311.7734,1999-10-29,140624.2969,1999-09-30,140624.2969,1999-08-31,173436.6328,1999-07-30,178124.1094,1999-06-30,192186.5391,1999-05-31,206248.9688,1999-04-30,182811.5859,1999-03-31,192186.5391,1999-02-26,149999.25,1999-01-29,80,13,True,True,True,1999-01-29,2000-01-31,2000-02-03,0,8,0.7559341686587101,3.1033751825693474,0.6257245042425111,-0.20016147492228561,-0.19983398187858573,-0.1854832201315334,0.0,-0.23870189023006225,,
NB_2751,NB_2751@2000-02-03,,2000-02-03,0,Technology,Software,2000,8.923,4.954,2.443,0.017,2.426,0.326,8.23,2.528,,4.318,3.54,5.702,13.217,-0.754,-0.53,-0.777,0.057,0.205,-3.849,-0.33,-4.179,209998.95,21.4812,0.0001,61.0,10626050.0,0,0,0,0,0,0,0,0,1,0,0,0,0,0,0,0,0,0,0,0,0,0,0,0,0,0,1,nonbankruptcy_candidate,2001-02-03,True,nonbankrupt,TWAV,TaoWeave Inc. Common Stock,TWAV US Equity,1999-11-05,1998-12-31,20,399,399,2000-01-31,3,2000-01-31,3.0,2000-01-31,3.0,2000-01-31,3.0,2000-01-31,3,2000-01-31,3,5,3,209998.95,2000-01-31,121499.3925,1999-12-31,143999.28,1999-11-30,89999.55,1999-10-29,94499.5275,1999-09-30,185999.07,1999-08-31,76499.6175,1999-07-30,80999.595,1999-06-30,77999.61,1999-05-31,95999.52,1999-04-30,89999.55,1999-03-31,110999.445,1999-02-26,149999.25,1999-01-29,56,13,True,True,True,1999-01-29,2000-01-31,2000-02-03,0,8,2.2948552949321046,3.112679404383705,1.9024059893151186,-0.5618988939499913,-0.4252677354043441,-0.5749265491725143,0.055434706888100586,-1.5787724981232152,-0.2851789422336624,-1.6446119874417544
SA_130,SA_130@2000-02-03,2000-05-03,2000-02-03,1,Technology,Software,2000,230.0,294.5,163.1,0.0,163.1,24.6,152.9,107.2,,99.1,0.0,45.7,315.7,-31.4,-6.3,-88.2,11.7,,-49.5,-4.8,-54.3,2.4688,29.6127,11.995,2523300.0,6335922.0,0,0,0,0,0,0,0,0,1,0,0,0,0,0,0,0,0,1,0,0,0,0,0,0,0,0,2,bankruptcy,2001-02-03,True,bankrupt,SSAXQ,"System Software Associates, Inc.",SSAXQ US Equity,1999-11-05,1999-10-31,19,95,95,2000-01-31,3,2000-01-31,3.0,2000-01-31,3.0,2000-01-31,3.0,2000-01-31,3,2000-01-31,3,5,3,2.4688,2000-01-31,2.0,1999-12-31,2.1875,1999-11-30,2.0,1999-10-29,1.9375,1999-09-30,4.375,1999-08-31,7.0,1999-07-30,6.625,1999-06-30,8.125,1999-05-31,7.5,1999-04-30,9.0,1999-03-31,13.25,1999-02-26,21.0,1999-01-29,60,13,True,True,True,1999-01-29,2000-01-31,2000-02-03,0,8,5.442417710521793,3.4214149555358335,3.8437441646748516,-3.4781584227982836,-1.9878743481543455,-4.490881039585964,2.5416019934645457,-3.9219733362813143,-1.7578579175523736,-4.012772908528289
NB_1072,NB_1072@2000-05-10,,2000-05-10,0,Materials,Steel,2000,41.023,13.601,7.2,0.8,6.4,3.799,32.534,6.758,,8.71,19.906,25.776,124.72,5.661,6.333,3.541,0.444,0.672,6.811,-2.352,4.459,3.25,24.529,7.5474,53145.0,182506.3,0,0,0,0,0,0,0,0,1,0,0,0,0,0,0,0,0,0,0,0,0,0,0,0,0,0,1,nonbankruptcy_candidate,2001-05-10,True,nonbankrupt,FRD,Friedman Industries Inc. Common Stock,FRD US Equity,2000-02-10,1999-03-31,20,406,406,2000-04-28,12,2000-04-28,12.0,2000-04-28,12.0,2000-04-28,12.0,2000-04-28,12,2000-04-28,12,5,12,3.25,2000-04-28,3.8095,2000-03-31,3.3333,2000-02-29,3.8095,2000-01-31,3.2143,1999-12-31,3.5714,1999-11-30,3.3333,1999-10-29,3.2738,1999-09-30,3.869,1999-08-31,4.0476,1999-07-30,3.9881,1999-06-30,3.9286,1999-05-31,4.0476,1999-04-30,83,13,True,True,True,1999-04-30,2000-04-28,2000-05-10,0,8,3.7382170874423957,3.2398150608818566,3.2875059639090254,1.8962696234310423,1.9923847091116624,1.5131472521158142,0.3674170404706345,2.0555329966281604,-1.2095571826198366,1.6972656227996206
NB_2264,NB_2264@2000-05-10,,2000-05-10,0,Health Care,Health Care Facilities & Svcs,2000,72.247,136.163,119.168,41.695,77.473,0.003,18.973,56.98,,16.694,0.0,-38.007,72.258,2.377,10.086,-9.071,10.674,6.68,1.142,-6.657,-5.515,0.68,13.2372,19.4665,769200.0,650526.0,0,0,0,0,0,0,0,0,1,0,0,0,0,0,0,0,0,0,0,0,0,0,0,0,0,0,1,nonbankruptcy_candidate,2001-05-10,True,nonbankrupt,RDNT,RadNet Inc. Common Stock,RDNT US Equity,2000-02-10,1999-10-31,20,192,192,2000-04-28,12,2000-04-28,12.0,2000-04-28,12.0,2000-04-28,12.0,2000-04-28,12,2000-04-28,12,5,12,0.68,2000-04-28,1.02,2000-03-31,0.65,2000-02-29,0.2,2000-01-31,0.16,1999-12-31,0.2,1999-11-30,0.2,1999-10-29,0.25,1999-09-30,0.28,1999-08-31,0.3,1999-07-30,0.375,1999-06-30,0.34,1999-05-31,0.3,1999-04-30,83,13,True,True,True,1999-04-30,2000-04-28,2000-05-10,0,8,4.293837291427073,2.655858257436288,-3.663741117203237,1.2169877414034307,2.405683050997613,-2.3096600066660073,2.4573641467815994,0.761739972025557,-2.0356202621309865,-1.8741072105768084
SA_9,SA_9@2000-05-10,2000-08-08,2000-05-10,1,Health Care,Health Care Facilities & Svcs,2000,403.222,423.269,303.052,0.39,302.662,6.242,142.592,105.088,,107.406,22.966,37.504,521.196,-23.585,0.307,-114.823,29.763,,-10.505,-6.947,-17.452,0.36,17.8697,49.638,3287700.0,1618082.0,0,0,0,0,0,0,0,0,1,0,0,0,0,0,0,0,0,1,0,0,0,0,0,0,0,0,2,bankruptcy,2001-05-10,True,bankrupt,CRHEQ,Coram Healthcare Corp.,CRHEQ US Equity,2000-02-10,1999-12-31,19,131,131,2000-04-28,12,2000-04-28,12.0,2000-04-28,12.0,2000-04-28,12.0,2000-04-28,12,2000-04-28,12,5,12,0.36,2000-04-28,0.51,2000-03-31,0.5625,2000-02-29,0.6875,2000-01-31,1.0,1999-12-31,0.6875,1999-11-30,0.625,1999-10-29,0.625,1999-09-30,0.75,1999-08-31,1.25,1999-07-30,1.75,1999-06-30,2.3125,1999-05-31,1.9375,1999-04-30,60,13,True,True,True,1999-04-30,2000-04-28,2000-05-10,0,8,6.001964231989086,2.937557461002888,3.6507621320008083,-3.2021365008639027,0.2677344346420849,-4.7520631637243165,3.426312669140552,-2.4427817234873292,-2.0727944989580425,-2.915172765695574
NB_2264,NB_2264@2000-07-07,,2000-07-07,0,Health Care,Health Care Facilities & Svcs,2000,72.247,136.163,119.168,41.695,77.473,0.003,18.973,56.98,,16.694,0.0,-38.007,72.258,2.377,10.086,-9.071,10.674,6.68,1.142,-6.657,-5.515,0.86,16.7411,19.4664,742900.0,815892.2,0,0,0,0,0,0,0,0,1,0,0,0,0,0,0,0,0,0,0,0,0,0,0,0,0,0,1,nonbankruptcy_candidate,2001-07-07,True,nonbankrupt,RDNT,RadNet Inc. Common Stock,RDNT US Equity,2000-04-08,1999-10-31,20,250,250,2000-06-30,7,2000-06-30,7.0,2000-06-30,7.0,2000-06-30,7.0,2000-06-30,7,2000-06-30,7,5,7,0.86,2000-06-30,0.84,2000-05-31,0.68,2000-04-28,1.02,2000-03-31,0.65,2000-02-29,0.2,2000-01-31,0.16,1999-12-31,0.2,1999-11-30,0.2,1999-10-29,0.25,1999-09-30,0.28,1999-08-31,0.3,1999-07-30,0.375,1999-06-30,85,13,True,True,True,1999-06-30,2000-06-30,2000-07-07,0,8,4.293837291427073,2.875883981723468,-3.663741117203237,1.2169877414034307,2.405683050997613,-2.3096600066660073,2.4573641467815994,0.761739972025557,-2.0356202621309865,-1.8741072105768084
SA_51,SA_51@2000-07-07,2000-10-05,2000-07-07,1,Materials,Construction Materials,2000,6494.0,7137.0,1991.0,227.0,1764.0,70.0,2088.0,2916.0,,358.0,466.0,-828.0,5048.0,573.0,783.0,270.0,152.0,,-28.0,-244.0,-272.0,9.2344,512.3047,55.478,13816100.0,174550500.0,0,0,0,0,0,0,0,0,1,0,0,0,0,0,0,0,0,1,0,0,0,0,0,0,0,0,2,bankruptcy,2001-07-07,True,bankrupt,OWENQ,Owens Corning,OWENQ US Equity,2000-04-08,1999-12-31,19,189,189,2000-06-30,7,2000-06-30,7.0,2000-06-30,7.0,2000-06-30,7.0,2000-06-30,7,2000-06-30,7,5,7,9.2344,2000-06-30,15.4375,2000-05-31,18.1875,2000-04-28,19.375,2000-03-31,14.5,2000-02-29,16.0625,2000-01-31,19.3125,1999-12-31,15.75,1999-11-30,20.5,1999-10-29,21.6875,1999-09-30,28.125,1999-08-31,30.875,1999-07-30,34.375,1999-06-30,60,13,True,True,True,1999-06-30,2000-06-30,2000-07-07,0,8,8.7787879291047,6.240869625963067,-6.720220155135295,6.352629396319567,6.664409020350408,5.602118820879701,5.030437921392435,-3.367295829986474,-5.501258210544727,-5.60947179518496
SA_215,SA_215@2000-08-11,2000-11-09,2000-08-11,1,Health Care,Health Care Facilities & Svcs,2000,439.621,383.033,217.376,25.848,191.528,4.277,66.182,58.909,,21.031,0.0,7.273,184.929,-3.786,9.601,-65.18,18.779,7.993,-15.104,-4.527,-19.631,8.9999,9.2384,1.0265,70556.0,789865.6,0,0,0,0,0,0,0,0,1,0,0,0,0,0,0,0,0,0,0,0,0,0,0,0,0,0,2,bankruptcy,2001-08-11,True,bankrupt,CMDCQ,CareMatrix Corp.,CMDCQ US Equity,2000-05-13,1999-12-31,20,224,224,2000-07-31,11,2000-07-31,11.0,2000-07-31,11.0,2000-07-31,11.0,2000-07-31,11,2000-07-31,11,5,11,8.9999,2000-07-31,9.5624,2000-06-30,12.9374,2000-05-31,16.8749,2000-04-28,23.6248,2000-03-31,32.6247,2000-02-29,38.2497,2000-01-31,44.9996,1999-12-31,37.1247,1999-11-30,35.9997,1999-10-29,93.3743,1999-09-30,146.2488,1999-08-31,195.7484,1999-07-30,60,13,True,True,True,1999-07-30,2000-07-31,2000-08-11,0,8,6.088185095511143,2.3261453574030586,2.1129972002080457,-1.5656949894861816,2.360948336290961,-4.192378302493466,2.9846207687992723,-2.7790676883374905,-1.709645172851126,-3.026794799005809
NB_986,NB_986@2000-09-20,,2000-09-20,0,Materials,Construction Materials,2000,438.139,97.667,0.4,0.08,0.32,96.17,189.211,72.987,,54.459,38.582,116.224,470.465,166.44,185.029,108.232,0.089,,118.627,-28.019,90.608,8.6042,479.5188,55.731,2433600.0,20445070.0,0,0,0,0,0,0,0,0,1,0,0,0,0,0,0,0,0,1,0,0,0,0,0,0,0,0,1,nonbankruptcy_candidate,2001-09-20,True,nonbankrupt,EXP,Eagle Materials Inc Common Stock,EXP US Equity,2000-06-22,2000-03-31,19,173,173,2000-08-31,20,2000-08-31,20.0,2000-08-31,20.0,2000-08-31,20.0,2000-08-31,20,2000-08-31,20,5,20,8.6042,2000-08-31,8.1667,2000-07-31,7.5625,2000-06-30,10.0,2000-05-31,10.2917,2000-04-28,8.75,2000-03-31,7.75,2000-02-29,10.7917,2000-01-31,13.0,1999-12-31,11.6458,1999-11-30,11.8542,1999-10-29,12.375,1999-09-30,12.8125,1999-08-31,77,13,True,True,True,1999-08-31,2000-08-31,2000-09-20,0,8,6.084815991660477,6.174866353555458,4.764086634335724,5.120625078137745,5.225902575538375,4.693474060675925,0.08525984395082342,4.78437856854663,-3.3679507878685198,4.5175186041110384
SA_280,SA_280@2000-09-20,2000-12-19,2000-09-20,1,Materials,Steel,2000,318.409,271.583,135.837,20.209,115.628,39.415,129.258,64.755,,29.585,51.485,64.503,349.345,-13.494,0.982,-45.347,12.846,14.476,-16.202,-15.76,-31.962,0.25,6.1213,24.485,941000.0,227065.9,0,0,0,0,0,0,0,0,1,0,0,0,0,0,0,0,0,0,0,0,0,0,0,0,0,0,2,bankruptcy,2001-09-20,True,bankrupt,NWSW,Northwestern Steel & Wire Co.,NWSW US Equity,2000-06-22,1999-07-31,20,417,417,2000-08-31,20,2000-08-31,20.0,2000-08-31,20.0,2000-08-31,20.0,2000-08-31,20,2000-08-31,20,5,20,0.25,2000-08-31,0.375,2000-07-31,0.4063,2000-06-30,0.375,2000-05-31,0.3438,2000-04-28,0.375,2000-03-31,0.4375,2000-02-29,0.5625,2000-01-31,0.4375,1999-12-31,0.4375,1999-11-30,0.375,1999-10-29,0.8438,1999-09-30,0.75,1999-08-31,60,13,True,True,True,1999-08-31,2000-08-31,2000-09-20,0,8,5.766472413217362,1.9630902930270682,4.182095943119066,-2.6737347706870898,0.6841064359077962,-3.8361565649980225,2.6279963822558337,-2.845025656129288,-2.818995095053937,-3.4953553828119883
NB_1045,NB_1045@2000-09-30,,2000-09-30,0,Communications,Telecommunications,2000,7.157,2.251,0.816,0.034,0.782,1.275,4.261,1.469,,0.136,2.698,2.792,3.207,-10.92,-10.278,-11.551,0.109,,-9.3,-0.72,-10.02,56.8739,30.8923,0.54317,88330.0,7598388.0,0,0,0,0,0,0,0,0,1,0,0,0,0,0,0,0,0,1,0,0,0,0,0,0,0,0,1,nonbankruptcy_candidate,2001-09-30,True,nonbankrupt,FKWL,Franklin Wireless Corp. Common Stock,FKWL US Equity,2000-07-02,2000-06-30,19,92,92,2000-09-29,1,2000-09-29,1.0,2000-09-29,1.0,2000-09-29,1.0,2000-09-29,1,2000-09-29,1,5,1,56.8739,2000-09-29,61.2488,2000-08-31,52.499,2000-07-31,65.6237,2000-06-30,65.6237,2000-05-31,91.8732,2000-04-28,148.747,2000-03-31,139.9972,2000-02-29,139.9972,2000-01-31,174.9965,1999-12-31,170.6216,1999-11-30,192.4962,1999-10-29,157.4969,1999-09-30,78,13,True,True,True,1999-09-30,2000-09-29,2000-09-30,0,8,2.0988764543184435,3.4623646013437797,1.3328935843927754,-2.4782176616372036,-2.4228539253849903,-2.529800343678309,0.10345870836822998,-2.33214389523559,-0.5423242908253617,-2.3997118037247684
NB_160,NB_160@2000-09-30,,2000-09-30,0,Health Care,Health Care Facilities & Svcs,2000,36.986,23.457,22.432,2.545,19.887,12.903,14.695,3.57,,0.982,0.0,11.125,7.156,3.188,4.809,2.707,1.309,,3.587,-0.131,3.456,2.375,9.0965,3.8301,101200.0,228837.5,0,0,0,0,0,0,0,0,1,0,0,0,0,0,0,0,0,1,0,0,0,0,0,0,0,0,1,nonbankruptcy_candidate,2001-09-30,True,nonbankrupt,AMS,American Shared Hospital Services Common Stock,AMS US Equity,2000-07-02,1999-12-31,19,274,274,2000-09-29,1,2000-09-29,1.0,2000-09-29,1.0,2000-09-29,1.0,2000-09-29,1,2000-09-29,1,5,1,2.375,2000-09-29,2.5,2000-08-31,2.75,2000-07-31,2.875,2000-06-30,2.875,2000-05-31,3.1875,2000-04-28,4.25,2000-03-31,3.5,2000-02-29,3.625,2000-01-31,4.25,1999-12-31,4.25,1999-11-30,5.25,1999-10-29,5.375,1999-09-30,88,13,True,True,True,1999-09-30,2000-09-29,2000-09-30,0,8,3.6372176707900445,2.3121888291367405,2.495269436823547,1.4322232930082905,1.7594084390103955,1.3102229241685952,0.8368145303723583,1.523226215615035,-0.1231021971339834,1.4942515026249827
NB_2386,NB_2386@2000-09-30,,2000-09-30,0,Technology,Software,2000,21.615,4.058,0.014,0.006,0.008,8.624,16.797,3.096,,2.367,0.478,13.701,12.78,0.339,1.316,4.492,0.116,,3.755,-0.194,3.561,8910.0446,29.0194,0.00326,165.0,1524919.0,0,0,0,0,0,0,0,0,1,0,0,0,0,0,0,0,0,1,0,0,0,0,0,0,0,0,1,nonbankruptcy_candidate,2001-09-30,True,nonbankrupt,SBET,Sharplink Inc. Common Stock,SBET US Equity,2000-07-02,1999-12-31,19,274,274,2000-09-29,1,2000-09-29,1.0,2000-09-29,1.0,2000-09-29,1.0,2000-09-29,1,2000-09-29,1,5,1,8910.0446,2000-09-29,8010.0401,2000-08-31,7920.0396,2000-07-31,8550.0428,2000-06-30,8730.0437,2000-05-31,10980.0549,2000-04-28,16290.0815,2000-03-31,14220.0711,2000-02-29,12060.0603,2000-01-31,8460.0423,1999-12-31,7020.0351,1999-11-30,5760.0288,1999-10-29,5220.0261,1999-09-30,41,13,True,True,True,1999-09-30,2000-09-29,2000-09-30,0,8,3.1186134029298063,3.40184383933003,2.6879155186818293,0.2919230667090355,0.8398415597107488,1.7032924879057245,0.1097508639591192,1.5591966959973536,-0.17730901497041035,1.5175418977295634
NB_2563,NB_2563@2000-09-30,,2000-09-30,0,Materials,Construction Materials,2000,247.254,36.666,2.765,0.35,2.415,54.51,175.75,33.694,,42.42,72.751,142.056,328.44,62.552,73.414,38.467,,,35.978,-15.305,20.673,11.1719,538.8195,48.23,1037200.0,12049310.0,0,0,0,0,0,0,0,0,1,0,0,0,0,0,0,0,1,1,0,0,0,0,0,0,0,0,1,nonbankruptcy_candidate,2001-09-30,True,nonbankrupt,SSD,Simpson Manufacturing Company Inc. Common Stock,SSD US Equity,2000-07-02,1999-12-31,18,274,274,2000-09-29,1,2000-09-29,1.0,2000-09-29,1.0,2000-09-29,1.0,2000-09-29,1,2000-09-29,1,5,1,11.1719,2000-09-29,11.75,2000-08-31,12.25,2000-07-31,11.9492,2000-06-30,11.9063,2000-05-31,11.3125,2000-04-28,9.875,2000-03-31,10.5938,2000-02-29,9.8438,2000-01-31,10.9375,1999-12-31,10.4219,1999-11-30,10.1406,1999-10-29,11.7188,1999-09-30,77,13,True,True,True,1999-09-30,2000-09-29,2000-09-30,0,8,5.514452415584999,6.2912348244219825,4.963236161992962,4.151858468422708,4.309644096179919,3.6754648796920746,,3.6103231412081613,-2.7914718092412825,3.076067246206265
NB_590,NB_590@2000-09-30,,2000-09-30,0,Materials,Steel,2000,679.7,272.4,70.0,0.0,70.0,67.6,217.1,73.7,,66.0,52.6,143.4,371.0,25.6,48.1,4.8,3.7,,4.0,-20.8,-16.8,2.8594,240.2424,84.0192,6542400.0,20197180.0,0,0,0,0,0,0,0,0,1,0,0,0,0,0,0,0,0,1,0,0,0,0,0,0,0,0,1,nonbankruptcy_candidate,2001-09-30,True,nonbankrupt,CLF,Cleveland-Cliffs Inc. Common Stock,CLF US Equity,2000-07-02,1999-12-31,19,274,274,2000-09-29,1,2000-09-29,1.0,2000-09-29,1.0,2000-09-29,1.0,2000-09-29,1,2000-09-29,1,5,1,2.8594,2000-09-29,3.1406,2000-08-31,3.1016,2000-07-31,3.2266,2000-06-30,3.1797,2000-05-31,3.0703,2000-04-28,2.9531,2000-03-31,3.1172,2000-02-29,3.4922,2000-01-31,3.8906,1999-12-31,3.6563,1999-11-30,3.7344,1999-10-29,3.8906,1999-09-30,88,13,True,True,True,1999-09-30,2000-09-29,2000-09-30,0,8,6.523121680453905,5.485802237132205,4.972587226458726,3.2809112157876537,3.893859034800475,1.7578579175523736,1.547562508716013,1.6094379124341003,-3.0819099697950434,-2.8791984572980396
SA_90,SA_90@2000-09-30,2000-12-29,2000-09-30,1,Communications,Telecommunications,2000,374.805,259.786,65.364,54.76,10.604,27.189,172.408,226.796,,133.998,0.0,-54.388,604.591,10.364,25.055,8.045,,,30.372,-69.644,-39.272,1.5625,31.277,20.0173,3932600.0,7659439.0,0,0,0,0,0,0,0,0,1,0,0,0,0,0,0,0,1,1,0,0,0,0,0,0,0,0,2,bankruptcy,2001-09-30,True,bankrupt,PGEXQ,"Pacific Gateway Exchange, Inc.",PGEXQ US Equity,2000-07-02,1999-12-31,18,274,274,2000-09-29,1,2000-09-29,1.0,2000-09-29,1.0,2000-09-29,1.0,2000-09-29,1,2000-09-29,1,5,1,1.5625,2000-09-29,2.25,2000-08-31,3.0,2000-07-31,3.4063,2000-06-30,3.1875,2000-05-31,6.3125,2000-04-28,14.6875,2000-03-31,20.25,2000-02-29,19.625,2000-01-31,17.0625,1999-12-31,18.25,1999-11-30,22.75,1999-10-29,16.375,1999-09-30,51,13,True,True,True,1999-09-30,2000-09-29,2000-09-30,0,8,5.9290703918402965,3.474354902279882,-4.014362963792467,2.4304504639919418,3.260209688361178,2.2022121188472585,,3.44591577535042,-4.257653179834125,-3.69565643839296
NB_1105,NB_1105@2001-03-02,,2001-03-02,0,Communications,Entertainment Content,2001,27.259,12.283,2.205,0.096,2.109,3.877,16.085,10.174,,4.327,4.555,5.911,45.725,2.125,3.188,1.718,0.365,0.391,-4.439,-2.213,-6.652,12.625,137.1429,5.4628,51400.0,707279.7,0,0,0,0,0,0,0,0,1,0,0,0,0,0,0,0,0,0,0,0,0,0,0,0,0,0,1,nonbankruptcy_candidate,2002-03-02,True,nonbankrupt,GAIA,Gaia Inc. Class A Common Stock,GAIA US Equity,2000-12-02,1999-12-31,20,427,427,2001-02-28,2,2001-02-28,2.0,2001-02-28,2.0,2001-02-28,2.0,2001-02-28,2,2001-02-28,2,5,2,12.625,2001-02-28,15.0,2001-01-31,15.4375,2000-12-29,15.1875,2000-11-30,16.125,2000-10-31,18.3125,2000-09-29,17.875,2000-08-31,18.125,2000-07-31,18.5,2000-06-30,18.625,2000-05-31,19.5,2000-04-28,17.5,2000-03-31,16.875,2000-02-29,17,13,True,True,True,2000-02-29,2001-02-28,2001-03-02,0,8,3.341411990926117,4.9282886566357815,1.9331143451092572,1.1394342831883648,1.4322232930082905,0.999896315728952,0.31115442863692305,-1.6935952204408238,-1.1672050801337215,-2.0349670515780063
NB_2158,NB_2158@2001-03-02,,2001-03-02,0,Industrials,Aerospace & Defense,2001,14.709,5.283,2.111,2.111,0.0,0.086,13.508,5.283,,1.089,10.254,8.225,20.207,0.241,0.378,0.096,0.237,,-0.884,-0.057,-0.941,3.75,0.492,0.1312,2220.0,8891.88,0,0,0,0,0,0,0,0,1,0,0,0,0,0,0,0,0,1,0,0,0,0,0,0,0,0,1,nonbankruptcy_candidate,2002-03-02,True,nonbankrupt,POWW,Outdoor Holding Company Common Stock,POWW US Equity,2000-12-02,1999-12-31,19,427,427,2001-02-28,2,2001-02-28,2.0,2001-02-28,2.0,2001-02-28,2.0,2001-02-28,2,2001-02-28,2,5,2,3.75,2001-02-28,4.0625,2001-01-31,4.6875,2000-12-29,10.1563,2000-11-30,17.1875,2000-10-31,19.5313,2000-09-29,25.0,2000-08-31,19.5313,2000-07-31,25.0,2000-06-30,31.25,2000-05-31,19.5313,2000-04-28,39.0625,2000-03-31,46.0938,2000-02-29,42,13,True,True,True,2000-02-29,2001-02-28,2001-03-02,0,8,2.7542337965178025,0.40011750178156913,2.221917189926591,0.21591750622247016,0.32063317259146684,0.0916671885258238,0.21268909341035083,-0.6333971761541713,-0.055434706888100586,-0.6632033041868732
NB_2490,NB_2490@2001-03-02,,2001-03-02,0,Materials,Construction Materials,2001,9.174,7.864,4.676,0.228,4.448,0.374,4.65,2.37,,2.721,1.508,2.28,14.433,0.276,0.656,0.042,0.544,,0.355,-0.537,-0.182,0.75,2.2881,3.0508,14000.0,11218.75,0,0,0,0,0,0,0,0,1,0,0,0,0,0,0,0,0,1,0,0,0,0,0,0,0,0,1,nonbankruptcy_candidate,2002-03-02,True,nonbankrupt,SMID,Smith-Midland Corporation Common Stock,SMID US Equity,2000-12-02,1999-12-31,19,427,427,2001-02-28,2,2001-02-28,2.0,2001-02-28,2.0,2001-02-28,2.0,2001-02-28,2,2001-02-28,2,5,2,0.75,2001-02-28,0.8125,2001-01-31,0.5625,2000-12-29,0.4063,2000-11-30,0.4063,2000-10-31,0.5625,2000-09-29,0.4688,2000-08-31,0.75,2000-07-31,0.875,2000-06-30,0.4375,2000-05-31,0.5,2000-04-28,0.6875,2000-03-31,0.6875,2000-02-29,63,13,True,True,True,2000-02-29,2001-02-28,2001-03-02,0,8,2.3198354464005733,1.1903098903567526,1.1878434223960523,0.24373018492259815,0.504405055963068,0.04114194333117518,0.4343764516025845,0.3038014543316642,-0.4298324645564588,-0.16720791898390647
NB_2492,NB_2492@2001-03-02,,2001-03-02,0,Consumer Discretionary,Automotive,2001,556.021,352.503,195.425,31.557,163.868,40.38,374.693,168.887,,119.635,188.4,205.806,658.241,29.544,46.774,7.625,15.951,,20.984,-14.423,6.561,9.9,123.2075,12.4452,170100.0,1613638.0,0,0,0,0,0,0,0,0,1,0,0,0,0,0,0,0,0,1,0,0,0,0,0,0,0,0,2,nonbankruptcy_candidate,2002-03-02,True,nonbankrupt,SMP,Standard Motor Products Inc. Common Stock,SMP US Equity,2000-12-02,1999-12-31,19,427,427,2001-02-28,2,2001-02-28,2.0,2001-02-28,2.0,2001-02-28,2.0,2001-02-28,2,2001-02-28,2,5,2,9.9,2001-02-28,8.91,2001-01-31,7.375,2000-12-29,6.9375,2000-11-30,8.375,2000-10-31,8.0,2000-09-29,9.6875,2000-08-31,9.6875,2000-07-31,8.5156,2000-06-30,9.6875,2000-05-31,11.1875,2000-04-28,14.875,2000-03-31,13.5625,2000-02-29,93,13,True,True,True,2000-02-29,2001-02-28,2001-03-02,0,8,6.322602941191447,4.821953554149618,5.331781155753041,3.419168266983392,3.866481558457768,2.1546649629174235,2.8303268291363493,3.090314916039939,-2.735859901741477,2.023003456576133
NB_2811,NB_2811@2001-03-02,,2001-03-02,0,Materials,Construction Materials,2001,77.688,48.891,45.0,2.5,42.5,18.021,26.616,6.033,,4.166,4.266,20.583,31.537,5.333,9.933,2.533,2.561,4.427,2.208,-10.86,-8.652,1.0375,20.6551,19.9085,105500.0,107050.0,0,0,0,0,0,0,0,0,1,0,0,0,0,0,0,0,0,0,0,0,0,0,0,0,0,0,1,nonbankruptcy_candidate,2002-03-02,True,nonbankrupt,USLM,United States Lime & Minerals Inc. Common Stock,USLM US Equity,2000-12-02,1999-12-31,20,427,427,2001-02-28,2,2001-02-28,2.0,2001-02-28,2.0,2001-02-28,2.0,2001-02-28,2,2001-02-28,2,5,2,1.0375,2001-02-28,1.05,2001-01-31,1.0,2000-12-29,1.1,2000-11-30,1.2,2000-10-31,1.3,2000-09-29,1.325,2000-08-31,1.35,2000-07-31,1.35,2000-06-30,1.4,2000-05-31,1.525,2000-04-28,1.6,2000-03-31,1.45,2000-02-29,93,13,True,True,True,2000-02-29,2001-02-28,2001-03-02,0,8,4.365490666033782,3.075240992527089,3.0719059677768334,1.8457740575342934,2.3917857384523478,1.2621473683770081,1.2700414042956407,1.165647690004268,-2.4731713935695794,-2.2671651477627854
NB_2887,NB_2887@2001-03-02,,2001-03-02,0,Communications,Telecommunications,2001,61.93,15.933,1.243,0.907,0.336,19.52,53.011,14.842,,26.268,3.122,38.169,75.88,11.464,14.756,7.906,0.157,,3.649,-4.826,-1.177,13.375,293.925,21.9757,6749300.0,108641700.0,0,0,0,0,0,0,0,0,1,0,0,0,0,0,0,0,0,1,0,0,0,0,0,0,0,0,1,nonbankruptcy_candidate,2002-03-02,True,nonbankrupt,VSAT,ViaSat Inc. Common Stock,VSAT US Equity,2000-12-02,2000-03-31,19,336,336,2001-02-28,2,2001-02-28,2.0,2001-02-28,2.0,2001-02-28,2.0,2001-02-28,2,2001-02-28,2,5,2,13.375,2001-02-28,17.5,2001-01-31,13.125,2000-12-29,12.125,2000-11-30,22.0,2000-10-31,22.375,2000-09-29,29.9375,2000-08-31,24.75,2000-07-31,27.125,2000-06-30,19.5625,2000-05-31,23.4063,2000-04-28,36.0,2000-03-31,39.0,2000-02-29,51,13,True,True,True,2000-02-29,2001-02-28,2001-03-02,0,8,4.1420229975388425,5.686721086727906,3.6678856176097008,2.5228444891283925,2.7572212451086595,2.1867252068995104,0.1458304482115395,1.5366521427084476,-1.7623306585372427,-0.7779477822524105
NB_642,NB_642@2001-03-02,,2001-03-02,0,Industrials,Aerospace & Defense,2001,0.974,6.421,3.575,3.575,0.0,0.18,0.366,6.421,,0.069,0.016,-6.055,1.338,-7.745,-6.467,-8.019,0.328,0.533,-2.453,-0.021,-2.474,104.9994,1.4776,0.01407,126.0,16913.75,0,0,0,0,0,0,0,0,1,0,0,0,0,0,0,0,0,0,0,0,0,0,0,0,0,0,1,nonbankruptcy_candidate,2002-03-02,True,nonbankrupt,CODA,Coda Octopus Group Inc. Common stock,CODA US Equity,2000-12-02,1999-12-31,20,427,427,2001-02-28,2,2001-02-28,2.0,2001-02-28,2.0,2001-02-28,2.0,2001-02-28,2,2001-02-28,2,5,2,104.9994,2001-02-28,83.9995,2001-01-31,83.9995,2000-12-29,146.9991,2000-11-30,251.9985,2000-10-31,277.1984,2000-09-29,272.9984,2000-08-31,230.9986,2000-07-31,398.9976,2000-06-30,440.9974,2000-05-31,692.9959,2000-04-28,1343.9921,2000-03-31,2057.9879,2000-02-29,82,13,True,True,True,2000-02-29,2001-02-28,2001-03-02,0,8,0.6800619410112898,0.9072903496768561,-1.9537365853047772,-2.1684821084705654,-2.0104933120535646,-2.1993334631835713,0.2836740510542421,-1.2392434184078553,-0.020782539182528502,-1.2453066678189133
SA_143,SA_143@2001-03-02,2001-05-31,2001-03-02,1,Communications,Telecommunications,2001,4466.5,3743.5,3299.3,115.0,3184.3,912.3,1917.7,457.5,,74.0,0.0,1460.2,534.1,-192.5,-26.0,-416.2,193.0,,-157.8,-529.2,-687.0,1.2813,245.0261,191.2399,83207800.0,134721300.0,0,0,0,0,0,0,0,0,1,0,0,0,0,0,0,0,0,1,0,0,0,0,0,0,0,0,2,bankruptcy,2002-03-02,True,bankrupt,PSIXQ,PSINet Inc.,PSIXQ US Equity,2000-12-02,1999-12-31,19,427,427,2001-02-28,2,2001-02-28,2.0,2001-02-28,2.0,2001-02-28,2.0,2001-02-28,2,2001-02-28,2,5,2,1.2813,2001-02-28,2.375,2001-01-31,0.7188,2000-12-29,1.125,2000-11-30,6.6563,2000-10-31,9.625,2000-09-29,17.5625,2000-08-31,17.4375,2000-07-31,25.125,2000-06-30,26.0625,2000-05-31,23.1875,2000-04-28,34.0156,2000-03-31,46.375,2000-02-29,60,13,True,True,True,2000-02-29,2001-02-28,2001-03-02,0,8,8.404584247033583,5.5054376278653905,7.2870132949211275,-5.2652775124698366,-3.295836866004329,-6.0335657231266175,5.267858159063328,-5.067645548813036,-6.273254293854925,-6.5337888379333435
NB_1072,NB_1072@2001-07-03,,2001-07-03,0,Materials,Steel,2001,48.011,17.633,5.6,0.8,4.8,0.669,40.231,12.272,,10.585,28.817,27.959,120.396,4.855,5.903,2.928,0.624,1.048,4.855,-0.399,4.456,3.15,23.8417,7.5688,30000.0,98391.0,0,0,0,0,0,0,0,0,1,0,0,0,0,0,0,0,0,0,0,0,0,0,0,0,0,0,1,nonbankruptcy_candidate,2002-07-03,True,nonbankrupt,FRD,Friedman Industries Inc. Common Stock,FRD US Equity,2001-04-04,2001-03-31,20,94,94,2001-06-29,4,2001-06-29,4.0,2001-06-29,4.0,2001-06-29,4.0,2001-06-29,4,2001-06-29,4,5,4,3.15,2001-06-29,3.22,2001-05-31,2.75,2001-04-30,2.76,2001-03-30,2.76,2001-02-28,2.87,2001-01-31,2.875,2000-12-29,3.125,2000-11-30,3.6875,2000-10-31,3.875,2000-09-29,3.75,2000-08-31,3.375,2000-07-31,3.5,2000-06-30,97,13,True,True,True,2000-06-30,2001-06-29,2001-07-03,0,8,3.8920447627124815,3.2125236927267253,3.3658810365345877,1.7672959970496807,1.9319560997213385,1.3681303904922195,0.4848922417394862,1.7672959970496807,-0.3357576956833441,1.696715920541161
NB_2478,NB_2478@2001-07-03,,2001-07-03,0,Communications,Telecommunications,2001,77.016,31.987,27.0,27.0,0.0,1.552,5.984,29.135,,0.693,1.193,-23.151,5.558,-3.927,-3.663,-18.596,1.943,0.169,-3.842,-0.286,-4.128,1442.0,255.6327,0.17728,19283.0,31284450.0,0,0,0,0,0,0,0,0,1,0,0,0,0,0,0,0,0,0,0,0,0,0,0,0,0,0,1,nonbankruptcy_candidate,2002-07-03,True,nonbankrupt,SLNH,Soluna Holdings Inc. Common Stock,SLNH US Equity,2001-04-04,2000-09-30,20,276,276,2001-06-29,4,2001-06-29,4.0,2001-06-29,4.0,2001-06-29,4.0,2001-06-29,4,2001-06-29,4,5,4,1442.0,2001-06-29,2032.0,2001-05-31,1306.0,2001-04-30,875.0,2001-03-30,912.5,2001-02-28,1400.0,2001-01-31,700.0,2000-12-29,762.5,2000-11-30,1500.0,2000-10-31,2162.5,2000-09-29,2262.5,2000-08-31,2550.0,2000-07-31,3000.0,2000-06-30,97,13,True,True,True,2000-06-30,2001-06-29,2001-07-03,0,8,4.356913933858807,5.547645879759881,-3.1843257871087944,-1.594730283561826,-1.539659017826184,-2.9753254637763282,1.0794294692513358,-1.5773278585158668,-0.25153662581542763,-1.634715719618369
NB_2930,NB_2930@2001-07-03,,2001-07-03,0,Consumer Discretionary,Apparel & Textile Products,2001,91.944,20.598,5.207,5.207,0.0,3.519,51.67,17.758,,23.864,13.713,33.912,148.155,15.972,17.462,10.622,0.627,1.49,11.65,-1.204,10.446,7.75,88.818,8.7204,7200.0,55975.0,0,0,0,0,0,0,0,0,1,0,0,0,0,0,0,0,0,0,0,0,0,0,0,0,0,0,1,nonbankruptcy_candidate,2002-07-03,True,nonbankrupt,WEYS,Weyco Group Inc. Common Stock,WEYS US Equity,2001-04-04,2000-12-31,20,184,184,2001-06-29,4,2001-06-29,4.0,2001-06-29,4.0,2001-06-29,4.0,2001-06-29,4,2001-06-29,4,5,4,7.75,2001-06-29,7.7833,2001-05-31,8.0,2001-04-30,7.9583,2001-03-30,8.0833,2001-02-28,8.0625,2001-01-31,8.0417,2000-12-29,8.1667,2000-11-30,8.5208,2000-10-31,8.5,2000-09-29,8.75,2000-08-31,8.3333,2000-07-31,8.5,2000-06-30,97,13,True,True,True,2000-06-30,2001-06-29,2001-07-03,0,8,4.531997161250176,4.497785400655951,3.5528306096506603,2.8315649273400787,2.91571456556796,2.4528998536529136,0.48673782823690076,2.5376572151735295,-0.790273891290668,2.4376403239869107
SA_162,SA_162@2001-07-03,2001-10-01,2001-07-03,1,Consumer Discretionary,Automotive,2001,10255.0,8072.3,3707.5,147.8,3559.7,107.2,2136.8,1703.8,,741.9,808.6,433.0,6013.2,449.1,823.5,-281.5,,248.4,-154.5,-313.3,-467.8,1.69,119.3466,70.6193,14592700.0,33682210.0,0,0,0,0,0,0,0,0,1,0,0,0,0,0,0,0,1,0,0,0,0,0,0,0,0,0,2,bankruptcy,2002-07-03,True,bankrupt,FDMLQ,Federal-Mogul Corporation,FDMLQ US Equity,2001-04-04,2000-12-31,19,184,184,2001-06-29,4,2001-06-29,4.0,2001-06-29,4.0,2001-06-29,4.0,2001-06-29,4,2001-06-29,4,5,4,1.69,2001-06-29,3.52,2001-05-31,2.95,2001-04-30,2.93,2001-03-30,3.44,2001-02-28,4.55,2001-01-31,2.3125,2000-12-29,1.9375,2000-11-30,3.25,2000-10-31,5.4375,2000-09-29,10.3125,2000-08-31,9.125,2000-07-31,9.5625,2000-06-30,60,13,True,True,True,2000-06-30,2001-06-29,2001-07-03,0,8,9.23561817916045,4.790375912895242,6.073044534100405,6.109469780298887,6.714777141999654,-5.643678550586496,,-5.0466457316192885,-5.750347943803522,-6.1501762382628025
SA_220,SA_220@2001-08-15,2001-11-13,2001-08-15,1,Communications,Entertainment Content,2001,743.936,624.56,559.036,0.511,558.525,19.056,47.357,66.035,,13.446,13.929,-18.678,182.349,-18.84,71.85,-66.993,56.278,37.911,33.65,-76.714,-43.064,0.27,2.8581,10.5856,2825000.0,1072333.0,0,0,0,0,0,0,0,0,1,0,0,0,0,0,0,0,0,0,0,0,0,0,0,0,0,0,2,bankruptcy,2002-08-15,True,bankrupt,CLSCQ,"Classic Communications, Inc.",CLSCQ US Equity,2001-05-17,2000-12-31,20,227,227,2001-07-31,15,2001-07-31,15.0,2001-07-31,15.0,2001-07-31,15.0,2001-07-31,15,2001-07-31,15,5,15,0.27,2001-07-31,0.89,2001-06-29,0.49,2001-05-31,1.05,2001-04-30,2.0,2001-03-30,3.0,2001-02-28,3.1875,2001-01-31,2.1875,2000-12-29,3.625,2000-11-30,4.375,2000-10-31,5.0625,2000-09-29,5.0,2000-08-31,6.0,2000-07-31,20,13,True,True,True,2000-07-31,2001-07-31,2001-08-15,0,8,6.6132983086491555,1.3501748343135047,-2.9795012604435738,-2.987700101856727,4.288402532641213,-4.219404758700829,4.047916605841688,3.5452977256359124,-4.353035421323283,-3.785643122546244
SA_238,SA_238@2001-08-17,2001-11-15,2001-08-17,1,Consumer Discretionary,Apparel & Textile Products,2001,1351.6,1256.825,899.85,33.87,865.98,26.172,631.785,242.898,,301.001,287.969,388.887,1620.2469,25.56,92.656,-526.972,66.264,67.096,46.325,-73.773,-27.448,1.6,85.9351,53.2552,2285600.0,4626996.0,0,0,0,0,0,0,0,0,1,0,0,0,0,0,0,0,0,0,0,0,0,0,0,0,0,0,2,bankruptcy,2002-08-17,True,bankrupt,BRLGQ,"Burlington Industries, Inc.",BRLGQ US Equity,2001-05-19,2000-09-30,20,321,321,2001-07-31,17,2001-07-31,17.0,2001-07-31,17.0,2001-07-31,17.0,2001-07-31,17,2001-07-31,17,5,17,1.6,2001-07-31,2.3,2001-06-29,2.39,2001-05-31,2.15,2001-04-30,2.65,2001-03-30,2.25,2001-02-28,1.86,2001-01-31,1.75,2000-12-29,1.3125,2000-11-30,1.25,2000-10-31,1.25,2000-09-29,1.75,2000-08-31,1.625,2000-07-31,60,13,True,True,True,2000-07-31,2001-07-31,2001-08-17,0,8,7.209783945140839,4.465161863263787,5.965856953550165,3.279406324608233,4.5396284951773715,-6.269043251997075,4.208625175254486,3.8570386970953865,-4.314456857250918,-3.348077859331494
NB_893,NB_893@2001-08-22,,2001-08-22,0,Consumer Discretionary,Wholesale - Discretionary,2001,12.465,3.249,1.084,1.084,0.0,0.268,12.381,3.231,,1.478,10.217,9.15,17.597,1.838,1.898,1.091,0.105,,1.155,-0.059,1.096,2.125,16.609,7.816,92600.0,191914.0,0,0,0,0,0,0,0,0,1,0,0,0,0,0,0,0,0,1,0,0,0,0,0,0,0,0,1,nonbankruptcy_candidate,2002-08-22,True,nonbankrupt,EDUC,Educational Development Corporation Common Stock,EDUC US Equity,2001-05-24,2001-02-28,19,175,175,2001-07-31,22,2001-07-31,22.0,2001-07-31,22.0,2001-07-31,22.0,2001-07-31,22,2001-07-31,22,5,22,2.125,2001-07-31,1.74,2001-06-29,1.625,2001-05-31,1.525,2001-04-30,1.5469,2001-03-30,1.6875,2001-02-28,1.75,2001-01-31,1.5,2000-12-29,1.9063,2000-11-30,1.9375,2000-10-31,1.5313,2000-09-29,1.75,2000-08-31,1.7188,2000-07-31,98,13,True,True,True,2000-07-31,2001-07-31,2001-08-22,0,8,2.6000937262635624,2.868410134978641,2.3174737054877963,1.043099578737851,1.0640208438984906,0.7376424204464965,0.09984533496971613,0.7677907235557111,-0.05732506661926941,0.7400307664587957
SA_10,SA_10@2001-08-22,2001-11-20,2001-08-22,1,Consumer Discretionary,Wholesale - Discretionary,2001,381.281,349.248,165.451,161.482,3.969,0.385,329.21,340.181,,144.41,167.457,-10.971,803.738,-28.282,-20.991,-29.539,15.828,,35.219,-7.378,27.841,2.0,17.2358,8.6179,439900.0,769935.0,0,0,0,0,0,0,0,0,1,0,0,0,0,0,0,0,0,1,0,0,0,0,0,0,0,0,2,bankruptcy,2002-08-22,True,bankrupt,VMIXQ,Valley Media Inc.,VMIXQ US Equity,2001-05-24,2001-03-31,19,144,144,2001-07-31,22,2001-07-31,22.0,2001-07-31,22.0,2001-07-31,22.0,2001-07-31,22,2001-07-31,22,5,22,2.0,2001-07-31,1.61,2001-06-29,0.68,2001-05-31,0.93,2001-04-30,0.75,2001-03-30,0.75,2001-02-28,0.875,2001-01-31,0.75,2000-12-29,1.6875,2000-11-30,1.125,2000-10-31,1.7188,2000-09-29,2.75,2000-08-31,2.625,2000-07-31,29,13,True,True,True,2000-07-31,2001-07-31,2001-08-22,0,8,5.946155940278203,2.9033866949736593,-2.482487058269233,-3.3769729927712904,-3.0906332787487107,-3.419004555312021,2.8230441657282745,3.58958384301836,-2.1256092225248433,3.3617979858794174
SA_290,SA_290@2001-09-06,2001-12-05,2001-09-06,1,Consumer Discretionary,Automotive,2001,2603.8999,2615.0999,1787.9,1693.3,94.6,0.0,504.8,2184.8999,,248.8,217.3,-1680.0999,2168.2,112.5,264.6,-186.2,163.5,,-6.8,-157.1,-163.9,4.38,124.635,25.8065,1091800.0,6354607.0,0,0,0,0,0,0,0,0,1,0,0,0,0,0,0,0,0,1,0,0,0,0,0,0,0,0,2,bankruptcy,2002-09-06,True,bankrupt,HAZ,"Hayes Lemmerz International, Inc. (2001)",HLMMQ US Equity,2001-06-08,2001-01-31,19,218,218,2001-08-31,6,2001-08-31,6.0,2001-08-31,6.0,2001-08-31,6.0,2001-08-31,6,2001-08-31,6,5,6,4.38,2001-08-31,6.07,2001-07-31,6.4,2001-06-29,8.25,2001-05-31,7.7,2001-04-30,5.58,2001-03-30,6.33,2001-02-28,6.39,2001-01-31,6.6875,2000-12-29,8.0,2000-11-30,10.9375,2000-10-31,10.75,2000-09-29,12.875,2000-08-31,60,13,True,True,True,2000-08-31,2001-08-31,2001-09-06,0,8,7.865149527345519,4.83338087763532,-7.42720356055415,4.7318028369214575,5.5819914176022785,-5.232177564043492,5.1029105702054265,-2.0541237336955462,-5.0632277442154265,-5.105339229565553
SA_84,SA_84@2001-09-15,2001-12-14,2001-09-15,1,Communications,Telecommunications,2001,254.01,322.684,234.819,76.375,158.444,14.875,75.621,164.24,,51.676,0.0,-88.619,324.547,-50.918,-34.19,-128.355,27.707,14.3,-64.473,-40.094,-104.567,0.15,2.4831,16.5542,1160300.0,231734.5,0,0,0,0,0,0,0,0,1,0,0,0,0,0,0,0,0,0,0,0,0,0,0,0,0,0,2,bankruptcy,2002-09-15,True,bankrupt,STGCQ,Startec Global Communications Corporation,STGCQ US Equity,2001-06-17,2000-12-31,20,258,258,2001-08-31,15,2001-08-31,15.0,2001-08-31,15.0,2001-08-31,15.0,2001-08-31,15,2001-08-31,15,5,15,0.15,2001-08-31,0.19,2001-07-31,0.15,2001-06-29,0.24,2001-05-31,0.24,2001-04-30,0.5625,2001-03-30,1.375,2001-02-28,4.0,2001-01-31,3.875,2000-12-29,3.375,2000-11-30,4.5,2000-10-31,5.9375,2000-09-29,12.375,2000-08-31,47,13,True,True,True,2000-08-31,2001-08-31,2001-09-14,1,8,5.541302760075785,1.2479227018531387,-4.495567351072133,-3.949665550852657,-3.5607619513334936,-4.862560562697484,3.3571409954652354,-4.18163784391731,-3.7158621254438233,-4.6593458224338615
NB_2587,NB_2587@2001-10-18,,2001-10-18,0,Consumer Discretionary,Automotive,2001,101.648,41.638,0.0,0.0,0.0,15.298,59.667,26.493,,27.189,8.605,33.174,202.973,20.562,28.501,13.026,0.0,7.939,23.235,-7.548,15.687,28.88,118.4224,4.1005,39200.0,1294975.0,0,0,0,0,0,0,0,0,1,0,0,0,0,0,0,0,0,0,0,0,0,0,0,0,0,0,2,nonbankruptcy_candidate,2002-10-18,True,nonbankrupt,STRT,STRATTEC SECURITY CORPORATION Common Stock,STRT US Equity,2001-07-20,2001-07-01,20,109,109,2001-09-28,20,2001-09-28,20.0,2001-09-28,20.0,2001-09-28,20.0,2001-09-28,20,2001-09-28,20,5,20,28.88,2001-09-28,35.15,2001-08-31,35.989,2001-07-31,34.72,2001-06-29,34.0,2001-05-31,32.0,2001-04-30,31.75,2001-03-30,32.75,2001-02-28,32.25,2001-01-31,31.0,2000-12-29,32.75,2000-11-30,33.5,2000-10-31,33.25,2000-09-29,80,13,True,True,True,2000-09-29,2001-09-28,2001-10-18,0,8,4.631305659592718,4.78266678805306,3.5314651210260815,3.070932506116926,3.3844241610763244,2.6409127501147185,0.0,3.187797869297339,-2.1456973374569013,2.8146299731647657
NB_2742,NB_2742@2001-10-18,,2001-10-18,0,Communications,Entertainment Content,2001,330.257,160.065,85.042,84.694,0.348,5.245,216.474,147.449,170.192,110.783,53.798,69.025,364.001,33.309,41.989,6.417,,1.761,-54.23,-2.881,-57.111,4.7133,258.9833,54.94695,76393650.0,494555700.0,0,0,0,0,0,0,0,0,0,0,0,0,0,0,0,0,1,0,0,0,0,0,0,0,0,0,1,nonbankruptcy_candidate,2002-10-18,True,nonbankrupt,TTWO,Take-Two Interactive Software Inc. Common Stock,TTWO US Equity,2001-07-20,2000-10-31,20,352,352,2001-09-28,20,2001-09-28,20.0,2001-09-28,20.0,2001-09-28,20.0,2001-09-28,20,2001-09-28,20,5,20,4.7133,2001-09-28,11.0667,2001-08-31,13.24,2001-07-31,12.3667,2001-06-29,13.84,2001-05-31,9.2933,2001-04-30,9.5104,2001-03-30,7.6667,2001-02-28,8.125,2001-01-31,7.6667,2000-12-29,6.4583,2000-11-30,8.2917,2000-10-31,8.375,2000-09-29,54,13,True,True,True,2000-09-29,2001-09-28,2001-10-18,0,8,5.802894509152624,5.560617398183413,4.248852321146172,3.5354077104240367,3.7609442690141033,2.003774662754421,,-4.011506283913096,-1.3560928523867692,-4.062354974680987
NB_590,NB_590@2001-10-18,,2001-10-18,0,Materials,Steel,2001,727.8,301.9,70.0,0.0,70.0,29.9,248.0,102.2,,46.3,113.2,145.8,430.1,31.2,56.8,18.1,4.9,25.6,28.0,-23.4,4.6,1.8,146.0592,81.144,6269600.0,11736170.0,0,0,0,0,0,0,0,0,1,0,0,0,0,0,0,0,0,0,0,0,0,0,0,0,0,0,1,nonbankruptcy_candidate,2002-10-18,True,nonbankrupt,CLF,Cleveland-Cliffs Inc. Common Stock,CLF US Equity,2001-07-20,2000-12-31,20,291,291,2001-09-28,20,2001-09-28,20.0,2001-09-28,20.0,2001-09-28,20.0,2001-09-28,20,2001-09-28,20,5,20,1.8,2001-09-28,2.1,2001-08-31,2.0938,2001-07-31,2.3125,2001-06-29,2.5375,2001-05-31,2.4038,2001-04-30,2.25,2001-03-30,2.2438,2001-02-28,2.0375,2001-01-31,2.6953,2000-12-29,2.4766,2000-11-30,2.5781,2000-10-31,2.8594,2000-09-29,100,13,True,True,True,2000-09-29,2001-09-28,2001-10-18,0,8,6.5913993459457485,4.9908352267968,4.9890711161804155,3.4719664525503626,4.056988775678332,2.9496883350525844,1.7749523509116738,3.367295829986474,-3.1945831322991562,1.7227665977411035
SA_160,SA_160@2001-10-18,2002-01-16,2001-10-18,1,Industrials,Commercial Support Services,2001,1322.991,1061.066,659.223,14.6,644.623,15.624,538.468,397.883,,440.566,0.0,140.585,1447.251,105.192,142.203,2.016,72.169,14.807,44.995,-18.792,26.203,4.4,96.6891,21.9748,924600.0,4384000.0,0,0,0,0,0,0,0,0,1,0,0,0,0,0,0,0,0,0,0,0,0,0,0,0,0,0,2,bankruptcy,2002-10-18,True,bankrupt,ITXG,"IT Group, Inc.",ITXG US Equity,2001-07-20,2000-12-29,20,293,293,2001-09-28,20,2001-09-28,20.0,2001-09-28,20.0,2001-09-28,20.0,2001-09-28,20,2001-09-28,20,5,20,4.4,2001-09-28,5.35,2001-08-31,5.23,2001-07-31,6.35,2001-06-29,6.23,2001-05-31,5.01,2001-04-30,4.5,2001-03-30,4.49,2001-02-28,4.5,2001-01-31,5.0,2000-12-29,4.0,2000-11-30,4.4375,2000-10-31,4.75,2000-09-29,60,13,True,True,True,2000-09-29,2001-09-28,2001-10-18,0,8,7.188405938890768,4.5817899868063625,4.952900243445018,4.665248776403569,4.964263204027773,1.1039314501457096,4.292771833999212,3.8285326949291205,-2.9852778156501323,3.3033272613376496
NB_1045,NB_1045@2001-11-22,,2001-11-22,0,Communications,Telecommunications,2001,1.435,3.769,0.028,0.028,0.0,0.049,0.411,3.083,,0.021,0.325,-2.672,1.245,-9.689,-8.99,-10.82,0.303,,-3.748,-0.063,-3.811,4.1999,2.5488,0.60688,21412.0,73212.0,0,0,0,0,0,0,0,0,1,0,0,0,0,0,0,0,0,1,0,0,0,0,0,0,0,0,1,nonbankruptcy_candidate,2002-11-22,True,nonbankrupt,FKWL,Franklin Wireless Corp. Common Stock,FKWL US Equity,2001-08-24,2001-06-30,19,145,145,2001-10-31,22,2001-10-31,22.0,2001-10-31,22.0,2001-10-31,22.0,2001-10-31,22,2001-10-31,22,5,22,4.1999,2001-10-31,2.7999,2001-09-28,4.8999,2001-08-31,3.4999,2001-07-31,5.5999,2001-06-29,6.2999,2001-05-31,5.5999,2001-04-30,6.9999,2001-03-30,9.7998,2001-02-28,18.1996,2001-01-31,30.6244,2000-12-29,26.2495,2000-11-30,52.499,2000-10-31,91,13,True,True,True,2000-10-31,2001-10-31,2001-11-22,0,8,0.8899467565345531,1.2666095181739108,-1.300736472758244,-2.3692151752918087,-2.301584592660462,-2.469793011977952,0.26466929814270806,-1.5577234767474217,-0.06109509935981088,-1.5709049627173166
NB_1195,NB_1195@2001-11-22,,2001-11-22,0,Communications,Telecommunications,2001,12.165,3.624,0.505,0.443,0.062,0.806,10.023,3.562,,3.256,5.144,6.461,17.883,0.249,0.725,0.095,0.091,,0.178,-0.176,0.002,536207862.2914,2.4455,0.0,0.0,105821.0,0,0,0,0,0,0,0,0,1,0,0,0,0,0,0,0,0,1,0,0,0,0,0,0,0,0,1,nonbankruptcy_candidate,2002-11-22,True,nonbankrupt,GPUS,Hyperscale Data Inc. Common Stock,GPUS US Equity,2001-08-24,2000-12-31,19,326,326,2001-10-31,22,2001-10-31,22.0,2001-10-31,22.0,2001-10-31,22.0,2001-10-31,22,2001-10-31,22,5,22,536207862.2914,2001-10-31,464713480.6526,2001-09-28,500460671.472,2001-08-31,686346063.733,2001-07-31,786438198.0274,2001-06-29,915128084.9773,2001-05-31,907978646.8135,2001-04-30,958024713.9607,2001-03-30,1286898869.4994,2001-02-28,1680117968.5131,2001-01-31,1206467690.1557,2000-12-29,1340519655.7285,2000-11-30,2457619368.8356,2000-10-31,59,13,True,True,True,2000-10-31,2001-10-31,2001-11-22,0,8,2.5775617929482726,1.2370690318151256,2.0096894534893774,0.22234323114344062,0.545227050483323,0.09075436326846414,0.08709470685093376,0.16381808522939498,-0.16211884947643518,0.001998002662673056
NB_1240,NB_1240@2001-11-22,,2001-11-22,0,Industrials,Commercial Support Services,2001,108.3429,17.5376,0.0,0.0,0.0,22.8416,88.1218,14.1267,,52.7444,8.384,73.9951,254.6682,8.1499,10.3599,5.5878,,0.8728,7.751,0.0,7.751,1.7541,96.8888,55.23643,3723975.0,6054872.0,0,0,0,0,0,0,0,0,1,0,0,0,0,0,0,0,1,0,0,0,0,0,0,0,0,0,1,nonbankruptcy_candidate,2002-11-22,True,nonbankrupt,HCSG,Healthcare Services Group Inc. Common Stock,HCSG US Equity,2001-08-24,2000-12-31,19,326,326,2001-10-31,22,2001-10-31,22.0,2001-10-31,22.0,2001-10-31,22.0,2001-10-31,22,2001-10-31,22,5,22,1.7541,2001-10-31,1.6,2001-09-28,1.7481,2001-08-31,1.6296,2001-07-31,1.4025,2001-06-29,1.4025,2001-05-31,1.284,2001-04-30,1.4568,2001-03-30,1.0988,2001-02-28,1.0617,2001-01-31,1.2593,2000-12-29,1.0,2000-11-30,0.963,2000-10-31,101,13,True,True,True,2000-10-31,2001-10-31,2001-11-22,0,8,4.694488815888132,4.583832140540524,4.317422778068662,2.21374295026596,2.430089610437359,1.885219453627494,,2.169167979553694,0.0,2.169167979553694
NB_2105,NB_2105@2001-11-22,,2001-11-22,0,Industrials,Commercial Support Services,2001,72.771,50.751,25.49,6.402,19.088,0.498,19.918,22.747,,16.193,0.655,-2.829,59.139,1.813,5.464,-0.556,2.132,2.702,-0.227,-3.17,-3.397,16.0,97.8845,6.11778,1185660.0,19629350.0,0,0,0,0,0,0,0,0,1,0,0,0,0,0,0,0,0,0,0,0,0,0,0,0,0,0,1,nonbankruptcy_candidate,2002-11-22,True,nonbankrupt,PESI,Perma-Fix Environmental Services Inc. Common Stock,PESI US Equity,2001-08-24,2000-12-31,20,326,326,2001-10-31,22,2001-10-31,22.0,2001-10-31,22.0,2001-10-31,22.0,2001-10-31,22,2001-10-31,22,5,22,16.0,2001-10-31,14.6,2001-09-28,15.3,2001-08-31,11.4,2001-07-31,12.0,2001-06-29,13.3,2001-05-31,11.75,2001-04-30,9.0625,2001-03-30,9.6875,2001-02-28,9.8438,2001-01-31,7.1094,2000-12-29,9.9219,2000-11-30,9.375,2000-10-31,101,13,True,True,True,2000-10-31,2001-10-31,2001-11-22,0,8,4.30096570045026,4.593952502382583,-1.3426036724951576,1.0342515295077197,1.8662483212187944,-0.4421184257561999,1.1416717781285568,-0.2045721657287744,-1.4279160358107101,-1.480922490198673
NB_2447,NB_2447@2001-11-22,,2001-11-22,0,Consumer Discretionary,Apparel & Textile Products,2001,91.733,15.167,0.184,0.128,0.056,35.259,71.244,14.037,76.566,2.417,15.824,57.207,209.96,25.632,29.218,16.043,0.102,,8.748,-7.933,0.815,1.1852,105.8499,89.31085,14213981.0,18127780.0,0,0,0,0,0,0,0,0,0,0,0,0,0,0,0,0,0,1,0,0,0,0,0,0,0,0,1,nonbankruptcy_candidate,2002-11-22,True,nonbankrupt,SHOO,Steven Madden Ltd. Common Stock,SHOO US Equity,2001-08-24,2000-12-31,20,326,326,2001-10-31,22,2001-10-31,22.0,2001-10-31,22.0,2001-10-31,22.0,2001-10-31,22,2001-10-31,22,5,22,1.1852,2001-10-31,1.3366,2001-09-28,1.9437,2001-08-31,2.344,2001-07-31,2.4059,2001-06-29,2.1228,2001-05-31,2.348,2001-04-30,1.9342,2001-03-30,1.7942,2001-02-28,1.4321,2001-01-31,1.0041,2000-12-29,0.9712,2000-11-30,1.2551,2000-10-31,95,13,True,True,True,2000-10-31,2001-10-31,2001-11-22,0,8,4.529724396278468,4.671425045873282,4.0640056224190335,3.282113500272724,3.408437773317649,2.8357395622430994,0.09712671073072274,2.27706213576296,-2.189752284719702,0.596085467716814
SA_77,SA_77@2001-11-22,2002-02-20,2001-11-22,1,Industrials,Aerospace & Defense,2001,573.475,432.007,202.414,167.477,34.937,0.0,343.206,244.876,,80.315,195.64,98.33,353.983,32.4,39.259,-31.33,27.071,5.662,25.063,-6.944,18.119,0.17,2.0249,11.911,1171400.0,328128.8,0,0,0,0,0,0,0,0,1,0,0,0,0,0,0,0,0,0,0,0,0,0,0,0,0,0,2,bankruptcy,2002-11-22,True,bankrupt,KELLQ,"Kellstrom Industries, Inc.",KELLQ US Equity,2001-08-24,2000-12-31,20,326,326,2001-10-31,22,2001-10-31,22.0,2001-10-31,22.0,2001-10-31,22.0,2001-10-31,22,2001-10-31,22,5,22,0.17,2001-10-31,0.4,2001-09-28,0.43,2001-08-31,1.43,2001-07-31,1.93,2001-06-29,1.69,2001-05-31,1.8,2001-04-30,2.75,2001-03-30,4.0938,2001-02-28,5.0938,2001-01-31,2.9375,2000-12-29,3.125,2000-11-30,3.9375,2000-10-31,60,13,True,True,True,2000-10-31,2001-10-31,2001-11-22,0,8,6.353456580241,1.1068780330851424,4.598447640227264,3.5085558999826545,3.6953335813537347,-3.4759955917373415,3.3347370149618856,3.2605166840272752,-2.0724169267428714,2.950682605000267
NB_594,NB_594@2001-12-06,,2001-12-06,0,Consumer Discretionary,Wholesale - Discretionary,2001,33.855,,,,,2.091,32.275,14.949,,13.048,2.631,17.326,216.543,-5.454,-2.888,-17.474,0.353,,2.235,-0.581,1.654,0.8475,17.7304,20.9208,173600.0,146746.0,0,1,1,1,1,0,0,0,1,0,0,0,0,0,0,0,0,1,0,0,0,0,0,0,0,0,1,nonbankruptcy_candidate,2002-12-06,True,nonbankrupt,CLMB,Climb Global Solutions Inc. Common Stock,CLMB US Equity,2001-09-07,2000-12-31,15,340,340,2001-11-30,6,2001-11-30,6.0,2001-11-30,6.0,2001-11-30,6.0,2001-11-30,6,2001-11-30,6,5,6,0.8475,2001-11-30,0.895,2001-10-31,0.975,2001-09-28,1.0025,2001-08-31,1.0876,2001-07-31,1.005,2001-06-29,0.825,2001-05-31,0.97,2001-04-30,1.0,2001-03-30,0.9219,2001-02-28,0.9219,2001-01-31,0.6406,2000-12-29,0.7188,2000-11-30,77,13,True,True,True,2000-11-30,2001-11-30,2001-12-06,0,8,3.551196598938362,2.930147872341146,2.9083208165430214,-1.86470009362977,-1.3578948865981926,-2.9163643381704185,0.302324349188651,1.174028927952864,-0.45805755822733496,0.9760679359100157
SA_240,SA_240@2001-12-06,2002-03-06,2001-12-06,1,Materials,Steel,2001,2565.2,1847.4999,637.7,114.4,523.3,3.3,767.8,589.1,,190.6,522.8,178.7,2978.8999,-117.2,35.8,-129.8,41.3,153.0,111.0,-217.3,-106.3,1.18,51.0704,21.18,930100.0,906096.0,0,0,0,0,0,0,0,0,1,0,0,0,0,0,0,0,0,0,0,0,0,0,0,0,0,0,2,bankruptcy,2002-12-06,True,bankrupt,NSTLQ,National Steel Corp.,NSTLQ US Equity,2001-09-07,2000-12-31,20,340,340,2001-11-30,6,2001-11-30,6.0,2001-11-30,6.0,2001-11-30,6.0,2001-11-30,6,2001-11-30,6,5,6,1.18,2001-11-30,1.0,2001-10-31,1.15,2001-09-28,1.8,2001-08-31,1.9,2001-07-31,1.72,2001-06-29,1.65,2001-05-31,2.11,2001-04-30,2.31,2001-03-30,2.0,2001-02-28,2.36,2001-01-31,1.1875,2000-12-29,1.75,2000-11-30,60,13,True,True,True,2000-11-30,2001-11-30,2001-12-06,0,8,7.850181484460918,3.952596649111885,5.191288793789513,-4.772378104971998,3.6054978451748854,-4.873669439023098,3.744787086052232,4.718498871295094,-5.385870263555899,-4.675628649636653
SA_3,SA_3@2001-12-11,2002-03-11,2001-12-11,1,Materials,Construction Materials,2001,427.206,303.23,213.515,22.842,190.673,5.021,100.913,64.85,,34.86,29.795,36.063,291.689,3.674,20.49,-17.159,19.964,16.8,2.81,-40.889,-38.079,0.09,1.3411,14.9006,1130000.0,168322.5,0,0,0,0,0,0,0,0,1,0,0,0,0,0,0,0,0,0,0,0,0,0,0,0,0,0,2,bankruptcy,2002-12-11,True,bankrupt,AGATQ,"U.S. Aggregates, Inc.",AGATQ US Equity,2001-09-12,2000-12-31,20,345,345,2001-11-30,11,2001-11-30,11.0,2001-11-30,11.0,2001-11-30,11.0,2001-11-30,11,2001-11-30,11,5,11,0.09,2001-11-30,0.2,2001-10-31,0.23,2001-09-28,0.68,2001-08-31,0.89,2001-07-31,1.35,2001-06-29,1.01,2001-05-31,1.26,2001-04-30,5.9,2001-03-30,8.25,2001-02-28,8.5,2001-01-31,7.6875,2000-12-29,8.8125,2000-11-30,28,13,True,True,True,2000-11-30,2001-11-30,2001-12-11,0,8,6.059604388201271,0.8506209043841353,3.612619167392072,1.5420152361166661,3.067587710654419,-2.8991663055776598,3.0428066809399197,1.3376291891386096,-3.7350232626281676,-3.6655852383108543
SA_118,SA_118@2002-02-19,2002-05-20,2002-02-19,1,Communications,Telecommunications,2002,6252.3311,4007.1061,2650.698,8.981,2641.717,1148.8879,1505.387,906.452,,111.157,0.0,598.9349,188.152,-328.625,-150.084,-407.241,185.404,,53.941,-1749.778,-1695.837,0.41,316.351,704.04889,487047700.0,243383500.0,0,0,0,0,0,0,0,0,1,0,0,0,0,0,0,0,0,1,0,0,0,0,0,0,0,0,2,bankruptcy,2003-02-19,True,bankrupt,MFNXQ,"Metromedia Fiber Network, Inc.",MFNXQ US Equity,2001-11-21,2000-12-31,19,415,415,2002-01-31,19,2002-01-31,19.0,2002-01-31,19.0,2002-01-31,19.0,2002-01-31,19,2002-01-31,19,5,19,0.41,2002-01-31,0.44,2001-12-31,0.56,2001-11-30,0.72,2001-10-31,0.34,2001-09-28,0.75,2001-08-31,0.87,2001-07-31,2.04,2001-06-29,4.02,2001-05-31,5.09,2001-04-30,5.48,2001-03-30,9.5,2001-02-28,15.9375,2001-01-31,52,13,True,True,True,2001-01-31,2002-01-31,2002-02-19,0,8,8.740869576749185,5.76000841684252,6.396821149329596,-5.797955644673451,-5.017835973532956,-6.011857686292203,5.227916361248712,4.006259882176034,-7.467815539553532,-7.436521208764734
NB_1011,NB_1011@2002-02-22,,2002-02-22,0,Consumer Discretionary,Retail - Discretionary,2002,119.118,53.464,43.662,1.643,42.019,6.611,50.466,8.631,,24.75,17.221,41.835,103.727,12.002,16.485,2.615,2.859,2.612,14.628,-2.055,12.573,2.7567,72.4014,26.2641,2177400.0,5582287.0,0,0,0,0,0,0,0,0,1,0,0,0,0,0,0,0,0,0,0,0,0,0,0,0,0,0,1,nonbankruptcy_candidate,2003-02-22,True,nonbankrupt,FCFS,FirstCash Holdings Inc. Common Stock,FCFS US Equity,2001-11-24,2000-12-31,20,418,418,2002-01-31,22,2002-01-31,22.0,2002-01-31,22.0,2002-01-31,22.0,2002-01-31,22,2002-01-31,22,5,22,2.7567,2002-01-31,2.2667,2001-12-31,2.49,2001-11-30,2.6667,2001-10-31,2.5667,2001-09-28,2.8133,2001-08-31,2.6147,2001-07-31,2.2667,2001-06-29,2.4567,2001-05-31,2.2167,2001-04-30,1.6563,2001-03-30,1.3958,2001-02-28,1.0833,2001-01-31,104,13,True,True,True,2001-01-31,2002-01-31,2002-02-22,0,8,4.788474592959866,4.295943009008054,3.757355525416007,2.565103191782277,2.861343370515339,1.285091855610728,1.3504080825554816,2.749064177192824,-1.1167795926235586,2.608082525315828
NB_1718,NB_1718@2002-02-22,,2002-02-22,0,Utilities,Electric Utilities,2002,571.604,371.292,227.637,44.2,183.437,4.307,100.52,87.237,,66.061,21.392,13.283,324.108,55.517,92.792,27.355,14.129,35.081,47.774,-84.665,-36.891,17.0927,434.958,25.44705,637200.0,10936960.0,0,0,0,0,0,0,0,0,1,0,0,0,0,0,0,0,0,0,0,0,0,0,0,0,0,0,1,nonbankruptcy_candidate,2003-02-22,True,nonbankrupt,MGEE,MGE Energy Inc,MGEE US Equity,2001-11-24,2000-12-31,20,418,418,2002-01-31,22,2002-01-31,22.0,2002-01-31,22.0,2002-01-31,22.0,2002-01-31,22,2002-01-31,22,5,22,17.0927,2002-01-31,17.6333,2001-12-31,17.7267,2001-11-30,16.2733,2001-10-31,16.7667,2001-09-28,16.0067,2001-08-31,16.26,2001-07-31,18.5333,2001-06-29,15.8,2001-05-31,15.3933,2001-04-30,15.5833,2001-03-30,15.2083,2001-02-28,14.9167,2001-01-31,104,13,True,True,True,2001-01-31,2002-01-31,2002-02-22,0,8,6.350194378318973,6.077545908433746,2.659070018880491,4.034541477851347,4.541079564528482,3.3448033814659914,2.7166134317626978,3.8871973839924903,-4.450444340784936,-3.634713616870154
NB_2815,NB_2815@2002-02-22,,2002-02-22,0,Utilities,Electric Utilities,2002,382.967,302.807,125.061,36.642,88.419,3.06,37.87,64.169,,28.659,2.854,-26.299,182.941,17.693,29.657,7.216,6.82,11.964,8.864,-18.559,-9.695,24.15,114.5604,4.7437,82800.0,1947720.0,0,0,0,0,0,0,0,0,1,0,0,0,0,0,0,0,0,0,0,0,0,0,0,0,0,0,1,nonbankruptcy_candidate,2003-02-22,True,nonbankrupt,UTL,UNITIL Corporation Common Stock,UTL US Equity,2001-11-24,2000-12-31,20,418,418,2002-01-31,22,2002-01-31,22.0,2002-01-31,22.0,2002-01-31,22.0,2002-01-31,22,2002-01-31,22,5,22,24.15,2002-01-31,23.4,2001-12-31,24.4,2001-11-30,24.15,2001-10-31,24.25,2001-09-28,24.1,2001-08-31,24.25,2001-07-31,24.75,2001-06-29,26.25,2001-05-31,25.7,2001-04-30,25.75,2001-03-30,25.25,2001-02-28,25.8,2001-01-31,104,13,True,True,True,2001-01-31,2002-01-31,2002-02-22,0,8,5.950556611394888,4.749793336997374,-3.306850071483388,2.9281491222301947,3.4228610212981816,2.106083472626257,2.05668455455722,2.288891765862043,-2.9734355385553806,-2.369776342534369
NB_618,NB_618@2002-02-22,,2002-02-22,0,Technology,Technology Hardware,2002,146.988,81.423,51.154,6.997,44.157,36.205,104.096,37.007,,27.374,36.732,67.089,135.931,13.155,19.73,6.714,4.015,,4.8,-2.776,2.024,4.9556,82.9292,16.7346,794025.0,4283108.0,0,0,0,0,0,0,0,0,1,0,0,0,0,0,0,0,0,1,0,0,0,0,0,0,0,0,1,nonbankruptcy_candidate,2003-02-22,True,nonbankrupt,CMTL,Comtech Telecommunications Corp. Common Stock,CMTL US Equity,2001-11-24,2001-07-31,19,206,206,2002-01-31,22,2002-01-31,22.0,2002-01-31,22.0,2002-01-31,22.0,2002-01-31,22,2002-01-31,22,5,22,4.9556,2002-01-31,5.5111,2001-12-31,5.3467,2001-11-30,6.0,2001-10-31,6.5467,2001-09-28,7.0667,2001-08-31,6.4667,2001-07-31,6.2222,2001-06-29,6.1111,2001-05-31,5.7511,2001-04-30,5.7778,2001-03-30,6.25,2001-02-28,7.9444,2001-01-31,104,13,True,True,True,2001-01-31,2002-01-31,2002-02-22,0,8,4.997131189395786,4.429973586296658,4.220815672942616,2.6500679185638627,3.0315819264476884,2.043036859786036,1.612433421413899,1.7578579175523736,-1.3286652482832542,1.1065804583172865
SA_308,SA_308@2002-02-22,2002-05-23,2002-02-22,1,Consumer Discretionary,Wholesale - Discretionary,2002,325.78,208.654,167.246,67.501,99.745,0.158,177.03,108.909,,41.433,124.53,68.121,283.671,19.345,25.969,-0.885,18.959,,10.133,-5.873,4.26,0.45,7.6318,16.9595,539000.0,184199.0,0,0,0,0,0,0,0,0,1,0,0,0,0,0,0,0,0,1,0,0,0,0,0,0,0,0,2,bankruptcy,2003-02-22,True,bankrupt,PTACQ,Pentacon Inc.,PTACQ US Equity,2001-11-24,2000-12-31,19,418,418,2002-01-31,22,2002-01-31,22.0,2002-01-31,22.0,2002-01-31,22.0,2002-01-31,22,2002-01-31,22,5,22,0.45,2002-01-31,0.215,2001-12-31,0.31,2001-11-30,0.42,2001-10-31,0.78,2001-09-28,1.05,2001-08-31,1.25,2001-07-31,1.4,2001-06-29,0.92,2001-05-31,0.9,2001-04-30,0.95,2001-03-30,1.15,2001-02-28,1.13,2001-01-31,47,13,True,True,True,2001-01-31,2002-01-31,2002-02-22,0,8,5.789287161602678,2.1554530580859312,4.235858591983738,3.0128351814536534,3.294688058229148,-0.6339278208999741,2.99368016942786,2.4099136707465703,-1.9276006921394682,1.6601310267496185
SA_131,SA_131@2002-03-05,2002-06-03,2002-03-05,1,Materials,Steel,2002,701.345,707.849,547.5,293.5,254.0,0.935,205.869,400.941,,58.261,71.708,-195.072,599.875,26.077,60.332,-196.986,33.761,34.255,9.581,-10.538,-0.957,0.4,12.6194,31.5485,3638300.0,1646885.0,0,0,0,0,0,0,0,0,1,0,0,0,0,0,0,0,0,0,0,0,0,0,0,0,0,0,2,bankruptcy,2003-03-05,True,bankrupt,BIR,Birmingham Steel Corp.,BIRS US Equity,2001-12-05,2001-06-30,20,248,248,2002-02-28,5,2002-02-28,5.0,2002-02-28,5.0,2002-02-28,5.0,2002-02-28,5,2002-02-28,5,5,5,0.4,2002-02-28,0.33,2002-01-31,0.32,2001-12-31,0.27,2001-11-30,0.77,2001-10-31,1.0,2001-09-28,0.99,2001-08-31,1.04,2001-07-31,1.04,2001-06-29,1.2,2001-05-31,1.05,2001-04-30,0.95,2001-03-30,1.45,2001-02-28,60,13,True,True,True,2001-02-28,2002-02-28,2002-03-05,0,8,6.554424736293794,2.6114952468875745,-5.2784819387139255,3.298684659041616,4.116301729574142,-5.288196321123966,3.548496068683035,2.3590599399220245,-2.4456459358346976,-0.6714126884139392
NB_1305,NB_1305@2002-03-13,,2002-03-13,0,Industrials,Transportation & Logistics,2002,469.373,336.976,121.43,12.341,109.089,0.0,206.783,212.685,,192.969,0.0,-5.902,1382.88,13.495,26.111,2.683,11.532,6.875,41.35,-26.613,14.737,1.0313,63.5951,56.3696,5952000.0,6381084.0,0,0,0,0,0,0,0,0,1,0,0,0,0,0,0,0,0,0,0,0,0,0,0,0,0,0,1,nonbankruptcy_candidate,2003-03-13,True,nonbankrupt,HUBG,Hub Group Inc. Class A Common Stock,HUBG US Equity,2001-12-13,2000-12-31,20,437,437,2002-02-28,13,2002-02-28,13.0,2002-02-28,13.0,2002-02-28,13.0,2002-02-28,13,2002-02-28,13,5,13,1.0313,2002-02-28,1.3875,2002-01-31,1.31,2001-12-31,1.22,2001-11-30,1.36,2001-10-31,1.325,2001-09-28,1.75,2001-08-31,1.75,2001-07-31,1.625,2001-06-29,1.6375,2001-05-31,1.2025,2001-04-30,1.2617,2001-03-30,1.2344,2001-02-28,72,13,True,True,True,2001-02-28,2002-02-28,2002-03-13,0,8,6.1535259969779075,4.168138556518505,-1.9318112246758117,2.673803762373619,3.2999395495879287,1.3037276374629283,2.5282853730899455,3.7459684210980635,-3.3182866763233516,2.756014627618727
NB_1932,NB_1932@2002-03-13,,2002-03-13,0,Technology,IT Services,2002,13.506,3.614,0.535,0.286,0.249,0.306,2.77,3.365,,2.173,0.111,-0.595,6.727,-6.484,-4.557,-14.05,,,-6.198,-0.586,-6.784,12.875,4.1147,0.31959,13934.0,161911.8,0,0,0,0,0,0,0,0,1,0,0,0,0,0,0,0,1,1,0,0,0,0,0,0,0,0,1,nonbankruptcy_candidate,2003-03-13,True,nonbankrupt,NTWK,NetSol Technologies Inc. Common Stock,NTWK US Equity,2001-12-13,2001-06-30,18,256,256,2002-02-28,13,2002-02-28,13.0,2002-02-28,13.0,2002-02-28,13.0,2002-02-28,13,2002-02-28,13,5,13,12.875,2002-02-28,13.0,2002-01-31,18.0,2001-12-31,16.5,2001-11-30,10.0,2001-10-31,9.0,2001-09-28,8.5,2001-08-31,22.5,2001-07-31,95.0,2001-06-29,199.0,2001-05-31,240.0,2001-04-30,125.0,2001-03-30,200.0,2001-02-28,42,13,True,True,True,2001-02-28,2002-02-28,2002-03-13,0,8,2.6745623569412205,1.632118746657158,-0.4668737362368079,-2.012767408411843,-1.7150583942977842,-2.711377991194885,,-1.973803209656839,-0.46121512321265623,-2.052070344883704
NB_86,NB_86@2002-03-13,,2002-03-13,0,Technology,IT Services,2002,2.02,2.537,0.599,0.599,0.0,0.043,1.349,2.537,,1.053,0.021,-1.188,5.771,-0.738,-0.395,-0.78,,0.184,-0.155,0.0,-0.155,12.600013,4.276,0.33937,11407.0,167124.0,0,0,0,0,0,0,0,0,1,0,0,0,0,0,0,0,1,0,0,0,0,0,0,0,0,0,1,nonbankruptcy_candidate,2003-03-13,True,nonbankrupt,AIFF,Firefly Neuroscience Inc. Common Stock,AIFF US Equity,2001-12-13,2000-12-31,19,437,437,2002-02-28,13,2002-02-28,13.0,2002-02-28,13.0,2002-02-28,13.0,2002-02-28,13,2002-02-28,13,5,13,12.600013,2002-02-28,15.300015,2002-01-31,16.500017,2001-12-31,6.000006,2001-11-30,7.200007,2001-10-31,4.500005,2001-09-28,6.000006,2001-08-31,9.90001,2001-07-31,7.500008,2001-06-29,15.000015,2001-05-31,18.000018,2001-04-30,7.500008,2001-03-30,4.800005,2001-02-28,86,13,True,True,True,2001-02-28,2002-02-28,2002-03-13,0,8,1.1052568313867783,1.663168234855068,-0.7829878845597348,-0.5527350268432003,-0.33289441527332897,-0.5766133643039938,,-0.14410034397375684,0.0,-0.14410034397375684
SA_36,SA_36@2002-03-13,2002-06-11,2002-03-13,1,Utilities,Electric Utilities,2002,712.342,105.74,0.0,0.0,0.0,179.885,537.646,105.74,,47.885,44.663,431.906,84.082,-183.186,-179.371,-169.834,0.0,,-173.929,-12.6,-186.529,0.83,52.0823,62.7498,8932400.0,6106956.0,0,0,0,0,0,0,0,0,1,0,0,0,0,0,0,0,0,1,0,0,0,0,0,0,0,0,2,bankruptcy,2003-03-13,True,bankrupt,NWPWQ,"NewPower Holdings, Inc.",NWPWQ US Equity,2001-12-13,2000-12-31,19,437,437,2002-02-28,13,2002-02-28,13.0,2002-02-28,13.0,2002-02-28,13.0,2002-02-28,13,2002-02-28,13,5,13,0.83,2002-02-28,0.46,2002-01-31,0.74,2001-12-31,0.99,2001-11-30,0.92,2001-10-31,3.08,2001-09-28,4.0,2001-08-31,7.0,2001-07-31,9.0,2001-06-29,9.05,2001-05-31,8.6,2001-04-30,6.5,2001-03-30,6.25,2001-02-28,17,13,True,True,True,2001-02-28,2002-02-28,2002-03-13,0,8,6.569960968806693,3.9718435393466556,6.070520614365746,-5.215946116589625,-5.195015840825968,-5.140692324775864,0.0,-5.164380177313491,-2.6100697927420065,-5.233933500117477
NB_2442,NB_2442@2002-06-05,,2002-06-05,0,Communications,Telecommunications,2002,167.372,90.932,62.636,10.587,52.049,2.037,16.609,21.641,74.602,5.739,2.934,-5.032,68.704,6.424,17.687,16.372,4.127,10.54,10.341,-27.972,-17.631,4.4917,203.0952,45.216,1768800.0,7470369.0,0,0,0,0,0,0,0,0,0,0,0,0,0,0,0,0,0,0,0,0,0,0,0,0,0,0,1,nonbankruptcy_candidate,2003-06-05,True,nonbankrupt,SHEN,Shenandoah Telecommunications Co Common Stock,SHEN US Equity,2002-03-07,2001-12-31,21,156,156,2002-05-31,5,2002-05-31,5.0,2002-05-31,5.0,2002-05-31,5.0,2002-05-31,5,2002-05-31,5,5,5,4.4917,2002-05-31,4.1375,2002-04-30,3.25,2002-03-29,2.9875,2002-02-28,3.1625,2002-01-31,3.2708,2001-12-31,3.1667,2001-11-30,2.8683,2001-10-31,2.9,2001-09-28,3.0,2001-08-31,3.0833,2001-07-31,2.4333,2001-06-29,2.5,2001-05-31,98,13,True,True,True,2001-05-31,2002-05-31,2002-06-05,0,8,5.126175817199859,5.318586551655859,-1.797078630705655,2.0047179954838996,2.9278280949401183,2.8548597146725756,1.6345206928015634,2.428424477833193,-3.3663298463330795,-2.9248268600382166
NB_893,NB_893@2002-06-05,,2002-06-05,0,Consumer Discretionary,Wholesale - Discretionary,2002,14.157,4.041,0.0,0.0,0.0,0.907,12.201,4.041,,2.04,8.976,8.16,20.554,2.383,2.504,1.531,0.02,,4.248,-1.889,2.359,3.325,25.5347,7.6796,181600.0,637317.1,0,0,0,0,0,0,0,0,1,0,0,0,0,0,0,0,0,1,0,0,0,0,0,0,0,0,1,nonbankruptcy_candidate,2003-06-05,True,nonbankrupt,EDUC,Educational Development Corporation Common Stock,EDUC US Equity,2002-03-07,2002-02-28,19,97,97,2002-05-31,5,2002-05-31,5.0,2002-05-31,5.0,2002-05-31,5.0,2002-05-31,5,2002-05-31,5,5,5,3.325,2002-05-31,3.7,2002-04-30,3.5,2002-03-29,3.405,2002-02-28,3.4927,2002-01-31,2.75,2001-12-31,2.625,2001-11-30,2.87,2001-10-31,2.55,2001-09-28,2.65,2001-08-31,2.125,2001-07-31,1.74,2001-06-29,1.625,2001-05-31,108,13,True,True,True,2001-05-31,2002-05-31,2002-06-05,0,8,2.71846247144952,3.2784533103934486,2.214846178686039,1.2187628897985714,1.253905173074145,0.928614481562987,0.019802627296179712,1.657847051641788,-1.0609104214840983,1.2116433106301556
SA_223,SA_223@2002-06-05,2002-09-03,2002-06-05,1,Industrials,Transportation & Logistics,2002,880.58,732.341,99.0,83.9,15.1,28.067,429.302,446.161,,292.851,6.67,-16.859,2237.7029,-91.087,-25.135,-104.253,8.361,54.619,-41.053,-74.068,-115.121,3.15,70.6592,22.4315,2011600.0,6511397.0,0,0,0,0,0,0,0,0,1,0,0,0,0,0,0,0,0,0,0,0,0,0,0,0,0,0,2,bankruptcy,2003-06-05,True,bankrupt,CFWEQ,Consolidated Freightways Corp.,CFWEQ US Equity,2002-03-07,2001-12-31,20,156,156,2002-05-31,5,2002-05-31,5.0,2002-05-31,5.0,2002-05-31,5.0,2002-05-31,5,2002-05-31,5,5,5,3.15,2002-05-31,3.259,2002-04-30,5.24,2002-03-29,4.72,2002-02-28,4.47,2002-01-31,5.09,2001-12-31,3.96,2001-11-30,4.2,2001-10-31,3.03,2001-09-28,5.53,2001-08-31,6.74,2001-07-31,8.96,2001-06-29,8.44,2001-05-31,60,13,True,True,True,2001-05-31,2002-05-31,2002-06-05,0,8,6.78171575211591,4.271921547985298,-2.882507582839363,-4.522733782375623,-3.263275412164885,-4.656366975719218,2.236552122389608,-3.7389307275126464,-4.3183943694290265,-4.754632750900265
NB_447,NB_447@2002-08-29,,2002-08-29,0,Energy,Oil & Gas Supply Chain,2002,30.5379,16.3555,2.759,0.4057,2.3533,2.5643,4.8926,1.4064,,0.9978,0.0866,3.4862,2.0041,-5.8315,-5.29,-6.1811,0.3453,,-3.3348,-0.0823,-3.4171,119.9998,23.821,0.19851,4928.0,648030.4,0,0,0,0,0,0,0,0,1,0,0,0,0,0,0,0,0,1,0,0,0,0,0,0,0,0,1,nonbankruptcy_candidate,2003-08-29,True,nonbankrupt,BSIN,Big Sky Industrial Inc. Common Stock,BSIN US Equity,2002-05-31,2002-05-31,19,90,90,2002-07-31,29,2002-07-31,29.0,2002-07-31,29.0,2002-07-31,29.0,2002-07-31,29,2002-07-31,29,5,29,119.9998,2002-07-31,154.3197,2002-06-28,197.3996,2002-05-31,234.652,2002-04-30,248.9995,2002-03-29,224.9996,2002-02-28,248.9395,2002-01-31,287.9994,2001-12-31,245.9995,2001-11-30,200.9996,2001-10-31,227.9995,2001-09-28,245.9995,2001-08-31,257.8907,2001-07-31,110,13,True,True,True,2001-07-31,2002-07-31,2002-08-29,0,8,3.451189997200259,3.2116900690534758,1.501006018251788,-1.9215442687964055,-1.8389610707123492,-1.9714525746683176,0.29661703650936017,-1.4666754730667029,-0.07908840631896367,-1.4854833721588827
NB_899,NB_899@2002-08-29,,2002-08-29,0,Energy,Oil & Gas Supply Chain,2002,19.19,24.716,0.0,0.0,0.0,9.804,10.631,5.526,,0.179,0.324,5.105,1.65,-2.461,-1.281,-3.099,0.0,1.18,2.961,-6.795,-3.834,1.11,23.0265,20.7446,616800.0,609091.5,0,0,0,0,0,0,0,0,1,0,0,0,0,0,0,0,0,0,0,0,0,0,0,0,0,0,1,nonbankruptcy_candidate,2003-08-29,True,nonbankrupt,EGY,VAALCO Energy Inc. Common Stock,EGY US Equity,2002-05-31,2001-12-31,20,241,241,2002-07-31,29,2002-07-31,29.0,2002-07-31,29.0,2002-07-31,29.0,2002-07-31,29,2002-07-31,29,5,29,1.11,2002-07-31,1.03,2002-06-28,0.82,2002-05-31,0.46,2002-04-30,0.47,2002-03-29,0.48,2002-02-28,0.5,2002-01-31,0.55,2001-12-31,0.71,2001-11-30,0.77,2001-10-31,0.84,2001-09-28,0.95,2001-08-31,1.06,2001-07-31,110,13,True,True,True,2001-07-31,2002-07-31,2002-08-29,0,8,3.005187432324746,3.1791573878709545,1.809108107562668,-1.241557564653207,-0.8246139433022509,-1.4107430415222006,0.0,1.3764965186397795,-2.05348250250974,-1.5756742822812912
SA_45,SA_45@2002-08-29,2002-11-27,2002-08-29,1,Technology,IT Services,2002,2994.4709,3099.3901,2506.5881,157.405,2349.1831,956.718,1326.572,689.375,,291.476,0.0,637.197,1220.5601,-1151.522,-676.065,-3960.353,68.309,406.3,-823.826,-1253.684,-2077.5099,0.37,4.1349,10.2624,16048848.0,12892910.0,0,0,0,0,0,0,0,0,1,0,0,0,0,0,0,0,0,0,0,0,0,0,0,0,0,0,2,bankruptcy,2003-08-29,True,bankrupt,GENUQ,Genuity Inc.,GENUQ US Equity,2002-05-31,2001-12-31,20,241,241,2002-07-31,29,2002-07-31,29.0,2002-07-31,29.0,2002-07-31,29.0,2002-07-31,29,2002-07-31,29,5,29,0.37,2002-07-31,3.8,2002-06-28,7.0,2002-05-31,14.0,2002-04-30,17.4,2002-03-29,20.0,2002-02-28,23.0,2002-01-31,31.6,2001-12-31,35.0,2001-11-30,30.4,2001-10-31,31.4,2001-09-28,35.6,2001-08-31,47.8,2001-07-31,26,13,True,True,True,2001-07-31,2002-07-31,2002-08-29,0,8,8.004856726904935,1.6360603689942075,6.4586470131123175,-7.049707863625706,-6.517767280120275,-8.28434091256043,4.238574767893333,-6.715172454999322,-7.134639027032063,-7.639406521731625
NB_872,NB_872@2002-09-21,,2002-09-21,0,Consumer Discretionary,Retail - Discretionary,2002,90.901,48.487,27.752,27.752,0.0,0.0,61.764,48.487,,0.491,57.734,13.277,174.117,0.484,5.882,-7.881,1.9,5.3,0.563,-4.012,-3.449,4.689,74.9959,15.994,736900.0,3432589.0,0,0,0,0,0,0,0,0,1,0,0,0,0,0,0,0,0,0,0,0,0,0,0,0,0,0,1,nonbankruptcy_candidate,2003-09-21,True,nonbankrupt,DXLG,Destination XL Group Inc. Common Stock,DXLG US Equity,2002-06-23,2002-02-02,20,231,231,2002-08-30,22,2002-08-30,22.0,2002-08-30,22.0,2002-08-30,22.0,2002-08-30,22,2002-08-30,22,5,22,4.689,2002-08-30,4.91,2002-07-31,6.769,2002-06-28,7.089,2002-05-31,4.34,2002-04-30,4.5,2002-03-29,4.01,2002-02-28,4.19,2002-01-31,3.13,2001-12-31,2.55,2001-11-30,3.02,2001-10-31,3.0,2001-09-28,3.5,2001-08-31,111,13,True,True,True,2001-08-31,2002-08-30,2002-09-20,1,8,4.520711910695257,4.330679391462699,2.658649850807083,0.3947411447451887,1.9289093073752885,-2.1839141632763672,1.0647107369924282,0.44660705143933954,-1.6118350370338217,-1.4926793518239048
SA_58,SA_58@2002-09-21,2002-12-20,2002-09-21,1,Energy,Oil & Gas Supply Chain,2002,306.894,198.691,153.102,0.0,153.102,18.638,44.082,16.194,,5.603,1.052,27.888,16.581,-0.838,3.848,-4.672,3.316,4.686,11.591,-39.263,-27.672,0.57,21.6256,37.9396,9574500.0,4711192.0,0,0,0,0,0,0,0,0,1,0,0,0,0,0,0,0,0,0,0,0,0,0,0,0,0,0,2,bankruptcy,2003-09-21,True,bankrupt,SVSSF,"Seven Seas Petroleum, Inc.",SVSSF US Equity,2002-06-23,2001-12-31,20,264,264,2002-08-30,22,2002-08-30,22.0,2002-08-30,22.0,2002-08-30,22.0,2002-08-30,22,2002-08-30,22,5,22,0.57,2002-08-30,0.55,2002-07-31,2.27,2002-06-28,2.75,2002-05-31,3.2,2002-04-30,1.85,2002-03-29,2.29,2002-02-28,2.09,2002-01-31,2.11,2001-12-31,1.96,2001-11-30,1.71,2001-10-31,1.45,2001-09-28,2.31,2001-08-31,60,13,True,True,True,2001-08-31,2002-08-30,2002-09-20,1,8,5.729755567894205,3.119082008571375,3.3634262839751567,-0.6086780239334952,1.5785662487670133,-1.7355417892298264,1.462329047395888,2.5329822730195635,-3.6954329330837785,-3.35592103679252
NB_1072,NB_1072@2002-12-17,,2002-12-17,0,Materials,Steel,2002,43.986,13.495,2.887,0.834,2.053,4.684,35.807,10.797,,7.485,23.502,25.01,97.818,1.61,2.513,0.94,0.279,0.903,9.066,-1.245,7.821,2.4,18.1709,7.5712,112300.0,263876.0,0,0,0,0,0,0,0,0,1,0,0,0,0,0,0,0,0,0,0,0,0,0,0,0,0,0,1,nonbankruptcy_candidate,2003-12-17,True,nonbankrupt,FRD,Friedman Industries Inc. Common Stock,FRD US Equity,2002-09-18,2002-03-31,20,261,261,2002-11-29,18,2002-11-29,18.0,2002-11-29,18.0,2002-11-29,18.0,2002-11-29,18,2002-11-29,18,5,18,2.4,2002-11-29,2.34,2002-10-31,2.37,2002-09-30,2.66,2002-08-30,2.67,2002-07-31,2.62,2002-06-28,2.8,2002-05-31,2.75,2002-04-30,2.65,2002-03-29,2.52,2002-02-28,2.64,2002-01-31,2.4,2001-12-31,2.56,2001-11-30,114,13,True,True,True,2001-11-30,2002-11-29,2002-12-17,0,8,3.806351330254107,2.953393504312321,3.25848107946056,0.959350221334602,1.25647037328369,0.6626879730752367,0.24607852259670565,2.309163408354168,-0.8087055211942177,2.1771352422766297
NB_1790,NB_1790@2002-12-17,,2002-12-17,0,Industrials,Transportation & Logistics,2002,210.293,137.894,75.116,3.571,71.545,1.99,44.547,27.162,,27.295,0.0,17.385,282.764,13.958,40.947,6.514,5.114,26.989,40.296,-31.461,8.835,1.3037,69.9336,53.64226,237938.0,318122.5,0,0,0,0,0,0,0,0,1,0,0,0,0,0,0,0,0,0,0,0,0,0,0,0,0,0,1,nonbankruptcy_candidate,2003-12-17,True,nonbankrupt,MRTN,Marten Transport Ltd. Common Stock,MRTN US Equity,2002-09-18,2001-12-31,20,351,351,2002-11-29,18,2002-11-29,18.0,2002-11-29,18.0,2002-11-29,18.0,2002-11-29,18,2002-11-29,18,5,18,1.3037,2002-11-29,1.3756,2002-10-31,1.5012,2002-09-30,1.4854,2002-08-30,1.5249,2002-07-31,1.5802,2002-06-28,1.3432,2002-05-31,1.28,2002-04-30,1.4412,2002-03-29,1.4025,2002-02-28,1.3827,2002-01-31,1.3985,2001-12-31,1.3432,2001-11-30,114,13,True,True,True,2001-11-30,2002-11-29,2002-12-17,0,8,5.353245795819591,4.26174422819081,2.9115351147532356,2.705246273769476,3.7364069166491944,2.016767947151777,1.8105812234686427,3.720765642976258,-3.4800393687591726,2.2859474518410225
NB_2887,NB_2887@2002-12-17,,2002-12-17,0,Communications,Telecommunications,2002,238.667,46.314,,9.9,,6.464,127.223,43.765,191.939,80.17,30.116,83.458,195.628,4.534,18.697,2.157,0.37,,-10.371,-15.617,-25.988,11.9,309.6178,26.0183,5738838.0,56094670.0,0,0,1,0,1,0,0,0,0,0,0,0,0,0,0,0,0,1,0,0,0,0,0,0,0,0,1,nonbankruptcy_candidate,2003-12-17,True,nonbankrupt,VSAT,ViaSat Inc. Common Stock,VSAT US Equity,2002-09-18,2002-03-31,18,261,261,2002-11-29,18,2002-11-29,18.0,2002-11-29,18.0,2002-11-29,18.0,2002-11-29,18,2002-11-29,18,5,18,11.9,2002-11-29,8.083,2002-10-31,6.3,2002-09-30,6.05,2002-08-30,4.81,2002-07-31,8.43,2002-06-28,9.38,2002-05-31,10.63,2002-04-30,14.02,2002-03-29,12.85,2002-02-28,13.15,2002-01-31,15.6,2001-12-31,14.22,2001-11-30,72,13,True,True,True,2001-11-30,2002-11-29,2002-12-17,0,8,5.479250459872554,5.738563217507807,4.436254369376977,1.7109108813647342,2.9804663398835576,1.1496222095758546,0.31481073984003355,-2.4310662546425856,-2.8104262677190768,-3.295392322765179
NB_594,NB_594@2002-12-17,,2002-12-17,0,Consumer Discretionary,Wholesale - Discretionary,2002,24.057,,,,,11.425,23.366,9.999,,8.449,0.686,13.367,89.536,-4.165,-3.361,-4.522,0.071,,0.032,-0.201,-0.169,0.49,7.772,15.8612,163600.0,83396.4,0,1,1,1,1,0,0,0,1,0,0,0,0,0,0,0,0,1,0,0,0,0,0,0,0,0,1,nonbankruptcy_candidate,2003-12-17,True,nonbankrupt,CLMB,Climb Global Solutions Inc. Common Stock,CLMB US Equity,2002-09-18,2001-12-31,15,351,351,2002-11-29,18,2002-11-29,18.0,2002-11-29,18.0,2002-11-29,18.0,2002-11-29,18,2002-11-29,18,5,18,0.49,2002-11-29,0.54,2002-10-31,0.5026,2002-09-30,0.5275,2002-08-30,0.5925,2002-07-31,0.575,2002-06-28,0.6,2002-05-31,0.6425,2002-04-30,0.6375,2002-03-29,0.6375,2002-02-28,0.6425,2002-01-31,0.675,2001-12-31,0.8475,2001-11-30,89,13,True,True,True,2001-11-30,2002-11-29,2002-12-17,0,8,3.221153229612241,2.1715648305556416,2.6649339100285823,-1.6419051025716018,-1.4727013888606295,-1.7087401135079627,0.06859279146561172,0.03149866705937099,-0.18315454309784648,-0.15614868248993136
NB_691,NB_691@2002-12-17,,2002-12-17,0,Materials,Steel,2002,1479.5,971.2,442.8,67.0,375.8,18.7,375.9,210.8,,133.7,190.0,165.1,977.1,20.8,88.5,-118.3,34.6,56.5,143.7,-26.7,117.0,6.865,306.7556,44.684,4129800.0,24905080.0,0,0,0,0,0,0,0,0,1,0,0,0,0,0,0,0,0,0,0,0,0,0,0,0,0,0,1,nonbankruptcy_candidate,2003-12-17,True,nonbankrupt,CRS,Carpenter Technology Corporation Common Stock,CRS US Equity,2002-09-18,2002-06-30,20,170,170,2002-11-29,18,2002-11-29,18.0,2002-11-29,18.0,2002-11-29,18.0,2002-11-29,18,2002-11-29,18,5,18,6.865,2002-11-29,5.375,2002-10-31,6.5,2002-09-30,10.42,2002-08-30,11.54,2002-07-31,14.405,2002-06-28,14.625,2002-05-31,13.25,2002-04-30,14.47,2002-03-29,12.02,2002-02-28,11.515,2002-01-31,13.31,2001-12-31,12.855,2001-11-30,114,13,True,True,True,2001-11-30,2002-11-29,2002-12-17,0,8,7.300135147541646,5.729305961487147,5.112590016619249,3.0819099697950434,4.4942386252808095,-4.78164132910387,3.572345637857985,4.974662633637438,-3.3214324131932926,4.770684624465665
SA_271,SA_271@2002-12-17,2003-03-17,2002-12-17,1,Consumer Discretionary,Retail - Discretionary,2002,1889.5811,1674.978,1001.857,1001.857,0.0,29.528,1238.869,1674.978,,638.206,476.903,-436.109,2973.219,-225.601,-143.633,-587.474,59.068,,-97.374,-64.025,-161.399,0.55,72.5753,14.9451,482200.0,277461.0,0,0,0,0,0,0,0,0,1,0,0,0,0,0,0,0,0,1,0,0,0,0,0,0,0,0,2,bankruptcy,2003-12-17,True,bankrupt,SPGLQ,Spiegel Inc.,SPGLQ US Equity,2002-09-18,2001-12-29,19,353,353,2002-11-29,18,2002-11-29,18.0,2002-11-29,18.0,2002-11-29,18.0,2002-11-29,18,2002-11-29,18,5,18,0.55,2002-11-29,0.48,2002-10-31,0.72,2002-09-30,0.66,2002-08-30,0.31,2002-07-31,0.73,2002-06-28,1.52,2002-05-31,1.41,2002-04-30,1.37,2002-03-29,2.5,2002-02-28,3.03,2002-01-31,4.55,2001-12-31,4.53,2001-11-30,60,13,True,True,True,2001-11-30,2002-11-29,2002-12-17,0,8,7.544639521114911,4.298309371583191,-6.080182591911239,-5.423190761646834,-4.974199499455042,-6.377532745605415,4.095477253818034,-4.588776541501657,-4.174771811334716,-5.090056270073151
NB_1826,NB_1826@2002-12-21,,2002-12-21,0,Technology,Technology Hardware,2002,54.055,6.905,0.52,0.227,0.293,15.587,39.451,6.353,,1.712,1.683,33.098,10.762,-44.135,-41.754,-34.794,0.092,,-35.036,-3.769,-38.805,662.3967,79.8628,0.12057,14295.0,8258773.0,0,0,0,0,0,0,0,0,1,0,0,0,0,0,0,0,0,1,0,0,0,0,0,0,0,0,1,nonbankruptcy_candidate,2003-12-21,True,nonbankrupt,MVIS,MicroVision Inc. Common Stock,MVIS US Equity,2002-09-22,2001-12-31,19,355,355,2002-11-29,22,2002-11-29,22.0,2002-11-29,22.0,2002-11-29,22.0,2002-11-29,22,2002-11-29,22,5,22,662.3967,2002-11-29,551.9972,2002-10-31,453.5977,2002-09-30,539.9973,2002-08-30,395.998,2002-07-31,627.5969,2002-06-28,919.1954,2002-05-31,1325.9934,2002-04-30,1370.3931,2002-03-29,1265.9937,2002-02-28,1519.1924,2002-01-31,1708.7915,2001-12-31,1684.7916,2001-11-30,76,13,True,True,True,2001-11-30,2002-11-29,2002-12-20,1,8,4.008332685565555,4.392753891364768,3.5292387315430394,-3.8096579987501182,-3.7554627582570888,-3.5777802815952167,0.0880108773227133,-3.5845184387891935,-1.5621366393160874,-3.6839925325405414
SA_22,SA_22@2002-12-21,2003-03-21,2002-12-21,1,Technology,Technology Hardware,2002,413.507,319.947,119.126,15.826,103.3,15.251,157.548,193.883,,30.986,20.571,-36.335,213.823,-227.057,-187.71,-756.249,10.895,5.661,-141.967,-1.365,-143.332,0.83,81.1312,97.7484,160480395.0,107044000.0,0,0,0,0,0,0,0,0,1,0,0,0,0,0,0,0,0,0,0,0,0,0,0,0,0,0,2,bankruptcy,2003-12-21,True,bankrupt,SBLUQ,"SONICblue, Inc.",SBLUQ US Equity,2002-09-22,2001-12-31,20,355,355,2002-11-29,22,2002-11-29,22.0,2002-11-29,22.0,2002-11-29,22.0,2002-11-29,22,2002-11-29,22,5,22,0.83,2002-11-29,0.41,2002-10-31,0.24,2002-09-30,0.33,2002-08-30,0.57,2002-07-31,1.03,2002-06-28,1.41,2002-05-31,1.95,2002-04-30,2.52,2002-03-29,3.11,2002-02-28,4.701,2002-01-31,4.04,2001-12-31,2.21,2001-11-30,60,13,True,True,True,2001-11-30,2002-11-29,2002-12-20,1,8,6.027089862249398,4.408317968627951,-3.619931224487665,-5.429595597709648,-5.2402114451410045,-6.629692129338631,2.476118143754921,-4.962613834397822,-0.8607780219438963,-4.972116201416422
NB_2298,NB_2298@2003-01-01,,2003-01-01,0,Consumer Discretionary,Leisure Facilities & Services,2003,12.4373,5.4151,4.6074,0.46,4.1474,0.7334,1.2347,1.2677,7.0222,0.2266,0.2108,-0.033,15.5573,0.624,1.114,-2.2712,0.3704,,1.2855,-0.9335,0.3521,2.05,7.6598,3.7365,36400.0,79827.8,0,0,0,0,0,0,0,0,0,0,0,0,0,0,0,0,0,1,0,0,0,0,0,0,0,0,1,nonbankruptcy_candidate,2004-01-01,True,nonbankrupt,RICK,RCI Hospitality Holdings Inc. Common Stock,RICK US Equity,2002-10-03,2002-09-30,20,93,93,2002-12-31,1,2002-12-31,1.0,2002-12-31,1.0,2002-12-31,1.0,2002-12-31,1,2002-12-31,1,5,1,2.05,2002-12-31,2.25,2002-11-29,2.21,2002-10-31,2.38,2002-09-30,2.35,2002-08-30,2.41,2002-07-31,2.75,2002-06-28,2.66,2002-05-31,2.58,2002-04-30,2.85,2002-03-29,2.7,2002-02-28,2.99,2002-01-31,3.06,2001-12-31,87,13,True,True,True,2001-12-31,2002-12-31,2003-01-01,0,8,2.5980344220561875,2.1586916276194357,-0.032467190137501496,0.4848922417394862,0.748581887448046,-1.1851568900682954,0.3151026680277731,0.8265848187896621,-0.6593318320652147,0.3016589393825752
NB_390,NB_390@2003-01-01,,2003-01-01,0,Technology,Technology Hardware,2003,17.623,11.141,7.108,0.11,6.998,0.335,13.405,4.143,,3.597,8.961,9.262,22.809,0.693,1.749,0.122,0.579,0.761,0.292,-0.087,0.205,2.45,4.1833,1.70748,60362.0,133412.9,0,0,0,0,0,0,0,0,1,0,0,0,0,0,0,0,0,0,0,0,0,0,0,0,0,0,1,nonbankruptcy_candidate,2004-01-01,True,nonbankrupt,BKTI,BK Technologies Corporation Common Stock,BKTI US Equity,2002-10-03,2001-12-31,20,366,366,2002-12-31,1,2002-12-31,1.0,2002-12-31,1.0,2002-12-31,1.0,2002-12-31,1,2002-12-31,1,5,1,2.45,2002-12-31,2.45,2002-11-29,2.15,2002-10-31,2.55,2002-09-30,2.7,2002-08-30,2.8,2002-07-31,4.0,2002-06-28,4.3,2002-05-31,5.0,2002-04-30,4.5,2002-03-29,4.45,2002-02-28,5.55,2002-01-31,5.25,2001-12-31,115,13,True,True,True,2001-12-31,2002-12-31,2003-01-01,0,8,2.924397375949369,1.645441919068288,2.3284477525197733,0.5265021031509982,1.0112372091831088,0.11511280710050457,0.45679173527350503,0.2561914053604101,-0.08342160813907239,0.18647956694261833
NB_635,NB_635@2003-01-01,,2003-01-01,0,Consumer Discretionary,Wholesale - Discretionary,2003,243.645,96.883,7.792,1.171,6.621,35.605,207.108,86.666,,107.163,57.456,120.442,1186.217,13.976,21.791,7.379,1.179,,34.173,-6.122,28.051,5.07,124.6434,24.5845,767296.0,5067791.0,0,0,0,0,0,0,0,0,1,0,0,0,0,0,0,0,0,1,0,0,0,0,0,0,0,0,1,nonbankruptcy_candidate,2004-01-01,True,nonbankrupt,CNXN,PC Connection Inc. Common Stock,CNXN US Equity,2002-10-03,2001-12-31,19,366,366,2002-12-31,1,2002-12-31,1.0,2002-12-31,1.0,2002-12-31,1.0,2002-12-31,1,2002-12-31,1,5,1,5.07,2002-12-31,6.99,2002-11-29,5.8,2002-10-31,4.06,2002-09-30,5.95,2002-08-30,4.65,2002-07-31,4.1,2002-06-28,9.75,2002-05-31,9.9,2002-04-30,10.56,2002-03-29,8.65,2002-02-28,10.45,2002-01-31,14.83,2001-12-31,58,13,True,True,True,2001-12-31,2002-12-31,2003-01-01,0,8,5.499808180166794,4.833447735749691,4.799436782549915,2.7064489197352364,3.1263657211891944,2.1257285756311495,0.7788660559624828,3.560278742819622,-1.963188584855586,3.3690529061133656
NB_90,NB_90@2003-01-01,,2003-01-01,0,Technology,Technology Hardware,2003,7.311,0.826,,0.01,,2.426,6.654,0.684,,0.234,0.844,5.97,0.923,-4.215,-4.052,-3.908,0.003,,-3.185,-0.071,-3.256,4.38,29.7783,6.7987,151450.0,624242.5,0,0,1,0,1,0,0,0,1,0,0,0,0,0,0,0,0,1,0,0,0,0,0,0,0,0,1,nonbankruptcy_candidate,2004-01-01,True,nonbankrupt,AIOT,PowerFleet Inc. Common Stock,AIOT US Equity,2002-10-03,2001-12-31,17,366,366,2002-12-31,1,2002-12-31,1.0,2002-12-31,1.0,2002-12-31,1.0,2002-12-31,1,2002-12-31,1,5,1,4.38,2002-12-31,4.45,2002-11-29,4.081,2002-10-31,4.15,2002-09-30,4.73,2002-08-30,6.0,2002-07-31,3.89,2002-06-28,4.05,2002-05-31,7.0,2002-04-30,8.19,2002-03-29,9.8,2002-02-28,10.1,2002-01-31,10.59,2001-12-31,43,13,True,True,True,2001-12-31,2002-12-31,2003-01-01,0,8,2.117579938570889,3.4268098962161977,1.9416152247724325,-1.6515390884527357,-1.6197842044882447,-1.5908665268486648,0.002995508979798479,-1.4315067039414389,-0.06859279146561172,-1.4483297520393432
NB_974,NB_974@2003-01-01,,2003-01-01,0,Industrials,Industrial Support Services,2003,7.913,3.076,0.8,0.32,0.48,1.264,7.159,2.596,,1.58,3.663,4.563,14.289,0.818,0.931,-0.28,0.054,0.056,1.251,-0.098,1.153,0.55,3.848,6.9964,85500.0,42155.0,0,0,0,0,0,0,0,0,1,0,0,0,0,0,0,0,0,0,0,0,0,0,0,0,0,0,1,nonbankruptcy_candidate,2004-01-01,True,nonbankrupt,EVI,EVI Industries Inc. Common Stock,EVI US Equity,2002-10-03,2002-06-30,20,185,185,2002-12-31,1,2002-12-31,1.0,2002-12-31,1.0,2002-12-31,1.0,2002-12-31,1,2002-12-31,1,5,1,0.55,2002-12-31,0.46,2002-11-29,0.45,2002-10-31,0.4,2002-09-30,0.49,2002-08-30,0.5,2002-07-31,0.64,2002-06-28,0.65,2002-05-31,0.75,2002-04-30,0.6,2002-03-29,0.75,2002-02-28,0.81,2002-01-31,0.53,2001-12-31,114,13,True,True,True,2001-12-31,2002-12-31,2003-01-01,0,8,2.1875108851485803,1.5785662487670133,1.7161375310931561,0.597736995755287,0.6580380034463774,-0.2468600779315258,0.05259245011917058,0.8113745619245951,-0.0934903430873389,0.766862218382226
SA_166,SA_166@2003-01-01,2003-04-01,2003-01-01,1,Consumer Staples,Wholesale - Consumer Staples,2003,3654.6931,3156.474,1811.04,51.275,1759.765,17.325,1740.071,1265.127,,588.269,1014.695,474.9441,15627.7402,229.313,395.719,23.308,165.534,,-32.145,-238.413,-270.558,6.57,358.0716,54.501,9546600.0,65710680.0,0,0,0,0,0,0,0,0,1,0,0,0,0,0,0,0,0,1,0,0,0,0,0,0,0,0,2,bankruptcy,2004-01-01,True,bankrupt,FLMIQ,"Fleming Companies, Inc.",FLMIQ US Equity,2002-10-03,2001-12-29,19,368,368,2002-12-31,1,2002-12-31,1.0,2002-12-31,1.0,2002-12-31,1.0,2002-12-31,1,2002-12-31,1,5,1,6.57,2002-12-31,7.5,2002-11-29,6.44,2002-10-31,5.0,2002-09-30,10.1,2002-08-30,13.75,2002-07-31,18.15,2002-06-28,22.14,2002-05-31,22.04,2002-04-30,22.4,2002-03-29,16.3,2002-02-28,20.52,2002-01-31,18.5,2001-12-31,60,13,True,True,True,2001-12-31,2002-12-31,2003-01-01,0,8,8.204040984849216,5.883521811499124,6.165300410360369,5.4394392533446645,5.983228221508211,3.1908055142731087,5.115199492777863,-3.500891875693355,-5.478190094072273,-5.604175744551413
NB_1617,NB_1617@2003-02-05,,2003-02-05,0,Technology,Technology Hardware,2003,1007.554,464.078,185.645,9.299,176.346,240.767,733.425,286.367,,287.881,143.221,447.058,1596.8571,164.532,218.3,126.856,6.167,47.543,190.556,-37.133,153.423,8.375,,,6189124.0,51627740.0,0,0,0,0,0,0,0,0,1,0,0,0,0,0,0,0,0,0,0,0,0,0,1,1,0,0,1,nonbankruptcy_candidate,2004-02-05,True,nonbankrupt,LOGI,Logitech International S.A. Ordinary Shares,LOGI US Equity,2002-11-07,2002-03-31,20,311,311,2003-01-31,5,,,,,2003-01-31,5.0,2003-01-31,5,2003-01-31,5,3,5,8.375,2003-01-31,7.6275,2002-12-31,9.175,2002-11-29,8.0975,2002-10-31,6.79,2002-09-30,8.2,2002-08-30,10.2225,2002-07-31,11.7625,2002-06-28,11.9475,2002-05-31,11.4025,2002-04-30,11.8,2002-03-29,10.4175,2002-02-28,10.545,2002-01-31,71,13,True,True,True,2002-01-31,2003-01-31,2003-02-05,0,8,6.916272900829408,,6.104922688320922,5.109164529601064,5.390440655423842,4.850904630632107,1.9694871570117822,5.255180194070342,-3.6410800489806414,5.039695590227251
NB_2794,NB_2794@2003-02-05,,2003-02-05,0,Consumer Staples,Wholesale - Consumer Staples,2003,354.457,194.07,117.476,108.804,8.672,11.184,237.095,185.398,160.387,84.816,131.932,51.697,1175.393,40.389,48.595,17.209,7.233,,11.438,-27.789,-16.351,10.49,400.9509,38.2222,8498062.0,95521730.0,0,0,0,0,0,0,0,0,0,0,0,0,0,0,0,0,0,1,0,0,0,0,0,0,0,0,1,nonbankruptcy_candidate,2004-02-05,True,nonbankrupt,UNFI,United Natural Foods Inc. Common Stock,UNFI US Equity,2002-11-07,2002-07-31,20,189,189,2003-01-31,5,2003-01-31,5.0,2003-01-31,5.0,2003-01-31,5.0,2003-01-31,5,2003-01-31,5,5,5,10.49,2003-01-31,12.675,2002-12-31,12.875,2002-11-29,12.15,2002-10-31,11.515,2002-09-30,10.125,2002-08-30,9.21,2002-07-31,9.85,2002-06-28,11.45,2002-05-31,11.975,2002-04-30,12.455,2002-03-29,11.86,2002-02-28,11.495,2002-01-31,75,13,True,True,True,2002-01-31,2003-01-31,2003-02-05,0,8,5.873404285528043,5.996329941855926,3.9645585279307656,3.72301514504355,3.903890022197957,2.9019159773497063,2.108150468316289,2.5207563026816975,-3.359993369738098,-2.853650141619535
SA_235,SA_235@2003-02-05,2003-05-06,2003-02-05,1,Technology,Technology Hardware,2003,1014.556,1451.331,1087.522,31.46,1056.062,42.739,412.765,309.139,,126.381,112.601,103.626,1067.637,-63.886,34.144,-374.893,96.623,36.391,2.121,-38.403,-36.282,0.15,28.8371,192.2475,4791825.0,1037809.0,0,0,0,0,0,0,0,0,1,0,0,0,0,0,0,0,0,0,0,0,0,0,0,0,0,0,2,bankruptcy,2004-02-05,True,bankrupt,ACTRQ,Acterna Corp.,ACTRQ US Equity,2002-11-07,2002-03-31,20,311,311,2003-01-31,5,2003-01-31,5.0,2003-01-31,5.0,2003-01-31,5.0,2003-01-31,5,2003-01-31,5,5,5,0.15,2003-01-31,0.16,2002-12-31,0.26,2002-11-29,0.3,2002-10-31,0.4,2002-09-30,0.49,2002-08-30,0.41,2002-07-31,0.411,2002-06-28,1.359,2002-05-31,1.4,2002-04-30,1.5,2002-03-29,1.73,2002-02-28,2.43,2002-01-31,57,13,True,True,True,2002-01-31,2003-01-31,2003-02-05,0,8,6.923191524748642,3.395752585626198,4.6503920867090045,-4.1726318839529934,3.5594539066734785,-5.929304528422812,4.5811131213943,1.1381534632886423,-3.6738419555372026,-3.618510636447054
SA_178,SA_178@2003-02-06,2003-05-07,2003-02-06,1,Consumer Discretionary,Wholesale - Discretionary,2003,414.39,218.37,118.412,7.069,111.343,4.147,308.704,105.362,,175.921,115.377,203.342,1185.03,34.781,40.344,10.853,7.221,,-7.314,-11.272,-18.586,7.0,129.7674,18.5382,1129475.0,8727583.0,0,0,0,0,0,0,0,0,1,0,0,0,0,0,0,0,0,1,0,0,0,0,0,0,0,0,2,bankruptcy,2004-02-06,True,bankrupt,DZTKQ,DaisyTek International Corp.,DZTKQ US Equity,2002-11-08,2002-03-31,19,312,312,2003-01-31,6,2003-01-31,6.0,2003-01-31,6.0,2003-01-31,6.0,2003-01-31,6,2003-01-31,6,5,6,7.0,2003-01-31,7.93,2002-12-31,8.378,2002-11-29,8.51,2002-10-31,13.0,2002-09-30,13.25,2002-08-30,14.14,2002-07-31,16.96,2002-06-28,14.22,2002-05-31,15.93,2002-04-30,15.91,2002-03-29,14.59,2002-02-28,14.3,2002-01-31,60,13,True,True,True,2002-01-31,2003-01-31,2003-02-06,0,8,6.029217837969774,4.87342017248477,5.3197950607242666,3.5774170262646416,3.7219273081601365,2.4725810000973634,2.1066918561699963,-2.1179408408304456,-2.5073202446249003,-2.9748150252986028
NB_1707,NB_1707@2003-02-14,,2003-02-14,0,Consumer Discretionary,Consumer Services,2003,3.357,0.669,0.332,0.098,0.234,0.27,1.936,0.435,,0.283,0.64,1.501,5.022,0.745,0.956,0.588,0.24,,0.651,-0.046,0.605,4.71,32.1834,6.833,2966300.0,14709300.0,0,0,0,0,0,0,0,0,1,0,0,0,0,0,0,0,0,1,0,0,0,0,0,0,0,0,1,nonbankruptcy_candidate,2004-02-14,True,nonbankrupt,MED,MEDIFAST INC Common Stock,MED US Equity,2002-11-16,2001-12-31,19,410,410,2003-01-31,14,2003-01-31,14.0,2003-01-31,14.0,2003-01-31,14.0,2003-01-31,14,2003-01-31,14,5,14,4.71,2003-01-31,5.32,2002-12-31,3.09,2002-11-29,2.92,2002-10-31,1.79,2002-09-30,1.26,2002-08-30,0.93,2002-07-31,0.81,2002-06-28,0.78,2002-05-31,0.82,2002-04-30,0.83,2002-03-29,0.61,2002-02-28,0.45,2002-01-31,110,13,True,True,True,2002-01-31,2003-01-31,2003-02-14,0,8,1.471783747135305,3.5020497508807606,0.9166906518954819,0.5567545556543905,0.6709015716126255,0.46247536282494395,0.2151113796169455,0.501381164937991,-0.044973365642731154,0.4731237565819792
NB_691,NB_691@2003-02-14,,2003-02-14,0,Materials,Steel,2003,1479.5,971.2,442.8,67.0,375.8,18.7,375.9,210.8,,133.7,190.0,165.1,977.1,20.8,88.5,-118.3,34.6,56.5,143.7,-26.7,117.0,5.455,243.7512,44.684,2160800.0,13654710.0,0,0,0,0,0,0,0,0,1,0,0,0,0,0,0,0,0,0,0,0,0,0,0,0,0,0,1,nonbankruptcy_candidate,2004-02-14,True,nonbankrupt,CRS,Carpenter Technology Corporation Common Stock,CRS US Equity,2002-11-16,2002-06-30,20,229,229,2003-01-31,14,2003-01-31,14.0,2003-01-31,14.0,2003-01-31,14.0,2003-01-31,14,2003-01-31,14,5,14,5.455,2003-01-31,6.225,2002-12-31,6.865,2002-11-29,5.375,2002-10-31,6.5,2002-09-30,10.42,2002-08-30,11.54,2002-07-31,14.405,2002-06-28,14.625,2002-05-31,13.25,2002-04-30,14.47,2002-03-29,12.02,2002-02-28,11.515,2002-01-31,116,13,True,True,True,2002-01-31,2003-01-31,2003-02-14,0,8,7.300135147541646,5.500242184360807,5.112590016619249,3.0819099697950434,4.4942386252808095,-4.78164132910387,3.572345637857985,4.974662633637438,-3.3214324131932926,4.770684624465665
NB_791,NB_791@2003-02-14,,2003-02-14,0,Consumer Discretionary,Apparel & Textile Products,2003,85.884,19.352,0.449,0.29,0.159,16.689,60.58,19.193,,20.395,18.425,41.387,91.461,4.518,8.095,1.626,,,11.049,-2.455,8.594,0.2433,40.9534,168.30179,1448406.0,313873.5,0,0,0,0,0,0,0,0,1,0,0,0,0,0,0,0,1,1,0,0,0,0,0,0,0,0,1,nonbankruptcy_candidate,2004-02-14,True,nonbankrupt,DECK,Deckers Outdoor Corporation Common Stock,DECK US Equity,2002-11-16,2001-12-31,18,410,410,2003-01-31,14,2003-01-31,14.0,2003-01-31,14.0,2003-01-31,14.0,2003-01-31,14,2003-01-31,14,5,14,0.2433,2003-01-31,0.1856,2002-12-31,0.2144,2002-11-29,0.2067,2002-10-31,0.2467,2002-09-30,0.2621,2002-08-30,0.2472,2002-07-31,0.245,2002-06-28,0.2556,2002-05-31,0.2944,2002-04-30,0.2911,2002-03-29,0.2778,2002-02-28,0.2889,2002-01-31,112,13,True,True,True,2002-01-31,2003-01-31,2003-02-14,0,8,4.464573895641447,3.7365594784966327,3.7468417114517805,1.7080154757950943,2.2077248119700856,0.9654617758806044,,2.4889816689411393,-1.2398224572196332,2.261137903079872
SA_277,SA_277@2003-02-14,2003-05-15,2003-02-14,1,Consumer Discretionary,Consumer Services,2003,630.285,450.809,324.387,110.172,214.215,1.989,135.268,157.249,,46.384,66.746,-21.981,451.294,-14.745,29.998,-121.196,27.886,44.743,53.7,-12.401,41.299,0.35,9.1587,26.1678,1355100.0,431402.0,0,0,0,0,0,0,0,0,1,0,0,0,0,0,0,0,0,0,0,0,0,0,0,0,0,0,2,bankruptcy,2004-02-14,True,bankrupt,MSPIQ,Mississippi Chemical Corp.,MSPIQ US Equity,2002-11-16,2002-06-30,20,229,229,2003-01-31,14,2003-01-31,14.0,2003-01-31,14.0,2003-01-31,14.0,2003-01-31,14,2003-01-31,14,5,14,0.35,2003-01-31,0.32,2002-12-31,0.53,2002-11-29,0.38,2002-10-31,0.68,2002-09-30,1.25,2002-08-30,1.06,2002-07-31,1.12,2002-06-28,1.42,2002-05-31,1.78,2002-04-30,2.75,2002-03-29,3.46,2002-02-28,3.94,2002-01-31,60,13,True,True,True,2002-01-31,2003-01-31,2003-02-14,0,8,6.447757424597077,2.318330481207778,-3.134667787574769,-2.756522854552988,3.433922686274859,-4.8056263129775285,3.363357048678975,4.001863709427935,-2.595329331038091,3.744763445110849
NB_1593,NB_1593@2003-03-19,,2003-03-19,0,Technology,Technology Hardware,2003,13.185,3.216,1.253,0.403,0.85,3.767,11.335,2.366,,3.649,3.634,8.969,13.485,0.606,1.208,0.515,0.118,,-1.339,-0.432,-1.771,2.6222,28.8247,10.99249,202264.0,546110.1,0,0,0,0,0,0,0,0,1,0,0,0,0,0,0,0,0,1,0,0,0,0,0,0,0,0,2,nonbankruptcy_candidate,2004-03-19,True,nonbankrupt,LINK,Interlink Electronics Inc. Common Stock,LINK US Equity,2002-12-19,1996-12-31,19,2269,2269,2003-02-28,19,2003-02-28,19.0,2003-02-28,19.0,2003-02-28,19.0,2003-02-28,19,2003-02-28,19,5,19,2.6222,2003-02-28,2.9422,2003-01-31,3.4489,2002-12-31,3.8222,2002-11-29,3.2,2002-10-31,2.6667,2002-09-30,3.1111,2002-08-30,3.1013,2002-07-31,4.0444,2002-06-28,4.7911,2002-05-31,5.9022,2002-04-30,5.368,2002-03-29,2.7556,2002-02-28,117,13,True,True,True,2002-02-28,2003-02-28,2003-03-19,0,8,2.6521850682608146,3.395336909257783,2.299480278040567,0.4737466155245699,0.7920871284148489,0.4154154389613325,0.11154137473290741,-0.849723487602042,-0.35907206853845386,-1.0192082658808412
SA_140,SA_140@2003-03-19,2003-06-17,2003-03-19,1,Technology,Technology Hardware,2003,263.155,163.181,74.11,28.076,46.034,18.307,61.412,102.883,,14.057,18.111,-41.471,262.779,-203.474,-108.5,-234.632,4.046,,-106.481,-49.702,-156.183,1.16,28.0991,24.2234,8898638.0,12995680.0,0,0,0,0,0,0,0,0,1,0,0,0,0,0,0,0,0,1,0,0,0,0,0,0,0,0,2,bankruptcy,2004-03-19,True,bankrupt,RDRTQ,Read-Rite Corp.,RDRTQ US Equity,2002-12-19,2002-09-30,19,170,170,2003-02-28,19,2003-02-28,19.0,2003-02-28,19.0,2003-02-28,19.0,2003-02-28,19,2003-02-28,19,5,19,1.16,2003-02-28,1.45,2003-01-31,1.75,2002-12-31,4.5,2002-11-29,3.45,2002-10-31,2.6,2002-09-30,3.0,2002-08-30,1.8,2002-07-31,2.4,2002-06-28,11.85,2002-05-31,17.75,2002-04-30,15.35,2002-03-29,14.15,2002-02-28,60,13,True,True,True,2002-02-28,2003-02-28,2003-03-19,0,8,5.576536052070211,3.37070724586412,-3.74882149008047,-5.320440828035659,-4.695924549256556,-5.462271265983806,1.618595850218866,-4.6773140877605766,-3.9259653575508517,-5.057410731653646
NB_873,NB_873@2003-03-29,,2003-03-29,0,Industrials,Industrial Support Services,2003,58.889,50.131,30.137,7.273,22.864,2.26,45.937,27.017,8.323,18.757,22.922,18.92,174.429,4.034,5.415,0.929,2.48,,7.139,-0.691,6.448,0.475,3.8681,8.1434,39336.0,20180.66,0,0,0,0,0,0,0,0,0,0,0,0,0,0,0,0,0,1,0,0,0,0,0,0,0,0,1,nonbankruptcy_candidate,2004-03-29,True,nonbankrupt,DXPE,DXP Enterprises Inc. Common Stock,DXPE US Equity,2002-12-29,2001-12-31,20,453,453,2003-02-28,29,2003-02-28,29.0,2003-02-28,29.0,2003-02-28,29.0,2003-02-28,29,2003-02-28,29,5,29,0.475,2003-02-28,0.49,2003-01-31,0.545,2002-12-31,0.53,2002-11-29,0.48,2002-10-31,0.515,2002-09-30,0.55,2002-08-30,0.5,2002-07-31,0.6,2002-06-28,0.805,2002-05-31,0.58,2002-04-30,0.7,2002-03-29,0.625,2002-02-28,94,13,True,True,True,2002-02-28,2003-02-28,2003-03-28,1,8,4.092492848858626,1.5827037172314635,2.991724252156452,1.616214896713124,1.8586389980675997,0.6570017339235921,1.247032293786383,2.096667322344904,-0.5253200699164433,2.007945539974766
SA_105,SA_105@2003-03-29,2003-06-27,2003-03-29,1,Industrials,Industrial Support Services,2003,1202.3311,1005.703,877.055,8.04,869.015,4.199,133.128,133.315,,102.144,26.785,-0.187,555.298,21.452,144.219,-30.907,68.306,14.608,100.569,-25.111,75.458,0.135,2.8554,21.1512,284600.0,47892.5,0,0,0,0,0,0,0,0,1,0,0,0,0,0,0,0,0,0,0,0,0,0,0,0,0,0,2,bankruptcy,2004-03-29,True,bankrupt,NSV,National Equipment Services Inc.,NEQSQ US Equity,2002-12-29,2001-12-31,20,453,453,2003-02-28,29,2003-02-28,29.0,2003-02-28,29.0,2003-02-28,29.0,2003-02-28,29,2003-02-28,29,5,29,0.135,2003-02-28,0.21,2003-01-31,0.3,2002-12-31,0.2,2002-11-29,0.58,2002-10-31,0.6,2002-09-30,1.35,2002-08-30,1.9,2002-07-31,1.55,2002-06-28,3.25,2002-05-31,3.05,2002-04-30,2.75,2002-03-29,2.55,2002-02-28,56,13,True,True,True,2002-02-28,2003-02-28,2003-03-28,1,8,7.092848906701416,1.349474762981354,-0.17142911562753096,3.1113796970799528,4.9782429478245485,-3.4628254214549763,4.238531482534598,4.620738370476144,-3.2623566814797367,4.336741570458197
NB_1664,NB_1664@2003-03-31,,2003-03-31,0,Materials,"Forestry, Paper & Wood Products",2003,953.202,579.369,220.532,1.823,218.709,32.219,174.922,86.782,373.833,59.171,69.89,88.14,550.161,72.582,117.585,37.595,15.103,45.003,78.038,-51.108,26.93,138.5801,465.8196,3.36137,192746.0,26001520.0,0,0,0,0,0,0,0,0,0,0,0,0,0,0,0,0,0,0,0,0,0,0,0,0,0,0,1,nonbankruptcy_candidate,2004-03-31,True,nonbankrupt,MAGN,Magnera Corporation Common Stock,MAGN US Equity,2002-12-31,2002-12-31,21,90,90,2003-03-31,0,2003-03-31,0.0,2003-03-31,0.0,2003-03-31,0.0,2003-03-31,0,2003-03-31,0,5,0,138.5801,2003-03-31,129.3501,2003-02-28,162.5002,2003-01-31,171.0802,2002-12-31,169.2602,2002-11-29,156.7802,2002-10-31,150.1502,2002-09-30,177.4502,2002-08-30,193.0502,2002-07-31,244.4002,2002-06-28,245.1802,2002-05-31,227.8902,2002-04-30,233.2202,2002-03-29,118,13,True,True,True,2002-03-29,2003-03-31,2003-03-31,0,8,6.860875389076456,6.145942887534357,4.49020816751841,4.298400430606489,4.7756300030168575,3.6531227344018173,2.779005590035859,4.369928749475745,-3.9533184878353174,3.3297013799570854
NB_2778,NB_2778@2003-03-31,,2003-03-31,0,Materials,"Forestry, Paper & Wood Products",2003,638.874,367.4,243.572,8.253,235.319,17.534,298.177,112.921,264.434,105.217,166.006,185.256,1639.899,72.111,96.634,36.637,11.375,23.371,20.796,-31.295,-10.499,5.1667,274.5934,53.1471,3183675.0,16892080.0,0,0,0,0,0,0,0,0,0,0,0,0,0,0,0,0,0,0,0,0,0,0,0,0,0,0,1,nonbankruptcy_candidate,2004-03-31,True,nonbankrupt,UFPI,UFP Industries Inc. Common Stock,UFPI US Equity,2002-12-31,2002-12-28,21,93,93,2003-03-31,0,2003-03-31,0.0,2003-03-31,0.0,2003-03-31,0.0,2003-03-31,0,2003-03-31,0,5,0,5.1667,2003-03-31,5.7,2003-02-28,6.2867,2003-01-31,7.107,2002-12-31,7.1733,2002-11-29,5.9567,2002-10-31,6.2733,2002-09-30,6.7367,2002-08-30,6.3333,2002-07-31,7.8067,2002-06-28,8.2233,2002-05-31,8.3333,2002-04-30,7.9633,2002-03-29,113,13,True,True,True,2002-03-29,2003-03-31,2003-03-31,0,8,6.461271281971291,5.6189265911023885,5.227122071505885,4.291978834231104,4.581225793411299,3.627987609096562,2.515678308454754,3.081726466720852,-3.4749124194844363,-2.4422600750665278
SA_203,SA_203@2003-03-31,2003-06-29,2003-03-31,1,Materials,"Forestry, Paper & Wood Products",2003,612.965,574.81,539.19,36.009,503.181,12.993,93.939,62.459,,42.373,33.385,31.48,323.416,3.679,34.253,-59.071,51.824,30.574,-14.158,-9.846,-24.004,0.74,22.59,30.527,1771900.0,1743404.0,0,0,0,0,0,0,0,0,1,0,0,0,0,0,0,0,0,0,0,0,0,0,0,0,0,0,2,bankruptcy,2004-03-31,True,bankrupt,CRPP,Crown Pacific Partners L.P.,1514052D US Equity,2002-12-31,2002-12-31,20,90,90,2003-02-28,31,2003-02-28,31.0,2003-02-28,31.0,2003-02-28,31.0,2003-02-28,31,2003-02-28,31,5,31,0.74,2003-02-28,1.63,2003-01-31,1.79,2002-12-31,1.99,2002-11-29,1.78,2002-10-31,2.76,2002-09-30,3.8,2002-08-30,3.3,2002-07-31,4.85,2002-06-28,5.16,2002-05-31,5.08,2002-04-30,6.32,2002-03-29,6.27,2002-02-28,60,13,True,True,True,2002-02-28,2003-02-28,2003-03-31,0,8,6.419937923265066,3.1608228934195837,3.4806245152934774,1.5430844118840792,3.5625506320199136,-4.095527195968387,3.96696563289227,-2.7185284453898375,-2.383796348418869,-3.219035812069566
NB_1047,NB_1047@2003-05-22,,2003-05-22,0,Consumer Discretionary,Leisure Facilities & Services,2003,11.147,2.567,2.381,2.381,0.0,1.164,1.458,2.567,,0.187,0.0,-1.109,4.818,1.871,2.088,0.956,0.146,,1.772,-0.016,1.756,0.6435,7.0315,10.92737,115927.0,64511.0,0,0,0,0,0,0,0,0,1,0,0,0,0,0,0,0,0,1,0,0,0,0,0,0,0,0,1,nonbankruptcy_candidate,2004-05-22,True,nonbankrupt,FLL,Full House Resorts Inc. Common Stock,FLL US Equity,2003-02-21,2002-12-31,19,142,142,2003-04-30,22,2003-04-30,22.0,2003-04-30,22.0,2003-04-30,22.0,2003-04-30,22,2003-04-30,22,5,22,0.6435,2003-04-30,0.4448,2003-03-31,0.4826,2003-02-28,0.388,2003-01-31,0.4826,2002-12-31,0.6624,2002-11-29,0.5015,2002-10-31,0.4164,2002-09-30,0.3028,2002-08-30,0.3028,2002-07-31,0.3785,2002-06-28,0.3785,2002-05-31,0.5205,2002-04-30,117,13,True,True,True,2002-04-30,2003-04-30,2003-05-22,0,8,2.4970822257181338,2.083371310015684,-0.7462139014966376,1.054660401138927,1.1275236321625297,0.6709015716126255,0.13627761829254784,1.0195690813276568,-0.01587334915629015,1.0137803531514122
NB_1623,NB_1623@2003-05-22,,2003-05-22,0,Technology,Technology Hardware,2003,36.977,4.535,0.089,0.089,0.0,13.178,18.673,4.535,,1.56,2.404,14.138,12.507,-34.014,-23.091,-50.684,0.204,,-12.854,-2.758,-15.612,1.27,3.2824,2.5846,124924.0,153544.0,0,0,0,0,0,0,0,0,1,0,0,0,0,0,0,0,0,1,0,0,0,0,0,0,0,0,1,nonbankruptcy_candidate,2004-05-22,True,nonbankrupt,LPTH,LightPath Technologies Inc. Class A Common Stock,LPTH US Equity,2003-02-21,2002-06-30,19,326,326,2003-04-30,22,2003-04-30,22.0,2003-04-30,22.0,2003-04-30,22.0,2003-04-30,22,2003-04-30,22,5,22,1.27,2003-04-30,1.28,2003-03-31,1.992,2003-02-28,2.64,2003-01-31,2.56,2002-12-31,4.8,2002-11-29,3.76,2002-10-31,3.12,2002-09-30,4.16,2002-08-30,4.64,2002-07-31,7.2,2002-06-28,9.6,2002-05-31,13.6,2002-04-30,87,13,True,True,True,2002-04-30,2003-04-30,2003-05-22,0,8,3.6369807133228007,1.4545136000970345,2.7172081388869755,-3.555747981510741,-3.1818383267656376,-3.9451482558599738,0.1856493468866293,-2.6285739996004134,-1.3238869009912735,-2.810125325768507
NB_2815,NB_2815@2003-05-22,,2003-05-22,0,Utilities,Electric Utilities,2003,480.783,406.208,149.89,40.033,109.857,7.16,40.424,66.04,,24.355,2.323,-25.616,188.386,17.336,32.247,6.088,7.057,14.911,9.568,-20.825,-11.257,24.02,113.9437,4.7437,83900.0,1990300.0,0,0,0,0,0,0,0,0,1,0,0,0,0,0,0,0,0,0,0,0,0,0,0,0,0,0,1,nonbankruptcy_candidate,2004-05-22,True,nonbankrupt,UTL,UNITIL Corporation Common Stock,UTL US Equity,2003-02-21,2002-12-31,20,142,142,2003-04-30,22,2003-04-30,22.0,2003-04-30,22.0,2003-04-30,22.0,2003-04-30,22,2003-04-30,22,5,22,24.02,2003-04-30,25.0,2003-03-31,26.1,2003-02-28,24.41,2003-01-31,24.8,2002-12-31,26.5,2002-11-29,26.65,2002-10-31,27.15,2002-09-30,26.9,2002-08-30,26.18,2002-07-31,29.88,2002-06-28,31.4,2002-05-31,27.75,2002-04-30,119,13,True,True,True,2002-04-30,2003-04-30,2003-05-22,0,8,6.177493805207911,4.744442443269682,-3.2815125387161754,2.908866340532329,3.5039645374673825,1.9584032133027798,2.086541278795059,2.357830567220024,-3.0830561017256657,-2.506097202359028
SA_117,SA_117@2003-05-22,2003-08-20,2003-05-22,1,Technology,Technology Hardware,2003,221.192,385.052,326.97,279.383,47.587,28.934,109.488,335.001,,41.986,28.24,-225.513,248.826,-20.336,0.946,-288.093,22.148,21.282,-10.868,-10.715,-21.583,0.065,3.1988,49.2125,43167856.0,4602118.0,0,0,0,0,0,0,0,0,1,0,0,0,0,0,0,0,0,0,0,0,0,0,0,0,0,0,2,bankruptcy,2004-05-22,True,bankrupt,DDICQ,DDI Corp.,DDICQ US Equity,2003-02-21,2002-12-31,20,142,142,2003-04-30,22,2003-04-30,22.0,2003-04-30,22.0,2003-04-30,22.0,2003-04-30,22,2003-04-30,22,5,22,0.065,2003-04-30,0.15,2003-03-31,0.1,2003-02-28,0.16,2003-01-31,0.22,2002-12-31,0.44,2002-11-29,0.201,2002-10-31,0.159,2002-09-30,0.49,2002-08-30,0.64,2002-07-31,0.9,2002-06-28,2.75,2002-05-31,6.02,2002-04-30,37,13,True,True,True,2002-04-30,2003-04-30,2003-05-22,0,8,5.403541872957025,1.4347987701795057,-5.4228023384195385,-3.060395786879713,0.6657759837638133,-5.666748435654099,3.141908383711592,-2.4738457024285756,-2.460870071959759,-3.1171974108351668
SA_68,SA_68@2003-06-16,2003-09-14,2003-06-16,1,Utilities,Electric Utilities,2003,2785.061,3240.637,2038.681,25.909,2012.772,26.554,559.922,513.924,,91.807,28.096,45.998,783.744,110.741,174.0,-863.942,98.01,63.24,-69.864,-147.847,-217.711,2.68,100.9827,37.6801,18423400.0,47385930.0,0,0,0,0,0,0,0,0,1,0,0,0,0,0,0,0,0,0,0,0,0,0,0,0,0,0,2,bankruptcy,2004-06-16,True,bankrupt,NTHWQ,NorthWestern Corporation,NTHWQ US Equity,2003-03-18,2002-12-31,20,167,167,2003-05-30,17,2003-05-30,17.0,2003-05-30,17.0,2003-05-30,17.0,2003-05-30,17,2003-05-30,17,5,17,2.68,2003-05-30,2.42,2003-04-30,2.1,2003-03-31,2.64,2003-02-28,5.25,2003-01-31,5.08,2002-12-31,8.04,2002-11-29,8.5,2002-10-31,9.76,2002-09-30,12.75,2002-08-30,11.56,2002-07-31,16.95,2002-06-28,17.63,2002-05-31,60,13,True,True,True,2002-05-31,2003-05-30,2003-06-16,0,8,7.932384049290292,4.624803191056097,3.8501050476131566,4.716183693337655,5.1647859739235145,-6.7626624526606705,4.595220855134423,-4.260762547180843,-5.002918932740709,-5.387751223628651
NB_590,NB_590@2003-06-26,,2003-06-26,0,Materials,Steel,2003,730.1,630.9,55.0,20.0,35.0,61.8,300.5,204.8,,23.1,184.4,95.7,598.6,-7.9,26.0,-188.3,6.6,33.9,28.5,-10.6,17.9,1.8875,155.8682,82.5792,8746400.0,18225750.0,0,0,0,0,0,0,0,0,1,0,0,0,0,0,0,0,0,0,0,0,0,0,0,0,0,0,1,nonbankruptcy_candidate,2004-06-26,True,nonbankrupt,CLF,Cleveland-Cliffs Inc. Common Stock,CLF US Equity,2003-03-28,2002-12-31,20,177,177,2003-05-30,27,2003-05-30,27.0,2003-05-30,27.0,2003-05-30,27.0,2003-05-30,27,2003-05-30,27,5,27,1.8875,2003-05-30,2.25,2003-04-30,2.3313,2003-03-31,2.635,2003-02-28,2.5612,2003-01-31,2.4813,2002-12-31,2.5938,2002-11-29,2.525,2002-10-31,3.0063,2002-09-30,3.29,2002-08-30,3.05,2002-07-31,3.45,2002-06-28,3.5738,2002-05-31,120,13,True,True,True,2002-05-31,2003-05-30,2003-06-26,0,8,6.59455024929927,5.055405962333011,4.571613402459248,-2.186051276738094,3.295836866004329,-5.243333058215277,2.028148247292285,3.3843902633457743,-2.451005098112319,2.9391619220655967
SA_251,SA_251@2003-06-26,2003-09-24,2003-06-26,1,Consumer Discretionary,Apparel & Textile Products,2003,318.262,224.809,145.189,46.17,99.019,1.654,85.149,97.207,,33.017,48.848,-12.058,445.6,30.703,50.218,11.369,15.816,19.515,43.08,-7.968,35.112,1.6,41.2357,25.7723,665500.0,1043343.0,0,0,0,0,0,0,0,0,1,0,0,0,0,0,0,0,0,0,0,0,0,0,0,0,0,0,2,bankruptcy,2004-06-26,True,bankrupt,CJML,Cone Mills Corp,CJML US Equity,2003-03-28,2002-12-29,20,179,179,2003-05-30,27,2003-05-30,27.0,2003-05-30,27.0,2003-05-30,27.0,2003-05-30,27,2003-05-30,27,5,27,1.6,2003-05-30,1.36,2003-04-30,1.91,2003-03-31,1.85,2003-02-28,1.31,2003-01-31,1.72,2002-12-31,2.1,2002-11-29,2.49,2002-10-31,2.47,2002-09-30,2.8,2002-08-30,2.6,2002-07-31,2.68,2002-06-28,3.5,2002-05-31,60,13,True,True,True,2002-05-31,2003-05-30,2003-06-26,0,8,5.7660120823033365,3.743265834973687,-2.569400972764442,3.45641131362939,3.936091032761847,2.5151933423928727,2.8223308141345953,3.786006164844659,-2.193662685769859,3.58662522007518
SA_47,SA_47@2003-07-25,2003-10-23,2003-07-25,1,Materials,Steel,2003,652.4,572.891,186.181,101.181,85.0,2.62,322.975,299.576,,71.204,220.568,23.399,1127.001,-77.035,-52.252,-52.333,10.442,,-31.062,-4.716,-35.778,0.61,13.5708,15.1072,1765500.0,1272910.0,0,0,0,0,0,0,0,0,1,0,0,0,0,0,0,0,0,1,0,0,0,0,0,0,0,0,2,bankruptcy,2004-07-25,True,bankrupt,RGIDQ,"Rouge Industries, Inc.",RGIDQ US Equity,2003-04-26,2002-12-31,19,206,206,2003-06-30,25,2003-06-30,25.0,2003-06-30,25.0,2003-06-30,25.0,2003-06-30,25,2003-06-30,25,5,25,0.61,2003-06-30,0.46,2003-05-30,0.47,2003-04-30,0.5,2003-03-31,0.5,2003-02-28,0.91,2003-01-31,1.02,2002-12-31,1.18,2002-11-29,1.14,2002-10-31,1.17,2002-09-30,1.45,2002-08-30,1.49,2002-07-31,1.8,2002-06-28,60,13,True,True,True,2002-06-28,2003-06-30,2003-07-25,0,8,6.48218949916697,2.679019526043618,3.194542147852748,-4.357157443994517,-3.975035362569671,-3.976555276546186,2.4372907958463372,-3.467671528267482,-1.743269260067621,-3.6048998403186614
NB_1548,NB_1548@2003-11-06,,2003-11-06,0,Consumer Discretionary,Apparel & Textile Products,2003,42.823,21.464,17.173,16.658,0.515,1.474,38.859,20.934,,10.364,25.47,17.925,77.826,4.359,4.954,2.604,0.643,0.595,1.8,-1.734,0.066,9.7603,38.6069,3.95549,256036.0,2486345.0,0,0,0,0,0,0,0,0,1,0,0,0,0,0,0,0,0,0,0,0,0,0,0,0,0,0,1,nonbankruptcy_candidate,2004-11-06,True,nonbankrupt,LAKE,Lakeland Industries Inc. Common Stock,LAKE US Equity,2003-08-08,2003-01-31,20,279,279,2003-10-31,6,2003-10-31,6.0,2003-10-31,6.0,2003-10-31,6.0,2003-10-31,6,2003-10-31,6,5,6,9.7603,2003-10-31,9.8099,2003-09-30,8.2314,2003-08-29,8.6281,2003-07-31,7.731,2003-06-30,7.3253,2003-05-30,6.7994,2003-04-30,6.3862,2003-03-31,5.9354,2003-02-28,5.2442,2003-01-31,5.2817,2002-12-31,5.6341,2002-11-29,5.3351,2002-10-31,125,13,True,True,True,2002-10-31,2003-10-31,2003-11-06,0,8,3.7801587937134604,3.679003345506229,2.9404837993235127,1.6787773905127132,1.7840632625935846,1.2820443397460914,0.49652383905513103,1.0296194171811581,-1.0057657383017578,0.0639133257436528
NB_170,NB_170@2003-11-06,,2003-11-06,0,Consumer Staples,Wholesale - Consumer Staples,2003,469.218,363.453,164.047,79.775,84.272,6.095,337.289,255.534,105.765,59.8,256.275,81.755,1076.527,22.073,36.387,14.244,9.812,14.314,23.249,-9.834,13.415,5.36,114.168,21.3,557670.0,2935614.0,0,0,0,0,0,0,0,0,0,0,0,0,0,0,0,0,0,0,0,0,0,0,0,0,0,0,1,nonbankruptcy_candidate,2004-11-06,True,nonbankrupt,ANDE,Andersons Inc. (The) Common Stock,ANDE US Equity,2003-08-08,2002-12-31,21,310,310,2003-10-31,6,2003-10-31,6.0,2003-10-31,6.0,2003-10-31,6.0,2003-10-31,6,2003-10-31,6,5,6,5.36,2003-10-31,5.08,2003-09-30,4.5,2003-08-29,4.37,2003-07-31,4.0833,2003-06-30,4.3797,2003-05-30,3.86,2003-04-30,4.2633,2003-03-31,4.3,2003-02-28,4.28,2003-01-31,4.2333,2002-12-31,3.9867,2002-11-29,3.9567,2002-10-31,93,13,True,True,True,2002-10-31,2003-10-31,2003-11-06,0,8,6.153196416955553,4.74639193189662,4.4158844353925035,3.1386631027430263,3.6213230504129466,2.7241859830116137,2.3806566284142012,3.188375379419817,-2.382689337235707,2.6682693310903653
NB_2140,NB_2140@2003-11-06,,2003-11-06,0,Consumer Discretionary,Wholesale - Discretionary,2003,278.941,169.323,118.414,2.736,115.678,27.784,67.595,48.885,,38.385,1.373,18.71,299.646,24.781,29.292,9.713,8.308,,35.791,-1.549,34.242,3.6425,138.4179,38.0008,2902272.0,11172410.0,0,0,0,0,0,0,0,0,1,0,0,0,0,0,0,0,0,1,0,0,0,0,0,0,0,0,1,nonbankruptcy_candidate,2004-11-06,True,nonbankrupt,PLUS,ePlus inc. Common Stock,PLUS US Equity,2003-08-08,2003-03-31,19,220,220,2003-10-31,6,2003-10-31,6.0,2003-10-31,6.0,2003-10-31,6.0,2003-10-31,6,2003-10-31,6,5,6,3.6425,2003-10-31,3.9,2003-09-30,3.2625,2003-08-29,3.45,2003-07-31,2.66,2003-06-30,2.3152,2003-05-30,2.25,2003-04-30,1.8,2003-03-31,1.8175,2003-02-28,1.8375,2003-01-31,1.7625,2002-12-31,1.8498,2002-11-29,1.8151,2002-10-31,84,13,True,True,True,2002-10-31,2003-10-31,2003-11-06,0,8,5.634578866680161,4.937475897543436,2.9811261211646287,3.2496377865182415,3.4108836512515763,2.371457957280421,2.230874245440045,3.605253250046544,-0.9357011253939783,3.5622385531465386
NB_706,NB_706@2003-11-06,,2003-11-06,0,Consumer Discretionary,Consumer Services,2003,703.754,605.263,239.287,2.348,236.939,2.702,26.865,28.463,,14.64,,-1.598,154.176,32.247,43.355,20.278,19.75,6.566,18.945,-6.034,12.911,3.27,57.1433,17.475,514500.0,1752435.0,0,0,0,0,0,0,0,0,1,0,1,0,0,0,0,0,0,0,0,0,0,0,0,0,0,0,1,nonbankruptcy_candidate,2004-11-06,True,nonbankrupt,CSV,Carriage Services Inc. Common Stock,CSV US Equity,2003-08-08,2002-12-31,19,310,310,2003-10-31,6,2003-10-31,6.0,2003-10-31,6.0,2003-10-31,6.0,2003-10-31,6,2003-10-31,6,5,6,3.27,2003-10-31,3.38,2003-09-30,3.19,2003-08-29,3.13,2003-07-31,3.54,2003-06-30,3.57,2003-05-30,3.7,2003-04-30,3.55,2003-03-31,3.94,2003-02-28,4.25,2003-01-31,3.98,2002-12-31,4.45,2002-11-29,3.35,2002-10-31,87,13,True,True,True,2002-10-31,2003-10-31,2003-11-06,0,8,6.557848805749665,4.062910653065892,-0.9547419182484078,3.5039645374673825,3.7922254419725503,3.057673675094174,3.0325462466767075,2.9929784853573698,-1.9507555340517906,2.6326798940774334
SA_0,SA_0@2003-11-06,2004-02-04,2003-11-06,1,Consumer Discretionary,Leisure Facilities & Services,2003,301.295,297.851,194.869,30.838,164.031,0.636,24.055,131.677,,5.087,5.283,-107.622,441.588,7.536,28.546,-63.429,31.05,,-25.232,-5.426,-30.658,0.22,7.2871,33.1231,843300.0,187239.0,0,0,0,0,0,0,0,0,1,0,0,0,0,0,0,0,0,1,0,0,0,0,0,0,0,0,2,bankruptcy,2004-11-06,True,bankrupt,AVDO,Avado Brands Inc.,AVDO US Equity,2003-08-08,2002-12-29,19,312,312,2003-10-31,6,2003-10-31,6.0,2003-10-31,6.0,2003-10-31,6.0,2003-10-31,6,2003-10-31,6,5,6,0.22,2003-10-31,0.22,2003-09-30,0.22,2003-08-29,0.25,2003-07-31,0.27,2003-06-30,0.31,2003-05-30,0.22,2003-04-30,0.19,2003-03-31,0.21,2003-02-28,0.22,2003-01-31,0.25,2002-12-31,0.3,2002-11-29,0.39,2002-10-31,60,13,True,True,True,2002-10-31,2003-10-31,2003-11-06,0,8,5.711403361787562,2.114700088887136,-4.687873965252505,2.144292513999452,3.3859483708994165,-4.165563842309942,3.467297183366679,-3.266980039542347,-1.8603522606936667,-3.4549908812635466
NB_1195,NB_1195@2004-02-27,,2004-02-27,0,Communications,Telecommunications,2004,5.839,2.6,0.277,0.277,0.0,0.616,5.432,2.6,,1.982,1.451,2.832,8.775,-0.526,-0.228,0.29,0.0,,0.516,-0.037,0.479,1072415724.5828,8.116,0.0,0.0,1617664.0,0,0,0,0,0,0,0,0,1,0,0,0,0,0,0,0,0,1,0,0,0,0,0,0,0,0,1,nonbankruptcy_candidate,2005-02-27,True,nonbankrupt,GPUS,Hyperscale Data Inc. Common Stock,GPUS US Equity,2003-11-29,2002-12-31,19,423,423,2004-02-27,0,2004-02-27,0.0,2004-02-27,0.0,2004-02-27,0.0,2004-02-27,0,2004-02-27,0,5,0,1072415724.5828,2004-02-27,1501382014.416,2004-01-30,600552805.7664,2003-12-31,629150558.4219,2003-11-28,514759547.7998,2003-10-31,557656176.7831,2003-09-30,550506738.6192,2003-08-29,750691007.208,2003-07-31,557656176.7831,2003-06-30,529058424.1275,2003-05-30,471862918.8164,2003-04-30,393219099.0137,2003-03-31,450414604.3248,2003-02-28,87,13,True,True,True,2003-02-28,2004-02-27,2004-02-27,0,8,1.922641522115959,2.210031111383438,1.343386860108614,-0.42264993286226527,-0.20538682972495073,0.2546422183735807,0.0,0.41607528722017995,-0.03633192924739028,0.3913661837286628
NB_1746,NB_1746@2004-02-27,,2004-02-27,0,Consumer Discretionary,Automotive,2004,162.177,122.48,36.458,35.244,1.214,2.097,109.642,119.816,,46.616,27.815,-10.174,231.503,14.908,22.14,-45.694,4.617,3.095,19.59,-2.647,16.943,9.0,84.0798,9.3422,282000.0,2621694.0,0,0,0,0,0,0,0,0,1,0,0,0,0,0,0,0,0,0,0,0,0,0,0,0,0,0,1,nonbankruptcy_candidate,2005-02-27,True,nonbankrupt,MLR,Miller Industries Inc. Common Stock,MLR US Equity,2003-11-29,2002-12-31,20,423,423,2004-02-27,0,2004-02-27,0.0,2004-02-27,0.0,2004-02-27,0.0,2004-02-27,0,2004-02-27,0,5,0,9.0,2004-02-27,9.0,2004-01-30,7.51,2003-12-31,6.2,2003-11-28,6.22,2003-10-31,4.05,2003-09-30,3.75,2003-08-29,3.7,2003-07-31,3.41,2003-06-30,2.99,2003-05-30,3.13,2003-04-30,3.2,2003-03-31,3.39,2003-02-28,115,13,True,True,True,2003-02-28,2004-02-27,2004-02-27,0,8,5.094835501225699,4.443589639600548,-2.4135896510369568,2.7668221273454443,3.1415627217655304,-3.843615676763246,1.7257977135502958,3.0248055210396982,-1.293904911826543,2.8872000667305295
NB_2059,NB_2059@2004-02-27,,2004-02-27,0,Industrials,Transportation & Logistics,2004,228.32,83.868,21.192,1.017,20.175,30.766,70.684,26.343,,34.231,0.411,44.341,264.012,29.767,54.482,16.593,1.985,24.715,48.867,-42.067,6.8,4.3125,194.8163,45.1748,2213916.0,9511167.0,0,0,0,0,0,0,0,0,1,0,0,0,0,0,0,0,0,0,0,0,0,0,0,0,0,0,1,nonbankruptcy_candidate,2005-02-27,True,nonbankrupt,PAMT,PAMT CORP Common Stock,PAMT US Equity,2003-11-29,2002-12-31,20,423,423,2004-02-27,0,2004-02-27,0.0,2004-02-27,0.0,2004-02-27,0.0,2004-02-27,0,2004-02-27,0,5,0,4.3125,2004-02-27,4.43,2004-01-30,5.3465,2003-12-31,4.93,2003-11-28,4.7675,2003-10-31,5.13,2003-09-30,5.6875,2003-08-29,5.675,2003-07-31,6.4275,2003-06-30,5.96,2003-05-30,5.9525,2003-04-30,5.47,2003-03-31,5.5875,2003-02-28,129,13,True,True,True,2003-02-28,2004-02-27,2004-02-27,0,8,5.435118408040182,5.277176974843932,3.814211700416224,3.426442687018193,4.016058643823556,2.867501095656909,1.0935997468445655,3.9093594613419045,-3.762757042588519,2.0541237336955462
NB_2068,NB_2068@2004-02-27,,2004-02-27,0,Consumer Discretionary,Leisure Products,2004,86.4659,27.1869,15.1143,3.6714,11.4429,3.5522,51.6118,13.0465,,11.5448,32.0919,38.5653,308.755,1.3181,7.6134,0.0945,1.035,,5.3682,-4.1867,1.1815,2.7259,42.4755,15.58204,309369.0,842335.0,0,0,0,0,0,0,0,0,1,0,0,0,0,0,0,0,0,1,0,0,0,0,0,0,0,0,1,nonbankruptcy_candidate,2005-02-27,True,nonbankrupt,PATK,Patrick Industries Inc. Common Stock,PATK US Equity,2003-11-29,2002-12-31,19,423,423,2004-02-27,0,2004-02-27,0.0,2004-02-27,0.0,2004-02-27,0.0,2004-02-27,0,2004-02-27,0,5,0,2.7259,2004-02-27,2.5215,2004-01-30,2.4474,2003-12-31,2.5126,2003-11-28,2.2637,2003-10-31,2.0296,2003-09-30,1.9259,2003-08-29,2.0148,2003-07-31,1.8904,2003-06-30,1.9259,2003-05-30,1.9556,2003-04-30,2.0,2003-03-31,2.1807,2003-02-28,129,13,True,True,True,2003-02-28,2004-02-27,2004-02-27,0,8,4.471249003119507,3.772197561036777,3.6779524714916545,0.8407478846255109,2.153319130154419,0.09029763798078058,0.7104958188945583,1.851316855084067,-1.646097656796703,0.7800127135815272
SA_268,SA_268@2004-02-27,2004-05-27,2004-02-27,1,Communications,Telecommunications,2004,1990.272,2029.4689,1744.4139,37.417,1706.9969,49.365,403.218,318.306,,67.275,0.0,84.912,433.494,-418.396,-123.926,-1408.189,167.663,,-202.815,-141.758,-344.573,1.13,125.6543,111.1985,84587964.0,99161560.0,0,0,0,0,0,0,0,0,1,0,0,0,0,0,0,0,0,1,0,0,0,0,0,0,0,0,2,bankruptcy,2005-02-27,True,bankrupt,RCNCQ,RCN Corporation,RCNCQ US Equity,2003-11-29,2002-12-31,19,423,423,2004-01-30,28,2004-01-30,28.0,2004-01-30,28.0,2004-01-30,28.0,2004-01-30,28,2004-01-30,28,5,28,1.13,2004-01-30,0.68,2003-12-31,1.01,2003-11-28,1.37,2003-10-31,1.84,2003-09-30,2.43,2003-08-29,2.4,2003-07-31,1.98,2003-06-30,1.52,2003-05-30,0.83,2003-04-30,0.72,2003-03-31,0.79,2003-02-28,0.96,2003-01-31,59,13,True,True,True,2003-01-31,2004-01-30,2004-02-27,0,8,7.596528909499698,4.841461327707101,4.4533235165559155,-6.038815580987908,-4.827721562001112,-7.250769640589327,5.127902641252623,-5.317212719650328,-4.961150888997348,-5.845203908877984
SA_13,SA_13@2004-07-07,2004-10-05,2004-07-07,1,Communications,Telecommunications,2004,383.468,732.473,664.975,13.182,651.793,16.238,50.348,63.571,,30.859,0.0,-13.223,322.891,-29.476,35.215,-123.051,94.081,53.9,-3.678,-12.358,-16.036,0.21,9.2708,44.1466,2577804.0,588081.3,0,0,0,0,0,0,0,0,1,0,0,0,0,0,0,0,0,0,0,0,0,0,0,0,0,0,2,bankruptcy,2005-07-07,True,bankrupt,CWONQ,"Choice One Communications, Inc.",CWONQ US Equity,2004-04-08,2003-12-31,20,189,189,2004-06-30,7,2004-06-30,7.0,2004-06-30,7.0,2004-06-30,7.0,2004-06-30,7,2004-06-30,7,5,7,0.21,2004-06-30,0.27,2004-05-31,0.39,2004-04-30,0.535,2004-03-31,0.85,2004-02-27,0.95,2004-01-30,0.72,2003-12-31,0.84,2003-11-28,0.72,2003-10-31,0.27,2003-09-30,0.28,2003-08-29,0.31,2003-07-31,0.32,2003-06-30,53,13,True,True,True,2003-06-30,2004-06-30,2004-07-07,0,8,5.9518605605148185,2.329304917693427,-2.654860372588091,-3.416939488610763,3.5894733976472897,-4.820692771370937,4.554729159895667,-1.5428706681619873,-2.592115456303444,-2.8353287520609673
SA_70,SA_70@2004-07-22,2004-10-20,2004-07-22,1,Consumer Discretionary,Leisure Products,2004,292.971,220.315,80.944,80.402,0.542,1.432,174.21,173.534,,101.283,49.606,0.676,437.676,-1.614,3.02,-7.455,5.99,,-18.397,-5.901,-24.298,1.15,18.4435,16.0378,4780000.0,5805102.0,0,0,0,0,0,0,0,0,1,0,0,0,0,0,0,0,0,1,0,0,0,0,0,0,0,0,2,bankruptcy,2005-07-22,True,bankrupt,HUFCQ,Huffy Corp.,HUFCQ US Equity,2004-04-23,2003-12-31,19,204,204,2004-06-30,22,2004-06-30,22.0,2004-06-30,22.0,2004-06-30,22.0,2004-06-30,22,2004-06-30,22,5,22,1.15,2004-06-30,1.16,2004-05-31,2.22,2004-04-30,3.9,2004-03-31,3.95,2004-02-27,4.88,2004-01-30,5.25,2003-12-31,6.83,2003-11-28,5.95,2003-10-31,6.1,2003-09-30,7.35,2003-08-29,7.17,2003-07-31,7.0,2003-06-30,60,13,True,True,True,2003-06-30,2004-06-30,2004-07-22,0,8,5.6834811230177085,2.967512823979093,0.5164100020598913,-0.9608816152020303,1.3912819026309295,-2.1347579823505436,1.944480556245719,-2.9651184149361547,-1.9316663286384648,-3.23072534122535
NB_1775,NB_1775@2004-07-28,,2004-07-28,0,Consumer Discretionary,Automotive,2004,61.766,21.385,4.656,3.409,1.247,7.63,55.856,20.038,,9.789,28.311,35.818,80.548,9.865,12.234,5.811,0.968,,15.152,0.0,15.152,9.35,75.8659,8.114,284336.0,2413073.0,0,0,0,0,0,0,0,0,1,0,0,0,0,0,0,0,0,1,0,0,0,0,0,0,0,0,1,nonbankruptcy_candidate,2005-07-28,True,nonbankrupt,MPAA,Motorcar Parts of America Inc. Common Stock,MPAA US Equity,2004-04-29,2004-03-31,19,119,119,2004-06-30,28,2004-06-30,28.0,2004-06-30,28.0,2004-06-30,28.0,2004-06-30,28,2004-06-30,28,5,28,9.35,2004-06-30,8.5,2004-05-31,8.35,2004-04-30,8.35,2004-03-31,7.65,2004-02-27,6.25,2004-01-30,5.66,2003-12-31,5.58,2003-11-28,4.21,2003-10-31,3.7,2003-09-30,3.6,2003-08-29,3.7,2003-07-31,3.3,2003-06-30,123,13,True,True,True,2003-06-30,2004-06-30,2004-07-28,0,8,4.139413525589679,4.342062345136189,3.60598685602437,2.385546613708393,2.582789275589868,1.9185389522591814,0.6770177986300616,2.7820438810105363,0.0,2.7820438810105363
NB_698,NB_698@2004-07-28,,2004-07-28,0,Consumer Discretionary,Home & Office Products,2004,58.387,39.95,31.463,3.016,28.447,0.007,33.338,11.503,,17.221,14.394,21.835,86.227,7.434,7.966,3.103,4.055,0.532,3.205,-0.422,2.783,0.78,7.4138,9.5049,339765.0,234468.2,0,0,0,0,0,0,0,0,1,0,0,0,0,0,0,0,0,0,0,0,0,0,0,0,0,0,1,nonbankruptcy_candidate,2005-07-28,True,nonbankrupt,CRWS,Crown Crafts Inc Common Stock,CRWS US Equity,2004-04-29,2004-03-28,20,122,122,2004-06-30,28,2004-06-30,28.0,2004-06-30,28.0,2004-06-30,28.0,2004-06-30,28,2004-06-30,28,5,28,0.78,2004-06-30,0.52,2004-05-31,0.67,2004-04-30,0.53,2004-03-31,0.6,2004-02-27,0.72,2004-01-30,0.5,2003-12-31,0.52,2003-11-28,0.62,2003-10-31,0.7,2003-09-30,0.73,2003-08-29,0.67,2003-07-31,0.71,2003-06-30,133,13,True,True,True,2003-06-30,2004-06-30,2004-07-28,0,8,4.084075347197446,2.129873214978523,3.1282944466369624,2.1322711553243683,2.193439645733248,1.411718413460049,1.6203778524724346,1.4362742934249113,-0.35206433138104914,1.330517345650892
NB_745,NB_745@2004-07-28,,2004-07-28,0,Industrials,Machinery,2004,10.325,4.696,3.513,0.177,3.336,0.321,4.217,1.36,,1.82,2.002,2.857,9.788,-0.6,-0.248,-0.337,0.209,0.352,0.592,-0.067,0.525,1.4,4.2547,3.0391,40600.0,61360.0,0,0,0,0,0,0,0,0,1,0,0,0,0,0,0,0,0,0,0,0,0,0,0,0,0,0,1,nonbankruptcy_candidate,2005-07-28,True,nonbankrupt,CVV,CVD Equipment Corporation Common Stock,CVV US Equity,2004-04-29,2003-12-31,20,210,210,2004-06-30,28,2004-06-30,28.0,2004-06-30,28.0,2004-06-30,28.0,2004-06-30,28,2004-06-30,28,5,28,1.4,2004-06-30,1.5,2004-05-31,1.7,2004-04-30,1.55,2004-03-31,2.0,2004-02-27,1.72,2004-01-30,1.3,2003-12-31,1.15,2003-11-28,1.45,2003-10-31,1.38,2003-09-30,1.6,2003-08-29,1.5,2003-07-31,1.01,2003-06-30,125,13,True,True,True,2003-06-30,2004-06-30,2004-07-28,0,8,2.4270126713690976,1.6591229142121495,1.3498896792260908,-0.4700036292457356,-0.22154226994723591,-0.29042829811980614,0.18979357163265562,0.46499108742219125,-0.06485097231961633,0.42199441005937494
SA_165,SA_165@2004-07-28,2004-10-26,2004-07-28,1,Industrials,Transportation & Logistics,2004,869.987,941.087,551.026,51.645,499.381,160.644,348.399,334.492,,118.745,47.604,13.907,1518.533,45.673,102.402,20.434,56.324,,93.779,-42.534,51.245,5.25,62.0755,11.8239,547774.0,3148227.0,0,0,0,0,0,0,0,0,1,0,0,0,0,0,0,0,0,1,0,0,0,0,0,0,0,0,2,bankruptcy,2005-07-28,True,bankrupt,ATAHQ,ATA Holdings Corp.,ATAHQ US Equity,2004-04-29,2003-12-31,19,210,210,2004-06-30,28,2004-06-30,28.0,2004-06-30,28.0,2004-06-30,28.0,2004-06-30,28,2004-06-30,28,5,28,5.25,2004-06-30,6.36,2004-05-31,7.61,2004-04-30,8.35,2004-03-31,8.71,2004-02-27,12.84,2004-01-30,9.65,2003-12-31,9.1,2003-11-28,9.99,2003-10-31,7.0,2003-09-30,8.75,2003-08-29,7.15,2003-07-31,7.36,2003-06-30,60,13,True,True,True,2003-06-30,2004-06-30,2004-07-28,0,8,6.769627051367984,4.1443324215666495,2.701830901288293,3.8431658390185586,4.638624304247036,3.064978446290805,4.048719384195825,4.55154786573468,-3.7735422419926454,3.9559441924860743
NB_2478,NB_2478@2004-09-01,,2004-09-01,0,Communications,Telecommunications,2004,65.838,16.785,0.0,0.0,0.0,12.38,59.187,16.761,48.266,0.962,1.3,42.426,7.858,-8.709,-8.11,-0.559,0.007,,-7.652,-1.07,-8.722,882.0,128.9568,0.14621,12273.0,9202568.0,0,0,0,0,0,0,0,0,0,0,0,0,0,0,0,0,0,1,0,0,0,0,0,0,0,0,1,nonbankruptcy_candidate,2005-09-01,True,nonbankrupt,SLNH,Soluna Holdings Inc. Common Stock,SLNH US Equity,2004-06-03,2003-12-31,20,245,245,2004-08-31,1,2004-08-31,1.0,2004-08-31,1.0,2004-08-31,1.0,2004-08-31,1,2004-08-31,1,5,1,882.0,2004-08-31,844.0,2004-07-30,1196.0,2004-06-30,1030.0,2004-05-31,1092.0,2004-04-30,1024.0,2004-03-31,1188.0,2004-02-27,1410.0,2004-01-30,1094.0,2003-12-31,1000.0,2003-11-28,1320.0,2003-10-31,928.0,2003-09-30,638.0,2003-08-29,135,13,True,True,True,2003-08-29,2004-08-31,2004-09-01,0,8,4.202271781077241,4.867202087536838,3.7710583400715803,-2.273053290388008,-2.209372711271867,-0.4440445900756395,0.006975613736425242,-2.1577905080908124,-0.7275486072772778,-2.2743913586232636
NB_2603,NB_2603@2004-09-01,,2004-09-01,0,Consumer Discretionary,Leisure Products,2004,105.29,85.0346,41.9095,4.0395,37.87,5.5107,49.3314,29.8717,,20.2499,15.9867,19.4596,119.5146,5.8116,7.5171,0.8323,3.3404,1.6821,0.9067,-5.6766,-4.7699,1.129,45.6642,31.0641,804800.0,1119122.0,0,0,0,0,0,0,0,0,1,0,0,0,0,0,0,0,0,0,0,0,0,0,0,0,0,0,1,nonbankruptcy_candidate,2005-09-01,True,nonbankrupt,SWBI,Smith & Wesson Brands Inc. Common Stock,SWBI US Equity,2004-06-03,2004-04-30,20,124,124,2004-08-31,1,2004-08-31,1.0,2004-08-31,1.0,2004-08-31,1.0,2004-08-31,1,2004-08-31,1,5,1,1.129,2004-08-31,1.129,2004-07-30,1.2135,2004-06-30,1.2442,2004-05-31,1.2366,2004-04-30,1.2903,2004-03-31,1.2673,2004-02-27,1.2289,2004-01-30,1.3748,2003-12-31,1.4747,2003-11-28,1.7281,2003-10-31,1.4516,2003-09-30,1.4286,2003-08-29,68,13,True,True,True,2003-08-29,2004-08-31,2004-09-01,0,8,4.66617120754549,3.8429772754013496,3.018452209990239,1.9186270411703126,2.1420759073134517,0.6055720083039923,1.4679665097639154,0.645373999088262,-1.8986088759373,-1.752654749347294
NB_261,NB_261@2004-09-01,,2004-09-01,0,Communications,Telecommunications,2004,151.973,30.634,3.592,1.081,2.511,32.32,47.185,20.663,,9.223,3.624,26.522,78.865,34.462,46.935,12.244,0.424,,26.517,-16.156,10.361,10.28,128.8752,12.5365,175500.0,1908556.0,0,0,0,0,0,0,0,0,1,0,0,0,0,0,0,0,0,1,0,0,0,0,0,0,0,0,1,nonbankruptcy_candidate,2005-09-01,True,nonbankrupt,ATNI,ATN International Inc. Common Stock,ATNI US Equity,2004-06-03,2003-12-31,19,245,245,2004-08-31,1,2004-08-31,1.0,2004-08-31,1.0,2004-08-31,1.0,2004-08-31,1,2004-08-31,1,5,1,10.28,2004-08-31,12.2,2004-07-30,12.84,2004-06-30,12.5,2004-05-31,12.66,2004-04-30,12.484,2004-03-31,12.4,2004-02-27,11.272,2004-01-30,11.22,2003-12-31,10.66,2003-11-28,10.076,2003-10-31,8.46,2003-09-30,8.2,2003-08-29,135,13,True,True,True,2003-08-29,2004-08-31,2004-09-01,0,8,5.030261435231434,4.866573989360458,3.31498568484309,3.568461700634797,3.86984592652896,2.583544619685,0.353469812989784,3.3148039954950366,-2.842347966654634,2.4301864375877673
SA_287,SA_287@2004-09-01,2004-11-30,2004-09-01,1,Consumer Discretionary,Automotive,2004,230.324,272.259,177.64,2.456,175.184,5.697,70.018,54.886,,39.979,19.004,15.132,423.92,13.271,37.552,-109.681,15.142,24.162,4.534,-9.369,-4.835,2.38,22.1673,9.314,718718.0,1920096.0,0,0,0,0,0,0,0,0,1,0,0,0,0,0,0,0,0,0,0,0,0,0,0,0,0,0,2,bankruptcy,2005-09-01,True,bankrupt,AICOQ,Amcast Industrial Corporation (2004),AICOQ US Equity,2004-06-03,2003-08-31,20,367,367,2004-08-31,1,2004-08-31,1.0,2004-08-31,1.0,2004-08-31,1.0,2004-08-31,1,2004-08-31,1,5,1,2.38,2004-08-31,3.0,2004-07-30,2.51,2004-06-30,4.05,2004-05-31,4.45,2004-04-30,4.5,2004-03-31,4.07,2004-02-27,4.45,2004-01-30,2.6,2003-12-31,2.35,2003-11-28,2.45,2003-10-31,1.45,2003-09-30,1.45,2003-08-29,60,13,True,True,True,2003-08-29,2004-08-31,2004-09-01,0,8,5.443819325203455,3.1427418016584534,2.780804877011122,2.6582295061182544,3.652007979338032,-4.706652189933926,2.7814245709021805,1.7109108813647342,-2.338820585576141,-1.7638742657385194
NB_2660,NB_2660@2004-11-02,,2004-11-02,0,Consumer Discretionary,Automotive,2004,11.234,6.576,0.0,0.0,0.0,0.844,9.448,5.326,,5.882,2.498,4.122,29.042,-1.557,-1.034,-1.415,0.069,0.052,-1.867,-0.465,-2.332,3.17,46.5613,14.6881,220506.0,730439.6,0,0,0,0,0,0,0,0,1,0,0,0,0,0,0,0,0,0,0,0,0,0,0,0,0,0,1,nonbankruptcy_candidate,2005-11-02,True,nonbankrupt,THRM,Gentherm Inc Common Stock,THRM US Equity,2004-08-04,2003-12-31,20,307,307,2004-10-29,4,2004-10-29,4.0,2004-10-29,4.0,2004-10-29,4.0,2004-10-29,4,2004-10-29,4,5,4,3.17,2004-10-29,3.67,2004-09-30,3.6,2004-08-31,5.3,2004-07-30,5.17,2004-06-30,5.17,2004-05-31,5.35,2004-04-30,4.96,2004-03-31,4.95,2004-02-27,4.49,2004-01-30,4.322,2003-12-31,4.4,2003-11-28,4.9,2003-10-31,137,13,True,True,True,2003-10-31,2004-10-29,2004-11-02,0,8,2.5042189608203733,3.8620194053430454,1.6335449877773334,-0.9388346963090496,-0.7100042976263682,-0.881699287104536,0.06672363204290818,-1.0532661869012327,-0.38185524246903063,-1.2035727243045962
SA_207,SA_207@2004-11-02,2005-01-31,2004-11-02,1,Consumer Discretionary,Home & Office Products,2004,266.54,227.134,165.385,3.9,161.485,1.356,101.102,53.603,,31.877,62.525,47.499,251.802,4.139,13.45,-22.516,17.765,,-10.459,-2.247,-12.706,1.74,17.0381,9.792,563230.0,1031865.0,0,0,0,0,0,0,0,0,1,0,0,0,0,0,0,0,0,1,0,0,0,0,0,0,0,0,2,bankruptcy,2005-11-02,True,bankrupt,FCPR,"Falcon Products, Inc.",FCPR US Equity,2004-08-04,2003-11-01,19,367,367,2004-10-29,4,2004-10-29,4.0,2004-10-29,4.0,2004-10-29,4.0,2004-10-29,4,2004-10-29,4,5,4,1.74,2004-10-29,1.93,2004-09-30,1.23,2004-08-31,2.6,2004-07-30,2.66,2004-06-30,3.75,2004-05-31,4.85,2004-04-30,3.8,2004-03-31,4.3,2004-02-27,4.0,2004-01-30,4.4,2003-12-31,4.74,2003-11-28,5.8,2003-10-31,60,13,True,True,True,2003-10-31,2004-10-29,2004-11-02,0,8,5.58926908786744,2.8924861875800176,3.8815431791741712,1.6368585080100926,2.670694414558441,-3.1576810405400084,2.9319934325869843,-2.438775447444311,-1.1777314931207088,-2.617833693163632
NB_2626,NB_2626@2004-11-04,,2004-11-04,0,Industrials,Machinery,2004,13.15,4.144,1.351,0.364,0.987,0.088,8.396,2.147,,1.44,4.561,6.249,13.0214,-0.028,0.3143,-0.0586,0.1525,0.3316,3.211,-0.0954,3.1156,2.12,6.4066,3.022,133796.0,314072.6,0,0,0,0,0,0,0,0,1,0,0,0,0,0,0,0,0,0,0,0,0,0,0,0,0,0,1,nonbankruptcy_candidate,2005-11-04,True,nonbankrupt,TAYD,Taylor Devices Inc. Common Stock,TAYD US Equity,2004-08-06,2004-05-31,20,157,157,2004-10-29,6,2004-10-29,6.0,2004-10-29,6.0,2004-10-29,6.0,2004-10-29,6,2004-10-29,6,5,6,2.12,2004-10-29,2.65,2004-09-30,2.57,2004-08-31,2.06,2004-07-30,2.28,2004-06-30,2.26,2004-05-31,2.38,2004-04-30,2.32,2004-03-31,2.4,2004-02-27,2.53,2004-01-30,2.6,2003-12-31,2.611,2003-11-28,2.7,2003-10-31,137,13,True,True,True,2003-10-31,2004-10-29,2004-11-04,0,8,2.649714624089247,2.0023714946027757,1.9808635283187406,-0.027615167032973367,0.27330420450582543,-0.056947280441750125,0.14193349588866652,1.4377001491797907,-0.0911195933674839,1.4147846315195183
SA_182,SA_182@2004-11-04,2005-02-02,2004-11-04,1,Consumer Discretionary,Automotive,2004,2846.409,2432.899,1403.238,299.581,1103.657,160.899,728.28,1105.601,,325.599,130.004,-377.321,2815.749,99.56,250.758,-124.675,95.222,14.252,184.798,-230.126,-45.328,1.49,86.6626,58.1628,64268600.0,93332720.0,0,0,0,0,0,0,0,0,1,0,0,0,0,0,0,0,0,0,0,0,0,0,0,0,0,0,2,bankruptcy,2005-11-04,True,bankrupt,TWRAQ,"Tower Automotive, Inc.",TWRAQ US Equity,2004-08-06,2003-12-31,20,309,309,2004-10-29,6,2004-10-29,6.0,2004-10-29,6.0,2004-10-29,6.0,2004-10-29,6,2004-10-29,6,5,6,1.49,2004-10-29,2.09,2004-09-30,2.98,2004-08-31,3.15,2004-07-30,3.64,2004-06-30,3.71,2004-05-31,5.12,2004-04-30,5.04,2004-03-31,6.07,2004-02-27,6.06,2004-01-30,6.83,2003-12-31,4.55,2003-11-28,3.98,2003-10-31,60,13,True,True,True,2003-10-31,2004-10-29,2004-11-04,0,8,7.9541647369529045,4.473495354601006,-5.935743041597088,4.610754564281992,5.528468308650877,-4.833699209578639,4.566658021754726,5.224660062059155,-5.44296301636099,-3.8357465299234885
NB_1482,NB_1482@2004-12-07,,2004-12-07,0,Consumer Discretionary,Home & Office Products,2004,50.461,23.67,9.045,8.114,0.931,0.805,31.536,18.919,,24.987,4.285,12.617,94.7,2.198,4.246,1.462,0.301,2.048,-0.943,-1.619,-2.562,9.09,22.6459,2.4913,47601.0,428654.5,0,0,0,0,0,0,0,0,1,0,0,0,0,0,0,0,0,0,0,0,0,0,0,0,0,0,1,nonbankruptcy_candidate,2005-12-07,True,nonbankrupt,KEQU,Kewaunee Scientific Corporation Common Stock,KEQU US Equity,2004-09-08,2004-04-30,20,221,221,2004-11-30,7,2004-11-30,7.0,2004-11-30,7.0,2004-11-30,7.0,2004-11-30,7,2004-11-30,7,5,7,9.09,2004-11-30,9.25,2004-10-29,8.94,2004-09-30,9.14,2004-08-31,9.5,2004-07-30,10.48,2004-06-30,10.61,2004-05-31,10.66,2004-04-30,10.73,2004-03-31,11.31,2004-02-27,11.88,2004-01-30,10.5,2003-12-31,11.3,2003-11-28,138,13,True,True,True,2003-11-28,2004-11-30,2004-12-07,0,8,3.940824239233774,3.1631897383868974,2.611319012142438,1.1625256144117624,1.657465881444682,0.9009740277622618,0.26313319953036823,-0.6642331703953029,-0.9627925655255749,-1.27032218486747
NB_194,NB_194@2004-12-07,,2004-12-07,0,Communications,Telecommunications,2004,10.717,0.757,0.0,0.0,0.0,2.181,9.808,0.757,,0.532,0.0,9.051,3.594,-0.448,-0.3599,-0.424,0.0,0.077,-0.4065,-0.2248,-0.6313,8.94,12.4138,1.38857,122234.0,1094240.0,0,0,0,0,0,0,0,0,1,0,0,0,0,0,0,0,0,0,0,0,0,0,0,0,0,0,1,nonbankruptcy_candidate,2005-12-07,True,nonbankrupt,APLD,Applied Digital Corporation Common Stock,APLD US Equity,2004-09-08,2004-05-31,20,190,190,2004-11-30,7,2004-11-30,7.0,2004-11-30,7.0,2004-11-30,7.0,2004-11-30,7,2004-11-30,7,5,7,8.94,2004-11-30,10.38,2004-10-29,10.44,2004-09-30,9.12,2004-08-31,7.02,2004-07-30,9.78,2004-06-30,9.84,2004-05-31,9.84,2004-04-30,16.56,2004-03-31,16.44,2004-02-27,18.06,2004-01-30,24.0,2003-12-31,45.54,2003-11-28,29,13,True,True,True,2003-11-28,2004-11-30,2004-12-07,0,8,2.4610407786860184,2.5962840277706576,2.307672132042603,-0.3701832939635247,-0.30741116763277626,-0.353469812989784,0.0,-0.34110434894777447,-0.20277756536133695,-0.48937724296011986
NB_99,NB_99@2004-12-07,,2004-12-07,0,Industrials,Transportation & Logistics,2004,19.574,7.897,0.28,0.095,0.185,0.459,14.416,6.088,,5.095,6.46,8.328,55.997,3.402,3.96,1.738,0.112,0.558,2.205,-1.261,0.944,15.3667,61.2738,3.98745,43515339.0,859554600.0,0,0,0,0,0,0,0,0,1,0,0,0,0,0,0,0,0,0,0,0,0,0,0,0,0,0,1,nonbankruptcy_candidate,2005-12-07,True,nonbankrupt,AIRT,Air T Inc. Common Stock,AIRT US Equity,2004-09-08,2004-03-31,20,251,251,2004-11-30,7,2004-11-30,7.0,2004-11-30,7.0,2004-11-30,7.0,2004-11-30,7,2004-11-30,7,5,7,15.3667,2004-11-30,18.7533,2004-10-29,15.6333,2004-09-30,8.4,2004-08-31,10.02,2004-07-30,8.4,2004-06-30,3.4,2004-05-31,3.5733,2004-04-30,3.5333,2004-03-31,3.3533,2004-02-27,3.8273,2004-01-30,3.4333,2003-12-31,3.58,2003-11-28,138,13,True,True,True,2003-11-28,2004-11-30,2004-12-07,0,8,3.0240281427088385,4.131540791592856,2.2330206296081365,1.4820589831042699,1.601405740736836,1.007227726866257,0.10616019582839065,1.1647120903726333,-0.8158071932958327,0.6647477060382473
NB_998,NB_998@2004-12-07,,2004-12-07,0,Consumer Discretionary,Automotive,2004,20.883,9.595,0.817,0.645,0.172,1.985,10.447,8.051,,5.91,0.105,2.396,22.076,-0.034,0.3485,-0.124,0.014,0.228,0.9362,-0.086,0.8502,14192540.6527,26.1141,0.0,0.0,857905.3,0,0,0,0,0,0,0,0,1,0,0,0,0,0,0,0,0,0,0,0,0,0,0,0,0,0,1,nonbankruptcy_candidate,2005-12-07,True,nonbankrupt,FABC,Fabric.AI Inc. Common Stock,FABC US Equity,2004-09-08,2004-04-30,20,221,221,2004-11-30,7,2004-11-30,7.0,2004-11-30,7.0,2004-11-30,7.0,2004-11-30,7,2004-11-30,7,5,7,14192540.6527,2004-11-30,15611794.718,2004-10-29,18166452.0355,2004-09-30,18450302.8485,2004-08-31,25546573.1749,2004-07-30,22991915.8574,2004-06-30,22708065.0444,2004-05-31,32358992.6882,2004-04-30,27533528.8663,2004-03-31,35481351.6318,2004-02-27,38319859.7624,2004-01-30,34629799.1927,2003-12-31,34062097.5665,2003-11-28,57,13,True,True,True,2003-11-28,2004-11-30,2004-12-07,0,8,3.0857100796722228,3.300053887781989,1.2225982684491008,-0.03343477608623739,0.2989928635976476,-0.11689375147149933,0.013902905168991422,0.6607272893038342,-0.08250122151174369,0.6152937413550811
SA_158,SA_158@2004-12-07,2005-03-07,2004-12-07,1,Industrials,Machinery,2004,406.146,347.261,229.4,40.056,189.344,41.99,156.0,96.751,,42.054,41.782,59.249,326.296,-8.768,7.348,-169.208,19.166,14.1,75.797,-32.342,43.455,0.78,4.279,5.4859,737100.0,608919.0,0,0,0,0,0,0,0,0,1,0,0,0,0,0,0,0,0,0,0,0,0,0,0,0,0,0,2,bankruptcy,2005-12-07,True,bankrupt,WHXCQ,WHX Corporation,WHXCQ US Equity,2004-09-08,2003-12-31,20,342,342,2004-11-30,7,2004-11-30,7.0,2004-11-30,7.0,2004-11-30,7.0,2004-11-30,7,2004-11-30,7,5,7,0.78,2004-11-30,1.03,2004-10-29,1.06,2004-09-30,1.22,2004-08-31,1.09,2004-07-30,1.62,2004-06-30,1.62,2004-05-31,1.9,2004-04-30,2.96,2004-03-31,3.59,2004-02-27,2.85,2004-01-30,2.67,2003-12-31,2.26,2003-11-28,60,13,True,True,True,2003-11-28,2004-11-30,2004-12-07,0,8,6.009171843475835,1.6637366858414793,4.098485974722651,-2.2791117368084035,2.122021989214954,-5.137021218559907,3.0039980179710235,4.341165576890667,-3.506817863525839,3.794477441573102
NB_1305,NB_1305@2005-02-16,,2005-02-16,0,Industrials,Transportation & Logistics,2005,388.527,245.492,75.034,8.017,67.017,0.0,144.48,154.111,,125.754,0.0,-9.631,1359.614,24.295,35.092,8.43,7.691,10.757,31.498,-4.384,27.114,6.8075,546.0486,74.9144,18477424.0,120671300.0,0,0,0,0,0,0,0,0,1,0,0,0,0,0,0,0,0,0,0,0,0,0,0,0,0,0,1,nonbankruptcy_candidate,2006-02-16,True,nonbankrupt,HUBG,Hub Group Inc. Class A Common Stock,HUBG US Equity,2004-11-18,2003-12-31,20,413,413,2005-01-31,16,2005-01-31,16.0,2005-01-31,16.0,2005-01-31,16.0,2005-01-31,16,2005-01-31,16,5,16,6.8075,2005-01-31,6.5275,2004-12-31,5.4375,2004-11-30,5.0275,2004-10-29,4.6563,2004-09-30,3.315,2004-08-31,4.08,2004-07-30,4.2625,2004-06-30,4.0975,2004-05-31,4.3125,2004-04-30,3.73,2004-03-31,3.5538,2004-02-27,2.9538,2004-01-30,107,13,True,True,True,2004-01-30,2005-01-31,2005-02-16,0,8,5.964933182548872,6.304537646738462,-2.3637742613064683,3.2306067477438996,3.586071234132254,2.2438960966453663,2.162288007455323,3.481178548980585,-1.6834315923424268,3.336267672909574
SA_88,SA_88@2005-02-16,2005-05-17,2005-02-16,1,Consumer Discretionary,Automotive,2005,3191.2,2586.3999,1285.2,47.5,1237.7,13.2,655.9,925.3,,257.3,169.4,-269.4,3983.7,171.0,284.8,-57.5,151.3,113.8,122.9,-175.1,-52.2,3.46,289.3601,83.6301,3937100.0,15093120.0,0,0,0,0,0,0,0,0,1,0,0,0,0,0,0,0,0,0,0,0,0,0,0,0,0,0,2,bankruptcy,2006-02-16,True,bankrupt,CKCRQ,Collins & Aikman Corporation,CKCRQ US Equity,2004-11-18,2003-12-31,20,413,413,2005-01-31,16,2005-01-31,16.0,2005-01-31,16.0,2005-01-31,16.0,2005-01-31,16,2005-01-31,16,5,16,3.46,2005-01-31,4.36,2004-12-31,3.55,2004-11-30,3.89,2004-10-29,4.18,2004-09-30,4.64,2004-08-31,5.1,2004-07-30,5.59,2004-06-30,5.31,2004-05-31,6.14,2004-04-30,5.5,2004-03-31,5.31,2004-02-27,5.82,2004-01-30,60,13,True,True,True,2004-01-30,2005-01-31,2005-02-16,0,8,8.068465613248458,5.671121876816636,-5.599902344168809,5.147494476813453,5.655292265495767,-4.069026754237811,5.025852259901116,4.819474788635096,-5.17105201550216,-3.9740583963475986
NB_1305,NB_1305@2005-06-16,,2005-06-16,0,Industrials,Transportation & Logistics,2005,410.845,183.909,0.0,0.0,0.0,16.806,175.294,152.121,,141.079,0.0,23.173,1426.806,40.598,52.426,17.279,4.276,11.828,35.851,-3.166,32.685,6.87,553.329,77.8936,20749888.0,143837700.0,0,0,0,0,0,0,0,0,1,0,0,0,0,0,0,0,0,0,0,0,0,0,0,0,0,0,1,nonbankruptcy_candidate,2006-06-16,True,nonbankrupt,HUBG,Hub Group Inc. Class A Common Stock,HUBG US Equity,2005-03-18,2004-12-31,20,167,167,2005-05-31,16,2005-05-31,16.0,2005-05-31,16.0,2005-05-31,16.0,2005-05-31,16,2005-05-31,16,5,16,6.87,2005-05-31,6.875,2005-04-29,7.8338,2005-03-31,7.2688,2005-02-28,6.8075,2005-01-31,6.5275,2004-12-31,5.4375,2004-11-30,5.0275,2004-10-29,4.6563,2004-09-30,3.315,2004-08-31,4.08,2004-07-30,4.2625,2004-06-30,4.0975,2004-05-31,111,13,True,True,True,2004-05-31,2005-05-31,2005-06-16,0,8,6.020647064971206,6.317758373296428,3.185236307823964,3.728052089188408,3.978297518858767,2.905752859934467,1.663168234855068,3.606882755309205,-1.4269563428387804,3.5170526344126234
NB_836,NB_836@2005-06-16,,2005-06-16,0,Consumer Discretionary,Automotive,2005,195.404,70.177,34.759,9.045,25.714,7.152,139.576,37.991,125.227,60.962,61.436,101.585,249.526,29.638,34.183,17.081,2.853,,4.494,-12.801,-8.307,6.75,242.0091,35.8532,677706.0,4518116.0,0,0,0,0,0,0,0,0,0,0,0,0,0,0,0,0,0,1,0,0,0,0,0,0,0,0,1,nonbankruptcy_candidate,2006-06-16,True,nonbankrupt,DORM,Dorman Products Inc. Common Stock,DORM US Equity,2005-03-18,2004-12-25,20,173,173,2005-05-31,16,2005-05-31,16.0,2005-05-31,16.0,2005-05-31,16.0,2005-05-31,16,2005-05-31,16,5,16,6.75,2005-05-31,6.25,2005-04-29,6.63,2005-03-31,6.795,2005-02-28,6.2675,2005-01-31,6.2475,2004-12-31,6.25,2004-11-30,6.52,2004-10-29,5.465,2004-09-30,5.0125,2004-08-31,5.0,2004-07-30,4.8975,2004-06-30,4.7172,2004-05-31,144,13,True,True,True,2004-05-31,2005-05-31,2005-06-16,0,8,5.2801737623117475,5.49309889119904,4.630691723218169,3.4222410685905045,3.5605630113984876,2.8948616631690167,1.3488520656440206,1.703656587673082,-2.624741053305903,-2.2307668052035736
SA_267,SA_267@2005-06-16,2005-09-14,2005-06-16,1,Industrials,Transportation & Logistics,2005,21801.0,27320.0,13898.0,893.0,13005.0,1463.0,3606.0,5941.0,,696.0,0.0,-2335.0,15002.0,-1474.0,-230.0,-5198.0,824.0,,-1123.0,-760.0,-1883.0,3.85,553.0398,143.6467,93355200.0,304773000.0,0,0,0,0,0,0,0,0,1,0,0,0,0,0,0,0,0,1,0,0,0,0,0,0,0,0,2,bankruptcy,2006-06-16,True,bankrupt,DALRQ,"Delta Air Lines, Inc.",DALRQ US Equity,2005-03-18,2004-12-31,19,167,167,2005-05-31,16,2005-05-31,16.0,2005-05-31,16.0,2005-05-31,16.0,2005-05-31,16,2005-05-31,16,5,16,3.85,2005-05-31,3.29,2005-04-29,4.05,2005-03-31,4.64,2005-02-28,5.39,2005-01-31,7.48,2004-12-31,6.97,2004-11-30,5.45,2004-10-29,3.29,2004-09-30,4.04,2004-08-31,5.19,2004-07-30,7.12,2004-06-30,6.1,2004-05-31,60,13,True,True,True,2004-05-31,2005-05-31,2005-06-16,0,8,9.989756987688304,6.317236525322066,-7.756195343948118,-7.29641326877392,-5.442417710521793,-8.556221578383715,6.715383386334681,-7.024649030453636,-6.634633357861686,-7.5411524551363085
SA_5,SA_5@2005-06-16,2005-09-14,2005-06-16,1,Industrials,Transportation & Logistics,2005,14042.0,16866.0,8772.0,749.0,8023.0,707.0,3578.0,4497.0,,460.0,217.0,-919.0,11279.0,-505.0,226.0,-862.0,535.0,,276.0,-480.0,-204.0,6.09,530.7344,87.1485,74942033.0,384042900.0,0,0,0,0,0,0,0,0,1,0,0,0,0,0,0,0,0,1,0,0,0,0,0,0,0,0,2,bankruptcy,2006-06-16,True,bankrupt,NWACQ,Northwest Airlines Corporation,NWACQ US Equity,2005-03-18,2004-12-31,19,167,167,2005-05-31,16,2005-05-31,16.0,2005-05-31,16.0,2005-05-31,16.0,2005-05-31,16,2005-05-31,16,5,16,6.09,2005-05-31,5.18,2005-04-29,6.69,2005-03-31,7.03,2005-02-28,7.39,2005-01-31,10.93,2004-12-31,10.24,2004-11-30,8.85,2004-10-29,8.21,2004-09-30,9.41,2004-08-31,8.63,2004-07-30,11.12,2004-06-30,10.11,2004-05-31,60,13,True,True,True,2004-05-31,2005-05-31,2005-06-16,0,8,9.54987932996818,6.276144116555506,-6.824373670043086,-6.226536669287466,5.424950017481403,-6.760414691083428,6.284134161070802,5.6240175061873385,-6.175867270105761,-5.3230099791384085
NB_2059,NB_2059@2005-08-09,,2005-08-09,0,Industrials,Transportation & Logistics,2005,285.349,116.806,25.305,2.08,23.225,19.659,94.016,47.772,,47.926,0.913,46.244,325.066,20.101,50.205,10.588,1.758,30.104,44.715,-53.703,-8.988,4.115,183.32,44.5492,2267072.0,9649241.0,0,0,0,0,0,0,0,0,1,0,0,0,0,0,0,0,0,0,0,0,0,0,0,0,0,0,1,nonbankruptcy_candidate,2006-08-09,True,nonbankrupt,PAMT,PAMT CORP Common Stock,PAMT US Equity,2005-05-11,2004-12-31,20,221,221,2005-07-29,11,2005-07-29,11.0,2005-07-29,11.0,2005-07-29,11.0,2005-07-29,11,2005-07-29,11,5,11,4.115,2005-07-29,4.2025,2005-06-30,4.12,2005-05-31,4.21,2005-04-29,4.3,2005-03-31,4.51,2005-02-28,4.55,2005-01-31,4.6525,2004-12-31,5.055,2004-11-30,4.6675,2004-10-29,4.79,2004-09-30,4.565,2004-08-31,4.6025,2004-07-30,146,13,True,True,True,2004-07-30,2005-07-29,2005-08-09,0,8,5.6572113466039795,5.216673377507527,3.8553256617496006,3.0493204327239196,3.935837183527401,2.449970079907104,1.01450577937111,3.82242647161639,-4.001918552530972,-2.3013843724175267
NB_2492,NB_2492@2005-08-09,,2005-08-09,0,Consumer Discretionary,Automotive,2005,656.569,449.257,224.186,109.95,114.236,14.934,447.216,252.456,207.312,151.352,258.641,194.76,824.283,16.141,35.154,-14.38,13.71,33.6,3.466,-9.774,-6.308,14.0,277.6718,19.8337,688800.0,9192402.0,0,0,0,0,0,0,0,0,0,0,0,0,0,0,0,0,0,0,0,0,0,0,0,0,0,0,1,nonbankruptcy_candidate,2006-08-09,True,nonbankrupt,SMP,Standard Motor Products Inc. Common Stock,SMP US Equity,2005-05-11,2004-12-31,21,221,221,2005-07-29,11,2005-07-29,11.0,2005-07-29,11.0,2005-07-29,11.0,2005-07-29,11,2005-07-29,11,5,11,14.0,2005-07-29,13.2,2005-06-30,11.27,2005-05-31,9.08,2005-04-29,11.7,2005-03-31,11.56,2005-02-28,12.75,2005-01-31,15.8,2004-12-31,15.59,2004-11-30,15.24,2004-10-29,15.11,2004-09-30,14.29,2004-08-31,14.3,2004-07-30,146,13,True,True,True,2004-07-30,2005-07-29,2005-08-09,0,8,6.488549701511571,5.630034745299558,5.276889419134416,2.84147325452492,3.5877875925526626,-2.733067964077498,2.688527534613346,1.4964931534179662,-2.377135824258342,-1.9889696385157603
NB_2942,NB_2942@2005-08-09,,2005-08-09,0,Industrials,Transportation & Logistics,2005,712.171,523.668,51.567,1.1,50.467,64.178,648.068,466.985,,490.78,40.901,181.083,5654.373,36.976,40.572,28.559,1.635,,-28.785,-2.398,-31.183,12.275,561.1639,45.716,4471000.0,52820880.0,0,0,0,0,0,0,0,0,1,0,0,0,0,0,0,0,0,1,0,0,0,0,0,0,0,0,2,nonbankruptcy_candidate,2006-08-09,True,nonbankrupt,WKC,World Kinect Corporation Common Stock,WKC US Equity,2005-05-11,2004-12-31,19,221,221,2005-07-29,11,2005-07-29,11.0,2005-07-29,11.0,2005-07-29,11.0,2005-07-29,11,2005-07-29,11,5,11,12.275,2005-07-29,11.705,2005-06-30,13.175,2005-05-31,12.5,2005-04-29,15.75,2005-03-31,14.325,2005-02-28,12.67,2005-01-31,12.45,2004-12-31,10.3,2004-11-30,8.53,2004-10-29,8.95,2004-09-30,8.795,2004-08-31,9.5,2004-07-30,146,13,True,True,True,2004-07-30,2005-07-29,2005-08-09,0,8,6.569721223356327,6.331793444386561,5.204462627076399,3.636954381249017,3.7274268637261754,3.3863882660084474,0.9688831819933257,-3.3940049110806507,-1.2231870232497404,-3.471438362824967
NB_99,NB_99@2005-08-09,,2005-08-09,0,Industrials,Transportation & Logistics,2005,24.1089,11.0234,1.2449,0.1913,1.0536,3.4977,19.0333,8.4843,13.0856,7.3927,6.1026,10.549,69.9994,3.4687,4.1025,2.1056,0.1119,0.6338,3.2733,-0.3957,2.8776,9.7933,39.2414,4.00695,3711999.0,37943400.0,0,0,0,0,0,0,0,0,0,0,0,0,0,0,0,0,0,0,0,0,0,0,0,0,0,0,1,nonbankruptcy_candidate,2006-08-09,True,nonbankrupt,AIRT,Air T Inc. Common Stock,AIRT US Equity,2005-05-11,2005-03-31,21,131,131,2005-07-29,11,2005-07-29,11.0,2005-07-29,11.0,2005-07-29,11.0,2005-07-29,11,2005-07-29,11,5,11,9.7933,2005-07-29,9.86,2005-06-30,12.7,2005-05-31,9.76,2005-04-29,11.54,2005-03-31,11.2067,2005-02-28,12.68,2005-01-31,12.1127,2004-12-31,15.3667,2004-11-30,18.7533,2004-10-29,15.6333,2004-09-30,8.4,2004-08-31,10.02,2004-07-30,146,13,True,True,True,2004-07-30,2005-07-29,2005-08-09,0,8,3.2232223649618197,3.694896316438767,2.4465988531329503,1.4970975385863967,1.6297306157018627,1.1332069334326087,0.10607026372706647,1.4523863624819793,-0.3333960815324616,1.3552164055490292
SA_79,SA_79@2005-08-09,2005-11-07,2005-08-09,1,Industrials,Transportation & Logistics,2005,677.658,510.524,240.423,9.153,231.27,5.219,333.538,145.758,,54.395,15.608,187.78,500.089,-199.72,-158.151,-192.173,14.715,,-192.195,-47.125,-239.32,0.65,31.8401,48.9848,9781278.0,7139315.0,0,0,0,0,0,0,0,0,1,0,0,0,0,0,0,0,0,1,0,0,0,0,0,0,0,0,2,bankruptcy,2006-08-09,True,bankrupt,FLYIQ,"FLYi, Inc.",FLYIQ US Equity,2005-05-11,2004-12-31,19,221,221,2005-07-29,11,2005-07-29,11.0,2005-07-29,11.0,2005-07-29,11.0,2005-07-29,11,2005-07-29,11,5,11,0.65,2005-07-29,0.75,2005-06-30,0.76,2005-05-31,0.73,2005-04-29,1.27,2005-03-31,1.46,2005-02-28,1.83,2005-01-31,1.77,2004-12-31,1.88,2004-11-30,1.4,2004-10-29,3.91,2004-09-30,4.64,2004-08-31,3.67,2004-07-30,60,13,True,True,True,2004-07-30,2005-07-29,2005-08-09,0,8,6.520117318783241,3.491650329646583,5.240582315896798,-5.301910902058167,-5.06985343708882,-5.2635861604594645,2.754615670249531,-5.263700041526342,-3.8738017926079484,-5.48197136857577
NB_1574,NB_1574@2006-06-30,,2006-06-30,0,Industrials,Electrical Equipment,2006,403.931,126.721,26.682,26.682,0.0,21.947,203.169,99.916,,80.303,63.423,103.253,467.089,26.966,58.199,17.71,2.098,57.476,34.146,-27.239,6.907,34.38,767.3994,22.3211,5282241.0,175699700.0,0,0,0,0,0,0,0,0,1,0,0,0,0,0,0,0,0,0,0,0,0,0,0,0,0,0,1,nonbankruptcy_candidate,2007-06-30,True,nonbankrupt,LFUS,Littelfuse Inc. Common Stock,LFUS US Equity,2006-04-01,2005-12-31,20,181,181,2006-06-30,0,2006-06-30,0.0,2006-06-30,0.0,2006-06-30,0.0,2006-06-30,0,2006-06-30,0,5,0,34.38,2006-06-30,35.03,2006-05-31,32.29,2006-04-28,34.13,2006-03-31,28.74,2006-02-28,29.55,2006-01-31,27.25,2005-12-30,25.94,2005-11-30,24.51,2005-10-31,28.13,2005-09-30,27.82,2005-08-31,28.89,2005-07-29,27.85,2005-06-30,157,13,True,True,True,2005-06-30,2006-06-30,2006-06-30,0,8,6.003716682221489,6.644309650050786,4.6468206372432785,3.330989486618659,4.080904649855398,2.9290581402859983,1.130756741994677,3.5595108137726545,-3.3407040012331928,2.06774844308879
NB_2034,NB_2034@2006-06-30,,2006-06-30,0,Industrials,Electrical Equipment,2006,347.12,123.493,21.103,16.251,4.852,14.623,237.673,113.275,223.627,89.227,107.441,124.398,385.041,-6.98,3.656,-2.395,0.807,6.61,-12.859,-16.821,-29.68,17.77,294.7919,16.5893,2893528.0,53296730.0,0,0,0,0,0,0,0,0,0,0,0,0,0,0,0,0,0,0,0,0,0,0,0,0,0,0,1,nonbankruptcy_candidate,2007-06-30,True,nonbankrupt,OSIS,OSI Systems Inc. Common Stock (DE),OSIS US Equity,2006-04-01,2005-06-30,21,365,365,2006-06-30,0,2006-06-30,0.0,2006-06-30,0.0,2006-06-30,0.0,2006-06-30,0,2006-06-30,0,5,0,17.77,2006-06-30,19.91,2006-05-31,19.06,2006-04-28,21.13,2006-03-31,20.75,2006-02-28,21.96,2006-01-31,18.39,2005-12-30,18.83,2005-11-30,16.6,2005-10-31,15.8,2005-09-30,16.67,2005-08-31,17.85,2005-07-29,15.79,2005-06-30,105,13,True,True,True,2005-06-30,2006-06-30,2006-06-30,0,8,5.852547247921313,5.689656166534628,4.831492679108317,-2.0769384114617173,1.538156710429137,-1.2223037610106595,0.5916680116100915,-2.6289348410866653,-2.880377537190962,-3.4236109764990554
NB_494,NB_494@2006-06-30,,2006-06-30,0,Consumer Discretionary,Retail - Discretionary,2006,88.343,4.165,0.065,0.0,0.065,35.111,82.405,3.982,,0.0,0.0,78.423,0.0,-30.354,-29.962,-27.202,0.0,0.222,-26.565,-0.268,-26.833,1620.0,65.7291,0.04057,3375.0,5889198.0,0,0,0,0,0,0,0,0,1,0,0,0,0,0,0,0,0,0,0,0,0,0,0,0,0,0,1,nonbankruptcy_candidate,2007-06-30,True,nonbankrupt,CAPS,Capstone Holding Corp. Common Stock,CAPS US Equity,2006-04-01,2005-12-31,20,181,181,2006-06-30,0,2006-06-30,0.0,2006-06-30,0.0,2006-06-30,0.0,2006-06-30,0,2006-06-30,0,5,0,1620.0,2006-06-30,1550.0,2006-05-31,1800.0,2006-04-28,2200.0,2006-03-31,5790.0,2006-02-28,5740.0,2006-01-31,4900.0,2005-12-30,4150.0,2005-11-30,3230.0,2005-10-31,3830.0,2005-09-30,4220.0,2005-08-31,4400.0,2005-07-29,3870.0,2005-06-30,157,13,True,True,True,2005-06-30,2006-06-30,2006-06-30,0,8,4.492482894943804,4.20064113963739,4.37478799885018,-3.445341850646339,-3.4327606461182736,-3.3393928974150384,0.0,-3.316546852041647,-0.2374408560150342,-3.3262223670690823
SA_190,SA_190@2006-06-30,2006-09-28,2006-06-30,1,Industrials,Electrical Equipment,2006,366.894,202.845,95.604,16.854,78.75,24.331,177.52,119.721,,40.26,69.718,57.799,233.692,0.095,4.371,-0.705,1.281,3.6,-11.004,-1.942,-12.946,3.51,,,6170300.0,24018090.0,0,0,0,0,0,0,0,0,1,0,0,0,0,0,0,0,0,0,0,0,0,0,1,1,0,0,2,bankruptcy,2007-06-30,True,bankrupt,GEGQQ,Global Power Equipment Group Inc.,GEGQQ US Equity,2006-04-01,2004-12-31,20,546,546,2006-05-31,30,,,,,2006-05-31,30.0,2006-05-31,30,2006-05-31,30,3,30,3.51,2006-05-31,4.3,2006-04-28,3.85,2006-03-31,5.06,2006-02-28,4.74,2006-01-31,4.52,2005-12-30,4.67,2005-11-30,6.27,2005-10-31,7.13,2005-09-30,7.8,2005-08-31,9.47,2005-07-29,7.95,2005-06-30,7.66,2005-05-31,59,13,True,True,True,2005-05-31,2006-05-31,2006-06-30,0,8,5.90779485319818,,4.0741248479572425,0.09075436326846414,1.6810141109233223,-0.5335651107354801,0.8246139433022509,-2.4852399275781205,-1.0790896221792459,-2.635192728798819
NB_2430,NB_2430@2006-09-12,,2006-09-12,0,Communications,Publishing & Broadcasting,2006,318.865,193.041,148.911,7.0,141.911,15.168,43.762,21.144,125.824,22.998,0.0,22.618,140.79,28.205,37.245,10.566,7.586,7.588,26.617,-10.426,16.191,23.88,163.3193,6.0406,420900.0,9501230.0,0,0,0,0,0,0,0,0,0,0,0,0,0,0,0,0,0,0,0,0,0,0,0,0,0,0,1,nonbankruptcy_candidate,2007-09-12,True,nonbankrupt,SGA,Saga Communications Inc. Class A Common Stock (FL),SGA US Equity,2006-06-14,2005-12-31,21,255,255,2006-08-31,12,2006-08-31,12.0,2006-08-31,12.0,2006-08-31,12.0,2006-08-31,12,2006-08-31,12,5,12,23.88,2006-08-31,22.8,2006-07-31,27.18,2006-06-30,30.27,2006-05-31,27.48,2006-04-28,29.01,2006-03-31,28.41,2006-02-28,30.21,2006-01-31,32.61,2005-12-30,37.26,2005-11-30,37.77,2005-10-31,39.9,2005-09-30,43.56,2005-08-31,159,13,True,True,True,2005-08-31,2006-08-31,2006-09-12,0,8,5.7678990317794785,5.101811486190648,3.16200913317909,3.3743399274922727,3.6440128327738295,2.4480697597360264,2.150132969802369,3.3184315251376555,-2.4358914603022708,2.8443859910593563
NB_2671,NB_2671@2006-09-12,,2006-09-12,0,Consumer Discretionary,Retail - Discretionary,2006,25.6805,4.4226,0.2458,0.1341,0.1117,3.2157,21.6957,4.1046,,2.1788,15.6692,17.591,50.7196,5.5734,6.0301,3.7137,0.0032,0.4179,1.5355,-0.2728,1.2627,6.24,67.465,10.8117,230300.0,1456258.0,0,0,0,0,0,0,0,0,1,0,0,0,0,0,0,0,0,0,0,0,0,0,0,0,0,0,1,nonbankruptcy_candidate,2007-09-12,True,nonbankrupt,TLF,Tandy Leather Factory Inc. Common Stock,TLF US Equity,2006-06-14,2005-12-31,20,255,255,2006-08-31,12,2006-08-31,12.0,2006-08-31,12.0,2006-08-31,12.0,2006-08-31,12,2006-08-31,12,5,12,6.24,2006-08-31,6.73,2006-07-31,6.84,2006-06-30,6.61,2006-05-31,7.46,2006-04-28,6.9,2006-03-31,6.36,2006-02-28,7.0201,2006-01-31,6.85,2005-12-30,4.8499,2005-11-30,5.2,2005-10-31,4.84,2005-09-30,5.1,2005-08-31,156,13,True,True,True,2005-08-31,2006-08-31,2006-09-12,0,8,3.2839329615015047,4.226322665784197,2.92267759264808,1.8830312024427798,1.9502009304724697,1.550473162268195,0.0031948908965191976,0.9303908562529367,-0.24121919804144007,0.816558790475145
SA_71,SA_71@2006-09-12,2006-12-11,2006-09-12,1,Communications,Publishing & Broadcasting,2006,405.8367,836.9155,653.9066,25.844,628.0626,8.629,181.3954,84.2902,,22.3885,0.0,97.1051,86.1595,5.668,18.5961,-99.3818,43.7344,5.0594,-41.189,-3.7782,-44.9672,0.115,2.2837,19.858,406167.0,52996.76,0,0,0,0,0,0,0,0,1,0,0,0,0,0,0,0,0,0,0,0,0,0,0,0,0,0,2,bankruptcy,2007-09-12,True,bankrupt,GBTVQ,Granite Broadcasting Corporation,GBTVQ US Equity,2006-06-14,2005-12-31,20,255,255,2006-08-31,12,2006-08-31,12.0,2006-08-31,12.0,2006-08-31,12.0,2006-08-31,12,2006-08-31,12,5,12,0.115,2006-08-31,0.15,2006-07-31,0.17,2006-06-30,0.21,2006-05-31,0.12,2006-04-28,0.12,2006-03-31,0.14,2006-02-28,0.13,2006-01-31,0.21,2005-12-30,0.22,2005-11-30,0.26,2005-10-31,0.39,2005-09-30,0.29,2005-08-31,60,13,True,True,True,2005-08-31,2006-08-31,2006-09-12,0,8,6.008411876427674,1.1889708354075885,4.5860393529875845,1.8973199648885475,2.975330566845569,-4.60898091592495,3.8007427805926355,-3.74215952355622,-1.5640639065457829,-3.827928098674424
NB_1964,NB_1964@2006-12-21,,2006-12-21,0,Communications,Publishing & Broadcasting,2006,680.081,746.106,646.505,3.485,643.02,13.487,75.263,49.467,,46.706,0.0,25.796,228.939,19.894,63.138,-48.73,47.26,16.733,14.35,-14.016,0.334,4.19,118.937,14.3118,1457976.0,5782483.0,0,0,0,0,0,0,0,0,1,0,0,0,0,0,0,0,0,0,0,0,0,0,0,0,0,0,1,nonbankruptcy_candidate,2007-12-21,True,nonbankrupt,NXST,Nexstar Media Group Inc. Common Stock,NXST US Equity,2006-09-22,2005-12-31,20,355,355,2006-11-30,21,2006-11-30,21.0,2006-11-30,21.0,2006-11-30,21.0,2006-11-30,21,2006-11-30,21,5,21,4.19,2006-11-30,3.8,2006-10-31,3.95,2006-09-29,4.45,2006-08-31,4.1,2006-07-31,4.8,2006-06-30,5.33,2006-05-31,5.75,2006-04-28,5.2,2006-03-31,4.057,2006-02-28,4.15,2006-01-31,5.01,2005-12-30,4.35,2005-11-30,37,13,True,True,True,2005-11-30,2006-11-30,2006-12-21,0,8,6.523681241807664,4.786966604921292,3.288252622646021,3.039462036415316,4.161037011989012,-3.906608372726647,3.8766030601968855,2.731115474033206,-2.7091162992842075,0.28818194749343196
SA_49,SA_49@2006-12-21,2007-03-21,2006-12-21,1,Consumer Discretionary,Retail - Discretionary,2006,241.973,161.412,51.056,,51.056,3.215,170.117,63.696,80.561,5.053,152.893,106.421,388.752,-25.575,-16.647,-30.251,2.997,5.3,-19.198,-5.114,-24.312,3.19,61.0576,19.1403,2528300.0,7835302.0,0,0,0,1,0,0,0,0,0,0,0,0,0,0,0,0,0,0,0,0,0,0,0,0,0,0,2,bankruptcy,2007-12-21,True,bankrupt,HKFIQ,"Hancock Fabrics, Inc.",HKFIQ US Equity,2006-09-22,2006-01-28,20,327,327,2006-11-30,21,2006-11-30,21.0,2006-11-30,21.0,2006-11-30,21.0,2006-11-30,21,2006-11-30,21,5,21,3.19,2006-11-30,3.32,2006-10-31,2.87,2006-09-29,2.97,2006-08-31,3.28,2006-07-31,3.34,2006-06-30,3.3,2006-05-31,3.51,2006-04-28,3.64,2006-03-31,4.15,2006-02-28,4.56,2006-01-31,4.07,2005-12-30,4.5,2005-11-30,60,13,True,True,True,2005-11-30,2006-11-30,2006-12-21,0,8,5.492950326056141,4.128062986019785,4.67675569368738,-3.2799709242280115,-2.870565797261096,-3.4420513756704216,1.3855440797291865,-3.005583589604365,-1.8105812234686427,-3.2312785915852436
NB_1664,NB_1664@2007-08-21,,2007-08-21,0,Materials,"Forestry, Paper & Wood Products",2007,1225.643,837.275,397.613,22.318,375.295,21.985,375.038,193.29,,128.255,192.281,181.748,997.137,12.813,62.834,-12.236,24.453,100.042,-28.427,-44.46,-72.887,174.5902,604.6979,3.46353,809068.0,148264500.0,0,0,0,0,0,0,0,0,1,0,0,0,0,0,0,0,0,0,0,0,0,0,0,0,0,0,1,nonbankruptcy_candidate,2008-08-21,True,nonbankrupt,MAGN,Magnera Corporation Common Stock,MAGN US Equity,2007-05-23,2006-12-31,20,233,233,2007-07-31,21,2007-07-31,21.0,2007-07-31,21.0,2007-07-31,21.0,2007-07-31,21,2007-07-31,21,5,21,174.5902,2007-07-31,176.6702,2007-06-29,176.6702,2007-05-31,194.3502,2007-04-30,193.8302,2007-03-30,220.7402,2007-02-28,210.4702,2007-01-31,201.5002,2006-12-29,192.6602,2006-11-30,190.3202,2006-10-31,176.1502,2006-09-29,186.5502,2006-08-31,202.8002,2006-07-31,170,13,True,True,True,2006-07-31,2007-07-31,2007-08-21,0,8,7.112036448830485,6.406381346917989,5.2081081546575545,2.6256101777178227,4.156285963762284,-2.582940390059366,3.236833614241978,-3.3819126202502883,-3.8168328184243974,-4.302536899083098
SA_93,SA_93@2007-08-21,2007-11-19,2007-08-21,1,Materials,"Forestry, Paper & Wood Products",2007,662.019,541.594,320.95,0.474,320.476,19.058,258.336,102.504,,92.666,130.137,155.832,841.14,-17.768,24.392,45.319,36.98,,79.393,-27.202,52.191,2.63,43.2235,16.4348,6382800.0,21562250.0,0,0,0,0,0,0,0,0,1,0,0,0,0,0,0,0,0,1,0,0,0,0,0,0,0,0,2,bankruptcy,2008-08-21,True,bankrupt,PTBTQ,"Pope & Talbot, Inc.",PTBTQ US Equity,2007-05-23,2006-12-31,19,233,233,2007-07-31,21,2007-07-31,21.0,2007-07-31,21.0,2007-07-31,21.0,2007-07-31,21,2007-07-31,21,5,21,2.63,2007-07-31,3.97,2007-06-29,4.18,2007-05-31,7.43,2007-04-30,6.75,2007-03-30,7.9,2007-02-28,7.01,2007-01-31,5.47,2006-12-29,5.01,2006-11-30,5.45,2006-10-31,5.75,2006-09-29,5.5,2006-08-31,5.13,2006-07-31,60,13,True,True,True,2006-07-31,2007-07-31,2007-08-21,0,8,6.496803647392134,3.7892563220031428,5.055175168727137,-2.9321532919111197,3.2344341637840532,3.835552244085236,3.63705970538414,4.386927107717955,-3.3393928974150384,3.9738892091039135
NB_1730,NB_1730@2007-10-31,,2007-10-31,0,Consumer Discretionary,Home Construction,2007,1477.079,860.027,665.077,0.0,665.077,11.516,1313.154,123.391,,58.305,1184.358,1189.763,1274.145,128.313,135.044,38.875,15.807,3.7,-104.012,-4.806,-108.818,16.6,233.396,14.06,5798600.0,92861140.0,0,0,0,0,0,0,0,0,1,0,0,0,0,0,0,0,0,0,0,0,0,0,0,0,0,0,1,nonbankruptcy_candidate,2008-10-31,True,nonbankrupt,MHO,M/I Homes Inc. Common Stock,MHO US Equity,2007-08-02,2006-12-31,20,304,304,2007-10-31,0,2007-10-31,0.0,2007-10-31,0.0,2007-10-31,0.0,2007-10-31,0,2007-10-31,0,5,0,16.6,2007-10-31,13.89,2007-09-28,18.23,2007-08-31,24.55,2007-07-31,26.6,2007-06-29,28.78,2007-05-31,29.73,2007-04-30,26.55,2007-03-30,31.38,2007-02-28,36.08,2007-01-31,38.19,2006-12-29,37.28,2006-11-30,35.92,2006-10-31,168,13,True,True,True,2006-10-31,2007-10-31,2007-10-31,0,8,7.298498550688645,5.457011992710835,7.082349557110352,4.8622358221005095,4.912978362823462,3.6857495611050086,2.8217954662944296,-4.654074629341695,-1.7588918656024382,-4.69882445006588
NB_2778,NB_2778@2007-10-31,,2007-10-31,0,Materials,"Forestry, Paper & Wood Products",2007,913.441,387.88,170.097,0.68,169.417,51.108,475.135,192.222,514.742,148.242,245.118,282.913,2664.572,123.091,162.613,70.125,14.053,33.771,152.322,-43.504,108.818,11.9367,680.7266,57.0282,18980937.0,199614400.0,0,0,0,0,0,0,0,0,0,0,0,0,0,0,0,0,0,0,0,0,0,0,0,0,0,0,1,nonbankruptcy_candidate,2008-10-31,True,nonbankrupt,UFPI,UFP Industries Inc. Common Stock,UFPI US Equity,2007-08-02,2006-12-31,21,304,304,2007-10-31,0,2007-10-31,0.0,2007-10-31,0.0,2007-10-31,0.0,2007-10-31,0,2007-10-31,0,5,0,11.9367,2007-10-31,9.9667,2007-09-28,12.43,2007-08-31,13.1867,2007-07-31,14.0867,2007-06-29,16.0267,2007-05-31,15.4867,2007-04-30,16.5167,2007-03-30,17.2767,2007-02-28,16.3,2007-01-31,15.54,2006-12-29,15.5487,2006-11-30,15.1267,2006-10-31,168,13,True,True,True,2006-10-31,2007-10-31,2007-10-31,0,8,6.818312949620633,6.524628697704292,5.6486678532019585,4.821015167421153,5.09750388311439,4.264438892446495,2.711577306878367,5.0325402850398495,-3.795579072772992,4.69882445006588
NB_733,NB_733@2007-10-31,,2007-10-31,0,Consumer Discretionary,Home Construction,2007,172.137,34.045,0.0,0.0,0.0,12.976,91.989,21.285,138.092,8.107,13.464,70.704,169.114,14.99,15.682,11.549,,1.384,6.376,-1.15,5.226,39.31,252.4292,6.4215,483887.0,17437300.0,0,0,0,0,0,0,0,0,0,0,0,0,0,0,0,0,1,0,0,0,0,0,0,0,0,0,1,nonbankruptcy_candidate,2008-10-31,True,nonbankrupt,CVCO,Cavco Industries Inc. Common Stock When Issued,CVCO US Equity,2007-08-02,2007-03-31,20,214,214,2007-10-31,0,2007-10-31,0.0,2007-10-31,0.0,2007-10-31,0.0,2007-10-31,0,2007-10-31,0,5,0,39.31,2007-10-31,33.5,2007-09-28,35.12,2007-08-31,34.65,2007-07-31,37.52,2007-06-29,38.64,2007-05-31,37.56,2007-04-30,34.95,2007-03-30,33.01,2007-02-28,32.37,2007-01-31,35.04,2006-12-29,35.5,2006-11-30,33.58,2006-10-31,53,13,True,True,True,2006-10-31,2007-10-31,2007-10-31,0,8,5.154083188618915,5.535084494081711,4.272546534055061,2.771963526845863,2.8143302938194203,2.529640981128171,,1.9982314862542927,-0.7654678421395714,1.8287340720194165
SA_39,SA_39@2007-10-31,2008-01-29,2007-10-31,1,Consumer Discretionary,Home Construction,2007,2842.2,2067.3,1096.1,0.0,1096.1,56.2,2302.3,971.2,774.9,0.0,2196.2,1331.1,2504.6,234.3,248.1,-201.2,0.6,4.3,-144.8,-16.4,-161.2,1.61,95.9628,59.6042,10742000.0,26370340.0,0,0,0,0,0,0,0,0,0,0,0,0,0,0,0,0,0,0,0,0,0,0,0,0,0,0,2,bankruptcy,2008-10-31,True,bankrupt,TOUSQ,"TOUSA, Inc.",TOUSQ US Equity,2007-08-02,2006-12-31,21,304,304,2007-09-28,33,2007-09-28,33.0,2007-09-28,33.0,2007-09-28,33.0,2007-09-28,33,2007-09-28,33,5,33,1.61,2007-09-28,2.71,2007-08-31,2.86,2007-07-31,4.19,2007-06-29,4.09,2007-05-31,4.37,2007-04-30,3.99,2007-03-30,9.01,2007-02-28,9.53,2007-01-31,10.17,2006-12-29,9.32,2006-11-30,11.1,2006-10-31,9.83,2006-09-29,60,13,True,True,True,2006-09-29,2007-09-28,2007-10-31,0,8,7.952685457400387,4.574327399791835,7.194511923357417,5.4608612957333165,5.517854422268135,-5.309257306586371,0.4700036292457356,-4.982235819574558,-2.856470206220483,-5.088830141681313
NB_1398,NB_1398@2008-08-08,,2008-08-08,0,Communications,Advertising & Marketing,2008,121.1255,25.4805,1.3389,1.3389,0.0,2.5782,19.7403,11.2923,,13.7056,0.6019,8.448,27.7957,-3.7072,5.0412,-1.1078,0.8811,1.6627,3.982,-2.4509,1.5311,37.0,24.8081,0.67049,22480.0,1047323.0,0,0,0,0,0,0,0,0,1,0,0,0,0,0,0,0,0,0,0,0,0,0,0,0,0,0,1,nonbankruptcy_candidate,2009-08-08,True,nonbankrupt,INUV,Inuvo Inc.,INUV US Equity,2008-05-10,2007-12-31,20,221,221,2008-07-31,8,2008-07-31,8.0,2008-07-31,8.0,2008-07-31,8.0,2008-07-31,8,2008-07-31,8,5,8,37.0,2008-07-31,43.0,2008-06-30,49.0812,2008-05-30,84.0,2008-04-30,98.0,2008-03-31,102.0,2008-02-29,113.0,2008-01-31,152.0,2007-12-31,132.0,2007-11-30,169.0,2007-10-31,152.0,2007-09-28,148.0,2007-08-31,225.0125,2007-07-31,149,13,True,True,True,2007-07-31,2008-07-31,2008-08-08,0,8,4.80504920452038,3.25068839614286,2.245803078895061,-1.5490932514249813,1.7986026677100495,-0.7456447495176992,0.6318567121168378,1.6058314168399888,-1.238635066587937,0.9286539908575536
NB_1404,NB_1404@2008-08-08,,2008-08-08,0,Materials,Chemicals,2008,551.1,279.6,81.0,20.0,61.0,24.3,256.1,160.7,,94.2,132.6,95.4,602.4,63.0,94.3,29.5,9.5,13.3,47.9,-12.2,35.7,17.74,414.8251,23.3836,4817197.0,93751170.0,0,0,0,0,0,0,0,0,1,0,0,0,0,0,0,0,0,0,0,0,0,0,0,0,0,0,1,nonbankruptcy_candidate,2009-08-08,True,nonbankrupt,IOSP,Innospec Inc. Common Stock,IOSP US Equity,2008-05-10,2007-12-31,20,221,221,2008-07-31,8,2008-07-31,8.0,2008-07-31,8.0,2008-07-31,8.0,2008-07-31,8,2008-07-31,8,5,8,17.74,2008-07-31,18.82,2008-06-30,24.62,2008-05-30,20.39,2008-04-30,21.2,2008-03-31,18.74,2008-02-29,15.77,2008-01-31,17.16,2007-12-31,17.56,2007-11-30,21.29,2007-10-31,22.78,2007-09-28,24.84,2007-08-31,27.53,2007-07-31,123,13,True,True,True,2007-07-31,2008-07-31,2008-08-08,0,8,6.313729189289999,6.030264739162351,4.5685062016165,4.1588830833596715,4.557029810660157,3.417726683613366,2.3513752571634776,3.8897773964808264,-2.580216829592325,3.6027767550605247
SA_153,SA_153@2008-08-08,2008-11-06,2008-08-08,1,Technology,Technology Hardware,2008,266.275,259.96,64.249,64.249,0.0,9.009,178.812,216.987,,86.056,62.05,-38.175,364.972,-14.299,-7.667,-11.453,,3.5,-18.752,-1.316,-20.068,0.26,8.8908,34.1955,214565.0,55627.84,0,0,0,0,0,0,0,0,1,0,0,0,0,0,0,0,1,0,0,0,0,0,0,0,0,0,2,bankruptcy,2009-08-08,True,bankrupt,MPCCQ,MPC Corporation,MPCCQ US Equity,2008-05-10,2007-12-31,19,221,221,2008-07-31,8,2008-07-31,8.0,2008-07-31,8.0,2008-07-31,8.0,2008-07-31,8,2008-07-31,8,5,8,0.26,2008-07-31,0.27,2008-06-30,0.28,2008-05-30,0.34,2008-04-30,0.3499,2008-03-31,0.4499,2008-02-29,0.47,2008-01-31,0.63,2007-12-31,0.9,2007-11-30,0.89,2007-10-31,0.78,2007-09-28,1.95,2007-08-31,1.74,2007-07-31,45,13,True,True,True,2007-07-31,2008-07-31,2008-08-08,0,8,5.588278090899563,2.2916050321508825,-3.6680387882420846,-2.7277874667852418,-2.1595227101522076,-2.5219615577390115,,-2.9832547520428783,-0.8398415597107488,-3.047755301621143
NB_390,NB_390@2008-11-20,,2008-11-20,0,Technology,Technology Hardware,2008,30.145,2.351,0.0,0.0,0.0,8.452,22.985,2.351,,1.992,8.899,20.634,26.976,2.268,2.658,1.846,0.004,,2.623,-0.862,1.761,3.4,9.1126,2.68018,268984.0,888560.4,0,0,0,0,0,0,0,0,1,0,0,0,0,0,0,0,0,1,0,0,0,0,0,0,0,0,1,nonbankruptcy_candidate,2009-11-20,True,nonbankrupt,BKTI,BK Technologies Corporation Common Stock,BKTI US Equity,2008-08-22,2007-12-31,19,325,325,2008-10-31,20,2008-10-31,20.0,2008-10-31,20.0,2008-10-31,20.0,2008-10-31,20,2008-10-31,20,5,20,3.4,2008-10-31,7.25,2008-09-30,7.25,2008-08-29,7.35,2008-07-31,7.5,2008-06-30,8.0,2008-05-30,8.45,2008-04-30,8.2,2008-03-31,11.1,2008-02-29,13.7,2008-01-31,15.75,2007-12-31,16.45,2007-11-30,19.9,2007-10-31,185,13,True,True,True,2007-10-31,2008-10-31,2008-11-20,0,8,3.438653718706109,2.313782171087262,3.0742661512080978,1.1841781769977564,1.296916549968674,1.0459144996676606,0.003992021269537453,1.2873024119129401,-0.6216511788548753,1.0155929329480173
SA_211,SA_211@2008-11-20,2009-02-18,2008-11-20,1,Industrials,Commercial Support Services,2008,1981.404,2450.693,1040.327,21.318,1019.009,466.815,1243.89,911.892,-469.289,356.178,319.132,331.998,3455.562,-211.923,-148.451,-362.723,61.2,,-193.295,-38.227,-231.522,10.4938,45.752,4.35993,1325895.0,17561230.0,0,0,0,0,0,0,0,0,0,0,0,0,0,0,0,0,0,1,0,0,0,0,0,0,0,0,2,bankruptcy,2009-11-20,True,bankrupt,BGPTQ,"BearingPoint, Inc.",BGPTQ US Equity,2008-08-22,2007-12-31,20,325,325,2008-10-31,20,2008-10-31,20.0,2008-10-31,20.0,2008-10-31,20.0,2008-10-31,20,2008-10-31,20,5,20,10.4938,2008-10-31,26.0,2008-09-30,57.0,2008-08-29,44.0,2008-07-31,40.5,2008-06-30,68.0,2008-05-30,92.5,2008-04-30,84.0,2008-03-31,81.0,2008-02-29,98.5,2008-01-31,141.5,2007-12-31,182.5,2007-11-30,239.5,2007-10-31,60,13,True,True,True,2007-10-31,2008-10-31,2008-11-20,0,8,7.592065528629098,3.844857035568289,5.808136483956401,-5.360930598004282,-5.006968579908632,-5.896392588926633,4.130354999745133,-5.269377622650329,-3.669365285209634,-5.448984844206789
NB_2797,NB_2797@2008-11-23,,2008-11-23,0,Communications,Publishing & Broadcasting,2008,1648.354,1015.747,815.504,26.004,789.5,24.247,84.197,85.576,628.718,50.425,0.0,-1.379,319.552,99.369,112.328,-391.5,72.77,,43.939,-10.203,33.736,7.99,12.1312,0.30784,18146.0,139388.0,0,0,0,0,0,0,0,0,0,0,0,0,0,0,0,0,0,1,0,0,0,0,0,0,0,0,1,nonbankruptcy_candidate,2009-11-23,True,nonbankrupt,UONE,Urban One Inc. Class A Common Stock,UONE US Equity,2008-08-25,2007-12-31,20,328,328,2008-10-31,23,2008-10-31,23.0,2008-10-31,23.0,2008-10-31,23.0,2008-10-31,23,2008-10-31,23,5,23,7.99,2008-10-31,14.1,2008-09-30,17.1,2008-08-29,18.9,2008-07-31,14.1,2008-06-30,11.1,2008-05-30,10.4,2008-04-30,15.2,2008-03-31,12.7,2008-02-29,15.6,2008-01-31,23.3988,2007-12-31,19.9,2007-11-30,34.9,2007-10-31,114,13,True,True,True,2007-10-31,2008-10-31,2008-11-21,2,8,7.408138975081044,2.5749910778933103,-0.8666802313208206,4.608853394639681,4.730286269011267,-5.972536537222463,4.300952144896211,3.8053060146181954,-2.416181599576586,3.547776613135936
NB_2798,NB_2798@2008-11-23,,2008-11-23,0,Communications,Publishing & Broadcasting,2008,1648.354,1015.747,815.504,26.004,789.5,24.247,84.197,85.576,628.718,50.425,0.0,-1.379,319.552,99.369,112.328,-391.5,72.77,,43.939,-10.203,33.736,0.8,12.1312,8.80267,2086960.0,3316696.0,0,0,0,0,0,0,0,0,0,0,0,0,0,0,0,0,0,1,0,0,0,0,0,0,0,0,1,nonbankruptcy_candidate,2009-11-23,True,nonbankrupt,UONEK,Urban One Inc. Class D Common Stock,UONEK US Equity,2008-08-25,2007-12-31,20,328,328,2008-10-31,23,2008-10-31,23.0,2008-10-31,23.0,2008-10-31,23.0,2008-10-31,23,2008-10-31,23,5,23,0.8,2008-10-31,7.5,2008-09-30,10.5,2008-08-29,9.9,2008-07-31,12.9,2008-06-30,11.7,2008-05-30,10.0,2008-04-30,15.2,2008-03-31,12.6,2008-02-29,16.0,2008-01-31,23.7,2007-12-31,20.4,2007-11-30,34.9,2007-10-31,101,13,True,True,True,2007-10-31,2008-10-31,2008-11-21,2,8,7.408138975081044,2.5749910778933103,-0.8666802313208206,4.608853394639681,4.730286269011267,-5.972536537222463,4.300952144896211,3.8053060146181954,-2.416181599576586,3.547776613135936
NB_283,NB_283@2008-11-23,,2008-11-23,0,Materials,Chemicals,2008,248.581,108.842,60.261,4.106,56.155,3.201,125.44,50.296,,55.925,63.455,75.144,216.662,36.013,46.101,18.728,5.701,,53.158,-3.5,49.658,14.63,389.0878,26.5952,3055318.0,39258870.0,0,0,0,0,0,0,0,0,1,0,0,0,0,0,0,0,0,1,0,0,0,0,0,0,0,0,1,nonbankruptcy_candidate,2009-11-23,True,nonbankrupt,AVD,American Vanguard Corporation Common Stock ($0.10 Par Value),AVD US Equity,2008-08-25,2007-12-31,19,328,328,2008-10-31,23,2008-10-31,23.0,2008-10-31,23.0,2008-10-31,23.0,2008-10-31,23,2008-10-31,23,5,23,14.63,2008-10-31,15.08,2008-09-30,14.84,2008-08-29,13.08,2008-07-31,12.3,2008-06-30,13.37,2008-05-30,17.3,2008-04-30,16.64,2008-03-31,15.11,2008-02-29,15.29,2008-01-31,17.35,2007-12-31,16.35,2007-11-30,17.77,2007-10-31,185,13,True,True,True,2007-10-31,2008-10-31,2008-11-21,2,8,5.51978351180299,5.966371841991268,4.332626284378755,3.611269202286144,3.852294232219494,2.9820389464219885,1.9022567689910337,3.991905700300317,-1.5040773967762742,3.925097164915418
NB_607,NB_607@2008-11-23,,2008-11-23,0,Communications,Cable & Satellite,2008,113417.0,71827.0,31323.0,1495.0,29828.0,963.0,3667.0,7952.0,41340.0,1645.0,0.0,-4285.0,30895.0,5578.0,11786.0,2587.0,2289.0,5107.0,8792.0,-6158.0,2634.0,7.3822,45108.2223,4120.24463,1658085228.0,13277820000.0,0,0,0,0,0,0,0,0,0,0,0,0,0,0,0,0,0,0,0,0,0,0,0,0,0,0,1,nonbankruptcy_candidate,2009-11-23,True,nonbankrupt,CMCSA,Comcast Corporation Class A Common Stock,CMCSA US Equity,2008-08-25,2007-12-31,21,328,328,2008-10-31,23,2008-10-31,23.0,2008-10-31,23.0,2008-10-31,23.0,2008-10-31,23,2008-10-31,23,5,23,7.3822,2008-10-31,9.195,2008-09-30,9.921,2008-08-29,9.6587,2008-07-31,8.8858,2008-06-30,10.5393,2008-05-30,9.6259,2008-04-30,9.0592,2008-03-31,9.1528,2008-02-29,8.5064,2008-01-31,8.5533,2007-12-31,9.6213,2007-11-30,9.8601,2007-10-31,185,13,True,True,True,2007-10-31,2008-10-31,2008-11-21,2,8,11.63883538783822,10.716841990174025,-8.363109176033522,8.626764827845529,9.37475250822657,7.858640655620791,7.736307096548285,9.081711229379001,-8.725669705687043,7.876638460975463
SA_27,SA_27@2008-11-23,2009-02-21,2008-11-23,1,Communications,Publishing & Broadcasting,2008,932.467,841.357,625.3,0.5,624.8,4.214,71.198,80.267,,52.056,6.301,-9.069,463.215,62.977,82.511,-102.545,43.6,18.6,54.5,-26.398,28.102,0.01,0.3936,39.3583,9383367.0,90819.05,0,0,0,0,0,0,0,0,1,0,0,0,0,0,0,0,0,0,0,0,0,0,0,0,0,0,2,bankruptcy,2009-11-23,True,bankrupt,JRCOQ,Journal Register Company,JRCOQ US Equity,2008-08-25,2007-12-30,20,329,329,2008-10-31,23,2008-10-31,23.0,2008-10-31,23.0,2008-10-31,23.0,2008-10-31,23,2008-10-31,23,5,23,0.01,2008-10-31,0.007,2008-09-30,0.0105,2008-08-29,0.022,2008-07-31,0.18,2008-06-30,0.16,2008-05-30,0.29,2008-04-30,0.55,2008-03-31,1.0,2008-02-29,1.5,2008-01-31,1.76,2007-12-31,2.2,2007-11-30,2.25,2007-10-31,60,13,True,True,True,2007-10-31,2008-10-31,2008-11-21,2,8,6.838905611526713,0.33189032711610134,-2.309461396933478,4.158523643769001,4.424978359707262,-4.640006300823549,3.7977338590260183,4.0163830207523885,-3.3104700180291977,3.3708069003380867
NB_1385,NB_1385@2008-12-18,,2008-12-18,0,Industrials,Commercial Support Services,2008,38.449,15.219,2.498,0.37,2.128,14.751,28.196,11.867,,10.673,0.0,16.329,67.731,3.869,7.025,4.566,0.033,2.622,5.997,-4.449,1.548,1.77,42.6915,24.1195,596525.0,986424.6,0,0,0,0,0,0,0,0,1,0,0,0,0,0,0,0,0,0,0,0,0,0,0,0,0,0,1,nonbankruptcy_candidate,2009-12-18,True,nonbankrupt,INOD,Innodata Inc. Common Stock,INOD US Equity,2008-09-19,2007-12-31,20,353,353,2008-11-28,20,2008-11-28,20.0,2008-11-28,20.0,2008-11-28,20.0,2008-11-28,20,2008-11-28,20,5,20,1.77,2008-11-28,1.664,2008-10-31,2.6,2008-09-30,2.87,2008-08-29,2.67,2008-07-31,2.8,2008-06-30,3.12,2008-05-30,4.59,2008-04-30,4.27,2008-03-31,5.5,2008-02-29,5.58,2008-01-31,5.35,2007-12-31,4.94,2007-11-30,184,13,True,True,True,2007-11-30,2008-11-28,2008-12-18,0,8,3.6750086984281447,3.777153575173255,2.8523813986581086,1.5828885772005639,2.0825616690160795,1.716676663103699,0.032467190137501496,1.9454814857637597,-1.6954321056009614,0.935308737709917
NB_2105,NB_2105@2008-12-18,,2008-12-18,0,Industrials,Commercial Support Services,2008,126.048,66.035,18.232,15.352,2.88,0.118,32.61,49.764,58.728,14.961,10.765,-17.154,64.544,0.918,5.01,-9.21,1.517,3.867,7.103,-2.926,4.177,4.5,48.5178,10.78174,997026.0,4954780.0,0,0,0,0,0,0,0,0,0,0,0,0,0,0,0,0,0,0,0,0,0,0,0,0,0,0,1,nonbankruptcy_candidate,2009-12-18,True,nonbankrupt,PESI,Perma-Fix Environmental Services Inc. Common Stock,PESI US Equity,2008-09-19,2007-12-31,21,353,353,2008-11-28,20,2008-11-28,20.0,2008-11-28,20.0,2008-11-28,20.0,2008-11-28,20,2008-11-28,20,5,20,4.5,2008-11-28,6.85,2008-10-31,10.45,2008-09-30,12.5,2008-08-29,12.1,2008-07-31,14.45,2008-06-30,12.5,2008-05-30,12.8,2008-04-30,8.1,2008-03-31,9.3,2008-02-29,10.75,2008-01-31,12.35,2007-12-31,13.0,2007-11-30,186,13,True,True,True,2007-11-30,2008-11-28,2008-12-18,0,8,4.844564967808346,3.902332200895109,-2.8988909221044357,0.6512829764612464,1.7934247485471162,-2.3233676321765744,0.9230677161531787,2.092234363478588,-1.3676210958542694,1.6442257379197642
NB_591,NB_591@2008-12-18,,2008-12-18,0,Technology,Technology Hardware,2008,15.7226,2.2461,0.1976,0.0695,0.1281,6.7634,10.2322,2.0107,13.4765,1.8231,1.4903,8.2215,18.5602,-2.336,-1.6846,-2.1473,0.0419,,-1.3569,-0.5814,-1.9384,0.7499,8.9027,11.8723,115232.0,97822.35,0,0,0,0,0,0,0,0,0,0,0,0,0,0,0,0,0,1,0,0,0,0,0,0,0,0,1,nonbankruptcy_candidate,2009-12-18,True,nonbankrupt,CLFD,Clearfield Inc. Common Stock,CLFD US Equity,2008-09-19,2007-03-31,20,628,628,2008-11-28,20,2008-11-28,20.0,2008-11-28,20.0,2008-11-28,20.0,2008-11-28,20,2008-11-28,20,5,20,0.7499,2008-11-28,1.02,2008-10-31,1.16,2008-09-30,1.3,2008-08-29,1.2,2008-07-31,1.23,2008-06-30,1.5,2008-05-30,1.35,2008-04-30,1.09,2008-03-31,0.98,2008-02-29,1.0,2008-01-31,1.01,2007-12-31,1.02,2007-11-30,186,13,True,True,True,2007-11-30,2008-11-28,2008-12-18,0,8,2.8167610979596565,2.2928074472299493,2.2215377141407235,-1.2047724844965002,-0.9875317410713987,-1.1465449424234124,0.04104596943600097,-0.8573471962402051,-0.45831053065468963,-1.0778652155233204
SA_171,SA_171@2008-12-18,2009-03-18,2008-12-18,1,Materials,Chemicals,2008,4416.0,2563.0,1063.0,5.0,1058.0,77.0,1381.0,681.0,1853.0,389.0,676.0,700.0,3747.0,161.0,436.0,-3.0,87.0,229.0,149.0,-117.0,32.0,1.67,404.9568,242.48911,50168519.0,77314840.0,0,0,0,0,0,0,0,0,0,0,0,0,0,0,0,0,0,0,0,0,0,0,0,0,0,0,2,bankruptcy,2009-12-18,True,bankrupt,CEMJQ,Chemtura Corporation,CEMJQ US Equity,2008-09-19,2007-12-31,21,353,353,2008-11-28,20,2008-11-28,20.0,2008-11-28,20.0,2008-11-28,20.0,2008-11-28,20,2008-11-28,20,5,20,1.67,2008-11-28,1.73,2008-10-31,4.56,2008-09-30,6.59,2008-08-29,6.52,2008-07-31,5.84,2008-06-30,8.73,2008-05-30,6.92,2008-04-30,7.34,2008-03-31,8.26,2008-02-29,6.7,2008-01-31,7.8,2007-12-31,7.5,2007-11-30,60,13,True,True,True,2007-11-30,2008-11-28,2008-12-18,0,8,8.393216011596527,6.006246749999545,6.55250788703459,5.087596335232384,6.07993319509559,-1.3862943611198906,4.477336814478207,5.0106352940962555,-4.770684624465665,3.4965075614664802
NB_2458,NB_2458@2008-12-27,,2008-12-27,0,Communications,Cable & Satellite,2008,1694.149,2486.886,1278.617,0.0,1278.617,438.82,678.857,1073.846,-792.737,44.068,29.537,-394.989,922.066,-513.09,-406.31,-565.252,70.328,106.78,-148.766,-65.264,-214.03,2.03,713.2204,351.34009,99285450.0,222376800.0,0,0,0,0,0,0,0,0,0,0,0,0,0,0,0,0,0,0,0,0,0,0,0,0,0,0,1,nonbankruptcy_candidate,2009-12-27,True,nonbankrupt,SIRI,SiriusXM Holdings Inc. Common Stock,SIRI US Equity,2008-09-28,2007-12-31,21,362,362,2008-11-28,29,2008-11-28,29.0,2008-11-28,29.0,2008-11-28,29.0,2008-11-28,29,2008-11-28,29,5,29,2.03,2008-11-28,3.38,2008-10-31,5.7,2008-09-30,13.3,2008-08-29,16.0,2008-07-31,19.2,2008-06-30,25.2,2008-05-30,25.7,2008-04-30,28.6,2008-03-31,28.4,2008-02-29,32.0,2008-01-31,30.3,2007-12-31,38.3,2007-11-30,171,13,True,True,True,2007-11-30,2008-11-28,2008-12-26,1,8,7.435525921555799,6.571191598180032,-5.9813864330908935,-6.242398347403691,-6.0095745662803,-6.339039208799837,4.2672889572034585,-5.009074076029301,-4.193646763295963,-5.370777553277297
SA_243,SA_243@2008-12-27,2009-03-27,2008-12-27,1,Communications,Cable & Satellite,2008,14666.0,22354.0,19973.0,0.0,19973.0,75.0,336.0,1332.0,,225.0,0.0,-996.0,6002.0,782.0,2110.0,-1616.0,,1300.0,327.0,-1244.0,-917.0,0.19,78.3162,412.1405,76521950.0,22125850.0,0,0,0,0,0,0,0,0,1,0,0,0,0,0,0,0,1,0,0,0,0,0,0,0,0,0,2,bankruptcy,2009-12-27,True,bankrupt,CHTRQ,"Charter Communications, Inc.",CHTRQ US Equity,2008-09-28,2007-12-31,19,362,362,2008-11-28,29,2008-11-28,29.0,2008-11-28,29.0,2008-11-28,29.0,2008-11-28,29,2008-11-28,29,5,29,0.19,2008-11-28,0.44,2008-10-31,0.73,2008-09-30,1.05,2008-08-29,1.14,2008-07-31,1.05,2008-06-30,1.59,2008-05-30,1.07,2008-04-30,0.852,2008-03-31,0.962,2008-02-29,1.17,2008-01-31,1.17,2007-12-31,1.32,2007-11-30,60,13,True,True,True,2007-11-30,2008-11-28,2008-12-26,1,8,9.593355351246755,4.373442395292712,-6.904750769961838,6.663132695990803,7.65491704784832,-7.388327859577107,,5.793013608384144,-7.126890808898808,-6.822197390620491
NB_968,NB_968@2008-12-31,,2008-12-31,0,Communications,Advertising & Marketing,2008,1366.148,708.338,484.078,1.076,483.002,86.945,280.311,64.91,657.81,55.986,0.0,215.401,250.046,66.253,90.616,-43.117,49.405,22.565,63.265,-26.177,37.088,1.56,135.4757,48.3033,7261261.0,6653660.0,0,0,0,0,0,0,0,0,0,0,0,0,0,0,0,0,0,0,0,0,0,0,0,0,0,0,1,nonbankruptcy_candidate,2009-12-31,True,nonbankrupt,EVC,Entravision Communications Corporation Common Stock,EVC US Equity,2008-10-02,2007-12-31,21,366,366,2008-12-31,0,2008-12-31,0.0,2008-12-31,0.0,2008-12-31,0.0,2008-12-31,0,2008-12-31,0,5,0,1.56,2008-12-31,0.77,2008-11-28,1.89,2008-10-31,2.69,2008-09-30,3.2,2008-08-29,3.16,2008-07-31,4.02,2008-06-30,5.34,2008-05-30,6.99,2008-04-30,6.66,2008-03-31,5.8,2008-02-29,7.02,2008-01-31,7.83,2007-12-31,101,13,True,True,True,2007-12-31,2008-12-31,2008-12-31,0,8,7.220482097140097,4.916146576799199,5.377133168033738,4.208461627152395,4.517605928915705,-3.7868451956999167,3.9200903765059048,4.163015159562095,-3.3023710273552602,3.639899271892218
SA_309,SA_309@2008-12-31,2009-03-31,2008-12-31,1,Communications,Advertising & Marketing,2008,1667.0,10267.0,9068.0,48.0,9020.0,48.0,793.0,588.0,-0.0086,423.0,0.0,205.0,3189.0,1343.0,1431.0,429.0,676.0,41.0,369.0,-46.0,323.0,0.12,17.7777,148.1476,140963518.0,19011040.0,0,0,0,0,0,0,0,0,0,0,0,0,0,0,0,0,0,0,0,0,0,0,0,0,0,0,2,bankruptcy,2009-12-31,True,bankrupt,IDARQ,Idearc Inc.,IDARQ US Equity,2008-10-02,2007-12-31,21,366,366,2008-11-28,33,2008-11-28,33.0,2008-11-28,33.0,2008-11-28,33.0,2008-11-28,33,2008-11-28,33,5,33,0.12,2008-11-28,0.38,2008-10-31,1.25,2008-09-30,1.65,2008-08-29,1.31,2008-07-31,2.35,2008-06-30,4.02,2008-05-30,3.3,2008-04-30,3.64,2008-03-31,4.82,2008-02-29,16.24,2008-01-31,17.56,2007-12-31,18.92,2007-11-30,25,13,True,True,True,2007-11-30,2008-11-28,2008-12-31,0,8,7.419380582918692,2.9326699955664415,5.327876168789581,7.203405521083095,7.266827347520591,6.063785208687608,6.517671272912275,5.91350300563827,-3.8501476017100584,5.780743515792329
NB_1455,NB_1455@2009-01-19,,2009-01-19,0,Consumer Discretionary,Retail - Discretionary,2009,22.1802,5.1498,2.3188,0.3678,1.951,5.7585,19.3853,3.1988,,5.4059,8.0683,16.1865,64.321,4.3729,4.6864,2.6101,0.1896,0.0937,5.8601,-0.0636,5.7965,1.2575,12.0267,9.564,70728.0,85426.07,0,0,0,0,0,0,0,0,1,0,0,0,0,0,0,0,0,0,0,0,0,0,0,0,0,0,1,nonbankruptcy_candidate,2010-01-19,True,nonbankrupt,JCTC,Jewett-Cameron Trading Company Common Shares,JCTC US Equity,2008-10-21,2008-08-31,20,141,141,2008-12-31,19,2008-12-31,19.0,2008-12-31,19.0,2008-12-31,19.0,2008-12-31,19,2008-12-31,19,5,19,1.2575,2008-12-31,1.215,2008-11-28,1.3625,2008-10-31,1.665,2008-09-30,1.835,2008-08-29,1.76,2008-07-31,1.905,2008-06-30,1.7625,2008-05-30,1.8375,2008-04-30,1.875,2008-03-31,1.9375,2008-02-29,1.6875,2008-01-31,1.9475,2007-12-31,154,13,True,True,True,2007-12-31,2008-12-31,2009-01-19,0,8,3.1432984660020797,2.567001097356832,2.8441241919159803,1.6813677999970862,1.738077358978195,1.2837354727921535,0.17361711616380826,1.9257220188910218,-0.0616593803867277,1.9164077737931655
SA_115,SA_115@2009-01-19,2009-04-19,2009-01-19,1,Consumer Discretionary,Retail - Discretionary,2009,317.253,406.896,324.597,8.99,315.607,3.381,145.172,83.127,,68.593,66.74,62.045,482.958,44.884,68.613,-6.692,47.019,25.106,-1.175,-45.173,-46.348,0.64,12.2024,19.0662,2547152.0,1731450.0,0,0,0,0,0,0,0,0,1,0,0,0,0,0,0,0,0,0,0,0,0,0,0,0,0,0,2,bankruptcy,2010-01-19,True,bankrupt,DSUPQ,Dayton Superior Corporation,DSUPQ US Equity,2008-10-21,2007-12-31,20,385,385,2008-12-31,19,2008-12-31,19.0,2008-12-31,19.0,2008-12-31,19.0,2008-12-31,19,2008-12-31,19,5,19,0.64,2008-12-31,0.2996,2008-11-28,0.679,2008-10-31,1.39,2008-09-30,2.06,2008-08-29,2.0,2008-07-31,2.64,2008-06-30,2.1,2008-05-30,2.4,2008-04-30,2.95,2008-03-31,3.9,2008-02-29,2.43,2008-01-31,3.9,2007-12-31,25,13,True,True,True,2007-12-31,2008-12-31,2009-01-19,0,8,5.762846663944539,2.580398631247221,4.143848757125189,3.826116472419021,4.242951331508056,-2.0401808277265334,3.871596765919878,-0.7770286645406475,-3.8323952116659266,-3.8575245800916473
NB_2212,NB_2212@2009-01-20,,2009-01-20,0,Technology,Semiconductors,2009,161.916,169.943,140.0,0.0,140.0,74.572,130.432,18.072,-8.027,6.223,11.265,112.36,105.98,-31.166,-13.988,-30.92,2.642,3.762,-1.194,-2.886,-4.08,8.64,9.885,1.14409,56402.0,503554.4,0,0,0,0,0,0,0,0,0,0,0,0,0,0,0,0,0,0,0,0,0,0,0,0,0,0,1,nonbankruptcy_candidate,2010-01-20,True,nonbankrupt,PXLW,Pixelworks Inc. Common Stock,PXLW US Equity,2008-10-22,2007-12-31,21,386,386,2008-12-31,20,2008-12-31,20.0,2008-12-31,20.0,2008-12-31,20.0,2008-12-31,20,2008-12-31,20,5,20,8.64,2008-12-31,12.0,2008-11-28,12.6001,2008-10-31,16.2001,2008-09-30,19.3201,2008-08-29,19.3921,2008-07-31,21.1201,2008-06-30,27.0001,2008-05-30,21.6001,2008-04-30,27.7201,2008-03-31,27.3601,2008-02-29,30.9602,2008-01-31,27.3601,2007-12-31,104,13,True,True,True,2007-12-31,2008-12-31,2009-01-20,0,8,5.093234730551482,2.3873856946865106,4.730568595382425,-3.470909994073456,-2.7072498809314407,-3.463232772581608,1.2925329813054163,-0.7857263618530385,-1.3573803509552484,-1.6253112615903906
SA_7,SA_7@2009-01-20,2009-04-20,2009-01-20,1,Technology,Semiconductors,2009,445.653,358.053,155.845,43.178,112.667,95.669,273.776,220.991,87.6,119.717,39.407,52.785,457.227,-11.402,13.338,-13.743,8.979,7.4,18.357,-8.851,9.506,0.25,12.6615,50.6459,6615688.0,2314652.0,0,0,0,0,0,0,0,0,0,0,0,0,0,0,0,0,0,0,0,0,0,0,0,0,0,0,2,bankruptcy,2010-01-20,True,bankrupt,ASYTQ,"Asyst Technologies, Inc.",ASYTQ US Equity,2008-10-22,2008-03-31,21,295,295,2008-12-31,20,2008-12-31,20.0,2008-12-31,20.0,2008-12-31,20.0,2008-12-31,20,2008-12-31,20,5,20,0.25,2008-12-31,0.44,2008-11-28,0.63,2008-10-31,2.4,2008-09-30,4.12,2008-08-29,4.33,2008-07-31,3.57,2008-06-30,3.55,2008-05-30,3.58,2008-04-30,3.5,2008-03-31,3.52,2008-02-29,2.95,2008-01-31,3.26,2007-12-31,60,13,True,True,True,2007-12-31,2008-12-31,2009-01-20,0,8,6.101782006793824,2.6145816577772547,3.984994617883969,-2.517857749927686,2.6629133554306805,-2.6907683938676827,2.3004828849021752,2.9630541111634088,-2.287572972873542,2.3519465225317697
NB_1775,NB_1775@2009-02-27,,2009-02-27,0,Consumer Discretionary,Automotive,2009,141.408,50.315,4.276,1.711,2.565,1.935,49.96,43.096,91.093,3.556,36.831,6.864,133.337,12.751,15.711,4.607,5.514,,-10.039,-1.962,-12.001,4.12,49.2834,11.962,315350.0,1363324.0,0,0,0,0,0,0,0,0,0,0,0,0,0,0,0,0,0,1,0,0,0,0,0,0,0,0,1,nonbankruptcy_candidate,2010-02-27,True,nonbankrupt,MPAA,Motorcar Parts of America Inc. Common Stock,MPAA US Equity,2008-11-29,2008-03-31,20,333,333,2009-02-27,0,2009-02-27,0.0,2009-02-27,0.0,2009-02-27,0.0,2009-02-27,0,2009-02-27,0,5,0,4.12,2009-02-27,4.6,2009-01-30,3.9,2008-12-31,3.8399,2008-11-28,4.56,2008-10-31,6.04,2008-09-30,7.04,2008-08-29,6.5,2008-07-31,7.55,2008-06-30,7.09,2008-05-30,6.9069,2008-04-30,6.02,2008-03-31,7.74,2008-02-29,179,13,True,True,True,2008-02-29,2009-02-27,2009-02-27,0,8,4.958696177175132,3.917675002756433,2.0622953828448654,2.6211115487408074,2.8160671852212453,1.7240158171415354,1.8739537068540417,-2.4014344570362147,-1.085864715845607,-2.5650262775800314
NB_1830,NB_1830@2009-02-27,,2009-02-27,0,Energy,Oil & Gas Supply Chain,2009,13.2027,4.7426,2.6,0.0,2.6,0.3036,1.1992,0.5715,,0.8609,0.0,0.6277,3.8994,1.0577,1.8373,0.7136,0.1053,,1.4748,-3.0701,-1.5954,7.14,13.3868,1.8749,71897.0,621977.7,0,0,0,0,0,0,0,0,1,0,0,0,0,0,0,0,0,1,0,0,0,0,0,0,0,0,1,nonbankruptcy_candidate,2010-02-27,True,nonbankrupt,MXC,Mexco Energy Corporation Common Stock,MXC US Equity,2008-11-29,2008-03-31,19,333,333,2009-02-27,0,2009-02-27,0.0,2009-02-27,0.0,2009-02-27,0.0,2009-02-27,0,2009-02-27,0,5,0,7.14,2009-02-27,10.4001,2009-01-30,12.3901,2008-12-31,9.57,2008-11-28,12.8,2008-10-31,17.01,2008-09-30,28.59,2008-08-29,28.5,2008-07-31,40.16,2008-06-30,31.81,2008-05-30,9.45,2008-04-30,4.21,2008-03-31,4.09,2008-02-29,138,13,True,True,True,2008-02-29,2009-02-27,2009-02-27,0,8,2.653432087377806,2.666311119519471,0.4871679754153155,0.7215888541912484,1.0428528957418683,0.5385964207113473,0.10011679133477266,0.9061595846746967,-1.4036675691772356,-0.9537406473209931
NB_61,NB_61@2009-02-27,,2009-02-27,0,Technology,Semiconductors,2009,45.199,7.427,0.0,0.0,0.0,15.648,40.223,6.861,,10.927,10.209,33.362,39.041,5.811,6.285,10.573,0.0,,3.624,-1.056,2.568,1.07,9.0413,8.4498,445976.0,579353.9,0,0,0,0,0,0,0,0,1,0,0,0,0,0,0,0,0,1,0,0,0,0,0,0,0,0,1,nonbankruptcy_candidate,2010-02-27,True,nonbankrupt,AEHR,Aehr Test Systems Common Stock,AEHR US Equity,2008-11-29,2008-05-31,19,272,272,2009-02-27,0,2009-02-27,0.0,2009-02-27,0.0,2009-02-27,0.0,2009-02-27,0,2009-02-27,0,5,0,1.07,2009-02-27,1.46,2009-01-30,2.05,2008-12-31,2.19,2008-11-28,2.74,2008-10-31,3.71,2008-09-30,4.37,2008-08-29,4.79,2008-07-31,7.73,2008-06-30,8.7,2008-05-30,8.5,2008-04-30,8.45,2008-03-31,7.3,2008-02-29,139,13,True,True,True,2008-02-29,2009-02-27,2009-02-27,0,8,3.8329581528317913,2.3067065879532165,3.536951302639775,1.9185389522591814,1.9858174396471682,2.4486747988659405,0.0,1.5312601313700764,-0.7207623475929187,1.272005214717763
NB_780,NB_780@2009-02-27,,2009-02-27,0,Consumer Discretionary,Automotive,2009,2914.7,2024.0,858.1,0.0,858.1,343.6,934.6,511.6,890.7,264.0,229.0,423.0,3248.2,75.6,305.0,37.0,61.6,220.6,367.9,-186.5,181.4,0.93,50.5037,54.3051,14777534.0,14795670.0,0,0,0,0,0,0,0,0,0,0,0,0,0,0,0,0,0,0,0,0,0,0,0,0,0,0,1,nonbankruptcy_candidate,2010-02-27,True,nonbankrupt,DCH,Dauch Corporation Common Stock,DCH US Equity,2008-11-29,2007-12-31,21,424,424,2009-02-27,0,2009-02-27,0.0,2009-02-27,0.0,2009-02-27,0.0,2009-02-27,0,2009-02-27,0,5,0,0.93,2009-02-27,1.09,2009-01-30,2.89,2008-12-31,2.52,2008-11-28,3.59,2008-10-31,5.36,2008-09-30,4.86,2008-08-29,5.88,2008-07-31,7.99,2008-06-30,18.59,2008-05-30,20.14,2008-04-30,20.5,2008-03-31,19.68,2008-02-29,122,13,True,True,True,2008-02-29,2009-02-27,2009-02-27,0,8,7.977865207177534,3.9416536497491808,6.049733455231958,4.338597076746545,5.723585101952381,3.6375861597263857,4.136765278106052,5.91052560460263,-5.233778845410465,5.206202077640231
SA_129,SA_129@2009-02-27,2009-05-28,2009-02-27,1,Consumer Discretionary,Automotive,2009,6938.0,6855.0,2228.0,100.0,2128.0,1057.0,3565.0,2568.0,,1727.0,520.0,997.0,11253.0,40.0,470.0,-163.0,190.0,377.0,281.0,-373.0,-92.0,0.14,18.2787,130.562,42503328.0,10938820.0,0,0,0,0,0,0,0,0,1,0,0,0,0,0,0,0,0,0,0,0,0,0,0,0,0,0,2,bankruptcy,2010-02-27,True,bankrupt,VSTNQ,Visteon Corporation,VSTNQ US Equity,2008-11-29,2006-12-31,20,789,789,2009-01-30,28,2009-01-30,28.0,2009-01-30,28.0,2009-01-30,28.0,2009-01-30,28,2009-01-30,28,5,28,0.14,2009-01-30,0.35,2008-12-31,0.75,2008-11-28,0.69,2008-10-31,2.32,2008-09-30,3.22,2008-08-29,2.85,2008-07-31,2.63,2008-06-30,4.04,2008-05-30,4.34,2008-04-30,3.76,2008-03-31,3.5,2008-02-29,4.0,2008-01-31,60,13,True,True,True,2008-01-31,2009-01-30,2009-02-27,0,8,8.844912950899548,2.959000859523179,6.905753276311464,3.713572066704308,6.154858094016418,-5.099866427824199,5.25227342804663,5.641907070938114,-5.924255797414532,-4.532599493153256
SA_202,SA_202@2009-02-27,2009-05-28,2009-02-27,1,Communications,Advertising & Marketing,2009,16089.0928,14266.3567,10175.6486,177.175,9998.4736,46.076,1467.191,1778.731,,1063.468,0.0,-311.5399,2680.2991,904.966,1368.072,46.859,830.892,,691.809,-77.47,614.339,0.33,22.7061,68.8065,42971174.0,10579400.0,0,0,0,0,0,0,0,0,1,0,0,0,0,0,0,0,0,1,0,0,0,0,0,0,0,0,2,bankruptcy,2010-02-27,True,bankrupt,RHDCQ,R.H. Donnelley Corporation,RHDCQ US Equity,2008-11-29,2007-12-31,19,424,424,2009-01-30,28,2009-01-30,28.0,2009-01-30,28.0,2009-01-30,28.0,2009-01-30,28,2009-01-30,28,5,28,0.33,2009-01-30,0.37,2008-12-31,0.55,2008-11-28,0.85,2008-10-31,1.99,2008-09-30,3.75,2008-08-29,1.55,2008-07-31,3.0,2008-06-30,5.43,2008-05-30,4.79,2008-04-30,5.06,2008-03-31,7.09,2008-02-29,30.07,2008-01-31,60,13,True,True,True,2008-01-31,2009-01-30,2009-02-27,0,8,9.685959007527286,3.1657323989897597,-5.744732141026058,6.8090017777449825,7.221888417039152,3.86825918798697,6.7237026247031535,6.54075434792597,-4.362716386139382,6.422173335453043
NB_2587,NB_2587@2009-04-08,,2009-04-08,0,Consumer Discretionary,Automotive,2009,144.221,45.328,0.0,0.0,0.0,51.501,105.774,32.939,97.94,23.518,14.314,72.835,159.642,0.805,7.635,2.781,0.0,6.83,3.818,-10.93,-7.112,8.34,27.1851,3.2596,236246.0,1709829.0,0,0,0,0,0,0,0,0,0,0,0,0,0,0,0,0,0,0,0,0,0,0,0,0,0,0,1,nonbankruptcy_candidate,2010-04-08,True,nonbankrupt,STRT,STRATTEC SECURITY CORPORATION Common Stock,STRT US Equity,2009-01-08,2008-06-29,21,283,283,2009-03-31,8,2009-03-31,8.0,2009-03-31,8.0,2009-03-31,8.0,2009-03-31,8,2009-03-31,8,5,8,8.34,2009-03-31,10.005,2009-02-27,9.9,2009-01-30,16.45,2008-12-31,18.0,2008-11-28,21.46,2008-10-31,26.42,2008-09-30,28.35,2008-08-29,32.98,2008-07-31,35.0,2008-06-30,37.51,2008-05-30,36.92,2008-04-30,42.31,2008-03-31,170,13,True,True,True,2008-03-31,2009-03-31,2009-04-08,0,8,4.978256720032234,3.338793469513762,4.301832873925737,0.5905605917848442,2.155823711598642,1.329988524908796,0.0,1.5723589041926795,-2.4790562361098245,-2.0933444468488274
NB_476,NB_476@2009-04-08,,2009-04-08,0,Consumer Discretionary,Home Construction,2009,2641.799,2266.948,1676.146,0.0,1676.146,584.334,2456.347,519.571,374.851,46.555,1651.661,1936.776,1813.513,-161.785,-134.076,-951.912,55.185,,315.567,-10.566,305.001,5.05,39.6463,7.85076,9574954.0,40132660.0,0,0,0,0,0,0,0,0,0,0,0,0,0,0,0,0,0,1,0,0,0,0,0,0,0,0,1,nonbankruptcy_candidate,2010-04-08,True,nonbankrupt,BZH,Beazer Homes USA Inc. Common Stock,BZH US Equity,2009-01-08,2008-09-30,20,190,190,2009-03-31,8,2009-03-31,8.0,2009-03-31,8.0,2009-03-31,8.0,2009-03-31,8,2009-03-31,8,5,8,5.05,2009-03-31,2.4,2009-02-27,5.15,2009-01-30,7.9,2008-12-31,9.05,2008-11-28,15.85,2008-10-31,29.9,2008-09-30,34.8,2008-08-29,31.15,2008-07-31,27.85,2008-06-30,34.75,2008-05-30,55.35,2008-04-30,47.25,2008-03-31,182,13,True,True,True,2008-03-31,2009-03-31,2009-04-08,0,8,7.8795938617690995,3.704907810940956,7.569296202695138,-5.092430311731373,-4.905837582997191,-6.85952255941159,4.028649817359866,5.757534909544336,-2.4480697597360264,5.723588369920897
NB_968,NB_968@2009-04-08,,2009-04-08,0,Communications,Advertising & Marketing,2009,592.983,520.889,406.523,1.002,405.521,64.294,116.345,58.767,72.094,44.855,,57.578,232.335,47.296,73.591,-528.556,43.093,23.412,44.218,-16.873,27.345,0.26,22.5793,48.3033,17667576.0,4414843.0,0,0,0,0,0,0,0,0,0,0,1,0,0,0,0,0,0,0,0,0,0,0,0,0,0,0,1,nonbankruptcy_candidate,2010-04-08,True,nonbankrupt,EVC,Entravision Communications Corporation Common Stock,EVC US Equity,2009-01-08,2008-12-31,20,98,98,2009-03-31,8,2009-03-31,8.0,2009-03-31,8.0,2009-03-31,8.0,2009-03-31,8,2009-03-31,8,5,8,0.26,2009-03-31,0.38,2009-02-27,0.84,2009-01-30,1.56,2008-12-31,0.77,2008-11-28,1.89,2008-10-31,2.69,2008-09-30,3.2,2008-08-29,3.16,2008-07-31,4.02,2008-06-30,5.34,2008-05-30,6.99,2008-04-30,6.66,2008-03-31,104,13,True,True,True,2008-03-31,2009-03-31,2009-04-08,0,8,6.386850699424479,3.1603692084938575,4.070359199471589,3.8773487414941252,4.312019856500076,-6.2720389196003365,3.7863010396951053,3.8114952376541247,-2.8832911942082418,3.344450647776267
SA_102,SA_102@2009-04-08,2009-07-07,2009-04-08,1,Consumer Discretionary,Automotive,2009,6872.9,6674.0,3526.8,2223.8,1303.0,1592.1,3674.2,4609.8,,1210.7,532.2,-935.6,13570.5,230.8,530.1,-689.9,190.3,294.0,144.2,-167.7,-23.5,0.75,58.1018,77.469,61908637.0,58918570.0,0,0,0,0,0,0,0,0,1,0,0,0,0,0,0,0,0,0,0,0,0,0,0,0,0,0,2,bankruptcy,2010-04-08,True,bankrupt,LEARQ,Lear Corporation,LEARQ US Equity,2009-01-08,2008-12-31,20,98,98,2009-03-31,8,2009-03-31,8.0,2009-03-31,8.0,2009-03-31,8.0,2009-03-31,8,2009-03-31,8,5,8,0.75,2009-03-31,0.6,2009-02-27,0.91,2009-01-30,1.41,2008-12-31,2.37,2008-11-28,1.95,2008-10-31,10.5,2008-09-30,12.56,2008-08-29,14.41,2008-07-31,14.18,2008-06-30,25.75,2008-05-30,28.57,2008-04-30,25.91,2008-03-31,60,13,True,True,True,2008-03-31,2009-03-31,2009-04-08,0,8,8.835486909733406,4.079261380801044,-6.842256296749442,5.445874930905651,6.274950327428353,-6.537995095494749,5.253842876446207,4.978112102390695,-5.128121989551922,-3.1986731175506815
NB_1197,NB_1197@2009-07-03,,2009-07-03,0,Consumer Discretionary,Home Construction,2009,365.724,270.965,237.939,11.588,226.351,12.299,46.865,38.157,80.69,16.669,14.929,8.708,179.867,-37.69,-27.899,-40.865,5.831,9.181,-91.063,-40.674,-131.737,8.1588,25.9392,1.80365,174179.0,1691646.0,0,0,0,0,0,0,0,0,0,0,0,0,0,0,0,0,0,0,0,0,0,0,0,0,0,0,1,nonbankruptcy_candidate,2010-07-03,True,nonbankrupt,GRBK,Green Brick Partners Inc. Common Stock,GRBK US Equity,2009-04-04,2008-12-31,21,184,184,2009-06-30,3,2009-06-30,3.0,2009-06-30,3.0,2009-06-30,3.0,2009-06-30,3,2009-06-30,3,5,3,8.1588,2009-06-30,7.8324,2009-05-29,4.0467,2009-04-30,4.83,2009-03-31,4.1773,2009-02-27,5.3521,2009-01-30,4.5689,2008-12-31,5.4827,2008-11-28,6.7832,2008-10-31,7.0492,2008-09-30,18.5367,2008-08-29,33.5488,2008-07-31,33.2878,2008-06-30,25,13,True,True,True,2008-06-30,2009-06-30,2009-07-03,0,8,5.904609521531197,3.293582474921398,2.272950287864355,-3.6555811687124216,-3.3638069924435965,-3.734450155656395,1.9214710757497122,-4.522473125301108,-3.7298774331480082,-4.8883697268898345
NB_904,NB_904@2009-07-03,,2009-07-03,0,Consumer Discretionary,Retail - Discretionary,2009,31.3439,18.7484,16.1018,4.3861,11.7158,0.2201,20.6966,7.0326,12.5955,1.9289,15.3213,13.664,101.2241,-3.6201,-3.1353,-7.8512,0.9029,,-1.0135,-1.1306,-2.1441,1.1,10.817,9.8336,136352.0,143594.8,0,0,0,0,0,0,0,0,0,0,0,0,0,0,0,0,0,1,0,0,0,0,0,0,0,0,1,nonbankruptcy_candidate,2010-07-03,True,nonbankrupt,ELA,Envela Corporation Common Stock,ELA US Equity,2009-04-04,2008-12-31,20,184,184,2009-06-30,3,2009-06-30,3.0,2009-06-30,3.0,2009-06-30,3.0,2009-06-30,3,2009-06-30,3,5,3,1.1,2009-06-30,0.97,2009-05-29,1.0,2009-04-30,0.85,2009-03-31,0.85,2009-02-27,1.4,2009-01-30,1.7,2008-12-31,1.25,2008-11-28,1.71,2008-10-31,2.57,2008-09-30,3.15,2008-08-29,3.3982,2008-07-31,2.92,2008-06-30,193,13,True,True,True,2008-06-30,2009-06-30,2009-07-03,0,8,3.4764254405701487,2.4695391726568787,2.6853955105374037,-1.5304163498810424,-1.4195598772344982,-2.1805530430482474,0.6433790383258241,-0.6998745013093718,-0.7564036301949602,-1.1455276806769166
SA_248,SA_248@2009-07-03,2009-10-01,2009-07-03,1,Energy,Oil & Gas Supply Chain,2009,357.597,260.109,239.0,239.0,0.0,8.475,48.71,251.991,,14.548,0.0,-203.281,159.754,28.061,116.402,-332.89,11.787,,82.735,-60.157,22.578,0.58,16.7429,28.8671,18077855.0,12584980.0,0,0,0,0,0,0,0,0,1,0,0,0,0,0,0,0,0,1,0,0,0,0,0,0,0,0,2,bankruptcy,2010-07-03,True,bankrupt,EPEXQ,Edge Petroleum Corporation,EPEXQ US Equity,2009-04-04,2008-12-31,19,184,184,2009-06-30,3,2009-06-30,3.0,2009-06-30,3.0,2009-06-30,3.0,2009-06-30,3,2009-06-30,3,5,3,0.58,2009-06-30,0.59,2009-05-29,0.1902,2009-04-30,0.194,2009-03-31,0.13,2009-02-27,0.18,2009-01-30,0.159,2008-12-31,0.25,2008-11-28,0.598,2008-10-31,1.8,2008-09-30,4.56,2008-08-29,5.14,2008-07-31,5.39,2008-06-30,60,13,True,True,True,2008-06-30,2009-06-30,2009-07-03,0,8,5.882199195268777,2.875985435900085,-5.319496497009286,3.3693970691123574,4.765603943024017,-5.810811597414573,2.5484290298290313,4.427657050186442,-4.113444328190033,3.1603140738699356
NB_1398,NB_1398@2009-08-17,,2009-08-17,0,Communications,Advertising & Marketing,2009,28.0413,19.6528,9.9151,1.649,8.2661,0.3603,11.5223,10.596,8.3885,7.2984,0.5049,0.9263,64.7378,-4.8621,3.3483,-82.8503,0.7505,2.0,6.0559,-2.2302,3.8257,29.9,19.3627,0.64758,16709.0,433148.8,0,0,0,0,0,0,0,0,0,0,0,0,0,0,0,0,0,0,0,0,0,0,0,0,0,0,1,nonbankruptcy_candidate,2010-08-17,True,nonbankrupt,INUV,Inuvo Inc.,INUV US Equity,2009-05-19,2008-12-31,21,229,229,2009-07-31,17,2009-07-31,17.0,2009-07-31,17.0,2009-07-31,17.0,2009-07-31,17,2009-07-31,17,5,17,29.9,2009-07-31,27.0188,2009-06-30,25.0,2009-05-29,14.0,2009-04-30,18.0,2009-03-31,18.0,2009-02-27,22.0,2009-01-30,6.0,2008-12-31,13.0,2008-11-28,12.9875,2008-10-31,20.0,2008-09-30,52.0,2008-08-29,37.0,2008-07-31,161,13,True,True,True,2008-07-31,2009-07-31,2009-08-17,0,8,3.3687189547948555,3.0137047958566012,0.6556010644859754,-1.768507901167421,1.4697849641188734,-4.429033066080349,0.5599014614125832,1.9538641462684607,-1.1725440548222756,1.5739558019884017
NB_2477,NB_2477@2009-08-17,,2009-08-17,0,Energy,Oil & Gas Supply Chain,2009,38.6975,15.769,4.6481,0.1266,4.5215,0.1486,25.7748,11.0061,,16.2904,7.8689,14.7687,65.3872,0.2344,1.3324,1.6568,0.279,1.0988,0.5249,-0.6157,-0.0908,17.44,16.7625,0.96115,6749.0,110604.8,0,0,0,0,0,0,0,0,1,0,0,0,0,0,0,0,0,0,0,0,0,0,0,0,0,0,1,nonbankruptcy_candidate,2010-08-17,True,nonbankrupt,SLNG,Stabilis Solutions Inc. Common Stock,SLNG US Equity,2009-05-19,2008-12-31,20,229,229,2009-07-31,17,2009-07-31,17.0,2009-07-31,17.0,2009-07-31,17.0,2009-07-31,17,2009-07-31,17,5,17,17.44,2009-07-31,16.88,2009-06-30,16.72,2009-05-29,19.169,2009-04-30,14.16,2009-03-31,13.28,2009-02-27,17.6,2009-01-30,14.8,2008-12-31,21.52,2008-11-28,19.52,2008-10-31,25.68,2008-09-30,33.361,2008-08-29,42.001,2008-07-31,144,13,True,True,True,2008-07-31,2009-07-31,2009-08-17,0,8,3.681288213418115,2.877089493423219,2.7580269625738247,0.21058502206681404,0.8468977803658639,0.9771223910803998,0.24607852259670565,0.4219288341388295,-0.4797682993006478,-0.08691137198929641
NB_998,NB_998@2009-08-17,,2009-08-17,0,Consumer Discretionary,Automotive,2009,83.1705,22.4949,6.0343,5.8113,0.2231,6.3968,41.8365,20.7784,,25.6628,7.7104,21.058,107.1014,3.136,5.7148,1.6716,0.421,1.783,5.0382,-1.2338,3.8044,6906713.1461,20.2706,0.0,0.0,488969.5,0,0,0,0,0,0,0,0,1,0,0,0,0,0,0,0,0,0,0,0,0,0,0,0,0,0,1,nonbankruptcy_candidate,2010-08-17,True,nonbankrupt,FABC,Fabric.AI Inc. Common Stock,FABC US Equity,2009-05-19,2009-04-30,20,109,109,2009-07-31,17,2009-07-31,17.0,2009-07-31,17.0,2009-07-31,17.0,2009-07-31,17,2009-07-31,17,5,17,6906713.1461,2009-07-31,7687595.4364,2009-06-30,7119896.0811,2009-05-29,4707173.8211,2009-04-30,4494286.5628,2009-03-31,3973895.4871,2009-02-27,4730827.9609,2009-01-30,4659865.5414,2008-12-31,5038331.7783,2008-11-28,7096241.9413,2008-10-31,9579926.6207,2008-09-30,13719401.0865,2008-08-29,14334408.7214,2008-07-31,113,13,True,True,True,2008-07-31,2009-07-31,2009-08-17,0,8,4.432844503564638,3.057325837558998,3.093675347883955,1.419729137206128,1.9043140454661218,0.9826775438693439,0.35136084911496357,1.7981059542869189,-0.8037041711245891,1.5695321646981981
SA_164,SA_164@2009-08-17,2009-11-15,2009-08-17,1,Consumer Discretionary,Home Construction,2009,645.009,558.186,313.08,12.229,300.851,52.787,150.194,187.632,,33.935,52.96,-37.438,1033.193,-13.499,8.979,-199.46,20.401,13.2,-16.03,-12.179,-28.209,0.47,36.5304,77.7242,24689246.0,10409770.0,0,0,0,0,0,0,0,0,1,0,0,0,0,0,0,0,0,0,0,0,0,0,0,0,0,0,2,bankruptcy,2010-08-17,True,bankrupt,CJHBQ,"Champion Enterprises, Inc.",CJHBQ US Equity,2009-05-19,2009-01-03,20,226,226,2009-07-31,17,2009-07-31,17.0,2009-07-31,17.0,2009-07-31,17.0,2009-07-31,17,2009-07-31,17,5,17,0.47,2009-07-31,0.32,2009-06-30,0.44,2009-05-29,0.58,2009-04-30,0.48,2009-03-31,0.29,2009-02-27,0.46,2009-01-30,0.56,2008-12-31,0.73,2008-11-28,1.87,2008-10-31,5.55,2008-09-30,4.89,2008-08-29,3.95,2008-07-31,60,13,True,True,True,2008-07-31,2009-07-31,2009-08-17,0,8,6.470813435574099,3.6251512712302865,-3.649046553612213,-2.674079681531057,2.3004828849021752,-5.30061472559672,3.063437649908004,-2.834976494674597,-2.5786246536617523,-3.374476880962545
NB_2671,NB_2671@2010-06-25,,2010-06-25,0,Consumer Discretionary,Retail - Discretionary,2010,43.3272,9.9676,3.7125,0.2025,3.51,7.892,32.041,5.7752,,1.2028,16.8658,26.2658,54.4827,5.0951,6.2201,3.3181,0.2979,1.0737,5.2745,-0.7916,4.4829,5.3,53.7484,10.1412,748715.0,3971228.0,0,0,0,0,0,0,0,0,1,0,0,0,0,0,0,0,0,0,0,0,0,0,0,0,0,0,1,nonbankruptcy_candidate,2011-06-25,True,nonbankrupt,TLF,Tandy Leather Factory Inc. Common Stock,TLF US Equity,2010-03-27,2009-12-31,20,176,176,2010-05-31,25,2010-05-31,25.0,2010-05-31,25.0,2010-05-31,25.0,2010-05-31,25,2010-05-31,25,5,25,5.3,2010-05-31,4.57,2010-04-30,3.92,2010-03-31,3.62,2010-02-26,3.7,2010-01-29,3.91,2009-12-31,3.354,2009-11-30,3.29,2009-10-30,3.1,2009-09-30,3.0,2009-08-31,2.6711,2009-07-31,2.38,2009-06-30,2.3,2009-05-29,201,13,True,True,True,2009-05-29,2010-05-31,2010-06-25,0,8,3.7915984841183104,4.002748144525296,3.3056331695943673,1.8074851696895375,1.9768688032243313,1.4628154906943,0.2607475737115762,1.8364938005682256,-0.583109075351008,1.701634158064822
NB_446,NB_446@2010-06-25,,2010-06-25,0,Consumer Discretionary,Retail - Discretionary,2010,216.229,105.895,36.346,4.393,31.953,23.221,104.526,43.27,110.334,34.605,33.388,61.256,232.722,-19.948,-13.344,-22.699,3.699,6.86,4.12,-1.094,3.026,5.33,61.11,11.4653,477771.0,2582095.0,0,0,0,0,0,0,0,0,0,0,0,0,0,0,0,0,0,0,0,0,0,0,0,0,0,0,1,nonbankruptcy_candidate,2011-06-25,True,nonbankrupt,BSET,Bassett Furniture Industries Incorporated Common Stock,BSET US Equity,2010-03-27,2009-11-28,21,209,209,2010-05-31,25,2010-05-31,25.0,2010-05-31,25.0,2010-05-31,25.0,2010-05-31,25,2010-05-31,25,5,25,5.33,2010-05-31,5.99,2010-04-30,5.64,2010-03-31,4.1,2010-02-26,4.36,2010-01-29,3.48,2009-12-31,3.69,2009-11-30,3.86,2009-10-30,4.28,2009-09-30,5.06,2009-08-31,2.5,2009-07-31,2.75,2009-06-30,2.12,2009-05-29,204,13,True,True,True,2009-05-29,2010-05-31,2010-06-25,0,8,5.380952096642509,4.128907006571212,4.131254916242198,-3.0420431764172413,-2.663331736302832,-3.165432853158063,1.5473497201206787,1.6331544390514163,-0.7390761124483451,1.3927733272175997
SA_40,SA_40@2010-06-25,2010-09-23,2010-06-25,1,Consumer Discretionary,Retail - Discretionary,2010,1538.3,1852.6,963.6,107.7,855.9,188.7,1060.0,934.8,-314.3,79.4,298.5,125.2,4051.1,-351.3,-204.2,-558.2,111.5,,29.3,-32.3,-3.0,0.3355,66.2165,145.8613,196763144.0,79021880.0,0,0,0,0,0,0,0,0,0,0,0,0,0,0,0,0,0,1,0,0,0,0,0,0,0,0,2,bankruptcy,2011-06-25,True,bankrupt,BLIAQ,Blockbuster Inc.,BLIAQ US Equity,2010-03-27,2010-01-03,20,173,173,2010-05-31,25,2010-05-31,25.0,2010-05-31,25.0,2010-05-31,25.0,2010-05-31,25,2010-05-31,25,5,25,0.3355,2010-05-31,0.3725,2010-04-30,0.2525,2010-03-31,0.3005,2010-02-26,0.45,2010-01-29,0.67,2009-12-31,0.63,2009-11-30,0.83,2009-10-30,1.07,2009-09-30,0.96,2009-08-31,0.73,2009-07-31,0.66,2009-06-30,0.7,2009-05-29,60,13,True,True,True,2009-05-29,2010-05-31,2010-06-25,0,8,7.339083046616029,4.20791875310443,4.837867950107113,-5.864483085347192,-5.323985113296614,-6.3265071909196005,4.722953221644475,3.4111477125153233,-3.505557396986398,-1.3862943611198906
NB_2944,NB_2944@2011-02-23,,2011-02-23,0,Industrials,Commercial Support Services,2011,40.332,11.215,0.718,0.636,0.082,8.445,26.815,10.111,29.117,10.097,0.0,16.704,61.605,-7.493,-5.679,-5.575,0.038,0.156,2.154,-0.386,1.768,4.37,31.6641,7.2458,118616.0,482679.3,0,0,0,0,0,0,0,0,0,0,0,0,0,0,0,0,0,0,0,0,0,0,0,0,0,0,1,nonbankruptcy_candidate,2012-02-23,True,nonbankrupt,WLDN,Willdan Group Inc. Common Stock,WLDN US Equity,2010-11-25,2010-01-01,21,418,418,2011-01-31,23,2011-01-31,23.0,2011-01-31,23.0,2011-01-31,23.0,2011-01-31,23,2011-01-31,23,5,23,4.37,2011-01-31,4.0,2010-12-31,3.46,2010-11-30,3.38,2010-10-29,3.4,2010-09-30,3.23,2010-08-31,2.67,2010-07-30,2.76,2010-06-30,2.61,2010-05-31,2.35,2010-04-30,2.16,2010-03-31,2.21,2010-02-26,2.47,2010-01-29,51,13,True,True,True,2010-01-29,2011-01-31,2011-02-23,0,8,3.7216370183521086,3.4862766154869944,2.8737906027487488,-2.139242294797872,-1.898968275743499,-1.8832745780638283,0.037295784743696894,1.1486714885408467,-0.32642190076771155,1.018125037755423
NB_335,NB_335@2011-02-23,,2011-02-23,0,Consumer Discretionary,Retail - Discretionary,2011,284.273,119.493,0.0,0.0,0.0,60.399,135.755,81.89,164.78,5.337,44.384,53.865,395.906,-14.368,14.119,-12.473,,26.7,23.99,-5.727,18.263,7.66,149.7836,19.554,1676853.0,12661160.0,0,0,0,0,0,0,0,0,0,0,0,0,0,0,0,0,1,0,0,0,0,0,0,0,0,0,1,nonbankruptcy_candidate,2012-02-23,True,nonbankrupt,BBW,Build-A-Bear Workshop Inc. Common Stock,BBW US Equity,2010-11-25,2010-01-02,20,417,417,2011-01-31,23,2011-01-31,23.0,2011-01-31,23.0,2011-01-31,23.0,2011-01-31,23,2011-01-31,23,5,23,7.66,2011-01-31,7.64,2010-12-31,6.2,2010-11-30,7.03,2010-10-29,6.05,2010-09-30,5.0,2010-08-31,6.05,2010-07-30,6.78,2010-06-30,8.46,2010-05-31,9.56,2010-04-30,7.12,2010-03-31,6.05,2010-02-26,4.77,2010-01-29,76,13,True,True,True,2010-01-29,2011-01-31,2011-02-23,0,8,5.653446616517095,5.015845696344135,4.004875622442762,-2.7322874254662555,2.715952230998064,-2.6006876827737107,,3.218475744846861,-1.9061292790434687,2.958186157480021
SA_209,SA_209@2011-02-23,2011-05-24,2011-02-23,1,Industrials,Commercial Support Services,2011,346.424,371.559,274.0,30.0,244.0,10.846,61.525,95.015,-25.135,29.988,0.0,-33.49,213.762,-251.815,-236.207,-272.259,22.213,12.7,-11.458,-15.66,-27.118,1.56,45.2041,28.977,26405566.0,48288520.0,0,0,0,0,0,0,0,0,0,0,0,0,0,0,0,0,0,0,0,0,0,0,0,0,0,0,2,bankruptcy,2012-02-23,True,bankrupt,JHTXQ,Jackson Hewitt Tax Service Inc.,JHTXQ US Equity,2010-11-25,2010-04-30,21,299,299,2011-01-31,23,2011-01-31,23.0,2011-01-31,23.0,2011-01-31,23.0,2011-01-31,23,2011-01-31,23,5,23,1.56,2011-01-31,2.17,2010-12-31,0.84,2010-11-30,0.99,2010-10-29,0.92,2010-09-30,0.78,2010-08-31,1.11,2010-07-30,1.13,2010-06-30,1.9,2010-05-31,1.68,2010-04-30,2.0,2010-03-31,2.44,2010-02-26,2.74,2010-01-29,60,13,True,True,True,2010-01-29,2011-01-31,2011-02-23,0,8,5.850545936049442,3.8330685387388694,-3.5406694269487495,-5.5326579959554625,-5.468933177649345,-5.610420063385239,3.1447124665653097,-2.5223629868319537,-2.8130106367386967,-3.3364099406577155
SA_307,SA_307@2011-08-04,2011-11-02,2011-08-04,1,Consumer Discretionary,Retail - Discretionary,2011,270.774,109.795,30.192,0.0,30.192,2.298,99.937,68.374,160.979,2.619,76.595,31.563,445.133,-50.38,-35.799,-32.857,1.366,,-15.558,-15.54,-31.098,10.44,150.8392,14.4482,721262.0,8568531.0,0,0,0,0,0,0,0,0,0,0,0,0,0,0,0,0,0,1,0,0,0,0,0,0,0,0,2,bankruptcy,2012-08-04,True,bankrupt,SYMSQ,Syms Corp.,SYMSQ US Equity,2011-05-06,2011-02-26,20,159,159,2011-07-29,6,2011-07-29,6.0,2011-07-29,6.0,2011-07-29,6.0,2011-07-29,6,2011-07-29,6,5,6,10.44,2011-07-29,10.78,2011-06-30,9.42,2011-05-31,7.95,2011-04-29,6.67,2011-03-31,6.66,2011-02-28,6.32,2011-01-31,7.23,2010-12-31,7.05,2010-11-30,7.28,2010-10-29,7.62,2010-09-30,8.3,2010-08-31,7.47,2010-07-30,60,13,True,True,True,2010-07-30,2011-07-29,2011-08-04,0,8,5.604970838568991,5.022822066143839,3.48317667448207,-3.9392489916817377,-3.605470670892624,-3.5221457726616334,0.8612007655561951,-2.806869368716614,-2.805781689595545,-3.4687937228989645
NB_206,NB_206@2011-08-09,,2011-08-09,0,Utilities,Electric Utilities,2011,1016.949,676.888,443.149,70.91,372.239,4.749,53.749,124.542,,27.047,0.0,-70.793,180.358,20.868,67.483,17.95,24.839,36.471,41.394,-20.789,20.605,5.97,711.6234,119.1999,127106.0,770545.8,0,0,0,0,0,0,0,0,1,0,0,0,0,0,0,0,0,0,0,0,0,0,0,0,0,0,1,nonbankruptcy_candidate,2012-08-09,True,nonbankrupt,AQN,Algonquin Power & Utilities Corp. Common Shares,AQN US Equity,2011-05-11,2010-12-31,20,221,221,2011-07-29,11,2011-07-29,11.0,2011-07-29,11.0,2011-07-29,11.0,2011-07-29,11,2011-07-29,11,5,11,5.97,2011-07-29,5.85,2011-06-30,5.9555,2011-05-31,5.61,2011-04-29,5.3629,2011-03-31,5.2635,2011-02-28,4.8695,2011-01-31,5.04,2010-12-31,4.6934,2010-11-30,4.5238,2010-10-29,4.46,2010-09-30,3.98,2010-08-31,4.1092,2010-07-30,118,13,True,True,True,2010-07-30,2011-07-29,2011-08-09,0,8,6.925545097623683,6.568953090129089,-4.273786978265212,3.0850243810327527,4.226585539285141,2.9418039315284354,3.2518849784751462,3.747006842790545,-3.081405255292141,3.0729247693838966
SA_186,SA_186@2011-08-09,2011-11-07,2011-08-09,1,Utilities,Electric Utilities,2011,10013.0,7267.0,4774.0,148.0,4626.0,291.0,2244.0,1565.0,2746.0,230.0,121.0,679.0,2323.0,-11.0,397.0,-234.0,363.0,,423.0,-333.0,90.0,5.72,699.4454,122.28067,38073809.0,234319600.0,0,0,0,0,0,0,0,0,0,0,0,0,0,0,0,0,0,1,0,0,0,0,0,0,0,0,2,bankruptcy,2012-08-09,True,bankrupt,DYNIQ,"Dynegy Holdings, LLC",DYNIQ US Equity,2011-05-11,2010-12-31,20,221,221,2011-07-29,11,2011-07-29,11.0,2011-07-29,11.0,2011-07-29,11.0,2011-07-29,11,2011-07-29,11,5,11,5.72,2011-07-29,6.19,2011-06-30,6.06,2011-05-31,6.34,2011-04-29,5.69,2011-03-31,5.79,2011-02-28,6.29,2011-01-31,5.62,2010-12-31,5.09,2010-11-30,4.64,2010-10-29,4.87,2010-09-30,4.93,2010-08-31,3.55,2010-07-30,60,13,True,True,True,2010-07-30,2011-07-29,2011-08-09,0,8,9.211739392889891,6.551716418413763,6.522092798170152,-2.4849066497880004,5.986452005284438,-5.459585514144159,5.8971538676367405,6.049733455231958,-5.811140992976701,4.51085950651685
NB_1325,NB_1325@2011-10-06,,2011-10-06,0,Consumer Discretionary,Retail - Discretionary,2011,336.76,134.73,93.844,93.844,0.0,16.539,235.501,130.982,202.03,22.774,188.724,104.519,450.34,-13.165,-5.808,2.497,3.926,,40.216,-4.159,36.057,6.47,150.5763,23.273,2339116.0,14633670.0,0,0,0,0,0,0,0,0,0,0,0,0,0,0,0,0,0,1,0,0,0,0,0,0,0,0,1,nonbankruptcy_candidate,2012-10-06,True,nonbankrupt,HZO,MarineMax Inc. (FL) Common Stock,HZO US Equity,2011-07-08,2010-09-30,20,371,371,2011-09-30,6,2011-09-30,6.0,2011-09-30,6.0,2011-09-30,6.0,2011-09-30,6,2011-09-30,6,5,6,6.47,2011-09-30,6.79,2011-08-31,9.19,2011-07-29,8.76,2011-06-30,8.32,2011-05-31,9.56,2011-04-29,9.86,2011-03-31,9.03,2011-02-28,9.04,2011-01-31,9.35,2010-12-31,7.63,2010-11-30,7.48,2010-10-29,7.04,2010-09-30,160,13,True,True,True,2010-09-30,2011-09-30,2011-10-06,0,8,5.822335584100011,5.021089128533253,4.658891031487732,-2.65077413328248,-1.918098391271073,1.2519054580812388,1.5945272996983462,3.7188265304818886,-1.6407427622625128,3.612457267769484
NB_1352,NB_1352@2011-10-06,,2011-10-06,0,Industrials,Commercial Support Services,2011,184.564,102.747,69.813,0.0,69.813,40.301,71.037,13.532,81.817,26.603,0.0,57.505,132.013,-51.741,-41.895,-53.165,3.241,1.4,5.747,-0.957,4.79,1.06,38.6314,36.4447,2704976.0,2991807.0,0,0,0,0,0,0,0,0,0,0,0,0,0,0,0,0,0,0,0,0,0,0,0,0,0,0,1,nonbankruptcy_candidate,2012-10-06,True,nonbankrupt,III,Information Services Group Inc. Common Stock,III US Equity,2011-07-08,2010-12-31,21,279,279,2011-09-30,6,2011-09-30,6.0,2011-09-30,6.0,2011-09-30,6.0,2011-09-30,6,2011-09-30,6,5,6,1.06,2011-09-30,1.3,2011-08-31,1.63,2011-07-29,1.77,2011-06-30,2.01,2011-05-31,2.33,2011-04-29,2.19,2011-03-31,2.24,2011-02-28,1.91,2011-01-31,2.07,2010-12-31,2.21,2010-11-30,1.85,2010-10-29,1.79,2010-09-30,56,13,True,True,True,2010-09-30,2011-09-30,2011-10-06,0,8,5.223399836021115,3.679621733351015,4.069112220670921,-3.965393141685847,-3.758755269024929,-3.9920349433975306,1.4447990904924535,1.9090979616452883,-0.6714126884139392,1.7561322915849038
NB_2021,NB_2021@2011-10-06,,2011-10-06,0,Energy,Renewable Energy,2011,53.5526,7.0611,0.5894,0.1394,0.45,4.3761,32.9682,6.0111,,1.285,0.4563,26.9571,6.6911,-21.2828,-20.9241,-20.4359,0.0,0.3103,-18.7701,-0.073,-18.8431,16200.162,28.0657,0.00173,192.0,3686626.0,0,0,0,0,0,0,0,0,1,0,0,0,0,0,0,0,0,0,0,0,0,0,0,0,0,0,1,nonbankruptcy_candidate,2012-10-06,True,nonbankrupt,OPTT,Ocean Power Technologies Inc. Common Stock,OPTT US Equity,2011-07-08,2011-04-30,20,159,159,2011-09-30,6,2011-09-30,6.0,2011-09-30,6.0,2011-09-30,6.0,2011-09-30,6,2011-09-30,6,5,6,16200.162,2011-09-30,22740.2274,2011-08-31,19740.1974,2011-07-29,21420.2142,2011-06-30,27540.2754,2011-05-31,29220.2922,2011-04-29,33060.3306,2011-03-31,31200.312,2011-02-28,32220.3222,2011-01-31,34320.3432,2010-12-31,34140.3414,2010-11-30,39120.3912,2010-10-29,30660.3066,2010-09-30,54,13,True,True,True,2010-09-30,2011-09-30,2011-10-06,0,8,3.999165373838025,3.369558784813068,3.3306711923869323,-3.103815080412413,-3.0875864883849253,-3.065067086572273,0.0,-2.9841706953386757,-0.07045846364856141,-2.9878563396509668
NB_249,NB_249@2011-10-06,,2011-10-06,0,Energy,Renewable Energy,2011,160.0207,13.4546,7.8454,0.5823,7.2631,27.3032,47.6644,6.1756,146.5661,0.485,1.8768,41.4888,2.4815,-31.096,-24.4054,-31.2337,,,-21.5977,-5.5769,-27.1746,15000000000000.0,29.2002,0.0,0.0,1922694.0,0,0,0,0,0,0,0,0,0,0,0,0,0,0,0,0,1,1,0,0,0,0,0,0,0,0,1,nonbankruptcy_candidate,2012-10-06,True,nonbankrupt,ASTI,Ascent Solar Technologies Inc. Common Stock,ASTI US Equity,2011-07-08,2010-12-31,19,279,279,2011-09-30,6,2011-09-30,6.0,2011-09-30,6.0,2011-09-30,6.0,2011-09-30,6,2011-09-30,6,5,6,15000000000000.0,2011-09-30,18799999999999.992,2011-08-31,18047500000000.0,2011-07-29,18999999999999.992,2011-06-30,27000000000000.0,2011-05-31,32200000000000.0,2011-04-29,57400000000000.0,2011-03-31,67000000000000.0,2011-02-28,63400000000000.0,2011-01-31,67199999999999.98,2010-12-31,63200000000000.0,2010-11-30,87399999999999.97,2010-10-29,63200000000000.0,2010-09-30,62,13,True,True,True,2010-09-30,2011-09-30,2011-10-06,0,8,5.0815329281484365,3.4078485468754516,3.749240511788629,-3.468731411779525,-3.234961749853845,-3.473012489114237,,-3.1178481311878268,-1.8835635097030923,-3.3384208628419207
NB_2775,NB_2775@2011-10-06,,2011-10-06,0,Technology,Semiconductors,2011,170.296,82.787,28.652,4.11,24.542,34.654,151.767,55.022,87.509,54.589,59.288,96.745,443.134,25.477,27.8,20.097,,,-4.857,-3.817,-8.674,4.29,97.8849,22.817,3934522.0,18405620.0,0,0,0,0,0,0,0,0,0,0,0,0,0,0,0,0,1,1,0,0,0,0,0,0,0,0,1,nonbankruptcy_candidate,2012-10-06,True,nonbankrupt,UCTT,Ultra Clean Holdings Inc. Common Stock,UCTT US Equity,2011-07-08,2010-12-31,19,279,279,2011-09-30,6,2011-09-30,6.0,2011-09-30,6.0,2011-09-30,6.0,2011-09-30,6,2011-09-30,6,5,6,4.29,2011-09-30,5.63,2011-08-31,6.94,2011-07-29,9.08,2011-06-30,10.16,2011-05-31,11.49,2011-04-29,10.34,2011-03-31,10.57,2011-02-28,12.5,2011-01-31,9.31,2010-12-31,7.84,2010-11-30,7.52,2010-10-29,8.62,2010-09-30,91,13,True,True,True,2010-09-30,2011-09-30,2011-10-06,0,8,5.1433930542109705,4.593956547497752,4.582362046662083,3.2762764315993054,3.3603753871419,3.0491308502786865,,-1.7676375271076452,-1.5721513276480839,-2.2694418744007914
SA_274,SA_274@2011-10-06,2012-01-04,2011-10-06,1,Technology,Semiconductors,2011,370.941,146.637,0.0,0.0,0.0,93.224,225.128,116.028,224.304,62.328,23.025,109.1,557.198,-172.711,-89.168,-128.889,0.0,,-79.055,-9.237,-88.292,0.52,93.9626,180.6973,8567287.0,4791317.0,0,0,0,0,0,0,0,0,0,0,0,0,0,0,0,0,0,1,0,0,0,0,0,0,0,0,2,bankruptcy,2012-10-06,True,bankrupt,TRIDQ,"Trident Microsystems, Inc.",TRIDQ US Equity,2011-07-08,2010-12-31,20,279,279,2011-09-30,6,2011-09-30,6.0,2011-09-30,6.0,2011-09-30,6.0,2011-09-30,6,2011-09-30,6,5,6,0.52,2011-09-30,0.415,2011-08-31,0.65,2011-07-29,0.69,2011-06-30,0.9802,2011-05-31,1.01,2011-04-29,1.15,2011-03-31,1.35,2011-02-28,1.49,2011-01-31,1.78,2010-12-31,1.85,2010-11-30,1.86,2010-10-29,1.71,2010-09-30,60,13,True,True,True,2010-09-30,2011-09-30,2011-10-06,0,8,5.918735239543958,4.5534831298760405,4.701389043728634,-5.157392998818234,-4.501674596939777,-4.866680239567477,0.0,-4.382713898454018,-2.326008607937634,-4.491911898203124
NB_2041,NB_2041@2011-11-16,,2011-11-16,0,Utilities,Electric Utilities,2011,1770.555,1122.667,513.39,79.714,433.676,0.0,513.663,284.98,,108.907,139.361,228.683,892.191,24.074,93.473,-1.344,36.94,69.399,105.017,-61.549,43.468,19.41,699.9615,36.0619,3629104.0,69469290.0,0,0,0,0,0,0,0,0,1,0,0,0,0,0,0,0,0,0,0,0,0,0,0,0,0,0,1,nonbankruptcy_candidate,2012-11-16,True,nonbankrupt,OTTR,Otter Tail Corporation Common Stock,OTTR US Equity,2011-08-18,2010-12-31,20,320,320,2011-10-31,16,2011-10-31,16.0,2011-10-31,16.0,2011-10-31,16.0,2011-10-31,16,2011-10-31,16,5,16,19.41,2011-10-31,18.3,2011-09-30,20.56,2011-08-31,20.78,2011-07-29,21.1,2011-06-30,21.92,2011-05-31,23.38,2011-04-29,22.73,2011-03-31,22.52,2011-02-28,22.67,2011-01-31,22.54,2010-12-31,20.56,2010-11-30,20.55,2010-10-29,221,13,True,True,True,2010-10-29,2011-10-31,2011-11-16,0,8,7.479612970958771,6.552452963985691,5.436700097378498,3.2218314526938334,4.54831407938988,-0.8518588717147662,3.636005964506868,4.663599458611484,-4.135950249574892,3.7947698293713685
NB_252,NB_252@2011-11-16,,2011-11-16,0,Technology,Semiconductors,2011,136.101,51.858,0.158,0.126,0.032,56.764,116.429,50.816,84.243,9.252,24.317,65.613,120.019,15.909,17.672,9.563,0.1,1.3,15.8,-2.929,12.871,10.22,97.9035,9.5796,4650571.0,44065700.0,0,0,0,0,0,0,0,0,0,0,0,0,0,0,0,0,0,0,0,0,0,0,0,0,0,0,1,nonbankruptcy_candidate,2012-11-16,True,nonbankrupt,ASYS,Amtech Systems Inc. Common Stock,ASYS US Equity,2011-08-18,2010-09-30,21,412,412,2011-10-31,16,2011-10-31,16.0,2011-10-31,16.0,2011-10-31,16.0,2011-10-31,16,2011-10-31,16,5,16,10.22,2011-10-31,8.0,2011-09-30,10.85,2011-08-31,17.95,2011-07-29,20.64,2011-06-30,21.88,2011-05-31,22.88,2011-04-29,25.24,2011-03-31,22.97,2011-02-28,25.61,2011-01-31,25.15,2010-12-31,20.7,2010-11-30,16.74,2010-10-29,221,13,True,True,True,2010-10-29,2011-10-31,2011-11-16,0,8,4.920717880487693,4.594144627284583,4.198899753693436,2.827846024556292,2.9270250755442,2.357357328841025,0.09531017980432487,2.8213788864092133,-1.3683849405763227,2.629800329781153
SA_64,SA_64@2011-11-16,2012-02-14,2011-11-16,1,Energy,Renewable Energy,2011,388.478,363.429,264.886,13.642,251.244,27.769,267.369,70.497,25.049,39.153,68.499,196.872,232.546,-288.067,-270.022,-306.072,25.404,,-24.15,-38.418,-62.568,0.49,26.1023,53.2699,14031442.0,6723539.0,0,0,0,0,0,0,0,0,0,0,0,0,0,0,0,0,0,1,0,0,0,0,0,0,0,0,2,bankruptcy,2012-11-16,True,bankrupt,ENERQ,"Energy Conversion Devices, Inc.",ENERQ US Equity,2011-08-18,2011-06-30,20,139,139,2011-10-31,16,2011-10-31,16.0,2011-10-31,16.0,2011-10-31,16.0,2011-10-31,16,2011-10-31,16,5,16,0.49,2011-10-31,0.53,2011-09-30,0.7502,2011-08-31,1.05,2011-07-29,1.18,2011-06-30,1.4,2011-05-31,2.0,2011-04-29,2.26,2011-03-31,3.92,2011-02-28,4.08,2011-01-31,4.6,2010-12-31,4.49,2010-11-30,4.52,2010-10-29,60,13,True,True,True,2010-10-29,2011-10-31,2011-11-16,0,8,5.964807381045507,3.299618595133037,5.287620356999701,-5.666658495153139,-5.602199998396525,-5.727082247777175,3.273515513826524,-3.224857896545748,-3.6742225647703024,-4.152110199072243
NB_2378,NB_2378@2012-01-13,,2012-01-13,0,Industrials,Transportation & Logistics,2012,452.157,245.799,90.0,17.143,72.857,29.045,153.496,105.766,206.358,94.569,0.0,47.73,902.66,12.1,48.259,1.957,10.602,,23.386,-3.815,19.571,8.32,198.9037,23.9067,2210550.0,18463630.0,0,0,0,0,0,0,0,0,0,0,0,0,0,0,0,0,0,1,0,0,0,0,0,0,0,0,1,nonbankruptcy_candidate,2013-01-13,True,nonbankrupt,SAIA,Saia Inc. Common Stock,SAIA US Equity,2011-10-15,2010-12-31,20,378,378,2011-12-30,14,2011-12-30,14.0,2011-12-30,14.0,2011-12-30,14.0,2011-12-30,14,2011-12-30,14,5,14,8.32,2011-12-30,7.7533,2011-11-30,8.9,2011-10-31,7.0133,2011-09-30,7.98,2011-08-31,10.0467,2011-07-29,11.3,2011-06-30,10.4733,2011-05-31,11.0667,2011-04-29,10.9267,2011-03-31,10.0533,2011-02-28,9.54,2011-01-31,11.06,2010-12-31,112,13,True,True,True,2010-12-31,2011-12-30,2012-01-13,0,8,6.116238643805071,5.297835750589687,3.8862948568554145,2.5726122302071057,3.8970920920397254,1.08417524087034,2.4511774970438727,3.194009197138073,-1.5717360452500888,3.023882316970337
NB_2704,NB_2704@2012-01-13,,2012-01-13,0,Energy,Oil & Gas Supply Chain,2012,24.9894,6.6871,0.0,0.0,0.0,7.1496,9.4455,6.5379,18.3022,2.1648,0.0,2.9076,20.066,16.3985,16.4139,11.3087,0.0,0.0154,11.6966,-0.0277,11.6689,4.52,377.9002,83.5857,1826739.0,8321767.0,0,0,0,0,0,0,0,0,0,0,0,0,0,0,0,0,0,0,0,0,0,0,0,0,0,0,1,nonbankruptcy_candidate,2013-01-13,True,nonbankrupt,TPL,Texas Pacific Land Corporation Common Stock,TPL US Equity,2011-10-15,2010-12-31,21,378,378,2011-12-30,14,2011-12-30,14.0,2011-12-30,14.0,2011-12-30,14.0,2011-12-30,14,2011-12-30,14,5,14,4.52,2011-12-30,4.48,2011-11-30,4.5,2011-10-31,4.04,2011-09-30,4.68,2011-08-31,4.99,2011-07-29,5.02,2011-06-30,5.17,2011-05-31,5.28,2011-04-29,4.96,2011-03-31,5.02,2011-02-28,4.19,2011-01-31,4.05,2010-12-31,223,13,True,True,True,2010-12-31,2011-12-30,2012-01-13,0,8,3.257688762584686,5.937272845868174,1.3629233747966505,2.8563839956079033,2.857268737883906,2.5103063294207155,0.0,2.5413342410866435,-0.027323295648890352,2.539150171305948
NB_2972,NB_2972@2012-01-13,,2012-01-13,0,Consumer Staples,Beverages,2012,21.7702,6.2033,3.2793,0.4522,2.8271,1.5189,13.7556,2.3014,,1.3274,10.712,11.4541,17.3708,0.8466,1.5665,0.4118,0.1922,,3.0083,-0.689,2.3193,3.0,14.679,4.893,56998.0,172438.5,0,0,0,0,0,0,0,0,1,0,0,0,0,0,0,0,0,1,0,0,0,0,0,0,0,0,1,nonbankruptcy_candidate,2013-01-13,True,nonbankrupt,WVVI,Willamette Valley Vineyards Inc. Common Stock,WVVI US Equity,2011-10-15,2010-12-31,19,378,378,2011-12-30,14,2011-12-30,14.0,2011-12-30,14.0,2011-12-30,14.0,2011-12-30,14,2011-12-30,14,5,14,3.0,2011-12-30,3.01,2011-11-30,3.01,2011-10-31,3.09,2011-09-30,3.11,2011-08-31,3.2,2011-07-29,3.09,2011-06-30,3.15,2011-05-31,3.1835,2011-04-29,3.1999,2011-03-31,3.4,2011-02-28,3.41,2011-01-31,3.51,2010-12-31,208,13,True,True,True,2010-12-31,2011-12-30,2012-01-13,0,8,3.125452663524118,2.7523222373783134,2.522049885966763,0.6133461103563905,0.9425431030182209,0.3448654859792348,0.17580033980368914,1.388367211280821,-0.524136637825663,1.1997539173243144
NB_594,NB_594@2012-01-13,,2012-01-13,0,Consumer Discretionary,Wholesale - Discretionary,2012,68.683,42.004,0.213,0.075,0.138,10.955,60.899,41.866,,42.486,1.164,19.033,206.73,6.803,7.12,4.421,0.0,0.311,2.917,-0.176,2.741,3.05,57.1936,18.752,285020.0,852097.0,0,0,0,0,0,0,0,0,1,0,0,0,0,0,0,0,0,0,0,0,0,0,0,0,0,0,1,nonbankruptcy_candidate,2013-01-13,True,nonbankrupt,CLMB,Climb Global Solutions Inc. Common Stock,CLMB US Equity,2011-10-15,2010-12-31,20,378,378,2011-12-30,14,2011-12-30,14.0,2011-12-30,14.0,2011-12-30,14.0,2011-12-30,14,2011-12-30,14,5,14,3.05,2011-12-30,3.045,2011-11-30,2.9715,2011-10-31,2.5,2011-09-30,2.9,2011-08-31,2.83,2011-07-29,3.39,2011-06-30,3.825,2011-05-31,3.5275,2011-04-29,3.4325,2011-03-31,3.63,2011-02-28,3.0075,2011-01-31,2.8152,2010-12-31,198,13,True,True,True,2010-12-31,2011-12-30,2012-01-13,0,8,4.243956385578417,4.063775383054989,2.9973809137995153,2.054508275134624,2.0943301541735866,1.6902803002782012,0.0,1.3653260546836943,-0.16211884947643518,1.319352955366009
SA_113,SA_113@2012-01-13,2012-04-12,2012-01-13,1,Consumer Staples,Beverages,2012,470.925,500.718,450.691,0.001,450.69,42.173,81.775,39.468,-29.793,21.432,12.549,42.307,315.455,0.639,35.529,-40.489,50.078,,19.895,-35.902,-16.007,0.24,5.6166,23.4027,8078795.0,2658870.0,0,0,0,0,0,0,0,0,0,0,0,0,0,0,0,0,0,1,0,0,0,0,0,0,0,0,2,bankruptcy,2013-01-13,True,bankrupt,RDDYQ,"Reddy Ice Holdings, Inc.",RDDYQ US Equity,2011-10-15,2010-12-31,20,378,378,2011-12-30,14,2011-12-30,14.0,2011-12-30,14.0,2011-12-30,14.0,2011-12-30,14,2011-12-30,14,5,14,0.24,2011-12-30,0.4801,2011-11-30,1.1,2011-10-31,1.25,2011-09-30,1.95,2011-08-31,2.99,2011-07-29,2.81,2011-06-30,3.08,2011-05-31,3.24,2011-04-29,3.0,2011-03-31,3.16,2011-02-28,3.48,2011-01-31,2.75,2010-12-31,60,13,True,True,True,2010-12-31,2011-12-30,2012-01-13,0,8,6.156820074654798,1.8895816428475802,3.768314284759971,0.49408629976169266,3.598106465672025,-3.725428331861014,3.933353876129975,3.0395098958998785,-3.6082657501196906,-2.8336250240102765
NB_1975,NB_1975@2012-05-19,,2012-05-19,0,Technology,Technology Hardware,2012,44.9452,17.2222,8.1909,0.1906,8.0003,1.0915,31.5232,8.1969,,10.7978,16.4972,23.3263,73.3396,1.4748,4.1629,0.6663,0.6248,,2.3514,-1.4921,0.8592,3.15,19.7124,6.2579,104991.0,339250.8,0,0,0,0,0,0,0,0,1,0,0,0,0,0,0,0,0,1,0,0,0,0,0,0,0,0,1,nonbankruptcy_candidate,2013-05-19,True,nonbankrupt,OCC,Optical Cable Corporation Common Stock,OCC US Equity,2012-02-19,2011-10-31,19,201,201,2012-04-30,19,2012-04-30,19.0,2012-04-30,19.0,2012-04-30,19.0,2012-04-30,19,2012-04-30,19,5,19,3.15,2012-04-30,3.51,2012-03-30,3.5199,2012-02-29,3.5399,2012-01-31,3.19,2011-12-30,3.52,2011-11-30,3.58,2011-10-31,3.267,2011-09-30,3.8,2011-08-31,4.03,2011-07-29,4.05,2011-06-30,4.43,2011-05-31,4.49,2011-04-29,193,13,True,True,True,2011-04-29,2012-04-30,2012-05-18,1,8,3.8274493819741715,3.0307325547386124,3.1915580696039623,0.9061595846746967,1.6414984371257821,0.5106055995624407,0.4853847312840379,1.2093781689844867,-0.9131257285309985,0.620146287675455
NB_390,NB_390@2012-05-19,,2012-05-19,0,Technology,Technology Hardware,2012,31.847,3.778,0.0,0.0,0.0,2.693,22.98,3.513,28.069,4.155,12.148,19.467,24.104,-0.653,0.759,-0.493,0.107,0.414,-0.142,-0.215,-0.357,7.35,19.9082,2.7086,179535.0,1411775.0,0,0,0,0,0,0,0,0,0,0,0,0,0,0,0,0,0,0,0,0,0,0,0,0,0,0,1,nonbankruptcy_candidate,2013-05-19,True,nonbankrupt,BKTI,BK Technologies Corporation Common Stock,BKTI US Equity,2012-02-19,2011-12-31,21,140,140,2012-04-30,19,2012-04-30,19.0,2012-04-30,19.0,2012-04-30,19.0,2012-04-30,19,2012-04-30,19,5,19,7.35,2012-04-30,8.15,2012-03-30,6.4,2012-02-29,6.55,2012-01-31,5.5,2011-12-30,5.7,2011-11-30,5.0,2011-10-31,4.9,2011-09-30,5.35,2011-08-31,5.3,2011-07-29,6.95,2011-06-30,6.75,2011-05-31,7.25,2011-04-29,227,13,True,True,True,2011-04-29,2012-04-30,2012-05-18,1,8,3.4918604165593976,3.0401414265213966,3.018813832997312,-0.5025918188388871,0.5647454657554212,-0.4007875185570533,0.10165365372649983,-0.13278111123381847,-0.1947440767925118,-0.30527638085273207
SA_29,SA_29@2012-05-19,2012-08-17,2012-05-19,1,Energy,Oil & Gas Supply Chain,2012,3388.774,3106.565,2010.005,33.848,1976.157,65.678,187.143,534.615,96.334,70.628,0.0,-347.472,674.591,140.076,438.65,-191.899,326.411,298.574,197.091,-436.91,-239.819,7.56,394.3281,52.1598,26030785.0,177958600.0,0,0,0,0,0,0,0,0,0,0,0,0,0,0,0,0,0,0,0,0,0,0,0,0,0,0,2,bankruptcy,2013-05-19,True,bankrupt,ATPAQ,ATP Oil & Gas Corporation,ATPAQ US Equity,2012-02-19,2011-12-31,21,140,140,2012-04-30,19,2012-04-30,19.0,2012-04-30,19.0,2012-04-30,19.0,2012-04-30,19,2012-04-30,19,5,19,7.56,2012-04-30,7.35,2012-03-30,8.0,2012-02-29,7.04,2012-01-31,7.36,2011-12-30,7.34,2011-11-30,10.55,2011-10-31,7.71,2011-09-30,13.47,2011-08-31,14.49,2011-07-29,15.31,2011-06-30,18.48,2011-05-31,17.78,2011-04-29,60,13,True,True,True,2011-04-29,2012-04-30,2012-05-18,1,8,8.128518531485508,5.979716053027911,-5.853557882639945,4.949298752258222,6.085978955825011,-5.262166735865068,5.791216262417837,5.288726521072257,-6.082013409810596,-5.484045613976422
SA_65,SA_65@2012-08-16,2012-11-14,2012-08-16,1,Industrials,Transportation & Logistics,2012,3993.545,2991.253,2065.892,14.99,2050.902,54.877,320.358,140.101,1002.292,168.313,19.219,180.257,1049.531,-121.633,58.088,-201.363,79.898,179.721,-61.061,-194.246,-255.307,5.72,176.4551,30.8488,14499475.0,109117900.0,0,0,0,0,0,0,0,0,0,0,0,0,0,0,0,0,0,0,0,0,0,0,0,0,0,0,2,bankruptcy,2013-08-16,True,bankrupt,OSGIQ,"Overseas Shipholding Group, Inc.",OSGIQ US Equity,2012-05-18,2011-12-31,21,229,229,2012-07-31,16,2012-07-31,16.0,2012-07-31,16.0,2012-07-31,16.0,2012-07-31,16,2012-07-31,16,5,16,5.72,2012-07-31,11.11,2012-06-29,10.92,2012-05-31,11.7,2012-04-30,12.63,2012-03-30,8.85,2012-02-29,12.71,2012-01-31,10.93,2011-12-30,10.55,2011-11-30,12.48,2011-10-31,13.74,2011-09-30,17.83,2011-08-31,24.34,2011-07-29,60,13,True,True,True,2011-07-29,2012-07-31,2012-08-16,0,8,8.29268495934869,5.178717619169785,5.19991591367868,-4.809196155308999,4.079027858110208,-5.310063114378087,4.393189101879993,-4.128117772329022,-5.2742603019542456,-5.546375944741117
NB_212,NB_212@2012-10-30,,2012-10-30,0,Industrials,Transportation & Logistics,2012,916.22,450.605,91.848,45.098,46.75,141.295,445.086,263.671,465.615,157.203,0.0,181.415,1907.609,9.759,83.501,6.159,3.953,73.742,100.678,-53.227,47.451,7.93,203.1024,25.6119,10278821.0,83431800.0,0,0,0,0,0,0,0,0,0,0,0,0,0,0,0,0,0,0,0,0,0,0,0,0,0,0,1,nonbankruptcy_candidate,2013-10-30,True,nonbankrupt,ARCB,ArcBest Corporation Common Stock,ARCB US Equity,2012-08-01,2011-12-31,21,304,304,2012-09-28,32,2012-09-28,32.0,2012-09-28,32.0,2012-09-28,32.0,2012-09-28,32,2012-09-28,32,5,32,7.93,2012-09-28,9.18,2012-08-31,13.69,2012-07-31,12.6,2012-06-29,12.65,2012-05-31,15.34,2012-04-30,18.81,2012-03-30,17.8,2012-02-29,18.12,2012-01-31,19.27,2011-12-30,19.12,2011-11-30,20.6,2011-10-31,16.15,2011-09-30,232,13,True,True,True,2011-09-30,2012-09-28,2012-10-30,0,8,6.821347356240998,5.318621828688358,5.206284311101072,2.3757426136117723,4.43676336861263,1.9683703064140479,1.5999934536061005,4.6218109571362165,-3.993178939389149,3.8805529779586583
NB_40,NB_40@2012-10-30,,2012-10-30,0,Consumer Discretionary,Wholesale - Discretionary,2012,55.2217,27.4468,17.5685,0.0,17.5685,7.8533,46.5224,8.704,27.7749,12.9042,24.495,37.8183,73.3019,4.285,5.2638,2.8112,0.4043,0.7955,2.0631,-0.9407,1.1224,11.82,36.6798,3.1032,126817.0,1412182.0,0,0,0,0,0,0,0,0,0,0,0,0,0,0,0,0,0,0,0,0,0,0,0,0,0,0,1,nonbankruptcy_candidate,2013-10-30,True,nonbankrupt,ACU,Acme United Corporation. Common Stock,ACU US Equity,2012-08-01,2011-12-31,21,304,304,2012-09-28,32,2012-09-28,32.0,2012-09-28,32.0,2012-09-28,32.0,2012-09-28,32,2012-09-28,32,5,32,11.82,2012-09-28,10.81,2012-08-31,10.84,2012-07-31,10.19,2012-06-29,10.53,2012-05-31,10.5502,2012-04-30,10.62,2012-03-30,10.004,2012-02-29,10.0,2012-01-31,9.5,2011-12-30,9.604,2011-11-30,9.38,2011-10-31,9.69,2011-09-30,232,13,True,True,True,2011-09-30,2012-09-28,2012-10-30,0,8,4.029302803370558,3.6291241418384494,3.6588917849221065,1.664872619322201,1.8347870296985729,1.337944100178844,0.33953895799199757,1.1194274750486952,-0.6630487327359124,0.7525475238413929
NB_544,NB_544@2012-10-30,,2012-10-30,0,Consumer Staples,Beverages,2012,1.6765,5.4819,1.5,0.0,1.5,0.1305,1.6095,0.9819,-3.8054,0.5379,0.8718,0.6276,8.5356,-1.6624,,-1.9097,0.2472,,,,,0.11,6.1101,55.5468,645207.0,64080.07,0,0,0,0,0,0,0,0,0,0,0,0,0,0,1,0,0,1,1,1,1,0,0,0,0,0,1,nonbankruptcy_candidate,2013-10-30,True,nonbankrupt,CELH,Celsius Holdings Inc. Common Stock,CELH US Equity,2012-08-01,2011-12-31,16,304,304,2012-09-28,32,2012-09-28,32.0,2012-09-28,32.0,2012-09-28,32.0,2012-09-28,32,2012-09-28,32,5,32,0.11,2012-09-28,0.117,2012-08-31,0.13,2012-07-31,0.133,2012-06-29,0.127,2012-05-31,0.09,2012-04-30,0.133,2012-03-30,0.083,2012-02-29,0.097,2012-01-31,0.07,2011-12-30,0.083,2011-11-30,0.09,2011-10-31,0.06,2011-09-30,70,13,True,True,True,2011-09-30,2012-09-28,2012-10-30,0,8,0.984509970851299,1.9615163084138516,0.48710653714539787,-0.9792279716447525,,-1.0680499830854697,0.22090103876142972,,,
SA_72,SA_72@2012-10-30,2013-01-28,2012-10-30,1,Consumer Discretionary,Wholesale - Discretionary,2012,463.521,395.575,290.623,0.955,289.668,0.484,195.029,105.32,67.946,62.826,100.504,89.709,731.991,-95.078,-65.428,-134.017,27.182,19.06,17.89,-11.098,6.792,2.3,44.1085,19.1776,2338940.0,6232880.0,0,0,0,0,0,0,0,0,0,0,0,0,0,0,0,0,0,0,0,0,0,0,0,0,0,0,2,bankruptcy,2013-10-30,True,bankrupt,SCHSQ,"School Specialty, Inc.",SCHSQ US Equity,2012-08-01,2012-04-28,21,185,185,2012-09-28,32,2012-09-28,32.0,2012-09-28,32.0,2012-09-28,32.0,2012-09-28,32,2012-09-28,32,5,32,2.3,2012-09-28,2.82,2012-08-31,3.36,2012-07-31,3.26,2012-06-29,3.045,2012-05-31,3.27,2012-04-30,3.54,2012-03-30,3.2,2012-02-29,3.22,2012-01-31,2.5,2011-12-30,4.18,2011-11-30,7.65,2011-10-31,7.13,2011-09-30,60,13,True,True,True,2011-09-30,2012-09-28,2012-10-30,0,8,6.141006767135078,3.8090706988168996,4.507656580423213,-4.565160361568394,-4.196118654344507,-4.9054006964363515,3.338683476272913,2.9386326815134183,-2.4930401496847225,2.053097566340234
SA_74,SA_74@2012-10-30,2013-01-28,2012-10-30,1,Technology,Technology Hardware,2012,342.33,375.028,252.19,0.0,252.19,64.121,308.367,114.025,-32.698,96.777,88.627,194.342,444.446,-53.698,-34.652,-77.619,13.591,13.826,-47.932,-7.71,-55.642,0.61,19.3626,31.7419,11553458.0,6955845.0,0,0,0,0,0,0,0,0,0,0,0,0,0,0,0,0,0,0,0,0,0,0,0,0,0,0,2,bankruptcy,2013-10-30,True,bankrupt,PWAVQ,"Powerwave Technologies, Inc.",PWAVQ US Equity,2012-08-01,2012-01-01,21,303,303,2012-09-28,32,2012-09-28,32.0,2012-09-28,32.0,2012-09-28,32.0,2012-09-28,32,2012-09-28,32,5,32,0.61,2012-09-28,0.38,2012-08-31,0.471,2012-07-31,0.725,2012-06-29,0.8772,2012-05-31,1.13,2012-04-30,2.05,2012-03-30,1.42,2012-02-29,1.71,2012-01-31,2.08,2011-12-30,2.32,2011-11-30,3.61,2011-10-31,8.6,2011-09-30,60,13,True,True,True,2011-09-30,2012-09-28,2012-10-30,0,8,5.838692083770577,3.013699884904441,5.274751868525328,-4.001827145688192,-3.573805246268471,-4.364613400503003,2.6804049002818853,-3.89043157918467,-2.1644717908644115,-4.036750759496519
NB_160,NB_160@2013-01-08,,2013-01-08,0,Health Care,Health Care Facilities & Svcs,2013,74.535,49.364,43.601,7.616,35.985,2.58,17.615,9.944,25.171,4.604,0.0,7.671,22.221,3.956,10.228,0.506,4.734,,6.823,-5.613,1.21,2.73,12.5741,4.6059,111750.0,278227.0,0,0,0,0,0,0,0,0,0,0,0,0,0,0,0,0,0,1,0,0,0,0,0,0,0,0,1,nonbankruptcy_candidate,2014-01-08,True,nonbankrupt,AMS,American Shared Hospital Services Common Stock,AMS US Equity,2012-10-10,2011-12-31,20,374,374,2012-12-31,8,2012-12-31,8.0,2012-12-31,8.0,2012-12-31,8.0,2012-12-31,8,2012-12-31,8,5,8,2.73,2012-12-31,2.8,2012-11-30,2.9901,2012-10-31,2.99,2012-09-28,2.97,2012-08-31,3.05,2012-07-31,3.1901,2012-06-29,3.11,2012-05-31,3.2,2012-04-30,3.45,2012-03-30,2.89,2012-02-29,2.751,2012-01-31,2.6608,2011-12-30,235,13,True,True,True,2011-12-30,2012-12-31,2013-01-08,0,8,4.324596124995688,2.6081635652796256,2.1599841243950233,1.6005989637668958,2.418410658499636,0.40945712937770185,1.7464133674611781,2.0570681127029435,-1.8890374086925255,0.7929925155296614
NB_2020,NB_2020@2013-01-08,,2013-01-08,0,Communications,Internet Media & Services,2013,2.8925,1.3033,0.0,0.0,0.0,0.9592,1.5501,1.3033,1.5892,0.4719,0.0,0.2468,1.1115,-1.454,-1.3087,-2.1208,0.9586,0.0022,-0.5215,-0.2349,-0.7564,3.18,15.0865,4.74416,115641.0,366930.6,0,0,0,0,0,0,0,0,0,0,0,0,0,0,0,0,0,0,0,0,0,0,0,0,0,0,1,nonbankruptcy_candidate,2014-01-08,True,nonbankrupt,OPRX,OptimizeRx Corporation Common Stock,OPRX US Equity,2012-10-10,2011-12-31,21,374,374,2012-12-31,8,2012-12-31,8.0,2012-12-31,8.0,2012-12-31,8.0,2012-12-31,8,2012-12-31,8,5,8,3.18,2012-12-31,3.09,2012-11-30,3.48,2012-10-31,4.44,2012-09-28,5.55,2012-08-31,3.3,2012-07-31,3.12,2012-06-29,3.3,2012-05-31,3.09,2012-04-30,2.76,2012-03-30,3.69,2012-02-29,2.4,2012-01-31,2.67,2011-12-30,103,13,True,True,True,2011-12-30,2012-12-31,2013-01-08,0,8,1.3590516247260163,2.7779804109280684,0.22058026891104496,-0.8977193462887197,-0.8366845955561415,-1.1380893792103097,0.672229932304557,-0.4196966903548887,-0.21098999514163966,-0.5632662597054253
NB_248,NB_248@2013-01-08,,2013-01-08,0,Health Care,Health Care Facilities & Svcs,2013,1.364,1.7853,0.7464,0.5964,0.15,0.1644,1.2492,1.5153,-0.4212,0.9941,0.0,-0.266,5.1108,-0.4133,-0.4007,-0.7203,0.304,0.0126,-0.3855,-0.0072,-0.3927,5.0,17.4217,3.48434,9878.0,67108.9,0,0,0,0,0,0,0,0,0,0,0,0,0,0,0,0,0,0,0,0,0,0,0,0,0,0,1,nonbankruptcy_candidate,2014-01-08,True,nonbankrupt,ASTH,Astrana Health Inc. Common Stock,ASTH US Equity,2012-10-10,2012-01-31,21,343,343,2012-12-31,8,2012-12-31,8.0,2012-12-31,8.0,2012-12-31,8.0,2012-12-31,8,2012-12-31,8,5,8,5.0,2012-12-31,5.5,2012-11-30,6.3,2012-10-31,4.5,2012-09-28,4.7,2012-08-31,4.0,2012-07-31,1.2,2012-06-29,1.1881,2012-05-31,1.3881,2012-04-30,1.4881,2012-03-30,1.1881,2012-02-29,1.48,2012-01-31,1.4581,2011-12-30,51,13,True,True,True,2011-12-30,2012-12-31,2013-01-08,0,8,0.8603550995438518,2.913529317556666,-0.23586232372198446,-0.34592739539196804,-0.33697211166286395,-0.5424986942208566,0.2654364635044612,-0.32606108532089606,-0.007174203748000358,-0.3312443090769092
NB_704,NB_704@2013-01-08,,2013-01-08,0,Technology,IT Services,2013,51.066,28.025,0.0,0.0,0.0,20.493,44.706,18.168,23.041,12.145,6.276,26.538,84.807,2.854,3.314,6.609,0.0,0.378,6.306,-0.551,5.755,3.19,21.6875,6.7986,1555828.0,4638775.0,0,0,0,0,0,0,0,0,0,0,0,0,0,0,0,0,0,0,0,0,0,0,0,0,0,0,1,nonbankruptcy_candidate,2014-01-08,True,nonbankrupt,CSPI,CSP Inc. Common Stock,CSPI US Equity,2012-10-10,2012-09-30,21,100,100,2012-12-31,8,2012-12-31,8.0,2012-12-31,8.0,2012-12-31,8.0,2012-12-31,8,2012-12-31,8,5,8,3.19,2012-12-31,2.7,2012-11-30,2.515,2012-10-31,2.24,2012-09-28,2.34,2012-08-31,2.05,2012-07-31,2.0,2012-06-29,2.17,2012-05-31,2.05,2012-04-30,2.01,2012-03-30,1.925,2012-02-29,1.925,2012-01-31,1.61,2011-12-30,235,13,True,True,True,2011-12-30,2012-12-31,2013-01-08,0,8,3.9525121445581917,3.1218141120250698,3.3155668690221805,1.3491115699921747,1.4618655479669647,2.029331757194386,0.0,1.9886959283730907,-0.4388998841944018,1.910282971412162
SA_18,SA_18@2013-01-08,2013-04-08,2013-01-08,1,Health Care,Health Care Facilities & Svcs,2013,277.044,571.216,512.579,1.514,511.065,30.473,125.751,59.117,,76.027,12.188,66.634,483.791,45.741,109.745,-14.759,60.265,,35.37,-48.922,-13.552,0.635,16.5189,26.014,4793393.0,1772081.0,0,0,0,0,0,0,0,0,1,0,0,0,0,0,0,0,0,1,0,0,0,0,0,0,0,0,2,bankruptcy,2014-01-08,True,bankrupt,ROHIQ,Rotech Healthcare Inc.,ROHIQ US Equity,2012-10-10,2011-12-31,19,374,374,2012-12-31,8,2012-12-31,8.0,2012-12-31,8.0,2012-12-31,8.0,2012-12-31,8,2012-12-31,8,5,8,0.635,2012-12-31,0.3479,2012-11-30,0.54,2012-10-31,0.515,2012-09-28,0.504,2012-08-31,0.77,2012-07-31,0.8,2012-06-29,0.61,2012-05-31,1.3,2012-04-30,1.39,2012-03-30,1.55,2012-02-29,1.86,2012-01-31,1.25,2011-12-30,60,13,True,True,True,2011-12-30,2012-12-31,2013-01-08,0,8,5.627779374548022,2.8632802981490326,4.214110815187528,3.844621723832635,4.707230261179238,-2.7574116306399343,4.11520871740141,3.5937442589988975,-3.9104617873611915,-2.6777284412158213
NB_1728,NB_1728@2013-06-19,,2013-06-19,0,Technology,IT Services,2013,16.42,9.533,2.61,2.61,0.0,0.659,15.391,9.533,6.887,10.864,0.0,5.858,90.77,3.371,3.529,2.139,0.068,0.158,0.997,-0.136,0.861,2.82,23.5703,8.35825,455953.0,1323476.0,0,0,0,0,0,0,0,0,0,0,0,0,0,0,0,0,0,0,0,0,0,0,0,0,0,0,1,nonbankruptcy_candidate,2014-06-19,True,nonbankrupt,MHH,Mastech Digital Inc Common Stock,MHH US Equity,2013-03-21,2012-12-31,21,170,170,2013-05-31,19,2013-05-31,19.0,2013-05-31,19.0,2013-05-31,19.0,2013-05-31,19,2013-05-31,19,5,19,2.82,2013-05-31,2.9213,2013-04-30,3.5641,2013-03-29,3.0,2013-02-28,3.04,2013-01-31,2.02,2012-12-31,2.8,2012-11-30,2.08,2012-10-31,2.068,2012-09-28,2.12,2012-08-31,2.2677,2012-07-31,2.32,2012-06-29,2.34,2012-05-31,57,13,True,True,True,2012-05-31,2013-05-31,2013-06-19,0,8,2.857618971424357,3.201538396470756,1.9254158540407285,1.4749918158811777,1.510501164574077,1.1439042778598165,0.0657877405380031,0.6916460544336782,-0.1275133202989596,0.6211139776601137
SA_205,SA_205@2013-06-19,2013-09-17,2013-06-19,1,Communications,Internet Media & Services,2013,452.153,628.567,500.92,500.92,0.0,16.839,45.269,602.928,-176.414,12.323,0.763,-557.659,314.379,55.131,74.938,-49.441,91.403,,12.546,-2.468,10.078,0.3394,11.1392,32.8228,2794483.0,1078482.0,0,0,0,0,0,0,0,0,0,0,0,0,0,0,0,0,0,1,0,0,0,0,0,0,0,0,2,bankruptcy,2014-06-19,True,bankrupt,FFNTQ,FriendFinder Networks Inc.,FFNTQ US Equity,2013-03-21,2012-12-31,20,170,170,2013-05-31,19,2013-05-31,19.0,2013-05-31,19.0,2013-05-31,19.0,2013-05-31,19,2013-05-31,19,5,19,0.3394,2013-05-31,0.45,2013-04-30,0.54,2013-03-29,0.6201,2013-02-28,0.742,2013-01-31,0.62,2012-12-31,0.65,2012-11-30,0.775,2012-10-31,0.86,2012-09-28,0.7413,2012-08-31,0.855,2012-07-31,0.98,2012-06-29,1.12,2012-05-31,25,13,True,True,True,2012-05-31,2013-05-31,2013-06-19,0,8,6.116229816803273,2.4964398856016734,-6.325539269129397,4.027688244580194,4.329917217875331,-3.920804336435485,4.526159445653047,2.606091300792712,-1.2435780589182954,2.404961159610912
NB_1596,NB_1596@2013-12-23,,2013-12-23,0,Communications,Internet Media & Services,2013,4.2567,1.4275,0.0,0.0,0.0,1.3058,1.7982,1.4275,2.8293,0.4398,0.0,0.3708,3.0705,-0.9473,-0.6873,-1.5752,,0.1329,0.029,-0.0483,-0.0193,6.8,11.9533,1.75784,369786.0,2426839.0,0,0,0,0,0,0,0,0,0,0,0,0,0,0,0,0,1,0,0,0,0,0,0,0,0,0,1,nonbankruptcy_candidate,2014-12-23,True,nonbankrupt,LIVE,Live Ventures Incorporated Common Stock,LIVE US Equity,2013-09-24,2012-09-30,20,449,449,2013-11-29,24,2013-11-29,24.0,2013-11-29,24.0,2013-11-29,24.0,2013-11-29,24,2013-11-29,24,5,24,6.8,2013-11-29,5.96,2013-10-31,6.87,2013-09-30,6.656,2013-08-30,5.08,2013-07-31,5.44,2013-06-28,5.22,2013-05-31,6.0,2013-04-30,7.34,2013-03-29,6.24,2013-02-28,6.62,2013-01-31,7.6,2012-12-31,6.94,2012-11-30,193,13,True,True,True,2012-11-30,2013-11-29,2013-12-23,0,8,1.6595034534408224,2.5613505819376776,0.3153945110183167,-0.6664437977253955,-0.5231296182221548,-0.9459272010024613,,0.028587456851912555,-0.04716980447638992,-0.019116117192230053
SA_41,SA_41@2013-12-23,2014-03-23,2013-12-23,1,Technology,IT Services,2013,449.54,236.279,166.043,15.162,150.881,3.509,82.571,78.158,205.978,60.3,0.0,4.413,254.311,-133.896,-107.834,-101.756,,7.611,36.711,-7.523,29.188,0.7,21.6023,30.86037,13596381.0,15382650.0,0,0,0,0,0,0,0,0,0,0,0,0,0,0,0,0,1,0,0,0,0,0,0,0,0,0,2,bankruptcy,2014-12-23,True,bankrupt,DOLNQ,Dolan Company,DOLNQ US Equity,2013-09-24,2012-12-31,20,357,357,2013-11-29,24,2013-11-29,24.0,2013-11-29,24.0,2013-11-29,24.0,2013-11-29,24,2013-11-29,24,5,24,0.7,2013-11-29,2.57,2013-10-31,2.26,2013-09-30,2.25,2013-08-30,2.54,2013-07-31,1.63,2013-06-28,1.49,2013-05-31,1.73,2013-04-30,2.39,2013-03-29,2.91,2013-02-28,3.51,2013-01-31,3.89,2012-12-31,3.43,2012-11-30,60,13,True,True,True,2012-11-30,2013-11-29,2013-12-23,0,8,6.110446863339847,3.1180516710115387,1.688803467814841,-4.904504111180319,-4.689823785603887,-4.632357245832055,,3.6299518290836086,-2.1427683915401605,3.407444494422622
NB_2105,NB_2105@2014-01-11,,2014-01-11,0,Industrials,Commercial Support Services,2014,139.691,54.152,14.196,2.794,11.402,4.368,30.21,27.558,84.254,11.395,0.473,2.652,127.509,-4.424,1.046,-3.359,0.925,4.795,-3.409,-0.412,-3.821,3.11,35.4507,11.39893,848823.0,2755611.0,0,0,0,0,0,0,0,0,0,0,0,0,0,0,0,0,0,0,0,0,0,0,0,0,0,0,1,nonbankruptcy_candidate,2015-01-11,True,nonbankrupt,PESI,Perma-Fix Environmental Services Inc. Common Stock,PESI US Equity,2013-10-13,2012-12-31,21,376,376,2013-12-31,11,2013-12-31,11.0,2013-12-31,11.0,2013-12-31,11.0,2013-12-31,11,2013-12-31,11,5,11,3.11,2013-12-31,3.4,2013-11-29,3.52,2013-10-31,3.6694,2013-09-30,2.4,2013-08-30,2.5,2013-07-31,1.8,2013-06-28,3.3744,2013-05-31,3.75,2013-04-30,4.1006,2013-03-29,4.55,2013-02-28,3.8994,2013-01-31,3.4056,2012-12-31,247,13,True,True,True,2012-12-31,2013-12-31,2014-01-10,1,8,4.946565996189578,3.5959606626598397,1.295274962732722,-1.6908335506380945,0.7158866675294348,-1.4722426732562555,0.6549259677397475,-1.4836479063758006,-0.34500713907105035,-1.5729813754234852
NB_2944,NB_2944@2014-01-11,,2014-01-11,0,Industrials,Commercial Support Services,2014,41.977,24.626,5.092,4.968,0.124,10.006,37.227,24.128,17.351,15.484,0.0,13.099,93.443,-19.255,-18.518,-17.3,0.106,,5.271,-0.359,4.912,5.31,39.1595,7.37466,1642321.0,7485110.0,0,0,0,0,0,0,0,0,0,0,0,0,0,0,0,0,0,1,0,0,0,0,0,0,0,0,1,nonbankruptcy_candidate,2015-01-11,True,nonbankrupt,WLDN,Willdan Group Inc. Common Stock,WLDN US Equity,2013-10-13,2012-12-28,20,379,379,2013-12-31,11,2013-12-31,11.0,2013-12-31,11.0,2013-12-31,11.0,2013-12-31,11,2013-12-31,11,5,11,5.31,2013-12-31,3.78,2013-11-29,3.859,2013-10-31,3.71,2013-09-30,3.75,2013-08-30,2.81,2013-07-31,3.01,2013-06-28,2.96,2013-05-31,2.25,2013-04-30,2.21,2013-03-29,2.19,2013-02-28,2.16,2013-01-31,2.22,2012-12-31,86,13,True,True,True,2012-12-31,2013-12-31,2014-01-10,1,8,3.760665088871304,3.6928590251067663,2.646103872883224,-3.0084016766546537,-2.9713371167192695,-2.9069010598473755,0.10074990310014306,1.8359358315608838,-0.30674913516900665,1.7769841836459006
SA_137,SA_137@2014-01-11,2014-04-11,2014-01-11,1,Consumer Discretionary,Retail - Discretionary,2014,345.908,308.772,0.577,0.577,0.0,21.734,170.415,146.383,37.136,5.15,125.207,24.032,742.472,-68.685,-17.248,-81.842,9.602,,-42.144,-16.496,-58.64,0.7455,22.8343,30.62955,5730153.0,4406294.0,0,0,0,0,0,0,0,0,0,0,0,0,0,0,0,0,0,1,0,0,0,0,0,0,0,0,2,bankruptcy,2015-01-11,True,bankrupt,CWTRQ,Coldwater Creek Inc.,CWTRQ US Equity,2013-10-13,2013-02-02,20,343,343,2013-12-31,11,2013-12-31,11.0,2013-12-31,11.0,2013-12-31,11.0,2013-12-31,11,2013-12-31,11,5,11,0.7455,2013-12-31,0.895,2013-11-29,1.0,2013-10-31,1.72,2013-09-30,2.4199,2013-08-30,2.64,2013-07-31,2.5,2013-06-28,3.69,2013-05-31,3.57,2013-04-30,3.16,2013-03-29,3.59,2013-02-28,3.79,2013-01-31,4.81,2012-12-31,60,13,True,True,True,2012-12-31,2013-12-31,2014-01-10,1,8,5.849059615110774,3.1711257196498996,3.220155006366581,-4.243985086571473,-2.904055484982087,-4.416935179162071,2.3610426625656142,-3.764543358034926,-2.8619722833744667,-4.088326489896538
NB_1455,NB_1455@2014-11-07,,2014-11-07,0,Consumer Discretionary,Retail - Discretionary,2014,23.6579,3.0598,0.0,0.0,0.0,8.3084,21.0472,3.0094,20.598,3.3598,8.521,18.0378,49.2861,4.6737,4.9302,3.132,,,1.0782,-0.4819,0.5962,4.75,25.694,5.40926,84136.0,408024.4,0,0,0,0,0,0,0,0,0,0,0,0,0,0,0,0,1,1,0,0,0,0,0,0,0,0,1,nonbankruptcy_candidate,2015-11-07,True,nonbankrupt,JCTC,Jewett-Cameron Trading Company Common Shares,JCTC US Equity,2014-08-09,2013-08-31,19,433,433,2014-10-31,7,2014-10-31,7.0,2014-10-31,7.0,2014-10-31,7.0,2014-10-31,7,2014-10-31,7,5,7,4.75,2014-10-31,5.01,2014-09-30,4.9499,2014-08-29,4.895,2014-07-31,5.0033,2014-06-30,4.9222,2014-05-30,5.275,2014-04-30,4.92,2014-03-31,4.925,2014-02-28,4.89,2014-01-31,5.225,2013-12-31,5.0918,2013-11-29,5.4,2013-10-31,224,13,True,True,True,2013-10-31,2014-10-31,2014-11-07,0,8,3.2050973359591857,3.2844388210519595,2.9464264764687536,1.7358414622359384,1.7800579392537141,1.4187615512573921,,0.7315021344364093,-0.3933250482139957,0.4676258044597714
NB_2477,NB_2477@2014-11-07,,2014-11-07,0,Energy,Oil & Gas Supply Chain,2014,45.836,15.565,0.5,0.0,0.5,4.148,26.595,11.313,26.035,10.462,8.496,15.282,59.239,3.162,3.66,4.551,,,-0.223,-1.805,-2.028,52.16,53.3203,1.02224,26701.0,1528101.0,0,0,0,0,0,0,0,0,0,0,0,0,0,0,0,0,1,1,0,0,0,0,0,0,0,0,1,nonbankruptcy_candidate,2015-11-07,True,nonbankrupt,SLNG,Stabilis Solutions Inc. Common Stock,SLNG US Equity,2014-08-09,2013-12-31,19,311,311,2014-10-31,7,2014-10-31,7.0,2014-10-31,7.0,2014-10-31,7.0,2014-10-31,7,2014-10-31,7,5,7,52.16,2014-10-31,59.28,2014-09-30,55.68,2014-08-29,53.12,2014-07-31,54.4,2014-06-30,50.48,2014-05-30,51.2,2014-04-30,54.32,2014-03-31,75.52,2014-02-28,75.44,2014-01-31,79.84,2013-12-31,75.68,2013-11-29,65.6,2013-10-31,207,13,True,True,True,2013-10-31,2014-10-31,2014-11-07,0,8,3.846652137986478,3.994898006062878,2.790060203151786,1.4259957279714426,1.5390154481375546,1.7139780917080243,,-0.20130685670503531,-1.0314035389746596,-1.1079023355752025
NB_2671,NB_2671@2014-11-07,,2014-11-07,0,Consumer Discretionary,Retail - Discretionary,2014,56.3986,11.777,2.5988,0.2025,2.3963,11.0827,40.5437,8.1682,44.6215,0.7624,26.3008,32.3755,78.2846,11.2668,12.4614,7.2657,0.2068,1.1523,7.5399,-3.77,3.7699,9.19,94.0443,10.23333,86179.0,821042.0,0,0,0,0,0,0,0,0,0,0,0,0,0,0,0,0,0,0,0,0,0,0,0,0,0,0,1,nonbankruptcy_candidate,2015-11-07,True,nonbankrupt,TLF,Tandy Leather Factory Inc. Common Stock,TLF US Equity,2014-08-09,2013-12-31,21,311,311,2014-10-31,7,2014-10-31,7.0,2014-10-31,7.0,2014-10-31,7.0,2014-10-31,7,2014-10-31,7,5,7,9.19,2014-10-31,9.45,2014-09-30,9.24,2014-08-29,9.34,2014-07-31,9.1,2014-06-30,9.3,2014-05-30,9.79,2014-04-30,9.66,2014-03-31,9.66,2014-02-28,8.51,2014-01-31,9.76,2013-12-31,8.5,2013-11-29,8.3,2013-10-31,254,13,True,True,True,2013-10-31,2014-10-31,2014-11-07,0,8,4.050019912784172,4.554343098698595,3.5078220978816037,2.50689642601292,2.599826330694793,2.112114422181469,0.187972228302769,2.144749298130047,-1.5623463049002497,1.5623253403199076
SA_76,SA_76@2014-11-07,2015-02-05,2014-11-07,1,Consumer Discretionary,Retail - Discretionary,2014,1591.2,1384.8,614.1,1.1,613.0,179.8,1333.0,584.6,206.4,179.8,802.3,748.4,3434.3,-344.0,-272.4,-400.2,52.3,,35.8,-42.3,-6.5,0.92,92.6328,100.68786,74140074.0,69636150.0,0,0,0,0,0,0,0,0,0,0,0,0,0,0,0,0,0,1,0,0,0,0,0,0,0,0,2,bankruptcy,2015-11-07,True,bankrupt,RSHCQ,RadioShack Corporation,RSHCQ US Equity,2014-08-09,2013-12-31,20,311,311,2014-10-31,7,2014-10-31,7.0,2014-10-31,7.0,2014-10-31,7.0,2014-10-31,7,2014-10-31,7,5,7,0.92,2014-10-31,0.99,2014-09-30,1.6,2014-08-29,0.62,2014-07-31,0.9909,2014-06-30,1.5,2014-05-30,1.43,2014-04-30,2.12,2014-03-31,2.68,2014-02-28,2.4,2014-01-31,2.6,2013-12-31,2.91,2013-11-29,2.81,2013-10-31,60,13,True,True,True,2013-10-31,2014-10-31,2014-11-07,0,8,7.372871986654478,4.53938074944865,6.619272886359587,-5.84354441703136,-5.610935924289849,-5.994460056087781,3.975936331171799,3.6054978451748854,-3.768152635008444,-2.0149030205422647
NB_2240,NB_2240@2014-12-03,,2014-12-03,0,Consumer Discretionary,Retail - Discretionary,2014,3.5698,3.9696,0.4019,0.2487,0.1531,0.7629,2.5372,3.8165,-0.3998,1.575,0.0,-1.2793,17.4001,0.2586,0.5606,0.3225,,0.302,0.741,-0.0304,0.7106,40.8004,20.17,0.49436,884.0,34284.5,0,0,0,0,0,0,0,0,0,0,0,0,0,0,0,0,1,0,0,0,0,0,0,0,0,0,1,nonbankruptcy_candidate,2015-12-03,True,nonbankrupt,QXO,QXO Inc. Common Stock,QXO US Equity,2014-09-04,2013-12-31,20,337,337,2014-11-28,5,2014-11-28,5.0,2014-11-28,5.0,2014-11-28,5.0,2014-11-28,5,2014-11-28,5,5,5,40.8004,2014-11-28,24.0002,2014-10-31,31.5153,2014-09-30,28.8303,2014-08-29,35.7604,2014-07-31,38.1604,2014-06-30,35.0404,2014-05-30,32.4303,2014-04-30,31.4403,2014-03-31,19.2002,2014-02-28,19.2302,2014-01-31,16.8002,2013-12-31,24.0002,2013-11-29,129,13,True,True,True,2013-11-29,2014-11-28,2014-12-03,0,8,1.5194694402723068,3.0525850851467737,-0.823868378282955,0.22999999211069616,0.4450703627005238,0.2795238847503174,,0.5544596607860519,-0.029947076367952116,0.5368441861645443
NB_2434,NB_2434@2014-12-03,,2014-12-03,0,Energy,Oil & Gas Services & Equip,2014,5.714,1.2308,0.0,0.0,0.0,0.9025,4.9578,1.2308,4.4832,0.4819,0.0,3.727,11.6444,0.3001,0.4558,1.5864,,,-1.2425,-0.2033,-1.4457,1224.9927,10.8515,0.00886,6360.0,8833721.0,0,0,0,0,0,0,0,0,0,0,0,0,0,0,0,0,1,1,0,0,0,0,0,0,0,0,1,nonbankruptcy_candidate,2015-12-03,True,nonbankrupt,SGLY,Singularity Future Technology Ltd. Common Stock,SGLY US Equity,2014-09-04,2014-06-30,19,156,156,2014-11-28,5,2014-11-28,5.0,2014-11-28,5.0,2014-11-28,5.0,2014-11-28,5,2014-11-28,5,5,5,1224.9927,2014-11-28,1238.9926,2014-10-31,1511.9909,2014-09-30,1175.9929,2014-08-29,1140.9932,2014-07-31,1406.9916,2014-06-30,1609.9903,2014-05-30,1798.9892,2014-04-30,1813.0766,2014-03-31,1924.9885,2014-02-28,1679.9899,2014-01-31,1749.9895,2013-12-31,1526.0783,2013-11-29,79,13,True,True,True,2013-11-29,2014-11-28,2014-12-03,0,8,1.9041948985578432,2.4724544418487606,1.5532907518110994,0.2624411845859859,0.37555557770202047,0.9502669474290862,,-0.8075913149508142,-0.18506778246197983,-0.8943313805197279
NB_468,NB_468@2014-12-03,,2014-12-03,0,Consumer Discretionary,Retail - Discretionary,2014,528.489,534.387,415.756,28.518,387.238,5.034,401.725,106.826,-5.898,150.297,223.58,294.899,2151.972,-21.301,-12.184,-40.618,28.024,9.1,-39.881,-4.912,-44.793,11.7,103.8346,8.87476,158580.0,1883623.0,0,0,0,0,0,0,0,0,0,0,0,0,0,0,0,0,0,0,0,0,0,0,0,0,0,0,1,nonbankruptcy_candidate,2015-12-03,True,nonbankrupt,BXC,Bluelinx Holdings Inc. Common Stock,BXC US Equity,2014-09-04,2014-01-04,21,333,333,2014-11-28,5,2014-11-28,5.0,2014-11-28,5.0,2014-11-28,5.0,2014-11-28,5,2014-11-28,5,5,5,11.7,2014-11-28,12.0,2014-10-31,13.1,2014-09-30,13.0,2014-08-29,11.5,2014-07-31,14.0,2014-06-30,13.0,2014-05-30,13.1,2014-04-30,13.0,2014-03-31,14.6,2014-02-28,15.9,2014-01-31,19.5,2013-12-31,17.8,2013-11-29,120,13,True,True,True,2013-11-29,2014-11-28,2014-12-03,0,8,6.2719123905102805,4.652383870070297,5.6900181798803455,-3.104631520509981,-2.579003973167116,-3.728532765990588,3.368123073932726,-3.710665407435793,-1.7769841836459006,-3.8241312410112087
NB_868,NB_868@2014-12-03,,2014-12-03,0,Energy,Oil & Gas Services & Equip,2014,98.3015,29.1707,17.243,9.8581,7.3848,16.1304,34.9033,17.1952,69.1308,10.7424,0.0,17.7082,134.5345,-7.3781,17.2661,-6.316,1.0915,24.6442,22.9693,-1.8487,21.1207,7.6429,58.8477,7.6997,566518.0,4959233.0,0,0,0,0,0,0,0,0,0,0,0,0,0,0,0,0,0,0,0,0,0,0,0,0,0,0,1,nonbankruptcy_candidate,2015-12-03,True,nonbankrupt,DWSN,Dawson Geophysical Company Common Stock,DWSN US Equity,2014-09-04,2013-12-31,21,337,337,2014-11-28,5,2014-11-28,5.0,2014-11-28,5.0,2014-11-28,5.0,2014-11-28,5,2014-11-28,5,5,5,7.6429,2014-11-28,8.9714,2014-10-31,11.0,2014-09-30,11.4286,2014-08-29,11.2286,2014-07-31,15.5714,2014-06-30,12.9429,2014-05-30,14.4572,2014-04-30,17.0,2014-03-31,18.2857,2014-02-28,18.6,2014-01-31,20.8572,2013-12-31,20.5714,2013-11-29,245,13,True,True,True,2013-11-29,2014-11-28,2014-12-03,0,8,4.598160676677217,4.091803001858703,2.928961930420137,-2.1256211584765263,2.905046882906861,-1.9900637305286193,0.737881511900116,3.176773844849242,-1.046862749866026,3.0965138217230437
SA_191,SA_191@2014-12-03,2015-03-03,2014-12-03,1,Energy,Oil & Gas Services & Equip,2014,650.682,408.665,193.453,13.989,179.464,12.19,230.043,161.994,242.017,55.409,0.0,68.049,516.958,-49.959,5.82,-36.634,,47.5,-29.908,-24.999,-54.907,0.097,9.562,98.5775,42326416.0,3551109.0,0,0,0,0,0,0,0,0,0,0,0,0,0,0,0,0,1,0,0,0,0,0,0,0,0,0,2,bankruptcy,2015-12-03,True,bankrupt,CDVIQ,"Cal Dive International, Inc.",CDVIQ US Equity,2014-09-04,2013-12-31,20,337,337,2014-11-28,5,2014-11-28,5.0,2014-11-28,5.0,2014-11-28,5.0,2014-11-28,5,2014-11-28,5,5,5,0.097,2014-11-28,0.1,2014-10-31,0.97,2014-09-30,0.7925,2014-08-29,1.09,2014-07-31,1.32,2014-06-30,1.29,2014-05-30,1.48,2014-04-30,1.7,2014-03-31,1.77,2014-02-28,1.64,2014-01-31,2.01,2013-12-31,1.85,2013-11-29,60,13,True,True,True,2013-11-29,2014-11-28,2014-12-03,0,8,6.479556712886309,2.3572626542847415,4.234816397491199,-3.9310213878374607,1.9198594718553708,-3.6279078971224528,,-3.4310150500713377,-3.2580580757433566,-4.023689595934827
SA_149,SA_149@2014-12-12,2015-03-12,2014-12-12,1,Industrials,Commercial Support Services,2014,480.877,592.174,269.469,5.589,263.88,2.342,236.356,125.357,-111.297,157.567,61.939,110.999,719.783,-2.966,24.098,-7.413,9.861,,6.479,-12.209,-5.73,4.13,37.8805,8.22705,261064.0,1191390.0,0,0,0,0,0,0,0,0,0,0,0,0,0,0,0,0,0,1,0,0,0,0,0,0,0,0,2,bankruptcy,2015-12-12,True,bankrupt,SRCTQ,Standard Register Company,SRCTQ US Equity,2014-09-13,2013-12-29,20,348,348,2014-11-28,14,2014-11-28,14.0,2014-11-28,14.0,2014-11-28,14.0,2014-11-28,14,2014-11-28,14,5,14,4.13,2014-11-28,5.14,2014-10-31,5.13,2014-09-30,5.9,2014-08-29,5.45,2014-07-31,5.64,2014-06-30,5.03,2014-05-30,7.26,2014-04-30,8.07,2014-03-31,10.96,2014-02-28,7.01,2014-01-31,6.88,2013-12-31,6.29,2013-11-29,60,13,True,True,True,2013-11-29,2014-11-28,2014-12-12,0,8,6.1776888947629365,3.6604928395918526,4.718489942683806,-1.3777580300976042,3.222788161688116,-2.1297781285686765,2.385178391297899,2.0120990932095304,-2.5808984154417263,-1.9065751436566365
NB_1487,NB_1487@2014-12-17,,2014-12-17,0,Energy,Oil & Gas Supply Chain,2014,184.803,33.164,0.1,0.0,0.1,17.159,50.726,31.872,151.639,7.268,0.0,18.854,10.363,-13.72,-8.934,-19.71,7.527,,-6.656,-81.772,-88.428,3.069431,54.1755,17.65003,36337.0,133253.0,0,0,0,0,0,0,0,0,0,0,0,0,0,0,0,0,0,1,0,0,0,0,0,0,0,0,1,nonbankruptcy_candidate,2015-12-17,True,nonbankrupt,KGEI,Kolibri Global Energy Inc. Common stock,KGEI US Equity,2014-09-18,2013-12-31,20,351,351,2014-11-28,19,2014-11-28,19.0,2014-11-28,19.0,2014-11-28,19.0,2014-11-28,19,2014-11-28,19,5,19,3.069431,2014-11-28,4.44284,2014-10-31,7.401661,2014-09-30,9.954911,2014-08-29,10.867444,2014-07-31,13.641915,2014-06-30,16.12949,2014-05-30,17.163004,2014-04-30,17.236744,2014-03-31,18.527195,2014-02-28,12.351463,2014-01-31,14.748016,2013-12-31,15.374807,2013-11-29,76,13,True,True,True,2013-11-29,2014-11-28,2014-12-17,0,8,5.224686972643359,4.010519014176955,2.98840549816753,-2.6892071133007303,-2.2959632166851587,-3.030616675407493,2.1432375997599125,-2.0354896541506533,-4.416089839949582,-4.493433832248012
SA_6,SA_6@2014-12-17,2015-03-17,2014-12-17,1,Energy,Oil & Gas Supply Chain,2014,1369.726,2375.696,1988.946,0.0,1988.946,89.103,393.96,134.797,-1005.97,58.645,0.0,259.163,552.862,455.944,518.556,161.618,251.847,17.146,-51.7,-101.288,-152.988,0.301,54.175,179.98352,63942249.0,36446610.0,0,0,0,0,0,0,0,0,0,0,0,0,0,0,0,0,0,0,0,0,0,0,0,0,0,0,2,bankruptcy,2015-12-17,True,bankrupt,KWKAQ,Quicksilver Resources Inc.,KWKAQ US Equity,2014-09-18,2013-12-31,21,351,351,2014-11-28,19,2014-11-28,19.0,2014-11-28,19.0,2014-11-28,19.0,2014-11-28,19,2014-11-28,19,5,19,0.301,2014-11-28,0.5466,2014-10-31,0.6028,2014-09-30,1.33,2014-08-29,1.88,2014-07-31,2.67,2014-06-30,2.41,2014-05-30,3.26,2014-04-30,2.63,2014-03-31,3.27,2014-02-28,3.11,2014-01-31,3.07,2013-12-31,2.92,2013-11-29,60,13,True,True,True,2013-11-29,2014-11-28,2014-12-17,0,8,7.2230958054677386,4.0105099521428,5.561308357658274,6.124560845092558,6.252974600687367,5.091403892093806,5.532784562713664,-3.9646154555473165,-4.627792364024371,-5.0368746772996245
NB_1796,NB_1796@2015-03-27,,2015-03-27,0,Materials,Metals & Mining,2015,8.5538,7.5697,0.0,0.0,0.0,7.72,8.0432,7.5697,0.9841,0.0,0.0,0.4735,22.0426,21.0537,,21.0563,0.0,,21.2691,0.0,21.2691,17.43,228.6818,13.12001,886636.0,15346600.0,0,0,0,0,0,0,0,0,0,0,0,0,0,0,1,0,0,1,0,0,0,0,0,0,0,0,1,nonbankruptcy_candidate,2016-03-27,True,nonbankrupt,MSB,Mesabi Trust Common Stock,MSB US Equity,2014-12-27,2014-01-31,19,420,420,2015-02-27,28,2015-02-27,28.0,2015-02-27,28.0,2015-02-27,28.0,2015-02-27,28,2015-02-27,28,5,28,17.43,2015-02-27,17.08,2015-01-30,17.28,2014-12-31,17.95,2014-11-28,18.6,2014-10-31,19.09,2014-09-30,19.32,2014-08-29,18.58,2014-07-31,19.57,2014-06-30,19.29,2014-05-30,20.19,2014-04-30,21.06,2014-03-31,22.22,2014-02-28,261,13,True,True,True,2014-02-28,2015-02-27,2015-03-27,0,8,2.2569389811082985,5.436694872772695,0.3876405231956123,3.093480388269448,,3.0935982753700157,0.0,3.103200067340835,0.0,3.103200067340835
NB_2278,NB_2278@2015-03-27,,2015-03-27,0,Energy,Oil & Gas Supply Chain,2015,39.712,6.787,3.457,0.082,3.375,0.054,3.202,1.632,32.925,1.453,1.253,1.57,15.7,5.205,8.117,2.819,0.357,2.6,7.886,-2.322,5.564,32.2576,16.3551,0.50701,14313.0,479286.6,0,0,0,0,0,0,0,0,0,0,0,0,0,0,0,0,0,0,0,0,0,0,0,0,0,0,1,nonbankruptcy_candidate,2016-03-27,True,nonbankrupt,REPX,Riley Exploration Permian Inc. Common Stock,REPX US Equity,2014-12-27,2013-12-31,21,451,451,2015-02-27,28,2015-02-27,28.0,2015-02-27,28.0,2015-02-27,28.0,2015-02-27,28,2015-02-27,28,5,28,32.2576,2015-02-27,30.9601,2015-01-30,30.9601,2014-12-31,50.4002,2014-11-28,51.6002,2014-10-31,56.4002,2014-09-30,50.4002,2014-08-29,53.4002,2014-07-31,52.9202,2014-06-30,52.5452,2014-05-30,56.4002,2014-04-30,60.9602,2014-03-31,49.2152,2014-02-28,241,13,True,True,True,2014-02-28,2015-02-27,2015-03-27,0,8,3.7065228892865316,2.8538864113253832,0.9439058989071284,1.8253554186565706,2.210140802602766,1.3399886082433792,0.30527638085273207,2.1844770045137167,-1.200567011191103,1.8816001732278445
SA_272,SA_272@2015-03-27,2015-06-25,2015-03-27,1,Materials,Metals & Mining,2015,3006.802,1629.74,1380.278,16.362,1363.916,314.317,577.067,153.375,1377.062,61.757,171.783,423.692,554.39,-356.691,-250.927,-374.383,,,-154.351,-379.312,-533.663,0.9378,229.5529,244.77483,171984716.0,145291200.0,0,0,0,0,0,0,0,0,0,0,0,0,0,0,0,0,1,1,0,0,0,0,0,0,0,0,2,bankruptcy,2016-03-27,True,bankrupt,MCPIQ,"Molycorp, Inc.",MCPIQ US Equity,2014-12-27,2013-12-31,19,451,451,2015-02-27,28,2015-02-27,28.0,2015-02-27,28.0,2015-02-27,28.0,2015-02-27,28,2015-02-27,28,5,28,0.9378,2015-02-27,0.33,2015-01-30,0.8806,2014-12-31,0.99,2014-11-28,1.38,2014-10-31,1.19,2014-09-30,1.79,2014-08-29,2.09,2014-07-31,2.57,2014-06-30,2.77,2014-05-30,4.75,2014-04-30,4.69,2014-03-31,5.22,2014-02-28,56,13,True,True,True,2014-02-28,2015-02-27,2015-03-27,0,8,8.00896485843512,5.440480337189957,6.051364200315815,-5.879669485199204,-5.529139363005649,-5.927946838097708,,-5.045687072895905,-5.940991968472683,-6.281636641879473
NB_1567,NB_1567@2015-04-16,,2015-04-16,0,Materials,Metals & Mining,2015,1157.7,1136.1,240.4,0.0,240.4,218.8,842.4,450.4,21.6,58.9,462.2,392.0,514.1,-112.8,-104.1,297.8,18.9,0.2,-110.1,0.0,-110.1,5.11,45.99,7.5636,1773531.0,8520843.0,0,0,0,0,0,0,0,0,0,0,0,0,0,0,0,0,0,0,0,0,0,0,0,0,0,0,1,nonbankruptcy_candidate,2016-04-16,True,nonbankrupt,LEU,Centrus Energy Corp. Class A Common Stock,LEU US Equity,2015-01-16,2014-12-31,21,106,106,2015-03-31,16,2015-03-31,16.0,2015-03-31,16.0,2015-03-31,16.0,2015-03-31,16,2015-03-31,16,5,16,5.11,2015-03-31,4.17,2015-02-27,4.03,2015-01-30,4.3,2014-12-31,5.44,2014-11-28,6.2,2014-10-31,10.21,2014-09-30,54.6347,2014-08-29,62.0502,2014-07-31,33.0425,2014-06-30,36.096,2014-05-30,36.8593,2014-04-30,43.8386,2014-03-31,201,13,True,True,True,2014-03-31,2015-03-31,2015-04-16,0,8,7.055053966003016,3.849934813114724,5.973809611869261,-4.73444252169223,-4.6549122778829055,5.699774453258662,2.990719731730447,-4.7104306966455844,0.0,-4.7104306966455844
NB_1796,NB_1796@2015-04-16,,2015-04-16,0,Materials,Metals & Mining,2015,8.5538,7.5697,0.0,0.0,0.0,7.72,8.0432,7.5697,0.9841,0.0,0.0,0.4735,22.0426,21.0537,,21.0563,0.0,,21.2691,0.0,21.2691,13.33,174.8897,13.12001,1551825.0,24975690.0,0,0,0,0,0,0,0,0,0,0,0,0,0,0,1,0,0,1,0,0,0,0,0,0,0,0,1,nonbankruptcy_candidate,2016-04-16,True,nonbankrupt,MSB,Mesabi Trust Common Stock,MSB US Equity,2015-01-16,2014-01-31,19,440,440,2015-03-31,16,2015-03-31,16.0,2015-03-31,16.0,2015-03-31,16.0,2015-03-31,16,2015-03-31,16,5,16,13.33,2015-03-31,17.43,2015-02-27,17.08,2015-01-30,17.28,2014-12-31,17.95,2014-11-28,18.6,2014-10-31,19.09,2014-09-30,19.32,2014-08-29,18.58,2014-07-31,19.57,2014-06-30,19.29,2014-05-30,20.19,2014-04-30,21.06,2014-03-31,262,13,True,True,True,2014-03-31,2015-03-31,2015-04-16,0,8,2.2569389811082985,5.169857094031317,0.3876405231956123,3.093480388269448,,3.0935982753700157,0.0,3.103200067340835,0.0,3.103200067340835
NB_2771,NB_2771@2015-04-16,,2015-04-16,0,Materials,Metals & Mining,2015,16.545,3.5495,0.8746,0.1593,0.7153,0.1237,2.3037,2.2554,12.9955,0.4547,1.4335,0.0483,10.7722,-1.5883,-0.8076,-1.5955,0.0011,0.285,-1.0364,-1.8266,-2.8629,0.68,44.8987,66.02745,230348.0,147245.0,0,0,0,0,0,0,0,0,0,0,0,0,0,0,0,0,0,0,0,0,0,0,0,0,0,0,1,nonbankruptcy_candidate,2016-04-16,True,nonbankrupt,UAMY,United States Antimony Corporation Common Stock,UAMY US Equity,2015-01-16,2014-12-31,21,106,106,2015-03-31,16,2015-03-31,16.0,2015-03-31,16.0,2015-03-31,16.0,2015-03-31,16,2015-03-31,16,5,16,0.68,2015-03-31,0.65,2015-02-27,0.4997,2015-01-30,0.7,2014-12-31,0.91,2014-11-28,1.1,2014-10-31,1.27,2014-09-30,1.53,2014-08-29,1.52,2014-07-31,1.42,2014-06-30,1.68,2014-05-30,2.0,2014-04-30,1.82,2014-03-31,252,13,True,True,True,2014-03-31,2015-03-31,2015-04-16,0,8,2.8647690090351787,3.8264367942253243,0.04716980447638992,-0.9510012895495503,-0.5919999985549876,-0.9537791762851466,0.0010993954433009636,-0.7111835430460439,-1.0390745759519133,-1.3514181967324608
NB_712,NB_712@2015-04-16,,2015-04-16,0,Materials,Metals & Mining,2015,4.9813,0.1866,0.0,0.0,0.0,3.4485,3.5474,0.1866,4.7947,0.0,0.0,3.3608,0.0,-9.1982,,-9.1982,0.0,,-9.5794,0.0,-9.5794,4.75,18.3645,3.86621,2607.0,12497.5,0,0,0,0,0,0,0,0,0,0,0,0,0,0,1,0,0,1,0,0,0,0,0,0,0,0,1,nonbankruptcy_candidate,2016-04-16,True,nonbankrupt,CTGO,Contango Silver & Gold Inc. Common Stock,CTGO US Equity,2015-01-16,2014-06-30,19,290,290,2015-03-31,16,2015-03-31,16.0,2015-03-31,16.0,2015-03-31,16.0,2015-03-31,16,2015-03-31,16,5,16,4.75,2015-03-31,4.99,2015-02-27,4.0,2015-01-30,4.76,2014-12-31,4.7,2014-11-28,7.5,2014-10-31,8.8,2014-09-30,8.75,2014-08-29,10.0,2014-07-31,11.0,2014-06-30,10.5,2014-05-30,13.0,2014-04-30,13.0,2014-03-31,52,13,True,True,True,2014-03-31,2015-03-31,2015-04-16,0,8,1.7886379356408226,2.9634414928554293,1.472655526767934,-2.322211234129224,,-2.322211234129224,0.0,-2.358908714046989,0.0,-2.358908714046989
SA_44,SA_44@2015-04-16,2015-07-15,2015-04-16,1,Materials,Metals & Mining,2015,5386.129,5104.548,3135.97,12.327,3123.643,468.532,970.775,421.609,281.581,91.057,201.598,549.166,1407.345,-306.936,-44.411,-470.568,,262.525,-139.704,-92.999,-232.703,0.62,44.6851,72.0727,97259884.0,57172550.0,0,0,0,0,0,0,0,0,0,0,0,0,0,0,0,0,1,0,0,0,0,0,0,0,0,0,2,bankruptcy,2016-04-16,True,bankrupt,WLTGQ,"Walter Energy, Inc.",WLTGQ US Equity,2015-01-16,2014-12-31,20,106,106,2015-03-31,16,2015-03-31,16.0,2015-03-31,16.0,2015-03-31,16.0,2015-03-31,16,2015-03-31,16,5,16,0.62,2015-03-31,0.965,2015-02-27,0.9322,2015-01-30,1.38,2014-12-31,3.18,2014-11-28,2.41,2014-10-31,2.34,2014-09-30,5.59,2014-08-29,5.75,2014-07-31,5.45,2014-06-30,4.88,2014-05-30,7.2,2014-04-30,7.56,2014-03-31,60,13,True,True,True,2014-03-31,2015-03-31,2015-04-16,0,8,8.591767868931782,3.8217722053504537,6.31022005087039,-5.72989196917399,-3.815754366448538,-6.156063312247365,,-4.946658392998399,-4.543284143915544,-5.454051078432894
SA_82,SA_82@2015-04-16,2015-07-15,2015-04-16,1,Energy,Oil & Gas Supply Chain,2015,2392.266,2456.058,1988.883,1988.883,0.0,3.252,284.671,2347.252,-63.792,108.11,0.0,-2062.581,464.723,-297.843,-108.327,-326.72,115.586,,209.201,-590.843,-381.642,0.085,18.2469,214.66998,51940680.0,5794616.0,0,0,0,0,0,0,0,0,0,0,0,0,0,0,0,0,0,1,0,0,0,0,0,0,0,0,2,bankruptcy,2016-04-16,True,bankrupt,SOGCQ,Sabine Oil & Gas Corporation,SOGCQ US Equity,2015-01-16,2014-12-31,20,106,106,2015-03-31,16,2015-03-31,16.0,2015-03-31,16.0,2015-03-31,16.0,2015-03-31,16,2015-03-31,16,5,16,0.085,2015-03-31,0.26,2015-02-27,0.22,2015-01-30,0.225,2014-12-31,0.57,2014-11-28,0.81,2014-10-31,1.17,2014-09-30,1.63,2014-08-29,2.04,2014-07-31,2.28,2014-06-30,2.46,2014-05-30,1.86,2014-04-30,1.91,2014-03-31,60,13,True,True,True,2014-03-31,2015-03-31,2015-04-16,0,8,7.780414239273664,2.9573500088045885,-7.632198102117409,-5.69991835187397,-4.6943433912089425,-5.792159585273614,4.758629198096945,5.348064215805464,-6.383241397008847,-5.947099826203458
SA_221,SA_221@2015-05-05,2015-08-03,2015-05-05,1,Materials,Metals & Mining,2015,10736.148,7749.348,3897.77,178.251,3719.519,741.186,1876.314,1009.549,2986.8,314.015,237.945,866.765,4287.078,-917.861,-127.879,-874.961,288.466,,-283.859,-227.168,-511.027,0.81,180.0455,222.27838,98936220.0,93645960.0,0,0,0,0,0,0,0,0,0,0,0,0,0,0,0,0,0,1,0,0,0,0,0,0,0,0,2,bankruptcy,2016-05-05,True,bankrupt,ANRZQ,"Alpha Natural Resources, Inc.",ANRZQ US Equity,2015-02-04,2014-12-31,20,125,125,2015-04-30,5,2015-04-30,5.0,2015-04-30,5.0,2015-04-30,5.0,2015-04-30,5,2015-04-30,5,5,5,0.81,2015-04-30,0.9999,2015-03-31,1.27,2015-02-27,1.04,2015-01-30,1.67,2014-12-31,2.08,2014-11-28,1.96,2014-10-31,2.48,2014-09-30,3.95,2014-08-29,3.39,2014-07-31,3.71,2014-06-30,3.38,2014-05-30,4.3,2014-04-30,60,13,True,True,True,2014-04-30,2015-04-30,2015-05-05,0,8,9.281464783450154,5.198748380890332,6.765920940677195,-6.823134859555872,-4.858873979682813,-6.775321569397377,5.668037846247239,-5.651994321003894,-5.430082199724839,-6.2383773580241
NB_273,NB_273@2015-05-15,,2015-05-15,0,Materials,Metals & Mining,2015,179.492,111.553,31.742,31.742,0.0,7.831,74.364,78.773,,15.638,46.126,-4.409,265.389,-2.914,21.583,-142.882,6.597,24.497,32.894,-19.151,13.743,0.496,17.3753,35.02981,230291.0,113715.6,0,0,0,0,0,0,0,0,1,0,0,0,0,0,0,0,0,0,0,0,0,0,0,0,0,0,1,nonbankruptcy_candidate,2016-05-15,True,nonbankrupt,AUGO,Aura Minerals Inc. Common Shares,AUGO US Equity,2015-02-14,2014-12-31,20,135,135,2015-04-30,15,2015-04-30,15.0,2015-04-30,15.0,2015-04-30,15.0,2015-04-30,15,2015-04-30,15,5,15,0.496,2015-04-30,0.4821,2015-03-31,0.4593,2015-02-27,0.4426,2015-01-30,0.4569,2014-12-31,0.3916,2014-11-28,0.5939,2014-10-31,0.5686,2014-09-30,0.8484,2014-08-29,0.7954,2014-07-31,0.8876,2014-06-30,0.7049,2014-05-30,0.8811,2014-04-30,102,13,True,True,True,2014-04-30,2015-04-30,2015-05-15,0,8,5.195686455461076,2.911007371496236,-1.6880642328892899,-1.3645598689738845,3.1171974108351668,-4.968993519203429,2.0277534325210844,3.52323800757118,-3.003253914952837,2.6907683938676827
NB_868,NB_868@2015-05-15,,2015-05-15,0,Energy,Oil & Gas Services & Equip,2015,85.1223,28.0606,13.7381,8.096,5.6422,11.3632,34.9004,22.4184,57.0617,19.5708,0.0,12.482,118.8478,-13.547,5.6052,-9.5283,0.6777,,9.2554,-1.3794,7.876,5.419,122.5835,22.62086,2732671.0,13374260.0,0,0,0,0,0,0,0,0,0,0,0,0,0,0,0,0,0,1,0,0,0,0,0,0,0,0,1,nonbankruptcy_candidate,2016-05-15,True,nonbankrupt,DWSN,Dawson Geophysical Company Common Stock,DWSN US Equity,2015-02-14,2014-12-31,20,135,135,2015-04-30,15,2015-04-30,15.0,2015-04-30,15.0,2015-04-30,15.0,2015-04-30,15,2015-04-30,15,5,15,5.419,2015-04-30,4.0667,2015-03-31,4.9905,2015-02-27,5.7143,2015-01-30,6.1714,2014-12-31,7.6429,2014-11-28,8.9714,2014-10-31,11.0,2014-09-30,11.4286,2014-08-29,11.2286,2014-07-31,15.5714,2014-06-30,12.9429,2014-05-30,14.4572,2014-04-30,250,13,True,True,True,2014-04-30,2015-04-30,2015-05-15,0,8,4.455768379060115,4.81691704096669,2.601355462431247,-2.677384786791325,1.8878572176066961,-2.3540668696177036,0.5174238077942177,2.327804396126892,-0.8668483550602886,2.1833510050703477
SA_154,SA_154@2015-05-15,2015-08-13,2015-05-15,1,Energy,Oil & Gas Services & Equip,2015,2002.407,1387.376,1210.919,0.0,1210.919,207.937,404.297,164.456,615.031,166.359,0.0,239.841,900.251,-88.499,82.399,-216.11,99.142,164.9,114.713,-147.522,-32.809,216.3617,129.9667,0.60069,364468.0,69641970.0,0,0,0,0,0,0,0,0,0,0,0,0,0,0,0,0,0,0,0,0,0,0,0,0,0,0,2,bankruptcy,2016-05-15,True,bankrupt,HEROQ,"Hercules Offshore, Inc.",HEROQ US Equity,2015-02-14,2014-12-31,21,135,135,2015-04-30,15,2015-04-30,15.0,2015-04-30,15.0,2015-04-30,15.0,2015-04-30,15,2015-04-30,15,5,15,216.3617,2015-04-30,112.6485,2015-03-31,120.9287,2015-02-27,193.486,2015-01-30,268.7305,2014-12-31,333.2258,2014-11-28,443.4054,2014-10-31,591.2071,2014-09-30,905.6218,2014-08-29,948.6187,2014-07-31,1080.2967,2014-06-30,1220.0365,2014-05-30,1201.2254,2014-04-30,60,13,True,True,True,2014-04-30,2015-04-30,2015-05-15,0,8,7.602604510231657,4.874943092413961,5.484136964721824,-4.494227452034032,4.4236363188851415,-5.380404137546146,4.606589178741506,4.751112987438331,-5.000733095418049,-3.5207270392341745
NB_1266,NB_1266@2015-11-10,,2015-11-10,0,Materials,Metals & Mining,2015,579.585,389.71,306.345,21.875,284.47,13.469,84.409,49.98,189.875,27.297,34.641,34.429,235.651,14.24,43.502,10.219,9.059,,55.866,-25.835,30.031,6.09,176.878,29.044,2352020.0,15738870.0,0,0,0,0,0,0,0,0,0,0,0,0,0,0,0,0,0,1,0,0,0,0,0,0,0,0,1,nonbankruptcy_candidate,2016-11-10,True,nonbankrupt,HNRG,Hallador Energy Company Common Stock,HNRG US Equity,2015-08-12,2014-12-31,20,314,314,2015-10-30,11,2015-10-30,11.0,2015-10-30,11.0,2015-10-30,11.0,2015-10-30,11,2015-10-30,11,5,11,6.09,2015-10-30,6.95,2015-09-30,8.04,2015-08-31,7.04,2015-07-31,8.34,2015-06-30,8.5,2015-05-29,11.49,2015-04-30,11.69,2015-03-31,12.54,2015-02-27,11.34,2015-01-30,11.01,2014-12-31,10.9,2014-11-28,12.0,2014-10-31,229,13,True,True,True,2014-10-31,2015-10-30,2015-11-10,0,8,6.364036215914043,5.181097922044319,3.567530693810697,2.7239235502585,3.795534131982476,2.4176087695628277,2.308467756152201,4.040697622991325,-3.289707005628792,3.43498670481823
NB_1911,NB_1911@2015-11-10,,2015-11-10,0,Materials,Metals & Mining,2015,2444.724,1724.569,1475.223,80.983,1394.24,50.076,136.118,147.931,720.155,66.455,5.814,-11.813,358.336,147.503,227.379,108.83,80.185,7.631,210.755,-358.48,-147.725,16.6,203.0177,12.22998,1028988.0,22947720.0,0,0,0,0,0,0,0,0,0,0,0,0,0,0,0,0,0,0,0,0,0,0,0,0,0,0,1,nonbankruptcy_candidate,2016-11-10,True,nonbankrupt,NRP,Natural Resource Partners LP Limited Partnership,NRP US Equity,2015-08-12,2014-12-31,21,314,314,2015-10-30,11,2015-10-30,11.0,2015-10-30,11.0,2015-10-30,11.0,2015-10-30,11,2015-10-30,11,5,11,16.6,2015-10-30,25.4,2015-09-30,34.1,2015-08-31,30.0,2015-07-31,37.9,2015-06-30,41.0,2015-05-29,51.0,2015-04-30,67.8,2015-03-31,79.3,2015-02-27,94.0,2015-01-30,92.5,2014-12-31,119.4,2014-11-28,124.7,2014-10-31,157,13,True,True,True,2014-10-31,2015-10-30,2015-11-10,0,8,7.8020964725951485,5.318206754786259,-2.5504602805274392,5.000605160058898,5.4310065295967815,4.698933715800255,4.396730501039078,5.355429946004272,-5.884658542790173,-5.002098963073969
NB_424,NB_424@2015-11-10,,2015-11-10,0,Energy,Oil & Gas Services & Equip,2015,219.329,64.414,22.782,0.0,22.782,9.4,95.096,32.508,154.915,35.501,40.101,62.588,202.561,6.665,19.819,2.567,0.551,7.051,23.313,-21.403,1.91,7.13,101.201,14.19368,2748302.0,25436820.0,0,0,0,0,0,0,0,0,0,0,0,0,0,0,0,0,0,0,0,0,0,0,0,0,0,0,1,nonbankruptcy_candidate,2016-11-10,True,nonbankrupt,BOOM,DMC Global Inc. Common Stock,BOOM US Equity,2015-08-12,2014-12-31,21,314,314,2015-10-30,11,2015-10-30,11.0,2015-10-30,11.0,2015-10-30,11.0,2015-10-30,11,2015-10-30,11,5,11,7.13,2015-10-30,9.54,2015-09-30,11.33,2015-08-31,11.28,2015-07-31,11.0,2015-06-30,11.1,2015-05-29,13.39,2015-04-30,12.77,2015-03-31,16.15,2015-02-27,14.16,2015-01-30,16.02,2014-12-31,16.04,2014-11-28,18.21,2014-10-31,269,13,True,True,True,2014-10-31,2015-10-30,2015-11-10,0,8,5.395121883819222,4.626941462457546,4.152424773298625,2.0366645123237777,3.0358660312936365,1.2717249063767546,0.4388998841944018,3.191011186719896,-3.109194878464792,1.0681530811834012
NB_438,NB_438@2015-11-10,,2015-11-10,0,Energy,Oil & Gas Supply Chain,2015,54.77,34.825,11.099,4.449,6.65,16.104,26.52,14.523,19.945,2.91,0.0,11.997,31.445,3.088,9.479,0.672,0.664,,5.569,-3.576,1.993,2.12,17.5476,8.27716,44232.0,89584.12,0,0,0,0,0,0,0,0,0,0,0,0,0,0,0,0,0,1,0,0,0,0,0,0,0,0,1,nonbankruptcy_candidate,2016-11-10,True,nonbankrupt,BRN,Barnwell Industries Inc. Common Stock,BRN US Equity,2015-08-12,2014-09-30,20,406,406,2015-10-30,11,2015-10-30,11.0,2015-10-30,11.0,2015-10-30,11.0,2015-10-30,11,2015-10-30,11,5,11,2.12,2015-10-30,1.86,2015-09-30,2.3,2015-08-31,2.34,2015-07-31,2.37,2015-06-30,2.5,2015-05-29,3.08,2015-04-30,2.38,2015-03-31,2.4499,2015-02-27,2.8,2015-01-30,2.67,2014-12-31,2.33,2014-11-28,2.56,2014-10-31,269,13,True,True,True,2014-10-31,2015-10-30,2015-11-10,0,8,4.021236090401462,2.9203404006292146,2.5647185615994514,1.4080558529014033,2.3493732544928045,0.5140205146625099,0.5092243423990168,1.8823616139103359,-1.520825254077497,1.096276228870562
SA_276,SA_276@2015-11-10,2016-02-08,2015-11-10,1,Materials,Metals & Mining,2015,1318.1,1246.0,668.0,11.6,656.4,20.5,347.1,205.0,72.1,102.5,196.7,142.1,1355.1,17.1,106.6,-26.6,,77.1,30.6,-93.5,-62.9,1.72,17.2132,10.0077,2971101.0,6038562.0,0,0,0,0,0,0,0,0,0,0,0,0,0,0,0,0,1,0,0,0,0,0,0,0,0,0,2,bankruptcy,2016-11-10,True,bankrupt,NORNQ,Noranda Aluminum Holding Corporation,NORNQ US Equity,2015-08-12,2014-12-31,20,314,314,2015-10-30,11,2015-10-30,11.0,2015-10-30,11.0,2015-10-30,11.0,2015-10-30,11,2015-10-30,11,5,11,1.72,2015-10-30,1.64,2015-09-30,3.95,2015-08-31,4.550005,2015-07-31,5.950006,2015-06-30,12.320012,2015-05-29,23.380023,2015-04-30,20.790021,2015-03-31,23.100023,2015-02-27,21.210021,2015-01-30,24.640025,2014-12-31,26.670027,2014-11-28,30.870031,2014-10-31,60,13,True,True,True,2014-10-31,2015-10-30,2015-11-10,0,8,7.184704964854874,2.902146605923412,4.963543686562405,2.89591193827178,4.678420647727684,-3.3178157727231046,,3.4531571205928664,-4.548599834499697,-4.157319361383489
NB_2059,NB_2059@2015-11-27,,2015-11-27,0,Industrials,Transportation & Logistics,2015,324.605,224.62,95.201,42.908,52.293,27.649,128.919,115.071,99.985,52.983,1.306,13.848,410.937,23.01,59.306,13.491,2.897,36.296,55.253,-28.588,26.665,8.9275,255.1685,28.5823,2569928.0,24185090.0,0,0,0,0,0,0,0,0,0,0,0,0,0,0,0,0,0,0,0,0,0,0,0,0,0,0,1,nonbankruptcy_candidate,2016-11-27,True,nonbankrupt,PAMT,PAMT CORP Common Stock,PAMT US Equity,2015-08-29,2014-12-31,21,331,331,2015-10-30,28,2015-10-30,28.0,2015-10-30,28.0,2015-10-30,28.0,2015-10-30,28,2015-10-30,28,5,28,8.9275,2015-10-30,8.2625,2015-09-30,9.6575,2015-08-31,13.15,2015-07-31,14.5125,2015-06-30,15.1425,2015-05-29,14.6475,2015-04-30,14.3175,2015-03-31,13.1175,2015-02-27,14.475,2015-01-30,12.96,2014-12-31,11.36,2014-11-28,10.745,2014-10-31,269,13,True,True,True,2014-10-31,2015-10-30,2015-11-27,0,8,5.785684990275835,5.54583543108389,2.697865176043845,3.178470410233162,4.099431601270657,2.673527767063787,1.3602070263565722,4.029859372995691,-3.387368873725621,3.320168076350073
NB_737,NB_737@2015-11-27,,2015-11-27,0,Industrials,Transportation & Logistics,2015,539.304,370.1,202.333,29.43,172.903,21.33,142.05,101.159,169.204,95.943,4.402,40.891,718.98,39.646,88.689,17.808,10.807,49.0,73.744,-163.679,-89.935,9.65,352.6666,31.84576,8362908.0,85741130.0,0,0,0,0,0,0,0,0,0,0,0,0,0,0,0,0,0,0,0,0,0,0,0,0,0,0,1,nonbankruptcy_candidate,2016-11-27,True,nonbankrupt,CVLG,Covenant Logistics Group Inc. Class A Common Stock,CVLG US Equity,2015-08-29,2014-12-31,21,331,331,2015-10-30,28,2015-10-30,28.0,2015-10-30,28.0,2015-10-30,28.0,2015-10-30,28,2015-10-30,28,5,28,9.65,2015-10-30,8.985,2015-09-30,11.795,2015-08-31,11.805,2015-07-31,12.53,2015-06-30,15.455,2015-05-29,15.235,2015-04-30,16.58,2015-03-31,15.925,2015-02-27,14.15,2015-01-30,13.555,2014-12-31,13.14,2014-11-28,10.37,2014-10-31,253,13,True,True,True,2014-10-31,2015-10-30,2015-11-27,0,8,6.292131944117082,5.868354661444442,3.735071006719845,3.704900430168115,4.496348130552759,2.9342823112377685,2.468692575924973,4.314068941490654,-5.103998124500464,-4.510144965578982
SA_174,SA_174@2015-11-27,2016-02-25,2015-11-27,1,Industrials,Transportation & Logistics,2015,3477.6,2857.1,2339.2,309.0,2030.2,223.9,342.8,471.2,620.5,20.7,60.9,-128.4,1375.4,185.5,358.5,64.3,119.7,,320.5,-569.2,-248.7,5.76,293.1669,50.89703,44509124.0,264746800.0,0,0,0,0,0,0,0,0,0,0,0,0,0,0,0,0,0,1,0,0,0,0,0,0,0,0,2,bankruptcy,2016-11-27,True,bankrupt,RJETQ,Republic Airways Holdings Inc.,RJETQ US Equity,2015-08-29,2014-12-31,20,331,331,2015-10-30,28,2015-10-30,28.0,2015-10-30,28.0,2015-10-30,28.0,2015-10-30,28,2015-10-30,28,5,28,5.76,2015-10-30,5.78,2015-09-30,3.08,2015-08-31,5.04,2015-07-31,9.18,2015-06-30,10.46,2015-05-29,12.24,2015-04-30,13.75,2015-03-31,12.87,2015-02-27,13.76,2015-01-30,14.59,2014-12-31,13.28,2014-11-28,12.52,2014-10-31,60,13,True,True,True,2014-10-31,2015-10-30,2015-11-27,0,8,8.154385192974052,5.6841472933401604,-4.8629083820668,5.2284312390838705,5.884714177161102,4.178992036282385,4.793308128103486,5.772997543677674,-6.345987176478571,-5.520260197285728
NB_1026,NB_1026@2016-01-22,,2016-01-22,0,Energy,Renewable Energy,2016,461.488,102.479,0.0,0.0,0.0,124.079,331.465,52.087,359.009,50.135,45.353,279.378,341.838,56.128,65.109,53.2,0.025,8.981,51.952,-8.117,43.835,13.5,590.1172,43.71239,2422742.0,33870160.0,0,0,0,0,0,0,0,0,0,0,0,0,0,0,0,0,0,0,0,0,0,0,0,0,0,0,1,nonbankruptcy_candidate,2017-01-22,True,nonbankrupt,FF,FutureFuel Corp. Common shares,FF US Equity,2015-10-24,2014-12-31,21,387,387,2015-12-31,22,2015-12-31,22.0,2015-12-31,22.0,2015-12-31,22.0,2015-12-31,22,2015-12-31,22,5,22,13.5,2015-12-31,14.32,2015-11-30,15.41,2015-10-30,9.88,2015-09-30,10.08,2015-08-31,11.44,2015-07-31,12.87,2015-06-30,12.0,2015-05-29,10.87,2015-04-30,10.27,2015-03-31,12.3,2015-02-27,10.99,2015-01-30,13.02,2014-12-31,90,13,True,True,True,2014-12-31,2015-12-31,2016-01-22,0,8,6.136620610669932,6.382014305698298,5.6361386927385455,4.045294364246809,4.191304894926439,3.9926809084456005,0.0246926125903715,3.9693858428166218,-2.210140802602766,3.802989084404011
NB_1193,NB_1193@2016-01-22,,2016-01-22,0,Energy,Renewable Energy,2016,1828.557,1031.108,672.791,273.351,399.44,425.51,910.91,511.54,797.449,138.073,254.967,399.37,3235.611,286.274,346.636,159.504,39.908,,221.55,-59.547,162.003,22.9,867.678,37.88987,16163434.0,352634400.0,0,0,0,0,0,0,0,0,0,0,0,0,0,0,0,0,0,1,0,0,0,0,0,0,0,0,1,nonbankruptcy_candidate,2017-01-22,True,nonbankrupt,GPRE,Green Plains Inc. Common Stock,GPRE US Equity,2015-10-24,2014-12-31,20,387,387,2015-12-31,22,2015-12-31,22.0,2015-12-31,22.0,2015-12-31,22.0,2015-12-31,22,2015-12-31,22,5,22,22.9,2015-12-31,23.69,2015-11-30,20.51,2015-10-30,19.46,2015-09-30,21.26,2015-08-31,22.45,2015-07-31,27.55,2015-06-30,32.86,2015-05-29,31.14,2015-04-30,28.55,2015-03-31,23.25,2015-02-27,23.41,2015-01-30,24.78,2014-12-31,118,13,True,True,True,2014-12-31,2015-12-31,2016-01-22,0,8,7.511829140027488,6.766972515746614,5.992389119559117,5.66043646415252,5.85115595534727,5.078318864377899,3.711325642943766,5.4051517954618635,-4.103419922941773,5.093768605545369
SA_55,SA_55@2016-01-22,2016-04-21,2016-01-22,1,Energy,Renewable Energy,2016,11499.8,10015.2,7199.4,1079.7,6119.7,943.7,2788.0,3145.1,1484.6,471.9,226.4,-357.1,2484.4,-536.8,-179.4,-1180.4,410.0,262.2,-770.0,-1740.6,-2510.6,5.09,1612.1118,316.72137,1295109822.0,6362465000.0,0,0,0,0,0,0,0,0,0,0,0,0,0,0,0,0,0,0,0,0,0,0,0,0,0,0,2,bankruptcy,2017-01-22,True,bankrupt,SUNEQ,"SunEdison, Inc.",SUNEQ US Equity,2015-10-24,2014-12-31,21,387,387,2015-12-31,22,2015-12-31,22.0,2015-12-31,22.0,2015-12-31,22.0,2015-12-31,22,2015-12-31,22,5,22,5.09,2015-12-31,3.19,2015-11-30,7.3,2015-10-30,7.18,2015-09-30,10.4,2015-08-31,23.28,2015-07-31,29.91,2015-06-30,29.97,2015-05-29,25.32,2015-04-30,24.0,2015-03-31,22.14,2015-02-27,18.73,2015-01-30,19.51,2014-12-31,60,13,True,True,True,2014-12-31,2015-12-31,2016-01-22,0,8,9.350171877149185,7.385920387564544,-5.880812277004387,-6.287486743834764,-5.1951766076285235,-7.074455454873135,6.018593214496234,-6.647688373563329,-7.462559509920338,-7.828675279239954
SA_180,SA_180@2016-02-02,2016-05-02,2016-02-02,1,Consumer Staples,Retail - Consumer Staples,2016,359.136,381.739,257.086,2.75,254.336,36.362,75.416,57.849,-22.603,3.404,29.15,17.567,797.555,-23.722,4.682,-46.534,,28.126,14.039,-31.89,-17.851,0.38,16.7575,29.87335,2901675.0,1555218.0,0,0,0,0,0,0,0,0,0,0,0,0,0,0,0,0,1,0,0,0,0,0,0,0,0,0,2,bankruptcy,2017-02-02,True,bankrupt,FWMHQ,Fairway Group Holdings Corp.,FWMHQ US Equity,2015-11-04,2015-03-29,20,310,310,2016-01-29,4,2016-01-29,4.0,2016-01-29,4.0,2016-01-29,4.0,2016-01-29,4,2016-01-29,4,5,4,0.38,2016-01-29,0.6601,2015-12-31,0.8325,2015-11-30,1.16,2015-10-30,1.05,2015-09-30,2.27,2015-08-31,3.0,2015-07-31,3.56,2015-06-30,4.52,2015-05-29,5.31,2015-04-30,6.77,2015-03-31,5.57,2015-02-27,4.56,2015-01-30,34,13,True,True,True,2015-01-30,2016-01-29,2016-02-02,0,8,5.886481737887875,2.876807961889828,2.9213858114253344,-3.2076935354656313,1.7373032834319964,-3.861445244459175,,2.710646826949476,-3.4931686602009657,-2.936565962884775
NB_1455,NB_1455@2016-02-04,,2016-02-04,0,Consumer Discretionary,Retail - Discretionary,2016,19.6584,2.1343,0.0,0.0,0.0,4.4163,17.2035,2.1,17.5241,3.6896,8.3516,15.1035,42.2382,2.9236,3.2053,1.774,,,2.8307,-0.2934,2.5373,4.925,24.3968,4.95366,149956.0,712395.7,0,0,0,0,0,0,0,0,0,0,0,0,0,0,0,0,1,1,0,0,0,0,0,0,0,0,1,nonbankruptcy_candidate,2017-02-04,True,nonbankrupt,JCTC,Jewett-Cameron Trading Company Common Shares,JCTC US Equity,2015-11-06,2015-08-31,19,157,157,2016-01-29,6,2016-01-29,6.0,2016-01-29,6.0,2016-01-29,6.0,2016-01-29,6,2016-01-29,6,5,6,4.925,2016-01-29,5.0253,2015-12-31,5.21,2015-11-30,4.73,2015-10-30,4.5299,2015-09-30,4.7501,2015-08-31,4.865,2015-07-31,5.6301,2015-06-30,6.05,2015-05-29,5.215,2015-04-30,5.225,2015-03-31,5.1878,2015-02-27,5.475,2015-01-30,239,13,True,True,True,2015-01-30,2016-01-29,2016-02-04,0,8,3.028122016355642,3.2346231818358397,2.7790366396686994,1.3670095997080236,1.4363456345186005,1.0202903218926398,,1.3430475541166083,-0.25727441003035534,1.2633637242686002
SA_224,SA_224@2016-02-04,2016-05-04,2016-02-04,1,Consumer Discretionary,Retail - Discretionary,2016,512.189,418.637,138.54,0.0,138.54,151.75,349.287,198.849,93.552,0.0,130.474,150.438,1838.663,-213.138,-162.451,-206.458,,50.687,-55.71,-23.837,-79.547,0.26,20.7986,79.99446,16756194.0,4300392.0,0,0,0,0,0,0,0,0,0,0,0,0,0,0,0,0,1,0,0,0,0,0,0,0,0,0,2,bankruptcy,2017-02-04,True,bankrupt,AROPQ,"Aeropostale, Inc.",AROPQ US Equity,2015-11-06,2015-01-31,20,369,369,2016-01-29,6,2016-01-29,6.0,2016-01-29,6.0,2016-01-29,6.0,2016-01-29,6,2016-01-29,6,5,6,0.26,2016-01-29,0.28,2015-12-31,0.54019,2015-11-30,0.62,2015-10-30,0.62,2015-09-30,1.06,2015-08-31,1.51,2015-07-31,1.62,2015-06-30,1.89,2015-05-29,3.09,2015-04-30,3.47,2015-03-31,4.03,2015-02-27,2.44,2015-01-30,60,13,True,True,True,2015-01-30,2016-01-29,2016-02-04,0,8,6.24064419837303,3.081845747549353,5.020176300263411,-5.3666206670021905,-5.096513251230427,-5.334928909544603,,-4.037950562025936,-3.2123344768247786,-4.388840864981552
NB_2967,NB_2967@2016-02-15,,2016-02-15,0,Energy,Oil & Gas Supply Chain,2016,2689.508,2180.2,1352.12,0.0,1352.12,23.666,170.9,284.498,509.308,67.242,0.0,-113.598,948.708,62.068,573.17,-11.661,78.396,,473.973,-629.952,-155.979,1.95,148.2206,76.01055,29673886.0,52719850.0,0,0,0,0,0,0,0,0,0,0,0,0,0,0,0,0,0,1,0,0,0,0,0,0,0,0,1,nonbankruptcy_candidate,2017-02-15,True,nonbankrupt,WTI,W&T Offshore Inc. Common Stock,WTI US Equity,2015-11-17,2014-12-31,20,411,411,2016-01-29,17,2016-01-29,17.0,2016-01-29,17.0,2016-01-29,17.0,2016-01-29,17,2016-01-29,17,5,17,1.95,2016-01-29,2.31,2015-12-31,3.75,2015-11-30,3.26,2015-10-30,3.0,2015-09-30,3.57,2015-08-31,3.77,2015-07-31,5.48,2015-06-30,5.41,2015-05-29,6.43,2015-04-30,5.11,2015-03-31,5.97,2015-02-27,5.06,2015-01-30,133,13,True,True,True,2015-01-30,2016-01-29,2016-02-15,0,8,7.897485302350067,5.00542574794401,-4.7414303521213705,4.144213509375235,6.352925519718092,-2.5385264025381162,4.374447989150331,6.163257960313804,-6.447229789917178,-5.056112038440131
SA_256,SA_256@2016-02-15,2016-05-15,2016-02-15,1,Energy,Oil & Gas Supply Chain,2016,7638.334,3872.158,3351.06,105.0,3246.06,12.628,600.708,361.556,3766.176,166.436,3.727,239.152,891.261,156.922,448.631,421.333,126.96,291.7,357.755,-819.22,-461.465,0.68969,146.1339,211.88416,39824549.0,25675280.0,0,0,0,0,0,0,0,0,0,0,0,0,0,0,0,0,0,0,0,0,0,0,0,0,0,0,2,bankruptcy,2017-02-15,True,bankrupt,BBEPQ,Breitburn Energy Partners LP,BBEPQ US Equity,2015-11-17,2014-12-31,21,411,411,2016-01-29,17,2016-01-29,17.0,2016-01-29,17.0,2016-01-29,17.0,2016-01-29,17,2016-01-29,17,5,17,0.68969,2016-01-29,0.66988,2015-12-31,2.0,2015-11-30,2.29,2015-10-30,2.03,2015-09-30,2.87,2015-08-31,3.03,2015-07-31,4.76,2015-06-30,5.32,2015-05-29,6.55,2015-04-30,5.48,2015-03-31,7.17,2015-02-27,6.56,2015-01-30,60,13,True,True,True,2015-01-30,2016-01-29,2016-02-15,0,8,8.94106570558593,4.991343056529076,5.481272056204408,5.062101240245299,6.1084272463804625,6.045794102386735,4.8517177150813176,5.882639704258938,-6.70957259695718,-6.136570878413256
NB_1707,NB_1707@2016-02-16,,2016-02-16,0,Consumer Discretionary,Consumer Services,2016,115.91,35.434,0.474,0.232,0.242,24.459,81.914,26.944,80.476,1.65,15.735,54.97,285.285,30.246,38.298,13.181,,,25.536,-7.024,18.512,29.03,341.3616,11.75892,2270745.0,65899470.0,0,0,0,0,0,0,0,0,0,0,0,0,0,0,0,0,1,1,0,0,0,0,0,0,0,0,1,nonbankruptcy_candidate,2017-02-16,True,nonbankrupt,MED,MEDIFAST INC Common Stock,MED US Equity,2015-11-18,2014-12-31,19,412,412,2016-01-29,18,2016-01-29,18.0,2016-01-29,18.0,2016-01-29,18.0,2016-01-29,18,2016-01-29,18,5,18,29.03,2016-01-29,30.38,2015-12-31,30.32,2015-11-30,27.97,2015-10-30,26.86,2015-09-30,27.77,2015-08-31,30.87,2015-07-31,32.32,2015-06-30,32.19,2015-05-29,30.0,2015-04-30,29.97,2015-03-31,31.64,2015-02-27,31.69,2015-01-30,266,13,True,True,True,2015-01-30,2016-01-29,2016-02-16,0,8,4.761404408018728,5.835867488445648,4.024815832903268,3.441891367989711,3.671173626995004,2.6519030404792088,,3.2785023016447514,-2.0824370506596344,2.971029660913619
NB_1732,NB_1732@2016-02-16,,2016-02-16,0,Energy,Oil & Gas Services & Equip,2016,179.611,33.137,26.355,3.218,23.137,5.175,54.149,10.0,146.474,27.332,11.451,44.149,83.146,-6.745,30.241,-9.192,0.902,,25.205,-19.9,5.305,27.3,33.007,1.20905,40004.0,1112095.0,0,0,0,0,0,0,0,0,0,0,0,0,0,0,0,0,0,1,0,0,0,0,0,0,0,0,1,nonbankruptcy_candidate,2017-02-16,True,nonbankrupt,MIND,MIND Technology Inc. Common Stock (DE),MIND US Equity,2015-11-18,2015-01-31,20,381,381,2016-01-29,18,2016-01-29,18.0,2016-01-29,18.0,2016-01-29,18.0,2016-01-29,18,2016-01-29,18,5,18,27.3,2016-01-29,30.1,2015-12-31,38.1,2015-11-30,44.4,2015-10-30,37.8,2015-09-30,43.1,2015-08-31,41.3,2015-07-31,41.9,2015-06-30,41.5,2015-05-29,49.0,2015-04-30,46.0,2015-03-31,63.1,2015-02-27,56.1,2015-01-30,254,13,True,True,True,2015-01-30,2016-01-29,2016-02-16,0,8,5.196345547212227,3.5265663857782394,3.809968131223474,-2.047047473868832,3.441731334702446,-2.3216030988298075,0.6429059641231986,3.2659502322541294,-3.039749158970765,1.8413429694168828
SA_282,SA_282@2016-02-16,2016-05-16,2016-02-16,1,Energy,Oil & Gas Supply Chain,2016,7259.225,4049.405,3195.436,0.0,3195.436,181.253,831.918,784.451,3209.82,330.077,0.0,47.467,1595.987,293.442,787.373,253.285,244.109,,621.114,-1553.332,-932.218,0.034,19.7215,580.04407,733885778.0,44527710.0,0,0,0,0,0,0,0,0,0,0,0,0,0,0,0,0,0,1,0,0,0,0,0,0,0,0,2,bankruptcy,2017-02-16,True,bankrupt,SDOCQ,"SandRidge Energy, Inc.",SD US Equity,2015-11-18,2014-12-31,20,412,412,2016-01-29,18,2016-01-29,18.0,2016-01-29,18.0,2016-01-29,18.0,2016-01-29,18,2016-01-29,18,5,18,0.034,2016-01-29,0.2,2015-12-31,0.3005,2015-11-30,0.3703,2015-10-30,0.27,2015-09-30,0.5331,2015-08-31,0.517,2015-07-31,0.877,2015-06-30,1.22,2015-05-29,1.89,2015-04-30,1.78,2015-03-31,1.77,2015-02-27,1.41,2015-01-30,60,13,True,True,True,2015-01-30,2016-01-29,2016-02-16,0,8,8.890166099074145,3.0311718085933697,3.880883153986751,5.685082039722795,6.669971328116795,5.538455685238108,5.501703009566158,6.433123355688265,-7.348801150322987,-6.838638828431036
NB_3012,NB_3012@2016-03-09,,2016-03-09,0,Consumer Discretionary,Consumer Services,2016,37.435,6.255,0.0,0.0,0.0,16.023,18.6,4.732,31.18,0.0,0.0,13.868,1.425,-111.196,-107.173,-109.677,,,-28.382,-0.246,-28.628,3024.003,28.4057,0.00939,6240.0,15697920.0,0,0,0,0,0,0,0,0,0,0,0,0,0,0,0,0,1,1,0,0,0,0,0,0,0,0,1,nonbankruptcy_candidate,2017-03-09,True,nonbankrupt,XWEL,XWELL Inc. Common Stock,XWEL US Equity,2015-12-10,2014-12-31,19,434,434,2016-02-29,9,2016-02-29,9.0,2016-02-29,9.0,2016-02-29,9.0,2016-02-29,9,2016-02-29,9,5,9,3024.003,2016-02-29,2004.002,2016-01-29,2964.003,2015-12-31,4032.004,2015-11-30,4506.0045,2015-10-30,6720.0067,2015-09-30,7215.7572,2015-08-31,8400.0084,2015-07-31,6666.0067,2015-06-30,7060.5071,2015-05-29,7440.0074,2015-04-30,7804.5078,2015-03-31,8372.2584,2015-02-27,68,13,True,True,True,2015-02-27,2016-02-29,2016-03-09,0,8,3.6489685028010954,3.381188533103833,2.699211252435006,-4.720247341829212,-4.68373179737983,-4.706616049383322,,-3.3803822419482352,-0.2199384203652614,-3.388719860151043
NB_424,NB_424@2016-03-09,,2016-03-09,0,Energy,Oil & Gas Services & Equip,2016,219.329,64.414,22.782,0.0,22.782,9.4,95.096,32.508,154.915,35.501,40.101,62.588,202.561,6.665,19.819,2.567,0.551,7.051,23.313,-21.403,1.91,5.53,78.4911,14.19368,1173080.0,7182240.0,0,0,0,0,0,0,0,0,0,0,0,0,0,0,0,0,0,0,0,0,0,0,0,0,0,0,1,nonbankruptcy_candidate,2017-03-09,True,nonbankrupt,BOOM,DMC Global Inc. Common Stock,BOOM US Equity,2015-12-10,2014-12-31,21,434,434,2016-02-29,9,2016-02-29,9.0,2016-02-29,9.0,2016-02-29,9.0,2016-02-29,9,2016-02-29,9,5,9,5.53,2016-02-29,6.11,2016-01-29,6.99,2015-12-31,7.72,2015-11-30,7.13,2015-10-30,9.54,2015-09-30,11.33,2015-08-31,11.28,2015-07-31,11.0,2015-06-30,11.1,2015-05-29,13.39,2015-04-30,12.77,2015-03-31,16.15,2015-02-27,273,13,True,True,True,2015-02-27,2016-02-29,2016-03-09,0,8,5.395121883819222,4.375645065707918,4.152424773298625,2.0366645123237777,3.0358660312936365,1.2717249063767546,0.4388998841944018,3.191011186719896,-3.109194878464792,1.0681530811834012
NB_468,NB_468@2016-03-09,,2016-03-09,0,Consumer Discretionary,Retail - Discretionary,2016,538.982,575.008,433.233,29.959,403.274,4.522,414.894,117.242,-36.026,144.537,242.546,297.652,1979.393,13.536,23.009,-13.872,26.771,,-12.301,-3.016,-15.317,3.7388,33.4392,8.94396,97786.0,395503.9,0,0,0,0,0,0,0,0,0,0,0,0,0,0,0,0,0,1,0,0,0,0,0,0,0,0,1,nonbankruptcy_candidate,2017-03-09,True,nonbankrupt,BXC,Bluelinx Holdings Inc. Common Stock,BXC US Equity,2015-12-10,2015-01-03,20,431,431,2016-02-29,9,2016-02-29,9.0,2016-02-29,9.0,2016-02-29,9.0,2016-02-29,9,2016-02-29,9,5,9,3.7388,2016-02-29,3.9,2016-01-29,5.3,2015-12-31,6.8037,2015-11-30,7.0,2015-10-30,7.0,2015-09-30,8.0,2015-08-31,9.5,2015-07-31,9.6,2015-06-30,10.9,2015-05-29,10.7,2015-04-30,10.8,2015-03-31,10.8,2015-02-27,135,13,True,True,True,2015-02-27,2016-02-29,2016-03-09,0,8,6.291535805669419,3.539195450486021,5.699279015958169,2.67662833109387,3.178428760053019,-2.699480250419143,3.323992310753184,-2.5878392203711593,-1.390286382389428,-2.7922075091089336
NB_762,NB_762@2016-03-09,,2016-03-09,0,Industrials,Transportation & Logistics,2016,2.6066,3.0229,1.5385,1.5385,0.0,1.4052,2.1619,3.0229,-0.4163,0.5897,0.0697,-0.861,3.9353,-5.593,-5.3951,-7.0269,1.428,0.1979,-4.1277,-0.0701,-4.1978,1.62,19.8333,12.24278,532761.0,744292.3,0,0,0,0,0,0,0,0,0,0,0,0,0,0,0,0,0,0,0,0,0,0,0,0,0,0,1,nonbankruptcy_candidate,2017-03-09,True,nonbankrupt,CYRX,CryoPort Inc. Common Stock,CYRX US Equity,2015-12-10,2015-03-31,21,344,344,2016-02-29,9,2016-02-29,9.0,2016-02-29,9.0,2016-02-29,9.0,2016-02-29,9,2016-02-29,9,5,9,1.62,2016-02-29,1.7,2016-01-29,2.02,2015-12-31,2.63,2015-11-30,2.87,2015-10-30,2.36,2015-09-30,2.81,2015-08-31,2.51,2015-07-31,7.65,2015-06-30,8.0,2015-05-29,7.5615,2015-04-30,8.64,2015-03-31,6.06,2015-02-27,133,13,True,True,True,2015-02-27,2016-02-29,2016-03-09,0,8,1.2827655002910343,3.036552668072966,-0.6211139776601137,-1.8860084801311625,-1.8555320721251216,-2.082798401117435,0.8870678731972518,-1.6346572155669468,-0.06775210205081847,-1.6482354591420125
NB_941,NB_941@2016-03-09,,2016-03-09,0,Energy,Oil & Gas Supply Chain,2016,69.8827,21.3062,0.0,0.0,0.0,20.1188,23.693,9.3293,48.5766,3.1225,0.0,14.3638,27.8413,8.5837,12.2481,4.9919,0.0736,0.0204,10.3808,-5.204,5.1768,4.32,142.0479,32.88145,1566752.0,6922541.0,0,0,0,0,0,0,0,0,0,0,0,0,0,0,0,0,0,0,0,0,0,0,0,0,0,0,1,nonbankruptcy_candidate,2017-03-09,True,nonbankrupt,EPM,Evolution Petroleum Corporation Inc. Common Stock,EPM US Equity,2015-12-10,2015-06-30,21,253,253,2016-02-29,9,2016-02-29,9.0,2016-02-29,9.0,2016-02-29,9.0,2016-02-29,9,2016-02-29,9,5,9,4.32,2016-02-29,4.66,2016-01-29,4.81,2015-12-31,6.15,2015-11-30,6.9,2015-10-30,5.55,2015-09-30,5.87,2015-08-31,5.22,2015-07-31,6.59,2015-06-30,6.9,2015-05-29,6.88,2015-04-30,5.95,2015-03-31,6.82,2015-02-27,239,13,True,True,True,2015-02-27,2016-02-29,2016-03-09,0,8,4.261026398122112,4.963179539206609,2.7320140929555565,2.2600637387128866,2.583854145923594,1.7904085571570987,0.07101748723528029,2.431927724997114,-1.8251942453142924,1.8208003380124689
SA_109,SA_109@2016-03-09,2016-06-07,2016-03-09,1,Energy,Oil & Gas Services & Equip,2016,2290.293,1999.27,1576.241,4.0,1572.241,0.891,474.054,265.409,291.023,421.555,25.073,208.645,2080.892,74.996,367.908,-7.979,79.734,290.9,265.296,-457.618,-192.322,0.48,28.4695,59.3114,13897996.0,5058671.0,0,0,0,0,0,0,0,0,0,0,0,0,0,0,0,0,0,0,0,0,0,0,0,0,0,0,2,bankruptcy,2017-03-09,True,bankrupt,SSEIQ,Seventy Seven Energy Inc.,SSEIQ US Equity,2015-12-10,2014-12-31,21,434,434,2016-02-29,9,2016-02-29,9.0,2016-02-29,9.0,2016-02-29,9.0,2016-02-29,9,2016-02-29,9,5,9,0.48,2016-02-29,0.4286,2016-01-29,1.05,2015-12-31,1.11,2015-11-30,1.14,2015-10-30,1.38,2015-09-30,2.87,2015-08-31,3.12,2015-07-31,4.29,2015-06-30,5.9,2015-05-29,5.07,2015-04-30,4.15,2015-03-31,4.8,2015-02-27,21,13,True,True,True,2015-02-27,2016-02-29,2016-03-09,0,8,7.7368715660263705,3.3833558301991573,5.345415624059776,4.330680707322293,5.910547290461283,-2.1948885175386716,4.391159800055103,5.584608472053677,-6.12821761954452,-5.26435719246444
NB_1814,NB_1814@2016-05-03,,2016-05-03,0,Energy,Oil & Gas Supply Chain,2016,4.1431,0.4152,0.0,0.0,0.0,,1.4084,0.4152,,0.0,0.0,0.9933,2.0768,1.9156,,1.9157,,,,,,10.69,19.9218,1.86359,296736.0,2765868.0,0,0,0,0,0,1,0,0,1,0,0,0,0,0,1,0,1,1,1,1,1,0,0,0,0,0,1,nonbankruptcy_candidate,2017-05-03,True,nonbankrupt,MTR,Mesa Royalty Trust Common Stock,MTR US Equity,2016-02-03,2015-12-31,13,124,124,2016-04-29,4,2016-04-29,4.0,2016-04-29,4.0,2016-04-29,4.0,2016-04-29,4,2016-04-29,4,5,4,10.69,2016-04-29,8.212,2016-03-31,6.65,2016-02-29,8.0,2016-01-29,7.5001,2015-12-31,8.4037,2015-11-30,10.19,2015-10-30,9.86,2015-09-30,11.9901,2015-08-31,12.44,2015-07-31,14.0001,2015-06-30,18.6888,2015-05-29,20.75,2015-04-30,275,13,True,True,True,2015-04-30,2016-04-29,2016-05-03,0,8,1.6376560105080848,3.0407916775603256,0.6897915567465828,1.070075630525921,,1.0701099281953976,,,,
NB_2477,NB_2477@2016-05-03,,2016-05-03,0,Energy,Oil & Gas Supply Chain,2016,38.586,15.924,5.543,1.343,4.2,7.989,19.3,8.355,18.333,6.853,1.325,10.945,49.083,-2.341,-1.447,-2.593,,0.89,2.367,-0.588,1.779,19.36,20.0269,1.03444,36690.0,659583.5,0,0,0,0,0,0,0,0,0,0,0,0,0,0,0,0,1,0,0,0,0,0,0,0,0,0,1,nonbankruptcy_candidate,2017-05-03,True,nonbankrupt,SLNG,Stabilis Solutions Inc. Common Stock,SLNG US Equity,2016-02-03,2015-12-31,20,124,124,2016-04-29,4,2016-04-29,4.0,2016-04-29,4.0,2016-04-29,4.0,2016-04-29,4,2016-04-29,4,5,4,19.36,2016-04-29,14.48,2016-03-31,20.64,2016-02-29,21.28,2016-01-29,16.8,2015-12-31,18.8,2015-11-30,25.28,2015-10-30,20.8,2015-09-30,27.12,2015-08-31,35.44,2015-07-31,40.8,2015-06-30,44.0,2015-05-29,43.12,2015-04-30,225,13,True,True,True,2015-04-30,2016-04-29,2016-05-03,0,8,3.6784755203985435,3.045802570384814,2.4803127807777727,-1.2062701633746196,-0.8948627844605347,-1.2789875081313817,,1.2140221401789375,-0.46247536282494395,1.0220911507603667
NB_2860,NB_2860@2016-05-03,,2016-05-03,0,Consumer Staples,Retail - Consumer Staples,2016,431.889,179.122,45.324,0.899,44.425,59.04,135.911,94.151,252.767,0.0,45.772,41.76,1583.789,43.531,66.861,30.62,4.535,,17.468,-23.517,-6.049,24.4,344.9643,9.81863,586388.0,14266410.0,0,0,0,0,0,0,0,0,0,0,0,0,0,0,0,0,0,1,0,0,0,0,0,0,0,0,1,nonbankruptcy_candidate,2017-05-03,True,nonbankrupt,VLGEA,Village Super Market Inc. Class A Common Stock,VLGEA US Equity,2016-02-03,2015-07-25,20,283,283,2016-04-29,4,2016-04-29,4.0,2016-04-29,4.0,2016-04-29,4.0,2016-04-29,4,2016-04-29,4,5,4,24.4,2016-04-29,24.16,2016-03-31,26.51,2016-02-29,26.26,2016-01-29,26.35,2015-12-31,25.9,2015-11-30,25.06,2015-10-30,23.61,2015-09-30,27.79,2015-08-31,28.68,2015-07-31,31.69,2015-06-30,32.02,2015-05-29,31.93,2015-04-30,275,13,True,True,True,2015-04-30,2016-04-29,2016-05-03,0,8,6.070481344099685,5.846335590543634,3.7556030861568446,3.796185575852178,4.21746149546914,3.453789831781326,1.7110915661606003,2.9160395046447425,-3.1993667544799753,-1.9528857627917386
SA_304,SA_304@2016-05-03,2016-08-01,2016-05-03,1,Industrials,Transportation & Logistics,2016,346.302,259.97,156.807,156.807,0.0,9.56,106.778,217.303,86.332,27.415,7.035,-110.525,259.474,-160.059,-134.555,-179.693,13.342,23.002,7.987,-16.542,-8.555,2.5,18.4835,7.39341,798843.0,1888130.0,0,0,0,0,0,0,0,0,0,0,0,0,0,0,0,0,0,0,0,0,0,0,0,0,0,0,2,bankruptcy,2017-05-03,True,bankrupt,ISHCQ,International Shipholding Corporation,ISHCQ US Equity,2016-02-03,2015-12-31,21,124,124,2016-04-29,4,2016-04-29,4.0,2016-04-29,4.0,2016-04-29,4.0,2016-04-29,4,2016-04-29,4,5,4,2.5,2016-04-29,2.05,2016-03-31,1.15,2016-02-29,1.35,2016-01-29,1.45,2015-12-31,2.17,2015-11-30,2.03,2015-10-30,3.83,2015-09-30,6.04,2015-08-31,5.01,2015-07-31,6.38,2015-06-30,8.01,2015-05-29,10.98,2015-04-30,60,13,True,True,True,2015-04-30,2016-04-29,2016-05-03,0,8,5.850194718443496,2.9695679535333115,-4.714248781014328,-5.081770757481863,-4.909377462022029,-5.196799458607661,2.6631922954603833,2.1957790886762365,-2.86459800552919,-2.2570645776922365
NB_1167,NB_1167@2016-06-18,,2016-06-18,0,Industrials,Transportation & Logistics,2016,1714.663,608.697,580.172,579.023,1.149,121.074,172.529,607.548,1105.966,10.586,0.0,-435.019,153.959,-192.867,-113.311,-194.897,20.032,76.395,-56.086,-67.36,-123.446,5.7381,42.201,7.3545,830245.0,4881547.0,0,0,0,0,0,0,0,0,0,0,0,0,0,0,0,0,0,0,0,0,0,0,0,0,0,0,1,nonbankruptcy_candidate,2017-06-18,True,nonbankrupt,GNK,Genco Shipping & Trading Limited Ordinary Shares New (Marshall Islands),GNK US Equity,2016-03-20,2015-12-31,21,170,170,2016-05-31,18,2016-05-31,18.0,2016-05-31,18.0,2016-05-31,18.0,2016-05-31,18,2016-05-31,18,5,18,5.7381,2016-05-31,10.3,2016-04-29,6.4,2016-03-31,7.0213,2016-02-29,10.1,2016-01-29,14.9,2015-12-31,15.8,2015-11-30,24.0,2015-10-30,39.1,2015-09-30,56.3,2015-08-31,72.7,2015-07-31,72.0,2015-06-30,71.8,2015-05-29,23,13,True,True,True,2015-05-29,2016-05-31,2016-06-17,1,8,7.447554873815079,3.7658636431302988,-6.077685820381193,-5.267172356944495,-4.738922804140443,-5.277589010897554,3.04604508742758,-4.044558902711565,-4.224787858247391,-4.823871886874796
NB_1875,NB_1875@2016-06-18,,2016-06-18,0,Consumer Staples,Retail - Consumer Staples,2016,233.924,118.436,27.607,0.333,27.274,2.915,82.283,69.878,115.488,2.576,74.818,12.405,624.678,28.629,49.966,16.204,2.993,21.337,41.003,-36.75,4.253,13.25,298.1733,22.50364,2433189.0,32444790.0,0,0,0,0,0,0,0,0,0,0,0,0,0,0,0,0,0,0,0,0,0,0,0,0,0,0,1,nonbankruptcy_candidate,2017-06-18,True,nonbankrupt,NGVC,Natural Grocers by Vitamin Cottage Inc. Common Stock,NGVC US Equity,2016-03-20,2015-09-30,21,262,262,2016-05-31,18,2016-05-31,18.0,2016-05-31,18.0,2016-05-31,18.0,2016-05-31,18,2016-05-31,18,5,18,13.25,2016-05-31,13.36,2016-04-29,21.27,2016-03-31,20.12,2016-02-29,18.01,2016-01-29,20.37,2015-12-31,20.81,2015-11-30,23.95,2015-10-30,22.69,2015-09-30,24.28,2015-08-31,26.74,2015-07-31,24.62,2015-06-30,24.21,2015-05-29,47,13,True,True,True,2015-05-29,2016-05-31,2016-06-17,1,8,5.459262057582406,5.701023004150463,2.5956277716879224,3.3887536114378136,3.931158743736622,2.84514191492149,1.3845428280810843,3.737741044303898,-3.6309854756950335,1.6587993419718245
SA_81,SA_81@2016-06-18,2016-09-16,2016-06-18,1,Consumer Discretionary,Consumer Services,2016,664.014,502.878,234.646,112.217,122.429,130.897,243.098,330.107,161.136,48.837,0.0,-87.009,849.826,79.161,101.134,23.298,39.847,21.093,76.71,-7.405,69.305,2.17,51.4266,23.69891,10447294.0,23188390.0,0,0,0,0,0,0,0,0,0,0,0,0,0,0,0,0,0,0,0,0,0,0,0,0,0,0,2,bankruptcy,2017-06-18,True,bankrupt,ESINQ,"ITT Educational Services, Inc.",ESINQ US Equity,2016-03-20,2015-12-31,21,170,170,2016-05-31,18,2016-05-31,18.0,2016-05-31,18.0,2016-05-31,18.0,2016-05-31,18,2016-05-31,18,5,18,2.17,2016-05-31,2.15,2016-04-29,3.09,2016-03-31,2.94,2016-02-29,2.71,2016-01-29,3.73,2015-12-31,3.45,2015-11-30,3.3,2015-10-30,3.43,2015-09-30,3.81,2015-08-31,3.68,2015-07-31,3.97,2015-06-30,4.37,2015-05-29,60,13,True,True,True,2015-05-29,2016-05-31,2016-06-17,1,8,6.4998080930658295,3.959414096112441,-4.47743908197598,4.384037112308642,4.6262856765921665,3.1903940424325503,3.7098333791967217,4.352983949221151,-2.128826766860579,4.252842920042779
NB_2240,NB_2240@2017-05-28,,2017-05-28,0,Consumer Discretionary,Retail - Discretionary,2017,10.6594,5.6885,0.948,0.4014,0.5466,1.621,5.2723,5.1102,4.9709,2.5016,0.0,0.1621,34.122,1.2673,1.952,3.4364,,0.2323,1.7942,-0.1848,1.6094,32.4855,18.2321,0.56124,9576.0,311711.9,0,0,0,0,0,0,0,0,0,0,0,0,0,0,0,0,1,0,0,0,0,0,0,0,0,0,1,nonbankruptcy_candidate,2018-05-28,True,nonbankrupt,QXO,QXO Inc. Common Stock,QXO US Equity,2017-02-27,2016-12-31,20,148,148,2017-04-28,30,2017-04-28,30.0,2017-04-28,30.0,2017-04-28,30.0,2017-04-28,30,2017-04-28,30,5,30,32.4855,2017-04-28,32.0,2017-03-31,31.6,2017-02-28,32.0,2017-01-31,24.0,2016-12-30,22.4,2016-11-30,26.801,2016-10-31,16.96,2016-09-30,14.0,2016-08-31,12.64,2016-07-29,13.6,2016-06-30,14.4,2016-05-31,13.44,2016-04-29,158,13,True,True,True,2016-04-29,2017-04-28,2017-05-26,2,8,2.456112721622353,2.9565807580065,0.150228713246691,0.8185896962504599,1.082482906738226,1.4898432367484495,,1.0275458402342494,-0.16957398397145196,0.9591203098495107
SA_236,SA_236@2017-05-28,2017-08-26,2017-05-28,1,Consumer Discretionary,Retail - Discretionary,2017,310.3,249.875,126.603,1.237,125.366,7.474,240.319,59.555,60.425,25.572,196.654,180.764,468.865,-16.695,-8.073,-23.639,7.143,6.7,19.264,-3.118,16.146,1.0001,15.4957,15.49376,138429.0,148303.8,0,0,0,0,0,0,0,0,0,0,0,0,0,0,0,0,0,0,0,0,0,0,0,0,0,0,2,bankruptcy,2018-05-28,True,bankrupt,PERFQ,"Perfumania Holdings, Inc.",PERFQ US Equity,2017-02-27,2017-01-28,21,120,120,2017-04-28,30,2017-04-28,30.0,2017-04-28,30.0,2017-04-28,30.0,2017-04-28,30,2017-04-28,30,5,30,1.0001,2017-04-28,1.2,2017-03-31,1.75,2017-02-28,1.95,2017-01-31,1.5,2016-12-30,1.6,2016-11-30,1.95,2016-10-31,2.18,2016-09-30,2.2,2016-08-31,2.36,2016-07-29,2.41,2016-06-30,2.4699,2016-05-31,2.85,2016-04-29,60,13,True,True,True,2016-04-29,2017-04-28,2017-05-26,2,8,5.7407570774475625,2.8030997408822684,5.202709142332889,-2.8732821137974267,-2.2053029701874918,-3.204330553426165,2.0971586624849943,3.008845912699374,-1.4153676086055977,2.8417649102565643
SA_292,SA_292@2017-09-15,2017-12-14,2017-09-15,1,Energy,Oil & Gas Supply Chain,2017,2230.478,3071.812,2479.349,0.0,2479.349,613.534,1147.191,533.954,-841.334,0.0,0.0,613.237,16.805,-2262.42,-2240.437,-2343.309,83.045,,-165.665,-691.371,-857.036,1.88,56.1893,29.88793,9989897.0,21091750.0,0,0,0,0,0,0,0,0,0,0,0,0,0,0,0,0,0,1,0,0,0,0,0,0,0,0,2,bankruptcy,2018-09-15,True,bankrupt,CIEIQ,"Cobalt International Energy, Inc.",CIEIQ US Equity,2017-06-17,2016-12-31,20,258,258,2017-08-31,15,2017-08-31,15.0,2017-08-31,15.0,2017-08-31,15.0,2017-08-31,15,2017-08-31,15,5,15,1.88,2017-08-31,2.58,2017-07-31,2.47,2017-06-30,3.3872,2017-05-31,5.8668,2017-04-28,8.0006,2017-03-31,10.6499,2017-02-28,14.7121,2017-01-31,18.2999,2016-12-30,20.2499,2016-11-30,14.1618,2016-10-31,18.5999,2016-09-30,17.9999,2016-08-31,60,13,True,True,True,2016-08-31,2017-08-31,2017-09-15,0,8,7.71041942518138,4.0463668179502355,6.420380847156164,-7.72463222275683,-7.71487245702161,-7.759745967947194,4.431352369685357,-5.115985809704082,-6.540121939120476,-6.754646056649706
NB_1664,NB_1664@2017-09-20,,2017-09-20,0,Materials,"Forestry, Paper & Wood Products",2017,1521.259,867.433,372.608,8.961,363.647,55.444,494.259,323.011,653.826,152.989,249.669,171.248,761.216,-21.52,17.767,21.554,13.85,,31.078,-61.162,-30.084,225.1602,754.8736,3.35261,375126.0,84348640.0,0,0,0,0,0,0,0,0,0,0,0,0,0,0,0,0,0,1,0,0,0,0,0,0,0,0,1,nonbankruptcy_candidate,2018-09-20,True,nonbankrupt,MAGN,Magnera Corporation Common Stock,MAGN US Equity,2017-06-22,2016-12-31,20,263,263,2017-08-31,20,2017-08-31,20.0,2017-08-31,20.0,2017-08-31,20.0,2017-08-31,20,2017-08-31,20,5,20,225.1602,2017-08-31,266.1103,2017-07-31,254.0203,2017-06-30,238.2902,2017-05-31,279.6303,2017-04-28,282.6203,2017-03-31,287.3003,2017-02-28,317.3303,2017-01-31,310.5703,2016-12-30,298.6103,2016-11-30,288.8603,2016-10-31,281.8403,2016-09-30,288.2103,2016-08-31,291,13,True,True,True,2016-08-31,2017-08-31,2017-09-20,0,8,7.327950694772077,6.627874166433567,5.14893529879588,-3.1144038032714896,2.9321000083091353,3.115912433810096,2.6979998652487085,3.4681704369151864,-4.129743880573962,-3.436693217346996
NB_2997,NB_2997@2017-09-20,,2017-09-20,0,Consumer Discretionary,Home & Office Products,2017,77.0437,13.7782,7.9778,7.9778,0.0,2.5877,70.0492,11.6415,63.2654,42.1028,2.7811,58.4077,92.6482,-0.7661,-0.1629,-1.1183,0.2838,0.0423,-6.4215,-0.0135,-6.435,30.5,33.0969,1.08514,22478.0,736524.4,0,0,0,0,0,0,0,0,0,0,0,0,0,0,0,0,0,0,0,0,0,0,0,0,0,0,1,nonbankruptcy_candidate,2018-09-20,True,nonbankrupt,XMAX,XMAX Inc. Common Stock,XMAX US Equity,2017-06-22,2016-12-31,21,263,263,2017-08-31,20,2017-08-31,20.0,2017-08-31,20.0,2017-08-31,20.0,2017-08-31,20,2017-08-31,20,5,20,30.5,2017-08-31,36.25,2017-07-31,37.75,2017-06-30,33.75,2017-05-31,39.75,2017-04-28,41.5,2017-03-31,49.75,2017-02-28,43.25,2017-01-31,48.25,2016-12-30,63.75,2016-11-30,90.0,2016-10-31,90.75,2016-09-30,24.6,2016-08-31,73,13,True,True,True,2016-08-31,2017-08-31,2017-09-20,0,8,4.35726892621482,3.52920647106608,4.0844238475970345,-0.5687737257201884,-0.15091688531686046,-0.7506138802082738,0.2498244298955407,-2.0043811930826827,-0.013409686909917675,-2.0061985799121183
NB_340,NB_340@2017-09-20,,2017-09-20,0,Materials,"Forestry, Paper & Wood Products",2017,1439.197,859.193,437.629,0.0,437.629,103.978,760.459,312.864,580.004,199.191,433.451,447.595,3911.215,79.578,154.505,38.254,26.692,,151.907,-83.583,68.324,30.0,1156.1345,38.53782,7810422.0,230038700.0,0,0,0,0,0,0,0,0,0,0,0,0,0,0,0,0,0,1,0,0,0,0,0,0,0,0,1,nonbankruptcy_candidate,2018-09-20,True,nonbankrupt,BCC,Boise Cascade L.L.C. Common Stock,BCC US Equity,2017-06-22,2016-12-31,20,263,263,2017-08-31,20,2017-08-31,20.0,2017-08-31,20.0,2017-08-31,20.0,2017-08-31,20,2017-08-31,20,5,20,30.0,2017-08-31,30.35,2017-07-31,30.4,2017-06-30,26.95,2017-05-31,30.5,2017-04-28,26.7,2017-03-31,27.1,2017-02-28,24.8,2017-01-31,22.5,2016-12-30,22.8,2016-11-30,19.25,2016-10-31,25.4,2016-09-30,26.24,2016-08-31,55,13,True,True,True,2016-08-31,2017-08-31,2017-09-20,0,8,7.272535188768575,7.053701969356914,6.106120476237101,4.389225659400575,5.046677885443185,3.6700533498638874,3.321143562815779,5.0298298934436465,-4.437733300793423,4.238791166587129
NB_899,NB_899@2017-09-20,,2017-09-20,0,Energy,Oil & Gas Supply Chain,2017,81.032,81.39,14.44,7.5,6.94,20.474,38.475,55.554,-0.358,6.751,0.997,-17.079,59.784,-4.391,2.535,-26.55,2.616,,-3.452,-14.397,-17.849,0.7275,42.7901,58.81803,2833423.0,2215018.0,0,0,0,0,0,0,0,0,0,0,0,0,0,0,0,0,0,1,0,0,0,0,0,0,0,0,1,nonbankruptcy_candidate,2018-09-20,True,nonbankrupt,EGY,VAALCO Energy Inc. Common Stock,EGY US Equity,2017-06-22,2016-12-31,20,263,263,2017-08-31,20,2017-08-31,20.0,2017-08-31,20.0,2017-08-31,20.0,2017-08-31,20,2017-08-31,20,5,20,0.7275,2017-08-31,0.929,2017-07-31,0.935,2017-06-30,1.02,2017-05-31,1.0,2017-04-28,0.9171,2017-03-31,1.12,2017-02-28,1.17,2017-01-31,1.04,2016-12-30,0.771,2016-11-30,0.79,2016-10-31,0.9292,2016-09-30,1.06,2016-08-31,291,13,True,True,True,2016-08-31,2017-08-31,2017-09-20,0,8,4.407109415041345,3.7794077644370985,-2.8947510436998773,-1.6847308964695318,1.2627132993485362,-3.3160025355989236,1.28536844252993,-1.4933534334132983,-2.7341726852477817,-2.9364598620889195
SA_62,SA_62@2017-09-20,2017-12-19,2017-09-20,1,Materials,"Forestry, Paper & Wood Products",2017,312.717,162.599,114.97,11.237,103.733,28.319,77.179,48.8,150.118,12.49,28.131,28.379,150.744,-173.993,-151.808,169.275,10.986,,-10.422,-19.883,-30.305,0.266,6.1743,23.21178,6415521.0,1912295.0,0,0,0,0,0,0,0,0,0,0,0,0,0,0,0,0,0,1,0,0,0,0,0,0,0,0,2,bankruptcy,2018-09-20,True,bankrupt,RTKHQ,"Rentech, Inc.",RTKHQ US Equity,2017-06-22,2016-12-31,20,263,263,2017-08-31,20,2017-08-31,20.0,2017-08-31,20.0,2017-08-31,20.0,2017-08-31,20,2017-08-31,20,5,20,0.266,2017-08-31,0.53,2017-07-31,0.453,2017-06-30,0.4295,2017-05-31,0.5198,2017-04-28,0.5,2017-03-31,0.7801,2017-02-28,2.575,2017-01-31,2.48,2016-12-30,1.63,2016-11-30,2.41,2016-10-31,2.92,2016-09-30,3.61,2016-08-31,60,13,True,True,True,2016-08-31,2017-08-31,2017-09-20,0,8,5.748491305631396,1.9705051959106934,3.3802801334067674,-5.164745973123493,-5.029182231382834,5.137414777127382,2.4837393020359935,-2.4355413202426712,-3.038935430854639,-3.443777829197274
NB_1048,NB_1048@2017-10-17,,2017-10-17,0,Health Care,Biotech & Pharma,2017,19.302,0.665,0.0,0.0,0.0,16.615,19.07,0.665,18.637,0.0,0.0,18.405,0.0,-14.957,-14.899,-14.85,0.0,,-12.234,-0.075,-12.309,4.07,26.8437,6.59551,771142.0,2959847.0,0,0,0,0,0,0,0,0,0,0,0,0,0,0,0,0,0,1,0,0,0,0,0,0,0,0,1,nonbankruptcy_candidate,2018-10-17,True,nonbankrupt,FLNA,Filana Therapeutics Inc. Common Stock,FLNA US Equity,2017-07-19,2016-12-31,20,290,290,2017-09-29,18,2017-09-29,18.0,2017-09-29,18.0,2017-09-29,18.0,2017-09-29,18,2017-09-29,18,5,18,4.07,2017-09-29,3.21,2017-08-31,3.41,2017-07-31,4.15,2017-06-30,3.7578,2017-05-31,5.915,2017-04-28,6.2532,2017-03-31,4.0053,2017-02-28,3.92,2017-01-31,3.9913,2016-12-30,4.4774,2016-11-30,3.9362,2016-10-31,6.9991,2016-09-30,207,13,True,True,True,2016-09-30,2017-09-29,2017-10-17,0,8,3.0107194033622395,3.3266067289343413,2.9655307648208695,-2.7698976044282904,-2.766256214166572,-2.7631695003232895,0.0,-2.582789275589868,-0.07232066157962612,-2.588440498104419
NB_1487,NB_1487@2017-10-17,,2017-10-17,0,Energy,Oil & Gas Supply Chain,2017,147.004,25.319,20.229,0.0,20.229,11.101,13.528,2.888,121.685,1.163,0.0,10.64,8.561,-4.062,1.187,-11.148,1.946,5.249,5.18,-2.497,2.683,2.202985,55.6127,25.24427,19416.0,39812.21,0,0,0,0,0,0,0,0,0,0,0,0,0,0,0,0,0,0,0,0,0,0,0,0,0,0,1,nonbankruptcy_candidate,2018-10-17,True,nonbankrupt,KGEI,Kolibri Global Energy Inc. Common stock,KGEI US Equity,2017-07-19,2016-12-31,21,290,290,2017-09-29,18,2017-09-29,18.0,2017-09-29,18.0,2017-09-29,18.0,2017-09-29,18,2017-09-29,18,5,18,2.202985,2017-09-29,1.917242,2017-08-31,1.908946,2017-07-31,1.199198,2017-06-30,1.410279,2017-05-31,1.505911,2017-04-28,1.376289,2017-03-31,1.843502,2017-02-28,2.027852,2017-01-31,2.080277,2016-12-30,1.480563,2016-11-30,1.422377,2016-10-31,1.388387,2016-09-30,110,13,True,True,True,2016-09-30,2017-09-29,2017-10-17,0,8,4.997239300425918,4.036233341664787,2.454447442303292,-1.6217616621229323,0.7825307416946308,-2.4971645471835022,1.0804483180404385,1.8213182714695995,-1.2519054580812388,1.3037276374629283
NB_1814,NB_1814@2017-10-17,,2017-10-17,0,Energy,Oil & Gas Supply Chain,2017,4.0435,0.6041,0.0,0.0,0.0,,1.6041,0.6041,,0.0,0.0,1.0,1.3648,1.212,,1.2139,0.0,,,,,15.45,28.7925,1.86359,159280.0,2313341.0,0,0,0,0,0,1,0,0,1,0,0,0,0,0,1,0,0,1,1,1,1,0,0,0,0,0,1,nonbankruptcy_candidate,2018-10-17,True,nonbankrupt,MTR,Mesa Royalty Trust Common Stock,MTR US Equity,2017-07-19,2016-12-31,14,290,290,2017-09-29,18,2017-09-29,18.0,2017-09-29,18.0,2017-09-29,18.0,2017-09-29,18,2017-09-29,18,5,18,15.45,2017-09-29,13.85,2017-08-31,12.7,2017-07-31,11.7,2017-06-30,12.35,2017-05-31,14.65,2017-04-28,13.25,2017-03-31,10.8,2017-02-28,13.05,2017-01-31,10.9,2016-12-30,10.8297,2016-11-30,9.8,2016-10-31,8.34,2016-09-30,292,13,True,True,True,2016-09-30,2017-09-29,2017-10-17,0,8,1.618100285512753,3.394256683982824,0.6931471805599453,0.7938970836600884,,0.7947556661480423,0.0,,,
NB_1898,NB_1898@2017-10-17,,2017-10-17,0,Energy,Oil & Gas Supply Chain,2017,431.533,918.9546,832.6251,0.0,832.6251,6.4861,46.8942,77.4437,-487.4217,35.84,0.0,-30.5495,221.2504,-152.9579,-91.7138,-293.4937,64.4856,0.2,101.8916,-93.1506,8.741,9.0,57.4398,6.3822,1193447.0,10211140.0,0,0,0,0,0,0,0,0,0,0,0,0,0,0,0,0,0,0,0,0,0,0,0,0,0,0,1,nonbankruptcy_candidate,2018-10-17,True,nonbankrupt,NOG,Northern Oil and Gas Inc. Common Stock,NOG US Equity,2017-07-19,2016-12-31,21,290,290,2017-09-29,18,2017-09-29,18.0,2017-09-29,18.0,2017-09-29,18.0,2017-09-29,18,2017-09-29,18,5,18,9.0,2017-09-29,8.5,2017-08-31,12.5,2017-07-31,14.0,2017-06-30,16.5,2017-05-31,22.5,2017-04-28,26.0,2017-03-31,30.0,2017-02-28,36.0,2017-01-31,27.5,2016-12-30,22.5,2016-11-30,21.0,2016-10-31,26.8,2016-09-30,129,13,True,True,True,2016-09-30,2017-09-29,2017-10-17,0,8,6.069658624039228,4.067997164563159,-3.4515577410011047,-5.036679188416052,-4.529517328806087,-5.685257610672672,4.181830271142996,4.633676006854817,-4.544895627892202,2.2763437817888184
NB_678,NB_678@2017-10-17,,2017-10-17,0,Health Care,Biotech & Pharma,2017,43.9504,24.1823,16.5365,2.3601,14.1764,13.9151,38.9502,7.7973,19.7681,0.1005,0.0,31.1529,0.3811,-40.1456,-39.0761,-39.2037,1.3755,,-31.0399,-0.8235,-31.8633,52.5601,27.2068,0.51763,54819.0,2792315.0,0,0,0,0,0,0,0,0,0,0,0,0,0,0,0,0,0,1,0,0,0,0,0,0,0,0,1,nonbankruptcy_candidate,2018-10-17,True,nonbankrupt,CRDF,Cardiff Oncology Inc. Common Stock,CRDF US Equity,2017-07-19,2016-12-31,20,290,290,2017-09-29,18,2017-09-29,18.0,2017-09-29,18.0,2017-09-29,18.0,2017-09-29,18,2017-09-29,18,5,18,52.5601,2017-09-29,47.5201,2017-08-31,58.3201,2017-07-31,90.7202,2017-06-30,46.3231,2017-05-31,66.9601,2017-04-28,82.8002,2017-03-31,140.4003,2017-02-28,144.0003,2017-01-31,151.2003,2016-12-30,208.8004,2016-11-30,248.4005,2016-10-31,323.2806,2016-09-30,159,13,True,True,True,2016-09-30,2017-09-29,2017-10-17,0,8,3.805559659654454,3.3395630836275294,3.4705026487929507,-3.717116995525176,-3.6907801466529113,-3.693959031190568,0.8652079416448389,-3.466982001096661,-0.6007577312665978,-3.492356533616672
SA_232,SA_232@2017-10-17,2018-01-15,2017-10-17,1,Energy,Oil & Gas Supply Chain,2017,661.414,1533.32,1308.538,50.0,1258.538,9.068,110.617,258.363,-871.906,52.674,8.007,-147.746,310.15,-181.8,-105.818,-225.258,70.438,1.5,-0.414,-80.425,-80.839,1.34,29.0119,21.65065,6661594.0,9622421.0,0,0,0,0,0,0,0,0,0,0,0,0,0,0,0,0,0,0,0,0,0,0,0,0,0,0,2,bankruptcy,2018-10-17,True,bankrupt,XCOOQ,"EXCO Resources, Inc.",XCOOQ US Equity,2017-07-19,2016-12-31,21,290,290,2017-09-29,18,2017-09-29,18.0,2017-09-29,18.0,2017-09-29,18.0,2017-09-29,18,2017-09-29,18,5,18,1.34,2017-09-29,1.79,2017-08-31,1.97,2017-07-31,2.65,2017-06-30,4.9528,2017-05-31,7.35,2017-04-28,9.2981,2017-03-31,8.355,2017-02-28,10.0368,2017-01-31,13.1052,2016-12-30,15.4499,2016-11-30,16.1999,2016-10-31,16.0499,2016-09-30,60,13,True,True,True,2016-09-30,2017-09-29,2017-10-17,0,8,6.4958907381134035,3.401593969677398,-5.0022401533078735,-5.20839265902005,-4.671126451650781,-5.421675941070939,4.268829940655645,-0.346422567474381,-4.399682351162297,-4.404753902604887
NB_698,NB_698@2017-11-04,,2017-11-04,0,Consumer Discretionary,Home & Office Products,2017,47.184,8.261,0.0,0.0,0.0,7.892,41.11,7.573,38.923,14.921,15.821,33.537,65.978,8.7,9.632,5.572,0.068,0.178,10.389,-0.191,10.198,6.075,61.1009,10.05776,231176.0,1473918.0,0,0,0,0,0,0,0,0,0,0,0,0,0,0,0,0,0,0,0,0,0,0,0,0,0,0,1,nonbankruptcy_candidate,2018-11-04,True,nonbankrupt,CRWS,Crown Crafts Inc Common Stock,CRWS US Equity,2017-08-06,2017-04-02,21,216,216,2017-10-31,4,2017-10-31,4.0,2017-10-31,4.0,2017-10-31,4.0,2017-10-31,4,2017-10-31,4,5,4,6.075,2017-10-31,6.5,2017-09-29,6.65,2017-08-31,5.4,2017-07-31,6.95,2017-06-30,7.55,2017-05-31,7.8,2017-04-28,8.225,2017-03-31,7.9,2017-02-28,7.65,2017-01-31,7.75,2016-12-30,7.9,2016-11-30,9.65,2016-10-31,293,13,True,True,True,2016-10-31,2017-10-31,2017-11-03,1,8,3.87502701574142,4.128760481588038,3.5420312131270073,2.272125885509337,2.363868321410944,1.8828182001750216,0.0657877405380031,2.432647977292214,-0.17479329037316305,2.4157351909267017
SA_151,SA_151@2017-11-04,2018-02-02,2017-11-04,1,Consumer Discretionary,Home & Office Products,2017,912.959,1502.116,1018.666,31.727,986.939,5.532,383.245,315.206,-589.157,234.187,101.95,68.039,1660.001,76.032,123.232,67.949,,41.456,38.871,-41.137,-2.266,1.25,10.7261,8.5809,8078991.0,13623140.0,0,0,0,0,0,0,0,0,0,0,0,0,0,0,0,0,1,0,0,0,0,0,0,0,0,0,2,bankruptcy,2018-11-04,True,bankrupt,CVOVQ,"Cenveo, Inc.",CVOVQ US Equity,2017-08-06,2016-12-31,20,308,308,2017-10-31,4,2017-10-31,4.0,2017-10-31,4.0,2017-10-31,4.0,2017-10-31,4,2017-10-31,4,5,4,1.25,2017-10-31,3.45,2017-09-29,3.78,2017-08-31,6.0,2017-07-31,6.09,2017-06-30,6.05,2017-05-31,4.44,2017-04-28,5.02,2017-03-31,5.57,2017-02-28,6.9,2017-01-31,6.99,2016-12-30,6.69,2016-11-30,8.25,2016-10-31,60,13,True,True,True,2016-10-31,2017-10-31,2017-11-03,1,8,6.8177857126799575,2.4618171265629685,4.234671562313379,4.344220919937983,4.822150785266888,4.233367100870903,,3.685649242593651,-3.74092621457462,-1.1835659945482733
SA_250,SA_250@2017-12-12,2018-03-12,2017-12-12,1,Health Care,Biotech & Pharma,2017,304.589,247.545,166.179,0.0,166.179,92.494,224.461,65.36,57.044,1.102,23.193,159.101,33.709,-56.97,-53.235,-24.524,7.85,0.428,-109.713,-0.33,-110.043,1.62,26.8982,16.60383,3210944.0,5461426.0,0,0,0,0,0,0,0,0,0,0,0,0,0,0,0,0,0,0,0,0,0,0,0,0,0,0,2,bankruptcy,2018-12-12,True,bankrupt,OREXQ,"Orexigen Therapeutics, Inc.",OREXQ US Equity,2017-09-13,2016-12-31,21,346,346,2017-11-30,12,2017-11-30,12.0,2017-11-30,12.0,2017-11-30,12.0,2017-11-30,12,2017-11-30,12,5,12,1.62,2017-11-30,1.62,2017-10-31,2.12,2017-09-29,2.27,2017-08-31,2.42,2017-07-31,2.9,2017-06-30,2.86,2017-05-31,3.37,2017-04-28,3.44,2017-03-31,4.27,2017-02-28,3.37,2017-01-31,1.74,2016-12-30,1.96,2016-11-30,60,13,True,True,True,2016-11-30,2017-11-30,2017-12-12,0,8,5.7222410618801405,3.3285621706170327,5.075804866079352,-4.059925635351641,-3.9933264564921807,-3.2396191860061005,2.180417459019838,-4.706941267327378,-0.2851789422336624,-4.7099175136846005
NB_1538,NB_1538@2018-02-17,,2018-02-17,0,Communications,Telecommunications,2018,199.757,93.255,58.053,7.9,50.153,26.422,108.832,39.643,106.502,31.152,20.745,69.189,176.122,-1.322,11.242,-7.517,1.436,7.608,18.699,-5.631,13.068,11.05,189.065,17.10996,383616.0,4276533.0,0,0,0,0,0,0,0,0,0,0,0,0,0,0,0,0,0,0,0,0,0,0,0,0,0,0,1,nonbankruptcy_candidate,2019-02-17,True,nonbankrupt,KVHI,KVH Industries Inc. Common Stock,KVHI US Equity,2017-11-19,2016-12-31,21,413,413,2018-01-31,17,2018-01-31,17.0,2018-01-31,17.0,2018-01-31,17.0,2018-01-31,17,2018-01-31,17,5,17,11.05,2018-01-31,10.35,2017-12-29,10.8,2017-11-30,11.55,2017-10-31,11.95,2017-09-29,11.8,2017-08-31,10.9,2017-07-31,9.5,2017-06-30,9.45,2017-05-31,8.0,2017-04-28,8.4,2017-03-31,10.05,2017-02-28,10.4,2017-01-31,262,13,True,True,True,2017-01-31,2018-01-31,2018-02-16,1,8,5.302095221459302,5.247366118918981,4.251191603597102,-0.8424288832756998,2.504872662428878,-2.142064166158944,0.8903573498476506,2.9805678730342184,-1.8917556223867307,2.643902714611736
SA_46,SA_46@2018-02-17,2018-05-18,2018-02-17,1,Energy,Oil & Gas Supply Chain,2018,893.923,883.697,759.72,0.764,758.956,3.697,33.775,103.708,10.226,25.448,0.0,-69.933,139.017,-132.607,-64.632,-176.715,43.519,,-4.404,-55.694,-60.098,1.48,14.7044,9.93538,10244254.0,17880080.0,0,0,0,0,0,0,0,0,0,0,0,0,0,0,0,0,0,1,0,0,0,0,0,0,0,0,2,bankruptcy,2019-02-17,True,bankrupt,REXXQ,Rex Energy Corporation,REXXQ US Equity,2017-11-19,2016-12-31,20,413,413,2018-01-31,17,2018-01-31,17.0,2018-01-31,17.0,2018-01-31,17.0,2018-01-31,17,2018-01-31,17,5,17,1.48,2018-01-31,1.3811,2017-12-29,1.84,2017-11-30,1.89,2017-10-31,2.7,2017-09-29,2.29,2017-08-31,2.91,2017-07-31,2.89,2017-06-30,2.91,2017-05-31,3.405,2017-04-28,4.695,2017-03-31,6.13,2017-02-28,6.5887,2017-01-31,60,13,True,True,True,2017-01-31,2018-01-31,2018-02-16,1,8,6.796737681054207,2.753940927867298,-4.261735769540218,-4.894902654939545,-4.18406338188997,-5.180181143528339,3.795916064340159,-1.6871394200979524,-4.037668385028544,-4.112479132417583
NB_1732,NB_1732@2018-07-17,,2018-07-17,0,Energy,Oil & Gas Services & Equip,2018,73.679,7.83,0.0,0.0,0.0,9.902,33.046,7.523,65.849,10.494,10.856,25.523,48.276,-19.708,-3.071,-21.069,,,0.719,-1.316,-0.597,40.2,48.5994,1.20894,52911.0,2223690.0,0,0,0,0,0,0,0,0,0,0,0,0,0,0,0,0,1,1,0,0,0,0,0,0,0,0,1,nonbankruptcy_candidate,2019-07-17,True,nonbankrupt,MIND,MIND Technology Inc. Common Stock (DE),MIND US Equity,2018-04-18,2018-01-31,19,167,167,2018-06-29,18,2018-06-29,18.0,2018-06-29,18.0,2018-06-29,18.0,2018-06-29,18,2018-06-29,18,5,18,40.2,2018-06-29,40.1,2018-05-31,32.5,2018-04-30,32.4,2018-03-30,35.2,2018-02-28,37.6,2018-01-31,31.7,2017-12-29,37.6,2017-11-30,31.4,2017-10-31,34.9,2017-09-29,37.5,2017-08-31,39.7,2017-07-31,38.8,2017-06-30,283,13,True,True,True,2017-06-30,2018-06-29,2018-07-17,0,8,4.31319892811788,3.9039787368835217,3.278012281091777,-3.030520099039655,-1.4038886695208417,-3.094173908866023,,0.5417427264007122,-0.8398415597107488,-0.4681268692328754
NB_2097,NB_2097@2018-07-17,,2018-07-17,0,Energy,Oil & Gas Supply Chain,2018,36.401,73.541,67.085,0.588,66.497,0.917,1.394,3.372,-37.14,0.301,0.0,-1.978,3.015,-23.572,-19.818,-36.37,12.798,3.62,-0.236,0.0,-0.236,45.4,16.5228,0.36394,2731842.0,132391300.0,0,0,0,0,0,0,0,0,0,0,0,0,0,0,0,0,0,0,0,0,0,0,0,0,0,0,1,nonbankruptcy_candidate,2019-07-17,True,nonbankrupt,PED,Pedevco Corp. Common Stock,PED US Equity,2018-04-18,2017-12-31,21,198,198,2018-06-29,18,2018-06-29,18.0,2018-06-29,18.0,2018-06-29,18.0,2018-06-29,18,2018-06-29,18,5,18,45.4,2018-06-29,6.112,2018-05-31,6.34,2018-04-30,6.002,2018-03-30,5.7,2018-02-28,6.476,2018-01-31,6.398,2017-12-29,5.93,2017-11-30,6.398,2017-10-31,11.8,2017-09-29,13.24,2017-08-31,12.9,2017-07-31,12.872,2017-06-30,182,13,True,True,True,2017-06-30,2018-06-29,2018-07-17,0,8,3.6216974420309476,2.863502890090411,-1.0912519342618172,-3.201607583301681,-3.0358179970932766,-3.6208682434973927,2.6245236541239167,-0.211880359035499,0.0,-0.211880359035499
SA_288,SA_288@2018-07-17,2018-10-15,2018-07-17,1,Consumer Discretionary,Retail - Discretionary,2018,7273.0,10999.0,4132.0,1883.0,2249.0,182.0,3823.0,4922.0,-3726.0,343.0,2798.0,-1099.0,16702.0,-430.0,-98.0,-383.0,539.0,328.0,-1842.0,-80.0,-1922.0,2.37,256.6993,108.31192,43962317.0,105960700.0,0,0,0,0,0,0,0,0,0,0,0,0,0,0,0,0,0,0,0,0,0,0,0,0,0,0,2,bankruptcy,2019-07-17,True,bankrupt,SHLDQ,Sears Holdings Corporation,SHLDQ US Equity,2018-04-18,2018-02-03,21,164,164,2018-06-29,18,2018-06-29,18.0,2018-06-29,18.0,2018-06-29,18.0,2018-06-29,18,2018-06-29,18,5,18,2.37,2018-06-29,2.81,2018-05-31,2.99,2018-04-30,2.67,2018-03-30,2.42,2018-02-28,2.57,2018-01-31,3.58,2017-12-29,4.08,2017-11-30,5.51,2017-10-31,7.3,2017-09-29,8.21,2017-08-31,8.72,2017-07-31,8.86,2017-06-30,60,13,True,True,True,2017-06-30,2018-06-29,2018-07-17,0,8,8.892061625546935,5.551793401317805,-7.003065458786462,-6.066108090103747,-4.59511985013459,-5.950642552587727,6.29156913955832,-7.519149957669823,-4.394449154672439,-7.56164174558878
NB_2097,NB_2097@2018-08-02,,2018-08-02,0,Energy,Oil & Gas Supply Chain,2018,36.401,73.541,67.085,0.588,66.497,0.917,1.394,3.372,-37.14,0.301,0.0,-1.978,3.015,-23.572,-19.818,-36.37,12.798,3.62,-0.236,0.0,-0.236,47.0,34.8437,0.74136,2771857.0,141319600.0,0,0,0,0,0,0,0,0,0,0,0,0,0,0,0,0,0,0,0,0,0,0,0,0,0,0,1,nonbankruptcy_candidate,2019-08-02,True,nonbankrupt,PED,Pedevco Corp. Common Stock,PED US Equity,2018-05-04,2017-12-31,21,214,214,2018-07-31,2,2018-07-31,2.0,2018-07-31,2.0,2018-07-31,2.0,2018-07-31,2,2018-07-31,2,5,2,47.0,2018-07-31,45.4,2018-06-29,6.112,2018-05-31,6.34,2018-04-30,6.002,2018-03-30,5.7,2018-02-28,6.476,2018-01-31,6.398,2017-12-29,5.93,2017-11-30,6.398,2017-10-31,11.8,2017-09-29,13.24,2017-08-31,12.9,2017-07-31,183,13,True,True,True,2017-07-31,2018-07-31,2018-08-02,0,8,3.6216974420309476,3.579167819385341,-1.0912519342618172,-3.201607583301681,-3.0358179970932766,-3.6208682434973927,2.6245236541239167,-0.211880359035499,0.0,-0.211880359035499
NB_416,NB_416@2018-08-02,,2018-08-02,0,Consumer Discretionary,Retail - Discretionary,2018,1039.211,571.248,196.4,100.0,96.4,16.126,619.371,413.465,467.963,100.06,493.948,205.906,2203.617,-262.703,-197.117,-252.566,,,60.042,-42.809,17.233,122.484,263.6714,2.1527,328463.0,38969560.0,0,0,0,0,0,0,0,0,0,0,0,0,0,0,0,0,1,1,0,0,0,0,0,0,0,0,1,nonbankruptcy_candidate,2019-08-02,True,nonbankrupt,BNED,Barnes & Noble Education Inc Common Stock,BNED US Equity,2018-05-04,2018-04-28,19,96,96,2018-07-31,2,2018-07-31,2.0,2018-07-31,2.0,2018-07-31,2.0,2018-07-31,2,2018-07-31,2,5,2,122.484,2018-07-31,122.9199,2018-06-29,138.1759,2018-05-31,156.701,2018-04-30,150.1627,2018-03-30,159.0984,2018-02-28,144.9321,2018-01-31,179.585,2017-12-29,131.6376,2017-11-30,118.7789,2017-10-31,141.8809,2017-09-29,112.8945,2017-08-31,157.5728,2017-07-31,37,13,True,True,True,2017-07-31,2018-07-31,2018-08-02,0,8,6.947178856172503,5.578489056550089,5.332264583847694,-5.5748234698588055,-5.288857765267413,-5.535624144174334,,4.111562151839165,-3.779839275726444,2.9032331390570674
NB_447,NB_447@2018-08-02,,2018-08-02,0,Energy,Oil & Gas Supply Chain,2018,15.316,4.655,1.537,0.6,0.937,3.277,5.918,1.583,10.661,0.687,0.0,4.335,6.545,-0.989,-0.099,-1.361,0.513,0.8,-0.892,-0.299,-1.191,11.1,14.551,1.3109,474710.0,6858317.0,0,0,0,0,0,0,0,0,0,0,0,0,0,0,0,0,0,0,0,0,0,0,0,0,0,0,1,nonbankruptcy_candidate,2019-08-02,True,nonbankrupt,BSIN,Big Sky Industrial Inc. Common Stock,BSIN US Equity,2018-05-04,2017-12-31,21,214,214,2018-07-31,2,2018-07-31,2.0,2018-07-31,2.0,2018-07-31,2.0,2018-07-31,2,2018-07-31,2,5,2,11.1,2018-07-31,13.2,2018-06-29,13.008,2018-05-31,11.2,2018-04-30,12.278,2018-03-30,12.8,2018-02-28,15.2,2018-01-31,15.0,2017-12-29,12.0,2017-11-30,11.7,2017-10-31,7.7,2017-09-29,7.601,2017-08-31,7.5,2017-07-31,302,13,True,True,True,2017-07-31,2018-07-31,2018-08-02,0,8,2.792146221455312,2.7441249452392005,1.6742888847537167,-0.6876319998718352,-0.09440067542148432,-0.8590852581033759,0.4140944348062189,-0.6376344706296866,-0.2615947376884625,-0.7843580606133295
SA_112,SA_112@2018-08-02,2018-10-31,2018-08-02,1,Energy,Oil & Gas Supply Chain,2018,380.123,411.951,342.952,0.0,342.952,13.266,54.171,61.586,-31.828,38.575,0.0,-7.415,72.13,4.197,28.212,-46.755,38.955,24.015,20.062,-107.748,-87.686,0.17,37.4179,220.10533,194175106.0,37586780.0,0,0,0,0,0,0,0,0,0,0,0,0,0,0,0,0,0,0,0,0,0,0,0,0,0,0,2,bankruptcy,2019-08-02,True,bankrupt,GSTCQ,Gastar Exploration Inc.,GSTCQ US Equity,2018-05-04,2017-12-31,21,214,214,2018-07-31,2,2018-07-31,2.0,2018-07-31,2.0,2018-07-31,2.0,2018-07-31,2,2018-07-31,2,5,2,0.17,2018-07-31,0.56,2018-06-29,0.66,2018-05-31,0.68,2018-04-30,0.6827,2018-03-30,0.6765,2018-02-28,0.9985,2018-01-31,1.05,2017-12-29,1.05,2017-11-30,0.82,2017-10-31,0.8796,2017-09-29,0.5902,2017-08-31,0.86,2017-07-31,60,13,True,True,True,2017-07-31,2018-07-31,2018-08-02,0,8,5.943122157672478,3.6485234968147973,-2.130015827642769,1.6480815360263048,3.374579583757863,-3.866083773486701,3.687753820826426,3.0474704689584056,-4.689033278995083,-4.485102041457991
NB_1343,NB_1343@2018-11-27,,2018-11-27,0,Communications,Telecommunications,2018,399.597,368.294,0.0,0.0,0.0,68.089,328.881,366.984,31.303,69.481,0.0,-38.103,1547.495,8.378,31.179,4.208,,22.7,20.394,-20.567,-0.173,7.04,166.9763,22.1439,7709998.0,54604140.0,0,0,0,0,0,0,0,0,0,0,0,0,0,0,0,0,1,0,0,0,0,0,0,0,0,0,1,nonbankruptcy_candidate,2019-11-27,True,nonbankrupt,IDT,IDT Corporation Class B Common Stock,IDT US Equity,2018-08-29,2018-07-31,20,119,119,2018-10-31,27,2018-10-31,27.0,2018-10-31,27.0,2018-10-31,27.0,2018-10-31,27,2018-10-31,27,5,27,7.04,2018-10-31,5.34,2018-09-28,5.29,2018-08-31,5.25,2018-07-31,5.62,2018-06-29,4.9,2018-05-31,5.42,2018-04-30,6.27,2018-03-30,10.2941,2018-02-28,9.2629,2018-01-31,9.0329,2017-12-29,13.3192,2017-11-30,11.2314,2017-10-31,210,13,True,True,True,2017-10-31,2018-10-31,2018-11-27,0,8,5.992955934436827,5.123822898023177,-3.666199190390716,2.2383665206673946,3.471314065879404,1.6501959049062682,,3.063110508883939,-3.071164368669844,-0.1595645696713384
SA_289,SA_289@2018-11-27,2019-02-25,2018-11-27,1,Communications,Telecommunications,2018,11084.3,12383.2,10675.8,357.9,10317.9,43.4,933.7,1543.4,-1298.9,643.0,93.0,-609.7,5852.9,-1590.6,-120.6,-2116.6,875.4,1229.0,974.6,-908.6,66.0,4.12,176.905,42.93812,12588919.0,56677890.0,0,0,0,0,0,0,0,0,0,0,0,0,0,0,0,0,0,0,0,0,0,0,0,0,0,0,2,bankruptcy,2019-11-27,True,bankrupt,WINMQ,"Windstream Holdings, Inc. (Windstream Services, LLC)",WINMQ US Equity,2018-08-29,2017-12-31,21,331,331,2018-10-31,27,2018-10-31,27.0,2018-10-31,27.0,2018-10-31,27.0,2018-10-31,27,2018-10-31,27,5,27,4.12,2018-10-31,4.9,2018-09-28,4.71,2018-08-31,3.52,2018-07-31,5.27,2018-06-29,5.51,2018-05-31,7.75,2018-04-30,7.05,2018-03-30,7.9,2018-02-28,8.25,2018-01-31,9.25,2017-12-29,13.15,2017-11-30,9.4,2017-10-31,60,13,True,True,True,2017-10-31,2018-10-31,2018-11-27,0,8,9.313375185283657,5.181249699954179,-6.414605840229089,-7.372495078552774,-4.800736969532067,-7.658038650912891,6.775822607721311,6.883052666341765,-6.813004942436327,4.204692619390966
NB_1089,NB_1089@2018-12-14,,2018-12-14,0,Energy,Oil & Gas Services & Equip,2018,329.888,64.63,27.95,27.95,0.0,4.584,137.924,64.63,265.258,34.897,32.46,73.294,243.106,-10.32,-0.552,-27.395,2.168,9.768,16.447,-4.197,12.25,8.34,79.2823,9.50629,5236396.0,52816790.0,0,0,0,0,0,0,0,0,0,0,0,0,0,0,0,0,0,0,0,0,0,0,0,0,0,0,1,nonbankruptcy_candidate,2019-12-14,True,nonbankrupt,FTK,Flotek Industries Inc. Common Stock,FTK US Equity,2018-09-15,2017-12-31,21,348,348,2018-11-30,14,2018-11-30,14.0,2018-11-30,14.0,2018-11-30,14.0,2018-11-30,14,2018-11-30,14,5,14,8.34,2018-11-30,10.86,2018-10-31,14.4,2018-09-28,14.94,2018-08-31,18.6,2018-07-31,19.38,2018-06-29,18.78,2018-05-31,21.42,2018-04-30,36.5999,2018-03-30,35.6999,2018-02-28,32.9999,2018-01-31,27.9599,2017-12-29,28.3199,2017-11-30,283,13,True,True,True,2017-11-30,2018-11-30,2018-12-14,0,8,5.801779949537438,4.385549173243701,4.308030194761747,-2.4265710727750367,-0.43954442176102704,-3.346213073329396,1.1531004739521795,2.8591677140977647,-1.6480815360263048,2.583997552432231
NB_1912,NB_1912@2018-12-14,,2018-12-14,0,Energy,Oil & Gas Supply Chain,2018,2.126,2.0219,0.0,0.0,0.0,2.126,2.126,2.0219,,0.0,0.0,0.1041,7.7622,7.0221,,7.0264,,,,,,6.48,59.555,9.19059,326715.0,2222165.0,0,0,0,0,0,0,0,0,1,0,0,0,0,0,1,0,1,1,1,1,1,0,0,0,0,0,1,nonbankruptcy_candidate,2019-12-14,True,nonbankrupt,NRT,North European Oil Royality Trust Common Stock,NRT US Equity,2018-09-15,2017-10-31,14,409,409,2018-11-30,14,2018-11-30,14.0,2018-11-30,14.0,2018-11-30,14.0,2018-11-30,14,2018-11-30,14,5,14,6.48,2018-11-30,7.19,2018-10-31,7.72,2018-09-28,8.1,2018-08-31,8.02,2018-07-31,8.09,2018-06-29,8.63,2018-05-31,8.72,2018-04-30,8.2761,2018-03-30,8.25,2018-02-28,8.56,2018-01-31,6.96,2017-12-29,6.9199,2017-11-30,306,13,True,True,True,2017-11-30,2018-11-30,2018-12-14,0,8,1.1397542319992848,4.103552042973014,0.09903052346295427,2.082200232989437,,2.0827361086292657,,,,
NB_468,NB_468@2018-12-14,,2018-12-14,0,Consumer Discretionary,Retail - Discretionary,2018,494.095,459.093,298.27,21.593,276.677,4.696,343.404,117.605,35.002,134.072,187.512,225.799,1815.535,29.988,39.02,62.994,21.225,,-2.503,-0.797,-3.3,27.1,251.8618,9.29379,4929284.0,122455900.0,0,0,0,0,0,0,0,0,0,0,0,0,0,0,0,0,0,1,0,0,0,0,0,0,0,0,1,nonbankruptcy_candidate,2019-12-14,True,nonbankrupt,BXC,Bluelinx Holdings Inc. Common Stock,BXC US Equity,2018-09-15,2017-12-30,20,349,349,2018-11-30,14,2018-11-30,14.0,2018-11-30,14.0,2018-11-30,14.0,2018-11-30,14,2018-11-30,14,5,14,27.1,2018-11-30,23.55,2018-10-31,31.49,2018-09-28,35.93,2018-08-31,34.07,2018-07-31,37.53,2018-06-29,40.55,2018-05-31,40.22,2018-04-30,32.59,2018-03-30,15.12,2018-02-28,16.19,2018-01-31,9.76,2017-12-29,9.47,2017-11-30,168,13,True,True,True,2017-11-30,2018-11-30,2018-12-14,0,8,6.204749663346478,5.532843094422047,5.424064162672801,3.433600032769656,3.6893793291555874,4.158789328964866,3.1012177813999684,-1.2536197442153498,-0.586118607801422,-1.4586150226995167
SA_69,SA_69@2018-12-14,2019-03-14,2018-12-14,1,Energy,Oil & Gas Services & Equip,2018,1401.846,789.192,615.994,0.0,615.994,8.77,352.613,79.036,612.654,168.153,80.881,273.577,579.545,-22.022,46.005,7.532,32.183,50.6,-19.103,-56.757,-75.86,4.15,57.6454,2.90576,356335.0,2108191.0,0,0,0,0,0,0,0,0,0,0,0,0,0,0,0,0,0,0,0,0,0,0,0,0,0,0,2,bankruptcy,2019-12-14,True,bankrupt,PHIIQ,"PHI, Inc.",PHIIQ US Equity,2018-09-15,2017-12-31,21,348,348,2018-11-30,14,2018-11-30,14.0,2018-11-30,14.0,2018-11-30,14.0,2018-11-30,14,2018-11-30,14,5,14,4.15,2018-11-30,8.31,2018-10-31,9.0,2018-09-28,8.66,2018-08-31,9.0,2018-07-31,10.5,2018-06-29,12.6454,2018-05-31,13.749,2018-04-30,10.18,2018-03-30,10.35,2018-02-28,12.25,2018-01-31,11.6954,2017-12-29,12.7222,2017-11-30,60,13,True,True,True,2017-11-30,2018-11-30,2018-12-14,0,8,7.246258309288129,4.071509140651035,5.615231731632221,-3.1364502804928702,3.8502539790305144,2.143823800609104,3.5020376965882267,-3.0008690576591435,-4.056244554177519,-4.3419855851366975
NB_87,NB_87@2019-01-01,,2019-01-01,0,Consumer Staples,Household Products,2019,2.2938,1.823,0.8865,0.8865,0.0,1.98,2.0845,1.823,0.4708,0.0,0.0227,0.2614,0.2509,-0.5798,-0.5398,-0.6174,0.0376,0.04,-0.5427,0.0,-0.5427,101.249494,10.1027,0.09978,394.0,35832.63,0,0,0,0,0,0,0,0,0,0,0,0,0,0,0,0,0,0,0,0,0,0,0,0,0,0,1,nonbankruptcy_candidate,2020-01-01,True,nonbankrupt,AIMD,Ainos Inc. Common Stock,AIMD US Equity,2018-10-03,2017-12-31,21,366,366,2018-12-31,1,2018-12-31,1.0,2018-12-31,1.0,2018-12-31,1.0,2018-12-31,1,2018-12-31,1,5,1,101.249494,2018-12-31,78.749606,2018-11-30,191.249044,2018-10-31,128.249359,2018-09-28,112.499438,2018-08-31,112.499438,2018-07-31,104.999475,2018-06-29,77.062115,2018-05-31,93.749531,2018-04-30,74.999625,2018-03-30,93.749531,2018-02-28,104.999475,2018-01-31,104.999475,2017-12-29,269,13,True,True,True,2017-12-29,2018-12-31,2019-01-01,0,8,1.192041913457971,2.4071883219826904,0.2322222152474138,-0.4572982567481817,-0.4316525378618121,-0.4808199216795847,0.036910354020097076,-0.43353412803575675,0.0,-0.43353412803575675
SA_194,SA_194@2019-01-01,2019-04-01,2019-01-01,1,Consumer Staples,Household Products,2019,346.535,204.748,169.253,169.22,0.033,3.823,39.393,187.88,141.787,11.825,20.563,-148.487,162.484,-3.917,11.302,6.674,4.98,13.744,13.446,-49.188,-35.742,0.94,10.0301,10.67035,3749104.0,4499043.0,0,0,0,0,0,0,0,0,0,0,0,0,0,0,0,0,0,0,0,0,0,0,0,0,0,0,2,bankruptcy,2020-01-01,True,bankrupt,TISUQ,Orchids Paper Products Company,TISUQ US Equity,2018-10-03,2017-12-31,21,366,366,2018-12-31,1,2018-12-31,1.0,2018-12-31,1.0,2018-12-31,1.0,2018-12-31,1,2018-12-31,1,5,1,0.94,2018-12-31,1.69,2018-11-30,1.56,2018-10-31,3.3,2018-09-28,3.67,2018-08-31,5.03,2018-07-31,3.98,2018-06-29,3.98,2018-05-31,6.11,2018-04-30,8.15,2018-03-30,10.7,2018-02-28,15.06,2018-01-31,12.8,2017-12-29,60,13,True,True,True,2017-12-29,2018-12-31,2019-01-01,0,8,5.8508653793574465,2.4006278994074504,-5.0072094325280645,-1.5926985884298024,2.5097618507861763,2.0378379918247607,1.7884205679625405,2.670417559628655,-3.9157759542974535,-3.6039205148867453
NB_1814,NB_1814@2019-01-14,,2019-01-14,0,Energy,Oil & Gas Supply Chain,2019,3.7799,0.6819,0.0,0.0,0.0,,1.8016,0.6819,,0.0,0.0,1.1197,3.0288,2.928,,2.9382,0.0,,,,,10.85,20.22,1.86359,171040.0,2055529.0,0,0,0,0,0,1,0,0,1,0,0,0,0,0,1,0,0,1,1,1,1,0,0,0,0,0,1,nonbankruptcy_candidate,2020-01-14,True,nonbankrupt,MTR,Mesa Royalty Trust Common Stock,MTR US Equity,2018-10-16,2017-12-31,14,379,379,2018-12-31,14,2018-12-31,14.0,2018-12-31,14.0,2018-12-31,14.0,2018-12-31,14,2018-12-31,14,5,14,10.85,2018-12-31,13.1752,2018-11-30,13.23,2018-10-31,14.31,2018-09-28,14.45,2018-08-31,14.15,2018-07-31,14.35,2018-06-29,15.2,2018-05-31,15.25,2018-04-30,15.031,2018-03-30,15.25,2018-02-28,15.6,2018-01-31,18.45,2017-12-29,307,13,True,True,True,2017-12-29,2018-12-31,2019-01-14,0,8,1.5644196257824357,3.054944133185837,0.7512745692365541,1.3681303904922195,,1.3707237661289329,0.0,,,
NB_3004,NB_3004@2019-01-14,,2019-01-14,0,Materials,Metals & Mining,2019,30.395,0.266,0.0,0.0,0.0,0.214,14.613,0.141,30.129,0.0,0.0,14.472,0.0,-1.643,-1.63,-0.942,,,-1.658,-0.002,-1.66,0.2323,13.5275,58.23287,1377398.0,349844.0,0,0,0,0,0,0,0,0,0,0,0,0,0,0,0,0,1,1,0,0,0,0,0,0,0,0,1,nonbankruptcy_candidate,2020-01-14,True,nonbankrupt,XPL,Solitario Resources Corp. Common Stock,XPL US Equity,2018-10-16,2017-12-31,19,379,379,2018-12-31,14,2018-12-31,14.0,2018-12-31,14.0,2018-12-31,14.0,2018-12-31,14,2018-12-31,14,5,14,0.2323,2018-12-31,0.3039,2018-11-30,0.31,2018-10-31,0.3504,2018-09-28,0.3782,2018-08-31,0.39,2018-07-31,0.4305,2018-06-29,0.422,2018-05-31,0.4,2018-04-30,0.4656,2018-03-30,0.53,2018-02-28,0.59,2018-01-31,0.6026,2017-12-29,250,13,True,True,True,2017-12-29,2018-12-31,2019-01-14,0,8,3.4466486445660727,2.676043404967124,2.7390319387109385,-0.9719146356221522,-0.9669838461896731,-0.6637183698691331,,-0.9775739602910536,-0.001998002662673056,-0.9783261227936076
SA_227,SA_227@2019-01-14,2019-04-14,2019-01-14,1,Energy,Oil & Gas Supply Chain,2019,1710.063,1034.388,759.316,0.0,759.316,19.472,104.701,166.487,586.136,34.492,0.0,-61.786,255.424,-149.955,17.269,-101.492,51.651,,59.008,-245.95,-186.942,0.3401,1.7492,4.97104,2286086.0,1455550.0,0,0,0,0,0,0,0,0,0,0,0,0,0,0,0,0,0,1,0,0,0,0,0,0,0,0,2,bankruptcy,2020-01-14,True,bankrupt,JONEQ,"Jones Energy, Inc.",JONEQ US Equity,2018-10-16,2017-12-31,20,379,379,2018-12-31,14,2018-12-31,14.0,2018-12-31,14.0,2018-12-31,14.0,2018-12-31,14,2018-12-31,14,5,14,0.3401,2018-12-31,1.02,2018-11-30,3.19,2018-10-31,6.0,2018-09-28,6.6,2018-08-31,6.4,2018-07-31,7.43,2018-06-29,10.594,2018-05-31,13.178,2018-04-30,16.0,2018-03-30,18.4,2018-02-28,23.4,2018-01-31,22.0,2017-12-29,60,13,True,True,True,2017-12-29,2018-12-31,2019-01-14,0,8,7.444870093787097,1.011309960265313,-4.139732118685275,-5.0169817791551194,2.9052056343544326,-4.62978474675201,3.9636852317519398,4.0944778866673355,-5.509185886986634,-5.236133404592454
SA_50,SA_50@2019-02-09,2019-05-10,2019-02-09,1,Materials,Metals & Mining,2019,1698.701,690.892,410.206,2.435,407.771,107.948,270.034,119.412,1007.809,50.075,72.904,150.622,887.706,4.94,77.21,-6.639,41.362,72.27,52.036,-13.097,38.939,0.3731,28.2728,75.77819,121845280.0,43302110.0,0,0,0,0,0,0,0,0,0,0,0,0,0,0,0,0,0,0,0,0,0,0,0,0,0,0,2,bankruptcy,2020-02-09,True,bankrupt,CLDPQ,Cloud Peak Energy Inc.,CLDPQ US Equity,2018-11-11,2017-12-31,21,405,405,2019-01-31,9,2019-01-31,9.0,2019-01-31,9.0,2019-01-31,9.0,2019-01-31,9,2019-01-31,9,5,9,0.3731,2019-01-31,0.3663,2018-12-31,0.8375,2018-11-30,1.71,2018-10-31,2.3,2018-09-28,2.36,2018-08-31,2.61,2018-07-31,3.49,2018-06-29,3.62,2018-05-31,3.19,2018-04-30,2.91,2018-03-30,3.29,2018-02-28,5.0,2018-01-31,60,13,True,True,True,2018-01-31,2019-01-31,2019-02-08,1,8,7.438207632222252,3.3766587572150013,5.021390581413076,1.7817091333745536,4.35939751661352,-2.0332667045592228,3.7462517339718064,3.9709709282524726,-2.6459620087887883,3.6873532901178896
NB_2097,NB_2097@2019-02-10,,2019-02-10,0,Energy,Oil & Gas Supply Chain,2019,36.401,73.541,67.085,0.588,66.497,0.917,1.394,3.372,-37.14,0.301,0.0,-1.978,3.015,-23.572,-19.818,-36.37,12.798,3.62,-0.236,0.0,-0.236,29.4,22.3211,0.75922,431559.0,13392860.0,0,0,0,0,0,0,0,0,0,0,0,0,0,0,0,0,0,0,0,0,0,0,0,0,0,0,1,nonbankruptcy_candidate,2020-02-10,True,nonbankrupt,PED,Pedevco Corp. Common Stock,PED US Equity,2018-11-12,2017-12-31,21,406,406,2019-01-31,10,2019-01-31,10.0,2019-01-31,10.0,2019-01-31,10.0,2019-01-31,10,2019-01-31,10,5,10,29.4,2019-01-31,15.146,2018-12-31,29.4,2018-11-30,35.2,2018-10-31,44.2,2018-09-28,47.4,2018-08-31,47.0,2018-07-31,45.4,2018-06-29,6.112,2018-05-31,6.34,2018-04-30,6.002,2018-03-30,5.7,2018-02-28,6.476,2018-01-31,189,13,True,True,True,2018-01-31,2019-01-31,2019-02-08,2,8,3.6216974420309476,3.1493585301811517,-1.0912519342618172,-3.201607583301681,-3.0358179970932766,-3.6208682434973927,2.6245236541239167,-0.211880359035499,0.0,-0.211880359035499
NB_681,NB_681@2019-02-10,,2019-02-10,0,Energy,Oil & Gas Supply Chain,2019,381.453,156.853,85.38,0.0,85.38,0.0,15.773,50.537,224.6,8.558,0.0,-34.764,79.666,-22.394,24.821,-17.643,4.1,,34.686,-66.613,-31.927,18.9,124.9813,6.61277,481615.0,8976458.0,0,0,0,0,0,0,0,0,0,0,0,0,0,0,0,0,0,1,0,0,0,0,0,0,0,0,1,nonbankruptcy_candidate,2020-02-10,True,nonbankrupt,CRGY,Crescent Energy Company Class A Common Stock,CRGY US Equity,2018-11-12,2017-12-31,20,406,406,2019-01-31,10,2019-01-31,10.0,2019-01-31,10.0,2019-01-31,10.0,2019-01-31,10,2019-01-31,10,5,10,18.9,2019-01-31,16.25,2018-12-31,20.25,2018-11-30,25.25,2018-10-31,30.9,2018-09-28,34.15,2018-08-31,28.05,2018-07-31,28.4,2018-06-29,22.5,2018-05-31,18.65,2018-04-30,17.75,2018-03-30,14.5,2018-02-28,20.5,2018-01-31,245,13,True,True,True,2018-01-31,2019-01-31,2019-02-08,2,8,5.946605769899746,4.836133483238811,-3.5769418008730716,-3.1524795792285154,3.2511881143354473,-2.9254707405133247,1.62924053973028,3.574758455009237,-4.213800272252472,-3.4942929898999093
SA_193,SA_193@2019-02-10,2019-05-11,2019-02-10,1,Energy,Oil & Gas Services & Equip,2019,3170.359,1986.858,1486.534,1475.438,11.096,380.223,834.399,1786.584,1183.501,233.386,129.614,-952.185,1433.975,-147.983,-23.941,-194.684,77.737,,-19.544,-46.287,-65.831,3.29,117.776,35.79818,22300094.0,79146080.0,0,0,0,0,0,0,0,0,0,0,0,0,0,0,0,0,0,1,0,0,0,0,0,0,0,0,2,bankruptcy,2020-02-10,True,bankrupt,BRSWQ,Bristow Group Inc.,BRSWQ US Equity,2018-11-12,2018-03-31,20,316,316,2019-01-31,10,2019-01-31,10.0,2019-01-31,10.0,2019-01-31,10.0,2019-01-31,10,2019-01-31,10,5,10,3.29,2019-01-31,2.43,2018-12-31,3.92,2018-11-30,11.01,2018-10-31,12.13,2018-09-28,10.96,2018-08-31,13.98,2018-07-31,14.11,2018-06-29,11.83,2018-05-31,16.05,2018-04-30,13.0,2018-03-30,14.76,2018-02-28,15.41,2018-01-31,60,13,True,True,True,2018-01-31,2019-01-31,2019-02-08,2,8,8.061915481627503,4.777239366317694,-6.859809008634129,-5.003832205476517,-3.216513035679012,-5.27650111326714,4.366113184713565,-3.022568927507551,-3.8562354162844255,-4.202167044750847
NB_1567,NB_1567@2019-03-20,,2019-03-20,0,Materials,Metals & Mining,2019,675.3,894.2,163.6,6.1,157.5,208.8,566.9,403.4,-218.9,60.2,153.1,163.5,218.4,-44.7,-32.7,12.2,5.3,1.4,-16.1,-0.5,-16.6,3.11,28.1105,7.63267,481559.0,1479218.0,0,0,0,0,0,0,0,0,0,0,0,0,0,0,0,0,0,0,0,0,0,0,0,0,0,0,1,nonbankruptcy_candidate,2020-03-20,True,nonbankrupt,LEU,Centrus Energy Corp. Class A Common Stock,LEU US Equity,2018-12-20,2017-12-31,21,444,444,2019-02-28,20,2019-02-28,20.0,2019-02-28,20.0,2019-02-28,20.0,2019-02-28,20,2019-02-28,20,5,20,3.11,2019-02-28,2.63,2019-01-31,1.69,2018-12-31,2.8,2018-11-30,2.19,2018-10-31,2.69,2018-09-28,2.28,2018-08-31,3.09,2018-07-31,3.44,2018-06-29,3.55,2018-05-31,3.63,2018-04-30,3.55,2018-03-30,3.5634,2018-02-28,248,13,True,True,True,2018-02-28,2019-02-28,2019-03-20,0,8,6.516636764580894,3.3710989338381223,5.1029105702054265,-3.822098297900159,-3.517497837358316,2.580216829592325,1.840549633397487,-2.8390784635086144,-0.4054651081081644,-2.8678989020441064
NB_447,NB_447@2019-03-20,,2019-03-20,0,Energy,Oil & Gas Supply Chain,2019,15.316,4.655,1.537,0.6,0.937,3.277,5.918,1.583,10.661,0.687,0.0,4.335,6.545,-0.989,-0.099,-1.361,0.513,0.8,-0.892,-0.299,-1.191,8.141,10.9549,1.34565,24116.0,198552.0,0,0,0,0,0,0,0,0,0,0,0,0,0,0,0,0,0,0,0,0,0,0,0,0,0,0,1,nonbankruptcy_candidate,2020-03-20,True,nonbankrupt,BSIN,Big Sky Industrial Inc. Common Stock,BSIN US Equity,2018-12-20,2017-12-31,21,444,444,2019-02-28,20,2019-02-28,20.0,2019-02-28,20.0,2019-02-28,20.0,2019-02-28,20,2019-02-28,20,5,20,8.141,2019-02-28,9.156,2019-01-31,6.7,2018-12-31,8.781,2018-11-30,9.2,2018-10-31,10.2,2018-09-28,9.33,2018-08-31,11.1,2018-07-31,13.2,2018-06-29,13.008,2018-05-31,11.2,2018-04-30,12.278,2018-03-30,12.8,2018-02-28,309,13,True,True,True,2018-02-28,2019-02-28,2019-03-20,0,8,2.792146221455312,2.481141236174342,1.6742888847537167,-0.6876319998718352,-0.09440067542148432,-0.8590852581033759,0.4140944348062189,-0.6376344706296866,-0.2615947376884625,-0.7843580606133295
SA_218,SA_218@2019-03-20,2019-06-18,2019-03-20,1,Energy,Oil & Gas Supply Chain,2019,1493.082,1764.769,1346.769,0.0,1346.769,1.246,112.604,144.81,-271.687,62.755,0.0,-32.206,460.457,42.214,169.152,-53.897,89.206,,99.795,-314.491,-214.696,1.2,127.7307,106.44228,18693209.0,25784790.0,0,0,0,0,0,0,0,0,0,0,0,0,0,0,0,0,0,1,0,0,0,0,0,0,0,0,2,bankruptcy,2020-03-20,True,bankrupt,LGCYQ,Legacy Reserves Inc.,LGCYQ US Equity,2018-12-20,2017-12-31,20,444,444,2019-02-28,20,2019-02-28,20.0,2019-02-28,20.0,2019-02-28,20.0,2019-02-28,20,2019-02-28,20,5,20,1.2,2019-02-28,1.47,2019-01-31,1.54,2018-12-31,2.15,2018-11-30,4.21,2018-10-31,4.85,2018-09-28,5.39,2018-08-31,5.16,2018-07-31,6.9,2018-06-29,5.68,2018-05-31,5.74,2018-04-30,4.71,2018-03-30,3.61,2018-02-28,60,13,True,True,True,2018-02-28,2019-02-28,2019-03-20,0,8,7.309267250398082,4.8577226253946595,-3.5027305824855945,3.7661645168234785,5.136692155212244,-4.00545870221366,4.502095943703305,4.613088751232387,-5.754130155425419,-5.373870008948709
NB_2324,NB_2324@2019-05-13,,2019-05-13,0,Energy,Oil & Gas Services & Equip,2019,302.5,110.5,64.9,20.2,44.7,2.6,61.1,58.9,192.0,45.4,4.9,2.2,303.1,-2.1,28.2,-3.3,,,27.6,-75.9,-48.3,7.3,115.3265,8.932,196429.0,1582840.0,0,0,0,0,0,0,0,0,0,0,0,0,0,0,0,0,1,1,0,0,0,0,0,0,0,0,1,nonbankruptcy_candidate,2020-05-13,True,nonbankrupt,RNGR,Ranger Energy Services Inc. Class A Common Stock,RNGR US Equity,2019-02-12,2018-12-31,19,133,133,2019-04-30,13,2019-04-30,13.0,2019-04-30,13.0,2019-04-30,13.0,2019-04-30,13,2019-04-30,13,5,13,7.3,2019-04-30,7.97,2019-03-29,6.63,2019-02-28,8.15,2019-01-31,5.17,2018-12-31,7.54,2018-11-30,6.5,2018-10-31,8.38,2018-09-28,8.35,2018-08-31,9.65,2018-07-31,9.17,2018-06-29,9.8,2018-05-31,8.25,2018-04-30,21,13,True,True,True,2018-04-30,2019-04-30,2019-05-13,0,8,5.715381610499553,4.756400892554086,1.1631508098056809,-1.1314021114911006,3.374168709274236,-1.4586150226995167,,3.353406717825807,-4.3425058765115985,-3.8979240810486444
NB_438,NB_438@2019-05-13,,2019-05-13,0,Energy,Oil & Gas Supply Chain,2019,31.378,15.139,0.0,0.0,0.0,5.965,12.082,3.629,16.239,1.965,0.0,8.453,9.368,-2.235,-1.124,-1.77,0.007,,-5.091,-0.75,-5.841,1.3306,11.0136,8.27716,328640.0,447174.0,0,0,0,0,0,0,0,0,0,0,0,0,0,0,0,0,0,1,0,0,0,0,0,0,0,0,1,nonbankruptcy_candidate,2020-05-13,True,nonbankrupt,BRN,Barnwell Industries Inc. Common Stock,BRN US Equity,2019-02-12,2018-09-30,20,225,225,2019-04-30,13,2019-04-30,13.0,2019-04-30,13.0,2019-04-30,13.0,2019-04-30,13,2019-04-30,13,5,13,1.3306,2019-04-30,1.48,2019-03-29,1.32,2019-02-28,1.4104,2019-01-31,1.33,2018-12-31,1.61,2018-11-30,1.65,2018-10-31,1.78,2018-09-28,1.95,2018-08-31,2.04,2018-07-31,2.1,2018-06-29,1.63,2018-05-31,1.88,2018-04-30,311,13,True,True,True,2018-04-30,2019-04-30,2019-05-13,0,8,3.477479179819314,2.486039341383934,2.246332151443247,-1.174028927952864,-0.7533011033796925,-1.0188473201992472,0.006975613736425242,-1.8068122718543476,-0.5596157879354227,-1.922933919778861
NB_967,NB_967@2019-05-13,,2019-05-13,0,Materials,Metals & Mining,2019,6.3523,0.3034,0.0,0.0,0.0,0.9256,0.9427,0.3034,6.0489,0.0,0.0,0.6393,0.0,-0.4265,-0.4265,-0.4028,0.0,0.0,-0.2447,-0.3626,-0.6073,0.307,12.9476,40.60064,1237898.0,462161.2,0,0,0,0,0,0,0,0,0,0,0,0,0,0,0,0,0,0,0,0,0,0,0,0,0,0,1,nonbankruptcy_candidate,2020-05-13,True,nonbankrupt,EU,enCore Energy Corp. Common Shares,EU US Equity,2019-02-12,2018-12-31,21,133,133,2019-04-30,13,2019-04-30,13.0,2019-04-30,13.0,2019-04-30,13.0,2019-04-30,13,2019-04-30,13,5,13,0.307,2019-04-30,0.346277,2019-03-29,0.32635,2019-02-28,0.259925,2019-01-31,0.252705,2018-12-31,0.259925,2018-11-30,0.265701,2018-10-31,0.277253,2018-09-28,0.268589,2018-08-31,0.153067,2018-07-31,0.11841,2018-06-29,0.092418,2018-05-31,0.121298,2018-04-30,89,13,True,True,True,2018-04-30,2019-04-30,2019-05-13,0,8,1.995013189443944,2.6353074504555254,0.4942693214502735,-0.3552238916714176,-0.3552238916714176,-0.338470239283886,0.0,-0.21889453702479483,-0.3093946393574307,-0.47455575259295824
SA_241,SA_241@2019-05-13,2019-08-11,2019-05-13,1,Energy,Oil & Gas Supply Chain,2019,2819.96,2811.655,2395.712,0.304,2395.408,197.613,372.981,348.299,-444.523,0.0,0.0,24.682,953.709,189.736,452.217,85.205,177.858,,265.974,-617.248,-351.274,0.115,11.0246,95.86612,8992352.0,1347385.0,0,0,0,0,0,0,0,0,0,0,0,0,0,0,0,0,0,1,0,0,0,0,0,0,0,0,2,bankruptcy,2020-05-13,True,bankrupt,SNECQ,Sanchez Energy Corporation,SNECQ US Equity,2019-02-12,2018-12-31,20,133,133,2019-04-30,13,2019-04-30,13.0,2019-04-30,13.0,2019-04-30,13.0,2019-04-30,13,2019-04-30,13,5,13,0.115,2019-04-30,0.199,2019-03-29,0.21825,2019-02-28,0.262,2019-01-31,0.27,2018-12-31,0.7001,2018-11-30,1.66,2018-10-31,2.3,2018-09-28,2.63,2018-08-31,4.45,2018-07-31,4.52,2018-06-29,3.94,2018-05-31,3.07,2018-04-30,60,13,True,True,True,2018-04-30,2019-04-30,2019-05-13,0,8,7.94483253153245,2.4869545514053004,3.2457903574090823,5.250890272975646,6.116371039482987,4.456728180627815,5.186592194925516,5.587151275381523,-6.42688967145897,-5.864409281885776
NB_1025,NB_1025@2019-07-05,,2019-07-05,0,Energy,Oil & Gas Services & Equip,2019,1829.652,799.526,518.711,1.167,517.544,47.241,766.017,236.93,1030.126,206.055,479.023,529.087,1064.219,-396.998,-322.49,-374.08,32.532,33.148,2.407,-24.043,-21.636,68.4,375.8937,5.49552,992770.0,69610270.0,0,0,0,0,0,0,0,0,0,0,0,0,0,0,0,0,0,0,0,0,0,0,0,0,0,0,1,nonbankruptcy_candidate,2020-07-05,True,nonbankrupt,FET,Forum Energy Technologies Inc. Common Stock,FET US Equity,2019-04-06,2018-12-31,21,186,186,2019-06-28,7,2019-06-28,7.0,2019-06-28,7.0,2019-06-28,7.0,2019-06-28,7,2019-06-28,7,5,7,68.4,2019-06-28,76.4,2019-05-31,119.6,2019-04-30,102.2,2019-03-29,116.6,2019-02-28,98.2,2019-01-31,82.6,2018-12-31,133.8,2018-11-30,179.2,2018-10-31,207.0,2018-09-28,239.0,2018-08-31,263.0,2018-07-31,247.0,2018-06-29,87,13,True,True,True,2018-06-29,2019-06-28,2019-07-05,0,8,7.512427466534344,5.931963184824287,6.273041144018272,-5.986446980146184,-5.779168201562091,-5.927139336551424,3.512500206775611,1.2258321386788296,-3.220594347362165,-3.1195415592802775
NB_2180,NB_2180@2019-07-05,,2019-07-05,0,Energy,Oil & Gas Supply Chain,2019,2.2262,7.141,2.495,2.495,0.0,1.0147,2.117,7.141,-4.9148,0.1244,0.0,-5.024,13.9016,-0.941,-0.861,-2.6154,1.6774,0.08,-0.7435,-0.0114,-0.7549,114.285714,14.027,0.12274,202.0,21328.51,0,0,0,0,0,0,0,0,0,0,0,0,0,0,0,0,0,0,0,0,0,0,0,0,0,0,1,nonbankruptcy_candidate,2020-07-05,True,nonbankrupt,PROP,Prairie Operating Co. Common Stock,PROP US Equity,2019-04-06,2018-12-31,21,186,186,2019-06-28,7,2019-06-28,7.0,2019-06-28,7.0,2019-06-28,7.0,2019-06-28,7,2019-06-28,7,5,7,114.285714,2019-06-28,114.285714,2019-05-31,68.571429,2019-04-30,65.714286,2019-03-29,85.714286,2019-02-28,74.285714,2019-01-31,110.285714,2018-12-31,78.857143,2018-11-30,85.657143,2018-10-31,91.428571,2018-09-28,97.142857,2018-08-31,141.542857,2018-07-31,153.714286,2018-06-29,94,13,True,True,True,2018-06-29,2019-06-28,2019-07-05,0,8,1.1713049740615504,2.7098485830435894,-1.7957514904975924,-0.6632033041868732,-0.6211139776601137,-1.285202499558617,0.9848461743696603,-0.5558945871335689,-0.011335509663745602,-0.562411875237424
SA_104,SA_104@2019-07-05,2019-10-03,2019-07-05,1,Energy,Oil & Gas Supply Chain,2019,4181.0,4780.0,4343.0,58.0,4285.0,27.0,385.0,440.0,-599.0,230.0,22.0,-55.0,1215.0,-715.0,-208.0,-1003.0,365.0,,422.0,-690.0,-268.0,0.08,20.4686,255.62029,12522325.0,949355.3,0,0,0,0,0,0,0,0,0,0,0,0,0,0,0,0,0,1,0,0,0,0,0,0,0,0,2,bankruptcy,2020-07-05,True,bankrupt,EPEGQ,EP Energy Corporation (EP Energy LLC),EPEGQ US Equity,2019-04-06,2018-12-31,20,186,186,2019-06-28,7,2019-06-28,7.0,2019-06-28,7.0,2019-06-28,7.0,2019-06-28,7,2019-06-28,7,5,7,0.08,2019-06-28,0.077,2019-05-31,0.2844,2019-04-30,0.26,2019-03-29,0.5351,2019-02-28,0.6894,2019-01-31,0.7,2018-12-31,1.1,2018-11-30,1.8,2018-10-31,2.34,2018-09-28,1.75,2018-08-31,2.15,2018-07-31,3.0,2018-06-29,60,13,True,True,True,2018-06-29,2019-06-28,2019-07-05,0,8,8.338544879988579,3.0665914024986507,-4.02535169073515,-6.573680166960646,-5.342334251964811,-6.911747300251674,5.902633333401366,6.0473721790462776,-6.53813982376767,-5.594711379601839
NB_904,NB_904@2019-08-20,,2019-08-20,0,Consumer Discretionary,Retail - Discretionary,2019,13.0181,4.6046,0.0,0.0,0.0,1.4539,11.3945,4.6046,8.4135,0.0943,9.7651,6.7898,54.0563,0.6514,0.9382,0.6577,0.1495,0.2511,0.3752,-0.1251,0.2501,0.808,21.7549,26.92438,704754.0,783140.7,0,0,0,0,0,0,0,0,0,0,0,0,0,0,0,0,0,0,0,0,0,0,0,0,0,0,1,nonbankruptcy_candidate,2020-08-20,True,nonbankrupt,ELA,Envela Corporation Common Stock,ELA US Equity,2019-05-22,2018-12-31,21,232,232,2019-07-31,20,2019-07-31,20.0,2019-07-31,20.0,2019-07-31,20.0,2019-07-31,20,2019-07-31,20,5,20,0.808,2019-07-31,1.3,2019-06-28,0.72,2019-05-31,0.4426,2019-04-30,0.428,2019-03-29,0.4499,2019-02-28,0.4223,2019-01-31,0.4599,2018-12-31,0.4807,2018-11-30,0.517,2018-10-31,0.6399,2018-09-28,0.6694,2018-08-31,0.7162,2018-07-31,308,13,True,True,True,2018-07-31,2019-07-31,2019-08-20,0,8,2.6403493517379504,3.1247805068204078,2.0528151856121255,0.5016234130011912,0.6617597073183126,0.5054310994486833,0.1393270652210992,0.31859917508650243,-0.11787192059488914,0.22322354811438042
SA_2,SA_2@2019-08-20,2019-11-18,2019-08-20,1,Energy,Oil & Gas Supply Chain,2019,1084.647,495.402,384.993,0.0,384.993,0.022,16.225,21.077,589.245,6.71,0.0,-4.852,106.985,-5.841,55.591,-19.911,25.117,0.262,34.744,-46.767,-12.023,0.2699,25.2889,93.69722,13491214.0,4063205.0,0,0,0,0,0,0,0,0,0,0,0,0,0,0,0,0,0,0,0,0,0,0,0,0,0,0,2,bankruptcy,2020-08-20,True,bankrupt,AREXQ,Approach Resources Inc.,AREXQ US Equity,2019-05-22,2018-12-31,21,232,232,2019-07-31,20,2019-07-31,20.0,2019-07-31,20.0,2019-07-31,20.0,2019-07-31,20,2019-07-31,20,5,20,0.2699,2019-07-31,0.29,2019-06-28,0.2138,2019-05-31,0.3418,2019-04-30,0.3537,2019-03-29,0.9383,2019-02-28,0.9633,2019-01-31,0.872,2018-12-31,1.32,2018-11-30,1.67,2018-10-31,2.23,2018-09-28,2.16,2018-08-31,2.3,2018-07-31,60,13,True,True,True,2018-07-31,2019-07-31,2019-08-20,0,8,6.9899314016144505,3.2691467968622465,-1.766783483157878,-1.922933919778861,4.035849961964905,-3.0402753363046626,3.2625864432943343,3.57638242288679,-3.86633502450873,-2.566717024985566
NB_1487,NB_1487@2019-10-23,,2019-10-23,0,Energy,Oil & Gas Supply Chain,2019,164.559,38.517,29.551,0.0,29.551,1.456,5.437,7.83,126.042,2.965,0.0,-2.393,23.854,7.363,15.271,5.32,1.976,7.908,11.777,-19.621,-7.844,1.014848,25.6448,25.26958,19397.0,21951.88,0,0,0,0,0,0,0,0,0,0,0,0,0,0,0,0,0,0,0,0,0,0,0,0,0,0,1,nonbankruptcy_candidate,2020-10-23,True,nonbankrupt,KGEI,Kolibri Global Energy Inc. Common stock,KGEI US Equity,2019-07-25,2018-12-31,21,296,296,2019-09-30,23,2019-09-30,23.0,2019-09-30,23.0,2019-09-30,23.0,2019-09-30,23,2019-09-30,23,5,23,1.014848,2019-09-30,1.127301,2019-08-30,1.494158,2019-07-31,1.549463,2019-06-28,1.668369,2019-05-31,1.751327,2019-04-30,1.881294,2019-03-29,1.815849,2019-02-28,1.876685,2019-01-31,2.120027,2018-12-31,2.350465,2018-11-30,2.628834,2018-10-31,2.902594,2018-09-28,134,13,True,True,True,2018-09-28,2019-09-30,2019-10-23,0,8,5.109327626755984,3.2825940096218695,-1.221714485802093,2.1238172143993888,2.789384382157182,1.843719208158766,1.0905801169708453,2.547646679609186,-3.026309974018129,-2.1797392629952
NB_2505,NB_2505@2019-10-23,,2019-10-23,0,Energy,Oil & Gas Services & Equip,2019,320.292,110.932,48.722,0.829,47.893,1.466,50.096,24.652,209.36,18.989,18.575,25.444,212.47,25.879,44.04,18.688,2.266,17.117,50.909,-96.09,-45.181,2.83,116.9325,41.31889,7810205.0,21718410.0,0,0,0,0,0,0,0,0,0,0,0,0,0,0,0,0,0,0,0,0,0,0,0,0,0,0,1,nonbankruptcy_candidate,2020-10-23,True,nonbankrupt,SND,Smart Sand Inc. Common Stock,SND US Equity,2019-07-25,2018-12-31,21,296,296,2019-09-30,23,2019-09-30,23.0,2019-09-30,23.0,2019-09-30,23.0,2019-09-30,23,2019-09-30,23,5,23,2.83,2019-09-30,2.37,2019-08-30,2.35,2019-07-31,2.44,2019-06-28,3.33,2019-05-31,3.93,2019-04-30,4.45,2019-03-29,2.99,2019-02-28,2.54,2019-01-31,2.22,2018-12-31,3.26,2018-11-30,2.77,2018-10-31,4.11,2018-09-28,35,13,True,True,True,2018-09-28,2019-09-30,2019-10-23,0,8,5.772350366963403,4.770112426893548,3.2750292894713318,3.2913453125819707,3.807550983831435,2.980009313088755,1.1835659945482733,3.949492185542621,-4.575638383382054,-3.8325684580877386
SA_119,SA_119@2019-10-23,2020-01-21,2019-10-23,1,Energy,Oil & Gas Services & Equip,2019,9440.0,8387.0,3497.0,38.0,3459.0,520.0,3033.0,4217.0,823.0,932.0,101.0,-1184.0,6705.0,-2256.0,-1977.0,-2687.0,,115.0,-71.0,-86.0,-157.0,2.02,367.0932,181.72932,643317420.0,1744891000.0,0,0,0,0,0,0,0,0,0,0,0,0,0,0,0,0,1,0,0,0,0,0,0,0,0,0,2,bankruptcy,2020-10-23,True,bankrupt,MDRIQ,"McDermott International, Inc.",MDRIQ US Equity,2019-07-25,2018-12-31,20,296,296,2019-09-30,23,2019-09-30,23.0,2019-09-30,23.0,2019-09-30,23.0,2019-09-30,23,2019-09-30,23,5,23,2.02,2019-09-30,4.72,2019-08-30,6.42,2019-07-31,9.66,2019-06-28,6.04,2019-05-31,8.09,2019-04-30,7.44,2019-03-29,8.48,2019-02-28,8.82,2019-01-31,6.54,2018-12-31,8.71,2018-11-30,7.73,2018-10-31,18.43,2018-09-28,60,13,True,True,True,2018-09-28,2019-09-30,2019-10-23,0,8,9.152817185732516,5.908336166973376,-7.077498053569231,-7.721791776817535,-7.589841512182657,-7.89655270164304,,-4.276666119016055,-4.465908118654584,-5.062595033026967
NB_2482,NB_2482@2019-11-19,,2019-11-19,0,Consumer Staples,Household Products,2019,6.569,5.185,2.056,1.05,1.006,1.345,4.689,3.637,1.384,0.829,2.242,1.052,14.193,-2.023,-1.701,-2.081,0.058,0.305,-1.342,-0.16,-1.502,0.32,12.1923,38.10079,116011.0,36722.16,0,0,0,0,0,0,0,0,0,0,0,0,0,0,0,0,0,0,0,0,0,0,0,0,0,0,1,nonbankruptcy_candidate,2020-11-19,True,nonbankrupt,SLSN,Solesence Inc. Common Stock,SLSN US Equity,2019-08-21,2018-12-31,21,323,323,2019-10-31,19,2019-10-31,19.0,2019-10-31,19.0,2019-10-31,19.0,2019-10-31,19,2019-10-31,19,5,19,0.32,2019-10-31,0.46132,2019-09-30,0.42,2019-08-30,0.5,2019-07-31,0.52005,2019-06-28,0.4901,2019-05-31,0.6,2019-04-30,0.5,2019-03-29,0.735,2019-02-28,0.79,2019-01-31,0.73,2018-12-31,0.83,2018-11-30,0.83,2018-10-31,264,13,True,True,True,2018-10-31,2019-10-31,2019-11-19,0,8,2.0240609583270306,2.5796333260539086,0.7188149273085231,-1.106249715797321,-0.9936220748104786,-1.1252542196145308,0.05638033343610764,-0.8510052651755257,-0.1484200051182733,-0.9170904120447194
NB_438,NB_438@2019-11-19,,2019-11-19,0,Energy,Oil & Gas Supply Chain,2019,31.378,15.139,0.0,0.0,0.0,5.965,12.082,3.629,16.239,1.965,0.0,8.453,9.368,-2.235,-1.124,-1.77,0.007,,-5.091,-0.75,-5.841,0.3798,3.1437,8.27716,2177395.0,1072018.0,0,0,0,0,0,0,0,0,0,0,0,0,0,0,0,0,0,1,0,0,0,0,0,0,0,0,1,nonbankruptcy_candidate,2020-11-19,True,nonbankrupt,BRN,Barnwell Industries Inc. Common Stock,BRN US Equity,2019-08-21,2018-09-30,20,415,415,2019-10-31,19,2019-10-31,19.0,2019-10-31,19.0,2019-10-31,19.0,2019-10-31,19,2019-10-31,19,5,19,0.3798,2019-10-31,0.5221,2019-09-30,0.73,2019-08-30,1.01,2019-07-31,1.13,2019-06-28,1.308,2019-05-31,1.3306,2019-04-30,1.48,2019-03-29,1.32,2019-02-28,1.4104,2019-01-31,1.33,2018-12-31,1.61,2018-11-30,1.65,2018-10-31,317,13,True,True,True,2018-10-31,2019-10-31,2019-11-19,0,8,3.477479179819314,1.421589108514229,2.246332151443247,-1.174028927952864,-0.7533011033796925,-1.0188473201992472,0.006975613736425242,-1.8068122718543476,-0.5596157879354227,-1.922933919778861
SA_252,SA_252@2019-11-19,2020-02-17,2019-11-19,1,Consumer Discretionary,Retail - Discretionary,2019,656.29,566.761,247.624,2.0,245.624,54.878,473.527,269.465,89.529,21.189,347.584,204.062,1552.938,-188.085,-128.562,-198.833,15.294,51.529,-98.798,-36.444,-135.242,5.63,24.0743,4.27608,4685001.0,36307720.0,0,0,0,0,0,0,0,0,0,0,0,0,0,0,0,0,0,0,0,0,0,0,0,0,0,0,2,bankruptcy,2020-11-19,True,bankrupt,PIRRQ,"Pier 1 Imports, Inc.",PIRRQ US Equity,2019-08-21,2019-03-02,21,262,262,2019-10-31,19,2019-10-31,19.0,2019-10-31,19.0,2019-10-31,19.0,2019-10-31,19,2019-10-31,19,5,19,5.63,2019-10-31,9.72,2019-09-30,4.38,2019-08-30,3.85,2019-07-31,7.53,2019-06-28,11.596,2019-05-31,18.138,2019-04-30,15.27,2019-03-29,27.0,2019-02-28,16.314,2019-01-31,6.116,2018-12-31,28.8,2018-11-30,31.8,2018-10-31,60,13,True,True,True,2018-10-31,2019-10-31,2019-11-19,0,8,6.488125321400568,3.2218434172070873,5.323312372437336,-5.242196649408702,-4.8641595310472105,-5.297482017741354,2.79079694188845,-4.603148143036453,-3.6228464835094982,-4.914432716223195
NB_2265,NB_2265@2019-12-11,,2019-12-11,0,Consumer Discretionary,Retail - Discretionary,2019,108.9264,78.1089,67.3479,58.555,8.7929,9.1349,77.5392,69.316,30.8175,8.4658,52.1915,8.2232,156.3982,-23.4011,-22.4171,-25.1818,1.7807,,-23.4528,-2.1691,-25.6219,23.9073,28.8097,1.15319,194835.0,5017119.0,0,0,0,0,0,0,0,0,0,0,0,0,0,0,0,0,0,1,0,0,0,0,0,0,0,0,1,nonbankruptcy_candidate,2020-12-11,True,nonbankrupt,RDNW,RideNow Group Inc. Class B Common Stock,RDNW US Equity,2019-09-12,2018-12-31,20,345,345,2019-11-29,12,2019-11-29,12.0,2019-11-29,12.0,2019-11-29,12.0,2019-11-29,12,2019-11-29,12,5,12,23.9073,2019-11-29,53.7915,2019-10-31,55.7195,2019-09-30,70.3724,2019-08-30,90.0381,2019-07-31,86.3748,2019-06-28,85.0252,2019-05-31,94.2797,2019-04-30,95.2437,2019-03-29,97.7501,2019-02-28,123.5854,2019-01-31,103.7269,2018-12-31,123.3926,2018-11-30,36,13,True,True,True,2018-11-30,2019-11-29,2019-12-11,0,8,4.699811050942106,3.3948338439023393,2.221722048936607,-3.194628213250208,-3.153466524712602,-3.2650645128928897,1.0227026945677595,-3.196744728791435,-1.1534476359067163,-3.2817341853259836
NB_2271,NB_2271@2019-12-11,,2019-12-11,0,Energy,Oil & Gas Supply Chain,2019,567.0657,104.4662,39.5,0.0,39.5,3.3637,16.8443,51.9104,81.8211,12.6435,0.0,-35.0662,108.9117,8.8072,47.8321,8.9998,0.4279,0.214,70.3573,-203.5269,-133.1695,1.92,130.1983,67.81161,21087000.0,43459440.0,0,0,0,0,0,0,0,0,0,0,0,0,0,0,0,0,0,0,0,0,0,0,0,0,0,0,1,nonbankruptcy_candidate,2020-12-11,True,nonbankrupt,REI,Ring Energy Inc. Common Stock,REI US Equity,2019-09-12,2018-12-31,21,345,345,2019-11-29,12,2019-11-29,12.0,2019-11-29,12.0,2019-11-29,12.0,2019-11-29,12,2019-11-29,12,5,12,1.92,2019-11-29,1.66,2019-10-31,1.64,2019-09-30,1.46,2019-08-30,2.45,2019-07-31,3.25,2019-06-28,3.54,2019-05-31,5.18,2019-04-30,5.87,2019-03-29,6.17,2019-02-28,5.88,2019-01-31,5.08,2018-12-31,6.99,2018-11-30,130,13,True,True,True,2018-11-30,2019-11-29,2019-12-11,0,8,6.3422370810460915,4.8767099191089684,-3.5853561386587134,2.2831168097986474,3.8883878834973786,2.302565092794043,0.3562048334541125,4.267699651233072,-5.320699507174482,-4.899103925979949
NB_2771,NB_2771@2019-12-11,,2019-12-11,0,Materials,Metals & Mining,2019,17.5571,6.1323,1.9171,0.8894,1.0277,0.0567,1.9033,3.5176,11.4248,0.8384,0.7553,-1.6144,9.0344,0.547,1.4519,0.8732,0.1,0.3095,-0.6566,-0.8991,-1.5558,0.412,28.7005,69.66144,592441.0,273063.6,0,0,0,0,0,0,0,0,0,0,0,0,0,0,0,0,0,0,0,0,0,0,0,0,0,0,1,nonbankruptcy_candidate,2020-12-11,True,nonbankrupt,UAMY,United States Antimony Corporation Common Stock,UAMY US Equity,2019-09-12,2018-12-31,21,345,345,2019-11-29,12,2019-11-29,12.0,2019-11-29,12.0,2019-11-29,12.0,2019-11-29,12,2019-11-29,12,5,12,0.412,2019-11-29,0.5,2019-10-31,0.5591,2019-09-30,0.665,2019-08-30,0.725,2019-07-31,0.56,2019-06-28,0.566,2019-05-31,0.5264,2019-04-30,0.47,2019-03-29,0.53,2019-02-28,0.665,2019-01-31,0.58,2018-12-31,0.7131,2018-11-30,308,13,True,True,True,2018-11-30,2019-11-29,2019-12-11,0,8,2.9208524651497516,3.3911638806837816,-0.9610346256835467,0.4363175715909291,0.8968632342080566,0.6276481983272496,0.09531017980432487,-0.5047673091820266,-0.6413800897380623,-0.9383652861924658
NB_936,NB_936@2019-12-11,,2019-12-11,0,Energy,Oil & Gas Supply Chain,2019,1.9973,2.1475,1.455,0.2792,1.1758,0.0846,0.3675,0.741,-0.1502,0.1246,0.0,-0.3735,0.4655,-0.9159,-0.9004,-1.0171,0.1012,0.0155,-0.5649,-0.9166,-1.4815,0.673221,3.3774,5.01683,3820.0,2481.69,0,0,0,0,0,0,0,0,0,0,0,0,0,0,0,0,0,0,0,0,0,0,0,0,0,0,1,nonbankruptcy_candidate,2020-12-11,True,nonbankrupt,EP,Empire Petroleum Corporation Common Stock,EP US Equity,2019-09-12,2018-12-31,21,345,345,2019-11-29,12,2019-11-29,12.0,2019-11-29,12.0,2019-11-29,12.0,2019-11-29,12,2019-11-29,12,5,12,0.673221,2019-11-29,0.748463,2019-10-31,0.792024,2019-09-30,1.188037,2019-08-30,1.089033,2019-07-31,1.100914,2019-06-28,0.831626,2019-05-31,1.188037,2019-04-30,0.792024,2019-03-29,0.554417,2019-02-28,0.396012,2019-01-31,0.712822,2018-12-31,0.99003,2018-11-30,305,13,True,True,True,2018-11-30,2019-11-29,2019-12-11,0,8,1.0977118834249455,1.4764549408278478,-0.3173622265531915,-0.6501874861198096,-0.6420643903306292,-0.70166083632515,0.0964004942863152,-0.4478219241869892,-0.6505527829275248,-0.9088632160453585
SA_214,SA_214@2019-12-11,2020-03-10,2019-12-11,1,Materials,Metals & Mining,2019,2388.173,1791.458,1248.103,53.709,1194.394,0.269,171.184,284.981,596.715,27.521,56.524,-113.797,1104.991,84.523,297.163,-61.613,,,133.367,-84.147,49.22,0.089,12.9897,80.99677,50713387.0,3577605.0,0,0,0,0,0,0,0,0,0,0,0,0,0,0,0,0,1,1,0,0,0,0,0,0,0,0,2,bankruptcy,2020-12-11,True,bankrupt,FELPQ,Foresight Energy LP,FELPQ US Equity,2019-09-12,2018-12-31,19,345,345,2019-11-29,12,2019-11-29,12.0,2019-11-29,12.0,2019-11-29,12.0,2019-11-29,12,2019-11-29,12,5,12,0.089,2019-11-29,0.1874,2019-10-31,0.3083,2019-09-30,0.3965,2019-08-30,0.44,2019-07-31,0.704,2019-06-28,0.86,2019-05-31,1.45,2019-04-30,2.6121,2019-03-29,2.98,2019-02-28,3.3,2019-01-31,3.5,2018-12-31,3.74,2018-11-30,60,13,True,True,True,2018-11-30,2019-11-29,2019-12-11,0,8,7.778702559940453,2.6383213445589746,-4.743165351139828,4.448785345615082,5.697640316832217,-4.136972924277724,,4.900574862225935,-4.444379174544409,3.916413353729439
NB_1551,NB_1551@2020-01-08,,2020-01-08,0,Energy,Oil & Gas Services & Equip,2020,1116.501,375.687,106.524,0.385,106.139,103.312,461.221,219.736,740.814,153.589,60.024,241.485,2155.136,306.563,431.673,126.349,17.145,124.9,351.258,-258.835,92.423,11.12,1251.2707,75.86842,18431745.0,191249500.0,0,0,0,0,0,0,0,0,0,0,0,0,0,0,0,0,0,0,0,0,0,0,0,0,0,0,1,nonbankruptcy_candidate,2021-01-08,True,nonbankrupt,LBRT,Liberty Energy Inc. Class A common stock,LBRT US Equity,2019-10-10,2018-12-31,21,373,373,2019-12-31,8,2019-12-31,8.0,2019-12-31,8.0,2019-12-31,8.0,2019-12-31,8,2019-12-31,8,5,8,11.12,2019-12-31,8.84,2019-11-29,9.21,2019-10-31,10.83,2019-09-30,10.77,2019-08-30,14.15,2019-07-31,16.18,2019-06-28,12.75,2019-05-31,14.91,2019-04-30,15.39,2019-03-29,16.38,2019-02-28,15.21,2019-01-31,12.95,2018-12-31,24,13,True,True,True,2018-12-31,2019-12-31,2020-01-08,0,8,7.01885022134191,7.132713742346661,5.490939852794294,5.728679944310712,6.069982246393261,4.846931349019292,2.898395040665034,5.864363861663549,-5.560046814177334,4.537137567596242
SA_262,SA_262@2020-01-08,2020-04-07,2020-01-08,1,Health Care,Health Care Facilities & Svcs,2020,1574.094,1646.746,1193.474,1.697,1191.777,3.203,490.988,321.734,-72.652,322.608,45.646,169.254,1878.589,-70.951,-2.957,-200.248,128.13,49.3,39.504,-45.882,-6.378,0.9561,31.471,32.91602,9321599.0,8119793.0,0,0,0,0,0,0,0,0,0,0,0,0,0,0,0,0,0,0,0,0,0,0,0,0,0,0,2,bankruptcy,2021-01-08,True,bankrupt,QHCCQ,Quorum Health Corporation,QHCCQ US Equity,2019-10-10,2018-12-31,21,373,373,2019-12-31,8,2019-12-31,8.0,2019-12-31,8.0,2019-12-31,8.0,2019-12-31,8,2019-12-31,8,5,8,0.9561,2019-12-31,0.5908,2019-11-29,1.11,2019-10-31,1.21,2019-09-30,1.01,2019-08-30,1.66,2019-07-31,1.39,2019-06-28,1.76,2019-05-31,2.05,2019-04-30,1.4,2019-03-29,2.79,2019-02-28,2.93,2019-01-31,2.89,2018-12-31,45,13,True,True,True,2018-12-31,2019-12-31,2020-01-08,0,8,7.3620702320184845,3.4803473832998946,5.137291439614121,-4.275985331777446,-1.3754861624032872,-5.304537978361092,4.86081964885856,3.701400734667608,-3.847633806474796,-1.9985025991744838
NB_1548,NB_1548@2020-02-18,,2020-02-18,0,Consumer Discretionary,Apparel & Textile Products,2020,94.723,11.495,1.319,0.158,1.161,12.831,75.47,10.334,83.228,16.477,42.365,65.136,99.011,3.565,4.53,1.459,0.125,0.9655,1.785,-3.103,-1.318,13.94,111.6152,8.00683,11564770.0,164450100.0,0,0,0,0,0,0,0,0,0,0,0,0,0,0,0,0,0,0,0,0,0,0,0,0,0,0,1,nonbankruptcy_candidate,2021-02-18,True,nonbankrupt,LAKE,Lakeland Industries Inc. Common Stock,LAKE US Equity,2019-11-20,2019-01-31,21,383,383,2020-01-31,18,2020-01-31,18.0,2020-01-31,18.0,2020-01-31,18.0,2020-01-31,18,2020-01-31,18,5,18,13.94,2020-01-31,10.8,2019-12-31,10.35,2019-11-29,11.05,2019-10-31,12.12,2019-09-30,10.4384,2019-08-30,10.73,2019-07-31,11.2,2019-06-28,12.2,2019-05-31,12.69,2019-04-30,11.74,2019-03-29,11.07,2019-02-28,11.12,2019-01-31,320,13,True,True,True,2019-01-31,2020-01-31,2020-02-18,0,8,4.561458603961494,4.723976697714114,4.191713227950374,1.5184185140469317,1.7101878155342434,0.8997547632340556,0.11778303565638346,1.0242478733792475,-1.411718413460049,-0.84070474491756
NB_1630,NB_1630@2020-02-18,,2020-02-18,0,Health Care,Health Care Facilities & Svcs,2020,44.58,7.126,0.0,0.0,0.0,10.299,44.106,5.619,37.454,,0.0,38.487,0.0,-16.987,-16.762,-16.167,0.005,0.225,-19.986,-0.134,-20.12,43.6498,30.2638,0.69333,48681.0,2227276.0,0,0,0,0,0,0,0,0,0,1,0,0,0,0,0,0,0,0,0,0,0,0,0,0,0,0,1,nonbankruptcy_candidate,2021-02-18,True,nonbankrupt,LSTA,Lisata Therapeutics Inc. Common Stock,LSTA US Equity,2019-11-20,2018-12-31,20,414,414,2020-01-31,18,2020-01-31,18.0,2020-01-31,18.0,2020-01-31,18.0,2020-01-31,18,2020-01-31,18,5,18,43.6498,2020-01-31,37.6498,2019-12-31,41.9998,2019-11-29,32.2498,2019-10-31,38.8498,2019-09-30,34.7998,2019-08-30,42.2998,2019-07-31,34.1998,2019-06-28,43.6498,2019-05-31,45.7483,2019-04-30,54.2997,2019-03-29,58.7997,2019-02-28,73.0496,2019-01-31,320,13,True,True,True,2019-01-31,2020-01-31,2020-02-18,0,8,3.819469023817538,3.4424608787058264,3.675971503813152,-2.8896492747458336,-2.877061343836312,-2.8429889362887923,0.004987541511039074,-3.0438555487357193,-0.12575120530556036,-3.050220458838061
SA_198,SA_198@2020-02-18,2020-05-18,2020-02-18,1,Consumer Discretionary,Apparel & Textile Products,2020,1858.955,1775.578,1243.134,11.602,1231.532,29.519,482.584,537.465,83.377,27.91,342.952,-54.881,596.602,-91.559,-72.208,-123.766,38.327,3.5,-397.617,-1.456,-399.073,1.99,117.5229,59.05674,537371.0,1095961.0,0,0,0,0,0,0,0,0,0,0,0,0,0,0,0,0,0,0,0,0,0,0,0,0,0,0,2,bankruptcy,2021-02-18,True,bankrupt,CTRCQ,Centric Brands Inc.,CTRCQ US Equity,2019-11-20,2018-12-31,21,414,414,2020-01-31,18,2020-01-31,18.0,2020-01-31,18.0,2020-01-31,18.0,2020-01-31,18,2020-01-31,18,5,18,1.99,2020-01-31,2.17,2019-12-31,3.02,2019-11-29,2.5,2019-10-31,2.51,2019-09-30,2.77,2019-08-30,2.7,2019-07-31,4.11,2019-06-28,3.52,2019-05-31,3.44,2019-04-30,4.5,2019-03-29,4.16,2019-02-28,3.81,2019-01-31,60,13,True,True,True,2019-01-31,2020-01-31,2020-02-18,0,8,7.528307572866191,4.7751061908501615,-4.023224429718975,-4.527846279024121,-4.293304704613077,-4.8264399829204905,3.671911305883782,-5.988001056141694,-0.898534010284896,-5.991647030456883
NB_1989,NB_1989@2020-02-19,,2020-02-19,0,Energy,Oil & Gas Services & Equip,2020,2824.998,1409.7,786.58,0.0,786.58,354.259,1244.889,494.741,1415.298,625.086,194.507,750.148,1909.482,-145.482,148.108,-212.327,37.742,,36.567,-109.467,-72.9,12.41,1227.7151,98.9295,26437305.0,380907600.0,0,0,0,0,0,0,0,0,0,0,0,0,0,0,0,0,0,1,0,0,0,0,0,0,0,0,1,nonbankruptcy_candidate,2021-02-19,True,nonbankrupt,OII,Oceaneering International Inc. Common Stock,OII US Equity,2019-11-21,2018-12-31,20,415,415,2020-01-31,19,2020-01-31,19.0,2020-01-31,19.0,2020-01-31,19.0,2020-01-31,19,2020-01-31,19,5,19,12.41,2020-01-31,14.91,2019-12-31,13.41,2019-11-29,14.16,2019-10-31,13.55,2019-09-30,12.96,2019-08-30,15.45,2019-07-31,20.39,2019-06-28,16.4,2019-05-31,19.2,2019-04-30,15.77,2019-03-29,15.45,2019-02-28,15.69,2019-01-31,320,13,True,True,True,2019-01-31,2020-01-31,2020-02-19,0,8,7.946616855530139,7.113724268209585,6.621602702920851,-4.9869025540141685,5.004670875596223,-5.362826199744926,3.6569242828723847,3.6261260054527185,-4.704716833821309,-4.302712827954156
SA_56,SA_56@2020-02-19,2020-05-19,2020-02-19,1,Energy,Oil & Gas Services & Equip,2020,2347.73,729.951,440.315,47.252,393.063,279.459,450.928,191.488,1617.779,73.761,0.0,259.44,739.818,51.543,162.065,28.598,16.988,,196.744,-137.083,59.661,8.34,1241.071,148.80947,21332918.0,191680600.0,0,0,0,0,0,0,0,0,0,0,0,0,0,0,0,0,0,1,0,0,0,0,0,0,0,0,2,bankruptcy,2021-02-19,True,bankrupt,HOSSQ,"Hornbeck Offshore Services, Inc.",HOS US Equity,2019-11-21,2018-12-31,20,415,415,2020-01-31,19,2020-01-31,19.0,2020-01-31,19.0,2020-01-31,19.0,2020-01-31,19,2020-01-31,19,5,19,8.34,2020-01-31,9.63,2019-12-31,8.3,2019-11-29,8.59,2019-10-31,8.06,2019-09-30,7.24,2019-08-30,8.76,2019-07-31,8.63,2019-06-28,6.76,2019-05-31,7.82,2019-04-30,7.91,2019-03-29,7.4,2019-02-28,6.83,2019-01-31,60,13,True,True,True,2019-01-31,2020-01-31,2020-02-19,0,8,7.761630035523779,7.124535426721032,5.562372508368662,3.961631881980162,5.094148894324073,3.387706791479656,2.889704868908461,5.286973264847379,-4.927854953634442,4.105300987452612
NB_2402,NB_2402@2020-02-20,,2020-02-20,0,Industrials,Machinery,2020,0.1042,0.0391,0.0,0.0,0.0,0.0085,0.0293,0.0391,0.065,0.01,0.0,-0.0098,0.1901,-0.68,-0.66,-0.6791,0.0007,,0.1571,0.0,0.1571,1.39,4.4133,3.17501,1227.0,1448.57,0,0,0,0,0,0,0,0,0,0,0,0,0,0,0,0,0,1,0,0,0,0,0,0,0,0,1,nonbankruptcy_candidate,2021-02-20,True,nonbankrupt,SCWO,374Water Inc. Common Stock,SCWO US Equity,2019-11-22,2018-12-31,20,416,416,2020-01-31,20,2020-01-31,20.0,2020-01-31,20.0,2020-01-31,20.0,2020-01-31,20,2020-01-31,20,5,20,1.39,2020-01-31,0.9,2019-12-31,1.5765,2019-11-29,0.9,2019-10-31,1.0,2019-09-30,1.1,2019-08-30,0.8,2019-07-31,0.9,2019-06-28,0.821,2019-05-31,1.1,2019-04-30,0.88,2019-03-29,1.8,2019-02-28,0.9,2019-01-31,284,13,True,True,True,2019-01-31,2020-01-31,2020-02-20,0,8,0.09912109086780718,1.6888588884109959,-0.00975229144267827,-0.5187937934151675,-0.5068176023684519,-0.5182579355832866,0.000699755114273342,0.14591687490015473,0.0,0.14591687490015473
SA_144,SA_144@2020-02-20,2020-05-20,2020-02-20,1,Health Care,Biotech & Pharma,2020,1495.257,1051.391,820.411,0.0,820.411,224.868,583.819,170.823,443.866,153.126,173.645,412.996,694.018,-388.426,-305.621,-401.909,56.9,29.3,-68.894,-69.111,-138.005,1.53,193.0031,126.14583,66961151.0,93085200.0,0,0,0,0,0,0,0,0,0,0,0,0,0,0,0,0,0,0,0,0,0,0,0,0,0,0,2,bankruptcy,2021-02-20,True,bankrupt,AKRXQ,"Akorn, Inc.",AKRXQ US Equity,2019-11-22,2018-12-31,21,416,416,2020-01-31,20,2020-01-31,20.0,2020-01-31,20.0,2020-01-31,20.0,2020-01-31,20,2020-01-31,20,5,20,1.53,2020-01-31,1.5,2019-12-31,3.65,2019-11-29,4.99,2019-10-31,3.8,2019-09-30,2.89,2019-08-30,3.72,2019-07-31,5.15,2019-06-28,4.12,2019-05-31,2.7,2019-04-30,3.52,2019-03-29,4.05,2019-02-28,3.76,2019-01-31,60,13,True,True,True,2019-01-31,2020-01-31,2020-02-20,0,8,7.310721935223812,5.267874138317103,6.025856311942889,-5.9646738600979265,-5.72561245724285,-5.998710729996954,4.05871738457895,-4.246979808645695,-4.250079700417684,-4.934509903706765
NB_1482,NB_1482@2020-03-03,,2020-03-03,0,Consumer Discretionary,Home & Office Products,2020,87.223,39.52,10.926,10.697,0.229,10.647,65.357,32.733,47.703,33.259,17.206,32.624,146.55,2.112,4.683,1.529,0.367,2.571,2.49,-4.213,-1.723,11.55,31.7642,2.75014,147827.0,1787293.0,0,0,0,0,0,0,0,0,0,0,0,0,0,0,0,0,0,0,0,0,0,0,0,0,0,0,1,nonbankruptcy_candidate,2021-03-03,True,nonbankrupt,KEQU,Kewaunee Scientific Corporation Common Stock,KEQU US Equity,2019-12-04,2019-04-30,21,308,308,2020-02-28,4,2020-02-28,4.0,2020-02-28,4.0,2020-02-28,4.0,2020-02-28,4,2020-02-28,4,5,4,11.55,2020-02-28,12.5569,2020-01-31,13.45,2019-12-31,16.99,2019-11-29,16.09,2019-10-31,15.59,2019-09-30,16.08,2019-08-30,18.25,2019-07-31,19.14,2019-06-28,21.76,2019-05-31,22.6301,2019-04-30,21.06,2019-03-29,23.75,2019-02-28,321,13,True,True,True,2019-02-28,2020-02-28,2020-03-03,0,8,4.479867699992961,3.489336455895499,3.5152400977028155,1.1352656063161453,1.7374792623149844,0.927823967687828,0.3126185577418125,1.2499017362143359,-1.6511555057859688,-1.0017342136916225
NB_728,NB_728@2020-03-03,,2020-03-03,0,Consumer Discretionary,Apparel & Textile Products,2020,220.556,56.309,7.102,2.629,4.473,40.008,123.245,35.192,164.247,23.373,47.564,88.053,281.325,13.351,25.948,5.458,0.035,8.117,13.873,-15.357,-1.484,9.12,113.197,12.41196,1114275.0,11891210.0,0,0,0,0,0,0,0,0,0,0,0,0,0,0,0,0,0,0,0,0,0,0,0,0,0,0,1,nonbankruptcy_candidate,2021-03-03,True,nonbankrupt,CULP,Culp Inc. Common Stock,CULP US Equity,2019-12-04,2019-04-28,21,310,310,2020-02-28,4,2020-02-28,4.0,2020-02-28,4.0,2020-02-28,4.0,2020-02-28,4,2020-02-28,4,5,4,9.12,2020-02-28,12.63,2020-01-31,13.62,2019-12-31,16.12,2019-11-29,15.47,2019-10-31,16.3,2019-09-30,14.04,2019-08-30,17.97,2019-07-31,19.0,2019-06-28,17.23,2019-05-31,20.52,2019-04-30,19.23,2019-03-29,18.55,2019-02-28,311,13,True,True,True,2019-02-28,2020-02-28,2020-03-03,0,8,5.400675379201607,4.737925027174579,4.48923169810701,2.6638196261887948,3.2939090830984132,1.8653196723360834,0.0344014267173324,2.699547488610461,-2.7946559402763884,-0.9098701640712323
SA_31,SA_31@2020-03-03,2020-06-01,2020-03-03,1,Consumer Discretionary,Home & Office Products,2020,714.175,664.282,397.7,4.4,393.3,25.066,317.668,161.76,49.893,82.521,192.103,155.908,801.093,27.04,71.373,-7.956,21.979,43.2,36.87,-45.087,-8.217,1.44,32.1998,22.361,2924429.0,4085251.0,0,0,0,0,0,0,0,0,0,0,0,0,0,0,0,0,0,0,0,0,0,0,0,0,0,0,2,bankruptcy,2021-03-03,True,bankrupt,LBYYQ,Libbey Inc.,LBYYQ US Equity,2019-12-04,2018-12-31,21,428,428,2020-02-28,4,2020-02-28,4.0,2020-02-28,4.0,2020-02-28,4.0,2020-02-28,4,2020-02-28,4,5,4,1.44,2020-02-28,1.33,2020-01-31,1.45,2019-12-31,1.73,2019-11-29,1.8,2019-10-31,3.35,2019-09-30,1.69,2019-08-30,1.69,2019-07-31,1.86,2019-06-28,1.86,2019-05-31,2.5,2019-04-30,2.84,2019-03-29,3.94,2019-02-28,60,13,True,True,True,2019-02-28,2020-02-28,2020-03-03,0,8,6.572527267991084,3.5025438518079124,5.0556596463295245,3.3336320621663895,4.281833301659869,-2.1923236987365082,3.134580755372799,3.634159241913703,-3.8305309145727446,-2.2210496050115274
NB_3017,NB_3017@2020-03-17,,2020-03-17,0,Consumer Staples,Tobacco & Cannabis,2020,94.5181,56.9141,0.364,0.0,0.364,4.69,15.743,3.7099,37.604,1.4257,5.205,12.0332,23.6516,-14.7969,-14.5073,-50.4282,,0.188,-15.3775,-1.1986,-16.5761,367.2037,47.1014,0.12827,42362.0,17139180.0,0,0,0,0,0,0,0,0,0,0,0,0,0,0,0,0,1,0,0,0,0,0,0,0,0,0,1,nonbankruptcy_candidate,2021-03-17,True,nonbankrupt,YCBD,cbdMD Inc. Common Stock,YCBD US Equity,2019-12-18,2019-09-30,20,169,169,2020-02-28,18,2020-02-28,18.0,2020-02-28,18.0,2020-02-28,18.0,2020-02-28,18,2020-02-28,18,5,18,367.2037,2020-02-28,374.4037,2020-01-31,813.6081,2019-12-31,1170.0117,2019-11-29,1267.2127,2019-10-31,1425.6143,2019-09-30,1476.0148,2019-08-30,1566.0157,2019-07-31,2124.0212,2019-06-28,2203.222,2019-05-31,2188.8219,2019-04-30,1591.2159,2019-03-29,1573.2157,2019-02-28,28,13,True,True,True,2019-02-28,2020-02-28,2020-03-17,0,8,4.559315758324183,3.8733112827172493,2.5674999480918537,-2.7598137182510407,-2.741310880796639,-3.94018666014654,,-2.795908441623894,-0.7878207941626264,-2.866540024642819
SA_188,SA_188@2020-03-17,2020-06-15,2020-03-17,1,Consumer Staples,Tobacco & Cannabis,2020,1859.275,1667.256,1327.679,429.293,898.386,192.043,1238.508,646.842,192.019,295.88,668.171,591.666,1801.593,87.254,123.001,-70.467,135.553,29.689,-248.281,-47.539,-295.82,3.85,35.3325,9.17727,12776398.0,62265770.0,0,0,0,0,0,0,0,0,0,0,0,0,0,0,0,0,0,0,0,0,0,0,0,0,0,0,2,bankruptcy,2021-03-17,True,bankrupt,PYXSQ,"Pyxus International, Inc.",PYXSQ US Equity,2019-12-18,2019-03-31,21,352,352,2020-02-28,18,2020-02-28,18.0,2020-02-28,18.0,2020-02-28,18.0,2020-02-28,18,2020-02-28,18,5,18,3.85,2020-02-28,6.85,2020-01-31,8.94,2019-12-31,8.03,2019-11-29,11.42,2019-10-31,13.08,2019-09-30,13.37,2019-08-30,14.27,2019-07-31,15.2,2019-06-28,17.94,2019-05-31,22.83,2019-04-30,23.89,2019-03-29,26.99,2019-02-28,60,13,True,True,True,2019-02-28,2020-02-28,2020-03-17,0,8,7.528479605240958,3.5927126575181885,6.384631002545715,4.480219020565261,4.820289630088648,-4.2692358046967644,4.916712817652746,-5.518580774227611,-3.882367598520521,-5.693125894467673
SA_231,SA_231@2020-03-22,2020-06-20,2020-03-22,1,Health Care,Health Care Facilities & Svcs,2020,452.277,410.004,319.158,309.394,9.764,5.409,63.964,361.445,42.273,47.86,0.0,-297.481,295.763,-37.538,-15.552,-59.404,32.22,20.086,-28.854,-18.949,-47.803,0.3,7.5473,25.15771,2271230.0,630174.8,0,0,0,0,0,0,0,0,0,0,0,0,0,0,0,0,0,0,0,0,0,0,0,0,0,0,2,bankruptcy,2021-03-22,True,bankrupt,AACH,"AAC Holdings, Inc.",AACH US Equity,2019-12-23,2018-12-31,21,447,447,2020-02-28,23,2020-02-28,23.0,2020-02-28,23.0,2020-02-28,23.0,2020-02-28,23,2020-02-28,23,5,23,0.3,2020-02-28,0.38,2020-01-31,0.5399,2019-12-31,0.65,2019-11-29,0.393,2019-10-31,0.67,2019-09-30,0.6,2019-08-30,0.983,2019-07-31,0.86,2019-06-28,0.9001,2019-05-31,1.61,2019-04-30,1.84,2019-03-29,2.55,2019-02-28,60,13,True,True,True,2019-02-28,2020-02-28,2020-03-20,2,8,6.116503417634608,2.1456154436029893,-5.698706279215519,-3.6516447675037105,-2.8065069404432417,-4.101055327913543,3.503152104185149,-3.3963188342110477,-2.9931790167662737,-3.887791786379402
SA_8,SA_8@2020-03-25,2020-06-23,2020-03-25,1,Consumer Discretionary,Retail - Discretionary,2020,1527.85,1543.356,1152.322,158.756,993.566,67.224,804.164,427.707,-114.31,127.317,465.572,376.457,2353.523,112.353,159.458,69.78,127.08,40.1,95.868,-18.981,76.887,1.68,142.0698,84.56534,18011550.0,36334390.0,0,0,0,0,0,0,0,0,0,0,0,0,0,0,0,0,0,0,0,0,0,0,0,0,0,0,2,bankruptcy,2021-03-25,True,bankrupt,GNCIQ,"GNC Holdings, Inc.",GNCIQ US Equity,2019-12-26,2018-12-31,21,450,450,2020-02-28,26,2020-02-28,26.0,2020-02-28,26.0,2020-02-28,26.0,2020-02-28,26,2020-02-28,26,5,26,1.68,2020-02-28,2.14,2020-01-31,2.7,2019-12-31,2.94,2019-11-29,2.64,2019-10-31,2.14,2019-09-30,1.96,2019-08-30,2.08,2019-07-31,1.5,2019-06-28,1.4,2019-05-31,2.22,2019-04-30,2.73,2019-03-29,2.98,2019-02-28,60,13,True,True,True,2019-02-28,2020-02-28,2020-03-25,0,8,7.332271097781102,4.963332623060162,5.933456654916384,4.730506843299375,5.078032226082308,4.259576474917317,4.852655068688459,4.573349226998255,-2.9947818220179956,4.355259058334409
SA_286,SA_286@2020-03-26,2020-06-24,2020-03-26,1,Industrials,Machinery,2020,503.597,511.38,391.788,5.687,386.101,46.698,196.139,85.863,-7.783,36.213,49.475,110.276,367.959,11.796,54.4,-13.16,33.277,28.356,29.757,-13.753,16.004,0.131,3.7221,28.41335,1508832.0,187951.5,0,0,0,0,0,0,0,0,0,0,0,0,0,0,0,0,0,0,0,0,0,0,0,0,0,0,2,bankruptcy,2021-03-26,True,bankrupt,JASNQ,"Jason Industries, Inc.",JASNQ US Equity,2019-12-27,2018-12-31,21,451,451,2020-02-28,27,2020-02-28,27.0,2020-02-28,27.0,2020-02-28,27.0,2020-02-28,27,2020-02-28,27,5,27,0.131,2020-02-28,0.14,2020-01-31,0.3723,2019-12-31,0.174,2019-11-29,0.2453,2019-10-31,0.355,2019-09-30,0.5047,2019-08-30,0.48,2019-07-31,0.65,2019-06-28,0.92,2019-05-31,1.48,2019-04-30,1.4,2019-03-29,2.57,2019-02-28,60,13,True,True,True,2019-02-28,2020-02-28,2020-03-26,0,8,6.223760090886073,1.5522536159062568,4.712013601606089,2.5491326220872716,4.014579593753238,-2.6504210882655737,3.53447457531419,3.426117610622378,-2.69144645193543,2.8334486104965437
SA_100,SA_100@2020-03-31,2020-06-29,2020-03-31,1,Materials,Metals & Mining,2020,2446.518,2269.354,1893.857,82.406,1811.451,319.484,677.023,314.429,177.164,199.027,121.79,362.594,1595.446,-1432.642,-1108.56,-1290.102,107.891,200.642,103.914,-87.535,16.379,1.54,202.868,131.73246,4472491.0,7867098.0,0,0,0,0,0,0,0,0,0,0,0,0,0,0,0,0,0,0,0,0,0,0,0,0,0,0,2,bankruptcy,2021-03-31,True,bankrupt,CVIAQ,Covia Holdings Corporation,CVIAQ US Equity,2020-01-01,2019-12-31,21,91,91,2020-02-28,32,2020-02-28,32.0,2020-02-28,32.0,2020-02-28,32.0,2020-02-28,32,2020-02-28,32,5,32,1.54,2020-02-28,1.6,2020-01-31,2.04,2019-12-31,1.49,2019-11-29,1.38,2019-10-31,2.02,2019-09-30,1.5,2019-08-30,1.74,2019-07-31,1.96,2019-06-28,2.91,2019-05-31,4.81,2019-04-30,5.59,2019-03-29,4.76,2019-02-28,21,13,True,True,True,2019-02-28,2020-02-28,2020-03-31,0,8,7.802829728820931,5.317472725587778,5.896037860517005,-7.267973338666521,-7.011718819324163,-7.16325139624616,4.6903473818955606,4.653140966935712,-4.48339795405818,2.855262580782597
NB_1025,NB_1025@2020-04-13,,2020-04-13,0,Energy,Oil & Gas Services & Equip,2020,1159.997,673.958,462.055,13.255,448.8,57.911,665.917,196.85,486.039,154.182,414.64,469.067,956.533,-536.146,-460.865,-567.057,31.618,30.629,104.144,-15.102,89.042,3.546,19.7593,5.57227,1727720.0,9416666.0,0,0,0,0,0,0,0,0,0,0,0,0,0,0,0,0,0,0,0,0,0,0,0,0,0,0,1,nonbankruptcy_candidate,2021-04-13,True,nonbankrupt,FET,Forum Energy Technologies Inc. Common Stock,FET US Equity,2020-01-14,2019-12-31,21,104,104,2020-03-31,13,2020-03-31,13.0,2020-03-31,13.0,2020-03-31,13.0,2020-03-31,13,2020-03-31,13,5,13,3.546,2020-03-31,15.6,2020-02-28,21.2,2020-01-31,33.6,2019-12-31,26.2,2019-11-29,23.2,2019-10-31,31.0,2019-09-30,28.2,2019-08-30,52.4,2019-07-31,68.4,2019-06-28,76.4,2019-05-31,119.6,2019-04-30,102.2,2019-03-29,96,13,True,True,True,2019-03-29,2020-03-31,2020-04-13,0,8,7.057034397715225,3.032994339039412,6.152875237735853,-6.286269938375339,-6.135272640588515,-6.342221765798891,3.484864283234726,4.655330839179707,-2.778943487877789,4.5002762281419075
NB_1206,NB_1206@2020-04-13,,2020-04-13,0,Consumer Discretionary,Retail - Discretionary,2020,70.9396,18.1306,7.9963,1.9469,6.0493,12.9794,41.0971,12.0813,52.809,3.9915,21.5766,29.0158,79.7336,1.5832,4.5419,1.3218,0.0452,1.0463,-3.3393,-2.2328,-5.5721,3.81,145.2959,38.13541,11360712.0,43154100.0,0,0,0,0,0,0,0,0,0,0,0,0,0,0,0,0,0,0,0,0,0,0,0,0,0,0,1,nonbankruptcy_candidate,2021-04-13,True,nonbankrupt,GRWG,GrowGeneration Corp. Common Stock,GRWG US Equity,2020-01-14,2019-12-31,21,104,104,2020-03-31,13,2020-03-31,13.0,2020-03-31,13.0,2020-03-31,13.0,2020-03-31,13,2020-03-31,13,5,13,3.81,2020-03-31,5.53,2020-02-28,4.76,2020-01-31,4.1,2019-12-31,4.85,2019-11-29,4.05,2019-10-31,4.25,2019-09-30,5.4195,2019-08-30,4.45,2019-07-31,3.3,2019-06-28,3.06,2019-05-31,2.69,2019-04-30,3.015,2019-03-29,41,13,True,True,True,2019-03-29,2020-03-31,2020-04-13,0,8,4.275826878062974,4.98563128302641,3.401723909688609,0.9490289404619284,1.7123374022505644,0.8423427469217984,0.044208254664320365,-1.4677130447810498,-1.173348634782127,-1.8828334161274265
NB_1841,NB_1841@2020-04-13,,2020-04-13,0,Health Care,Biotech & Pharma,2020,40.247,19.802,1.719,0.853,0.866,18.812,33.518,15.063,20.445,2.175,11.535,18.455,46.291,-31.3,-29.629,-32.147,0.847,0.762,-20.439,-0.743,-21.182,3.26,194.9085,59.7879,10629311.0,34054030.0,0,0,0,0,0,0,0,0,0,0,0,0,0,0,0,0,0,0,0,0,0,0,0,0,0,0,1,nonbankruptcy_candidate,2021-04-13,True,nonbankrupt,NAGE,Niagen Bioscience Inc. Common Stock,NAGE US Equity,2020-01-14,2019-12-31,21,104,104,2020-03-31,13,2020-03-31,13.0,2020-03-31,13.0,2020-03-31,13.0,2020-03-31,13,2020-03-31,13,5,13,3.26,2020-03-31,3.69,2020-02-28,4.41,2020-01-31,4.31,2019-12-31,3.64,2019-11-29,2.89,2019-10-31,3.935,2019-09-30,3.91,2019-08-30,4.63,2019-07-31,4.65,2019-06-28,3.98,2019-05-31,4.45,2019-04-30,4.19,2019-03-29,142,13,True,True,True,2019-03-29,2020-03-31,2020-04-13,0,8,3.7195783828632063,5.2776477134936295,2.968104106436517,-3.475067230228611,-3.4219472725807525,-3.5009522147991476,0.6135627012171029,-3.0652116933237945,-0.5556077665378839,-3.09928114918255
NB_1850,NB_1850@2020-04-13,,2020-04-13,0,Materials,Metals & Mining,2020,444.773,155.381,38.709,9.113,29.596,122.892,200.668,61.966,289.392,15.444,40.465,138.702,140.99,38.82,57.311,39.632,0.872,13.64,52.784,-24.664,28.12,27.98,197.1495,5.47753,511478.0,14808900.0,0,0,0,0,0,0,0,0,0,0,0,0,0,0,0,0,0,0,0,0,0,0,0,0,0,0,1,nonbankruptcy_candidate,2021-04-13,True,nonbankrupt,NC,NACCO Industries Inc. Common Stock,NC US Equity,2020-01-14,2019-12-31,21,104,104,2020-03-31,13,2020-03-31,13.0,2020-03-31,13.0,2020-03-31,13.0,2020-03-31,13,2020-03-31,13,5,13,27.98,2020-03-31,41.22,2020-02-28,47.14,2020-01-31,46.83,2019-12-31,47.1,2019-11-29,50.5,2019-10-31,63.91,2019-09-30,49.78,2019-08-30,53.15,2019-07-31,51.94,2019-06-28,49.96,2019-05-31,40.89,2019-04-30,38.22,2019-03-29,322,13,True,True,True,2019-03-29,2020-03-31,2020-04-13,0,8,6.09980985384171,5.289021796292357,4.939511582552707,3.6843692986360503,4.0657907548040395,3.704555933498944,0.6270073780554003,3.9849760251667354,-3.245089231684104,3.3714252233284854
NB_2199,NB_2199@2020-04-13,,2020-04-13,0,Health Care,Biotech & Pharma,2020,154.917,74.953,17.011,1.256,15.755,33.006,145.311,35.406,79.964,0.0,0.0,109.905,0.231,-80.521,-78.026,-77.187,0.169,0.703,-41.527,-0.967,-42.494,7.06,192.6978,27.2943,3781002.0,26270360.0,0,0,0,0,0,0,0,0,0,0,0,0,0,0,0,0,0,0,0,0,0,0,0,0,0,0,1,nonbankruptcy_candidate,2021-04-13,True,nonbankrupt,PTGX,Protagonist Therapeutics Inc. Common Stock,PTGX US Equity,2020-01-14,2019-12-31,21,104,104,2020-03-31,13,2020-03-31,13.0,2020-03-31,13.0,2020-03-31,13.0,2020-03-31,13,2020-03-31,13,5,13,7.06,2020-03-31,7.8,2020-02-28,7.55,2020-01-31,7.05,2019-12-31,8.7,2019-11-29,13.45,2019-10-31,12.01,2019-09-30,13.03,2019-08-30,11.02,2019-07-31,12.11,2019-06-28,10.06,2019-05-31,10.33,2019-04-30,12.57,2019-03-29,44,13,True,True,True,2019-03-29,2020-03-31,2020-04-13,0,8,5.049323814377979,5.266299212578703,4.708673979002753,-4.400860655767592,-4.369776912244965,-4.35910339332259,0.15614868248993136,-3.7501391683341376,-0.6765095394069219,-3.7726229975467955
NB_2854,NB_2854@2020-04-13,,2020-04-13,0,Consumer Discretionary,Home & Office Products,2020,123.113,66.086,21.414,5.504,15.91,0.738,63.111,32.125,57.027,13.253,47.289,30.986,200.716,2.331,8.122,-1.614,,,2.363,-5.395,-3.032,2.1,32.9985,15.71355,511978.0,1320455.0,0,0,0,0,0,0,0,0,0,0,0,0,0,0,0,0,1,1,0,0,0,0,0,0,0,0,1,nonbankruptcy_candidate,2021-04-13,True,nonbankrupt,VIRC,Virco Manufacturing Corporation Common Stock,VIRC US Equity,2020-01-14,2019-01-31,19,438,438,2020-03-31,13,2020-03-31,13.0,2020-03-31,13.0,2020-03-31,13.0,2020-03-31,13,2020-03-31,13,5,13,2.1,2020-03-31,3.84,2020-02-28,4.14,2020-01-31,4.24,2019-12-31,3.9,2019-11-29,3.938,2019-10-31,3.85,2019-09-30,4.35,2019-08-30,4.51,2019-07-31,4.67,2019-06-28,4.12,2019-05-31,4.52,2019-04-30,4.33,2019-03-29,322,13,True,True,True,2019-03-29,2020-03-31,2020-04-13,0,8,4.82119244095468,3.5263164059958907,3.465298307068679,1.2032725592115425,2.2106890782895086,-0.9608816152020303,,1.2128334327581325,-1.855516435030806,-1.3942625307690675
NB_2875,NB_2875@2020-04-13,,2020-04-13,0,Consumer Discretionary,Retail - Discretionary,2020,362.148,67.445,0.0,0.0,0.0,113.493,252.468,43.556,294.703,15.604,91.581,208.912,416.097,27.101,43.641,20.757,,16.54,43.564,-8.148,35.416,4.12,138.6068,33.64243,9271496.0,50474350.0,0,0,0,0,0,0,0,0,0,0,0,0,0,0,0,0,1,0,0,0,0,0,0,0,0,0,1,nonbankruptcy_candidate,2021-04-13,True,nonbankrupt,VRA,Vera Bradley Inc. Common Stock,VRA US Equity,2020-01-14,2019-02-02,20,436,436,2020-03-31,13,2020-03-31,13.0,2020-03-31,13.0,2020-03-31,13.0,2020-03-31,13,2020-03-31,13,5,13,4.12,2020-03-31,8.26,2020-02-28,9.58,2020-01-31,11.8,2019-12-31,11.04,2019-11-29,10.76,2019-10-31,10.1,2019-09-30,10.59,2019-08-30,11.75,2019-07-31,12.0,2019-06-28,10.95,2019-05-31,12.28,2019-04-30,13.25,2019-03-29,114,13,True,True,True,2019-03-29,2020-03-31,2020-04-13,0,8,5.894810464670909,4.938829899743668,5.346688395273431,3.3358051628951033,3.798652719255839,3.0799355448360655,,3.7969263581970703,-2.2135352761605347,3.5950082385038655
NB_553,NB_553@2020-04-13,,2020-04-13,0,Industrials,Machinery,2020,44.3927,22.4266,5.0782,0.0,5.0782,1.77,18.8776,15.6373,21.9661,8.1724,5.2072,3.2403,39.265,-7.4474,-4.4334,-22.3649,4.7855,3.014,3.9355,-1.6595,2.276,7656900.7878,4.8297,0.0,1.0,7779814.0,0,0,0,0,0,0,0,0,0,0,0,0,0,0,0,0,0,0,0,0,0,0,0,0,0,0,1,nonbankruptcy_candidate,2021-04-13,True,nonbankrupt,CETX,Cemtrex Inc. Common Stock,CETX US Equity,2020-01-14,2019-09-30,21,196,196,2020-03-31,13,2020-03-31,13.0,2020-03-31,13.0,2020-03-31,13.0,2020-03-31,13,2020-03-31,13,5,13,7656900.7878,2020-03-31,15655578.2845,2020-02-28,15104325.528,2020-01-31,14332571.6689,2019-12-31,15545327.7332,2019-11-29,15214576.0793,2019-10-31,14883824.4254,2019-09-30,17419587.1053,2019-08-30,18742593.7209,2019-07-31,35059675.3133,2019-06-28,19845099.2339,2019-05-31,29106145.5431,2019-04-30,44100220.5198,2019-03-29,229,13,True,True,True,2019-03-29,2020-03-31,2020-04-13,0,8,3.815351299167188,1.7629655410624077,1.4446340214578506,-2.1338587017143995,-1.6925650890079822,-3.1512348962373884,1.7553547873342552,1.5964539848758057,-0.9781381352002352,1.1866231659908228
NB_868,NB_868@2020-04-13,,2020-04-13,0,Energy,Oil & Gas Services & Equip,2020,127.608,24.443,11.298,5.262,6.036,26.271,65.618,18.257,103.165,24.422,0.0,47.361,145.773,-16.246,7.166,-15.213,0.435,21.826,9.48,-4.396,5.084,0.9716,22.626,23.28741,1893881.0,2350394.0,0,0,0,0,0,0,0,0,0,0,0,0,0,0,0,0,0,0,0,0,0,0,0,0,0,0,1,nonbankruptcy_candidate,2021-04-13,True,nonbankrupt,DWSN,Dawson Geophysical Company Common Stock,DWSN US Equity,2020-01-14,2019-12-31,21,104,104,2020-03-31,13,2020-03-31,13.0,2020-03-31,13.0,2020-03-31,13.0,2020-03-31,13,2020-03-31,13,5,13,0.9716,2020-03-31,2.06,2020-02-28,2.4,2020-01-31,2.4,2019-12-31,2.26,2019-11-29,2.4,2019-10-31,2.14,2019-09-30,2.11,2019-08-30,2.38,2019-07-31,2.5,2019-06-28,2.24,2019-05-31,2.8,2019-04-30,2.93,2019-03-29,309,13,True,True,True,2019-03-29,2020-03-31,2020-04-13,0,8,4.856769018266791,3.1623478005263284,3.8786937037792844,-2.8475802325301327,2.099979192897384,-2.7858133895679322,0.3611648492115844,2.349468678892896,-1.6856579383455095,1.8056623743970464
SA_95,SA_95@2020-04-13,2020-07-12,2020-04-13,1,Energy,Oil & Gas Services & Equip,2020,1111.137,710.013,559.953,33.158,526.795,57.559,179.175,126.827,401.124,71.824,39.974,52.348,636.37,-346.785,-248.475,-413.559,45.774,52.415,29.878,-71.696,-41.818,0.235,23.7045,100.87022,23598650.0,7001398.0,0,0,0,0,0,0,0,0,0,0,0,0,0,0,0,0,0,0,0,0,0,0,0,0,0,0,2,bankruptcy,2021-04-13,True,bankrupt,HCRSQ,Hi-Crush Inc.,HCRSQ US Equity,2020-01-14,2019-12-31,21,104,104,2020-03-31,13,2020-03-31,13.0,2020-03-31,13.0,2020-03-31,13.0,2020-03-31,13,2020-03-31,13,5,13,0.235,2020-03-31,0.6,2020-02-28,0.71,2020-01-31,0.8826,2019-12-31,0.8387,2019-11-29,1.19,2019-10-31,1.74,2019-09-30,1.54,2019-08-30,2.11,2019-07-31,2.46,2019-06-28,2.3,2019-05-31,3.54,2019-04-30,4.45,2019-03-29,60,13,True,True,True,2019-03-29,2020-03-31,2020-04-13,0,8,7.014038668660702,3.2069854132748525,3.976836488760148,-5.851584472755516,-5.519358709770376,-6.027215304614828,3.845327492989878,3.430043956219735,-4.286286362393046,-3.7569585749245307
NB_156,NB_156@2020-04-27,,2020-04-27,0,Energy,Oil & Gas Supply Chain,2020,877.539,443.332,289.432,1.712,287.72,0.0,52.587,61.088,434.207,33.145,0.0,-8.501,275.575,-11.971,43.872,-35.197,16.855,55.843,47.283,-73.945,-26.662,0.5659,21.2584,37.56561,15250603.0,21675310.0,0,0,0,0,0,0,0,0,0,0,0,0,0,0,0,0,0,0,0,0,0,0,0,0,0,0,1,nonbankruptcy_candidate,2021-04-27,True,nonbankrupt,AMPY,Amplify Energy Corp. Common Stock,AMPY US Equity,2020-01-28,2019-12-31,21,118,118,2020-03-31,27,2020-03-31,27.0,2020-03-31,27.0,2020-03-31,27.0,2020-03-31,27,2020-03-31,27,5,27,0.5659,2020-03-31,4.18,2020-02-28,5.39,2020-01-31,6.61,2019-12-31,5.5,2019-11-29,7.25,2019-10-31,6.17,2019-09-30,5.96,2019-08-30,4.55,2019-07-31,5.89,2019-06-28,6.69,2019-05-31,12.77,2019-04-30,9.77,2019-03-29,42,13,True,True,True,2019-03-29,2020-03-31,2020-04-27,0,8,6.7782603004949324,3.1027194654563384,-2.2513970562246124,-2.5627160963585363,3.803813992206036,-3.5889762424693976,2.8822835810464116,3.877079531829943,-4.316754511182559,-3.320059630202516
NB_1912,NB_1912@2020-04-27,,2020-04-27,0,Energy,Oil & Gas Supply Chain,2020,1.5909,1.4705,0.0,0.0,0.0,1.5909,1.5909,1.4705,,0.0,0.0,0.1204,8.3447,7.5636,,7.5781,,,,,,2.63,24.1713,9.19059,1028515.0,3013679.0,0,0,0,0,0,0,0,0,1,0,0,0,0,0,1,0,1,1,1,1,1,0,0,0,0,0,1,nonbankruptcy_candidate,2021-04-27,True,nonbankrupt,NRT,North European Oil Royality Trust Common Stock,NRT US Equity,2020-01-28,2019-10-31,14,179,179,2020-03-31,27,2020-03-31,27.0,2020-03-31,27.0,2020-03-31,27.0,2020-03-31,27,2020-03-31,27,5,27,2.63,2020-03-31,3.74,2020-02-28,5.5,2020-01-31,5.91,2019-12-31,5.82,2019-11-29,6.1196,2019-10-31,6.09,2019-09-30,6.74,2019-08-30,7.18,2019-07-31,7.0822,2019-06-28,6.87,2019-05-31,7.09,2019-04-30,6.88,2019-03-29,322,13,True,True,True,2019-03-29,2020-03-31,2020-04-27,0,8,0.9520053056981487,3.2257044566017115,0.1136857644038164,2.1475206624904306,,2.149212443755812,,,,
SA_38,SA_38@2020-04-27,2020-07-26,2020-04-27,1,Energy,Oil & Gas Supply Chain,2020,872.512,496.37,355.511,0.0,355.511,2.991,50.634,69.691,376.142,34.91,0.0,-19.057,302.283,63.281,201.218,8.415,25.228,137.1,167.409,-252.165,-84.756,0.445,18.1475,6.54237,17667.0,10913.8,0,0,0,0,0,0,0,0,0,0,0,0,0,0,0,0,0,0,0,0,0,0,0,0,0,0,2,bankruptcy,2021-04-27,True,bankrupt,ROSEQ,Rosehill Resources Inc.,ROSUQ US Equity,2020-01-28,2019-12-31,21,118,118,2020-03-31,27,2020-03-31,27.0,2020-03-31,27.0,2020-03-31,27.0,2020-03-31,27,2020-03-31,27,5,27,0.445,2020-03-31,1.14,2020-02-28,1.57,2020-01-31,1.22,2019-12-31,1.65,2019-11-29,1.7,2019-10-31,1.85,2019-09-30,2.2,2019-08-30,3.49,2019-07-31,3.95,2019-06-28,3.42,2019-05-31,5.11,2019-04-30,3.92,2019-03-29,44,13,True,True,True,2019-03-29,2020-03-31,2020-04-27,0,8,6.772521867316039,2.9521721588016114,-2.9985782200039095,4.163264097686699,5.30934632339577,2.2423041621091158,3.266827542401373,5.126395544560659,-5.534041450067575,-4.451506054443685
NB_1168,NB_1168@2020-05-04,,2020-05-04,0,Consumer Staples,Tobacco & Cannabis,2020,153.202,38.938,13.434,1.378,12.056,47.773,114.968,26.262,114.264,8.091,43.06,88.706,185.006,-24.924,-21.3,-28.816,0.975,1.2,-36.903,-2.02,-38.923,42240052.8001,35.7859,0.0,0.0,9676770.0,0,0,0,0,0,0,0,0,0,0,0,0,0,0,0,0,0,0,0,0,0,0,0,0,0,0,1,nonbankruptcy_candidate,2021-05-04,True,nonbankrupt,GNLN,Greenlane Holdings Inc. Class A Common Stock,GNLN US Equity,2020-02-04,2019-12-31,21,125,125,2020-04-30,4,2020-04-30,4.0,2020-04-30,4.0,2020-04-30,4.0,2020-04-30,4,2020-04-30,4,5,4,42240052.8001,2020-04-30,22704028.38,2020-03-31,28248035.31,2020-02-28,32208040.26,2020-01-31,42966053.7076,2019-12-31,44748055.9351,2019-11-29,51876064.8451,2019-10-31,44748055.9351,2019-09-30,81840102.3001,2019-08-30,111276139.0951,2019-07-31,126588158.2352,2019-06-28,201168251.4603,2019-05-31,224400280.5003,2019-04-30,13,13,True,True,True,2019-04-30,2020-04-30,2020-05-04,0,8,5.038263431213729,3.605114619579423,4.496537656459846,-3.2551691805654697,-3.104586678466073,-3.3950451621769573,0.6805683983530851,-3.635030264628559,-1.1052568313867783,-3.686952598920222
NB_1440,NB_1440@2020-05-04,,2020-05-04,0,Health Care,Health Care Facilities & Svcs,2020,1.7955,5.5091,0.4575,0.0214,0.4361,1.2386,1.5434,1.5011,-3.7136,0.0076,0.1014,0.0423,1.4802,-1.7881,-1.7773,-2.1675,0.379,0.0062,1.3705,-0.0648,1.3057,175104.875524,29.9771,0.00017,2.0,338623.7,0,0,0,0,0,0,0,0,0,0,0,0,0,0,0,0,0,0,0,0,0,0,0,0,0,0,1,nonbankruptcy_candidate,2021-05-04,True,nonbankrupt,IVF,INVO Fertility Inc. Common Stock,IVF US Equity,2020-02-04,2019-12-31,21,125,125,2020-04-30,4,2020-04-30,4.0,2020-04-30,4.0,2020-04-30,4.0,2020-04-30,4,2020-04-30,4,5,4,175104.875524,2020-04-30,199896.039479,2020-03-31,211969.059844,2020-02-28,228097.140485,2020-01-31,199250.916254,2019-12-31,221185.105925,2019-11-29,275744.098719,2019-10-31,277402.987014,2019-09-30,285697.428486,2019-08-30,322469.452346,2019-07-31,350209.751047,2019-06-28,304129.520646,2019-05-31,330303.091514,2019-04-30,138,13,True,True,True,2019-04-30,2020-04-30,2020-05-04,0,8,1.028010981484563,3.4332482218272893,0.04142980976313955,-1.0253603602607748,-1.0214792327382851,-1.1529426332131572,0.32135859881116474,0.863100903360036,-0.06278698809876482,0.8353843179804306
NB_1570,NB_1570@2020-05-04,,2020-05-04,0,Health Care,Health Care Facilities & Svcs,2020,3.4462,4.5754,0.8447,0.8147,0.03,1.1066,2.7471,3.9754,-1.1292,0.0974,0.9501,-1.2283,12.4686,-2.8896,,-3.1372,0.7612,,0.2514,0.0,0.2514,1.35,7.9407,5.88199,1560131.0,2190667.0,0,0,0,0,0,0,0,0,0,0,0,0,0,0,1,0,0,1,0,0,0,0,0,0,0,0,1,nonbankruptcy_candidate,2021-05-04,True,nonbankrupt,LFMD,LifeMD Inc. Common Stock,LFMD US Equity,2020-02-04,2019-12-31,19,125,125,2020-04-30,4,2020-04-30,4.0,2020-04-30,4.0,2020-04-30,4.0,2020-04-30,4,2020-04-30,4,5,4,1.35,2020-04-30,1.0475,2020-03-31,0.639,2020-02-28,0.6815,2020-01-31,0.575,2019-12-31,0.84,2019-11-29,0.825,2019-10-31,0.825,2019-09-30,0.6495,2019-08-30,0.685,2019-07-31,0.55,2019-06-28,0.675,2019-05-31,0.9,2019-04-30,313,13,True,True,True,2019-04-30,2020-04-30,2020-05-04,0,8,1.4920497987857542,2.1906138858964415,-0.8012389629107854,-1.358306324579722,,-1.4200192305215116,0.5659953948994617,0.22426292458212607,0.0,0.22426292458212607
NB_2182,NB_2182@2020-05-04,,2020-05-04,0,Health Care,Health Care Facilities & Svcs,2020,19.511,6.306,1.216,0.582,0.634,0.848,1.878,4.334,13.205,0.574,0.184,-2.456,3.127,-10.994,-9.576,-13.243,0.473,0.1,-9.141,-0.055,-9.196,14.73,7.6995,0.52271,659346.0,8995570.0,0,0,0,0,0,0,0,0,0,0,0,0,0,0,0,0,0,0,0,0,0,0,0,0,0,0,1,nonbankruptcy_candidate,2021-05-04,True,nonbankrupt,PRPO,Precipio Inc. Common Stock,PRPO US Equity,2020-02-04,2019-12-31,21,125,125,2020-04-30,4,2020-04-30,4.0,2020-04-30,4.0,2020-04-30,4.0,2020-04-30,4,2020-04-30,4,5,4,14.73,2020-04-30,13.998,2020-03-31,30.6,2020-02-28,37.5,2020-01-31,41.0,2019-12-31,42.29,2019-11-29,47.4,2019-10-31,52.2,2019-09-30,50.8,2019-08-30,58.4,2019-07-31,67.6,2019-06-28,109.0,2019-05-31,121.0,2019-04-30,238,13,True,True,True,2019-04-30,2020-04-30,2020-05-04,0,8,3.0209613275997667,2.163265552744634,-1.2401118509418092,-2.484406524746318,-2.3585872831093306,-2.656265557952449,0.38730113748049316,-2.3165866126298593,-0.05354076692802982,-2.321995486513869
NB_416,NB_416@2020-05-04,,2020-05-04,0,Consumer Discretionary,Retail - Discretionary,2020,946.18,495.552,133.5,100.0,33.5,14.013,591.36,408.538,450.628,98.246,467.323,182.822,2034.643,-27.654,39.307,-24.374,,,120.817,-46.42,74.397,39.0118,86.4526,2.21606,557145.0,21699180.0,0,0,0,0,0,0,0,0,0,0,0,0,0,0,0,0,1,1,0,0,0,0,0,0,0,0,1,nonbankruptcy_candidate,2021-05-04,True,nonbankrupt,BNED,Barnes & Noble Education Inc Common Stock,BNED US Equity,2020-02-04,2019-04-27,19,373,373,2020-04-30,4,2020-04-30,4.0,2020-04-30,4.0,2020-04-30,4.0,2020-04-30,4,2020-04-30,4,5,4,39.0118,2020-04-30,29.6402,2020-03-31,72.1391,2020-02-28,74.9724,2020-01-31,93.0617,2019-12-31,109.8433,2019-11-29,89.5746,2019-10-31,67.9982,2019-09-30,84.9978,2019-08-30,76.2801,2019-07-31,73.2288,2019-06-28,69.0879,2019-05-31,93.7155,2019-04-30,58,13,True,True,True,2019-04-30,2020-04-30,2020-05-04,0,8,6.8534891490419545,4.47109693229766,5.213967898079674,-3.3552930494711806,3.6965251511394848,-3.2337250277184064,,4.80251991860699,-3.8590440806372595,4.322767486423946
NB_446,NB_446@2020-05-04,,2020-05-04,0,Consumer Discretionary,Retail - Discretionary,2020,275.766,97.096,0.0,0.0,0.0,19.687,136.786,72.271,178.67,21.378,66.302,64.515,452.087,-0.595,12.905,-1.928,0.006,13.121,9.809,-17.375,-7.566,6.84,68.2809,9.98259,2890338.0,16309740.0,0,0,0,0,0,0,0,0,0,0,0,0,0,0,0,0,0,0,0,0,0,0,0,0,0,0,1,nonbankruptcy_candidate,2021-05-04,True,nonbankrupt,BSET,Bassett Furniture Industries Incorporated Common Stock,BSET US Equity,2020-02-04,2019-11-30,21,156,156,2020-04-30,4,2020-04-30,4.0,2020-04-30,4.0,2020-04-30,4.0,2020-04-30,4,2020-04-30,4,5,4,6.84,2020-04-30,5.45,2020-03-31,9.87,2020-02-28,12.23,2020-01-31,16.68,2019-12-31,15.22,2019-11-29,15.25,2019-10-31,15.3,2019-09-30,12.18,2019-08-30,12.78,2019-07-31,15.25,2019-06-28,14.69,2019-05-31,17.76,2019-04-30,323,13,True,True,True,2019-04-30,2020-04-30,2020-05-04,0,8,5.623172383829059,4.238169254931925,4.1822791240565484,-0.4668737362368079,2.6322484876859282,-1.074319596099065,0.005982071677547464,2.380379120434066,-2.9109910450989003,-2.1478008791931793
NB_626,NB_626@2020-05-04,,2020-05-04,0,Materials,Metals & Mining,2020,2693.802,2121.407,788.002,69.751,718.251,80.293,338.029,392.264,572.395,131.688,54.131,-54.235,1375.559,149.239,382.211,76.001,66.464,,244.566,-169.739,74.827,7.59,197.5616,26.0292,13615573.0,71479290.0,0,0,0,0,0,0,0,0,0,0,0,0,0,0,0,0,0,1,0,0,0,0,0,0,0,0,1,nonbankruptcy_candidate,2021-05-04,True,nonbankrupt,CNR,Core Natural Resources Inc. Common Stock,CNR US Equity,2020-02-04,2019-12-31,20,125,125,2020-04-30,4,2020-04-30,4.0,2020-04-30,4.0,2020-04-30,4.0,2020-04-30,4,2020-04-30,4,5,4,7.59,2020-04-30,3.69,2020-03-31,5.69,2020-02-28,8.13,2020-01-31,14.51,2019-12-31,12.76,2019-11-29,13.23,2019-10-31,15.63,2019-09-30,16.76,2019-08-30,21.49,2019-07-31,26.61,2019-06-28,26.22,2019-05-31,33.9,2019-04-30,30,13,True,True,True,2019-04-30,2020-04-30,2020-05-04,0,8,7.899080011256335,5.291099379441559,-4.011596810324239,5.012227359420762,5.94858575132145,4.34381840878234,4.2115941222723405,5.503565750207689,-5.140136074706628,4.328454429751683
SA_226,SA_226@2020-05-04,2020-08-02,2020-05-04,1,Consumer Discretionary,Retail - Discretionary,2020,2418.959,2517.265,2016.029,195.304,1820.725,14.42,835.115,628.727,-98.306,39.973,696.657,206.388,2881.261,97.838,488.276,-82.276,71.272,102.4,99.641,-88.502,11.139,1.66,80.6314,48.57313,50857242.0,82131730.0,0,0,0,0,0,0,0,0,0,0,0,0,0,0,0,0,0,0,0,0,0,0,0,0,0,0,2,bankruptcy,2021-05-04,True,bankrupt,TLRDQ,"Tailored Brands, Inc.",TLRDQ US Equity,2020-02-04,2020-02-01,21,93,93,2020-04-30,4,2020-04-30,4.0,2020-04-30,4.0,2020-04-30,4.0,2020-04-30,4,2020-04-30,4,5,4,1.66,2020-04-30,1.74,2020-03-31,3.27,2020-02-28,3.98,2020-01-31,4.14,2019-12-31,5.29,2019-11-29,4.64,2019-10-31,4.4,2019-09-30,5.42,2019-08-30,4.87,2019-07-31,5.77,2019-06-28,5.26,2019-05-31,8.15,2019-04-30,60,13,True,True,True,2019-04-30,2020-04-30,2020-05-04,0,8,7.7915058768584515,4.402213991873588,5.3345914349122605,4.5934821461929,6.19292674742932,-4.422160392413527,4.280436778912248,4.61155972930976,-4.494260971399848,2.4964234099156664
NB_1464,NB_1464@2021-06-02,,2021-06-02,0,Consumer Discretionary,Apparel & Textile Products,2021,67.479,12.7279,0.8603,0.2103,0.6499,26.1304,58.9782,10.8503,54.7512,5.3357,22.6338,48.1279,93.0242,7.6654,11.1457,6.4754,,1.5165,6.9127,-4.6782,2.2344,6.1177,69.283,11.325,192628.0,1236169.0,0,0,0,0,0,0,0,0,0,0,0,0,0,0,0,0,1,0,0,0,0,0,0,0,0,0,1,nonbankruptcy_candidate,2022-06-02,True,nonbankrupt,JRSH,Jerash Holdings (US) Inc. Common Stock,JRSH US Equity,2021-03-04,2020-03-31,20,428,428,2021-05-31,2,2021-05-31,2.0,2021-05-31,2.0,2021-05-31,2.0,2021-05-31,2,2021-05-31,2,5,2,6.1177,2021-05-31,6.6,2021-04-30,6.2999,2021-03-31,5.79,2021-02-26,5.82,2021-01-29,5.85,2020-12-31,5.43,2020-11-30,4.79,2020-10-30,4.52,2020-09-30,4.8,2020-08-31,4.41,2020-07-31,4.87,2020-06-30,4.85,2020-05-29,37,13,True,True,True,2020-05-29,2021-05-31,2021-06-02,0,8,4.226527128923126,4.252529948805126,3.894427101525922,2.159338084825704,2.4969751976808023,2.0116176295507353,,2.0684690636121457,-1.7366342811007471,1.1738434393444241
NB_2219,NB_2219@2021-06-02,,2021-06-02,0,Health Care,Biotech & Pharma,2021,0.6767,5.9337,1.798,0.5464,1.2516,0.1483,0.1495,2.3481,-5.257,,0.0,-2.1986,0.0,-9.488,-9.4476,-9.4878,0.0,,-4.6635,0.0,-4.6635,13110.1311,161.1658,0.01229,788.0,9546840.0,0,0,0,0,0,0,0,0,0,1,0,0,0,0,0,0,0,1,0,0,0,0,0,0,0,0,1,nonbankruptcy_candidate,2022-06-02,True,nonbankrupt,QCLS,Q/C Technologies Inc. Common Stock,QCLS US Equity,2021-03-04,2020-12-31,19,153,153,2021-05-31,2,2021-05-31,2.0,2021-05-31,2.0,2021-05-31,2.0,2021-05-31,2,2021-05-31,2,5,2,13110.1311,2021-05-31,12900.129,2021-04-30,19320.1932,2021-03-31,19980.1998,2021-02-26,15840.1584,2021-01-29,11940.1194,2020-12-31,12240.1224,2020-11-30,11100.111,2020-10-30,13500.135,2020-09-30,15120.1512,2020-08-31,31140.3114,2020-07-31,20880.2088,2020-06-30,20400.204,2020-05-29,108,13,True,True,True,2020-05-29,2021-05-31,2021-06-02,0,8,0.5168275759616251,5.088619268647677,-1.1627132140746332,-2.350231746461399,-2.3463722869619885,-2.350212676866913,0.0,-1.7340420756586312,0.0,-1.7340420756586312
NB_2866,NB_2866@2021-06-02,,2021-06-02,0,Consumer Discretionary,Apparel & Textile Products,2021,332.944,266.737,203.714,22.085,181.629,3.777,110.584,82.22,66.207,31.878,68.226,28.364,219.87,-61.08,-30.645,-65.649,,5.979,-25.071,-3.497,-28.568,11.51,135.9653,11.8128,128109.0,1491759.0,0,0,0,0,0,0,0,0,0,0,0,0,0,0,0,0,1,0,0,0,0,0,0,0,0,0,1,nonbankruptcy_candidate,2022-06-02,True,nonbankrupt,VNCE,Vince Holding Corp. Common Stock,VNCE US Equity,2021-03-04,2021-01-30,20,123,123,2021-05-31,2,2021-05-31,2.0,2021-05-31,2.0,2021-05-31,2.0,2021-05-31,2,2021-05-31,2,5,2,11.51,2021-05-31,11.28,2021-04-30,11.22,2021-03-31,8.6,2021-02-26,8.19,2021-01-29,6.36,2020-12-31,5.14,2020-11-30,4.0,2020-10-30,5.41,2020-09-30,5.03,2020-08-31,4.57,2020-07-31,5.55,2020-06-30,6.24,2020-05-29,91,13,True,True,True,2020-05-29,2021-05-31,2021-06-02,0,8,5.810973314248749,4.919727609074612,3.379769434248535,-4.128423875874963,-3.4545801582272686,-4.199440042761222,,-3.2608235854759573,-1.5034105077885702,-3.3866926954592738
NB_2908,NB_2908@2021-06-02,,2021-06-02,0,Health Care,Biotech & Pharma,2021,261.584,107.264,47.607,4.198,43.409,104.44,197.769,26.766,154.32,0.0,0.0,171.003,171.128,27.384,37.401,36.741,0.0,3.817,-96.716,-12.097,-108.813,4.26,160.7221,37.72818,10086348.0,43020390.0,0,0,0,0,0,0,0,0,0,0,0,0,0,0,0,0,0,0,0,0,0,0,0,0,0,0,1,nonbankruptcy_candidate,2022-06-02,True,nonbankrupt,VYGR,Voyager Therapeutics Inc. Common Stock,VYGR US Equity,2021-03-04,2020-12-31,21,153,153,2021-05-31,2,2021-05-31,2.0,2021-05-31,2.0,2021-05-31,2.0,2021-05-31,2,2021-05-31,2,5,2,4.26,2021-05-31,4.82,2021-04-30,4.71,2021-03-31,5.67,2021-02-26,7.55,2021-01-29,7.15,2020-12-31,8.32,2020-11-30,10.63,2020-10-30,10.67,2020-09-30,11.79,2020-08-31,11.07,2020-07-31,12.62,2020-06-30,12.1,2020-05-29,67,13,True,True,True,2020-05-29,2021-05-31,2021-06-02,0,8,5.570571030842599,5.085879430095137,5.14751191852181,3.345825606127169,3.6480835009212695,3.6307470366746832,0.0,-4.582065312272994,-2.572383196347266,-4.698778919152659
SA_54,SA_54@2021-06-02,2021-08-31,2021-06-02,1,Consumer Discretionary,Apparel & Textile Products,2021,565.909,493.33,449.485,18.686,430.799,15.501,66.331,42.166,72.579,43.039,0.0,24.165,89.811,-45.113,-23.548,-89.42,48.252,21.565,4.285,-0.073,4.212,7.47,12.3727,1.65631,34968082.0,501035700.0,0,0,0,0,0,0,0,0,0,0,0,0,0,0,0,0,0,0,0,0,0,0,0,0,0,0,2,bankruptcy,2022-06-02,True,bankrupt,SQBGQ,"Sequential Brands Group, Inc.",SQBGQ US Equity,2021-03-04,2020-12-31,21,153,153,2021-05-31,2,2021-05-31,2.0,2021-05-31,2.0,2021-05-31,2.0,2021-05-31,2,2021-05-31,2,5,2,7.47,2021-05-31,25.0,2021-04-30,22.88,2021-03-31,16.25,2021-02-26,17.01,2021-01-29,14.35,2020-12-31,10.39,2020-11-30,5.89,2020-10-30,4.58,2020-09-30,6.09,2020-08-31,6.04,2020-07-31,8.4,2020-06-30,7.38,2020-05-29,60,13,True,True,True,2020-05-29,2021-05-31,2021-06-02,0,8,6.340198797020079,2.5932153153779818,3.225454140228323,-3.8310949059109047,-3.2006303845268507,-4.504465481866459,3.896949975930625,1.664872619322201,-0.07045846364856141,1.6509636592625987
SA_11,SA_11@2022-09-12,2022-12-11,2022-09-12,1,Health Care,Biotech & Pharma,2022,472.833,751.673,459.917,3.414,456.503,143.428,198.087,125.214,-278.84,26.868,13.688,72.873,148.757,-225.767,-217.271,-264.524,34.103,3.125,-196.057,-0.312,-196.369,1.12,161.8178,144.48021,77967237.0,111601100.0,0,0,0,0,0,0,0,0,0,0,0,0,0,0,0,0,0,0,0,0,0,0,0,0,0,0,2,bankruptcy,2023-09-12,False,bankrupt,CLVSQ,"Clovis Oncology, Inc.",CLVSQ US Equity,2022-06-14,2021-12-31,21,255,255,2022-08-31,12,2022-08-31,12.0,2022-08-31,12.0,2022-08-31,12.0,2022-08-31,12,2022-08-31,12,5,12,1.12,2022-08-31,1.67,2022-07-29,1.8,2022-06-30,0.6953,2022-05-31,2.0,2022-04-29,2.02,2022-03-31,2.06,2022-02-28,2.04,2022-01-31,2.71,2021-12-31,3.16,2021-11-30,4.33,2021-10-29,4.46,2021-09-30,4.82,2021-08-31,60,13,True,True,True,2021-08-31,2022-08-31,2022-09-12,0,8,6.16085493894046,5.092631784200965,4.302347402601751,-5.423923058621558,-5.385737410022142,-5.581705232076795,3.5582865969049307,-5.283493026988737,-0.2715526905218973,-5.2850750731270475
