company_id,date,total_assets,total_liabilities,total_debt,short_term_debt,long_term_debt,cash_short_term_investments,current_assets,current_liabilities,shareholders_equity,accounts_receivable,inventory,working_capital,revenue,ebit,ebitda,net_income,interest_expense,depreciation_amortization,operating_cash_flow,capital_expenditures,free_cash_flow,total_assets_pct_change,total_liabilities_pct_change,total_debt_pct_change,short_term_debt_pct_change,long_term_debt_pct_change,cash_short_term_investments_pct_change,current_assets_pct_change,current_liabilities_pct_change,shareholders_equity_pct_change,accounts_receivable_pct_change,inventory_pct_change,working_capital_absolute_change,revenue_pct_change,ebit_absolute_change,ebitda_absolute_change,net_income_absolute_change,interest_expense_pct_change,depreciation_amortization_pct_change,operating_cash_flow_absolute_change,capital_expenditures_pct_change,free_cash_flow_absolute_change
SA_222,1994-02-28,218.613,88.349,9.959,0.0,9.959,36.988,145.341,55.241,,11.501,89.213,90.1,575.893,27.935,32.049,16.965,0.44,3.621,0.447,-8.868,-8.421,,,,,,,,,,,,,,,,,,,,,
SA_222,1995-02-28,280.005,132.773,43.07,0.0,43.07,16.736,164.659,66.722,,19.719,116.181,97.937,751.883,30.749,36.784,17.531,2.316,6.035,-3.759,-45.616,-49.375,0.2808250195551043,0.5028240274366431,3.324731398734813,,3.324731398734813,-0.5475289283010706,0.1329150067771654,0.20783476041346094,,0.7145465611685942,0.3022877831706141,7.837000000000003,0.30559496295318755,2.814,4.734999999999999,0.565999999999999,4.263636363636364,0.6666666666666667,-4.2059999999999995,4.143888137122237,-40.954
SA_222,1996-03-02,285.342,131.826,44.651,0.0,44.651,13.583,161.322,65.554,,18.943,114.777,95.768,806.179,14.306,22.365,6.591,4.675,8.059,11.144,-26.797,-15.653,0.01906037392189419,-0.007132474222921847,0.036707685163687165,,0.036707685163687165,-0.1883962715105163,-0.020266125750794006,-0.017505470459518446,,-0.039352908362493055,-0.012084592145015116,-2.168999999999997,0.07221336298333636,-16.442999999999998,-14.419,-10.939999999999998,1.018566493955095,0.3353769676884837,14.903,-0.4125526131182041,33.722
SA_222,1997-03-01,257.598,149.515,55.365,0.0,55.365,1.828,134.2,76.129,,11.597,97.253,58.071,683.386,-29.885,-20.318,-45.341,5.537,9.567,-10.079,-17.599,-27.678,-0.09723069159114317,0.13418445526679101,0.23994983315043328,,0.23994983315043328,-0.8654200103070013,-0.16812338056805654,0.16131738719223843,,-0.3877949638388851,-0.15267867255634837,-37.697,-0.1523148084978646,-44.191,-42.683,-51.932,0.18438502673796786,0.18711999007321012,-21.223,-0.3432473784378849,-12.025
SA_222,1998-02-28,222.355,147.214,72.866,0.0,72.866,0.0,123.444,58.364,,18.186,92.053,65.08,508.065,-26.331,-16.234,-33.551,5.598,10.097,-34.769,-9.014,-43.783,-0.1368139504188698,-0.01538976022472649,0.3161022306511334,,0.3161022306511334,-1.0,-0.08014903129657214,-0.23335391243809855,,0.5681641803914805,-0.05346878759524132,7.009,-0.2565475441405004,3.554000000000002,4.084,11.79,0.01101679609897066,0.055398766593498516,-24.689999999999998,-0.48781180748906194,-16.105
SA_187,1993-12-26,110.064,15.158,0.0,0.0,0.0,4.537,13.094,10.305,,2.566,0.627,2.789,42.53,1.928,3.898,1.647,,1.926,8.063,-49.151,-41.088,,,,,,,,,,,,,,,,,,,,,
SA_187,1994-12-25,426.982,167.167,130.0,0.0,130.0,25.304,59.329,27.28,,23.446,,32.049,96.151,24.611,30.685,16.173,4.235,,35.918,-163.622,-127.704,2.879397441488589,10.028301886792454,,,,4.577253691866872,3.5310065678936917,1.6472586123241149,,8.137178487918941,,29.259999999999998,1.2607806254408653,22.683,26.787,14.525999999999998,,,27.854999999999997,2.3289658399625646,-86.61599999999999
SA_187,1995-12-31,1073.877,357.046,307.178,0.0,307.178,310.436,343.815,30.332,,18.907,0.0,313.483,159.479,67.238,78.68,33.559,13.179,,55.476,-145.756,-90.28,1.5150404466698828,1.1358641358641357,1.3629076923076924,,1.3629076923076924,11.2682579829276,4.795058066038531,0.11187683284457473,,-0.1935937899854986,,281.434,0.6586306954685861,42.626999999999995,47.995000000000005,17.386,2.1119244391971663,,19.558,-0.10919069562772743,37.42399999999999
SA_187,1996-12-31,1543.616,454.335,312.454,0.0,312.454,100.8,146.462,87.633,,22.438,2.585,58.829,264.508,91.329,114.216,66.958,14.446,,144.91,-115.062,29.848,0.4374234665608818,0.2724830974160193,0.017175709197924327,,0.017175709197924327,-0.6752953909984667,-0.5740092782455681,1.8891269945931688,,0.1867562278521182,,-254.654,0.6585757372444019,24.090999999999994,35.53599999999999,33.399,0.09613779497685715,,89.434,-0.21058481297510911,120.128
SA_187,1997-12-31,2005.127,948.822,763.462,0.0,763.462,90.559,124.374,132.531,,13.894,16.132,-8.157,462.368,-34.326,11.57,-223.892,38.209,,58.189,-44.743,13.446,0.29898044591400974,1.0883753177721287,1.4434380740845052,,1.4434380740845052,-0.10159722222222223,-0.1508104491267359,0.512341241313204,,-0.38078260094482574,5.2406189555125735,-66.986,0.7480303053215782,-125.655,-102.64599999999999,-290.85,1.644953620379344,,-86.721,-0.6111400809998088,-16.402
SA_135,1994-01-30,233.881,116.502,78.858,0.401,78.457,6.187,137.726,35.348,,4.663,125.079,102.378,239.301,19.28,22.353,11.316,0.863,2.731,-28.373,-55.331,-83.704,,,,,,,,,,,,,,,,,,,,,
SA_135,1995-01-29,389.852,209.73,168.152,0.449,167.703,4.904,206.864,39.366,,6.588,193.687,167.498,383.6,30.485,34.672,15.714,4.815,4.187,-47.858,-89.61,-137.468,0.6668818758257404,0.8002266055518361,1.1323391412412183,0.11970074812967568,1.1375148170335345,-0.20737029254889294,0.5019967181214877,0.11366979744257111,,0.4128243619987133,0.548517337042989,65.11999999999999,0.603002076882253,11.204999999999998,12.318999999999996,4.398,4.579374275782156,0.5331380446722813,-19.484999999999996,0.6195261245956154,-53.763999999999996
SA_135,1996-01-28,484.843,297.313,235.054,0.497,234.557,3.59,249.047,58.073,,7.184,236.234,190.974,525.762,24.321,30.579,6.996,11.254,6.258,-8.782,-60.738,-69.52,0.24365913218349533,0.4175988175272971,0.3978662162805082,0.10690423162583507,0.3986452239971854,-0.26794453507340943,0.2039165828757057,0.475207031448458,,0.0904675166970248,0.21966884716062518,23.476,0.37059958289885264,-6.163999999999998,-4.092999999999996,-8.718,1.3372793354101762,0.4946262240267494,39.07599999999999,-0.32219618346166723,67.948
SA_135,1997-01-31,525.586,365.962,294.51,0.185,294.325,4.944,225.839,67.161,,2.338,201.09,158.678,624.019,-5.961,2.695,-30.544,19.89,8.656,13.214,-15.236,-2.022,0.08403338812770311,0.23089807711065435,0.25294613152722345,-0.6277665995975855,0.25481226311728067,0.3771587743732592,-0.09318722971969151,0.15649269023470458,,-0.674554565701559,-0.14876774723367514,-32.29599999999999,0.18688494033421987,-30.282000000000004,-27.884,-37.54,0.7673716012084593,0.38318951741770535,21.996000000000002,-0.7491520958872535,67.49799999999999
SA_135,1998-01-30,466.549,418.051,336.565,1.008,335.557,0.345,274.222,78.253,,4.654,185.047,195.969,528.634,-37.364,-27.524,-111.297,30.395,9.84,-34.497,-11.164,-45.661,-0.11232605130273643,0.142334450024866,0.14279650945638522,4.448648648648649,0.14009003652425056,-0.9302184466019418,0.21423669073986318,0.16515537290987337,,0.990590248075278,-0.07978019792132884,37.291,-0.15285592265620118,-31.403,-30.219,-80.753,0.5281548516842633,0.13678373382624764,-47.711,-0.2672617484904175,-43.639
SA_4,1998-01-02,228.583,186.28,144.061,138.679,5.382,2.193,147.631,180.898,,39.635,84.777,-33.267,353.263,7.885,16.344,-18.088,14.61,6.578,-13.935,-5.1039,-19.0389,,,,,,,,,,,,,,,,,,,,,
SA_26,1993-12-31,0.515,0.057,0.021,0.005,0.016,0.089,0.099,0.041,,0.0,0.0,0.058,0.0,-0.161,-0.134,-0.161,,0.027,-0.108,-0.288,-0.396,,,,,,,,,,,,,,,,,,,,,
SA_26,1994-12-31,8.914,4.57,4.296,1.457,2.839,0.024,0.193,1.731,,0.11,0.0,-1.538,0.38,-2.11,-1.696,-2.263,0.172,,-1.768,-2.961,-4.729,16.30873786407767,79.17543859649123,203.57142857142858,290.40000000000003,176.4375,-0.7303370786516854,0.9494949494949494,41.21951219512195,,,,-1.596,,-1.9489999999999998,-1.5619999999999998,-2.102,,,-1.66,9.28125,-4.333
SA_26,1995-12-31,213.8,158.15,151.248,0.377,150.871,110.38,129.364,7.279,,0.144,0.0,122.085,1.344,-5.713,-3.93,-7.693,4.07,1.209,-0.634,-9.805,-10.439,22.98474310074041,33.606126914660834,34.20670391061452,-0.7412491420727523,52.14230362803804,4598.166666666666,669.279792746114,3.2050837666088965,,0.3090909090909091,,123.62299999999999,2.5368421052631582,-3.603,-2.234,-5.43,22.66279069767442,,1.134,2.3113812901046944,-5.71
SA_26,1996-12-31,395.609,324.942,303.078,3.169,299.909,104.449,125.21,18.533,,0.999,0.0,106.677,11.365,-24.236,-12.61,-39.67,28.088,9.35,-22.143,-2.961,-25.104,0.8503695042095414,1.0546443250079038,1.0038479847667405,7.405835543766578,0.9878505478189976,-0.05373256024642148,-0.03211094276614834,1.5460914960846273,,5.937500000000001,,-15.407999999999987,7.45610119047619,-18.523,-8.68,-31.977000000000004,5.901228501228501,6.733664185277088,-21.509,-0.6980112187659357,-14.665
SA_26,1997-12-31,317.587,336.573,318.4,0.871,317.529,15.528,38.724,13.844,,2.072,0.0,24.88,34.58,-52.877,-17.136,-89.14,41.829,30.668,-38.411,-58.131,-96.542,-0.19721998235631644,0.03579408017430796,0.05055464269923915,-0.7251498895550648,0.058751154516870185,-0.8513341439362752,-0.6907275776695152,-0.2530081476285545,,1.074074074074074,,-81.79700000000001,2.042674879014518,-28.641000000000002,-4.526,-49.47,0.4892124750783253,2.2800000000000002,-16.268,18.632218844984802,-71.438
SA_172,1994-01-29,1632.901,1617.9189,1166.0249,12.981,1153.0439,82.467,500.881,343.236,,60.02,348.455,157.645,3171.6001,140.618,223.487,-17.667,117.423,56.798,9.32,-128.103,-118.783,,,,,,,,,,,,,,,,,,,,,
SA_172,1995-01-28,1793.9659,1761.039,1277.276,14.08,1263.196,46.519,525.367,381.056,,81.967,385.968,144.311,3333.2251,155.735,228.588,13.21,117.859,72.853,71.738,-120.005,-48.267,0.09863727194728877,0.08845937827909678,0.09541056970567285,0.08466219859795077,0.0955315751637904,-0.4359076964118981,0.04888586310920151,0.11018657716556546,,0.36566144618460505,0.10765522090370361,-13.334000000000003,0.05096008163198129,15.117000000000019,5.100999999999999,30.877000000000002,0.003713071544756863,0.28266840381703573,62.418,-0.06321475687532696,70.51599999999999
SA_172,1996-02-03,1760.146,1813.417,1341.657,14.463,1327.194,58.585,514.13,386.574,,83.519,356.309,127.556,3536.6421,141.616,216.991,-79.625,136.359,75.375,80.693,-124.963,-44.27,-0.018852030576500867,0.029742668958495422,0.05040492422937559,0.027201704545454453,0.0506635549827581,0.25937788860465627,-0.02138885769376453,0.01448081121934841,,0.018934449229567996,-0.0768431579820088,-16.75500000000001,0.06102708154933789,-14.119,-11.59699999999998,-92.83500000000001,0.1569672235467805,0.034617654729386604,8.954999999999998,0.041314945210616294,3.997
SA_172,1997-02-01,1704.119,1800.874,1398.991,17.277,1381.714,53.24,482.389,339.679,,71.874,340.009,142.71,3296.4619,80.523,156.851,-41.43,144.854,76.328,-1.294,-67.828,-69.122,-0.031830882210907574,-0.006916776450204165,0.04273372404422293,0.19456544285417987,0.04107914894130027,-0.09123495775369117,-0.06173730379476006,-0.12130924480177152,,-0.13942935140506962,-0.045746809651173614,15.15400000000001,-0.06791193262105888,-61.09300000000002,-60.140000000000015,38.195,0.06229878482535067,0.012643449419568853,-81.987,-0.4572153357393788,-24.851999999999997
SA_172,1998-01-31,1563.563,1723.395,1373.607,17.947,1355.66,49.095,460.97,318.313,,68.454,327.389,142.657,3010.0649,66.487,155.453,-61.126,149.981,73.422,-4.53,-21.833,-26.363,-0.08248015543515441,-0.04302299883278904,-0.01814450557580427,0.03877988076633665,-0.018856290086081362,-0.07785499624342607,-0.04440192458783265,-0.06290056200118344,,-0.04758327072376667,-0.0371166645588793,-0.05299999999999727,-0.08688011834749254,-14.036000000000001,-1.3979999999999961,-19.695999999999998,0.03539425904704041,-0.038072529085001694,-3.236,-0.6781122840125022,42.759
SA_80,1994-01-01,2011.575,1732.037,798.347,99.826,698.521,325.092,1347.2629,1032.548,,53.014,939.259,314.715,3814.6179,210.434,280.145,82.583,73.243,69.711,236.437,-115.645,120.792,,,,,,,,,,,,,,,,,,,,,
SA_80,1995-01-01,1926.902,1590.526,639.392,20.969,618.423,173.264,1260.458,967.476,,55.134,1004.282,292.982,4050.3811,175.697,242.547,56.155,74.762,62.535,83.472,-82.108,1.364,-0.042092887414090896,-0.08170206525611168,-0.1991051510182914,-0.7899445034359786,-0.11466799137033812,-0.46703087126105836,-0.06443055768848072,-0.06302079903307156,,0.03998943675255595,0.06922797652191792,-21.732999999999947,0.061805194171610234,-34.736999999999995,-37.597999999999985,-26.427999999999997,0.020739183266660355,-0.1029392778758016,-152.96500000000003,-0.2899995676423537,-119.428
SA_80,1995-12-31,1940.5699,1553.828,633.107,9.821,623.286,177.314,1290.679,925.654,,53.621,1034.467,365.025,4018.5249,160.299,224.868,50.325,79.129,61.774,59.923,-45.763,14.16,0.007093199342779188,-0.023072870232866416,-0.009829650668134904,-0.531641947636988,0.007863549706268902,0.023374734509188144,0.023976205474518064,-0.04322794570614674,,-0.027442231653788896,0.030056298927990444,72.04299999999995,-0.007864988309371768,-15.397999999999996,-17.679000000000002,-5.829999999999998,0.058412027500601926,-0.012169185256256432,-23.548999999999992,-0.4426487065815755,12.796
SA_80,1996-12-29,2042.827,1615.733,696.301,14.145,682.156,285.368,1415.252,925.655,,61.454,1052.969,489.5969,3955.0161,136.558,199.241,39.33,73.63,59.659,79.549,-40.746,38.803,0.052694365711845714,0.0398403169462771,0.09981567096873056,0.4402810304449649,0.09445102248406023,0.6093935053069697,0.09651741447718587,1.0803172676432382e-06,,0.14608082654183985,0.017885539123045913,124.57190000000003,-0.015804008082667353,-23.741000000000014,-25.62699999999998,-10.995000000000005,-0.06949411720102627,-0.034237705183410516,19.626000000000005,-0.10963005047745988,24.642999999999997
SA_80,1997-12-31,1951.4611,1614.956,793.697,32.175,761.522,364.169,1384.871,798.37,,43.13,929.818,586.501,3662.7781,63.138,125.463,-91.6,78.531,62.345,-21.433,-40.838,-62.271,-0.04472522636522824,-0.0004808962867008937,0.13987628913357875,1.2746553552492044,0.11634582119046089,0.2761381794735218,-0.021466848306873842,-0.13750803485099738,,-0.29817424415009597,-0.11695595976709672,96.90409999999997,-0.07389047038266161,-73.41999999999999,-73.77800000000002,-130.93,0.0665625424419396,0.04502254479625867,-100.982,0.002257890345064517,-101.074
SA_134,1994-12-31,24.904,25.651,23.613,0.022,23.591,0.137,3.117,2.036,,2.757,0.0,1.081,7.637,1.462,3.309,0.163,1.458,1.847,1.527,-11.819,-10.292,,,,,,,,,,,,,,,,,,,,,
SA_134,1995-12-31,87.367,83.236,71.494,0.0,71.494,2.866,10.881,8.227,,7.069,0.0,2.654,21.693,-0.499,5.459,-4.97,4.591,5.958,6.366,-61.5,-55.134,2.508151300995824,2.244941717671826,2.027738957354,-1.0,2.0305625026493153,19.91970802919708,2.4908565928777673,3.0407662082514735,,1.5640188610808847,,1.573,1.8405132905591204,-1.9609999999999999,2.1499999999999995,-5.133,2.14883401920439,2.2257715213860316,4.8389999999999995,4.203485912513749,-44.842
SA_134,1996-12-31,162.79,122.221,100.36,0.098,100.262,12.618,30.409,20.089,,15.706,0.0,10.32,53.919,11.927,24.357,-4.44,11.281,12.43,12.35,-70.017,-57.667,0.8632893426579828,0.46836705271757406,0.4037541611883515,,0.40238341679022027,3.402651779483601,1.794687988236375,1.441837850978485,,1.221813552129014,,7.666,1.485548333563822,12.426,18.898,0.5299999999999994,1.4571988673491614,1.086270560590802,5.984,0.13848780487804868,-2.5330000000000013
SA_134,1997-12-31,194.088,193.678,163.185,0.098,163.087,3.615,19.08,30.591,,14.553,0.0,-11.511,72.3,0.867,27.276,-36.471,12.979,26.409,25.032,-113.924,-88.892,0.19225996682842927,0.5846540283584654,0.6259964129135114,0.0,0.6266082862899203,-0.7135045173561578,-0.3725541780393963,0.5227736572253474,,-0.0734114351203361,,-21.831,0.3409002392477605,-11.059999999999999,2.9190000000000005,-32.031,0.15051857104866584,1.12461786001609,12.682,0.6270905637202395,-31.224999999999994
SA_134,1998-12-31,210.954,257.406,221.881,40.101,181.78,5.251,17.292,75.626,,10.22,0.0,-58.334,62.785,-21.517,10.93,-100.273,19.596,32.447,2.379,-110.328,-107.949,0.08689872635093376,0.32904098555334116,0.35968992248062004,408.19387755102036,0.11461980415361128,0.4525587828492392,-0.09371069182389924,1.4721650158543365,,-0.29773929773929775,,-46.82300000000001,-0.13160442600276623,-22.384,-16.346,-63.802,0.5098235611372217,0.22863417774243655,-22.653,-0.031564902917734616,-19.057000000000002
SA_52,1994-12-31,208.0,175.793,139.71,9.582,130.128,6.177,68.297,32.395,,35.484,1.613,35.902,225.191,19.4,33.363,4.551,12.738,13.963,10.417,-66.659,-56.242,,,,,,,,,,,,,,,,,,,,,
SA_52,1995-12-31,218.769,183.661,137.646,9.229,128.417,0.642,68.603,40.581,,44.83,2.307,28.022,268.443,19.593,37.655,3.875,14.063,18.062,24.653,-25.431,-0.778,0.051774038461538385,0.04475718600854406,-0.014773459308567882,-0.03683990816113558,-0.013148592155416083,-0.8960660514813016,0.004480431058465184,0.2526933168698873,,0.2633863149588547,0.43025418474891497,-7.880000000000003,0.19206806666341003,0.1930000000000014,4.292000000000002,-0.6760000000000002,0.10401946930444339,0.2935615555396407,14.235999999999999,-0.6184911264795452,55.464
SA_52,1996-12-31,232.497,203.746,167.79,18.912,148.878,1.468,86.459,42.266,,57.503,2.45,44.193,310.033,9.381,29.605,-6.598,14.98,19.568,-4.093,-15.526,-19.619,0.0627511210454863,0.10935909093384,0.21899655638376703,1.0491927619460397,0.15933248713176584,1.2866043613707165,0.2602801626751019,0.04152189448263943,,0.2826901628373857,0.06198526224534029,16.171,0.1549304694106386,-10.212,-8.05,-10.472999999999999,0.06520657043305134,0.08337947071199214,-28.746,-0.38948527387833753,-18.841
SA_52,1997-12-31,218.824,195.679,162.35,26.517,135.833,6.271,75.207,52.109,,44.076,1.643,23.098,309.88,10.938,30.533,-5.605,14.967,18.895,27.803,-5.622,22.181,-0.05880936098100187,-0.03959341533085314,-0.032421479229989836,0.4021256345177666,-0.08762207982374826,3.271798365122616,-0.13014261094854218,0.2328822221170681,,-0.2335008608246526,-0.3293877551020409,-21.095,-0.0004934958536672029,1.5570000000000004,0.9280000000000008,0.9929999999999994,-0.0008678237650200371,-0.03439288634505322,31.896,-0.6378977199536262,41.8
SA_52,1998-12-31,213.952,198.153,167.932,23.513,144.419,2.029,64.349,43.131,,37.388,1.389,21.218,291.631,7.983,28.255,-7.445,13.944,19.516,15.599,-4.143,11.456,-0.022264468248455405,0.012643155371807824,0.03438250692947342,-0.11328581664592519,0.06320997106741366,-0.6764471376176049,-0.14437485872325706,-0.17229269416031778,,-0.1517379072511118,-0.15459525258673157,-1.879999999999999,-0.05889053827287993,-2.955000000000001,-2.2780000000000022,-1.8399999999999999,-0.06835037081579476,0.032865837523154307,-12.204,-0.2630736392742796,-10.725000000000001
SA_145,1995-01-31,89.505,16.522,3.998,0.895,3.103,36.353,76.605,11.988,,1.16,25.098,64.617,56.363,4.39,5.258,3.218,0.293,0.868,-10.926,-5.952,-16.878,,,,,,,,,,,,,,,,,,,,,
SA_145,1996-01-31,243.58,94.31,62.816,56.12,6.696,96.854,193.702,85.399,,3.41,56.638,108.303,119.819,11.142,13.351,9.722,0.703,2.209,-5.768,-14.194,-19.962,1.7214122116082904,4.708146713472946,14.711855927963981,61.703910614525135,1.157911698356429,1.6642642973069623,1.5285816852685854,6.1237070403737075,,1.9396551724137936,1.2566738385528726,43.68599999999999,1.1258449692173946,6.752,8.093,6.504,1.3993174061433447,1.544930875576037,5.158,1.384744623655914,-3.0839999999999996
SA_145,1997-01-31,375.834,157.278,108.593,102.105,6.488,138.785,314.743,146.914,,6.553,133.323,167.829,256.397,20.244,24.215,13.919,0.831,3.971,-42.084,-33.667,-75.751,0.5429591920518926,0.6676704485208353,0.7287474528782476,0.8194048467569495,-0.031063321385901954,0.43292997707890235,0.6248825515482546,0.7203245939648004,,0.9217008797653958,1.3539496451145876,59.52600000000001,1.1398693028651548,9.102,10.863999999999999,4.197000000000001,0.18207681365576112,0.7976459936622906,-36.316,1.3719177117091728,-55.789
SA_145,1998-01-31,448.352,180.268,110.535,93.889,16.646,82.49,311.167,155.706,,15.84,206.128,155.461,478.638,33.195,41.978,21.403,1.446,8.783,-26.384,-43.446,-69.83,0.19295220762357834,0.14617429011050498,0.017883288978110867,-0.08046618676852269,1.5656596794081379,-0.405627409302158,-0.011361650616534824,0.05984453489796748,,1.417213490004578,0.5460798211861417,-12.367999999999995,0.8667847127696502,12.951,17.763,7.483999999999998,0.7400722021660651,1.211785444472425,15.700000000000003,0.2904624706686072,5.9210000000000065
SA_145,1999-01-30,689.396,363.69,222.842,6.639,216.203,12.412,449.49,132.692,,18.875,399.901,316.798,774.863,49.946,66.075,26.648,8.059,16.129,-82.07,-78.984,-161.054,0.537622225394333,1.0174961723655889,1.016031121364274,-0.9292888410782946,11.988285473987744,-0.8495332767608195,0.44452978625625494,-0.14780419508560994,,0.19160353535353547,0.9400615151750371,161.337,0.6188915213585218,16.750999999999998,24.097,5.245000000000001,4.573305670816044,0.836388477741091,-55.68599999999999,0.8179809418588593,-91.224
SA_75,1994-12-31,456.809,269.708,216.355,133.353,83.002,5.776,289.907,167.053,,139.743,130.183,122.854,565.433,28.181,53.371,8.95,18.151,23.973,24.564,-8.624,15.94,,,,,,,,,,,,,,,,,,,,,
SA_75,1995-12-30,475.799,286.742,227.685,0.145,227.54,1.981,315.157,40.313,,142.732,157.946,274.844,585.289,30.9,55.279,1.802,21.952,23.163,6.878,-17.337,-10.459,0.04157098480984378,0.06315719222270011,0.05236763652330656,-0.9989126603825935,1.74137972578974,-0.6570290858725761,0.08709689659097575,-0.7586813765691127,,0.02138926457854784,0.21326133212477827,151.99,0.035116450578583036,2.7189999999999976,1.9080000000000013,-7.148,0.20940994986502126,-0.033788011512951965,-17.686,1.010320037105751,-26.399
SA_75,1996-12-31,500.78,297.852,229.668,6.052,223.616,1.654,331.921,56.43,,160.107,162.283,275.491,636.341,48.675,71.389,16.699,21.742,21.497,31.167,-29.048,2.119,0.05250326293245666,0.038745631961833116,0.008709401146320683,40.737931034482756,-0.01724531950426289,-0.16506814740030296,0.05319253578375216,0.39979659167018067,,0.12173163691393651,0.027458751725273123,0.6469999999999914,0.08722528528641416,17.775,16.109999999999992,14.897000000000002,-0.00956632653061229,-0.07192505288606832,24.289,0.6754917229047701,12.578
SA_75,1997-12-31,542.327,348.215,291.254,5.527,285.727,2.507,341.764,41.942,,123.315,202.736,299.822,649.407,18.4,42.394,-4.848,27.611,20.614,17.671,-29.075,-11.404,0.08296457526259049,0.16908733196352554,0.2681522893916437,-0.08674818241903492,0.27775740555237527,0.5157194679564694,0.02965464673822993,-0.25674286726918305,,-0.22979632370852,0.2492744156812483,24.331000000000017,0.02053301610300151,-30.275,-28.994999999999997,-21.547,0.26993836813540617,-0.04107549890682416,-13.496000000000002,0.0009294960066097424,-13.523
SA_75,1998-12-31,447.328,300.89,259.405,0.0,259.405,5.769,272.415,36.263,,74.599,176.818,236.152,468.703,-14.036,9.475,-36.546,29.108,19.618,-41.831,-10.079,-51.91,-0.17516922447158267,-0.1359074135232543,-0.10935128787930826,-1.0,-0.09212290053092642,1.3011567610690067,-0.20291487693262011,-0.13540126841829192,,-0.3950533187365689,-0.1278411332965037,-63.670000000000016,-0.278260012596107,-32.436,-32.919,-31.698,0.054217522002100615,-0.048316677985834944,-59.502,-0.6533447979363713,-40.506
SA_59,1995-09-30,730.708,426.508,216.91,34.981,181.929,17.886,226.852,192.221,,155.372,13.264,34.631,893.869,69.479,100.637,24.234,18.322,31.158,46.612,-126.548,-79.936,,,,,,,,,,,,,,,,,,,,,
SA_59,1996-09-30,821.734,492.13,276.448,13.746,262.702,21.394,281.561,180.47,,208.218,16.582,101.091,1114.491,88.496,127.71,43.18,20.128,39.214,31.808,-53.366,-21.558,0.12457233258702538,0.15385877873334142,0.27448250426444143,-0.6070438237900575,0.4439808936453231,0.19613105221961313,0.24116604658543883,-0.06113275864759837,,0.34012563396236106,0.2501507840772015,66.46,0.24681692731261506,19.016999999999996,27.072999999999993,18.945999999999998,0.09857002510642943,0.258553180563579,-14.804000000000002,-0.5782944021240952,58.37800000000001
SA_59,1997-09-30,874.367,498.351,295.959,43.196,252.763,14.355,287.229,185.125,,214.212,21.237,102.104,1140.288,97.696,137.005,43.917,21.492,32.0,54.84,-36.961,17.879,0.06405114063675099,0.012640968849694234,0.07057746845699753,2.142441437509093,-0.0378337431766792,-0.3290174815368794,0.020130628886813273,0.025793760735856486,,0.028787136558799054,0.2807260885297309,1.0130000000000052,0.023146889476900245,9.200000000000003,9.295000000000002,0.7370000000000019,0.06776629570747228,-0.18396491049115105,23.032000000000004,-0.30740546415320613,39.437
SA_59,1998-09-30,3036.6509,2630.019,2024.115,46.25,1977.865,3.314,807.923,457.707,,627.036,31.516,350.216,2035.5291,129.047,204.091,-209.652,125.384,49.1,-15.532,-65.168,-80.7,2.472970617601076,4.277443007037208,5.8391736693258185,0.07070099083248449,6.824978339393028,-0.7691396725879485,1.812818343551661,1.4724213369345036,,1.9271749481821745,0.48401374958798327,248.11200000000002,0.7851008692540831,31.351,67.08600000000001,-253.569,4.833984738507351,0.534375,-70.372,0.7631557587727607,-98.57900000000001
SA_59,1999-09-30,1269.95,2646.8,2141.8439,2028.226,113.618,71.817,436.635,2382.55,,307.571,22.866,-1945.915,2272.5801,-279.051,-158.525,-1778.282,204.384,77.5,-59.558,-73.251,-132.809,-0.5817925596913363,0.006380562269702406,0.05816314784486054,42.85353513513514,-0.9425552300081148,20.67079058539529,-0.45955864605909225,4.205404330718124,,-0.5094843039315127,-0.2744637644371113,-2296.131,0.1164566991452003,-408.09799999999996,-362.616,-1568.6299999999999,0.6300644420340713,0.5784114052953155,-44.025999999999996,0.12403326786152702,-52.108999999999995
SA_130,1995-10-31,393.2,248.8,37.9,4.0,33.9,57.1,270.0,177.7,,184.6,0.0,92.3,374.1,41.1,49.0,26.6,0.0,,39.3,-5.3,34.0,,,,,,,,,,,,,,,,,,,,,
SA_130,1996-10-31,384.4,274.2,75.1,0.0,75.1,38.1,241.7,171.4,,163.6,0.0,70.3,340.8,-58.8,-49.6,-32.8,0.0,,-21.2,-11.4,-32.6,-0.02238046795523907,0.10209003215434076,0.9815303430079154,-1.0,1.215339233038348,-0.33274956217162877,-0.1048148148148148,-0.03545301069217777,,-0.11375947995666302,,-22.0,-0.08901363271852447,-99.9,-98.6,-59.4,,,-60.5,1.150943396226415,-66.6
SA_130,1997-10-31,475.4,353.6,150.8,0.0,150.8,83.3,321.9,160.4,,198.3,0.0,161.5,430.5,27.8,37.1,1.0,,,9.6,-4.9,4.7,0.23673257023933414,0.289569657184537,1.007989347536618,,1.007989347536618,1.1863517060367452,0.3318163011998345,-0.06417736289381559,,0.21210268948655275,,91.2,0.26320422535211274,86.6,86.7,33.8,,,30.799999999999997,-0.5701754385964912,37.300000000000004
SA_130,1998-10-31,360.8,346.7,137.3,0.0,137.3,52.4,259.5,165.6,,144.4,0.0,93.9,420.8,-24.6,11.1,-128.7,,,0.5,-2.9,-2.4,-0.24106015986537643,-0.019513574660633526,-0.08952254641909818,,-0.08952254641909818,-0.37094837935174074,-0.1938490214352283,0.032418952618453734,,-0.2718103883005547,,-67.6,-0.02253193960511035,-52.400000000000006,-26.0,-129.7,,,-9.1,-0.40816326530612246,-7.1
SA_130,1999-10-31,230.0,294.5,163.1,0.0,163.1,24.6,152.9,107.2,,99.1,0.0,45.7,315.7,-31.4,-6.3,-88.2,11.7,,-49.5,-4.8,-54.3,-0.3625277161862528,-0.15056244591866164,0.18790968681718856,,0.18790968681718856,-0.5305343511450381,-0.4107899807321772,-0.3526570048309179,,-0.3137119113573408,,-48.2,-0.24976235741444874,-6.799999999999997,-17.4,40.499999999999986,,,-50.0,0.6551724137931034,-51.9
SA_9,1995-12-31,687.849,662.791,506.408,67.099,439.309,26.735,256.045,218.623,,153.825,17.798,37.422,602.585,-74.381,-27.059,-334.049,49.741,47.322,-16.783,-7.329,-24.112,,,,,,,,,,,,,,,,,,,,,
SA_9,1996-12-31,545.309,562.247,464.674,198.033,266.641,15.375,156.27,288.799,,106.763,14.268,-132.529,521.969,11.716,76.203,-85.014,78.767,64.487,60.219,-6.85,53.369,-0.2072257137831124,-0.1516978957167494,-0.08241181023996469,1.9513554598429184,-0.39304453129801575,-0.42491116513933047,-0.3896775957351247,0.32099092959112263,,-0.30594506744677386,-0.19833689178559377,-169.951,-0.13378361558950191,86.097,103.262,249.03499999999997,0.583542751452524,0.36272769536367844,77.00200000000001,-0.06535680174648661,77.481
SA_9,1997-12-31,516.82,390.778,300.653,150.225,150.428,108.95,222.985,234.605,,86.142,14.277,-11.62,473.141,12.642,68.71,125.26,75.026,56.068,65.984,-19.149,46.835,-0.0522437737136191,-0.30497094693257576,-0.3529807994421895,-0.2414143097362561,-0.43584069966734307,6.086178861788618,0.4269213540666794,-0.18765300433865761,,-0.19314743871940665,0.0006307821698905425,120.90899999999999,-0.09354578528609947,0.9260000000000002,-7.493000000000009,210.274,-0.04749450912184039,-0.13055344488036347,5.7649999999999935,1.7954744525547448,-6.533999999999999
SA_9,1998-12-31,421.029,326.148,242.422,0.26,242.162,0.053,131.733,67.029,,98.889,27.203,64.704,445.112,9.055,37.621,-21.695,32.734,,-16.706,-11.556,-28.262,-0.1853469292984018,-0.16538802082000525,-0.19368175271825006,-0.9982692627725079,0.6098199803228124,-0.9995135383203304,-0.40922932035787163,-0.7142899767694636,,0.14797659678205743,0.9053722770890245,76.324,-0.05924026875709354,-3.5869999999999997,-31.08899999999999,-146.955,-0.5636979180550742,,-82.69,-0.3965220115932948,-75.09700000000001
SA_9,1999-12-31,403.222,423.269,303.052,0.39,302.662,6.242,142.592,105.088,,107.406,22.966,37.504,521.196,-23.585,0.307,-114.823,29.763,,-10.505,-6.947,-17.452,-0.04229399875067996,0.29778198854507765,0.25010106343483685,0.5,0.24983275658443516,116.77358490566039,0.08243188874465779,0.5677990123677812,,0.08612686952037141,-0.15575487997647308,-27.199999999999996,0.1709322597458618,-32.64,-37.314,-93.12799999999999,-0.09076189894299502,,6.200999999999999,-0.398840429214261,10.809999999999999
SA_51,1995-12-31,3261.0,3279.0,893.0,99.0,794.0,18.0,927.0,936.0,,314.0,253.0,-9.0,3612.0,422.0,547.0,231.0,87.0,,284.0,-276.0,8.0,,,,,,,,,,,,,,,,,,,,,
SA_51,1996-12-31,3913.0,4182.0,934.0,116.0,818.0,45.0,958.0,1121.0,,314.0,340.0,-163.0,3832.0,408.0,549.0,-284.0,77.0,,335.0,-325.0,10.0,0.19993866911990188,0.27538883806038417,0.04591265397536404,0.1717171717171717,0.030226700251889227,1.5,0.033441208198489836,0.1976495726495726,,0.0,0.3438735177865613,-154.0,0.060908084163898035,-14.0,2.0,-515.0,-0.11494252873563215,,51.0,0.17753623188405787,2.0
SA_51,1997-12-31,4996.0,4910.0,1738.0,143.0,1595.0,58.0,1428.0,1307.0,,432.0,503.0,121.0,4373.0,278.0,451.0,47.0,111.0,,131.0,-227.0,-96.0,0.2767697418860209,0.17407938785270205,0.8608137044967881,0.23275862068965525,0.949877750611247,0.288888888888889,0.4906054279749479,0.16592328278322932,,0.37579617834394896,0.4794117647058824,284.0,0.1411795407098122,-130.0,-98.0,331.0,0.4415584415584415,,-204.0,-0.30153846153846153,-106.0
SA_51,1998-12-31,5101.0,6022.0,1626.0,91.0,1535.0,54.0,1529.0,1883.0,,451.0,437.0,-354.0,5009.0,421.0,618.0,-705.0,140.0,,124.0,-253.0,-129.0,0.021016813450760674,0.22647657841140534,-0.0644418872266973,-0.36363636363636365,-0.037617554858934144,-0.06896551724137934,0.07072829131652658,0.44070390206579946,,0.0439814814814814,-0.1312127236580517,-475.0,0.14543791447518872,143.0,167.0,-752.0,0.26126126126126126,,-7.0,0.1145374449339207,-33.0
SA_51,1999-12-31,6494.0,7137.0,1991.0,227.0,1764.0,70.0,2088.0,2916.0,,358.0,466.0,-828.0,5048.0,573.0,783.0,270.0,152.0,,-28.0,-244.0,-272.0,0.2730837090766516,0.1851544337429425,0.22447724477244768,1.4945054945054945,0.14918566775244302,0.2962962962962963,0.36559843034663175,0.5485926712692513,,-0.2062084257206208,0.06636155606407312,-474.0,0.00778598522659224,152.0,165.0,975.0,0.08571428571428563,,-152.0,-0.035573122529644285,-143.0
SA_215,1995-12-31,2.41,12.171,0.0,0.0,0.0,0.145,1.168,1.859,,0.838,0.0,-0.691,2.485,-6.663,-6.66,-7.206,0.543,0.003,-6.048,-0.741,-6.789,,,,,,,,,,,,,,,,,,,,,
SA_215,1996-12-31,108.065,19.977,11.68,2.777,8.903,57.966,66.36,9.921,,3.959,0.0,56.439,12.907,-6.018,-5.771,-6.579,1.137,0.247,-10.205,-1.55,-11.755,43.8402489626556,0.6413606112891299,,,,398.76551724137937,55.81506849315069,4.336740182894029,,3.7243436754176615,,57.13,4.193963782696177,0.6450000000000005,0.8890000000000002,0.6270000000000007,1.0939226519337018,81.33333333333333,-4.157,1.0917678812415654,-4.966000000000001
SA_215,1997-12-31,232.048,132.887,117.0,2.0,115.0,152.619,181.499,15.676,,12.462,0.0,165.823,73.193,8.974,9.618,6.6,3.358,0.644,-2.303,-1.948,-4.251,1.1473002359690927,5.651999799769735,9.017123287671232,-0.27979834353619015,11.916994271593843,1.632905496325432,1.7350663050030137,0.5800826529583711,,2.1477645870169235,,109.38400000000001,4.670798791353529,14.992,15.389,13.178999999999998,1.9533861037818823,1.6072874493927127,7.902,0.25677419354838693,7.5040000000000004
SA_215,1998-12-31,384.6281,261.091,179.7418,0.8486,178.8932,28.2581,94.0551,26.7543,,23.4219,0.0,67.3008,135.9613,14.3161,19.998,7.1858,9.7051,2.914,5.3071,-11.7947,-6.4877,0.6575368027304695,0.9647595325351614,0.536254700854701,-0.5757,0.555593043478261,-0.8148454648503791,-0.4817872274778373,0.7067045164582801,,0.8794655753490612,,-98.52220000000001,0.857572445452434,5.3421,10.38,0.5858000000000008,1.8901429422275164,3.524844720496895,7.6101,5.054774127310062,-2.2367
SA_215,1999-12-31,439.621,383.033,217.376,25.848,191.528,4.277,66.182,58.909,,21.031,0.0,7.273,184.929,-3.786,9.601,-65.18,18.779,7.993,-15.104,-4.527,-19.631,0.14297681318655586,0.46704788751814497,0.20937923176467566,29.459580485505537,0.07062761468854029,-0.8486451672263882,-0.2963486296862158,1.2018516649660054,,-0.10207967756672187,,-60.0278,0.36015910409800433,-18.1021,-10.397,-72.36580000000001,0.9349620302727433,1.7429649965682912,-20.411099999999998,-0.6161835400646053,-13.1433
SA_280,1996-07-31,442.518,336.502,161.15,7.504,153.646,5.558,190.279,105.742,,68.004,98.401,84.537,661.069,35.587,60.375,20.67,18.583,24.788,35.533,-36.269,-0.736,,,,,,,,,,,,,,,,,,,,,
SA_280,1997-07-31,383.28,332.809,171.468,8.018,163.45,4.078,184.21,86.507,,67.228,86.708,97.703,640.98,14.362,40.189,-63.12,20.031,25.827,5.52,-17.435,-11.915,-0.13386574105460114,-0.01097467474190339,0.06402730375426602,0.068496801705757,0.06380901552920348,-0.2662828355523569,-0.0318952695778304,-0.18190501409090043,,-0.011411093465090394,-0.11883009319010984,13.165999999999997,-0.030388658370003596,-21.225,-20.186,-83.78999999999999,0.07792068019157306,0.041915442956269144,-30.013,-0.5192864429678238,-11.178999999999998
SA_280,1998-07-31,383.199,296.499,116.75,0.609,116.141,36.93,201.254,78.459,,52.057,84.022,122.795,596.437,68.966,86.514,41.696,16.372,17.548,99.708,-12.069,87.639,-0.0002113337507826385,-0.10910161684329445,-0.31911493689784676,-0.9240458967323522,-0.2894401957785254,8.05590975968612,0.09252483578524506,-0.09303293375102595,,-0.22566490152912466,-0.030977533791576195,25.092,-0.06949202783238162,54.60399999999999,46.324999999999996,104.816,-0.18266686635714635,-0.3205560072792041,94.188,-0.30777172354459414,99.554
SA_280,1999-07-31,318.409,271.583,135.837,20.209,115.628,39.415,129.258,64.755,,29.585,51.485,64.503,349.345,-13.494,0.982,-45.347,12.846,14.476,-16.202,-15.76,-31.962,-0.1690766416405054,-0.08403401023274948,0.1634860813704495,32.18390804597701,-0.004417044798994407,0.06728946655835366,-0.35773698907847784,-0.174664474438879,,-0.43168065774055364,-0.3872438170955227,-58.292,-0.4142801335262567,-82.46,-85.532,-87.043,-0.2153677009528463,-0.1750626852062912,-115.91,0.30582484050045555,-119.601
SA_280,2000-07-31,259.846,296.277,149.248,115.012,34.236,1.25,83.123,176.423,,33.245,44.975,-93.3,365.269,-23.648,-9.445,-83.257,13.477,14.203,-6.812,-48.188,-55.0,-0.18392382124877116,0.09092616253594654,0.09872862327642684,4.691127715374338,-0.7039125471339123,-0.9682861854623874,-0.35692181528416034,1.7244691529611615,,0.12371134020618535,-0.12644459551325626,-157.803,0.04558244715109705,-10.154,-10.427,-37.910000000000004,0.04912034874669158,-0.018858800773694506,9.39,2.0576142131979696,-23.038
SA_90,1995-12-31,29.756,26.865,5.42,3.0,2.42,1.792,18.033,24.445,,12.804,0.0,-6.412,76.416,3.479,4.603,1.786,,,7.381,-7.233,0.148,,,,,,,,,,,,,,,,,,,,,
SA_90,1996-12-31,103.816,41.344,0.0,0.0,0.0,45.563,75.687,40.636,,25.145,0.0,35.051,162.426,8.929,10.973,5.808,,,13.898,-18.669,-4.771,2.4889097997042615,0.5389540294062909,-1.0,-1.0,-1.0,24.42578125,3.1971385792713356,0.6623440376355083,,0.9638394251796314,,41.463,1.1255496231155777,5.45,6.370000000000001,4.022,,,6.5169999999999995,1.5810866860223975,-4.919
SA_90,1997-12-31,171.617,95.044,0.401,0.216,0.185,43.85,108.443,93.902,,62.313,0.0,14.541,298.609,17.7,23.117,12.497,,,34.257,-36.725,-2.468,0.6530881559682513,1.2988583591331269,,,,-0.03759629523955843,0.4327823800652688,1.3108081504085045,,1.4781467488566316,,-20.51,0.8384310393656189,8.770999999999999,12.144,6.689,,,20.358999999999998,0.9671648186833788,2.303
SA_90,1998-12-31,235.637,134.998,9.235,9.136,0.099,30.041,123.983,132.936,,87.725,0.0,-8.953,466.291,27.147,35.86,19.936,,,28.914,-49.611,-20.697,0.37303996690304575,0.4203737216447119,22.029925187032415,41.29629629629629,-0.4648648648648648,-0.31491448118586085,0.14330108905139105,0.41568869672637443,,0.4078121740246816,,-23.494,0.5615436909135358,9.447,12.742999999999999,7.439,,,-5.342999999999996,0.3508781484002721,-18.229
SA_90,1999-12-31,374.805,259.786,65.364,54.76,10.604,27.189,172.408,226.796,,133.998,0.0,-54.388,604.591,10.364,25.055,8.045,,,30.372,-69.644,-39.272,0.5906033432780082,0.9243692499148137,6.077855982674609,4.993870402802102,106.1111111111111,-0.09493691954329087,0.3905777404966808,0.706054041042306,,0.5274779139355941,,-45.435,0.2965959025587026,-16.782999999999998,-10.805,-11.891,,,1.4579999999999984,0.4038015762633289,-18.575
SA_143,1996-12-31,177.112,87.329,53.853,26.915,26.938,52.695,82.311,59.125,,17.421,0.643,23.186,84.351,-61.498,-33.463,-55.097,5.025,,-32.543,-12.814,-45.357,,,,,,,,,,,,,,,,,,,,,
SA_143,1997-12-31,186.181,112.752,73.453,39.633,33.82,33.322,78.898,77.626,,11.022,0.0,1.272,121.902,-49.586,-21.239,-45.602,5.362,,-15.457,-12.613,-28.07,0.05120488730294959,0.2911174981964755,0.36395372588342334,0.4725246145272155,0.2554755364169574,-0.3676439889932631,-0.04146468880222587,0.31291331923890064,,-0.3673153091096951,-1.0,-21.914,0.445175516591386,11.911999999999999,12.224,9.495000000000005,0.0670646766169154,,17.086,-0.01568596847198378,17.287
SA_143,1998-12-31,1284.231,1404.4051,1124.6011,59.968,1064.6331,56.842,565.263,289.617,,50.211,0.0,275.646,259.636,-105.474,-42.05,-261.869,63.914,,-87.586,-118.006,-205.592,5.897755410057954,11.455700120618703,14.310485616652826,0.51308253223324,30.479393849793023,0.7058399855951021,6.164478187026288,2.7309277819287354,,3.5555253130103424,,274.374,1.1298748174763338,-55.888000000000005,-20.810999999999996,-216.26700000000002,10.919806042521447,,-72.12899999999999,8.355902640133197,-177.52200000000002
SA_143,1999-12-31,4466.5,3743.5,3299.3,115.0,3184.3,912.3,1917.7,457.5,,74.0,0.0,1460.2,534.1,-192.5,-26.0,-416.2,193.0,,-157.8,-529.2,-687.0,2.4779568473273113,1.6655414452710264,1.9337513541468168,0.9176894343649946,1.9909834665106696,15.049751943985083,2.3925800910372694,0.5796724639782884,,0.47378064567525047,,1184.554,1.0571107242447115,-87.026,16.049999999999997,-154.33099999999996,2.019682698626279,,-70.21400000000001,3.4845177363862856,-481.408
SA_143,2000-12-31,2577.1001,4599.2999,3680.1001,3680.1001,0.0,491.0,878.4,4446.8999,,179.1,0.0,-3568.4999,995.5,-735.1,-173.1,-4965.1001,398.2,,-329.8,-1217.0,-1546.8,-0.42301576178215605,0.22860956324295434,0.11541845239899362,31.000870434782613,-1.0,-0.4617998465417077,-0.5419512958231214,8.719999781420766,,1.42027027027027,,-5028.6999,0.8638831679460774,-542.6,-147.1,-4548.9001,1.0632124352331607,,-172.0,1.2996976568405136,-859.8
SA_162,1996-12-31,1455.2,1136.7,489.7,280.1,209.6,33.1,762.9,663.8,,231.3,417.0,99.1,2032.7,38.4,102.1,-206.3,42.6,,149.0,-54.2,94.8,,,,,,,,,,,,,,,,,,,,,
SA_162,1997-12-31,1802.1,844.2,301.7,28.6,273.1,541.4,1139.2,329.6,,207.6,277.0,809.5999,1806.6,138.6,191.4,69.4,32.0,42.6,215.7,-49.7,166.0,0.23838647608576125,-0.2573238321456849,-0.3839085154176026,-0.8978936094252052,0.3029580152671758,15.356495468277945,0.4932494429151921,-0.5034648990659837,,-0.10246433203631655,-0.33573141486810554,710.4999,-0.11123136714714421,100.19999999999999,89.30000000000001,275.70000000000005,-0.24882629107981225,,66.69999999999999,-0.08302583025830257,71.2
SA_162,1998-12-31,9940.1,7340.9,3341.7,211.0,3130.7,77.2,2599.6,2029.5,,1025.0,1068.6,570.1,4468.7,453.9,681.9,53.7,204.0,144.2,325.5,-228.5,97.0,4.515842628045059,7.695688225538971,10.076234670202187,6.3776223776223775,10.463566459172462,-0.8574067233099372,1.2819522471910112,5.157463592233009,,3.9373795761079,2.8577617328519853,-239.49990000000003,1.4735414590944313,315.29999999999995,490.5,-15.700000000000003,5.375,2.384976525821596,109.80000000000001,3.597585513078471,-69.0
SA_162,1999-12-31,9945.2,7254.7,3210.8,190.8,3020.0,64.5,2026.5,1782.6,,746.8,883.6,243.9,6487.5,802.3,1157.2,243.2,273.5,221.4,562.4,-395.2,167.2,0.0005130733091216477,-0.011742429402389343,-0.03917167908549535,-0.0957345971563981,-0.035359504264221964,-0.16450777202072542,-0.22045699338359748,-0.1216555801921656,,-0.2714146341463415,-0.17312371326969855,-326.20000000000005,0.45176449526708007,348.4,475.30000000000007,189.5,0.3406862745098038,0.5353675450762831,236.89999999999998,0.7295404814004376,70.19999999999999
SA_162,2000-12-31,10255.0,8072.3,3707.5,147.8,3559.7,107.2,2136.8,1703.8,,741.9,808.6,433.0,6013.2,449.1,823.5,-281.5,,248.4,-154.5,-313.3,-467.8,0.03115070586815749,0.11269935352254401,0.15469664881026524,-0.22536687631027252,0.1787086092715231,0.662015503875969,0.05442881815938816,-0.04420509368338377,,-0.006561328334225958,-0.08488003621548212,189.1,-0.07310982658959542,-353.19999999999993,-333.70000000000005,-524.7,,0.12195121951219501,-716.9,-0.20723684210526305,-635.0
SA_176,1999-12-31,6349.5,5622.9,4639.0,,4639.0,17.4,838.3,685.5,,590.5,0.0,152.8,3542.3,-35.8,1069.5,-71.0,14.3,72.3,150.5,-192.7,-42.2,,,,,,,,,,,,,,,,,,,,,
SA_176,2000-12-31,6537.6001,5645.0001,4505.6001,,4505.6001,21.4,1093.6,773.9,,681.4,0.0,319.7,3532.0,42.8,1162.6,-2.0,42.8,77.2,3.1,-79.4,-76.3,0.029624395621702382,0.0039303740062957004,-0.028756175899978476,,-0.028756175899978476,0.2298850574712643,0.3045449123225574,0.12895696571845372,,0.15393734123624037,,166.89999999999998,-0.0029077153262004884,78.6,93.09999999999991,69.0,1.9930069930069925,0.06777316735822958,-147.4,-0.5879605604566683,-34.099999999999994
SA_220,1997-12-31,220.162,206.643,191.99,,191.99,0.616,5.742,11.735,,4.519,0.0,-5.993,60.995,-3.392,6.893,-14.129,21.299,,7.892,-10.135,-2.243,,,,,,,,,,,,,,,,,,,,,
SA_220,1998-12-31,254.604,301.392,282.842,0.0,282.842,2.779,8.677,17.482,,5.474,0.0,-8.805,69.802,-2.799,9.242,-30.863,24.442,,14.262,-13.759,0.503,0.1564393492064935,0.4585154106357341,0.47321214646596155,,0.47321214646596155,3.5113636363636367,0.511145942180425,0.4897315722198552,,0.21132994025226814,,-2.8119999999999994,0.1443888843347816,0.593,2.349000000000001,-16.734,0.14756561340908037,,6.37,0.3575727676369018,2.746
SA_220,1999-12-31,761.871,588.889,525.037,0.0,525.037,168.388,179.322,36.66,,9.803,0.0,142.662,114.405,-11.5,9.384,-43.862,40.775,20.884,17.921,-32.435,-14.514,1.992376396285997,0.9538972500929024,0.8562907913251925,,0.8562907913251925,59.593019071608495,19.666359340785988,1.0970140716165195,,0.7908293752283524,,151.467,0.6389931520586802,-8.701,0.14199999999999946,-12.999000000000002,0.6682350053187136,,3.658999999999999,1.357366087651719,-15.017
SA_220,2000-12-31,743.936,624.56,559.036,0.511,558.525,19.056,47.357,66.035,,13.446,13.929,-18.678,182.349,-18.84,71.85,-66.993,56.278,37.911,33.65,-76.714,-43.064,-0.02354073064862683,0.06057338479747454,0.06475543628353786,,0.06378217154219601,-0.886832790935221,-0.7359108196428771,0.8012820512820513,,0.3716209323676425,,-161.34,0.5938901271797561,-7.34,62.465999999999994,-23.130999999999993,0.38020846106683015,0.8153131583987743,15.729,1.3651610914135963,-28.55
SA_238,1996-09-28,1885.942,1270.022,838.856,1.72,837.136,15.392,719.37,265.352,,348.998,329.386,454.018,2182.3469,177.246,262.389,40.906,65.936,,193.125,-79.174,113.951,,,,,,,,,,,,,,,,,,,,,
SA_238,1997-09-27,1873.692,1242.966,806.883,0.47,806.413,17.863,697.627,263.595,,338.219,314.994,434.032,2090.6831,155.701,241.043,58.698,60.062,,166.28,-96.5,69.78,-0.0064954277491036105,-0.021303567969688797,-0.03811500424387493,-0.7267441860465116,-0.036700129966934836,0.16053794178794178,-0.03022505803689346,-0.006621393469805947,,-0.03088556381411922,-0.04369341744943622,-19.98599999999999,-0.042002396594235214,-21.545000000000016,-21.346000000000004,17.792,-0.08908638679932068,,-26.845,0.21883446586000455,-44.17099999999999
SA_238,1998-10-03,1912.887,1212.666,816.156,14.67,801.486,18.163,675.778,227.68,,304.616,322.548,448.098,2010.4139,182.769,269.599,80.452,59.544,,137.381,-140.333,-2.952,0.02091859281034436,-0.024377175240513416,0.011492372500102155,30.21276595744681,-0.006109772535909053,0.016794491406818546,-0.031319028649980485,-0.1362506876078834,,-0.09935278621248367,0.023981409169698376,14.066000000000031,-0.03839376708980913,27.068000000000012,28.555999999999983,21.753999999999998,-0.008624421431187801,,-28.899,0.45422797927461134,-72.732
SA_238,1999-10-02,1876.275,1247.026,881.427,0.47,880.957,17.402,633.859,201.595,,275.225,317.554,432.264,1651.689,58.915,141.842,-31.494,58.42,64.757,66.726,-141.5352,-74.8092,-0.019139656445989695,0.028334265164521977,0.07997368150206596,-0.9679618268575324,0.09915457038550901,-0.041898364807575805,-0.062030726066844455,-0.11456869290231908,,-0.0964854111405834,-0.01548296687624795,-15.834000000000003,-0.17843335643471225,-123.85400000000001,-127.75699999999998,-111.946,-0.018876796990460742,,-70.655,0.008566766191843822,-71.8572
SA_238,2000-09-30,1351.6,1256.825,899.85,33.87,865.98,26.172,631.785,242.898,,301.001,287.969,388.887,1620.2469,25.56,92.656,-526.972,66.264,67.096,46.325,-73.773,-27.448,-0.2796365138372574,0.007857895504985501,0.020901333859752347,71.06382978723404,-0.01700082977943307,0.5039650614871853,-0.0032720210646217662,0.20488107343932138,,0.09365428285947841,-0.09316525693267907,-43.37700000000001,-0.019036331900254777,-33.355000000000004,-49.18600000000001,-495.47799999999995,0.13426908592947617,0.03611964729681727,-20.400999999999996,-0.47876570634018967,47.361200000000004
SA_10,1998-03-28,244.298,233.783,78.881,75.715,3.166,0.394,208.717,226.027,,108.429,95.365,-17.31,583.492,10.917,15.029,2.559,6.627,4.112,-13.851,-4.346,-18.197,,,,,,,,,,,,,,,,,,,,,
SA_10,1999-04-03,430.725,364.838,154.553,150.635,3.918,1.433,393.672,358.065,,167.925,216.807,35.607,888.966,19.753,25.383,4.429,10.928,5.63,-116.261,-8.8418,-125.1028,0.7631130832016637,0.5605839603392893,0.9593184670579733,0.989500099055669,0.23752368919772593,2.6370558375634516,0.8861520623619543,0.5841691479336539,,0.5487092936391555,1.2734441356891941,52.917,0.5235273148560735,8.836,10.354,1.87,0.6490116191338466,0.36916342412451364,-102.41,1.0344684767602392,-106.9058
SA_10,2000-04-01,434.078,363.416,193.617,185.756,7.861,0.274,392.878,342.665,,175.776,190.428,50.213,914.299,6.517,13.708,-4.604,14.122,,-28.993,-11.098,-40.091,0.007784549306401933,-0.0038976203136735776,0.2527547184460994,0.23315298569389586,1.006380806533946,-0.8087927424982554,-0.0020169074762748096,-0.043008950888805075,,0.04675301473872273,-0.12167042577038556,14.606000000000002,0.028497152871988396,-13.236,-11.674999999999999,-9.033000000000001,0.29227672035139074,,87.268,0.2551742857789141,85.0118
SA_10,2001-03-31,381.281,349.248,165.451,161.482,3.969,0.385,329.21,340.181,,144.41,167.457,-10.971,803.738,-28.282,-20.991,-29.539,15.828,,35.219,-7.378,27.841,-0.12163021392468631,-0.03898562528892513,-0.14547276323876523,-0.13067680182605135,-0.49510240427426533,0.4051094890510949,-0.16205539633168564,-0.007249062495440217,,-0.17844301838703813,-0.12062826895204493,-61.184,-0.1209243365682342,-34.799,-34.699,-24.935000000000002,0.12080441863758673,,64.212,-0.33519553072625696,67.932
SA_290,1997-01-31,1183.1,1215.9,715.8,29.5,686.3,47.5,289.5,274.3,,145.2,82.9,15.2,778.2,59.9,107.5,-72.9,48.5,36.6,71.2,-71.4,-0.2,,,,,,,,,,,,,,,,,,,,,
SA_290,1998-01-31,1758.9,1591.8,920.6,38.0,882.6,23.1,382.4,372.9,,217.8,131.5,9.5,1269.8,139.2,210.4,31.4,90.4,51.7,94.7,-90.8984,3.8016,0.4866875158481956,0.30915371329879093,0.28611343950824253,0.2881355932203389,0.2860265190150082,-0.5136842105263157,0.3208981001727116,0.3594604447685015,,0.5000000000000002,0.5862484921592279,-5.699999999999999,0.6317142122847597,79.29999999999998,102.9,104.30000000000001,0.8639175257731959,0.4125683060109291,23.5,0.2730868347338933,4.0016
SA_290,1999-01-31,2110.8999,1877.4,1033.2,57.1,976.1,51.3,422.3,513.8,,181.6,166.6,-91.5,1672.9,182.0,269.8,43.7,94.9,69.9,178.3,-134.297,44.003,0.2001250213201431,0.17941952506596315,0.12231153595481215,0.5026315789473685,0.10593700430546105,1.2207792207792205,0.10434100418410042,0.3778492893537142,,-0.16620752984389353,0.26692015209125475,-101.0,0.31745156717593326,42.80000000000001,59.400000000000006,12.300000000000004,0.0497787610619469,0.3520309477756287,83.60000000000001,0.4774407470318509,40.2014
SA_290,2000-01-31,2727.3999,2494.2,1527.8,143.2,1384.6,25.9,436.9,737.5,,188.7,175.6,-300.6,2296.3999,265.5,401.6,65.1,153.3,,250.9,-196.3,54.6,0.29205553517720095,0.32853946947906665,0.4787069299264419,1.5078809106830118,0.41850220264317173,-0.4951267056530214,0.03457257873549602,0.4353834176722462,,0.03909691629955936,0.054021608643457286,-209.10000000000002,0.3727060194871181,83.5,131.8,21.39999999999999,0.6153846153846154,,72.6,0.461685666842893,10.597000000000001
SA_290,2001-01-31,2603.8999,2615.0999,1787.9,1693.3,94.6,0.0,504.8,2184.8999,,248.8,217.3,-1680.0999,2168.2,112.5,264.6,-186.2,163.5,,-6.8,-157.1,-163.9,-0.04528122186995753,0.04847241600513197,0.17024479643932455,10.824720670391063,-0.9316770186335404,-1.0,0.15541313801785317,1.96257613559322,,0.3184949655537892,0.23747152619589995,-1379.4998999999998,-0.05582646994541329,-153.0,-137.0,-251.29999999999998,0.06653620352250478,,-257.7,-0.19969434538970965,-218.5
SA_84,1996-12-31,7.327,13.416,3.387,2.741,0.646,0.148,5.771,12.77,,5.334,0.0,-6.999,32.215,-2.509,-2.176,-2.83,0.337,,-1.356,-0.52,-1.876,,,,,,,,,,,,,,,,,,,,,
SA_84,1997-12-31,51.53,19.94,0.792,0.331,0.461,26.114,45.214,19.479,,16.98,0.0,25.735,85.857,2.097,2.548,1.619,0.762,,-1.719,-3.881,-5.6,6.0328920431281565,0.4862850327966608,-0.7661647475642162,-0.8792411528639182,-0.28637770897832815,175.44594594594597,6.834690694853578,0.5253719655442444,,2.1833520809898768,,32.734,1.6651249417972993,4.606,4.724,4.449,1.2611275964391688,,-0.363,6.463461538461538,-3.7239999999999998
SA_84,1998-12-31,225.982,210.502,165.908,0.418,165.49,81.456,126.426,45.012,,40.37,0.0,81.414,161.169,-10.656,-8.403,-18.574,12.83,2.3,-25.477,-34.931,-60.408,3.385445371628178,9.556770310932798,208.47979797979795,0.26283987915407847,357.98047722342733,2.119246381251436,1.796169328084222,1.3107962421068846,,1.3775029446407534,,55.679,0.8771794961389288,-12.753,-10.951,-20.193,15.83727034120735,,-23.758,8.000515331100232,-54.808
SA_84,1999-12-31,280.631,274.724,177.999,0.132,177.867,54.731,125.307,96.857,,65.182,0.0,28.45,276.471,-31.209,-23.456,-48.235,21.813,6.9,-30.518,-56.761,-87.279,0.24182899522970835,0.30508973786472326,0.0728777394700677,-0.6842105263157894,0.07479001752371728,-0.3280912394421528,-0.008851027478524953,1.151803963387541,,0.6146148129799358,,-52.964,0.7154105318020214,-20.552999999999997,-15.052999999999999,-29.660999999999998,0.7001558846453624,2.0000000000000004,-5.041,0.6249463227505656,-26.870999999999995
SA_84,2000-12-31,254.01,322.684,234.819,76.375,158.444,14.875,75.621,164.24,,51.676,0.0,-88.619,324.547,-50.918,-34.19,-128.355,27.707,14.3,-64.473,-40.094,-104.567,-0.09486122345713766,0.17457521002897458,0.31921527649031733,577.5984848484849,-0.1091995704655726,-0.7282161846120114,-0.39651416122004357,0.6956957163653634,,-0.20720444294437113,,-117.069,0.17389165590604438,-19.709,-10.733999999999998,-80.11999999999999,0.27020584055379837,1.072463768115942,-33.955,-0.2936347139761456,-17.287999999999997
SA_160,1997-03-28,342.531,172.858,71.217,5.343,65.874,78.897,202.505,91.8,,108.207,0.0,110.705,362.131,4.707,19.07,-8.777,5.26,,38.836,-3.361,35.475,,,,,,,,,,,,,,,,,,,,,
SA_160,1998-12-25,948.606,709.859,422.662,17.603,405.059,21.265,393.081,272.821,,338.589,0.0,120.26,893.473,55.741,81.465,-21.621,29.478,,-40.666,-9.086,-49.752,,,,,,,,,,,,,,,,,,,,,
SA_160,1999-12-31,1280.871,1007.493,645.812,24.04,621.772,29.529,513.956,356.453,,427.427,0.0,157.503,1314.251,114.717,145.086,38.678,54.115,13.687,47.053,-21.762,25.291,0.3502666017292744,0.4192860835743437,0.5279632424963683,0.36567630517525407,0.5350158865745485,0.3886197977897954,0.3075065953327685,0.30654531725930156,,0.26237710026019756,,37.24299999999998,0.4709465199284142,58.976,63.62100000000001,60.29899999999999,0.8357758328244793,,87.719,1.395113361215056,75.043
SA_160,2000-12-29,1322.991,1061.066,659.223,14.6,644.623,15.624,538.468,397.883,,440.566,0.0,140.585,1447.251,105.192,142.203,2.016,72.169,14.807,44.995,-18.792,26.203,0.032883873551668996,0.05317456299944512,0.020766105306188054,-0.39267886855241263,0.03675141370148549,-0.47089302042060344,0.047692798605327935,0.11622850698409048,,0.030739752051227365,,-16.917999999999978,0.10119832512967464,-9.525000000000006,-2.8830000000000098,-36.662,0.3336228402476207,0.08182947322276624,-2.058,-0.1364764267990074,0.911999999999999
SA_99,1997-09-30,,,,,,,,,,,,,0.171,,,-9.553,,,,,,,,,,,,,,,,,,,,,,,,,,
SA_99,1998-09-30,,,,,,,,,,,,,1.091,,,-33.3555,,,,,,,,,,,,,,,,,,5.380116959064327,,,-23.8025,,,,,
SA_99,1999-12-31,261.783,348.583,302.205,0.555,301.65,28.608,69.415,46.933,,11.551,1.628,22.482,1.582,-29.642,-24.678,-106.617,36.465,2.115,-75.035,-31.141,-106.176,,,,,,,,,,,,,,,,,,,,,
SA_99,2000-12-31,275.816,358.912,335.372,0.0,335.372,15.301,148.302,23.54,,1.95,0.0,124.762,8.189,-84.573,-65.726,-305.913,40.559,11.772,-124.798,-86.226,-211.024,0.053605467123533534,0.029631393384071947,0.10975000413626512,-1.0,0.11179181170230423,-0.4651496085011185,1.1364546567744722,-0.49843393774103506,,-0.8311834473205784,-1.0,102.28,4.176359039190897,-54.931,-41.048,-199.296,0.11227204168380611,4.56595744680851,-49.763000000000005,1.7688898879290966,-104.848
SA_77,1996-12-31,29.621,11.46,8.187,5.368,2.819,0.154,22.376,8.641,,4.023,15.723,13.735,24.921,4.753,5.195,2.646,0.663,,-2.623,-1.372,-3.995,,,,,,,,,,,,,,,,,,,,,
SA_77,1997-12-31,134.361,84.45,73.089,7.839,65.25,0.463,53.333,19.02,,10.189,35.965,34.313,79.439,17.611,19.167,8.543,4.39,,-22.356,-2.419,-24.775,3.536004861415887,6.369109947643979,7.927445950897765,0.4603204172876303,22.146505853139413,2.0064935064935066,1.3834912406149442,1.201134127994445,,1.532687049465573,1.2874133435095083,20.578000000000003,2.187632920027286,12.858,13.972000000000001,5.896999999999999,5.621417797888386,,-19.733,0.7631195335276968,-20.779999999999998
SA_77,1998-12-31,434.05,284.291,239.905,2.318,237.587,1.107,272.53,42.147,,31.367,149.957,230.383,180.049,41.03,44.088,19.578,10.26,,-88.995,-10.73,-99.725,2.230476105417495,2.366382474837182,2.2823680718028707,-0.7042990177318535,2.6411800766283524,1.3909287257019436,4.109969437308983,1.2159305993690852,,2.078516046717048,3.169525927985541,196.07,1.2665063759614297,23.419,24.921,11.035,1.3371298405466971,,-66.63900000000001,3.4357172385283175,-74.94999999999999
SA_77,1999-12-31,541.445,370.233,326.09,168.12,157.97,0.272,268.917,203.967,,60.675,194.491,64.95,330.944,56.393,61.791,20.535,22.009,27.1142,-48.593,-11.065,-59.658,0.24742541181891498,0.30230292200597275,0.35924636835414003,71.52804141501294,-0.33510671880195464,-0.7542908762420957,-0.013257256081899205,3.839419175742046,,0.9343577645296011,0.2969784671605862,-165.433,0.8380774122599959,15.363,17.702999999999996,0.9570000000000007,1.1451267056530217,,40.402,0.031220876048462243,40.06699999999999
SA_77,2000-12-31,573.475,432.007,202.414,167.477,34.937,0.0,343.206,244.876,,80.315,195.64,98.33,353.983,32.4,39.259,-31.33,27.071,5.662,25.063,-6.944,18.119,0.05915651635900221,0.1668516852900741,-0.3792695268177497,-0.0038246490601950844,-0.7788377540039249,-1.0,0.2762525240129856,0.20056675834816406,,0.3236918005768439,0.005907728378176769,33.379999999999995,0.06961600754206154,-23.993000000000002,-22.531999999999996,-51.864999999999995,0.22999681948293893,-0.7911795295454043,73.656,-0.3724356077722548,77.777
SA_240,1996-12-31,2558.3301,1850.238,508.025,37.731,470.294,109.041,831.497,552.808,,281.889,440.567,278.689,2954.033,54.738,199.151,53.924,43.352,144.413,158.905,-128.621,30.284,,,,,,,,,,,,,,,,,,,,,
SA_240,1997-12-31,2453.459,1616.481,342.509,31.533,310.976,312.642,1004.747,637.367,,284.306,374.202,367.38,3139.6589,189.417,323.963,213.503,33.805,134.546,332.206,-151.773,180.433,-0.04099201271954711,-0.12633888180871866,-0.32580286403228187,-0.16426810845193607,-0.33876256129144744,1.867196742509698,0.2083591402013476,0.15296269229099435,,0.00857429697505041,-0.15063543116030031,88.69099999999997,0.06283812672370281,134.679,124.81200000000001,159.57899999999998,-0.2202205203912161,-0.06832487379945029,173.30100000000002,0.18000171045163693,150.149
SA_240,1998-12-31,2483.9751,1633.674,322.97,37.203,285.767,137.895,879.875,546.783,,245.84,472.834,333.092,2848.0439,68.422,197.623,83.758,26.672,129.201,31.74,-171.071,-139.331,0.012437990608361593,0.010636066863761506,-0.05704667614573633,0.17981162591570743,-0.08106413356657749,-0.5589364192910741,-0.12428203318845432,-0.14212219961184047,,-0.13529788326662107,0.26357956397881366,-34.28800000000001,-0.09288110883637701,-120.995,-126.34000000000003,-129.745,-0.21100428930631565,-0.039726190299228525,-300.466,0.12715041542303318,-319.764
SA_240,1999-12-31,2749.1001,1896.1,586.8,31.2,555.6,58.4,958.6,598.1,,322.8,519.7,360.5,2953.3999,-5.5,134.6,-28.6,39.6,140.1,8.2,-318.3,-310.1,0.10673416170717642,0.16063547562120717,0.816887017370034,-0.16135795500362882,0.9442412874824595,-0.576489357844737,0.08947293649666155,0.0938525886869197,,0.31304913765050446,0.09911723776208992,27.408000000000015,0.03699240731506981,-73.922,-63.022999999999996,-112.358,0.4847030593881223,0.0843569322218869,-23.54,0.860630966090103,-170.76900000000003
SA_240,2000-12-31,2565.2,1847.4999,637.7,114.4,523.3,3.3,767.8,589.1,,190.6,522.8,178.7,2978.8999,-117.2,35.8,-129.8,41.3,153.0,111.0,-217.3,-106.3,-0.0668946539996853,-0.02563161225673749,0.08674164962508546,2.666666666666667,-0.05813534917206631,-0.9434931506849316,-0.19904026705612354,-0.01504765089449922,,-0.40954151177199505,0.005964979796035941,-181.8,0.008634116903708078,-111.7,-98.8,-101.20000000000002,0.04292929292929282,0.09207708779443258,102.8,-0.3173107131636821,203.8
SA_3,1998-12-31,337.611,279.341,200.591,14.801,185.79,2.849,78.102,48.748,,37.703,25.48,29.354,228.739,24.42,35.518,4.494,14.351,11.098,3.183,-27.33,-24.147,,,,,,,,,,,,,,,,,,,,,
SA_3,1999-12-31,414.928,272.403,169.61,9.298,160.312,4.478,92.615,56.591,,52.294,28.041,36.024,308.592,39.618,52.469,13.933,16.042,12.9,26.973,-63.097,-36.124,0.22901208787628358,-0.024837027146032975,-0.1544486043740746,-0.3717992027565705,-0.1371333225684912,0.5717795717795715,0.18582110573352772,0.16088865184212686,,0.3869983820916105,0.10051020408163258,6.670000000000002,0.3491009403730889,15.198,16.951,9.439,0.11783150999930325,0.16237159848621374,23.79,1.3087083790706187,-11.977000000000004
SA_3,2000-12-31,427.206,303.23,213.515,22.842,190.673,5.021,100.913,64.85,,34.86,29.795,36.063,291.689,3.674,20.49,-17.159,19.964,16.8,2.81,-40.889,-38.079,0.029590675972698932,0.11316688876407377,0.25885855786805,1.4566573456657346,0.18938694545635992,0.1212594908441269,0.08959671759434218,0.1459419342298245,,-0.3333843270738517,0.06255126422024904,0.03900000000000148,-0.05477458910146715,-35.944,-31.979000000000003,-31.092,0.24448323151726692,0.30232558139534893,-24.163,-0.35196602057150095,-1.9549999999999983
SA_118,1997-12-31,167.378,17.837,0.0,0.0,0.0,138.846,140.957,7.436,,0.837,0.0,133.521,2.524,-27.327,-26.57,-26.26,0.741,,-7.662,-9.674,-17.336,,,,,,,,,,,,,,,,,,,,,
SA_118,1998-12-31,974.417,816.903,672.73,0.055,672.675,569.319,665.823,110.773,,30.91,0.0,555.05,36.436,2.607,4.139,0.986,6.861,,17.985,-117.154,-99.169,4.82165517571007,44.79822840163705,,,,3.1003629920919575,3.7235894634533935,13.896853146853147,,35.929510155316606,,421.529,13.43581616481775,29.934,30.709,27.246000000000002,8.259109311740891,,25.647,11.11019226793467,-81.833
SA_118,1999-12-31,3959.9851,2125.309,1706.095,6.781,1699.314,1262.391,1377.465,249.52,,72.166,0.0,1127.945,75.247,-73.076,-27.111,-114.938,72.362,,59.665,-409.554,-349.889,3.063953215101953,1.6016662933053252,1.5360768807694023,122.29090909090908,1.5262035901438291,1.2173702265338067,1.06881558612424,1.2525344623689891,,1.3347136848916206,,572.895,1.065182786255352,-75.68299999999999,-31.25,-115.924,9.546859058446291,,41.68,2.4958601498881814,-250.72000000000003
SA_118,2000-12-31,6252.3311,4007.1061,2650.698,8.981,2641.717,1148.8879,1505.387,906.452,,111.157,0.0,598.9349,188.152,-328.625,-150.084,-407.241,185.404,,53.941,-1749.778,-1695.837,0.578877430624676,0.8854228255750103,0.5536637760499854,0.32443592390502873,0.5545784946160628,-0.08991120817559706,0.09286769536794037,2.632782943251042,,0.5402959842585151,,-529.0101,1.50045849003947,-255.549,-122.973,-292.303,1.562173516486554,,-5.723999999999997,3.272398755719637,-1345.9479999999999
SA_308,1998-12-31,301.353,184.743,138.589,31.957,106.632,0.744,156.857,78.111,,34.61,116.39,78.746,193.296,18.158,21.398,6.173,5.255,,-5.917,-3.8069,-9.7239,,,,,,,,,,,,,,,,,,,,,
SA_308,1999-12-31,327.119,209.44,171.423,71.361,100.062,0.219,177.527,109.378,,40.288,127.397,68.149,272.898,21.978,28.05,0.776,16.535,,-22.406,-6.038,-28.444,0.08550105690004761,0.13368300828718827,0.23691634978245024,1.2330318865976158,-0.06161377447670502,-0.7056451612903225,0.1317760762987943,0.4002893318482672,,0.1640566310314937,0.09456998023885221,-10.596999999999994,0.4118140054631241,3.8200000000000003,6.652000000000001,-5.397,2.1465271170313986,,-16.488999999999997,0.5860674039244529,-18.7201
SA_308,2000-12-31,325.78,208.654,167.246,67.501,99.745,0.158,177.03,108.909,,41.433,124.53,68.121,283.671,19.345,25.969,-0.885,18.959,,10.133,-5.873,4.26,-0.004093311608313943,-0.0037528647822765437,-0.02436662524865385,-0.05409117024705368,-0.0031680358177929024,-0.27853881278538817,-0.002799574149284223,-0.004287882389511499,,0.028420373312152636,-0.022504454578993305,-0.028000000000005798,0.03947628784380974,-2.6330000000000027,-2.0809999999999995,-1.661,0.14659812518899296,,32.539,-0.02732692944683668,32.704
SA_308,2001-12-31,255.374,190.513,159.461,60.341,99.12,0.049,112.495,91.393,,30.767,77.871,21.102,259.351,-23.333,-16.334,-52.476,17.959,,10.269,,,-0.21611516974645462,-0.08694297736923329,-0.04654819846214553,-0.10607250262959067,-0.0062659782445235734,-0.689873417721519,-0.36454273287013494,-0.16083151989275457,,-0.2574276542852316,-0.3746807998072754,-47.01899999999999,-0.08573312041061654,-42.678,-42.303,-51.591,-0.05274539796402766,,0.136000000000001,,
SA_131,1997-06-30,1210.989,724.323,526.056,0.0,526.056,0.959,366.864,137.982,,129.476,208.595,228.882,978.948,49.525,95.368,14.417,20.195,45.843,28.607,-196.98,-168.373,,,,,,,,,,,,,,,,,,,,,
SA_131,1998-06-30,1158.015,683.933,526.439,10.0,516.439,0.902,350.29,112.617,,93.023,142.246,237.673,836.875,65.36,103.314,1.629,17.261,37.954,48.629,-66.615,-17.986,-0.0437444105602941,-0.055762415386505726,0.0007280593701048943,,-0.018281323661359372,-0.05943691345151192,-0.04517750447032132,-0.18382832543375216,,-0.2815425252556458,-0.31807569692466253,8.790999999999997,-0.1451282397022109,15.835,7.945999999999998,-12.788,-0.14528348601138896,-0.17208734157886707,20.022,-0.6618184587267744,150.387
SA_131,1999-06-30,970.737,732.028,521.517,10.125,511.392,0.935,320.522,210.055,,104.462,161.801,110.467,980.274,-17.918,43.074,-224.236,35.265,60.992,128.358,-140.677,-12.319,-0.1617232937397185,0.0703212156746349,-0.009349611256004753,0.012499999999999956,-0.009772693386827846,0.03658536585365857,-0.08498101572982397,0.8652157311951125,,0.1229695881663675,0.13747310996442774,-127.206,0.17135056011949223,-83.27799999999999,-60.239999999999995,-225.86499999999998,1.0430450147731882,0.6069979448806448,79.72900000000001,1.1117916385198527,5.667
SA_131,2000-06-30,859.375,671.36,551.965,0.0,551.965,0.935,252.165,109.506,,76.113,136.257,142.659,770.84,44.584,86.878,-54.82,37.807,42.294,-45.319,-22.058,-67.377,-0.11471902276311707,-0.08287661127716428,0.05838352345177622,-1.0,0.07933835492146923,0.0,-0.2132677320121552,-0.4786793934921806,,-0.2713809806436791,-0.15787294268885843,32.19199999999999,-0.213648428908652,62.502,43.804,169.416,0.07208280164469016,-0.3065647953830011,-173.67700000000002,-0.84320109186292,-55.05799999999999
SA_131,2001-06-30,701.345,707.849,547.5,293.5,254.0,0.935,205.869,400.941,,58.261,71.708,-195.072,599.875,26.077,60.332,-196.986,33.761,34.255,9.581,-10.538,-0.957,-0.18388945454545447,0.054350869876072405,-0.008089281023253347,,-0.5398258947578198,0.0,-0.18359407530783411,2.6613610213139003,,-0.2345460039677847,-0.4737297900291362,-337.731,-0.22179051424420115,-18.507,-26.546,-142.166,-0.10701721903351225,-0.1900742422092967,54.900000000000006,-0.5222594976879137,66.42
SA_36,1998-12-31,3.673,2.2522,0.0,0.0,0.0,0.0,3.673,2.2522,,3.673,0.0,1.4208,7.024,-17.3412,-17.3412,-17.3412,0.0,,-18.6506,0.0,-18.6506,,,,,,,,,,,,,,,,,,,,,
SA_36,1999-12-31,113.115,11.875,0.0,0.0,0.0,0.0,105.182,11.875,,2.88,0.0,93.307,7.838,-25.027,-25.027,-25.027,0.0,,-16.611,0.0,-16.611,29.796351756057717,4.272622324837935,,,,,27.63653689082494,4.272622324837935,,-0.21589980942009257,,91.8862,0.11588838268792712,-7.6858,-7.6858,-7.6858,,,2.0396,,2.0396
SA_36,2000-12-31,712.342,105.74,0.0,0.0,0.0,179.885,537.646,105.74,,47.885,44.663,431.906,84.082,-183.186,-179.371,-169.834,0.0,,-173.929,-12.6,-186.529,5.297502541661141,7.904421052631578,,,,,4.111578026658553,7.904421052631578,,15.62673611111111,,338.599,9.72748150038275,-158.159,-154.344,-144.80700000000002,,,-157.318,,-169.918
SA_36,2001-12-31,,,,,,,,,,,,,369.928,,,-327.342,,,,,,,,,,,,,,,,,,3.3996099046169217,,,-157.50799999999998,,,,,
SA_223,1997-12-31,897.796,654.349,15.1,0.0,15.1,107.721,493.613,385.5,,310.601,8.741,108.113,2299.075,45.259,99.938,20.359,3.213,52.872,77.37,-22.674,54.696,,,,,,,,,,,,,,,,,,,,,
SA_223,1998-12-31,890.39,623.672,15.1,0.0,15.1,123.081,479.441,359.504,,292.463,7.561,119.937,2238.4231,52.064,102.982,26.346,4.012,49.08,56.268,-31.271,24.997,-0.008249089993717984,-0.0468817099132115,0.0,,0.0,0.1425905812237167,-0.028710751134998547,-0.06743450064850842,,-0.0583964636301878,-0.13499599588147804,11.823999999999998,-0.026381001054771924,6.805,3.043999999999997,5.986999999999998,0.2486772486772486,-0.07172038129822966,-21.102000000000004,0.37915674340654504,-29.698999999999998
SA_223,1999-12-31,916.272,657.71,15.1,0.0,15.1,49.05,471.012,396.455,,343.198,9.268,74.557,2379.0,7.875,66.238,2.713,4.16,52.556,21.513,-67.273,-45.76,0.02906816114287003,0.05457676470965511,0.0,,0.0,-0.6014819509103762,-0.01758089107940286,0.10278327918465435,,0.1734749352909597,0.22576378785874884,-45.379999999999995,0.06280175539646637,-44.189,-36.744,-23.633,0.03688933200398825,0.07082314588427052,-34.754999999999995,1.1512903328962936,-70.757
SA_223,2000-12-31,926.682,674.498,15.1,0.0,15.1,46.523,509.735,395.458,,327.919,8.419,114.277,2352.3679,-1.927,57.225,-7.565,4.883,51.961,21.133,-42.348,-21.215,0.011361255173136353,0.025524927399613873,0.0,,0.0,-0.05151885830784897,0.08221234278532186,-0.0025147873024680134,,-0.044519490206819334,-0.0916055243849806,39.72,-0.011194661622530355,-9.802,-9.012999999999998,-10.278,0.17379807692307692,-0.011321257325519474,-0.38000000000000256,-0.3705052547084269,24.544999999999998
SA_223,2001-12-31,880.58,732.341,99.0,83.9,15.1,28.067,429.302,446.161,,292.851,6.67,-16.859,2237.7029,-91.087,-25.135,-104.253,8.361,54.619,-41.053,-74.068,-115.121,-0.04974953651846048,0.08575711121456253,5.556291390728477,,0.0,-0.396707005137244,-0.1577937555788792,0.12821336273384265,,-0.10694104336741694,-0.20774438769450054,-131.136,-0.04874450123214147,-89.16,-82.36,-96.688,0.7122670489453207,0.051153749927830505,-62.18599999999999,0.7490318314914517,-93.90599999999999
SA_45,1997-12-31,,,,,,,,,,,,,183.483,,,-172.04,,,,,,,,,,,,,,,,,,,,,,,,,,
SA_45,1998-12-31,1703.4611,351.242,147.354,20.499,126.855,13.883,235.263,174.593,,150.63,0.0,60.67,446.002,-464.1527,-359.7087,-468.5597,17.72,,-512.928,-505.303,-1018.231,,,,,,,,,,,,,1.4307538028046194,,,-296.51970000000006,,,,,
SA_45,1999-12-31,2373.1589,669.815,265.141,152.424,112.717,6.044,277.782,536.262,,217.649,0.0,-258.48,706.466,-645.182,-457.554,-647.046,9.952,135.4,-403.842,-666.398,-1070.24,0.39313947351072476,0.9069900524424757,0.7993471503997176,6.435679789258013,-0.11145008080091445,-0.5646474105020529,0.1807296514964103,2.071497711821207,,0.4449246498041559,,-319.15000000000003,0.5839973811776629,-181.02930000000003,-97.84529999999995,-178.48630000000003,-0.4383747178329571,,109.08600000000001,0.31880871477113737,-52.009000000000015
SA_45,2000-12-31,4899.3252,1133.44,88.12,35.514,52.606,868.926,1289.986,1066.585,,369.46,0.0,223.401,1136.678,-975.052,-686.918,-947.474,8.802,224.3,-616.886,-1309.882,-1926.7679,1.064474148781188,0.6921687331576629,-0.6676485341761553,-0.7670051960321209,-0.5332913402592333,142.7667107875579,3.643879013039003,0.9889251895528681,,0.6975037790203491,,481.88100000000003,0.6089634886887694,-329.87,-229.36400000000003,-300.428,-0.11555466237942125,0.6565731166912852,-213.04399999999998,0.9656151429025899,-856.5279
SA_45,2001-12-31,2994.4709,3099.3901,2506.5881,157.405,2349.1831,956.718,1326.572,689.375,,291.476,0.0,637.197,1220.5601,-1151.522,-676.065,-3960.353,68.309,406.3,-823.826,-1253.684,-2077.5099,-0.3887993187306693,1.7344986060135517,27.445166817975487,3.432195753787238,43.65618180435692,0.10103507088060426,0.028361548109824275,-0.3536614522049345,,-0.21107562388350565,,413.796,0.07379583312072535,-176.4699999999999,10.852999999999952,-3012.879,6.76062258577596,0.8114132857779759,-206.94000000000005,-0.04290310119537488,-150.74199999999996
SA_58,1997-12-31,221.456,31.977,25.0,0.0,25.0,18.067,22.094,6.977,,3.865,0.0,15.117,0.78,-6.893,-6.745,-5.788,0.0,0.148,-6.881,-16.36,-23.241,,,,,,,,,,,,,,,,,,,,,
SA_58,1998-12-31,249.372,122.357,110.0,0.0,110.0,38.147,66.425,12.357,,6.562,1.316,54.068,0.016,-11.361,-10.682,-95.994,0.0,0.674,-7.307,-51.236,-58.543,0.12605664330611965,2.8264064796572534,3.4000000000000004,,3.4000000000000004,1.111418608512758,2.006472345433149,0.7711050594811522,,0.6978007761966365,,38.95099999999999,-0.9794871794871794,-4.468000000000001,-3.9370000000000003,-90.206,,3.5540540540540544,-0.42600000000000016,2.1317848410757945,-35.302
SA_58,1999-12-31,230.554,119.714,110.0,0.0,110.0,22.447,46.875,9.714,,9.821,0.764,37.161,2.261,-9.738,-7.913,-6.727,0.0,,-6.358,-30.209,-36.567,-0.07546155943730659,-0.02160072574515559,0.0,,0.0,-0.41156578498964536,-0.2943168987579977,-0.21388686574411253,,0.4966473636086557,-0.4194528875379939,-16.906999999999996,140.3125,1.623000000000001,2.769,89.267,,,0.9490000000000007,-0.41039503474119754,21.976
SA_58,2000-12-31,254.076,143.407,110.0,0.0,110.0,12.128,28.126,8.704,,7.297,0.563,19.422,4.632,-6.965,-5.236,-5.907,0.558,1.729,-1.857,-21.096,-22.953,0.10202382088361084,0.19791336017508399,0.0,,0.0,-0.45970508308459923,-0.3999786666666666,-0.1039736462837142,,-0.257000305467875,-0.2630890052356022,-17.739,1.0486510393631132,2.7729999999999997,2.6770000000000005,0.8200000000000003,,,4.5009999999999994,-0.30166506670197624,13.614
SA_58,2001-12-31,306.894,198.691,153.102,0.0,153.102,18.638,44.082,16.194,,5.603,1.052,27.888,16.581,-0.838,3.848,-4.672,3.316,4.686,11.591,-39.263,-27.672,0.20788268077268235,0.38550419435592387,0.39183636363636376,,0.39183636363636376,0.536774406332454,0.5673042736258267,0.8605238970588234,,-0.23215019871179943,0.8685612788632329,8.466000000000001,2.5796632124352334,6.127,9.084,1.2350000000000003,4.942652329749103,1.7102371312897628,13.447999999999999,0.8611585134622677,-4.719000000000001
SA_271,1998-01-03,1949.554,1381.461,816.65,102.9,713.75,47.582,1244.823,634.729,,563.376,508.756,610.094,3056.834,18.692,106.754,-33.021,68.098,88.062,-61.535,-55.047,-116.582,,,,,,,,,,,,,,,,,,,,,
SA_271,1999-01-02,1857.26,1219.993,608.75,85.714,523.036,91.2,1255.494,663.251,,544.146,490.915,592.243,2935.4109,85.843,174.39,3.27,67.733,,168.704,-28.6099,140.0941,-0.04734108416591698,-0.11688205457845002,-0.25457662401273495,-0.16701652089407193,-0.2672000000000001,0.9166911857425077,0.00857230305031309,0.044935712721491994,,-0.03413350941467164,-0.03506789109121067,-17.851,-0.039721849469091186,67.15100000000001,67.63599999999998,36.291000000000004,-0.005359922464683198,,230.239,-0.480264137918506,256.6761
SA_271,2000-01-01,2242.04,1516.9,781.036,214.464,566.572,46.023,1664.144,858.919,,971.566,499.413,805.225,3414.7029,203.838,298.521,85.33,66.711,,-149.193,-38.484,-187.677,0.2071761627343507,0.24336778981518759,0.2830160164271047,1.5020883402944678,0.08323710031431886,-0.49536184210526313,0.32548940894978395,0.2950135016758362,,0.7854877183697024,0.017310532373221443,212.98199999999997,0.16327935554099104,117.99499999999999,124.13100000000003,82.06,-0.015088656932366828,,-317.89700000000005,0.3451287840922199,-327.7711
SA_271,2000-12-30,2325.5139,1498.032,794.571,107.714,686.857,35.116,1742.04,722.628,,736.908,562.863,1019.412,3529.3069,172.39,248.311,120.818,60.587,,97.502,-64.0,33.502,0.03723122691834213,-0.012438525941064094,0.017329546909489624,-0.49775253655625185,0.21230311416730796,-0.236990200551898,0.046808449268813224,-0.1586773607290093,,-0.24152553712254243,0.12704915570880226,214.187,0.033561924230655515,-31.448000000000008,-50.21000000000001,35.488,-0.09179895369579227,,246.695,0.6630287911859474,221.179
SA_271,2001-12-29,1889.5811,1674.978,1001.857,1001.857,0.0,29.528,1238.869,1674.978,,638.206,476.903,-436.109,2973.219,-225.601,-143.633,-587.474,59.068,,-97.374,-64.025,-161.399,-0.18745654455129246,0.118118972091384,0.2608778825303213,8.301084353008894,-1.0,-0.15912974142840874,-0.28884009552019474,1.3178980056128462,,-0.13394073615702362,-0.15271922297255291,-1455.521,-0.15756291979028514,-397.991,-391.944,-708.292,-0.025071384950567044,,-194.87599999999998,0.0003906250000000888,-194.901
SA_22,1997-12-31,492.854,222.014,135.017,26.717,108.3,90.484,301.437,91.444,,60.713,71.882,209.993,436.359,14.465,32.956,8.878,6.477,,-21.058,-28.085,-49.143,,,,,,,,,,,,,,,,,,,,,
SA_22,1998-12-31,325.801,162.271,117.9,14.4,103.5,31.022,197.178,44.934,,23.864,11.383,152.244,224.639,-122.564,-95.373,-113.204,6.235,,-9.305,-5.916,-15.221,-0.33895027736408756,-0.26909564261713237,-0.1267766281283097,-0.4610173297900213,-0.04432132963988922,-0.6571548561071571,-0.34587326705082655,-0.5086172958313285,,-0.6069375586777132,-0.841643248657522,-57.748999999999995,-0.48519682188289914,-137.029,-128.329,-122.082,-0.037362976686737714,,11.753,-0.789353747552074,33.922
SA_22,1999-12-31,722.647,340.014,154.761,51.261,103.5,45.825,324.653,224.504,,78.312,97.161,100.149,352.583,-100.162,-68.476,-30.78,7.205,,-67.519,-6.614,-74.133,1.2180625596606518,1.0953466731578656,0.31264631043256985,2.559791666666667,0.0,0.47717748694474915,0.6464970737100488,3.996305692793875,,2.281595709017767,7.535623297900379,-52.095,0.5695538174582331,22.401999999999987,26.897000000000006,82.42399999999999,0.15557337610264632,,-58.214000000000006,0.11798512508451653,-58.91199999999999
SA_22,2000-12-31,1099.3051,427.652,175.972,72.672,103.3,36.582,456.683,295.172,,85.95,86.727,161.511,536.704,-266.637,-201.853,312.828,9.181,19.42,-221.231,-8.912,-230.143,0.5212200424273539,0.2577482103678084,0.13705649356103944,0.4176859600866154,-0.0019323671497585293,-0.20170212765957451,0.40668036334178326,0.3147739015785911,,0.09753294514250688,-0.10738876709790968,61.361999999999995,0.5222061188429388,-166.475,-133.377,343.60799999999995,0.27425399028452446,,-153.712,0.3474448140308437,-156.01
SA_22,2001-12-31,413.507,319.947,119.126,15.826,103.3,15.251,157.548,193.883,,30.986,20.571,-36.335,213.823,-227.057,-187.71,-756.249,10.895,5.661,-141.967,-1.365,-143.332,-0.6238469192947436,-0.25185197309962304,-0.323040029095538,-0.7822269925143108,0.0,-0.5831009786233667,-0.6550167183801455,-0.34315246703616875,,-0.6394880744618965,-0.7628074302120447,-197.846,-0.601599764488433,39.58000000000001,14.143,-1069.077,0.1866899030606688,-0.7084963954685891,79.26399999999998,-0.8468357271095153,86.811
SA_166,1998-12-26,3490.832,2920.901,1566.6681,63.306,1503.3621,5.967,1587.916,1281.084,,450.905,984.287,306.832,15069.335,198.782,384.15,-510.595,161.581,,141.079,-200.211,-59.132,,,,,,,,,,,,,,,,,,,,,
SA_166,1999-12-26,3573.218,3012.516,1694.425,92.28,1602.145,6.683,1728.75,1283.719,,496.159,997.805,445.031,14272.04,175.536,337.915,-44.728,165.18,,117.617,-166.339,-48.722,0.023600677431626638,0.03136532186472607,0.08154688284008582,0.4576817363283101,0.06570798878061379,0.11999329646388479,0.08869108945309456,0.0020568518535863944,,0.10036260409620668,0.013733799186619322,138.199,-0.052908439556224485,-23.24600000000001,-46.23499999999996,465.867,0.022273658412808484,,-23.462000000000003,-0.16918151350325417,10.409999999999997
SA_166,2000-12-30,3402.811,2975.619,1669.476,59.837,1609.639,30.38,1623.073,1232.3879,,509.045,831.265,390.6851,14443.8203,161.897,336.004,-122.142,174.569,,126.645,-150.837,-24.192,-0.04769006536964715,-0.012247901753882795,-0.014724168965873252,-0.35157130472475073,0.00467747925437445,3.545862636540476,-0.061129139551699185,-0.03998624309525689,,0.025971513164126936,-0.16690635945901255,-54.34590000000003,0.0120361419951176,-13.63900000000001,-1.9110000000000014,-77.41399999999999,0.05684102191548601,,9.027999999999992,-0.09319522180607076,24.53
SA_166,2001-12-29,3654.6931,3156.474,1811.04,51.275,1759.765,17.325,1740.071,1265.127,,588.269,1014.695,474.9441,15627.7402,229.313,395.719,23.308,165.534,,-32.145,-238.413,-270.558,0.07402177199967896,0.06077895053096505,0.08479546875786159,-0.14308872436786613,0.09326687536770684,-0.42972350230414746,0.07208425006145736,0.02656558052866309,,0.15563260615466223,0.22066368727180863,84.25900000000001,0.08196722718850236,67.416,59.714999999999975,145.45,-0.05175603915930094,,-158.79,0.580600250601643,-246.36599999999999
SA_166,2002-12-28,3997.9319,3483.93,1886.771,18.887,1867.884,53.457,2295.012,1493.163,,667.681,946.331,801.849,15502.9199,216.976,365.756,-83.793,147.893,,63.324,-170.65,-107.326,0.0939172703721689,0.10374107310879155,0.041816304443855534,-0.6316528522671867,0.06143945356340197,2.0855411255411256,0.3189185958503993,0.1802475166524784,,0.13499266492030015,-0.06737393995239949,326.90490000000005,-0.007987098480175647,-12.336999999999989,-29.963000000000022,-107.101,-0.10657025142870946,,95.469,-0.28422527295072,163.232
SA_235,1998-03-31,288.13,86.011,0.233,0.15,0.083,64.904,200.597,82.806,,69.988,48.882,117.791,472.948,68.286,86.187,41.776,1.221,12.066,45.345,-15.879,29.466,,,,,,,,,,,,,,,,,,,,,
SA_235,1999-03-31,348.104,664.544,527.342,23.191,504.151,70.362,210.779,155.281,,70.996,47.271,55.498,329.532,62.247,80.216,6.445,46.178,11.741,67.67,-11.323,56.347,0.20814909936487003,6.726267570427039,2262.270386266094,153.60666666666665,6073.108433734939,0.08409343029705418,0.05075848591953025,0.8752385092867667,,0.01440246899468467,-0.03295691665643785,-62.293,-0.3032384109881002,-6.0390000000000015,-5.971000000000004,-35.331,36.81981981981981,-0.026935189789491165,22.325000000000003,-0.28691983122362863,26.881
SA_235,2000-03-31,414.838,711.513,579.934,7.646,572.288,33.839,180.207,127.945,,78.236,30.252,52.262,453.239,69.689,95.098,6.012,51.916,13.082,57.41,-21.859,35.551,0.19170707604623916,0.07067854047286559,0.09973034577181417,-0.67030313483679,0.13515196835868615,-0.5190727949745602,-0.14504291224457844,-0.176042142953742,,0.1019775762014763,-0.36003046265151994,-3.235999999999997,0.37540208538169284,7.441999999999993,14.882000000000005,-0.4330000000000007,0.12425830482047728,0.11421514351418116,-10.260000000000005,0.9304954517354058,-20.796
SA_235,2001-03-31,1382.979,1463.9561,1089.5501,33.167,1056.3831,63.054,531.477,346.82,,233.371,157.481,184.657,1366.257,-15.469,176.161,-171.817,102.158,28.427,19.37,-45.905,-26.535,2.333780897603402,1.0575254422617717,0.878748443788431,3.3378236986659697,0.845894200123015,0.8633529359614647,1.9492583528941716,1.7106960021884405,,1.9829106805051384,4.205639296575433,132.395,2.014429473191848,-85.15799999999999,81.063,-177.829,0.9677556052084137,1.1729857819905214,-38.03999999999999,1.1000503225216156,-62.086
SA_235,2002-03-31,1014.556,1451.331,1087.522,31.46,1056.062,42.739,412.765,309.139,,126.381,112.601,103.626,1067.637,-63.886,34.144,-374.893,96.623,36.391,2.121,-38.403,-36.282,-0.26639811595114604,-0.008623960786802387,-0.0018614105032893624,-0.05146681942895048,-0.000303961697229127,-0.32218415960922386,-0.22336244089584312,-0.10864713684331928,,-0.4584545637632782,-0.2849867603075926,-81.031,-0.21856795610196333,-48.417,-142.017,-203.07599999999996,-0.054180778793633366,0.28015618953811505,-17.249000000000002,-0.16342446356606044,-9.746999999999996
SA_178,1998-03-31,257.845,120.114,19.926,3.01,16.916,2.087,227.184,103.198,,127.563,93.59,123.986,800.112,31.57,36.581,17.516,3.134,5.011,-16.698,-6.304,-23.002,,,,,,,,,,,,,,,,,,,,,
SA_178,1999-03-31,315.879,158.709,43.167,0.146,43.021,1.551,254.452,115.688,,139.864,107.918,138.764,908.63,37.719,43.767,18.783,2.797,6.048,12.985,-10.523,2.462,0.22507320289321098,0.32131974624107107,1.1663655525444145,-0.9514950166112957,1.5432135256561836,-0.25682798275035945,0.12002605817311074,0.12102947731545188,,0.09643078322083998,0.1530932791964954,14.778000000000006,0.13562851200831894,6.149000000000001,7.186,1.267000000000003,-0.10753031269942559,0.20694472161245248,29.683,0.6692576142131978,25.464
SA_178,2000-03-31,372.746,152.544,44.823,42.392,2.431,28.186,304.037,150.113,,167.705,96.371,153.924,1070.2629,12.297,21.539,4.539,4.035,,4.645,-15.175,-10.53,0.18002779545332226,-0.03884467799557678,0.03836263812634644,289.3561643835617,-0.9434927128611609,17.172791747259833,0.19486975932592387,0.2975675956019639,,0.1990576560086943,-0.10699790581738,15.159999999999997,0.17788637839384558,-25.422,-22.228,-14.244000000000002,0.44261708973900604,,-8.34,0.4420792549653141,-12.991999999999999
SA_178,2001-03-31,380.868,221.766,78.043,1.436,76.607,1.971,322.428,145.159,,134.966,83.615,177.269,1012.13,29.171,36.609,11.426,3.857,,8.012,-7.549,0.463,0.021789636910926058,0.4537838263058527,0.7411373625147806,-0.966125684091338,30.51254627725216,-0.9300716667849287,0.06048934833589348,-0.033001805306669074,,-0.1952177931486837,-0.1323634703385873,23.345,-0.05431646747728991,16.874,15.07,6.8870000000000005,-0.04411400247831476,,3.367000000000001,-0.5025370675453047,10.992999999999999
SA_178,2002-03-31,414.39,218.37,118.412,7.069,111.343,4.147,308.704,105.362,,175.921,115.377,203.342,1185.03,34.781,40.344,10.853,7.221,,-7.314,-11.272,-18.586,0.08801474526607644,-0.01531343848921829,0.5172661225221993,3.9227019498607243,0.4534311485895546,1.1040081177067478,-0.042564541541057155,-0.2741614367693357,,0.3034467940073795,0.3798600729534174,26.073000000000008,0.17082785808147172,5.609999999999999,3.7349999999999994,-0.5730000000000004,0.8721804511278195,,-15.326,0.4931779043581932,-19.049
SA_277,1998-06-30,912.332,463.807,304.819,0.114,304.705,3.857,140.721,76.635,,51.532,65.429,64.086,493.712,38.756,75.984,22.974,12.543,37.228,53.018,-96.496,-43.478,,,,,,,,,,,,,,,,,,,,,
SA_277,1999-06-30,898.879,478.66,305.857,0.0,305.857,1.648,158.759,74.395,,43.78,76.924,84.364,467.899,8.455,50.855,-3.608,19.765,42.4,20.653,-39.97,-19.317,-0.014745728528649638,0.03202409622968183,0.003405299538414619,-1.0,0.0037807059286851796,-0.57272491573762,0.12818271615466048,-0.029229464343968226,,-0.1504308002794379,0.17568662214002972,20.278000000000006,-0.052283517516284794,-30.301000000000002,-25.128999999999998,-26.582,0.5757793191421512,0.13892768883635975,-32.365,-0.5857859393135467,24.161
SA_277,2000-06-30,870.689,479.091,330.307,0.0,330.307,2.19,156.26,65.554,,62.08,72.517,90.706,485.199,-14.879,32.234,-23.664,27.053,47.113,-6.346,-20.965,-27.311,-0.031361284444291204,0.0009004303681110493,0.07993931804732268,,0.07993931804732268,0.3288834951456312,-0.015740839889392122,-0.11883863162846953,,0.41799908634079475,-0.05729031251624994,6.341999999999999,0.036973791352407304,-23.334,-18.620999999999995,-20.056,0.36873260814571207,0.11115566037735847,-26.999,-0.47548161120840626,-7.994
SA_277,2001-06-30,779.607,489.85,386.285,0.0,386.285,11.797,162.749,48.964,,51.692,87.112,113.785,540.401,-25.212,21.444,-95.249,28.699,46.656,-48.204,-15.369,-63.573,-0.10460910841873505,0.022457111488214165,0.16947264211778745,,0.16947264211778745,4.38675799086758,0.04152694227569431,-0.25307380175122807,,-0.16733247422680408,0.20126315208847578,23.078999999999994,0.11377187504508446,-10.333,-10.790000000000003,-71.585,0.060843529368277194,-0.009700082779699915,-41.858000000000004,-0.26692105890770335,-36.262
SA_277,2002-06-30,630.285,450.809,324.387,110.172,214.215,1.989,135.268,157.249,,46.384,66.746,-21.981,451.294,-14.745,29.998,-121.196,27.886,44.743,53.7,-12.401,41.299,-0.19153496569425366,-0.07969990813514338,-0.16023920162574268,,-0.44544830889110376,-0.831397813003306,-0.16885510817270766,2.2115227514091984,,-0.10268513503056564,-0.23379098172467627,-135.766,-0.16489051648683106,10.467,8.554000000000002,-25.947000000000003,-0.028328513188612958,-0.04100222908093276,101.904,-0.1931160127529442,104.872
SA_140,1998-09-30,879.8,603.855,410.712,22.464,388.248,62.444,281.247,183.629,,110.337,52.367,97.618,808.622,-259.182,-30.125,-319.747,29.648,,-8.762,-186.223,-194.985,,,,,,,,,,,,,,,,,,,,,
SA_140,1999-09-30,784.49,658.354,519.778,158.11,361.668,80.547,309.619,290.905,,45.981,31.186,18.714,716.46,-144.63,45.87,-155.715,31.91,187.254,76.25,-101.002,-24.752,-0.1083314389634007,0.0902517988589977,0.26555347786283345,6.038372507122508,-0.06846139580886434,0.28990775735058594,0.1008792982680704,0.5841996634518511,,-0.5832676255471873,-0.4044722821624305,-78.904,-0.11397414366663272,114.55200000000002,75.995,164.032,0.07629519697787379,,85.012,-0.45762875692046634,170.233
SA_140,2000-09-30,493.348,434.076,272.561,39.849,232.712,64.462,192.104,196.262,,87.84,34.199,-4.158,555.86,-145.127,18.792,-124.829,33.053,161.003,-67.661,-93.621,-161.282,-0.371122640186618,-0.3406647487521911,-0.4756203610002733,-0.7479666055277971,-0.3565590541601691,-0.199697071275156,-0.379547120816229,-0.32533988759216925,,0.9103542767664905,0.09661386519592119,-22.872,-0.22415766407056925,-0.4970000000000141,-27.077999999999996,30.88600000000001,0.03581949232215598,-0.1401892616446111,-143.911,-0.07307776083641904,-136.53
SA_140,2001-09-30,537.367,204.898,79.383,30.994,48.389,126.646,261.939,151.724,,65.496,35.251,110.215,710.397,35.378,155.645,35.905,6.165,118.459,150.631,-104.052,46.579,0.08922505006607895,-0.5279674527041348,-0.7087514354584845,-0.22221385731135024,-0.792064869882086,0.9646613508733828,0.36352704784908174,-0.2269313468730575,,-0.25437158469945365,0.030761133366472793,114.373,0.27801424819199094,180.505,136.853,160.73399999999998,-0.8134813783922791,-0.26424352341260715,218.292,0.11141731021886137,207.86100000000002
SA_140,2002-09-30,263.155,163.181,74.11,28.076,46.034,18.307,61.412,102.883,,14.057,18.111,-41.471,262.779,-203.474,-108.5,-234.632,4.046,,-106.481,-49.702,-156.183,-0.5102881271086613,-0.20359886382492742,-0.06642480127987094,-0.09414725430728521,-0.048668085721961685,-0.8554474677447373,-0.7655484673912629,-0.32190688355171226,,-0.7853762061805301,-0.4862273410683384,-151.686,-0.6300955662819523,-238.85199999999998,-264.145,-270.53700000000003,-0.3437145174371451,,-257.11199999999997,-0.5223349863529774,-202.762
SA_105,1998-12-31,720.483,583.617,520.167,6.331,513.836,0.344,69.273,48.211,,53.323,15.606,21.062,225.248,49.937,87.213,12.253,26.745,,32.709,-171.81,-139.101,,,,,,,,,,,,,,,,,,,,,
SA_105,1999-12-31,1219.614,972.839,856.71,0.0,856.71,33.53,183.682,75.685,,113.136,37.016,107.997,473.194,95.003,178.962,21.093,60.156,,70.213,-221.249,-151.036,0.6927727649368551,0.6669134038247688,0.6469902935018945,-1.0,0.6672829463097176,96.47093023255815,1.65156698858141,0.5698699466926636,,1.121711081522045,1.371908240420351,86.935,1.1007689302457737,45.066,91.749,8.84,1.2492428491306784,,37.50399999999999,0.2877539142075549,-11.935000000000002
SA_105,2000-12-31,1238.623,999.987,874.048,3.237,870.811,3.162,169.778,54.648,,134.517,32.099,115.13,623.836,95.402,217.936,6.053,,,111.031,-180.648,-69.617,0.015586078874135545,0.027905953605889433,0.020237886799500338,,0.0164594787034118,-0.9056963912913809,-0.07569603989503593,-0.2779546805839994,,0.18898493848111997,-0.13283444996758165,7.132999999999996,0.31835145838704637,0.3990000000000009,38.97400000000002,-15.04,,,40.81800000000001,-0.18350817404824427,81.419
SA_105,2001-12-31,1202.3311,1005.703,877.055,8.04,869.015,4.199,133.128,133.315,,102.144,26.785,-0.187,555.298,21.452,144.219,-30.907,68.306,14.608,100.569,-25.111,75.458,-0.029300198688382184,0.005716074308965924,0.0034403144907373395,1.4837812789620015,-0.0020624452378300573,0.32795698924731176,-0.21587013629563312,1.4395220319133362,,-0.2406610316911616,-0.16555032867067498,-115.317,-0.10986541334581523,-73.95,-73.71700000000001,-36.96,,,-10.462000000000003,-0.8609948629378681,145.075
SA_105,2002-12-31,862.622,853.038,763.766,0.49,763.276,15.184,156.464,88.794,,123.094,18.186,67.67,621.334,4.604,127.258,-193.557,71.742,8.137,47.123,-68.943,-21.82,-0.28254205517930964,-0.15179928865679027,-0.1291697784061433,-0.9390547263681592,-0.12167684102115617,2.6160990712074303,0.17528994651763719,-0.3339534185950568,,0.20510260025062643,-0.3210378943438492,67.857,0.11891993128014144,-16.848000000000003,-16.961,-162.64999999999998,0.05030304804848784,-0.44297645125958374,-53.446000000000005,1.7455298474772012,-97.27799999999999
SA_203,1998-12-31,842.393,610.56,548.558,10.037,538.521,21.542,168.856,71.199,,89.884,48.885,97.657,666.965,79.446,153.973,28.233,52.273,74.527,67.849,-33.584,34.265,,,,,,,,,,,,,,,,,,,,,
SA_203,1999-12-31,848.761,642.543,571.877,0.064,571.813,21.616,180.728,69.384,,98.033,55.774,111.344,782.55,84.239,141.002,34.403,49.394,56.763,81.784,-41.756,40.028,0.007559417041689498,0.05238305817610067,0.0425096343504241,-0.9936235927069842,0.0618211731761622,0.0034351499396527707,0.07030842848344165,-0.025491931066447537,,0.09066129678251977,0.14092257338651937,13.686999999999998,0.17329994827314765,4.793000000000006,-12.971000000000004,6.169999999999998,-0.0550762343848642,-0.23835656876031508,13.935000000000002,0.24333015721772266,5.762999999999998
SA_203,2000-12-31,955.179,803.569,689.131,0.166,688.965,14.537,195.461,113.875,,118.062,58.56,81.586,787.311,68.56,124.509,13.332,59.579,59.949,40.059,-157.016,-116.957,0.1253804074409639,0.25060735234840315,0.20503359988249237,1.59375,0.2048781682123353,-0.32748889711324936,0.08152029569297503,0.6412285253084284,,0.20430875317495123,0.04995159034675667,-29.757999999999996,0.006083956296722315,-15.679000000000002,-16.49300000000001,-21.070999999999998,0.2061991334979958,0.05612811162200737,-41.72500000000001,2.7603218699109107,-156.98499999999999
SA_203,2001-12-31,856.363,759.137,704.47,193.064,511.406,9.219,324.182,247.461,,85.12,33.626,76.721,593.268,12.933,54.672,-53.796,61.541,41.739,3.778,-18.491,-14.713,-0.10345286066800041,-0.05529332266426412,0.02225846754826022,1162.036144578313,-0.257718461750597,-0.3658251358602188,0.6585508106476483,1.1730933040614708,,-0.2790228862800901,-0.4257855191256831,-4.864999999999995,-0.2464629606343618,-55.627,-69.837,-67.128,0.032931066315312396,-0.3037581944652955,-36.281,-0.8822349314719519,102.244
SA_203,2002-12-31,612.965,574.81,539.19,36.009,503.181,12.993,93.939,62.459,,42.373,33.385,31.48,323.416,3.679,34.253,-59.071,51.824,30.574,-14.158,-9.846,-24.004,-0.28422292882807876,-0.24281124487411365,-0.23461609436881625,-0.8134867194298263,-0.016083112047961978,0.4093719492352752,-0.7102275882066247,-0.7476006320187827,,-0.5021968984962406,-0.0071670730981978625,-45.241,-0.45485682693150487,-9.254,-20.418999999999997,-5.274999999999999,-0.1578947368421052,-0.2674956275905028,-17.936,-0.4675247417662647,-9.291000000000002
SA_117,1998-12-31,365.006,534.781,480.419,14.178,466.241,2.109,61.207,45.941,,34.764,12.615,15.266,174.853,23.152,43.263,-52.112,37.416,9.212,16.695,-15.925,0.77,,,,,,,,,,,,,,,,,,,,,
SA_117,1999-12-31,354.335,541.45,480.7,9.549,471.151,0.648,71.345,52.267,,42.774,20.209,19.078,292.493,28.869,65.544,-17.433,46.717,14.413,24.812,-18.225,6.587,-0.029235135860780304,0.012470525317840542,0.0005849060923901472,-0.3264917477782481,0.010531034379215987,-0.6927453769559033,0.16563464963157815,0.13769835223438753,,0.2304107697618225,0.6019817677368211,3.8119999999999994,0.6727937181518189,5.716999999999999,22.281,34.679,0.24858349369253796,0.5645896656534954,8.117,0.14442700156985877,5.817
SA_117,2000-12-31,581.367,444.97,334.732,17.83,316.902,66.874,214.721,106.701,,99.828,30.29,108.02,497.665,92.796,134.332,20.204,41.225,18.73,64.831,-27.214,37.617,0.6407269956397195,-0.17818819835626565,-0.30365716663199493,0.8672112263064193,-0.3273876103414829,102.2006172839506,2.0096152498423154,1.041460194769166,,1.33384766446907,0.4988371517640655,88.942,0.7014595221082216,63.92700000000001,68.788,37.637,-0.11755891859494394,0.29952126552417946,40.019000000000005,0.4932235939643346,31.029999999999998
SA_117,2001-12-31,474.527,352.055,293.613,21.261,272.352,23.629,136.512,78.075,,42.548,24.03,58.437,361.638,26.85,70.574,-85.05,41.704,21.156,55.824,-35.158,20.666,-0.183773760808577,-0.208811830011012,-0.12284155682755171,0.1924284913067864,-0.14057973758448994,-0.6466638753476688,-0.36423544972312905,-0.2682823966035931,,-0.5737869134912048,-0.20666886761307357,-49.583,-0.2733304532165213,-65.946,-63.757999999999996,-105.25399999999999,0.011619163129169108,0.12952482648158026,-9.007000000000005,0.2919085764679945,-16.950999999999997
SA_117,2002-12-31,221.192,385.052,326.97,279.383,47.587,28.934,109.488,335.001,,41.986,28.24,-225.513,248.826,-20.336,0.946,-288.093,22.148,21.282,-10.868,-10.715,-21.583,-0.5338684627007525,0.09372683245515612,0.11360872985869164,12.14063308405061,-0.825273910233815,0.22451225189385915,-0.1979606188466948,3.290758885686839,,-0.013208611450597041,0.17519766957969196,-283.95,-0.3119473064224445,-47.186,-69.628,-203.043,-0.468923844235565,0.0059557572319910435,-66.692,-0.6952329484043461,-42.248999999999995
SA_68,1998-12-31,1736.215,974.163,620.489,31.614,588.875,30.865,267.168,209.429,,131.541,72.805,57.739,1187.187,67.542,110.168,30.391,35.867,29.547,69.89,-22.625,47.265,,,,,,,,,,,,,,,,,,,,,
SA_68,1999-12-31,1956.761,1203.806,832.977,49.87,783.107,29.677,383.598,269.047,,205.378,104.099,114.551,3004.3401,79.556,147.858,44.663,53.154,43.602,71.723,-32.599,39.124,0.12702689471062056,0.23573365032340576,0.342452485056141,0.5774656797621305,0.32983570367225634,-0.038490199254819335,0.43579320876751715,0.28466926738894816,,0.5613230855778806,0.42983311585742734,56.812000000000005,1.5306376333298801,12.013999999999996,37.69,14.271999999999998,0.48197507458109157,0.47568281043760785,1.8329999999999984,0.44083977900552473,-8.140999999999998
SA_68,2000-12-31,2898.0701,2294.439,632.915,49.207,583.708,43.385,1000.991,960.677,,277.235,63.465,40.314,1709.474,4.31,72.553,49.553,37.982,32.762,34.734,-28.988,5.746,0.48105471235373143,0.9059873434756096,-0.24017709972784362,-0.013294565871265207,-0.2546254854062089,0.46190652694005463,1.6094791943649338,2.570666091798087,,0.3498768125115641,-0.39033996484116085,-74.237,-0.43099850779211046,-75.246,-75.305,4.890000000000001,-0.28543477442901766,-0.2486124489702306,-36.989,-0.11077026902665721,-33.378
SA_68,2001-12-31,2641.6851,2023.79,767.794,356.445,411.349,34.789,679.346,925.126,,260.485,79.719,-245.78,1723.978,-71.954,12.243,44.532,49.248,41.036,83.187,-34.959,48.228,-0.08846749428179801,-0.11795868183900282,0.21310760528664985,6.243786453146909,-0.2952829154303179,-0.1981329952748645,-0.3213265653737146,-0.03700619458985699,,-0.06041805688314972,0.2561096667454501,-286.094,0.008484481191290527,-76.264,-60.309999999999995,-5.021000000000001,0.2966141856668949,0.2525486844514988,48.452999999999996,0.20598178556644142,42.482
SA_68,2002-12-31,2785.061,3240.637,2038.681,25.909,2012.772,26.554,559.922,513.924,,91.807,28.096,45.998,783.744,110.741,174.0,-863.942,98.01,63.24,-69.864,-147.847,-217.711,0.05427440992115229,0.6012713769709308,1.6552447661742602,-0.9273127691509209,3.893100505896453,-0.23671275403144676,-0.17579260053051016,-0.4444821570250971,,-0.6475536019348522,-0.6475620617418683,291.778,-0.5453863100341187,182.695,161.757,-908.474,0.9901315789473686,0.5410858758163564,-153.051,3.229154152006636,-265.939
SA_251,1999-01-03,488.517,306.593,173.099,11.714,161.385,0.639,167.746,103.71,,36.424,120.43,64.036,728.626,9.469,39.833,-6.651,14.89,27.697,27.448,-32.821,-5.373,,,,,,,,,,,,,,,,,,,,,
SA_251,2000-01-02,472.797,315.312,198.829,79.714,119.115,1.267,165.56,150.323,,47.531,110.613,15.237,616.321,-0.527,26.385,-19.072,14.45,24.663,-6.574,-13.194,-19.768,-0.0321790234526127,0.02843835312613141,0.14864326194836486,5.805019634625235,-0.2619202528115996,0.9827856025039121,-0.013031607311053683,0.4494552116478645,,0.3049363057324841,-0.08151623349663706,-48.799,-0.15413257281513415,-9.995999999999999,-13.447999999999997,-12.421,-0.029550033579583745,-0.10954254973462829,-34.022,-0.5980012796685048,-14.395
SA_251,2000-12-31,423.216,296.797,182.077,73.495,108.582,2.876,155.545,153.631,,40.091,106.308,1.914,617.721,18.118,42.119,-25.269,18.363,22.474,35.73,-9.985,25.745,-0.10486741667142563,-0.05871961739483422,-0.08425330308958956,-0.07801640866096282,-0.0884271502329681,1.269928966061563,-0.06049166465329803,0.02200594719370952,,-0.15652942290294747,-0.03891947601095702,-13.323,0.002271543562526679,18.645,15.733999999999998,-6.196999999999999,0.2707958477508652,-0.08875643676762757,42.303999999999995,-0.2432166136122481,45.513000000000005
SA_251,2001-12-30,334.379,247.769,173.73,3.075,170.655,0.529,94.33,52.538,,28.373,62.057,41.792,449.908,4.674,25.256,-36.456,17.675,20.582,13.676,-7.118,6.558,-0.20990936070469923,-0.16519034895905282,-0.04584324214480695,-0.9581604190761276,0.5716693374592474,-0.8160639777468707,-0.39355170529428773,-0.658024747609532,,-0.2922850515078197,-0.41625277495578883,39.878,-0.2716647159478146,-13.443999999999999,-16.863,-11.187000000000005,-0.037466644883733524,-0.08418617068612622,-22.053999999999995,-0.28713069604406605,-19.187
SA_251,2002-12-29,318.262,224.809,145.189,46.17,99.019,1.654,85.149,97.207,,33.017,48.848,-12.058,445.6,30.703,50.218,11.369,15.816,19.515,43.08,-7.968,35.112,-0.048199797236070485,-0.09266695995059915,-0.16428365855062455,14.014634146341463,-0.4197708827751897,2.1266540642722114,-0.09732852750980603,0.8502226959534052,,0.16367673492404755,-0.2128526999371546,-53.85,-0.009575290948371618,26.029,24.962000000000003,47.825,-0.1051768033946252,-0.05184141482849092,29.403999999999996,0.11941556617027249,28.554000000000002
SA_47,1998-12-31,768.887,309.265,29.0,0.0,29.0,2.418,421.572,209.153,,130.624,275.811,212.419,1163.189,29.289,49.282,23.392,0.775,19.993,20.306,-21.226,-0.92,,,,,,,,,,,,,,,,,,,,,
SA_47,1999-12-31,867.606,457.831,104.8,4.8,100.0,1.861,480.515,282.217,,135.588,269.808,198.298,995.582,-254.064,-190.797,-47.811,2.843,,-3.723,-64.7,-68.423,0.128392078419846,0.48038413658189594,2.613793103448276,,2.4482758620689653,-0.23035566583953682,0.13981716053248316,0.3493327850903405,,0.038002204801567796,-0.02176490422789512,-14.12100000000001,-0.14409266249938757,-283.353,-240.079,-71.203,2.6683870967741936,,-24.029,2.0481484971261663,-67.503
SA_47,2000-12-31,741.018,448.172,66.5,0.0,66.5,2.733,413.714,295.954,,108.708,269.245,117.76,1099.811,-166.814,-110.103,-117.319,5.24,,69.554,-29.156,40.398,-0.1459049384167468,-0.021097304463874256,-0.3654580152671756,-1.0,-0.33499999999999996,0.4685652874798496,-0.13901959356107507,0.04867531013369164,,-0.19824763253385258,-0.0020866690387237874,-80.538,0.1046915271670239,87.25,80.694,-69.50800000000001,0.8431234611326064,,73.277,-0.5493663060278208,108.821
SA_47,2001-12-31,673.307,502.734,145.549,145.549,0.0,3.235,318.225,360.915,,71.417,232.937,-42.69,923.546,-190.731,-164.739,-111.518,8.815,25.992,-59.783,-22.422,-82.205,-0.09137564809491805,0.12174343778727792,1.1887067669172935,,-1.0,0.1836809366995975,-0.23080920635994906,0.21949694885015925,,-0.3430382308569746,-0.1348511578673698,-160.45,-0.16026844612392488,-23.917,-54.63600000000001,5.801000000000002,0.6822519083969465,,-129.337,-0.2309644670050761,-122.60300000000001
SA_47,2002-12-31,652.4,572.891,186.181,101.181,85.0,2.62,322.975,299.576,,71.204,220.568,23.399,1127.001,-77.035,-52.252,-52.333,10.442,,-31.062,-4.716,-35.778,-0.03105121437917624,0.13955093548476927,0.2791637180605844,-0.30483204968773403,,-0.19010819165378667,0.014926545683085823,-0.1699541443276118,,-0.0029824831622724535,-0.053100194473183704,66.089,0.2202976354182682,113.696,112.487,59.185,0.18457175269427117,,28.721,-0.7896708589777897,46.427
SA_136,1998-12-31,1988.869,1704.9789,1321.912,155.452,1166.46,449.627,558.048,263.537,,86.234,0.0,294.511,422.238,135.849,195.079,46.217,74.901,,102.739,-456.926,-354.187,,,,,,,,,,,,,,,,,,,,,
SA_136,1999-12-31,2142.3701,1784.67,1349.013,95.929,1253.084,331.605,566.139,235.858,,92.979,0.0,330.281,637.081,187.489,265.868,53.27,108.66,78.379,190.371,-370.521,-180.15,0.07718009582330465,0.046740226521278405,0.02050136468993391,-0.3829027609808815,0.07426229789276961,-0.26248868506562106,0.014498752795458536,-0.10502889537332505,,0.07821740844678438,,35.76999999999998,0.508819670422842,51.640000000000015,70.78899999999999,7.053000000000004,0.4507149437257181,,87.632,-0.1891006421171042,174.037
SA_136,2000-12-31,2174.0569,1621.851,1092.8069,55.018,1037.7889,493.723,704.929,221.664,,145.937,0.0,483.265,790.468,232.704,326.71,85.259,123.787,94.006,165.01,-415.268,-250.258,0.014790535024737261,-0.091231992469196,-0.1899211497591201,-0.42647166133286074,-0.17181218497722417,0.48888888888888893,0.24515180900803513,-0.06018027796385972,,0.569569472676626,,152.98399999999998,0.24076530299914767,45.215,60.841999999999985,31.988999999999997,0.13921406221240584,0.19937738424833173,-25.36100000000002,0.12076778374235198,-70.108
SA_136,2001-12-31,2084.752,1594.844,1024.986,65.934,959.052,238.693,571.371,237.952,,168.502,0.0,333.419,763.831,85.815,169.227,-62.847,86.427,83.4,19.227,-181.27,-162.043,-0.04107753573515027,-0.016651961246748392,-0.062061193061646924,0.19840779381293383,-0.07586986139474028,-0.5165447021913097,-0.18946305230739546,0.07348058322506135,,0.15462151476321973,,-149.846,-0.033697758796054966,-146.889,-157.48299999999998,-148.106,-0.30180875213067604,-0.11282258579239612,-145.783,-0.5634867121954978,88.215
SA_0,1999-01-03,670.597,443.568,257.478,140.5,116.978,7.216,100.985,239.118,,9.124,8.599,-138.133,862.692,75.571,98.792,66.283,25.313,,41.017,-142.841,-101.824,,,,,,,,,,,,,,,,,,,,,
SA_0,2000-01-02,656.596,428.972,328.087,0.011,328.076,11.267,46.225,84.517,,7.257,9.097,-38.292,644.459,44.647,70.823,5.47,24.073,,13.622,-84.394,-70.772,-0.020878411326027413,-0.032905890415900196,0.27423313836521945,-0.9999217081850533,1.80459573595035,0.561391352549889,-0.5422587512996979,-0.6465468931657173,,-0.2046251644015783,0.0579137108966159,99.84100000000001,-0.2529674553606618,-30.924,-27.96900000000001,-60.813,-0.048986686682732095,,-27.395000000000003,-0.4091752368017586,31.051999999999992
SA_0,2000-12-31,609.681,448.864,306.541,15.034,291.507,0.402,34.831,141.333,,7.621,9.418,-106.502,685.795,28.594,61.716,-65.734,38.262,,27.979,-53.808,-25.829,-0.07145185167134727,0.04637132493496088,-0.06567160539734884,1365.727272727273,-0.11146502639632283,-0.9643205822312949,-0.2464899945916711,0.6722434539796729,,0.05015846768637178,0.035286358140046215,-68.21,0.06414062027219725,-16.052999999999997,-9.106999999999992,-71.204,0.5894155277697004,,14.357,-0.3624191293219897,44.943000000000005
SA_0,2001-12-31,398.556,332.743,215.828,0.013,215.815,0.559,39.795,113.817,,10.723,5.87,-74.022,589.379,22.956,49.988,-95.26,35.305,,-7.763,-17.595,-25.358,-0.3462876487868246,-0.25869973978755256,-0.29592452559364,-0.9991352933351071,-0.25965757254542776,0.3905472636815921,0.14251672360827983,-0.19468913841777935,,0.40703319774307833,-0.3767254194096411,32.47999999999999,-0.14059011803818922,-5.638000000000002,-11.728000000000002,-29.52600000000001,-0.07728294391302082,,-35.742,-0.6730040142729705,0.4710000000000001
SA_0,2002-12-29,301.295,297.851,194.869,30.838,164.031,0.636,24.055,131.677,,5.087,5.283,-107.622,441.588,7.536,28.546,-63.429,31.05,,-25.232,-5.426,-30.658,-0.24403346079346433,-0.10486171008856682,-0.09710973553014435,2371.153846153846,-0.23994625026063987,0.13774597495527718,-0.3955270762658626,0.15691856225344192,,-0.5255991793341417,-0.09999999999999998,-33.599999999999994,-0.2507571528676794,-15.42,-21.442,31.831000000000003,-0.12052117263843642,,-17.469,-0.6916169366297243,-5.300000000000001
SA_268,1999-12-31,3192.114,2417.139,2144.3209,1.225,2143.0959,391.412,1904.939,249.445,,8.015,23.188,1655.494,275.993,-278.01,-131.967,-355.028,158.139,81.93,-83.721,-526.24,-609.961,,,,,,,,,,,,,,,,,,,,,
SA_268,2000-12-31,4775.5518,2814.2289,2257.7119,0.355,2257.3569,356.377,1854.3311,530.889,,88.555,0.0,1323.4421,333.45,-617.607,-323.246,-768.714,223.868,,-108.824,-1127.869,-1236.693,0.4960467577285774,0.16428095363981954,0.0528796785966128,-0.7102040816326531,0.05331585954692941,-0.08950926389584368,-0.02656667746316288,1.1282807833390125,,10.04865876481597,-1.0,-332.05189999999993,0.20818281623084633,-339.597,-191.27899999999997,-413.68600000000004,0.41564067054932674,,-25.102999999999994,1.1432597294010334,-626.732
SA_268,2001-12-31,3603.1311,2241.699,1916.898,22.532,1894.366,476.22,956.174,313.119,,53.856,0.0,643.055,405.571,-614.411,-292.886,-684.789,196.91,,-402.776,-502.365,-905.141,-0.24550476030853652,-0.20344112733687014,-0.15095544298632602,62.47042253521127,-0.16080350431072743,0.3362815220959827,-0.4843563805838127,-0.41019874210993257,,-0.39183558240641414,,-680.3871,0.21628729944519431,3.1960000000000264,30.359999999999957,83.92500000000007,-0.12041917558561299,,-293.952,-0.5545892297775716,331.552
SA_268,2002-12-31,1990.272,2029.4689,1744.4139,37.417,1706.9969,49.365,403.218,318.306,,67.275,0.0,84.912,433.494,-418.396,-123.926,-1408.189,167.663,,-202.815,-141.758,-344.573,-0.4476270930025278,-0.09467377199169025,-0.08998084405117013,0.6606160127818215,-0.09890860583435301,-0.8963399269245307,-0.5783006021916512,0.01656558688549703,,0.2491644385026739,,-558.1429999999999,0.0688486109707056,196.01499999999993,168.96000000000004,-723.4000000000001,-0.1485297851810471,,199.961,-0.7178187174663839,560.568
SA_268,2003-12-31,1529.356,1895.951,1654.585,1654.585,0.0,18.395,249.021,1889.553,,58.707,0.0,-1640.532,484.854,-199.516,13.513,-325.701,180.206,,-170.25,-87.481,-257.731,-0.23158442665123158,-0.0657895767705532,-0.051495175542914384,43.220140577812224,-1.0,-0.6273675681150612,-0.38241596357305485,4.936278298241316,,-0.1273578595317726,,-1725.444,0.11847914850032515,218.88000000000002,137.439,1082.488,0.07481078115028339,,32.565,-0.3828849165479198,86.84199999999998
SA_13,1999-12-31,94.512,67.788,51.5,0.0,51.5,3.615,7.253,16.288,,2.929,0.0,-9.035,4.518,-30.592,-25.439,-32.475,1.959,4.855,-24.319,-56.077,-80.396,,,,,,,,,,,,,,,,,,,,,
SA_13,2000-12-31,923.83,501.777,448.667,0.032,448.635,173.573,238.942,53.142,,20.655,0.0,185.8,68.082,-202.3,-161.297,-216.852,16.663,21.98,-69.604,-119.4,-189.004,8.77473759945827,6.402150823154541,7.711980582524271,,7.7113592233009705,47.014661134163205,31.943885288845998,2.262647347740668,,6.05189484465688,,194.835,14.069057104913679,-171.70800000000003,-135.858,-184.377,7.50587034201123,3.527291452111225,-45.285,1.1292151862617472,-108.60799999999999
SA_13,2001-12-31,766.578,562.367,486.292,0.31,485.982,14.415,56.564,62.901,,40.239,0.0,-6.337,181.598,-197.566,-104.807,-248.772,56.077,,-126.635,-85.051,-211.686,-0.17021746425208106,0.12075085147386178,0.08385952164968669,8.6875,0.08324584573205396,-0.916951369164559,-0.76327309556294,0.1836400587106244,,0.948148148148148,,-192.137,1.667342322493464,4.734000000000009,56.489999999999995,-31.919999999999987,2.3653603792834423,,-57.031000000000006,-0.28768006700167503,-22.682000000000016
SA_13,2002-12-31,463.95,724.357,1088.909,461.0,627.909,29.434,74.947,73.559,,43.215,0.0,1.388,290.78,-117.748,-46.702,-479.459,61.584,60.3,-55.11,-28.526,-83.636,-0.3947778308273914,0.28805033012250014,1.239208130094676,1486.0967741935483,0.29204168055606994,1.0419007977800905,0.32499469627324795,0.16944086739479491,,0.0739581003504064,,7.725,0.6012290884260838,79.818,58.105000000000004,-230.687,0.09820425486384798,,71.525,-0.6646012392564462,128.05
SA_13,2003-12-31,383.468,732.473,664.975,13.182,651.793,16.238,50.348,63.571,,30.859,0.0,-13.223,322.891,-29.476,35.215,-123.051,94.081,53.9,-3.678,-12.358,-16.036,-0.1734712792326759,0.011204419920011865,-0.38931995235598205,-0.9714056399132321,0.03803735891665827,-0.4483250662499151,-0.32821860781619017,-0.13578216125830966,,-0.2859192410042809,,-14.611,0.11043056606369084,88.272,81.917,356.408,0.5276857625357236,-0.10613598673300162,51.432,-0.5667811820795063,67.6
SA_70,1999-12-31,214.283,176.801,82.369,31.021,51.348,20.19,168.187,104.103,,56.797,23.354,64.084,422.866,-19.435,-9.792,-33.288,2.241,,87.641,-6.444,81.197,,,,,,,,,,,,,,,,,,,,,
SA_70,2000-12-31,180.493,107.362,17.656,17.656,0.0,4.334,148.048,90.396,,79.811,43.324,57.652,488.181,27.579,33.285,34.986,8.629,,44.361,-2.51,41.851,-0.15768866405641135,-0.3927523034371977,-0.7856475130206753,-0.4308371748170594,-1.0,-0.7853392768697376,-0.11974171606604556,-0.13166767528313295,,0.40519745761219794,0.8550997687762267,-6.432000000000002,0.15445791338154402,47.013999999999996,43.077,68.274,2.8505131637661756,,-43.28000000000001,-0.6104903786468032,-39.346000000000004
SA_70,2001-12-31,145.485,79.883,0.0,0.0,0.0,26.541,105.761,61.385,,48.934,12.483,44.376,331.138,-7.657,-2.981,-8.41,1.761,,40.786,-2.553,38.233,-0.19395766040788276,-0.2559471693895419,-1.0,-1.0,,5.12390401476696,-0.28563033610720856,-0.32093234213903277,,-0.38687649572114124,-0.7118687101837319,-13.276000000000003,-0.32169011084003685,-35.236000000000004,-36.266,-43.396,-0.795920732413953,,-3.5749999999999957,0.01713147410358573,-3.618000000000002
SA_70,2002-12-31,281.092,209.345,59.644,59.327,0.317,5.419,161.098,160.796,,92.85,41.847,0.302,369.784,8.199,12.019,-1.378,1.973,,-7.285,-3.144,-10.429,0.9321029659415057,1.6206451935956339,,,,-0.7958253268527938,0.5232268983840926,1.6194672965708237,,0.8974537131646707,2.3523191540495074,-44.074,0.11670662986428626,15.856,15.0,7.032,0.12038614423622951,,-48.071,0.2314923619271445,-48.662
SA_70,2003-12-31,292.971,220.315,80.944,80.402,0.542,1.432,174.21,173.534,,101.283,49.606,0.676,437.676,-1.614,3.02,-7.455,5.99,,-18.397,-5.901,-24.298,0.04226018527741804,0.0524015381308367,0.35711890550600245,0.3552345475078802,0.7097791798107256,-0.7357446023251522,0.0813914511663707,0.07921838851712737,,0.09082390953150243,0.1854135302411164,0.37400000000000005,0.1835990740540423,-9.813,-8.999,-6.077,2.0359858084135833,,-11.111999999999998,0.8769083969465647,-13.868999999999998
SA_165,1999-12-31,815.281,663.905,347.871,2.079,345.792,120.164,231.894,242.0,,52.099,36.686,-10.106,1122.366,90.027,186.065,47.342,20.966,,152.673,-274.3,-121.627,,,,,,,,,,,,,,,,,,,,,
SA_165,2000-12-31,1032.4301,827.776,457.949,96.74,361.209,129.137,260.208,360.951,,56.605,49.055,-100.743,1291.553,2.57,127.611,-15.324,31.452,,111.692,-263.501,-151.809,0.26634878035916465,0.24682898908729412,0.3164333905384469,45.531986531986526,0.0445846057745698,0.07467294697247095,0.122098890010091,0.4915330578512398,,0.08648918405343675,0.33715858910756147,-90.637,0.1507413802627664,-87.45700000000001,-58.45399999999999,-62.666,0.500143088810455,,-40.98100000000001,-0.03936930368210001,-30.182000000000002
SA_165,2001-12-31,1002.962,878.83,497.592,124.059,373.533,184.439,511.778,429.067,,75.046,47.648,82.711,1275.484,-17.795,103.532,-76.317,30.082,,144.424,-150.579,-6.155,-0.028542465005621298,0.061676105613112764,0.08656640804980453,0.28239611329336367,0.03411875119390717,0.4282428738471544,0.9668034802926888,0.18871259533842544,,0.32578394134793776,-0.0286820915299153,183.454,-0.012441610990799545,-20.365000000000002,-24.079000000000008,-60.992999999999995,-0.04355843825511896,,32.73200000000001,-0.4285448632073502,145.654
SA_165,2002-12-31,848.136,885.66,509.428,22.575,486.853,200.16,393.752,301.88,,86.377,51.233,91.872,1277.37,-70.136,6.591,-169.264,35.746,,-59.014,-59.346,-118.36,-0.15436875973366893,0.007771696460066035,0.023786556053955854,-0.8180301308248494,0.30337346365649087,0.08523685337699738,-0.23061952643529027,-0.2964268983631927,,0.15098739439810238,0.07523925453324365,9.161000000000001,0.001478654377475408,-52.340999999999994,-96.941,-92.94700000000002,0.18828535336746222,,-203.43800000000002,-0.6058812981889905,-112.205
SA_165,2003-12-31,869.987,941.087,551.026,51.645,499.381,160.644,348.399,334.492,,118.745,47.604,13.907,1518.533,45.673,102.402,20.434,56.324,,93.779,-42.534,51.245,0.025763556788062303,0.06258270668202237,0.08165628901434552,1.2877076411960133,0.025732613335031296,-0.19742206235011983,-0.11518163717263663,0.10802968066781515,,0.3747293839795318,-0.07083325200554325,-77.965,0.18879651158239197,115.809,95.811,189.698,0.5756728025513342,,152.793,-0.2832878374279648,169.605
SA_287,2000-08-31,480.386,324.432,151.901,4.628,147.273,3.062,181.919,126.926,,85.041,77.512,54.993,610.655,21.557,54.556,4.347,12.929,,40.341,-21.535,18.806,,,,,,,,,,,,,,,,,,,,,
SA_287,2001-08-31,458.69,343.178,198.99,28.694,170.296,14.981,151.428,132.74,,64.408,58.193,18.688,529.373,-30.39,4.559,-37.131,17.532,,12.38,-32.103,-19.723,-0.04516368087329781,0.057780983380184336,0.3099979591971087,5.200086430423509,0.1563287228480441,3.892553886348792,-0.1676075616070889,0.0458062177961962,,-0.24262414600016458,-0.2492388275363815,-36.30500000000001,-0.13310625475923377,-51.947,-49.997,-41.478,0.3560213473586511,,-27.961,0.4907360111446484,-38.528999999999996
SA_287,2002-08-31,452.269,360.924,188.31,11.062,177.248,18.868,279.354,163.518,,43.028,27.796,115.836,416.817,7.111,31.057,-21.085,17.13,23.655,23.614,-15.117,8.497,-0.013998561119710429,0.05171077400066437,-0.05367103874566559,-0.6144838642224855,0.040823037534645445,0.2594619851812294,0.8447975275378397,0.23186680729245124,,-0.3319463420693082,-0.5223480487343839,97.148,-0.2126213463852521,37.501,26.497999999999998,16.046,-0.0229295003422314,,11.234,-0.5291094290253247,28.22
SA_287,2003-08-31,230.324,272.259,177.64,2.456,175.184,5.697,70.018,54.886,,39.979,19.004,15.132,423.92,13.271,37.552,-109.681,15.142,24.162,4.534,-9.369,-4.835,-0.49073670757889665,-0.24566113641653087,-0.05666188731347255,-0.7779786657024046,-0.011644701209604591,-0.6980602077591689,-0.7493574461078059,-0.6643427634878117,,-0.07086083480524308,-0.31630450424521506,-100.704,0.01704105158858682,6.160000000000001,6.495000000000001,-88.596,-0.11605370694687678,0.021433100824350015,-19.080000000000002,-0.3802341734471125,-13.332
SA_207,2000-10-28,279.025,203.538,154.408,8.468,145.94,3.929,96.887,53.566,,40.113,49.867,43.321,331.078,33.391,43.209,9.196,17.909,,17.342,-5.327,12.015,,,,,,,,,,,,,,,,,,,,,
SA_207,2001-11-03,267.467,206.749,147.971,11.51,136.461,1.67,93.139,60.867,,35.268,49.224,32.272,314.116,14.672,26.266,-10.771,17.266,,10.876,-5.805,5.071,-0.04142281157602368,0.015775923906101053,-0.041688254494585686,0.35923476617855443,-0.06495134986980944,-0.5749554594044286,-0.03868424040376939,0.1362991449800246,,-0.12078378580510052,-0.012894298834900897,-11.049,-0.0512326400425277,-18.718999999999998,-16.943000000000005,-19.967,-0.03590373555195714,,-6.465999999999999,0.08973155622301476,-6.944000000000001
SA_207,2002-11-02,273.577,211.841,150.585,15.359,135.226,1.646,100.746,61.787,,32.942,57.117,38.959,277.537,18.988,27.754,0.692,17.208,,-0.188,-4.38,-4.568,0.02284393962619702,0.02462889784231126,0.01766562366950275,0.33440486533449176,-0.009050204820424956,-0.014371257485029987,0.08167362758887253,0.015114922700313782,,-0.06595213791539078,0.16034861043393467,6.687000000000005,-0.11645061060245265,4.315999999999999,1.488000000000003,11.463000000000001,-0.0033592030580331667,,-11.064,-0.24547803617571062,-9.639
SA_207,2003-11-01,266.54,227.134,165.385,3.9,161.485,1.356,101.102,53.603,,31.877,62.525,47.499,251.802,4.139,13.45,-22.516,17.765,,-10.459,-2.247,-12.706,-0.025722191558500862,0.07219093565457091,0.0982833615565959,-0.7460772185689173,0.1941860293138895,-0.17618469015795857,0.0035336390526672368,-0.132455047178209,,-0.03232954890413453,0.09468284398690407,8.54,-0.09272637522204241,-14.849,-14.304000000000002,-23.208,0.0323686657368667,,-10.270999999999999,-0.486986301369863,-8.138
SA_182,1999-12-31,2552.55,1566.665,935.097,13.876,921.221,3.617,558.056,431.116,,353.351,110.897,126.94,2170.0029,225.147,336.758,117.088,39.491,,227.271,-197.315,29.956,,,,,,,,,,,,,,,,,,,,,
SA_182,2000-12-31,,,1081.032,147.59,933.442,,,,,,,,,,,,71.162,,,,,,,0.15606402330453406,9.636350533294898,0.013266089244600376,,,,,,,,,,,,0.8019801980198022,,,,
SA_182,2001-12-31,2533.436,1827.278,977.771,172.083,805.688,21.767,440.17,819.955,,216.638,112.536,-379.785,2467.433,113.178,273.071,-267.524,80.319,,513.815,-193.955,319.86,,,-0.0955207616425785,0.1659529778440274,-0.13686335090985835,,,,,,,,,,,,0.12867822714370014,,,,
SA_182,2002-12-31,2557.885,1787.059,885.405,120.47,764.935,13.699,517.181,822.647,,249.341,133.074,-305.466,2754.464,154.262,290.96,-97.606,72.555,111.111,130.952,-158.964,-28.012,0.009650529952207165,-0.022010334497542305,-0.0944658820930463,-0.29993084732367525,-0.050581614719345525,-0.3706528230808104,0.1749574028216372,0.003283106999774299,,0.15095689583544902,0.1825015994881638,74.31900000000002,0.11632777870766908,41.084,17.888999999999953,169.918,-0.09666455010645048,,-382.86300000000006,-0.1804078265577067,-347.872
SA_182,2003-12-31,2846.409,2432.899,1403.238,299.581,1103.657,160.899,728.28,1105.601,,325.599,130.004,-377.321,2815.749,99.56,250.758,-124.675,95.222,14.252,184.798,-230.126,-45.328,0.11279787793430907,0.36139825265981695,0.584854388669592,1.486768490080518,0.4428114807140475,10.745309876633332,0.40817238065590167,0.3439555483700787,,0.305838189467436,-0.02306987089889856,-71.85500000000002,0.022249337802200397,-54.702,-40.20199999999997,-27.069000000000003,0.31241127420577475,-0.8717318717318717,53.846000000000004,0.4476611056591431,-17.316000000000003
SA_158,1999-12-31,2673.566,2292.763,1448.977,601.257,847.72,10.775,1267.713,973.437,,141.091,441.869,294.276,1764.699,39.167,144.023,-14.938,87.851,104.856,163.856,-104.035,59.821,,,,,,,,,,,,,,,,,,,,,
SA_158,2000-12-31,913.516,735.874,511.912,6.929,504.983,4.837,340.704,144.006,,83.929,150.269,196.698,1745.459,-5.084,96.455,-181.045,86.222,89.8,201.756,-128.544,73.212,-0.6583155231626974,-0.6790448903789881,-0.646707987773443,-0.9884758098450414,-0.40430448733072244,-0.5510904872389791,-0.7312451635346486,-0.8520643862931037,,-0.4051427801915076,-0.6599240951503726,-97.578,-0.010902709187232462,-44.251000000000005,-47.568,-166.107,-0.018542759900285755,-0.14358739604791326,37.900000000000006,0.2355841784014996,13.391000000000005
SA_158,2001-12-31,985.023,728.599,567.455,113.096,454.359,7.875,444.356,197.553,,67.721,114.835,246.803,620.522,6.577,39.756,101.121,48.905,20.1,-14.209,-15.2,-29.409,0.07827668043033742,-0.009886203344594335,0.10850107049649171,15.322124404676,-0.1002489192705498,0.6280752532561507,0.30422889076735227,0.37183867338860876,,-0.19311560962241892,-0.23580379186658595,50.10499999999999,-0.644493511448851,11.661,-56.699,282.166,-0.43280137319941536,-0.7761692650334076,-215.965,-0.8817525516554643,-102.62100000000001
SA_158,2002-12-31,834.388,620.527,357.563,107.857,249.706,18.396,351.544,206.099,,43.54,68.921,145.445,386.393,-5.363,17.502,-33.534,27.257,20.1,65.307,-9.335,55.972,-0.15292536316410887,-0.1483285044311068,-0.3698830744288094,-0.046323477399731194,-0.45042136284303824,1.3360000000000003,-0.20886856484440408,0.04325927725724221,,-0.35706797005360236,-0.3998258370705794,-101.358,-0.37730974888883884,-11.940000000000001,-22.254,-134.655,-0.44265412534505677,0.0,79.516,-0.38585526315789465,85.381
SA_158,2003-12-31,406.146,347.261,229.4,40.056,189.344,41.99,156.0,96.751,,42.054,41.782,59.249,326.296,-8.768,7.348,-169.208,19.166,14.1,75.797,-32.342,43.455,-0.5132408423898713,-0.44037729220485167,-0.358434737374952,-0.6286193756548022,-0.24173227715793777,1.2825614263970428,-0.5562433152037867,-0.5305605558493733,,-0.03412953605879643,-0.39376967832736043,-86.196,-0.15553335593553708,-3.4050000000000002,-10.154,-135.674,-0.2968411784128848,-0.29850746268656725,10.489999999999995,2.4645956079271554,-12.517000000000003
SA_88,2000-12-31,1280.29,1435.276,887.814,88.137,799.677,20.862,424.885,389.729,,196.451,131.72,35.156,1901.819,108.085,182.791,4.463,100.0,,131.389,-68.996,62.393,,,,,,,,,,,,,,,,,,,,,
SA_88,2001-12-31,2987.8999,2448.7,1328.1,45.5,1282.6,73.9,744.5,763.6,,406.1,132.6,-19.1,1823.3,54.4,125.7,-46.2,86.3,64.2,141.0,-54.5,86.5,1.3337680525505942,0.7060830112117806,0.49592144300495367,-0.4837582400127075,0.6038975736453591,2.5423257597545783,0.7522388410981795,0.9593101873353023,,1.0671821472021015,0.006680838141512213,-54.256,-0.041286263308968896,-53.684999999999995,-57.090999999999994,-50.663000000000004,-0.137,,9.61099999999999,-0.21009913618180753,24.107
SA_88,2002-12-31,3157.1001,2623.0,1289.2,34.0,1255.2,81.3,803.3,929.4,,373.0,171.6,-126.1,3885.8,224.6,321.6,-53.5,148.9,97.0,189.4,-147.9,41.5,0.05662847005015137,0.07118062645485357,-0.029289963105187722,-0.25274725274725274,-0.0213628566973334,0.10013531799729347,0.07897918065815968,0.2171293871136719,,-0.08150701797586801,0.2941176470588236,-107.0,1.1311906981846103,170.2,195.90000000000003,-7.299999999999997,0.7253765932792586,0.5109034267912771,48.400000000000006,1.7137614678899085,-45.0
SA_88,2003-12-31,3191.2,2586.3999,1285.2,47.5,1237.7,13.2,655.9,925.3,,257.3,169.4,-269.4,3983.7,171.0,284.8,-57.5,151.3,113.8,122.9,-175.1,-52.2,0.010801019581228921,-0.013953526496378266,-0.0031026993484331022,0.3970588235294117,-0.013942001274697247,-0.8376383763837638,-0.18349309099962652,-0.004411448246180338,,-0.3101876675603217,-0.012820512820512775,-143.29999999999998,0.02519429718462085,-53.599999999999994,-36.80000000000001,-4.0,0.016118200134318306,0.17319587628865984,-66.5,0.1839080459770115,-93.7
SA_120,2000-12-31,610.539,551.398,324.985,0.109,324.876,2.373,213.492,125.571,,114.266,7.415,87.921,1069.154,13.208,74.092,-6.301,33.813,57.159,48.154,-32.275,15.879,,,,,,,,,,,,,,,,,,,,,
SA_120,2001-12-31,537.104,519.107,289.158,2.625,286.533,10.543,208.014,129.532,,72.292,5.349,78.482,896.767,-37.709,22.649,-39.496,37.574,56.298,28.032,-21.463,6.569,-0.12027896661802107,-0.05856205499475886,-0.1102420111697463,23.08256880733945,-0.11802349204003981,3.4428992836072476,-0.025659041088190615,0.03154390743085589,,-0.36733586543678787,-0.27862440997977067,-9.439000000000007,-0.16123682837084274,-50.917,-51.443,-33.195,0.1112294088072634,-0.015063244633391037,-20.122000000000003,-0.3349961270333075,-9.309999999999999
SA_120,2002-12-31,485.508,475.194,248.475,10.785,237.69,10.253,203.079,140.251,,58.512,5.071,62.828,898.06,21.008,75.888,-7.526,30.627,54.67,58.485,-21.786,36.699,-0.09606333224105579,-0.08459334973329191,-0.14069470670014328,3.1085714285714285,-0.17046204102145313,-0.02750640235227153,-0.023724364706221746,0.08275175246271194,,-0.19061583577712615,-0.051972331276874284,-15.653999999999996,0.001441846098261701,58.717,53.239000000000004,31.970000000000002,-0.18488848671954006,-0.028917545916373633,30.453,0.015049154358663719,30.13
SA_120,2003-12-31,455.735,446.921,246.5,16.374,230.126,2.148,121.365,131.583,,55.11,4.983,-10.218,865.463,19.808,65.364,-8.604,29.138,45.556,35.397,-18.555,16.842,-0.06132339734875625,-0.059497805106966895,-0.00794848576315521,0.5182197496522947,-0.03182296268248552,-0.7905003413635033,-0.40237543025128153,-0.061803480902096974,,-0.058141919606234604,-0.017353579175705014,-73.046,-0.036297129367748204,-1.1999999999999993,-10.524000000000001,-1.0779999999999994,-0.048617233160283324,-0.16670934699103723,-23.088,-0.14830625172128897,-19.857
SA_120,2004-12-31,421.532,463.081,251.238,16.472,234.766,2.516,108.898,136.625,,57.309,4.649,-27.727,895.213,-5.585,40.155,-53.883,31.355,42.7,13.508,-22.542,-9.034,-0.07505019364323573,0.0361585157108304,0.019221095334685634,0.005985098326615423,0.020162867298784137,0.17132216014897583,-0.10272319037613808,0.038318019804989945,,0.039902014153511134,-0.0670278948424643,-17.509,0.034374664197083016,-25.393,-25.209000000000003,-45.279,0.07608621044683916,-0.06269207129686527,-21.889,0.21487469684721106,-25.875999999999998
SA_267,2000-12-31,21931.0,16354.0,5998.0,102.0,5896.0,1364.0,3205.0,5245.0,,406.0,0.0,-2040.0,16741.0,1745.0,2932.0,828.0,381.0,,2898.0,-4060.0,-1162.0,,,,,,,,,,,,,,,,,,,,,
SA_267,2001-12-31,23605.0,19581.0,9403.0,1056.0,8347.0,2210.0,3567.0,6403.0,4024.0,368.0,181.0,-2836.0,13879.0,-1117.0,166.0,-1216.0,,,236.0,-2793.0,-2557.0,0.07633030869545387,0.19732175614528558,0.5676892297432476,9.352941176470589,0.41570556309362283,0.6202346041055717,0.1129485179407177,0.22078169685414673,,-0.09359605911330049,,-796.0,-0.17095752941879216,-2862.0,-2766.0,-2044.0,,,-2662.0,-0.3120689655172414,-1395.0
SA_267,2002-12-31,24720.0,23563.0,10867.0,693.0,10174.0,1969.0,3902.0,6455.0,,292.0,164.0,-2553.0,13305.0,-904.0,277.0,-1272.0,646.0,,285.0,-1286.0,-1001.0,0.04723575513662359,0.2033604003881313,0.1556949909603318,-0.34375,0.21888103510243195,-0.10904977375565605,0.09391645640594337,0.008121193190691933,,-0.2065217391304348,-0.09392265193370164,283.0,-0.04135744650190931,213.0,111.0,-56.0,,,49.0,-0.5395631936985321,1556.0
SA_267,2003-12-31,25939.0,26323.0,12559.0,1021.0,11538.0,2170.0,4550.0,6157.0,,662.0,0.0,-1607.0,14087.0,-915.0,315.0,-773.0,757.0,,142.0,-744.0,-602.0,0.049312297734627863,0.11713279293808099,0.15570074537590872,0.47330447330447334,0.13406723019461375,0.10208227526663283,0.16606868272680675,-0.04616576297443842,,1.2671232876712328,-1.0,946.0,0.058774896655392705,-11.0,38.0,499.0,0.1718266253869969,,-143.0,-0.42146189735614303,399.0
SA_267,2004-12-31,21801.0,27320.0,13898.0,893.0,13005.0,1463.0,3606.0,5941.0,,696.0,0.0,-2335.0,15002.0,-1474.0,-230.0,-5198.0,824.0,,-1123.0,-760.0,-1883.0,-0.15952812367477542,0.0378756220795502,0.10661676885102311,-0.12536728697355537,0.1271450858034322,-0.3258064516129032,-0.20747252747252742,-0.03508202046451192,,0.051359516616314105,,-728.0,0.06495350322992821,-559.0,-545.0,-4425.0,0.08850726552179666,,-1265.0,0.021505376344086002,-1281.0
SA_5,2000-12-31,10877.0,9856.0,3798.0,253.0,3545.0,693.0,2014.0,3518.0,,534.0,313.0,-1504.0,11240.0,569.0,1186.0,256.0,327.0,,893.0,-672.0,221.0,,,,,,,,,,,,,,,,,,,,,
SA_5,2001-12-31,12975.0,12687.0,5637.0,416.0,5221.0,2512.0,3810.0,4146.0,,532.0,273.0,-336.0,9905.0,-868.0,-178.0,-423.0,340.0,,646.0,-1253.0,-607.0,0.19288406729796814,0.2872362012987013,0.48420221169036326,0.6442687747035574,0.47277856135401986,2.624819624819625,0.8917576961271103,0.1785105173393975,,-0.0037453183520599342,-0.12779552715654952,1168.0,-0.11877224199288261,-1437.0,-1364.0,-679.0,0.039755351681957096,,-247.0,0.8645833333333333,-828.0
SA_5,2002-12-31,13289.0,15325.0,7535.0,346.0,7189.0,2097.0,3510.0,4272.0,,663.0,230.0,-762.0,9489.0,-411.0,492.0,-798.0,402.0,,-284.0,-1588.0,-1872.0,0.024200385356454746,0.2079293765271537,0.3367039205251019,-0.16826923076923073,0.3769392836621337,-0.16520700636942676,-0.07874015748031493,0.03039073806078152,,0.24624060150375948,-0.1575091575091575,-426.0,-0.04199899040888444,457.0,670.0,-375.0,0.1823529411764706,,-930.0,0.26735833998403824,-1265.0
SA_5,2003-12-31,14008.0,15783.0,8285.0,733.0,7552.0,1146.0,3836.0,4279.0,,478.0,174.0,-443.0,10077.0,-265.0,321.0,248.0,465.0,,375.0,-1123.0,-748.0,0.05410489878847158,0.02988580750407821,0.09953550099535491,1.1184971098265897,0.050493809987480764,-0.45350500715307585,0.09287749287749292,0.001638576779026124,,-0.2790346907993967,-0.24347826086956526,319.0,0.06196648751185574,146.0,-171.0,1046.0,0.15671641791044766,,659.0,-0.29282115869017633,1124.0
SA_5,2004-12-31,14042.0,16866.0,8772.0,749.0,8023.0,707.0,3578.0,4497.0,,460.0,217.0,-919.0,11279.0,-505.0,226.0,-862.0,535.0,,276.0,-480.0,-204.0,0.0024271844660195274,0.06861813343470824,0.05878092939046464,0.021828103683492417,0.06236758474576276,-0.3830715532286213,-0.06725755995828986,0.050946482823089445,,-0.03765690376569042,0.24712643678160928,-476.0,0.11928153220204418,-240.0,-95.0,-1110.0,0.15053763440860224,,-99.0,-0.572573463935886,544.0
SA_79,2000-12-31,382.7,214.527,72.945,5.856,67.089,86.117,178.485,106.467,,29.052,6.188,72.018,442.695,43.252,54.979,15.155,6.03,,93.929,-19.146,74.783,,,,,,,,,,,,,,,,,,,,,
SA_79,2001-12-31,452.425,231.125,66.641,5.998,60.643,173.669,226.638,87.979,,8.933,10.565,138.659,583.416,67.22,83.592,34.322,4.832,,88.045,-34.903,53.142,0.182192317742357,0.077370214471838,-0.0864212763040646,0.02424863387978138,-0.09608132480734544,1.0166633765690865,0.2697873770905117,-0.17365005118957044,,-0.6925168663086878,0.7073367808661926,66.64099999999999,0.31787347948361755,23.967999999999996,28.613,19.167,-0.1986733001658375,,-5.884,0.8229917476235245,-21.641
SA_79,2002-12-31,575.138,299.77,60.64,6.349,54.291,29.261,325.532,127.901,,13.87,14.317,197.631,760.524,86.964,109.012,39.286,4.332,,106.833,-35.655,71.178,0.2712339061722937,0.2970037858301784,-0.09004966912261225,0.05851950650216731,-0.10474415843543372,-0.8315128203651775,0.43635224454857524,0.4537673763057093,,0.5526698757416322,0.3551348793185045,58.97200000000001,0.3035706939816527,19.744,25.42,4.963999999999999,-0.10347682119205304,,18.787999999999997,0.021545425894622383,18.035999999999994
SA_79,2003-12-31,783.244,423.83,143.413,9.086,134.327,95.879,398.378,127.529,,9.071,18.44,270.849,730.476,87.625,116.648,82.798,6.502,,99.469,-78.506,20.963,0.3618366374678772,0.41385061880775265,1.364990105540897,0.43109151047409044,1.4742038275220573,2.2766822733331056,0.22377523561431745,-0.002908499542614962,,-0.345998558038933,0.28797932527764214,73.21799999999999,-0.03950960127491043,0.6610000000000014,7.635999999999996,43.512,0.5009233610341643,,-7.364000000000004,1.201823026223531,-50.214999999999996
SA_79,2004-12-31,677.658,510.524,240.423,9.153,231.27,5.219,333.538,145.758,,54.395,15.608,187.78,500.089,-199.72,-158.151,-192.173,14.715,,-192.195,-47.125,-239.32,-0.13480601191965724,0.20454899370030444,0.6764379798205182,0.007373981950253183,0.7216940749067575,-0.9455668081644573,-0.1627599917666136,0.14294003716801673,,4.996582515709404,-0.15357917570498913,-83.06899999999999,-0.3153929766344137,-287.345,-274.799,-274.971,1.2631498000615196,,-291.664,-0.3997274093699844,-260.283
SA_190,2001-12-29,430.631,353.451,105.629,15.505,90.124,2.435,283.933,263.327,,123.182,137.328,20.606,723.504,89.497,96.181,120.636,15.896,3.1,12.018,-11.559,0.459,,,,,,,,,,,,,,,,,,,,,
SA_190,2002-12-28,369.704,239.737,60.073,5.423,54.65,59.042,233.045,185.087,,82.844,66.692,47.958,586.805,89.254,93.879,51.877,4.21,4.625,103.088,-2.869,100.219,-0.14148307948104055,-0.321724934998062,-0.43128307567050717,-0.6502418574653338,-0.3936132439749678,23.24722792607803,-0.17922538063557247,-0.29712107000041776,,-0.32746667532594054,-0.5143597809623675,27.351999999999997,-0.18894021318472332,-0.242999999999995,-2.3019999999999925,-68.75899999999999,-0.7351534977352794,0.49193548387096775,91.07,-0.7517951379877151,99.75999999999999
SA_190,2003-12-27,280.996,126.61,24.963,0.014,24.949,51.315,158.914,99.773,,42.582,43.719,59.141,263.778,33.414,37.614,19.784,1.504,3.6,24.38,-0.41,23.97,-0.23994330599614833,-0.4718796013965304,-0.5844555790454946,-0.9974184030979163,-0.5434766697163769,-0.13087293790860755,-0.3180973631702032,-0.460939990382901,,-0.4859977789580415,-0.3444641036406165,11.183,-0.5504844028254701,-55.84,-56.26500000000001,-32.093,-0.6427553444180523,-0.22162162162162158,-78.708,-0.857093063785291,-76.249
SA_190,2004-12-31,366.894,202.845,95.604,16.854,78.75,24.331,177.52,119.721,,40.26,69.718,57.799,233.692,0.095,4.371,-0.705,1.281,3.6,-11.004,-1.942,-12.946,0.3056911842161456,0.6021246347049996,2.8298281456555703,1202.8571428571427,2.1564391358371076,-0.5258501412842249,0.11708219540128639,0.19993384983913498,,-0.05453008313371854,0.594684233399666,-1.3419999999999987,-0.11405803364950828,-33.319,-33.242999999999995,-20.488999999999997,-0.14827127659574468,0.0,-35.384,3.7365853658536583,-36.916
SA_71,2001-12-31,731.098,557.132,401.206,0.0,401.206,29.427,107.249,39.845,,22.412,16.077,67.404,113.075,-47.27,-14.458,-76.747,47.482,6.076,-56.95,-3.232,-60.182,,,,,,,,,,,,,,,,,,,,,
SA_71,2002-12-31,472.184,464.353,312.791,0.0,312.791,54.32,107.361,43.09,,23.231,0.0,64.271,135.344,-7.525,17.357,-81.567,34.889,5.897,-73.41,-14.119,-87.529,-0.3541440408809762,-0.1665296554496959,-0.22037307517833737,,-0.22037307517833737,0.8459238114656609,0.0010442987813406024,0.08144058225624295,,0.036542923433874774,-1.0,-3.1329999999999956,0.19694008401503416,39.745000000000005,31.814999999999998,-4.819999999999993,-0.2652162924897855,-0.029460171165240134,-16.459999999999994,3.3685024752475243,-27.346999999999994
SA_71,2003-12-31,519.024,569.975,400.087,0.0,400.087,90.214,149.102,41.195,,21.465,0.0,107.907,108.544,-12.413,3.848,-46.947,31.305,6.285,-20.775,-12.653,-33.428,0.09919861748809788,0.22746057417525023,0.27908731389330255,,0.27908731389330255,0.6607879234167893,0.3887910880114753,-0.043977721048967355,,-0.07601911239292336,,43.635999999999996,-0.1980139496394373,-4.888,-13.509,34.61999999999999,-0.10272578749749217,0.06579616754281847,52.635,-0.10383171612720443,54.101
SA_71,2004-12-31,429.9292,762.0193,599.6271,0.0,599.6271,60.8587,103.0611,40.8384,,20.5512,0.0,62.2227,80.4995,-0.825,13.4979,-83.2917,39.4899,5.1543,-18.7232,-4.8106,-23.5338,-0.17165834335213792,0.33693460239484185,0.4987417736642281,,0.4987417736642281,-0.32539627995654774,-0.30878794382369124,-0.008656390338633302,,-0.042571628232005554,,-45.68429999999999,-0.2583698776533019,11.588000000000001,9.649899999999999,-36.3447,0.26145663632007654,-0.17990453460620526,2.0518,-0.619805579704418,9.894199999999998
SA_71,2005-12-31,405.8367,836.9155,653.9066,25.844,628.0626,8.629,181.3954,84.2902,,22.3885,0.0,97.1051,86.1595,5.668,18.5961,-99.3818,43.7344,5.0594,-41.189,-3.7782,-44.9672,-0.05603829653812764,0.09828648696955566,0.09052209281401713,,0.047421972756067854,-0.8582125480826899,0.7600763042505854,1.0639936922112523,,0.08940110553155045,,34.88239999999999,0.07031099572047017,6.493,5.0982,-16.090099999999993,0.1074831792433002,-0.018411811497196506,-22.4658,-0.21460940423232033,-21.4334
SA_49,2002-02-03,195.549,94.946,0.0,0.0,0.0,6.914,145.242,65.874,,1.339,135.672,79.368,411.857,24.183,29.811,14.659,1.283,,29.204,-10.478,18.726,,,,,,,,,,,,,,,,,,,,,
SA_49,2003-02-02,224.966,99.797,0.0,0.0,0.0,4.589,152.32,72.081,,1.1,144.061,80.239,438.287,31.549,39.246,19.928,0.372,,11.714,-17.089,-5.375,0.15043288382962827,0.051092199776715086,,,,-0.3362742262076944,0.04873246030762446,0.09422533928408794,,-0.17849141150112013,0.06183295005601752,0.8710000000000093,0.0641727589915917,7.366,9.435000000000002,5.269,-0.7100545596258768,,-17.490000000000002,0.6309410192784881,-24.101
SA_49,2004-02-01,249.423,117.843,10.0,,10.0,4.08,162.334,75.69,131.58,0.966,154.984,86.644,443.605,27.874,34.149,17.428,0.57,,25.328,-21.942,3.386,0.10871420570219503,0.1808270789703097,,,,-0.11091741120069742,0.06574317226890769,0.050068672743163845,,-0.12181818181818194,0.07582204760483413,6.405000000000001,0.012133601954883444,-3.6750000000000007,-5.097000000000001,-2.5,0.532258064516129,,13.613999999999999,0.28398384925975795,8.761
SA_49,2005-01-30,257.791,139.686,31.0,0.0,31.0,3.792,168.475,71.169,118.105,3.796,158.706,97.306,426.71,3.588,12.851,1.694,0.927,2.0,10.555,-22.785,-12.23,0.03354943208926198,0.18535678826913782,2.1,,2.1,-0.07058823529411773,0.03782941343156687,-0.05973047958779232,-0.10240918072655425,2.929606625258799,0.02401538223300448,10.661999999999992,-0.038085684336290226,-24.285999999999998,-21.298000000000002,-15.734000000000002,0.6263157894736844,,-14.773,0.03841946951052777,-15.616
SA_49,2006-01-28,241.973,161.412,51.056,,51.056,3.215,170.117,63.696,80.561,5.053,152.893,106.421,388.752,-25.575,-16.647,-30.251,2.997,5.3,-19.198,-5.114,-24.312,-0.06135978370074979,0.15553455607576994,0.6469677419354838,,0.6469677419354838,-0.15216244725738393,0.00974625315328681,-0.10500358302069723,-0.31788662630709963,0.33113804004214975,-0.03662747470164951,9.115000000000009,-0.08895502800496813,-29.163,-29.497999999999998,-31.945,2.233009708737864,1.65,-29.753,-0.7755540926047839,-12.082
SA_93,2002-12-31,504.388,360.536,232.746,26.824,205.922,4.24,167.718,103.963,143.852,59.54,93.319,63.755,546.333,-14.505,20.826,-20.95,17.586,35.331,17.735,-17.333,0.402,,,,,,,,,,,,,,,,,,,,,
SA_93,2003-12-31,539.562,393.097,249.222,5.079,244.143,4.082,179.14,89.725,,54.162,100.701,89.415,612.679,-19.051,19.12,-24.812,21.689,,18.262,-18.57,-0.308,0.06973599689128207,0.0903127565624513,0.07078961614807566,-0.8106546376379362,0.1856091141305931,-0.0372641509433963,0.06810240999773431,-0.13695256966420744,,-0.0903258313738663,0.07910500541154519,25.660000000000004,0.12143875621644673,-4.545999999999998,-1.7059999999999995,-3.862000000000002,0.23331058796770177,,0.527000000000001,0.07136675705302031,-0.71
SA_93,2004-12-31,570.627,406.993,235.239,5.605,229.634,7.927,211.241,112.89,,59.982,129.526,98.351,762.665,34.682,72.354,11.127,0.3,37.672,35.676,-25.24,10.436,0.057574477075850394,0.035350053549124016,-0.05610660375087273,0.10356369364048046,-0.05942828588163496,0.9419402253797158,0.17919504298314193,0.2581777653942603,,0.1074554115431483,0.2862434335309483,8.935999999999993,0.244803559449565,53.733000000000004,53.233999999999995,35.939,-0.98616810364701,,17.414,0.3591814754981151,10.744
SA_93,2005-12-31,630.653,518.621,332.0,63.8,268.2,5.507,218.049,169.163,,77.213,126.236,48.886,848.845,-32.633,5.497,-50.009,21.6,38.13,-14.375,-81.311,-95.686,0.10519305956430403,0.27427498753049795,0.41133060419403233,10.382694023193576,0.16794551329506957,-0.30528573230730416,0.03222859198735084,0.49847639294888846,,0.2872695141875896,-0.02540030573012375,-49.464999999999996,0.11299849868553036,-67.315,-66.857,-61.136,71.00000000000001,0.012157570609471424,-50.051,2.2215134706814585,-106.12200000000001
SA_93,2006-12-31,662.019,541.594,320.95,0.474,320.476,19.058,258.336,102.504,,92.666,130.137,155.832,841.14,-17.768,24.392,45.319,36.98,,79.393,-27.202,52.191,0.049735750087607666,0.04429631657800215,-0.033283132530120496,-0.9925705329153605,0.19491424310216265,2.4606863991283823,0.18476122339474155,-0.39405189077989866,,0.2001346923445535,0.030902436705852576,106.946,-0.009077039977852253,14.865000000000002,18.895,95.328,0.7120370370370368,,93.768,-0.6654573181980298,147.877
SA_39,2002-12-31,1034.888,620.651,477.707,0.0,477.707,49.211,849.594,118.38,,0.0,753.872,731.214,1417.306,126.477,132.429,72.004,0.257,0.8,5.701,-8.749,-3.048,,,,,,,,,,,,,,,,,,,,,
SA_39,2003-12-31,1605.029,1063.24,803.902,0.0,803.902,76.851,1354.854,223.832,,0.0,1183.423,1131.022,1680.7,126.7,135.962,82.7,0.0,5.1,2.0,-19.1,-17.1,0.5509204860815857,0.7131044661170289,0.6828348757711318,,0.6828348757711318,0.5616630428156306,0.5947075897428653,0.8907923635749282,,,0.5697930152598851,399.8079999999999,0.1858413073817511,0.22299999999999898,3.532999999999987,10.695999999999998,-1.0,5.374999999999999,-3.7009999999999996,1.1831066407589441,-14.052000000000001
SA_39,2004-12-31,1987.5,1324.8,860.4,,860.4,268.5,1707.4,464.4,,,1276.2,1243.0,2135.3,185.1,197.7,119.6,,7.6,-15.0,-15.6,-30.6,0.23829538282485863,0.24600278394341824,0.07027971071100692,,0.07027971071100692,2.4937736659249716,0.26020958715846887,1.074770363486901,,,0.07839715807450087,111.97800000000007,0.27048253703813896,58.39999999999999,61.738,36.89999999999999,,0.4901960784313726,-17.0,-0.18324607329842935,-13.5
SA_39,2005-12-31,2422.7,1451.4,918.1,,918.1,34.9,1825.8,533.3,971.3,,1740.8,1292.5,2509.0,290.5,303.8,218.3,,4.7,-172.3,-14.1,-186.4,0.21896855345911947,0.09556159420289867,0.0670618317061833,,0.0670618317061833,-0.8700186219739292,0.06934520323298576,0.14836347975882846,,,0.3640495220184923,49.5,0.17501053716105464,105.4,106.10000000000002,98.70000000000002,,-0.381578947368421,-157.3,-0.09615384615384615,-155.8
SA_39,2006-12-31,2842.2,2067.3,1096.1,0.0,1096.1,56.2,2302.3,971.2,774.9,0.0,2196.2,1331.1,2504.6,234.3,248.1,-201.2,0.6,4.3,-144.8,-16.4,-161.2,0.17315391918107892,0.4243489045059943,0.19387866245507013,,0.19387866245507013,0.6103151862464185,0.26098148756709394,0.8211138196137262,-0.2022032327808092,,0.26160386029411753,38.59999999999991,-0.0017536867277799795,-56.19999999999999,-55.70000000000002,-419.5,,-0.08510638297872353,27.5,0.16312056737588643,25.200000000000017
SA_153,2003-12-31,0.912,1.32,0.801,0.801,0.0,0.027,0.333,1.32,,0.292,0.0,-0.987,0.983,-1.365,-0.87,-1.304,0.251,0.09,-0.624,-0.007,-0.631,,,,,,,,,,,,,,,,,,,,,
SA_153,2004-12-31,6.55,1.583,0.665,0.665,0.0,5.875,6.141,1.158,,0.159,0.0,4.983,0.458,-2.702,-2.511,-3.121,0.823,0.069,-2.558,-0.052,-2.61,6.182017543859649,0.19924242424242422,-0.16978776529338324,-0.16978776529338324,,216.59259259259258,17.44144144144144,-0.1227272727272728,,-0.45547945205479445,,5.97,-0.5340793489318413,-1.337,-1.641,-1.817,2.278884462151394,-0.23333333333333328,-1.9339999999999997,6.428571428571428,-1.9789999999999999
SA_153,2005-12-31,153.2428,125.7984,23.842,23.8214,0.0206,3.8972,86.8519,104.3936,,42.9376,21.1585,-17.5417,187.496,-6.1625,-3.2403,-16.7408,,1.3215,-7.8274,-0.0539,-7.8813,22.395847328244272,78.46835123183828,34.85263157894737,34.82165413533834,,-0.3366468085106382,13.142957173098845,89.14991364421418,,269.04779874213835,,-22.5247,408.3799126637555,-3.4604999999999997,-0.7292999999999998,-13.6198,,18.152173913043477,-5.2694,0.03653846153846163,-5.2713
SA_153,2006-12-31,122.437,143.56,34.834,34.834,0.0,4.839,80.582,91.091,,45.643,18.189,-10.509,284.971,-39.043,-32.675,-58.716,,2.9,-22.283,-0.097,-22.38,-0.20102608409661005,0.14119098494098492,0.461035148058049,0.46229860545559887,-1.0,0.24166067946217806,-0.07219070624822266,-0.1274273518683139,,0.06300771351915335,-0.14034548762908527,7.032699999999998,0.5198777573921576,-32.8805,-29.434699999999996,-41.9752,,1.1944759742716613,-14.4556,0.7996289424860852,-14.4987
SA_153,2007-12-31,266.275,259.96,64.249,64.249,0.0,9.009,178.812,216.987,,86.056,62.05,-38.175,364.972,-14.299,-7.667,-11.453,,3.5,-18.752,-1.316,-20.068,1.174791933810858,0.8108108108108107,0.8444335993569498,0.8444335993569498,,0.8617482951022937,1.2190067260678568,1.382090437035492,,0.8854150691234142,2.411402496014074,-27.665999999999997,0.28073382905628974,24.744,25.007999999999996,47.263000000000005,,0.2068965517241379,3.5310000000000024,12.56701030927835,2.3119999999999976
SA_211,2004-12-31,2182.707,1558.009,423.226,17.558,405.668,244.81,1222.147,909.444,,400.285,381.681,312.703,3375.782,-85.41,-3.263,-546.226,18.71,,48.265,-88.334,-40.069,,,,,,,,,,,,,,,,,,,,,
SA_211,2005-12-31,1972.426,2017.998,725.357,18.908,706.449,255.34,1270.217,1041.497,,432.415,355.137,228.72,3388.9,-365.56,-292.75,-721.643,33.385,,-113.071,-40.849,-153.92,-0.09633954534438194,0.2952415550872942,0.7138762741419478,0.07688802824923124,0.7414462072433614,0.043012948817450214,0.0393324207317125,0.14520190358064933,,0.080267809185955,-0.06954498652015684,-83.98299999999998,0.0038859144340481766,-280.15,-289.487,-175.41700000000003,0.7843399251737038,,-161.336,-0.537561980664297,-113.85099999999998
SA_211,2006-12-31,1939.24,2116.541,738.768,17.486,721.282,389.571,1203.986,1037.611,,361.638,341.357,166.375,3444.003,-169.648,-94.08,-213.44,37.182,,58.68,-50.581,8.099,-0.01682496580353332,0.04883206028945519,0.01848882688110831,-0.07520626189972501,0.020996561676780656,0.5256951515626225,-0.052141484486509015,-0.0037311677326002934,,-0.16367841078593492,-0.038801927143609305,-62.345,0.016259848328366244,195.912,198.67000000000002,508.20300000000003,0.11373371274524491,,171.751,0.23824328624935753,162.01899999999998
SA_211,2007-12-31,1981.404,2450.693,1040.327,21.318,1019.009,466.815,1243.89,911.892,-469.289,356.178,319.132,331.998,3455.562,-211.923,-148.451,-362.723,61.2,,-193.295,-38.227,-231.522,0.021742538313978654,0.15787645975201992,0.40819174625863597,0.21914674596820327,0.4127747538410773,0.19827964607221782,0.033143242529398265,-0.12116197688729213,,-0.01509797089907583,-0.06510779037781567,165.623,0.003356268853424327,-42.275000000000006,-54.370999999999995,-149.28300000000002,0.6459577214781345,,-251.975,-0.24424190901721998,-239.62099999999998
SA_27,2003-12-28,693.06,620.716,418.345,37.853,380.492,0.031,58.087,83.485,,43.591,6.597,-25.398,405.986,93.737,109.184,71.99,14.663,14.062,81.411,-15.129,66.282,,,,,,,,,,,,,,,,,,,,,
SA_27,2004-12-26,1185.47,985.15,781.947,0.0,781.947,2.003,95.986,78.836,,64.116,8.244,17.15,469.092,106.178,122.434,116.513,20.3,15.028,84.939,-14.893,70.046,0.7104868265373852,0.5871187467376384,0.8691438884174543,-1.0,1.0550944566508624,63.61290322580646,0.6524523559488353,-0.05568665029646047,,0.470854075382533,0.24965893587994525,42.548,0.15543885749754915,12.441000000000003,13.25,44.52300000000001,0.3844370183454955,0.06869577584980813,3.5279999999999916,-0.015599180382047662,3.76400000000001
SA_27,2005-12-25,1187.889,965.847,751.828,7.5,744.328,2.41,90.312,80.525,,61.203,8.736,9.787,556.629,117.005,136.202,46.868,40.0,17.115,87.8,-16.333,71.467,0.0020405408825190374,-0.01959397046135103,-0.03851795582053519,,-0.048109398718839014,0.20319520718921624,-0.05911278728147862,0.02142422243645048,,-0.04543327718510193,0.05967976710334799,-7.362999999999998,0.18660944974546578,10.826999999999998,13.768,-69.64500000000001,0.9704433497536946,0.13887410167686975,2.861000000000004,0.09668972000268572,1.4209999999999923
SA_27,2006-12-31,1160.782,960.939,733.665,22.5,711.165,3.93,89.462,95.362,,54.914,8.663,-5.9,506.065,90.531,108.622,-6.238,89.167,,75.167,-30.761,44.406,-0.022819472189741563,-0.005081550183414163,-0.024158451135100067,2.0,-0.04455428252060922,0.6307053941908713,-0.009411816812826546,0.18425333747283434,,-0.10275640083002469,-0.008356227106227188,-15.687000000000001,-0.0908396795711327,-26.47399999999999,-27.58,-53.106,1.2291750000000001,,-12.632999999999996,0.8833649666319723,-27.061
SA_27,2007-12-30,932.467,841.357,625.3,0.5,624.8,4.214,71.198,80.267,,52.056,6.301,-9.069,463.215,62.977,82.511,-102.545,43.6,18.6,54.5,-26.398,28.102,-0.19669067921452943,-0.12444286265829574,-0.14770365221184056,-0.9777777777777777,-0.12144157825539781,0.07226463104325709,-0.20415371889740908,-0.15829156267695732,,-0.05204501584295451,-0.27265381507560893,-3.1690000000000005,-0.08467291751059647,-27.55400000000001,-26.111000000000004,-96.307,-0.5110298653089147,,-20.667,-0.1418354409804623,-16.304
SA_171,2003-12-31,2529.182,2226.473,814.713,60.695,754.018,39.213,810.454,701.245,302.709,210.19,390.199,109.209,2185.043,-71.271,64.816,-18.954,89.7,100.8,-52.738,-87.591,-140.329,,,,,,,,,,,,,,,,,,,,,
SA_171,2004-12-31,2678.709,2349.729,866.545,4.294,862.251,158.7,1047.576,709.169,328.98,242.435,383.635,338.407,2285.231,-73.78,52.306,-34.59,78.441,101.3,36.276,-65.231,-28.955,0.05912069594042668,0.05535930595161043,0.06361994960188433,-0.9292528214844715,0.14354166611407138,3.0471272282151327,0.2925792210292011,0.011299902316594057,0.08678631953460259,0.1534088205908939,-0.016822185602730966,229.19799999999998,0.04585172923370395,-2.5090000000000003,-12.510000000000005,-15.636000000000003,-0.1255183946488294,0.004960317460317443,89.01400000000001,-0.2552773686794305,111.37400000000001
SA_171,2005-12-31,4986.003,3210.606,1369.771,60.168,1309.603,138.556,1541.6,975.689,1775.397,547.857,661.617,565.911,2739.0,194.0,355.0,-187.0,108.0,122.0,-79.0,-104.0,-183.0,0.8613455212940264,0.36637288810752233,0.5807269097392518,13.01210992081975,0.5188187662293231,-0.12693131695022042,0.4715877416053822,0.375820150062961,4.396671530184205,1.2598098459380864,0.7246002059249026,227.50399999999996,0.19856592178208676,267.78,302.694,-152.41,0.37683099399548703,0.2043435340572557,-115.27600000000001,0.594333982309025,-154.04500000000002
SA_171,2006-12-31,4399.0,2720.0,1111.0,48.0,1063.0,95.0,1385.0,888.0,1679.0,342.0,660.0,497.0,3458.0,204.0,418.0,-206.0,102.0,163.0,251.0,-128.0,123.0,-0.1177301738486719,-0.15280791227575108,-0.18891551945544183,-0.2022337455125648,-0.18830363094769942,-0.314356650018765,-0.10158277114686032,-0.08987392499044267,-0.05429602505805742,-0.37574951127757783,-0.0024440121701829742,-68.91099999999994,0.262504563709383,10.0,63.0,-19.0,-0.05555555555555558,0.33606557377049184,330.0,0.23076923076923084,306.0
SA_171,2007-12-31,4416.0,2563.0,1063.0,5.0,1058.0,77.0,1381.0,681.0,1853.0,389.0,676.0,700.0,3747.0,161.0,436.0,-3.0,87.0,229.0,149.0,-117.0,32.0,0.003864514662423213,-0.057720588235294135,-0.04320432043204325,-0.8958333333333334,-0.00470366886171214,-0.18947368421052635,-0.002888086642599319,-0.23310810810810811,0.10363311494937455,0.13742690058479523,0.024242424242424176,203.0,0.08357432041642565,-43.0,18.0,203.0,-0.1470588235294118,0.4049079754601228,-102.0,-0.0859375,-91.0
SA_243,2003-12-31,21364.0,20850.0,18647.0,0.0,18647.0,127.0,350.0,1235.0,,189.0,0.0,-885.0,4819.0,495.0,1974.0,-238.0,1557.0,1500.0,765.0,-854.0,-89.0,,,,,,,,,,,,,,,,,,,,,
SA_243,2004-12-31,17673.0,21431.0,19464.0,0.0,19464.0,650.0,922.0,1217.0,,190.0,0.0,-295.0,4977.0,400.0,1895.0,-4341.0,,1500.0,472.0,-924.0,-452.0,-0.17276727204643327,0.0278657074340527,0.043814018340751826,,0.043814018340751826,4.118110236220472,1.6342857142857143,-0.014574898785425061,,0.005291005291005346,,590.0,0.032786885245901676,-95.0,-79.0,-4103.0,,0.0,-293.0,0.08196721311475419,-363.0
SA_243,2005-12-31,16431.0,21163.0,19437.0,0.0,19437.0,21.0,327.0,1191.0,,214.0,0.0,-864.0,5254.0,414.0,1913.0,-967.0,,1500.0,260.0,-1088.0,-828.0,-0.07027669326090646,-0.012505249405067476,-0.0013871763255240976,,-0.0013871763255240976,-0.9676923076923077,-0.6453362255965294,-0.021364009860312283,,0.12631578947368416,,-569.0,0.0556560176813341,14.0,18.0,3374.0,,0.0,-212.0,0.17748917748917759,-376.0
SA_243,2006-12-31,15100.0,21127.0,19119.0,0.0,19119.0,60.0,339.0,1298.0,-6219.0,195.0,0.0,-959.0,5504.0,367.0,1729.0,-1370.0,,1300.0,323.0,-1103.0,-780.0,-0.0810054165905909,-0.001701082077210203,-0.01636054946751042,,-0.01636054946751042,1.8571428571428572,0.03669724770642202,0.08984047019311503,,-0.08878504672897192,,-95.0,0.04758279406166732,-47.0,-184.0,-403.0,,-0.1333333333333333,63.0,0.013786764705882248,48.0
SA_243,2007-12-31,14666.0,22354.0,19973.0,0.0,19973.0,75.0,336.0,1332.0,,225.0,0.0,-996.0,6002.0,782.0,2110.0,-1616.0,,1300.0,327.0,-1244.0,-917.0,-0.02874172185430468,0.05807734179012636,0.0446676081385009,,0.0446676081385009,0.25,-0.008849557522123908,0.026194144838212585,,0.15384615384615374,,-37.0,0.09047965116279078,415.0,381.0,-246.0,,0.0,4.0,0.12783318223028095,-137.0
SA_309,2004-12-31,1402.0,1085.0,0.0,0.0,0.0,0.0,919.0,627.0,,661.0,0.0,292.0,3513.0,1601.0,1687.0,972.0,,46.0,1170.0,-85.0,1085.0,,,,,,,,,,,,,,,,,,,,,
SA_309,2005-12-31,1412.0,1087.0,0.0,0.0,0.0,0.0,942.0,584.0,,714.0,0.0,358.0,3374.0,1641.0,1732.0,1025.0,,45.0,1239.0,-78.0,1161.0,0.007132667617689048,0.0018433179723502668,,,,,0.02502720348204579,-0.06858054226475274,,0.08018154311649006,,66.0,-0.03956732137773977,40.0,45.0,53.0,,-0.021739130434782594,69.0,-0.08235294117647063,76.0
SA_309,2006-12-31,1318.0,10164.0,9115.0,48.0,9067.0,172.0,707.0,692.0,-8846.0,325.0,0.0,15.0,3221.0,1347.0,1436.0,787.0,,42.0,993.0,-64.0,929.0,-0.06657223796033995,8.35050597976081,,,,,-0.24946921443736725,0.18493150684931514,,-0.5448179271708684,,-343.0,-0.045346769413159405,-294.0,-296.0,-238.0,,-0.06666666666666665,-246.0,-0.17948717948717952,-232.0
SA_309,2007-12-31,1667.0,10267.0,9068.0,48.0,9020.0,48.0,793.0,588.0,-0.0086,423.0,0.0,205.0,3189.0,1343.0,1431.0,429.0,676.0,41.0,369.0,-46.0,323.0,0.2647951441578149,0.010133805588351086,-0.0051563357103675544,0.0,-0.005183632954670836,-0.7209302325581395,0.12164073550212162,-0.1502890173410405,-0.9999990278091793,0.30153846153846153,,190.0,-0.009934802856255809,-4.0,-5.0,-358.0,,-0.023809523809523836,-624.0,-0.28125,-606.0
SA_309,2008-12-31,1815.0,10306.0,9267.0,9267.0,0.0,510.0,1300.0,9933.0,-8491.0,366.0,0.0,-8633.0,2973.0,1151.0,1229.0,183.0,647.0,34.0,363.0,-56.0,307.0,0.08878224355128972,0.003798577968247674,0.021945302161446856,192.0625,-1.0,9.625,0.639344262295082,15.892857142857142,987324.5813953489,-0.13475177304964536,,-8838.0,-0.06773283160865473,-192.0,-202.0,-246.0,-0.04289940828402372,-0.1707317073170732,-6.0,0.21739130434782616,-16.0
SA_115,2004-12-31,394.763,451.2,379.735,4.115,375.62,4.504,146.146,52.523,,68.031,59.389,93.623,418.639,17.569,49.307,-48.749,47.207,30.749,-28.459,-26.056,-54.515,,,,,,,,,,,,,,,,,,,,,
SA_115,2005-12-31,281.52,452.857,369.254,2.864,366.39,0.0,125.378,61.794,,62.326,57.372,63.584,418.983,4.628,102.055,-114.703,48.133,32.857,2.461,-34.529,-32.068,-0.2868632571948232,0.00367242907801435,-0.027600826892438146,-0.3040097205346295,-0.024572706458655058,-1.0,-0.14210447087159406,0.17651314662148,,-0.08385882906322129,-0.0339625183114719,-30.039,0.0008217103518783908,-12.940999999999999,52.748000000000005,-65.95400000000001,0.019615734954561814,0.06855507496178737,30.919999999999998,0.3251842186060794,22.447000000000003
SA_115,2006-12-31,321.638,411.86,322.45,2.551,319.899,26.813,162.987,81.629,,71.548,58.396,81.358,479.31,32.515,55.973,-18.009,50.096,25.919,3.75,-34.772,-31.022,0.14250497300369425,-0.09052968155510466,-0.12675285846598827,-0.10928770949720656,-0.12688938016867268,,0.2999649061238814,0.3209858562319967,,0.14796393158553411,0.017848427804503908,17.774,0.14398436213402444,27.887,-46.08200000000001,96.694,0.040782830906030965,-0.21115743981495572,1.2890000000000001,0.0070375626285150705,1.0459999999999994
SA_115,2007-12-31,317.253,406.896,324.597,8.99,315.607,3.381,145.172,83.127,,68.593,66.74,62.045,482.958,44.884,68.613,-6.692,47.019,25.106,-1.175,-45.173,-46.348,-0.01363333934423172,-0.012052639246345809,0.006658396650643494,2.5241081928655427,-0.013416734656875984,-0.8739044493342781,-0.10930319596041405,0.01835132122162464,,-0.04130094482026048,0.14288649907527895,-19.313000000000002,0.007610940727295512,12.369,12.64,11.317,-0.061422069626317466,-0.03136695088545083,-4.925,0.29911998159438635,-15.326
SA_115,2008-12-31,300.087,406.365,337.894,337.833,0.061,0.398,133.116,392.156,,58.435,66.732,-259.04,475.871,48.631,72.584,-11.948,50.229,23.824,3.181,-24.901,-21.72,-0.05410823538311693,-0.0013050017694938854,0.04096464231031094,36.57875417130145,-0.9998067216506604,-0.8822833481218574,-0.08304631747168867,3.7175526603871187,,-0.148090913066931,-0.00011986814504039156,-321.08500000000004,-0.014674153860170125,3.747,3.9710000000000036,-5.256,0.06827027371913474,-0.05106349079901218,4.356,-0.448763641998539,24.628
SA_7,2004-03-27,473.609,306.704,112.01,20.936,91.074,112.907,309.673,182.1,,74.139,27.694,127.573,301.642,-87.322,-58.048,-83.449,7.213,9.1,-73.613,-6.119,-79.732,,,,,,,,,,,,,,,,,,,,,
SA_7,2005-03-31,483.774,330.202,112.07,23.32,88.75,55.094,358.609,223.133,,189.943,33.515,135.476,612.987,-11.374,17.068,-17.743,6.747,6.8,-17.741,-4.152,-21.893,0.021462852268432364,0.07661458605039373,0.0005356664583517912,0.11387084447841045,-0.02551771087247734,-0.5120408832047614,0.15802475514494319,0.22533223503569477,,1.5619849202174296,0.2101899328374377,7.903000000000006,1.0321672711359824,75.94800000000001,75.116,65.706,-0.06460557327048388,-0.25274725274725274,55.872,-0.32145775453505465,57.839
SA_7,2006-03-31,415.294,261.094,89.979,2.811,87.168,94.622,311.429,159.833,,141.453,33.219,151.596,459.221,32.24,55.371,-0.104,6.746,5.8,43.71,-8.524,35.186,-0.14155370069495266,-0.2092900709262815,-0.19711787275809756,-0.8794596912521441,-0.017825352112675996,0.7174646967001852,-0.13156390386186634,-0.28368730756992466,,-0.2552871124495244,-0.00883186632850963,16.120000000000005,-0.2508470815857432,43.614000000000004,38.303,17.639,-0.0001482140210462557,-0.1470588235294118,61.451,1.0529865125240847,57.079
SA_7,2007-03-31,465.686,370.875,146.814,60.402,86.412,99.701,305.275,255.78,,125.889,51.797,49.495,492.473,12.667,42.284,-0.038,9.056,,51.697,-10.626,41.071,0.12134054428910601,0.42046542624495387,0.6316473843896908,20.487726787620065,-0.008672907488986747,0.05367673479740431,-0.01976052326533495,0.600295308227963,,-0.110029479756527,0.5592582558174537,-102.101,0.07240958057231706,-19.573,-13.087000000000003,0.066,0.34242514082419184,,7.987000000000002,0.2465978413890193,5.884999999999998
SA_7,2008-03-31,445.653,358.053,155.845,43.178,112.667,95.669,273.776,220.991,87.6,119.717,39.407,52.785,457.227,-11.402,13.338,-13.743,8.979,7.4,18.357,-8.851,9.506,-0.043018256937077726,-0.03457229524772498,0.06151320718732545,-0.28515612065825635,0.3038351154932184,-0.04044091834585406,-0.10318237654573736,-0.13601141606067713,,-0.0490273177164009,-0.23920304264725756,3.289999999999999,-0.07156940583544691,-24.069,-28.945999999999998,-13.705,-0.008502650176678395,,-33.34,-0.16704310182571036,-31.564999999999998
SA_129,2004-12-31,,,2021.0,508.0,1513.0,,,,,,,,,,,,104.0,,,,,,,,,,,,,,,,,,,,,,,,,
SA_129,2005-12-31,6736.0,6550.0,1994.0,485.0,1509.0,865.0,3345.0,2959.0,,1738.0,537.0,386.0,16976.0,-66.0,529.0,-270.0,156.0,508.0,417.0,-585.0,-168.0,,,-0.013359722909450755,-0.04527559055118113,-0.0026437541308658163,,,,,,,,,,,,0.5,,,,
SA_129,2006-12-31,6938.0,6855.0,2228.0,100.0,2128.0,1057.0,3565.0,2568.0,,1727.0,520.0,997.0,11253.0,40.0,470.0,-163.0,190.0,377.0,281.0,-373.0,-92.0,0.029988123515439336,0.04656488549618332,0.11735205616850553,-0.7938144329896908,0.41020543406229293,0.22196531791907503,0.06576980568011948,-0.13213923622845558,,-0.006329113924050667,-0.03165735567970207,611.0,-0.33712299717247884,106.0,-59.0,107.0,0.21794871794871784,-0.2578740157480315,-136.0,-0.36239316239316244,76.0
SA_129,2008-12-31,5248.0,5871.0,2762.0,2697.0,65.0,1180.0,2762.0,4271.0,-623.0,989.0,354.0,-1509.0,9544.0,-94.0,322.0,-681.0,215.0,380.0,-116.0,-294.0,-410.0,,,,,,,,,,,,,,,,,,,,,
SA_202,2004-12-31,3978.922,3744.826,3127.342,162.011,2965.331,10.755,623.309,623.797,,79.014,376.419,-0.488,603.116,291.748,358.396,70.312,,,406.303,-18.013,388.29,,,,,,,,,,,,,,,,,,,,,
SA_202,2005-12-31,3873.918,3831.184,3078.849,100.234,2978.615,7.793,574.484,738.699,,451.591,0.0,-164.215,956.631,375.241,460.387,67.533,264.532,,392.052,-31.605,360.447,-0.026390062433995887,0.023060617502655756,-0.015506139079128567,-0.3813136145076569,0.004479769712048887,-0.2754067875406788,-0.07833193488301937,0.18419774381729948,,4.715328929050548,-1.0,-163.727,0.5861476067622149,83.493,101.99099999999999,-2.7789999999999964,,,-14.250999999999976,0.7545661466718481,-27.843000000000018
SA_202,2006-12-31,16147.4678,14326.7124,10403.1525,382.631,10020.5215,156.249,1532.225,2009.218,,1048.251,0.0,-476.993,1899.297,442.826,766.447,-237.704,765.055,,768.309,-78.543,689.766,3.168252348139532,2.739499956149326,2.378909618497042,2.8173773370313464,2.364154649056693,19.049916591813165,1.6671325920304132,1.7199414105068507,,1.3212397944157432,,-312.778,0.9854018947744743,67.58500000000004,306.06,-305.237,1.8921075711067092,,376.25699999999995,1.4851447555766493,329.31899999999996
SA_202,2007-12-31,16089.0928,14266.3567,10175.6486,177.175,9998.4736,46.076,1467.191,1778.731,,1063.468,0.0,-311.5399,2680.2991,904.966,1368.072,46.859,830.892,,691.809,-77.47,614.339,-0.00361511790721758,-0.004212808794849532,-0.02186874603635769,-0.5369559706348936,-0.002200274706261718,-0.7051117127149613,-0.04244415800551482,-0.11471477958091159,,0.014516561396078043,,165.4531,0.4112058830188223,462.14,601.6249999999999,284.563,0.08605525092967192,,-76.5,-0.013661306545459273,-75.42699999999991
SA_202,2008-12-31,11880.709,12374.084,9622.256,113.566,9508.69,131.199,1515.531,1587.032,,1027.027,0.0,-71.501,2616.811,864.692,1347.96,-2298.327,835.472,,548.694,-70.642,478.052,-0.26156750118316174,-0.132638818711157,-0.054384012435335194,-0.3590179201354593,-0.04898583719818983,1.847447695112423,0.03294731224496328,-0.10777290101763559,,-0.03426619324699942,,240.03889999999998,-0.023686945983006136,-40.274,-20.111999999999853,-2345.186,0.005512148389922977,,-143.115,-0.08813734348780178,-136.28700000000003
SA_102,2004-12-31,9944.4,7214.3,2535.1,668.2,1866.9,584.9,4372.0,4647.9,,2584.9,621.2,-275.9,16960.0,768.4,1123.5,422.2,165.5,350.6,675.9,-429.0,246.9,,,,,,,,,,,,,,,,,,,,,
SA_102,2005-12-31,8288.4,7177.4,2275.9,32.8,2243.1,207.6,3846.4,4106.7,,2337.6,688.2,-260.3,17089.2,105.4,498.8,-1381.5,183.2,388.5,560.8,-568.4,-7.6,-0.16652588391456502,-0.0051148413567498885,-0.1022444873969468,-0.9509129003292427,0.20151052547003045,-0.6450675329116089,-0.12021957913998171,-0.11643968243722969,,-0.09567101241827547,0.1078557630392789,15.599999999999966,0.0076179245283019,-663.0,-624.7,-1803.7,0.1069486404833837,0.10810039931545923,-115.10000000000002,0.3249417249417248,-254.5
SA_102,2006-12-31,7850.5,7248.5,2499.4,64.9,2434.5,502.7,3890.3,3887.3,,2006.9,581.5,3.0,17838.9,281.0,673.2,-707.5,209.8,387.0,285.3,-347.6,-62.3,-0.05283287486125188,0.009906094128793175,0.09820290873939985,0.9786585365853662,0.08532834024341307,1.4214836223506744,0.011413269550748728,-0.05342489103172854,,-0.1414698836413415,-0.1550421389131067,263.3,0.04386981251316624,175.6,174.40000000000003,674.0,0.14519650655021854,-0.0038610038610038533,-275.49999999999994,-0.3884588318085854,-54.699999999999996
SA_102,2007-12-31,7800.4,6709.7,2454.6,110.0,2344.6,601.3,3718.0,3603.9,,2147.6,605.5,114.1,15995.0,573.8,870.7,241.5,199.2,291.6,466.9,-202.2,264.7,-0.00638175912362271,-0.07433262054218115,-0.01792430183243987,0.6949152542372881,-0.036927500513452505,0.19614083946687888,-0.04428964347222586,-0.07290407223522755,,0.07010812696198099,0.041272570937231245,111.1,-0.10336399665898688,292.79999999999995,197.5,949.0,-0.05052430886558634,-0.24651162790697667,181.59999999999997,-0.4182968929804374,327.0
SA_102,2008-12-31,6872.9,6674.0,3526.8,2223.8,1303.0,1592.1,3674.2,4609.8,,1210.7,532.2,-935.6,13570.5,230.8,530.1,-689.9,190.3,294.0,144.2,-167.7,-23.5,-0.11890415876108917,-0.005320655170871991,0.4368125152774385,19.21636363636364,-0.4442548835622281,1.6477631797771495,-0.011780527165142551,0.27911429284941325,,-0.43625442354255906,-0.12105697770437651,-1049.7,-0.1515786183182245,-342.99999999999994,-340.6,-931.4,-0.04467871485943764,0.008230452674897082,-322.7,-0.17062314540059353,-288.2
SA_78,2007-11-24,,,,,,,,,,,,,16.304,,,-3.799,,,,,,,,,,,,,,,,,,,,,,,,,,
SA_78,2008-11-29,476.94,431.743,348.814,0.0,348.814,25.298,139.737,42.374,,53.94,53.171,97.363,801.058,0.976,24.32,-54.599,42.226,12.044,51.883,-10.599,41.284,,,,,,,,,,,,,48.13260549558391,,,-50.8,,,,,
SA_248,2004-12-31,190.9902,40.5233,20.0,0.0,20.0,2.2674,24.8655,15.9089,,12.7561,0.0,8.9566,64.5053,23.8217,45.7496,15.1293,0.3314,21.9279,42.2703,-89.4704,-47.2,,,,,,,,,,,,,,,,,,,,,
SA_248,2005-12-31,343.3799,151.6246,85.0,0.0,85.0,0.6663,36.7012,26.164,,24.9802,0.0,10.5372,123.4503,2.2673,42.4854,-18.1027,,,93.1104,-123.9588,-30.8484,0.7978927714615727,2.7416646719294824,3.25,,3.25,-0.706139190261974,0.47598881985079733,0.6446140210825388,,0.9582944630412116,,1.5806000000000004,0.9138008814779559,-21.5544,-3.2642000000000024,-33.232,,,50.8401,0.3854727373522415,16.3516
SA_248,2006-12-31,321.657,165.605,129.0,0.0,129.0,2.081,31.94,21.778,,17.738,0.0,10.162,120.014,26.889,87.969,-41.261,2.5,,102.44,-144.338,-41.898,-0.06326200223134792,0.09220403549292144,0.5176470588235293,,0.5176470588235293,2.123217769773375,-0.12972872821597115,-0.16763491820822518,,-0.28991761475088274,,-0.37519999999999953,-0.027835493311883397,24.6217,45.483599999999996,-23.158300000000004,,,9.3296,0.16440301132311697,-11.049600000000002
SA_248,2007-12-31,774.505,339.729,260.0,0.0,260.0,7.163,53.984,51.722,,21.845,0.0,2.262,174.838,35.43,127.148,6.572,10.589,,122.869,-517.59,-394.721,1.407859925324181,1.051441683524048,1.0155038759689923,,1.0155038759689923,2.442095146564152,0.6901690670006262,1.3749655615759027,,0.23153681362047585,,-7.9,0.4568133717732932,8.541,39.179,47.833000000000006,3.2356,,20.429000000000002,2.5859579597888294,-352.823
SA_248,2008-12-31,357.597,260.109,239.0,239.0,0.0,8.475,48.71,251.991,,14.548,0.0,-203.281,159.754,28.061,116.402,-332.89,11.787,,82.735,-60.157,22.578,-0.538289617239398,-0.234363271902016,-0.08076923076923082,,-1.0,0.18316347898925023,-0.09769561351511558,3.8720273771315883,,-0.3340352483405813,,-205.543,-0.08627415092828794,-7.369,-10.745999999999995,-339.462,0.11313627349135902,,-40.134,-0.8837748024498155,417.299
SA_164,2005-01-01,517.042,418.992,201.021,0.263,200.758,142.266,285.528,176.358,,22.119,71.616,109.17,1014.288,41.931,52.14,17.011,18.844,10.2,-13.391,-8.44,-21.831,,,,,,,,,,,,,,,,,,,,,
SA_164,2005-12-31,566.654,419.349,202.992,1.265,201.727,126.979,298.156,186.091,,49.146,108.65,112.065,1272.59,65.031,75.769,37.805,17.698,10.6,35.159,-11.785,23.374,0.09595352021692616,0.0008520449077786818,0.009804945751936467,3.8098859315589344,0.004826706781298817,-0.10745364317546002,0.044226835897004824,0.0551888771703013,,1.2218906822189068,0.5171190795352996,2.894999999999996,0.25466336977268766,23.10000000000001,23.629000000000005,20.794,-0.06081511356399916,0.03921568627450989,48.55,0.39632701421800953,45.205
SA_164,2006-12-30,800.615,498.853,252.449,,252.449,70.208,263.183,203.203,301.762,47.645,102.35,59.98,1364.648,59.157,77.1,138.308,19.496,14.0,60.507,-17.582,42.925,0.41288158205889314,0.18958910120210137,0.24364014345392926,,0.2514388257397373,-0.4470896762456784,-0.11729765626048116,0.09195501125793282,,-0.030541651406014725,-0.057984353428439994,-52.085,0.07233908800163436,-5.874000000000009,1.3309999999999889,100.50299999999999,0.10159340038422404,0.3207547169811322,25.348,0.49189647857445906,19.551
SA_164,2007-12-29,1022.223,702.377,368.781,25.884,342.897,135.408,360.409,318.326,,89.646,90.782,42.083,1273.465,27.003,47.066,7.192,20.38,14.3,80.367,-10.201,70.166,0.2767972121431648,0.4079839151012421,0.46081386735538654,,0.358282266913317,0.9286690975387419,0.36942355699266294,0.5665418325516849,,0.881540560394585,-0.11302393746946748,-17.897,-0.06681796331361645,-32.153999999999996,-30.033999999999992,-131.11599999999999,0.04534263438654085,0.021428571428571574,19.860000000000007,-0.4198043453532021,27.241
SA_164,2009-01-03,645.009,558.186,313.08,12.229,300.851,52.787,150.194,187.632,,33.935,52.96,-37.438,1033.193,-13.499,8.979,-199.46,20.401,13.2,-16.03,-12.179,-28.209,-0.3690134148810973,-0.20529003654732425,-0.15104086164959696,-0.527545974347087,-0.12261991210188483,-0.6101633581472291,-0.5832678984154114,-0.4105665261398692,,-0.6214555027552819,-0.41662444096847384,-79.521,-0.1886757782899412,-40.502,-38.087,-206.65200000000002,0.0010304219823356053,-0.07692307692307698,-96.397,0.193902558572689,-98.375
SA_40,2005-12-31,3655.1,2548.0,1158.0,36.4,1121.6,276.2,1899.3,1317.9,631.6,127.8,310.3,581.4,5721.3,-46.1,184.8,-588.1,98.7,230.9,-70.5,-139.4,-209.9,,,,,,,,,,,,,,,,,,,,,
SA_40,2006-12-31,3134.6,2411.3,984.2,84.7,899.5,394.9,1562.4,1405.4,723.3,133.8,343.9,157.0,5522.2,77.0,289.9,48.8,101.6,13.3,329.4,-78.5,250.9,-0.14240376460288362,-0.05364992150706427,-0.15008635578583762,1.326923076923077,-0.19802068473609125,0.4297610427226648,-0.17738114042015474,0.06639350481827155,0.14518682710576303,0.04694835680751175,0.10828230744440859,-424.4,-0.03479978326604105,123.1,105.09999999999997,636.9,0.029381965552178313,-0.9423993070593331,399.9,-0.4368723098995696,460.8
SA_40,2008-01-06,2733.6,2077.9,757.8,54.8,703.0,184.6,1319.2,1288.5,655.7,113.1,343.9,30.7,5542.4,-40.2,145.5,-73.8,88.7,9.9,-56.2,-74.4,-130.6,-0.12792700823071523,-0.13826566582341482,-0.2300345458240196,-0.35301062573789854,-0.21845469705391884,-0.5325398835148138,-0.15565796210957505,-0.08317916607371578,-0.093460528134937,-0.1547085201793723,0.0,-126.3,0.0036579624062873517,-117.2,-144.39999999999998,-122.6,-0.12696850393700776,-0.2556390977443609,-385.59999999999997,-0.0522292993630572,-381.5
SA_40,2009-01-04,2154.5,1940.2,817.8,206.5,611.3,154.9,1258.6,1253.4,214.3,117.1,432.8,5.2,5065.4,130.7,282.9,-374.1,72.9,146.6,51.0,-118.1,-67.1,-0.21184518583552825,-0.06626882910630927,0.07917656373713378,2.768248175182482,-0.13044096728307264,-0.1608884073672805,-0.045936931473620435,-0.027240977881257233,-0.6731737074881805,0.03536693191865603,0.25850537947077656,-25.5,-0.08606379907621242,170.89999999999998,137.39999999999998,-300.3,-0.1781285231116121,13.808080808080806,107.2,0.5873655913978493,63.5
SA_40,2010-01-03,1538.3,1852.6,963.6,107.7,855.9,188.7,1060.0,934.8,-314.3,79.4,298.5,125.2,4051.1,-351.3,-204.2,-558.2,111.5,,29.3,-32.3,-3.0,-0.2860060338825714,-0.0451499845376766,0.17828319882611887,-0.4784503631961259,0.400130868640602,0.21820529373789532,-0.15779437470204982,-0.25418860698899004,-2.466635557629491,-0.32194705380017075,-0.3103049907578559,120.0,-0.20024084968610567,-482.0,-487.09999999999997,-184.10000000000002,0.5294924554183813,,-21.7,-0.7265029635901779,64.1
SA_57,2009-12-31,625.336,172.333,0.0,0.0,0.0,78.306,156.805,98.264,453.003,23.465,0.0,58.541,291.144,-70.26,-9.611,-41.671,,,38.111,-19.6,18.511,,,,,,,,,,,,,,,,,,,,,
SA_209,2006-04-30,588.082,200.159,50.0,0.0,50.0,15.15,53.502,101.279,,25.014,0.0,-47.777,275.41,105.019,114.376,57.961,8.301,8.9,115.348,-10.714,104.634,,,,,,,,,,,,,,,,,,,,,
SA_209,2007-04-30,573.541,270.051,127.0,0.0,127.0,1.693,38.11,100.395,,23.063,0.0,-62.285,293.196,115.75,128.016,65.38,9.972,9.6,79.781,-8.949,70.832,-0.024726143633030717,0.3491823999920063,1.54,,1.54,-0.8882508250825083,-0.28769017980636247,-0.008728364221605722,,-0.07799632205964657,,-14.507999999999996,0.06458008060709486,10.730999999999995,13.639999999999986,7.418999999999997,0.20130104806649785,0.0786516853932584,-35.56699999999999,-0.16473772633936912,-33.80200000000001
SA_209,2008-04-30,600.065,363.548,231.0,0.0,231.0,4.594,41.918,91.646,,23.883,0.0,-49.728,278.505,66.72,78.855,32.427,14.402,9.791,33.949,-6.441,27.508,0.04624603995180809,0.3462197881140969,0.8188976377952757,,0.8188976377952757,1.7135262847017132,0.09992128050380478,-0.0871457741919418,,0.03555478472011453,,12.556999999999995,-0.050106413457209564,-49.03,-49.16099999999999,-32.952999999999996,0.44424388287204164,0.019895833333333446,-45.83200000000001,-0.28025477707006374,-43.324
SA_209,2009-04-30,608.208,364.544,232.0,0.0,232.0,0.306,50.943,92.368,243.664,30.841,0.0,-41.425,248.321,45.941,61.502,19.464,14.577,11.7,41.895,-7.603,34.292,0.01357019656203895,0.0027396657387743772,0.0043290043290042934,,0.0043290043290042934,-0.933391380060949,0.21530130254306012,0.00787813979879104,,0.29133693422099416,,8.303000000000004,-0.10837866465593071,-20.778999999999996,-17.353,-12.963000000000001,0.012151090126371278,0.19497497701971178,7.946000000000005,0.18040676913522735,6.7840000000000025
SA_209,2010-04-30,346.424,371.559,274.0,30.0,244.0,10.846,61.525,95.015,-25.135,29.988,0.0,-33.49,213.762,-251.815,-236.207,-272.259,22.213,12.7,-11.458,-15.66,-27.118,-0.43041854102543864,0.019243218925562022,0.18103448275862077,,0.051724137931034475,34.44444444444444,0.207722356359068,0.028657110687684062,-1.1031543436863878,-0.027657987743588075,,7.934999999999995,-0.13917067022120566,-297.756,-297.709,-291.723,0.5238389243328532,0.08547008547008539,-53.353,1.0597132710772064,-61.41
SA_266,2006-12-31,67.0294,9.9001,0.0,0.0,0.0,34.6841,43.4557,9.9001,57.1293,5.5887,2.1516,33.5556,72.6,17.4753,18.5067,17.5266,0.0,1.0314,21.6635,-15.3659,6.2976,,,,,,,,,,,,,,,,,,,,,
SA_266,2007-12-31,100.9439,11.9408,0.0,0.0,0.0,26.3666,38.4765,11.9408,,7.889,1.9554,26.5357,100.6548,29.5559,31.6839,27.0303,0.0,2.128,30.2431,-38.4075,-8.1644,0.5059645469003156,0.2061292310178684,,,,-0.23980728921897942,-0.11458105611001546,0.2061292310178684,,0.41159840392220004,-0.09118795315114336,-7.0199,0.38642975206611574,12.0806,13.177200000000003,9.503700000000002,,1.0632150475082414,8.5796,1.4995281760261356,-14.462
SA_266,2008-12-31,243.8068,96.7584,77.9263,0.0,77.9263,114.2871,124.8779,12.1768,147.0484,6.8061,2.311,112.7011,82.4197,28.5905,31.9972,36.0283,7.4564,3.4067,39.2265,-36.8983,2.3282,1.415270263978309,7.103175666622002,,,,3.3345406688765333,2.2455628760412196,0.01976416990486407,,-0.13726708074534166,0.18185537485936387,86.1654,-0.1811647333261801,-0.9654000000000025,0.31329999999999814,8.998000000000001,,0.6008928571428569,8.983400000000003,-0.03929440864414502,10.4926
SA_266,2009-12-31,271.0544,100.4509,79.2985,0.0,79.2985,115.9788,130.5212,14.214,170.6034,4.6007,2.0183,116.3072,102.1218,34.1297,38.6488,23.1046,10.6623,4.519,27.783,-24.2905,3.4924,0.11175898293238729,0.038162061381751045,0.01760894588861528,,0.01760894588861528,0.014802195523379469,0.045190542121544386,0.16730175415544313,0.16018535393788724,-0.3240328528819736,-0.1266551276503678,3.606099999999998,0.23904600477798366,5.539200000000001,6.651600000000002,-12.9237,0.4299527922321764,0.32650365456306707,-11.4435,-0.3416905385884986,1.1642000000000001
SA_307,2007-03-03,239.559,37.49,0.0,0.0,0.0,27.912,103.373,35.942,202.069,1.726,63.809,67.431,281.178,3.437,11.642,9.548,0.219,,13.189,-7.629,5.56,,,,,,,,,,,,,,,,,,,,,
SA_307,2008-03-01,229.629,37.494,0.0,0.0,0.0,11.904,93.406,36.316,192.135,2.445,66.086,57.09,267.149,2.479,10.138,0.807,0.171,,4.276,-9.787,-5.511,-0.04145116651847769,0.00010669511869831894,,,,-0.5735167669819432,-0.09641782670523247,0.010405653552946426,-0.04916142505777732,0.4165701042873695,0.03568462129166727,-10.340999999999994,-0.0498936616662754,-0.9579999999999997,-1.5039999999999996,-8.741,-0.2191780821917808,,-8.913,0.28286800367020604,-11.071
SA_307,2009-02-28,215.123,29.08,0.0,0.0,0.0,1.822,71.455,28.24,186.043,1.589,52.48,43.215,242.0,-3.993,4.01,-3.422,0.17,,3.215,-7.667,-4.452,-0.06317146353465808,-0.22440923881154318,,,,-0.8469422043010753,-0.23500631651071668,-0.22238131952858253,-0.031706872771748995,-0.35010224948875257,-0.20588324304693884,-13.875,-0.0941384770296726,-6.4719999999999995,-6.128,-4.229,-0.005847953216374324,,-1.061,-0.21661387554919798,1.0590000000000002
SA_307,2010-02-27,269.079,74.047,8.402,0.0,8.402,2.049,115.427,62.629,195.032,3.195,82.234,52.798,377.309,-4.842,6.572,8.308,1.538,,26.877,-12.224,14.653,0.2508146502233606,1.5463204951856948,,,,0.12458836443468702,0.6153803092855645,1.2177407932011333,0.048316786979354154,1.0106985525487726,0.5669588414634146,9.582999999999998,0.5591280991735539,-0.8489999999999998,2.5620000000000003,11.73,8.047058823529412,,23.662,0.5943654623712014,19.105
SA_307,2011-02-26,270.774,109.795,30.192,0.0,30.192,2.298,99.937,68.374,160.979,2.619,76.595,31.563,445.133,-50.38,-35.799,-32.857,1.366,,-15.558,-15.54,-31.098,0.0062992652715372355,0.48277445406296016,2.593430135681981,,2.593430135681981,0.12152269399707172,-0.13419737149886946,0.09173066790145135,-0.17460211657574143,-0.18028169014084494,-0.06857260986939706,-21.235000000000003,0.1797571751535212,-45.538000000000004,-42.371,-41.165,-0.1118335500650195,,-42.435,0.27126963350785327,-45.751
SA_186,2006-12-31,7537.0,5270.0,3258.0,68.0,3190.0,371.0,1989.0,1167.0,,257.0,194.0,822.0,1770.0,221.0,486.0,-333.0,382.0,168.0,-194.0,-155.0,-349.0,,,,,,,,,,,,,,,,,,,,,
SA_186,2007-12-31,13221.0,8692.0,5990.0,51.0,5939.0,328.0,1663.0,999.0,,426.0,199.0,664.0,3103.0,562.0,895.0,264.0,384.0,194.0,341.0,-379.0,-38.0,0.7541462120206979,0.6493358633776092,0.8385512584407613,-0.25,0.8617554858934169,-0.11590296495956875,-0.16390145801910505,-0.14395886889460152,,0.6575875486381324,0.025773195876288568,-158.0,0.7531073446327683,341.0,409.0,597.0,0.005235602094240788,0.15476190476190466,535.0,1.4451612903225808,311.0
SA_186,2008-12-31,14213.0,9728.0,6136.0,64.0,6072.0,693.0,2803.0,1702.0,4485.0,340.0,184.0,1101.0,3324.0,662.0,1038.0,174.0,427.0,206.0,319.0,-611.0,-292.0,0.07503214582860607,0.11919005982512654,0.024373956594323953,0.2549019607843137,0.02239434248189931,1.1128048780487805,0.6855081178592903,0.7037037037037037,,-0.2018779342723005,-0.07537688442211055,437.0,0.07122139864647115,100.0,143.0,-90.0,0.11197916666666674,0.061855670103092786,-22.0,0.6121372031662269,-254.0
SA_186,2009-12-31,10953.0,7974.0,5582.0,807.0,4775.0,471.0,2038.0,1847.0,2979.0,212.0,141.0,191.0,2468.0,-834.0,-475.0,-1247.0,415.0,,135.0,-612.0,-477.0,-0.22936748047562094,-0.1803042763157895,-0.0902868318122555,11.609375,-0.21360342555994727,-0.3203463203463204,-0.27292186942561536,0.0851938895417157,-0.33578595317725757,-0.3764705882352941,-0.23369565217391308,-910.0,-0.25752105896510225,-1496.0,-1513.0,-1421.0,-0.02810304449648715,,-184.0,0.0016366612111293755,-185.0
SA_186,2010-12-31,10013.0,7267.0,4774.0,148.0,4626.0,291.0,2244.0,1565.0,2746.0,230.0,121.0,679.0,2323.0,-11.0,397.0,-234.0,363.0,,423.0,-333.0,90.0,-0.08582123619099791,-0.08866315525457735,-0.1447509853099248,-0.8166047087980174,-0.031204188481675388,-0.3821656050955414,0.10107948969578007,-0.15268002165674066,-0.07821416582745888,0.08490566037735858,-0.14184397163120566,488.0,-0.05875202593192874,823.0,872.0,1013.0,-0.1253012048192771,,288.0,-0.4558823529411765,567.0
SA_274,2007-06-30,283.879,82.031,0.0,0.0,0.0,147.562,238.398,80.089,,9.161,16.263,158.309,270.795,40.144,47.99,30.118,0.0,,62.092,-17.69,44.402,,,,,,,,,,,,,,,,,,,,,
SA_274,2008-06-30,309.315,72.057,0.0,0.0,0.0,213.296,266.053,50.108,,4.51,8.68,215.945,257.938,18.82,29.899,10.152,,,57.914,-6.246,51.668,0.08960155559234728,-0.12158818007826311,,,,0.4454669901465145,0.11600348996216403,-0.3743460400304661,,-0.5076956664119638,-0.4662731353378836,57.635999999999996,-0.04747872006499387,-21.323999999999998,-18.091,-19.966,,,-4.177999999999997,-0.6469191633691351,7.265999999999998
SA_274,2009-06-30,263.312,70.39,0.0,0.0,0.0,187.937,213.565,48.651,192.922,9.375,6.828,164.914,75.761,-62.244,-48.715,-70.232,,,-31.85,-3.189,-35.039,-0.1487254093723227,-0.02313446299457378,,,,-0.11889111844572786,-0.19728399980455025,-0.02907719326255276,,1.0787139689578713,-0.21336405529953906,-51.031000000000006,-0.7062821298141414,-81.064,-78.614,-80.384,,,-89.76400000000001,-0.48943323727185406,-86.707
SA_274,2010-12-31,370.941,146.637,0.0,0.0,0.0,93.224,225.128,116.028,224.304,62.328,23.025,109.1,557.198,-172.711,-89.168,-128.889,0.0,,-79.055,-9.237,-88.292,,,,,,,,,,,,,,,,,,,,,
SA_64,2007-06-30,600.6786,75.1717,26.7087,0.9128,25.7959,80.77,284.8832,42.9396,,36.4976,38.6922,241.9436,113.5669,-36.7986,-24.6289,-25.2309,0.0025,,-21.8139,-186.9897,-208.8036,,,,,,,,,,,,,,,,,,,,,
SA_64,2008-06-30,1041.9671,400.0555,343.1416,1.0865,342.055,484.4916,592.161,52.1025,,53.5252,31.3368,540.0584,255.861,6.4521,28.3693,3.8535,0.1648,,28.5102,-117.3346,-88.8244,0.734649944246391,4.321889753723808,11.847559035070969,0.19029360210341806,12.260052954151629,4.998410300854278,1.078609760070092,0.21339043679959757,,0.4665402656613038,-0.1901003302991301,298.1148,1.2529539857123861,43.2507,52.9982,29.0844,64.92,,50.3241,-0.37250768357829334,119.97919999999999
SA_64,2009-06-30,1076.097,338.748,275.303,5.917,269.386,56.379,450.106,59.661,737.349,69.382,74.266,390.445,316.293,20.596,54.201,8.547,14.682,8.2,11.089,-242.257,-231.168,0.03275525685983749,-0.15324748691119106,-0.19769855942852743,4.445927289461574,-0.21244829047960123,-0.8836326574083018,-0.2398925292276931,0.14506981430833465,,0.29624924334705915,1.3699292844195963,-149.6134,0.23619074419313613,14.1439,25.8317,4.6935,88.08980582524272,,-17.4212,1.0646680518789857,-142.3436
SA_64,2010-06-30,691.947,390.322,276.075,12.125,263.95,79.158,353.682,77.29,301.625,72.021,61.495,276.392,254.416,-435.101,-402.393,-457.062,28.676,,-34.176,-31.992,-66.168,-0.35698454693210746,0.15224886936601845,0.002804183027427909,1.0491803278688527,-0.020179222379782313,0.40403341669770665,-0.21422509364460807,0.29548616349038737,-0.5909331944574414,0.03803580179297228,-0.1719629440120648,-114.053,-0.19563189827153937,-455.697,-456.594,-465.60900000000004,0.9531398991962947,,-45.265,-0.8679418964157899,165.0
SA_64,2011-06-30,388.478,363.429,264.886,13.642,251.244,27.769,267.369,70.497,25.049,39.153,68.499,196.872,232.546,-288.067,-270.022,-306.072,25.404,,-24.15,-38.418,-62.568,-0.43857260743958715,-0.068899523982763,-0.040528841800235305,0.12511340206185562,-0.048137904906232154,-0.6491952803254251,-0.2440412574007158,-0.08788976581705277,-0.9169531703273933,-0.4563668929895447,0.11389543865354912,-79.51999999999998,-0.08596157474372679,147.034,132.37099999999998,150.99,-0.11410238526991212,,10.026000000000003,0.20086271567891978,3.6000000000000085
SA_113,2007-12-31,607.56,467.578,378.258,0.02,378.238,17.183,60.976,43.925,,27.268,10.709,17.051,339.038,52.845,79.772,10.343,31.307,,62.236,-24.605,37.631,,,,,,,,,,,,,,,,,,,,,
SA_113,2008-12-31,454.559,453.687,390.5,0.0,390.5,39.684,85.049,38.156,,27.879,12.323,46.893,329.298,39.332,66.843,-120.431,31.893,,52.029,-18.004,34.025,-0.251828625979327,-0.029708412286292285,0.03236415356714195,-1.0,0.03241874163886238,1.3094919397078506,0.394794673314091,-0.1313375071143995,,0.022407217250990152,0.15071435241385767,29.842000000000002,-0.028728343135577705,-13.512999999999998,-12.929000000000002,-130.774,0.0187178586258665,,-10.206999999999994,-0.2682788051209103,-3.6060000000000016
SA_113,2009-12-31,455.665,446.869,390.602,0.001,390.601,44.649,87.579,27.157,8.796,26.289,11.057,60.422,312.331,33.979,62.451,4.234,26.802,,33.528,-24.486,9.042,0.0024331274928006685,-0.015027981846515326,0.0002612035851472516,,0.000258642765684991,0.12511339582703362,0.029747557290503046,-0.2882639689694937,,-0.05703217475519207,-0.10273472368741376,13.528999999999996,-0.05152475872917539,-5.3530000000000015,-4.392000000000003,124.66499999999999,-0.15962750446806517,,-18.501000000000005,0.3600311041990669,-24.982999999999997
SA_113,2010-12-31,470.925,500.718,450.691,0.001,450.69,42.173,81.775,39.468,-29.793,21.432,12.549,42.307,315.455,0.639,35.529,-40.489,50.078,,19.895,-35.902,-16.007,0.033489515323757546,0.12050287668198068,0.15383689791654942,0.0,0.15383729176320582,-0.05545476942372729,-0.06627159478870492,0.4533269506941122,-4.387107776261937,-0.184754079653087,0.13493714389074785,-18.114999999999995,0.010002209194732492,-33.339999999999996,-26.921999999999997,-44.723,0.8684426535333185,,-13.633,0.4662255983010699,-25.049
SA_113,2011-12-31,434.029,530.827,471.505,471.405,0.1,9.944,59.084,516.622,-96.798,26.293,12.551,-457.538,328.463,-8.087,28.48,-69.455,58.714,27.6,-22.018,-16.837,-38.855,-0.0783479322609758,0.06013165094923689,0.0461824176653185,471403.99999999994,-0.9997781179968492,-0.7642093282431888,-0.27748089269336595,12.089642241816152,2.2490182257577285,0.22681037700634565,0.00015937524902387423,-499.845,0.041235675452917286,-8.725999999999999,-7.049000000000003,-28.966,0.17245097647669616,,-41.913,-0.5310289120383266,-22.847999999999995
SA_34,2007-12-31,955.555,542.585,415.778,0.0,415.778,223.33,269.611,25.225,,3.684,0.0,244.386,27.144,-98.322,-79.863,-272.147,44.56,,-68.924,-105.277,-174.201,,,,,,,,,,,,,,,,,,,,,
SA_34,2008-12-31,701.469,531.599,430.317,0.0,430.317,154.357,163.854,13.832,,6.652,0.0,150.022,49.227,-81.171,-56.274,-249.829,47.742,,-74.957,-36.795,-111.752,-0.26590410808378373,-0.02024751882193576,0.03496818013459113,,0.03496818013459113,-0.3088389378945955,-0.39225773429125654,-0.4516551040634291,,0.8056460369163951,,-94.364,0.813549955791335,17.150999999999996,23.589,22.317999999999984,0.0714093357271095,,-6.032999999999987,-0.6504934601099955,62.449
SA_34,2009-12-31,584.426,252.077,158.252,0.253,157.999,50.669,63.51,8.049,332.349,6.824,0.0,55.461,63.244,-54.284,-26.444,-2.138,47.605,27.5,-18.54,-8.632,-27.172,-0.16685413040348185,-0.5258136301987024,-0.6322432067522314,,-0.632831145411406,-0.6717414824076653,-0.6123988428723133,-0.41808849045691154,,0.025856885147323982,,-94.56099999999999,0.2847421130680319,26.887000000000008,29.830000000000002,247.691,-0.002869590716769288,,56.416999999999994,-0.765402908003805,84.58
SA_34,2010-12-31,558.47,271.124,168.739,0.225,168.514,21.314,39.684,16.135,287.346,10.446,0.0,23.549,76.118,-36.031,-7.53,-49.382,13.502,28.2,1.101,-32.078,-30.977,-0.04441280846505802,0.07556024548054774,0.06626772489447208,-0.11067193675889331,0.06655105412059581,-0.5793483194852869,-0.3751535191308456,1.0045968443284883,-0.13540886237058025,0.5307737397420869,,-31.912,0.2035608120928467,18.253,18.913999999999998,-47.244,-0.7163743304274761,0.025454545454545396,19.641,2.7161723818350327,-3.8049999999999997
SA_29,2007-12-31,2307.133,1997.267,1404.011,12.165,1391.846,199.449,442.651,345.763,,127.891,0.0,96.888,607.935,210.973,458.351,48.62,121.302,,329.388,-849.839,-520.451,,,,,,,,,,,,,,,,,,,,,
SA_29,2008-12-31,2275.61,1959.261,1366.63,10.5,1356.13,214.993,375.378,338.919,316.349,93.915,0.0,36.459,618.029,223.132,469.566,121.705,100.729,,546.967,-917.693,-370.726,-0.013663278189857131,-0.019029003132780997,-0.02662443527864089,-0.13686806411837227,-0.02566088489674856,0.07793471012639808,-0.15197751727659037,-0.019793905073706486,,-0.26566372926945603,,-60.429,0.016603748756034875,12.158999999999992,11.214999999999975,73.08500000000001,-0.1696014904947981,,217.579,0.07984335856556357,149.72500000000002
SA_29,2009-12-31,2803.147,2067.618,1216.685,16.838,1199.847,108.961,285.908,312.302,595.931,52.551,0.0,-26.394,336.517,7.134,159.914,-48.961,40.884,,159.827,-635.447,-475.62,0.23182223667500135,0.0553050359293632,-0.10971879733358714,0.6036190476190477,-0.11524190158760594,-0.4931881503118706,-0.2383464134818769,-0.0785349891862066,0.8837770942851093,-0.4404408241494969,,-62.853,-0.4554996610191431,-215.998,-309.652,-170.666,-0.5941188734128205,,-387.14,-0.30756037149678594,-104.894
SA_29,2010-12-31,3290.102,2897.265,1879.409,21.625,1857.784,154.695,313.989,420.128,251.986,92.737,0.0,-106.139,435.311,-18.215,202.442,-337.549,222.104,,-37.28,-598.108,-635.388,0.17371725421463813,0.4012573889374149,0.5446964497795239,0.2842974224967334,0.5483507480537102,0.4197281596167435,0.09821690893574142,0.3452619579765739,-0.5771557445408948,0.7647047629921409,,-79.745,0.2935780361764784,-25.349,42.52800000000002,-288.58799999999997,4.432540847275218,,-197.107,-0.05876021131581399,-159.76800000000003
SA_29,2011-12-31,3388.774,3106.565,2010.005,33.848,1976.157,65.678,187.143,534.615,96.334,70.628,0.0,-347.472,674.591,140.076,438.65,-191.899,326.411,298.574,197.091,-436.91,-239.819,0.02999055956319907,0.07224054409934899,0.06948780175044389,0.5652254335260116,0.06371731051618479,-0.5754355344387343,-0.40398230511259947,0.2725050460811944,-0.617700983387966,-0.23840538296472813,,-241.33299999999997,0.5496759787829852,158.291,236.20799999999997,145.64999999999998,0.4696313438749413,,234.371,-0.26951319828525944,395.5690000000001
SA_65,2007-12-31,4158.917,2208.422,1565.798,34.464,1531.334,502.42,804.753,213.301,,180.406,9.195,591.452,1129.305,200.438,385.937,211.31,74.696,152.311,167.624,-560.942,-393.318,,,,,,,,,,,,,,,,,,,,,
SA_65,2008-12-31,3890.061,2065.428,1423.458,27.323,1396.135,343.609,678.289,194.938,1722.867,219.5,6.627,483.351,1704.697,467.798,656.961,317.665,57.449,,376.337,-619.08,-242.743,-0.06464567578530667,-0.06474940025049569,-0.0909057234713545,-0.2072017177344475,-0.08828838124145355,-0.31609211416742966,-0.15714635422297285,-0.08608961045658481,,0.21670010975244725,-0.2792822185970637,-108.101,0.5095098312679036,267.36,271.024,106.35500000000002,-0.23089589804005572,,208.713,0.10364351394618354,150.575
SA_65,2009-12-31,4208.441,2340.586,1846.491,33.202,1813.289,474.69,817.366,183.093,1867.855,146.311,8.11,634.273,1093.618,77.13,249.534,70.17,45.125,,218.121,-599.333,-381.212,0.0818444749323981,0.13322081428159205,0.29718685061308436,0.21516670936573568,0.2987920222614575,0.38148302285446545,0.20504091913623834,-0.06076290923267913,0.08415507407130085,-0.33343507972665143,0.2237814999245511,150.92200000000003,-0.3584678098219214,-390.668,-407.427,-247.495,-0.21452070532124146,,-158.21599999999998,-0.03189733152419727,-138.469
SA_65,2010-12-31,4241.103,2430.96,1986.19,44.607,1941.583,253.649,594.877,173.785,1810.143,160.993,14.95,421.092,1045.61,-79.295,91.375,-134.243,67.044,,-27.714,-424.019,-451.733,0.0077610687663198785,0.038611698096117975,0.07565647490293759,0.3435034034094333,0.07075209743179389,-0.4656533737807832,-0.27220241605351825,-0.0508375525006417,-0.030897473304940637,0.10034788908557779,0.843403205918619,-213.18100000000004,-0.04389832647231484,-156.425,-158.159,-204.413,0.4857396121883655,,-245.835,-0.2925151793744045,-70.52100000000002
SA_65,2011-12-31,3993.545,2991.253,2065.892,14.99,2050.902,54.877,320.358,140.101,1002.292,168.313,19.219,180.257,1049.531,-121.633,58.088,-201.363,79.898,179.721,-61.061,-194.246,-255.307,-0.05837113599929078,0.23048219633395872,0.04012808442294036,-0.66395408792342,0.05630405705035524,-0.7836498468355877,-0.4614718672935749,-0.19382570417469858,-0.44629125986178997,0.045467815370854536,0.28555183946488305,-240.83499999999998,0.0037499641357676694,-42.337999999999994,-33.287,-67.12,0.19172483742020163,,-33.347,-0.5418931698815384,196.42600000000002
SA_72,2008-04-26,1117.327,638.639,445.838,133.628,312.21,4.034,289.889,254.678,478.688,77.591,149.548,35.211,1087.903,99.488,124.836,41.121,19.857,16.407,103.706,-17.723,85.983,,,,,,,,,,,,,,,,,,,,,
SA_72,2009-04-25,1077.205,566.926,371.657,127.071,244.586,1.871,279.071,235.318,510.279,103.683,127.108,43.753,1046.98,77.684,101.999,27.128,30.238,15.921,71.214,-11.622,59.592,-0.035908914758168486,-0.11229035495796524,-0.16638554811388895,-0.04906905738318312,-0.21659780276096208,-0.5361923648983639,-0.037317731959474076,-0.0760175594279835,0.06599496958352824,0.3362761144978157,-0.15005215716692966,8.542000000000002,-0.03761640513906106,-21.804000000000002,-22.837000000000003,-13.993000000000002,0.5227879337261419,-0.029621503017004946,-32.492000000000004,-0.3442419454945551,-26.391000000000005
SA_72,2010-04-24,1067.82,516.632,332.139,132.397,199.742,21.035,232.996,223.069,551.188,72.734,99.91,9.927,896.678,74.697,101.544,25.852,30.532,16.109,112.059,-13.832,98.227,-0.008712362085211312,-0.08871351816639228,-0.10632922291252411,0.04191357587490452,-0.18334655295070046,10.242650988776056,-0.16510135413568594,-0.05205296662388781,0.08016986785660385,-0.29849637838411325,-0.21397551688328043,-33.826,-0.14355766108235113,-2.9869999999999948,-0.4549999999999983,-1.2759999999999998,0.00972286526886701,0.01180830349852413,40.845,0.1901565995525727,38.635000000000005
SA_72,2011-04-30,637.544,435.915,296.279,98.243,198.036,9.821,219.684,237.191,201.629,67.442,111.266,-17.507,762.078,-391.429,-363.597,-356.273,28.157,17.018,60.01,-15.789,44.221,-0.4029480624075219,-0.1562369346072251,-0.10796684520637445,-0.257966570239507,-0.008541017913107907,-0.5331114808652246,-0.057134028051983754,0.063307765758577,-0.6341919635405706,-0.07275826986003797,0.11366229606645994,-27.434,-0.15010962686716978,-466.126,-465.14099999999996,-382.125,-0.0777872396174506,0.05642808367993046,-52.049,0.14148351648351642,-54.00600000000001
SA_72,2012-04-28,463.521,395.575,290.623,0.955,289.668,0.484,195.029,105.32,67.946,62.826,100.504,89.709,731.991,-95.078,-65.428,-134.017,27.182,19.06,17.89,-11.098,6.792,-0.272958415419171,-0.09254097702533759,-0.019090114385427293,-0.9902792056431502,0.46270375083318194,-0.9507178495061602,-0.1122293840243258,-0.5559696615807515,-0.663014744902767,-0.0684439963227661,-0.09672316790394186,107.21600000000001,-0.03948021068709506,296.351,298.169,222.25600000000003,-0.034627268530028066,0.11999059819015145,-42.12,-0.2971055798340616,-37.428999999999995
SA_74,2007-12-30,981.094,598.61,363.617,13.617,350.0,58.151,436.969,244.809,,237.657,94.31,192.16,780.517,-101.862,-45.847,-309.535,10.086,25.4,-26.197,-14.307,-40.504,,,,,,,,,,,,,,,,,,,,,
SA_74,2008-12-28,487.896,502.975,306.321,0.0,306.321,46.906,373.815,194.756,-15.079,213.871,81.098,179.059,890.234,-11.75,39.469,-348.664,11.233,21.0,27.306,-13.536,13.77,-0.5027020856309385,-0.15976178146038322,-0.15757239072980633,-1.0,-0.12479714285714283,-0.1933758662791698,-0.14452741498824861,-0.20445735246661678,,-0.10008541721893316,-0.1400911886332309,-13.100999999999999,0.14056964806660188,90.112,85.316,-39.12899999999996,0.11372199087844548,-0.17322834645669283,53.503,-0.05388970434053264,54.274
SA_74,2010-01-03,389.852,389.24,268.983,0.0,268.983,60.439,294.315,118.901,0.612,142.949,60.544,175.414,567.486,-1.877,28.265,-5.67,17.036,19.4,31.269,-10.151,21.118,-0.20095266204273055,-0.22612455887469562,-0.12189174101677658,,-0.12189174101677658,0.28851319660597796,-0.2126720436579591,-0.3894873585409435,-1.040586245772266,-0.33161111137087307,-0.2534464475079534,-3.6450000000000102,-0.362542881983838,9.873,-11.204,342.99399999999997,0.5166028665539038,-0.07619047619047625,3.9629999999999974,-0.2500738770685579,7.347999999999999
SA_74,2011-01-02,425.584,364.305,205.371,55.371,150.0,61.601,345.475,213.716,61.279,186.96,50.417,131.759,591.461,26.824,50.116,3.713,14.165,17.903,15.767,-4.716,11.051,0.09165529482983303,-0.06406073373753984,-0.23649078194532736,,-0.4423439399515955,0.019225996459239836,0.1738273618402053,0.79742811246331,99.12908496732027,0.3078790337812787,-0.16726678118393223,-43.655,0.042247738270195345,28.701,21.851,9.383,-0.16852547546372398,-0.07716494845360822,-15.501999999999999,-0.5354152300265984,-10.066999999999998
SA_74,2012-01-01,342.33,375.028,252.19,0.0,252.19,64.121,308.367,114.025,-32.698,96.777,88.627,194.342,444.446,-53.698,-34.652,-77.619,13.591,13.826,-47.932,-7.71,-55.642,-0.19562295575021627,0.029434127997145287,0.22797279070560106,-1.0,0.6812666666666667,0.04090842681125295,-0.10741153484333166,-0.4664648411911134,-1.5335922583593073,-0.4823652118100129,0.7578792867485171,62.58300000000003,-0.24856245804879773,-80.522,-84.768,-81.332,-0.04052241440169435,-0.2277271965592358,-63.699,0.6348600508905851,-66.693
SA_18,2008-12-31,315.419,567.474,500.087,0.296,499.791,74.7,152.552,65.203,,61.813,9.502,87.349,544.533,10.258,79.793,-246.926,50.4,65.621,68.415,-48.374,20.041,,,,,,,,,,,,,,,,,,,,,
SA_18,2009-12-31,298.541,571.773,514.673,1.81,512.863,58.904,142.716,57.616,,67.716,10.595,85.1,479.869,23.031,89.273,-21.081,45.748,62.121,38.333,-46.861,-8.528,-0.053509775885409505,0.00757567747597232,0.029166924955057905,5.114864864864865,0.026154932761894623,-0.21145917001338688,-0.06447637526876071,-0.11635967670199232,,0.0954977108375259,0.11502841507051143,-2.2490000000000094,-0.11875129698291931,12.773,9.47999999999999,225.845,-0.09230158730158733,-0.05333658432513977,-30.082000000000008,-0.031277132343821124,-28.569000000000003
SA_18,2010-12-31,291.062,568.631,511.411,0.502,510.909,63.046,147.089,56.593,,68.042,10.02,90.496,496.426,44.211,107.57,-4.203,47.761,58.96,66.968,-53.257,13.711,-0.02505183542628986,-0.005495187775568344,-0.006338004907970651,-0.7226519337016575,-0.0038099843427973346,0.07031780524242826,0.03064127357829527,-0.017755484587614445,,0.004814224112469789,-0.0542708824917415,5.396000000000001,0.0345031664891875,21.18,18.296999999999997,16.878,0.044001923581358904,-0.05088456399607222,28.635000000000005,0.13648876464437376,22.239
SA_18,2011-12-31,277.044,571.216,512.579,1.514,511.065,30.473,125.751,59.117,,76.027,12.188,66.634,483.791,45.741,109.745,-14.759,60.265,,35.37,-48.922,-13.552,-0.04816156007998307,0.00454600610941025,0.0022838773510931443,2.0159362549800797,0.0003053381326223459,-0.5166545062335437,-0.1450686319167307,0.04459915537257242,,0.11735398724317325,0.21636726546906204,-23.861999999999995,-0.025451930398488365,1.5300000000000011,2.1750000000000114,-10.556000000000001,0.26180356357697687,,-31.598000000000006,-0.08139775053044673,-27.262999999999998
SA_265,2009-03-31,224.211,173.579,133.625,0.0,133.625,17.383,19.686,39.954,50.632,0.42,1.657,-20.268,4.957,-3.296,-3.23,-2.962,,,-5.189,-138.6,-143.789,,,,,,,,,,,,,,,,,,,,,
SA_265,2010-03-31,298.204,187.579,37.709,0.0,37.709,6.962,9.054,34.004,110.625,0.249,0.987,-24.95,2.606,-6.079,-5.793,-5.432,,,-5.976,-98.835,-104.811,0.3300150304846774,0.0806549179336209,-0.717799812909261,,-0.717799812909261,-0.5994937582695737,-0.5400792441328863,-0.14892125944836565,1.1848830778954023,-0.40714285714285714,-0.40434520217260106,-4.681999999999999,-0.4742787976598749,-2.783,-2.563,-2.47,,,-0.7869999999999999,-0.2869047619047619,38.97799999999998
SA_265,2011-03-31,502.593,405.776,352.81,0.0,352.81,18.355,20.32,52.966,96.817,0.548,0.886,-32.646,3.647,-11.906,-11.706,-11.837,,,-9.557,-183.64,-193.197,0.685399927566364,1.1632272269283876,8.35612188071813,,8.35612188071813,1.6364550416546972,1.2443119063397394,0.5576402776143985,-0.12481807909604525,1.200803212851406,-0.10233029381965553,-7.6960000000000015,0.3994627782041442,-5.827000000000001,-5.912999999999999,-6.404999999999999,,,-3.5810000000000004,0.8580462386806293,-88.386
SA_205,2008-12-31,599.913,657.998,456.526,417.758,38.768,23.704,73.34,569.867,,9.341,1.627,-496.527,331.017,31.54,76.288,-45.966,8.429,,50.948,-9.161,41.787,,,,,,,,,,,,,,,,,,,,,
SA_205,2009-12-31,551.881,657.523,488.144,56.116,432.028,22.6,61.722,184.501,-131.642,12.142,1.339,-122.779,327.692,58.395,102.731,-41.216,96.344,10.922,39.679,-3.542,36.137,-0.08006494275003218,-0.0007218866926647083,0.06925782978406492,-0.8656734281569712,10.143933140734626,-0.046574417819777225,-0.15841287155713124,-0.6762384907355576,,0.29986082860507435,-0.17701290719114937,373.748,-0.010044801324403219,26.855000000000004,26.442999999999998,4.75,10.430062878158736,,-11.268999999999998,-0.6133609867918349,-5.649999999999999
SA_205,2010-12-31,532.817,682.597,525.56,15.009,510.551,34.585,62.94,138.212,-149.78,9.886,1.028,-75.272,345.997,71.735,104.661,-43.153,90.801,10.113,42.64,-3.53,39.11,-0.034543678800321054,0.03813402725075776,0.07664951325838265,-0.7325361750659348,0.18175442332441416,0.5303097345132743,0.019733644405560247,-0.2508875290648832,0.1377827744944622,-0.18580135068357773,-0.23226288274831963,47.50699999999999,0.05586038108955971,13.339999999999996,1.9300000000000068,-1.9369999999999976,-0.0575334219048409,-0.07407068302508713,2.9609999999999985,-0.0033879164313946886,2.972999999999999
SA_205,2011-12-31,493.364,621.648,470.785,8.27,462.515,23.364,54.352,130.823,-128.284,8.939,0.822,-76.471,330.436,65.34,89.03,-31.143,87.797,,37.787,-5.457,32.33,-0.0740460608426533,-0.08928987382013098,-0.10422216302610532,-0.4489972683056833,-0.09408658488574106,-0.3244470146017059,-0.13644741023196694,-0.05346134923161505,-0.14351715849913216,-0.09579202913210594,-0.20038910505836582,-1.198999999999998,-0.044974378390564174,-6.394999999999996,-15.631,12.009999999999998,-0.033083336086607074,,-4.8530000000000015,0.5458923512747875,-6.780000000000001
SA_205,2012-12-31,452.153,628.567,500.92,500.92,0.0,16.839,45.269,602.928,-176.414,12.323,0.763,-557.659,314.379,55.131,74.938,-49.441,91.403,,12.546,-2.468,10.078,-0.08353061836696629,0.011130092914318102,0.06401011077243335,59.57073760580412,-1.0,-0.279275808936826,-0.16711436561672066,3.608730880655542,0.375183187303171,0.37856583510459796,-0.07177615571776153,-481.188,-0.048593373603360246,-10.209000000000003,-14.091999999999999,-18.298000000000002,0.04107201840609598,,-25.241,-0.5477368517500458,-22.252
SA_41,2008-12-31,470.627,232.717,155.498,12.048,143.45,2.456,53.277,66.262,222.15,38.776,,-12.985,189.946,30.071,47.641,14.303,7.085,5.777,34.451,-6.601,27.85,,,,,,,,,,,,,,,,,,,,,
SA_41,2009-12-31,528.29,252.827,159.965,22.005,137.96,2.894,76.134,97.201,248.863,57.205,0.0,-21.067,262.917,50.777,77.301,30.813,,9.439,61.249,-3.05,58.199,0.12252378210344905,0.08641397061667178,0.028727057582734306,0.8264442231075697,-0.03827117462530483,0.17833876221498368,0.4290219043865082,0.46691919954121497,0.1202475804636507,0.475268207138436,,-8.082,0.38416707906457614,20.706,29.660000000000004,16.509999999999998,,0.6338930240609313,26.798000000000002,-0.5379487956370248,30.348999999999997
SA_41,2010-12-31,535.401,229.963,139.146,7.578,131.568,4.862,80.172,77.754,278.858,59.801,0.0,2.418,306.895,59.036,84.621,32.355,,9.767,64.423,-9.124,55.299,0.01346041000208209,-0.09043337934635143,-0.13014721970431042,-0.6556237218813905,-0.046332270223253036,0.6800276434001382,0.05303806446528481,-0.20006995812800266,0.12052816208114514,0.04538064854470769,,23.485,0.1672695185172508,8.259,7.319999999999993,1.541999999999998,,0.03474944379701239,3.1739999999999995,1.9914754098360659,-2.8999999999999986
SA_41,2011-12-31,615.603,296.185,176.391,7.667,168.724,0.752,83.387,86.716,306.692,72.117,0.0,-3.329,268.612,38.462,64.318,19.493,,7.65,41.302,-6.956,34.346,0.1497980018714944,0.2879680644277558,0.2676684920874477,0.011744523621008085,0.2824090964368233,-0.8453311394487866,0.040101282243177216,0.11526095120508262,0.09981424237425496,0.20594973328205213,,-5.747,-0.12474299027354618,-20.573999999999998,-20.302999999999997,-12.861999999999998,,-0.21675028156035625,-23.121000000000002,-0.23761508110477858,-20.953000000000003
SA_41,2012-12-31,449.54,236.279,166.043,15.162,150.881,3.509,82.571,78.158,205.978,60.3,0.0,4.413,254.311,-133.896,-107.834,-101.756,,7.611,36.711,-7.523,29.188,-0.2697566451105663,-0.20225872343298956,-0.05866512463787832,0.9775661927742274,-0.10575259002868587,3.6662234042553186,-0.009785698010481236,-0.09868997647492961,-0.32838808967954825,-0.1638587295644578,,7.742000000000001,-0.053240361562402305,-172.358,-172.152,-121.249,,-0.005098039215686301,-4.591000000000001,0.08151236342725698,-5.157999999999998
SA_137,2009-01-31,628.627,346.131,0.0,0.0,0.0,81.23,273.731,180.742,282.496,15.991,135.376,92.989,1024.221,-46.212,15.599,-25.963,0.747,,95.533,-81.215,14.318,,,,,,,,,,,,,,,,,,,,,
SA_137,2010-01-30,583.523,347.962,0.0,0.0,0.0,84.65,286.437,187.552,235.561,5.977,161.546,98.885,1038.581,-45.178,18.543,-56.132,1.568,63.721,24.625,-21.681,2.944,-0.07175002028229771,0.005289904689265157,,,,0.04210267142681268,0.04641783356653062,0.037678016177756124,-0.16614394540099675,-0.6262272528297167,0.1933134381278807,5.896000000000001,0.014020411610384809,1.034000000000006,2.943999999999999,-30.168999999999997,1.0990629183400267,,-70.908,-0.7330419257526319,-11.373999999999999
SA_137,2011-01-29,506.723,313.714,0.0,0.0,0.0,51.613,244.292,162.446,193.009,9.561,156.481,81.846,981.101,-43.379,19.95,-44.111,1.822,,-0.989,-31.084,-32.073,-0.1316143493915407,-0.09842454061075634,,,,-0.390277613703485,-0.14713532120501194,-0.13386154239890802,-0.18064110782345133,0.5996319223690814,-0.03135329875082016,-17.039,-0.05534474441569792,1.7989999999999995,1.407,12.021,0.16198979591836737,,-25.614,0.43369770767031035,-35.017
SA_137,2012-01-28,413.115,296.702,15.735,15.735,0.0,51.365,203.262,149.04,116.413,8.199,131.975,54.222,773.021,-95.7,-38.957,-99.694,2.313,,-44.224,-8.895,-53.119,-0.18473209228710752,-0.05422773609083431,,,,-0.0048049909906418,-0.16795474268498356,-0.08252588552503604,-0.39685196027128267,-0.1424537182303106,-0.15660687239984405,-27.624000000000002,-0.21208825594918368,-52.321000000000005,-58.907,-55.583000000000006,0.269484083424808,,-43.235,-0.7138399176425171,-21.046
SA_137,2013-02-02,345.908,308.772,0.577,0.577,0.0,21.734,170.415,146.383,37.136,5.15,125.207,24.032,742.472,-68.685,-17.248,-81.842,9.602,,-42.144,-16.496,-58.64,-0.16268351427568595,0.04068054815943278,-0.963330155703845,-0.963330155703845,,-0.5768714104935266,-0.16159931516958415,-0.017827428878153362,-0.6809978267032032,-0.37187461885595796,-0.05128243985603331,-30.19,-0.039518978139015615,27.015,21.709,17.852000000000004,3.1513186338089056,,2.0799999999999983,0.8545250140528386,-5.521000000000001
SA_76,2009-12-31,2429.3,1381.0,627.8,0.0,627.8,908.2,2015.7,654.5,1048.3,322.5,670.6,1361.2,4073.6,355.5,448.4,205.0,44.1,,245.8,-81.0,164.8,,,,,,,,,,,,,,,,,,,,,
SA_76,2010-12-31,2175.4,1332.9,639.8,308.0,331.8,569.4,1778.7,908.1,842.5,377.5,723.7,870.6,4265.8,350.2,434.4,206.1,41.9,,155.0,-80.1,74.9,-0.10451570411229572,-0.0348298334540188,0.019114367633004115,,-0.47148773494743546,-0.37304558467297955,-0.117577020389939,0.3874713521772346,-0.19631784794429075,0.1705426356589148,0.07918282135401133,-490.6,0.04718185388845253,-5.300000000000011,-14.0,1.0999999999999943,-0.049886621315192836,,-90.80000000000001,-0.011111111111111183,-89.9
SA_76,2011-12-31,2175.1,1421.8,670.6,0.0,670.6,591.7,1812.8,636.1,753.3,325.9,744.4,1176.7,4032.1,174.0,257.1,72.2,46.8,,217.9,-82.1,135.8,-0.00013790567252003338,0.06669667641983623,0.04814004376367631,-1.0,1.021097046413502,0.03916403231471732,0.0191713048855906,-0.2995264838674154,-0.1058753709198813,-0.1366887417218544,0.02860301229791351,306.1,-0.054784565614890535,-176.2,-177.29999999999995,-133.89999999999998,0.1169451073985679,,62.900000000000006,0.024968789013732895,60.900000000000006
SA_76,2012-12-31,2299.1,1700.4,777.7,278.7,499.0,535.7,1981.9,978.2,598.7,364.0,908.3,1003.7,3831.3,-25.0,55.7,-139.4,54.5,,-43.0,-67.8,-110.8,0.057008873155257156,0.19594879729919823,0.15970772442588732,,-0.25589024753951684,-0.09464255534899446,0.0932811120917918,0.5378085206728502,-0.20523031992566032,0.1169070266953054,0.2201773240193443,-173.0,-0.049800352173805185,-199.0,-201.40000000000003,-211.60000000000002,0.1645299145299146,,-260.9,-0.17417783191230207,-246.60000000000002
SA_76,2013-12-31,1591.2,1384.8,614.1,1.1,613.0,179.8,1333.0,584.6,206.4,179.8,802.3,748.4,3434.3,-344.0,-272.4,-400.2,52.3,,35.8,-42.3,-6.5,-0.30790309251446213,-0.1856033874382499,-0.2103638935322104,-0.9960531036957302,0.22845691382765532,-0.6643643830502146,-0.3274130884504769,-0.4023717031281947,-0.6552530482712544,-0.506043956043956,-0.1167015303313883,-255.30000000000007,-0.10362018113956095,-319.0,-328.09999999999997,-260.79999999999995,-0.04036697247706422,,78.8,-0.3761061946902655,104.3
SA_191,2009-12-31,1155.979,461.181,235.0,80.0,155.0,52.413,224.708,178.885,694.798,119.499,,45.823,829.362,134.007,210.32,76.627,,53.2,234.864,-63.024,171.84,,,,,,,,,,,,,,,,,,,,,
SA_191,2010-12-31,752.301,364.59,165.336,59.328,106.008,24.576,160.69,145.756,387.711,86.239,0.0,14.934,536.468,-311.915,-242.954,-315.849,,0.0576,79.374,-42.328,37.046,-0.34920876590318684,-0.209442713381514,-0.29644255319148927,-0.25839999999999996,-0.3160774193548387,-0.5311086944078759,-0.2848941737721844,-0.18519719372781396,-0.4419802590105325,-0.27832868894300367,,-30.889000000000003,-0.35315579927703467,-445.922,-453.274,-392.476,,-0.9989172932330828,-155.49,-0.3283828382838283,-134.794
SA_191,2011-12-31,704.94,375.299,150.0,6.0,144.0,15.598,180.932,121.052,329.641,67.0,0.0,59.88,479.811,-77.204,-10.512,-66.897,,57.0,38.301,-32.347,5.954,-0.06295485450637439,0.02937272004169067,-0.09275656844244451,-0.8988673139158576,0.3583880461851936,-0.36531575520833337,0.1259692575767004,-0.16948873459754654,-0.14977650879134197,-0.22308932153665983,,44.946000000000005,-0.10561114549236861,234.711,232.442,248.952,,988.5833333333334,-41.07299999999999,-0.23580136080136083,-31.092
SA_191,2012-12-31,630.673,362.398,137.335,4.219,133.116,8.343,179.909,115.694,268.275,76.815,0.0,64.215,464.847,-80.615,-19.034,-65.029,,52.5,3.02,-43.215,-40.195,-0.10535222855845894,-0.034375258127519515,-0.08443333333333325,-0.2968333333333333,-0.07558333333333322,-0.4651237338120272,-0.005654057878097807,-0.04426197006245258,-0.18616009537648548,0.1464925373134327,,4.335000000000001,-0.03118727999149662,-3.4110000000000014,-8.521999999999998,1.8680000000000092,,-0.07894736842105265,-35.281,0.33598169845735315,-46.149
SA_191,2013-12-31,650.682,408.665,193.453,13.989,179.464,12.19,230.043,161.994,242.017,55.409,0.0,68.049,516.958,-49.959,5.82,-36.634,,47.5,-29.908,-24.999,-54.907,0.03172642558029293,0.12766902687100923,0.40862125459642473,2.315714624318559,0.3481775293728777,0.46110511806304677,0.2786631019015169,0.4001936141891542,-0.09787717826856768,-0.2786695306906203,,3.834000000000003,0.11210355235163405,30.65599999999999,24.854,28.394999999999996,,-0.09523809523809523,-32.928000000000004,-0.4215203054494968,-14.711999999999996
SA_149,2010-01-03,379.721,337.567,35.868,35.868,0.0,2.404,169.057,113.217,42.154,108.524,33.625,55.84,694.016,-20.314,4.73,-12.397,1.197,,19.174,-8.844,10.33,,,,,,,,,,,,,,,,,,,,,
SA_149,2011-01-02,384.787,324.983,44.393,1.467,42.926,0.531,188.001,78.763,59.804,122.308,54.061,109.238,668.377,3.895,27.15,0.368,2.189,,11.788,-8.403,3.385,0.013341374324833177,-0.03727852544828136,0.23767703802832596,-0.9591000334560054,,-0.7791181364392679,0.11205688022382998,-0.3043182560922829,0.4187028514494473,0.1270133795289521,0.6077620817843865,53.397999999999996,-0.036942952323865796,24.209,22.419999999999998,12.765,0.8287385129490392,,-7.385999999999999,-0.04986431478968778,-6.945
SA_149,2012-01-01,293.861,392.914,62.619,2.47,60.149,1.569,172.852,83.443,-99.053,113.403,48.822,89.409,648.109,5.831,27.64,-87.698,2.466,,13.255,-14.186,-0.931,-0.2363021619753266,0.20902939538375853,0.4105602234586534,0.6837082481254262,0.40122536458090674,1.9548022598870056,-0.08057935862043286,0.05941876261696466,-2.6562938933850577,-0.07280799293586682,-0.09690904718743631,-19.828999999999994,-0.030324203256545168,1.9360000000000004,0.490000000000002,-88.06599999999999,0.12654179990863423,,1.4670000000000005,0.688206592883494,-4.316
SA_149,2012-12-30,259.904,386.764,51.52,2.361,49.159,1.012,159.054,74.832,-126.86,104.513,44.281,84.222,601.988,-25.292,-3.285,-28.476,2.689,,18.516,-5.972,12.544,-0.11555463297273194,-0.015652280142728348,-0.17724652262092966,-0.04412955465587043,-0.18271292955826368,-0.35500318674314846,-0.0798255154698817,-0.10319619380894751,0.28072849888443563,-0.07839298783982784,-0.09301134734341088,-5.187000000000012,-0.07116241249542898,-31.123,-30.925,59.221999999999994,0.09042984590429848,,5.2609999999999975,-0.5790215705625263,13.475000000000001
SA_149,2013-12-29,480.877,592.174,269.469,5.589,263.88,2.342,236.356,125.357,-111.297,157.567,61.939,110.999,719.783,-2.966,24.098,-7.413,9.861,,6.479,-12.209,-5.73,0.8502100775671018,0.5310990681655996,4.230376552795031,1.3672172808132146,4.367887874041376,1.314229249011858,0.4860110402756297,0.6751790677784906,-0.12267854327605232,0.5076306296824318,0.3987714821255166,26.777,0.19567665800647172,22.326,27.383,21.063,2.667162513945705,,-12.036999999999999,1.0443737441393166,-18.274
SA_6,2009-12-31,3612.882,2916.06,2302.123,0.0,2302.123,1.037,217.384,355.434,696.822,63.738,0.0,-138.05,832.735,-613.873,-412.486,-557.473,195.101,37.281,612.303,-693.838,-81.535,,,,,,,,,,,,,,,,,,,,,
SA_6,2010-12-31,3507.734,2437.829,1890.194,143.478,1746.716,54.937,238.172,442.351,1069.905,63.38,0.0,-204.179,928.331,310.181,517.384,445.566,188.353,34.95,397.72,-695.114,-297.394,-0.029103635269571493,-0.16399902608313954,-0.17893440098552515,,-0.24125861215929822,51.97685631629701,0.09562801310124036,0.24453766381381636,0.5354064596123542,-0.005616743543882752,,-66.12899999999999,0.11479762469453059,924.0540000000001,929.87,1003.039,-0.03458721380208196,-0.06252514685764854,-214.58299999999997,0.0018390460020927257,-215.859
SA_6,2011-12-31,3995.462,2733.543,1903.449,0.018,1903.431,13.146,300.427,334.173,1261.919,95.282,0.0,-33.746,943.623,122.604,348.367,90.046,186.024,20.346,253.053,-690.607,-437.554,0.13904361049041913,0.12130219141703535,0.007012507710848714,-0.9998745452264459,0.08971979417375242,-0.7607077197517156,0.2613867289185967,-0.24455240295602365,0.17946827054738512,0.5033449037551276,,170.433,0.01647257282154757,-187.577,-169.017,-355.52,-0.012365080460624456,-0.4178540772532189,-144.66700000000003,-0.006483828551863469,-140.15999999999997
SA_6,2012-12-31,1381.788,2514.585,2063.206,0.0,2063.206,4.951,207.513,167.791,-1132.797,64.149,0.0,39.722,740.392,-2434.407,-2270.783,-2352.606,164.051,18.6,227.727,-485.479,-257.752,-0.6541606452520384,-0.0801004410759224,0.0839302760410181,-1.0,0.08394052634426985,-0.6233835387190021,-0.30927313457179284,-0.4978918105292768,-1.897678060160755,-0.32674587015385903,,73.468,-0.21537308861695825,-2557.011,-2619.15,-2442.652,-0.11811916741925776,-0.08581539368917712,-25.325999999999993,-0.2970256600353023,179.80199999999996
SA_6,2013-12-31,1369.726,2375.696,1988.946,0.0,1988.946,89.103,393.96,134.797,-1005.97,58.645,0.0,259.163,552.862,455.944,518.556,161.618,251.847,17.146,-51.7,-101.288,-152.988,-0.00872926961299414,-0.05523336852800764,-0.03599252813340026,,-0.03599252813340026,16.99697030902848,0.8984834685055874,-0.1966374835360657,-0.1119591594963617,-0.08580024630157912,,219.441,-0.25328474645863286,2890.351,2789.339,2514.224,0.5351750370311672,-0.07817204301075276,-279.427,-0.7913648170157721,104.76400000000001
SA_189,2010-06-30,1389.42,698.386,314.259,1.255,313.004,209.419,437.722,297.311,691.034,116.015,0.0,140.411,1756.192,240.764,306.799,145.971,5.01,59.0,204.036,-83.488,120.548,,,,,,,,,,,,,,,,,,,,,
SA_189,2011-06-30,1204.225,639.158,331.792,1.358,330.434,107.43,435.663,227.361,565.067,180.505,0.0,208.302,1784.08,-76.567,2.022,-111.165,8.529,67.2,15.022,-110.66,-95.638,-0.13328943012192151,-0.08480696921186848,0.055791560464457435,0.08207171314741046,0.0556861893138747,-0.4870092971506883,-0.004703898821626473,-0.23527551957377968,-0.18228770219699753,0.555876395293712,,67.89099999999999,0.01587981268562877,-317.331,-304.777,-257.136,0.7023952095808383,0.13898305084745766,-189.014,0.32545994633959374,-216.186
SA_189,2012-06-30,1073.021,508.106,148.974,4.09,144.884,72.525,339.312,297.271,564.915,123.581,0.0,42.041,1581.933,44.05,117.215,-10.245,9.128,72.4,152.766,-42.196,110.57,-0.10895306109738623,-0.20503850378153765,-0.5510018324733568,2.0117820324005886,-0.5615342246863217,-0.3249092432281485,-0.22115947418073145,0.30748457299185006,-0.0002689946501920337,-0.3153596853272762,,-166.261,-0.11330601766736914,120.61699999999999,115.193,100.92,0.07023097666783906,0.07738095238095233,137.744,-0.6186878727634195,206.208
SA_189,2013-06-30,1028.744,457.901,139.085,4.904,134.181,46.596,286.067,251.244,570.843,100.861,0.0,34.823,1600.205,51.541,115.865,-1.66,5.184,63.3,41.546,-44.061,-2.515,-0.041263870884167275,-0.09880812271455164,-0.06638071072804641,0.19902200488997557,-0.07387289141658138,-0.35751809720785943,-0.15692047437166978,-0.15483178648438634,0.010493614083534775,-0.1838470315016062,,-7.217999999999996,0.011550425966207145,7.491,-1.3500000000000085,8.584999999999999,-0.43207712532865905,-0.12569060773480678,-111.22,0.04419850222769939,-113.085
SA_272,2010-12-31,479.56,33.047,3.085,3.085,0.0,316.43,353.432,20.712,446.513,16.421,18.822,332.72,35.157,-51.178,-45.163,-50.774,0.0,,-28.717,-33.129,-61.846,,,,,,,,,,,,,,,,,,,,,
SA_272,2011-12-31,1255.125,409.895,198.061,1.516,196.545,418.855,639.044,178.623,845.23,70.679,111.943,460.421,396.831,152.866,168.093,117.526,,,42.965,-302.18,-259.215,1.6172428893152055,11.403395164462735,63.20129659643436,-0.5085899513776337,,0.32368928356982596,0.8081101880984176,7.624130938586326,0.8929572039335922,3.3041836672553444,4.94745510572734,127.70099999999996,10.287396535540577,204.044,213.25599999999997,168.3,,,71.682,8.121313652690997,-197.36899999999997
SA_272,2012-12-31,2992.535,1741.277,1228.436,39.604,1188.832,227.79,633.678,359.417,1251.258,52.43,287.376,274.261,527.696,-466.149,-413.341,-481.169,,,-89.635,-791.469,-881.104,1.384252564485609,3.2481050025006404,5.202311409111334,25.124010554089708,5.048650436286857,-0.45616024638598085,-0.008396917896107303,1.012154089898837,0.4803757557114632,-0.25819550361493515,1.567163645784015,-186.15999999999997,0.32977514357497273,-619.015,-581.434,-598.6949999999999,,,-132.60000000000002,1.6191971672513072,-621.8890000000001
SA_272,2013-12-31,3006.802,1629.74,1380.278,16.362,1363.916,314.317,577.067,153.375,1377.062,61.757,171.783,423.692,554.39,-356.691,-250.927,-374.383,,,-154.351,-379.312,-533.663,0.004767529870160381,-0.06405471386804051,0.12360595098157345,-0.5868599131400869,0.1472739630158002,0.3798542517230783,-0.08933717124470153,-0.5732672633737413,0.10054201451659028,0.17789433530421506,-0.4022360948722231,149.43099999999998,0.0505859434219702,109.45800000000003,162.41400000000002,106.786,,,-64.716,-0.520749391321707,347.44100000000003
SA_272,2014-12-31,2575.986,1771.683,1572.341,12.56,1559.781,211.685,454.915,110.054,804.303,44.575,169.323,344.861,475.612,-450.871,-327.21,-604.934,,,-222.204,-86.158,-308.362,-0.1432804687505197,0.08709548762379282,0.13914805568153654,-0.23236768121256557,0.1436048847582989,-0.3265238596703328,-0.21167732689618357,-0.2824515077424613,-0.41592825885835205,-0.2782194730961671,-0.014320392588323516,-78.83100000000002,-0.14209852270062584,-94.18,-76.28299999999999,-230.551,,,-67.85300000000001,-0.7728571729868815,225.301
SA_44,2010-12-31,1657.765,1062.699,168.473,13.903,154.57,293.41,635.539,193.847,595.066,143.238,97.631,441.692,1587.73,594.062,692.764,385.797,17.25,98.702,574.15,-157.476,416.674,,,,,,,,,,,,,,,,,,,,,
SA_44,2011-12-31,6856.508,4719.991,2325.715,56.695,2269.02,128.43,838.912,489.427,2136.517,313.343,240.437,349.485,2571.358,573.431,804.112,363.598,96.82,230.681,706.866,-436.705,270.161,3.135995150096666,3.4415126014045363,12.80467493307533,3.0778968567934974,13.679562657695543,-0.5622848573668247,0.32000081820313153,1.5248108043972826,2.590386612577428,1.1875689412027537,1.462711638721308,-92.207,0.6195184319752101,-20.630999999999972,111.34799999999996,-22.199000000000012,4.612753623188405,1.33714615711941,132.716,1.7731527343849223,-146.51299999999998
SA_44,2012-12-31,5768.42,4757.849,2416.165,18.793,2397.372,116.601,815.816,554.254,1010.571,256.967,306.018,261.562,2399.895,-1013.126,-696.894,-1060.375,139.356,316.232,329.907,-391.512,-61.605,-0.15869419243731642,0.008020778005720874,0.03889126569678569,-0.6685245612487873,0.05656715233889509,-0.09210464844662469,-0.027530897162038492,0.1324548911277883,-0.5270007212673711,-0.17991785359813373,0.27275752068109305,-87.923,-0.06668188560286048,-1586.557,-1501.0059999999999,-1423.973,0.4393307167940508,0.37086279320793647,-376.959,-0.10348633516905004,-331.766
SA_44,2013-12-31,5590.86,4838.166,2778.832,9.21,2769.622,260.818,949.348,479.901,752.694,281.763,312.647,469.447,1860.631,-170.965,140.549,-359.003,233.854,311.514,-27.076,-153.896,-180.972,-0.030781392478356318,0.016880947671941593,0.1501002621923586,-0.5099239078380247,0.15527419190680458,1.236841879572216,0.16367906488718043,-0.13414968588408926,-0.25517949753159364,0.09649488066561074,0.021662124450195774,207.885,-0.2247031640967625,842.161,837.443,701.3720000000001,0.678104997273171,-0.014919426244023426,-356.983,-0.6069188173031734,-119.36700000000002
SA_44,2014-12-31,5386.129,5104.548,3135.97,12.327,3123.643,468.532,970.775,421.609,281.581,91.057,201.598,549.166,1407.345,-306.936,-44.411,-470.568,,262.525,-139.704,-92.999,-232.703,-0.03661887437710831,0.055058466369281245,0.12852090374660996,0.33843648208469035,0.12782285813731997,0.796394420630478,0.02257022714536716,-0.12146671917749707,-0.6259024251555081,-0.6768312376003947,-0.355189718756297,79.71900000000005,-0.2436195032760392,-135.97099999999998,-184.96,-111.565,,-0.1572609898752545,-112.62800000000001,-0.39570229245724386,-51.730999999999995
SA_82,2010-12-31,3785.388,2432.601,1869.372,287.092,1582.28,217.569,481.683,629.374,1352.787,102.325,0.0,-147.691,819.904,417.753,605.726,227.521,149.891,,446.725,-562.131,-115.406,,,,,,,,,,,,,,,,,,,,,
SA_82,2011-12-31,3381.151,2188.038,1693.044,0.0,1693.044,3.012,210.672,340.837,1193.113,79.089,0.0,-130.165,752.508,314.201,533.885,137.842,149.755,,398.097,-880.845,-482.748,-0.10678878889033305,-0.10053559954961788,-0.09432472509484469,-1.0,0.07000278079733047,-0.9861561159907891,-0.5626335162337055,-0.4584507780747219,-0.11803336371505635,-0.22708038113852924,,17.52600000000001,-0.08219986730153772,-103.55199999999996,-71.84100000000001,-89.67899999999997,-0.0009073259902194764,,-48.62800000000004,0.5669746020055824,-367.342
SA_82,2012-12-31,2201.862,2244.686,1862.1,0.012,1862.088,1.056,125.08,226.325,-42.824,67.516,0.0,-101.245,717.295,-851.267,-570.809,-1288.931,141.831,,371.655,-730.664,-359.009,-0.3487832989416917,0.025889861145007576,0.09985328201747845,,0.09984619419223595,-0.649402390438247,-0.4062808536492747,-0.3359729137388253,-1.0358926606281216,-0.14632881943127352,,28.919999999999987,-0.04679418690565429,-1165.468,-1104.694,-1426.7730000000001,-0.05291309138259159,,-26.442000000000007,-0.17049651187212278,123.73899999999998
SA_82,2013-12-31,1678.719,1477.709,1243.312,0.0,1243.312,11.821,93.921,209.327,201.01,71.384,0.0,-115.406,354.978,109.211,246.279,10.577,99.471,,217.198,-366.169,-148.971,-0.23759118418865488,-0.34168565224712943,-0.33230653563181356,-1.0,-0.3323022327623615,10.194128787878787,-0.24911256795650782,-0.07510438528664531,-5.693863254249953,0.057290123822501204,,-14.161000000000001,-0.5051157473563874,960.4780000000001,817.088,1299.508,-0.2986653129428686,,-154.45699999999997,-0.49885446662214095,210.038
SA_82,2014-12-31,2392.266,2456.058,1988.883,1988.883,0.0,3.252,284.671,2347.252,-63.792,108.11,0.0,-2062.581,464.723,-297.843,-108.327,-326.72,115.586,,209.201,-590.843,-381.642,0.42505446116949885,0.6620714903949287,0.5996652489479715,,-1.0,-0.724896370865409,2.030962191629135,10.213326517840509,-1.3173573454057013,0.5144850386641264,,-1947.1750000000002,0.30916000428195556,-407.05400000000003,-354.606,-337.297,0.16200701712056764,,-7.997000000000014,0.6135800682198658,-232.671
SA_221,2010-12-31,5179.283,2523.247,754.151,11.839,742.312,554.772,1375.837,447.146,2656.036,281.138,198.172,928.691,3917.156,173.611,771.507,95.551,73.463,,693.601,-344.972,348.629,,,,,,,,,,,,,,,,,,,,,
SA_221,2011-12-31,16594.045,9219.001,2968.081,46.029,2922.052,585.882,2548.075,1909.248,7375.044,641.975,492.022,638.827,7107.681,-619.121,37.226,-730.542,141.914,,686.637,-528.586,158.051,2.203927068669543,2.653626061974908,2.935658773906022,2.887912830475547,2.9364202653331755,0.05607709112932868,0.8520180806301909,3.2698536943190817,1.7767108578347584,1.2834871130903687,1.482802817754274,-289.86400000000003,0.8145003671030717,-792.732,-734.281,-826.0930000000001,0.9317751793419817,,-6.9640000000000555,0.5322576904792273,-190.57800000000003
SA_221,2012-12-31,13089.806,8121.991,3386.052,95.015,3291.037,730.723,2333.222,1222.608,4967.815,418.166,398.06,1110.614,6974.884,-2796.449,-1829.212,-2437.148,198.147,,518.419,-498.142,20.277,-0.2111744906079258,-0.11899445503910888,0.14082196543827474,1.0642421082361118,0.12627598687497676,0.24721872322413052,-0.0843197315620614,-0.3596389782783589,-0.32640198485595484,-0.34862572530082947,-0.19097113543703326,471.78700000000003,-0.01868359032995426,-2177.328,-1866.438,-1706.6060000000002,0.3962470228448216,,-168.21799999999996,-0.057595168998043844,-137.774
SA_221,2013-12-31,11799.258,7727.392,3427.603,29.169,3398.434,619.644,1988.424,1242.815,4071.866,287.655,304.863,745.609,4953.508,-1070.006,-199.929,-1113.498,246.588,,109.018,-257.791,-148.773,-0.09859183550925055,-0.04858402330167566,0.012271223241698603,-0.6930063674156712,0.03263317914687702,-0.15201245889345205,-0.14777762253227522,0.01652778323060211,-0.18035071756899157,-0.31210332738673163,-0.23412802090137164,-365.005,-0.28980783049581904,1726.443,1629.283,1323.65,0.24447001468606633,,-409.40099999999995,-0.48249495123880337,-169.05
SA_221,2014-12-31,10736.148,7749.348,3897.77,178.251,3719.519,741.186,1876.314,1009.549,2986.8,314.015,237.945,866.765,4287.078,-917.861,-127.879,-874.961,288.466,,-283.859,-227.168,-511.027,-0.09009973339001487,0.0028413208492594766,0.1371707866984595,5.11097397922452,0.09448028121187568,0.19614811085074657,-0.056381335167952074,-0.18769165161347434,-0.26647880848731265,0.09163755192852552,-0.2195018746125309,121.15599999999995,-0.1345369786422066,152.1450000000001,72.05,238.53700000000003,0.16982983762389092,,-392.87699999999995,-0.11879002758048185,-362.254
SA_154,2010-12-31,1995.309,1142.177,864.074,10.908,853.166,136.666,329.014,146.738,853.132,143.796,0.0,182.276,624.827,-143.427,47.756,-134.594,80.482,175.6,24.42,-22.018,2.402,,,,,,,,,,,,,,,,,,,,,
SA_154,2011-12-31,2006.704,1098.151,845.494,27.348,818.146,134.351,350.002,175.404,908.553,153.688,0.0,174.598,655.358,-18.749,155.478,-76.128,79.178,157.4,52.025,-39.483,12.542,0.005710894903997232,-0.0385456895034656,-0.021502787955661073,1.507150715071507,-0.04104711158203689,-0.016939107020034205,0.06379059857635228,0.1953549864384141,0.06496181130235423,0.06879189963559496,,-7.677999999999997,0.048863125313086675,124.678,107.72200000000001,58.465999999999994,-0.016202380656544335,-0.10364464692482911,27.604999999999997,0.7932146425651738,10.14
SA_154,2012-12-31,2016.63,1133.868,874.19,76.177,798.013,259.193,478.607,261.423,882.762,167.936,0.0,217.184,618.225,-59.727,106.699,-127.004,72.734,153.4,68.363,-138.605,-70.242,0.004946419601495888,0.03252467101518808,0.03393992151334024,1.7854687728535912,-0.024608077286938923,0.9292227076836048,0.3674407574813858,0.4904050078675515,-0.02838689652667492,0.09270730310759467,,42.585999999999984,-0.05666063434031465,-40.977999999999994,-48.77900000000001,-50.876000000000005,-0.08138624365354019,-0.02541296060991105,16.338,2.5104981890940405,-82.784
SA_154,2013-12-31,2301.448,1477.748,1220.244,9.568,1210.676,198.406,467.179,239.888,823.7,220.139,0.0,227.291,858.3,51.432,214.273,-68.078,73.248,155.0,182.47,-544.987,-362.517,0.14123463401813896,0.30328045239833923,0.3958567359498506,-0.8743977841080641,0.5171131297359817,-0.23452408051143347,-0.023877628200172696,-0.08237607249553403,-0.06690591575079119,0.3108505621189024,,10.107,0.3883294916899187,111.15899999999999,107.574,58.926,0.007066846316715836,0.010430247718383301,114.107,2.93194329208903,-292.275
SA_154,2014-12-31,2002.407,1387.376,1210.919,0.0,1210.919,207.937,404.297,164.456,615.031,166.359,0.0,239.841,900.251,-88.499,82.399,-216.11,99.142,164.9,114.713,-147.522,-32.809,-0.129936022886461,-0.06115521726302464,-0.007641914240102632,-1.0,0.00020071431167401066,0.048037861758212896,-0.13459937197519567,-0.31444674181284604,-0.2533313099429405,-0.2443001921513226,,12.550000000000011,0.048876849586391824,-139.93099999999998,-131.874,-148.032,0.35351135867190897,0.06387096774193557,-67.757,-0.7293109743902149,329.70799999999997
SA_33,2010-12-31,4880.769,2632.818,1609.741,70.997,1538.744,93.593,734.914,527.346,2237.507,208.06,235.616,207.568,3186.268,323.984,689.05,158.857,142.549,,697.147,-314.657,382.49,,,,,,,,,,,,,,,,,,,,,
SA_33,2011-12-31,10213.959,6624.385,4043.148,280.851,3762.297,138.149,1182.774,1020.668,3578.04,380.595,377.49,162.106,4285.895,413.576,880.163,141.683,230.186,,642.242,-540.936,101.306,1.0926946143118021,1.516081628126213,1.5116761019319256,2.955815034438075,1.445044139895915,0.4760612438964451,0.6094046378215681,0.9354806900972037,0.5991190195159166,0.8292559838508125,0.6021407714246909,-45.46200000000002,0.3451144097106711,89.59200000000004,191.11300000000006,-17.174000000000007,0.6147850914422408,,-54.905000000000086,0.7191290834146391,-281.184
SA_33,2012-12-31,10006.777,7152.21,5118.775,32.896,5085.879,784.622,1914.104,577.069,2854.567,247.539,365.424,1337.035,3768.126,-757.012,-231.504,-683.955,317.615,,332.804,-395.225,-62.421,-0.020284201258297663,0.0796790947386059,0.26603700878622294,-0.8828702764099113,0.35180157228416564,4.6795344157395276,0.6183176160449928,-0.4346163492928161,-0.20219813082022564,-0.3495999684704214,-0.031963760629420745,1174.929,-0.12080767260980496,-1170.588,-1111.667,-825.638,0.3798189290399938,,-309.438,-0.2693682801662304,-163.727
SA_33,2013-12-31,8990.193,6736.944,5151.495,33.493,5118.002,911.099,1782.071,488.222,2253.249,198.02,264.161,1293.849,3014.357,-663.141,-215.437,-641.832,381.267,,55.742,-296.984,-241.242,-0.10158955276009451,-0.058061214645543036,0.006392154372872438,0.01814810311284054,0.006316115660636168,0.16119481737703012,-0.06897901054488165,-0.15396252441215863,-0.21065121260072028,-0.20004524539567492,-0.27711097245938965,-43.18600000000015,-0.2000381622058286,93.87099999999998,16.06699999999998,42.12300000000005,0.2004061521023881,,-277.06199999999995,-0.24856980201151258,-178.821
SA_33,2014-12-31,8429.723,6761.569,5160.37,36.885,5123.485,734.231,1542.751,519.394,1668.154,211.506,190.253,1023.357,2937.119,-149.531,269.217,-558.353,390.946,,-33.582,-147.286,-180.868,-0.062342376854423454,0.003655218152325501,0.0017228008568386244,0.10127489326127836,0.001071316502025521,-0.19412599508944695,-0.1342931903386565,0.0638480035721456,-0.2596672626948907,0.06810423189576809,-0.2797839196550589,-270.49199999999996,-0.025623375068049237,513.6099999999999,484.654,83.47900000000004,0.025386408999467536,,-89.324,-0.5040608248255798,60.373999999999995
SA_276,2010-12-31,1414.7,1119.0,419.7,0.0,419.7,33.8,398.6,227.1,295.7,131.6,201.1,171.5,1294.9,67.5,166.2,66.9,,88.8,270.9,-61.3,209.6,,,,,,,,,,,,,,,,,,,,,
SA_276,2011-12-31,1377.5,1115.9,428.5,2.4,426.1,42.7,391.4,265.0,259.6,107.6,186.5,126.4,1559.8,121.4,219.1,140.9,,84.6,140.6,-64.6,76.0,-0.026295327631299936,-0.0027703306523680915,0.02096735763640689,,0.015248987371932365,0.26331360946745574,-0.018063221274460695,0.16688683399383542,-0.12208319242475474,-0.18237082066869303,-0.07260069617105913,-45.099999999999994,0.20457178160475697,53.900000000000006,52.900000000000006,74.0,,-0.04729729729729737,-130.29999999999998,0.0538336052202284,-133.6
SA_276,2012-12-31,1357.7,1205.4,595.7,3.3,592.4,36.1,368.3,187.9,152.3,106.6,195.8,180.4,1394.9,34.6,133.1,49.5,,87.3,18.9,-87.9,-69.0,-0.01437386569872956,0.0802043193834574,0.3901983663943991,0.375,0.3902839708988499,-0.15456674473067922,-0.05901890648952468,-0.2909433962264151,-0.41332819722650227,-0.009293680297397744,0.049865951742627423,54.0,-0.1057186818822925,-86.80000000000001,-86.0,-91.4,,0.03191489361702127,-121.69999999999999,0.36068111455108376,-145.0
SA_276,2013-12-31,1322.1,1174.8,659.1,4.9,654.2,79.4,364.3,161.2,147.3,86.7,178.7,203.1,1343.5,-25.5,70.5,-47.6,,86.7,64.2,-72.7,-8.5,-0.02622081461294845,-0.025385764061722327,0.10642941077723678,0.4848484848484851,0.10432140445644844,1.1994459833795013,-0.010860711376595167,-0.142096860031932,-0.03282994090610636,-0.18667917448405247,-0.08733401430030652,22.69999999999999,-0.036848519607140306,-60.1,-62.599999999999994,-97.1,,-0.0068728522336769515,45.300000000000004,-0.17292377701934014,60.5
SA_276,2014-12-31,1318.1,1246.0,668.0,11.6,656.4,20.5,347.1,205.0,72.1,102.5,196.7,142.1,1355.1,17.1,106.6,-26.6,,77.1,30.6,-93.5,-62.9,-0.003025489751153465,0.06060606060606055,0.013503262023972118,1.3673469387755102,0.0033628859675938205,-0.7418136020151134,-0.047213834751578365,0.27171215880893307,-0.5105227427019688,0.182237600922722,0.10072747621712375,-61.0,0.008634164495719965,42.6,36.099999999999994,21.0,,-0.11072664359861606,-33.6,0.28610729023383774,-54.4
SA_174,2010-12-31,4348.701,3739.018,2577.683,269.023,2308.66,291.15,725.804,785.296,609.683,73.898,94.629,-59.492,2653.651,133.354,337.876,-13.846,151.662,,256.418,-58.652,197.766,,,,,,,,,,,,,,,,,,,,,
SA_174,2011-12-31,3901.7,3441.2,2359.1,284.6,2074.5,219.3,694.0,835.0,460.5,89.0,101.8,-141.0,2864.5,-105.6,94.6,-151.8,137.3,,131.5,-105.9,25.6,-0.10278954565972698,-0.07965139509892705,-0.0847982471079648,0.05790211245878596,-0.10142680169448937,-0.2467800103039669,-0.04381899245526333,0.06329333143171478,-0.24468945337167014,0.20436277030501504,0.07578015196187216,-81.50800000000001,0.07945619073495358,-238.954,-243.27599999999998,-137.954,-0.09469741926125197,,-124.918,0.8055650276205415,-172.166
SA_174,2012-12-31,3655.2,3141.7,1972.7,220.7,1752.0,210.8,1143.6,914.1,513.5,40.2,72.8,229.5,1377.4,168.5,328.5,51.3,117.6,,250.5,-24.4,226.1,-0.0631775892559654,-0.08703359293269786,-0.1637912763341952,-0.22452565003513714,-0.15545914678235717,-0.03875968992248058,0.6478386167146972,0.09473053892215577,0.11509229098805651,-0.548314606741573,-0.2848722986247544,370.5,-0.5191481934019899,274.1,233.9,203.10000000000002,-0.14348142753095428,,119.0,-0.7695939565627952,200.5
SA_174,2013-12-31,3271.3,2720.6,2166.8,276.2,1890.6,276.7,454.3,468.9,550.7,48.3,71.9,-14.6,1346.5,191.0,341.7,26.7,112.2,,330.9,-476.0,-145.1,-0.1050284526154519,-0.13403571314893203,0.09839306534191716,0.2514725872224739,0.07910958904109577,0.31261859582542684,-0.6027457152850646,-0.4870364292746965,0.0724440116845182,0.20149253731343264,-0.012362637362637208,-244.1,-0.022433570495135835,22.5,13.199999999999989,-24.599999999999998,-0.04591836734693866,,80.39999999999998,18.508196721311478,-371.2
SA_174,2014-12-31,3477.6,2857.1,2339.2,309.0,2030.2,223.9,342.8,471.2,620.5,20.7,60.9,-128.4,1375.4,185.5,358.5,64.3,119.7,,320.5,-569.2,-248.7,0.06306361385381942,0.050172756009703834,0.0795643345024919,0.11875452570601008,0.07383899291230311,-0.19082038308637506,-0.24543253356812678,0.004905097035615258,0.12674777555838013,-0.5714285714285714,-0.1529902642559111,-113.80000000000001,0.021463052357965084,-5.5,16.80000000000001,37.599999999999994,0.0668449197860963,,-10.399999999999977,0.19579831932773129,-103.6
SA_55,2011-12-31,4881.6,4096.7,1940.1,161.2,1778.9,585.8,1885.9,1436.9,784.9,202.9,321.8,449.0,2715.5,-1300.5,-1073.4,-1536.0,77.2,217.7,-15.3,-452.5,-467.8,,,,,,,,,,,,,,,,,,,,,
SA_55,2012-12-31,4745.3,4067.9,2375.8,108.7,2267.1,553.8,1459.4,1134.6,666.1,220.4,247.8,324.8,2529.9,57.2,304.1,-150.6,135.3,200.6,-263.5,-485.9,-749.4,-0.027921173385775155,-0.00703004857568279,0.22457605278078474,-0.3256823821339949,0.27443926021698783,-0.054626152270399464,-0.226151969881754,-0.2103834644025333,-0.15135686074659183,0.08624938393297188,-0.2299564947172157,-124.19999999999999,-0.06834837046584419,1357.7,1377.5,1385.4,0.7525906735751295,-0.07854846118511716,-248.2,0.07381215469613256,-281.59999999999997
SA_55,2013-12-31,6680.5,6339.3,3576.2,397.5,3178.7,573.5,2385.0,1889.3,341.2,351.5,248.4,495.7,2007.6,-313.6,-45.3,-586.7,189.2,206.2,-706.8,-598.4,-1305.2,0.40781404758392514,0.558371641387448,0.5052613856385215,2.656853725850966,0.40209959860614886,0.035572408811845424,0.6342332465396738,0.6651683412656444,-0.4877645999099235,0.5948275862068966,0.002421307506053294,170.89999999999998,-0.20645084785959922,-370.8,-349.40000000000003,-436.1,0.39837398373983723,0.02791625124626118,-443.29999999999995,0.23152912121835767,-555.8000000000001
SA_55,2014-12-31,11499.8,10015.2,7199.4,1079.7,6119.7,943.7,2788.0,3145.1,1484.6,471.9,226.4,-357.1,2484.4,-536.8,-179.4,-1180.4,410.0,262.2,-770.0,-1740.6,-2510.6,0.7213980989446898,0.5798589749656904,1.0131424416978918,1.7162264150943396,0.9252210022965364,0.6455100261551876,0.16897274633123693,0.6646906261578363,3.351113716295428,0.3425320056899004,-0.08856682769726243,-852.8,0.2374975094640368,-223.19999999999993,-134.10000000000002,-593.7,1.167019027484144,0.2715809893307468,-63.200000000000045,1.9087566844919786,-1205.3999999999999
SA_116,2011-12-31,4869.705,3275.996,1903.0,0.0,1903.0,11.307,419.92,670.979,1593.709,0.0,1.164,-251.059,1315.145,673.113,1019.507,453.202,63.156,,1033.292,-1457.476,-424.184,,,,,,,,,,,,,,,,,,,,,
SA_116,2012-12-31,2007.345,2585.212,1837.0,0.0,1837.0,12.921,125.848,514.092,-577.867,0.0,0.0,-388.244,1113.94,-2541.312,-2152.327,-2176.898,88.18,,654.825,-712.319,-57.494,-0.5877891987296971,-0.21086228432513354,-0.034682080924855474,,-0.034682080924855474,0.14274343327142458,-0.7003048199657078,-0.23381804795679162,-1.362592543557199,,-1.0,-137.18500000000003,-0.15299073486193537,-3214.425,-3171.8340000000003,-2630.1000000000004,0.3962252200899361,,-378.46699999999987,-0.5112653656046481,366.69000000000005
SA_116,2013-12-31,2785.319,3116.809,2470.0,0.0,2470.0,10.664,128.631,407.476,-331.49,0.0,0.0,-278.845,912.526,351.388,594.778,237.838,101.486,,472.638,-1021.278,-548.64,0.3875636724130629,0.20562994446877103,0.34458356015242253,,0.34458356015242253,-0.17467688259422642,0.022113978768037557,-0.20738700466064441,-0.4263558915805885,,,109.399,-0.18081225200639184,2892.7,2747.1050000000005,2414.7360000000003,0.15089589476071663,,-182.18700000000007,0.43373685104566917,-491.14599999999996
SA_116,2014-12-31,4225.69,4014.03,3378.0,100.0,3278.0,8.919,277.138,445.718,211.66,0.0,0.0,-168.58,1182.356,511.925,804.876,542.851,126.157,,712.584,-1496.443,-783.859,0.5171296357796,0.28786524936240876,0.3676113360323887,,0.3271255060728744,-0.1636346586646661,1.1545195170682025,0.09385092618951796,-1.638510965639989,,,110.26500000000001,0.29569568428735193,160.53700000000003,210.09799999999996,305.01300000000003,0.2430975701081921,,239.94599999999997,0.4652650894271686,-235.21900000000005
SA_116,2015-12-31,971.486,3963.423,3390.0,3390.0,0.0,4.143,110.661,3671.344,-2991.937,0.0,4.269,-3560.683,985.912,-2939.608,-2538.408,-3207.22,171.918,,515.538,-490.612,24.926,-0.7701000310008543,-0.012607529091710923,0.003552397868561208,32.9,-1.0,-0.5354860410359906,-0.6007007339303885,7.236921102580554,-15.135580648209393,,,-3392.103,-0.16614623683560614,-3451.5330000000004,-3343.2839999999997,-3750.071,0.36273056588219443,,-197.04599999999994,-0.6721478866886343,808.7850000000001
SA_180,2011-04-03,313.665,238.532,194.297,15.438,178.859,58.067,85.66,50.689,-104.562,2.751,18.727,34.971,485.712,-0.406,13.871,-18.588,,10.0,-6.997,-27.797,-34.794,,,,,,,,,,,,,,,,,,,,,
SA_180,2012-04-01,321.59,258.531,203.552,2.0,201.552,30.172,60.558,42.857,-141.364,2.282,19.96,17.701,554.858,-3.335,15.556,-11.949,,13.2,8.817,-44.528,-35.711,0.02526580906381004,0.08384200023476929,0.047633262479605865,-0.8704495400958674,0.1268764781196361,-0.4803933387293988,-0.2930422600980621,-0.15451084061630727,0.3519634283965496,-0.17048346055979635,0.06584076467133015,-17.269999999999996,0.1423600816945021,-2.929,1.6849999999999987,6.639000000000001,,0.31999999999999984,15.814,0.6018994855559952,-0.9170000000000016
SA_180,2013-03-31,338.501,339.701,259.313,2.75,256.563,21.723,66.281,60.509,-235.444,2.553,24.759,5.772,661.244,-18.095,3.681,-62.868,,17.3,-3.193,-57.916,-61.109,0.05258559034795862,0.3139662168173256,0.273939828643295,0.375,0.27293700881162186,-0.28002784038181094,0.09450444202252406,0.41188137293790983,0.6655159729492657,0.11875547765118322,0.24043086172344696,-11.929,0.1917355431479768,-14.759999999999998,-11.875,-50.919000000000004,,0.3106060606060608,-12.01,0.30066475026949324,-25.398000000000003
SA_180,2014-03-31,380.344,368.801,256.467,2.75,253.717,58.8,98.635,57.176,11.543,5.536,28.061,41.459,775.986,-34.01,-7.272,-80.28,,13.2,1.244,-43.906,-42.662,0.12361263334524875,0.08566356884436588,-0.01097515357887957,0.0,-0.01109279202379132,1.7068084518712885,0.48813385434739964,-0.05508271496802131,-1.049026520106692,1.1684292988640812,0.13336564481602653,35.687000000000005,0.173524447858884,-15.915,-10.953,-17.412,,-0.23699421965317924,4.437,-0.24190206505974166,18.447000000000003
SA_180,2015-03-29,359.136,381.739,257.086,2.75,254.336,36.362,75.416,57.849,-22.603,3.404,29.15,17.567,797.555,-23.722,4.682,-46.534,,28.126,14.039,-31.89,-17.851,-0.05576004879793017,0.035081249779691515,0.0024135658778712266,0.0,0.002439726151578281,-0.3815986394557822,-0.23540325442287224,0.011770673009654287,-2.9581564584596727,-0.3851156069364161,0.038808310466483587,-23.892000000000003,0.027795604559875953,10.287999999999997,11.954,33.746,,1.1307575757575759,12.795,-0.2736755796474286,24.811
SA_224,2012-01-28,735.233,325.799,0.0,0.0,0.0,223.712,441.799,193.211,409.434,0.0,163.522,248.588,2342.26,113.515,178.628,69.515,,65.1,129.301,-73.323,55.978,,,,,,,,,,,,,,,,,,,,,
SA_224,2013-02-02,740.844,330.48,0.0,0.0,0.0,231.501,439.94,203.506,410.364,0.0,155.463,236.434,2386.178,59.511,125.291,34.923,,65.593,144.811,-72.309,72.502,0.00763159433812155,0.01436775435160964,,,,0.0348170862537549,-0.004207795852865126,0.05328371573047086,0.0022714283620801634,,-0.049283888406452925,-12.153999999999996,0.01875026683630332,-54.004,-53.33699999999999,-34.592,,0.007572964669739113,15.51000000000002,-0.01382922139028675,16.523999999999994
SA_224,2014-02-01,647.641,366.949,0.0,0.0,0.0,106.517,376.621,240.361,280.692,0.0,172.311,136.26,2090.902,-185.206,-120.82,-141.831,,63.634,-38.373,-84.089,-122.462,-0.1258065125721476,0.11035160977971437,,,,-0.539885356866709,-0.14392644451516123,0.1811003115387262,-0.31599263093253793,,0.10837305339534176,-100.174,-0.12374433089233072,-244.71699999999998,-246.111,-176.754,,-0.029865991797905278,-183.184,0.16291194733712255,-194.964
SA_224,2015-01-31,512.189,418.637,138.54,0.0,138.54,151.75,349.287,198.849,93.552,0.0,130.474,150.438,1838.663,-213.138,-162.451,-206.458,,50.687,-55.71,-23.837,-79.547,-0.2091467340702643,0.14085881144246204,,,,0.4246552193546571,-0.07257694074414334,-0.1727068867245518,-0.6667094181522808,,-0.24279935697662958,14.177999999999997,-0.12063645259318712,-27.932000000000016,-41.631,-64.62700000000001,,-0.20346041424395767,-17.337000000000003,-0.7165265373592266,42.915000000000006
SA_224,2016-01-30,354.383,390.029,142.96,5.0,137.96,65.097,227.406,175.715,-35.646,0.0,119.821,51.691,1506.867,-119.41,-81.455,-136.943,12.92,37.955,-68.491,-15.712,-84.203,-0.3081011111132804,-0.06833605247505592,0.031904143207738045,,-0.004186516529522066,-0.5710247116968699,-0.34894227383212084,-0.11633953401827513,-1.3810287326834274,,-0.08164845103238949,-98.74699999999999,-0.18045503716559264,93.72800000000001,80.996,69.51499999999999,,-0.25118866770572335,-12.780999999999999,-0.34085665142425636,-4.656000000000006
SA_256,2011-12-31,2330.849,1003.635,820.613,0.0,820.613,5.328,172.82,89.889,1327.214,73.018,4.724,82.931,398.703,71.918,179.421,110.497,,107.5,128.543,-416.912,-288.369,,,,,,,,,,,,,,,,,,,,,
SA_256,2012-12-31,2915.494,1325.958,1100.696,0.0,1100.696,4.507,113.665,115.24,1589.536,67.862,3.086,-1.575,417.415,16.606,166.171,-40.801,61.813,149.565,191.782,-698.288,-506.506,0.2508292042942293,0.321155599396195,0.3413094844951272,,0.3413094844951272,-0.1540915915915917,-0.3422925587316282,0.2820256093626583,0.19764860828773667,-0.07061272562929699,-0.34674005080440307,-84.506,0.04693217758582224,-55.312000000000005,-13.25,-151.298,,0.39130232558139544,63.239000000000004,0.6749050159266226,-218.13699999999994
SA_256,2013-12-31,4196.282,2206.462,1889.675,0.0,1889.675,2.458,117.062,182.889,1989.82,96.862,3.89,-65.827,663.84,125.816,342.311,-43.671,87.1,216.495,257.166,-1442.125,-1184.959,0.4393039395725047,0.6640511992084213,0.7168000973929225,,0.7168000973929225,-0.4546261371200354,0.029886068710684777,0.5870270739326624,0.2518244317838665,0.42733783266039915,0.26053143227478937,-64.252,0.5903597139537391,109.21000000000001,176.14,-2.8699999999999974,0.40908870302363565,0.44749774345602256,65.38399999999999,1.06522953280022,-678.4530000000001
SA_256,2014-12-31,7638.334,3872.158,3351.06,105.0,3246.06,12.628,600.708,361.556,3766.176,166.436,3.727,239.152,891.261,156.922,448.631,421.333,126.96,291.7,357.755,-819.22,-461.465,0.8202623179281086,0.7549171479046546,0.7733525606255045,,0.717787450222922,4.137510170870626,4.1315371341682186,0.9769149593469262,0.8927219547496759,0.7182796142966283,-0.04190231362467878,304.979,0.34258405639913225,31.105999999999995,106.32,465.004,0.4576349024110218,0.3473752280653133,100.589,-0.4319355118314986,723.4940000000001
SA_256,2015-12-31,4835.387,3429.492,2984.342,154.0,2830.342,10.464,588.327,318.006,1405.895,128.589,0.926,270.321,1170.086,-2315.211,-1855.164,-2583.339,203.027,460.0,436.705,-287.551,149.154,-0.36695789945818025,-0.11432023176740203,-0.10943343300328845,0.46666666666666656,-0.12806848918381053,-0.17136522014570787,-0.02061067939830996,-0.12045160362433482,-0.6267049123567248,-0.22739671705640607,-0.7515427958143279,31.16900000000004,0.31284326364555404,-2472.133,-2303.795,-3004.672,0.5991414618777569,0.576962632841961,78.94999999999999,-0.6489941651815141,610.6189999999999
SA_282,2011-12-31,6219.609,3477.776,2814.176,1.051,2813.125,207.681,441.84,506.613,2548.95,206.336,6.903,-64.773,1364.5,334.225,705.101,108.065,237.572,,458.954,-1727.106,-1268.152,,,,,,,,,,,,,,,,,,,,,
SA_282,2012-12-31,9790.731,5928.276,4301.083,0.0,4301.083,309.766,1142.885,1170.454,6231.308,445.506,3.618,-27.569,2762.683,115.495,744.329,141.571,303.349,,783.16,-2146.372,-1363.212,0.5741714631900492,0.7046169736061207,0.5283631869506384,-1.0,0.5289341924016884,0.4915471323809111,1.5866490132174542,1.3103512937883552,1.4446568194746856,1.1591287996277915,-0.47588005215123863,37.20399999999999,1.0246852326859655,-218.73000000000002,39.22799999999995,33.506,0.2768718535854393,,324.20599999999996,0.2427563797473924,-95.05999999999995
SA_282,2013-12-31,7684.795,4509.168,3194.907,0.0,3194.907,814.663,1241.823,933.818,3175.627,349.218,0.0,308.005,2014.887,-90.379,539.489,-553.889,270.234,,868.63,-1496.731,-628.101,-0.2150948688101021,-0.23937954305771192,-0.2571854577091397,,-0.2571854577091397,1.6299303345105658,0.08656863988940278,-0.2021745408192035,-0.49037553592279504,-0.21613176926910072,-1.0,335.574,-0.2706774537650538,-205.87400000000002,-204.83999999999992,-695.46,-0.1091646914939558,,85.47000000000003,-0.30266934156800396,735.111
SA_282,2014-12-31,7259.225,4049.405,3195.436,0.0,3195.436,181.253,831.918,784.451,3209.82,330.077,0.0,47.467,1595.987,293.442,787.373,253.285,244.109,,621.114,-1553.332,-932.218,-0.055378185104482225,-0.10196182533008291,0.00016557602459155163,,0.00016557602459155163,-0.7775116827448896,-0.33008327273693594,-0.15995301011546148,0.010767322484662056,-0.05481103494092521,,-260.538,-0.20790247790570882,383.821,247.88400000000001,807.174,-0.09667547384859043,,-247.51599999999996,0.037816414572825696,-304.11699999999996
SA_282,2015-12-31,2991.155,4178.888,3631.506,0.0,3631.506,435.588,674.088,437.389,-1187.733,127.387,0.0,236.699,841.77,-4642.678,-4275.383,-3697.545,322.501,,373.537,-879.201,-505.664,-0.5879511931370085,0.03197580879166195,0.13646651036040147,,0.13646651036040147,1.4032043607554083,-0.18971821742046702,-0.4424266142818353,-1.3700310297773708,-0.6140688384831419,,189.23200000000003,-0.4725708918681669,-4936.12,-5062.755999999999,-3950.83,0.32113523057322735,,-247.57700000000006,-0.4339902866869414,426.554
SA_109,2012-12-31,2119.511,1522.694,1068.2,0.0,1068.2,1.227,444.859,288.744,596.817,25.91,52.228,156.115,1920.022,168.819,400.141,69.576,53.548,227.2,211.151,-622.825,-411.674,,,,,,,,,,,,,,,,,,,,,
SA_109,2013-12-31,2026.893,1479.701,1055.0,0.0,1055.0,1.678,447.771,274.989,547.192,62.959,45.035,172.782,2188.205,28.418,318.009,-19.735,56.786,285.6,337.071,-349.806,-12.735,-0.043697815203601165,-0.02823482590724069,-0.012357236472570698,,-0.012357236472570698,0.36756316218418883,0.006545894317075751,-0.04763735350344955,-0.08314944111846678,1.429911231184871,-0.13772306042735705,16.667,0.1396770453671885,-140.40099999999998,-82.132,-89.31099999999999,0.060469111824904775,0.257042253521127,125.92000000000002,-0.4383558784570305,398.93899999999996
SA_109,2014-12-31,2290.293,1999.27,1576.241,4.0,1572.241,0.891,474.054,265.409,291.023,421.555,25.073,208.645,2080.892,74.996,367.908,-7.979,79.734,290.9,265.296,-457.618,-192.322,0.1299525924654139,0.3511310731019306,0.4940672985781991,,0.49027582938388625,-0.4690107270560191,0.058697414526621694,-0.034837757146649495,-0.4681519466658869,5.695706729776521,-0.4432552459198401,35.863,-0.04904156603243304,46.577999999999996,49.899,11.756,0.40411368999401254,0.01855742296918761,-71.77500000000003,0.3082051194090438,-179.587
SA_109,2015-12-31,1902.618,1783.778,1569.592,5.0,1564.592,130.648,332.562,157.085,118.84,164.721,18.553,175.477,1131.244,-227.937,67.484,-221.391,99.267,295.1,284.106,-205.706,78.4,-0.16926873548493582,-0.1077853416497021,-0.004218263577714265,0.25,-0.004865030233914491,145.63075196408528,-0.29847232593755135,-0.4081398897550572,-0.5916473955666735,-0.6092538340192857,-0.2600406812108642,-33.168000000000006,-0.456365827731569,-302.933,-300.42400000000004,-213.41199999999998,0.24497704868688386,0.014437951185974685,18.810000000000002,-0.5504853393004646,270.722
SA_192,2011-12-31,267.174,265.494,202.0,0.0,202.0,0.049,20.306,27.926,1.68,9.519,4.31,-7.62,102.611,18.721,43.729,-1.403,17.4,,29.835,-25.886,3.949,,,,,,,,,,,,,,,,,,,,,
SA_192,2012-12-31,5041.025,2947.805,2109.167,74.669,2034.498,2.506,287.857,677.968,2093.22,143.794,3.116,-390.111,255.401,-22.638,73.858,-53.885,,,84.36,-1517.912,-1433.552,17.867947479919454,10.103094608541058,9.441420792079208,,9.071772277227723,50.14285714285714,13.175957844971931,23.277304304232615,1244.9642857142856,14.105998529257276,-0.27703016241299294,-382.491,1.4890216448528912,-41.359,30.129000000000005,-52.482,,,54.525,57.63833732519509,-1437.501
SA_192,2013-12-31,5356.491,3908.881,3185.212,1.389,3183.823,2.834,338.626,664.382,1447.61,129.355,5.148,-325.756,978.423,-1312.03,-845.719,-1222.662,,,493.924,-2519.74,-2025.816,0.06257973328836908,0.3260310637915331,0.5101753441050425,-0.9813979027441107,0.5649182255278697,0.13088587390263373,0.1763688220192663,-0.02003929388997716,-0.3084291187739463,-0.10041448182817103,0.6521181001283696,64.35500000000002,2.8309286181338362,-1289.392,-919.577,-1168.777,,,409.56399999999996,0.6600040055022951,-592.2640000000001
SA_192,2014-12-31,6434.475,4545.14,3746.736,0.0,3746.736,43.713,702.705,744.682,1889.335,104.37,4.693,-41.977,1160.691,-45.957,492.779,315.956,,,667.934,-1567.424,-899.49,0.20124816787706745,0.1627726707464363,0.17629093448097022,-1.0,0.1768041125401758,14.424488355681016,1.0751655218441587,0.12086420161894829,0.30514088739370426,-0.19315063198175553,-0.08838383838383845,283.779,0.18628752594736642,1266.0729999999999,1338.498,1538.618,,,174.01,-0.3779421686364466,1126.326
SA_192,2015-12-31,3458.692,3222.292,2873.637,0.0,2873.637,8.026,556.593,295.248,52.414,173.624,4.635,261.345,989.824,-2304.96,-1933.399,-1922.621,,,466.999,-670.257,-203.258,-0.4624748716872783,-0.2910467004316699,-0.2330292286406087,,-0.2330292286406087,-0.8163932926131814,-0.2079279356202106,-0.6035247259904228,-0.972257963780907,0.663543163744371,-0.0123588323034306,303.322,-0.14721144559577015,-2259.003,-2426.178,-2238.577,,,-200.93499999999995,-0.5723830948103386,696.232
SA_304,2011-12-31,666.565,417.37,322.093,36.079,286.014,21.437,85.125,67.563,249.195,25.003,6.02,17.562,263.196,43.609,70.0,31.549,10.361,25.388,46.273,-109.631,-63.358,,,,,,,,,,,,,,,,,,,,,
SA_304,2012-12-31,638.016,375.717,237.63,26.04,211.59,19.868,89.244,76.936,262.299,37.274,11.847,12.308,243.496,23.971,59.98,21.962,10.409,24.398,9.834,-50.729,-40.895,-0.04283003157981602,-0.09979873972734032,-0.26223171568460046,-0.2782505058344189,-0.2602110386204871,-0.07319121145682705,0.048387665198237784,0.1387297781330019,0.05258532474568112,0.490781106267248,0.9679401993355483,-5.254000000000001,-0.07484916184136547,-19.638,-10.020000000000003,-9.587,0.0046327574558440165,-0.038994800693241016,-36.43900000000001,-0.5372750408187466,22.462999999999994
SA_304,2013-12-31,656.692,320.152,198.229,19.213,179.016,20.01,86.841,70.433,336.54,34.404,11.322,16.408,310.128,9.717,40.348,18.532,9.504,24.9,23.775,-32.543,-8.768,0.02927199317885454,-0.1478905665700514,-0.16580818920170004,-0.2621735791090629,-0.1539486743229832,0.007147171330783353,-0.026926179911254566,-0.08452479983362793,0.28303958459620526,-0.07699737082148406,-0.04431501645986324,4.100000000000001,0.27364720570358436,-14.254,-19.631999999999998,-3.4299999999999997,-0.08694399077721215,0.02057545700467256,13.940999999999999,-0.3584931695874155,32.127
SA_304,2014-12-31,615.287,347.677,240.018,23.367,216.651,21.133,85.494,76.098,267.61,34.526,9.76,9.396,294.834,-36.497,-5.799,-54.699,9.962,27.0,23.651,-68.203,-44.552,-0.06305086707314844,0.08597478697618643,0.21081173793945385,0.21620777598501006,0.21023260490682416,0.05612193903048457,-0.015511106504991767,0.08043104794627509,-0.20481963511023948,0.0035460992907800915,-0.1379614909026673,-7.0120000000000005,-0.04931512149822004,-46.214,-46.147,-73.231,0.04819023569023573,0.08433734939759052,-0.12399999999999878,1.095780966720954,-35.784
SA_304,2015-12-31,346.302,259.97,156.807,156.807,0.0,9.56,106.778,217.303,86.332,27.415,7.035,-110.525,259.474,-160.059,-134.555,-179.693,13.342,23.002,7.987,-16.542,-8.555,-0.43716997108666367,-0.2522657524081259,-0.3466864985126116,5.710617537552959,-1.0,-0.5476269341787725,0.24895314291061377,1.8555678204420616,-0.6773962109039273,-0.20596072525053588,-0.27920081967213106,-119.921,-0.11993189387926773,-123.562,-128.756,-124.99400000000001,0.33928929933748253,-0.14807407407407414,-15.664,-0.7574593492954855,35.997
SA_81,2011-12-31,728.818,560.019,150.0,0.0,150.0,228.993,456.288,345.047,168.799,48.106,0.0,111.241,1499.949,507.076,534.962,307.752,1.825,,387.832,-30.9,356.932,,,,,,,,,,,,,,,,,,,,,
SA_81,2012-12-31,672.23,545.276,140.0,0.0,140.0,246.342,384.965,306.949,126.954,77.313,0.0,78.016,1287.209,232.789,262.139,140.465,3.723,,105.354,-18.25,87.104,-0.07764352691618481,-0.026325892514361238,-0.06666666666666665,,-0.06666666666666665,0.07576214120082292,-0.1563113647520865,-0.11041394360768242,-0.24789838802362585,0.6071384026940507,,-33.224999999999994,-0.14183148893729058,-274.28700000000003,-272.823,-167.287,1.04,,-282.478,-0.4093851132686084,-269.82800000000003
SA_81,2013-12-31,806.851,691.205,207.883,207.883,0.0,215.771,434.616,473.777,115.646,99.53,0.0,-39.161,1072.311,61.181,88.433,-27.024,25.277,,77.725,-5.147,72.578,0.20026032756645784,0.26762410228948297,0.4848785714285715,,-1.0,-0.1240998286934426,0.12897536139649057,0.5435039697148385,-0.08907163224475001,0.28736435010929595,,-117.177,-0.16694880163205827,-171.608,-173.70600000000002,-167.489,5.789417136717701,,-27.629000000000005,-0.717972602739726,-14.525999999999996
SA_81,2014-12-31,752.838,610.766,304.14,67.993,236.147,135.937,291.414,322.733,142.072,46.383,0.0,-31.319,961.783,61.254,87.71,23.32,37.808,25.603,136.777,-6.092,130.685,-0.0669429671649413,-0.11637502622232199,0.46303449536518126,-0.6729265981345276,,-0.3699941141302584,-0.32949086089789603,-0.31880821567952855,0.2285076872524774,-0.5339797046116749,,7.842000000000002,-0.10307457444715196,0.0730000000000004,-0.7230000000000132,50.344,0.4957471218894647,,59.05199999999999,0.18360209830969487,58.107
SA_81,2015-12-31,664.014,502.878,234.646,112.217,122.429,130.897,243.098,330.107,161.136,48.837,0.0,-87.009,849.826,79.161,101.134,23.298,39.847,21.093,76.71,-7.405,69.305,-0.11798554270639894,-0.17664375554631395,-0.2284934569606103,0.6504198961657819,-0.481555979961634,-0.03707599844045417,-0.1657984860027314,0.022848608602157316,0.13418548341685899,0.0529073151801307,,-55.69,-0.11640567570855376,17.907000000000004,13.424000000000007,-0.022000000000002018,0.053930385103681866,-0.17615123227746754,-60.06699999999999,0.2155285620485885,-61.379999999999995
SA_14,2011-12-31,1459.928,1100.225,783.091,34.115,748.976,78.458,422.835,156.483,359.703,254.446,34.963,266.352,1243.255,180.091,334.432,47.163,53.886,,279.455,-221.839,57.616,,,,,,,,,,,,,,,,,,,,,
SA_14,2012-12-31,1599.006,1226.596,883.141,38.235,844.906,134.565,441.388,181.357,372.41,209.1,40.23,260.031,1374.884,99.519,286.602,19.586,62.438,,303.681,-171.44,132.241,0.09526360204064854,0.11485923333863535,0.12776292921256904,0.1207679906199619,0.12808154066351918,0.7151214662622041,0.04387763548429047,0.15895656397180513,0.035326366474563775,-0.17821463100225587,0.15064496753711043,-6.3209999999999695,0.10587449879550048,-80.572,-47.83000000000004,-27.576999999999998,0.15870541513565684,,24.226,-0.22718728447207215,74.62500000000001
SA_14,2013-12-31,1543.339,1198.052,888.085,41.394,846.691,111.532,403.013,164.648,345.287,204.394,34.24,238.365,1262.904,10.757,220.504,-35.929,67.207,,165.588,-136.95,28.638,-0.03481350288866969,-0.02327090582392255,0.005598200060918934,0.08262063554335031,0.002112661053419007,-0.17116635083416942,-0.08694164771131074,-0.09213319585127677,-0.07283101957519955,-0.02250597800095644,-0.14889386030325613,-21.665999999999997,-0.081446871154221,-88.762,-66.09799999999998,-55.515,0.0763797687305805,,-138.093,-0.20117825478301454,-103.60300000000001
SA_14,2014-12-31,1597.177,1254.524,931.147,48.575,882.572,79.915,415.2,196.138,342.653,247.069,44.557,219.062,1491.284,58.407,275.887,-8.341,67.042,,224.536,-236.295,-11.759,0.03488410517715157,0.047136518281343465,0.04848860187932469,0.1734792482002223,0.04237791591029083,-0.28347918086289126,0.03023971931426539,0.1912564987124048,-0.007628436633872582,0.2087879291955732,0.3013142523364485,-19.302999999999997,0.18083718160683637,47.65,55.38300000000001,27.588,-0.0024551014031275464,,58.94800000000001,0.7254107338444689,-40.397000000000006
SA_14,2015-12-31,1138.181,1031.843,877.315,48.651,828.664,46.732,211.485,169.555,106.338,102.127,36.944,41.93,805.599,-305.665,-64.194,-241.745,67.964,,95.539,-53.868,41.671,-0.2873795452852125,-0.1775023833740923,-0.057812568799555764,0.0015645908389088081,-0.06108056906405368,-0.41522868047300265,-0.49064306358381493,-0.13553212534032155,-0.6896627200112067,-0.5866458357786691,-0.17085979756267256,-177.132,-0.4597950490986291,-364.072,-340.081,-233.404,0.013752573013931624,,-128.997,-0.7720307243064812,53.43
SA_257,2011-12-31,688.718,256.785,155.0,0.0,155.0,8.317,55.563,27.859,431.933,16.704,0.0,27.704,147.005,44.477,80.301,117.769,,,83.68,-191.696,-108.016,,,,,,,,,,,,,,,,,,,,,
SA_257,2012-12-31,1489.404,777.639,630.182,0.0,630.182,24.44,103.828,43.199,711.765,35.483,0.0,60.629,258.423,46.927,123.157,46.414,,,156.844,-387.16,-230.316,1.1625745225186508,2.0283661428821773,3.065690322580645,,3.065690322580645,1.9385595767704702,0.868653600417544,0.5506299580027996,0.6478597375055855,1.1242217432950188,,32.925,0.7579197986463047,2.450000000000003,42.855999999999995,-71.355,,,73.16399999999999,1.019656122193473,-122.3
SA_257,2013-12-31,1552.307,972.691,792.067,0.0,792.067,13.139,70.124,73.174,579.616,35.766,0.0,-3.05,343.616,88.357,185.626,20.001,41.901,,193.697,-200.577,-6.88,0.04223367199228689,0.25082589736368677,0.2568861059186076,,0.2568861059186076,-0.4623977086743045,-0.32461378433563204,0.69388180281951,-0.185663807576939,0.007975650311416782,,-63.678999999999995,0.32966492920521784,41.43,62.46900000000001,-26.413,,,36.85300000000001,-0.4819273685298069,223.436
SA_257,2014-12-31,3168.494,1872.18,1574.147,0.0,1574.147,0.97,303.937,152.984,1296.314,83.35,0.0,150.953,566.043,113.686,299.641,115.582,83.55,,254.273,-1382.133,-1127.86,1.0411516536355245,0.9247428011567909,0.9873912181671498,,0.9873912181671498,-0.9261739858436715,3.334279276709829,1.090687949271599,1.2365048583890026,1.3304255438125594,,154.00300000000001,0.6473126978953252,25.329000000000008,114.01500000000001,95.58099999999999,0.9939858237273571,,60.57599999999999,5.890785085029689,-1120.9799999999998
SA_257,2015-12-31,2906.003,2260.511,2000.579,0.0,2000.579,0.599,340.186,93.408,645.492,60.239,0.0,246.778,358.147,-282.977,-87.163,-395.877,114.732,,216.751,-342.029,-125.278,-0.08284408933707932,0.20742182909762952,0.2708971906689781,,0.2708971906689781,-0.3824742268041237,0.1192648476493483,-0.3894263452387178,-0.5020558290661059,-0.2772765446910618,,95.82499999999999,-0.3672795176338194,-396.663,-386.80400000000003,-511.459,0.3732136445242371,,-37.52199999999999,-0.7525353927588734,1002.5819999999999
SA_83,2011-12-31,172.206,139.932,123.5,6.5,117.0,0.431,9.271,20.69,32.274,6.242,0.426,-11.419,65.818,14.647,20.012,8.541,3.733,5.365,16.102,-25.658,-9.556,,,,,,,,,,,,,,,,,,,,,
SA_83,2012-12-31,180.796,148.517,126.5,6.25,120.25,5.555,13.598,13.575,32.279,6.722,0.294,0.023,51.049,1.55,9.239,-4.306,4.927,7.689,11.214,-12.445,-1.231,0.04988211792852759,0.061351227739187664,0.02429149797570851,-0.038461538461538436,0.02777777777777768,11.88863109048724,0.46672419372236007,-0.3438859352344128,0.00015492346780687782,0.07689842999038787,-0.3098591549295775,11.442,-0.22439150384393325,-13.097,-10.773,-12.847000000000001,0.31984998660594677,0.43317800559179864,-4.888,-0.5149660924468002,8.325
SA_83,2013-12-31,174.142,13.592,4.0,0.0,4.0,3.157,10.694,9.226,160.55,2.969,0.321,1.468,52.86,5.671,13.868,1.186,4.349,8.197,9.176,-12.71,-3.534,-0.03680391159096441,-0.9084818572957978,-0.9683794466403162,-1.0,-0.9667359667359667,-0.4316831683168316,-0.21356081776731872,-0.3203683241252301,3.973821989528796,-0.5583159773876822,0.09183673469387754,1.445,0.035475719406844464,4.121,4.629,5.492,-0.11731276638928345,0.06606840941604886,-2.0380000000000003,0.021293692245881957,-2.303
SA_83,2014-12-31,319.203,203.052,191.975,10.104,181.871,0.0,8.865,15.83,116.151,8.354,0.0,-6.965,74.721,8.964,16.925,-6.82,15.149,8.0,8.179,-14.233,-6.054,0.8330041001022153,13.939081812831075,46.99375,,44.46775,-1.0,-0.17103048438376667,0.715803164968567,-0.27654313298038,1.8137420006736273,-1.0,-8.433,0.41356413166855854,3.293,3.0570000000000004,-8.006,2.4833295010347203,-0.024033182871782244,-0.9969999999999999,0.11982690794649886,-2.5200000000000005
SA_83,2015-12-31,567.225,250.778,231.735,0.0,231.735,7.511,18.885,6.314,316.447,5.887,0.0,12.571,80.592,-209.49,-188.533,-222.425,11.333,15.5,10.455,-4.738,5.717,0.7770039755265461,0.23504324015523115,0.20711030082041937,-1.0,0.27417235293147346,,1.1302876480541455,-0.6011370814908401,1.7244449036168437,-0.295307637060091,,19.536,0.07857228891476287,-218.454,-205.458,-215.60500000000002,-0.25189781503729614,0.9375,2.276,-0.6671116419588281,11.771
SA_15,2012-12-31,1644.339,796.578,566.126,4.699,561.427,14.776,165.891,86.47,847.761,103.627,3.772,79.421,256.671,-37.574,10.067,2.527,,40.1,30.671,-43.516,-12.845,,,,,,,,,,,,,,,,,,,,,
SA_15,2013-12-31,1410.763,766.394,555.177,5.464,549.713,8.783,161.691,124.538,644.369,87.086,3.328,37.153,525.816,-149.659,-50.423,-232.291,,78.8,70.257,-46.593,23.664,-0.14204856784397868,-0.03789208338668648,-0.019340217548743488,0.16280059587146223,-0.02086468944315123,-0.4055901461829995,-0.02531782917698966,0.4402451717358622,-0.23991667462881627,-0.1596205622086908,-0.11770943796394484,-42.26800000000001,1.0485991794943725,-112.085,-60.49,-234.81799999999998,,0.9650872817955112,39.586000000000006,0.07070962404632786,36.509
SA_15,2014-12-31,871.572,718.625,597.318,4.863,592.455,13.367,154.672,96.193,152.947,108.813,4.413,58.479,536.282,-417.654,-331.774,-515.604,,68.7,21.342,-55.731,-34.389,-0.38219814384131134,-0.062329558947486596,0.07590552202270628,-0.10999267935578327,0.07775330035855088,0.5219173403165207,-0.043409960974946094,-0.22760121408726652,-0.7626406608635735,0.24948901086282538,0.3260216346153848,21.326,0.0199043011243476,-267.995,-281.351,-283.31300000000005,,-0.12817258883248728,-48.915000000000006,0.19612388126971858,-58.053000000000004
SA_15,2015-12-31,522.619,560.89,511.467,499.709,11.758,39.309,94.481,545.087,-38.271,42.188,2.985,-450.606,356.699,-144.839,-74.328,-195.454,,67.6,49.119,-19.201,29.918,-0.4003719715640245,-0.2194955644459906,-0.1437274617540406,101.75735142915894,-0.9801537669527643,1.940749607241714,-0.38915252922313026,4.666597361554375,-1.2502239337809828,-0.6122889728249381,-0.32358939496940864,-509.085,-0.33486673056339766,272.815,257.446,320.15000000000003,,-0.016011644832605643,27.777,-0.655470025658969,64.307
SA_15,2016-12-31,342.604,511.67,471.791,465.835,5.956,0.994,33.478,492.967,-169.066,23.795,2.464,-459.489,152.176,-117.388,-56.625,-168.856,,58.2,-26.251,-3.826,-30.077,-0.3444478673756599,-0.08775339193068155,-0.07757294214485,-0.06778745229723704,-0.4934512672223167,-0.9747131700119566,-0.6456642076184629,-0.09561776376982023,3.4176007943351365,-0.43597705508675455,-0.17453936348408705,-8.882999999999981,-0.5733769929268095,27.450999999999993,17.703000000000003,26.598000000000013,,-0.13905325443786976,-75.37,-0.8007395448153742,-59.995000000000005
SA_159,2012-12-31,1745.674,717.792,500.999,0.0,500.999,185.175,304.573,79.736,1027.882,85.706,0.0,224.837,389.205,51.005,110.727,19.273,23.244,,102.736,-192.301,-89.565,,,,,,,,,,,,,,,,,,,,,
SA_159,2013-12-31,1773.292,709.951,500.864,0.0,500.864,60.566,190.065,73.517,1063.341,100.173,0.0,116.548,454.604,100.476,164.431,70.606,23.821,,126.702,-261.867,-135.165,0.01582082336106283,-0.010923777361686926,-0.00026946161569196825,,-0.00026946161569196825,-0.6729256109085999,-0.37596241295190314,-0.07799488311427727,0.03449715045112156,0.16879798380510125,,-108.28899999999999,0.16803227091121653,49.471,53.70400000000001,51.333,0.02482361039408021,,23.965999999999994,0.3617557891014609,-45.599999999999994
SA_159,2014-12-31,1716.355,747.602,544.732,0.0,544.732,50.785,166.741,67.423,968.753,88.721,0.0,99.318,495.769,101.665,177.001,62.375,29.332,,153.848,-158.425,-4.577,-0.03210807921086878,0.053033237505123454,0.08758465371837465,,0.08758465371837465,-0.1614932470362911,-0.12271591297713935,-0.08289239223580935,-0.08895359061674468,-0.11432222255497981,,-17.230000000000004,0.09055133698779594,1.1890000000000072,12.569999999999993,-8.230999999999995,0.23135048906427103,,27.146000000000015,-0.3950173179514792,130.588
SA_159,2015-12-31,1361.252,662.944,490.589,0.0,490.589,21.939,86.997,47.533,698.308,40.838,8.485,39.464,274.806,-183.552,-110.961,-215.235,36.946,,43.357,-35.428,7.929,-0.2068936787552692,-0.11323939743339373,-0.09939383036061766,,-0.09939383036061766,-0.5680023629024318,-0.4782507001877163,-0.2950031888228053,-0.27916816773728703,-0.539703114257053,,-59.854,-0.44569749217881716,-285.217,-287.962,-277.61,0.2595799809082231,,-110.49100000000001,-0.7763736783967177,12.506
SA_159,2016-12-31,1052.525,602.904,483.326,483.326,0.0,8.822,51.592,525.247,449.621,22.043,7.465,-473.655,123.719,-231.325,-173.143,-202.979,33.486,,-23.339,-16.188,-39.527,-0.226796360997082,-0.09056571897475496,-0.01480465318219526,,-1.0,-0.5978850448972151,-0.40696805636975986,10.050154629415353,-0.35612795499979955,-0.46023311621528973,-0.12021213906894512,-513.1189999999999,-0.5497951281995299,-47.772999999999996,-62.182,12.256,-0.0936501921723597,,-66.696,-0.5430732753754093,-47.456
SA_236,2013-02-02,419.604,316.482,191.328,0.874,190.454,2.447,317.23,80.219,103.122,20.417,271.881,237.011,534.779,-48.209,-33.958,-56.013,9.356,7.6,-7.368,-7.088,-14.456,,,,,,,,,,,,,,,,,,,,,
SA_236,2014-02-01,423.404,332.11,197.324,0.894,196.43,1.553,333.981,84.079,91.294,34.388,282.802,249.902,575.857,-1.291,10.682,-12.465,10.273,5.8,-1.471,-5.5,-6.971,0.009056157710603419,0.04938037550318808,0.03133885265094505,0.022883295194507935,0.03137765549686544,-0.3653453208009808,0.05280395927245207,0.048118276218850786,-0.11469909427668201,0.6842827055884799,0.040168308929274366,12.890999999999991,0.07681303865709,46.918000000000006,44.64,43.548,0.09801197092774694,-0.23684210526315785,5.897,-0.22404063205417613,7.484999999999999
SA_236,2015-01-31,386.232,290.938,166.49,1.104,165.386,1.533,296.456,68.89,95.294,27.777,253.371,227.566,583.955,12.538,22.864,2.647,9.344,6.0,44.518,-12.092,32.426,-0.08779321876978008,-0.12397097347264463,-0.15626076909042996,0.2348993288590604,-0.15804103242885514,-0.012878300064391501,-0.11235669094948508,-0.18065153010858825,0.043814489451661665,-0.1922472955682214,-0.10406927815220546,-22.335999999999984,0.014062518993430695,13.829,12.182,15.112,-0.09043122748953569,0.034482758620689724,45.989000000000004,1.1985454545454548,39.397000000000006
SA_236,2016-01-30,351.046,267.069,140.915,1.248,139.667,5.64,266.44,66.928,83.977,29.602,221.336,199.512,541.964,-4.029,6.755,-11.671,7.191,6.3,38.11,-8.485,29.625,-0.09110068559829332,-0.08204153462249675,-0.1536128295993754,0.13043478260869557,-0.15550893062290638,2.679060665362035,-0.10124942655908475,-0.028480185803454794,-0.11875878859109701,0.06570183965151011,-0.1264351484581897,-28.054000000000002,-0.07190793811166951,-16.567,-16.109,-14.318,-0.2304152397260274,0.050000000000000044,-6.408000000000001,-0.29829639431028787,-2.801000000000002
SA_236,2017-01-28,310.3,249.875,126.603,1.237,125.366,7.474,240.319,59.555,60.425,25.572,196.654,180.764,468.865,-16.695,-8.073,-23.639,7.143,6.7,19.264,-3.118,16.146,-0.11607025859858822,-0.06438036612261255,-0.10156477309016076,-0.008814102564102533,-0.10239355037338815,0.3251773049645392,-0.09803708151929147,-0.11016316041118812,-0.28045774438239046,-0.13613945003715966,-0.11151371670220844,-18.74799999999999,-0.13487796237388472,-12.666,-14.828,-11.968,-0.006675010429703754,0.06349206349206349,-18.846,-0.6325279905715969,-13.479
SA_35,2015-12-31,,,,,,,,,,,,,1168.679,-478.515,-376.41,-546.494,141.679,33.0,82.432,-19.236,63.196,,,,,,,,,,,,,,,,,,,,,
SA_35,2016-12-31,2412.691,2904.429,2384.157,0.0,2384.157,131.259,439.927,100.791,-491.738,231.585,0.0,339.136,1141.4,-408.789,-321.522,-510.72,138.634,31.1,35.745,-23.037,12.708,,,,,,,,,,,,,-0.023341738835043646,69.726,54.888000000000034,35.774,-0.021492246557358596,-0.0575757575757575,-46.687000000000005,0.19759825327510905,-50.488
SA_292,2012-12-31,4011.459,1322.241,991.191,0.0,991.191,1425.815,2456.742,160.956,2689.218,0.0,65.286,2295.786,0.0,-284.828,-283.631,-282.999,3.212,,-140.397,-147.98,-288.377,,,,,,,,,,,,,,,,,,,,,
SA_292,2013-12-31,3633.673,1504.527,1035.98,0.0,1035.98,192.46,1967.443,340.967,2129.146,0.0,74.768,1626.476,0.0,-532.684,-530.81,-589.024,65.376,,-216.368,-88.922,-305.29,-0.0941767072778259,0.1378614034809087,0.04518705274765411,,0.04518705274765411,-0.8650175513653595,-0.19916580577040655,1.1183863913119114,-0.2082657486302708,,0.1452378764206721,-669.31,,-247.856,-247.17899999999997,-306.025,19.353673723536737,,-75.971,-0.3990944722259765,-16.91300000000001
SA_292,2014-12-31,4450.862,2336.596,1928.528,0.0,1928.528,246.704,2003.134,303.6,2114.266,0.0,35.093,1699.534,0.0,-248.438,-246.744,-510.763,74.768,,-64.524,-237.611,-302.135,0.22489337923362962,0.5530435811387897,0.8615494507615977,,0.8615494507615977,0.28184557830198487,0.018140805095751222,-0.10959125076620302,-0.006988717542150802,,-0.5306414508880803,73.05799999999999,,284.246,284.0659999999999,78.26100000000002,0.14366128242780207,,151.844,1.6721283821776387,3.1550000000000296
SA_292,2015-12-31,4061.219,2615.082,1981.895,0.0,1981.895,80.171,1669.963,626.637,1446.137,0.0,0.0,1043.326,0.0,-638.692,-634.811,-694.426,63.376,,-1.646,-920.669,-922.315,-0.08754326689976011,0.11918448888896482,0.027672400919250384,,0.027672400919250384,-0.6750316168363707,-0.16632486893038612,1.0640217391304345,-0.31600990603831314,,-1.0,-656.2080000000001,,-390.254,-388.067,-183.66300000000007,-0.15236464797774452,,62.878,2.874690144816528,-620.1800000000001
SA_292,2016-12-31,2230.478,3071.812,2479.349,0.0,2479.349,613.534,1147.191,533.954,-841.334,0.0,0.0,613.237,16.805,-2262.42,-2240.437,-2343.309,83.045,,-165.665,-691.371,-857.036,-0.4507860817158592,0.17465226711820137,0.250999169986301,,0.250999169986301,6.652817103441393,-0.31304406145525376,-0.14790540616018522,-1.581780287759735,,,-430.08900000000006,,-1623.728,-1605.6259999999997,-1648.8830000000003,0.31035407725321895,,-164.019,-0.24905584960501548,65.27900000000011
SA_62,2012-12-31,479.202,278.134,193.29,7.75,185.54,141.736,191.063,84.004,201.068,9.705,27.14,107.059,261.925,43.344,58.168,-14.0,8.949,,70.237,-59.131,11.106,,,,,,,,,,,,,,,,,,,,,
SA_62,2013-12-31,703.59,535.634,421.979,9.916,412.063,106.369,172.872,103.05,303.878,14.227,35.376,69.822,374.855,-8.88,12.304,-1.532,16.382,,12.354,-104.705,-92.351,0.46825347139619633,0.9258127377451155,1.1831393243313157,0.2794838709677421,1.2208849843699472,-0.2495272901732799,-0.09520943353762878,0.2267272987000617,0.5113195535838619,0.46594538897475535,0.30346352247605,-37.236999999999995,0.43115395628519626,-52.224000000000004,-45.864,12.468,0.8305955972734385,,-57.882999999999996,0.7707293974395832,-103.457
SA_62,2014-12-31,816.649,597.754,132.54,17.784,114.756,19.666,138.061,136.751,218.895,27.085,25.546,1.31,269.181,-87.94,-67.407,-32.01,3.277,,24.934,-149.639,-124.705,0.16068875339331146,0.11597471407714965,-0.6859085404723932,0.7934651068979426,-0.7215086042668233,-0.8151153061512283,-0.2013686426951733,0.32703541969917516,-0.2796615747109037,0.9037745132494552,-0.27787200361827225,-68.512,-0.2819063371170186,-79.06,-79.711,-30.477999999999998,-0.7999633744353559,,12.580000000000002,0.4291485602406764,-32.354
SA_62,2015-12-31,650.291,634.871,176.012,18.744,157.268,33.119,137.129,113.369,-80.42,9.495,23.771,23.76,156.457,-50.727,-31.199,-114.609,10.746,,68.759,-43.475,25.284,-0.2037080802156127,0.06209410560196993,0.327991549720839,0.053981106612685625,0.3704555753076091,0.6840740364080138,-0.006750639210204357,-0.1709822962903379,-1.3673907581260423,-0.6494369577256784,-0.06948250215297891,22.450000000000003,-0.4187665548459958,37.213,36.208,-82.59899999999999,2.2792187976808056,,43.825,-0.709467451667012,149.989
SA_62,2016-12-31,312.717,162.599,114.97,11.237,103.733,28.319,77.179,48.8,150.118,12.49,28.131,28.379,150.744,-173.993,-151.808,169.275,10.986,,-10.422,-19.883,-30.305,-0.5191122128400978,-0.7438865533313067,-0.34680589959775465,-0.4005014938113529,-0.34040618561945213,-0.14493191219541657,-0.437179590021075,-0.5695472307244485,-2.866674956478488,0.3154291732490786,0.18341676833115983,4.619,-0.03651482515962845,-123.26599999999999,-120.609,283.884,0.022333891680625273,,-79.181,-0.542656699252444,-55.589
SA_232,2012-12-31,2323.732,2174.339,1848.972,0.0,1848.972,45.644,361.866,237.931,149.393,84.348,5.705,123.935,546.609,-1415.515,-1112.359,-1393.285,73.492,32.1,514.786,-536.923,-22.137,,,,,,,,,,,,,,,,,,,,,
SA_232,2013-12-31,2408.628,2260.723,1890.778,31.866,1858.912,50.483,305.854,349.17,147.905,128.352,3.087,-43.316,634.309,179.221,424.996,22.204,102.589,31.1,350.634,-1297.252,-946.618,0.03653433356342295,0.039728855528047946,0.022610401888184306,,0.005375960263324764,0.1060161247918674,-0.154786578457219,0.4675262996414926,-0.009960306038435562,0.5216958315549864,-0.4588957055214724,-167.251,0.16044375412772194,1594.736,1537.355,1415.489,0.39592064442388275,-0.031152647975077885,-164.15199999999993,1.4160857329635719,-924.481
SA_232,2014-12-31,2356.896,1846.892,1446.535,0.0,1446.535,46.305,330.766,365.371,510.004,81.72,7.15,-34.605,641.278,107.884,371.453,120.669,94.284,5.303,362.093,-402.566,-40.473,-0.02147778735446071,-0.1830525013458083,-0.2349524904563095,-1.0,-0.2218378277185794,-0.08276053324881638,0.08145062676963533,0.04639860239997695,2.448186335823671,-0.36331338818249814,1.31616456106252,8.711000000000006,0.01098675881943989,-71.337,-53.543000000000006,98.465,-0.08095409839261514,-0.8294855305466238,11.459000000000003,-0.6896778729190627,906.1450000000001
SA_232,2015-12-31,954.126,1616.449,1370.279,50.0,1320.279,12.247,149.801,252.919,-662.323,37.236,8.61,-103.118,484.5,-1211.075,-995.649,-1192.381,106.082,2.124,134.027,-325.198,-191.171,-0.5951768767056332,-0.12477340310099339,-0.052716318651121474,,-0.08728167655812002,-0.7355145232696253,-0.5471088322258032,-0.3077748370834028,-2.2986623634324435,-0.5443465491923642,0.20419580419580408,-68.513,-0.24447743412373424,-1318.959,-1367.1019999999999,-1313.0500000000002,0.12513257816808787,-0.5994719969828399,-228.06600000000003,-0.19218711962758905,-150.69799999999998
SA_232,2016-12-31,661.414,1533.32,1308.538,50.0,1258.538,9.068,110.617,258.363,-871.906,52.674,8.007,-147.746,310.15,-181.8,-105.818,-225.258,70.438,1.5,-0.414,-80.425,-80.839,-0.3067854769705468,-0.05142692407864402,-0.04505724746566209,0.0,-0.04676360072378638,-0.25957377316893937,-0.2615736877590936,0.02152467786129142,0.3164362403238299,0.41459877537866596,-0.07003484320557485,-44.628000000000014,-0.35985552115583075,1029.275,889.831,967.123,-0.3360042231481306,-0.29378531073446335,-134.44099999999997,-0.7526891309294645,110.332
SA_151,2012-12-29,1200.555,1664.869,1183.618,11.748,1171.87,8.11,468.963,300.234,-464.314,254.389,127.235,168.729,1738.293,101.185,161.843,-79.887,,50.777,52.065,-20.563,31.502,,,,,,,,,,,,,,,,,,,,,
SA_151,2013-12-28,1213.704,1710.684,1185.525,9.174,1176.351,11.329,509.965,368.752,-496.98,281.586,161.565,141.213,1777.808,29.363,89.859,-68.786,,50.534,28.193,-29.235,-1.042,0.01095243449904415,0.027518681650027688,0.0016111617092677832,-0.2191011235955056,0.0038238029815595986,0.39691738594327997,0.0874312045939658,0.22821532537953737,0.07035325232493528,0.10691106926793226,0.2698156953668409,-27.51600000000002,0.022732071060517445,-71.822,-71.984,11.100999999999999,,-0.004785631289757175,-23.871999999999996,0.4217283470310753,-32.544
SA_151,2014-12-27,1135.721,1768.396,1210.38,3.872,1206.508,12.572,483.915,360.947,-632.675,252.555,118.891,122.968,1761.315,42.774,95.744,-83.863,,43.786,23.915,-32.322,-8.407,-0.06425207464093385,0.033736213117092406,0.02096539507812989,-0.5779376498800959,0.025636055905082777,0.10971842174949242,-0.05108193699567609,-0.021165986896342304,0.27303915650529187,-0.10309816539174532,-0.26412898833286913,-18.24499999999999,-0.009277154788368547,13.411000000000001,5.885000000000005,-15.076999999999998,,-0.13353385839236942,-4.278000000000002,0.10559261159569022,-7.365
SA_151,2016-01-02,1079.915,1749.754,1208.623,5.373,1203.25,7.785,476.628,346.425,-669.839,254.042,121.615,130.203,1741.779,83.793,133.482,-30.851,,41.904,32.194,-25.928,6.266,-0.04913706799469242,-0.01054175648440736,-0.0014516102381071372,0.38765495867768607,-0.002700355074313654,-0.3807667833280305,-0.015058429682898944,-0.0402330536062081,0.05874105978583022,0.005887826414048503,0.022911742688681125,7.234999999999999,-0.011091712726003067,41.019000000000005,37.738,53.012,,-0.042981774996574185,8.279000000000003,-0.19782191696058415,14.673
SA_151,2016-12-31,912.959,1502.116,1018.666,31.727,986.939,5.532,383.245,315.206,-589.157,234.187,101.95,68.039,1660.001,76.032,123.232,67.949,,41.456,38.871,-41.137,-2.266,-0.15460105656463707,-0.1415273232694424,-0.15716811611230297,4.904894844593337,-0.17977228339912743,-0.2894026974951831,-0.19592428476715595,-0.09011763007866058,-0.12044983943902943,-0.07815636784468705,-0.16169880360152933,-62.164,-0.046950847380752725,-7.76100000000001,-10.25,98.8,,-0.010691103474608665,6.677,0.5865859302684355,-8.532
SA_250,2012-12-31,139.154,63.685,0.0,0.0,0.0,78.332,138.894,25.114,75.469,0.0,0.0,113.78,3.428,-90.239,-89.926,-90.094,0.002,0.313,-68.342,0.0,-68.342,,,,,,,,,,,,,,,,,,,,,
SA_250,2013-12-31,180.121,138.259,80.031,0.0,80.031,98.121,178.282,22.853,41.862,0.0,0.0,155.429,3.428,-77.198,-77.104,-77.671,0.538,0.094,-70.817,-0.64,-71.457,0.29440044842404833,1.1709821779068852,,,,0.2526298319971405,0.28358316413955964,-0.09002946563669667,-0.44530866978494477,,,41.649,0.0,13.041000000000011,12.822000000000003,12.422999999999988,268.0,-0.6996805111821086,-2.4749999999999943,,-3.114999999999995
SA_250,2014-12-31,212.981,190.637,83.908,0.0,83.908,104.243,211.326,29.714,22.344,2.571,1.198,181.612,55.521,-30.53,-30.391,-37.525,7.083,0.139,26.828,-0.246,26.582,0.18243292009260426,0.378839713870345,0.04844372805537844,,0.04844372805537844,0.06239235229971163,0.1853468101098259,0.3002231654487375,-0.46624623763795325,,,26.182999999999993,15.196324387397901,46.66799999999999,46.713,40.14600000000001,12.16542750929368,0.47872340425531923,97.645,-0.6156250000000001,98.03899999999999
SA_250,2015-12-31,236.33,202.952,87.87,0.0,87.87,155.422,233.895,32.241,33.378,6.828,10.802,201.654,24.459,-60.053,-59.83,-68.687,7.446,0.223,-54.473,-0.538,-55.011,0.10962949746691031,0.06459921211517172,0.04721838203746964,,0.04721838203746964,0.49095862551921954,0.10679708128673249,0.08504408696237475,0.4938238453276047,1.6557759626604431,8.01669449081803,20.042,-0.559463986599665,-29.522999999999996,-29.439,-31.162,0.05124947056332063,0.6043165467625897,-81.301,1.1869918699186992,-81.593
SA_250,2016-12-31,304.589,247.545,166.179,0.0,166.179,92.494,224.461,65.36,57.044,1.102,23.193,159.101,33.709,-56.97,-53.235,-24.524,7.85,0.428,-109.713,-0.33,-110.043,0.28882917953708787,0.2197219046868224,0.891191532946398,,0.891191532946398,-0.4048847653485349,-0.04033433805767539,1.0272324059427436,0.7090298999340883,-0.838605741066198,1.147102388446584,-42.553,0.3781838995870641,3.0829999999999984,6.594999999999999,44.163,0.054257319366102674,0.9192825112107623,-55.239999999999995,-0.38661710037174724,-55.032000000000004
SA_46,2013-12-31,991.396,574.471,410.477,1.34,409.137,1.307,68.36,100.013,416.925,32.284,0.0,-31.653,221.247,20.198,84.142,-2.13,22.676,,108.316,-322.788,-214.472,,,,,,,,,,,,,,,,,,,,,
SA_46,2014-12-31,1401.721,870.348,676.427,1.176,675.251,17.978,129.343,147.831,531.373,43.936,,-18.488,305.268,-68.46,29.711,-46.689,36.977,,162.706,-560.845,-398.139,0.4138860757961502,0.5150425347841752,0.6479047547122008,-0.12238805970149269,0.6504276073784576,12.755164498852336,0.892086015213575,0.4781178446801915,0.27450500689572466,0.3609218188576384,,13.165,0.3797610815061896,-88.65799999999999,-54.431,-44.559,0.6306667842653024,,54.389999999999986,0.73750263330731,-183.667
SA_46,2015-12-31,1071.931,911.7,772.877,0.402,772.475,1.091,108.853,116.601,160.231,17.274,0.0,-7.748,138.749,-358.605,-253.783,-363.278,47.783,,30.885,-249.341,-218.456,-0.23527506543741583,0.04751202967089041,0.1425874484608094,-0.6581632653061225,0.1439820155764302,-0.9393147179886528,-0.1584159946808099,-0.2112547435923453,-0.6984585216034688,-0.6068372177713037,,10.739999999999998,-0.5454846233473538,-290.14500000000004,-283.49399999999997,-316.589,0.29223571409254423,,-131.821,-0.5554190551756724,179.68300000000002
SA_46,2016-12-31,893.923,883.697,759.72,0.764,758.956,3.697,33.775,103.708,10.226,25.448,0.0,-69.933,139.017,-132.607,-64.632,-176.715,43.519,,-4.404,-55.694,-60.098,-0.16606292755783725,-0.030715147526598652,-0.017023407346835162,0.900497512437811,-0.01750088999644006,2.388634280476627,-0.6897191625403066,-0.11057366574900729,-0.9361796406438205,0.47319671182123413,,-62.18500000000001,0.001931545452579897,225.99800000000002,189.15099999999998,186.56300000000002,-0.08923675784274743,,-35.289,-0.776635210414653,158.358
SA_46,2017-12-31,942.137,995.699,842.481,834.325,8.156,15.247,55.892,956.789,-53.562,25.974,0.0,-900.897,205.266,-13.507,45.521,-64.242,48.826,,38.488,-117.216,-78.728,0.053935294203191875,0.12674253731765517,0.10893618701626906,1091.0484293193717,-0.9892536589736427,3.124154720043278,0.6548334566987419,8.225797431249276,-6.237825151574418,0.020669600754479767,,-830.964,0.47655322730313565,119.1,110.153,112.473,0.12194673590845384,,42.891999999999996,1.1046432290731496,-18.629999999999995
SA_288,2014-02-01,18261.0,16078.0,4249.0,1415.0,2834.0,1028.0,8959.0,8185.0,2183.0,553.0,7034.0,774.0,36188.0,-927.0,-195.0,-1365.0,254.0,703.0,-1109.0,-329.0,-1438.0,,,,,,,,,,,,,,,,,,,,,
SA_288,2015-01-31,13185.0,14130.0,3776.0,689.0,3087.0,250.0,5863.0,5595.0,-945.0,429.0,4943.0,268.0,31198.0,-1508.0,-927.0,-1682.0,313.0,563.0,-1387.0,-270.0,-1657.0,-0.2779694430754066,-0.12115934817763407,-0.11132031066133208,-0.5130742049469965,0.08927311220889211,-0.7568093385214008,-0.34557428284406744,-0.3164324984728162,-1.4328905176362803,-0.22423146473779387,-0.29727040090986634,-506.0,-0.13789101359566702,-581.0,-732.0,-317.0,0.23228346456692917,-0.19914651493598867,-278.0,-0.1793313069908815,-219.0
SA_288,2016-01-30,11337.0,13293.0,2976.0,868.0,2108.0,238.0,6045.0,5438.0,-1956.0,419.0,5172.0,607.0,25146.0,-1000.0,-578.0,-1129.0,323.0,415.0,-2167.0,-211.0,-2378.0,-0.1401592718998862,-0.059235668789808904,-0.211864406779661,0.25979680696661833,-0.31713637836086817,-0.04800000000000004,0.03104212860310418,-0.028060768543342274,1.06984126984127,-0.023310023310023298,0.046328140805179,339.0,-0.19398679402525798,508.0,349.0,553.0,0.03194888178913735,-0.2628774422735346,-780.0,-0.21851851851851856,-721.0
SA_288,2017-01-28,9362.0,13186.0,4163.0,590.0,3573.0,286.0,4996.0,4681.0,-3824.0,466.0,3959.0,315.0,22138.0,-1978.0,-1603.0,-2221.0,404.0,370.0,-1381.0,-142.0,-1523.0,-0.17420834435917787,-0.008049349281576745,0.3988575268817205,-0.32027649769585254,0.6949715370018976,0.2016806722689075,-0.17353184449958647,-0.13920559029054802,0.9550102249488752,0.11217183770883055,-0.23453209590100543,-292.0,-0.11962141095999368,-978.0,-1025.0,-1092.0,0.25077399380804954,-0.10843373493975905,786.0,-0.3270142180094787,855.0
SA_288,2018-02-03,7273.0,10999.0,4132.0,1883.0,2249.0,182.0,3823.0,4922.0,-3726.0,343.0,2798.0,-1099.0,16702.0,-430.0,-98.0,-383.0,539.0,328.0,-1842.0,-80.0,-1922.0,-0.22313608203375346,-0.16585772789322006,-0.0074465529666105645,2.1915254237288138,-0.37055695493982643,-0.36363636363636365,-0.23478783026421135,0.051484725486007354,-0.025627615062761455,-0.26394849785407726,-0.293255872695125,-1414.0,-0.24555063691390366,1548.0,1505.0,1838.0,0.33415841584158423,-0.11351351351351346,-461.0,-0.43661971830985913,-399.0
SA_112,2013-12-31,589.935,379.906,312.994,0.0,312.994,32.393,55.194,54.104,210.029,21.656,0.0,1.09,92.507,18.764,51.213,39.964,13.168,,47.814,-96.109,-48.295,,,,,,,,,,,,,,,,,,,,,
SA_112,2014-12-31,775.794,425.508,360.303,0.0,360.303,11.008,63.619,55.028,,30.841,0.0,8.591,151.849,78.512,124.692,50.953,27.571,46.18,64.325,-155.95,-91.625,0.31504996313153155,0.12003495601543523,0.15114986229767968,,0.15114986229767968,-0.6601734942734542,0.15264340326847115,0.017078219724974142,,0.4241318803103067,,7.5009999999999994,0.6414865902039844,59.748000000000005,73.47899999999998,10.989000000000004,1.0937879708383962,,16.511000000000003,0.6226367978024951,-43.33
SA_112,2015-12-31,430.868,551.053,517.849,0.0,517.849,50.074,84.966,23.968,-120.185,14.302,0.0,60.998,82.705,-428.834,-365.947,-459.507,30.686,62.887,51.272,-193.815,-142.543,-0.44461029603219415,0.29504733166003927,0.4372597508208371,,0.4372597508208371,3.5488735465116283,0.33554441283264436,-0.5644399214945119,,-0.536266658020168,,52.407,-0.4553470882258033,-507.346,-490.639,-510.46000000000004,0.11298103079322463,0.3617799913382418,-13.053000000000004,0.242802180185957,-50.918000000000006
SA_112,2016-12-31,300.204,440.639,404.493,0.0,404.493,71.529,105.379,29.734,-140.435,26.883,0.0,75.645,61.117,-53.846,-24.173,-89.061,35.246,29.673,6.737,-58.779,-52.042,-0.30325761021937114,-0.20036911150107162,-0.2188977868065788,,-0.2188977868065788,0.42846587051164264,0.24024904079278775,0.24057076101468633,0.16849024420684788,0.8796671794154665,,14.646999999999998,-0.2610241218789674,374.988,341.774,370.446,0.14860196832431738,-0.5281536724601269,-44.535,-0.6967262595774321,90.501
SA_112,2017-12-31,380.123,411.951,342.952,0.0,342.952,13.266,54.171,61.586,-31.828,38.575,0.0,-7.415,72.13,4.197,28.212,-46.755,38.955,24.015,20.062,-107.748,-87.686,0.26621564003144527,-0.06510544913182903,-0.15214354760156545,,-0.15214354760156545,-0.8145367613135931,-0.4859412216855351,1.0712315867357232,-0.773361341545911,0.43492169772718836,,-83.06,0.18019536299229344,58.043,52.385,42.306000000000004,0.105231799353118,-0.19067839450005053,13.325000000000001,0.833103659470219,-35.644000000000005
SA_199,2013-12-31,1534.756,901.614,653.781,25.0,628.781,148.689,519.283,207.152,633.142,257.889,41.781,312.131,874.172,101.872,235.925,27.015,47.82,,161.497,-155.645,5.852,,,,,,,,,,,,,,,,,,,,,
SA_199,2014-12-31,1520.659,854.445,615.0,10.0,605.0,108.456,462.303,178.665,666.214,270.952,47.943,283.638,968.684,120.22,265.341,23.451,44.265,145.1,202.467,-179.513,22.954,-0.009185173408672087,-0.05231617965115887,-0.05931802851413537,-0.6,-0.037820799292599405,-0.27058491213203395,-0.10972822141298677,-0.13751737854329182,0.05223472775459537,0.05065357576321583,0.1474833058088605,-28.492999999999995,0.1081160229337017,18.348,29.415999999999997,-3.564,-0.0743412797992472,,40.97,0.15334896720100222,17.102
SA_199,2015-12-31,1376.904,808.392,585.0,0.0,585.0,134.294,366.741,136.121,568.512,175.105,34.937,230.62,712.183,-17.338,138.856,-95.073,45.155,151.9,162.122,-88.197,73.925,-0.09453467213885569,-0.053898144409529,-0.04878048780487809,-1.0,-0.03305785123966942,0.23823486021981277,-0.20670858722526142,-0.23812162426888306,-0.1466525770998509,-0.3537416221323334,-0.27128047890202955,-53.01799999999997,-0.26479326591540686,-137.558,-126.48500000000001,-118.524,0.02010617869648712,0.04686423156443831,-40.345,-0.5086873931135907,50.971
SA_199,2016-12-31,1103.551,764.416,576.326,0.0,576.326,119.691,286.318,102.921,339.135,113.231,32.354,183.397,427.004,-111.257,28.538,-230.814,45.812,136.3,21.285,-28.954,-7.669,-0.19852727568516038,-0.05439935081000302,-0.014827350427350394,,-0.014827350427350394,-0.10873903525101647,-0.21929099827943976,-0.24390064721828375,-0.4034690560621411,-0.3533537020644756,-0.07393307954317763,-47.22300000000001,-0.40042938402068007,-93.91900000000001,-110.318,-135.74099999999999,0.014549883733805613,-0.10269914417379855,-140.83700000000002,-0.6717121897570213,-81.594
SA_199,2017-12-31,990.279,694.158,577.971,0.0,577.971,141.549,317.836,103.676,296.121,122.511,31.415,214.16,442.52,-65.805,56.568,-118.701,44.226,119.6,6.733,-54.533,-47.8,-0.1026431945601064,-0.09191068737441399,0.0028542873304344685,,0.0028542873304344685,0.18262024713637626,0.11008040011455811,0.007335723516094905,-0.12683444645937458,0.08195635470851625,-0.029022686530258968,30.763000000000005,0.03633689614148805,45.452,28.029999999999998,112.113,-0.0346197502837684,-0.12252384446074849,-14.552,0.8834357947088485,-40.131
SA_289,2013-12-31,13444.6,12604.4,8707.2,85.0,8622.2,48.2,1184.8,1445.6,840.2,635.3,67.7,-260.8,5988.1,1009.0,2350.5,241.0,627.7,1049.7,1519.4,-841.0,678.4,,,,,,,,,,,,,,,,,,,,,
SA_289,2014-12-31,12520.3,12295.5,8645.0,717.5,7927.5,27.8,898.3,2043.0,224.8,635.5,63.7,-1144.7,5829.5,507.1,1893.5,-39.5,571.8,1130.3,1467.3,-786.5,680.8,-0.06874879133629863,-0.024507314905905853,-0.0071435134141860646,7.4411764705882355,-0.08057108394609269,-0.4232365145228216,-0.2418129642133694,0.41325401217487556,-0.7324446560342776,0.00031481189988991076,-0.05908419497784345,-883.9000000000001,-0.02648586362953198,-501.9,-457.0,-280.5,-0.08905528118527972,0.07678384300276253,-52.100000000000136,-0.06480380499405469,2.3999999999999773
SA_289,2015-12-31,12518.1,12211.7,10323.6,158.6,10165.0,31.3,875.3,1267.1,306.4,643.9,79.5,-391.8,5765.3,509.4,1875.9,27.4,813.2,1146.3,1026.6,-1055.3,-28.7,-0.00017571463942545051,-0.00681550160627864,0.19417004048582998,-0.7789547038327527,0.2822453484705141,0.12589928057553967,-0.02560391851274635,-0.37978463044542343,0.3629893238434161,0.013217938630999182,0.24803767660910503,752.9000000000001,-0.011012951368041812,2.2999999999999545,-17.59999999999991,66.9,0.42217558586918513,0.014155533929045339,-440.70000000000005,0.34176732358550543,-709.5
SA_289,2016-12-31,11770.0,11600.0,9864.2,183.6,9680.6,59.1,866.9,1254.6,170.0,618.6,77.5,-387.7,5387.0,515.4,1778.9,-383.5,860.6,1078.3,924.4,-989.8,-65.4,-0.059761465398103564,-0.050091305878788406,-0.04449998062691307,0.15762925598991173,-0.0476537137235612,0.8881789137380192,-0.009596709699531525,-0.009865046168416103,-0.44516971279373363,-0.03929181549930105,-0.02515723270440251,4.100000000000023,-0.06561670684960019,6.0,-97.0,-410.9,0.058288243974422116,-0.05932129460001745,-102.19999999999993,-0.0620676584857387,-36.7
SA_289,2017-12-31,11084.3,12383.2,10675.8,357.9,10317.9,43.4,933.7,1543.4,-1298.9,643.0,93.0,-609.7,5852.9,-1590.6,-120.6,-2116.6,875.4,1229.0,974.6,-908.6,66.0,-0.05825828377230258,0.06751724137931037,0.08227732608827876,0.9493464052287581,0.06583269632047584,-0.2656514382402708,0.07705617718306623,0.23019289016419586,-8.640588235294118,0.03944390559327515,0.19999999999999996,-222.00000000000006,0.0864859847781696,-2106.0,-1899.5,-1733.1,0.01719730420636756,0.1397570249466753,50.200000000000045,-0.08203677510608198,131.4
SA_69,2013-12-31,1173.323,613.358,379.0,0.0,379.0,0.934,354.658,91.405,559.965,172.538,71.137,263.253,856.5,119.284,162.132,58.956,29.756,38.9,105.096,-102.726,2.37,,,,,,,,,,,,,,,,,,,,,
SA_69,2014-12-31,1376.08,779.012,543.0,0.0,543.0,6.27,466.524,80.512,597.068,178.833,73.793,386.012,836.27,111.64,162.488,32.688,29.51,43.7,119.519,-157.69,-38.171,0.17280578323274987,0.270077181678563,0.43271767810026396,,0.43271767810026396,5.71306209850107,0.315419361751321,-0.11917291176631473,0.06625949836150458,0.036484716410297935,0.03733640721424858,122.75900000000001,-0.023619381202568568,-7.6440000000000055,0.35599999999999454,-26.268,-0.00826724022045966,0.12339331619537286,14.423000000000002,0.5350544166033915,-40.541
SA_69,2015-12-31,1426.333,799.335,553.501,0.0,553.501,2.407,521.29,76.132,626.998,138.309,69.491,445.158,804.228,70.111,141.729,26.924,29.066,46.7,133.918,-57.123,76.795,0.03651895238648928,0.02608817322454615,0.01933885819521164,,0.01933885819521164,-0.6161084529505582,0.11739160257564452,-0.05440182829888707,0.05012829359469961,-0.22660247269799194,-0.058298212567587826,59.146000000000015,-0.038315376612816476,-41.528999999999996,-20.758999999999986,-5.764000000000003,-0.0150457472043376,0.06864988558352403,14.399000000000001,-0.6377512841651342,114.96600000000001
SA_69,2016-12-31,1448.44,848.662,631.247,0.0,631.247,2.596,521.666,57.05,599.778,128.662,70.402,464.616,634.098,0.224,65.967,-26.68,30.644,49.2,-0.564,-81.842,-82.406,0.015499185674032523,0.06171004647613332,0.14046225752076325,,0.14046225752076325,0.07852098047361866,0.0007212875750544079,-0.2506436189775654,-0.043413216629080154,-0.06974961860761042,0.0131096113165734,19.45799999999997,-0.21154448738417464,-69.887,-75.76200000000001,-53.604,0.05429023601458738,0.05353319057815842,-134.482,0.43273287467394916,-159.20100000000002
SA_69,2017-12-31,1401.846,789.192,615.994,0.0,615.994,8.77,352.613,79.036,612.654,168.153,80.881,273.577,579.545,-22.022,46.005,7.532,32.183,50.6,-19.103,-56.757,-75.86,-0.032168401866836116,-0.07007501219566803,-0.024163283152236703,,-0.024163283152236703,2.3782742681047764,-0.32406367292482174,0.385381244522349,0.021467943138961276,0.3069360028602073,0.14884520326127104,-191.039,-0.08603244293468837,-22.246,-19.961999999999996,34.212,0.05022190314580355,0.028455284552845406,-18.539,-0.30650521737005454,6.5460000000000065
SA_194,2014-12-31,170.739,70.226,38.068,4.406,33.662,1.021,26.032,19.544,100.513,9.121,9.65,6.488,142.724,14.311,24.06,9.465,0.271,8.936,20.152,-25.769,-5.617,,,,,,,,,,,,,,,,,,,,,
SA_194,2015-12-31,248.737,114.954,74.239,3.882,70.357,4.361,38.313,18.86,133.783,10.509,13.501,19.453,168.446,19.45,30.87,13.557,0.521,9.717,18.791,-63.184,-44.393,0.45682591557874885,0.6369151026685274,0.9501681202059475,-0.11892873354516564,1.0901015982413402,3.2713026444662097,0.4717655193607868,-0.03499795333606226,0.33100195994547943,0.15217629645872166,0.3990673575129533,12.965,0.18022196687312575,5.138999999999999,6.810000000000002,4.0920000000000005,0.9225092250922509,0.08739928379588191,-1.3610000000000007,1.4519383755675426,-38.776
SA_194,2016-12-31,319.88,186.635,140.717,6.728,133.989,8.75,47.137,20.142,133.245,8.954,18.414,26.995,164.494,18.686,31.915,12.811,1.678,11.716,27.827,-88.862,-61.035,0.2860169576701497,0.6235624684656471,0.8954592599577043,0.7331272539927871,0.9044160495757352,1.0064205457463884,0.23031347062354812,0.06797454931071045,-0.004021437701352104,-0.14796840803121136,0.3638989704466338,7.542000000000002,-0.023461524761644648,-0.7639999999999993,1.0449999999999982,-0.7460000000000004,2.220729366602687,0.2057219306370277,9.036000000000001,0.40640035452013157,-16.641999999999996
SA_194,2017-12-31,346.535,204.748,169.253,169.22,0.033,3.823,39.393,187.88,141.787,11.825,20.563,-148.487,162.484,-3.917,11.302,6.674,4.98,13.744,13.446,-49.188,-35.742,0.08332812304614245,0.09705039247729519,0.20278999694422106,24.151605231866824,-0.9997537111255401,-0.5630857142857143,-0.16428707809152043,8.327772813027504,0.06410747119966986,0.32063882063882043,0.11670468122081012,-175.482,-0.012219290673216032,-22.603,-20.613,-6.137,1.9678188319427896,0.17309662000682824,-14.381000000000002,-0.4464675564358218,25.293
SA_194,2018-12-31,334.185,229.813,187.387,187.356,0.031,4.806,42.244,216.439,104.372,12.334,21.13,-174.195,186.682,-23.475,-3.789,-37.672,20.165,16.733,-17.497,-3.361,-20.858,-0.03563853579003573,0.12241877820540381,0.1071413800641643,0.10717409289682078,-0.06060606060606066,0.25712791001831015,0.07237326428553303,0.1520065999574196,-0.26388173810010795,0.04304439746300215,0.027573797597626903,-25.708,0.14892543265798475,-19.558,-15.091,-44.346,3.0491967871485937,0.21747671711292216,-30.942999999999998,-0.9316703260957957,14.883999999999997
SA_227,2014-12-31,1994.849,1141.499,860.0,0.0,860.0,13.566,244.363,229.281,853.35,51.482,0.0,15.082,380.597,108.626,290.295,41.136,38.805,,265.423,-476.302,-210.879,,,,,,,,,,,,,,,,,,,,,
SA_227,2015-12-31,1935.154,998.302,837.654,0.0,837.654,21.893,194.174,67.576,936.852,19.292,0.0,126.598,197.399,-106.47,99.028,-2.381,64.458,,68.849,-312.406,-243.557,-0.02992457073192001,-0.12544645242790398,-0.0259837209302326,,-0.0259837209302326,0.613813946631284,-0.20538706760025038,-0.7052699525909256,0.09785199507822107,-0.6252670836408842,,111.51599999999999,-0.48134378358210916,-215.096,-191.267,-43.517,0.6610746037881716,,-196.574,-0.3441010115430966,-32.678
SA_227,2016-12-31,1886.7,906.274,724.009,0.0,724.009,34.642,99.322,107.807,891.451,26.568,0.0,-8.485,127.847,-104.266,49.664,-42.552,53.127,,25.7,-264.772,-239.072,-0.025038834118628284,-0.09218452933080368,-0.13567057520169423,,-0.13567057520169423,0.5823322523180927,-0.4884897051098499,0.5953445010062746,-0.048461229735326294,0.3771511507360563,,-135.083,-0.3523422104468614,2.2039999999999935,-49.364000000000004,-40.171,-0.1757888857860932,,-43.149,-0.15247466437904522,4.484999999999985
SA_227,2017-12-31,1710.063,1034.388,759.316,0.0,759.316,19.472,104.701,166.487,586.136,34.492,0.0,-61.786,255.424,-149.955,17.269,-101.492,51.651,,59.008,-245.95,-186.942,-0.09362219748767686,0.14136342872023233,0.04876596837884617,,0.04876596837884617,-0.43790774204722593,0.05415718571917583,0.544306028365505,-0.3424921840908811,0.29825353809093635,,-53.301,0.9978881006202729,-45.68900000000001,-32.395,-58.940000000000005,-0.02778248348297474,,33.30800000000001,-0.07108757723626369,52.129999999999995
SA_227,2018-12-31,405.575,1116.839,982.157,0.0,982.157,58.464,130.131,109.637,-804.983,33.954,0.0,20.494,236.357,-1370.385,-1196.481,-1291.039,89.328,,64.108,-198.828,-134.72,-0.7628303752551807,0.07970993476335764,0.293475970478694,,0.293475970478694,2.002465078060805,0.2428821119187019,-0.3414681026146186,-2.373372391390394,-0.01559781978429775,,82.28,-0.0746484277123528,-1220.43,-1213.75,-1189.547,0.7294534471743044,,5.100000000000001,-0.1915917869485667,52.22200000000001
SA_50,2014-12-31,2151.153,1063.319,555.317,65.602,489.715,168.745,384.233,256.758,1087.834,86.838,79.802,127.475,1324.044,131.802,243.824,78.96,77.16,112.022,98.174,-18.719,79.455,,,,,,,,,,,,,,,,,,,,,
SA_50,2015-12-31,1802.16,914.279,493.293,2.133,491.16,89.313,244.186,162.889,887.881,43.248,76.763,81.297,1124.111,-81.391,-11.617,-204.9,47.561,66.064,41.589,-37.662,3.927,-0.16223532217373648,-0.14016489877449756,-0.11169116018418312,-0.9674857473857504,0.002950695812870885,-0.4707220954694954,-0.3644845705600508,-0.365593282390422,-0.1838083751748889,-0.501969183997789,-0.03808175233703415,-46.178,-0.15100177939705928,-213.19299999999998,-255.441,-283.86,-0.3836054950751685,-0.41025869918408897,-56.58500000000001,1.0119664511993158,-75.52799999999999
SA_50,2016-12-31,1714.776,763.115,482.533,2.567,479.966,83.708,225.157,129.191,951.661,49.311,68.683,95.966,800.438,67.268,94.486,21.841,47.434,27.218,48.716,-33.639,15.077,-0.04848848049007859,-0.16533683919241282,-0.02181259413776393,0.20346929207688702,-0.022790943887938786,-0.06275682151534501,-0.07792830055777156,-0.20687707580008474,0.07183395072087362,0.1401914539400666,-0.10525904407071107,14.668999999999997,-0.28793686744458513,148.659,106.10300000000001,226.741,-0.002670255040894909,-0.5880055703560183,7.1270000000000024,-0.10681854389039336,11.15
SA_50,2017-12-31,1698.701,690.892,410.206,2.435,407.771,107.948,270.034,119.412,1007.809,50.075,72.904,150.622,887.706,4.94,77.21,-6.639,41.362,72.27,52.036,-13.097,38.939,-0.00937440225428865,-0.09464235403576127,-0.14989026657244164,-0.051421893260615525,-0.15041690453073753,0.28957805705547845,0.1993142562745105,-0.07569412729988934,0.05900000105079428,0.015493500436008167,0.06145625555086398,54.65600000000002,0.10902530864351778,-62.328,-17.27600000000001,-28.48,-0.12800944470211228,1.6552281578367256,3.3200000000000003,-0.6106602455483219,23.862000000000002
SA_50,2018-12-31,928.656,634.982,400.282,1.633,398.649,91.196,242.303,118.296,293.674,33.527,70.04,124.007,832.405,-705.918,-656.876,-717.963,40.189,49.042,16.099,-14.191,1.908,-0.45331403231057144,-0.08092437023442167,-0.024192722680799528,-0.3293634496919918,-0.022370399072028202,-0.15518583021454768,-0.10269447551049127,-0.009345794392523366,-0.7086015306471762,-0.33046430354468304,-0.03928453857127168,-26.61500000000001,-0.06229652610211045,-710.8580000000001,-734.086,-711.324,-0.028359363667134097,-0.3214058392140583,-35.937,0.08353057952202803,-37.031
SA_193,2014-03-31,3398.257,1641.671,841.302,14.207,827.095,204.341,721.607,457.825,1756.586,292.65,137.463,263.782,1669.582,186.977,282.954,186.737,44.938,,232.094,-628.613,-396.519,,,,,,,,,,,,,,,,,,,,,
SA_193,2015-03-31,3230.72,1611.934,864.422,18.73,845.692,104.146,637.851,435.006,1618.786,250.61,147.169,202.845,1858.669,147.645,261.938,84.3,30.31,,253.226,-601.834,-348.608,-0.0493008621772868,-0.01811386081620503,0.027481213642663427,0.3183641866685436,0.022484720618550336,-0.4903323366333726,-0.11606871884557657,-0.04984218860918477,-0.07844762510916059,-0.1436528276097726,0.07060809090446174,-60.93699999999998,0.11325409593538982,-39.331999999999994,-21.01600000000002,-102.437,-0.32551515421247057,,21.132000000000005,-0.04260013712729471,47.911
SA_193,2016-03-31,3262.945,1753.053,1131.972,60.394,1071.578,104.31,593.096,390.368,1509.892,243.425,142.503,202.728,1715.513,-40.845,95.967,-72.442,35.186,,118.231,-372.375,-254.144,0.009974556755150576,0.08754638837570283,0.3095131775915003,2.2244527495995725,0.26710197093031507,0.001574712422944824,-0.0701652893857656,-0.10261467657917356,-0.06726892869100676,-0.0286700450899805,-0.03170504657910311,-0.11699999999999022,-0.07702070675305828,-188.49,-165.971,-156.742,0.1608709996700759,,-134.995,-0.3812662627900716,94.464
SA_193,2017-03-31,3113.847,1819.615,1282.019,131.063,1150.956,96.656,507.871,416.354,1294.232,198.129,124.911,91.517,1400.502,-91.742,27.006,-170.536,50.862,,11.537,-135.11,-123.573,-0.04569430376546335,0.03796918860981369,0.1325536320686378,1.1701327946484747,0.07407580222811583,-0.07337743265266994,-0.14369511849683703,0.06656795638986801,-0.14283140780930037,-0.18607784738625865,-0.12345003263089194,-111.21100000000001,-0.1836249564998924,-50.897000000000006,-68.961,-98.09400000000001,0.44551810379128076,,-106.69399999999999,-0.6371668345082242,130.57100000000003
SA_193,2018-03-31,3170.359,1986.858,1486.534,1475.438,11.096,380.223,834.399,1786.584,1183.501,233.386,129.614,-952.185,1433.975,-147.983,-23.941,-194.684,77.737,,-19.544,-46.287,-65.831,0.018148611669102532,0.09191120099581496,0.15952571685755057,10.257471597628623,-0.9903593186881167,2.9337754510842573,0.642934918512772,3.2910215825955804,-0.08555730348191048,0.1779497196271116,0.037650807374850936,-1043.702,0.02390071560054885,-56.241,-50.947,-24.147999999999996,0.528390546970233,,-31.081000000000003,-0.6574124787210421,57.74199999999999
SA_218,2014-12-31,1898.606,1261.401,938.876,0.0,938.876,0.725,192.254,97.576,637.205,49.39,0.0,94.678,532.299,89.298,262.984,-283.645,67.218,,207.216,-640.414,-433.198,,,,,,,,,,,,,,,,,,,,,
SA_218,2015-12-31,1625.902,1805.579,1440.396,0.0,1440.396,2.006,129.459,81.093,-179.677,33.944,0.0,48.366,338.779,-725.697,-548.439,-701.541,76.891,,2.046,-579.463,-577.417,-0.14363380290592143,0.4314076174031889,0.5341706466029592,,0.5341706466029592,1.7668965517241375,-0.32662519375409604,-0.16892473559071897,-1.2819767578722703,-0.3127353715326989,,-46.312,-0.363555069613131,-814.995,-811.423,-417.8960000000001,0.14390490642387466,,-205.17000000000002,-0.09517437157838526,-144.21900000000005
SA_218,2016-12-31,1299.826,1521.905,1161.394,0.0,1161.394,2.555,82.772,86.609,-222.079,43.192,0.0,-3.837,378.862,-20.492,129.922,-55.82,79.06,,-0.31,-41.932,-42.242,-0.20055083270701435,-0.1571097138369465,-0.19369812190536484,,-0.19369812190536484,0.2736789631106682,-0.36063155130195657,0.0680206676285251,0.23599013785849055,0.27244873909969347,,-52.203,0.1183160703585524,705.205,678.361,645.721,0.02820876305419362,,-2.356,-0.9276364496093797,535.1750000000001
SA_218,2017-12-31,1493.082,1764.769,1346.769,0.0,1346.769,1.246,112.604,144.81,-271.687,62.755,0.0,-32.206,460.457,42.214,169.152,-53.897,89.206,,99.795,-314.491,-214.696,0.14867836156531733,0.15957894875172896,0.15961422221916077,,0.15961422221916077,-0.5123287671232877,0.36041173343642763,0.6719971365562472,0.22337996838962715,0.45293109835154666,,-28.369000000000003,0.21536865666126448,62.706,39.22999999999999,1.9230000000000018,0.1283329117126233,,100.105,6.500023848135075,-172.454
SA_218,2018-12-31,1474.931,1667.562,1289.569,856.646,432.923,1.098,151.092,984.65,-192.631,56.615,0.0,-833.558,543.146,36.117,196.115,43.833,117.008,,175.941,-228.261,-52.32,-0.012156733521668683,-0.05508199656725621,-0.04247202007174211,,-0.6785469520014197,-0.11878009630818609,0.34179958083194206,5.799599475174366,-0.2909819019680736,-0.09784080949725127,,-801.352,0.17958028654141422,-6.097000000000001,26.963000000000022,97.72999999999999,0.31166065062888126,,76.146,-0.27418908649214124,162.376
SA_241,2014-12-31,3042.168,2042.581,1746.263,0.0,1746.263,473.714,681.754,268.956,999.587,0.0,0.0,412.798,671.664,-75.314,262.783,-21.791,89.8,,415.335,-1361.264,-945.929,,,,,,,,,,,,,,,,,,,,,
SA_241,2015-12-31,1501.304,1957.473,1705.927,0.0,1705.927,435.048,666.618,167.506,-456.169,0.0,0.0,499.112,475.779,-1491.351,-1146.779,-1454.627,126.399,,272.025,-671.917,-399.892,-0.5065019420360742,-0.041666891055972766,-0.02309846798563564,,-0.02309846798563564,-0.08162308903684501,-0.022201556573192005,-0.377199244486087,-1.4563574756374382,,,86.31400000000002,-0.2916413563924819,-1416.037,-1409.562,-1432.836,0.4075612472160357,,-143.31,-0.5064021380129056,546.037
SA_241,2016-12-31,1332.211,2016.193,1712.767,0.0,1712.767,501.917,562.805,185.904,-683.982,0.0,0.0,376.901,566.926,86.283,233.768,-141.486,126.973,,182.754,-318.333,-135.579,-0.11263075299872649,0.02999785948516287,0.004009550232806136,,0.004009550232806136,0.15370487854213777,-0.1557308683533899,0.10983487158668948,0.4994048258430537,,,-122.21100000000001,0.19157423930017936,1577.634,1380.547,1313.141,0.004541175167525058,,-89.27099999999999,-0.5262316625416532,264.313
SA_241,2017-12-31,2470.635,2512.263,1954.679,23.996,1930.683,184.434,350.798,462.528,-469.14,0.0,0.0,-111.73,753.472,105.588,282.666,43.192,140.163,,292.089,-1558.027,-1265.938,0.8545373067779805,0.24604291355043895,0.1412404606113966,,0.12723038218274874,-0.6325408384254767,-0.3766970798056164,1.4879938032532922,-0.3141047571427318,,,-488.63100000000003,0.3290482355721909,19.304999999999993,48.897999999999996,184.678,0.10388035251588934,,109.33500000000001,3.8943307794039574,-1130.3590000000002
SA_241,2018-12-31,2819.96,2811.655,2395.712,0.304,2395.408,197.613,372.981,348.299,-444.523,0.0,0.0,24.682,953.709,189.736,452.217,85.205,177.858,,265.974,-617.248,-351.274,0.1413907760555484,0.11917223634627438,0.22562937443948594,-0.9873312218703117,0.24070497331773266,0.07145645596798866,0.06323582232509883,-0.24696667012591678,-0.052472609455599506,,,136.412,0.26575241017582596,84.148,169.551,42.013,0.26893688063183574,,-26.11500000000001,-0.6038271480532751,914.6640000000001
SA_104,2014-12-31,10154.0,5806.0,4533.0,0.0,4533.0,22.0,1102.0,648.0,4348.0,272.0,25.0,454.0,3084.0,1493.0,2376.0,731.0,318.0,,1186.0,-2033.0,-847.0,,,,,,,,,,,,,,,,,,,,,
SA_104,2015-12-31,5833.0,5214.0,4812.0,0.0,4812.0,26.0,1297.0,351.0,619.0,201.0,24.0,946.0,1908.0,-3955.0,-2972.0,-3748.0,330.0,,1327.0,-1433.0,-106.0,-0.425546582627536,-0.10196348604891492,0.06154864328259424,,0.06154864328259424,0.18181818181818188,0.17695099818511806,-0.45833333333333337,-0.8576356945722171,-0.26102941176470584,-0.040000000000000036,492.0,-0.38132295719844356,-5448.0,-5348.0,-4479.0,0.037735849056603765,,141.0,-0.29513034923757997,741.0
SA_104,2016-12-31,4761.0,4155.0,3789.0,0.0,3789.0,20.0,248.0,321.0,606.0,149.0,16.0,-73.0,1479.0,614.0,1076.0,-27.0,312.0,,784.0,-533.0,251.0,-0.18378193039602264,-0.20310701956271582,-0.2125935162094763,,-0.2125935162094763,-0.23076923076923073,-0.8087895142636854,-0.0854700854700855,-0.021001615508885352,-0.2587064676616916,-0.33333333333333337,-1019.0,-0.2248427672955975,4569.0,4048.0,3721.0,-0.054545454545454564,,-543.0,-0.6280530355896721,357.0
SA_104,2017-12-31,4900.0,4508.0,4043.0,21.0,4022.0,27.0,466.0,448.0,392.0,171.0,16.0,18.0,1118.0,139.0,626.0,-194.0,326.0,,375.0,-541.0,-166.0,0.029195547153959334,0.08495788206979538,0.06703615729744006,,0.061493797835840525,0.3500000000000001,0.8790322580645162,0.39563862928348903,-0.3531353135313532,0.1476510067114094,0.0,91.0,-0.2440838404327248,-475.0,-450.0,-167.0,0.044871794871794934,,-409.0,0.015009380863039379,-417.0
SA_104,2018-12-31,4181.0,4780.0,4343.0,58.0,4285.0,27.0,385.0,440.0,-599.0,230.0,22.0,-55.0,1215.0,-715.0,-208.0,-1003.0,365.0,,422.0,-690.0,-268.0,-0.146734693877551,0.06033717834960073,0.07420232500618362,1.7619047619047619,0.06539035305818008,0.0,-0.17381974248927035,-0.017857142857142905,-2.5280612244897958,0.3450292397660819,0.375,-73.0,0.08676207513416823,-854.0,-834.0,-809.0,0.11963190184049077,,47.0,0.27541589648798515,-102.0
SA_270,2014-12-31,107.58,42.281,20.904,9.749,11.155,7.568,54.709,30.874,65.299,42.175,1.412,23.835,84.029,20.833,22.475,6.72,,1.643,4.013,-2.023,1.99,,,,,,,,,,,,,,,,,,,,,
SA_270,2015-12-31,242.027,95.95,44.559,6.436,38.123,15.666,115.517,51.822,133.852,92.569,4.493,63.695,229.216,31.65,36.337,50.84,1.597,0.156,6.715,-4.38,2.335,1.249739728574084,1.269340838674582,1.1316016073478758,-0.33982972612575657,2.4175705961452265,1.0700317124735732,1.1114807435705276,0.678499708492583,1.0498323098362912,1.1948784825133374,2.18201133144476,39.86,1.7278201573266374,10.817,13.862000000000002,44.120000000000005,,-0.9050517346317711,2.702,1.1651013346515073,0.345
SA_270,2016-12-31,305.435,148.956,84.165,6.205,77.96,24.572,164.074,66.098,156.479,124.951,4.468,97.976,285.744,10.038,18.87,6.449,3.999,,1.567,-5.541,-3.974,0.2619872989377219,0.5524335591453882,0.8888440045782,-0.03589185829707886,1.0449597355926867,0.5684922762670752,0.42034505743743367,0.27548145575238303,0.16904491527956256,0.34981473279391584,-0.005564210994881025,34.281,0.24661454697752339,-21.612,-17.467000000000002,-44.391000000000005,1.5040701314965563,,-5.148,0.26506849315068504,-6.309
SA_270,2017-12-31,431.038,216.25,136.801,11.265,125.536,22.536,184.886,87.294,214.788,144.522,3.356,97.592,299.717,22.309,33.912,3.797,6.007,9.7,26.39,-5.152,21.238,0.4112266112266112,0.45177099277639043,0.6253906017940947,0.815471394037067,0.6102616726526424,-0.08285853817353073,0.1268452039933199,0.32067536082786163,0.3726314713156398,0.15662939872429993,-0.2488809310653537,-0.38400000000000034,0.04890041435690673,12.271,15.041999999999998,-2.6519999999999997,0.5021255313828457,,24.823,-0.07020393430788674,25.212
SA_2,2014-12-31,1392.738,618.411,391.311,0.0,391.311,0.432,61.079,106.852,774.327,19.635,0.0,-45.773,260.888,69.516,176.318,56.172,21.651,0.588,171.604,-393.53,-221.926,,,,,,,,,,,,,,,,,,,,,
SA_2,2015-12-31,1174.984,567.017,496.587,0.0,496.587,0.6,20.438,28.508,607.967,11.747,0.0,-8.07,183.825,-219.964,-110.645,-174.104,25.066,0.563,102.716,-151.245,-48.529,-0.15634957903065771,-0.08310654241273185,0.26903409308708426,,0.26903409308708426,0.38888888888888884,-0.6653841745935591,-0.7332010631527721,-0.21484463282308386,-0.40173160173160183,,37.703,-0.2953872926313207,-289.48,-286.963,-230.276,0.15772943513001714,-0.04251700680272108,-68.88800000000002,-0.6156709780702869,173.397
SA_2,2016-12-31,1104.555,541.603,498.349,0.0,498.349,0.021,12.494,26.369,562.952,9.547,0.0,-13.875,96.434,-38.734,40.31,-52.243,27.259,0.343,26.081,-19.804,6.277,-0.059940390677660216,-0.0448205256632519,0.0035482201507490707,,0.0035482201507490707,-0.965,-0.3886877385262746,-0.07503157008559003,-0.07404184766607391,-0.18728185919809304,,-5.805,-0.4754032367741058,181.23,150.95499999999998,121.86100000000002,0.08748902896353639,-0.3907637655417405,-76.63499999999999,-0.869060134219313,54.806000000000004
SA_2,2017-12-31,1099.576,492.16,373.46,0.0,373.46,0.021,16.7,25.067,607.416,9.678,0.0,-8.367,100.99,-24.067,46.454,-112.359,21.053,0.237,37.454,-47.065,-9.611,-0.004507697670102506,-0.0912901147150218,-0.2506054993588831,,-0.2506054993588831,0.0,0.33664158796222177,-0.04937616140164591,0.07898364336568675,0.013721587933382295,,5.507999999999999,0.04724474770309217,14.667000000000002,6.143999999999998,-60.11599999999999,-0.22766792618951537,-0.3090379008746357,11.373000000000001,1.3765400929105231,-15.888000000000002
SA_2,2018-12-31,1084.647,495.402,384.993,0.0,384.993,0.022,16.225,21.077,589.245,6.71,0.0,-4.852,106.985,-5.841,55.591,-19.911,25.117,0.262,34.744,-46.767,-12.023,-0.013577051518039784,0.006587288686605852,0.030881486638461908,,0.030881486638461908,0.04761904761904745,-0.02844311377245501,-0.15917341524713757,-0.029915247540400758,-0.30667493283736313,,3.5150000000000006,0.05936231310030693,18.226,9.137,92.448,0.19303662185911752,0.10548523206751059,-2.710000000000001,-0.0063316689684478344,-2.411999999999999
SA_119,2014-12-31,3416.879,1877.765,864.469,23.678,840.791,665.309,1487.381,857.594,1539.114,143.37,0.0,629.787,2300.889,8.554,121.458,-75.994,60.9,93.2,6.96,-321.187,-314.227,,,,,,,,,,,,,,,,,,,,,
SA_119,2015-12-31,3387.076,1840.355,843.883,24.882,819.001,664.844,1535.411,841.479,1546.721,208.474,0.0,693.932,3070.275,91.196,209.477,-17.983,50.058,100.0,55.272,-102.851,-47.579,-0.008722287210053303,-0.019922620775230215,-0.023813462368228344,0.05084888926429598,-0.025916071889447,-0.0006989233574172804,0.03229165896296915,-0.01879094303364992,0.004942453905298683,0.4540977889377136,,64.14499999999998,0.33438640455928126,82.642,88.019,58.010999999999996,-0.17802955665024633,0.07296137339055786,48.312,-0.6797784468238129,266.64799999999997
SA_119,2016-12-31,3222.23,1626.762,752.52,48.125,704.395,595.921,1332.383,709.343,1595.468,334.384,0.0,623.04,2635.983,142.253,244.93,34.117,58.871,90.0,178.179,-228.079,-49.9,-0.04866911755154002,-0.11606076001640997,-0.10826500830091379,0.9341290893015031,-0.13993389507460918,-0.10366792811546766,-0.13223039303482909,-0.15702827996895952,0.03151634974892059,0.6039602060688625,,-70.89200000000005,-0.14145052153308735,51.05699999999999,35.453,52.099999999999994,0.1760557753006513,-0.09999999999999998,122.90700000000001,1.2175671602609603,-2.320999999999998
SA_119,2017-12-31,3223.0,1434.0,537.0,24.0,513.0,390.0,1435.0,707.0,1789.0,328.0,0.0,728.0,2985.0,307.0,408.0,179.0,,93.0,136.0,-119.0,17.0,0.0002389649404295202,-0.11849428496608594,-0.2863977037155159,-0.5012987012987014,-0.27171544374960066,-0.3455508364363733,0.07701764432599334,-0.0033030564903014925,0.12130108532418071,-0.01909182257524289,,104.96000000000004,0.13240487514524935,164.747,163.07,144.883,,0.03333333333333344,-42.179,-0.47825095690528285,66.9
SA_119,2018-12-31,9440.0,8387.0,3497.0,38.0,3459.0,520.0,3033.0,4217.0,823.0,932.0,101.0,-1184.0,6705.0,-2256.0,-1977.0,-2687.0,,115.0,-71.0,-86.0,-157.0,1.9289481849208814,4.848675034867504,5.512104283054004,0.5833333333333333,5.742690058479532,0.33333333333333326,1.113588850174216,4.964639321074965,-0.5399664617104527,1.8414634146341462,,-1912.0,1.2462311557788945,-2563.0,-2385.0,-2866.0,,0.23655913978494625,-207.0,-0.2773109243697479,-174.0
SA_252,2015-02-28,910.204,572.937,206.746,2.0,204.746,100.064,654.163,288.813,337.267,29.405,478.843,365.35,1865.782,127.271,181.57,75.162,10.26,46.304,65.691,-81.859,-16.168,,,,,,,,,,,,,,,,,,,,,
SA_252,2016-02-27,819.191,534.434,202.255,2.0,200.255,115.221,574.894,246.687,284.757,22.639,405.859,328.207,1892.23,75.208,131.038,39.634,12.28,50.944,164.047,-51.813,112.234,-0.09999186995442777,-0.06720285127335124,-0.021722306598434882,0.0,-0.021934494446777975,0.15147305724336446,-0.12117622060556776,-0.14585908529048197,-0.1556926707919838,-0.2300969222921272,-0.15241738941573757,-37.14300000000003,0.014175289503275401,-52.063,-50.53199999999998,-35.528000000000006,0.19688109161793377,0.10020732550103673,98.356,-0.3670457738306111,128.402
SA_252,2017-02-25,843.082,551.054,201.077,2.0,199.077,154.46,609.988,291.303,292.028,22.945,400.976,318.685,1828.446,54.862,115.366,30.129,12.073,54.603,115.738,-44.181,71.557,0.029164138766172965,0.03109832084036568,-0.0058243306716768695,0.0,-0.005882499812738695,0.34055423924458217,0.061044296861682446,0.18086076688272978,0.02553405184069235,0.013516498078537165,-0.012031271944197286,-9.521999999999991,-0.03370837583169073,-20.345999999999997,-15.672000000000011,-9.504999999999999,-0.016856677524429875,0.07182396356783927,-48.309,-0.14729894042035796,-40.67699999999999
SA_252,2018-03-03,772.319,494.749,199.906,2.0,197.906,135.379,553.762,237.129,277.57,22.149,347.44,316.633,1798.522,28.594,90.024,11.626,12.362,53.603,65.806,-53.249,12.557,-0.08393370988824345,-0.10217691914041083,-0.005823639700214267,0.0,-0.00588214610427118,-0.12353360093228027,-0.09217558378197621,-0.18597130822545604,-0.049508951196460704,-0.03469165395510998,-0.13351422529029167,-2.052000000000021,-0.016365810092285993,-26.268,-25.342,-18.503,0.02393771225047625,-0.018314012050619888,-49.932,0.20524659921685795,-59.0
SA_252,2019-03-02,656.29,566.761,247.624,2.0,245.624,54.878,473.527,269.465,89.529,21.189,347.584,204.062,1552.938,-188.085,-128.562,-198.833,15.294,51.529,-98.798,-36.444,-135.242,-0.15023455333871105,0.1455525933352062,0.2387021900293138,0.0,0.24111446848503837,-0.594634322900893,-0.14489076534684564,0.13636459479861163,-0.6774543358432108,-0.04334281457402145,0.0004144600506561513,-112.57099999999997,-0.13654767636981913,-216.679,-218.586,-210.459,0.23717845008898242,-0.038691864261328646,-164.60399999999998,-0.3155927810850908,-147.79899999999998
SA_214,2014-12-31,1915.652,1729.255,1360.671,44.143,1316.528,26.509,276.17,182.412,186.397,80.911,92.075,93.758,1109.404,217.855,387.622,137.567,,,240.782,-229.725,11.057,,,,,,,,,,,,,,,,,,,,,
SA_214,2015-12-31,1821.183,1802.3,1434.566,1434.566,0.0,17.538,210.34,1558.693,18.883,56.013,50.652,-1348.353,984.853,82.557,277.972,-39.454,,,200.412,-85.026,115.386,-0.04931428046430153,0.04224073372637349,0.054307764330980834,31.498153727657836,-1.0,-0.3384133690444755,-0.23836767208603404,7.544903844045347,-0.8986947214815689,-0.3077208290590897,-0.4498832473527016,-1442.111,-0.1122683891530949,-135.298,-109.65000000000003,-177.02100000000002,,,-40.370000000000005,-0.629879203395364,104.329
SA_214,2016-12-31,1689.011,1843.604,1391.063,368.993,1022.07,103.69,266.981,532.865,-154.593,42.862,43.052,-265.884,875.832,22.729,186.941,-178.789,,,225.22,-54.584,170.636,-0.07257480439911856,0.02291738334350546,-0.03032485086081782,-0.7427842288190296,,4.912304709773064,0.269283065512979,-0.6581334489857849,-9.186887676746279,-0.23478478210415432,-0.1500434336255232,1082.469,-0.11069773864729049,-59.828,-91.03099999999998,-139.33499999999998,,,24.807999999999993,-0.3580316609037235,55.25
SA_214,2017-12-31,2606.64,1930.814,1314.532,109.532,1205.0,2.179,154.331,312.618,675.826,31.225,40.539,-158.287,954.538,22.283,229.375,-215.233,,,131.218,-76.455,54.763,0.5432936789636065,0.0473040848251578,-0.05501619984141637,-0.7031596805359451,0.1789799133131782,-0.9789854373613656,-0.42194013806225916,-0.4133260769613317,-5.371646840413215,-0.27149923008725674,-0.058371271950199755,107.59700000000001,0.0898642662063045,-0.44599999999999795,42.434,-36.44400000000002,,,-94.00200000000001,0.4006851824710538,-115.87299999999999
SA_214,2018-12-31,2388.173,1791.458,1248.103,53.709,1194.394,0.269,171.184,284.981,596.715,27.521,56.524,-113.797,1104.991,84.523,297.163,-61.613,,,133.367,-84.147,49.22,-0.08381172697418904,-0.07217474080879882,-0.05053433465294099,-0.5096501479019829,-0.008801659751037305,-0.8765488756310233,0.10920035508096237,-0.08840501826510305,-0.11705823688345818,-0.11862289831865491,0.394311650509386,44.49000000000001,0.1576186594981026,62.239999999999995,67.78800000000001,153.62,,,2.149000000000001,0.10060820090249178,-5.542999999999999
SA_262,2015-12-31,2294.856,2269.955,1824.323,7.915,1816.408,1.106,638.385,304.376,,467.964,60.542,334.009,2187.338,106.116,234.117,1.337,98.29,,42.889,-59.455,-16.566,,,,,,,,,,,,,,,,,,,,,
SA_262,2016-12-31,1994.37,1771.994,1246.825,5.683,1241.142,25.455,662.971,390.382,,380.685,58.124,272.589,2138.467,-285.632,-168.344,-347.688,113.44,,81.086,-79.92,1.166,-0.1309389347305453,-0.21937042804813311,-0.316554689054515,-0.2819962097283639,-0.31670527766889367,22.01537070524412,0.038512809668147074,0.28256498541277897,,-0.1865079365079365,-0.03993921575104886,-61.420000000000016,-0.022342683206710623,-391.748,-402.461,-349.025,0.1541357208261267,,38.196999999999996,0.34420990665208984,17.732
SA_262,2017-12-31,1828.841,1713.106,1213.89,1.855,1212.035,5.617,576.142,355.343,113.41,343.145,53.459,220.799,2072.17,-12.145,70.01,-114.19,122.077,58.6,66.97,-61.53,5.44,-0.08299813976343406,-0.03323261816913592,-0.026415094339622636,-0.6735878937181066,-0.02345178875583931,-0.7793360832842271,-0.13096952958726693,-0.08975567521043493,,-0.09861171309612937,-0.08025944532379048,-51.78999999999999,-0.031002115066540714,273.487,238.35399999999998,233.498,0.07613716502115664,,-14.116,-0.23010510510510507,4.274000000000001
SA_262,2018-12-31,1574.094,1646.746,1193.474,1.697,1191.777,3.203,490.988,321.734,-72.652,322.608,45.646,169.254,1878.589,-70.951,-2.957,-200.248,128.13,49.3,39.504,-45.882,-6.378,-0.139294230608347,-0.03873665727631559,-0.01681865737422683,-0.08517520215633423,-0.016714038786008634,-0.42976677941961905,-0.1478003686591154,-0.0945818547150219,-1.6406137024953709,-0.05984933482929955,-0.14614938551039114,-51.545000000000016,-0.09341945882818503,-58.806,-72.967,-86.05799999999999,0.049583459619748194,-0.15870307167235498,-27.466,-0.2543149683081424,-11.818000000000001
SA_262,2019-12-31,1491.885,1725.601,1329.841,1235.406,94.435,3.145,409.043,1550.794,-235.994,286.901,38.747,-1141.751,1689.626,-28.39,63.109,-163.927,132.36,42.1,-32.87,-39.428,-72.298,-0.05222623299497997,0.04788534479512929,0.11426055364423515,726.9941072480848,-0.9207611826709191,-0.018108023727755218,-0.16689817266409768,3.8201122666550633,2.2482794692506745,-0.11068231413976093,-0.1511413924549796,-1311.0049999999999,-0.10058772834292118,42.56099999999999,66.066,36.321,0.03301334582065096,-0.1460446247464502,-72.374,-0.14066518460398414,-65.92
SA_198,2015-11-30,76.258,65.235,31.704,4.235,27.469,1.937,25.008,24.816,11.023,0.526,12.919,0.192,80.199,-33.289,-30.081,-32.328,6.621,0.871,8.599,-0.123,8.476,,,,,,,,,,,,,,,,,,,,,
SA_198,2016-12-31,166.171,121.647,87.007,14.387,72.62,6.476,54.927,34.317,44.524,3.118,23.977,20.61,149.267,-10.153,-2.482,-17.812,7.531,,-16.57,-2.046,-18.616,1.179063180256498,0.8647505173603127,1.7443540247287408,2.3971664698937425,1.6437074520368418,2.343314403717088,1.196377159309021,0.382857833655706,3.039190782908464,4.927756653992395,0.8559486028330365,20.418,0.8612077457324905,23.136000000000003,27.599,14.516000000000002,0.13744147409756824,,-25.169,15.634146341463413,-27.092
SA_198,2017-12-31,173.674,128.931,96.523,16.507,80.016,8.25,67.061,38.711,44.743,22.246,31.733,28.35,164.053,1.076,7.137,-2.458,8.844,3.1,-1.726,-1.13,-2.856,0.045152282889312945,0.059878172088090986,0.10937051041870194,0.14735525126850635,0.10184522170201049,0.2739345274861025,0.22091139148324146,0.12804149546871813,0.004918695534992468,6.13470173187941,0.32347666513742346,7.740000000000002,0.0990573937976913,11.229000000000001,9.619,15.354000000000001,0.17434603638295054,,14.844000000000001,-0.44770283479960904,15.76
SA_198,2018-12-31,1858.955,1775.578,1243.134,11.602,1231.532,29.519,482.584,537.465,83.377,27.91,342.952,-54.881,596.602,-91.559,-72.208,-123.766,38.327,3.5,-397.617,-1.456,-399.073,9.70370349044762,12.771536713435868,11.87914797509402,-0.2971466650511905,14.39107178564287,2.578060606060606,6.196194509476446,12.88403812869727,0.8634646760387097,0.25460756990020683,9.807424447735796,-83.231,2.636641816973783,-92.63499999999999,-79.345,-121.308,3.3336725463591135,0.12903225806451601,-395.891,0.28849557522123903,-396.217
SA_56,2015-12-31,2399.959,1120.996,749.335,71.64,677.695,494.192,684.035,210.912,1278.963,86.287,0.0,473.123,695.802,-307.36,-186.959,-376.98,28.982,,110.805,-320.311,-209.506,,,,,,,,,,,,,,,,,,,,,
SA_56,2016-12-31,2246.941,965.127,625.967,67.571,558.396,356.647,522.782,186.395,1281.814,111.825,0.0,336.387,487.582,-63.235,50.952,-81.445,33.325,,38.714,-186.487,-147.773,-0.06375858920923239,-0.13904509917965824,-0.1646366444914491,-0.05679787828029037,-0.1760364175624729,-0.278322999967624,-0.2357379373862447,-0.11624279320285236,0.0022291497095694446,0.29596578858924283,,-136.736,-0.2992517986438671,244.125,237.911,295.535,0.14985163204747787,,-72.09100000000001,-0.417793956498528,61.733000000000004
SA_56,2017-12-31,2362.837,795.444,495.627,109.861,385.766,266.592,451.643,265.639,1567.393,113.336,0.0,186.004,581.383,-1.13,107.615,30.052,21.368,,51.638,-231.127,-179.489,0.05157945847265255,-0.17581416746189882,-0.20822183917043546,0.62586020630152,-0.30915336069742616,-0.25250457735519993,-0.13607775325087712,0.42514015933903804,0.22279285450151098,0.013512184216409429,,-150.383,0.19237994839842343,62.105,56.663,111.49699999999999,-0.3587996999249814,,12.924,0.23937325389973574,-31.716000000000008
SA_56,2018-12-31,2347.73,729.951,440.315,47.252,393.063,279.459,450.928,191.488,1617.779,73.761,0.0,259.44,739.818,51.543,162.065,28.598,16.988,,196.744,-137.083,59.661,-0.006393585338303032,-0.08233514867168512,-0.11160005407292184,-0.5698928646198378,0.018915612054976272,0.04826476413395753,-0.0015831087828217516,-0.2791419934572861,0.032146372990054184,-0.3491829604009318,,73.436,0.27251398819710926,52.673,54.45,-1.4540000000000006,-0.2049794084612504,,145.106,-0.40689317994003305,239.15
SA_56,2019-12-31,2596.731,893.685,611.465,153.516,457.949,208.431,438.468,284.96,1699.591,75.646,0.0,153.508,751.909,67.997,250.186,57.919,10.94,,169.669,-140.854,28.815,0.10606032209836735,0.22430820698923615,0.3886989995798462,2.2488783543553708,0.1650778628362375,-0.2541625068435799,-0.02763190575879071,0.4881350267379678,0.05057056618981948,0.025555510364555944,,-105.93199999999999,0.016343208735121406,16.454,88.12100000000001,29.320999999999998,-0.3560160113020956,,-27.07499999999999,0.027508881480563074,-30.846
SA_144,2015-12-31,2042.545,1420.98,1046.812,52.779,994.033,346.266,708.132,231.376,621.565,104.72,185.316,476.756,985.076,294.611,381.606,150.798,51.973,19.9,297.648,-27.934,269.714,,,,,,,,,,,,,,,,,,,,,
SA_144,2016-12-31,1973.72,1154.536,809.979,0.0,809.979,200.772,685.811,175.555,819.184,237.932,174.793,510.256,1116.843,327.571,415.534,184.243,42.734,22.2,167.759,-74.938,92.821,-0.03369570805049582,-0.18750721333164433,-0.22624215236355705,-1.0,-0.18515884281507755,-0.42017986172480126,-0.031520959369157,-0.24125665583293,0.317937786072253,1.272077922077922,-0.056784087720434306,33.5,0.13376328323905984,32.960000000000036,33.928,33.44499999999999,-0.17776537817713034,0.11557788944723613,-129.88900000000004,1.6826806042815208,-176.893
SA_144,2017-12-31,1909.511,1078.266,815.195,0.0,815.195,368.119,730.151,171.089,831.245,141.383,183.568,559.062,841.045,-22.884,62.289,-24.55,45.5,23.7,247.633,-95.17,152.463,-0.03253197008694242,-0.06606117089462782,0.006439673127327961,,0.006439673127327961,0.8335176219791607,0.06465338117936281,-0.025439321010509608,0.014723187952889738,-0.4057840055141805,0.050202239220106026,48.80600000000004,-0.2469442884989207,-350.45500000000004,-353.245,-208.793,0.06472597931389523,0.06756756756756754,79.87400000000002,0.26998318610050975,59.641999999999996
SA_144,2018-12-31,1495.257,1051.391,820.411,0.0,820.411,224.868,583.819,170.823,443.866,153.126,173.645,412.996,694.018,-388.426,-305.621,-401.909,56.9,29.3,-68.894,-69.111,-138.005,-0.21694245280598012,-0.024924276569974424,0.006398469077950608,,0.006398469077950608,-0.3891431846766943,-0.20041333915861237,-0.0015547463600815714,-0.46602265276783617,0.08305807628922857,-0.054056262529416865,-146.06600000000003,-0.1748146650892639,-365.542,-367.90999999999997,-377.359,0.25054945054945055,0.23628691983122363,-316.52700000000004,-0.2738152779237154,-290.46799999999996
SA_144,2019-12-31,1288.639,1054.347,867.693,845.638,22.055,144.804,480.047,985.587,234.292,134.173,170.047,-505.54,682.429,-188.061,-112.988,-226.77,76.0,30.475,-36.919,-30.447,-67.366,-0.13818226565734193,0.002811513509246133,0.05763208928207941,,-0.9731171327541928,-0.35604888201077967,-0.17774687017722945,4.7696387488804195,-0.47215601104837945,-0.12377388555829838,-0.020720435371015644,-918.5360000000001,-0.016698414162168773,200.36499999999998,192.63299999999998,175.13899999999998,0.3356766256590511,0.04010238907849839,31.97500000000001,-0.5594478447714546,70.639
SA_298,2015-06-30,334.875,114.586,0.0,0.0,0.0,44.788,262.573,109.993,220.289,0.0,209.984,152.58,906.365,12.356,24.782,10.385,1.445,12.426,9.685,-15.541,-5.856,,,,,,,,,,,,,,,,,,,,,
SA_298,2016-06-30,361.97,134.688,0.0,0.0,0.0,14.15,263.597,124.65,227.282,0.0,242.315,138.947,956.396,2.404,18.414,3.713,1.068,16.01,8.413,-45.545,-37.132,0.08091078760731629,0.1754315535929345,,,,-0.6840671608466553,0.0038998678462751624,0.13325393434127641,0.03174466269309861,,0.15396887381895752,-13.63300000000001,0.05519961604872203,-9.952,-6.3679999999999986,-6.672,-0.26089965397923875,0.2884274907452118,-1.2720000000000002,1.930635094266778,-31.275999999999996
SA_298,2017-06-30,358.153,159.314,30.5,0.0,30.5,6.263,236.518,111.597,198.839,0.0,221.906,124.921,966.665,-32.28,-10.931,-32.542,1.485,21.349,0.404,-41.682,-41.278,-0.010545072796088073,0.1828373722974579,,,,-0.5573851590106007,-0.10272878674643482,-0.10471720818291219,-0.12514409412095995,,-0.08422507892619113,-14.025999999999996,0.010737184178938541,-34.684,-29.345,-36.255,0.3904494382022472,0.3334790755777637,-8.009,-0.08481721374464812,-4.146000000000001
SA_298,2018-06-30,376.256,196.002,38.48,0.0,38.48,9.51,251.382,130.743,180.254,0.0,234.365,120.639,1006.332,-20.95,4.721,-21.938,2.061,25.672,27.171,-30.764,-3.593,0.05054543728518235,0.23028735704332326,0.26163934426229507,,0.26163934426229507,0.5184416413859172,0.06284511115433067,0.17156375171375582,-0.0934675792978239,,0.05614539489693837,-4.282000000000011,0.04103489833603158,11.330000000000002,15.652,10.604000000000003,0.3878787878787877,0.2024919199962527,26.767,-0.2619356076963678,37.685
SA_298,2019-06-30,370.521,199.212,34.65,0.0,34.65,11.395,256.5,137.174,171.309,0.0,237.895,119.326,1007.246,-10.525,15.602,-12.44,2.461,26.127,19.567,-16.044,3.523,-0.015242281850654793,0.016377383904245812,-0.09953222453222454,,-0.09953222453222454,0.19821240799158768,0.02035945294412489,0.04918810184866507,-0.04962441887558666,,0.015061975977641806,-1.3130000000000024,0.000908248967537606,10.424999999999999,10.881,9.498,0.1940805434255215,0.01772358990339673,-7.603999999999999,-0.47848134182811075,7.116
SA_31,2015-12-31,852.444,704.062,431.019,4.747,426.272,49.044,340.776,164.226,148.382,91.324,178.027,176.55,825.23,43.721,86.433,66.333,18.484,41.4,66.099,-48.136,17.963,,,,,,,,,,,,,,,,,,,,,
SA_31,2016-12-31,818.169,673.05,407.84,5.009,402.831,61.011,332.91,156.081,145.119,82.851,170.009,176.829,796.21,45.31,93.796,10.073,20.888,47.3,82.643,-34.604,48.039,-0.04020791981643368,-0.0440472572017806,-0.05377721167744354,0.05519275331788509,-0.05499071015689505,0.24400538292145835,-0.023082611451510582,-0.04959628804208838,-0.02199053793586825,-0.09277955411501904,-0.045038112196464586,0.27899999999999636,-0.03516595373411047,1.5890000000000057,7.3629999999999995,-56.26,0.130058428911491,0.14251207729468596,16.543999999999997,-0.28112015954794756,30.076
SA_31,2017-12-31,717.239,650.345,384.39,7.485,376.905,24.696,315.129,165.392,66.894,88.786,187.886,149.737,785.156,-51.864,-6.32,-93.368,20.4,44.4,45.308,-47.628,-2.32,-0.12336082154175965,-0.033734492236832225,-0.05749803844644952,0.49431024156518255,-0.06435949566939991,-0.5952205340020652,-0.053410831756330546,0.05965492276446205,-0.5390403737622227,0.0716346211874328,0.10515325659229813,-27.092000000000013,-0.013883272001105396,-97.174,-100.11600000000001,-103.441,-0.02336269628494847,-0.06131078224101483,-37.335,0.3763726736793436,-50.359
SA_31,2018-12-31,714.175,664.282,397.7,4.4,393.3,25.066,317.668,161.76,49.893,82.521,192.103,155.908,801.093,27.04,71.373,-7.956,21.979,43.2,36.87,-45.087,-8.217,-0.004271937248253477,0.0214301639898824,0.03462629100652981,-0.41215764863059445,0.04349902495323765,0.014982183349530276,0.008057017919645526,-0.021959949695269487,-0.2541483541124765,-0.07056292658752505,0.022444461002948612,6.170999999999992,0.020297877109771933,78.904,77.69300000000001,85.41199999999999,0.07740196078431372,-0.027027027027026973,-8.438000000000002,-0.05335097001763667,-5.897
SA_31,2019-12-31,706.687,732.474,452.932,28.893,424.039,48.918,322.705,195.742,-25.787,79.829,174.797,126.963,785.602,-33.313,21.402,-69.019,22.51,38.4,63.432,-31.159,32.273,-0.010484825147897836,0.1026551976419654,0.13887855167211471,5.566590909090909,0.0781566234426645,0.951567860847363,0.015856176889079032,0.21007665677546994,-1.5168460505481731,-0.03262199924867615,-0.09008708869720938,-28.944999999999993,-0.019337330372378725,-60.353,-49.971000000000004,-61.063,0.024159424905591864,-0.11111111111111116,26.562000000000005,-0.30891387761439004,40.49
SA_188,2015-03-31,1664.589,1428.325,1072.091,333.148,738.943,143.849,1256.256,584.02,236.264,242.219,772.608,672.236,2065.85,110.835,140.458,-15.425,113.355,27.123,-55.187,-25.273,-80.46,,,,,,,,,,,,,,,,,,,,,
SA_188,2016-03-31,1968.198,1693.526,1386.559,476.345,910.214,199.72,1490.358,674.826,274.672,303.907,791.34,815.532,1904.592,201.787,230.148,65.532,117.19,25.831,-135.327,-17.194,-152.521,0.18239277082811434,0.18567272854567407,0.2933221153801311,0.4298299854719223,0.2317783645017275,0.388400336463931,0.18634896072138152,0.15548440121913631,0.1625639115565638,0.25467861728435826,0.024245154075546838,143.29600000000005,-0.0780589103758742,90.95200000000001,89.69,80.957,0.03383176745622163,-0.04763484865243528,-80.14,-0.319669212202746,-72.06099999999999
SA_188,2017-03-31,1971.872,1765.162,1428.868,485.909,942.959,473.11,1510.076,712.75,206.71,239.558,678.325,797.326,1714.75,84.568,119.044,-62.928,132.667,30.392,247.229,-13.683,233.546,0.0018666821122672594,0.04229991154549739,0.03051366728714755,0.02007788472640626,0.03597505641530452,1.3688664129781696,0.013230378204431403,0.05619819034832685,-0.2474296615599697,-0.2117391175589901,-0.1428147193368211,-18.206000000000017,-0.09967594109394562,-117.21900000000001,-111.104,-128.45999999999998,0.1320675825582387,0.17657078703882934,382.55600000000004,-0.20419913923461674,386.067
SA_188,2018-03-31,1966.631,1683.803,1347.584,427.441,920.143,264.66,1349.603,638.057,282.828,293.742,698.087,711.546,1845.966,111.904,145.502,52.436,134.279,29.349,-307.175,-22.783,-329.958,-0.002657880430372739,-0.046091520211742565,-0.05688699026082178,-0.12032705712386482,-0.02419617395878282,-0.4405952104161822,-0.106268161337575,-0.10479551034724655,0.36823569251608523,0.22618322076490882,0.029133527438911955,-85.77999999999997,0.0765219419740486,27.336,26.458000000000013,115.364,0.012150723239388705,-0.034318241642537495,-554.404,0.6650588321274575,-563.504
SA_188,2019-03-31,1859.275,1667.256,1327.679,429.293,898.386,192.043,1238.508,646.842,192.019,295.88,668.171,591.666,1801.593,87.254,123.001,-70.467,135.553,29.689,-248.281,-47.539,-295.82,-0.05458878661019784,-0.009827159115407214,-0.014770878846884439,0.0043327617144823805,-0.023645237751088732,-0.27437844781984433,-0.0823167998292832,0.013768362387686306,-0.32107499964642816,0.007278496095212805,-0.04285425742063664,-119.88,-0.02403782084827122,-24.64999999999999,-22.501000000000005,-122.90299999999999,0.009487708427974528,0.011584721796313424,58.894000000000005,1.0865996576394679,34.138000000000034
SA_231,2015-12-31,316.049,179.561,145.141,4.806,140.335,18.75,86.524,34.337,136.488,60.934,0.0,52.187,212.261,14.228,22.065,11.174,3.607,6.901,6.193,-51.525,-45.332,,,,,,,,,,,,,,,,,,,,,
SA_231,2016-12-31,383.884,229.096,189.106,9.445,179.661,3.964,96.479,45.342,154.788,87.334,0.0,51.137,279.77,-0.636,17.05,-0.589,8.175,17.686,0.143,-37.304,-37.161,0.21463443959639172,0.2758672540250946,0.30291234041380455,0.9652517686225552,0.2802294509566394,-0.7885866666666667,0.11505478248809586,0.3204997524536213,0.13407772111834015,0.4332556536580563,,-1.0499999999999972,0.31804712123282175,-14.863999999999999,-5.015000000000001,-11.763,1.2664263931244801,1.5628169830459355,-6.05,-0.27600194080543416,8.171
SA_231,2017-12-31,391.565,292.107,201.173,4.722,196.451,13.818,81.586,60.569,99.458,63.746,0.0,21.017,317.641,3.239,24.743,-12.873,16.811,20.004,19.292,-33.041,-13.749,0.02000864844588457,0.2750419038307086,0.06381077279409442,-0.5000529380624669,0.0934537824013002,2.4858728557013117,-0.15436519864426457,0.3358255039477749,-0.3574566503863349,-0.27008954130121143,,-30.12,0.1353647639132145,3.875,7.692999999999998,-12.283999999999999,1.0563914373088683,0.13106411851181732,19.149,-0.11427728929873482,23.412
SA_231,2018-12-31,452.277,410.004,319.158,309.394,9.764,5.409,63.964,361.445,42.273,47.86,0.0,-297.481,295.763,-37.538,-15.552,-59.404,32.22,20.086,-28.854,-18.949,-47.803,0.1550496086218125,0.4036089515143422,0.5864852639270679,64.52181279119017,-0.9502980386966724,-0.6085540599218411,-0.2159929399651901,4.967491621126318,-0.5749663174405276,-0.24920779343017607,,-318.498,-0.06887649894062808,-40.776999999999994,-40.295,-46.531000000000006,0.9166022247338053,0.004099180163967153,-48.146,-0.4265004085832752,-34.053999999999995
SA_8,2015-12-31,2554.407,2085.846,1449.178,4.55,1444.628,56.462,792.863,277.711,468.561,142.486,555.885,515.152,2683.298,393.107,450.344,219.299,51.059,47.0,354.533,-45.827,308.706,,,,,,,,,,,,,,,,,,,,,
SA_8,2016-12-31,2055.842,2150.889,1540.453,12.562,1527.891,34.464,786.254,307.666,-95.047,129.178,583.212,478.588,2570.007,-171.317,-111.279,-285.219,60.443,51.8,208.198,-59.579,148.619,-0.19517837212315814,0.031183030770248754,0.06298398126386129,1.760879120879121,0.057636291142079576,-0.38960716942368323,-0.008335614097265243,0.10786393048888954,-1.2028487219380188,-0.09339864969189948,0.049159448447070986,-36.56400000000002,-0.042220804398169665,-564.424,-561.623,-504.51800000000003,0.18378738322332988,0.10212765957446801,-146.335,0.30008510266873256,-160.08700000000002
SA_8,2017-12-31,1519.763,1705.684,1297.023,0.0,1297.023,64.001,743.031,267.099,-185.921,126.65,485.732,475.932,2480.962,-256.816,-200.007,-150.262,64.221,49.4,220.508,-32.123,188.385,-0.26075885209077354,-0.20698650650963402,-0.15802494461044903,-1.0,-0.15110240193835822,0.8570392293407616,-0.05497332922948572,-0.13185402351901088,0.9560954054309974,-0.01956989580269075,-0.1671433372427179,-2.656000000000006,-0.034647765550833154,-85.49899999999997,-88.72800000000001,134.957,0.06250517016031654,-0.04633204633204635,12.310000000000002,-0.46083351516473925,39.76599999999999
SA_8,2018-12-31,1527.85,1543.356,1152.322,158.756,993.566,67.224,804.164,427.707,-114.31,127.317,465.572,376.457,2353.523,112.353,159.458,69.78,127.08,40.1,95.868,-18.981,76.887,0.005321224427756066,-0.09516885894456417,-0.11156394296785799,,-0.23396423964725366,0.05035858814706029,0.08227516752329311,0.6013051340514193,-0.38516896961612723,0.005266482431898867,-0.04150436866420171,-99.47500000000002,-0.051366768213297886,369.169,359.46500000000003,220.042,0.9787919839304899,-0.18825910931174084,-124.64000000000001,-0.40911496435575745,-111.49799999999999
SA_8,2019-12-31,1650.587,1646.455,1305.08,292.571,1012.509,117.046,639.761,560.825,4.132,101.234,387.655,78.936,2068.188,124.743,278.188,-35.112,106.916,29.6,96.52,-15.151,81.369,0.08033314788755441,0.06680182666863632,0.1325653766915844,0.8428972763234146,0.01906566851120095,0.741134118767107,-0.20443964166513307,0.3112364305470803,-1.0361473186947774,-0.20486659283520658,-0.1673575730499257,-297.52099999999996,-0.1212373960228984,12.39,118.72999999999999,-104.892,-0.1586717028643374,-0.26184538653366585,0.652000000000001,-0.2017807280965177,4.481999999999999
SA_286,2015-12-31,697.092,612.098,432.336,6.186,426.15,35.944,226.367,110.582,84.994,79.088,80.432,115.785,708.366,-81.002,-35.754,-74.458,31.835,31.16,39.034,-32.786,6.248,,,,,,,,,,,,,,,,,,,,,
SA_286,2016-12-31,584.331,587.117,425.124,8.179,416.945,40.861,210.165,107.544,-2.786,77.837,73.601,102.621,705.519,-53.592,-10.046,-66.879,31.843,30.625,35.117,-19.78,15.337,-0.1617591365271729,-0.040812092181317317,-0.016681469967802842,0.3221791141286776,-0.0216003754546521,0.13679612730914736,-0.0715740368516612,-0.027472825595485695,-1.0327787843847802,-0.015817823184300916,-0.0849288840262582,-13.164000000000001,-0.0040191087658074665,27.409999999999997,25.708,7.5789999999999935,0.00025129574367821483,-0.01716944801026954,-3.9170000000000016,-0.39669371073018966,9.088999999999999
SA_286,2017-12-31,546.323,540.639,401.472,9.704,391.768,48.887,203.987,100.887,5.684,68.626,70.819,103.1,648.616,23.49,65.367,-4.478,33.089,26.26,30.091,-15.873,14.218,-0.06504532533786511,-0.07916309696363755,-0.055635532221187334,0.18645311162733824,-0.0603844631785968,0.19642201610337495,-0.029395950800561454,-0.061900245480919436,-3.040201005025126,-0.11833703765561365,-0.03779839947826791,0.4789999999999992,-0.08065410003132445,77.082,75.41300000000001,62.401,0.03912947900637498,-0.14253061224489794,-5.025999999999996,-0.19752275025278065,-1.1189999999999998
SA_286,2018-12-31,503.597,511.38,391.788,5.687,386.101,46.698,196.139,85.863,-7.783,36.213,49.475,110.276,367.959,11.796,54.4,-13.16,33.277,28.356,29.757,-13.753,16.004,-0.07820648224585092,-0.054119292170931144,-0.02412123385939735,-0.41395300906842536,-0.01446519368605903,-0.044776730010023136,-0.038473039948624055,-0.14891908769217044,-2.3692821956368757,-0.4723137003468073,-0.3013880455809882,7.176000000000002,-0.4327013209664886,-11.693999999999999,-10.967000000000006,-8.682,0.005681646468614909,0.0798172124904799,-0.33399999999999963,-0.13356013356013352,1.7860000000000014
SA_286,2019-12-31,387.101,477.96,408.161,10.075,398.086,84.526,174.987,55.402,-90.859,33.085,49.943,119.585,337.897,-7.851,34.164,-81.608,32.978,24.606,-20.8,-11.785,-32.585,-0.2313278276081867,-0.06535257538425443,0.04179045810489335,0.7715843151046244,0.031041100644650044,0.8100561051865176,-0.10784188764090774,-0.3547628198409093,10.674033149171269,-0.08637782011984652,0.009459322890348565,9.308999999999997,-0.08169931976116906,-19.647,-20.235999999999997,-68.44800000000001,-0.008985184962586712,-0.1322471434617012,-50.557,-0.14309605177052276,-48.589
SA_100,2017-12-31,2040.098,814.783,417.012,50.045,366.967,308.059,718.928,250.263,1454.953,219.719,79.959,468.665,1295.112,162.704,275.409,154.171,14.653,98.615,232.207,-108.854,123.353,,,,,,,,,,,,,,,,,,,,,
SA_100,2018-12-31,3756.117,2301.164,1628.369,15.482,1612.887,134.13,625.615,290.713,1454.953,267.268,162.97,334.902,1842.937,-163.841,36.684,-270.498,60.322,171.75,247.387,-264.052,-16.665,0.8411453763495678,1.8242660929351744,2.9048492609325387,-0.6906384254171246,3.395182673101396,-0.5645963922495367,-0.12979463868426322,0.16162996527652918,0.0,0.21640823051260916,1.038169561900474,-133.76300000000003,0.42299430473966715,-326.545,-238.725,-424.669,3.116699651948407,0.7416214571819704,15.180000000000007,1.4257445753026992,-140.018
SA_100,2019-12-31,2446.518,2269.354,1893.857,82.406,1811.451,319.484,677.023,314.429,177.164,199.027,121.79,362.594,1595.446,-1432.642,-1108.56,-1290.102,107.891,200.642,103.914,-87.535,16.379,-0.3486576696093333,-0.013823438920476994,0.16303921285654543,4.3226973259268835,0.1231109184958401,1.3818981585029446,0.08217194280827678,0.08157873916887093,-0.8782338673482923,-0.2553279853929389,-0.25268454316745403,27.692000000000007,-0.13429162255682103,-1268.801,-1145.244,-1019.604,0.7885845960014588,0.16822125181950498,-143.473,-0.6684933270719404,33.044
SA_95,2015-12-31,534.208,394.519,250.041,3.258,246.783,11.054,85.342,140.67,139.689,41.477,27.971,-55.328,339.64,39.694,54.584,25.646,13.903,12.27,83.649,-121.358,-37.709,,,,,,,,,,,,,,,,,,,,,
SA_95,2016-12-31,659.201,356.994,196.42,2.962,193.458,4.521,89.348,149.022,302.207,52.834,29.277,-59.674,204.43,-70.866,-52.145,-84.519,13.653,17.039,-27.985,-44.011,-71.996,0.23397815083263462,-0.095115824586395,-0.21444883039181584,-0.09085328422344996,-0.21608052418521528,-0.5910077799891442,0.04694054510088819,0.059373000639795226,1.1634273278497234,0.27381440316319905,0.04669121590218439,-4.3459999999999965,-0.39809798610293246,-110.56,-106.72900000000001,-110.165,-0.017981730561749232,0.388671556642217,-111.634,-0.6373457044447008,-34.28699999999999
SA_95,2017-12-31,1128.229,302.459,198.602,4.14,194.462,7.724,196.451,90.278,825.77,139.486,44.272,106.173,602.623,93.39,124.943,76.162,12.971,29.872,83.975,-122.246,-38.271,0.7115098429765732,-0.15276167106449978,0.01110884838611148,0.3977042538825115,0.0051897569498289275,0.7084715770847159,1.1987173747593678,-0.3941968299982552,1.7324648337066977,1.6400802513532948,0.5121767940704307,165.847,1.9478207699457029,164.256,177.088,160.681,-0.0499523914158061,0.7531545278478782,111.96,1.777623775874213,33.724999999999994
SA_95,2018-12-31,1433.838,626.591,445.477,2.194,443.283,114.256,285.613,154.51,807.247,101.029,57.089,131.103,842.84,163.991,206.14,137.595,25.347,38.775,237.303,-141.546,95.757,0.27087497307727415,1.0716559930436853,1.2430640174822005,-0.47004830917874396,1.2795353333813293,13.792335577421024,0.4538638133682191,0.7114911717140386,-0.022431185439044765,-0.27570508868273513,0.2895057824358511,24.930000000000007,0.39861903710943647,70.60100000000001,81.19699999999999,61.43299999999999,0.9541284403669725,0.2980382967327262,153.328,0.15787837638859337,134.02800000000002
SA_95,2019-12-31,1111.137,710.013,559.953,33.158,526.795,57.559,179.175,126.827,401.124,71.824,39.974,52.348,636.37,-346.785,-248.475,-413.559,45.774,52.415,29.878,-71.696,-41.818,-0.2250609901536994,0.13313628826459367,0.2569739851889099,14.113035551504103,0.18839432146055657,-0.49622776921999723,-0.3726651097814174,-0.17916639699695813,-0.5030963261554393,-0.28907541399004244,-0.29979505684107277,-78.75500000000001,-0.2449693892079161,-510.77600000000007,-454.615,-551.154,0.80589418866138,0.35177304964539013,-207.425,-0.49347915165387934,-137.575
SA_244,2015-12-31,7053.0,7969.0,6143.0,100.0,6043.0,12.0,497.0,605.0,-916.0,200.0,58.0,-108.0,2403.0,-5150.0,-4146.0,-3554.0,326.0,,403.0,-401.0,2.0,,,,,,,,,,,,,,,,,,,,,
SA_244,2016-12-31,6354.0,6911.0,5268.0,100.0,5168.0,12.0,425.0,726.0,-557.0,232.0,58.0,-301.0,1547.0,-306.0,253.0,279.0,328.0,,130.0,-75.0,55.0,-0.09910676307954058,-0.13276446229137906,-0.14243854794074562,0.0,-0.14479563130895245,0.0,-0.14486921529175045,0.19999999999999996,-0.3919213973799127,0.15999999999999992,0.0,-193.0,-0.3562213899292551,4844.0,4399.0,3833.0,0.006134969325153339,,-273.0,-0.8129675810473815,53.0
SA_244,2017-12-31,6207.0,6927.0,5306.0,0.0,5306.0,20.0,483.0,732.0,-720.0,353.0,56.0,-249.0,2089.0,73.0,617.0,-266.0,343.0,,248.0,-371.0,-123.0,-0.02313503305004716,0.002315149761250135,0.0072133637053910515,-1.0,0.026702786377708954,0.6666666666666667,0.13647058823529412,0.008264462809917328,0.2926391382405744,0.521551724137931,-0.03448275862068961,52.0,0.35035552682611515,379.0,364.0,-545.0,0.0457317073170731,,118.0,3.9466666666666663,-178.0
SA_244,2018-12-31,7158.0,6649.0,5251.0,0.0,5251.0,17.0,640.0,607.0,-247.0,370.0,69.0,33.0,2835.0,769.0,1271.0,328.0,379.0,,461.0,-690.0,-229.0,0.15321411309811506,-0.040132813627833164,-0.010365623822088166,,-0.010365623822088166,-0.15000000000000002,0.3250517598343685,-0.1707650273224044,-0.6569444444444444,0.04815864022662897,0.2321428571428572,282.0,0.35710866443274303,696.0,654.0,594.0,0.10495626822157433,,213.0,0.8598382749326146,-106.0
SA_244,2019-12-31,6958.0,6452.0,5043.0,128.0,4915.0,17.0,491.0,709.0,-296.0,349.0,67.0,-218.0,2804.0,429.0,952.0,-28.0,383.0,,676.0,-455.0,221.0,-0.027940765576976778,-0.02962851556625057,-0.03961150257093882,,-0.06398781184536284,0.0,-0.23281249999999998,0.16803953871499178,0.19838056680161942,-0.05675675675675673,-0.02898550724637683,-251.0,-0.010934744268077612,-340.0,-319.0,-356.0,0.01055408970976246,,215.0,-0.3405797101449275,450.0
SA_38,2015-12-31,0.2195,0.2042,0.175,0.175,0.0,0.106,0.106,0.2042,0.0153,0.0,0.0,-0.0982,,,,,,,,,,,,,,,,,,,,,,,,,,,,,,
SA_38,2016-12-31,139.826,74.606,55.0,0.0,55.0,8.434,16.343,14.223,65.22,1.928,0.0,2.12,34.645,-8.803,16.162,-15.189,1.822,,11.461,-22.267,-10.806,636.0205011389521,364.3574926542605,313.2857142857143,-1.0,,78.56603773584905,153.17924528301887,68.65230166503429,4261.745098039216,,,2.2182,,,,,,,,,
SA_38,2017-12-31,476.982,213.45,93.199,0.0,93.199,20.677,43.543,103.4,122.664,1.527,0.0,-59.857,76.236,8.894,44.985,6.863,2.532,,37.759,-271.749,-233.99,2.411253987098251,1.8610299439723348,0.6945272727272727,,0.6945272727272727,1.4516243775195639,1.6643211160741602,6.269914926527456,0.8807727690892364,-0.20798755186721996,,-61.977,1.2004906912974453,17.697000000000003,28.823,22.052,0.38968166849615793,,26.298000000000002,11.204113710872592,-223.184
SA_38,2018-12-31,817.066,394.618,288.298,0.0,288.298,20.157,84.685,79.164,422.448,32.26,0.0,5.521,301.875,66.263,208.078,58.036,19.489,,176.309,-399.343,-223.034,0.7129912659177915,0.8487608339189507,2.0933593708086997,,2.0933593708086997,-0.025148715964598334,0.9448591047929633,-0.2343907156673114,2.4439444335746425,20.126391617550752,,65.378,2.9597434283015898,57.36900000000001,163.09300000000002,51.173,6.697077409162717,,138.55,0.4695288667115609,10.956000000000017
SA_38,2019-12-31,872.512,496.37,355.511,0.0,355.511,2.991,50.634,69.691,376.142,34.91,0.0,-19.057,302.283,63.281,201.218,8.415,25.228,137.1,167.409,-252.165,-84.756,0.06785987912849145,0.25784936318160856,0.23313723993922952,,0.23313723993922952,-0.8516148236344694,-0.40209009860069667,-0.11966297812136828,-0.10961349089118655,0.08214507129572213,,-24.578,0.0013515527950311856,-2.9820000000000064,-6.860000000000014,-49.621,0.29447380573656945,,-8.900000000000006,-0.36855034393992137,138.278
SA_226,2016-01-30,2244.319,2344.405,1654.924,42.451,1612.473,29.98,1259.92,536.327,-100.086,63.89,1022.504,723.593,3496.271,-1077.296,-910.375,-1026.719,105.977,117.9,131.697,-115.498,16.199,,,,,,,,,,,,,,,,,,,,,
SA_226,2017-01-28,2097.872,2205.49,1595.529,13.379,1582.15,70.889,1165.717,459.92,-107.618,65.714,955.512,705.797,3378.703,132.826,290.202,24.956,103.149,110.4,242.628,-99.694,142.934,-0.06525231038903123,-0.05925384052670102,-0.03588986563733443,-0.6848366351793833,-0.01880527611935201,1.3645430286857905,-0.07476903295447324,-0.1424634597922536,0.07525528045880536,0.02854906871184837,-0.06551759210721919,-17.795999999999935,-0.03362668397272417,1210.122,1200.577,1051.675,-0.026685035432216453,-0.06361323155216281,110.93099999999998,-0.13683353824308653,126.735
SA_226,2018-02-03,1999.955,1997.763,1396.808,7.0,1389.808,103.607,1113.573,443.764,2.192,79.783,851.931,669.809,3304.346,229.416,373.93,96.703,100.471,102.5,350.768,-94.958,255.81,-0.04667443962262707,-0.09418632594117404,-0.12454866066364201,-0.47679198744300766,-0.12157001548525748,0.4615384615384617,-0.044731268395330925,-0.03512784832144722,-1.0203683398687953,0.21409440910612654,-0.10840366212041286,-35.988000000000056,-0.022007557337830552,96.59,83.72800000000001,71.747,-0.02596244268000658,-0.0715579710144928,108.13999999999999,-0.04750536642124903,112.876
SA_226,2019-02-02,1820.49,1816.859,1164.861,11.619,1153.242,32.671,1029.642,538.595,3.631,34.686,724.086,491.047,3004.511,225.562,364.836,83.24,79.57,98.1,322.672,-82.286,240.386,-0.08973451902667806,-0.090553283847984,-0.1660550340490603,0.6598571428571429,-0.1702148786019364,-0.6846641636182884,-0.07537090069532937,0.21369691998449625,0.6564781021897808,-0.565245729040021,-0.15006497005039143,-178.76199999999994,-0.09073958961924689,-3.853999999999985,-9.093999999999994,-13.463000000000008,-0.20803017786226885,-0.04292682926829272,-28.095999999999947,-0.1334484719560226,-15.424000000000007
SA_226,2020-02-01,2418.959,2517.265,2016.029,195.304,1820.725,14.42,835.115,628.727,-98.306,39.973,696.657,206.388,2881.261,97.838,488.276,-82.276,71.272,102.4,99.641,-88.502,11.139,0.32874061379079245,0.38550377327024266,0.7307034916612367,15.809019709097168,0.5787883202311397,-0.5586299776560253,-0.18892683087908224,0.16734652196919764,-28.0740842743046,0.15242460935247637,-0.0378808594559209,-284.659,-0.041021650444947655,-127.72400000000002,123.44,-165.516,-0.10428553474927726,0.04383282364933749,-223.031,0.07554140437012369,-229.24699999999999
SA_111,2015-12-31,539.7364,356.7704,301.9261,0.0,301.9261,4.3215,44.8915,30.3436,182.966,5.0434,0.0,14.548,115.7989,-8.1113,50.7164,-27.333,24.577,,50.8388,-94.5191,-43.6803,,,,,,,,,,,,,,,,,,,,,
SA_111,2016-12-31,459.109,288.155,207.522,0.0,207.522,6.068,16.823,32.753,166.395,4.68,0.0,-15.93,85.668,-30.027,16.861,-94.335,29.583,,24.269,-43.955,-19.686,-0.14938292099624928,-0.19232369053038034,-0.31267286928821336,,-0.31267286928821336,0.40414208029619325,-0.6252519964804027,0.07940389406662374,-0.09056873954723832,-0.0720545663639609,,-30.478,-0.26020022642702134,-21.9157,-33.8554,-67.002,0.20368637343858054,,-26.5698,-0.5349617167323852,23.994300000000003
SA_111,2017-12-31,606.8,391.454,301.155,0.0,301.155,2.538,18.62,63.956,215.346,12.289,0.0,-45.336,97.176,-28.233,24.485,-38.663,26.071,,43.446,-208.743,-165.297,0.321690491800422,0.3584841491558364,0.4511955358949893,,0.4511955358949893,-0.5817402768622281,0.1068180467217501,0.9526760907397795,0.2941855224015144,1.6258547008547009,,-29.406,0.13433253957136837,1.7940000000000005,7.623999999999999,55.672,-0.11871683061217586,,19.177,3.7490160391309297,-145.611
SA_111,2018-12-31,744.112,521.565,436.882,0.0,436.882,5.355,43.107,60.021,222.547,15.103,0.0,-16.914,180.537,29.911,113.493,19.348,38.943,,88.072,-219.47,-131.398,0.22628872775214237,0.3323787724739051,0.45068818382560494,,0.45068818382560494,1.1099290780141846,1.3150912996777655,-0.061526674588779806,0.03343920945826717,0.22898527138090974,,28.421999999999997,0.8578352679673993,58.144000000000005,89.008,58.010999999999996,0.49372866403283333,,44.626000000000005,0.051388549556152796,33.899
SA_111,2019-12-31,720.779,599.892,502.158,247.045,255.113,3.137,27.741,330.824,120.887,15.991,0.0,-303.083,189.264,-47.353,41.538,-103.019,43.879,,80.322,-157.762,-77.44,-0.03135683875545614,0.15017687153087333,0.14941334273327822,,-0.41605971406466735,-0.4141923436041084,-0.3564618275454102,4.511804201862682,-0.45680238331678247,0.05879626564258755,,-286.16900000000004,0.048339121620498915,-77.26400000000001,-71.955,-122.367,0.12674935161646506,,-7.75,-0.28116826901171,53.958
SA_54,2016-12-31,1434.863,897.295,644.891,28.3,616.591,19.133,85.888,57.589,537.568,53.195,0.0,28.299,155.528,70.136,74.901,-0.821,50.538,,43.038,-3.325,39.713,,,,,,,,,,,,,,,,,,,,,
SA_54,2017-12-31,1097.211,743.673,630.597,28.3,602.297,18.902,89.17,55.528,353.538,60.102,0.0,33.642,167.464,-252.607,-247.819,-185.718,59.891,,28.21,-3.061,25.149,-0.2353200270687864,-0.17120567929164876,-0.02216498602089345,0.0,-0.023182303990814,-0.012073381069356515,0.03821255588673611,-0.035788084530031794,-0.3423380856003333,0.12984303035999623,,5.3430000000000035,0.07674502340414602,-322.743,-322.71999999999997,-184.897,0.18506866120542953,,-14.827999999999996,-0.07939849624060158,-14.564
SA_54,2018-12-31,1078.668,734.024,608.768,28.3,580.468,14.106,93.564,63.522,344.644,49.6,0.0,30.042,127.29,42.051,44.789,-10.484,55.264,1.7,32.9,-4.209,28.691,-0.016900122218971636,-0.012974788650388036,-0.03461640318618697,0.0,-0.03624291670056479,-0.2537297640461327,0.04927666255467078,0.14396340584930134,-0.02515712596665709,-0.1747362816545206,,-3.6000000000000014,-0.23989633592891602,294.658,292.608,175.23399999999998,-0.0772570169140605,,4.689999999999998,0.37504083632799734,3.541999999999998
SA_54,2019-12-31,723.244,550.204,496.689,15.785,480.904,6.264,58.826,40.442,173.04,39.452,0.0,18.384,101.576,6.796,18.019,-159.403,53.76,3.0,3.407,-0.064,3.343,-0.3295026829385871,-0.25042777892820955,-0.18410790317493697,-0.44222614840989405,-0.171523667109987,-0.5559336452573373,-0.37127527681586925,-0.3633386858096407,-0.4979166908462066,-0.2045967741935485,,-11.658000000000001,-0.20201115562887906,-35.255,-26.770000000000003,-148.91899999999998,-0.027214823393167387,0.7647058823529411,-29.493,-0.9847944880019007,-25.348
SA_54,2020-12-31,565.909,493.33,449.485,18.686,430.799,15.501,66.331,42.166,72.579,43.039,0.0,24.165,89.811,-45.113,-23.548,-89.42,48.252,21.565,4.285,-0.073,4.212,-0.21754069166145873,-0.10336893225058341,-0.09503733724725127,0.1837820715869496,-0.10418919368522617,1.4746168582375478,0.12757964165505054,0.04262895010137968,-0.5805651872399445,0.09092061238973947,,5.780999999999999,-0.1158246042372213,-51.909,-41.56699999999999,69.98299999999999,-0.10245535714285703,6.1883333333333335,0.8780000000000001,0.140625,0.8689999999999998
SA_11,2017-12-31,735.23,367.594,282.406,0.0,282.406,464.198,626.94,81.517,367.636,6.181,27.508,545.423,55.511,-237.631,-235.127,-346.397,10.428,1.0,-260.904,-3.002,-263.906,,,,,,,,,,,,,,,,,,,,,
SA_11,2018-12-31,863.56,717.091,576.501,1.031,575.47,221.876,572.299,125.749,146.469,12.889,27.072,446.55,95.388,-333.814,-329.213,-368.009,13.183,2.0,-365.997,-9.242,-375.239,0.17454402023856463,0.9507690549900163,1.04139076365233,,1.037739991359957,-0.5220229298704432,-0.08715507066066941,0.542610743771238,-0.6015923358974639,1.0852612845817826,-0.015849934564490353,-98.87299999999999,0.7183621264253932,-96.18300000000002,-94.08600000000001,-21.612000000000023,0.2641925584963558,1.0,-105.09300000000002,2.0786142571618926,-111.33299999999997
SA_11,2019-12-31,669.604,843.861,679.635,5.405,674.23,161.833,366.468,133.084,-174.257,20.562,26.519,233.384,143.006,-376.746,-368.978,-400.424,19.405,3.0,-323.615,-3.29,-326.905,-0.22460049099078228,0.17678369969780672,0.17889648066525465,4.242483026188167,0.17161624411350718,-0.2706151183543962,-0.359656403383546,0.05833048374142158,-2.189719326273819,0.5953138335014354,-0.020427009456264855,-213.16600000000003,0.4992032540780811,-42.93199999999996,-39.764999999999986,-32.414999999999964,0.4719714784191764,0.5,42.382000000000005,-0.6440164466565679,48.334
SA_11,2020-12-31,605.554,764.302,536.014,69.528,466.486,240.229,310.829,184.928,-158.748,26.511,30.714,125.901,164.522,-302.188,-293.99,-369.212,30.508,3.0,-252.728,-0.354,-253.082,-0.09565355045668789,-0.0942797451239007,-0.21132078247883057,11.863644773358002,-0.3081203743529657,0.48442530262678196,-0.15182498881212003,0.38955847434702884,-0.08900072880859888,0.28932010504814687,0.15818846864512248,-107.48299999999999,0.15045522565486746,74.55799999999999,74.988,31.21199999999999,0.5721721205874772,0.0,70.887,-0.8924012158054712,73.82299999999998
SA_11,2021-12-31,472.833,751.673,459.917,3.414,456.503,143.428,198.087,125.214,-278.84,26.868,13.688,72.873,148.757,-225.767,-217.271,-264.524,34.103,3.125,-196.057,-0.312,-196.369,-0.2191728565908242,-0.016523573142553594,-0.1419683067979568,-0.9508974801518812,-0.021400427879936346,-0.4029530156642205,-0.3627139037863263,-0.3229040491434504,0.7564945700103307,0.01346610840783069,-0.5543400403724685,-53.02799999999999,-0.09582305102053212,76.42099999999999,76.71900000000002,104.68799999999999,0.11783794414579796,0.04166666666666674,56.67100000000002,-0.11864406779661008,56.712999999999994
SA_184,2019-12-31,1186.83,475.58,320.914,7.32,313.594,170.593,260.948,155.954,711.25,33.655,0.0,104.994,574.671,-246.756,-165.188,-235.222,13.419,69.843,-51.974,-13.421,-65.395,,,,,,,,,,,,,,,,,,,,,
SA_184,2020-12-31,1544.264,603.274,366.425,10.024,356.401,500.629,604.882,237.369,940.99,46.663,0.0,367.513,774.533,-178.935,-67.349,-216.484,27.317,13.4,29.604,-6.517,23.087,0.30116697420860605,0.26850161907565506,0.14181681073434005,0.36939890710382506,0.13650452495902354,1.934639756613695,1.3180173827735793,0.5220449619759673,0.3230087873462215,0.3865101767939383,,262.519,0.34778508050693335,67.821,97.83899999999998,18.738,1.0356956554139654,-0.8081411165041593,81.578,-0.5144177035988375,88.482
SA_184,2021-12-31,2109.006,1279.851,957.967,13.985,943.982,232.932,393.852,333.507,829.155,67.287,0.0,60.345,945.682,-167.438,-40.546,-194.766,51.222,12.5,-18.074,-9.788,-27.862,0.36570301451047227,1.1215086345508012,1.614360373882786,0.39515163607342374,1.6486513786437187,-0.534721320578712,-0.3488779629745967,0.40501497668187514,-0.118848234306422,0.4419775839530251,,-307.168,0.22097057194464287,11.497000000000014,26.803000000000004,21.718000000000018,0.8750960940073946,-0.06716417910447758,-47.678,0.5019180604572655,-50.949
SA_184,2022-12-31,1810.859,1309.343,1042.182,13.909,1028.273,167.518,322.307,278.992,501.516,62.826,0.0,43.315,963.08,-258.17,-110.384,-322.151,62.234,74.736,10.927,-11.755,-0.828,-0.14136849302467602,0.023043307385000267,0.08791012634046891,-0.00543439399356449,0.08929301618039331,-0.28082873971802924,-0.18165453012806831,-0.16345983742470171,-0.39514807243519,-0.06629809621472205,,-17.03,0.01839730480224855,-90.73200000000003,-69.838,-127.38500000000002,0.21498574831127248,4.97888,29.001,0.20096035962402947,27.034
SA_184,2023-12-31,1459.683,1240.638,994.969,15.158,979.811,60.689,251.464,259.339,219.045,115.944,0.0,-7.875,945.953,-225.803,-95.079,-317.607,74.573,81.097,-3.431,-6.021,-9.452,-0.1939278541288968,-0.05247288143748441,-0.04530206816083948,0.08979797253576804,-0.04712950743625466,-0.6377165438937905,-0.21979975613312774,-0.07044288008258304,-0.5632342736821956,0.8454779868207429,,-51.19,-0.017783569381567554,32.36700000000002,15.305000000000007,4.543999999999983,0.19826782787543773,0.085112930849925,-14.358,-0.48779242875372186,-8.624
SA_156,2019-12-31,122.201,33.946,16.304,15.487,0.817,44.213,46.963,29.757,88.255,0.201,1.075,17.206,2.221,-52.399,-50.067,-54.813,3.031,1.142,-48.712,-3.673,-52.385,,,,,,,,,,,,,,,,,,,,,
SA_156,2020-12-31,209.372,37.667,19.074,2.126,16.948,93.825,132.041,17.348,171.705,0.077,2.152,114.693,1.061,-43.617,-40.734,-46.23,3.321,1.588,-47.05,-26.0,-73.05,0.7133411346879324,0.10961527131326232,0.1698969578017666,-0.862723574610964,19.74418604651163,1.122113405559451,1.8115963630943508,-0.41701112343314184,0.9455554926066514,-0.6169154228855722,1.0018604651162795,97.487,-0.5222872579918956,8.782000000000004,9.332999999999998,8.583000000000006,0.0956779940613659,0.3905429071803854,1.6620000000000061,6.078682276068609,-20.665
SA_156,2021-12-31,210.276,66.394,33.259,2.302,30.957,121.694,130.284,32.586,143.882,0.008,2.576,97.698,0.631,-68.032,-66.197,-69.753,5.104,1.768,-39.908,-1.995,-41.903,0.004317673805475319,0.7626569676374546,0.7436824997378628,0.08278457196613376,0.8265872079301393,0.29703170796695977,-0.013306472989450313,0.8783721466451464,-0.16203954456771796,-0.8961038961038961,0.19702602230483257,-16.995000000000005,-0.40527803958529685,-24.415,-25.463,-23.523000000000003,0.5368864799759108,0.11335012594458438,7.141999999999996,-0.9232692307692307,31.147
SA_156,2022-12-31,155.086,90.923,60.966,9.713,51.253,62.629,77.69,36.942,64.163,6.153,6.599,40.748,1.082,-81.82,-77.894,-113.303,5.394,2.009,-73.695,-4.344,-78.039,-0.2624645703741749,0.36944603428020595,0.8330677410625695,3.2193744569939176,0.6556190845366152,-0.4853567143819745,-0.4036873292192441,0.13367703921929674,-0.5540581865695501,768.1249999999999,1.5617236024844718,-56.949999999999996,0.7147385103011095,-13.787999999999997,-11.697000000000003,-43.55,0.05681818181818188,0.1363122171945701,-33.78699999999999,1.1774436090225566,-36.136
SA_156,2023-12-31,86.951,79.424,6.929,5.634,1.295,23.685,36.231,75.736,7.527,1.763,8.499,-39.505,8.682,-79.911,-76.055,-92.836,8.064,1.99,-60.883,-0.867,-61.75,-0.43933688405142957,-0.12646965014352796,-0.8863464882065414,-0.41995264079069283,-0.9747331863500673,-0.6218205623592905,-0.5336465439567512,1.0501326403551516,-0.8826894004332715,-0.7134731025516008,0.28792241248674055,-80.253,7.024029574861368,1.9089999999999918,1.8389999999999986,20.467,0.49499443826473866,-0.009457441513190612,12.81199999999999,-0.800414364640884,16.289
SA_294,2019-12-31,596.009,434.759,213.803,31.333,182.47,8.993,359.113,238.106,161.25,0.0,286.369,121.007,1092.602,16.716,71.018,9.663,,4.6,0.329,-19.906,-19.577,,,,,,,,,,,,,,,,,,,,,
SA_294,2020-12-31,674.348,446.742,224.218,33.024,191.194,169.941,438.152,242.255,227.606,0.0,244.409,195.897,1097.702,56.282,111.484,61.427,,13.245,157.046,-15.828,141.218,0.13143929034628665,0.027562396638137532,0.048713067637030205,0.05396865924105576,0.04781059900257567,17.897031024129877,0.220095067569261,0.017425012389439942,0.41151007751937985,,-0.14652423970471673,74.88999999999999,0.004667756419995506,39.565999999999995,40.465999999999994,51.763999999999996,,1.8793478260869567,156.71699999999998,-0.20486285542047622,160.795
SA_294,2021-12-31,605.892,333.771,130.223,33.06,97.163,85.189,359.828,232.34,272.121,0.0,254.385,127.488,1152.344,52.686,108.664,41.698,,14.433,38.67,-19.443,19.227,-0.10151435164039924,-0.252877499764965,-0.4192125520698605,0.0010901162790697416,-0.49180936640271133,-0.4987142596548214,-0.17875988241523488,-0.04092794782357434,0.1955792026572234,,0.0408168275309011,-68.40899999999999,0.049778537344379536,-3.5959999999999965,-2.819999999999993,-19.729,,0.08969422423556073,-118.37599999999999,0.22839272175890835,-121.99099999999999
SA_294,2022-12-31,613.953,357.872,205.695,34.509,171.186,10.8,369.748,180.524,256.081,0.0,332.296,189.224,1110.679,-11.722,46.477,-12.081,,18.41,-116.709,-22.048,-138.757,0.013304351270523318,0.07220819064568218,0.579559678397825,0.043829401088929076,0.7618435000977739,-0.8732230687060536,0.027568727280812055,-0.22301799087544116,-0.058944366660419356,,0.3062719893075456,61.73599999999999,-0.03615673791853813,-64.408,-62.187000000000005,-53.778999999999996,,0.27554908889350793,-155.37900000000002,0.13398138147405225,-157.984
SA_294,2023-12-31,535.574,378.264,214.466,31.815,182.651,8.772,288.193,187.222,157.31,0.0,265.29,100.971,904.746,-80.786,-19.115,-103.494,,18.647,21.285,-17.029,4.256,-0.12766286670152283,0.05698126704520057,0.04264080313084917,-0.0780665913240024,0.06697393478438651,-0.18777777777777782,-0.22056914439023334,0.03710309986483806,-0.3857021801695557,,-0.20164552086091914,-88.25299999999999,-0.18541180665160684,-69.06400000000001,-65.592,-91.413,,0.012873438348723454,137.994,-0.2276396952104499,143.013
SA_303,2019-12-29,2171.921,2150.422,1094.494,114.319,980.175,422.955,1380.931,898.409,21.499,226.476,358.257,482.522,1864.225,-98.115,-1.368,22.159,53.353,74.445,-270.413,-47.395,-317.808,,,,,,,,,,,,,,,,,,,,,
SA_303,2021-01-03,1646.482,1239.996,691.824,169.326,522.498,232.765,790.315,529.731,2.319,108.864,210.582,260.584,1124.829,-6.012,56.148,475.048,33.153,43.545,-187.391,-14.577,-201.968,-0.24192362429388536,-0.42337085465085456,-0.367905168963923,0.4811711089145285,-0.46693396587344094,-0.4496695865990472,-0.4276940701599138,-0.41036766105415234,-0.8921345178845528,-0.5193133047210301,-0.4122040881266801,-221.938,-0.3966237980930414,92.103,57.516000000000005,452.889,-0.37861038741963904,-0.41507152931694535,83.02200000000002,-0.6924359109610718,115.84
SA_303,2022-01-02,1554.806,1164.782,572.944,120.321,452.623,123.735,1073.466,509.596,390.024,121.268,214.432,563.87,1132.029,14.754,38.61,-37.358,24.031,9.927,-44.476,-13.543,-58.019,-0.055679928477809004,-0.06065664727950748,-0.17183561136936565,-0.28941213989582226,-0.1337325693112702,-0.4684123472171503,0.35827613040369966,-0.03800985783350419,167.18628719275551,0.11394032921810693,0.018282664235309776,303.286,0.006400972947888217,20.766,-17.538000000000004,-512.406,-0.2751485536753838,-0.7720289355838788,142.915,-0.07093366261919465,143.94899999999998
SA_303,2023-01-01,1780.007,1204.353,548.334,518.679,29.655,377.026,1268.514,1050.346,575.654,174.577,316.815,218.168,1741.072,-0.492,46.722,56.037,21.566,24.269,-181.332,-54.497,-235.829,0.1448418645155729,0.033972880762237256,-0.04295358708704522,3.310793627047647,-0.9344818977382944,2.047044086151857,0.18169928064791985,1.0611347027841664,0.4759450700469714,0.43959659596925804,0.4774613863602448,-345.702,0.5380100686466511,-15.245999999999999,8.112000000000002,93.395,-0.10257583954059335,1.4447466505490079,-136.856,3.023997637155726,-177.81
SA_303,2023-12-31,1347.084,1040.415,379.376,355.508,23.868,87.424,828.766,883.919,306.669,169.556,260.909,-55.153,1685.222,-191.319,-138.877,-247.107,28.956,41.032,-151.716,-56.897,-208.613,-0.24321421207894123,-0.13612122027345808,-0.3081297165596151,-0.31458956310164865,-0.19514415781487104,-0.7681220923755921,-0.3466638917662713,-0.1584496918158398,-0.4672685328339593,-0.028760947891188327,-0.17646260435901084,-273.321,-0.03207793818980487,-190.827,-185.59900000000002,-303.144,0.34266901604377265,0.6907165519798921,29.615999999999985,0.044039121419527705,27.216000000000008
SA_275,2019-12-31,40.9241,25.8577,22.8491,10.9771,11.8719,0.0897,0.7357,13.9625,15.0664,0.1995,0.0,-13.2267,0.7463,-8.8667,-4.4735,-9.8394,0.9683,4.3932,-0.1419,-8.7902,-8.9322,,,,,,,,,,,,,,,,,,,,,
SA_275,2020-12-31,32.3969,19.7535,16.5515,0.0,16.5515,0.1313,0.5216,2.8971,12.6434,0.1378,0.0,-2.3755,0.1934,-9.3788,-8.5584,-12.7819,1.2395,0.8204,-1.3453,-6.1412,-7.4865,-0.20836621941594313,-0.2360689465807091,-0.2756169827257966,-1.0,0.3941744792324733,0.46376811594202905,-0.2910153595215442,-0.7925085049239033,-0.16082143046779585,-0.3092731829573935,,10.851199999999999,-0.740854884094868,-0.5121000000000002,-4.084900000000001,-2.942500000000001,0.2800784880718785,-0.8132568514977693,-1.2034,-0.3013583308684672,1.4456999999999995
SA_275,2021-12-31,434.0245,99.3163,7.5991,1.1551,6.4439,46.6457,131.3793,91.6389,334.7081,1.6657,0.2657,39.7404,4.0825,-38.0578,-34.0201,-90.9973,1.1064,1.8,-34.7649,-11.6554,-46.4203,12.397099722504313,4.027782418305617,-0.5408814911035253,,-0.610675769567713,354.26047220106625,250.87749233128838,30.631251941596773,25.472950313997817,11.087808417997097,,42.1159,20.10910031023785,-28.679000000000002,-25.4617,-78.21539999999999,-0.10738200887454619,1.1940516821062896,-33.419599999999996,0.8979026900280074,-38.9338
SA_275,2022-12-31,408.918,30.3538,7.8961,1.4504,6.4458,10.0909,22.6047,19.6746,378.5642,3.1146,0.468,2.9301,10.2002,-83.2647,-71.9355,-79.1022,0.1742,3.6,-62.2448,-19.5875,-81.8323,-0.05784581285157864,-0.6943724242646978,0.039083575686594374,0.25564886157042666,0.0002948524961592369,-0.7836692342488161,-0.8279432147986783,-0.7853029663167062,0.13102790162532685,0.8698445098156931,0.7613850207000379,-36.8103,1.4985180649112069,-45.206900000000005,-37.915400000000005,11.8951,-0.8425524222704266,1.0,-27.4799,0.6805515040238859,-35.412000000000006
SA_275,2023-12-31,55.2283,33.2915,11.1511,2.2545,8.8966,9.7237,17.396,23.5847,21.9368,0.9428,0.1687,-6.1887,7.9656,-408.8338,-393.0628,-398.2315,0.3787,6.5,-42.2189,-8.3711,-50.59,-0.8649404036995192,0.09678195151842606,0.4122288218234318,0.554398786541644,0.3802165751341957,-0.03638922197227212,-0.23042553097364704,0.19873847498805564,-0.9420526293822817,-0.6972966030951004,-0.6395299145299146,-9.1188,-0.21907413580125878,-325.5691,-321.1273,-319.1293,1.1739380022962114,0.8055555555555556,20.0259,-0.5726305041480535,31.2423
SA_200,2020-02-01,3189.281,2343.817,1535.117,215.794,1319.323,52.721,1063.949,870.82,845.464,0.0,921.266,193.129,5323.18,334.826,766.322,242.464,16.827,134.981,338.97,-265.203,73.767,,,,,,,,,,,,,,,,,,,,,
SA_200,2021-01-30,4037.257,2759.526,1731.704,229.265,1502.439,559.556,1585.789,1000.624,1277.731,0.0,940.294,585.165,6199.186,856.548,1322.176,629.191,11.031,138.336,399.349,-135.22,264.129,0.26588312538155146,0.17736410308483985,0.1280599459194316,0.062425275957626036,0.13879542765494124,9.61353160979496,0.4904746374121316,0.14905950713120952,0.5112778308715686,,0.020654186738683578,392.03599999999994,0.16456441450411208,521.722,555.8539999999999,386.72700000000003,-0.3444464253877697,0.024855350012224164,60.37899999999996,-0.4901264314506246,190.36200000000002
SA_200,2022-01-29,3927.253,2919.89,1817.312,243.144,1574.168,53.722,1410.968,1124.587,1007.363,0.0,1237.797,286.381,6150.603,239.753,738.487,177.778,9.281,142.572,193.762,-160.804,32.958,-0.027247212649578634,0.058112878805997914,0.04943570032753852,0.060536933243190205,0.04774170532048205,-0.9039917363052135,-0.1102422831789096,0.12388569532611649,-0.21160009422953652,,0.3163935960454922,-298.784,-0.00783699666375548,-616.7950000000001,-583.689,-451.413,-0.158643821956305,0.030621096460791142,-205.587,0.1892027806537495,-231.17100000000002
SA_200,2023-01-28,3690.931,2927.024,2071.485,254.109,1817.376,44.73,1285.314,919.854,763.907,0.0,1147.949,365.46,5468.329,-261.5,258.242,-210.708,20.28,154.859,-144.286,-159.413,-303.699,-0.0601748856006985,0.0024432427248972655,0.13986206000950863,0.045096732800315786,0.15449939269506174,-0.1673802166710101,-0.08905517346956127,-0.18205172209886822,-0.2416765356678774,,-0.07258702355879032,79.07900000000001,-0.1109279854349241,-501.253,-480.24499999999995,-388.486,1.1851093632151706,0.08618101731055194,-338.048,-0.008650282331285286,-336.65700000000004
SA_200,2024-02-03,3325.309,3040.814,2273.561,246.452,2027.109,46.411,1086.023,831.019,284.495,0.0,953.302,255.004,4722.099,-387.357,165.05,-481.876,44.758,144.504,-251.96,-63.139,-315.099,-0.09905955976960823,0.03887566347252358,0.09755127360323623,-0.03013273831308616,0.11540429718451217,0.03758104180639399,-0.1550523840866902,-0.09657510865854801,-0.6275790115812527,,-0.16956066863597608,-110.45599999999999,-0.13646399110221785,-125.85700000000003,-93.19200000000001,-271.168,1.2070019723865877,-0.06686727926694613,-107.674,-0.6039281614422913,-11.399999999999977
SA_21,2019-12-28,1262.4,1539.4,964.2,306.0,658.2,123.2,538.5,688.9,-277.0,110.7,245.2,-150.4,1797.9,125.9,227.6,12.4,41.5,41.0,87.4,-61.0,26.4,,,,,,,,,,,,,,,,,,,,,
SA_21,2020-12-26,1219.9,1424.6,779.9,451.2,328.7,139.1,546.1,909.7,-204.7,114.7,236.3,-363.6,1557.8,191.6,310.0,112.2,38.6,35.0,166.6,-27.6,139.0,-0.03366603295310522,-0.0745745095491751,-0.19114291640738446,0.4745098039215685,-0.5006077180188393,0.12905844155844148,0.014113277623027054,0.3205109595006532,-0.2610108303249098,0.03613369467027994,-0.03629690048939627,-213.20000000000002,-0.13354469102842215,65.69999999999999,82.4,99.8,-0.06987951807228909,-0.14634146341463417,79.19999999999999,-0.5475409836065573,112.6
SA_21,2021-12-25,1240.1,1458.8,789.3,29.3,760.0,267.2,651.9,545.1,-218.7,88.3,230.9,106.8,1600.6,247.2,320.9,15.6,35.5,33.7,96.1,-37.8,58.3,0.016558734322485336,0.024006738733679756,0.01205282728554935,-0.9350620567375887,1.3121387283236996,0.920920201294033,0.19373741073063533,-0.4007914697152908,0.06839276990718135,-0.23016564952048824,-0.022852306390181987,470.40000000000003,0.027474643728334858,55.599999999999994,10.899999999999977,-96.60000000000001,-0.08031088082901561,-0.03714285714285703,-70.5,0.3695652173913042,-80.7
SA_21,2022-12-31,743.6,1173.4,785.2,728.4,56.8,110.1,431.6,1001.9,-429.8,63.7,217.6,-570.3,1304.0,23.6,90.4,-232.5,40.7,30.9,-38.5,-31.8,-70.3,-0.4003709378275945,-0.19564025226213322,-0.0051944761180792165,23.860068259385663,-0.9252631578947368,-0.5879491017964071,-0.33793526614511427,0.8380113740598054,0.9652491998171011,-0.2785956964892412,-0.05760069294066705,-677.0999999999999,-0.18530551043358734,-223.6,-230.49999999999997,-248.1,0.14647887323943665,-0.083086053412463,-134.6,-0.1587301587301586,-128.6
SA_24,2019-12-31,209.369,42.832,15.544,2.056,13.488,18.335,62.813,28.628,166.537,35.619,0.0,34.185,200.634,-15.725,7.621,-16.044,0.076,19.193,1.746,-34.704,-32.958,,,,,,,,,,,,,,,,,,,,,
SA_24,2020-12-31,314.178,138.986,114.675,2.465,112.21,46.795,171.054,25.798,175.192,32.857,0.0,145.256,230.194,-14.394,11.942,-19.277,3.939,21.579,21.328,-25.085,-3.757,0.5005946439062134,2.24491034740381,6.377444673185795,0.19892996108949412,7.319246737841043,1.5522225252249795,1.7232260837724676,-0.0988542685482745,0.05197043299687154,-0.07754288441562085,,111.071,0.14733295453412687,1.3309999999999995,4.321,-3.2330000000000005,50.828947368421055,0.12431615693221487,19.582,-0.2771726602120793,29.200999999999997
SA_24,2021-12-31,314.075,182.001,145.758,6.509,139.249,41.918,130.684,41.551,132.074,35.198,0.0,89.133,201.115,-53.617,-24.642,-61.166,5.423,25.852,1.086,-22.06,-20.974,-0.0003278396323104227,0.30949160347085325,0.27105297580117726,1.6405679513184586,0.24096782817930662,-0.10422053638209217,-0.23600734271048907,0.610628730909373,-0.24611854422576374,0.07124813586146028,,-56.123000000000005,-0.12632388333318845,-39.223,-36.584,-41.888999999999996,0.37674536684437676,0.19801659020343854,-20.242,-0.12058999402033099,-17.217
SA_24,2022-12-31,542.38,303.057,156.499,10.903,145.596,55.275,195.115,152.258,239.323,90.046,0.0,42.857,338.598,-147.836,-103.38,-136.519,6.094,29.96,-11.672,-35.541,-47.213,0.726912361697047,0.6651392025318543,0.07369063790666708,0.6750652942080198,0.04558021960660397,0.31864592776372924,0.49302898595084343,2.664364275228033,0.8120371912715598,1.558270356270243,,-46.275999999999996,0.6836039082117196,-94.21900000000002,-78.738,-75.35300000000001,0.12373225152129819,0.1589045334983754,-12.758000000000001,0.6111060743427017,-26.239
SA_48,2020-12-31,7.9002,0.6793,0.0,0.0,0.0,0.1023,0.1213,0.2967,7.2209,0.0,0.0,-0.1753,0.0,-3.0528,-2.2149,-3.0528,,0.8379,-0.5133,0.0,-0.5133,,,,,,,,,,,,,,,,,,,,,
SA_48,2021-12-31,8.7806,0.5602,0.0,0.0,0.0,1.2826,1.4508,0.168,8.2204,0.0,0.0,1.2828,0.0,-2.4905,-1.7387,-2.4905,,0.7518,-1.6566,0.0,-1.6566,0.11144021670337456,-0.1753275430590313,,,,11.53763440860215,10.96042868920033,-0.4337714863498483,0.13841764876954388,,,1.4581,,0.5623,0.4762000000000002,0.5623,,-0.10275689223057638,-1.1433,,-1.1433
SA_48,2022-12-31,22.7883,11.2095,0.0,0.0,0.0,0.4146,0.4924,7.5234,11.5788,0.0,0.0,-7.0309,0.0,-27.5269,-26.8222,-27.6621,,0.7047,-2.2658,0.0,-2.2658,1.595301004487165,19.00981792217065,,,,-0.6767503508498363,-0.6606010476978219,43.78214285714285,0.4085445963700063,,,-8.3137,,-25.0364,-25.083499999999997,-25.171599999999998,,-0.06264964086193137,-0.6092,,-0.6092
SA_48,2023-12-31,17.403,6.4381,0.0,0.0,0.0,0.0101,0.2683,6.2363,10.9649,0.0,0.0,-5.968,0.0,-12.909,-12.2705,-13.1276,,0.6385,-2.4556,0.0,-2.4556,-0.23631863719540291,-0.42565680895668845,,,,-0.9756391702846117,-0.45511779041429734,-0.17107956509025168,-0.05301931115486913,,,1.0629,,14.6179,14.551699999999999,14.5345,,-0.09394068397899824,-0.18979999999999997,,-0.18979999999999997
SA_60,2019-12-31,2.3716,6.4514,4.2393,3.7661,0.4733,0.0122,0.7164,5.9782,-4.0799,0.0337,0.5664,-5.2618,2.3649,-2.4039,-2.2345,-2.5223,0.6245,0.1112,-1.7455,0.0,-1.7455,,,,,,,,,,,,,,,,,,,,,
SA_60,2020-12-31,1.8889,9.0147,6.3537,4.2208,2.1329,0.4849,0.6898,6.8818,-7.1258,0.0693,0.0584,-6.1921,1.9596,-1.9017,-1.458,-3.169,1.2531,0.1088,-1.9031,-0.033,-1.9361,-0.20353347950750544,0.39732461171218647,0.4987615879980185,0.12073497782852294,3.5064441157828012,38.74590163934426,-0.037130094919039736,0.15114917533705796,0.7465624157454838,1.056379821958457,-0.8968926553672316,-0.9302999999999999,-0.17138145376125835,0.5022000000000002,0.7765000000000002,-0.6467,1.0065652522017614,-0.021582733812949617,-0.15759999999999996,,-0.19059999999999988
SA_60,2021-12-31,22.6104,28.7011,22.8351,11.2787,11.5564,0.2051,4.3395,17.1447,-6.0907,0.389,3.3925,-12.8052,9.0226,-5.2408,-4.1052,-7.7655,2.5119,0.2317,-5.0191,-0.1414,-5.1605,10.970141352109692,2.1838108866628954,2.593984607394117,1.6721711523881733,4.418163064372451,-0.5770261909672096,5.290953899681067,1.49131041297335,-0.14526088298857676,4.613275613275613,57.090753424657535,-6.613099999999999,3.6043070014288636,-3.3391,-2.6471999999999998,-4.596500000000001,1.0045487191764422,1.129595588235294,-3.1159999999999997,3.2848484848484842,-3.2244
SA_60,2022-12-31,29.147,31.5089,22.1852,6.6342,15.551,0.0708,3.604,15.1435,-2.362,0.5401,2.1824,-11.5395,15.9025,-11.951,-9.6559,-29.9778,15.6896,0.1129,-9.6859,-0.0297,-9.7156,0.2890970526837209,0.09782900306956877,-0.02846057166379834,-0.41179391241898455,0.3456612785988715,-0.6548025353486104,-0.16948957253139763,-0.11672411882389311,-0.6121956425369826,0.3884318766066839,-0.3566985998526161,1.265699999999999,0.7625185644936048,-6.7102,-5.550700000000001,-22.2123,5.246108523428481,-0.5127319810099267,-4.6668,-0.78995756718529,-4.5551
SA_60,2023-12-31,19.6592,26.0467,14.4636,10.9148,3.5488,0.1886,2.3317,22.0559,-6.3875,0.0702,1.2428,-19.7242,8.2258,-17.156,-14.3496,-22.6757,4.6348,0.1186,-5.8486,0.0,-5.8486,-0.32551549044498573,-0.17335419516390604,-0.3480518543894128,0.6452322812094902,-0.7717960259790367,1.6638418079096042,-0.3530244173140954,0.45645986726978593,1.7042760372565624,-0.8700240696167376,-0.4305351906158358,-8.1847,-0.4827354189592832,-5.204999999999998,-4.6937,7.302099999999999,-0.7045941260452784,0.05048715677590776,3.8373,-1.0,3.867
SA_230,2019-12-31,14.382,11.875,3.524,3.524,0.0,1.69,3.599,6.358,2.507,0.517,0.249,-2.759,33.555,3.049,3.874,2.935,0.079,0.795,2.528,-2.437,0.091,,,,,,,,,,,,,,,,,,,,,
SA_230,2020-12-31,289.116,30.041,5.972,4.45,1.522,36.72,44.421,9.158,259.075,0.718,0.268,35.263,34.282,-0.64,0.77,5.963,0.131,1.073,1.758,-30.719,-28.961,19.102628285356694,1.5297684210526317,0.6946651532349604,0.26276958002270145,,20.727810650887573,11.3425951653237,0.44039005976722234,102.34064619066612,0.38878143133462273,0.0763052208835342,38.022,0.02166592162121872,-3.689,-3.104,3.028,0.6582278481012658,0.3496855345911949,-0.77,11.605252359458351,-29.052
SA_230,2021-12-31,317.719,144.444,116.377,3.331,113.046,14.889,21.223,24.33,173.275,1.689,1.387,-3.107,68.867,-135.634,-125.574,-121.494,1.406,2.5,-7.467,-10.665,-18.132,0.09893260836480855,3.8082287540361506,18.48710649698593,-0.25146067415730344,73.27463863337714,-0.5945261437908497,-0.5222304765763941,1.6566936012229743,-0.3311782302422078,1.3523676880222841,4.175373134328358,-38.37,1.0088384574995626,-134.994,-126.344,-127.457,9.732824427480915,1.3299161230195713,-9.225,-0.6528207298414662,10.828999999999997
SA_230,2023-01-02,276.78,197.833,170.104,14.909,155.195,11.917,18.459,40.203,78.947,1.766,1.32,-21.744,178.72,-100.054,-66.295,-103.432,8.659,8.7,2.168,-2.517,-0.349,-0.1288528542517131,0.36961729113012676,0.46166338709538834,3.4758330831582107,0.37284822107814497,-0.19961045066827854,-0.13023606464684534,0.6524044389642418,-0.5443832058865965,0.04558910597986965,-0.048305695746214794,-18.637,1.5951471677291007,35.579999999999984,59.278999999999996,18.061999999999998,5.158605974395449,2.4799999999999995,9.635,-0.7639943741209564,17.783
SA_230,2024-01-01,258.476,201.226,179.593,62.945,116.648,7.556,12.5,82.692,57.25,1.368,1.19,-70.192,170.1,-22.038,6.58,-30.708,8.828,4.7,-5.383,-2.503,-7.886,-0.06613194594985183,0.017150829234758636,0.05578352066970771,3.221946475283386,-0.24837784722445955,-0.3659478056557859,-0.3228235549054661,1.0568614282516227,-0.27482994920642967,-0.22536806342015847,-0.09848484848484862,-48.44799999999999,-0.04823187108325877,78.016,72.875,72.724,0.01951726527312614,-0.4597701149425286,-7.551,-0.005562177195073459,-7.537
SA_73,2019-12-31,994.818,762.242,637.928,8.029,629.899,9.053,120.089,128.372,232.576,72.421,32.998,-8.283,684.393,44.679,96.26,-2.943,39.344,51.6,53.86,-111.269,-57.409,,,,,,,,,,,,,,,,,,,,,
SA_73,2020-12-31,1429.612,1153.585,979.573,16.778,962.795,10.004,195.451,162.154,276.027,124.212,42.364,33.297,875.079,61.778,139.249,17.08,44.902,72.2,119.335,-100.106,19.229,0.4370588389031964,0.5134104392043473,0.5355541691225343,1.0896749283846057,0.5284910755533823,0.10504805037004283,0.627551232835647,0.2631570747515033,0.1868249518436984,0.7151378743734551,0.2838353839626644,41.58,0.2786206171015775,17.098999999999997,42.98899999999999,20.023,0.14126677511183416,0.39922480620155043,65.475,-0.10032443897222054,76.638
SA_73,2021-12-31,1924.147,1653.483,1401.985,47.292,1354.693,16.801,198.73,257.006,270.664,97.439,57.717,-58.276,1041.678,-97.252,-4.333,-122.069,56.497,92.63,33.39,-332.322,-298.932,0.34592253002912665,0.43334301330201064,0.43122054201167237,1.818691143163667,0.407041997517644,0.6794282287085165,0.016776583389187083,0.5849501091554941,-0.019429258731935684,-0.21554278169581043,0.3624067604569918,-91.57300000000001,0.19038166839793913,-159.03,-143.582,-139.149,0.2582290321143823,0.28296398891966756,-85.945,2.319701116816175,-318.161
SA_73,2022-12-31,2551.44,2264.684,1717.578,30.518,1687.06,3.417,370.339,457.683,286.756,169.847,158.884,-87.344,1094.276,-95.487,16.902,-168.307,71.585,,-88.767,-217.847,-306.614,0.3260109544644978,0.3696445624176361,0.225104405539289,-0.3546900109955172,0.24534488625836248,-0.7966192488542349,0.8635284053741259,0.7808261285728739,0.05945378772204646,0.7431110746210452,1.7528111301696208,-29.06799999999999,0.05049353063038664,1.7650000000000006,21.235,-46.237999999999985,0.2670584278811263,,-122.157,-0.34447012235121355,-7.6819999999999595
SA_73,2023-12-31,2530.809,2691.307,1942.647,1817.121,125.526,177.119,642.129,2426.09,-160.498,214.907,69.763,-1783.961,1177.853,-507.87,-341.758,-685.994,181.987,,-65.796,-301.3,-367.096,-0.008086022011099536,0.18838080721195527,0.13103859038716137,58.54259781112786,-0.9255948217609332,50.83465027802166,0.7338951609201301,4.300808638293317,-1.5597023253218765,0.26529759136163733,-0.5609186576370182,-1696.617,0.0763765265801315,-412.38300000000004,-358.65999999999997,-517.687,1.5422504714674865,,22.97099999999999,0.38308078605626883,-60.48200000000003
SA_42,2019-12-31,120.7599,69.5115,54.1411,11.396,42.745,4.0997,27.4069,24.7973,23.102,12.1381,6.5475,2.6096,163.3656,-2.774,10.706,-5.0486,3.0701,5.1893,2.4732,-3.3694,-0.8962,,,,,,,,,,,,,,,,,,,,,
SA_42,2020-12-31,122.1,60.809,18.1054,7.9,10.2054,10.895,29.7854,26.195,5.9247,5.2116,1.4583,3.5904,47.019,-7.1484,-6.6185,-12.0361,0.4098,0.4538,-5.9502,-0.9373,-6.8874,0.011097226811217942,-0.12519511160023877,-0.6655886193668027,-0.30677430677430684,-0.7612492689203416,1.6575115252335535,0.08678471479809824,0.056365007480653206,-0.7435416847026232,-0.5706412041423288,-0.7772737686139748,0.9807999999999999,-0.7121854294906639,-4.3744,-17.3245,-6.987499999999999,-0.8665190058955734,-0.9125508257375754,-8.423399999999999,-0.7218199085890663,-5.9912
SA_42,2021-12-31,266.06,192.547,100.247,8.733,91.514,36.13,165.616,25.783,73.513,7.607,7.839,139.833,207.76,-9.48,1.81,-18.364,3.832,4.014,9.75,-2.331,7.419,1.1790335790335793,2.1664227334769524,4.5368564074806415,0.10544303797468357,7.967213436024066,2.316200091785223,4.560308070396906,-0.01572819240313028,11.407885631339985,0.4596285209916342,4.375437152849209,136.2426,3.418639273485187,-2.331600000000001,8.4285,-6.327900000000001,8.350902879453391,7.845306302335832,15.700199999999999,1.4869305451829722,14.3064
SA_42,2022-12-31,689.385,523.965,284.005,24.286,259.719,141.258,373.428,248.599,165.42,34.548,135.473,124.829,2791.715,48.555,74.006,-4.822,79.911,13.3907,96.096,-75.512,20.584,1.591088476283545,1.7212316992734245,1.8330523606691473,1.7809458376273906,1.8380247830932972,2.909714918350401,1.2547821466524973,8.64197339332118,1.250214247820113,3.5416064151439466,16.281923714759536,-15.004000000000005,12.437211205236814,58.035,72.196,13.542000000000002,19.853601252609604,2.335999003487793,86.346,31.394680394680393,13.165
SA_42,2023-12-31,854.624,654.237,350.444,39.093,311.351,76.967,352.031,328.826,200.387,36.164,182.12,23.205,3177.187,-28.613,24.836,-71.486,119.567,27.04,-58.632,-140.313,-198.945,0.23969044873329137,0.24862729380779247,0.23393602225312948,0.60969282714321,0.1987994717367616,-0.4551317447507398,-0.057298863502469044,0.32271650328440593,0.21138314593156826,0.04677550075257608,0.34432691384999226,-101.624,0.138077131798912,-77.168,-49.17,-66.664,0.49625208043948876,1.0193119105050519,-154.728,0.8581549952325456,-219.529
SA_30,2019-12-31,184.389,50.045,23.49,2.505,20.985,57.408,131.273,19.5,134.344,0.482,0.0,111.773,4.365,-97.94,-86.813,-94.433,,4.745,-85.011,-16.173,-101.184,,,,,,,,,,,,,,,,,,,,,
SA_30,2020-12-31,221.567,54.828,25.099,5.874,19.225,170.056,175.39,26.988,166.739,0.0,0.0,148.402,4.037,-106.017,-91.862,-105.314,,6.644,-89.102,-3.515,-92.617,0.2016280797661465,0.09557398341492651,0.06849723286504905,1.3449101796407184,-0.08386943054562779,1.9622352285395763,0.33607063143220617,0.3839999999999999,0.2411346989817187,-1.0,,36.62899999999999,-0.075143184421535,-8.076999999999998,-5.048999999999992,-10.880999999999986,,0.4002107481559536,-4.091000000000008,-0.7826624621282384,8.566999999999993
SA_30,2021-12-31,278.106,62.02,26.419,7.483,18.936,93.287,220.59,39.956,216.086,7.672,0.0,180.634,48.214,-75.209,-60.889,-75.082,,6.347,-50.678,-5.463,-56.141,0.25517789201460506,0.13117385277595384,0.05259173672257855,0.27391896493020096,-0.015032509752925916,-0.4514336453874018,0.25771138605393706,0.4805098562323997,0.295953556156628,,,32.232,10.943027000247708,30.807999999999993,30.972999999999992,30.232,,-0.04470198675496684,38.42400000000001,0.5541963015647227,36.476000000000006
SA_30,2022-12-31,240.754,69.973,40.316,5.294,35.022,55.498,182.878,34.801,170.781,0.0,0.0,148.077,19.945,-120.428,-105.071,-119.687,1.235,6.56,-115.946,-5.872,-121.818,-0.1343085010751296,0.12823282811996117,0.5260229380370189,-0.29252973406387817,0.8494930291508238,-0.40508323775016886,-0.17095969898907482,-0.1290169186104715,-0.20966189387558654,-1.0,,-32.55699999999999,-0.5863234745094785,-45.218999999999994,-44.181999999999995,-44.605000000000004,,0.03355916180872831,-65.268,0.07486728903532858,-65.67699999999999
SA_30,2023-12-31,177.769,125.919,104.775,6.904,97.871,62.986,87.435,27.339,51.85,0.0,0.0,60.096,16.344,-139.621,-118.469,-138.49,4.036,7.591,-121.648,-4.572,-126.22,-0.26161559101821774,0.7995369642576422,1.5988441313622381,0.3041178692859843,1.7945577065844325,0.1349237810371544,-0.5218943776725466,-0.21441912588718726,-0.6963947980161728,,,-87.981,-0.18054650288292795,-19.193000000000012,-13.397999999999996,-18.80300000000001,2.268016194331983,0.15716463414634152,-5.701999999999998,-0.22138964577656672,-4.402000000000001
SA_208,2019-12-31,36.9045,20.245,8.4251,8.0362,0.3889,0.7573,30.8204,18.6113,16.6595,9.1996,19.3032,12.2092,24.6482,-4.1705,-3.1568,-4.9854,0.7014,0.6266,-3.7762,-0.3383,-4.1146,,,,,,,,,,,,,,,,,,,,,
SA_208,2020-12-31,47.036,24.67,8.844,8.566,0.278,1.283,40.83,24.136,22.366,4.149,32.614,16.694,26.069,-4.299,-3.312,-4.402,0.73,0.643,-7.656,-0.477,-8.133,0.27453291604004937,0.21857248703383547,0.049720478095215404,0.06592668176501348,-0.2851632810491128,0.6941766803116334,0.32477190432311054,0.2968465394679576,0.34253729103514496,-0.5490021305274142,0.6895644245513695,4.4848,0.05764315446969759,-0.12850000000000072,-0.15519999999999978,0.5834000000000001,0.0407755916737953,0.02617299712735388,-3.8798,0.4099911321312444,-4.018399999999999
SA_208,2021-12-31,68.2957,24.9792,9.321,9.2047,0.1164,5.5681,26.3175,24.5403,43.3165,3.5544,11.9103,1.7772,52.2889,-7.2739,-5.7181,-9.1808,0.8976,1.0932,4.5058,-8.1954,-3.6896,0.4519878391019643,0.012533441426834102,0.05393487109905015,0.07456222274106938,-0.581294964028777,3.3399064692127833,-0.3554371785451873,0.01675091150149144,0.9367119735312528,-0.1433116413593638,-0.6348102042067824,-14.916799999999999,1.0057884844067666,-2.9749,-2.4061,-4.7787999999999995,0.2295890410958903,0.7001555209953343,12.1618,16.181132075471698,4.443399999999999
SA_208,2022-12-31,74.4583,24.6246,12.403,10.3694,2.0336,2.1946,24.5515,22.4233,49.8337,1.4558,13.622,2.1283,24.0512,-16.9732,-13.112,-23.3651,2.9395,3.3483,-11.8232,-14.4619,-26.2851,0.09023408501560115,-0.014195810914680917,0.33065121768050654,0.12653318413419234,16.47079037800687,-0.605861963685997,-0.06710363826351284,-0.08626626406360138,0.1504553692011128,-0.5904231375196939,0.14371594334315674,0.35109999999999997,-0.5400323969331923,-9.699299999999997,-7.3939,-14.184300000000002,2.274844028520499,2.0628430296377607,-16.329,0.7646362593650098,-22.5955
SA_208,2023-12-31,97.9893,69.9945,46.2271,33.872,12.3551,2.6757,53.6812,57.461,27.9949,3.4695,30.7367,-3.7798,25.707,-12.6646,-10.7497,-22.4454,6.7958,1.1632,-33.3273,-2.5599,-35.8872,0.3160292405279197,1.8424624156331473,2.727090220108038,2.266534225702548,5.075481904012589,0.2192199033992528,1.1864733315683358,1.5625576966815764,-0.43823356483664666,1.3832257178183816,1.2564014094846572,-5.908099999999999,0.06884479776476837,4.308599999999998,2.3622999999999994,0.9197000000000024,1.311889777172989,-0.6525998267777678,-21.5041,-0.8229900635462837,-9.6021
SA_132,2019-12-31,7043.412,4782.08,3557.981,379.514,3178.467,978.957,1385.443,1112.044,2261.332,73.807,0.0,273.399,3830.536,501.047,906.27,335.255,101.35,155.326,551.321,-334.537,216.784,,,,,,,,,,,,,,,,,,,,,
SA_132,2020-12-31,8398.825,6149.13,4833.142,517.988,4315.154,1789.723,2355.98,1342.022,2249.695,42.94,0.0,1013.958,1810.022,-507.762,-27.7,-428.7,134.52,179.47,-225.274,-393.375,-618.649,0.19243698934550468,0.28586932882762306,0.3583945501676371,0.36487191513356576,0.3576211425193341,0.828193679599819,0.7005246697265786,0.20680656520785123,-0.005146082043680278,-0.4182123646808569,,740.559,-0.5274755282289476,-1008.809,-933.97,-763.9549999999999,0.32728169708929467,0.15544081480241556,-776.595,0.1758789012874511,-835.433
SA_132,2021-12-31,8540.025,6425.99,5094.753,367.579,4727.174,1333.507,1842.491,1275.602,2114.035,128.828,0.0,566.889,3230.775,-56.874,460.474,-472.569,155.611,193.079,208.888,-213.767,-4.879,0.016811875470675863,0.04502425546378097,0.0541285565373415,-0.29037159161988313,0.09548210793867362,-0.25490872051149804,-0.21795134084330092,-0.049492482239486324,-0.06030150753768859,2.0001863064741503,,-447.06899999999996,0.7849368681706632,450.888,488.174,-43.86900000000003,0.15678709485578346,0.07582882933080737,434.16200000000003,-0.4565821417222752,613.77
SA_132,2022-12-31,9184.774,7613.123,6191.179,535.184,5655.995,1346.35,1993.983,1596.581,1571.651,197.276,0.0,397.402,5068.447,-598.917,-60.715,-554.15,139.905,199.118,-89.022,-237.584,-326.606,0.07549731997271669,0.18473931643217623,0.21520690011861232,0.45597000916809716,0.19648546890806218,0.00963099556282776,0.08222129714609183,0.2516294267334167,-0.25656339653790017,0.5313130685875742,,-169.48700000000002,0.5688022223769837,-542.043,-521.189,-81.58099999999996,-0.10093116810508251,0.031277352793416036,-297.91,0.11141570027179126,-321.727
SA_132,2023-12-31,9417.237,8282.895,6894.537,540.445,6354.092,865.211,1512.127,1671.592,1134.342,205.468,0.0,-159.465,5362.549,-495.757,202.62,-447.464,169.191,218.106,-246.661,-255.563,-502.224,0.025309604787227213,0.08797598567631182,0.11360647140068147,0.009830263983975795,0.12342602848835615,-0.35736546960300064,-0.24165501912503773,0.04698227023871637,-0.27824816069216385,0.04152557837750148,,-556.867,0.05802605808051253,103.16000000000003,263.33500000000004,106.68599999999998,0.20932775812158244,0.09536053998131755,-157.639,0.0756742878308303,-175.618
SA_242,2019-12-31,5.9204,5.9209,2.3065,2.2099,0.0966,0.0404,2.4287,5.738,-0.0006,0.3356,1.1633,-3.3092,1.2844,-6.6981,-6.2692,-7.2498,0.3604,,-6.0804,-0.1393,-6.2197,,,,,,,,,,,,,,,,,,,,,
SA_242,2020-12-31,5.9705,5.5767,2.0187,1.7081,0.3106,0.1345,2.5233,5.0964,-8.617,0.2557,1.1728,-2.5731,0.6358,-5.3659,-5.0416,-5.6485,0.2452,,-4.9438,-0.1155,-5.0592,0.008462266063103963,-0.0581330540965056,-0.12477780186429666,-0.2270690981492376,2.2153209109730847,2.3292079207920797,0.03895087907110795,-0.11181596375043579,14360.66666666667,-0.23808104886769976,0.008166423106679366,0.7361,-0.5049828713796325,1.3322000000000003,1.2275999999999998,1.6012999999999993,-0.3196448390677026,,1.1365999999999996,-0.17085427135678388,1.1604999999999999
SA_242,2021-12-31,24.3137,10.2219,2.0309,0.4057,1.6252,3.6494,7.9819,8.4814,14.0918,0.6581,1.4906,-0.4994,4.9152,-2.4128,-2.0459,-2.1917,0.3481,,-6.81,-1.9453,-8.7552,3.072305502051754,0.8329657324224005,0.006043493337296368,-0.762484632047304,4.232453316162267,26.133085501858734,2.16327824674038,0.6641943332548468,-2.6353487292561213,1.5737192021900666,0.270975443383356,2.0737,6.730732934885183,2.9531,2.9957,3.4568000000000003,0.4196574225122349,,-1.8661999999999992,15.842424242424244,-3.6960000000000006
SA_242,2022-12-31,18.693,7.9013,1.7875,0.3674,1.4201,0.3002,5.0189,4.4238,10.7917,0.1062,1.889,0.5951,1.6437,-15.7837,-15.1998,-21.753,1.6945,,-5.7002,-1.928,-7.6282,-0.23117419397294525,-0.22702237353133958,-0.11984834309911852,-0.09440473256100568,-0.1261998523258676,-0.9177399024497177,-0.37121487365163686,-0.47841158299337383,-0.23418583857278696,-0.8386263485792433,0.2672749228498592,1.0945,-0.66558837890625,-13.370899999999999,-13.1539,-19.5613,3.867854064923872,,1.1098,-0.008893229836015037,1.1270000000000007
SA_242,2023-12-31,16.5603,10.8643,2.9279,1.7598,1.1681,0.428,4.2969,9.6608,5.696,0.0413,2.0319,-5.3638,2.151,-10.8278,-10.1731,-16.198,3.4881,0.4086,-6.0754,-0.6154,-6.6908,-0.11409083614187132,0.3750015820181489,0.6379860139860141,3.7898747958628203,-0.17745229209210622,0.425716189207195,-0.1438562234752636,1.1838238618382388,-0.4721869584958811,-0.6111111111111112,0.07564849126521955,-5.9589,0.3086329622193831,4.9559,5.0267,5.555,1.0584833284154622,,-0.3752000000000004,-0.6808091286307054,0.9373999999999993
SA_133,2020-12-31,144.9434,139.9434,0.0,0.0,0.0,0.9087,1.1069,3.7561,5.0,0.0,0.0,-2.6492,0.0,-4.0117,,-3.9251,,,-0.4556,0.0,-0.4556,,,,,,,,,,,,,,,,,,,,,
SA_133,2021-12-31,653.092,147.722,117.235,6.275,110.96,47.917,108.044,21.959,505.37,41.998,0.55,86.085,295.762,-28.822,-15.607,-6.675,4.492,2.813,-23.856,-3.99,-27.846,3.505841590579495,0.055583900348283644,,,,51.73137449103115,96.60954015719577,4.846223476478262,100.074,,,88.73419999999999,,-24.810299999999998,,-2.7499,,,-23.4004,,-27.3904
SA_133,2022-12-31,1170.743,551.196,363.306,36.042,327.264,41.626,197.337,77.322,619.547,151.036,0.723,120.015,631.132,-112.165,-76.678,-37.796,20.242,4.9,-68.216,-7.45,-75.666,0.7926157417331707,2.73130610200241,2.0989550902034373,4.743745019920318,1.9493871665465035,-0.1312895214641986,0.8264503350486838,2.521198597386038,0.22592753823930978,2.596266488880423,0.31454545454545446,33.93000000000001,1.1339184885144133,-83.343,-61.071,-31.121,3.5062333036509354,0.7419125488801992,-44.35999999999999,0.8671679197994986,-47.81999999999999
SA_133,2023-12-31,623.301,561.856,491.934,373.355,118.579,65.528,183.348,438.812,61.444,114.754,0.0,-255.464,751.102,-656.152,-598.603,-683.348,54.434,5.4,-46.913,-14.611,-61.524,-0.46760219792046587,0.019339762988120235,0.3540486532014335,9.358886854225625,-0.6376656155275252,0.5742084274251671,-0.07088888551057315,4.67512480277282,-0.9008243119569621,-0.24022087449349816,-1.0,-375.479,0.19008701824657925,-543.9870000000001,-521.925,-645.5519999999999,1.6891611500839834,0.1020408163265305,21.302999999999997,0.9612080536912753,14.141999999999996
SA_110,2019-12-28,28.686,14.662,2.499,1.041,1.458,8.307,24.493,13.204,14.024,11.435,0.0,11.289,56.446,-1.401,2.059,-1.466,0.031,0.389,2.665,-0.345,2.32,,,,,,,,,,,,,,,,,,,,,
SA_110,2020-12-26,30.438,16.815,8.589,5.248,3.341,13.706,26.476,12.437,13.623,7.789,0.0,14.039,64.449,-0.383,2.529,-0.625,0.153,0.4,-0.519,-0.428,-0.947,0.061075088893536966,0.14684217705633618,2.4369747899159666,4.041306436119116,1.2914951989026067,0.6499337907788612,0.08096190748377086,-0.05808845804301732,-0.028593839132915022,-0.31884564932225634,,2.75,0.14178152570598446,1.018,0.46999999999999975,0.841,3.935483870967742,0.028277634961439535,-3.184,0.24057971014492763,-3.267
SA_110,2021-12-25,42.069,13.878,6.436,1.389,5.047,19.202,35.094,8.831,28.191,7.692,0.0,26.263,36.41,-13.476,-10.68,-5.685,0.212,0.5,-13.664,-0.24,-13.904,0.38212103291937716,-0.17466547725245318,-0.2506694609384096,-0.735327743902439,0.5106255612092185,0.40099226616080563,0.32550234174346593,-0.2899413041730321,1.0693679806210086,-0.012453460007703088,,12.224000000000002,-0.4350571769926609,-13.093,-13.209,-5.06,0.3856209150326797,0.25,-13.145,-0.4392523364485982,-12.957
SA_110,2022-12-31,30.023,19.698,10.727,3.51,7.217,3.464,19.169,12.056,10.325,7.644,0.0,7.113,40.189,-18.327,-14.685,-18.514,0.223,0.5,-14.536,-0.602,-15.138,-0.28633910955810693,0.41936878512754006,0.6667184586699815,1.5269978401727862,0.4299583911234397,-0.8196021247786689,-0.4537812731521058,0.365190805118333,-0.633748359405484,-0.006240249609984372,,-19.150000000000002,0.10379016753639125,-4.851000000000001,-4.005000000000001,-12.829,0.051886792452830344,0.0,-0.8719999999999999,1.5083333333333333,-1.234
SA_110,2023-12-30,18.787,20.342,9.345,3.036,6.309,0.615,11.437,13.658,-1.555,5.77,0.0,-2.221,39.036,-14.893,-9.25,-15.153,0.219,0.6,-4.831,-0.174,-5.005,-0.37424641108483503,0.03269367448471927,-0.1288337839097604,-0.135042735042735,-0.12581405015934588,-0.822459584295612,-0.40335959100631236,0.13287989382879895,-1.1506053268765133,-0.24515960230245948,,-9.334,-0.028689442384732144,3.434000000000001,5.4350000000000005,3.360999999999999,-0.017937219730941756,0.19999999999999996,9.704999999999998,-0.7109634551495017,10.133
SA_157,2020-12-31,0.0816,0.0615,0.0,0.0,0.0,0.001,0.0816,0.0615,0.0201,0.0,0.0,0.0201,,,,,,,,,,,,,,,,,,,,,,,,,,,,,,
SA_157,2021-12-31,203.335,230.16,173.426,11.063,162.363,15.506,40.691,48.45,-26.825,10.178,0.0,-7.759,93.194,-22.252,-7.03,-38.905,23.683,,-15.673,-4.022,-19.695,2490.850490196078,3741.439024390244,,,,15505.0,497.66421568627453,786.8048780487806,-1335.5771144278606,,,-7.779100000000001,,,,,,,,,
SA_157,2022-12-31,258.097,204.822,137.009,8.31,128.699,78.841,119.68,56.995,-29.322,21.733,0.0,62.685,159.484,-66.303,-47.97,-90.238,26.654,,-23.699,-7.267,-30.966,0.26931910394177083,-0.11008863399374347,-0.2099858152756796,-0.24884750971707492,-0.20733787870389186,4.08454791693538,1.941190926740557,0.17636738906088745,0.09308480894687787,1.135291805855767,,70.444,0.711311887031354,-44.051,-40.94,-51.333,0.12544863404129547,,-8.026000000000002,0.806812531079065,-11.271
SA_157,2023-12-31,392.391,351.815,165.61,12.027,153.583,27.994,173.097,161.569,-65.228,116.632,0.0,11.528,223.325,-20.506,4.408,-60.817,35.374,6.529,-21.879,-11.747,-33.626,0.5203237542474344,0.717662165197098,0.2087527096760069,0.4472924187725631,0.19335037568279456,-0.6449309369490493,0.44633188502673793,1.8347925256601454,1.2245413000477456,4.366585377076335,,-51.157000000000004,0.4002972084974039,45.797,52.378,29.421,0.3271553988144369,,1.8200000000000003,0.6164854823173247,-2.6599999999999966
SA_181,2020-03-28,1166.814,895.106,713.247,78.478,634.769,67.755,242.166,198.171,271.708,20.217,124.207,43.995,915.953,42.743,171.748,14.487,21.541,,30.748,-33.619,-2.871,,,,,,,,,,,,,,,,,,,,,
SA_181,2021-04-03,1078.469,724.8,501.853,53.013,448.84,17.687,203.324,214.913,353.669,18.784,130.619,-11.589,990.088,99.004,134.791,58.283,17.268,,136.659,-17.176,119.483,-0.0757147240262801,-0.19026349951849286,-0.29638259957630375,-0.32448584316623763,-0.29290812878385686,-0.7389565345730942,-0.16039410982549152,0.08448259331587371,0.30165103714281494,-0.07088094178166893,0.05162349948070566,-55.583999999999996,0.08093755902322508,56.261,-36.956999999999994,43.796,-0.19836590687526112,,105.91099999999999,-0.48909842648502344,122.354
SA_181,2022-04-02,1197.577,769.481,532.335,56.426,475.909,14.252,260.411,235.515,428.096,19.17,192.783,24.896,1094.119,125.454,247.534,81.718,12.76,,56.99,-33.389,23.601,0.11044174658705996,0.061645971302428215,0.060738901630557285,0.06438043498764467,0.060308796007485954,-0.19421043704415675,0.2807686254451023,0.09586204650253816,0.2104425324243855,0.02054940374787062,0.47591851108950456,36.485,0.10507247840595979,26.44999999999999,112.743,23.435000000000002,-0.2610609219365301,,-79.66899999999998,0.9439333954354918,-95.882
SA_181,2023-04-01,985.174,722.989,539.172,61.687,477.485,6.958,230.226,190.315,262.185,18.269,170.637,39.911,1047.258,-127.595,2.319,-158.856,16.171,,59.305,-64.223,-4.918,-0.17736062065320224,-0.060419945391763985,0.012843416269830099,0.09323716017438755,0.0033115574616155996,-0.5117878192534382,-0.11591292226518846,-0.1919198352546546,-0.3875555950067274,-0.04700052164840918,-0.11487527427210897,15.015,-0.042829893274863085,-253.04899999999998,-245.215,-240.574,0.26731974921630086,,2.3149999999999977,0.9234777920872141,-28.519
SA_181,2024-03-30,936.365,776.674,615.993,62.858,553.135,21.0,230.548,193.087,159.691,13.943,158.434,37.461,847.779,-104.734,34.573,-103.287,20.672,,46.789,-39.894,6.895,-0.04954353241153331,0.07425424176578055,0.14247957980013792,0.018982929952826355,0.1584342963653309,2.0181086519114686,0.0013986256982270184,0.014565325907048843,-0.39092244026164735,-0.23679457003667415,-0.07151438433633972,-2.450000000000003,-0.19047741817202646,22.861000000000004,32.254,55.56899999999999,0.27833776513511843,,-12.515999999999998,-0.37882067172196876,11.812999999999999
SA_67,2019-12-31,29.1874,1.5427,0.0,0.0,0.0,28.0949,29.1874,0.4106,27.6447,0.0,0.0,28.7768,0.0,-11.9876,,-11.8702,0.0,,-11.2161,0.0,-11.2161,,,,,,,,,,,,,,,,,,,,,
SA_67,2020-12-31,38.6618,1.322,0.0,0.0,0.0,35.3008,37.559,1.322,37.3398,0.0,0.0,36.237,0.0,-18.6937,,-18.5672,0.0,,-16.6156,-1.1028,-17.7184,0.3246058230606357,-0.14306086731055934,,,,0.2564842729463357,0.28682239596538217,2.2196785192401363,0.3507037515328435,,,7.4602,,-6.706099999999999,,-6.696999999999999,,,-5.3995,,-6.502299999999998
SA_67,2021-12-31,40.6978,1.9608,0.0,0.0,0.0,33.7947,38.838,1.9608,38.7371,0.0,0.0,36.8772,0.0,-31.7867,-31.6752,-31.0387,0.0,,-29.557,-0.8685,-30.4255,0.05266180053696412,0.48320726172465966,,,,-0.04266475547296389,0.03405308980537303,0.48320726172465966,0.0374211966855742,,,0.6402000000000001,,-13.093,,-12.471499999999999,,,-12.941399999999998,-0.21245919477693143,-12.7071
SA_67,2022-12-31,24.1202,1.2408,0.1101,0.0,0.1101,16.6123,19.0252,1.1307,22.8795,0.0,0.0,17.8945,0.4958,-31.7968,-31.3566,-31.7701,0.0,,-27.3422,-1.5513,-28.8935,-0.40733405736919437,-0.3671970624235007,,,,-0.5084347545621059,-0.5101395540450074,-0.4233476132190943,-0.4093646659145883,,,-18.9827,,-0.01010000000000133,0.3186,-0.7314000000000007,,,2.2148000000000003,0.7861830742659757,1.532
SA_67,2023-12-31,12.0273,2.4603,0.1153,0.0835,0.0317,5.4781,7.5903,2.4285,9.567,0.0,0.0,5.1618,0.7339,-21.8947,-21.3031,-21.2432,,,-16.0382,-0.0948,-16.1329,-0.5013598560542616,0.9828336557059965,0.04722979109900094,,-0.712079927338783,-0.6702383173913304,-0.6010396736959401,1.1477845582382593,-0.5818527502786337,,,-12.732700000000001,0.4802339653085921,9.9021,10.0535,10.526899999999998,,,11.303999999999998,-0.9388899632566234,12.7606
SA_177,2020-06-30,71.433,29.938,22.331,0.231,22.1,44.308,46.203,6.13,41.495,0.351,0.136,40.073,1.79,-32.038,-28.739,-36.14,4.573,3.08,-21.305,-9.75,-31.055,,,,,,,,,,,,,,,,,,,,,
SA_177,2021-06-30,124.994,7.584,0.472,0.27,0.202,88.322,93.196,7.265,117.41,1.17,1.39,85.931,6.618,-41.394,-36.429,-44.156,5.13,4.655,-29.364,-12.44,-41.804,0.74980751193426,-0.7466764646937003,-0.9788634633469169,0.16883116883116878,-0.9908597285067873,0.9933646294122958,1.0170984568101638,0.18515497553017934,1.8294975298228704,2.3333333333333335,9.220588235294116,45.858,2.6972067039106147,-9.356000000000002,-7.690000000000001,-8.015999999999998,0.12180188060354236,0.5113636363636365,-8.059000000000001,0.27589743589743576,-10.749000000000002
SA_177,2022-06-30,161.338,57.908,44.855,0.313,44.542,80.485,91.731,12.658,103.43,3.793,4.094,79.073,15.35,-60.555,-52.354,-59.194,0.077,7.853,-45.195,-27.72,-72.915,0.29076595676592465,6.635548523206752,94.03177966101694,0.1592592592592592,219.50495049504948,-0.08873213921786194,-0.01571955877934683,0.7423262216104611,-0.11906992590068977,2.2418803418803424,1.9453237410071949,-6.858000000000004,1.319431852523421,-19.161,-15.924999999999997,-15.038000000000004,-0.9849902534113061,0.6870032223415681,-15.831,1.2282958199356915,-31.111000000000004
SA_177,2023-06-30,148.917,62.678,44.762,0.439,44.323,43.104,59.845,17.571,86.239,4.753,7.548,42.274,27.121,-66.069,-54.294,-63.557,2.322,11.256,-44.821,-11.385,-56.206,-0.07698744251199341,0.08237203840574692,-0.002073347452903773,0.4025559105431309,-0.004916707826321254,-0.4644467913275766,-0.34760331839836045,0.38813398641175567,-0.16620903026201295,0.25309781175850254,0.8436736687835855,-36.79899999999999,0.7668403908794788,-5.514000000000003,-1.9399999999999977,-4.3629999999999995,29.155844155844157,0.4333375779956705,0.37400000000000233,-0.5892857142857143,16.709000000000003
SA_177,2024-06-30,69.741,126.835,52.863,10.514,42.349,24.447,36.769,84.369,-57.094,3.911,2.223,-47.6,27.384,-109.991,-96.631,-167.95,2.658,12.759,-40.346,-5.992,-46.338,-0.5316787203610065,1.0235967963240689,0.18097940217148478,22.949886104783598,-0.044536696523249875,-0.43283685968819596,-0.38559612331857296,3.801604917193102,-1.6620438548684469,-0.1771512728802861,-0.7054848966613673,-89.874,0.0096972825485786,-43.922,-42.337,-104.39299999999999,0.14470284237726094,0.13352878464818763,4.475000000000001,-0.473693456302152,9.868000000000002
SA_281,2019-12-31,65.917,61.0329,32.5323,24.3481,8.1842,,29.1874,31.3594,4.8841,7.3626,12.0077,-2.1721,30.8625,1.2565,1.8195,-3.0713,,0.3133,-7.4039,-1.7598,-9.1638,,,,,,,,,,,,,,,,,,,,,
SA_281,2020-12-31,127.0206,222.6465,82.1378,57.2479,24.8899,,57.6565,105.2261,-95.6259,8.6924,38.0733,-47.5695,23.4226,-72.518,-71.266,-97.3517,,0.7641,-27.0581,-2.8972,-29.9553,0.9269778661043433,2.647975108507051,1.524807652702084,1.3512265844152114,2.0412135578309423,,0.9753900655762417,2.355488306536477,-20.579021723551932,0.18061554342216057,2.170740441550006,-45.3974,-0.24106601863102473,-73.7745,-73.08550000000001,-94.2804,,1.4388764762208743,-19.6542,0.6463234458461189,-20.7915
SA_281,2021-12-31,590.6043,221.9225,75.287,17.7069,57.5801,241.702,400.2273,58.1165,368.6818,37.8991,115.979,342.1108,57.7102,-119.7519,-116.8137,-43.3253,2.7867,1.718,-130.9686,-19.825,-150.7936,3.649673360069154,-0.003251791517046021,-0.08340617839776565,-0.6906978247237017,1.3133921791570073,,5.94158160831823,-0.4476988123668938,-4.855459661033256,3.360027150154158,2.046202982142341,389.6803,1.4638682298293104,-47.233900000000006,-45.54769999999999,54.026399999999995,,1.2483968067006934,-103.91050000000001,5.8428137512080625,-120.8383
SA_281,2022-12-31,710.4109,273.2941,174.1936,5.2349,168.9587,88.267,323.498,81.0919,437.1168,25.6849,167.1919,242.4061,139.9145,-80.7643,-69.2718,17.7758,0.2846,5.0381,-119.5528,-129.5736,-249.1264,0.20285426299808518,0.23148441460419744,1.3137274695498555,-0.7043581880509858,1.9343245322602773,-0.6348106345830817,-0.19171430834428338,0.39533351113711235,0.18562077108227193,-0.3222820594684306,0.44157045672061335,-99.70469999999997,1.4244327692504966,38.9876,47.5419,61.1011,-0.8978720350235045,1.9325378346915016,11.415800000000004,5.535868852459017,-98.33279999999999
SA_281,2023-12-31,841.1213,482.2073,341.933,35.041,306.892,29.893,356.6948,145.7331,358.914,40.622,249.6068,210.9616,253.4956,-114.0786,-88.004,-103.7661,2.1416,10.8204,-110.0363,-78.292,-188.3283,0.18399267240972805,0.7644263085079406,0.9629481220894451,5.69372862900915,0.8163728769219933,-0.6613343605197866,0.10261825420868131,0.7971351022728537,-0.1789059583159467,0.5815518067035497,0.4929359616105804,-31.444500000000005,0.811789342777196,-33.31429999999999,-18.732200000000006,-121.5419,6.5249472944483475,1.1477144161489448,9.516500000000008,-0.39577197824248145,60.79809999999998
SA_213,2019-12-31,15.7461,16.2658,12.7373,11.0379,1.6994,0.1539,11.7803,14.5664,-0.5197,2.0714,7.9845,-2.7861,23.8295,-3.9529,-3.8665,-4.9863,,0.066,1.5772,-0.009,1.5681,,,,,,,,,,,,,,,,,,,,,
SA_213,2020-12-31,7.8219,7.8416,4.8873,4.3025,0.5848,0.0556,4.7297,7.2568,-0.0197,1.0825,1.8327,-2.5271,14.1114,-1.8035,-1.368,-4.445,0.8703,0.0334,4.5756,-0.0555,4.52,-0.5032484234191323,-0.5179087410394816,-0.6163001578042442,-0.6102066516275741,-0.6558785453689537,-0.6387264457439896,-0.5985076780727145,-0.5018123901581721,-0.9620935154897056,-0.4774065849184127,-0.7704677813263198,0.2589999999999999,-0.40781804066388305,2.1494,2.4985,0.5412999999999997,,-0.493939393939394,2.9983999999999997,5.166666666666667,2.9518999999999993
SA_213,2021-12-31,15.9454,7.0384,4.0802,3.8338,0.2464,1.1555,9.6315,6.7921,8.907,1.2312,2.1194,2.8395,9.9733,-2.7836,-2.3706,-2.6054,0.3205,0.1046,-4.833,0.0,-4.833,1.0385584065252687,-0.10242807590287695,-0.16514230761361082,-0.10893666472980823,-0.5786593707250342,19.782374100719426,1.0363870858616826,-0.06403648991290933,-453.1319796954315,0.1373672055427253,0.15643585966061013,5.3666,-0.29324517765778024,-0.9800999999999997,-1.0026,1.8396000000000003,-0.631736182925428,2.1317365269461077,-9.4086,-1.0,-9.353
SA_213,2022-12-31,8.6785,9.9242,6.6556,6.266,0.3896,0.0093,6.5213,9.5346,-1.2457,0.8134,4.8082,-3.0133,12.7671,-11.614,-10.8991,-13.195,1.6781,0.2315,-3.6188,-0.2968,-3.9156,-0.45573645063780155,0.4100079563537169,0.6311945492867999,0.634409724033596,0.5811688311688312,-0.9919515361315447,-0.32291958677256927,0.40377791846409794,-1.139856292803413,-0.3393437296946069,1.2686609417759742,-5.8528,0.2801279416040827,-8.830400000000001,-8.528500000000001,-10.5896,4.23588143525741,1.2131931166347996,1.2142000000000004,,0.9174000000000002
SA_213,2023-12-31,6.3625,3.7676,0.3906,0.301,0.0896,0.0242,4.0959,3.1967,2.5949,0.5342,2.6085,0.8992,6.1245,-4.2323,-4.0618,-4.4716,1.7719,0.0045,-3.5307,-0.1596,-3.6903,-0.2668663939620902,-0.6203623465871305,-0.9413125788809423,-0.9519629747845515,-0.7700205338809035,1.602150537634409,-0.3719197092604235,-0.6647263650284227,-3.083085815204303,-0.3432505532333415,-0.4574892891310678,3.9125,-0.5202904340061564,7.3817,6.837300000000001,8.723400000000002,0.055896549669268936,-0.980561555075594,0.08809999999999985,-0.46226415094339623,0.22529999999999983
SA_259,2019-12-31,174.202,71.174,16.324,1.701,14.623,85.451,139.899,35.801,103.028,0.408,0.0,104.098,22.27,-70.449,-67.23,-69.421,1.298,1.182,-25.244,-9.649,-34.893,,,,,,,,,,,,,,,,,,,,,
SA_259,2020-12-31,139.877,80.537,29.35,2.211,27.139,25.218,99.384,37.553,59.34,0.234,0.0,61.831,18.845,-100.842,-94.405,-104.916,1.705,3.917,-83.797,-7.392,-91.189,-0.1970413657707718,0.13155084721949017,0.7979661847586375,0.29982363315696636,0.8559119195787459,-0.7048835004856584,-0.2896017841442755,0.04893718052568352,-0.42404006677796324,-0.42647058823529405,,-42.266999999999996,-0.15379434216434673,-30.393,-27.174999999999997,-35.49499999999999,0.31355932203389836,2.313874788494078,-58.553,-0.23391024976681507,-56.29599999999999
SA_259,2021-12-31,192.362,126.7,45.055,,45.055,24.983,148.215,46.67,65.662,0.0,0.0,101.545,38.697,-80.074,-70.666,-83.009,3.369,5.893,-30.387,-3.996,-34.383,0.3752225169255845,0.5731899623775407,0.5350936967632027,,0.6601569696746381,-0.009318740582123897,0.49133663366336644,0.2427768753495061,0.10653859116953157,-1.0,,39.714,1.053435924648448,20.768,23.739000000000004,21.906999999999996,0.9759530791788857,0.5044677048761808,53.41,-0.4594155844155844,56.80599999999999
SA_259,2022-12-31,97.548,112.68,50.581,2.182,48.399,32.19,68.298,57.082,-15.132,0.0,0.0,11.216,19.754,-88.871,-78.877,-92.718,4.782,7.383,-89.024,-3.198,-92.222,-0.4928936068454268,-0.110655090765588,0.1226500943291533,,0.07422039729219843,0.28847616379137797,-0.5391964376075296,0.22309835011784873,-1.2304529255886205,,,-90.32900000000001,-0.48952115151045306,-8.796999999999997,-8.210999999999999,-9.709000000000003,0.4194122885129117,0.2528423553368404,-58.637,-0.1996996996996997,-57.83899999999999
SA_259,2023-12-31,35.383,31.171,12.23,2.488,9.742,11.523,16.772,17.321,4.212,0.0,0.0,-0.549,57.306,-10.466,-0.912,-8.124,2.654,6.645,-41.82,-0.2,-42.02,-0.6372760077090253,-0.7233670571529996,-0.758209604396908,0.14023831347387716,-0.7987148494803611,-0.642031686859273,-0.7544291194471288,-0.6965593356925125,-1.2783505154639174,,,-11.764999999999999,1.900982079578819,78.405,77.96499999999999,84.59400000000001,-0.4450020911752405,-0.09995936611133693,47.204,-0.9374609130706691,50.20199999999999
SA_258,2019-12-31,144.573,127.997,103.073,11.86,91.213,6.261,19.239,34.284,16.576,4.765,7.038,-15.045,32.344,-18.121,-11.479,-19.514,3.475,,-1.673,-36.56,-38.233,,,,,,,,,,,,,,,,,,,,,
SA_258,2020-12-31,546.201,107.297,83.762,28.201,55.561,377.581,402.383,50.486,438.904,6.605,13.642,351.897,47.333,-15.728,-7.499,-12.573,2.427,,-13.797,-38.268,-52.065,2.778029092569152,-0.16172254037204004,-0.18735265297410564,1.3778246205733562,-0.3908653371778146,59.30681999680562,19.914964395238837,0.4725819624314549,25.478281853281853,0.386149003147954,0.9383347541915315,366.942,0.46342443729903526,2.392999999999999,3.9799999999999995,6.940999999999999,-0.30158273381294964,,-12.124,0.046717724288840135,-13.832
SA_258,2021-12-31,838.597,338.332,287.321,3.694,283.627,286.487,340.358,43.475,500.265,17.149,24.573,296.883,58.749,-99.472,-87.318,-60.107,0.763,,-62.963,-185.411,-248.374,0.535326738691434,2.1532288880397403,2.4302070151142527,-0.8690117371724407,4.104785730998362,-0.24125684290258242,-0.15414418601183444,-0.13887018183258715,0.13980505987641934,1.5963663890991673,0.8012754728045741,-55.01400000000001,0.2411847970760359,-83.744,-79.819,-47.534,-0.6856201071281418,,-49.166,3.8450663739939372,-196.309
SA_258,2022-12-31,712.27,334.658,313.821,5.309,308.512,62.792,125.071,25.287,377.612,17.989,32.743,99.784,53.218,-187.434,-161.366,-179.758,1.723,,-61.837,-164.486,-226.323,-0.1506408918705886,-0.010859156095196387,0.09223133707595332,0.4371954520844614,0.08773847341755192,-0.7808207702269213,-0.6325310408452277,-0.41835537665324907,-0.24517605668995424,0.048982447956149144,0.33247873682497064,-197.099,-0.09414628334099306,-87.962,-74.04800000000002,-119.65100000000001,1.2581913499344695,,1.1259999999999977,-0.11285738170874438,22.050999999999988
SA_258,2023-12-31,698.131,420.111,408.068,4.705,403.363,59.17,108.038,15.723,278.02,15.227,25.27,92.315,46.684,-125.619,-83.561,-155.473,29.641,33.977,-47.264,-27.685,-74.949,-0.019850618445252488,0.2553442619031967,0.3003208835610107,-0.11376907138820869,0.30744671195934026,-0.05768250732577396,-0.13618664598508046,-0.3782180567089809,-0.2637416183807719,-0.1535382733892935,-0.22823198851662962,-7.469000000000008,-0.12277800744109146,61.815,77.805,24.284999999999997,16.2031340684852,,14.573,-0.8316878032172951,151.37400000000002
SA_175,2020-12-31,0.1165,0.0883,0.0,0.0,0.0,0.022,0.022,0.0883,0.0283,0.0,0.0,-0.0663,,,,,,,,,,,,,,,,,,,,,,,,,,,,,,
SA_175,2021-12-31,,,,,,,,,,,,,217.867,7.686,,2.521,5.047,,-8.234,-0.018,-8.252,,,,,,,,,,,,,,,,,,,,,
SA_175,2022-12-31,63.545,80.32,17.851,8.138,9.713,0.856,45.05,15.341,-16.775,34.698,0.0,29.709,309.17,11.878,11.955,11.466,6.614,,-8.943,0.0,-8.943,,,,,,,,,,,,,0.41907677619832295,4.192,,8.945,0.31048147414305527,,-0.7089999999999996,-1.0,-0.690999999999999
SA_175,2023-12-31,105.321,126.503,21.196,10.517,10.679,4.763,80.832,23.17,-21.182,73.498,0.0,57.662,420.582,18.987,19.115,-4.407,6.274,,-16.166,-0.024,-16.19,0.6574238728460147,0.574987549800797,0.18738446025432753,0.2923322683706069,0.09945433954493987,4.5642523364485985,0.7942730299667036,0.5103317906264262,0.26271236959761546,1.118220070321056,,27.953,0.3603583788854028,7.108999999999998,7.159999999999998,-15.873,-0.05140610825521619,,-7.223000000000001,,-7.247000000000002
SA_124,2019-12-31,72.08,127.948,99.757,0.0,99.757,29.007,31.261,10.394,-55.868,0.0,0.0,20.867,0.0,-173.66,-167.231,-182.36,9.522,4.729,-171.452,-22.144,-193.596,,,,,,,,,,,,,,,,,,,,,
SA_124,2020-12-31,753.47,181.615,20.649,0.444,20.205,702.422,708.885,27.868,571.855,0.0,0.0,681.017,2.55,-199.718,-190.893,-89.818,10.479,7.125,-107.054,-7.558,-114.612,9.453246392896782,0.4194438365586022,-0.7930070070270758,,-0.7974578225086961,23.215603130278897,21.676337929048977,1.6811622089667115,-11.235823727357342,,,660.1500000000001,,-26.057999999999993,-23.662000000000006,92.54200000000002,0.10050409577819774,0.5066610277014167,64.398,-0.6586885838150289,78.98400000000001
SA_124,2021-12-31,523.074,179.075,14.614,0.788,13.826,224.721,291.306,136.192,343.999,0.0,0.0,155.114,0.0,-449.902,-439.681,-346.768,0.0,8.921,-300.816,-136.594,-437.41,-0.30577992488088457,-0.013985628940340944,-0.29226596929633397,0.7747747747747749,-0.3157139321950011,-0.6800769338090208,-0.5890645168116126,3.8870388976604,-0.3984506561978124,,,-525.903,-1.0,-250.184,-248.78799999999998,-256.95,-1.0,0.25207017543859633,-193.76199999999997,17.072770574225984,-322.798
SA_124,2022-12-31,496.472,259.899,75.615,37.007,38.608,36.589,52.319,218.278,236.573,0.0,2.954,-165.959,0.0,-506.801,-494.747,-487.694,2.249,11.554,-400.475,-97.27,-497.745,-0.050857048907038016,0.4513416166410722,4.174148077186259,45.963197969543145,1.7924200781136985,-0.8371803258262468,-0.8203984813220462,0.602722626879699,-0.3122857915284638,,,-321.073,,-56.899,-55.06600000000003,-140.92600000000004,,0.29514628404887366,-99.65900000000005,-0.2878896584037366,-60.33499999999998
SA_124,2023-12-31,542.005,292.429,89.988,54.266,35.722,6.394,32.551,184.447,249.576,0.0,6.153,-151.896,0.886,-267.819,-253.376,-302.021,5.537,13.843,-251.134,-67.064,-318.198,0.09171312782996832,0.12516400601772215,0.19008133306883557,0.4663712270651499,-0.07475134687111473,-0.8252480253628139,-0.37783596781284046,-0.1549904250542885,0.05496400688159664,,1.082938388625592,14.063000000000017,,238.98199999999997,241.371,185.673,1.4619831036016007,0.19811320754716988,149.34100000000004,-0.3105376786265036,179.54700000000003
SA_260,2019-12-31,23.825,16.93,13.824,9.689,4.135,10.943,16.624,12.788,6.895,1.458,3.912,3.836,9.131,-19.359,-17.507,-19.45,1.48,0.89,-17.264,-0.088,-17.352,,,,,,,,,,,,,,,,,,,,,
SA_260,2020-12-31,33.195,20.119,17.053,4.396,12.657,22.185,27.895,7.462,13.076,1.484,3.876,20.433,8.761,-17.404,-15.207,-19.006,1.692,0.896,-14.835,0.0,-14.835,0.3932843651626443,0.18836385115180154,0.23357928240740744,-0.5462896067705646,2.0609431680773884,1.0273234030887326,0.6779956689124158,-0.4164842039411949,0.8964467005076144,0.017832647462277196,-0.00920245398773012,16.597,-0.04052130106231533,1.9550000000000018,2.3000000000000007,0.44399999999999906,0.1432432432432431,0.006741573033707926,2.4289999999999985,-1.0,2.5169999999999995
SA_260,2021-12-31,29.485,19.762,15.466,0.985,14.481,19.497,25.791,4.706,9.723,1.393,4.601,21.085,10.13,-18.101,-16.114,-17.412,1.651,0.687,-15.697,-0.034,-15.731,-0.11176381985238748,-0.01774442069685367,-0.09306280419867485,-0.7759326660600546,0.14410997866793074,-0.1211629479377958,-0.07542570353109879,-0.3693379790940766,-0.25642398286937895,-0.06132075471698106,0.18704850361197112,0.652000000000001,0.1562607008332384,-0.6969999999999992,-0.907,1.5940000000000012,-0.024231678486997588,-0.2332589285714285,-0.8619999999999983,,-0.895999999999999
SA_260,2022-12-31,24.195,20.049,16.359,15.257,1.102,14.603,20.987,17.946,4.146,1.057,4.965,3.041,8.273,-15.957,-14.461,-17.623,1.665,0.196,-16.76,-0.051,-16.811,-0.17941326098015942,0.014522821576763434,0.057739557739557856,14.489340101522842,-0.9239002831296181,-0.2510129763553367,-0.1862665270830911,2.8134296642583934,-0.5735883986423944,-0.24120603015075381,0.0791132362529885,-18.044,-0.18331688055281348,2.1439999999999984,1.6530000000000005,-0.21100000000000207,0.008479709267110946,-0.7147016011644833,-1.0630000000000024,0.4999999999999998,-1.08
SA_260,2023-12-31,13.77,19.972,15.395,15.395,0.0,5.275,12.162,19.3,-6.202,1.014,5.298,-7.138,7.652,-16.635,-15.046,-18.32,1.719,0.289,-14.432,-0.008,-14.44,-0.43087414755114695,-0.003840590553144674,-0.05892780732318614,0.009045028511502906,-1.0,-0.6387728548928302,-0.4204984037737646,0.07544856792600019,-2.4958996623251326,-0.04068117313150421,0.06706948640483379,-10.179,-0.07506345944639181,-0.6780000000000008,-0.5849999999999991,-0.6969999999999992,0.032432432432432545,0.47448979591836715,2.328000000000001,-0.8431372549019608,2.3710000000000004
SA_261,2019-12-31,22.66,1.574,0.415,0.085,0.33,20.426,21.99,1.244,21.086,0.0,0.0,20.746,0.0,-8.693,-8.349,-8.599,0.0,0.134,-8.361,0.0,-8.361,,,,,,,,,,,,,,,,,,,,,
SA_261,2020-12-31,16.475,1.405,0.33,0.094,0.236,13.755,15.956,1.169,15.07,0.0,0.0,14.787,0.0,-10.908,-10.642,-10.882,0.0,0.072,-10.96,0.0,-10.96,-0.27294792586054717,-0.10736975857687425,-0.20481927710843362,0.10588235294117632,-0.2848484848484849,-0.32659355723098005,-0.27439745338790356,-0.060289389067524124,-0.2853077871573555,,,-5.958999999999998,,-2.215,-2.2929999999999993,-2.2829999999999995,,-0.4626865671641792,-2.599,,-2.599
SA_261,2021-12-31,26.568,1.111,0.235,0.082,0.153,23.774,26.14,0.958,25.457,0.0,0.0,25.182,0.0,-10.443,-10.165,-10.44,0.0,0.076,-9.917,-0.07,-9.987,0.6126251896813353,-0.20925266903914597,-0.28787878787878796,-0.12765957446808507,-0.35169491525423724,0.7283896764812796,0.6382552018049636,-0.18049615055603085,0.6892501658925017,,,10.394999999999998,,0.46499999999999986,0.4770000000000003,0.44200000000000017,,0.05555555555555558,1.043000000000001,,0.9730000000000008
SA_261,2022-12-31,15.971,1.797,0.221,0.108,0.113,10.384,15.615,1.684,14.174,0.0,0.0,13.931,0.0,-13.901,-13.608,-13.868,0.0,0.088,-15.103,-0.021,-15.124,-0.3988632941884974,0.6174617461746175,-0.05957446808510636,0.31707317073170715,-0.261437908496732,-0.5632203247244889,-0.4026396327467483,0.7578288100208768,-0.44321797540951413,,,-11.251,,-3.458,-3.4430000000000014,-3.428000000000001,,0.1578947368421053,-5.186,-0.7,-5.1370000000000005
SA_261,2023-12-31,3.22,2.779,0.113,0.103,0.01,1.052,3.042,1.906,0.441,0.0,0.0,1.136,0.0,-15.843,-15.552,-16.078,,0.082,-11.535,0.0,-11.535,-0.7983845720368168,0.5464663327768504,-0.4886877828054299,-0.04629629629629639,-0.911504424778761,-0.8986902927580893,-0.8051873198847262,0.13182897862232767,-0.9688866939466629,,,-12.795,,-1.9420000000000002,-1.943999999999999,-2.209999999999999,,-0.06818181818181812,3.5679999999999996,-1.0,3.5890000000000004
SA_170,2019-12-31,6.12,15.331,11.892,0.0,11.892,2.274,2.654,2.227,-9.211,0.0,0.0,0.427,0.0,-17.339,-16.545,-17.945,,0.8,-15.679,-0.885,-16.564,,,,,,,,,,,,,,,,,,,,,
SA_170,2020-12-31,28.083,17.486,11.732,3.0,8.732,22.951,24.003,7.699,-37.92,0.0,0.0,16.304,0.0,-28.645,-27.499,-29.447,,1.1,-26.133,-1.808,-27.941,3.5887254901960777,0.14056486856695583,-0.01345442314160783,,-0.2657248570467542,9.092788038698329,8.044084400904296,2.457117198024248,3.1168168494191724,,,15.876999999999999,,-11.306000000000001,-10.953999999999997,-11.501999999999999,,0.375,-10.453999999999999,1.0429378531073445,-11.376999999999999
SA_170,2021-12-31,233.333,32.705,19.869,0.0,19.869,186.482,229.286,11.983,200.628,0.257,0.0,217.303,0.144,-66.032,-64.645,-68.28,,1.387,-57.609,-1.467,-59.076,7.308692091300788,0.8703534255976209,0.6935731333106037,-1.0,1.2754237288135593,7.125223301816915,8.55238928467275,0.5564359007663333,-6.290822784810126,,,200.999,,-37.387,-37.146,-38.833,,0.26090909090909076,-31.476000000000003,-0.18860619469026552,-31.135
SA_170,2022-12-31,145.998,40.027,21.056,3.333,17.723,70.615,137.59,21.964,105.971,0.618,0.0,115.626,2.073,-102.766,-97.382,-102.701,,1.564,-98.515,-1.38,-99.895,-0.3742933918477027,0.2238801406512767,0.05974130555136137,,-0.10800744878957169,-0.6213307450585044,-0.39991975087881504,0.8329299841442042,-0.47180353689415233,1.404669260700389,,-101.67699999999999,13.395833333333334,-36.73400000000001,-32.73700000000001,-34.42099999999999,,0.12761355443403022,-40.906,-0.059304703476482756,-40.818999999999996
SA_170,2023-12-31,204.366,146.35,128.428,15.3,113.128,68.443,89.884,26.806,58.016,1.006,0.0,63.078,3.094,-100.261,-87.069,-97.428,,1.568,-91.51,-2.869,-94.379,0.3997862984424445,2.6562820096434905,5.099354103343464,3.5904590459045904,5.38311798228291,-0.030758337463711594,-0.34672577948978855,0.22045164815152085,-0.4525294656085156,0.6278317152103561,,-52.548,0.4925229136517124,2.5050000000000097,10.313000000000002,5.272999999999996,,0.002557544757033181,7.0049999999999955,1.0789855072463772,5.515999999999991
SA_204,2019-12-31,239.1584,234.1584,233.4254,0.0,233.4254,0.7516,0.7751,0.733,5.0,0.0,0.0,0.0421,0.0,-0.9102,-0.9102,2.7305,,0.0,-2.3577,0.0,-2.3577,,,,,,,,,,,,,,,,,,,,,
SA_204,2020-12-31,1053.713,66.237,18.056,4.1,13.956,840.913,896.917,52.273,987.476,0.0,0.0,844.644,0.095,-382.735,-376.727,-384.314,,6.0,-150.533,-22.324,-172.857,3.405920929392402,-0.7171273804399074,-0.9226476638789095,,-0.9402121620012218,1117.8304949441192,1156.1629467165528,70.31377899045022,196.4952,,,844.6019,,-381.82480000000004,-375.8168,-387.0445,,,-148.1753,,-170.4993
SA_204,2021-12-31,989.819,296.247,25.187,0.14,25.047,497.241,524.729,180.609,693.572,0.0,11.597,344.12,0.0,-693.526,-685.295,-690.438,,8.2,-307.154,-179.269,-486.423,-0.06063700457335153,3.472530458807012,0.3949379707576428,-0.9658536585365853,0.7947119518486674,-0.40868912717486827,-0.4149637034419015,2.455110668987814,-0.2976315373740729,,,-500.524,-1.0,-310.79099999999994,-308.568,-306.12399999999997,,0.3666666666666665,-156.621,7.030326106432538,-313.56600000000003
SA_204,2022-12-31,1236.658,710.179,359.873,63.654,296.219,225.85,436.926,383.59,526.479,31.638,111.87,53.336,49.725,-702.635,-678.688,-784.238,,14.4,-581.563,-168.257,-749.82,0.24937791656858477,1.3972529679625447,13.28804542025648,453.6714285714286,10.826526130873956,-0.5457936895790975,-0.16733018377105147,1.123869796078822,-0.24091658832824847,,8.646460291454687,-290.784,,-9.109000000000037,6.606999999999971,-93.80000000000007,,0.75609756097561,-274.409,-0.06142724062721383,-263.39700000000005
SA_204,2023-12-31,1274.857,555.683,284.861,10.817,274.044,464.715,572.412,260.105,719.174,17.974,62.588,312.307,35.839,-649.829,-611.317,-966.282,,28.9,-496.178,-120.516,-616.694,0.030888895717328557,-0.2175451541090344,-0.20844019973712946,-0.830065667515003,-0.07486015414271197,1.05762674341377,0.31008912264319366,-0.3219192366850021,0.3660070012289187,-0.43188570706112905,-0.440529185661929,258.971,-0.27925590749120166,52.80600000000004,67.37099999999998,-182.04399999999998,,1.0069444444444442,85.38499999999999,-0.2837385665975264,133.1260000000001
SA_66,2020-03-31,0.3886,7.3491,3.0832,3.0832,0.0,0.0483,0.061,7.3491,-6.9605,0.0,0.0,-7.2881,0.1,-7.8379,-7.7612,-9.6039,1.4974,0.0364,-1.0443,-0.0266,-1.0709,,,,,,,,,,,,,,,,,,,,,
SA_66,2021-03-31,17.5216,0.9345,0.4385,0.4385,0.0,15.2969,15.6426,0.9345,16.587,0.0,0.0,14.708,0.0,-19.3522,-19.2494,-40.7551,3.1963,0.0424,-6.5844,-0.1589,-6.7432,44.089037570766855,-0.8728415724374413,-0.8577776336274001,-0.8577776336274001,,315.7060041407868,255.43606557377052,-0.8728415724374413,-3.3830184613174343,,,21.9961,-1.0,-11.514299999999999,-11.488200000000003,-31.1512,1.1345665820755975,0.1648351648351647,-5.5401,4.973684210526317,-5.6723
SA_66,2022-12-31,6.59,6.06,3.602,2.236,1.366,0.821,1.411,4.694,0.53,0.0,0.0,-3.283,0.0,-15.108,-13.351,-14.315,0.007,0.3,-11.14,-0.751,-11.891,,,,,,,,,,,,,,,,,,,,,
SA_66,2023-12-31,9.527,4.85,2.156,1.084,1.072,1.059,1.87,3.778,4.677,0.083,0.0,-1.908,0.153,-19.308,-17.369,-28.984,9.417,0.5,-16.158,-2.173,-18.331,0.4456752655538694,-0.1996699669966997,-0.40144364242087727,-0.5152057245080501,-0.2152269399707174,0.28989037758830705,0.32530120481927716,-0.1951427354069024,7.824528301886792,,,1.375,,-4.199999999999999,-4.017999999999999,-14.669000000000002,1344.2857142857142,0.6666666666666667,-5.018000000000001,1.893475366178429,-6.4399999999999995
SA_169,2019-12-31,113.738,67.796,9.031,3.341,5.69,26.316,95.046,58.622,45.942,21.556,33.921,36.424,181.712,-12.064,-7.624,-12.348,,1.548,-2.217,-0.991,-3.208,,,,,,,,,,,,,,,,,,,,,
SA_169,2020-12-31,132.733,75.853,22.376,2.63,19.746,47.047,106.296,54.358,56.88,21.962,28.508,51.938,147.683,-22.828,-18.159,-23.877,,1.394,-16.934,-1.279,-18.213,0.16700662927078036,0.11884181957637607,1.4776879636806557,-0.21281053576773434,2.4702987697715284,0.7877716978264173,0.11836373966290004,-0.07273719763911168,0.23808280005223992,0.018834663202820456,-0.1595766634238378,15.514000000000003,-0.18726886501717,-10.764,-10.535,-11.528999999999998,,-0.09948320413436706,-14.717,0.29061553985872846,-15.005
SA_169,2021-12-31,280.293,223.724,151.429,2.973,148.456,164.164,249.661,73.9,56.569,31.449,39.503,175.761,231.27,1.83,6.716,2.062,,1.344,1.235,-1.015,0.22,1.1117054538057602,1.9494416832557713,5.767474079370754,0.13041825095057025,6.518282183733414,2.4893617021276597,1.348733724693309,0.3595055005702934,-0.005467651195499301,0.4319734086148803,0.3856812122912867,123.823,0.5659893149516195,24.658,24.875,25.939,,-0.035868005738880826,18.169,-0.20641125879593436,18.433
SA_169,2022-12-31,520.988,536.169,431.931,3.295,428.636,145.924,451.24,105.839,-15.181,45.562,63.628,345.401,252.399,-38.19,-32.009,-82.34,,2.621,-66.995,-22.698,-89.693,0.8587264041556515,1.3965645169941534,1.852366455566635,0.10830810628994292,1.8872932047205908,-0.11110840379133047,0.8074108491113952,0.43219215155615687,-1.2683625307147024,0.44875830710038467,0.6107131103966787,169.64000000000001,0.09136074717862241,-40.019999999999996,-38.725,-84.402,,0.9501488095238093,-68.23,21.362561576354683,-89.913
SA_169,2023-12-31,346.291,518.121,431.912,3.266,428.646,143.612,269.185,87.747,-171.83,43.121,62.6,181.438,212.369,-156.23,-144.057,-162.833,11.78,6.175,-137.87,-33.01,-170.88,-0.33531866376960706,-0.03366102851899311,-4.3988507423597945e-05,-0.008801213960546228,2.3329818307438188e-05,-0.0158438639291687,-0.40345492420884677,-0.17093887886317893,10.318753705289508,-0.053575347877617197,-0.016156409128056826,-163.96300000000002,-0.15859809270242753,-118.03999999999999,-112.04799999999999,-80.493,,1.3559710034338037,-70.875,0.4543131553440831,-81.187
SA_279,2019-12-31,8.915,2.115,0.0,0.0,0.0,8.745,8.915,2.115,6.8,0.0,0.0,6.8,0.0,-26.265,-26.265,-25.908,0.0,0.0,-26.259,0.0,-26.259,,,,,,,,,,,,,,,,,,,,,
SA_279,2020-12-31,3.245,0.886,0.0,0.0,0.0,3.132,3.245,0.886,2.359,0.0,0.0,2.359,0.0,-5.213,-5.213,-5.151,0.0,0.0,-4.613,0.0,-4.613,-0.6360067302299495,-0.5810874704491726,,,,-0.641852487135506,-0.6360067302299495,-0.5810874704491726,-0.6530882352941176,,,-4.441,,21.052,21.052,20.757,,,21.646,,21.646
SA_279,2021-12-31,3.96,0.509,0.0,0.0,0.0,3.763,3.96,0.509,3.451,0.0,0.0,3.451,0.0,-3.738,-3.738,-3.731,0.0,,-3.75,0.0,-3.75,0.22033898305084731,-0.4255079006772009,,,,0.2014687100893997,0.22033898305084731,-0.4255079006772009,0.4629080118694362,,,1.092,,1.475,1.475,1.42,,,0.8630000000000004,,0.8630000000000004
SA_279,2022-12-31,6.845,3.579,0.0,0.0,0.0,6.708,6.845,3.579,3.266,0.0,0.0,3.266,0.0,-8.043,-8.043,-3.603,0.0,,-7.596,0.0,-7.596,0.7285353535353536,6.0314341846758355,,,,0.7826202498006911,0.7285353535353536,6.0314341846758355,-0.05360764995653433,,,-0.18500000000000005,,-4.305,-4.305,0.12799999999999967,,,-3.846,,-3.846
SA_279,2023-12-31,1.85,1.196,0.0,0.0,0.0,1.783,1.85,1.196,0.654,0.0,0.0,0.654,0.0,-14.54,-14.54,-10.488,0.0,0.0,-9.451,0.0,-9.451,-0.7297297297297297,-0.6658284436993573,,,,-0.7341979725700656,-0.7297297297297297,-0.6658284436993573,-0.799755052051439,,,-2.612,,-6.497,-6.497,-6.885,,,-1.8550000000000004,,-1.8550000000000004
SA_228,2019-12-31,20.4181,12.4808,8.3815,2.5452,5.8363,0.3737,2.5776,6.0656,7.9373,1.2583,0.0,-3.4881,15.126,-6.1856,-3.5907,-6.4972,0.8977,1.5529,-4.0687,-1.2002,-5.269,,,,,,,,,,,,,,,,,,,,,
SA_228,2020-12-31,19.746,11.9329,9.1374,3.6237,5.5137,2.624,4.7574,5.9504,7.8132,1.5137,0.0,-1.193,12.8352,-6.4725,-3.5139,-5.0037,0.5631,1.7225,-5.9934,-0.126,-6.1194,-0.032916872774646055,-0.04389942952374848,0.09018672075404144,0.4237388024516737,-0.05527474598632687,6.021675140487022,0.8456703910614525,-0.018992350303350003,-0.015635039623045577,0.20297226416593817,,2.2951,-0.1514478381594605,-0.28690000000000015,0.07679999999999998,1.4935,-0.372730310794252,0.10921501706484649,-1.9247000000000005,-0.8950174970838194,-0.8503999999999996
SA_228,2021-12-31,27.2292,9.2761,5.9046,1.7517,4.1529,7.119,9.0675,4.9339,17.9531,1.2093,0.0,4.1336,14.3858,-10.0984,-7.1153,-10.5422,0.5041,1.6492,-7.591,-0.6944,-8.2853,0.37897295654816165,-0.22264495638109771,-0.353798673583295,-0.5165990562132627,-0.24680341694325048,1.7130335365853657,0.9059780552402577,-0.1708288518418929,1.297790917933753,-0.20109665059126647,,5.326600000000001,0.12080840189478925,-3.6258999999999997,-3.6014000000000004,-5.538499999999999,-0.10477712662049377,-0.04255442670537002,-1.5976,4.511111111111111,-2.1658999999999997
SA_228,2022-12-31,11.0816,6.4304,4.1561,1.4396,2.7165,0.7632,4.2079,3.7138,4.6513,2.8812,0.0,0.4941,16.1857,-18.2803,-15.0312,-18.3128,0.0142,0.8674,-10.2945,-0.3314,-10.6259,-0.5930251347817783,-0.30677763284138804,-0.29612505504183173,-0.17816977793001088,-0.34587878350068624,-0.8927939317319848,-0.535936035290874,-0.24728916273130797,-0.7409193955361469,1.3825353510295213,,-3.6395000000000004,0.1251164342615636,-8.1819,-7.9159,-7.7706,-0.971830985915493,-0.4740480232840165,-2.703499999999999,-0.5227534562211982,-2.3406000000000002
SA_228,2023-12-31,1.1441,1.8968,0.4508,0.1064,0.3444,0.2215,1.1441,1.5524,-0.7526,0.7311,0.0,-0.4082,0.0,-6.3755,-5.0388,-9.4186,0.125,0.2825,-2.7902,0.0,-2.7902,-0.8967567860236789,-0.7050261259019657,-0.8915329275041506,-0.9260905807168658,-0.8732192159028161,-0.7097746331236897,-0.7281066565270088,-0.5819914911950024,-1.1618042267753101,-0.7462515618492296,,-0.9023,-1.0,11.904800000000002,9.9924,8.8942,7.80281690140845,-0.6743140419644915,7.504299999999999,-1.0,7.835699999999999
SA_284,2020-12-31,0.032,0.0093,0.0,0.0,0.0,,0.0,0.0093,0.0227,0.0,0.0,-0.0093,,,,,,,,,,,,,,,,,,,,,,,,,,,,,,
SA_284,2021-12-31,534.897,283.45,162.919,8.732,154.187,78.94,283.358,71.682,251.447,22.128,37.004,211.676,90.945,-118.422,-103.963,-126.247,4.481,6.035,-117.75,-31.49,-149.24,16714.53125,30477.494623655915,,,,,,7706.741935483872,11075.960352422908,,,211.68529999999998,,,,,,,,,
SA_284,2022-12-31,500.92,307.018,187.637,5.924,181.713,25.053,300.728,92.517,193.902,28.591,62.11,208.211,381.233,-125.007,-91.845,-127.905,21.444,14.788,-93.396,-16.486,-109.882,-0.06352064042236172,0.08314693949550178,0.15171956616478122,-0.32157581310123673,0.17852348122734063,-0.6826323790220421,0.061300545599559664,0.2906587427806142,-0.2288553850314381,0.2920733911785973,0.6784671927359205,-3.464999999999975,3.191907196657321,-6.585000000000008,12.117999999999995,-1.6580000000000013,3.785538942200402,1.4503728251864128,24.354,-0.47646872022864395,39.358000000000004
SA_284,2023-12-31,274.764,188.721,142.979,59.748,83.231,8.934,174.754,104.299,-0.571,6.81,14.86,70.455,473.336,-104.484,-63.938,-115.312,35.064,13.892,-73.131,-11.76,-84.891,-0.45148127445500275,-0.385309656111368,-0.23800209979908005,9.085752869682645,-0.5419645264785679,-0.6433960004789846,-0.4188968104067463,0.12734956818746834,-1.002944786541655,-0.7618131579867791,-0.7607470616647882,-137.75600000000003,0.2415924119895183,20.52300000000001,27.906999999999996,12.593000000000004,0.6351426972579743,-0.060589667297809124,20.265,-0.2866674754337014,24.991
SA_43,2019-12-31,117.8962,63.9232,0.7285,0.432,0.2965,3.6957,40.9726,30.6878,53.973,10.005,0.0,10.2848,18.7792,-31.5168,-25.4801,-31.5132,0.1021,0.3949,-18.2635,-0.1313,-18.3948,,,,,,,,,,,,,,,,,,,,,
SA_43,2020-12-31,129.1829,76.4888,0.3365,0.3365,0.0,0.0718,12.0491,73.6131,52.6941,3.9809,0.0,-61.564,18.2638,-40.2509,-34.2005,-39.8656,3.6257,0.14,-15.8238,-0.034,-15.8578,0.09573421365574131,0.1965733880656788,-0.5380919698009609,-0.22106481481481477,-1.0,-0.9805720161268501,-0.7059229826762276,1.3987741056706575,-0.02369518092379519,-0.6021089455272364,,-71.8488,-0.027445258583965182,-8.734100000000002,-8.720399999999998,-8.3524,34.51126346718903,-0.6454798683210938,2.4397,-0.7410510281797411,2.537000000000001
SA_43,2021-12-31,265.1889,111.3409,4.5112,1.4468,3.0644,16.4439,57.726,101.7085,153.848,14.4757,0.0,-43.9825,145.068,-65.6186,-50.9593,-68.8013,4.1224,0.7565,-53.788,-1.5418,-55.3298,1.0528173620502406,0.4556497160368578,12.406240713224367,3.299554234769688,,228.02367688022284,3.790897245437419,0.381663046387124,1.9196437551832184,2.6362882765203848,,17.5815,6.94292534959866,-25.3677,-16.7588,-28.935699999999997,0.13699423559588486,4.403571428571428,-37.9642,44.34705882352941,-39.472
SA_43,2022-12-31,233.6372,99.3277,2.8139,1.6654,1.1485,1.2649,44.8257,94.8316,134.3095,7.3569,0.0,-50.0059,93.5932,-60.542,-41.7924,-52.5397,3.3631,1.9052,-17.8705,-0.4249,-18.2954,-0.11897820760974531,-0.1078956609835201,-0.37624135485015076,0.15109206524744256,-0.6252121133011356,-0.923077858658834,-0.22347469078058413,-0.06761381792082277,-0.12699872601528783,-0.49177587266937006,,-6.023399999999995,-0.3548322166156562,5.076599999999999,9.166899999999998,16.261599999999994,-0.18418882204541032,1.5184401850627895,35.9175,-0.7244130237384875,37.0344
SA_43,2023-12-31,53.6377,106.6617,0.7928,0.7303,0.0625,0.084,7.1487,100.7405,-53.024,3.3495,0.0,-93.5917,10.2362,-181.2943,-165.329,-181.3313,3.5003,1.3368,-0.4208,-0.0284,-0.4493,-0.7704231175514857,0.07383640213153031,-0.7182558015565585,-0.5614867299147352,-0.9455811928602526,-0.9335915882678473,-0.84052228966865,0.062309398976712504,-1.3947896463020113,-0.5447131264527179,,-43.585800000000006,-0.8906309432736567,-120.75229999999999,-123.5366,-128.7916,0.040795694448574116,-0.2983413814822591,17.4497,-0.933160743704401,17.8461
SA_141,2020-12-31,0.4654,4.6815,0.5656,0.544,0.0216,0.0548,0.0731,3.6599,-4.2161,0.0,0.0,-3.5868,,-4.1957,,-4.3397,0.1479,,-1.3849,,,,,,,,,,,,,,,,,,,,,,,
SA_141,2021-12-31,39.5724,2.0877,0.0,0.0,0.0,36.842,39.5724,2.0877,37.4847,0.0,0.0,37.4847,0.0,-12.0255,,-12.0561,0.0928,0.0,-14.5426,,,84.02879243661367,-0.5540531880807433,-1.0,-1.0,-1.0,671.2992700729926,540.3461012311902,-0.42957457854039727,-9.890846991295271,,,41.0715,,-7.829799999999999,,-7.716400000000001,-0.37254901960784315,,-13.1577,,
SA_141,2022-12-31,19.6736,3.0946,0.0,0.0,0.0,18.9953,19.6736,3.0946,16.5791,0.0,0.0,16.5791,0.0,-21.8451,,-21.6507,0.0,,-17.8467,,,-0.5028454175132163,0.4823010969008956,,,,-0.48441181260517885,-0.5028454175132163,0.4823010969008956,-0.5577102124333394,,,-20.905599999999996,,-9.8196,,-9.5946,-1.0,,-3.3040999999999983,,
SA_141,2023-12-31,9.6283,7.694,0.0,0.0,0.0,9.1415,9.6283,7.694,1.9343,0.0,0.0,1.9343,0.0,-15.6898,,-15.1895,0.0,,-9.8538,,,-0.5105979586857515,1.4862663995346734,,,,-0.5187493748453564,-0.5105979586857515,1.4862663995346734,-0.883329010621807,,,-14.6448,,6.155299999999999,,6.4612,,,7.992899999999999,,
SA_141,2024-12-31,1.5556,2.4694,0.0,0.0,0.0,1.5131,1.5556,2.4694,-0.9138,0.0,0.0,-0.9138,0.0,-12.0799,-12.0799,-12.0672,0.1038,0.0,-16.7129,,,-0.8384346146256348,-0.6790486093059527,,,,-0.8344801181425368,-0.8384346146256348,-0.6790486093059527,-1.472418962932327,,,-2.8480999999999996,,3.6098999999999997,,3.122300000000001,,,-6.8591000000000015,,
SA_196,2020-12-31,124.1946,8.7007,1.8488,0.3869,1.4619,10.9319,113.7942,3.6569,115.4939,0.1772,0.0,110.1373,2.948,-26.1244,-25.3562,-26.0497,0.0,0.3332,-22.0214,-0.338,-22.3593,,,,,,,,,,,,,,,,,,,,,
SA_196,2021-12-31,120.9612,8.9277,1.9272,0.6109,1.3163,8.0539,99.3314,4.7207,112.0336,0.066,0.0,94.6106,2.1128,-35.419,-34.3372,-35.0715,0.0,0.6077,-38.1289,-1.9047,-40.0336,-0.026034948379398015,0.026089854839265847,0.04240588489831243,0.5789609718273454,-0.09959641562350363,-0.2632662208765173,-0.1270961085890142,0.2909021302195849,-0.029960889709326533,-0.6275395033860045,,-15.526699999999991,-0.28331071913161465,-9.294599999999996,-8.981000000000002,-9.021799999999999,,0.8238295318127251,-16.1075,4.635207100591716,-17.6743
SA_196,2022-12-31,104.3969,31.9602,9.3913,0.7914,8.5999,8.4346,50.0543,18.0373,72.4367,0.0815,0.0,32.0169,6.3832,-45.6887,-41.6722,-43.4347,0.0,1.0844,-5.7004,-20.118,-25.8184,-0.13693895232520847,2.5798917974394304,3.8730282274802814,0.29546570633491576,5.53338904505052,0.047269024944436744,-0.49608784332044054,2.8208952062194164,-0.35343771868439466,0.23484848484848486,,-62.593700000000005,2.021204089360091,-10.2697,-7.334999999999994,-8.363199999999999,,0.7844331084416654,32.4285,9.562293274531422,14.2152
SA_196,2023-12-31,51.0376,22.7433,14.042,1.4289,12.6132,0.1849,4.7609,10.1001,28.2943,0.3752,0.9092,-5.3393,6.9948,-42.0322,-33.2271,-45.2172,0.7768,5.383,-31.5326,-1.9856,-33.5182,-0.5111195830527535,-0.2883868060900745,0.4952136551915072,0.8055344958301744,0.46666821707229156,-0.9780783913878548,-0.9048852945700969,-0.4400436872480914,-0.6093927525687945,3.603680981595091,,-37.3562,0.09581401178092475,3.656499999999994,8.445099999999996,-1.7824999999999989,,3.9640354112873473,-25.8322,-0.9013023163336316,-7.6998
SA_196,2024-12-31,39.1777,37.5002,12.5332,1.42,11.1131,1.028,3.261,24.2891,1.6775,0.1435,0.1987,-21.0281,6.243,-33.6003,-25.2104,-32.8078,0.9532,7.1541,-26.0066,-0.8752,-26.8818,-0.2323757386710973,0.6488460337769804,-0.10744908132744613,-0.006228567429491294,-0.11893096121523494,4.559762033531639,-0.31504547459513965,1.4048375758655856,-0.9407124403148337,-0.6175373134328359,-0.7814562252529696,-15.688799999999999,-0.10747984216846795,8.431900000000006,8.0167,12.409399999999998,0.22708547888774455,0.3290172766115549,5.526,-0.5592264302981467,6.636400000000002
SA_291,2022-12-31,101.2406,3.8329,0.0,0.0,0.0,0.5466,0.7151,0.3433,-2.7979,0.0,0.0,0.3718,,,,,,,,,,,,,,,,,,,,,,,,,,,,,,
SA_291,2023-12-31,54.1397,6.2556,0.0,0.0,0.0,0.0183,0.0641,2.8344,47.884,0.0,0.0,-2.7703,0.0,-1.2496,-1.2496,1.3369,,0.0,-2.5798,0.0,-2.5798,-0.4652372664721466,0.632080148190665,,,,-0.9665203073545554,-0.9103621871066984,7.25633556655986,-18.114264269630795,,,-3.1421,,,,,,,,,
SA_291,2024-12-31,13.5551,7.0314,0.0,0.0,0.0,0.0526,13.5504,7.0314,6.5236,0.0,0.0,6.519,0.0,-2.5022,-2.5002,-2.5024,,0.002,-1.2273,0.0,-1.2273,-0.7496273529406332,0.12401688087473617,,,,1.8743169398907105,210.3946957878315,1.4807366638441999,-0.8637624258625011,,,9.2893,,-1.2526000000000002,-1.2506,-3.8393,,,1.3525,,1.3525
SA_273,2020-12-31,63.192,5.505,0.0,0.0,0.0,61.792,63.11,5.505,57.687,0.0,0.0,57.605,0.0,-10.714,-10.714,-10.722,0.008,,-2.279,0.0,-2.279,,,,,,,,,,,,,,,,,,,,,
SA_273,2021-12-31,117.676,17.355,4.174,0.738,3.436,111.459,111.841,13.919,100.321,0.0,0.0,97.922,0.0,-62.656,-62.012,-39.306,0.0,,-33.402,-5.258,-38.66,0.8621977465501962,2.1525885558583107,,,,0.8037771879854998,0.7721597211218507,1.528428701180745,0.7390573266073812,,,40.317,,-51.942,-51.298,-28.583999999999996,-1.0,,-31.123,,-36.381
SA_273,2022-12-31,59.286,11.618,3.436,1.024,2.412,11.663,55.964,9.156,47.668,0.0,0.0,46.808,0.0,-71.191,-69.941,-62.984,,,-59.604,0.0,-59.604,-0.49619293653761176,-0.3305675597810429,-0.17680881648299007,0.3875338753387534,-0.2980209545983702,-0.8953606258803686,-0.4996110549798375,-0.34219412314103026,-0.5248452467579071,,,-51.114,,-8.535000000000004,-7.929000000000002,-23.678000000000004,,,-26.201999999999998,-1.0,-20.944000000000003
SA_273,2023-12-31,18.217,6.995,2.502,1.162,1.34,12.782,14.733,5.605,11.222,0.0,0.0,9.128,0.0,-42.609,-41.361,-40.157,,,-40.453,0.0,-40.453,-0.6927267820396046,-0.3979170253055604,-0.27182770663562283,0.134765625,-0.4444444444444444,0.09594443968104249,-0.7367414766635694,-0.3878331148973351,-0.7645800117479231,,,-37.68,,28.582,28.580000000000005,22.827000000000005,,,19.150999999999996,,19.150999999999996
SA_273,2024-12-31,8.005,5.281,0.0,0.0,0.0,4.987,6.41,5.281,2.724,0.0,0.0,1.129,0.0,-31.463,-30.215,-30.074,,,-26.127,0.0,-26.127,-0.5605752868200032,-0.24503216583273768,-1.0,-1.0,-1.0,-0.609841965263652,-0.5649222833095772,-0.05780553077609285,-0.7572625200499019,,,-7.9990000000000006,,11.146,11.145999999999997,10.082999999999995,,,14.326000000000004,,14.326000000000004
SA_197,2020-12-31,93.425,156.237,149.983,1.05,148.933,35.781,81.987,6.969,-62.812,1.55,9.216,75.018,11.165,-63.7,-59.651,-78.208,15.55,2.997,-50.394,-1.362,-51.756,,,,,,,,,,,,,,,,,,,,,
SA_197,2021-12-31,83.047,118.118,111.114,0.749,110.365,39.898,73.331,6.945,-35.071,2.32,5.067,66.386,11.782,-71.56,-67.947,-77.702,15.545,2.518,-47.323,-0.603,-47.926,-0.11108375702435114,-0.24398189929402125,-0.25915603768427087,-0.28666666666666674,-0.2589620836214942,0.11506106592884513,-0.10557771353995138,-0.0034438226431339203,-0.4416512768260842,0.4967741935483869,-0.4501953124999999,-8.632000000000005,0.05526197939991051,-7.859999999999999,-8.296,0.5060000000000002,-0.0003215434083602142,-0.15982649315982655,3.070999999999998,-0.5572687224669604,3.8299999999999983
SA_197,2022-12-31,65.015,87.279,77.54,58.355,19.185,34.905,56.014,66.557,-22.264,2.416,5.194,-10.543,12.752,-62.805,-58.691,-62.493,3.771,1.7,-48.728,-0.554,-49.282,-0.21713005888231962,-0.26108637125586276,-0.3021581438882589,76.9105473965287,-0.8261677162143796,-0.12514411749962406,-0.2361484229043651,8.583441324694025,-0.36517350517521596,0.04137931034482767,0.025064140517071287,-76.929,0.08232897640468506,8.755000000000003,9.256,15.208999999999996,-0.7574139594724992,-0.32486100079428115,-1.4050000000000011,-0.08126036484245425,-1.3559999999999945
SA_197,2023-12-31,31.366,51.254,40.342,2.286,38.056,12.138,24.466,12.034,-19.888,2.622,3.31,12.432,12.059,-54.028,-49.67,-61.618,7.743,1.3,-40.196,-1.035,-41.231,-0.5175574867338306,-0.4127567914389486,-0.4797265927263349,-0.9608259789221146,0.9836330466510295,-0.6522561237645037,-0.5632163387724498,-0.819192571780579,-0.10671936758893275,0.08526490066225167,-0.3627262225644975,22.975,-0.05434441656210798,8.777000000000001,9.021,0.875,1.0533015115354019,-0.23529411764705876,8.532000000000004,0.8682310469314076,8.050999999999995
SA_197,2024-12-31,28.556,84.596,68.853,17.139,51.714,15.098,22.238,31.201,-56.04,2.037,2.852,-8.963,11.698,-35.31,-30.893,-50.045,13.117,1.4,-24.194,-0.509,-24.703,-0.08958745138047564,0.650524837085886,0.7067324376580237,6.497375328083989,0.35889215892369153,0.243862250782666,-0.0910651516390093,1.5927372444739905,1.817779565567176,-0.2231121281464531,-0.13836858006042296,-21.395,-0.029936147275893443,18.717999999999996,18.777,11.573,0.6940462353093118,0.07692307692307687,16.002,-0.5082125603864733,16.528000000000002
SA_217,2020-12-31,0.0,0.0015,0.0,0.0,0.0,0.0,0.0,0.0015,-0.0015,0.0,0.0,-0.0015,,,,,,,,,,,,,,,,,,,,,,,,,,,,,,
SA_217,2021-12-31,0.0,0.0033,0.0,0.0,0.0,0.0,0.0,0.0033,-0.0033,0.0,0.0,-0.0033,,-0.0018,,-0.0018,,,0.0,,,,1.1999999999999997,,,,,,1.1999999999999997,1.1999999999999997,,,-0.0018,,,,,,,,,
SA_217,2022-12-31,84.4401,0.6849,0.0,0.0,0.0,0.5219,0.7456,0.6849,83.7552,0.0,0.0,0.0606,0.0,-1.0929,,-0.1258,,0.0,0.3322,0.0,0.3322,,206.54545454545453,,,,,,206.54545454545453,-25381.363636363636,,,0.0639,,-1.0911,,-0.124,,,0.3322,,
SA_217,2023-12-31,15.6865,11.2423,6.9335,5.5134,1.4201,1.2194,3.5083,8.8763,4.4442,0.0,0.0,-5.368,8.1516,-10.2766,-9.0016,-15.5517,1.1094,1.275,-8.825,-0.8869,-9.7119,-0.8142292583736874,15.41451306760111,,,,1.3364629239317876,3.705337982832618,11.95999415973135,-0.9469382199552983,,,-5.4286,,-9.1837,,-15.4259,,,-9.1572,,-10.0441
SA_217,2024-12-31,5.691,15.486,8.3565,6.2337,2.1228,0.2022,1.1832,12.4349,-9.795,0.0,0.0,-11.2516,10.7465,-15.5068,-12.5042,-31.1568,1.4285,0.027,-3.2307,-1.403,-4.6337,-0.6372039651930004,0.3774761392241801,0.2052354510708878,0.13064533681575807,0.4948243081473136,-0.8341807446285059,-0.66274263888493,0.4009102891970753,-3.203996219792088,,,-5.8835999999999995,0.3183301437754551,-5.2302,-3.502600000000001,-15.6051,0.2876329547503156,-0.9788235294117646,5.594299999999999,0.5819145337693088,5.0782
SA_103,2020-12-31,3587.582,2306.901,2046.687,112.089,1934.598,209.859,456.655,210.853,1144.557,10.243,102.589,245.802,160.82,-35.778,31.63,-252.284,154.58,58.431,-131.466,-578.369,-709.835,,,,,,,,,,,,,,,,,,,,,
SA_103,2021-12-31,5504.234,3882.621,3286.032,131.643,3154.389,243.101,615.742,310.897,1476.277,18.584,127.955,304.845,241.752,-54.89,53.707,-138.128,116.248,76.474,-209.23,-554.541,-763.771,0.5342461858711525,0.6830462165476543,0.6055371436863577,0.17445065974359664,0.6305139362286118,0.1584015934508407,0.348374593511513,0.474472736930468,0.2898239231423163,0.8143122132187834,0.24725847800446443,59.043000000000035,0.5032458649421716,-19.112000000000002,22.077,114.156,-0.24797515849398377,0.30879156612072367,-77.76399999999998,-0.04119861195880137,-53.93599999999992
SA_103,2022-12-31,8336.892,6449.442,5429.141,217.678,5211.463,360.257,948.389,541.946,1721.713,24.435,152.113,406.443,557.69,-81.504,57.857,-161.642,107.775,96.28,-333.426,-868.208,-1201.634,0.5146325537758749,0.6611052173261309,0.6521875015215919,0.6535478529052057,0.6521307295961276,0.48192315128280017,0.5402376319952189,0.7431689594946238,0.1662533521825511,0.314840723202755,0.18880075026376453,101.59799999999996,1.3068681955061385,-26.614000000000004,4.149999999999999,-23.51400000000001,-0.07288727548000828,0.25898998352381186,-124.196,0.565633560007285,-437.86300000000006
SA_103,2023-12-31,11340.971,9212.059,7534.12,487.728,7046.392,212.832,936.248,1095.292,1963.04,40.767,148.575,-159.044,720.653,-243.435,-58.706,-417.961,371.937,130.261,-237.562,-1832.714,-2070.276,0.3603356022844004,0.4283497704142465,0.38771860962903726,1.2405939047584047,0.3520947956456757,-0.40922175002845196,-0.012801709003373074,1.0210353061006074,0.14016679899611617,0.6683855125844078,-0.02325902454096629,-565.487,0.29221072638921264,-161.93099999999998,-116.563,-256.319,2.4510508002783578,0.35293934358122137,95.86399999999998,1.1109158174078102,-868.6419999999998
SA_103,2024-12-31,13353.699,10668.606,8485.982,334.759,8151.223,211.192,1027.503,1323.751,2424.531,43.67,126.695,-296.248,839.922,-239.541,20.922,-367.893,491.172,229.012,-310.848,-1642.838,-1953.686,0.17747404521182553,0.15811307765180405,0.12634016978757967,-0.3136358790145327,0.15679385989311978,-0.007705608179221057,0.09746883304423593,0.20858273410195638,0.23508996250713188,0.0712095567493316,-0.1472656907285882,-137.20399999999998,0.1655012884148126,3.8940000000000055,79.628,50.06800000000004,0.3205784850660194,0.7581010432900102,-73.286,-0.10360372649524152,116.58999999999992
SA_278,2022-12-31,49.9032,0.6325,0.0,0.0,0.0,2.3929,3.4462,0.4583,49.2707,0.2278,,2.988,1.1231,-1.7443,-1.7112,-1.6647,,0.0307,,,,,,,,,,,,,,,,,,,,,,,,
SA_278,2023-12-31,36.8014,1.9751,0.0,0.0,0.0,3.1139,3.3287,0.887,34.8262,0.1894,,2.4417,1.0769,-5.256,-5.1627,-18.4951,,0.0934,-3.4681,-0.374,-3.8421,-0.26254428573718713,2.1226877470355734,,,,0.3013080362739773,-0.03409552550635486,0.9354134846170632,-0.2931661210415114,-0.1685689201053555,,-0.5463,-0.04113614103819785,-3.5117000000000003,-3.4515000000000002,-16.8304,,2.0423452768729637,,,
SA_278,2024-12-31,30.2411,25.8493,0.0,0.0,0.0,4.617,4.9738,0.8521,4.3918,0.3157,,4.1217,0.9988,-11.0542,-11.0488,-47.5903,,0.0042,-6.5527,0.0,-6.5527,-0.17826224002347746,12.087590501746746,,,,0.48270657374995984,0.49421696157659145,-0.039346110484780206,-0.8738937926044186,0.6668426610348466,,1.6799999999999997,-0.07252298263534218,-5.7982,-5.8861,-29.0952,,-0.9550321199143469,-3.0845999999999996,-1.0,-2.7106
SA_195,2020-12-31,37.009,21.194,11.934,8.654,3.28,14.28,22.922,16.134,15.815,5.063,0.0,6.788,29.983,-16.295,-2.165,-14.051,,1.924,-5.675,-1.884,-7.559,,,,,,,,,,,,,,,,,,,,,
SA_195,2021-12-31,59.831,13.573,5.326,4.232,1.094,46.842,54.014,11.383,46.258,4.633,0.0,42.631,24.42,-14.062,-5.854,-12.944,,0.851,-7.942,-1.296,-9.238,0.6166608122348618,-0.359582900820987,-0.5537120831238478,-0.5109775826207534,-0.6664634146341464,2.280252100840336,1.3564261408254081,-0.2944713028387257,1.9249446727790076,-0.08492988346829933,,35.843,-0.18553847180068705,2.2330000000000023,-3.689,1.1069999999999993,,-0.5576923076923077,-2.2670000000000003,-0.3121019108280254,-1.6789999999999994
SA_195,2022-12-31,42.084,9.37,3.844,1.645,2.199,27.957,34.494,6.169,32.714,4.521,0.0,28.325,20.019,-22.001,-16.677,-18.227,,0.447,-18.137,-1.764,-19.901,-0.2966188096471728,-0.3096588816031829,-0.27825760420578294,-0.6112948960302458,1.0100548446069468,-0.40316382733444345,-0.36138778835116825,-0.458051480277607,-0.29279259803709634,-0.024174401036045734,,-14.306000000000001,-0.1802211302211304,-7.939000000000002,-10.823,-5.2829999999999995,,-0.4747356051703877,-10.195,0.36111111111111116,-10.663
SA_195,2023-12-31,19.315,5.676,1.912,1.518,0.394,11.363,16.775,4.281,13.639,3.864,0.0,12.494,17.731,-22.806,-19.244,-21.917,,0.019,-14.583,-1.807,-16.39,-0.5410369736717042,-0.3942369263607256,-0.5026014568158168,-0.07720364741641339,-0.8208276489313324,-0.5935543870944665,-0.5136835391662318,-0.3060463608364403,-0.5830836950541053,-0.1453218314532183,,-15.831,-0.11429142314800922,-0.8049999999999997,-2.567,-3.6900000000000013,,-0.9574944071588367,3.5540000000000003,0.0243764172335601,3.5109999999999992
SA_216,2021-12-31,16.462,12.31,1.642,0.442,1.2,2.845,12.01,9.98,4.152,2.638,0.0,2.03,20.082,-10.525,-7.537,-6.311,0.061,0.388,-12.256,-0.005,-12.261,,,,,,,,,,,,,,,,,,,,,
SA_216,2022-12-31,52.311,42.389,26.975,1.57,25.405,38.966,47.423,16.491,9.922,5.872,0.0,30.932,54.865,-31.126,-30.655,-38.567,2.47,0.571,-2.803,-0.051,-2.854,2.177681934151379,2.443460601137287,15.42813641900122,2.552036199095023,20.170833333333334,12.696309314586994,2.9486261448792677,0.6524048096192383,1.3896917148362236,1.2259287338893103,,28.901999999999997,1.7320486007369782,-20.601,-23.118000000000002,-32.256,39.49180327868853,0.47164948453608235,9.453,9.2,9.407
SA_216,2023-12-31,46.697,45.051,28.617,2.137,26.48,18.323,31.774,18.399,1.646,10.023,0.0,13.375,83.916,-7.246,-5.174,-13.317,7.417,0.1,-6.465,-0.361,-6.826,-0.10731968419644045,0.06279931114204151,0.060871177015755285,0.36114649681528666,0.042314505018697046,-0.5297695426782323,-0.32998755877949515,0.11569947243951262,-0.8341060270106834,0.7069141689373297,,-17.557,0.5294996810352683,23.880000000000003,25.481,25.25,2.0028340080971656,-0.8248686514886164,-3.662,6.07843137254902,-3.9719999999999995
SA_216,2024-12-31,29.438,29.927,19.83,19.366,0.464,5.63,15.065,29.463,-0.489,6.58,0.0,-14.398,70.507,-10.384,-7.634,-17.568,6.215,0.2,-7.003,-1.832,-8.835,-0.3695954772255178,-0.3357084193469624,-0.30705524688122454,8.062236780533459,-0.9824773413897281,-0.6927359056922993,-0.5258702083464468,0.6013370291863689,-1.2970838396111786,-0.3435099271675147,,-27.773,-0.15979074312407637,-3.138,-2.46,-4.251000000000001,-0.16206013212889303,1.0,-0.5380000000000003,4.074792243767313,-2.0090000000000012
SA_246,2020-06-30,155.9556,74.6197,47.533,29.9617,17.5714,4.1231,88.4038,52.6003,81.336,19.0231,63.8829,35.8035,79.5822,-18.7637,-12.5714,-19.6743,2.5259,2.5802,-5.7636,-4.6052,-10.3689,,,,,,,,,,,,,,,,,,,,,
SA_246,2021-06-30,151.471,77.0778,51.7213,36.8327,14.8887,3.5279,87.8679,61.0958,74.3932,19.3892,63.3953,26.7721,84.049,-20.2693,-13.4563,-19.171,2.9727,2.5184,-14.221,-1.0799,-15.3009,-0.028755620189335973,0.03294170306232802,0.08811352113268667,0.22932610632908013,-0.15267423199062113,-0.14435740098469607,-0.006061956612724795,0.1615104856816405,-0.08535949640995388,0.019245023156057695,-0.0076327154841123734,-9.031400000000001,0.05612812915450949,-1.5056000000000012,-0.8849,0.5032999999999994,0.17688744605883056,-0.023951631656460637,-8.4574,-0.7655042126292018,-4.932
SA_246,2022-06-30,133.7879,77.5744,51.075,22.3369,28.7381,2.0565,77.2296,48.2915,51.4087,19.0512,54.5159,28.9381,71.3543,-32.8038,-25.968,-36.3954,3.1108,2.4333,-18.3731,-2.0985,-20.4717,-0.11674247875831012,0.0064428408698744555,-0.01249581893726559,-0.39355789828060395,0.9301953830757554,-0.4170753139261316,-0.12107151758492007,-0.20957741776030425,-0.30895968986412725,-0.017432385039093834,-0.1400640110544472,2.1660000000000004,-0.15103927470880096,-12.534500000000001,-12.5117,-17.224400000000003,0.04645608369495724,-0.03379129606099118,-4.152100000000001,0.9432354847671081,-5.170799999999998
SA_246,2023-06-30,151.9898,77.8922,56.494,50.0451,6.4489,3.3988,84.0657,71.2909,68.8234,24.6227,45.0983,12.7748,73.5213,-17.9435,-11.8328,14.4101,7.7122,4.7688,-18.9782,-0.8567,-19.8349,0.13605042010525614,0.004096712317465556,0.10609887420460096,1.240467567119878,-0.7755975516822615,0.6527109166058835,0.08851657913546096,0.47626186803060566,0.33875005592438634,0.29244876963130917,-0.1727496014924086,-16.1633,0.030369578287503307,14.860300000000002,14.1352,50.8055,1.4791693455059796,0.9598076685981998,-0.6051000000000002,-0.5917560162020491,0.6367999999999974
SA_246,2024-06-30,120.7255,75.6944,55.189,48.8552,6.3338,0.294,63.3745,69.2423,39.2624,20.8652,38.1071,-5.8678,60.4416,-17.6883,-12.092,-30.031,7.4046,4.2884,-5.637,-1.5431,-7.1801,-0.20569998776233667,-0.028215918923846006,-0.023099798208659372,-0.02377655354869901,-0.017848005086138707,-0.9134988819583383,-0.24613129968584102,-0.028735785352688725,-0.42951961106251657,-0.15260308577044746,-0.15502136444167514,-18.6426,-0.1779035463192299,0.25519999999999854,-0.2591999999999999,-44.4411,-0.03988485775783823,-0.10073813118604247,13.3412,0.801213960546282,12.654800000000002
SA_28,2020-12-31,8.433,8.091,0.0,0.0,0.0,8.277,8.433,2.214,-18.357,0.0,0.0,6.219,,-11.119,,-12.807,,,-9.187,,,,,,,,,,,,,,,,,,,,,,,
SA_28,2021-12-31,129.164,5.686,0.0,0.0,0.0,128.28,129.164,5.686,-46.706,0.0,0.0,123.478,,-19.004,,-29.609,,,-15.746,,,14.316494723111584,-0.29724385119268315,,,,14.49836897426604,14.316494723111584,1.5682023486901535,1.5443155199651364,,,117.259,,-7.885000000000002,,-16.802,,,-6.559000000000001,,
SA_28,2022-12-31,298.675,9.607,4.339,0.385,3.954,288.877,292.835,5.653,289.068,0.0,0.0,287.182,0.0,-37.708,-37.707,-35.155,,0.001,-34.917,-0.036,-34.953,1.312370319903379,0.6895884628913118,,,,1.2519254755222948,1.2671564832306217,-0.005803728455856527,-7.189097760459041,,,163.704,,-18.703999999999997,,-5.545999999999999,,,-19.171,,
SA_28,2023-12-31,277.711,8.626,3.953,0.745,3.208,269.07,272.446,5.418,269.085,0.0,0.0,267.028,0.0,-43.954,-42.822,-30.824,,0.035,-20.425,-0.169,-20.594,-0.07019000585921154,-0.1021130425731237,-0.0889605899976954,0.9350649350649349,-0.1886697015680323,-0.0685655140423087,-0.06962624003278284,-0.04157084733769667,-0.06912906305782729,,,-20.153999999999996,,-6.246000000000002,-5.115000000000002,4.3309999999999995,,34.0,14.492,3.6944444444444455,14.359000000000002
SA_28,2024-12-31,294.608,9.458,3.208,0.859,2.349,285.063,290.538,7.109,285.15,0.0,0.0,283.429,0.0,-58.872,-57.726,-45.469,,0.049,-34.503,-0.01,-34.513,0.06084382685597611,0.09645258520751221,-0.1884644573741462,0.15302013422818783,-0.26776807980049877,0.05943806444419675,0.06640581986889149,0.31210778885197477,0.05970232454428892,,,16.400999999999954,,-14.918,-14.903999999999996,-14.645,,0.3999999999999999,-14.078,-0.9408284023668639,-13.918999999999997
SA_152,2020-12-31,187.817,31.694,10.767,2.153,8.614,142.743,171.504,21.143,156.123,5.542,0.0,150.361,19.584,-53.285,-47.26,-44.082,0.786,1.7,-39.339,-2.371,-41.71,,,,,,,,,,,,,,,,,,,,,
SA_152,2021-12-31,126.045,36.453,10.625,4.495,6.13,65.921,102.135,27.654,89.592,6.895,0.0,74.481,18.448,-81.674,-74.961,-75.665,0.898,2.1,-66.016,-12.581,-78.597,-0.32889461550338894,0.15015460339496456,-0.013188446178136859,1.087784486762657,-0.28836777339215236,-0.5381840090232095,-0.4044745312062692,0.307950621955257,-0.42614477046943755,0.24413569108625044,,-75.88,-0.058006535947712434,-28.38900000000001,-27.701,-31.583000000000006,0.14249363867684472,0.23529411764705888,-26.677000000000007,4.306199915647406,-36.88699999999999
SA_152,2022-12-31,170.454,67.937,6.503,3.282,3.221,112.488,147.196,35.632,102.517,6.533,0.0,111.564,14.249,-73.155,-67.904,-64.915,0.687,1.9,-19.997,-5.017,-25.014,0.3523265500416519,0.8636874879982441,-0.3879529411764706,-0.26985539488320354,-0.47455138662316476,0.7064061528192835,0.4411905810936505,0.2884935271570115,0.144265112956514,-0.05250181290790412,,37.083,-0.22761274934952302,8.519000000000005,7.057000000000002,10.75,-0.23496659242761686,-0.09523809523809534,46.019000000000005,-0.6012240680391066,53.583
SA_152,2023-12-31,161.337,71.48,6.559,2.758,3.801,117.096,147.116,41.988,89.857,0.511,0.0,105.128,20.129,-97.694,-92.553,-81.58,0.317,2.0,-57.524,-4.159,-61.683,-0.05348657115702782,0.05215125778294616,0.008611410118406937,-0.15965874466788543,0.18006830176963673,0.04096436953275018,-0.0005434930297018026,0.17837898518185913,-0.12349171356945676,-0.9217817235573244,,-6.435999999999993,0.4126605375815846,-24.539,-24.649,-16.664999999999992,-0.5385735080058225,0.05263157894736836,-37.527,-0.17101853697428748,-36.669
SA_152,2024-12-31,82.545,31.331,0.875,0.552,0.323,39.684,80.665,24.653,51.214,0.29,0.0,56.012,43.946,-51.455,-47.007,-43.503,0.002,0.4,-76.978,-0.194,-77.172,-0.4883690659923018,-0.5616815892557359,-0.8665955176093917,-0.7998549673676577,-0.9150223625361746,-0.6610985857757737,-0.45169118246825635,-0.41285605411069837,-0.4300499682829385,-0.43248532289628183,,-49.116,1.1832182423369266,46.239000000000004,45.546,38.077,-0.9936908517350158,-0.8,-19.453999999999994,-0.9533541716758837,-15.488999999999997
SA_254,2020-12-31,203.1396,18.0831,0.005,0.005,0.0,1.4175,1.8891,0.0284,-16.194,0.0,0.0,1.8607,,,,,,,,,,,,,,,,,,,,,,,,,,,,,,
SA_254,2021-12-31,202.1514,12.447,0.005,0.005,0.0,0.6382,0.8725,0.3145,-11.5745,0.0,0.0,0.558,0.0,-1.3027,,4.6479,,,-0.7793,0.0,-0.7793,-0.0048646349603918,-0.3116777543673376,0.0,0.0,,-0.5497707231040565,-0.538139854957387,10.07394366197183,-0.28525997282944293,,,-1.3027,,,,,,,,,
SA_254,2022-12-31,35.408,28.7,1.409,1.409,0.0,5.515,12.304,6.913,6.708,0.0,1.313,5.391,0.511,-40.167,-34.001,-95.255,1.44,,-23.76,-0.11,-23.87,-0.8248441514627156,1.3057764923274684,280.8,280.8,,7.641491695393293,13.102005730659025,20.98092209856916,-1.5795498725646895,,,4.833,,-38.8643,,-99.90289999999999,,,-22.980700000000002,,-23.090700000000002
SA_254,2023-12-31,0.725,14.825,4.203,4.203,0.0,0.038,0.233,14.336,-14.1,0.0,0.0,-14.103,0.145,-22.188,-18.688,-26.451,1.064,0.022,-6.645,0.0,-6.645,-0.9795244012652508,-0.48344947735191635,1.9829666430092265,1.9829666430092265,,-0.9931097008159565,-0.9810630689206762,1.0737740488933891,-3.101967799642218,,-1.0,-19.494,-0.716242661448141,17.979000000000003,15.312999999999999,68.804,-0.26111111111111107,,17.115000000000002,-1.0,17.225
SA_254,2024-12-31,41.7081,36.4363,11.3148,7.6472,3.6676,0.0683,2.8813,32.7275,5.2718,2.271,,-29.8462,4.0516,-7.7619,-6.0457,-12.4064,3.9103,0.235,-2.8406,0.0,-2.8406,56.528413793103454,1.4577605396290054,1.6920770877944324,0.8194622888413037,,0.7973684210526315,11.366094420600858,1.282889229910714,-1.373886524822695,,,-15.7432,26.94206896551724,14.426099999999998,12.642299999999999,14.0446,2.675093984962406,9.681818181818182,3.8044,,3.8044
SA_168,2020-12-31,144.701,83.95,48.295,0.755,47.54,86.907,123.638,36.41,60.751,16.682,0.0,87.228,82.837,-14.923,-12.333,-22.71,7.219,0.303,-6.282,-1.757,-8.039,,,,,,,,,,,,,,,,,,,,,
SA_168,2021-12-31,93.682,48.127,37.737,0.877,36.86,58.824,80.332,10.333,45.555,5.938,0.0,69.999,84.133,-27.981,-23.248,-37.144,7.997,1.07,-26.155,-4.48,-30.635,-0.3525822212700672,-0.4267182846932698,-0.21861476343306763,0.16158940397350996,-0.22465292385359692,-0.3231385273913494,-0.35026448179362335,-0.7162043394671793,-0.25013580023374093,-0.6440474763217839,,-17.229,0.015645182708210026,-13.058000000000002,-10.915000000000001,-14.433999999999997,0.10777115944036564,2.5313531353135317,-19.873,1.5498007968127494,-22.596000000000004
SA_168,2022-12-31,25.757,20.08,11.4,0.789,10.611,5.032,14.259,9.469,5.677,0.973,0.0,4.79,14.514,-44.117,-38.694,-51.573,3.907,2.494,-23.966,-1.156,-25.122,-0.7250592429709015,-0.5827705861574585,-0.6979092137689801,-0.10034207525655636,-0.7121269669017906,-0.9144566843465253,-0.8224991286162426,-0.08361560050324213,-0.8753814070903304,-0.8361401145166723,,-65.20899999999999,-0.8274874306158106,-16.135999999999996,-15.446000000000002,-14.429000000000002,-0.5114417906715019,1.330841121495327,2.189,-0.7419642857142857,5.513000000000002
SA_168,2023-12-31,19.846,5.575,1.689,0.056,1.633,9.701,12.779,3.942,14.271,0.0,0.0,8.837,12.743,-21.132,-14.655,-27.92,7.202,1.801,-15.498,-0.285,-15.783,-0.22949101215203638,-0.7223605577689243,-0.851842105263158,-0.9290240811153359,-0.8461031005560268,0.9278616852146264,-0.10379409495757064,-0.5836941598901679,1.5138277259115736,-1.0,,4.047,-0.1220201185062697,22.984999999999996,24.039,23.653,0.843358075249552,-0.27786688051323183,8.468000000000002,-0.7534602076124568,9.339
SA_168,2024-12-31,21.075,11.205,8.501,6.076,2.425,5.71,9.56,8.78,9.87,1.012,0.0,0.78,10.846,-17.79,-16.598,-25.489,1.784,0.606,-13.435,-0.177,-13.612,0.06192683664214438,1.0098654708520178,4.033155713439905,107.49999999999999,0.48499693815064293,-0.4114008865065457,-0.2518976445731278,1.227295788939624,-0.3083876392684466,,,-8.057,-0.1488660441026446,3.3420000000000023,-1.9429999999999996,2.431000000000001,-0.7522910302693696,-0.6635202665186009,2.062999999999999,-0.3789473684210526,2.1709999999999994
SA_23,2020-12-31,956.257,755.222,398.891,58.65,340.241,129.857,548.159,406.108,201.035,127.765,10.839,142.051,1670.137,18.766,105.391,-19.027,10.501,48.6,37.57,-65.666,-28.096,,,,,,,,,,,,,,,,,,,,,
SA_23,2021-12-31,1007.701,634.775,233.534,88.713,144.821,216.236,660.271,469.11,372.926,149.784,10.152,191.161,1472.386,-91.826,-4.278,-159.548,13.644,34.5,-25.525,-37.119,-62.644,0.053797253248865085,-0.15948555524071073,-0.4145418171881542,0.5125831202046036,-0.574357587709888,0.6651855502591311,0.20452459961434544,0.1551360721778443,0.8550302186186485,0.17233984267992009,-0.06338223083310279,49.110000000000014,-0.11840405906820817,-110.59199999999998,-109.66900000000001,-140.52100000000002,0.2993048281116084,-0.2901234567901235,-63.095,-0.43473030183047545,-34.548
SA_23,2022-12-31,962.176,601.812,216.756,82.195,134.561,133.546,645.162,456.581,360.364,181.322,10.661,188.581,1522.741,-27.809,57.351,-65.305,5.029,37.5,-62.272,-18.832,-81.104,-0.045177091220510834,-0.051928636130912476,-0.07184392850719801,-0.07347288447014533,-0.07084607895263806,-0.38240625982722587,-0.02288302833230582,-0.026708021572765417,-0.03368496699077028,0.21055653474336378,0.05013790386130812,-2.5800000000000125,0.034199591683159225,64.017,61.629,94.243,-0.6314130753444738,0.08695652173913038,-36.747,-0.4926587461946712,-18.46
SA_23,2023-12-31,804.08,926.384,624.343,92.482,531.861,161.059,503.075,386.421,-122.304,129.312,9.42,116.654,1432.408,-116.971,-38.478,-201.779,12.101,38.869,-80.972,-36.137,-117.109,-0.1643108953039777,0.5393245731225034,1.8803954677148496,0.12515359815073923,2.9525642645343,0.20601889985473165,-0.2202346077419316,-0.15366386249099284,-1.3393901721592611,-0.28683778030244533,-0.11640559046993715,-71.92699999999999,-0.05932262939002764,-89.162,-95.82900000000001,-136.474,1.4062437860409625,0.03650666666666669,-18.699999999999996,0.9189146134239592,-36.004999999999995
SA_23,2024-12-31,692.464,1065.7,603.805,33.985,569.82,143.3,429.104,473.968,-373.236,35.938,3.741,-44.864,889.991,-134.768,-77.107,-240.707,84.72,21.2,12.498,-26.201,-13.703,-0.13881205850164158,0.15038688060242844,-0.03289537962305977,-0.6325230855734089,0.07137015122372214,-0.1102639405435274,-0.14703771803409038,0.22655859800580203,2.051707221350078,-0.7220830240039594,-0.6028662420382165,-161.518,-0.3786749306063635,-17.796999999999997,-38.629,-38.928,6.001074291380877,-0.4545781985644086,93.47,-0.27495364861499294,103.40599999999999
SA_61,2020-12-31,1425.913,1014.302,517.739,8.322,509.417,183.281,419.528,317.663,411.611,197.943,0.0,101.865,1368.675,123.158,159.74,88.836,,9.488,348.435,-12.15,336.285,,,,,,,,,,,,,,,,,,,,,
SA_61,2021-12-31,2027.425,1654.158,1019.622,9.873,1009.749,133.139,409.834,527.234,373.267,233.121,0.0,-117.4,2002.333,89.363,159.961,-6.585,,12.747,186.84,-21.316,165.524,0.42184340839868906,0.630833814781002,0.96937453041011,0.18637346791636622,0.9821658876715933,-0.2735799128114752,-0.02310692015789173,0.6597274470114556,-0.09315591663002198,0.17771782785953527,,-219.265,0.462971852338941,-33.795,0.22100000000000364,-95.42099999999999,,0.34348650927487356,-161.595,0.7544032921810697,-170.76100000000002
SA_61,2022-12-31,1944.272,1589.716,1021.089,9.64,1011.449,14.451,346.154,491.597,354.556,294.341,0.0,-145.443,2511.744,57.084,171.299,-31.806,,20.056,-10.442,-33.004,-43.446,-0.04101409423283231,-0.03895758446291109,0.0014387684847914084,-0.023599716398257753,0.0016835867131335114,-0.8914593019325667,-0.15537998311511492,-0.0675923783367538,-0.05012765661041563,0.2626104040391042,,-28.043000000000006,0.2544087322138726,-32.278999999999996,11.337999999999994,-25.221,,0.573389817211893,-197.282,0.548320510414712,-208.97
SA_61,2023-12-31,1767.275,1611.08,1140.068,122.527,1017.541,2.217,404.923,520.402,156.195,222.537,0.0,-115.479,2756.207,-139.946,-22.675,-204.46,,25.038,-82.971,-42.288,-125.259,-0.09103510208448196,0.013438878390857223,0.11652167440840122,11.710269709543567,0.006023042189967187,-0.846585011417895,0.16977703565465085,0.05859474325514613,-0.5594631031487269,-0.2439483456263314,,29.964000000000013,0.0973279920246648,-197.03,-193.97400000000002,-172.654,,0.24840446749102507,-72.529,0.28129923645618704,-81.813
SA_61,2024-12-31,1654.332,1692.806,1302.207,282.866,1019.341,112.581,495.379,624.494,-38.474,222.317,0.0,-129.115,2787.586,-92.787,28.878,-201.278,,30.927,-6.408,-27.63,-34.038,-0.06390799394548108,0.05072746232341041,0.14221870976117224,1.3086013694940704,0.0017689704886583169,49.7807848443843,0.22339061994502663,0.20002229046006725,-1.246320304747271,-0.0009885996485977655,,-13.63600000000001,0.011384848815781945,47.15899999999999,51.553,3.1820000000000164,,0.2352024922118381,76.563,-0.3466231555051078,91.221
SA_12,2024-12-31,9595.178,9675.312,6790.649,694.328,6096.321,902.057,2109.122,1769.365,-80.134,178.955,0.0,339.757,,,,,,,,,,,,,,,,,,,,,,,,,,,,,,
SA_85,2020-12-31,68.2494,57.0953,45.9844,6.1612,39.8232,8.5412,62.2654,17.0677,11.154,10.0327,0.0,45.1976,102.0845,4.6257,71.1994,-0.3399,4.3026,2.2682,-5.2075,-3.0982,-8.3057,,,,,,,,,,,,,,,,,,,,,
SA_85,2021-12-31,84.8121,68.6684,56.8124,1.2258,55.5865,5.0946,76.8933,12.5867,16.1436,29.899,0.0,64.3065,125.4268,7.3648,84.5317,3.2728,5.2386,2.8728,-11.256,-4.9495,-16.2056,0.24267905651917832,0.20269794536503016,0.2354711597846224,-0.8010452509251444,0.39583207778380447,-0.4035264365662905,0.23492822659133328,-0.2625426976101055,0.4473372781065088,1.980154893498261,,19.1089,0.22865665208724129,2.7390999999999996,13.332300000000004,3.6127000000000002,0.21754288104866815,0.26655497751521007,-6.048500000000001,0.5975405073913884,-7.899900000000001
SA_85,2022-12-31,148.2895,117.2548,106.444,1.4175,105.0265,6.0517,109.6855,12.2283,31.0347,35.54,0.0,97.4572,113.0562,-6.3032,71.4125,13.6317,11.1614,4.0379,-31.2369,-6.4981,-37.7351,0.7484474503048504,0.7075510715263498,0.8736050580507073,0.15638766519823788,0.8894245905030898,0.18786558316649016,0.4264636840921121,-0.02847450086202097,0.922415074704527,0.18866851734171708,,33.1507,-0.09862804440518291,-13.668,-13.119200000000006,10.3589,1.1306074141946323,0.4055625174046227,-19.9809,0.31288008889786867,-21.529500000000002
SA_85,2023-12-31,156.4904,127.2596,115.5692,0.4437,115.1255,4.4131,117.4346,12.1341,29.2308,44.7951,0.0,105.3005,116.975,13.6903,78.2478,-4.2336,18.9138,5.1133,-6.6645,-6.3353,-12.9998,0.05530330873055744,0.08532529158721003,0.08572770658750128,-0.686984126984127,0.0961566842653998,-0.2707668919477172,0.07064835370217581,-0.0077034420156523176,-0.05812525978984817,0.2604136184580754,,7.843299999999999,0.03466240683836874,19.9935,6.835300000000004,-17.8653,0.6945723654738651,0.2663265558830086,24.5724,-0.02505347717024975,24.735300000000002
SA_91,2020-12-31,254.4034,249.4034,0.1343,0.1343,0.0,1.1321,1.3912,0.2942,5.0,0.0,0.0,1.097,0.0,-0.3147,,-0.3024,,,-0.4395,0.0,-0.4395,,,,,,,,,,,,,,,,,,,,,
SA_91,2021-12-31,253.6867,20.1275,0.5559,0.5559,0.0,0.5498,0.6492,0.7158,-19.4783,0.0,0.0,-0.0666,0.0,-1.1637,,9.3947,,0.0,-0.5823,0.0,-0.5823,-0.0028171793301504655,-0.9192974113424276,3.1392405063291138,3.1392405063291138,,-0.5143538556664606,-0.5333525014376078,1.4330387491502377,-4.89566,,,-1.1636,,-0.849,,9.6971,,,-0.14280000000000004,,-0.14280000000000004
SA_128,2020-12-31,0.4463,0.4612,0.0,0.0,0.0,0.1603,0.4463,0.4612,-0.0149,,,-0.0149,,,,,,,,,,,,,,,,,,,,,,,,,,,,,,
SA_128,2021-12-31,148.479,344.402,208.488,197.752,10.736,69.726,98.981,263.628,764.406,4.638,0.0,-164.647,232.944,-259.945,-242.231,-294.387,44.09,,-179.391,-16.161,-195.552,331.68877436701774,745.7519514310494,,,,433.9719276356831,220.78131301814923,570.6131830008673,-51303.416107382545,,,-164.63209999999998,,,,,,,,,
SA_128,2022-12-31,1498.626,1600.111,1489.972,153.789,1336.183,246.624,313.848,260.428,-101.485,6.462,0.0,53.42,464.978,-365.899,-76.329,-245.031,21.505,,-149.988,-26.897,-176.885,9.093184894833612,3.646056062392205,6.146559993860558,-0.22231380719284766,123.4581780923994,2.5370450047328115,2.1707903537042466,-0.012138316112097258,-1.1327632174525055,0.39327296248382915,,218.067,0.9960934816951714,-105.95400000000001,165.902,49.355999999999995,-0.5122476752097982,,29.40299999999999,0.6643153270218425,18.667
SA_128,2023-12-31,1521.267,1897.968,1759.154,368.074,1391.08,95.763,161.207,506.236,-376.701,7.999,0.0,-345.029,602.066,-278.042,61.6,-295.668,25.409,,-110.904,-10.566,-121.47,0.015107838780322735,0.18614771100254912,0.18066245540184656,1.3933701370058982,0.041084941209400094,-0.6117044569871546,-0.48635326654941247,0.9438616431412905,2.7118884564221317,0.23785205818631994,,-398.449,0.29482685202310654,87.85700000000003,137.929,-50.637,0.1815391769355963,,39.084,-0.6071680856601107,55.41499999999999
SA_128,2024-12-31,1137.177,1573.065,1399.141,172.736,1226.405,20.786,99.846,338.547,-598.795,13.918,0.0,-238.701,621.272,-182.617,126.993,-224.087,34.213,,-129.222,-3.107,-132.329,-0.25248033382700086,-0.17118465643256364,-0.20465121302626144,-0.530703065144509,-0.11837924490324059,-0.7829433079581885,-0.3806348359562549,-0.33124669126652384,0.5895763483505483,0.7399674959369922,,106.328,0.03190015712563077,95.42499999999998,65.393,71.58100000000002,0.3464914006847968,,-18.318000000000012,-0.7059435926556881,-10.859000000000009
SA_107,2021-12-31,284.0286,11.1057,0.0,0.0,0.0,2.5054,2.5054,0.8301,-8.5971,0.0,0.0,1.6753,,,,,,,,,,,,,,,,,,,,,,,,,,,,,,
SA_107,2022-12-31,285.6842,11.4637,0.0,0.0,0.0,0.4685,0.8435,0.3339,-10.2574,,,0.5095,,-1.963,,1.2976,,,-2.7925,0.0,-2.7925,0.00582899046081975,0.0322356987853083,,,,-0.8130039115510497,-0.663327213219446,-0.5977593061076979,0.19312326249549283,,,-1.1658,,,,,,,,,
SA_19,2020-12-31,443.998,303.499,231.859,132.724,99.135,63.512,203.881,174.177,85.516,19.464,116.267,29.704,817.11,47.538,62.432,29.12,8.047,6.682,111.067,-18.641,92.426,,,,,,,,,,,,,,,,,,,,,
SA_19,2021-12-31,698.128,437.019,345.884,204.171,141.713,98.12,375.635,266.35,206.126,30.604,242.906,109.285,1235.048,124.094,138.505,82.021,8.5,8.386,2.771,-21.264,-18.493,0.5723674430965906,0.439935551682213,0.4917859561198832,0.5383125885295803,0.4294951328995813,0.5449048998614436,0.84242278584076,0.5291915694953986,1.4103793442162869,0.5723386765310317,1.0892084598381313,79.58099999999999,0.5114831540429072,76.556,76.073,52.900999999999996,0.056294271156952735,0.2550134690212509,-108.29599999999999,0.14071133522879675,-110.919
SA_19,2022-12-31,830.718,538.723,480.072,357.416,122.656,61.687,476.849,399.625,237.012,25.053,378.881,77.224,1326.961,89.715,106.473,66.393,16.592,9.48,-71.96,-39.884,-111.844,0.1899221919189602,0.23272214709200267,0.3879566559887129,0.7505718245980086,-0.13447601843161872,-0.37131064003261316,0.2694477351684481,0.5003754458419372,0.14984038888834972,-0.18138151875571817,0.5597844433649228,-32.06099999999999,0.07442058932122486,-34.37899999999999,-32.032,-15.628,0.952,0.1304555211066063,-74.731,0.875658389766742,-93.351
SA_19,2023-12-31,937.739,724.549,677.772,453.2,224.572,58.085,546.896,499.977,156.997,22.694,456.087,46.919,1082.747,-106.674,-88.162,-110.266,34.882,10.954,-36.48,-95.237,-131.717,0.12882951856105218,0.3449379365648024,0.4118132280157978,0.26799024106363456,0.8309092094964778,-0.05839155737837787,0.1468955581326583,0.2511154207069126,-0.33759894013805203,-0.09416037999441196,0.20377374426271055,-30.305000000000007,-0.18404007352137697,-196.389,-194.635,-176.659,1.1023384763741562,0.15548523206751064,35.48,1.3878497643165177,-19.87300000000002
SA_19,2024-12-31,675.83,602.481,491.492,320.915,170.577,24.702,353.774,378.874,73.349,22.318,211.946,-25.1,871.562,-98.95,-78.325,-179.963,46.914,12.716,94.354,-19.021,75.333,-0.27929839752852337,-0.16847445790415827,-0.2748416871750382,-0.2918909973521623,-0.24043513884188594,-0.574726693638633,-0.3531238114742108,-0.2422171419885314,-0.5327999898087225,-0.016568255926676545,-0.5352948012111725,-72.019,-0.19504556466099654,7.724000000000004,9.837000000000003,-69.69699999999999,0.3449343500946047,0.1608544823808653,130.834,-0.8002772031878367,207.05
SA_138,2020-12-31,19.322,10.559,1.98,1.364,0.616,17.287,18.118,9.943,8.763,0.0,0.0,8.175,7.894,-17.935,-17.508,-18.21,,0.18,-13.12,-0.055,-13.175,,,,,,,,,,,,,,,,,,,,,
SA_138,2021-12-31,42.903,4.928,0.675,0.387,0.288,30.436,42.136,4.64,37.975,10.0,0.0,37.496,29.575,-0.627,-0.202,0.376,,0.178,-10.733,0.0,-10.733,1.2204223165303798,-0.5332891372289043,-0.6590909090909091,-0.716275659824047,-0.5324675324675325,0.7606293746746111,1.3256430069544103,-0.5333400382178417,3.3335615656738558,,,29.321,2.7465163415252087,17.308,17.305999999999997,18.586000000000002,,-0.011111111111111072,2.3869999999999987,-1.0,2.442
SA_138,2022-12-31,51.303,40.696,1.285,0.349,0.936,48.258,49.401,5.783,10.607,0.0,0.0,43.618,1.327,-30.277,-29.87,-32.947,3.339,0.145,-13.365,-0.246,-13.611,0.1957905041605481,7.258116883116882,0.9037037037037035,-0.09819121447028434,2.2500000000000004,0.5855565777368905,0.1724178849439908,0.24633620689655178,-0.7206846609611587,-1.0,,6.122,-0.9551310228233305,-29.650000000000002,-29.668,-33.323,,-0.1853932584269663,-2.6319999999999997,,-2.878
SA_138,2023-12-31,34.018,49.93,1.013,0.364,0.649,28.92,30.123,6.813,-15.912,0.17,0.0,23.31,8.226,-24.844,-24.438,-32.485,9.36,0.067,-18.135,-1.777,-19.912,-0.33691986823382647,0.22690190682130917,-0.2116731517509728,0.04297994269340988,-0.30662393162393164,-0.40072112395872184,-0.39023501548551653,0.17810824831402372,-2.5001414160460076,,,-20.308000000000003,5.198944988696308,5.433,5.432000000000002,0.4620000000000033,1.803234501347709,-0.5379310344827586,-4.770000000000001,6.223577235772358,-6.300999999999998
SA_138,2024-12-31,25.126,63.981,0.703,0.375,0.328,20.02,21.274,4.794,-38.855,0.507,0.0,16.48,1.664,-28.882,-28.256,-34.352,9.779,0.226,-24.698,-0.977,-25.675,-0.2613910282791463,0.2814139795713999,-0.3060217176702863,0.030219780219780334,-0.4946070878274268,-0.30774550484094054,-0.29376224147661256,-0.2963452223690005,1.4418677727501255,1.9823529411764702,,-6.829999999999998,-0.7977145635788963,-4.038,-3.8180000000000014,-1.8669999999999973,0.04476495726495733,2.373134328358209,-6.562999999999999,-0.4501969611705121,-5.763000000000002
SA_210,2021-09-30,0.0721,0.0613,0.0161,0.0001,0.016,0.0213,0.0697,0.0453,0.0108,0.0191,0.0,0.0244,0.0824,-0.0031,-0.0022,-0.0033,0.0001,,-0.002,0.0,-0.002,,,,,,,,,,,,,,,,,,,,,
SA_210,2022-09-30,0.0972,0.0861,0.0177,0.002,0.0156,0.0655,0.0875,0.0705,0.011,0.0134,0.0,0.017,0.1454,0.0068,0.0099,0.0002,0.0001,,0.0528,-0.0004,0.0525,0.3481276005547851,0.4045676998368677,0.0993788819875776,19.0,-0.025000000000000022,2.075117370892019,0.25538020086083213,0.5562913907284768,0.01851851851851838,-0.2984293193717277,,-0.0074,0.7645631067961165,0.009899999999999999,0.012100000000000001,0.0035,0.0,,0.0548,,0.0545
SA_210,2023-09-30,0.3143,0.0855,0.0145,0.0028,0.0117,0.06,0.2907,0.0737,0.2289,0.0145,0.0,0.2169,0.1283,-0.0149,-0.0066,-0.0158,0.0017,,-0.0418,-0.0003,-0.0421,2.2335390946502063,-0.00696864111498241,-0.1807909604519774,0.3999999999999999,-0.2499999999999999,-0.08396946564885499,2.3222857142857145,0.04539007092198588,19.80909090909091,0.0820895522388061,,0.19990000000000002,-0.11760660247592847,-0.0217,-0.0165,-0.016,16.0,,-0.09459999999999999,-0.2500000000000001,-0.09459999999999999
SA_249,2021-01-02,1189.728,385.294,56.8,6.315,50.485,432.635,881.221,307.567,804.434,170.526,181.756,573.654,1430.39,146.322,190.447,147.068,,31.9,232.048,-31.599,200.449,,,,,,,,,,,,,,,,,,,,,
SA_249,2022-01-01,1184.429,467.706,49.682,6.22,43.462,201.457,789.533,395.683,716.723,160.642,333.296,393.85,1564.987,-1.1,40.719,30.39,,31.056,-31.97,-29.928,-61.898,-0.004453959224293258,0.2138938057691011,-0.12531690140845064,-0.01504354711005551,-0.13911062691888676,-0.534348815976516,-0.10404654451040085,0.2864936745489599,-0.10903442669007035,-0.0579618357317947,0.8337551442593367,-179.80399999999997,0.0940981131020211,-147.422,-149.728,-116.67800000000001,,-0.026457680250783655,-264.01800000000003,-0.052881420298110715,-262.34700000000004
SA_249,2022-12-31,835.443,359.727,38.662,5.415,33.247,117.949,528.3,296.183,475.716,66.025,285.25,232.117,1183.383,-240.383,-185.892,-286.295,,32.508,-90.021,-12.325,-102.346,-0.29464493017310456,-0.23086939231055414,-0.22181071615474424,-0.12942122186495175,-0.23503290230546225,-0.4145202201958731,-0.33087027394675084,-0.25146392440413157,-0.336262405420225,-0.5889929159248515,-0.14415414526426962,-161.73300000000003,-0.24383844722032832,-239.28300000000002,-226.611,-316.685,,0.04675425038639891,-58.051,-0.5881782945736435,-40.448
SA_249,2023-12-30,733.698,537.211,234.326,5.216,229.11,185.121,465.49,287.147,196.487,79.387,152.469,178.343,890.58,-264.08,-226.541,-304.71,,26.259,-114.793,-2.862,-117.655,-0.12178568735389483,0.4933852616011587,5.060886658734675,-0.036749769159741374,5.891148073510393,0.5695003772817067,-0.11889078175279189,-0.030508165559805955,-0.5869657526759664,0.202377887163953,-0.46548992112182297,-53.774,-0.24742876989106655,-23.696999999999974,-40.649,-18.414999999999964,,-0.19222960502030273,-24.772000000000006,-0.767789046653144,-15.308999999999997
SA_249,2024-12-28,516.137,454.898,227.099,4.897,222.202,134.303,288.502,218.244,61.239,49.865,76.029,70.258,681.849,-102.95,-78.823,-145.518,,20.124,-33.222,-0.118,-33.34,-0.29652663629994913,-0.15322284912259798,-0.03084164796053368,-0.06115797546012269,-0.030151455632665636,-0.27451234597911645,-0.3802186942791467,-0.2399572344478612,-0.688330525683633,-0.37187448826634084,-0.5013478149656652,-108.085,-0.2343764737586741,161.13,147.71800000000002,159.19199999999998,,-0.23363418256597746,81.571,-0.9587700908455625,84.315
SA_293,2020-12-31,72.175,15.32,7.331,2.128,5.203,39.173,63.023,10.117,56.855,13.837,8.635,52.906,80.122,10.249,11.821,9.074,0.019,1.572,0.818,-0.985,-0.167,,,,,,,,,,,,,,,,,,,,,
SA_293,2021-12-31,133.274,59.349,35.088,8.31,26.778,42.612,82.689,22.871,73.925,28.632,10.756,59.818,130.301,22.366,28.201,17.103,0.095,2.261,6.949,-0.609,6.34,0.846539660547281,2.873955613577023,3.786250170508798,2.905075187969925,4.1466461656736495,0.08779005947974361,0.31204480903797016,1.260650390431946,0.30023744613490466,1.0692346606923468,0.24562825709322533,6.911999999999999,0.6262824193105512,12.116999999999999,16.380000000000003,8.029000000000002,4.0,0.43829516539440205,6.131,-0.3817258883248731,6.507
SA_293,2022-12-31,116.466,50.108,26.959,7.937,19.022,20.144,69.559,21.086,66.358,35.063,13.484,48.473,158.167,22.938,30.523,17.048,0.44,2.197,13.746,-0.418,13.328,-0.1261161216741451,-0.15570607760872135,-0.23167464660282722,-0.04488567990373049,-0.28964074986929567,-0.527269313808317,-0.15878774685871155,-0.0780464343491758,-0.10236050050727075,0.22460882928192238,0.25362588322796586,-11.344999999999999,0.21385868105386763,0.5719999999999992,2.321999999999999,-0.05500000000000327,3.6315789473684212,-0.028306059265811645,6.797000000000001,-0.31362889983579645,6.9879999999999995
SA_293,2023-12-31,136.904,90.775,76.168,3.925,72.243,44.579,87.855,18.532,46.129,26.838,13.106,69.323,184.322,10.78,19.014,9.732,1.094,2.684,17.756,-1.206,16.55,0.1754846908110521,0.8115869721401774,1.8253273489372752,-0.5054806601990677,2.79786562927137,1.213016282764099,0.263028508172918,-0.1211230200132789,-0.30484643901262853,-0.23457776003194253,-0.028033224562444392,20.849999999999994,0.16536319206914207,-12.158,-11.509,-7.315999999999999,1.4863636363636363,0.2216659080564407,4.01,1.8851674641148324,3.2220000000000013
SA_293,2024-12-31,122.079,86.371,73.824,4.317,69.507,39.631,75.179,16.864,35.708,18.022,13.919,58.315,192.354,5.99,14.312,2.994,2.382,2.901,12.721,-0.578,12.143,-0.10828755916554667,-0.04851556045166627,-0.030774078353114298,0.09987261146496818,-0.037872181387816006,-0.11099396576863552,-0.1442831938990382,-0.0900064752859917,-0.22590994818877497,-0.3284894552500187,0.06203265679841308,-11.007999999999996,0.04357591605993871,-4.789999999999999,-4.702,-6.7379999999999995,1.1773308957952469,0.08084947839046186,-5.035,-0.5207296849087895,-4.407
SA_306,2020-12-31,510.351,361.61,18.311,6.264,12.047,208.944,500.81,16.59,148.741,5.971,3.613,484.22,13.951,-86.875,-76.758,-362.298,2.885,2.517,-75.642,-2.202,-77.844,,,,,,,,,,,,,,,,,,,,,
SA_306,2021-12-31,883.536,685.551,619.46,4.735,614.725,329.977,845.393,38.998,197.985,13.013,10.342,806.395,31.944,-214.552,-205.736,-237.986,2.028,3.936,-148.421,-6.433,-154.854,0.7312320344233674,0.8958297613450956,32.82993828846049,-0.2440932311621966,50.02722669544285,0.5792604717053373,0.6880513568019808,1.3506931886678721,0.33107213209538733,1.17936694021102,1.8624411846111268,322.17499999999995,1.2897283348863877,-127.67699999999999,-128.978,124.31200000000001,-0.29705372616984393,0.563766388557807,-72.779,1.9214350590372389,-77.01000000000002
SA_306,2022-12-31,687.327,713.732,635.134,5.953,629.181,69.552,554.586,77.541,-26.405,11.172,8.792,477.045,40.698,-442.402,-429.303,-445.939,11.095,4.366,-208.232,-15.614,-223.846,-0.22207244526538816,0.04110708029016075,0.02530268298195204,0.257233368532207,0.02351620643377128,-0.7892216730256957,-0.3439903098322319,0.9883327350120519,-1.133368689547188,-0.14147391070467985,-0.14987429897505322,-329.34999999999997,0.27404207362885047,-227.85,-223.567,-207.95300000000003,4.470907297830375,0.10924796747967469,-59.81100000000001,1.4271723923519355,-68.99199999999999
SA_306,2023-12-31,512.367,737.115,660.661,10.154,650.507,139.095,350.621,83.872,-224.748,14.124,12.196,266.749,69.779,-563.308,-528.243,-571.269,11.048,22.3,-247.304,-21.915,-269.219,-0.25455132709758244,0.03276159678983159,0.040191518640160906,0.7056946077607928,0.03389485696484784,0.9998706004140785,-0.36777884764491,0.08164712861582912,7.511569778451051,0.26423200859291085,0.3871701546860782,-210.296,0.7145559978377314,-120.906,-98.94000000000005,-125.32999999999998,-0.004236142406489507,4.107650022904261,-39.072,0.40354809786089385,-45.37299999999999
SA_306,2024-12-31,365.213,586.002,534.648,10.049,524.599,82.84,245.227,60.588,-220.789,14.272,14.908,184.639,75.395,-435.037,-398.63,-273.14,27.032,21.1,-276.63,-5.09,-281.72,-0.28720428911307705,-0.20500600313383943,-0.190737761121059,-0.010340752412842269,-0.19355364354265203,-0.4044358172472051,-0.30059237752444945,-0.2776135062953071,-0.017615284674390885,0.0104786179552534,0.22236798950475567,-82.11000000000001,0.08048266670488258,128.27100000000002,129.61300000000006,298.129,1.446777697320782,-0.053811659192825045,-29.325999999999993,-0.7677389915582934,-12.501000000000033
SA_16,2021-12-31,0.0795,0.055,0.0,0.0,0.0,0.025,0.0795,0.055,0.0245,0.0,0.0,0.0245,,,,,,,,,,,,,,,,,,,,,,,,,,,,,,
SA_16,2022-12-31,14.4021,19.8013,4.5928,0.2031,4.3897,3.5149,9.8587,15.4116,-5.3991,0.0,6.0656,-5.5529,12.3437,-1.962,-1.8897,-1.4591,0.019,0.0723,1.4941,-0.5397,0.9544,180.15849056603776,359.0236363636364,,,,139.59599999999998,123.00880503144654,279.21090909090907,-221.37142857142857,,,-5.5774,,,,,,,,,
SA_16,2023-12-31,25.2926,35.3117,14.7255,0.3149,14.4106,8.1342,19.9675,20.901,-10.0191,0.0,11.7993,-0.9335,15.1236,-1.6355,-1.4786,-1.602,0.6534,0.157,-5.008,-0.5548,-5.5628,0.7561744467820664,0.7833021064273558,2.2062140742031002,0.5504677498769079,2.2828211495090778,1.314205240547384,1.0253684562873402,0.3561862493186949,0.8556981719175418,,0.9452815879715115,4.619400000000001,0.225208000842535,0.3265,0.4111,-0.14290000000000003,33.38947368421053,1.1715076071922543,-6.5021,0.027978506577728268,-6.5172
SA_16,2024-12-31,18.1957,37.1732,17.8131,0.3536,17.4595,1.4769,12.9435,18.9139,-18.9775,0.0,11.1818,-5.9704,25.1657,-4.5487,-4.4219,-10.7715,5.2704,0.1268,-9.7631,-0.0238,-9.7869,-0.2805919517961776,0.052716238527173775,0.2096770907609249,0.12289615751032068,0.21157342511762156,-0.818433281699491,-0.35177162889695757,-0.09507200612410882,0.8941322074837061,,-0.052333613010941304,-5.036899999999999,0.6640019572059563,-2.9132000000000002,-2.9433,-9.1695,7.06611570247934,-0.19235668789808924,-4.7551,-0.9571016582552271,-4.224099999999999
SA_201,2021-12-31,6.3298,7.1989,6.6936,1.498,5.1955,2.0584,2.3934,2.0033,-0.8691,0.0,0.041,0.3901,2.5491,-1.0472,-0.9633,-1.3311,0.1948,0.0459,-1.01,-1.3105,-2.3205,,,,,,,,,,,,,,,,,,,,,
SA_201,2022-12-31,20.1857,25.3212,23.6115,5.5402,18.0713,0.4443,1.7421,7.2498,-5.1355,0.0,0.582,-5.5078,9.8348,-3.5181,-2.9086,-4.9119,1.4253,0.014,-2.6583,-0.135,-2.7933,2.1889949129514363,2.5173707094139384,2.5274740050197204,2.6983978638184243,2.4782600327206237,-0.784152739992227,-0.27212333918275267,2.6189287675335695,4.908986307674606,,13.19512195121951,-5.8979,2.858146012318073,-2.4709000000000003,-1.9452999999999998,-3.5808,6.316735112936345,-0.6949891067538126,-1.6483,-0.8969858832506676,-0.4727999999999999
SA_201,2023-12-31,21.791,22.5792,18.422,3.4246,14.9974,0.179,1.3521,7.5818,-0.7883,0.0286,0.5715,-6.2297,16.6754,-7.1749,-5.7366,-14.7929,2.5387,,-3.8208,-0.3837,-4.2045,0.07952659556022335,-0.10828870669636514,-0.21978696821464117,-0.3818634706328291,-0.17009844338813473,-0.5971190636957011,-0.22386774582400548,0.04579436674115156,-0.8464998539577451,,-0.018041237113401998,-0.7219000000000007,0.6955504941635824,-3.6568,-2.8280000000000003,-9.881,0.7811688767277063,,-1.1625,1.842222222222222,-1.4112000000000005
SA_201,2024-12-31,20.196,18.634,16.3687,5.9345,10.4343,0.5237,2.0235,8.1997,1.562,0.0407,0.5167,-6.1763,16.5921,-9.027,-7.3671,-14.2643,3.0983,,-10.0059,-0.238,-10.2438,-0.07319535588086823,-0.17472718253968256,-0.11145912495928778,0.7329031127722947,-0.304259404963527,1.9256983240223469,0.4965609052584865,0.08149779735682805,-2.9814791323100343,0.42307692307692313,-0.0958880139982502,0.05339999999999989,-0.004995382419612171,-1.8520999999999992,-1.6304999999999996,0.5285999999999991,0.2204277779966124,,-6.1851,-0.3797237425071671,-6.0393
SA_300,2020-12-31,442.6,422.191,384.254,8.136,376.118,68.864,166.163,43.415,20.409,41.235,38.402,122.748,310.851,-383.165,-334.267,-378.948,36.759,32.431,-4.901,-9.417,-14.318,,,,,,,,,,,,,,,,,,,,,
SA_300,2021-12-31,381.613,420.88,372.068,9.254,362.814,21.509,139.302,56.453,-39.267,64.025,42.18,82.849,349.419,-50.015,9.227,-64.575,32.527,28.905,-40.416,-15.413,-55.829,-0.1377925892453683,-0.0031052296235589694,-0.03171339790867511,0.13741396263520156,-0.03537187797446539,-0.6876597351301115,-0.16165451995931712,0.3003109524357941,-2.9240041158312513,0.5526858251485389,0.09838029269308879,-39.899,0.12407230473763953,333.15000000000003,343.49399999999997,314.373,-0.11512826790717923,-0.10872313527180777,-35.515,0.6367208240416269,-41.511
SA_300,2022-12-31,426.834,450.341,377.802,10.401,367.401,17.445,196.725,81.003,-23.507,105.277,62.045,115.722,593.382,43.568,100.182,14.393,32.486,26.784,16.672,-28.551,-11.879,0.1184996318259599,0.0699985744155105,0.015411161400604279,0.12394640155608383,0.01264284178670061,-0.18894416290854987,0.4122194943360469,0.43487502878500695,-0.4013548272085976,0.6443108160874658,0.4709577999051684,32.87299999999999,0.6981961484635923,93.583,90.955,78.968,-0.0012604912841640559,-0.07337830825116765,57.087999999999994,0.8523973269318106,43.95
SA_300,2023-12-31,401.984,437.614,366.318,13.204,353.114,30.84,183.633,82.754,-35.63,88.449,54.486,100.879,609.526,17.573,77.564,-32.213,51.119,29.141,45.509,-24.603,20.906,-0.05821935459686911,-0.02826080681083898,-0.030396874553337505,0.26949331795019726,-0.03888666606786595,0.7678417884780739,-0.06654975219214632,0.021616483340123338,0.5157187220827839,-0.15984498038507944,-0.12183092916431626,-14.84299999999999,0.0272067571985668,-25.994999999999997,-22.61800000000001,-46.606,0.5735701532968049,0.08800029868578263,28.837,-0.13827886939161493,32.785
SA_300,2024-12-31,360.076,426.14,358.791,14.817,343.974,27.88,170.464,81.545,-66.064,81.157,50.781,88.919,554.104,8.94,61.829,-41.082,51.321,25.594,13.195,-14.763,-1.568,-0.10425290558828204,-0.02621945367378553,-0.020547720832719052,0.1221599515298395,-0.02588399213851611,-0.09597924773022048,-0.07171368980520931,-0.01460956570075167,0.8541678360931795,-0.08244298974550313,-0.06799911903975331,-11.960000000000008,-0.09092639198327868,-8.633000000000001,-15.734999999999992,-8.869,0.003951563997730778,-0.12171854088740941,-32.314,-0.3999512254603098,-22.474
SA_1,2023-12-31,565.582,581.093,514.955,31.446,483.509,4.491,28.093,70.728,-15.511,2.276,0.0,-42.635,230.867,12.94,35.817,-13.84,29.714,,6.045,-23.873,-17.828,,,,,,,,,,,,,,,,,,,,,
SA_1,2024-12-29,542.446,627.055,571.548,18.141,553.407,9.37,28.805,55.23,-84.609,3.13,0.0,-26.425,353.801,-8.33,36.385,-48.17,46.137,,-15.036,-25.139,-40.175,-0.04090653521505272,0.07909577296577308,0.1098989232068821,-0.4231062774279718,0.14456401018388498,1.0863950122467156,0.02534439184138404,-0.21912114014251782,4.454774031332603,0.37521968365553615,,16.209999999999997,0.5324884024135108,-21.27,0.5679999999999978,-34.33,0.5527024298310561,,-21.081,0.05303062036610395,-22.346999999999998
SA_147,2020-12-27,121.144,163.027,97.925,20.062,77.863,3.944,24.423,73.177,-41.883,4.208,0.0,-48.754,18.118,-15.098,-11.976,-14.86,4.919,,-11.484,-0.46,-11.944,,,,,,,,,,,,,,,,,,,,,
SA_147,2021-12-26,1270.032,1227.232,1012.157,14.972,997.185,56.656,119.039,198.488,42.8,,5.927,-79.449,118.881,0.824,9.298,-31.583,26.864,,0.682,-10.422,-9.74,9.483655814567786,6.527783741343459,9.336042889966812,-0.25371348818662154,11.806917277782771,13.365111561866126,3.8740531466240844,1.7124369678997495,-2.0218943246663326,,,-30.695,5.561485815211393,15.922,21.274,-16.723,4.461272616385445,,12.166,21.656521739130437,2.2040000000000006
SA_147,2022-12-25,1213.303,1372.481,1118.676,64.426,1054.25,28.668,95.701,267.02,-159.178,,6.925,-171.319,407.224,-17.904,27.911,-126.188,78.477,,-47.399,-21.421,-68.82,-0.044667378459755214,0.11835496466845719,0.10523960215658223,3.303099118354262,0.05722609144742452,-0.4939988703756001,-0.19605339426574486,0.3452702430373624,-4.719112149532711,,0.16838198076598632,-91.86999999999999,2.4254758960641314,-18.728,18.613,-94.605,1.9212701012507445,,-48.081,1.0553636538092497,-59.07999999999999
SA_147,2023-12-31,1388.238,1644.101,1381.917,59.865,1322.052,37.044,121.009,276.602,-255.863,,9.306,-155.593,480.457,22.33,75.661,-90.11,99.342,,-35.608,-18.896,-54.504,0.14418080232225572,0.19790437900415392,0.2353147828325628,-0.07079439977648772,0.2540213421863884,0.2921724570950188,0.26444864734955753,0.03588495243801959,0.6074017766274233,,0.343826714801444,15.725999999999999,0.17983468557845317,40.233999999999995,47.75,36.078,0.2658740777552657,,11.791000000000004,-0.11787498249381445,14.315999999999995
SA_147,2024-12-29,1289.178,1744.89,1474.599,65.47,1409.129,23.383,88.034,298.316,-455.712,,8.42,-210.282,592.652,-52.22,20.808,-189.847,138.25,23.6,-56.246,-22.801,-79.047,-0.07135664057603952,0.061303411408423214,0.06706770377671023,0.09362732815501529,0.0658650340531235,-0.3687776697980779,-0.2725003925327868,0.07850268617002043,0.7810781551064436,,-0.09520739307973347,-54.68900000000002,0.23351725544637714,-74.55,-54.853,-99.73700000000001,0.3916571037426264,,-20.638000000000005,0.2066574936494494,-24.543
SA_101,2020-12-31,75.6913,16.7416,6.1246,5.6189,0.5058,15.7527,50.6921,16.2358,58.9497,15.8735,0.0908,34.4563,24.5999,10.2044,11.2133,8.1696,0.4396,0.2682,5.0524,-2.2079,2.8445,,,,,,,,,,,,,,,,,,,,,
SA_101,2021-12-31,36.5116,18.8614,1.5376,0.958,0.5796,0.1356,21.7041,18.2817,17.6502,16.6797,0.1086,3.4224,12.1395,-51.1609,-49.3626,-57.1359,0.23,0.2413,-20.1127,-0.141,-20.2536,-0.5176248789490998,0.12661872222487713,-0.7489468699996734,-0.8295039954439481,0.1459074733096084,-0.9913919518558724,-0.5718445280428311,0.12601165326007946,-0.7005888070677204,0.05078905093394659,0.19603524229074876,-31.0339,-0.5065223842373343,-61.3653,-60.575900000000004,-65.3055,-0.47679708826205636,-0.10029828486204329,-25.1651,-0.9361384120657639,-23.0981
SA_101,2022-12-31,34.2769,19.7475,2.8244,0.4851,2.3393,0.0693,21.5321,17.4082,14.5293,9.171,0.0,4.1239,2.196,-7.9155,-7.5612,-9.3651,0.1339,0.1851,-1.1915,-0.0034,-1.1949,-0.06120520601671808,0.046979545526843136,0.8368886576482828,-0.4936325678496869,3.0360593512767426,-0.48893805309734517,-0.007924769974336665,-0.04778002045761609,-0.17681952612435003,-0.450169967085739,-1.0,0.7014999999999998,-0.819102928456691,43.2454,41.8014,47.7708,-0.4178260869565218,-0.2329050973891421,18.9212,-0.975886524822695,19.058699999999998
SA_101,2023-12-31,49.2628,8.6408,3.4856,0.5092,2.9764,0.4076,39.2823,5.6644,40.6221,15.1574,17.5452,33.6179,73.6867,-28.8838,-28.4633,-19.298,0.2221,0.2609,-2.1116,0.0,-2.1116,0.4372011471282409,-0.5624357513609317,0.23410281829769164,0.04968047825190691,0.27234642841875756,4.881673881673882,0.8243599091588838,-0.6746131133603704,1.7958745431645022,0.6527532439210557,,29.494,32.554963570127505,-20.9683,-20.9021,-9.932899999999998,0.6587005227781928,0.40950837385197203,-0.9201000000000001,-1.0,-0.9167000000000001
SA_101,2024-12-31,75.2324,43.0896,2.754,0.3125,2.4415,0.0143,70.0646,40.6481,32.1428,0.0,64.56,29.4164,18.7242,-4.4571,-4.2484,-9.5248,0.184,0.2087,-0.885,0.0,-0.885,0.5271645135883465,3.9867604851402643,-0.20989212761074127,-0.38629222309505107,-0.17971374815213004,-0.9649165848871443,0.7836175580350437,6.176064543464445,-0.20873613131768176,-1.0,2.6796388755899048,-4.201499999999999,-0.7458944422806286,24.4267,24.2149,9.773199999999997,-0.17154434939216567,-0.20007665772326566,1.2266000000000001,,1.2266000000000001
SA_167,2021-12-31,222.288,10.364,0.0,0.0,0.0,211.531,221.738,10.305,211.924,0.0,0.0,211.433,0.0,-41.234,-41.234,-67.879,0.361,0.0,-40.646,-0.153,-40.799,,,,,,,,,,,,,,,,,,,,,
SA_167,2022-12-31,151.805,12.951,2.79,0.515,2.275,142.59,148.219,10.676,138.854,0.0,0.0,137.543,0.0,-71.424,-71.32,-71.458,0.302,0.104,-59.729,-0.69,-60.419,-0.31707964442525016,0.24961404862987258,,,,-0.32591440498083024,-0.33155796480531075,0.036001940805434396,-0.3447934165078046,,,-73.88999999999999,,-30.190000000000005,-30.08599999999999,-3.5789999999999935,-0.1634349030470914,,-19.083,3.5098039215686274,-19.619999999999997
SA_167,2023-12-31,150.718,17.556,2.494,0.655,1.839,143.193,147.255,15.717,133.162,0.0,0.0,131.538,0.0,-91.443,-91.228,-86.083,0.0,0.215,-71.737,-0.323,-72.06,-0.007160501959751153,0.3555709983785036,-0.10609318996415762,0.27184466019417486,-0.1916483516483516,0.004228908058068637,-0.006503889514839489,0.4721805919820157,-0.04099269736557831,,,-6.0049999999999955,,-20.01899999999999,-19.908,-14.625,-1.0,1.0673076923076925,-12.007999999999996,-0.5318840579710145,-11.641000000000005
SA_167,2024-12-31,67.699,20.684,1.915,0.717,1.198,60.031,64.951,19.486,47.015,0.0,0.0,45.465,0.0,-95.177,-94.924,-95.491,0.0,0.253,-82.347,-0.044,-82.391,-0.5508233920301491,0.17817270448849398,-0.2321571772253409,0.09465648854961817,-0.34855899945622626,-0.5807686129908585,-0.5589215985874842,0.23980403384869886,-0.6469338099457803,,,-86.07300000000001,,-3.734000000000009,-3.696000000000012,-9.408000000000001,,0.17674418604651176,-10.61,-0.8637770897832817,-10.331000000000003
SA_98,2021-12-31,16249.0,13219.0,7513.0,1399.0,6114.0,587.0,4448.0,4224.0,3030.0,1679.0,1623.0,224.0,14044.0,1087.0,1720.0,340.0,468.0,167.0,1225.0,-244.0,981.0,,,,,,,,,,,,,,,,,,,,,
SA_98,2022-12-31,12571.0,12046.0,6951.0,906.0,6045.0,1275.0,4275.0,3099.0,525.0,1394.0,1346.0,1176.0,12106.0,-2041.0,-1433.0,-2594.0,456.0,158.0,194.0,-268.0,-74.0,-0.22635239091636405,-0.08873591043195406,-0.0748036736323705,-0.3523945675482487,-0.011285574092247286,1.17206132879046,-0.03889388489208634,-0.2663352272727273,-0.8267326732673268,-0.16974389517569977,-0.17067159581022795,952.0,-0.13799487325548276,-3128.0,-3153.0,-2934.0,-0.02564102564102566,-0.053892215568862256,-1031.0,0.09836065573770503,-1055.0
SA_98,2023-12-31,11368.0,10879.0,5996.0,682.0,5314.0,1121.0,3682.0,2617.0,489.0,1308.0,1044.0,1065.0,10915.0,590.0,1165.0,-145.0,451.0,102.0,919.0,-230.0,689.0,-0.09569644419696122,-0.09687863191100776,-0.1373903035534455,-0.2472406181015453,-0.12092638544251444,-0.12078431372549014,-0.13871345029239768,-0.15553404323975473,-0.06857142857142862,-0.061692969870875136,-0.22436849925705793,-111.0,-0.09838096811498431,2631.0,2598.0,2449.0,-0.010964912280701733,-0.35443037974683544,725.0,-0.14179104477611937,763.0
SA_98,2024-12-31,9243.0,10128.0,5607.0,908.0,4699.0,905.0,3299.0,2724.0,-885.0,1143.0,1061.0,575.0,10037.0,-809.0,-266.0,-1290.0,468.0,90.0,525.0,-199.0,326.0,-0.18692821956368755,-0.06903208015442597,-0.0648765843895931,0.33137829912023453,-0.11573202860368836,-0.1926851025869759,-0.10401955458989676,0.040886511272449466,-2.809815950920245,-0.12614678899082565,0.016283524904214586,-490.0,-0.08043976179569401,-1399.0,-1431.0,-1145.0,0.037694013303769314,-0.11764705882352944,-394.0,-0.13478260869565217,-363.0
SA_98,2025-12-31,7643.0,10660.0,6483.0,5113.0,1370.0,1972.0,4223.0,6674.0,-3017.0,1040.0,972.0,-2451.0,9230.0,-2098.0,-1539.0,-2439.0,494.0,134.0,274.0,-156.0,118.0,-0.17310397057232496,0.05252764612954186,0.15623327982878554,4.631057268722467,-0.7084486060864014,1.1790055248618785,0.2800848742043043,1.4500734214390603,2.409039548022599,-0.09011373578302717,-0.0838831291234684,-3026.0,-0.08040251071037163,-1289.0,-1273.0,-1149.0,0.05555555555555558,0.48888888888888893,-251.0,-0.2160804020100503,-208.0
SA_245,2021-12-31,0.9686,5.139,3.8794,3.8794,0.0,0.0176,0.9677,5.139,4.1704,0.1007,0.6859,-4.1713,0.9868,-3.3114,-3.3078,-6.0989,2.0618,0.0036,-0.8478,0.0,-0.8478,,,,,,,,,,,,,,,,,,,,,
SA_245,2022-12-31,16.5606,5.2074,0.6026,0.6026,0.0,0.3568,9.9087,4.2226,11.3531,1.6135,7.7314,5.6861,8.4498,-5.0633,-5.0132,-7.1432,0.7087,0.0501,-6.8281,-0.0209,-6.849,16.097460251909975,0.01330998248686499,-0.8446667010362428,-0.8446667010362428,,19.272727272727273,9.239433708794047,-0.17832263086203548,1.7223048148858622,15.022840119165839,10.27190552558682,9.857399999999998,7.562829347385488,-1.7519,-1.7054000000000005,-1.0442999999999998,-0.6562712193229217,12.916666666666666,-5.9803,,-6.0012
SA_245,2023-12-31,11.5456,7.4718,2.7282,2.1259,0.6023,1.077,9.4152,6.8695,4.0738,2.6745,5.5963,2.5457,15.9982,-8.765,-7.4163,-9.7317,0.3636,0.1042,-7.0309,-0.0063,-7.0372,-0.30282719225148846,0.4348427238161079,3.5273813474941917,2.5278791901759043,,2.0184977578475336,-0.04980471706681999,0.6268412826220813,-0.6411728955087157,0.6575766966222498,-0.27615955713066187,-3.1403999999999996,0.8933229188856542,-3.7017000000000007,-2.4030999999999993,-2.5885,-0.4869479328347679,1.0798403193612773,-0.20279999999999987,-0.6985645933014354,-0.18820000000000014
SA_245,2024-12-31,10.0062,17.6381,5.0262,2.654,2.3722,0.2875,6.3257,15.2659,-7.6319,1.1709,4.5553,-8.9402,11.4203,-12.2201,-9.0711,-17.6044,3.9695,0.0955,-7.0183,-0.0031,-7.0214,-0.13333217849223955,1.3606226076715116,0.8423136133714537,0.24841243708546967,2.9385688195251536,-0.7330547818012999,-0.3281396040445238,1.2222723633452217,-2.87341057489322,-0.5621985417835109,-0.18601576041313017,-11.4859,-0.2861509419809729,-3.4551,-1.6547999999999998,-7.872699999999998,9.917216721672167,-0.08349328214971208,0.012599999999999945,-0.5079365079365079,0.01580000000000048
SA_245,2025-12-31,31.8236,27.4418,2.273,0.7974,1.4755,0.1476,5.645,25.9663,4.3818,0.9495,2.7553,-20.3213,9.5221,-14.7624,-12.2647,-34.3253,2.5273,0.1989,-7.2244,-0.3294,-7.5539,2.1803881593412084,0.5558251739132898,-0.5477696868409534,-0.6995478522984175,-0.3780035410167776,-0.4866086956521738,-0.10760864410262905,0.7009347630994569,-1.5741427429604686,-0.18908531898539582,-0.39514411784075687,-11.3811,-0.16621279651147514,-2.542299999999999,-3.1936,-16.7209,-0.36332031742033,1.082722513089005,-0.20610000000000017,105.25806451612904,-0.5324999999999998
SA_37,2021-12-31,35.1764,2.8507,0.6291,0.2181,0.4111,23.2648,29.6327,2.4396,32.3257,0.0526,0.2211,27.1931,0.5199,-34.2122,-30.9179,-34.7651,0.0415,0.0104,-10.8139,-0.0468,-10.8608,,,,,,,,,,,,,,,,,,,,,
SA_37,2022-12-31,32.6987,12.6874,1.5411,0.4679,1.0731,18.931,22.9969,11.6143,20.0113,0.9513,0.3109,11.3826,5.6356,-34.1561,-30.5057,-33.7861,0.0251,0.1078,-14.4538,-0.5663,-15.02,-0.0704364289694226,3.4506261619952996,1.4496900333810205,1.145346171480972,1.6103137922646553,-0.18628142085898014,-0.2239350447309898,3.7607394654861457,-0.3809476670265455,17.08555133079848,0.4061510628674809,-15.810500000000001,9.839776880169262,0.056100000000000705,0.41219999999999857,0.9789999999999992,-0.39518072289156625,9.365384615384617,-3.639899999999999,11.100427350427351,-4.1592
SA_37,2023-12-31,16.3632,11.334,1.4112,0.5633,0.848,3.6287,8.0986,10.4861,5.0292,1.3382,0.4315,-2.3874,8.1716,-17.9604,-16.1194,-18.1341,0.0002,0.249,-13.9081,-0.2192,-14.1273,-0.4995764357604432,-0.10667276195280362,-0.08429044189215484,0.20388972002564665,-0.20976609822010994,-0.8083196872854049,-0.6478394914097118,-0.0971388719079066,-0.7486819946730097,0.4067066120046252,0.38790607912512054,-13.77,0.44999645113208886,16.195700000000002,14.386300000000002,15.651999999999997,-0.9920318725099602,1.3098330241187384,0.5457000000000001,-0.6129260109482606,0.8926999999999996
SA_37,2024-12-31,21.2797,23.6924,0.7534,0.3606,0.3928,7.6301,14.4759,23.2307,-2.4127,1.1112,0.1577,-8.7547,7.1055,-9.3213,-8.2345,-10.2273,0.1521,0.2367,2.4735,-0.03,2.4435,0.30046079006551274,1.090382918651844,-0.46612811791383224,-0.35984377773832776,-0.5367924528301886,1.1027089591313692,0.7874570913491221,1.2153803606679316,-1.479738328163525,-0.16963084740696466,-0.6345307068366164,-6.3673,-0.1304640462088208,8.6391,7.884899999999998,7.9068000000000005,759.5,-0.04939759036144575,16.3816,-0.8631386861313869,16.5708
SA_183,2021-09-30,321.856,216.728,174.19,13.388,160.802,138.924,189.019,55.109,105.128,20.734,0.602,133.91,89.605,-5.618,1.457,10.895,1.683,6.2438,10.746,-12.472,-1.726,,,,,,,,,,,,,,,,,,,,,
SA_183,2022-09-30,962.9,603.134,371.492,15.961,355.531,18.515,232.977,164.099,359.766,100.073,71.441,68.878,547.656,-263.452,-206.78,-337.018,29.704,49.324,-5.217,-36.3,-41.517,1.9917105786438656,1.7829076076925916,1.132682702795798,0.1921870331640274,1.2109861817639085,-0.8667256917451268,0.23255863167194835,1.9777168883485454,2.422171067650864,3.826516832256197,117.67275747508306,-65.032,5.111891077506835,-257.834,-208.237,-347.91299999999995,16.649435531788473,6.899676479067234,-15.963000000000001,1.9105195638229633,-39.791000000000004
SA_183,2023-09-30,856.53,588.04,417.641,18.232,399.409,35.492,213.803,132.194,268.49,87.383,56.102,81.609,572.425,-81.46,-11.914,-105.14,43.019,54.717,27.883,-27.503,0.38,-0.11046837677848165,-0.025025947799328208,0.12422609369784543,0.14228431802518626,0.12341539837595028,0.9169322171212528,-0.08229996952488872,-0.19442531642484107,-0.2537093555255361,-0.12680743057567978,-0.21470864069651885,12.730999999999995,0.04522729596681119,181.99200000000002,194.866,231.878,0.44825612712092644,0.1093382531830347,33.1,-0.24234159779614317,41.897000000000006
SA_183,2024-09-30,781.361,610.857,445.123,15.312,429.811,21.432,163.413,119.042,170.504,73.56,18.173,44.371,490.739,-86.406,-12.811,-108.445,46.884,57.118,-6.805,-22.31,-29.115,-0.08775991500589586,0.03880178219168773,0.06580292643682006,-0.1601579640193067,0.07611746355239868,-0.3961456102783726,-0.23568425139029847,-0.09949014327427863,-0.36495213974449703,-0.15818866369888873,-0.6760721542903996,-37.23799999999999,-0.1427016639734463,-4.946000000000012,-0.8970000000000002,-3.3049999999999926,0.08984402240870315,0.04388032969643807,-34.688,-0.18881576555284885,-29.494999999999997
SA_183,2025-09-30,771.114,635.086,453.363,409.019,44.344,21.741,194.591,556.784,136.028,78.222,45.738,-362.193,513.024,-30.902,35.948,-68.625,56.593,55.928,-10.455,-16.615,-27.07,-0.01311429672072184,0.039663947536002775,0.018511737205221923,25.712317136886103,-0.8968290713825379,0.014417693169092916,0.19079265419519853,3.677206364140387,-0.20220053488481204,0.06337683523654158,1.516810653166786,-406.56399999999996,0.045411104477125264,55.504000000000005,48.759,39.81999999999999,0.20708557290333607,-0.020834062817325583,-3.6500000000000004,-0.2552666965486329,2.044999999999998
SA_229,2021-12-31,2068.851,1176.361,696.287,11.396,684.891,84.361,428.995,217.067,892.49,17.276,0.0,211.928,1062.415,-489.447,-374.491,-189.357,33.505,9.3,-299.006,-19.801,-318.807,,,,,,,,,,,,,,,,,,,,,
SA_229,2022-12-31,1659.29,1067.589,557.421,14.244,543.177,16.464,414.556,265.455,591.701,4.703,0.0,149.101,631.675,-318.666,-204.621,-148.706,57.069,6.4,60.904,-13.512,47.392,-0.19796544072047728,-0.09246481309734012,-0.1994378754737629,0.2499122499122497,-0.2069146769339938,-0.8048387287964818,-0.033657734938635664,0.22291734809989538,-0.3370222635547737,-0.7277726325538318,,-62.827,-0.4054347877241944,170.781,169.86999999999998,40.65100000000001,0.7032980152216086,-0.31182795698924737,359.90999999999997,-0.3176102217059744,366.199
SA_229,2023-12-31,1499.57,1044.615,543.049,80.797,462.252,90.809,476.44,370.013,454.955,0.25,0.0,106.427,734.671,-81.681,30.442,-63.257,69.472,3.9,109.141,-13.732,95.409,-0.09625803807652678,-0.021519517342348027,-0.02578302575611624,4.672353271552934,-0.14898458513523216,4.515609815354714,0.14927778153011895,0.39388220225650294,-0.2311065893077754,-0.9468424409951095,,-42.67399999999999,0.16305220247754004,236.985,235.06300000000002,85.44899999999998,0.21733340342392538,-0.390625,48.237,0.016281823564239017,48.017
SA_229,2024-12-31,1488.423,1030.023,527.97,45.205,482.765,40.921,400.411,338.052,458.4,4.452,0.0,62.359,798.894,-7.047,104.365,-2.928,72.868,11.833,-21.607,-13.729,-35.336,-0.007433464259754441,-0.01396878275728386,-0.027767291717690212,-0.44051140512642795,0.04437622768533167,-0.5493728595183296,-0.15957728150449169,-0.08637804617675582,0.007572177468101238,16.808,,-44.068000000000005,0.08741736096837904,74.634,73.923,60.329,0.0488830032243206,2.034102564102564,-130.748,-0.0002184678124089734,-130.745
SA_229,2025-12-31,987.38,992.699,672.594,7.16,665.434,32.904,285.788,141.5,-5.319,0.072,0.0,144.288,361.845,-412.901,-328.655,-257.126,87.32,9.564,-121.947,-8.248,-130.195,-0.3366267519381251,-0.03623608404860856,0.27392465480993233,-0.8416104413228624,0.3783807856824748,-0.19591407834608132,-0.2862633643930861,-0.5814253428466627,-1.0116034031413612,-0.9838274932614556,,81.929,-0.5470675709167925,-405.854,-433.02,-254.19799999999998,0.19833122907174605,-0.1917518803346573,-100.34,-0.3992279117197174,-94.859
SA_146,2022-01-01,919.54,1344.493,791.052,454.86,336.192,2.389,207.621,906.778,-424.953,25.718,105.644,-699.157,2184.949,193.536,353.404,153.746,6.245,57.779,300.01,-66.9,233.11,,,,,,,,,,,,,,,,,,,,,
SA_146,2022-12-31,953.936,1392.113,896.012,539.133,356.879,1.792,197.758,929.813,-438.177,26.005,114.034,-732.055,2114.297,67.88,245.047,36.61,18.985,66.626,36.138,-69.454,-33.316,0.03740565935141493,0.0354185555447295,0.1326840713379145,0.18527239150507846,0.06153329050066625,-0.2498953537044788,-0.04750482850964011,0.025403130644986893,0.03111873548368882,0.01115949918345116,0.07941766688122365,-32.89799999999991,-0.032335766189508286,-125.656,-108.357,-117.13600000000001,2.0400320256204965,0.15311791481334058,-263.872,0.03817638266068735,-266.42600000000004
SA_146,2023-12-30,950.88,1392.808,972.654,621.26,351.394,2.539,206.128,936.071,-441.928,26.859,115.433,-729.943,1887.482,22.942,210.495,-15.287,42.695,71.0,-9.028,-57.056,-66.084,-0.003203569212190338,0.0004992410817223902,0.08553680084641724,0.15233161390603045,-0.015369354879384955,0.4168526785714286,0.042324457164817586,0.006730385572152775,0.008560467573605957,0.03283983849259764,0.012268270866583553,2.1119999999999663,-0.1072767922387442,-44.937999999999995,-34.55199999999999,-51.897,1.2488806952857519,0.06565004652838224,-45.166,-0.17850663748668183,-32.768
SA_146,2024-12-28,860.81,1312.396,936.108,628.907,307.201,1.95,181.284,908.012,-451.586,17.516,103.152,-726.728,1682.296,22.872,196.272,-20.334,48.368,65.0,27.143,-23.505,3.638,-0.09472278310617543,-0.057733729272089196,-0.03757348450733766,0.012308856195473838,-0.12576481100986348,-0.23198109491925967,-0.12052705115268181,-0.029975290335882754,0.021854238699516637,-0.34785360586767944,-0.10639072015801376,3.215000000000032,-0.10870885126321728,-0.07000000000000028,-14.223000000000013,-5.046999999999999,0.132872701721513,-0.08450704225352113,36.171,-0.5880363151991026,69.72200000000001
SA_146,2026-01-03,680.06,1258.535,942.502,669.391,273.111,1.693,149.957,912.546,-578.475,15.502,82.233,-762.589,1411.45,-46.592,113.813,-131.958,49.382,53.169,-3.283,-14.407,-17.69,-0.20997664989951326,-0.04104020432857147,0.006830408457143777,0.06437199776755542,-0.11096969085387098,-0.1317948717948717,-0.1728062046292006,0.004993326079391069,0.28098523869207637,-0.11498058917561071,-0.20279781293624943,-35.861000000000104,-0.16099782677959174,-69.464,-82.45899999999999,-111.624,0.02096427390009925,-0.1820153846153847,-30.426000000000002,-0.3870665815783876,-21.328000000000003
SA_301,2021-12-31,236.8166,21.2813,0.0,0.0,0.0,1.3939,1.8568,0.8273,-19.0646,0.0,0.0,1.0295,,,,,,,,,,,,,,,,,,,,,,,,,,,,,,
SA_301,2022-12-31,238.8312,11.7657,0.0,0.0,0.0,1.426,1.7932,1.8307,227.0655,0.0,0.0,-0.0375,0.0,-1.9348,,11.5301,,,-0.9671,0.0,-0.9671,0.008507004998804968,-0.4471343385977361,,,,0.02302891168663468,-0.03425247738043957,1.2128611144687538,-12.910320699096756,,,-1.0670000000000002,,,,,,,,,
SA_301,2023-12-31,62.7364,53.0421,1.875,1.875,0.0,0.2244,0.3182,52.4381,9.6943,0.0,0.0,-52.1199,0.0,-5.2199,,0.0239,,0.0,-3.1103,0.0,-3.1103,-0.7373190772394896,3.5081975573064073,,,,-0.8426367461430575,-0.8225518625920143,27.64374283061124,-0.9573061517491649,,,-52.0824,,-3.2851,,-11.5062,,,-2.1432,,-2.1432
SA_301,2025-07-31,11.8713,31.4648,13.0895,0.375,12.7145,3.4461,4.3376,18.7504,-19.5935,0.0074,0.0,-14.4127,0.0258,-11.991,-11.99,-12.0672,0.3138,0.001,-6.4299,0.0,-6.4299,,,,,,,,,,,,,,,,,,,,,
SA_63,2021-12-31,16.6639,6.4831,3.9111,1.1451,2.7659,7.8721,9.4167,3.6072,11.0115,0.5898,0.4947,5.8095,0.105,-41.9349,-40.6391,-46.3714,1.9386,0.3692,-22.2781,-1.0158,-23.2939,,,,,,,,,,,,,,,,,,,,,
SA_63,2022-12-31,10.7352,5.5289,2.9719,1.0867,1.8852,2.7686,4.7436,3.6437,5.2063,0.528,0.9501,1.0998,0.9337,-25.4801,-23.5472,-27.6499,2.2861,0.429,-22.392,-0.3671,-22.7591,-0.3557810596559029,-0.1471826749548827,-0.24013704584388018,-0.050999912671382375,-0.3184135362811381,-0.6483022319330293,-0.49625665041893663,0.010118651585717453,-0.5271942968714526,-0.10478128179043733,0.9205579138872044,-4.7097,7.892380952380952,16.4548,17.0919,18.721500000000002,0.1792530692252139,0.1619718309859155,-0.113900000000001,-0.6386099625910613,0.5348000000000006
SA_63,2023-12-31,44.5783,28.5316,18.0702,17.0284,1.0417,0.0971,6.9129,25.8898,16.0468,0.4083,0.7455,-18.9769,0.6452,-26.0624,-24.3789,-32.3808,6.3899,0.435,-18.5768,-0.0144,-18.5912,3.152535583873612,4.160447828682017,5.080352636360577,14.669826078954635,-0.44743263314237214,-0.9649281225167955,0.45731090311156075,6.105359936328457,2.082188886541306,-0.22670454545454555,-0.21534575307862325,-20.076700000000002,-0.3089857555960158,-0.5823,-0.8317000000000014,-4.730900000000002,1.795109575259175,0.013986013986013957,3.815200000000001,-0.9607736311631708,4.1678999999999995
SA_63,2024-12-31,32.1444,23.858,8.1273,7.691,0.4364,0.833,1.9998,23.4071,8.4596,0.0434,0.0112,-21.4073,0.134,-27.8637,-26.0127,-40.3535,4.1887,0.6139,-16.7621,0.0,-16.7621,-0.2789227045445879,-0.16380434325449678,-0.5502374074443006,-0.5483427685513613,-0.5810694057790151,7.578784757981461,-0.7107147506835048,-0.09589490841953208,-0.4728170102450333,-0.8937056086211119,-0.9849765258215962,-2.430399999999999,-0.7923124612523249,-1.8013000000000012,-1.6337999999999973,-7.972699999999996,-0.34448113429005145,0.4112643678160919,1.8146999999999984,-1.0,1.8291000000000004
SA_148,2021-12-31,510.417,206.907,7.486,0.28,7.206,46.637,451.173,4.187,303.51,0.0,0.0,446.986,0.0,-26.933,-26.065,42.09,2.838,,-22.043,-12.268,-34.311,,,,,,,,,,,,,,,,,,,,,
SA_148,2022-12-31,493.7,116.795,8.263,0.619,7.644,107.858,331.499,19.812,376.905,0.0,0.0,311.687,0.0,-38.947,-37.565,78.569,0.0,,-26.092,-83.691,-109.783,-0.03275165208055375,-0.4355193396066832,0.10379374833021648,1.2107142857142854,0.060782681099084135,1.3127130818877717,-0.2652508017988665,3.731788870312873,0.24182069783532656,,,-135.29899999999998,,-12.014000000000003,-11.499999999999996,36.479,-1.0,,-4.0489999999999995,5.821894359308771,-75.47200000000001
SA_148,2023-12-31,461.834,39.327,2.097,2.097,0.0,75.502,187.112,12.862,422.507,0.0,0.912,174.25,28.805,-54.882,-50.712,23.798,0.131,,-60.355,-102.188,-162.543,-0.06454527040712976,-0.6632818185710005,-0.7462180806002663,2.3877221324717284,-1.0,-0.2999870199707023,-0.43555787498604825,-0.3507974964667878,0.1209907005744153,,,-137.437,,-15.934999999999995,-13.147000000000006,-54.771,,,-34.263,0.2210154018950663,-52.760000000000005
SA_148,2024-12-31,378.027,39.662,9.683,4.095,5.588,56.307,139.174,12.549,338.365,19.179,0.866,126.625,31.282,-84.863,-73.358,-83.697,0.371,10.7,-50.83,-8.953,-59.783,-0.18146563483849176,0.008518320746560892,3.617548879351454,0.9527896995708154,,-0.25423167598209306,-0.2561994954893325,-0.02433525112735191,-0.19914936320581667,,-0.05043859649122806,-47.625,0.0859920152751259,-29.981,-22.646,-107.495,1.83206106870229,,9.524999999999999,-0.9123869730301014,102.76
SA_148,2025-12-31,157.66,53.449,12.736,4.817,7.919,32.923,80.876,28.533,104.211,13.049,0.684,52.343,18.922,-259.093,-247.253,-249.698,0.123,11.175,-32.793,-30.207,-63.0,-0.5829398429212729,0.34761232413897436,0.31529484663843865,0.17631257631257635,0.4171438797423048,-0.41529472356900565,-0.41888571141161424,1.2737269901984223,-0.6920160182051927,-0.3196204181657021,-0.2101616628175519,-74.282,-0.39511540182852756,-174.23000000000002,-173.89499999999998,-166.001,-0.6684636118598383,0.04439252336448618,18.037,2.3739528649614656,-3.2169999999999987
SA_269,2022-03-31,36.2266,32.5514,0.9585,0.2116,0.7469,0.7419,1.5429,13.2825,3.6752,0.0017,0.0,-11.7396,5.2485,1.031,1.5257,0.0097,0.9064,,6.3615,-24.2323,-17.8708,,,,,,,,,,,,,,,,,,,,,
SA_269,2023-03-31,96.2016,83.483,3.1148,1.8793,1.2354,0.6515,22.3453,80.4569,12.7186,0.0892,0.0,-58.1116,8.4325,0.4308,1.8253,-3.4745,3.2755,,0.3359,-63.4616,-63.1257,1.6555514456228297,1.564651597166328,2.2496609285341678,7.881379962192817,0.65403668496452,-0.1218493058363661,13.482662518633743,5.0573611895351025,2.460655202437963,51.47058823529412,,-46.372,0.6066495189101646,-0.6001999999999998,0.29959999999999987,-3.4842,2.613746690203001,,-6.025600000000001,1.6188847117277354,-45.254900000000006
SA_269,2024-03-31,87.8597,70.1138,0.783,0.5046,0.2783,0.6209,2.0942,69.6803,17.7459,0.0205,0.0,-67.5861,9.381,-2.4918,-0.0494,1.023,6.1211,,-4.1037,-0.8994,-5.003,-0.08671269500715162,-0.16014278356072498,-0.748619494028509,-0.7314957697014846,-0.7747288327667152,-0.04696853415195701,-0.9062800678442446,-0.13394252077820545,0.3952714921453617,-0.7701793721973094,,-9.474499999999999,0.11248147050103774,-2.9226,-1.8746999999999998,4.4975,0.868752862158449,,-4.4395999999999995,-0.9858276501065211,58.1227
SA_269,2025-03-31,63.6267,58.4314,2.5626,2.5626,0.0,0.3349,3.8344,58.3107,5.1953,1.0989,0.0,-54.4763,5.0443,-3.4691,-1.3461,-15.8424,4.9511,,-2.9684,-0.235,-3.2034,-0.27581473644913423,-0.1666205511611124,2.2727969348659007,4.078478002378121,-1.0,-0.4606216782090514,0.8309617037532233,-0.1631680690238131,-0.7072394186826253,52.604878048780485,,13.1098,-0.46228547063212877,-0.9773000000000001,-1.2967,-16.8654,-0.19114211497933375,,1.1353,-0.7387146986880142,1.7996000000000003
NB_1092,2016-12-31,5128.5,2765.5,1431.1,0.0,1431.1,251.5,1445.2,842.8,2363.0,550.7,531.1,602.4,4984.9,632.7,755.4,413.2,49.1,94.6,650.5,-149.3,501.2,,,,,,,,,,,,,,,,,,,,,
NB_1092,2017-12-31,5511.4,2910.3,1507.6,0.0,1507.6,323.0,1601.7,906.8,2601.1,555.3,580.8,694.9,5283.3,682.5,812.8,472.6,49.4,98.6,600.3,-165.0,435.3,0.07466120698059853,0.052359428674742414,0.053455383970372417,,0.053455383970372417,0.2842942345924453,0.10828951010240795,0.07593735168486004,0.10076174354633927,0.008353005266024782,0.09357936358501218,92.5,0.05986077955425406,49.799999999999955,57.39999999999998,59.400000000000034,0.006109979633401208,0.04228329809725162,-50.200000000000045,0.10515740120562622,-65.89999999999998
NB_1092,2018-12-31,5964.6,3784.6,2334.0,525.0,1809.0,262.9,1686.1,1492.1,2180.0,571.7,678.9,194.0,5485.1,595.2,744.8,389.6,74.5,113.5,604.0,-150.1,453.9,0.08222956054722941,0.3004157646977974,0.5481560095516054,,0.1999204032899975,-0.18606811145510838,0.052694012611600005,0.6454565505072782,-0.16189304525008652,0.029533585449306843,0.16890495867768607,-500.9,0.038195824579335014,-87.29999999999995,-68.0,-83.0,0.5080971659919029,0.15111561866125767,3.7000000000000455,-0.09030303030303033,18.599999999999966
NB_1092,2019-12-31,6291.3,3863.5,2357.2,432.8,1924.4,387.9,1898.2,1409.3,2427.8,624.8,718.6,488.9,5764.6,698.5,894.0,431.9,94.2,111.3,637.2,-131.8,505.4,0.05477316165375723,0.020847645722137154,0.009940017137960444,-0.17561904761904756,0.06379215035931463,0.4754659566375048,0.12579325069687464,-0.05549225923195489,0.11366972477064219,0.09288088158124874,0.058476948004124285,294.9,0.050956226869154575,103.29999999999995,149.20000000000005,42.299999999999955,0.2644295302013424,-0.01938325991189427,33.200000000000045,-0.12191872085276467,51.5
NB_1092,2020-12-31,7358.7,4583.2,2751.2,38.5,2712.7,419.1,2208.5,1345.1,2775.5,734.9,867.2,863.4,6090.3,801.4,1009.5,553.1,83.9,121.5,825.7,-150.5,675.2,0.16966286776977735,0.18628186877183905,0.16714746309180395,-0.9110443622920518,0.40963417168987726,0.08043310131477188,0.16347065641133707,-0.04555453061803738,0.14321608040200995,0.1762163892445583,0.206790982465906,374.5,0.0565000173472574,102.89999999999998,115.5,121.20000000000005,-0.10934182590233543,0.09164420485175206,188.5,0.14188163884673743,169.80000000000007
NB_2950,2016-12-31,4964.0,3811.0,3054.0,166.0,2888.0,248.0,2738.0,564.0,1153.0,278.0,499.0,2174.0,1309.0,-53.0,124.0,-61.0,185.0,117.0,210.0,-86.0,124.0,,,,,,,,,,,,,,,,,,,,,
NB_2950,2017-12-31,4864.0,3849.0,3147.0,22.0,3125.0,1116.0,2639.0,353.0,1015.0,328.0,473.0,2286.0,1698.0,141.0,323.0,-285.0,188.0,125.0,272.0,-91.0,181.0,-0.02014504431909747,0.009971136184728335,0.03045186640471509,-0.8674698795180723,0.08206371191135742,3.5,-0.036157779401022605,-0.374113475177305,-0.11968777103209016,0.17985611510791366,-0.05210420841683372,112.0,0.29717341482047366,194.0,199.0,-224.0,0.016216216216216273,0.06837606837606836,62.0,0.058139534883721034,57.0
NB_2950,2018-12-31,4642.0,3780.0,3161.0,22.0,3139.0,1034.0,2544.0,300.0,862.0,317.0,479.0,2244.0,1819.0,200.0,395.0,-7.0,193.0,134.0,170.0,-117.0,53.0,-0.04564144736842102,-0.017926734216679674,0.004448681283762301,0.0,0.0044800000000000395,-0.07347670250896055,-0.035998484274346376,-0.15014164305949007,-0.15073891625615765,-0.03353658536585369,0.012684989429175397,-42.0,0.07126030624263846,59.0,72.0,278.0,0.02659574468085113,0.07200000000000006,-102.0,0.2857142857142858,-128.0
NB_2950,2019-12-31,5268.0,4352.0,3126.0,76.0,3050.0,302.0,2073.0,702.0,916.0,482.0,1131.0,1371.0,2642.0,95.0,416.0,-109.0,201.0,194.0,441.0,-198.0,243.0,0.13485566566135287,0.1513227513227513,-0.011072445428661815,2.4545454545454546,-0.028352978655622807,-0.7079303675048356,-0.18514150943396224,1.3399999999999999,0.06264501160092806,0.5205047318611988,1.3611691022964512,-873.0,0.45244639912039575,-105.0,21.0,-102.0,0.041450777202072464,0.4477611940298507,271.0,0.6923076923076923,190.0
NB_2950,2020-12-31,6568.0,4697.0,3401.0,97.0,3304.0,619.0,2529.0,805.0,1871.0,540.0,1137.0,1724.0,2758.0,271.0,623.0,969.0,189.0,238.0,355.0,-195.0,160.0,0.24677296886864086,0.0792738970588236,0.08797184900831745,0.2763157894736843,0.0832786885245902,1.0496688741721854,0.2199710564399422,0.1467236467236468,1.0425764192139737,0.1203319502074689,0.0053050397877985045,353.0,0.04390613171839508,176.0,207.0,1078.0,-0.05970149253731338,0.2268041237113403,-86.0,-0.015151515151515138,-83.0
NB_3043,2017-04-30,11.4307,0.1805,0.0,0.0,0.0,6.8206,7.2688,0.1805,11.2502,0.0,0.0,7.0883,0.0,-4.1453,,-4.1485,0.0042,,-3.4033,0.0,-3.4033,,,,,,,,,,,,,,,,,,,,,
NB_3043,2018-04-30,12.9863,0.2861,0.0,0.0,0.0,7.6463,8.2783,0.2861,12.7003,0.0,0.0,7.9922,0.0,-8.2626,,-13.6585,0.0001,,-6.9864,0.0,-6.9864,0.13608965330207257,0.5850415512465377,,,,0.12105973081547083,0.1388812458727713,0.5850415512465377,0.12889548630246583,,,0.9039000000000001,,-4.117300000000001,,-9.51,-0.9761904761904762,,-3.5830999999999995,,-3.5830999999999995
NB_3043,2019-04-30,7.4018,0.249,0.0,0.0,0.0,2.1972,2.8104,0.1602,7.1528,0.0,0.0,2.6502,0.0,-7.6112,-7.6042,-8.0466,0.0,0.007,-5.6689,0.0,-5.6689,-0.4300301086529651,-0.12967493883257608,,,,-0.7126453317290715,-0.6605100080934492,-0.44005592450192244,-0.4368007054951458,,,-5.3420000000000005,,0.6514000000000006,,5.6119,-1.0,,1.3175,,1.3175
NB_3043,2020-04-30,9.8342,0.3262,0.0,0.0,0.0,2.75,3.1817,0.1578,9.508,0.0,0.0,3.0239,0.0,-5.6875,-5.6768,-5.2494,0.0,0.0107,-3.8977,0.0,-3.8977,0.3286227674349482,0.31004016064257023,,,,0.25159293646459124,0.1321164247082267,-0.014981273408239737,0.3292696566379598,,,0.3736999999999999,,1.9237000000000002,1.9273999999999996,2.7972,,0.5285714285714285,1.7711999999999999,,1.7711999999999999
NB_3043,2021-04-30,31.3234,0.8237,0.0,0.0,0.0,13.6454,14.0758,0.619,30.4997,0.0,0.0,13.4567,0.0,-12.3871,-12.3642,-12.3871,0.0,0.0229,-8.5906,-0.043,-8.6336,2.18514978340892,1.5251379521765789,,,,3.9619636363636364,3.4239871766665617,2.922686945500634,2.207793437105596,,,10.4328,,-6.6996,-6.6874,-7.137700000000001,,1.1401869158878508,-4.6929,,-4.735899999999999
NB_1533,2017-06-30,0.0138,0.0853,0.0509,0.0509,0.0,0.0,0.0023,0.0853,-0.0715,,0.0,-0.083,,,,,,,,,,,,,,,,,,,,,,,,,,,,,,
NB_1533,2018-06-30,3.1994,0.1887,0.0,0.0,0.0,2.6909,2.7735,0.1887,3.0107,0.0682,0.0,2.5848,0.0,-1.0174,-1.0174,-1.0174,,0.0,-0.2369,-0.0825,-0.3194,230.8405797101449,1.2121922626025792,-1.0,-1.0,,,1204.8695652173913,1.2121922626025792,-43.10769230769231,,,2.6678,,,,,,,,,
NB_1533,2019-06-30,2.5115,0.0479,0.0,0.0,0.0,1.729,1.7536,0.0479,2.4637,0.0106,0.0,1.7057,0.0,-0.582,,-0.5504,,0.0,-0.5121,-0.4288,-0.9409,-0.21500906419953736,-0.7461579226285109,,,,-0.3574640454866401,-0.36773030466919054,-0.7461579226285109,-0.181685322350284,-0.844574780058651,,-0.8791,,0.4354000000000001,,0.4670000000000001,,,-0.2752,4.197575757575757,-0.6214999999999999
NB_1533,2020-06-30,2.0478,0.0652,0.0179,0.0179,0.0,1.1363,1.1827,0.0652,1.9827,0.0292,0.0,1.1175,0.0,-0.513,-0.4909,-0.501,0.0032,0.022,-0.4369,-0.0874,-0.5244,-0.18463069878558624,0.36116910229645094,,,,-0.34279930595720065,-0.32555885036496346,0.36116910229645094,-0.19523480943296667,1.7547169811320753,,-0.5882000000000001,,0.06899999999999995,,0.0494,,,0.07519999999999999,-0.7961753731343284,0.4165
NB_1533,2021-06-30,2.0929,0.7734,0.3566,0.0608,0.2958,1.2729,1.31,0.4776,1.3196,0.0003,0.0,0.8324,0.0,-6.0428,-6.0358,-9.886,0.0056,0.0007,-2.6585,-0.4271,-3.0856,0.022023635120617335,10.86196319018405,18.921787709497206,2.3966480446927374,,0.12021473202499333,0.10763507229221281,6.32515337423313,-0.33444293135623127,-0.9897260273972602,,-0.2850999999999999,,-5.5298,-5.5449,-9.385,0.75,-0.9681818181818181,-2.2216,3.886727688787185,-2.5612
NB_658,2016-12-31,1684.342,1214.469,704.755,135.0,569.755,23.001,446.495,366.52,469.873,147.074,258.029,79.975,1734.763,111.317,202.407,49.554,,80.652,172.751,-155.349,17.402,,,,,,,,,,,,,,,,,,,,,
NB_658,2017-12-31,1802.252,1226.818,725.524,155.0,570.524,15.738,452.789,419.252,575.434,142.065,266.043,33.537,1730.408,72.328,177.318,97.339,,97.0,178.67,-199.748,-21.078,0.07000359784414312,0.010168229901298398,0.029469815751573147,0.14814814814814814,0.0013497029424929252,-0.31576887961392985,0.014096462446387958,0.14387209429226244,0.22465857795617117,-0.034057685246882574,0.031058524429424583,-46.437999999999995,-0.0025104293785376264,-38.98899999999999,-25.089,47.785,,0.2026980112086494,5.918999999999983,0.28580164661504104,-38.480000000000004
NB_658,2018-12-31,1788.118,1361.722,792.125,120.833,671.292,22.484,443.947,449.295,426.396,145.519,266.244,-5.348,1724.218,-97.909,4.044,-143.767,,94.4,168.899,-295.708,-126.809,-0.007842410495313645,0.10996252092812453,0.09179710112966633,-0.22043225806451616,0.17662359515112436,0.4286440462574661,-0.019527859554892002,0.07165857288695099,-0.259001032264343,0.024312814556717077,0.0007555169653026272,-38.885,-0.0035771910439618138,-170.23700000000002,-173.274,-241.106,,-0.02680412371134011,-9.770999999999987,0.4804053106914714,-105.731
NB_658,2019-12-31,1877.7,1445.7,981.9,31.8,950.1,20.0,465.8,280.4,432.0,159.1,281.4,185.4,1761.5,45.4,176.0,-5.6,,108.4,55.6,-140.1,-84.5,0.05009848343341994,0.06167044374696151,0.23957708694966073,-0.7368268602120281,0.4153304374251443,-0.11047856253335708,0.049224344347410964,-0.3759111496900701,0.013142712408183987,0.09332801902157106,0.0569252264839768,190.74800000000002,0.021622555848506364,143.309,171.956,138.167,,0.14830508474576276,-113.299,-0.5262218134105267,42.309
NB_658,2020-12-31,1800.4,1279.3,787.6,16.9,770.7,35.9,474.9,244.8,521.1,160.6,263.3,230.1,1868.6,158.1,285.0,77.1,,107.8,247.0,-39.6,207.4,-0.04116738563135747,-0.11509995158054931,-0.1978816580099806,-0.46855345911949686,-0.18882222923902747,0.7949999999999999,0.019536281665951005,-0.12696148359486437,0.20625000000000004,0.009428032683846732,-0.064321250888415,44.69999999999999,0.06080045415838775,112.69999999999999,109.0,82.69999999999999,,-0.005535055350553542,191.4,-0.7173447537473233,291.9
NB_772,2016-06-30,1.3127,0.1137,0.0,0.0,0.0,1.2545,1.3127,0.1137,1.1989,0.0,0.0,1.1989,0.0,-1.2202,-1.2202,-1.2202,,0.0,-0.6926,0.0,-0.6926,,,,,,,,,,,,,,,,,,,,,
NB_772,2017-06-30,5.3675,0.1374,0.0,0.0,0.0,5.1917,5.3675,0.1374,5.2301,0.0,0.0,5.2301,0.0,-2.8365,-2.8365,-2.8365,,0.0,-1.1428,0.0,-1.1428,3.0889007389350196,0.20844327176780997,,,,3.138461538461539,3.0889007389350196,0.20844327176780997,3.362415547585287,,,4.0312,,-1.6163,-1.6163,-1.6163,,,-0.45020000000000004,,-0.45020000000000004
NB_772,2018-06-30,13.9665,0.2564,0.0,0.0,0.0,13.8108,13.9665,0.2564,13.7101,0.0,0.0,13.7101,0.0,-3.7676,-3.7676,-6.1888,,0.0,-1.0011,-2.58,-3.5811,1.6020493712156498,0.8660844250363904,,,,1.6601691160891425,1.6020493712156498,0.8660844250363904,1.621383912353492,,,8.48,,-0.9310999999999998,-0.9310999999999998,-3.3522999999999996,,,0.14169999999999994,,-2.4383
NB_772,2019-06-30,8.7619,0.4193,0.0,0.0,0.0,8.6007,8.7619,0.4193,8.3426,0.0,0.0,8.3426,0.0,-4.4405,-4.4405,-8.3558,,0.0,-1.0701,-4.14,-5.2101,-0.3726488382916263,0.6353354134165365,,,,-0.377248240507429,-0.3726488382916263,0.6353354134165365,-0.3914996973034479,,,-5.3675000000000015,,-0.6729000000000003,-0.6729000000000003,-2.1670000000000007,,,-0.06899999999999995,0.6046511627906974,-1.6289999999999996
NB_772,2020-06-30,3.0842,1.0894,0.0,0.0,0.0,3.0119,3.0842,1.0894,1.9948,0.0,0.0,1.9948,0.0,-5.595,-5.595,-9.24,,0.0,-1.3921,-3.72,-5.1121,-0.6479987217384358,1.5981397567374191,,,,-0.6498075738021324,-0.6479987217384358,1.5981397567374191,-0.7608898904418286,,,-6.347799999999999,,-1.1544999999999996,-1.1544999999999996,-0.8841999999999999,,,-0.32199999999999984,-0.10144927536231874,0.09799999999999986
NB_772,2021-06-30,35.9709,1.4221,0.0,0.0,0.0,35.2206,35.9343,0.2221,34.5488,0.0,0.0,35.7122,0.0,-10.6622,,23.8691,,0.0,-8.3784,-3.8978,-12.2762,10.662959600544712,0.3053974664953185,,,,10.693814535675155,10.651092665845276,-0.7961263080594823,16.319430519350313,,,33.717400000000005,,-5.067200000000001,,33.1091,,,-6.986299999999999,0.047795698924731234,-7.1640999999999995
NB_202,2016-12-31,295.517,119.123,49.838,2.838,47.0,36.377,63.812,67.648,162.613,18.696,0.0,-3.836,498.89,24.058,35.63,13.128,0.894,8.419,47.896,-16.66,31.236,,,,,,,,,,,,,,,,,,,,,
NB_202,2017-12-31,1467.262,442.868,274.875,14.566,260.309,221.521,262.378,171.041,1003.094,28.085,0.0,91.337,736.386,-147.871,-110.067,-103.118,7.736,14.543,41.823,-26.837,14.986,3.9650679994721116,2.717737128850012,4.515369798145993,4.132487667371389,4.538489361702128,5.089589575830882,3.1117344700056417,1.528396996215705,5.168596606667364,0.5021929824561402,,95.173,0.47604882839904583,-171.929,-145.697,-116.246,7.65324384787472,0.7274023043116757,-6.073,0.6108643457382952,-16.25
NB_202,2018-12-31,1808.027,467.877,259.736,13.75,245.986,336.984,474.127,201.237,1321.987,51.513,0.0,272.89,1132.241,63.906,150.428,77.318,11.741,24.31,223.7,-46.976,176.724,0.23224550216662054,0.05647055104455512,-0.0550759436107322,-0.056020870520389954,-0.05502306873753893,0.5212282356977442,0.8070379376319663,0.17654246642617855,0.31790938835243754,0.8341819476588925,,181.553,0.5375645381634089,211.77700000000002,260.495,180.43599999999998,0.5177094105480868,0.6715945815856426,181.87699999999998,0.750419197376756,161.738
NB_202,2019-12-31,1921.611,571.396,378.305,26.984,351.321,390.565,499.993,214.954,1323.552,41.669,0.0,285.039,1326.205,38.645,151.999,34.829,11.509,39.915,214.161,-68.804,145.357,0.06282207068810375,0.22125259416470566,0.4564981365694398,0.9624727272727274,0.42821542689421355,0.15900161431996773,0.05455500319534634,0.0681634093133967,0.001183824046681048,-0.19109739289111494,,12.149000000000001,0.17130981831606507,-25.260999999999996,1.570999999999998,-42.489,-0.019759816029298993,0.641916906622789,-9.538999999999987,0.46466280653950953,-31.36699999999999
NB_202,2020-12-31,2368.182,1058.961,831.552,15.7,815.852,812.705,977.806,233.678,1282.857,43.148,0.0,744.128,1467.925,-6.368,108.742,-6.283,14.178,52.621,188.419,-52.488,135.931,0.23239406935118478,0.8532873873810809,1.1980994171369663,-0.4181737325822711,1.3222409135804574,1.0808444177025591,0.9556393789513054,0.08710700894144785,-0.0307468085878001,0.035494012335309355,,459.08900000000006,0.10686130726395993,-45.013000000000005,-43.25699999999999,-41.112,0.23190546528803546,0.31832644369284746,-25.74199999999999,-0.23713737573396898,-9.425999999999988
NB_1572,2016-12-31,9323.0,5310.0,1384.0,189.0,1195.0,433.0,1403.0,2214.0,4013.0,172.0,47.0,-811.0,6632.0,1312.0,1705.0,759.0,103.0,337.0,1632.0,-1011.0,621.0,,,,,,,,,,,,,,,,,,,,,
NB_1572,2017-12-31,9781.0,5049.0,1199.0,196.0,1003.0,303.0,1206.0,2146.0,4732.0,245.0,55.0,-940.0,7012.0,973.0,1397.0,1140.0,61.0,383.0,1379.0,-1202.0,177.0,0.04912581786978443,-0.04915254237288136,-0.13367052023121384,0.03703703703703698,-0.1606694560669456,-0.3002309468822171,-0.14041339985744827,-0.030713640469738013,0.17916770495888357,0.4244186046511629,0.17021276595744683,-129.0,0.05729794933654997,-339.0,-308.0,381.0,-0.4077669902912622,0.13649851632047483,-253.0,0.18892185954500484,-444.0
NB_1572,2018-12-31,10959.0,6274.0,2601.0,442.0,2159.0,474.0,1388.0,2525.0,4685.0,211.0,78.0,-1137.0,7658.0,266.0,905.0,189.0,60.0,423.0,1200.0,-1114.0,86.0,0.12043758306921593,0.24262230144583086,1.16930775646372,1.2551020408163267,1.152542372881356,0.5643564356435644,0.15091210613598682,0.17660764212488345,-0.00993237531699065,-0.13877551020408163,0.4181818181818182,-197.0,0.09212778094694807,-707.0,-492.0,-951.0,-0.016393442622950838,0.10443864229765021,-179.0,-0.07321131447587359,-91.0
NB_1572,2019-12-31,11918.0,7119.0,3152.0,472.0,2680.0,959.0,1786.0,2663.0,4799.0,231.0,81.0,-877.0,8094.0,800.0,1486.0,569.0,65.0,474.0,1449.0,-1156.0,293.0,0.0875079843051374,0.13468281797896076,0.21184159938485192,0.0678733031674208,0.2413154238073183,1.0232067510548521,0.2867435158501441,0.0546534653465347,0.024332977588046978,0.09478672985782,0.03846153846153855,260.0,0.05693392530686858,534.0,581.0,380.0,0.08333333333333326,0.12056737588652489,249.0,0.037701974865349985,207.0
NB_1572,2020-12-31,13406.0,9455.0,5728.0,563.0,5165.0,1918.0,3345.0,2674.0,3951.0,98.0,71.0,671.0,2957.0,-1714.0,-1024.0,-1354.0,166.0,491.0,-683.0,-791.0,-1474.0,0.1248531632824299,0.32813597415367335,0.8172588832487309,0.19279661016949157,0.9272388059701493,1.0,0.8729003359462486,0.004130679684566374,-0.17670347989164414,-0.5757575757575757,-0.12345679012345678,1548.0,-0.6346676550531258,-2514.0,-2510.0,-1923.0,1.5538461538461537,0.03586497890295348,-2132.0,-0.3157439446366782,-1767.0
NB_2900,2016-12-31,70.6527,16.9595,7.4444,0.687,6.7574,16.8623,53.3142,8.2461,53.6932,0.561,33.1775,45.0682,82.924,10.3007,12.0199,6.4023,0.1552,1.7175,7.5396,-1.6977,5.8419,,,,,,,,,,,,,,,,,,,,,
NB_2900,2017-12-31,74.9146,15.3756,7.3717,0.6143,6.7574,18.3373,57.8132,6.9812,59.539,0.4612,37.3112,50.8319,82.3213,7.2418,9.1169,4.4518,0.2056,1.8735,3.0216,-1.6896,1.3319,0.060321827757467084,-0.09339308352250941,-0.00976572994465641,-0.10582241630276579,0.0,0.08747323911921856,0.08438652366536492,-0.1533937255187301,0.10887412186273138,-0.1778966131907309,0.12459347449325597,5.7637,-0.007268100911678288,-3.0589000000000013,-2.9030000000000005,-1.9505,0.32474226804123707,0.09082969432314414,-4.518000000000001,-0.00477116098250574,-4.51
NB_2900,2018-12-31,76.7813,18.4949,8.968,0.5195,8.4485,24.0704,59.8166,8.0754,58.2864,0.4082,33.3025,51.7412,83.2036,5.9632,7.762,4.3984,0.305,1.796,7.7717,-1.0883,6.6834,0.02491770629490131,0.20287338380290865,0.21654435204905242,-0.154321992511802,0.2502589753455471,0.31264690003435613,0.03465298582330667,0.15673523176531257,-0.02103831102302689,-0.11491760624457936,-0.10743958918501673,0.9093000000000018,0.010717760773943041,-1.2786,-1.3548999999999998,-0.05340000000000078,0.4834630350194551,-0.04136642647451294,4.7501,-0.3558830492424242,5.3515
NB_2900,2019-12-31,80.1112,23.6917,14.4774,3.8227,10.6546,15.9052,52.5157,12.2321,56.4194,0.4087,24.0418,40.2836,74.9182,-2.5982,3.2082,-1.9038,0.0363,1.6552,10.4713,-0.269,10.2023,0.043368632726979106,0.28098556899469584,0.6143398751115074,6.358421559191531,0.26112327632124055,-0.3392216165913321,-0.1220547473443826,0.5147361121430518,-0.03203148590408733,0.0012248897599216324,-0.27807822235567914,-11.4576,-0.09957982587291891,-8.561399999999999,-4.553799999999999,-6.302199999999999,-0.8809836065573771,-0.07839643652561246,2.6995999999999993,-0.7528255076725168,3.5188999999999995
NB_2900,2020-12-31,75.693,23.499,13.221,3.53,9.691,10.329,51.012,12.923,52.194,0.35,36.779,38.089,64.084,-6.348,-0.917,-4.901,0.007,1.021,-12.527,-1.313,-13.84,-0.05515084033193862,-0.0081336501812872,-0.08678353848066633,-0.07656891725743598,-0.09043981003510215,-0.3505897442345899,-0.02863334202914558,0.05648253366143163,-0.07489267875943384,-0.14362613163689752,0.529793942217305,-2.194600000000001,-0.14461372536980333,-3.7498,-4.1252,-2.9972,-0.8071625344352618,-0.3831561140647657,-22.9983,3.881040892193308,-24.042299999999997
NB_5,2016-12-31,8315.033,5398.841,1043.255,0.306,1042.949,135.178,5172.764,3676.046,2916.192,407.301,4325.868,1496.718,9567.679,787.598,1045.985,459.622,59.91,215.981,523.303,-259.559,263.744,,,,,,,,,,,,,,,,,,,,,
NB_5,2017-12-30,8482.301,5067.105,1044.677,0.35,1044.327,546.937,5426.892,3480.097,3415.196,389.963,4168.492,1946.795,9373.784,570.212,819.472,475.505,58.801,206.9,600.805,-189.758,411.047,0.02011633627912235,-0.06144578067774187,0.0013630416341161578,0.14379084967320255,0.0013212534841109402,3.046050392815399,0.04912808703432048,-0.05330428400515108,0.17111493344745465,-0.042568027085619686,-0.036380213173402454,450.077,-0.020265625550355604,-217.38599999999997,-226.51299999999992,15.882999999999981,-0.018511099983308243,-0.04204536510155976,77.50199999999995,-0.2689215168805551,147.303
NB_5,2018-12-29,9040.648,5489.835,1045.93,0.21,1045.72,896.527,6082.454,3885.95,3550.813,397.909,4362.547,2196.504,9580.554,604.275,1396.259,423.847,56.588,201.6,811.028,-193.715,617.313,0.06582494537743933,0.08342633515587305,0.0011994137900999124,-0.4,0.0013338733940615466,0.6391778212115837,0.12079879238429658,0.11662117463967236,0.03970987316686947,0.020376292109764105,0.04655280614668311,249.70899999999983,0.022058327778835096,34.06299999999999,576.787,-51.658000000000015,-0.037635414363701325,-0.02561623972933791,210.22300000000007,0.02085287576808348,206.26599999999996
NB_5,2019-12-28,11248.525,7699.444,3242.461,477.982,2764.479,418.665,5695.543,4477.702,3549.081,422.403,4432.168,1217.841,9709.003,677.18,1438.479,486.896,39.898,206.671,866.909,-270.129,596.78,0.24421667561882732,0.4024909673970165,2.1000745747803387,2275.104761904762,1.6436130130436442,-0.5330146219801524,-0.06361100305896272,0.15227988008080406,-0.00048777561645740874,0.06155678810984422,0.015958796547063114,-978.663,0.013407262252266516,72.90499999999997,42.22000000000003,63.049000000000035,-0.2949388562946207,0.025153769841269824,55.88099999999997,0.394466097101412,-20.533000000000015
NB_5,2021-01-02,11839.636,8280.124,3510.071,462.588,3047.483,834.992,6270.001,4743.915,3559.512,449.403,4538.199,1526.086,10106.321,749.907,1525.993,493.021,46.886,218.481,969.688,-267.576,702.112,0.05255008990067589,0.07541843281151195,0.08253298960265054,-0.032206233707545495,0.10237154993761943,0.9944155828645813,0.10086097146488071,0.05945304086783798,0.0029390707059095966,0.0639200005681777,0.023923055263248116,308.2450000000001,0.04092263644372118,72.72700000000009,87.5139999999999,6.125,0.17514662389092184,0.05714396311045089,102.779,-0.009451040058638616,105.332
NB_798,2016-12-31,428.765,361.075,233.154,0.0,233.154,130.16,308.948,106.255,67.69,97.793,71.054,202.693,662.112,25.383,41.834,6.785,19.318,,49.365,-11.429,37.936,,,,,,,,,,,,,,,,,,,,,
NB_798,2017-12-31,384.388,309.646,166.949,3.191,163.758,52.244,274.646,123.743,74.742,108.595,99.015,150.903,755.231,30.851,46.195,-1.705,19.149,,2.257,-13.458,-11.201,-0.10349958602031417,-0.14243301253202234,-0.2839539531811591,,-0.29764018631462463,-0.5986170866625691,-0.11102839312764601,0.16458519599077692,0.10418082434628473,0.11045780372828307,0.3935176063275818,-51.79000000000002,0.14063934802571176,5.468,4.360999999999997,-8.49,-0.008748317631224745,,-47.108000000000004,0.1775308425934028,-49.137
NB_798,2018-12-31,412.688,303.092,163.758,9.102,154.656,70.913,309.287,132.716,109.596,133.935,92.359,176.571,897.737,62.941,78.211,41.489,14.676,,40.992,-14.15,26.842,0.07362352622870638,-0.02116610581115219,-0.019113621525136404,1.8523973675963652,-0.05558201736709045,0.3573424699487022,0.12612963596775462,0.07251319266544387,0.46632415509352176,0.2333440766149455,-0.06722213805988997,25.668000000000006,0.18869193663925343,32.09,32.016,43.193999999999996,-0.23358922136926208,,38.735,0.05141923019765193,38.043
NB_798,2019-12-31,435.826,307.138,194.17,11.23,182.94,39.511,255.972,106.607,128.688,115.099,82.872,149.365,901.238,40.636,63.429,15.778,16.855,,36.746,-24.002,12.744,0.05606656844880398,0.013349082126878908,0.18571306439990698,0.23379477038013619,0.18288330229671002,-0.4428243058395498,-0.17238034576299677,-0.19672835227101482,0.1742034380816817,-0.14063538283495725,-0.10271873883433125,-27.20599999999999,0.003899805845141824,-22.305,-14.781999999999996,-25.711,0.14847369855546466,,-4.245999999999995,0.6962544169611307,-14.097999999999999
NB_798,2020-12-31,454.373,359.003,180.471,11.958,168.513,50.503,310.537,164.887,95.37,151.101,91.247,145.65,717.699,-23.169,6.538,-37.049,20.603,18.493,34.372,-7.142,27.23,0.042555974173179134,0.16886546112822254,-0.07055157851367355,0.06482635796972391,-0.07886192194162012,0.27820100731441877,0.21316784648320897,0.5466807995722607,-0.2589052592316299,0.31279159679927715,0.1010594651993435,-3.7150000000000034,-0.20365208746191366,-63.80500000000001,-56.891000000000005,-52.827,0.22236725007416203,,-2.3740000000000023,-0.702441463211399,14.486
NB_1059,2020-12-31,182.141,92.654,0.135,0.135,0.0,7.914,19.972,63.581,89.487,5.423,0.0,-43.609,14.575,-59.2,-40.167,0.0,1.414,,27.79,-19.51,8.28,,,,,,,,,,,,,,,,,,,,,
NB_2602,2017-05-31,1760.4,452.5,13.8,7.3,6.5,444.1,970.5,387.1,1307.9,199.2,282.5,583.4,1741.6,88.9,128.0,52.3,2.4,,141.4,-65.7,75.7,,,,,,,,,,,,,,,,,,,,,
NB_2602,2018-05-31,1825.4,504.6,15.4,9.2,6.2,391.9,958.3,445.8,1320.8,204.9,294.9,512.5,1628.4,55.6,99.8,-5.0,2.0,,141.5,-121.5,20.0,0.03692342649397862,0.11513812154696135,0.11594202898550732,0.26027397260273966,-0.0461538461538461,-0.11754109434811988,-0.012570839773312747,0.1516404029966416,0.009863139383744723,0.028614457831325435,0.04389380530973441,-70.89999999999998,-0.06499770326136878,-33.300000000000004,-28.200000000000003,-57.3,-0.16666666666666663,,0.09999999999999432,0.8493150684931505,-55.7
NB_2602,2019-05-31,1878.5,605.7,17.4,9.0,8.4,334.1,960.6,541.5,1272.8,250.1,323.7,419.1,1653.9,25.0,84.3,15.6,2.2,59.3,116.4,-95.0,21.4,0.02908951462693099,0.2003567181926278,0.1298701298701297,-0.021739130434782483,0.3548387096774195,-0.1474866037254401,0.0024000834811646055,0.21467025572005372,-0.036341611144760755,0.22059541239629077,0.09766022380467954,-93.39999999999998,0.015659543109801,-30.6,-15.5,20.6,0.10000000000000009,,-25.099999999999994,-0.21810699588477367,1.3999999999999986
NB_2602,2020-05-31,2033.6,853.0,328.6,32.8,295.8,393.8,1035.3,501.5,1180.6,239.8,270.6,533.8,1487.1,-88.5,4.1,-43.8,3.0,64.0,2.1,-62.7,-60.6,0.08256587702954477,0.40828793131913477,17.88505747126437,2.644444444444444,34.214285714285715,0.17868901526489078,0.07776389756402247,-0.07386888273314862,-0.07243871778755506,-0.041183526589364194,-0.16404077849860976,114.69999999999993,-0.10085253038273179,-113.5,-80.2,-59.4,0.36363636363636354,0.07925801011804379,-114.30000000000001,-0.33999999999999997,-82.0
NB_2602,2021-05-31,2008.3,826.0,293.6,210.1,83.5,366.5,1028.3,695.5,1182.3,256.1,269.7,332.8,1300.3,-22.7,70.5,-11.0,6.2,58.3,71.0,-47.2,23.8,-0.012440991345397334,-0.03165298944900352,-0.10651247717589774,5.4054878048780495,-0.7177146720757268,-0.06932453021838503,-0.006761325219743042,0.386839481555334,0.0014399457902760648,0.0679733110925771,-0.003325942350332678,-200.99999999999994,-0.12561361038262386,65.8,66.4,32.8,1.0666666666666669,-0.08906250000000004,68.9,-0.24720893141945777,84.4
NB_3032,2016-12-31,1358.786,1417.502,1006.236,3.5,1002.736,45.812,199.66,92.464,-71.126,104.351,0.0,107.196,456.219,88.144,174.902,-0.423,81.636,,48.249,-5.164,43.085,,,,,,,,,,,,,,,,,,,,,
NB_3032,2017-12-31,1316.755,1263.32,970.666,3.5,967.166,37.009,199.735,80.83,42.655,111.596,0.0,118.905,440.041,52.719,130.954,111.887,79.42,,28.307,-7.445,20.862,-0.030932759095251172,-0.10877021690269217,-0.035349560142948544,0.0,-0.03547294601969009,-0.19215489391425822,0.000375638585595528,-0.12582194151237236,-1.5997103731406237,0.06942913819704666,,11.709000000000003,-0.03546103954460467,-35.425000000000004,-43.94799999999998,112.31,-0.027144887059630474,,-19.942000000000004,0.4417118512780791,-22.223000000000003
NB_3032,2018-12-31,1237.409,1052.036,912.463,38.706,873.757,15.255,173.199,111.278,185.373,110.354,0.0,61.921,439.098,73.64,150.625,137.442,76.667,,50.229,-4.428,45.801,-0.06025874213502136,-0.1672450368869327,-0.059961923050771415,10.058857142857144,-0.09658011137695088,-0.5878029668459024,-0.13285603424537507,0.37669182234318943,3.3458680107841987,-0.011129431162407277,,-56.984,-0.002142982131210447,20.921,19.670999999999992,25.555000000000007,-0.03466381264165197,,21.922,-0.40523841504365354,24.939000000000004
NB_3032,2019-12-31,1249.919,1056.28,925.727,34.925,890.802,33.073,186.039,101.038,193.639,106.148,0.0,85.001,436.929,87.096,165.037,0.925,81.4,,58.505,-5.145,53.36,0.010109834339333323,0.004034082483869383,0.014536479835346672,-0.09768511341910824,0.01950771209844393,1.1680104883644704,0.07413437721926797,-0.09202178328151123,0.044591175629676405,-0.038113706798122426,,23.080000000000005,-0.004939671781698074,13.456000000000003,14.412000000000006,-136.517,0.06173451419776432,,8.276000000000003,0.16192411924119243,7.5589999999999975
NB_3032,2020-12-31,1195.487,995.888,887.791,32.29,855.501,73.385,222.966,106.909,186.898,106.296,0.0,116.057,376.337,31.596,91.418,-8.113,74.507,,73.867,-3.798,70.069,-0.043548421937741555,-0.057174234104593435,-0.040979684075326706,-0.07544738725841083,-0.03962833491617668,1.2188794484927286,0.19849063905955222,0.05810685088778489,-0.03481220208738944,0.0013942796849681915,,31.055999999999997,-0.13867699328723881,-55.5,-73.619,-9.038,-0.08468058968058967,,15.362000000000002,-0.261807580174927,16.709000000000003
NB_728,2016-12-31,12.0377,1.2864,0.0,0.0,0.0,3.4078,7.4268,1.2864,10.7513,1.9596,1.971,6.1403,15.3511,-1.1811,-0.6303,-0.4536,,,0.5963,-0.6458,-0.0495,,,,,,,,,,,,,,,,,,,,,
NB_728,2017-12-30,11.0227,1.7019,0.0,0.0,0.0,1.3396,6.4935,1.7019,9.3208,2.9434,2.1095,4.7917,14.5772,-1.9512,-1.3844,-1.7177,,,-1.7945,-0.2737,-2.0682,-0.08431843292323271,0.32299440298507465,,,,-0.606901813486707,-0.12566650508967525,0.32299440298507465,-0.13305367722973038,0.5020412329046744,0.07026889903602229,-1.3486000000000002,-0.0504133254294481,-0.7701,-0.7541000000000001,-1.2641,,,-2.3908,-0.5761845772685041,-2.0187
NB_728,2018-12-29,8.4911,2.6556,0.0,0.0,0.0,0.6288,7.0312,2.6556,5.8355,3.0531,3.1929,4.3756,21.5809,-0.9006,-0.3324,-3.706,,,-0.3736,-0.3509,-0.7244,-0.2296714960944234,0.5603736999823727,,,,-0.5306061510898775,0.08280588280588286,0.5603736999823727,-0.37392713071839334,0.03726982401304624,0.5135814173974873,-0.41609999999999925,0.48045578025958346,1.0506000000000002,1.052,-1.9883,,,1.4209,0.28206065034709527,1.3437999999999999
NB_728,2019-12-28,9.0243,3.6933,1.4206,1.3976,0.023,0.134,7.4685,3.6703,5.331,4.0869,3.0998,3.7982,21.4684,-0.5972,0.0806,-0.6382,,,-1.2619,-0.4895,-1.7514,0.06279516199314594,0.39075915047446896,,,,-0.7868956743002544,0.06219422004778696,0.3820982075613797,-0.0864536029474765,0.3386066620811634,-0.029158445300510483,-0.5774000000000004,-0.005212942926383968,0.3034,0.413,3.0678,,,-0.8883000000000001,0.39498432601880884,-1.0270000000000001
NB_728,2020-12-26,8.3209,1.9633,0.2377,0.0831,0.1546,0.1952,6.891,1.8087,6.3577,2.9148,3.7095,5.0823,20.8726,0.9142,1.5967,0.9081,,,1.6678,-0.323,1.3449,-0.07794510377536212,-0.4684157799258115,-0.8326763339434042,-0.9405409273039497,5.721739130434782,0.4567164179104477,-0.07732476400883703,-0.5072064953818489,0.192590508347402,-0.2867943918373339,0.19669010903929274,1.2841,-0.02775241750666102,1.5114,1.5161,1.5463,,,2.9297,-0.3401430030643513,3.0963000000000003
NB_973,2016-12-31,34.978,5.04,0.0,0.0,0.0,16.629,32.62,4.933,29.938,5.64,9.469,27.687,30.998,-16.83,-16.025,-16.887,0.0,0.805,-16.553,-1.624,-18.177,,,,,,,,,,,,,,,,,,,,,
NB_973,2017-12-31,22.151,2.859,0.0,0.0,0.0,10.761,20.895,2.627,19.292,3.595,5.718,18.268,19.846,-11.281,-10.6,-11.267,0.002,0.681,-5.874,-0.162,-6.036,-0.3667162216250215,-0.43273809523809526,,,,-0.3528775031571352,-0.3594420600858369,-0.46746401783904323,-0.3556015765916226,-0.36258865248226946,-0.39613475551800614,-9.419,-0.35976514613846056,5.548999999999998,5.424999999999999,5.620000000000001,,-0.15403726708074528,10.679000000000002,-0.9002463054187192,12.141
NB_973,2018-12-31,18.492,7.44,2.219,2.219,0.0,6.335,17.688,7.24,11.052,2.201,8.058,10.448,18.107,-9.085,-8.563,-9.111,0.008,0.522,-6.795,-0.057,-6.852,-0.16518441605345124,1.6023084994753414,,,,-0.4113000650497165,-0.15348169418521185,1.7559954320517703,-0.42712004976155926,-0.3877607788595271,0.40923399790136417,-7.82,-0.08762471026907193,2.1959999999999997,2.036999999999999,2.155999999999999,3.0,-0.23348017621145378,-0.9210000000000003,-0.6481481481481481,-0.8160000000000007
NB_973,2019-12-31,11.739,7.743,5.359,4.172,1.187,0.35,9.334,6.542,3.996,2.337,6.168,2.792,12.705,-6.955,-6.504,-7.373,0.317,0.326,-6.624,-0.129,-6.753,-0.36518494484101227,0.040725806451612945,1.4150518251464623,0.8801261829652998,,-0.9447513812154696,-0.47229760289461775,-0.0964088397790056,-0.6384364820846906,0.06179009541117675,-0.23454951600893514,-7.656000000000001,-0.2983376594687137,2.130000000000001,2.059000000000001,1.7380000000000004,38.625,-0.3754789272030651,0.17100000000000026,1.263157894736842,0.0990000000000002
NB_973,2020-12-31,12.397,8.142,4.181,3.596,0.585,1.836,11.076,7.557,4.255,2.021,5.641,3.519,16.828,-4.07,-3.666,-5.981,0.481,0.184,-2.451,-0.223,-2.674,0.05605247465712582,0.051530414567996896,-0.21981713006157866,-0.13806327900287618,-0.5071609098567819,4.245714285714286,0.1866295264623956,0.15515132986854185,0.06481481481481488,-0.13521608900299542,-0.08544098573281456,0.7270000000000003,0.3245179063360881,2.885,2.8379999999999996,1.3920000000000003,0.5173501577287065,-0.4355828220858896,4.173,0.7286821705426356,4.079000000000001
NB_45,2019-12-31,304.518,99.192,1.951,0.466,1.485,182.275,268.198,97.682,-106.142,83.277,0.0,170.516,106.847,-79.282,-77.443,-77.216,,0.8,-72.46,-3.373,-75.833,,,,,,,,,,,,,,,,,,,,,
NB_45,2020-12-31,404.55,177.91,6.901,0.746,6.155,233.725,354.405,166.701,-139.692,112.639,0.0,187.704,208.357,-40.647,-33.403,-41.021,0.633,1.7,10.368,-3.503,6.865,0.32849289697160766,0.79359222517945,2.5371604305484365,0.6008583690987124,3.1447811447811445,0.28226580715951166,0.32143043572286145,0.7065682520832905,0.3160859980026758,0.3525823456656698,,17.188000000000017,0.9500500715977052,38.635,44.04,36.19499999999999,,1.125,82.82799999999999,0.038541357841684,82.698
NB_3170,2016-12-31,5997.097,4491.35,2204.903,0.0,2204.903,190.93,2377.338,2067.52,1505.747,2054.672,0.0,309.818,1012.488,158.525,300.176,23.499,113.418,,-141.186,-61.799,-202.985,,,,,,,,,,,,,,,,,,,,,
NB_3170,2017-12-31,6688.866,5058.766,2424.97,397.218,2027.752,503.519,3206.059,2575.856,1630.738,2455.907,0.0,630.203,1248.577,233.423,437.147,160.062,107.067,,135.427,-79.276,56.151,0.11535064381983484,0.1263352889443039,0.09980801876545131,,-0.0803441239818713,1.6371916409155185,0.34859199659451034,0.24586751276892138,0.08300929704658211,0.19527934385634316,,320.385,0.23317708456791575,74.898,136.971,136.56300000000002,-0.055996402687404245,,276.613,0.2828039288661628,259.136
NB_3170,2018-12-31,6770.595,4974.671,2350.44,216.517,2133.923,541.498,3398.126,2311.571,1795.924,2584.203,0.0,1086.555,1492.639,380.638,580.443,168.295,105.023,,400.229,-87.152,313.077,0.012218663073830571,-0.01662361927790279,-0.030734400837948428,-0.45491644386709573,0.05235896697426501,0.07542714376220161,0.05990750638088693,-0.10260084414656734,0.10129524178623406,0.052239763150640384,,456.3520000000001,0.19547212546763237,147.21499999999997,143.296,8.232999999999976,-0.01909084965488894,,264.802,0.09934910944043596,256.926
NB_3170,2019-12-31,8298.418,6205.017,3016.13,261.707,2754.423,810.932,3842.375,3049.943,1936.522,2661.108,0.0,792.432,1723.691,385.841,641.27,99.006,134.677,,663.171,-102.86,560.311,0.22565564769418334,0.2473220842142123,0.2832193121287929,0.2087134035664635,0.2907790018665153,0.4975715515108088,0.13073352783269354,0.3194243222466453,0.07828727718990325,0.029759658974159553,,-294.12300000000005,0.15479429386475907,5.203000000000031,60.827,-69.28899999999999,0.2823571979471162,,262.94200000000006,0.18023682761152937,247.23400000000004
NB_3170,2020-12-31,8183.361,6148.225,3126.257,169.175,2957.082,852.033,3502.847,2740.853,1930.939,1993.329,0.0,761.994,1559.869,-91.673,188.453,-243.638,157.08,90.8,857.019,-80.471,776.548,-0.013864931846045758,-0.009152593780161977,0.036512683471866314,-0.35357097823138084,0.0735758451044013,0.05068365781594508,-0.08836409772601572,-0.1013428775554166,-0.0028830036529405856,-0.2509402098674688,,-30.437999999999988,-0.09504139663083466,-477.514,-452.817,-342.644,0.16634614670656478,,193.84799999999996,-0.21766478708924752,216.23699999999997
NB_3278,2016-12-31,3149.677,616.09,367.404,0.0,367.404,243.592,582.859,97.242,2533.587,30.921,0.0,485.617,846.589,-192.854,-92.264,-220.438,7.408,13.5,8.645,-62.06,-53.415,,,,,,,,,,,,,,,,,,,,,
NB_3278,2017-12-31,3230.517,569.694,385.416,0.0,385.416,352.095,841.525,118.387,2660.823,45.993,0.0,723.138,1076.794,-161.874,-51.719,-94.42,27.517,15.6,258.191,-66.728,191.463,0.025666123859684475,-0.07530717914590412,0.049025051442009415,,0.049025051442009415,0.44542924233965,0.44378829185103075,0.2174471935994735,0.05021970826342259,0.4874357232948483,,237.52100000000002,0.2719206131901075,30.980000000000018,40.544999999999995,126.01799999999999,2.7144978401727857,0.15555555555555545,249.54599999999996,0.07521753142120513,244.878
NB_3278,2018-12-31,4291.116,1023.937,848.738,149.718,699.02,651.058,1892.698,287.498,3267.179,56.296,162.829,1605.2,1333.554,-128.975,6.429,-119.858,41.255,19.5,3.85,-66.054,-62.204,0.32830627419697844,0.7973455925461741,1.202134836125122,,0.8136766506839364,0.8490975446967437,1.249128665220879,1.4284592058249639,0.22788287683923358,0.22401234970538986,,882.062,0.23844857976548894,32.899,58.148,-25.438000000000002,0.49925500599629324,0.25,-254.34099999999998,-0.010100707349238625,-253.667
NB_3278,2019-12-31,6131.973,2696.552,2513.027,749.18,1763.847,1141.263,3510.154,920.517,3435.421,56.057,836.627,2589.637,2742.837,-247.485,-101.553,-305.361,101.792,24.9,-612.174,-67.044,-679.218,0.42899259772982123,1.6335135853084712,1.9608984162368128,4.003940741928158,1.5233140682670023,0.7529359903418742,0.8545769055602108,2.201820534403718,0.05149457681994152,-0.004245417081142455,4.138071228098188,984.4370000000001,1.0567873516932944,-118.51000000000002,-107.982,-185.503,1.4673857714216458,0.2769230769230768,-616.024,0.014987737305840687,-617.014
NB_3278,2020-12-31,7486.56,2744.744,2519.765,698.519,1821.246,1703.13,4964.88,908.641,4741.816,69.94,491.293,4056.239,3339.817,-41.388,169.767,-162.115,155.227,34.1,424.197,-84.94,339.257,0.22090557150202716,0.017871711726679118,0.0026812286537309937,-0.06762193331375632,0.03254193816130324,0.4923203503486928,0.414433668722227,-0.012901445600678851,0.3802721704268559,0.2476586331769448,-0.4127693703406655,1466.6019999999999,0.2176505567046092,206.097,271.32,143.24599999999998,0.524943021062559,0.3694779116465865,1036.371,0.26692918083646555,1018.4749999999999
NB_196,2016-12-31,83402.0,64117.0,20410.0,5197.0,15213.0,19334.0,45781.0,43816.0,19285.0,8339.0,11461.0,1965.0,135987.0,4186.0,12302.0,2371.0,484.0,6362.0,17203.0,-7804.0,9399.0,,,,,,,,,,,,,,,,,,,,,
NB_196,2017-12-31,131310.0,103601.0,44147.0,6221.0,37926.0,20522.0,60197.0,57883.0,27709.0,13164.0,16047.0,2314.0,177866.0,4106.0,15584.0,3033.0,848.0,8831.0,18365.0,-11955.0,6410.0,0.5744226757152107,0.6158117192008359,1.1630083292503675,0.19703675197229176,1.4929994084007099,0.06144615702906786,0.3148904567396955,0.3210471060799709,0.43681617837697684,0.5786065475476676,0.4001396038740075,349.0,0.3079632611940848,-80.0,3282.0,662.0,0.7520661157024793,0.38808550770198047,1162.0,0.531906714505382,-2989.0
NB_196,2018-12-31,162648.0,119099.0,49289.0,9502.0,39787.0,31750.0,75101.0,68391.0,43549.0,16677.0,17174.0,6710.0,232887.0,12421.0,27762.0,10073.0,1417.0,12138.0,30723.0,-13427.0,17296.0,0.23865661411925987,0.14959315064526413,0.11647450562892159,0.5274071692653914,0.04906924009914038,0.5471201637267322,0.2475870890575942,0.18153862101135054,0.5716554188169909,0.26686417502278936,0.07023119586215487,4396.0,0.3093396152159491,8315.0,12178.0,7040.0,0.6709905660377358,0.37447627675234973,12358.0,0.12312839815976573,10886.0
NB_196,2019-12-31,225248.0,163188.0,77533.0,14328.0,63205.0,36092.0,96334.0,87812.0,62060.0,20816.0,20497.0,8522.0,280522.0,14541.0,39999.0,11588.0,1600.0,15150.0,38514.0,-16861.0,21653.0,0.38488023215778866,0.3701878269338954,0.5730284647690154,0.5078930751420754,0.5885842109231658,0.13675590551181105,0.2827259290821693,0.2839701130265677,0.4250614250614251,0.24818612460274636,0.1934901595434959,1812.0,0.20454125820676983,2120.0,12237.0,1515.0,0.1291460832745237,0.24814631735046966,7791.0,0.25575333283682133,4357.0
NB_196,2020-12-31,321195.0,227791.0,100504.0,16115.0,84389.0,42122.0,132733.0,126385.0,93404.0,24542.0,23795.0,6348.0,386064.0,22899.0,53098.0,21331.0,1647.0,16239.0,66064.0,-40140.0,25924.0,0.4259616067623242,0.39588082457043416,0.2962738446854887,0.12472082635399229,0.3351633573293251,0.16707303557575082,0.37784167583615336,0.43926798159704816,0.505059619722849,0.17899692544196766,0.16090159535541781,-2174.0,0.37623430604373276,8358.0,13099.0,9743.0,0.02937499999999993,0.07188118811881195,27550.0,1.3806417175730976,4271.0
NB_2529,2017-01-28,5309.351,2561.334,396.493,0.0,396.493,1111.599,2813.049,1752.506,2748.017,75.154,1512.886,1060.543,12866.757,1802.644,2105.159,1117.654,19.569,302.515,1558.901,-297.88,1261.021,,,,,,,,,,,,,,,,,,,,,
NB_2529,2018-02-03,5722.051,2672.743,396.967,84.973,311.994,1290.294,3151.157,1926.402,3049.308,87.868,1641.735,1224.755,14134.732,2048.396,2361.559,1362.753,18.847,313.163,1681.338,-371.423,1309.915,0.07773078103142939,0.04349647488379116,0.0011954813830257205,,-0.21311599448161755,0.16075491251791352,0.12019271615958349,0.09922704972194096,0.10963942362801982,0.16917263219522582,0.08516768613101044,164.21200000000022,0.09854658792421445,245.75200000000018,256.4000000000001,245.09899999999993,-0.036895089171648965,0.03519825463200177,122.4369999999999,0.2468880085940648,48.894000000000005
NB_2529,2019-02-02,6073.691,2767.945,312.44,0.0,312.44,1412.912,3404.019,2009.484,3305.746,96.711,1750.442,1394.535,14983.541,2040.714,2940.871,1587.457,16.407,330.357,2066.677,-413.898,1652.779,0.061453489317029764,0.03561958632012141,-0.21293205732466425,-1.0,0.001429514670153731,0.09503105493786679,0.08024417698007413,0.04312806984212014,0.08409711318108903,0.10063959575727233,0.06621470578382027,169.77999999999997,0.060051297753646704,-7.682000000000244,579.3119999999999,224.70400000000018,-0.12946357510479123,0.05490431500528481,385.33900000000017,0.11435748459303818,342.86400000000003
NB_2529,2020-02-01,9348.367,5989.118,3487.9,564.481,2923.419,1351.205,3432.828,2701.934,3359.249,102.236,1832.339,730.894,16039.073,2146.182,3136.619,1660.928,14.107,350.892,2171.546,-555.483,1616.063,0.5391574908898067,1.1637416928443303,10.16342337728844,,8.356737293560363,-0.04367363289433457,0.008463231256934822,0.34459094971644477,0.016184849047688354,0.057128971885307855,0.046786468789025815,-663.6410000000001,0.07044609815530256,105.46799999999985,195.74800000000005,73.471,-0.14018406777594938,0.06216002688001154,104.86899999999969,0.3420770334720147,-36.715999999999894
NB_2529,2021-01-30,12717.867,9427.227,5732.799,663.03,5069.769,4819.293,6692.491,3967.033,3290.64,115.067,1508.982,2725.458,12531.565,189.71,1223.294,85.382,100.315,364.245,2245.933,-405.433,1840.5,0.36043728278960385,0.5740593189180778,0.6436248172252645,0.17458337835994486,0.7341917118278292,2.566663089612605,0.9495561676844864,0.46821980107582184,-0.020423910225172315,0.1255037364529128,-0.17647225758988916,1994.564,-0.21868520705654249,-1956.4719999999998,-1913.325,-1575.546,6.111008719075636,0.03805444410245884,74.38700000000017,-0.2701252783613539,224.4369999999999
NB_432,2016-10-01,277.866,364.84,152.27,11.904,140.366,52.309,132.534,130.521,-86.974,20.315,53.806,2.013,932.01,26.645,34.691,6.9,16.412,6.1,25.105,-9.583,15.522,,,,,,,,,,,,,,,,,,,,,
NB_432,2017-09-30,295.816,354.326,151.382,8.158,143.224,62.616,160.447,138.756,-58.51,10.148,76.155,21.691,990.602,54.537,62.717,28.801,7.251,6.2,47.641,-9.252,38.389,0.06459948320413433,-0.028818112049117328,-0.005831746240231195,-0.31468413978494625,0.020361056096205532,0.19704066221873862,0.2106101075950324,0.06309329533178576,-0.3272702186860441,-0.5004676347526459,0.41536259896665806,19.677999999999997,0.06286627825881697,27.892,28.025999999999996,21.900999999999996,-0.5581891299049475,0.016393442622950838,22.535999999999998,-0.03454033183762906,22.867000000000004
NB_432,2018-09-29,307.43,335.766,142.308,10.069,132.239,60.26,149.843,148.857,-28.336,24.067,57.333,0.986,1024.976,35.077,44.119,30.82,6.661,7.0,48.353,-32.118,16.235,0.039260891905779305,-0.05238114053160081,-0.05994107621778022,0.23424859034077006,-0.07669803943473152,-0.037626165836208036,-0.06609036005659197,0.07279685202802044,-0.5157067168005469,1.3716003153330707,-0.2471538310025606,-20.705,0.03470011164928,-19.46,-18.598,2.019000000000002,-0.08136808716039179,0.12903225806451601,0.7120000000000033,2.471465629053178,-22.154000000000003
NB_432,2019-09-28,365.413,433.224,196.608,11.803,184.805,70.959,172.091,169.682,-67.811,10.537,78.83,2.409,1018.874,43.832,56.113,24.3,12.879,7.3,55.706,-35.514,20.192,0.18860553621962728,0.2902557138006825,0.3815667425583946,0.17221173900089393,0.39750754316048975,0.17754729505476274,0.14847540425645533,0.1398993665061099,1.3931041784302658,-0.5621805792163543,0.37494985435961836,1.4229999999999998,-0.005953310126285971,8.755000000000003,11.994,-6.52,0.9334934694490318,0.04285714285714293,7.3530000000000015,0.10573510181206802,3.9570000000000007
NB_432,2020-10-03,317.415,370.645,188.974,12.24,176.734,44.507,116.896,111.648,-53.23,7.623,56.523,5.248,879.221,21.994,37.834,12.185,12.252,10.1,3.459,-18.968,-15.509,-0.13135274333425462,-0.1444495226487914,-0.03882853190104174,0.03702448530034741,-0.043673060793809726,-0.37277864682422246,-0.3207314734646205,-0.34201624214707504,-0.21502411113241227,-0.27654930245800513,-0.2829760243562095,2.8390000000000004,-0.13706601601375634,-21.838,-18.278999999999996,-12.115,-0.04868390402981593,0.3835616438356164,-52.247,-0.46590077152672194,-35.701
NB_711,2019-12-31,924.845,493.967,448.222,3.73,444.492,7.077,84.429,49.164,475.04,34.67,39.304,35.265,363.319,10.455,49.612,-29.593,39.462,6.0,18.486,-7.501,10.985,,,,,,,,,,,,,,,,,,,,,
NB_711,2020-12-31,989.581,514.541,437.844,3.703,434.141,11.556,159.007,80.073,475.04,64.84,68.835,78.934,545.772,58.898,99.866,31.602,34.073,7.762,46.597,-14.127,32.47,0.06999659402386338,0.04165055560391706,-0.023153705083641563,-0.007238605898123307,-0.023287258263365862,0.6328952946163628,0.8833220812753912,0.6286917256529165,0.0,0.8702047880011536,0.7513484632607366,43.669,0.502184031113154,48.443000000000005,50.254,61.195,-0.13656175561299488,0.2936666666666665,28.111,0.8833488868150914,21.485
NB_372,2017-01-28,13856.0,9147.0,1365.0,44.0,1321.0,2240.0,10516.0,7122.0,4709.0,1347.0,4864.0,3394.0,39403.0,1854.0,2508.0,1228.0,72.0,654.0,2557.0,-580.0,1977.0,,,,,,,,,,,,,,,,,,,,,
NB_372,2018-02-03,13049.0,9437.0,1355.0,544.0,811.0,1101.0,9829.0,7817.0,3612.0,1049.0,5209.0,2012.0,42151.0,1843.0,2526.0,1000.0,75.0,683.0,2141.0,-688.0,1453.0,-0.05824191685912239,0.031704383951022264,-0.0073260073260073,11.363636363636363,-0.3860711582134746,-0.5084821428571429,-0.06532902244199312,0.09758494804830109,-0.2329581652155447,-0.2212323682256867,0.07092927631578938,-1382.0,0.0697408826739081,-11.0,18.0,-228.0,0.04166666666666674,0.04434250764525993,-416.0,0.18620689655172407,-524.0
NB_372,2019-02-02,12901.0,9595.0,1388.0,56.0,1332.0,1980.0,8870.0,7513.0,3306.0,1015.0,5409.0,1357.0,42879.0,1900.0,2670.0,1464.0,73.0,747.0,2408.0,-819.0,1589.0,-0.011341865277032737,0.016742608879940724,0.024354243542435317,-0.8970588235294118,0.6424167694204685,0.7983651226158037,-0.09756841998168686,-0.03888959959063576,-0.08471760797342198,-0.03241182078169691,0.03839508542906511,-655.0,0.01727123911650974,57.0,144.0,464.0,-0.026666666666666616,0.09370424597364568,267.0,0.19040697674418605,136.0
NB_372,2020-02-01,15591.0,12112.0,4069.0,674.0,3395.0,2229.0,8857.0,8060.0,3479.0,1149.0,5174.0,797.0,43638.0,2009.0,3585.0,1541.0,64.0,740.0,2565.0,-743.0,1822.0,0.20851096814200454,0.2623241271495571,1.9315561959654177,11.035714285714286,1.5487987987987988,0.12575757575757573,-0.0014656144306651742,0.07280713430054564,0.052329098608590474,0.13201970443349764,-0.04344610833795526,-560.0,0.017700972504022916,109.0,915.0,77.0,-0.12328767123287676,-0.009370816599732268,157.0,-0.0927960927960928,233.0
NB_372,2021-01-30,19067.0,14480.0,4082.0,817.0,3265.0,5494.0,12540.0,10521.0,4587.0,1061.0,5612.0,2019.0,47262.0,2391.0,3991.0,1798.0,52.0,759.0,4927.0,-713.0,4214.0,0.22294913732281452,0.19550858652575953,0.0031948881789136685,0.21216617210682487,-0.038291605301914555,1.4647824136384027,0.41582928756915427,0.305334987593052,0.31848232250646746,-0.07658833768494344,0.08465403942790872,1222.0,0.08304688574178476,382.0,406.0,257.0,-0.1875,0.025675675675675746,2362.0,-0.04037685060565277,2392.0
NB_2035,2016-12-31,148.051,65.612,0.0,0.0,0.0,125.921,141.244,57.154,82.439,0.0,11.257,84.09,287.728,64.136,64.53,55.086,,0.394,53.174,-0.905,52.269,,,,,,,,,,,,,,,,,,,,,
NB_2035,2017-12-31,159.554,68.933,0.0,0.0,0.0,135.311,151.243,41.921,90.621,0.0,8.398,109.322,197.563,43.059,43.595,23.578,,0.536,26.605,-0.278,26.327,0.07769619928267968,0.05061574102298372,,,,0.07457056408383034,0.07079238764124485,-0.2665255275221332,0.09924914178968702,,-0.25397530425513015,25.232,-0.31336887616081865,-21.076999999999998,-20.935000000000002,-31.508,,0.36040609137055846,-26.569,-0.692817679558011,-25.941999999999997
NB_2035,2018-12-31,157.921,68.06,0.0,0.0,0.0,132.653,150.187,43.084,89.861,0.0,12.165,107.103,191.91,33.732,36.356,31.035,,0.424,29.71,-0.214,29.496,-0.010234779447710562,-0.012664471298217128,,,,-0.01964363577240591,-0.006982141322242952,0.02774265881061999,-0.00838657706271162,,0.44855918075732304,-2.2190000000000083,-0.028613657415609173,-9.326999999999998,-7.238999999999997,7.457000000000001,,-0.20895522388059706,3.1050000000000004,-0.23021582733812962,3.168999999999997
NB_2035,2019-12-31,118.497,43.433,3.219,1.655,1.564,96.035,108.375,26.302,75.064,0.0,6.404,82.073,77.614,-7.023,-4.612,-5.611,,0.387,-18.638,-0.189,-18.827,-0.2496438092463953,-0.36184249191889517,,,,-0.2760435120200825,-0.27839959517135315,-0.3895181505895461,-0.16466542771613946,,-0.4735717221537197,-25.03,-0.5955708404981501,-40.754999999999995,-40.968,-36.646,,-0.08726415094339612,-48.348,-0.11682242990654201,-48.323
NB_2035,2020-12-31,105.942,38.245,3.938,1.163,2.775,92.367,99.741,21.506,67.697,0.0,3.779,78.235,62.071,0.669,2.795,0.843,,0.41,1.885,-0.211,1.674,-0.10595204941897274,-0.11944834572790275,0.22336129232680957,-0.2972809667673716,0.7742966751918157,-0.03819440828864473,-0.07966782006920414,-0.18234354801916197,-0.09814291804326958,,-0.4099000624609619,-3.837999999999994,-0.20026026232380767,7.692,7.407,6.454,,0.05943152454780343,20.523000000000003,0.11640211640211628,20.501
NB_2743,2016-12-31,3923.203,2368.498,1052.743,32.045,1020.698,257.226,1348.768,802.616,1554.705,625.411,372.814,546.152,4782.877,492.834,698.016,286.434,54.17,173.295,398.679,-195.177,203.502,,,,,,,,,,,,,,,,,,,,,
NB_2743,2017-12-31,4557.721,2827.661,1447.329,159.327,1288.002,254.912,1563.636,999.97,1730.06,725.251,474.063,563.666,5036.65,367.299,584.924,175.345,57.22,179.46,348.254,-188.913,159.341,0.16173468464415408,0.1938625238442253,0.3748170256178385,3.9719769074738647,0.2618835346008319,-0.008995980188627906,0.15930686374528458,0.24588844478555139,0.11278988618419583,0.1596390213795409,0.27158046639879396,17.51400000000001,0.05305865068242377,-125.53500000000003,-113.09199999999998,-111.08900000000003,0.056304227432157905,0.03557517527914844,-50.424999999999955,-0.03209394549562694,-44.161
NB_2743,2018-12-31,4583.465,2811.187,1385.162,195.445,1189.717,120.389,1519.272,1082.93,1772.278,737.42,493.764,436.342,5390.938,437.629,673.874,313.56,63.147,189.068,589.898,-192.574,397.324,0.005648437014903029,-0.00582601662646276,-0.04295291533576673,0.2266910190990854,-0.07630811132280835,-0.5277232927441627,-0.028372332179612103,0.08296248887466628,0.0244026218743858,0.01677901857425912,0.041557767638478404,-127.32400000000007,0.07034199318991807,70.33000000000004,88.95000000000005,138.215,0.10358266340440414,0.05353839295664775,241.644,0.01937929099638458,237.983
NB_2743,2019-12-31,5126.289,3310.584,1989.409,542.282,1447.127,145.283,1521.196,1404.492,1815.705,698.149,503.808,116.704,5374.207,467.082,768.067,291.785,66.845,187.56,425.85,-195.934,229.916,0.11843092507524311,0.1776463109711306,0.4362283978336108,1.774601550308271,0.21636237861609087,0.20677968917426015,0.0012663960107208716,0.2969370134727083,0.02450349211579672,-0.053254590328442375,0.020341701703647797,-319.638,-0.0031035415358142693,29.452999999999975,94.19299999999998,-21.774999999999977,0.05856176857174522,-0.007975966318996441,-164.048,0.017447838233614066,-167.40800000000002
NB_2743,2020-12-31,5277.259,3366.731,2014.41,507.922,1506.488,564.848,1830.547,1511.627,1910.528,658.808,450.691,318.92,5237.443,357.804,671.841,207.463,75.046,202.46,705.621,-194.127,511.494,0.02945015390275496,0.016959847567679986,0.012567048806957137,-0.06336186707285141,0.041019896664218125,2.8879153101188715,0.20336038222556474,0.07628024937130284,0.052223791860462,-0.05635043522228067,-0.10543103722052849,202.216,-0.02544821961640109,-109.27800000000002,-96.226,-84.32200000000003,0.12268681277582472,0.07944124546811682,279.77099999999996,-0.009222493288556288,281.57800000000003
NB_1803,2017-01-28,20083.0,15707.0,6871.0,309.0,6562.0,1297.0,7858.0,5790.0,4322.0,522.0,5399.0,2068.0,25778.0,1315.0,2373.0,619.0,367.0,1048.0,1801.0,-596.0,1205.0,,,,,,,,,,,,,,,,,,,,,
NB_1803,2018-02-03,19381.0,13720.0,5883.0,22.0,5861.0,1455.0,7444.0,5075.0,5661.0,363.0,5178.0,2369.0,25641.0,1864.0,2855.0,1566.0,321.0,981.0,1976.0,-487.0,1489.0,-0.03495493701140273,-0.12650410644935384,-0.1437927521467035,-0.9288025889967637,-0.10682718683328252,0.12181958365458745,-0.05268516161873249,-0.12348877374784106,0.3098102730217491,-0.3045977011494253,-0.0409335062048527,301.0,-0.005314609356815936,549.0,482.0,947.0,-0.12534059945504084,-0.06393129770992367,175.0,-0.18288590604026844,284.0
NB_1803,2019-02-02,19194.0,12758.0,4751.0,43.0,4708.0,1162.0,7445.0,5232.0,6436.0,400.0,5263.0,2213.0,25739.0,1738.0,2700.0,1108.0,261.0,952.0,1735.0,-657.0,1078.0,-0.00964862494195351,-0.07011661807580172,-0.19241883392826786,0.9545454545454546,-0.19672410851390543,-0.20137457044673535,0.00013433637829129985,0.030935960591133016,0.1369016074898428,0.10192837465564741,0.016415604480494395,-156.0,0.0038220038220038166,-126.0,-155.0,-458.0,-0.1869158878504673,-0.02956167176350666,-241.0,0.34907597535934287,-411.0
NB_1803,2020-02-01,21172.0,14795.0,7411.0,872.0,6539.0,685.0,6810.0,5750.0,6377.0,409.0,5188.0,1060.0,25331.0,970.0,2321.0,564.0,205.0,978.0,1608.0,-902.0,706.0,0.10305303740752314,0.15966452422009714,0.5598821300778782,19.27906976744186,0.38891248937977907,-0.4104991394148021,-0.08529214237743454,0.09900611620795097,-0.00916718458669985,0.022499999999999964,-0.014250427512825348,-1153.0,-0.015851431679552386,-768.0,-379.0,-544.0,-0.2145593869731801,0.027310924369747802,-127.0,0.37290715372907157,-372.0
NB_1803,2021-01-30,17706.0,15153.0,8244.0,652.0,7592.0,1679.0,6184.0,5357.0,2553.0,276.0,3774.0,827.0,18097.0,-4475.0,-3134.0,-3944.0,284.0,957.0,649.0,-338.0,311.0,-0.16370678254298132,0.0241973639743156,0.11240048576440431,-0.2522935779816514,0.16103379721669975,1.4510948905109489,-0.09192364170337741,-0.06834782608695655,-0.5996550101928806,-0.3251833740831296,-0.27255204317656134,-233.0,-0.2855789349018989,-5445.0,-5455.0,-4508.0,0.3853658536585365,-0.021472392638036797,-959.0,-0.6252771618625277,-395.0
NB_13,2016-10-31,2281.2,1307.2,268.3,0.0,268.3,56.0,993.7,599.2,974.0,795.6,0.0,394.5,5144.7,54.7,112.2,57.2,10.4,32.6,83.5,-44.0,39.5,,,,,,,,,,,,,,,,,,,,,
NB_13,2017-10-31,3812.6,2436.9,1178.2,16.9,1161.3,62.8,1235.5,757.8,1375.7,1038.1,0.0,477.7,5453.6,101.9,172.0,3.8,19.2,38.5,5.6,-57.2,-51.6,0.6713133438541119,0.8642135862913096,3.3913529631010064,,3.3283637718971297,0.12142857142857144,0.24333299788668605,0.2646862483311079,0.41242299794661186,0.304801407742584,,83.19999999999999,0.060042373704978,47.2,59.8,-53.400000000000006,0.846153846153846,0.18098159509202438,-77.9,0.30000000000000004,-91.1
NB_13,2018-10-31,3627.5,2172.9,939.0,37.0,902.0,39.1,1171.0,792.5,1454.6,1014.1,0.0,378.5,6442.2,138.6,251.1,97.8,54.1,46.5,320.9,-50.9,270.0,-0.04854954624141006,-0.10833435922688661,-0.20302155830928537,1.1893491124260356,-0.22328425040902433,-0.3773885350318471,-0.05220558478348847,0.045790446027975884,0.057352620484117045,-0.023119160003853056,,-99.19999999999999,0.18127475429074358,36.69999999999999,79.1,94.0,1.8177083333333335,0.20779220779220786,315.29999999999995,-0.11013986013986021,321.6
NB_13,2019-10-31,3692.6,2150.6,801.4,57.2,744.2,58.5,1275.4,902.4,1542.0,1013.2,0.0,373.0,6498.6,208.5,315.9,127.4,51.1,48.9,262.7,-59.6,203.1,0.017946243969676035,-0.01026278245662482,-0.14653887113951014,0.5459459459459459,-0.17494456762749444,0.49616368286445,0.08915456874466265,0.13867507886435337,0.060085246803244896,-0.0008874864411793082,,-5.5,0.008754773214119549,69.9,64.79999999999998,29.60000000000001,-0.055452865064695045,0.05161290322580636,-58.19999999999999,0.17092337917485279,-66.9
NB_13,2020-10-31,3776.9,2276.6,891.2,154.0,737.2,394.2,1441.9,986.9,1500.3,854.2,0.0,455.0,5987.6,95.7,238.0,0.3,44.6,48.0,457.5,-38.0,419.5,0.022829442669122013,0.0585883009392727,0.11205390566508622,1.692307692307692,-0.009406073636119339,5.7384615384615385,0.13054727928493026,0.09363918439716312,-0.02704280155642025,-0.15692854322937233,,82.0,-0.07863232080755855,-112.8,-77.89999999999998,-127.10000000000001,-0.12720156555773,-0.018404907975460127,194.8,-0.36241610738255037,216.4
NB_79,2020-12-31,0.6244,0.6049,0.6,0.6,0.0,0.1023,0.5023,0.6049,0.0195,0.0,0.0,-0.1026,,,,,,,,,,,,,,,,,,,,,,,,,,,,,,
NB_1263,2017-01-28,4975.9,2721.8,815.0,0.0,815.0,669.4,2140.7,1761.5,2254.1,220.9,1121.5,379.2,7965.0,481.7,648.4,353.2,53.8,123.3,537.1,-142.7,394.4,,,,,,,,,,,,,,,,,,,,,
NB_1263,2018-02-03,5041.6,2827.1,817.9,0.0,817.9,854.2,3018.4,1930.8,2214.5,138.6,1250.3,1087.6,8547.1,439.2,591.1,34.7,56.8,110.1,434.9,-113.4,321.5,0.013203641552282042,0.03868763318392232,0.003558282208588892,,0.003558282208588892,0.2760681207051092,0.41000607277993195,0.09611126880499565,-0.01756798722328201,-0.3725667722951562,0.11484618814088265,708.3999999999999,0.07308223477715003,-42.5,-57.299999999999955,-318.5,0.055762081784386686,-0.10705596107055959,-102.20000000000005,-0.20532585844428863,-72.89999999999998
NB_1263,2019-02-02,4044.3,2708.1,820.8,349.2,471.6,1624.4,3127.7,2181.1,1336.2,134.2,1250.5,946.6,8285.3,-702.0,-575.1,-673.0,56.8,96.7,325.1,-93.7,231.4,-0.19781418597270706,-0.042092603728202005,0.0035456657293067018,,-0.42340139381342456,0.9016623741512526,0.03621123774184998,0.12963538429666466,-0.39661323097764734,-0.031746031746031744,0.0001599616092138323,-140.9999999999999,-0.030630272256086943,-1141.2,-1166.2,-707.7,0.0,-0.12170753860127148,-109.79999999999995,-0.17372134038800702,-90.1
NB_1263,2020-02-01,2819.7,2208.2,1188.5,239.4,949.1,499.4,1633.7,1237.7,611.5,141.9,859.7,396.0,6466.0,-399.6,39.2,-470.9,27.2,90.8,-414.5,-78.5,-493.0,-0.30279652844744465,-0.1845943650529892,0.447977582846004,-0.31443298969072164,1.0125106022052588,-0.6925634080275794,-0.47766729545672537,-0.43253404245564164,-0.5423589283041461,0.057377049180328044,-0.312514994002399,-550.6,-0.2195816687386093,302.4,614.3000000000001,202.10000000000002,-0.5211267605633803,-0.061013443640124176,-739.6,-0.16221985058697974,-724.4
NB_1263,2021-01-30,2472.6,2035.9,1046.8,374.1,672.7,508.5,1551.2,1342.7,436.7,105.3,602.5,208.5,5089.8,-237.8,154.4,-215.3,32.1,76.8,123.7,-60.0,63.7,-0.12309820193637622,-0.07802735259487359,-0.11922591501893143,0.5626566416040102,-0.29122326414497945,0.018221866239487516,-0.05049886760115074,0.08483477417791074,-0.2858544562551104,-0.2579281183932347,-0.29917413051064323,-187.5,-0.21283637488400864,161.8,115.2,255.59999999999997,0.18014705882352944,-0.1541850220264317,538.2,-0.23566878980891715,556.7
NB_186,2016-12-31,797.281,496.128,159.885,19.292,140.593,20.607,226.061,190.602,294.306,85.354,12.104,35.459,651.227,23.776,48.531,12.032,7.088,22.397,-58.073,-76.041,-134.114,,,,,,,,,,,,,,,,,,,,,
NB_186,2017-12-31,983.951,636.993,195.612,22.375,173.237,24.262,287.078,202.142,336.62,85.121,8.139,84.936,717.152,36.588,62.081,37.491,9.082,24.042,-135.57,-88.41,-223.98,0.23413326041884863,0.28392874419504666,0.22345435781968304,0.15980717395811728,0.23218794676833143,0.1773669141553842,0.26991387280424295,0.060545010020881085,0.14377552615305156,-0.002729807624715974,-0.32757766027759416,49.477000000000004,0.1012319820891947,12.812000000000001,13.550000000000004,25.459,0.2813205417607225,0.07344733669687908,-77.49699999999999,0.1626622479977906,-89.86599999999999
NB_186,2018-12-31,1161.634,770.04,246.052,26.89,219.162,61.397,310.969,222.63,376.875,85.985,7.765,88.339,787.138,59.099,89.628,37.984,15.344,29.472,-53.201,-129.616,-182.817,0.18058114682540083,0.20886728739562277,0.2578573911620965,0.2017877094972067,0.265099257087112,1.5305828043854586,0.08322128480761326,0.1013544933759436,0.11958588319172958,0.010150256693412851,-0.045951591104558265,3.4029999999999916,0.09758879568069245,22.510999999999996,27.546999999999997,0.4930000000000021,0.6894957057916757,0.22585475418018475,82.369,0.4660784979074768,41.16299999999998
NB_186,2019-12-31,1374.013,913.541,399.55,80.768,318.782,33.223,425.192,336.647,428.856,95.863,9.236,88.545,866.933,51.614,98.513,44.436,12.622,38.53,-196.293,-140.628,-336.921,0.18282780979206859,0.18635525427250554,0.623843740347569,2.00364447750093,0.454549602577089,-0.4588823558154307,0.36731314053812447,0.5121367291020977,0.137926368159204,0.11488050241321157,0.189439793947199,0.20600000000000307,0.10137358379343886,-7.484999999999999,8.885000000000005,6.451999999999998,-0.17739833159541185,0.30734256243213887,-143.092,0.08495864708060719,-154.10399999999998
NB_186,2020-12-31,1754.115,1222.452,445.942,79.741,366.201,66.422,490.715,383.097,492.813,125.01,8.575,107.618,1032.275,71.499,121.51,54.052,13.347,41.356,-102.583,-182.757,-285.34,0.27663639281433294,0.338146837416164,0.11611062445250897,-0.012715431854199655,0.14875055680684612,0.9992776088854107,0.15410214679485956,0.13797835715155626,0.14913397504057313,0.3040484858600294,-0.07156777825898675,19.072999999999993,0.19072062085536023,19.884999999999998,22.997,9.616,0.05743939153858335,0.07334544510770824,93.71000000000001,0.29957760901100783,51.58100000000002
NB_3028,2016-07-30,2852.155,1332.651,600.112,11.854,588.258,18.593,1611.19,619.722,1519.504,489.708,1021.663,991.468,8470.286,224.109,295.115,125.766,16.259,61.1,296.609,-41.375,255.234,,,,,,,,,,,,,,,,,,,,,
NB_3028,2017-07-29,2886.563,1204.642,385.603,12.128,373.475,15.414,1662.67,703.987,1681.921,525.636,1031.69,958.683,9274.471,226.025,312.076,130.155,17.114,69.8,280.776,-56.112,224.664,0.012063860484440747,-0.0960559066102078,-0.35744827632175324,0.023114560485911984,-0.3651170064835497,-0.17097832517614153,0.03195153892464586,0.1359722585288241,0.10688816877086227,0.07336616922737615,0.009814390850994892,-32.78499999999997,0.0949418945239866,1.9159999999999968,16.961000000000013,4.388999999999996,0.052586259917584144,0.14238952536824878,-15.83299999999997,0.3561812688821753,-30.57000000000002
NB_3028,2018-07-28,2964.472,1118.517,360.15,12.441,347.709,23.315,1788.914,699.224,1845.955,579.702,1135.775,1089.69,10226.683,227.225,314.856,165.67,16.471,71.5,109.038,-44.608,64.43,0.026990230249608338,-0.0714942696668388,-0.06600830387730394,0.025808047493403707,-0.06898989222839558,0.5125859608148438,0.07592847648661483,-0.006765749935723098,0.09752776735649293,0.10285825171791885,0.10088786360243884,131.00700000000006,0.10267022237710388,1.1999999999999886,2.7799999999999727,35.514999999999986,-0.03757157882435436,0.024355300859598916,-171.738,-0.20501853435985185,-160.23399999999998
NB_3028,2019-08-03,7174.335,5670.03,3039.361,112.103,2927.258,44.468,3558.929,2108.945,1504.305,1067.012,2190.681,1449.984,22307.456,-199.772,47.974,-284.73,180.789,179.6,284.53,-228.477,56.053,1.4201055027674405,4.069239001284736,7.439153130640012,8.010770838357045,7.418700695121494,0.9072699978554579,0.9894354899117566,2.01612215827832,-0.18508035136284462,0.8406215607329282,0.9287983975699412,360.29399999999987,1.1812992541178793,-426.99699999999996,-266.882,-450.4,9.976200594985125,1.511888111888112,175.49199999999996,4.121883967001435,-8.37700000000001
NB_3028,2020-08-01,7587.0,6445.0,3658.0,214.0,3444.0,47.0,3705.0,2370.0,1142.0,1120.0,2282.0,1335.0,26559.0,-193.0,281.0,-274.0,193.0,191.0,457.0,-173.0,284.0,0.05751961680072082,0.13667828918012792,0.20354245514106428,0.908958725457838,0.17652765830685246,0.05693982189439595,0.04104352742074924,0.12378464113573373,-0.24084544025314014,0.049660172519147006,0.041685211128411614,-114.98399999999992,0.19058847409583612,6.771999999999991,233.026,10.730000000000018,0.06754282616752127,0.06347438752783963,172.47000000000003,-0.24281218678466543,227.947
NB_2931,2016-12-31,4038.62,2485.597,759.519,85.89,673.629,146.103,2837.756,1518.943,1553.023,1743.3,0.0,1318.813,4973.076,201.92,269.222,95.822,59.782,63.759,113.336,-15.743,97.593,,,,,,,,,,,,,,,,,,,,,
NB_2931,2017-12-31,4264.123,2559.343,736.276,30.748,705.528,192.868,3074.392,1581.846,3418.055,1801.656,0.0,1492.546,4757.208,179.477,231.407,148.382,69.384,48.387,163.55,-30.28,133.27,0.05583664717155856,0.029669330949466,-0.030602262747870812,-0.6420072185353358,0.04735395892991545,0.3200824076165443,0.08338842381092659,0.04141235056220016,1.2009043008377853,0.03347444501806929,,173.73299999999995,-0.0434073398435898,-22.442999999999984,-37.81499999999997,52.56,0.16061690809942797,-0.2410953747706206,50.21400000000001,0.9233945245505939,35.67700000000001
NB_2931,2018-12-31,4387.752,2599.863,761.504,16.767,744.737,116.075,3175.643,1597.966,3597.066,1261.072,0.0,1577.677,4454.662,191.876,239.143,83.436,63.519,43.724,21.402,-77.069,-55.667,0.028992831585768153,0.015832188182670404,0.03426432479124686,-0.4546962404058801,0.055573981472032186,-0.39816351079494783,0.03293366623384397,0.010190625383254659,0.052372182425385105,-0.3000483999165213,,85.13099999999986,-0.06359738737511567,12.399000000000001,7.73599999999999,-64.946,-0.08452957454168109,-0.09636885940438555,-142.14800000000002,1.5452113606340818,-188.937
NB_2931,2019-12-31,4485.777,3055.252,877.768,135.446,742.322,193.685,3510.986,2109.856,1430.525,1354.519,0.0,1401.13,4450.832,-365.007,-285.186,-387.69,67.494,58.818,136.53,-84.196,52.334,0.022340597189631328,0.1751588449083663,0.15267680800100858,7.078129659450111,-0.0032427554962355387,0.6686194270945509,0.10559845675348267,0.3203384802930729,-0.6023078253220819,0.07410124084905556,,-176.5469999999998,-0.0008597734238871002,-556.883,-524.329,-471.126,0.06257970056203654,0.3452108681730859,115.128,0.09247557383643223,108.001
NB_2931,2020-12-31,5045.617,3502.672,1084.462,107.849,976.613,374.289,4080.457,2264.363,1542.945,1415.063,0.0,1816.094,5318.763,262.344,382.899,108.394,76.212,74.879,172.772,-54.781,117.991,0.12480335067926918,0.1464429120740287,0.23547680024790152,-0.20374909558052656,0.31561909791168796,0.9324625035495779,0.16219688714224434,0.07323106411053626,0.07858653291623696,0.0446977857084323,,414.96399999999994,0.19500421494228481,627.351,668.085,496.084,0.1291670370699618,0.27306266789078193,36.24199999999999,-0.3493633901848069,65.657
NB_1710,2016-12-31,814.514,459.313,400.483,400.483,0.0,49.518,794.905,459.313,355.201,17.055,717.681,335.592,838.32,111.471,112.56,75.031,0.0,0.9,-108.183,-0.722,-108.905,,,,,,,,,,,,,,,,,,,,,
NB_1710,2017-12-31,1079.892,590.046,475.195,475.195,0.0,67.571,1050.076,590.046,489.846,44.706,918.933,460.03,1257.96,169.801,170.592,113.306,0.0,0.8,-68.467,-0.518,-68.985,0.3258114654873949,0.28462725853611825,0.1865547351572976,0.1865547351572976,,0.36457449816228427,0.32100817078770416,0.28462725853611825,0.37906706343732144,1.621284080914688,0.28041985227419963,124.43799999999999,0.5005725737188662,58.329999999999984,58.03200000000001,38.27499999999999,,-0.11111111111111105,39.71600000000001,-0.2825484764542936,39.92
NB_1710,2018-12-31,1395.473,739.53,653.734,653.734,0.0,46.624,1363.468,739.53,655.943,42.836,1228.256,623.938,1504.4,200.111,200.822,155.286,0.0,0.7,-116.723,-0.475,-117.198,0.2922338530149311,0.25334295970144693,0.37571733709319344,0.37571733709319344,,-0.309999852007518,0.29844696955268013,0.25334295970144693,0.3390800373995091,-0.041828837292533505,0.3366110478130615,163.90800000000002,0.19590448026964302,30.310000000000002,30.22999999999999,41.980000000000004,,-0.1250000000000001,-48.256,-0.08301158301158307,-48.212999999999994
NB_1710,2019-12-31,1666.115,820.922,696.204,696.204,0.0,38.345,1631.603,820.922,845.193,56.39,1499.624,810.681,1838.154,227.538,229.481,178.608,0.0,0.6,-41.934,-0.734,-42.668,0.19394284231941428,0.110059091585196,0.06496526110008038,0.06496526110008038,,-0.1775694921070694,0.19665661386992572,0.110059091585196,0.2885159228774452,0.31641609860864706,0.22093765469087878,186.74300000000005,0.22185190109013542,27.42700000000002,28.658999999999992,23.322000000000003,,-0.1428571428571428,74.789,0.5452631578947369,74.53
NB_1710,2020-12-31,1826.087,687.082,543.685,543.685,0.0,35.942,1758.583,687.082,1139.005,115.939,1569.489,1071.501,2367.929,364.71,367.02,323.895,0.0,0.7,202.158,-2.692,199.466,0.09601498095869743,-0.16303619588706364,-0.21907228341118412,-0.21907228341118412,,-0.06266788368757337,0.07782530431728807,-0.16303619588706364,0.34762711002102487,1.056020571023231,0.0465883448117661,260.81999999999994,0.28821034581433325,137.17199999999997,137.539,145.28699999999998,,0.16666666666666674,244.09199999999998,2.667574931880109,242.13400000000001
NB_1357,2016-12-31,2180.0,2013.0,490.0,0.0,490.0,48.0,1812.0,334.0,167.0,123.0,513.0,1478.0,1583.0,323.0,347.0,168.0,29.0,12.0,182.0,-26.0,156.0,,,,,,,,,,,,,,,,,,,,,
NB_1357,2017-12-31,2384.0,1866.0,482.0,0.0,482.0,246.0,1989.0,443.0,518.0,112.0,509.0,1546.0,1711.0,337.0,366.0,327.0,27.0,17.0,356.0,-35.0,321.0,0.09357798165137621,-0.07302533532041733,-0.01632653061224487,,-0.01632653061224487,4.125,0.09768211920529812,0.32634730538922163,2.1017964071856285,-0.08943089430894313,-0.007797270955165692,68.0,0.08085912823752373,14.0,19.0,159.0,-0.06896551724137934,0.41666666666666674,174.0,0.34615384615384626,165.0
NB_1357,2018-12-31,2753.0,2137.0,604.0,0.0,604.0,108.0,1980.0,425.0,616.0,153.0,527.0,1555.0,1999.0,434.0,470.0,298.0,30.0,23.0,-159.0,-44.0,-203.0,0.15478187919463093,0.145230439442658,0.25311203319502074,,0.25311203319502074,-0.5609756097560976,-0.004524886877828038,-0.040632054176072185,0.18918918918918926,0.3660714285714286,0.035363457760314354,9.0,0.16832261835184092,97.0,104.0,-29.0,0.11111111111111116,0.3529411764705883,-515.0,0.2571428571428571,-524.0
NB_1357,2019-12-31,3079.0,2509.0,904.0,17.0,887.0,67.0,2040.0,430.0,570.0,174.0,558.0,1610.0,1838.0,315.0,387.0,216.0,43.0,35.0,145.0,-37.0,108.0,0.11841627315655656,0.17407580720636395,0.4966887417218544,,0.4685430463576159,-0.37962962962962965,0.030303030303030276,0.0117647058823529,-0.07467532467532467,0.13725490196078427,0.05882352941176472,55.0,-0.08054027013506748,-119.0,-83.0,-82.0,0.43333333333333335,0.5217391304347827,304.0,-0.15909090909090906,311.0
NB_1357,2020-12-31,3134.0,2760.0,1226.0,18.0,1208.0,428.0,2321.0,387.0,374.0,119.0,702.0,1934.0,894.0,-245.0,-180.0,-201.0,43.0,30.0,79.0,-8.0,71.0,0.01786294251380327,0.10003985651654035,0.35619469026548667,0.05882352941176472,0.3618940248027058,5.388059701492537,0.13774509803921564,-0.09999999999999998,-0.343859649122807,-0.3160919540229885,0.25806451612903225,324.0,-0.5136017410228509,-560.0,-567.0,-417.0,0.0,-0.1428571428571429,-66.0,-0.7837837837837838,-37.0
NB_2833,2016-12-31,15634.9,9261.3,3827.4,12.1,3815.3,1131.8,4788.5,2807.5,6373.6,1277.3,1478.0,1981.0,11593.5,1400.6,1808.6,968.0,194.5,221.8,1185.5,-347.0,838.5,,,,,,,,,,,,,,,,,,,,,
NB_2833,2017-12-30,19097.7,10792.7,3811.0,982.8,2828.2,637.5,4559.0,4391.5,8305.0,1546.8,2018.4,167.5,12966.6,1710.3,2171.0,1227.3,222.6,253.6,668.5,-442.4,226.1,0.22147887098734254,0.16535475581181935,-0.004284893138945534,80.22314049586777,-0.2587214635808456,-0.43673793956529416,-0.04792732588493265,0.5642030276046304,0.30303125392243,0.21099193611524303,0.36562922868741543,-1813.5,0.11843705524647441,309.70000000000005,362.4000000000001,259.29999999999995,0.14447300771208216,0.14337240757439118,-517.0,0.27492795389048985,-612.4
NB_2833,2018-12-29,19408.0,11568.1,4198.4,378.6,3819.8,288.7,4569.4,4001.6,7839.9,1587.1,2373.5,567.8,13982.4,1231.3,1737.8,605.2,277.9,288.4,1260.9,-492.1,768.8,0.01624802986747098,0.07184485809852958,0.10165310942009964,-0.6147741147741148,0.35061169648539714,-0.5471372549019609,0.002281202017986317,-0.0887851531367414,-0.05600240818783875,0.026053788466511518,0.17593143083630602,400.29999999999995,0.07833973439452135,-479.0,-433.20000000000005,-622.0999999999999,0.24842767295597468,0.13722397476340698,592.4000000000001,0.11234177215189889,542.6999999999999
NB_2833,2019-12-28,20596.6,11454.4,4053.7,481.7,3572.0,297.7,4456.6,4405.7,9142.2,1440.7,2255.0,50.9,12912.9,1324.7,2033.7,955.8,282.2,372.8,1505.7,-424.7,1081.0,0.06124278647980197,-0.00982875320925658,-0.03446551067073167,0.2723190702588483,-0.06487250641394837,0.031174229303775558,-0.0246859543922614,0.10098460615753702,0.16611181265067176,-0.09224371495179884,-0.049926269222666964,-516.9,-0.07648901476141434,93.40000000000009,295.9000000000001,350.5999999999999,0.015473191795609909,0.2926490984743413,244.79999999999995,-0.1369640317008739,312.20000000000005
NB_2833,2021-01-02,23566.3,12499.9,4781.3,140.3,4641.0,1381.0,6036.0,4558.3,11066.4,1501.8,2737.4,1477.7,12750.0,1388.9,2083.4,1233.8,222.7,376.5,2022.1,-348.1,1674.0,0.1441839915325831,0.09127496857102946,0.17949034215654835,-0.7087398795931077,0.2992721164613661,3.638898219684246,0.354395727684782,0.034636947590621414,0.21047450285489266,0.04240993961268824,0.2139246119733924,1426.8,-0.012615291685059149,64.20000000000005,49.700000000000045,278.0,-0.21084337349397586,0.009924892703862653,516.3999999999999,-0.18036260890040023,593.0
NB_3091,2017-01-31,108.187,48.833,5.011,0.068,4.943,0.788,48.493,21.585,59.354,9.915,35.689,26.908,173.417,5.944,10.97,22.76,,,5.862,-4.408,1.454,,,,,,,,,,,,,,,,,,,,,
NB_3091,2018-01-31,116.623,57.911,16.681,4.681,12.0,0.534,55.713,27.723,58.712,11.385,42.057,27.99,189.287,3.959,9.425,-3.209,,,1.682,-13.408,-11.726,0.07797609694325569,0.1858988798558352,2.3288764717621233,67.83823529411764,1.4276755007080721,-0.3223350253807107,0.14888746829439303,0.2843641417651146,-0.010816457189068873,0.1482602118003027,0.17843032867270026,1.0819999999999972,0.09151351943581076,-1.9849999999999999,-1.545,-25.969,,,-4.18,2.0417422867513606,-13.180000000000001
NB_3091,2019-01-31,123.113,66.086,21.414,5.504,15.91,0.738,63.111,32.125,57.027,13.253,47.289,30.986,200.716,2.331,8.122,-1.614,,,2.363,-5.395,-3.032,0.05564940020407638,0.14116489095335938,0.283735987051136,0.1758171330912197,0.3258333333333334,0.3820224719101122,0.13278767971568572,0.15878512426505065,-0.02869941408911303,0.16407553798858143,0.12440259647621077,2.996000000000002,0.06037921251855649,-1.6280000000000001,-1.3030000000000008,1.595,,,0.681,-0.5976282816229117,8.694
NB_3091,2020-01-31,138.992,84.174,40.137,4.532,35.605,1.15,58.342,25.118,54.818,11.762,43.329,33.224,193.001,5.915,17.079,2.382,,,9.759,-4.216,5.543,0.12897906801068926,0.2737039615047061,0.8743345474922946,-0.17659883720930225,1.2379006913890631,0.5582655826558265,-0.07556527388252443,-0.21811673151750977,-0.03873603731565756,-0.11250282954802682,-0.08374040474528965,2.237999999999996,-0.03843739412901814,3.584,8.957,3.9960000000000004,,,7.396000000000001,-0.21853568118628353,8.575
NB_3091,2021-01-31,125.036,70.849,30.731,5.559,25.172,0.402,50.967,22.106,54.187,9.759,38.27,28.861,152.795,0.735,11.527,-2.232,,,7.799,-2.154,5.645,-0.1004086566133302,-0.15830303894314157,-0.23434736029100323,0.2266107678729039,-0.2930206431680943,-0.6504347826086956,-0.1264097905454047,-0.1199140058921887,-0.011510817614652114,-0.17029416765856142,-0.11675782962911674,-4.362999999999996,-0.20832016414422727,-5.18,-5.552000000000001,-4.614000000000001,,,-1.96,-0.4890891840607211,0.10199999999999942
NB_2868,2017-03-31,1759.595,737.651,448.16,5.103,443.057,432.035,845.184,220.132,1021.944,114.184,28.22,625.052,601.611,-577.853,-410.562,-660.118,75.026,,29.821,-25.499,4.322,,,,,,,,,,,,,,,,,,,,,
NB_2868,2018-12-31,1827.739,682.816,439.004,8.568,430.436,371.791,683.302,158.355,1144.923,111.266,29.505,524.947,406.52,-107.497,-49.204,-171.517,30.439,,3.941,-21.391,-17.45,,,,,,,,,,,,,,,,,,,,,
NB_2868,2019-12-31,1579.528,563.118,293.709,10.391,283.318,218.29,537.296,185.677,1016.41,110.18,21.856,351.619,486.549,-86.604,16.66,-141.743,29.068,,-31.423,-17.998,-49.421,-0.135802212460313,-0.17530052019870646,-0.33096509371213023,0.2127684407096173,-0.3417883262552389,-0.41286905815364006,-0.21367711495063668,0.1725363897571912,-0.11224597636696965,-0.009760394010749018,-0.25924419589900005,-173.32799999999997,0.1968636229459806,20.893,65.864,29.774,-0.04504090147508122,,-35.364,-0.15861811042027008,-31.971
NB_2868,2020-12-31,1251.177,427.905,196.533,28.931,167.602,149.933,388.649,183.179,823.272,112.623,15.876,205.47,397.038,-186.802,-68.823,-196.242,24.156,,3.986,-14.9,-10.914,-0.20787918922614868,-0.24011486047329345,-0.3308580942361318,1.7842363583870657,-0.4084315151172887,-0.31314764762471947,-0.2766575593341474,-0.013453470273647183,-0.1900197754843025,0.02217280813214728,-0.2736090775988288,-146.14900000000003,-0.1839711930350283,-100.198,-85.48299999999999,-54.498999999999995,-0.16898307417090963,,35.409,-0.1721302366929659,38.507
NB_1112,2016-12-31,1039.905,417.165,190.259,33.715,156.544,104.331,483.819,157.761,622.74,145.999,203.471,326.058,949.856,110.795,146.329,78.745,8.732,27.1,115.374,-39.136,76.238,,,,,,,,,,,,,,,,,,,,,
NB_1112,2017-12-31,1185.353,481.23,226.049,100.453,125.596,67.233,589.131,245.901,704.123,171.007,312.325,343.23,1124.909,107.228,145.734,78.18,10.322,29.9,66.754,-33.484,33.27,0.13986662243185677,0.15357232749631433,0.18811199470195894,1.9794750111226453,-0.19769521668029444,-0.3555798372487563,0.2176681775622702,0.5586932131515394,0.1306853582554517,0.17128884444414005,0.5349853296047102,17.172000000000025,0.18429425091803409,-3.5670000000000073,-0.5949999999999989,-0.5649999999999977,0.18208886852954653,0.10332103321033204,-48.61999999999999,-0.1444194603434178,-42.967999999999996
NB_1112,2018-12-31,1182.365,446.02,206.354,111.975,94.379,59.173,579.879,255.857,736.345,172.899,314.049,324.022,1298.129,131.994,170.598,105.877,9.839,29.7,128.435,-22.432,106.003,-0.002520768074995461,-0.07316667705670887,-0.08712712730425698,0.11470040715558505,-0.2485509092646262,-0.11988160575907669,-0.015704486777983084,0.040487838601713566,0.045761891033242685,0.011063874578233657,0.005519891139037725,-19.208000000000027,0.15398578907271587,24.766000000000005,24.864000000000004,27.69699999999999,-0.04679325712071292,-0.006688963210702337,61.681,-0.3300680922231515,72.733
NB_1112,2019-12-31,1194.743,396.31,142.643,31.717,110.926,64.405,567.444,185.764,798.433,173.327,300.246,381.68,1314.578,127.133,175.81,95.483,8.245,,177.676,-21.855,155.821,0.01046884845204299,-0.11145240123761258,-0.30874613528208805,-0.7167492743916053,0.17532501933692868,0.08841870447670397,-0.02144412886136604,-0.27395381013613074,0.08431917104074849,0.0024754336346652916,-0.043951740015093166,57.658000000000015,0.012671313867882228,-4.861000000000004,5.211999999999989,-10.393999999999991,-0.16200833418030303,,49.240999999999985,-0.025722182596290888,49.818
NB_1112,2020-12-31,1272.307,422.603,126.473,13.641,112.832,130.787,619.254,203.704,849.704,159.827,300.932,415.55,1247.331,130.511,178.399,100.46,4.627,,211.854,-22.856,188.998,0.06492107507639733,0.06634452827332149,-0.11335992652986826,-0.5699151874389129,0.017182626255341393,1.030696374505085,0.09130416393511975,0.09657414784350027,0.06421453021105084,-0.07788746127262347,0.002284793136295038,33.870000000000005,-0.05115481926519394,3.378,2.5889999999999986,4.97699999999999,-0.4388114008489994,,34.178000000000026,0.04580187600091512,33.17699999999999
NB_27,2016-12-31,9.24,7.353,0.376,0.376,0.0,0.222,8.717,5.186,1.887,1.005,0.202,3.531,8.659,-3.053,-2.907,0.145,0.604,0.146,-4.519,-0.033,-4.552,,,,,,,,,,,,,,,,,,,,,
NB_27,2017-12-31,9.222,8.47,0.313,0.313,0.0,0.481,8.703,7.52,0.752,1.103,0.229,1.183,4.35,-1.911,-1.836,-1.169,0.232,0.075,-1.676,0.0,-1.676,-0.001948051948052032,0.15191078471372244,-0.16755319148936165,-0.16755319148936165,,1.1666666666666665,-0.0016060571297465964,0.45005784805244886,-0.6014838367779545,0.09751243781094532,0.13366336633663356,-2.348,-0.4976325210763368,1.142,1.071,-1.314,-0.6158940397350994,-0.48630136986301364,2.843,-1.0,2.8759999999999994
NB_27,2018-12-31,3.919,5.149,0.0,0.0,0.0,0.973,3.136,3.787,-1.23,0.665,0.261,-0.651,5.087,-1.376,-1.31,-2.001,0.113,0.066,-2.423,0.0,-2.423,-0.5750379527217523,-0.39208972845336487,-1.0,-1.0,,1.0228690228690227,-0.6396644835114328,-0.4964095744680851,-2.6356382978723403,-0.3970988213961921,0.13973799126637565,-1.834,0.16942528735632179,0.5350000000000001,0.526,-0.8319999999999999,-0.5129310344827587,-0.11999999999999988,-0.7470000000000001,,-0.7470000000000001
NB_27,2019-12-31,4.984,5.629,0.731,0.189,0.542,1.247,3.43,3.594,-0.645,0.962,0.291,-0.164,5.49,-0.699,-0.534,-0.618,0.021,0.056,-1.221,0.0,-1.221,0.27175299821383003,0.0932219848514273,,,,0.2816032887975335,0.09375,-0.05096382360707685,-0.47560975609756095,0.44661654135338336,0.11494252873563204,0.487,0.07922154511499913,0.6769999999999999,0.776,1.383,-0.8141592920353982,-0.1515151515151515,1.202,,1.202
NB_27,2020-12-31,5.201,5.72,0.691,0.248,0.443,2.063,3.797,3.892,-1.042,0.608,0.236,-0.095,5.922,-0.31,-0.21,0.069,0.035,0.022,0.464,0.0,0.464,0.0435393258426966,0.01616628175519641,-0.05471956224350205,0.3121693121693121,-0.18265682656826576,0.6543704891740176,0.10699708454810497,0.08291597106288262,0.6155038759689924,-0.36798336798336795,-0.18900343642611683,0.069,0.07868852459016384,0.38899999999999996,0.32400000000000007,0.687,0.6666666666666667,-0.6071428571428572,1.685,,1.685
NB_835,2017-04-29,355.433,157.147,0.0,0.0,0.0,32.623,257.725,130.595,198.286,78.846,66.486,127.13,586.539,15.421,33.983,10.342,0.23,16.732,39.407,-8.502,30.905,,,,,,,,,,,,,,,,,,,,,
NB_835,2018-04-28,358.8,161.184,0.0,0.0,0.0,29.727,264.133,131.308,197.616,77.387,75.335,132.825,610.53,12.46,30.244,5.562,0.217,16.273,30.361,-18.127,12.234,0.009472952708386773,0.02568932273603708,,,,-0.08877172546976053,0.024863711320205484,0.005459627091389363,-0.0033789576672078603,-0.01850442635010019,0.1330956893180517,5.694999999999993,0.04090265097461554,-2.9609999999999985,-3.738999999999997,-4.78,-0.05652173913043479,-0.027432464738226137,-9.045999999999996,1.1320865678663843,-18.671
NB_835,2019-04-27,349.216,161.553,0.0,0.0,0.0,35.383,253.673,134.072,187.663,65.487,78.832,119.601,569.704,-4.728,13.907,-0.958,0.16,16.564,29.546,-17.268,12.278,-0.02671125975473798,0.002289309112567084,,,,0.19026474248999237,-0.039601261485690875,0.0210497456362142,-0.05036535503198125,-0.15377259746469052,0.04641932700603979,-13.22399999999999,-0.06686976888932572,-17.188000000000002,-16.337,-6.5200000000000005,-0.2626728110599078,0.017882381859521956,-0.8150000000000013,-0.04738787444144088,0.04400000000000048
NB_835,2020-05-02,372.651,195.671,0.0,0.0,0.0,40.398,252.002,145.965,176.98,72.577,86.803,106.037,608.932,-0.167,17.551,0.491,0.106,16.23,10.808,-18.091,-7.283,0.0671074635755522,0.2111876597772866,,,,0.14173473136817116,-0.006587220555597129,0.08870606838116823,-0.05692651188566755,0.10826576267045374,0.10111376090927537,-13.563999999999993,0.06885680985213383,4.561,3.6439999999999984,1.4489999999999998,-0.3375,-0.020164211543105548,-18.738,0.047660412323372814,-19.561
NB_835,2021-05-01,375.164,181.61,0.0,0.0,0.0,77.59,265.003,146.62,193.554,67.808,74.356,118.383,482.033,17.108,36.426,10.926,0.295,15.575,66.212,-7.891,58.321,0.0067435750876825296,-0.07186041876414995,,,,0.920639635625526,0.05159086038999683,0.004487377110951263,0.09364899988699293,-0.06570952230045324,-0.14339366150939492,12.34599999999999,-0.20839601137729669,17.275000000000002,18.875000000000004,10.435,1.783018867924528,-0.040357362908194805,55.404,-0.563816262229838,65.604
NB_1159,2016-12-31,335.6,150.663,66.683,3.625,63.058,35.28,182.912,87.036,184.937,61.617,71.243,95.876,403.077,45.541,54.295,35.675,2.088,5.766,38.845,-12.024,26.821,,,,,,,,,,,,,,,,,,,,,
NB_1159,2017-12-29,425.241,177.451,98.643,5.038,93.605,35.947,199.903,83.201,247.79,61.06,84.841,116.702,475.633,67.041,77.321,43.128,2.396,7.294,48.172,-16.864,31.308,0.26710667461263404,0.17780078718729864,0.4792825757689365,0.389793103448276,0.4844270354277016,0.018905895691609942,0.09289166375087476,-0.044062227124408326,0.3398616826270566,-0.009039713066199218,0.1908678747385708,20.825999999999993,0.18000530915929214,21.5,23.025999999999996,7.453000000000003,0.14750957854406122,0.2650017343045439,9.326999999999998,0.402528276779774,4.486999999999998
NB_1159,2018-12-28,485.254,149.767,59.426,6.923,52.503,27.958,231.947,96.785,335.487,78.882,107.14,135.162,619.225,94.532,109.261,84.04,3.059,8.145,65.392,-30.203,35.189,0.14112703149508166,-0.15600926452936303,-0.3975649564591507,0.3741564112743152,-0.43910047540195507,-0.2222438590146606,0.16029774440603695,0.1632672684222547,0.3539166229468502,0.2918768424500491,0.26283282846736844,18.460000000000008,0.301896630385192,27.491,31.939999999999998,40.912000000000006,0.2767111853088482,0.11667123663284884,17.22,0.7909748576850093,3.8810000000000002
NB_1159,2020-01-03,609.316,171.397,85.826,6.242,79.584,43.736,281.813,91.813,437.919,91.632,128.505,190.0,751.02,112.809,136.251,93.033,3.173,11.26,74.83,-53.526,21.304,0.2556640439852118,0.14442433914013098,0.4442499915861742,-0.0983677596417738,0.5157990971944462,0.5643465197796695,0.21498876898601837,-0.05137159683835302,0.30532330611916403,0.16163383281356958,0.19941198431958185,54.837999999999994,0.21283862893132532,18.277,26.99000000000001,8.992999999999995,0.03726708074534146,0.38244321669736037,9.438000000000002,0.7722080588021059,-13.885000000000002
NB_1159,2021-01-01,1286.561,567.39,415.457,19.254,396.203,245.764,581.969,165.389,1452.054,121.194,127.091,416.58,890.554,114.149,155.277,90.674,9.294,17.583,82.715,-56.744,25.971,1.1114840247096742,2.3103846625086786,3.840689301610235,2.0845882729894267,3.978425311620426,4.619261020669472,1.065089261318676,0.8013679979959265,2.31580497763285,0.32261655316919846,-0.011003462900276317,226.57999999999998,0.1857926553220952,1.3400000000000034,19.025999999999982,-2.3589999999999947,1.9290891900409708,0.561545293072824,7.885000000000005,0.060120315360759236,4.667000000000002
NB_2812,2017-03-31,9196.9,6588.7,3845.9,798.9,3047.0,321.9,1690.4,1689.9,2514.4,908.1,0.0,0.5,3201.5,-16.3,46.8,14.8,99.7,24.4,558.6,-25.2,533.4,,,,,,,,,,,,,,,,,,,,,
NB_2812,2018-03-31,8967.6,5708.9,3238.2,759.9,2478.3,378.1,1773.1,2412.4,3156.9,946.0,0.0,-639.3,4129.1,248.7,407.7,473.6,151.5,48.8,386.4,-45.9,340.5,-0.024932314149332835,-0.1335316526780701,-0.1580124288203022,-0.04881712354487422,-0.18664259927797833,0.17458838148493339,0.04892333175579733,0.4275400911296525,0.2555281578110087,0.0417354916859376,,-639.8,0.2897391847571451,265.0,360.9,458.8,0.5195586760280841,1.0,-172.20000000000005,0.8214285714285714,-192.89999999999998
NB_2812,2019-03-31,8408.9,5359.4,3803.4,952.6,2850.8,184.3,1394.4,1652.4,3049.5,647.2,0.0,-258.0,3680.5,130.0,293.4,-284.2,175.2,50.8,427.5,-43.8,383.7,-0.062302065212543,-0.06122020003853634,0.17454141189549754,0.2535859981576525,0.15030464431263368,-0.5125628140703518,-0.21358073430714564,-0.31503896534571385,-0.0340207165257056,-0.31585623678646935,,381.29999999999995,-0.10864353006708494,-118.69999999999999,-114.30000000000001,-757.8,0.15643564356435635,0.040983606557376984,41.10000000000002,-0.045751633986928164,43.19999999999999
NB_2812,2020-03-31,7951.2,5123.4,3403.0,609.0,2794.0,318.2,1308.1,1507.7,2660.0,522.0,0.0,-199.6,3890.0,2.8,235.8,-188.4,206.2,45.6,614.6,-31.1,583.5,-0.05443042490694383,-0.04403478001268801,-0.10527422832202771,-0.3606970396808734,-0.019924231794584024,0.7265328269126423,-0.06189041881812973,-0.08756959573953038,-0.12772585669781933,-0.19344870210135978,,58.400000000000006,0.05692161391115347,-127.2,-57.599999999999966,95.79999999999998,0.1769406392694064,-0.10236220472440938,187.10000000000002,-0.2899543378995433,199.8
NB_2812,2021-03-31,8306.2,5292.5,3550.7,887.9,2662.8,528.7,1186.7,1692.9,2794.6,383.7,0.0,-506.2,3271.5,170.6,404.2,-18.9,226.3,44.0,-0.5,-35.0,-35.5,0.04464734882785004,0.03300542608424095,0.043402879811930584,0.4579638752052544,-0.04695776664280593,0.6615336266499059,-0.09280636037000223,0.12283610797904099,0.050601503759398536,-0.2649425287356322,,-306.6,-0.15899742930591254,167.79999999999998,168.39999999999998,169.5,0.09747817652764312,-0.03508771929824561,-615.1,0.12540192926045002,-619.0
NB_885,2016-09-30,225.446,100.103,31.674,0.11,31.564,11.411,184.483,64.86,125.343,4.707,0.041,119.623,41.612,-6.64,-0.931,-1.043,0.484,,1.224,-3.779,-2.555,,,,,,,,,,,,,,,,,,,,,
NB_885,2017-09-30,280.2,120.459,31.564,0.115,31.449,3.384,239.754,88.116,159.741,5.358,0.04,151.638,41.384,-13.167,-7.581,-0.918,0.522,,-2.651,-0.253,-2.904,0.24286968941564724,0.20335054893459747,-0.0034728799646397412,0.045454545454545414,-0.003643391205170432,-0.703444045219525,0.2995994210848696,0.35855689176688244,0.2744309614418037,0.1383046526449967,-0.024390243902439046,32.015,-0.005479188695568626,-6.527,-6.65,0.12499999999999989,0.07851239669421495,,-3.875,-0.9330510717120931,-0.34899999999999975
NB_885,2018-09-30,263.998,101.082,31.449,0.121,31.328,9.301,227.228,27.257,162.916,4.803,0.046,199.971,40.703,-14.06,-10.382,8.201,0.746,,-1.881,-0.212,-2.093,-0.05782298358315485,-0.16085971160311818,-0.003643391205170432,0.05217391304347818,-0.0038474991255684765,1.748522458628842,-0.052245218015132155,-0.6906691179808434,0.01987592415222128,-0.1035834266517357,0.1499999999999999,48.333,-0.016455635028030047,-0.8930000000000007,-2.8009999999999993,9.119,0.42911877394636,,0.7699999999999998,-0.1620553359683795,0.8109999999999999
NB_885,2019-09-30,237.376,99.676,31.328,0.126,31.202,10.63,212.948,30.668,137.7,7.036,0.04,182.28,48.655,-18.224,-17.635,-25.216,0.955,,1.615,-0.165,1.45,-0.10084167304297753,-0.01390949921845619,-0.0038474991255684765,0.04132231404958686,-0.0040219611848824055,0.14288786152026667,-0.06284436777157743,0.12514216531533173,-0.15477914999140663,0.4649177597334999,-0.13043478260869557,-17.691000000000003,0.19536643490651784,-4.164,-7.253000000000002,-33.417,0.28016085790884704,,3.496,-0.22169811320754707,3.543
NB_885,2020-09-30,238.575,96.834,31.202,0.133,31.069,26.922,216.308,27.99,141.741,6.727,0.036,188.318,49.942,-1.283,-0.147,4.041,0.553,,2.336,-0.184,2.152,0.005051058236721362,-0.02851238011156143,-0.0040219611848824055,0.05555555555555558,-0.004262547272610773,1.5326434619002822,0.0157784999154722,-0.08732229033520289,0.02934640522875842,-0.043916998294485365,-0.10000000000000009,6.038000000000011,0.02645154660363791,16.941,17.488000000000003,29.257,-0.4209424083769633,,0.7209999999999999,0.115151515151515,0.7020000000000002
NB_959,2017-02-28,324.285,72.93,30.0,0.0,30.0,80.466,149.25,29.968,251.355,37.368,27.965,119.282,356.888,40.525,53.132,1.78,0.613,7.934,58.887,-3.065,55.822,,,,,,,,,,,,,,,,,,,,,
NB_959,2018-02-28,329.439,67.735,30.0,0.0,30.0,96.23,163.344,29.571,261.704,35.654,26.48,133.773,370.171,47.818,61.909,32.905,0.777,8.033,45.29,-2.667,42.623,0.015893427078033096,-0.07123268887974776,0.0,,0.0,0.19590883105908108,0.09443216080402017,-0.013247463961558958,0.04117284318991077,-0.045868122457717764,-0.05310209190059001,14.491,0.037218959449463185,7.292999999999999,8.777000000000001,31.125,0.26753670473083213,0.012477943029997496,-13.597000000000001,-0.1298531810766721,-13.199000000000005
NB_959,2019-02-28,363.085,73.958,30.0,0.0,30.0,88.442,166.165,31.623,289.127,40.357,35.411,134.542,400.782,50.087,66.276,37.437,1.154,9.071,51.335,-4.824,46.511,0.10213119879552801,0.09187273935188611,0.0,,0.0,-0.08093110256676728,0.01727030071505542,0.06939231003347879,0.1047863234799622,0.1319066584394457,0.33727341389728105,0.7690000000000055,0.08269421429555535,2.2690000000000055,4.366999999999997,4.5319999999999965,0.48519948519948497,0.12921697995767456,6.045000000000002,0.8087739032620922,3.8880000000000052
NB_959,2020-02-29,365.699,71.37,19.865,5.665,14.2,68.258,149.884,37.969,294.329,43.086,34.835,111.915,438.412,50.838,75.555,38.292,0.606,10.425,57.219,-3.394,53.825,0.0071994161146839986,-0.03499283377051832,-0.33783333333333343,,-0.5266666666666666,-0.2282173627914339,-0.09798092257695667,0.20067672263858594,0.01799209343990693,0.06762147830611798,-0.016266131992883626,-22.626999999999995,0.09389144223043955,0.7509999999999977,9.27900000000001,0.855000000000004,-0.4748700173310225,0.1492668944989528,5.884,-0.2964344941956881,7.314
NB_959,2021-02-28,364.388,63.839,18.905,5.338,13.567,75.19,148.074,35.052,300.549,37.891,32.906,113.022,357.973,35.901,60.399,24.094,0.011,9.922,52.817,-3.679,49.138,-0.0035849154632635605,-0.1055205268320023,-0.04832620186257219,-0.05772285966460722,-0.04457746478873237,0.10155586158399021,-0.012076005444210058,-0.07682583159946277,0.021132813959888308,-0.12057280787262681,-0.05537534089278029,1.1069999999999993,-0.18347809822723826,-14.936999999999998,-15.156000000000006,-14.198,-0.9818481848184818,-0.048249400479616344,-4.402000000000001,0.08397171479080723,-4.687000000000005
NB_3173,2016-12-31,12664.0,10596.0,7582.0,179.0,7403.0,1037.0,4910.0,2428.0,2068.0,1383.0,1802.0,2482.0,5749.0,-2245.0,-1289.0,-3392.0,499.0,896.0,-304.0,-204.0,-508.0,,,,,,,,,,,,,,,,,,,,,
NB_3173,2017-12-31,9747.0,10318.0,7689.0,148.0,7541.0,613.0,3878.0,2230.0,-571.0,1103.0,1234.0,1648.0,5699.0,-2170.0,-1369.0,-2813.0,579.0,749.0,-388.0,-225.0,-613.0,-0.23033796588755528,-0.026236315590788983,0.014112371405961444,-0.17318435754189943,0.018641091449412395,-0.40887174541947924,-0.21018329938900204,-0.08154859967051076,-1.2761121856866537,-0.2024584237165582,-0.31520532741398444,-834.0,-0.008697164724299933,75.0,-80.0,579.0,0.16032064128256507,-0.1640625,-84.0,0.10294117647058831,-105.0
NB_3173,2018-12-31,6601.0,10267.0,7988.0,383.0,7605.0,602.0,3450.0,2300.0,-3666.0,1130.0,1025.0,1150.0,5744.0,-2084.0,-1528.0,-2811.0,614.0,493.0,-242.0,-217.0,-459.0,-0.3227659792756745,-0.004942818375654245,0.03888672129015469,1.5878378378378377,0.008486938071873729,-0.01794453507340943,-0.11036616812790101,0.03139013452914807,5.420315236427321,0.024478694469628248,-0.16936790923824963,-498.0,0.007896122126688887,86.0,-159.0,2.0,0.060449050086355705,-0.3417890520694259,146.0,-0.03555555555555556,154.0
NB_3173,2019-12-31,7293.0,4377.0,2466.0,102.0,2364.0,618.0,3453.0,1672.0,2916.0,1241.0,972.0,1781.0,5215.0,-1181.0,-593.0,3635.0,374.0,411.0,-686.0,-270.0,-956.0,0.10483260112104231,-0.5736826726404987,-0.6912869303955934,-0.7336814621409922,-0.6891518737672584,0.02657807308970095,0.0008695652173913437,-0.2730434782608696,-1.7954173486088378,0.09823008849557513,-0.05170731707317078,631.0,-0.09209610027855153,903.0,935.0,6446.0,-0.3908794788273615,-0.16632860040567954,-444.0,0.24423963133640547,-497.0
NB_3173,2020-12-31,5434.0,4497.0,2862.0,84.0,2778.0,1118.0,3177.0,1362.0,937.0,826.0,717.0,1815.0,3685.0,-1486.0,-913.0,-1921.0,266.0,340.0,210.0,-154.0,56.0,-0.2549019607843137,0.027416038382453767,0.16058394160583944,-0.17647058823529416,0.1751269035532994,0.8090614886731391,-0.0799304952215465,-0.18540669856459335,-0.6786694101508917,-0.33440773569701854,-0.26234567901234573,34.0,-0.29338446788111217,-305.0,-320.0,-5556.0,-0.2887700534759359,-0.17274939172749393,896.0,-0.4296296296296296,1012.0
NB_1061,2016-06-30,10.1608,5.0719,0.0,0.0,0.0,3.9419,9.9863,5.0719,5.0888,1.8326,2.627,4.9144,36.0156,2.7909,2.8523,1.74,0.0,0.054,1.4412,-0.0016,1.4397,,,,,,,,,,,,,,,,,,,,,
NB_1061,2017-06-30,57.135,24.911,4.445,0.714,3.731,0.727,23.8,21.18,32.224,13.638,7.677,2.62,93.978,5.35,5.926,3.167,0.16,0.231,2.59,-0.237,2.353,4.623080859774821,3.911571600386443,,,,-0.815571171262589,1.3832650731502159,3.1759498412823595,5.332337682754283,6.44188584524719,1.9223448800913592,-2.2943999999999996,1.609369273314897,2.5590999999999995,3.0737,1.4269999999999998,,3.2777777777777777,1.1487999999999998,147.12499999999997,0.9133000000000002
NB_1061,2018-06-30,95.474,38.443,10.012,1.195,8.817,1.33,36.374,29.068,57.031,16.026,15.35,7.306,150.007,6.934,8.513,3.966,0.552,0.721,11.345,-0.829,10.516,0.6710247659053121,0.5432138412749385,1.2524184476940383,0.6736694677871151,1.3631734119539,0.829436038514443,0.5283193277310925,0.3724268177525969,0.7698299404170805,0.17509898812142533,0.9994789631366421,4.686,0.5961927259571391,1.5840000000000005,2.5869999999999997,0.7990000000000004,2.45,2.121212121212121,8.755,2.49789029535865,8.163
NB_1061,2019-06-30,154.485,72.983,40.563,0.0,40.563,5.038,67.868,30.712,81.502,30.557,26.445,37.156,228.318,7.005,9.748,3.743,1.389,1.2,-8.725,-2.979,-11.704,0.618084504681903,0.8984730640168563,3.0514382740711143,-1.0,3.600544402858115,2.78796992481203,0.8658382361027104,0.05655703866795103,0.42908242885448256,0.9067140896043928,0.7228013029315961,29.849999999999998,0.5220489710480178,0.07099999999999973,1.2349999999999994,-0.2230000000000003,1.516304347826087,0.6643550624133148,-20.07,2.5934861278648977,-22.22
NB_1061,2020-06-30,160.718,72.892,33.039,4.352,28.687,9.789,64.654,42.477,87.826,23.042,24.063,22.177,235.802,2.78,8.411,0.775,1.432,2.0,23.066,-3.375,19.691,0.04034695925170717,-0.0012468657084527823,-0.1854892389616153,,-0.29277913369326725,0.9430329495831677,-0.04735663346496133,0.3830750195363375,0.07759318789722958,-0.24593382858264878,-0.09007373794668183,-14.979,0.03277884354277805,-4.225,-1.3369999999999997,-2.968,0.030957523398128073,0.6666666666666667,31.790999999999997,0.13293051359516617,31.395
NB_1061,2021-06-30,177.85,71.11,19.571,2.131,17.44,6.057,65.223,49.462,106.74,28.904,25.129,15.761,242.005,3.246,9.951,8.384,0.635,2.7,13.694,-2.824,10.87,0.10659664754414577,-0.024447127256763346,-0.4076394564000121,-0.5103400735294119,-0.3920591208561369,-0.3812442537542139,0.00880069291923169,0.16444193328154078,0.21535763896795945,0.2544049995660098,0.04430037817396015,-6.416,0.026305968566848525,0.4660000000000002,1.540000000000001,7.609,-0.5565642458100559,0.3500000000000001,-9.371999999999998,-0.16325925925925933,-8.821
NB_1144,2016-07-03,506.514,263.928,117.563,19.594,97.969,27.826,166.659,120.861,242.586,19.123,103.328,45.798,1173.024,43.282,75.666,36.875,,30.5,57.673,-33.938,23.735,,,,,,,,,,,,,,,,,,,,,
NB_1144,2017-07-02,552.47,270.231,108.565,7.188,101.377,149.732,257.402,125.175,282.239,14.073,75.862,132.227,1193.625,46.359,79.735,44.041,,32.0,61.01,-33.653,27.357,0.09072996995147231,0.02388151313994724,-0.07653768617677337,-0.6331530060222517,0.034786514101399435,4.381010565658017,0.5444830462201262,0.03569389629408981,0.1634595566108512,-0.2640799037807876,-0.26581371941777643,86.429,0.01756230051559049,3.0770000000000053,4.069000000000003,7.165999999999997,,0.049180327868852514,3.336999999999996,-0.00839766633272454,3.622
NB_1144,2018-07-01,570.889,255.985,102.33,10.063,92.267,147.24,273.021,124.799,314.904,12.935,88.825,148.222,1151.921,41.048,73.517,40.791,,31.3,58.341,-33.306,25.035,0.033339366843448515,-0.052717859905044184,-0.05743103210058487,0.39997217584863676,-0.0898625921066909,-0.01664306894985701,0.06067940420043372,-0.0030037946874375,0.11573524566059268,-0.08086406594187445,0.17087606443278602,15.995000000000005,-0.034938946486543054,-5.311,-6.2180000000000035,-3.25,,-0.021874999999999978,-2.668999999999997,-0.010311116393783681,-2.321999999999999
NB_1144,2019-06-30,606.44,263.729,96.973,5.0,91.973,172.923,303.238,127.497,342.711,12.374,92.361,175.741,1248.623,45.108,75.073,34.766,2.769,29.3,78.1,-32.56,45.54,0.0622730513287173,0.030251772564798607,-0.05235023942147954,-0.503130279240783,-0.0031864046733934837,0.1744295028524856,0.11067646811051168,0.021618762970857075,0.08830310189772117,-0.043370699652106715,0.03980861244019129,27.519000000000005,0.08394846521593058,4.059999999999995,1.5559999999999974,-6.024999999999999,,-0.06389776357827481,19.758999999999993,-0.02239836666066164,20.505
NB_1144,2020-06-28,774.435,374.661,162.808,13.285,149.523,240.506,378.63,180.332,399.774,15.178,97.76,198.298,1489.637,80.364,125.582,58.998,2.438,31.6,139.417,-34.703,104.714,0.27701833652133745,0.4206287514835305,0.6789003124581068,1.657,0.6257271155665249,0.3908271311508591,0.2486231936630634,0.4144019074958627,0.16650472263802452,0.22660417003394207,0.05845540866816079,22.556999999999988,0.1930238350566984,35.25600000000001,50.509,24.232,-0.11953773925604905,0.07849829351535842,61.31700000000001,0.06581695331695325,59.174
NB_1144,2021-06-27,1076.679,567.609,270.879,29.992,240.887,173.573,400.059,265.938,509.07,20.831,153.863,134.121,2122.245,149.087,205.092,118.652,5.86,39.2,173.29,-55.219,118.071,0.3902767824284803,0.5149935541729724,0.6637941624490198,1.2575837410613473,0.6110364291781198,-0.2783007492536569,0.05659614927501799,0.4747133065678859,0.27339446787434896,0.3724469627091842,0.5738850245499181,-64.17699999999999,0.42467258801976593,68.72299999999998,79.51000000000002,59.654,1.4036095159967186,0.240506329113924,33.87299999999999,0.5911880817220412,13.357
NB_456,2018-12-31,0.1913,0.007,0.0,0.0,0.0,0.1613,0.1913,0.007,0.1843,0.0,0.0,0.1843,,,,,,,,,,,,,,,,,,,,,,,,,,,,,,
NB_456,2019-12-31,0.7458,0.3666,0.0507,0.0206,0.0301,0.531,0.7458,0.3364,0.3792,0.0019,0.1355,0.4093,0.0065,-0.9203,-0.9203,-0.9255,0.0066,0.0,-0.6927,,,2.898588604286461,51.37142857142857,,,,2.292002479851209,2.898588604286461,47.05714285714285,1.0575149213239285,,,0.225,,,,,,,,,
NB_456,2020-12-31,6.5256,2.1321,0.5551,0.5488,0.0064,4.2622,4.9883,2.1257,4.3935,0.2551,0.2259,2.8626,1.0657,-5.1351,-4.9737,-6.2892,0.1168,0.1614,-2.7327,-0.044,-2.7767,7.749798873692679,4.815875613747954,9.948717948717949,25.640776699029125,-0.787375415282392,7.026741996233522,5.6885223920622145,5.31896551724138,10.586234177215191,133.26315789473685,0.6671586715867157,2.4533,162.95384615384617,-4.2148,-4.0534,-5.3637,16.696969696969695,,-2.04,,
NB_340,2016-12-31,5866.2,4619.6,3263.9,27.9,3236.0,535.4,1920.0,942.1,1246.6,709.1,529.7,977.9,4092.7,403.6,725.7,38.8,,176.8,559.3,-136.2,423.1,,,,,,,,,,,,,,,,,,,,,
NB_340,2017-12-31,6832.2,5424.4,3915.6,37.7,3877.9,769.8,2315.6,1082.2,1407.8,777.6,608.6,1233.4,4377.0,363.7,711.2,36.7,,176.6,540.0,-125.0,415.0,0.16467218983328213,0.17421421768118428,0.19966910750942124,0.35125448028673856,0.19836217552533997,0.4378035113933507,0.20604166666666668,0.1487103279906592,0.12931172789988765,0.09660132562403057,0.14895223711534822,255.5000000000001,0.06946514525863123,-39.900000000000034,-14.5,-2.0999999999999943,,-0.0011312217194571206,-19.299999999999955,-0.08223201174743022,-8.100000000000023
NB_340,2018-12-31,6675.7,5365.2,3864.0,42.2,3821.8,693.6,2309.6,1040.6,1310.5,776.0,613.0,1269.0,4696.0,442.1,811.2,207.1,,183.4,496.1,-143.4,352.7,-0.022906238107783694,-0.010913649435882244,-0.013178057002758203,0.11936339522546424,-0.014466592743495155,-0.0989867498051441,-0.0025911210917256566,-0.03844021437811873,-0.06911493109816735,-0.002057613168724326,0.007229707525468143,35.59999999999991,0.07288096870002292,78.40000000000003,100.0,170.39999999999998,,0.03850509626274068,-43.89999999999998,0.1472,-62.30000000000001
NB_340,2019-12-31,6818.0,5408.4,3932.9,73.2,3859.7,1017.5,2573.4,1072.9,1409.6,743.1,591.6,1500.5,4482.2,488.2,877.7,249.0,,169.9,573.1,-112.5,460.6,0.021316116661923123,0.008051889957503944,0.017831262939958625,0.7345971563981042,0.00991679313412508,0.46698385236447515,0.11421891236577775,0.031039784739573584,0.0756199923693246,-0.042396907216494806,-0.03491027732463292,231.5,-0.04552810902896087,46.099999999999966,66.5,41.900000000000006,,-0.07360959651035992,77.0,-0.2154811715481172,107.90000000000003
NB_340,2020-12-31,7157.2,5677.4,3997.1,83.0,3914.1,1360.9,2925.9,1180.9,1479.8,768.6,559.9,1745.0,3737.6,305.5,661.5,121.6,,137.2,523.8,-82.1,441.7,0.049750660017600534,0.049737445455217744,0.01632383228660772,0.13387978142076506,0.01409435966525896,0.3374938574938575,0.13697831662392157,0.10066175785254905,0.049801362088535805,0.03431570448122723,-0.05358350236646392,244.5,-0.16612377850162863,-182.7,-216.20000000000005,-127.4,,-0.19246615656268407,-49.30000000000007,-0.27022222222222225,-18.900000000000034
NB_1392,2016-12-30,24.2963,5.4325,0.0,0.0,0.0,3.0227,15.2323,3.8278,18.8639,10.2875,0.0,11.4045,93.2595,1.6064,1.9047,0.7593,,0.168,0.0132,-0.1006,-0.0874,,,,,,,,,,,,,,,,,,,,,
NB_1392,2017-12-29,25.3642,5.7685,0.0,0.0,0.0,7.7686,18.1834,4.851,19.5958,9.3944,0.0,13.3324,98.0722,3.6965,4.0829,1.6793,,0.165,4.7477,-0.1037,4.644,0.04395319451933011,0.06184997699033601,,,,1.5700863466437291,0.19373961909888848,0.2673075918282042,0.03879897582154279,-0.08681409477521274,,1.9278999999999993,0.05160546646722319,2.0900999999999996,2.1782000000000004,0.92,,-0.017857142857142905,4.7345,0.030815109343936387,4.7314
NB_1392,2018-12-28,24.3659,13.4431,0.0,0.0,0.0,1.2913,22.2262,12.6756,10.9228,20.7252,0.0,9.5506,12.3296,6.912,7.0046,7.1172,,0.0926,5.0742,-0.4113,4.6629,-0.03935862357180597,1.330432521452717,,,,-0.8337795741832505,0.222334656884851,1.6129870129870127,-0.44259484175180397,1.206122796559653,,-3.7818000000000005,-0.8742803771099251,3.2155,2.9216999999999995,5.437900000000001,,-0.43878787878787884,0.32650000000000023,2.966248794599807,0.018899999999999473
NB_1392,2019-12-31,46.9121,15.63,0.0,0.0,0.0,4.1875,37.0211,11.012,31.2821,31.6207,0.0,26.0091,15.8765,2.784,3.1842,-0.29,,0.4001,4.9578,-0.5076,4.4502,0.9253177596559126,0.16267825129620417,,,,2.242856036552312,0.6656513484086348,-0.13124428034964808,1.8639268319478521,0.5257126589851966,,16.4585,0.2876735660524268,-4.128,-3.8204,-7.4072000000000005,,3.3207343412526997,-0.1164000000000005,0.2341356673960613,-0.2126999999999999
NB_1392,2020-12-31,49.095,12.7308,0.0,0.0,0.0,13.6674,38.9689,9.4561,36.3643,23.5228,0.0,29.5128,13.8091,4.9795,5.1087,5.3594,,0.129,10.8803,-1.4219,9.4585,0.046531705039851046,-0.185489443378119,,,,2.2638567164179104,0.05261323947694696,-0.1412913185615693,0.16246351747484988,-0.25609489985990186,,3.5036999999999985,-0.13021761723301728,2.1955,1.9244999999999997,5.6494,,-0.6775806048487878,5.9225,1.8012214342001571,5.008300000000001
NB_2672,2017-01-01,742.6,593.8,386.5,7.3,379.2,16.3,490.0,185.5,148.8,169.0,289.6,304.5,1648.2,74.0,111.0,30.6,,14.2,72.9,-8.8,64.1,,,,,,,,,,,,,,,,,,,,,
NB_2672,2017-12-31,910.7,697.9,475.3,8.4,466.9,16.7,601.9,205.8,212.8,219.9,338.3,396.1,1861.7,97.8,140.9,54.6,,17.6,16.3,-14.5,1.8,0.22636681928359814,0.17531155271135068,0.22975420439844774,0.15068493150684947,0.23127637130801681,0.024539877300613355,0.22836734693877547,0.10943396226415092,0.4301075268817205,0.30118343195266273,0.16816298342541436,91.60000000000002,0.12953525057638626,23.799999999999997,29.900000000000006,24.0,,0.23943661971830998,-56.60000000000001,0.6477272727272725,-62.3
NB_2672,2018-12-30,1168.5,866.7,572.9,9.7,563.2,17.3,765.4,282.4,301.8,285.3,411.7,483.0,2112.3,107.3,159.6,73.9,,21.5,78.1,-14.9,63.2,0.2830789502580433,0.24186846253044858,0.20534399326740993,0.15476190476190466,0.20625401584921832,0.03592814371257491,0.27163980727695636,0.37220602526724966,0.41823308270676685,0.29740791268758526,0.2169671888856044,86.89999999999998,0.13460815383789027,9.5,18.69999999999999,19.300000000000004,,0.22159090909090895,61.8,0.02758620689655178,61.400000000000006
NB_2672,2019-12-29,1443.3,1050.1,782.7,59.8,722.9,19.0,765.8,310.8,393.2,283.4,427.1,455.0,2357.5,124.9,247.1,77.7,33.4,25.1,130.8,-19.5,111.3,0.23517329910141194,0.21160724587515856,0.3662070169314018,5.164948453608248,0.28355823863636354,0.09826589595375723,0.0005226025607525386,0.1005665722379605,0.3028495692511597,-0.006659656501927902,0.03740587806655338,-28.0,0.11608199592860857,17.60000000000001,87.5,3.799999999999997,,0.16744186046511644,52.70000000000002,0.3087248322147651,48.099999999999994
NB_2672,2021-01-03,1695.7,900.7,568.0,66.6,501.4,55.2,851.6,368.6,795.0,292.8,458.6,483.0,2704.5,179.8,313.9,121.3,31.0,29.4,229.4,-18.6,210.8,0.17487701794498722,-0.14227216455575653,-0.27430688641880674,0.11371237458193972,-0.3064047586111496,1.905263157894737,0.11203969704883798,0.185971685971686,1.0218718209562563,0.03316866619618919,0.07375321938656043,28.0,0.14718981972428424,54.900000000000006,66.79999999999998,43.599999999999994,-0.07185628742514971,0.17131474103585642,98.6,-0.0461538461538461,99.50000000000001
NB_22,2016-12-31,2064.5,1355.8,696.2,68.5,627.7,42.9,670.7,406.4,708.7,391.0,210.0,264.3,1557.1,167.3,219.3,95.5,49.3,30.4,167.1,-18.5,148.6,,,,,,,,,,,,,,,,,,,,,
NB_22,2017-12-31,2799.1,2025.0,932.4,43.2,889.2,76.9,829.6,538.4,774.1,469.3,254.2,291.2,1948.8,184.5,255.7,131.7,41.1,35.6,204.9,-31.0,173.9,0.3558246548801163,0.4935831243546247,0.33927032461936224,-0.36934306569343056,0.41660028676119154,0.7925407925407928,0.23691665424183683,0.3248031496062993,0.09228164244391124,0.20025575447570332,0.21047619047619048,26.899999999999977,0.2515573823132746,17.19999999999999,36.39999999999998,36.19999999999999,-0.16632860040567943,0.17105263157894757,37.80000000000001,0.6756756756756757,25.30000000000001
NB_22,2018-12-31,2786.4,1996.7,882.5,39.5,843.0,67.0,880.2,599.2,789.7,428.4,340.6,281.0,1941.2,187.0,257.7,106.7,41.2,34.0,194.8,-34.1,160.7,-0.004537172662641531,-0.01397530864197527,-0.05351780351780344,-0.08564814814814825,-0.05195681511470995,-0.12873862158647598,0.060993249758920065,0.11292719167904908,0.02015243508590614,-0.08715107607074368,0.3398898505114085,-10.199999999999989,-0.0038998357963874186,2.5,2.0,-24.999999999999986,0.0024330900243310083,-0.0449438202247191,-10.099999999999994,0.10000000000000009,-13.200000000000017
NB_22,2019-12-31,2788.6,2014.9,922.0,55.0,867.0,27.8,806.0,588.8,773.7,453.7,283.3,217.2,1955.7,196.2,294.4,106.8,43.2,34.9,203.9,-32.8,171.1,0.0007895492391616354,0.009115039815695836,0.04475920679886691,0.39240506329113933,0.028469750889679624,-0.5850746268656717,-0.08429902294932978,-0.01735647530040063,-0.020260858553881267,0.05905695611577966,-0.16823253082795064,-63.80000000000001,0.007469606429012954,9.199999999999989,36.69999999999999,0.09999999999999432,0.04854368932038833,0.026470588235294024,9.099999999999994,-0.0381231671554253,10.400000000000006
NB_22,2020-12-31,3048.7,2306.0,1230.2,99.1,1131.1,36.6,728.2,556.9,742.7,356.0,305.1,171.3,1655.2,112.4,210.2,62.0,38.8,37.9,119.2,-15.3,103.9,0.09327260991178377,0.14447367114993304,0.3342733188720175,0.8018181818181818,0.30461361014994215,0.3165467625899281,-0.09652605459057062,-0.0541779891304347,-0.04006720951273102,-0.21534053339210935,0.07695022943875762,-45.89999999999998,-0.15365342332668608,-83.79999999999998,-84.19999999999999,-44.8,-0.10185185185185197,0.08595988538681953,-84.7,-0.5335365853658536,-67.19999999999999
NB_1575,2016-08-31,19.8698,2.3451,0.0,0.0,0.0,4.5199,16.7646,2.3138,17.5247,3.3422,8.069,14.4509,48.111,3.6151,3.8914,2.1251,0.0,,3.149,-0.9264,2.2226,,,,,,,,,,,,,,,,,,,,,
NB_1575,2017-08-31,22.181,2.4567,0.0,0.0,0.0,5.9123,18.8806,2.4453,19.7244,3.5651,8.8075,16.4353,47.7011,4.4378,4.713,2.7267,0.0,,2.3901,-0.4744,1.9158,0.11631722513563303,0.047588588972751866,,,,0.30805991282992995,0.1262183410281188,0.05683291555017722,0.12551998037056267,0.06669259769014424,0.09152311314908879,1.9844000000000008,-0.00851988110827051,0.8227000000000002,0.8216000000000001,0.6015999999999999,,,-0.7589000000000001,-0.48791018998272884,-0.30679999999999996
NB_1575,2018-08-31,23.6276,2.2542,0.0,0.0,0.0,6.0975,20.5187,2.1723,21.3734,4.1565,9.8032,18.3464,53.9232,4.2764,4.5505,2.9206,0.0,,1.5663,-0.1105,1.4558,0.06521797935169737,-0.08242764684332649,,,,0.031324526833888644,0.08676101395082769,-0.11164274322169065,0.08360203605686367,0.16588594990322858,0.11305137666761289,1.9110999999999976,0.13043933997329216,-0.16140000000000043,-0.16249999999999964,0.19389999999999974,,,-0.8237999999999999,-0.7670741989881956,-0.45999999999999996
NB_1575,2019-08-31,22.2147,1.7838,0.0,0.0,0.0,9.6523,19.4842,1.7226,20.4309,2.8371,6.3778,17.7616,45.4464,2.7376,2.9294,2.1005,0.0,,6.3059,-0.0327,6.2732,-0.059798709983239995,-0.20867713601277615,,,,0.5829930299302992,-0.05041742410581551,-0.20701560557933985,-0.044096868069656625,-0.3174305304944064,-0.34941651705565535,-0.5847999999999978,-0.15720135303542826,-1.5387999999999997,-1.6211000000000007,-0.8201,,,4.7396,-0.7040723981900452,4.8174
NB_1575,2020-08-31,23.278,3.9296,0.6807,0.3423,0.3384,3.801,20.3097,3.4943,19.3483,6.2744,9.1981,16.8155,44.9453,3.8581,4.0758,2.7845,0.0,,-2.2161,-0.4493,-2.6653,0.04786470220169514,1.2029375490525842,,,,-0.6062078468344332,0.04236766200305886,1.0285034250551495,-0.052988365661816306,1.2115540516724823,0.44220577628649393,-0.9461000000000013,-0.011026175890719525,1.1204999999999998,1.1464000000000003,0.6840000000000002,,,-8.522,12.74006116207951,-8.9385
NB_1584,2016-09-30,310.279,102.783,7.389,0.381,7.008,87.294,201.968,67.654,207.496,41.522,68.397,134.314,433.727,22.894,34.727,13.501,0.727,10.654,43.434,-11.702,31.732,,,,,,,,,,,,,,,,,,,,,
NB_1584,2017-09-29,353.659,110.655,0.0,0.0,0.0,63.81,240.849,84.077,243.004,46.814,79.148,156.772,490.565,45.591,58.671,35.157,0.757,11.804,46.35,-11.613,34.737,0.13980965518130462,0.07658854090657008,-1.0,-1.0,-1.0,-0.2690219259055605,0.1925106947635269,0.2427498743607177,0.1711261903843928,0.12745050816434667,0.15718525666330385,22.458,0.13104556552854674,22.697000000000003,23.944000000000003,21.656,0.04126547455295748,0.10794067955697395,2.916000000000004,-0.007605537514954741,3.0050000000000026
NB_1584,2018-09-28,395.936,116.739,0.0,0.0,0.0,121.877,285.694,92.784,279.197,40.866,88.864,192.91,544.268,63.021,76.126,40.669,0.203,11.994,63.358,-19.152,44.206,0.11954170542811005,0.05498169987799928,,,,0.9099984328475159,0.18619550008511565,0.10355983205870811,0.14893993514510062,-0.1270560088862306,0.12275736594733933,36.138000000000005,0.10947173157481682,17.43,17.455000000000005,5.5120000000000005,-0.7318361955085866,0.01609623856319886,17.007999999999996,0.6491862567811937,9.469000000000001
NB_1584,2019-09-27,436.444,111.91,0.0,0.0,0.0,172.382,322.528,87.866,324.534,44.508,94.298,234.662,562.419,63.774,77.738,51.413,0.172,12.933,45.844,-16.786,29.058,0.10230946415582332,-0.0413657817867209,,,,0.41439319970133837,0.12892815389892687,-0.05300482841869292,0.16238354996651116,0.08912054030245198,0.06114962189413031,41.75200000000001,0.033349379349878916,0.7530000000000001,1.6119999999999948,10.744,-0.15270935960591148,0.0782891445722862,-17.513999999999996,-0.12353801169590639,-15.148000000000003
NB_1584,2020-10-02,546.026,167.926,41.518,6.587,34.931,212.437,388.538,105.607,378.1,67.292,97.437,282.931,594.209,71.07,93.479,55.233,0.143,12.592,61.493,-15.6,45.893,0.25107917625170684,0.500545080868555,,,,0.23236184752468358,0.20466440123028073,0.20190972617394665,0.16505512519489485,0.511907971600611,0.03328808670385364,48.26899999999998,0.05652369496763088,7.295999999999992,15.741,3.8200000000000003,-0.16860465116279066,-0.026366658934508513,15.649000000000001,-0.07065411652567621,16.835
NB_1411,2016-12-31,19155.0,18080.0,13541.0,0.0,13541.0,816.0,2955.0,1966.0,1075.0,1283.0,0.0,989.0,8803.0,79.0,2875.0,-491.0,624.0,265.0,2529.0,-11091.0,-8562.0,,,,,,,,,,,,,,,,,,,,,
NB_1411,2017-12-31,20058.0,18538.0,14865.0,0.0,14865.0,1072.0,3556.0,2026.0,1520.0,1365.0,0.0,1530.0,8803.0,81.0,3043.0,327.0,637.0,240.0,2401.0,-10769.0,-8368.0,0.04714173844949099,0.025331858407079633,0.09777712133520411,,0.09777712133520411,0.3137254901960784,0.20338409475465302,0.030518819938962327,0.413953488372093,0.06391270459859699,,541.0,0.0,2.0,168.0,818.0,0.02083333333333326,-0.09433962264150941,-128.0,-0.029032548913533462,194.0
NB_1411,2018-12-31,21382.0,20262.0,16324.0,0.0,16324.0,1127.0,3899.0,2428.0,1120.0,1587.0,0.0,1471.0,9504.0,442.0,3206.0,-225.0,739.0,218.0,2556.0,-12670.0,-10114.0,0.06600857513211689,0.09299816592944232,0.09815001681802893,,0.09815001681802893,0.051305970149253755,0.09645669291338588,0.19842053307008878,-0.26315789473684215,0.16263736263736273,,-59.0,0.07963194365557191,361.0,163.0,-552.0,0.1601255886970172,-0.09166666666666667,155.0,0.1765252112545268,-1746.0
NB_1411,2019-12-31,24627.0,22739.0,18937.0,494.0,18443.0,865.0,3889.0,2773.0,1888.0,1840.0,0.0,1116.0,9779.0,759.0,4298.0,-58.0,805.0,2565.0,2900.0,-13938.0,-11038.0,0.15176316527920686,0.1222485440726484,0.16007106101445734,,0.12980887037490807,-0.2324755989352263,-0.0025647601949218,0.1420922570016474,0.6857142857142857,0.1594202898550725,,-355.0,0.02893518518518512,317.0,1092.0,167.0,0.08930987821380243,10.76605504587156,344.0,0.10007892659826356,-924.0
NB_1411,2020-12-31,16908.0,16815.0,7903.0,449.0,7454.0,1096.0,2657.0,1747.0,93.0,777.0,0.0,910.0,5258.0,-1453.0,1558.0,-1714.0,608.0,2032.0,953.0,-5640.0,-4687.0,-0.3134364721646973,-0.2605215708694314,-0.5826688493425569,-0.09109311740890691,-0.5958358184677113,0.2670520231213873,-0.31679094883003345,-0.3699963937973314,-0.9507415254237288,-0.5777173913043478,,-206.0,-0.46231721034870643,-2212.0,-2740.0,-1656.0,-0.2447204968944099,-0.20779727095516565,-1947.0,-0.5953508394317693,6351.0
NB_1787,2017-03-31,1.556,4.962,4.18,3.948,0.232,1.477,1.499,4.73,-3.406,0.0,0.0,-3.231,0.225,-5.485,-5.461,-14.25,,0.024,-3.123,-0.019,-3.142,,,,,,,,,,,,,,,,,,,,,
NB_1787,2018-03-31,68.027,29.63,8.71,4.762,3.948,10.285,18.719,25.682,38.397,2.99,0.0,-6.963,7.195,-14.877,-12.341,-23.336,,0.112,-9.261,-0.049,-9.31,42.719151670951156,4.971382507053607,1.083732057416268,0.20618034447821665,16.017241379310345,5.963439404197698,11.487658438959306,4.4295983086680755,-12.27334116265414,,,-3.732,30.977777777777778,-9.392,-6.879999999999999,-9.085999999999999,,3.666666666666667,-6.137999999999999,1.5789473684210527,-6.168000000000001
NB_1787,2019-03-31,58.899,49.436,17.448,2.423,15.025,13.704,19.564,34.2,9.463,4.314,0.0,-14.636,33.701,-33.894,-26.507,-37.762,,0.9,-5.771,-2.532,-8.303,-0.1341820159642495,0.6684441444481946,1.0032146957520092,-0.49118017639647205,2.8057244174265454,0.3324258629071464,0.04514130028313468,0.33167198816291577,-0.753548454306326,0.44280936454849495,,-7.672999999999999,3.6839471855455175,-19.016999999999996,-14.166000000000002,-14.426000000000002,,7.0357142857142865,3.4899999999999993,50.6734693877551,1.0069999999999997
NB_1787,2020-03-31,54.116,61.246,16.477,3.133,13.344,5.702,17.722,47.794,-7.13,3.889,0.0,-30.072,38.659,-35.995,-27.881,-38.927,,2.294,-4.894,-2.575,-7.469,-0.08120681166063937,0.23889473258354244,-0.055651077487391065,0.2930251754023938,-0.1118801996672214,-0.583917104495038,-0.0941525250460028,0.3974853801169589,-1.7534608475113602,-0.09851645804357911,,-15.436,0.1471172962226639,-2.100999999999999,-1.3739999999999988,-1.1649999999999991,,1.548888888888889,0.8769999999999998,0.01698262243285953,0.8340000000000005
NB_1787,2021-03-31,85.769,77.633,25.199,5.024,20.175,18.635,35.271,50.962,8.136,10.567,2.568,-15.691,65.23,-29.37,-20.093,-41.82,,3.185,-9.508,-3.209,-12.717,0.5849101929189151,0.26756033047056116,0.5293439339685624,0.6035748483881265,0.5119154676258995,2.268151525780428,0.990238122108114,0.06628447085408218,-2.14109396914446,1.7171509385446133,,14.380999999999998,0.6873173129154919,6.6249999999999964,7.788,-2.8930000000000007,,0.38840453356582394,-4.613999999999999,0.24621359223300976,-5.248
NB_2651,2016-12-28,538.194,336.841,9.02,9.02,0.0,11.607,83.944,31.716,201.353,6.006,0.806,52.228,268.475,27.805,42.307,12.446,0.374,14.502,54.285,-54.433,-0.148,,,,,,,,,,,,,,,,,,,,,
NB_2651,2017-12-27,470.606,246.127,4.652,4.652,0.0,21.507,93.199,34.024,224.479,5.641,1.258,59.175,358.81,33.813,55.517,-0.32,1.643,21.704,70.878,-61.533,9.345,-0.12558296822335435,-0.26930807116710853,-0.4842572062084257,-0.4842572062084257,,0.8529335745670719,0.11025207281044502,0.07277084121579014,0.11485301932427139,-0.06077256077256077,0.5607940446650124,6.946999999999996,0.336474532079337,6.008000000000003,13.21,-12.766,3.3930481283422465,0.49662115570266163,16.593000000000004,0.1304355813568976,9.493
NB_2651,2018-12-26,610.532,337.077,9.091,9.091,0.0,24.75,101.119,59.948,273.455,10.523,1.749,41.171,459.31,31.711,60.711,15.179,2.415,29.0,85.395,-87.525,-2.13,0.2973315257349036,0.3695246762850073,0.9542132416165088,0.9542132416165088,,0.15078811549727988,0.08497945256923356,0.761932753350576,0.21817631047893116,0.8654493884063108,0.3903020667726551,-18.003999999999998,0.2800925280789275,-2.102000000000004,5.1939999999999955,15.499,0.46987218502738903,0.3361592333210468,14.516999999999996,0.42240748866461897,-11.475000000000001
NB_2651,2019-12-25,968.268,646.283,353.587,45.03,308.557,37.099,87.675,99.392,321.985,9.97,2.221,-11.717,594.519,25.685,106.145,19.827,0.434,40.392,89.857,-106.507,-16.65,0.5859414412348574,0.9173156281799115,37.89418105818942,3.9532504674953257,,0.4989494949494948,-0.13295226416400485,0.6579702408754253,0.17746978479091635,-0.05255155373942788,0.26986849628359066,-52.888,0.29437416995057797,-6.026,45.434,4.6480000000000015,-0.8202898550724638,0.3928275862068966,4.462000000000003,0.21687517852042282,-14.52
NB_2651,2020-12-30,1145.348,710.855,392.255,44.933,347.322,146.873,203.186,109.705,434.493,9.464,2.888,93.481,522.867,-43.876,49.835,-42.158,0.815,48.801,37.35,-69.038,-31.688,0.18288325133124284,0.09991288645995633,0.10935922417962196,-0.0021541194759049365,0.12563318932968626,2.9589476805304726,1.3174907328200742,0.10376086606567947,0.3494200040374551,-0.05075225677031092,0.30031517334533975,105.198,-0.12052095896010062,-69.56099999999999,-56.309999999999995,-61.985,0.8778801843317972,0.208184789067142,-52.507,-0.35179847333978054,-15.038
NB_12,2016-12-31,2336.1,2056.4,1708.5,795.8,912.7,3.4,1332.4,1104.9,279.7,321.0,894.9,227.5,6527.8,297.8,328.5,167.2,75.5,,142.5,-92.0,50.5,,,,,,,,,,,,,,,,,,,,,
NB_12,2017-12-31,2356.7,1962.5,1607.6,745.0,862.6,4.7,1302.1,1058.2,394.2,320.2,826.0,243.9,6456.5,287.7,319.8,139.1,78.6,,266.3,-48.1,218.2,0.00881811566285684,-0.045662322505349184,-0.05905765291191112,-0.0638351344558934,-0.054892078448559256,0.3823529411764708,-0.02274091864305028,-0.0422662684405829,0.40936717912048626,-0.0024922118380062974,-0.07699184266398473,16.400000000000006,-0.010922516008456173,-10.100000000000023,-8.699999999999989,-28.099999999999994,0.041059602649006655,,123.80000000000001,-0.4771739130434782,167.7
NB_12,2018-12-31,2695.4,2222.2,1871.4,1004.9,866.5,8.3,1553.0,1303.3,473.2,328.6,1067.6,249.7,6874.4,310.9,344.6,168.0,86.1,,10.1,-57.9,-47.8,0.1437179106377564,0.13233121019108274,0.16409554615576027,0.34885906040268444,0.004521214931602069,0.7659574468085106,0.19268873358421024,0.23161973161973148,0.20040588533739223,0.026233603997501742,0.29249394673123486,5.799999999999983,0.06472547045612953,23.19999999999999,24.80000000000001,28.900000000000006,0.09541984732824438,,-256.2,0.20374220374220364,-266.0
NB_12,2019-12-31,2911.3,2265.0,1799.7,837.4,962.3,3.5,1602.6,1247.0,646.3,136.2,985.0,355.6,7210.3,325.0,384.5,184.4,92.8,,349.8,-71.7,278.1,0.0800994286562291,0.01926019260192602,-0.03831356203911518,-0.1666832520648821,0.11055972302365835,-0.5783132530120483,0.03193818415969085,-0.04319803575539016,0.36580726965342336,-0.5855143031040779,-0.07736980142375416,105.90000000000003,0.04886244617712099,14.100000000000023,39.89999999999998,16.400000000000006,0.07781649245063882,,339.7,0.23834196891191728,325.90000000000003
NB_12,2020-12-31,3676.3,2770.8,2225.5,763.6,1461.9,1.4,1405.7,1223.4,905.5,155.5,875.2,182.3,7131.8,370.8,437.5,254.4,74.4,,652.5,-48.8,603.7,0.262769209631436,0.2233112582781458,0.2365949880535645,-0.08812992596130875,0.5191728151304169,-0.6000000000000001,-0.12286284787220758,-0.018925421010424937,0.4010521429676621,0.14170337738619687,-0.11147208121827401,-173.3,-0.010887203029000148,45.80000000000001,53.0,70.0,-0.1982758620689654,,302.7,-0.3193863319386333,325.6
NB_3196,2016-09-30,5369.0,5159.0,2812.0,0.0,2812.0,359.0,908.0,1842.0,210.0,329.0,41.0,-934.0,3246.0,214.0,507.0,25.0,,50.0,342.0,-42.0,300.0,,,,,,,,,,,,,,,,,,,,,
NB_3196,2017-09-30,5718.0,5410.0,2811.0,0.0,2811.0,647.0,1275.0,2100.0,308.0,404.0,39.0,-825.0,3576.0,222.0,473.0,143.0,,50.0,535.0,-44.0,491.0,0.0650027938163531,0.0486528396976158,-0.00035561877667145136,,-0.00035561877667145136,0.8022284122562675,0.4041850220264318,0.14006514657980462,0.46666666666666656,0.22796352583586632,-0.04878048780487809,109.0,0.1016635859519408,8.0,-34.0,118.0,,0.0,193.0,0.04761904761904767,191.0
NB_3196,2018-09-30,5344.0,5664.0,2819.0,0.0,2819.0,514.0,1176.0,2373.0,-320.0,447.0,42.0,-1197.0,4005.0,217.0,478.0,307.0,,55.0,425.0,-74.0,351.0,-0.06540748513466244,0.04695009242144188,0.0028459622909995375,,0.0028459622909995375,-0.20556414219474495,-0.0776470588235294,0.1299999999999999,-2.038961038961039,0.10643564356435653,0.07692307692307687,-372.0,0.11996644295302006,-5.0,5.0,164.0,,0.10000000000000009,-110.0,0.6818181818181819,-140.0
NB_3196,2019-09-30,6017.0,6286.0,2974.0,0.0,2974.0,619.0,1691.0,2819.0,-269.0,775.0,74.0,-1128.0,4475.0,356.0,625.0,256.0,,61.0,400.0,-104.0,296.0,0.12593562874251507,0.10981638418079087,0.05498403689251519,,0.05498403689251519,0.2042801556420233,0.4379251700680271,0.18794774546986925,-0.15937500000000004,0.7337807606263982,0.7619047619047619,69.0,0.11735330836454438,139.0,147.0,-51.0,,0.10909090909090913,-25.0,0.4054054054054055,-55.0
NB_3196,2020-09-30,6410.0,6455.0,3442.0,39.0,3403.0,553.0,1678.0,2720.0,-45.0,771.0,79.0,-1042.0,4463.0,-229.0,85.0,-475.0,,71.0,463.0,-85.0,378.0,0.0653149410004985,0.026885141584473526,0.1573638197713516,,0.14425016812373914,-0.10662358642972536,-0.007687758722649374,-0.035118836466832226,-0.8327137546468402,-0.005161290322580614,0.06756756756756754,86.0,-0.0026815642458100086,-585.0,-540.0,-731.0,,0.16393442622950816,63.0,-0.1826923076923077,82.0
NB_531,2017-01-28,1475.273,860.787,307.003,110.0,197.003,55.332,843.745,527.595,614.486,153.121,585.764,316.15,2579.388,110.985,167.116,65.658,15.111,39.419,183.622,-50.523,133.099,,,,,,,,,,,,,,,,,,,,,
NB_531,2018-02-03,1489.415,770.453,197.472,0.0,197.472,64.047,846.789,430.159,718.962,152.613,569.379,416.63,2785.584,127.683,191.753,87.2,17.325,45.799,191.375,-44.72,146.655,0.009586022383653692,-0.10494349937905667,-0.35677501522786415,-1.0,0.0023806744059735596,0.15750379527217517,0.0036077250828152607,-0.1846795363868119,0.17002177429591558,-0.003317637685229413,-0.027972016033760982,100.48000000000002,0.0799398927187378,16.698000000000008,24.636999999999972,21.542,0.14651578320428826,0.16185088409142812,7.752999999999986,-0.1148585792609308,13.556000000000012
NB_531,2019-02-02,1838.568,1203.133,532.932,335.0,197.932,30.2,976.447,853.336,635.435,191.722,683.171,123.111,2834.846,0.401,63.098,-5.441,18.277,45.54,129.589,-62.483,67.106,0.23442291100868462,0.5615916869685758,1.6987724842002918,,0.0023294441743637595,-0.5284712789045545,0.15311724644510027,0.9837687924697613,-0.1161772110347975,0.25626257265108476,0.199852822109702,-293.519,0.017684621967960723,-127.28200000000001,-128.65499999999997,-92.641,0.05494949494949508,-0.005655145308849585,-61.786,0.39720483005366725,-79.549
NB_531,2020-02-01,2431.707,1782.577,1230.292,402.869,827.423,45.218,882.299,850.95,649.13,162.181,618.406,31.349,2921.562,103.813,355.291,62.819,33.123,46.014,170.786,-44.533,126.253,0.3226092263109115,0.48161258979680555,1.3085346723409361,0.20259402985074626,3.18033971262858,0.4972847682119206,-0.09641895566272418,-0.002796085012234273,0.021552165052287187,-0.15408247358153992,-0.09480056969631334,-91.762,0.03058931596284231,103.412,292.193,68.26,0.8122777261038461,0.010408432147562596,41.197,-0.28727813965398585,59.147000000000006
NB_531,2021-01-30,1867.05,1663.196,1120.853,403.06,717.793,88.295,782.556,905.509,203.854,126.994,487.955,-122.953,2117.07,-485.658,-257.591,-439.114,48.287,41.644,126.353,-16.786,109.567,-0.23220601824150688,-0.06697102004569788,-0.08895367928914422,0.000474099521184268,-0.13249571259198745,0.9526515989207835,-0.113048977727505,0.06411540043480812,-0.6859581285720888,-0.21696129632940975,-0.21094717709724675,-154.302,-0.275363658207493,-589.471,-612.8820000000001,-501.933,0.457808773359901,-0.0949710957534664,-44.43300000000001,-0.6230660409134798,-16.686000000000007
NB_273,2016-09-30,10000.0,6835.0,2495.0,170.0,2325.0,1017.0,2888.0,1238.0,3165.0,529.0,539.0,1650.0,3019.0,-127.0,175.0,-29.0,180.0,226.0,665.0,-231.0,434.0,,,,,,,,,,,,,,,,,,,,,
NB_273,2017-09-30,8618.0,5212.0,2819.0,235.0,2584.0,566.0,1903.0,968.0,3406.0,612.0,634.0,935.0,3260.0,146.0,447.0,1.0,232.0,219.0,383.0,-199.0,184.0,-0.1382,-0.23745427944403807,0.12985971943887775,0.38235294117647056,0.11139784946236553,-0.44346116027531957,-0.3410664819944599,-0.2180936995153473,0.07614533965244874,0.15689981096408312,0.17625231910946204,-715.0,0.07982775753560789,273.0,272.0,30.0,0.288888888888889,-0.030973451327433676,-282.0,-0.1385281385281385,-250.0
NB_273,2018-09-30,8259.0,4853.0,2529.0,254.0,2275.0,294.0,1712.0,1076.0,3406.0,522.0,596.0,636.0,2589.0,102.0,414.0,114.0,116.0,263.0,297.0,-185.0,112.0,-0.04165699698305869,-0.06887950882578664,-0.10287335934728625,0.08085106382978724,-0.1195820433436533,-0.48056537102473496,-0.10036784025223333,0.11157024793388426,0.0,-0.1470588235294118,-0.05993690851735012,-299.0,-0.20582822085889574,-44.0,-33.0,113.0,-0.5,0.2009132420091324,-86.0,-0.07035175879396982,-72.0
NB_273,2019-09-30,7251.0,3680.0,1667.0,166.0,1501.0,232.0,1433.0,757.0,3571.0,481.0,597.0,676.0,2148.0,86.0,363.0,505.0,114.0,153.0,241.0,-147.0,94.0,-0.12204867417362875,-0.2417061611374408,-0.3408461842625544,-0.3464566929133859,-0.34021978021978017,-0.2108843537414966,-0.16296728971962615,-0.29646840148698883,0.048443922489723956,-0.07854406130268199,0.001677852348993314,40.0,-0.1703360370799536,-16.0,-51.0,391.0,-0.017241379310344862,-0.41825095057034223,-56.0,-0.20540540540540542,-18.0
NB_273,2020-09-30,6877.0,3841.0,1989.0,302.0,1687.0,454.0,1547.0,813.0,3036.0,437.0,506.0,734.0,2016.0,-463.0,-199.0,-508.0,88.0,235.0,203.0,-133.0,70.0,-0.05157909253896009,0.043749999999999956,0.19316136772645476,0.8192771084337349,0.12391738840772826,0.9568965517241379,0.07955338450802518,0.07397622192866571,-0.14981797815737885,-0.09147609147609148,-0.15242881072026804,58.0,-0.06145251396648044,-549.0,-562.0,-1013.0,-0.22807017543859653,0.5359477124183007,-38.0,-0.09523809523809523,-24.0
NB_284,2019-12-31,231.8392,8.3194,0.0,0.0,0.0,0.4931,0.6244,0.2658,223.5198,0.0,0.0,0.3585,,,,,,,,,,,,,,,,,,,,,,,,,,,,,,
NB_284,2020-12-31,99.645,19.658,7.045,0.504,6.541,42.777,50.932,13.117,79.987,2.081,2.591,37.815,5.967,-24.357,-23.47,-24.061,,0.67,-22.807,-30.404,-53.211,-0.5701977922629133,1.3629107868355894,,,,85.75116609207058,80.5695067264574,48.349134687735145,-0.6421480334180686,,,37.4565,,,,,,,,,
NB_113,2016-12-31,1263.433,752.143,484.896,51.978,432.918,181.742,501.305,200.009,511.29,162.219,133.906,301.296,779.839,91.776,159.237,52.733,15.541,58.106,80.94,-71.244,9.696,,,,,,,,,,,,,,,,,,,,,
NB_113,2017-12-31,1361.198,788.183,516.181,2.061,514.12,183.727,543.707,161.517,573.015,172.63,136.519,382.19,863.717,78.676,150.632,33.111,18.602,61.517,64.216,-85.51,-21.294,0.0773804388519217,0.04791642014882802,0.06451898963901548,-0.960348609026896,0.1875690084496371,0.01092207634999065,0.08458323774947374,-0.19245133968971395,0.12072405093000049,0.06417867204211603,0.019513688707003318,80.894,0.10755809853059395,-13.099999999999994,-8.60499999999999,-19.622,0.19696287240203336,0.05870305992496472,-16.724000000000004,0.20024142383920052,-30.990000000000002
NB_113,2018-12-31,1417.992,809.712,524.931,1.224,523.707,197.755,593.049,189.306,608.28,230.513,85.904,403.743,982.479,137.408,216.444,82.891,20.242,68.8,132.485,-81.579,50.906,0.04172354058704153,0.02731472259614831,0.016951418204079527,-0.4061135371179039,0.018647397494748308,0.07635241417973404,0.09075108468347848,0.17205000092869493,0.061542891547341716,0.33530093263048144,-0.37075425398662465,21.552999999999997,0.13750105648030564,58.731999999999985,65.81199999999998,49.78000000000001,0.08816256316525117,0.11839003852593577,68.26900000000002,-0.04597123143491999,72.2
NB_113,2019-12-31,1474.368,771.679,466.973,5.878,461.095,195.54,618.334,202.719,702.689,219.99,95.149,415.615,1054.132,193.576,269.434,132.398,19.65,62.085,200.352,-67.358,132.994,0.039757629098048586,-0.0469710217954038,-0.11041070159697186,3.802287581699346,-0.11955540025243117,-0.011200728173750396,0.04263560009375267,0.07085353871509614,0.1552064838561189,-0.045650353776142794,0.10762013410318505,11.872000000000014,0.07293082091322045,56.168000000000006,52.99000000000004,49.50699999999999,-0.0292461219247111,-0.0976017441860465,67.86699999999999,-0.17432182301817856,82.088
NB_113,2020-12-31,1549.936,730.071,433.59,5.88,427.71,241.316,717.276,190.863,819.865,192.23,110.478,526.413,900.61,166.08,244.233,98.589,16.332,72.705,140.253,-41.463,98.79,0.05125450362460393,-0.05391879265860544,-0.07148807318624428,0.0003402517863217991,-0.07240373458831706,0.234100439807712,0.16001384365084248,-0.05848489781421573,0.16675371323586963,-0.12618755397972647,0.16110521392762922,110.798,-0.14563830715697845,-27.49599999999998,-25.201000000000022,-33.809,-0.16885496183206095,0.17105581058226615,-60.09900000000002,-0.3844383740609876,-34.20399999999999
NB_2930,2016-12-31,285.02,250.962,218.225,16.684,201.541,2.865,78.856,41.567,34.058,2.181,62.185,37.289,206.228,43.585,44.87,26.913,26.621,1.227,9.128,-3.207,5.921,,,,,,,,,,,,,,,,,,,,,
NB_2930,2017-12-31,282.277,228.953,202.04,15.85,186.19,2.607,79.493,38.23,53.324,3.248,63.296,41.263,285.777,49.68,52.008,20.209,16.904,1.626,29.69,-2.021,27.669,-0.009623886043084728,-0.08769853603334365,-0.07416657119945014,-0.049988012467034326,-0.07616812459995737,-0.09005235602094241,0.008078015623414814,-0.08028002983135674,0.5656820717599389,0.4892251260889502,0.017866044866125197,3.9739999999999966,0.38573326609383773,6.094999999999999,7.138000000000005,-6.704000000000001,-0.3650125840501859,0.32518337408312936,20.562,-0.3698160274399751,21.748
NB_2930,2018-12-31,339.377,256.754,220.715,34.0,186.715,3.306,111.854,63.766,82.623,2.617,91.237,48.088,332.683,48.484,51.594,25.289,15.086,2.105,13.09,-2.267,10.823,0.20228357251919227,0.12142666835551408,0.09243219164521888,1.1451104100946372,0.0028197003061389836,0.2681242807825086,0.40709244839168246,0.6679571017525505,0.54945240417073,-0.19427339901477836,0.441433897876643,6.825000000000003,0.16413497237356411,-1.195999999999998,-0.4140000000000015,5.080000000000002,-0.10754850922858494,0.2945879458794589,-16.6,0.12172191984166258,-16.846
NB_2930,2019-12-31,446.584,339.999,297.476,17.458,280.018,95.25,189.25,55.886,106.585,6.906,70.979,133.364,361.989,26.859,34.685,13.774,17.342,2.638,37.795,-4.815,32.98,0.3158935343290794,0.3242208495291212,0.34778334050698856,-0.4865294117647059,0.4997081112926116,27.81125226860254,0.6919377045076618,-0.12357682777655798,0.29001609721264043,1.6388995032479938,-0.22203711213652355,85.27600000000001,0.08808986332334379,-21.625,-16.909,-11.515000000000002,0.1495426222988201,0.25320665083135396,24.705000000000002,1.1239523599470669,22.156999999999996
NB_2930,2020-12-31,496.049,378.562,333.457,15.228,318.229,41.765,163.403,56.629,117.487,9.331,85.856,106.774,405.111,64.427,72.635,38.192,13.487,3.237,43.678,-6.135,37.543,0.11076303674112808,0.11342092182624053,0.12095429547257597,-0.1277351357543819,0.13645908477312174,-0.561522309711286,-0.13657595772787323,0.013294921805103055,0.10228456161748833,0.3511439328120476,0.20959720480705557,-26.590000000000003,0.11912516678683605,37.568000000000005,37.95,24.418,-0.22229269980394417,0.22706595905989402,5.882999999999996,0.27414330218068517,4.563000000000002
NB_2964,2016-10-31,1387.518,837.483,353.907,22.484,331.423,273.555,779.009,463.839,550.035,157.908,307.034,315.17,2392.175,334.396,398.493,230.994,19.336,53.355,361.942,-50.723,311.219,,,,,,,,,,,,,,,,,,,,,
NB_2964,2017-10-31,1493.787,876.695,331.887,26.258,305.629,310.256,859.886,521.796,617.092,183.073,328.992,338.09,2505.176,355.11,420.096,267.717,19.113,54.679,360.748,-58.276,302.472,0.07658927667965387,0.046821248908933244,-0.062219735693275324,0.1678526952499555,-0.07782803245399383,0.1341631481786112,0.1038203666453148,0.12495068331899661,0.12191406001436267,0.15936494667781265,0.07151650957222988,22.91999999999996,0.047237764795635684,20.714,21.60300000000001,36.722999999999985,-0.011532892014894491,0.024814918939181085,-1.1940000000000168,0.1489068075626443,-8.747000000000014
NB_2964,2018-10-31,1570.984,902.068,312.549,0.0,312.549,289.124,894.637,532.635,668.916,193.178,358.259,362.002,2618.65,373.085,434.362,271.939,19.096,53.484,364.805,-90.124,274.681,0.051678719924594274,0.0289416501748041,-0.05826681973081205,-1.0,0.022641830454570577,-0.06811149502346436,0.040413496672814686,0.02077248579904789,0.08398099473012133,0.05519656093470915,0.08895960996012064,23.912000000000035,0.045295819535234205,17.974999999999966,14.26600000000002,4.222000000000037,-0.0008894469732642074,-0.021854825435724923,4.057000000000016,0.5465028485139678,-27.790999999999997
NB_2964,2019-10-31,2330.547,1470.969,700.813,79.914,620.899,151.828,1122.891,756.97,859.578,268.768,651.663,365.921,3138.084,325.029,412.727,273.983,28.835,69.314,337.371,-92.881,244.49,0.48349505787455516,0.6306630985690658,1.2422500151976172,,0.9865653065599316,-0.4748689143758388,0.25513588192753045,0.4211796070479785,0.28503130437902513,0.3912971456377019,0.8189717494884985,3.9189999999999827,0.19835946002711302,-48.05599999999998,-21.635000000000048,2.0439999999999827,0.5100020946795141,0.29597636676389194,-27.434000000000026,0.030591185477786276,-30.190999999999974
NB_2964,2020-10-31,2853.228,1738.4,873.211,115.32,757.891,479.892,1427.648,855.797,1114.828,261.135,652.433,571.851,3378.81,426.357,541.609,329.701,33.156,76.108,539.374,-78.068,461.306,0.22427395800213423,0.18180600678872239,0.24599714902548908,0.4430512801261355,0.2206349180784637,2.16076086097426,0.27140390296119543,0.13055603260366988,0.296948037292718,-0.028399958328372388,0.001181592326094938,205.93,0.07671113966356535,101.32800000000003,128.88200000000006,55.71800000000002,0.14985260967574132,0.09801771647863355,202.00300000000004,-0.159483640357016,216.81599999999997
NB_2564,2019-12-31,,,,,,,,,,,,,3141.0,82.0,156.0,62.0,,,123.0,-56.0,67.0,,,,,,,,,,,,,,,,,,,,,
NB_2564,2020-12-31,1870.0,802.0,116.0,30.0,86.0,70.0,862.0,629.0,1068.0,772.0,0.0,233.0,3357.0,60.0,181.0,43.0,,,25.0,-47.0,-22.0,,,,,,,,,,,,,0.06876790830945567,-22.0,25.0,-19.0,,,-98.0,-0.1607142857142857,-89.0
NB_511,2016-12-31,444.137,473.978,321.957,51.165,270.792,5.54,345.81,154.341,-29.841,125.857,191.287,191.469,1881.043,41.849,51.191,16.085,24.898,,41.397,-0.631,40.766,,,,,,,,,,,,,,,,,,,,,
NB_511,2017-12-30,494.095,459.093,298.27,21.593,276.677,4.696,343.404,117.605,35.002,134.072,187.512,225.799,1815.535,29.988,39.02,62.994,21.225,,-2.503,-0.797,-3.3,0.11248331032992076,-0.03140441117520221,-0.07357193662507733,-0.5779732238835141,0.02173254749032494,-0.15234657039711197,-0.006957577860674968,-0.2380184137721021,-2.172949968164606,0.06527249179624506,-0.019734744127933412,34.33000000000001,-0.03482536018581173,-11.860999999999997,-12.171,46.909,-0.14752188930837806,,-43.9,0.26307448494453256,-44.065999999999995
NB_511,2018-12-29,959.889,974.552,668.133,26.708,641.425,8.939,599.853,196.768,-14.663,208.434,341.851,403.085,2862.85,-13.286,12.54,-48.053,47.301,,41.556,-2.724,38.832,0.9427215414039809,1.1227768665608058,1.2400274918697827,0.23688232297503808,1.3183170267134598,0.903534923339012,0.7467851277212845,0.673126142595978,-1.4189189189189189,0.5546422817590548,0.8230886556593711,177.28599999999997,0.5768630183389467,-43.274,-26.480000000000004,-111.047,1.2285512367491167,,44.059,2.4178168130489337,42.132
NB_511,2019-12-28,971.425,997.508,668.019,15.878,652.141,11.643,578.039,171.123,-26.083,192.872,345.806,406.916,2637.268,35.154,77.501,-17.656,54.218,,-9.565,-4.791,-14.356,0.012018056254420983,0.02355543880675426,-0.00017062471094830833,-0.4054964804552943,0.01670655181821723,0.30249468620651077,-0.036365576232843644,-0.1303311514067329,0.7788310714042146,-0.07466152355181965,0.011569367941003383,3.8310000000000173,-0.07879630438199692,48.440000000000005,64.96100000000001,30.397,0.14623369484788906,,-51.120999999999995,0.7588105726872247,-53.188
NB_511,2021-01-02,1048.13,989.038,646.6,12.922,633.678,0.082,668.414,229.032,59.092,293.643,342.108,439.382,3097.328,142.241,183.776,80.882,47.414,,55.019,-3.689,51.33,0.07896131971073439,-0.008491159970646867,-0.032063459272864914,-0.18616954276357223,-0.0283113621134079,-0.992957141630164,0.1563475820835618,0.33840570817482174,-3.2655369397691985,0.5224760462897671,-0.010693857249440386,32.46600000000001,0.17444567635902009,107.08700000000002,106.275,98.53800000000001,-0.12549337858275855,,64.584,-0.2300146107284492,65.68599999999999
NB_3171,2016-12-31,268.24,59.96,4.268,4.268,0.0,13.71,145.927,28.974,208.28,50.726,69.898,116.953,296.933,22.782,26.839,16.472,0.436,3.67,46.882,-5.992,40.89,,,,,,,,,,,,,,,,,,,,,
NB_3171,2017-12-31,262.832,57.173,0.0,0.0,0.0,23.453,145.583,25.164,205.659,49.451,60.27,120.419,283.749,23.412,27.717,16.491,0.015,3.956,33.517,-1.578,31.939,-0.02016104980614386,-0.04648098732488326,-1.0,-1.0,,0.7106491611962069,-0.002357343055089167,-0.1314972043901429,-0.012584021509506438,-0.025135039230374967,-0.13774356920083541,3.465999999999994,-0.04440058868498942,0.629999999999999,0.8780000000000001,0.01899999999999835,-0.9655963302752294,0.07792915531335143,-13.364999999999995,-0.7366488651535381,-8.951
NB_3171,2018-12-31,270.044,64.461,5.84,5.84,0.0,22.973,154.095,36.13,205.583,51.533,72.684,117.965,298.375,25.459,29.489,20.484,0.045,3.712,13.052,-1.41,11.642,0.02743958117733003,0.12747275812009162,,,,-0.02046646484458281,0.05846836512504905,0.43578127483706885,-0.00036954375932973793,0.04210228306808772,0.2059731209556992,-2.4539999999999935,0.05154555610768674,2.0470000000000006,1.772000000000002,3.993000000000002,2.0,-0.06167846309403435,-20.465000000000003,-0.10646387832699633,-20.297
NB_3171,2019-12-31,296.917,86.923,27.664,13.554,14.11,9.799,159.995,41.876,209.994,51.532,86.713,118.119,304.011,27.04,39.118,20.882,0.244,3.292,9.387,-7.392,1.995,0.09951341262905311,0.3484587580087186,3.736986301369863,1.3208904109589041,,-0.5734557959343578,0.0382880690483145,0.15903681151397708,0.021456054245730494,-1.9405041429831904e-05,0.19301359308788735,0.15399999999999636,0.01888898198575628,1.5809999999999995,9.629000000000001,0.3979999999999997,4.4222222222222225,-0.11314655172413801,-3.664999999999999,4.242553191489362,-9.646999999999998
NB_3171,2020-12-31,256.719,68.794,11.979,4.245,7.734,32.476,134.331,24.345,187.925,34.631,59.025,109.986,195.375,-7.598,2.333,-8.485,0.079,2.901,39.981,-3.368,36.613,-0.13538463611042806,-0.20856390138398362,-0.5669823597455177,-0.6868083222664896,-0.4518781006378455,2.3142157362996225,-0.16040501265664564,-0.4186407488776387,-0.10509347886130072,-0.32797096949468285,-0.3193062170608789,-8.132999999999996,-0.35734233300768725,-34.638,-36.785000000000004,-29.367,-0.6762295081967213,-0.11877278250303769,30.594,-0.5443722943722944,34.618
NB_1272,2016-09-30,36.8135,2.2426,0.0,0.0,0.0,13.4667,25.1713,2.0776,34.5709,3.4089,4.7639,23.0937,16.361,-1.5933,-1.4256,-1.2816,0.0,0.1609,-1.1491,-0.1623,-1.3114,,,,,,,,,,,,,,,,,,,,,
NB_1272,2017-09-30,38.8578,3.6738,0.0,0.0,0.0,12.8039,29.0859,3.6738,35.184,5.6819,5.2572,25.4121,20.3142,-0.8077,-0.6545,-0.8768,0.0,0.1461,-0.6668,-0.1823,-0.8491,0.055531258913170456,0.6381878177115847,,,,-0.04921769995618819,0.1555183880053872,0.7682903350019255,0.017734568669024897,0.6667840065710346,0.1035496127122737,2.3184000000000005,0.2416233726544832,0.7856,0.7711,0.40480000000000005,,-0.09198259788688612,0.48230000000000006,0.12322858903265543,0.46229999999999993
NB_1272,2018-09-30,41.8608,8.3716,0.349,0.2966,0.0524,11.0631,27.6703,6.5798,33.4892,2.786,6.7342,21.0905,26.3068,-1.4765,-0.9934,-3.745,0.0209,0.2512,1.2518,-0.6258,0.626,0.07728178126399343,1.2787304698132727,,,,-0.13595857512164267,-0.04866963030196758,0.791006587184931,-0.048169622555707114,-0.5096710607367254,0.28094803317355255,-4.3216,0.2949956188282088,-0.6688,-0.3389,-2.8682,,0.7193702943189595,1.9186,2.4328030718595723,1.4750999999999999
NB_1272,2019-09-30,47.12,11.7386,0.3125,0.2796,0.0329,18.8191,34.0386,9.2735,35.3813,3.6441,5.8352,24.7652,36.9791,3.1364,3.9613,2.785,0.0209,0.5215,9.855,-0.3431,9.5119,0.12563543936092958,0.40219312915093863,-0.10458452722063027,-0.05731625084288594,-0.37213740458015276,0.7010693205340273,0.2301492936469789,0.40938934314112907,0.05649881155715897,0.3080043072505383,-0.1334976686169107,3.6747000000000014,0.4056859823315646,4.6129,4.9547,6.53,0.0,1.076035031847134,8.603200000000001,-0.4517417705337169,8.885900000000001
NB_1272,2020-09-30,66.167,17.027,7.484,1.071,6.413,23.319,40.117,10.321,49.14,5.442,5.949,29.796,43.01,6.041,7.743,11.874,,0.498,6.918,-0.14,6.778,0.4042232597623092,0.450513689877839,22.9488,2.8304721030042916,193.92401215805472,0.23911345388461736,0.1785737368751945,0.11295627325173885,0.3888692614460181,0.4933728492631926,0.019502330682752866,5.030799999999999,0.16308942078092747,2.9046000000000003,3.7817000000000003,9.089,,-0.04506232023010537,-2.9370000000000003,-0.5919556980472165,-2.733900000000001
NB_2569,2018-12-31,2.196,3.954,0.0,0.0,0.0,0.085,2.196,3.821,-1.758,0.0,2.111,-1.625,1.769,-1.016,,-1.014,,,0.049,0.0,0.049,,,,,,,,,,,,,,,,,,,,,
NB_2569,2019-12-31,3.227,4.032,0.0,0.0,0.0,0.206,3.053,4.032,-0.805,0.0,2.481,-0.979,4.088,-3.091,-3.081,-3.042,,,-3.441,-0.041,-3.482,0.4694899817850635,0.019726858877086473,,,,1.4235294117647057,0.3902550091074679,0.055221146296780876,-0.5420932878270762,,0.1752723827569871,0.646,1.3109101187111363,-2.075,,-2.0279999999999996,,,-3.4899999999999998,,-3.531
NB_2569,2020-12-31,21.839,28.293,13.322,12.493,0.829,8.111,18.64,27.029,-6.454,4.014,5.17,-8.389,12.087,-12.616,-12.209,-21.617,,,-14.782,-0.136,-14.918,5.767585993182522,6.017113095238095,,,,38.37378640776699,5.105470029479201,5.703621031746032,7.017391304347825,,1.0838371624345022,-7.409999999999999,1.956702544031311,-9.524999999999999,-9.128,-18.575000000000003,,,-11.341000000000001,2.3170731707317076,-11.436
NB_3197,2016-12-31,1431.304,504.582,64.476,0.0,64.476,14.653,483.866,276.166,926.722,96.17,276.783,207.7,3136.72,98.325,175.187,87.162,,66.496,151.593,-142.144,9.449,,,,,,,,,,,,,,,,,,,,,
NB_3197,2017-12-30,1441.739,448.895,34.988,0.0,34.988,47.917,483.314,274.342,992.844,56.265,279.509,208.972,3466.807,76.425,161.84,98.414,,,160.261,-95.857,64.404,0.007290554627109147,-0.1103626367963978,-0.4573484707488058,,-0.4573484707488058,2.2701153347437386,-0.0011408117123334893,-0.0066047232461635685,0.07135041576654055,-0.4149422896953312,0.009848870776023144,1.2720000000000198,0.10523317350608274,-21.900000000000006,-13.347000000000008,11.251999999999995,,,8.668000000000006,-0.3256345677622693,54.955
NB_3197,2018-12-29,1432.011,409.112,0.0,0.0,0.0,37.808,469.122,267.213,1022.899,57.285,280.756,201.909,3509.27,82.671,176.238,62.738,0.288,,150.263,-95.696,54.567,-0.006747407124313098,-0.08862428853072535,-1.0,,-1.0,-0.21096896717240232,-0.029363933178016777,-0.02598581332788985,0.03027162373947956,0.018128499066915493,0.004461394803029428,-7.063000000000017,0.012248446481156972,6.246000000000009,14.397999999999996,-35.676,,,-9.99799999999999,-0.0016795852154772861,-9.836999999999996
NB_3197,2019-12-28,1675.562,616.817,218.768,39.114,179.654,66.871,508.292,291.938,1058.745,55.764,279.806,216.354,3543.299,84.639,216.659,67.983,0.055,,171.686,-101.456,70.23,0.1700762075151656,0.5076971587242614,,,,0.7686997460854845,0.08349640392051527,0.09252918084075246,0.035043538022815346,-0.026551453260015623,-0.003383721095898129,14.445000000000022,0.00969688852667372,1.9679999999999893,40.42099999999999,5.2450000000000045,-0.8090277777777778,,21.423000000000002,0.060190603577997104,15.663000000000004
NB_3197,2020-12-26,1820.421,674.306,208.229,39.165,169.064,136.612,626.202,346.269,1146.115,56.76,269.024,279.933,4112.601,163.178,300.195,118.917,0.035,,277.99,-130.991,146.999,0.08645397782952835,0.09320268410241606,-0.04817432165581803,0.001303880963337889,-0.05894664187827714,1.0429184549356223,0.23197296042432303,0.1861045838499955,0.08252223150994831,0.017860985582095923,-0.03853384130433224,63.57899999999998,0.16067004224029624,78.539,83.536,50.934,-0.36363636363636354,,106.304,0.29111141775745164,76.76899999999999
NB_1397,2016-10-30,6370.067,1918.661,250.0,0.0,250.0,415.143,2029.912,1053.196,4451.406,591.31,985.683,976.716,9523.224,1323.895,1455.863,890.052,12.871,123.581,1040.02,-255.524,784.496,,,,,,,,,,,,,,,,,,,,,
NB_1397,2017-10-29,6975.908,2036.211,250.0,0.0,250.0,444.122,2026.523,1058.212,4939.697,618.351,921.022,968.311,9167.519,1280.469,1411.446,846.735,12.683,122.594,1033.885,-221.286,812.599,0.09510747689153032,0.061266685464498316,0.0,,0.0,0.06980486242090089,-0.001669530501814953,0.004762646269070636,0.10969365634138972,0.04573066580981222,-0.06560019803527095,-8.404999999999973,-0.03735132135923713,-43.42599999999993,-44.417000000000144,-43.31700000000001,-0.014606479683008322,-0.007986664616729144,-6.134999999999991,-0.13399132762480237,28.103000000000065
NB_1397,2018-10-28,8142.292,2537.474,624.84,0.0,624.84,459.136,2050.1,1138.914,5604.818,600.438,963.527,911.186,9545.7,1179.961,1341.819,1012.14,26.494,149.205,1241.729,-389.607,852.122,0.1672017463533062,0.24617438958929116,1.4993600000000002,,1.4993600000000002,0.03380602627206031,0.011634212885814676,0.07626260144470098,0.13464813732502212,-0.02896898363550804,0.046149820525459795,-57.125,0.041252273379526194,-100.50800000000004,-69.62699999999995,165.40499999999997,1.0889379484349129,0.2170660880630375,207.84400000000005,0.7606491147203167,39.52299999999991
NB_1397,2019-10-27,8109.004,2183.469,250.0,0.0,250.0,672.901,2361.413,1105.049,5925.535,574.396,1042.362,1256.364,9497.317,1196.265,1361.474,978.806,18.07,153.182,922.996,-293.838,629.158,-0.004088283741236598,-0.1395107890760654,-0.5998975737788874,,-0.5998975737788874,0.4655810043211597,0.15185259255646066,-0.02973446634249821,0.05722166179169408,-0.04337167201276404,0.08181919136671834,345.178,-0.005068564903569328,16.304000000000087,19.654999999999973,-33.333999999999946,-0.3179587831207066,0.026654602727790522,-318.73300000000006,-0.24580923854037529,-222.96399999999994
NB_1397,2020-10-25,9908.282,3477.957,1419.808,279.024,1140.784,1714.309,3579.063,1503.965,6430.326,702.419,1072.762,2075.098,9608.462,1100.22,1325.603,908.082,21.069,165.716,1128.024,-367.501,760.523,0.22188643636135819,0.5928584284915426,4.679232,,3.563136,1.547639251539231,0.5156446585158971,0.36099394687475383,0.08518910106851107,0.22288281951824174,0.02916453209153813,818.7339999999999,0.01170277879531656,-96.04500000000007,-35.87099999999987,-70.72400000000005,0.1659656889872716,0.08182423522345972,205.0279999999999,0.2506925584846069,131.365
NB_2709,2016-08-31,,,,,,,,,,,,,0.0,-487.09,,-192.503,,,,,,,,,,,,,,,,,,,,,,,,,,
NB_2709,2017-08-26,922.488,323.786,194.404,2.548,191.856,56.501,133.911,33.244,598.702,37.181,29.062,100.667,396.171,25.592,35.209,-2.035,24.386,,-5.417,-0.956,-6.373,,,,,,,,,,,,,,512.682,,190.468,,,,,
NB_2709,2018-08-25,974.605,302.004,193.903,2.968,190.935,111.971,185.74,30.583,672.601,36.622,30.001,155.157,437.854,67.366,75.038,37.386,,7.672,61.038,-1.77,59.268,0.05649612786290992,-0.06727282834958892,-0.002577107466924522,0.1648351648351647,-0.004800475356517397,0.9817525353533567,0.38704064639947444,-0.08004451931175549,0.12343202461324676,-0.015034560662704033,0.032310233294336355,54.49000000000001,0.1052146674037222,41.774,39.82899999999999,39.42100000000001,,,66.455,0.8514644351464435,65.641
NB_2709,2019-08-31,1141.65,304.206,190.935,0.676,190.259,266.341,357.607,48.032,837.444,44.24,38.085,309.575,523.758,72.673,80.317,-25.234,13.627,7.644,73.042,-1.037,72.005,0.17139764314773687,0.007291294155044259,-0.01530662238335656,-0.7722371967654986,-0.0035404718883390585,1.378660546034241,0.9253095725207279,0.570545728018834,0.245082894613597,0.2080170389383431,0.2694576847438419,154.41799999999998,0.19619325163182255,5.307000000000002,5.278999999999996,-62.620000000000005,,-0.0036496350364962904,12.004000000000005,-0.4141242937853108,12.736999999999995
NB_2709,2020-08-29,2008.445,869.112,624.243,4.6,619.643,95.847,260.263,71.478,1232.971,89.74,59.085,188.785,816.641,78.224,99.473,65.638,32.813,2.007,58.921,-1.736,57.185,0.7592475802566458,1.856985069328021,2.2694005813496743,5.80473372781065,2.2568393610814734,-0.6401342639698733,-0.2722094366161737,0.4881329113924051,0.47230262560839886,1.0284810126582276,0.5513981882630956,-120.78999999999999,0.5591952772081761,5.551000000000002,19.156000000000006,90.87200000000001,1.407940118881632,-0.7374411302982731,-14.121000000000002,0.6740597878495662,-14.819999999999993
NB_807,2016-12-31,94462.0,57628.0,27531.0,1916.0,25615.0,3371.0,31042.0,26250.0,36834.0,12164.0,14760.0,4792.0,177546.0,10386.0,12861.0,5317.0,1078.0,1700.0,10141.0,-2224.0,7917.0,,,,,,,,,,,,,,,,,,,,,
NB_807,2017-12-31,95243.0,57436.0,27002.0,4821.0,22181.0,1696.0,31229.0,30648.0,37695.0,13181.0,15296.0,581.0,184786.0,9538.0,12017.0,6622.0,1062.0,1700.0,8007.0,-1918.0,6089.0,0.008267874912663231,-0.0033317137502603122,-0.019214703425229795,1.5161795407098122,-0.1340620730040991,-0.49688519727083946,0.006024096385542244,0.16754285714285722,0.023375142531356863,0.08360736599802698,0.036314363143631345,-4211.0,0.040778164532008665,-848.0,-844.0,1305.0,-0.014842300556586308,0.0,-2134.0,-0.137589928057554,-1828.0
NB_807,2018-12-31,196456.0,137913.0,73429.0,1985.0,71444.0,4059.0,45243.0,44009.0,58543.0,17631.0,16450.0,1234.0,194579.0,4021.0,6739.0,-594.0,2619.0,1700.0,8865.0,-2037.0,6828.0,1.0626817718887476,1.4011595515008008,1.719391156210651,-0.5882596971582659,2.220954871286236,1.3932783018867925,0.4487495597041211,0.43595014356564876,0.5530706990317018,0.33760716182383743,0.07544456066945604,653.0,0.052996439124176176,-5517.0,-5278.0,-7216.0,1.4661016949152543,0.0,858.0,0.06204379562043805,739.0
NB_807,2019-12-31,222449.0,158279.0,89002.0,5377.0,83625.0,5683.0,50302.0,53303.0,64170.0,19617.0,17516.0,-3001.0,256776.0,11987.0,19028.0,6634.0,3035.0,1900.0,12848.0,-2457.0,10391.0,0.1323095247790853,0.14767280821967477,0.21208241975241382,1.7088161209068011,0.17049717261071606,0.40009854644000975,0.11181840284684919,0.21118407598445765,0.09611738380335821,0.11264250467925807,0.06480243161094235,-4235.0,0.3196490885450125,7966.0,12289.0,7228.0,0.1588392516227568,0.11764705882352944,3983.0,0.2061855670103092,3563.0
NB_807,2020-12-31,230715.0,161014.0,85042.0,7078.0,77964.0,7854.0,56369.0,62017.0,69701.0,21742.0,18496.0,-5648.0,268706.0,13911.0,20967.0,7179.0,2907.0,2100.0,15865.0,-2437.0,13428.0,0.03715907915971761,0.017279613846435726,-0.044493382171187146,0.31634740561651475,-0.06769506726457397,0.3820165405595637,0.1206115065007356,0.16348047952272848,0.0861929250428548,0.10832441249936275,0.055948846768668625,-2647.0,0.04646072841698601,1924.0,1939.0,545.0,-0.042174629324546964,0.10526315789473695,3017.0,-0.008140008140008148,3037.0
NB_473,2016-10-28,87.254,48.345,4.472,3.918,0.554,6.985,48.585,12.222,38.909,16.582,24.081,36.363,140.063,10.836,13.879,7.77,,3.043,4.527,-3.265,1.262,,,,,,,,,,,,,,,,,,,,,
NB_473,2017-11-03,97.545,41.507,6.532,6.108,0.424,12.109,55.823,16.244,56.038,19.148,23.016,39.579,167.223,12.828,16.194,8.829,,3.366,16.769,-11.574,5.195,0.1179430169390514,-0.14144172096390528,0.460644007155635,0.5589586523736598,-0.23465703971119145,0.7335719398711524,0.1489760214057836,0.32907871052200943,0.4402323369914416,0.15474611024001916,-0.04422573813379849,3.216000000000001,0.19391273926732988,1.991999999999999,2.3149999999999995,1.059000000000001,,0.1061452513966481,12.241999999999997,2.5448698315467073,3.9330000000000003
NB_473,2018-11-02,101.494,35.814,5.98,5.98,0.0,8.179,53.216,18.367,65.68,20.293,23.413,34.849,174.257,12.813,16.753,6.517,,3.94,8.265,-18.147,-9.882,0.04048387923522467,-0.1371575878767436,-0.08450704225352101,-0.02095612311722317,-1.0,-0.324551986126022,-0.046701180516991236,0.13069441024378237,0.17206181519683095,0.059797367871318174,0.017248870351060264,-4.730000000000004,0.04206359173080254,-0.014999999999998792,0.559000000000001,-2.3120000000000003,,0.17052881758764116,-8.503999999999998,0.5679108346293416,-15.077
NB_473,2019-11-01,123.456,56.972,18.181,6.377,11.804,3.478,52.768,19.94,66.484,21.875,26.367,32.828,188.785,8.537,12.69,6.484,,4.153,7.247,-25.739,-18.492,0.21638717559658693,0.5907745574356398,2.0403010033444815,0.0663879598662207,,-0.5747646411541754,-0.008418520745640423,0.08564272880709978,0.012241169305724497,0.07795791652293893,0.12616922222696791,-2.0209999999999937,0.08337111278169584,-4.276,-4.063000000000001,-0.03300000000000036,,0.054060913705583635,-1.0180000000000007,0.4183611616245111,-8.610000000000001
NB_473,2020-10-30,155.283,84.037,34.318,9.626,24.692,4.302,68.75,26.203,71.246,23.818,29.296,42.547,197.97,5.13,10.644,7.323,,5.514,9.917,-24.482,-14.565,0.25780034992223944,0.4750579231903391,0.887574940872339,0.5094872196957816,1.0918332768553034,0.23691776883266225,0.3028729533050334,0.31409227683049146,0.07162625594127903,0.08882285714285731,0.11108582698069558,9.718999999999994,0.04865322986466092,-3.407000000000001,-2.0459999999999994,0.8390000000000004,,0.327714904888033,2.67,-0.04883639613038582,3.9270000000000014
NB_2003,2016-12-31,668.021,447.728,96.039,1.744,94.295,69.308,381.732,221.828,220.293,13.389,28.927,159.904,111.081,-1.659,11.391,29.607,4.318,10.5,93.935,-10.165,83.77,,,,,,,,,,,,,,,,,,,,,
NB_2003,2017-12-31,389.552,170.104,58.146,16.125,42.021,101.6,176.988,53.976,219.448,17.468,30.015,123.012,104.778,32.814,45.581,30.337,3.44,10.6,41.305,-15.704,25.601,-0.4168566557039374,-0.6200729014044242,-0.3945584606253709,8.24598623853211,-0.5543666154090885,0.46592024008772404,-0.5363553487787244,-0.7566763438339614,-0.0038358005020585617,0.304653073418478,0.03761191965983346,-36.891999999999996,-0.05674237718421693,34.473,34.190000000000005,0.7300000000000004,-0.2033348772579897,0.00952380952380949,-52.63,0.5449090014756519,-58.169
NB_2003,2018-12-31,376.991,126.287,11.021,4.654,6.367,85.257,164.174,42.248,250.704,20.817,31.209,121.926,135.375,43.624,58.307,34.785,1.998,11.6,54.622,-20.93,33.692,-0.032244732410564025,-0.2575894746743169,-0.810459876861693,-0.7113798449612403,-0.8484805216439399,-0.16085629921259836,-0.07240038872691934,-0.21728175485400925,0.1424300973351318,0.1917220059537439,0.03978010994502745,-1.0859999999999985,0.292017408234553,10.810000000000002,12.725999999999999,4.447999999999997,-0.41918604651162794,0.09433962264150941,13.317,0.33278145695364225,8.091000000000001
NB_2003,2019-12-31,444.773,155.381,38.709,9.113,29.596,122.892,200.668,61.966,289.392,15.444,40.465,138.702,140.99,38.82,57.311,39.632,0.872,13.64,52.784,-24.664,28.12,0.1797973956937966,0.23038000744336307,2.512294710098902,0.9581005586592177,3.648343018690121,0.44143002920581287,0.22228854751665916,0.466720318121568,0.15431744208309395,-0.25810635538261995,0.296581114422122,16.775999999999996,0.04147737765466308,-4.804000000000002,-0.9960000000000022,4.847000000000001,-0.5635635635635636,0.17586206896551726,-1.838000000000001,0.17840420449116112,-5.571999999999999
NB_2003,2020-12-31,476.179,175.555,59.118,23.569,35.549,88.45,188.146,52.257,300.624,18.894,47.551,135.889,128.432,13.448,33.665,14.793,1.354,15.542,-2.486,-30.187,-32.673,0.07061130059603427,0.12983569419684526,0.5272417267302176,1.586305278174037,0.20114204622246246,-0.2802623441721186,-0.062401578727051765,-0.15668269696285064,0.038812406700945434,0.22338772338772328,0.17511429630544906,-2.812999999999988,-0.08907014681892345,-25.372,-23.646,-24.839,0.5527522935779818,0.13944281524926683,-55.269999999999996,0.2239296140123257,-60.793000000000006
NB_1866,2016-12-31,1801.06,1076.972,387.124,4.333,382.791,95.959,275.515,103.505,,69.733,41.137,172.01,544.745,123.882,168.528,75.56,19.866,44.646,147.864,-86.617,61.247,,,,,,,,,,,,,,,,,,,,,
NB_1866,2017-12-31,1855.182,1076.995,426.613,28.452,398.161,107.952,290.631,126.514,,73.699,43.793,164.117,563.099,124.625,177.702,97.606,19.324,53.077,131.373,-119.212,12.161,0.030050081618602453,2.1356172676734175e-05,0.1020060755726846,5.566351257789061,0.040152459174849886,0.12498046040496447,0.05486452643231754,0.22229843968890384,,0.056874076835931264,0.06456474706468618,-7.893000000000001,0.033692828754738446,0.742999999999995,9.174000000000007,22.045999999999992,-0.027282794724655113,0.18884110558616674,-16.491000000000014,0.3763118094600366,-49.086
NB_1866,2018-12-31,1988.618,1171.974,510.896,17.553,493.343,83.102,240.56,120.628,,71.836,41.995,119.932,559.768,114.207,170.619,84.219,19.609,56.412,153.04,-218.123,-65.083,0.0719260967387565,0.0881888959558772,0.1975631309875696,-0.38306621678616615,0.23905405099947008,-0.23019490143767596,-0.17228375500204718,-0.046524495312771696,,-0.025278497672967082,-0.041056789897928936,-44.18499999999999,-0.005915478450503442,-10.418000000000006,-7.082999999999998,-13.387,0.01474849927551225,0.06283324227066345,21.667,0.8297067409321208,-77.244
NB_1866,2019-12-31,2081.664,1225.988,560.982,19.862,541.12,23.481,181.641,128.82,,66.381,45.282,52.821,568.855,110.91,182.616,86.874,23.063,71.562,130.475,-171.849,-41.374,0.04678927777984532,0.04608805314793685,0.09803560802981415,0.13154446533356112,0.09684337266364373,-0.7174436234988327,-0.24492434319920187,0.06791126438306194,,-0.07593685617239265,0.07827122276461473,-67.111,0.016233511025996572,-3.296999999999997,11.997000000000014,2.655000000000001,0.17614360752715563,0.26855988087640936,-22.564999999999998,-0.21214635778895397,23.708999999999996
NB_1866,2020-12-31,2253.651,1277.651,594.277,57.442,536.835,44.738,209.519,190.926,,68.895,47.265,18.593,538.425,109.789,184.296,92.418,23.521,74.188,172.443,-208.74,-36.297,0.08261996172292907,0.042139890439384375,0.05935128043324034,1.8920551807471555,-0.007918761088113513,0.9052851241429238,0.1534785648614576,0.48211457848160233,,0.037872282731504336,0.04379223532529486,-34.227999999999994,-0.053493420994805474,-1.1209999999999951,1.6799999999999784,5.544000000000011,0.0198586480509908,0.03669545289399401,41.96800000000002,0.21467101932510535,5.077000000000005
NB_2337,2016-09-30,462.516,127.199,2.4,0.4,2.0,97.72,304.14,118.248,335.317,101.048,26.521,185.892,565.243,15.405,28.736,15.158,0.149,12.979,74.906,-3.044,71.862,,,,,,,,,,,,,,,,,,,,,
NB_2337,2017-09-30,414.986,93.69,2.0,0.4,1.6,68.359,250.071,85.579,321.296,53.852,18.448,164.492,395.911,-19.338,-6.583,-9.486,0.168,12.4,36.815,-3.636,33.179,-0.10276401248821665,-0.26343760564155383,-0.16666666666666663,0.0,-0.19999999999999996,-0.30046049938600083,-0.17777668179128026,-0.2762752858399298,-0.04181416391056825,-0.4670651571530362,-0.30440028656536333,-21.400000000000006,-0.29957381161730445,-34.743,-35.319,-24.644,0.12751677852349008,-0.04461052469373594,-38.09100000000001,0.19448094612352174,-38.68299999999999
NB_2337,2018-09-30,429.951,128.307,1.6,0.4,1.2,36.584,276.662,117.849,301.644,92.548,21.352,158.813,448.716,-9.122,3.781,-7.152,0.207,12.698,-28.543,-4.415,-32.958,0.03606145749495182,0.36948447006083884,-0.19999999999999996,0.0,-0.2500000000000001,-0.46482540704223285,0.1063338012004591,0.3770784888816183,-0.06116478263034708,0.7185619846988043,0.15741543798785784,-5.679000000000002,0.1333759355006554,10.216000000000001,10.364,2.3340000000000005,0.23214285714285698,0.024032258064516032,-65.358,0.21424642464246424,-66.137
NB_2337,2019-09-30,467.411,168.258,1.2,0.4,0.8,118.639,328.568,157.896,299.153,112.093,29.202,170.672,517.18,11.461,23.493,9.89,0.23,12.032,68.759,-4.255,64.504,0.08712620740502985,0.311370385092006,-0.2500000000000001,0.0,-0.33333333333333326,2.2429204023616878,0.18761521278672166,0.33981620548328784,-0.008258079060084023,0.21118770800017295,0.36764705882352944,11.859000000000009,0.15257757690833396,20.583,19.712,17.042,0.11111111111111116,-0.05244920459914948,97.30199999999999,-0.03624009060022648,97.462
NB_2337,2020-09-30,472.278,165.652,6.586,2.752,3.834,160.216,335.658,152.947,306.626,69.957,28.968,182.711,518.499,19.071,31.443,16.66,0.228,10.4,72.394,-5.13,67.264,0.010412677493683242,-0.015488119435628778,4.488333333333334,5.879999999999999,3.7924999999999995,0.3504496834936237,0.021578486036376132,-0.0313434159193392,0.02498052835839837,-0.3759021526767953,-0.008013149784261375,12.039000000000016,0.0025503693104915737,7.610000000000001,7.950000000000003,6.77,-0.008695652173913104,-0.13563829787234039,3.635000000000005,0.20564042303172747,2.759999999999991
NB_386,2016-12-31,1204.047,1463.159,794.285,20.939,773.346,156.577,392.085,261.093,-1724.953,35.166,83.155,130.992,208.54,-240.983,-197.883,-279.658,81.19,43.1,-282.826,-8.979,-291.805,,,,,,,,,,,,,,,,,,,,,
NB_386,2017-12-31,1220.987,1721.624,941.341,20.136,921.205,103.828,419.981,271.284,-1966.478,30.317,90.26,148.697,375.996,-157.279,-111.174,-262.599,108.623,46.105,-67.176,-5.14,-72.316,0.01406921822819207,0.1766486075675986,0.18514261253832065,-0.0383494913797221,0.19119385113519693,-0.33688855962242215,0.07114783784128442,0.03903206903287315,0.14001830774519664,-0.13788886993118343,0.0854428476940654,17.705000000000013,0.8029922317061475,83.70400000000001,86.709,17.059000000000026,0.3378864392166523,0.0697215777262179,215.65000000000003,-0.4275531796413854,219.489
NB_386,2018-12-31,1521.794,1482.033,1135.059,37.976,1097.083,220.728,663.934,257.303,-142.61,88.784,135.265,406.631,632.648,-165.009,-111.122,-273.54,105.914,53.887,-91.948,-48.461,-140.409,0.24636380239920652,-0.1391656947161518,0.20578940044043548,0.8859753675009934,0.19092167324319775,1.1259005277959702,0.5808667534959915,-0.05153639728107806,-0.9274794836250393,1.928521951380414,0.49861511189895835,257.93399999999997,0.682592368003915,-7.72999999999999,0.05200000000000671,-10.941000000000031,-0.02493946954144155,0.1687886346383256,-24.77199999999999,8.428210116731519,-68.09299999999999
NB_386,2019-12-31,1322.591,1490.451,1093.97,348.576,745.394,202.823,472.707,573.964,-259.594,37.828,109.606,-101.257,785.177,-232.804,-154.22,-304.414,94.236,78.584,163.77,-51.053,112.717,-0.1309001086875098,0.0056800354647974505,-0.03619988035864208,8.178849799873605,-0.3205673590785748,-0.08111793700844483,-0.28802109848268054,1.2306929961951476,0.8203071313372132,-0.573932240043251,-0.18969430377407304,-507.888,0.24109615457568823,-67.79500000000002,-43.098,-30.873999999999967,-0.11025926695243304,0.4583109098669438,255.71800000000002,0.053486308578031716,253.12599999999998
NB_386,2020-12-31,1454.387,1312.991,913.714,141.564,772.15,246.947,618.604,436.377,78.824,99.513,142.059,182.227,794.247,-80.785,-18.702,-157.553,78.789,52.279,-98.796,-37.913,-136.709,0.09964985396089943,-0.11906463211470897,-0.16477234293444976,-0.5938790966675848,0.035895110505316685,0.21754929174699122,0.3086415052030116,-0.23971364057676092,-1.3036433815881723,1.6306704028761763,0.29608780541211255,283.48400000000004,0.011551535513648403,152.019,135.518,146.861,-0.16391824780338726,-0.3347373511147307,-262.56600000000003,-0.257379585920514,-249.426
NB_3098,2016-12-31,46173.0,25319.0,8001.0,115.0,7886.0,4816.0,16800.0,8328.0,20854.0,5901.0,5709.0,8472.0,75659.0,3534.0,5428.0,2289.0,446.0,1300.0,4820.0,-1996.0,2824.0,,,,,,,,,,,,,,,,,,,,,
NB_3098,2017-12-31,50158.0,27258.0,8872.0,122.0,8750.0,5850.0,19312.0,11071.0,22900.0,6922.0,6384.0,8241.0,93980.0,3563.0,5549.0,4065.0,468.0,1300.0,5482.0,-1379.0,4103.0,0.086305849739025,0.07658280342825541,0.10886139232595915,0.0608695652173914,0.10956124778087761,0.2147009966777409,0.14952380952380961,0.32937079731027863,0.09811067421118258,0.17302152177597008,0.11823436678928001,-231.0,0.24215228855787152,29.0,121.0,1776.0,0.049327354260089606,0.0,662.0,-0.3091182364729459,1279.0
NB_3098,2018-12-31,50155.0,27424.0,9109.0,238.0,8871.0,2982.0,17675.0,10724.0,22731.0,7345.0,6532.0,6951.0,117033.0,4572.0,6641.0,3122.0,470.0,1400.0,4371.0,-2667.0,1704.0,-5.981099724872152e-05,0.006089955242497558,0.026713255184851237,0.9508196721311475,0.013828571428571523,-0.4902564102564102,-0.08476594863297426,-0.03134314876704902,-0.0073799126637554835,0.06110950592314368,0.02318295739348364,-1290.0,0.2452968716748245,1009.0,1092.0,-943.0,0.004273504273504258,0.07692307692307687,-1111.0,0.9340101522842639,-2399.0
NB_3098,2019-12-31,53864.0,31328.0,10962.0,825.0,10137.0,2583.0,18969.0,13160.0,22536.0,8988.0,7013.0,5809.0,108324.0,3836.0,6500.0,2422.0,454.0,1500.0,5531.0,-1994.0,3537.0,0.07395075266673312,0.1423570595099184,0.2034251838840706,2.466386554621849,0.14271220831924247,-0.1338028169014085,0.07321074964639318,0.22715404699738895,-0.008578593110729837,0.22368958475153167,0.07363747703612988,-1142.0,-0.0744149086155187,-736.0,-141.0,-700.0,-0.03404255319148941,0.0714285714285714,1160.0,-0.25234345706786654,1833.0
NB_3098,2020-12-31,51774.0,32132.0,15847.0,1008.0,14839.0,3313.0,15844.0,9283.0,19642.0,6109.0,6038.0,6561.0,64912.0,-1579.0,1194.0,-1421.0,563.0,1600.0,948.0,-2436.0,-1488.0,-0.03880142581315904,0.025663942798774153,0.44563035942346296,0.22181818181818191,0.463845319127947,0.2826171118854046,-0.1647424745637619,-0.2946048632218845,-0.12841675541356057,-0.3203159768580329,-0.1390275203194068,752.0,-0.40076068092020234,-5415.0,-5306.0,-3843.0,0.24008810572687223,0.06666666666666665,-4583.0,0.22166499498495496,-5025.0
NB_889,2016-12-31,415.547,428.831,392.6,0.0,392.6,0.059,32.041,20.729,-13.284,19.202,8.875,11.312,448.059,77.65,98.463,62.804,13.587,19.75,100.707,-11.287,89.42,,,,,,,,,,,,,,,,,,,,,
NB_889,2017-12-31,443.53,472.755,422.649,0.0,422.649,4.675,50.45,31.782,-29.225,23.013,20.855,18.668,538.075,88.177,110.091,69.409,23.944,20.851,86.95,-24.627,62.323,0.06734015646846192,0.10242729653406579,0.07653846153846144,,0.07653846153846144,78.23728813559322,0.5745451140725948,0.5332143374017078,1.2000150557061127,0.19846890948859497,1.3498591549295775,7.356,0.20090211333775243,10.527000000000001,11.628,6.605000000000004,0.7622727607271655,0.055746835443037934,-13.75699999999999,1.1818906706830865,-27.097
NB_889,2018-12-31,624.593,759.416,700.43,0.0,700.43,4.522,32.568,36.505,-134.823,21.586,5.491,-3.937,657.609,125.757,157.756,90.182,41.263,25.901,152.958,-12.931,140.027,0.4082316866953757,0.6063627037260315,0.6572380391293957,,0.6572380391293957,-0.032727272727272605,-0.35444995044598615,0.1486061292555536,3.6132763045337892,-0.062008430017816196,-0.7367058259410213,-22.605,0.22215118710216974,37.58,47.665000000000006,20.772999999999996,0.7233127297026394,0.24219461896311922,66.008,-0.47492589434360666,77.70399999999998
NB_889,2019-12-31,744.447,895.566,836.855,1.435,835.42,5.545,33.57,35.082,-151.119,13.204,12.617,-1.512,583.992,125.812,160.927,96.749,47.328,26.701,130.399,-9.07,121.329,0.19189135965340642,0.1792825012904653,0.19477321074197285,,0.19272446925460085,0.22622733303847853,0.03076639646278556,-0.038980961512121715,0.12086958456643138,-0.3883072361715926,1.29775997086141,2.425,-0.11194646058676216,0.05499999999999261,3.1709999999999923,6.566999999999993,0.14698398080604913,0.030886838346009915,-22.558999999999997,-0.2985847962261232,-18.697999999999993
NB_889,2020-12-31,956.417,1064.718,1016.4,8.691,1007.709,4.243,29.309,28.3,-108.301,15.676,3.127,1.009,563.418,179.793,230.213,159.256,42.874,28.52,193.016,-13.271,179.745,0.2847348434475523,0.18887720168027822,0.21454732301294732,5.056445993031359,0.20623039908070195,-0.2348061316501352,-0.12692880548108432,-0.19331851091727947,-0.2833396197698502,0.18721599515298393,-0.7521597844178489,2.521,-0.03522993465663904,53.98100000000001,69.286,62.507000000000005,-0.0941091954022989,0.0681247893337329,62.61699999999999,0.463175303197354,58.41600000000001
NB_90,2016-12-31,2.945,0.0886,0.0,0.0,0.0,0.4812,0.4849,0.0611,2.8564,0.0,0.0,0.4238,0.1659,-2.6488,-2.346,-2.6416,0.0,0.3018,-1.2972,-0.2092,-1.5064,,,,,,,,,,,,,,,,,,,,,
NB_90,2017-12-31,7.5603,0.2366,0.0,0.0,0.0,0.3921,0.7434,0.1517,7.3238,0.3475,0.0,0.5917,0.6304,-1.8762,-1.7147,-2.0376,0.1716,0.1614,-1.7168,-4.4125,-6.1293,1.5671646859083195,1.670428893905192,,,,-0.1851620947630923,0.5330996081666322,1.4828150572831422,1.5639966391261733,,,0.1679,2.799879445449066,0.7726,0.6313000000000002,0.6040000000000001,,-0.4652087475149106,-0.4196000000000002,20.09225621414914,-4.6229
NB_90,2018-12-31,7.8228,0.1455,0.0,0.0,0.0,0.7557,0.9581,0.0628,7.6773,0.136,0.0,0.8954,2.3567,-0.338,0.0198,-0.2513,0.0,0.3578,0.3608,-0.5054,-0.1446,0.03472084441093615,-0.38503803888419275,,,,0.9273144605967867,0.28880817863868713,-0.5860250494396837,0.04826729293536136,-0.6086330935251798,,0.30369999999999997,2.7384200507614214,1.5382,1.7345,1.7862999999999998,-1.0,1.216852540272615,2.0776000000000003,-0.8854617563739376,5.9847
NB_90,2019-12-31,7.0688,1.2296,0.9149,0.6955,0.2194,0.0979,0.2176,0.966,5.8392,0.0802,0.0,-0.7484,0.998,-2.3337,-1.7749,-2.5157,0.184,0.4386,-0.725,-0.6923,-1.4173,-0.09638492611341198,7.45085910652921,,,,-0.8704512372634643,-0.7728838325853251,14.382165605095542,-0.23942010863194085,-0.4102941176470589,,-1.6438,-0.5765264989179786,-1.9956999999999998,-1.7947,-2.2643999999999997,,0.22582448295136937,-1.0857999999999999,0.3698060941828256,-1.2727
NB_90,2020-12-31,6.8424,0.4034,0.2184,0.1106,0.1079,1.2426,1.3742,0.2317,6.439,0.0958,0.0,1.1425,0.5523,-4.1828,-3.6978,-4.0371,0.0318,0.3648,-0.8648,-1.5099,-2.3747,-0.032028066998642024,-0.6719258295380612,-0.7612853863810253,-0.8409777138749102,-0.50820419325433,11.692543411644534,5.3152573529411775,-0.7601449275362319,0.10271955062337312,0.1945137157107233,,1.8909,-0.4465931863727455,-1.8491000000000004,-1.9229,-1.5213999999999999,-0.8271739130434783,-0.1682626538987687,-0.13980000000000004,1.1809908998988878,-0.9573999999999998
NB_899,2016-12-31,67.211,0.275,0.0,0.0,0.0,8.212,14.769,0.275,66.936,,0.0,14.494,37.557,20.967,29.474,20.967,0.0,,28.278,0.0,28.278,,,,,,,,,,,,,,,,,,,,,
NB_899,2017-12-31,92.047,1.301,0.0,0.0,0.0,13.827,25.355,0.637,90.746,,0.0,24.718,57.291,38.424,47.726,38.424,0.0,,44.028,-1.056,42.972,0.36952284596271445,3.7309090909090905,,,,0.6837554797856795,0.7167716162231701,1.3163636363636364,0.35571291980399167,,,10.224,0.5254413291796467,17.457,18.252,17.457,,,15.75,,14.694000000000003
NB_899,2018-12-31,87.923,1.276,0.0,0.0,0.0,18.285,30.118,0.486,86.647,,0.0,29.632,73.278,53.907,62.854,53.907,0.0,,62.524,-0.041,62.483,-0.044803198366052066,-0.0192159877017678,,,,0.32241267086135816,0.18785249457700637,-0.2370486656200942,-0.04517003504286676,,,4.9140000000000015,0.2790490652982145,15.482999999999997,15.128,15.482999999999997,,,18.496000000000002,-0.9611742424242424,19.510999999999996
NB_899,2019-12-31,116.883,4.547,2.495,0.31,2.185,15.339,28.282,2.362,112.336,,0.0,25.92,78.799,52.765,66.328,52.765,,,66.109,0.0,66.109,0.3293791158172492,2.5634796238244513,,,,-0.16111566858080395,-0.06096022312238525,3.860082304526749,0.2964788163467862,,,-3.7119999999999997,0.07534321351565265,-1.141999999999996,3.4740000000000038,-1.141999999999996,,,3.5849999999999937,-1.0,3.6259999999999977
NB_899,2020-12-31,88.327,3.763,2.185,0.3,1.885,11.232,18.221,1.878,84.564,,0.0,16.343,46.928,21.867,34.038,21.867,,,39.406,0.0,39.406,-0.2443126887571332,-0.17242137673191116,-0.12424849699398799,-0.032258064516129115,-0.13729977116704806,-0.2677488754156073,-0.3557386323456615,-0.20491109229466564,-0.24722261786070365,,,-9.577000000000002,-0.404459447454917,-30.898,-32.290000000000006,-30.898,,,-26.702999999999996,,-26.702999999999996
NB_1016,2016-12-31,29299.201,15317.62,6986.358,6.579,6979.779,1599.895,3385.216,2027.291,13981.581,1216.32,350.017,1357.925,7522.186,-1225.281,2328.136,-1096.686,281.681,,2359.063,-2582.795,-223.732,,,,,,,,,,,,,,,,,,,,,
NB_1016,2017-12-31,29833.078,13549.805,6387.071,356.235,6030.836,834.228,3279.108,2725.542,16283.273,1597.494,483.865,553.566,11280.15,926.402,4335.789,2582.579,274.372,,4265.336,-4124.242,141.094,0.01822155491543942,-0.11541055333661498,-0.08577960075907942,53.14728682170543,-0.1359560238225308,-0.47857328137159005,-0.03134452868000148,0.3444256399303307,0.16462315670881567,0.3133829913180741,0.38240428322052944,-804.3589999999999,0.4995840304932635,2151.683,2007.6529999999998,3679.2650000000003,-0.025947792005850512,,1906.2730000000001,0.5968135295290566,364.826
NB_1016,2018-12-31,33934.474,14570.286,6083.262,913.093,5170.169,1555.634,5057.39,3728.364,19364.188,1915.215,859.359,1329.026,17007.571,4469.346,7904.754,3419.04,245.052,,7768.608,-6076.475,1692.133,0.1374781375223837,0.07531333476754831,-0.047566247502180636,1.5631759933751597,-0.14271106029081215,0.8647587949577336,0.5423066272901045,0.36793489148213454,0.1892073540743313,0.19888713197044883,0.7760305043762208,775.46,0.5077433367464086,3542.9439999999995,3568.965,836.4609999999998,-0.10686221626113457,,3503.272,0.4733555887360634,1551.039
NB_1016,2019-12-31,37124.608,15483.892,5974.808,1383.889,4590.919,2027.972,5273.339,4486.988,21640.716,2001.658,767.297,786.351,17307.229,3699.0,7946.0,2735.0,185.0,,8163.0,-6422.0,1741.0,0.09400864737140169,0.0627033676621036,-0.017828263849230863,0.5156057488120049,-0.11203695662559576,0.303630545488206,0.04269969292461129,0.20347369516495717,0.11756382451977854,0.0451348804181253,-0.10712868545043452,-542.6750000000001,0.017619094460931572,-770.3459999999995,41.246000000000095,-684.04,-0.24505819173073473,,394.3919999999998,0.05686273703092648,48.86699999999996
NB_1016,2020-12-31,35805.0,15503.0,6752.0,1076.0,5676.0,3329.0,5862.0,3460.0,20302.0,1522.0,629.0,2402.0,11005.0,-544.0,3249.0,-605.0,205.0,,5008.0,-3465.0,1543.0,-0.035545371953826455,0.0012340566570729905,0.13007815481267349,-0.22248099377912534,0.23635376707800781,0.6415414019522951,0.11162965248393864,-0.22888137877792414,-0.06186098463655265,-0.2396303464427989,-0.1802392033332595,1615.649,-0.36413853425063014,-4243.0,-4697.0,-3340.0,0.10810810810810811,,-3155.0,-0.46044845842416693,-198.0
NB_2974,2016-12-31,502.362,79.581,0.0,0.0,0.0,29.239,88.939,29.246,422.781,21.169,6.124,59.693,230.625,-34.63,39.713,-92.453,4.096,62.196,29.689,-11.74,17.949,,,,,,,,,,,,,,,,,,,,,
NB_2974,2017-12-31,867.243,359.447,99.9,0.0,99.9,5.637,314.423,219.988,507.796,243.746,17.814,94.435,691.496,62.771,157.75,58.964,4.31,81.191,57.616,-133.853,-76.237,0.7263308132382624,3.5167439464193713,,,,-0.8072095488901809,2.535265743936856,6.521985912603434,0.20108519540849756,10.514289763333176,1.9088830829523191,34.742000000000004,1.9983566395663956,97.40100000000001,118.037,151.417,0.05224609374999978,0.30540549231461833,27.927,10.40144804088586,-94.18599999999999
NB_2974,2018-12-31,1073.091,319.039,0.0,0.0,0.0,67.625,449.556,233.823,754.052,337.46,21.302,215.733,1690.084,394.451,516.521,235.965,3.187,107.634,386.668,-191.943,194.725,0.23735907928919553,-0.11241712964637351,-1.0,,-1.0,10.996629412808232,0.42978090025220794,0.06288979398876315,0.4849506494734106,0.38447400162464196,0.19580105534972492,121.298,1.4440980135821468,331.68,358.77099999999996,177.001,-0.2605568445475638,0.32568880787279375,329.052,0.4339835491173152,270.962
NB_2974,2019-12-31,952.385,283.644,128.755,17.797,110.958,5.872,406.98,130.397,668.741,363.053,17.483,276.583,625.012,-128.383,11.934,-79.044,4.958,112.435,-95.318,-35.761,-131.079,-0.11248440253436098,-0.11094254934349712,,,,-0.9131682070240296,-0.09470677735365551,-0.4423260329394457,-0.11313675979905902,0.07584009956735627,-0.17927894094451224,60.85000000000002,-0.630188795349817,-522.8340000000001,-504.58699999999993,-315.009,0.555695010982115,0.044604864633851715,-481.986,-0.8136894807312588,-325.804
NB_2974,2020-12-31,824.562,261.235,108.615,11.282,97.333,14.822,464.748,128.598,563.327,393.112,12.02,336.15,313.076,-149.317,-39.906,-107.607,5.397,94.302,6.967,-6.837,0.13,-0.13421357959228675,-0.07900396271382437,-0.15642110985981128,-0.3660729336405012,-0.12279421042196148,1.5241825613079016,0.14194309302668429,-0.013796329670160978,-0.1576305325978219,0.08279507399746056,-0.31247497569067095,59.56699999999995,-0.4990880175100637,-20.933999999999997,-51.839999999999996,-28.563000000000002,0.08854376764824523,-0.16127540356650505,102.285,-0.8088140711948771,131.209
NB_305,2016-12-31,80.524,17.723,9.537,0.339,9.198,38.388,74.768,8.525,62.801,0.0,0.0,66.243,0.0,-57.94,-57.04,-57.855,,,-52.861,-0.6,-53.461,,,,,,,,,,,,,,,,,,,,,
NB_305,2017-12-31,89.355,25.11,19.731,5.012,14.719,21.091,86.985,10.391,64.245,0.0,0.0,76.594,0.0,-47.145,-46.432,-48.207,,,-42.364,-1.312,-43.676,0.10966916695643536,0.416803024318682,1.0688895879207299,13.78466076696165,0.6002391824309632,-0.45058351568198385,0.16339878022683507,0.2188856304985336,0.0229932644384645,,,10.350999999999999,,10.794999999999995,10.607999999999997,9.647999999999996,,,10.497,1.186666666666667,9.784999999999997
NB_305,2018-12-31,52.746,19.096,16.03,7.767,8.263,22.962,50.803,10.833,33.65,0.0,0.0,39.97,0.0,-32.82,-32.074,-34.515,,,-31.063,-0.594,-31.657,-0.4097028705724358,-0.23950617283950615,-0.18757285489838327,0.5496807661612133,-0.43861675385556087,0.08871082452230805,-0.4159567741564638,0.04253681070156867,-0.47622383064829954,,,-36.623999999999995,,14.325000000000003,14.358000000000004,13.692,,,11.300999999999998,-0.5472560975609757,12.019000000000002
NB_305,2019-12-31,36.188,15.162,11.731,9.492,2.239,9.21,31.925,12.923,21.026,0.0,0.0,19.002,0.422,-22.978,-21.343,-23.603,,,-20.013,-0.079,-20.092,-0.31391953892238267,-0.20601173020527852,-0.26818465377417344,0.22209347238315957,-0.7290330388478761,-0.5989025346224196,-0.37159222880538545,0.19292901320040623,-0.37515601783060915,,,-20.968,,9.841999999999999,10.730999999999998,10.911999999999999,,,11.049999999999997,-0.867003367003367,11.565000000000001
NB_305,2020-12-31,38.726,7.242,2.239,0.861,1.378,16.952,35.531,5.864,31.484,2.039,0.0,29.667,10.455,-15.911,-14.342,-16.224,,,-15.301,-0.202,-15.503,0.07013374599314681,-0.5223585278986942,-0.8091381808882449,-0.9092920353982301,-0.38454667262170616,0.8406080347448426,0.11295223179326541,-0.5462353942582991,0.49738419100161724,,,10.665000000000003,23.77488151658768,7.067000000000002,7.0009999999999994,7.379000000000001,,,4.7120000000000015,1.556962025316456,4.588999999999999
NB_410,2016-12-31,22876.8,10748.2,6517.4,4.7,6512.7,2326.5,8732.2,3419.9,12128.6,1441.6,1001.6,5312.3,11448.8,5150.4,5833.1,3702.8,260.0,309.3,4587.2,-616.1,3971.1,,,,,,,,,,,,,,,,,,,,,
NB_410,2017-12-31,23652.6,11054.5,5938.2,3.2,5935.0,1573.8,7873.3,3368.2,12598.1,1787.0,902.7,4505.1,12273.9,5345.8,6426.8,2539.1,250.8,266.3,4551.0,-867.4,3683.6,0.033912085606378595,0.028497794979624347,-0.08886979470340928,-0.3191489361702128,-0.08870360986994641,-0.32353320438426825,-0.0983600925310919,-0.01511740109359927,0.03871015615982065,0.23959489456159822,-0.09874201277955275,-807.1999999999998,0.07206868842149405,195.40000000000055,593.6999999999998,-1163.7000000000003,-0.03538461538461535,-0.13902360168121564,-36.19999999999982,0.40788832981658807,-287.5
NB_410,2018-12-31,25288.9,12257.3,5936.5,0.0,5936.5,1224.6,7640.9,3295.2,13031.6,1958.5,929.9,4345.7,13452.9,5888.6,6905.2,4430.7,200.6,269.4,6187.7,-770.6,5417.1,0.06918055520323363,0.10880636844723868,-0.000286282038328034,-1.0,0.0002527379949452957,-0.22188333968738094,-0.029517483139217426,-0.021673297310136008,0.03440995070685271,0.095970900951315,0.030131826741996104,-159.40000000000055,0.09605748784005086,542.8000000000002,478.39999999999964,1891.6,-0.20015948963317387,0.011641006383777519,1636.6999999999998,-0.11159787871800775,1733.5000000000005
NB_410,2019-12-31,27234.3,13895.2,6441.1,1569.4,4871.7,2913.7,8381.8,4863.8,13339.1,1880.5,804.2,3518.0,14377.9,7042.6,7785.0,5888.5,187.4,190.6,7078.6,-514.5,6564.1,0.07692703122713906,0.13362649196805187,0.08499957887644238,,-0.17936494567506112,1.3793075289890577,0.09696501721001449,0.47602573440155393,0.023596488535559734,-0.0398263977533827,-0.13517582535756523,-827.6999999999998,0.06875840896758323,1154.0,879.8000000000002,1457.8000000000002,-0.06580259222332996,-0.29250185597624345,890.9000000000005,-0.3323384375811057,1147.0
NB_410,2020-12-31,24618.9,13932.8,7911.4,83.2,7828.2,1331.2,6887.1,3742.2,10686.1,1913.8,1068.6,3144.9,13444.6,4550.1,5287.2,4000.6,222.5,201.9,4229.8,-424.8,3805.0,-0.09603331093510747,0.002705970407046898,0.22826846346121,-0.9469861093411495,0.6068723443561796,-0.5431238631293545,-0.17832685103438395,-0.2306015872363173,-0.19888898051592685,0.017708056367987224,0.3287739368316338,-373.0999999999999,-0.06491212207624197,-2492.5,-2497.8,-1887.9,0.18729989327641405,0.059286463798531086,-2848.8,-0.1743440233236151,-2759.1000000000004
NB_968,2016-12-31,229.182,94.575,45.096,10.0,35.096,185.323,187.183,33.083,134.607,0.088,0.0,154.1,6.053,-97.188,-95.986,-97.183,,1.2,-50.246,-3.493,-53.739,,,,,,,,,,,,,,,,,,,,,
NB_968,2017-12-31,373.26,165.18,40.931,7.5,33.431,146.63,332.199,36.707,208.08,0.679,0.0,295.492,13.728,-119.933,-117.25,-120.324,,2.7,-9.417,-2.059,-11.476,0.6286619368013195,0.7465503568596352,-0.09235852403760869,-0.25,-0.04744130385229084,-0.208786820847925,0.7747284742738392,0.10954266541728397,0.5458334261962603,6.715909090909092,,141.39200000000002,1.2679662977036181,-22.745000000000005,-21.263999999999996,-23.14099999999999,,1.2500000000000004,40.829,-0.4105353564271399,42.263
NB_968,2018-12-31,420.386,184.224,32.417,0.0,32.417,134.776,374.776,35.9,236.162,0.03,0.0,338.876,31.937,-113.727,-110.473,-109.954,,3.254,-45.707,-4.754,-50.461,0.12625515726303393,0.11529240828187426,-0.20800859983875297,-1.0,-0.03033112978971597,-0.08084293800722897,0.12816715282104996,-0.021984907510829044,0.13495770857362555,-0.9558173784977909,,43.38399999999996,1.3264131701631703,6.206000000000003,6.777000000000001,10.370000000000005,,0.20518518518518514,-36.29,1.3088878096163183,-38.985
NB_968,2019-12-31,508.885,246.448,29.081,5.804,23.277,238.183,463.844,59.963,262.437,0.418,0.0,403.881,20.531,-140.922,-132.492,-133.746,,2.83,-40.669,-6.167,-46.836,0.21051842830160838,0.3377627236407852,-0.10290896751704359,,-0.2819508282691181,0.7672508458479252,0.23765662689179656,0.6702785515320335,0.11125837348938439,12.933333333333334,,65.005,-0.35714062059679996,-27.194999999999993,-22.01899999999999,-23.792000000000016,,-0.13030116779348488,5.038000000000004,0.2972233908287758,3.625
NB_968,2020-12-31,572.602,179.016,26.135,6.811,19.324,139.682,419.087,58.208,393.586,6.048,0.0,360.879,90.732,-134.84,-120.381,-115.976,,3.959,-179.843,-7.162,-187.005,0.1252090354402271,-0.2736155294423165,-0.10130325642171856,0.17350103376981396,-0.1698242900717446,-0.4135517648194875,-0.09649149282948577,-0.029268048629988552,0.499735174537127,13.468899521531101,,-43.00199999999995,3.4192684233597976,6.081999999999994,12.11099999999999,17.77000000000001,,0.398939929328622,-139.17399999999998,0.16134263012810113,-140.16899999999998
NB_1466,2016-12-31,0.1629,1.5146,0.3289,0.3289,0.0,0.012,0.0802,1.5146,-1.3517,0.0669,0.0,-1.4345,0.9674,-0.6133,,-0.6287,,,-0.0296,0.0,-0.0296,,,,,,,,,,,,,,,,,,,,,
NB_1466,2017-12-31,0.2852,1.7262,0.46,0.46,0.0,0.0167,0.1981,1.7262,-1.441,0.1808,0.0,-1.5281,2.0609,-0.4051,,-0.4361,,,-0.1264,0.0,-0.1264,0.7507673419275631,0.1397068532945993,0.39860139860139854,0.39860139860139854,,0.3916666666666666,1.4700748129675811,0.1397068532945993,0.06606495524154776,1.70254110612855,,-0.0935999999999999,1.1303493901178419,0.20819999999999994,,0.19260000000000005,,,-0.09680000000000001,,-0.09680000000000001
NB_1466,2018-12-31,2.8464,3.6244,0.2337,0.2337,0.0,0.3796,1.2516,3.6244,-0.778,0.4729,0.0,-2.3728,4.041,-2.1221,,-2.1525,,,0.715,0.0,0.715,8.980364656381486,1.099640829567837,-0.4919565217391305,-0.4919565217391305,,21.730538922155688,5.318021201413428,1.099640829567837,-0.4600971547536433,1.6155973451327434,,-0.8446999999999998,0.9607938279392498,-1.717,,-1.7164,,,0.8413999999999999,,0.8413999999999999
NB_1466,2019-12-31,0.0383,4.5283,0.3738,0.0984,0.2754,0.0185,0.0354,4.2529,-4.49,0.0,0.0,-4.2175,1.1227,-5.6981,,-5.723,,,-0.3383,0.0,-0.3383,-0.986544406970208,0.2493930029798035,0.5994865211810014,-0.5789473684210527,,-0.9512644889357218,-0.9717162032598274,0.17340801236066672,4.77120822622108,-1.0,,-1.8447000000000005,-0.7221727295223954,-3.576,,-3.5705,,,-1.0533,,-1.0533
NB_1466,2020-12-31,14.7827,4.9984,0.319,0.0425,0.2765,13.9535,14.7827,4.7219,9.7844,0.0,0.0,10.0608,0.6985,-2.8185,-2.8185,-2.8479,,,-1.1294,0.0,-1.1294,384.97127937336813,0.10381379325574724,-0.14660246120920284,-0.568089430894309,0.003994190268700182,753.2432432432432,416.590395480226,0.1102776928683955,-3.179153674832962,,,14.278300000000002,-0.37783913779282086,2.8796000000000004,,2.8750999999999998,,,-0.7910999999999999,,-0.7910999999999999
NB_1494,2016-12-31,0.4516,0.6008,0.35,0.35,0.0,0.1417,0.4516,0.6008,-0.1492,0.0,0.0,-0.1492,0.0,-0.2275,,-0.2775,,,-0.3174,0.0,-0.3174,,,,,,,,,,,,,,,,,,,,,
NB_1494,2017-12-31,18.4135,0.3097,0.0,0.0,0.0,1.3707,1.8995,0.3097,18.1038,0.0,0.0,1.5898,0.0,-0.9815,,-0.8315,,,-0.7618,0.0,-0.7618,39.773914968999115,-0.48452063914780297,-1.0,-1.0,,8.673253352152436,3.20615589016829,-0.48452063914780297,-122.33914209115281,,,1.739,,-0.754,,-0.554,,,-0.4444,,-0.4444
NB_1494,2018-12-31,17.3633,0.8238,0.0,0.0,0.0,0.1862,0.8493,0.8238,16.5396,0.0,0.0,0.0256,0.0,-12.44,,-12.44,,,-2.059,0.0,-2.059,-0.05703424118174172,1.6599935421375527,,,,-0.8641570000729555,-0.5528823374572256,1.6599935421375527,-0.08640174990885885,,,-1.5642,,-11.458499999999999,,-11.6085,,,-1.2972000000000001,,-1.2972000000000001
NB_1494,2019-12-31,24.4703,0.8605,0.1685,0.0083,0.1602,6.9955,7.7648,0.7004,23.6098,0.0,0.0,7.0644,0.0,-7.756,,-7.6783,,,-5.3847,0.0,-5.3847,0.40931159399422934,0.044549647972808915,,,,36.56981740064447,8.142588013658306,-0.1497936392328234,0.4274710392028829,,,7.0388,,4.683999999999999,,4.761699999999999,,,-3.3256999999999994,,-3.3256999999999994
NB_1494,2020-12-31,40.6559,1.9025,0.1602,0.0339,0.1263,21.9669,23.9857,1.7763,38.7534,0.0,0.0,22.2095,0.0109,-12.2277,,-12.0992,0.0,,-8.9436,0.0,-8.9436,0.6614385602138102,1.2109238814642649,-0.049258160237388715,3.0843373493975905,-0.21161048689138584,2.1401472375098276,2.0890299814547704,1.5361222158766417,0.6414116172098028,,,15.1451,,-4.4717,,-4.4209,,,-3.5589000000000004,,-3.5589000000000004
NB_2479,2016-12-31,288.913,120.149,95.272,0.0,95.272,122.233,184.153,21.075,168.764,15.194,24.696,163.078,104.541,15.974,21.308,11.681,3.768,3.269,7.521,-4.325,3.196,,,,,,,,,,,,,,,,,,,,,
NB_2479,2017-12-31,743.519,151.971,99.25,0.0,99.25,173.759,242.782,25.211,591.548,27.585,39.004,217.571,141.236,14.005,24.512,28.353,6.441,4.237,17.451,-5.454,11.997,1.5735048267125396,0.26485447236348203,0.04175413552775198,,0.04175413552775198,0.4215391915440183,0.31837113704365394,0.19625148279952542,2.50517882960821,0.8155192839278662,0.5793650793650791,54.492999999999995,0.3510106082780917,-1.9689999999999994,3.2040000000000006,16.672000000000004,0.7093949044585988,0.29611501988375655,9.93,0.2610404624277456,8.801
NB_2479,2018-12-31,774.621,159.053,0.0,0.0,0.0,193.822,275.739,129.842,615.568,33.015,42.263,145.897,194.032,25.988,41.766,16.617,6.709,5.213,32.77,-10.635,22.135,0.041830807282665194,0.046600996242704085,-1.0,,-1.0,0.11546452270098251,0.13574729592803414,4.150212208956408,0.040605327040240224,0.19684611201740077,0.08355553276587013,-71.674,0.37381404174573074,11.982999999999999,17.253999999999998,-11.736,0.04160844589349466,0.230351663913146,15.319000000000003,0.94994499449945,10.138000000000002
NB_2479,2019-12-31,1400.113,340.345,263.319,3.557,259.762,528.392,641.828,48.313,1059.768,43.068,54.832,593.515,270.245,36.083,61.431,21.411,9.292,7.317,67.216,-18.504,48.712,0.807481336034009,1.1398213174224945,,,,1.7261714356471405,1.327664929516681,-0.6279093051554967,0.7216099602318511,0.3044979554747842,0.29739961668599024,447.618,0.3927857260658034,10.094999999999999,19.665,4.7940000000000005,0.3850052168728575,0.4036063686936504,34.44599999999999,0.7399153737658677,26.577
NB_2479,2020-12-31,1902.887,373.737,275.416,248.991,26.425,717.292,902.382,318.956,1529.15,71.257,95.025,583.426,366.26,69.823,102.535,59.926,12.133,10.888,62.625,-22.455,40.17,0.3590953015935141,0.09811220966959988,0.045940475241057266,69.0002811357886,-0.898272264611452,0.3574997350451936,0.40595611285266453,5.6018669923209075,0.4429101463716587,0.6545230797808119,0.7330208637292093,-10.088999999999942,0.35528871949527274,33.739999999999995,41.104,38.515,0.3057468790357296,0.48804154708213754,-4.590999999999994,0.21352140077821002,-8.542000000000002
NB_2606,2020-12-31,0.1995,0.1808,0.0,0.0,0.0,0.0305,0.0305,0.1808,0.0187,0.0,0.0,-0.1502,,,,,,,,,,,,,,,,,,,,,,,,,,,,,,
NB_2986,2016-09-30,76.463,19.037,11.564,1.367,10.197,28.596,59.039,8.678,57.426,0.664,1.228,50.361,2.269,-43.656,-39.427,-44.088,0.746,4.1,-38.592,-6.229,-44.821,,,,,,,,,,,,,,,,,,,,,
NB_2986,2017-09-30,85.657,19.382,9.798,0.0,9.798,31.227,67.869,9.477,-133.358,2.237,1.827,58.392,10.767,-58.482,-53.461,-59.31,0.905,4.8,-51.301,-6.594,-57.895,0.12024116239226812,0.018122603351368616,-0.1527153234175026,-1.0,-0.03912915563400987,0.0920058749475452,0.14956215383051874,0.0920719059691173,-3.3222582105666425,2.3689759036144578,0.48778501628664483,8.031000000000006,3.7452622300572935,-14.826,-14.033999999999999,-15.222000000000001,0.21313672922252014,0.17073170731707332,-12.709000000000003,0.05859688553539888,-13.074000000000005
NB_2986,2018-09-30,115.791,26.73,10.349,2.5,7.849,80.757,95.671,18.537,-201.422,5.344,6.028,77.134,25.427,-70.559,-64.832,-71.236,1.313,5.5,-66.164,-3.688,-69.852,0.35179845196539694,0.3791146424517593,0.05623596652378038,,-0.19891814656052254,1.5861273897588628,0.40964210464276785,0.9559987337765115,0.5103855786679463,1.388913723737148,2.299397920087575,18.741999999999997,1.3615677533203305,-12.076999999999998,-11.370999999999995,-11.926000000000002,0.45082872928176787,0.14583333333333348,-14.863,-0.440703670003033,-11.957
NB_2986,2019-09-30,186.994,34.912,7.733,3.333,4.4,46.735,160.135,30.354,152.082,10.791,7.33,129.781,54.385,-108.85,-102.739,-107.669,1.294,6.1,-87.937,-14.757,-102.694,0.6149268941454864,0.3060980172091283,-0.25277804618803756,0.33320000000000016,-0.4394190342718818,-0.42128855702911205,0.6738092002801266,0.637481793170416,-1.755041653841189,1.0192739520958085,0.21599203715992044,52.647000000000006,1.1388681323003107,-38.291,-37.90700000000001,-36.43299999999999,-0.01447067783701439,0.10909090909090913,-21.772999999999996,3.0013557483731015,-32.842
NB_2986,2020-09-30,398.882,62.62,35.982,9.742,26.24,93.667,334.87,36.029,336.262,26.376,12.289,298.841,90.1,-140.079,-125.502,-139.931,0.787,6.6,-142.255,-9.868,-152.123,1.1331272661154905,0.7936526122823098,3.6530453898874953,1.922892289228923,4.963636363636363,1.0042152562319462,1.0911730727198927,0.18696053238452937,1.2110571928301836,1.4442591048095634,0.6765347885402455,169.06,0.6567068125402225,-31.229000000000013,-22.76299999999999,-32.262000000000015,-0.3918083462132921,0.08196721311475419,-54.318,-0.3313003998102595,-49.42899999999999
NB_2126,2019-12-31,0.1125,1.2919,0.6371,0.5251,0.112,0.0634,0.1111,1.0419,-1.1794,0.0057,0.0216,-0.9307,0.2074,-1.4878,-1.4548,-5.0212,,0.0005,-0.6783,0.0,-0.6783,,,,,,,,,,,,,,,,,,,,,
NB_2126,2020-12-31,0.1185,1.7088,0.6323,0.537,0.0953,0.0784,0.1169,1.5666,-1.5903,0.0066,0.0227,-1.4497,0.2429,-3.2955,-3.2515,-3.4035,,0.0004,-0.8635,-0.0006,-0.8641,0.05333333333333323,0.3227029955878937,-0.007534139067650325,0.02266235002856609,-0.14910714285714288,0.2365930599369086,0.05220522052205223,0.503599193780593,0.34839749024927924,0.1578947368421053,0.05092592592592604,-0.519,0.17116682738669242,-1.8077,-1.7967,1.6177000000000001,,-0.19999999999999996,-0.18520000000000003,,-0.18579999999999997
NB_2015,2017-05-31,528.409,56.652,0.0,0.0,0.0,77.567,292.961,36.002,471.757,68.576,73.144,256.959,361.594,64.945,79.636,43.793,0.0,8.783,60.274,-14.578,45.696,,,,,,,,,,,,,,,,,,,,,
NB_2015,2018-05-31,618.009,57.834,0.0,0.0,0.0,83.074,375.789,38.688,560.175,79.086,76.005,337.101,397.93,70.194,87.252,63.145,0.0,10.315,69.131,-20.946,48.185,0.16956562057042945,0.020864223681423377,,,,0.07099668673533865,0.2827270524062928,0.07460696627965113,0.18742276214237408,0.15326061595893625,0.03911462320901227,80.142,0.10048839305961943,5.249000000000009,7.616,19.352000000000004,,0.17442787202550392,8.857,0.436822609411442,2.4890000000000043
NB_2015,2019-05-31,695.74,57.841,0.0,0.0,0.0,41.688,449.529,38.251,637.899,82.582,85.992,411.278,414.186,68.094,85.718,60.176,0.0,11.315,63.842,-14.661,49.181,0.12577648545571352,0.00012103606874847017,,,,-0.4981823434528252,0.19622713810143466,-0.011295492142266439,0.13874949792475566,0.044205042611840106,0.13139925004933906,74.17700000000002,0.04085140602618553,-2.1000000000000085,-1.5339999999999918,-2.969000000000001,,0.09694619486185174,-5.2890000000000015,-0.30005729017473515,0.9959999999999951
NB_2015,2020-05-31,797.182,72.005,1.967,0.913,1.054,66.269,537.406,48.489,725.177,84.681,95.053,488.917,418.17,67.523,87.292,59.475,0.0,11.907,85.878,-24.052,61.826,0.1458044671860177,0.24487820058436038,,,,0.5896421032431396,0.1954868317728109,0.26765313325141826,0.13682103279672808,0.02541716112470027,0.10537026700158147,77.63899999999995,0.009618866885891864,-0.570999999999998,1.573999999999998,-0.7010000000000005,,0.05231992929739282,22.036,0.6405429370438578,12.645000000000003
NB_2015,2021-05-31,920.192,79.815,2.492,1.207,1.285,75.602,591.451,53.599,840.377,91.823,100.701,537.852,468.459,74.169,96.562,60.882,0.0,13.288,81.089,-26.712,54.377,0.15430604303659634,0.10846468995208669,0.26690391459074725,0.3220153340635268,0.21916508538899415,0.1408350812597141,0.10056642463984411,0.10538472643279917,0.15885776851720323,0.08434005266824895,0.05941948176280598,48.935,0.12025970299160615,6.646000000000001,9.269999999999996,1.4069999999999965,,0.11598219534727483,-4.7890000000000015,0.11059371362048886,-7.448999999999998
NB_226,2020-12-31,169.941,297.874,1.511,0.512,0.999,130.645,157.661,12.084,-127.933,0.0,0.0,145.577,,-42.484,-42.347,-74.82,,,-35.423,-0.144,-35.567,,,,,,,,,,,,,,,,,,,,,
NB_267,2016-09-30,128.1765,33.1522,2.7278,0.1943,2.5335,85.3664,90.5025,25.6438,95.0243,0.075,0.0,64.8587,0.1583,-81.7427,-78.4827,-81.723,,,-64.4275,-3.8602,-68.2877,,,,,,,,,,,,,,,,,,,,,
NB_267,2017-09-30,104.0223,23.1551,2.5335,0.2085,2.325,24.8386,67.9029,18.701,80.8672,0.0678,0.0,49.2019,31.4077,-36.9959,-32.3055,-34.3803,,,-23.939,-7.9182,-31.8572,-0.1884448397327123,-0.30155163156592923,-0.07122956228462485,0.07308286155429733,-0.08229721728833628,-0.7090354050305507,-0.24971243888290373,-0.270739905942177,-0.14898399672504825,-0.09599999999999997,,-15.656799999999997,197.4061907770057,44.7468,46.17719999999999,47.3427,,,40.488499999999995,1.0512408683487902,36.4305
NB_267,2018-09-30,111.61,16.3689,2.325,0.2238,2.1012,30.1332,78.7686,12.365,95.241,0.3274,0.0,66.4036,16.1423,-55.9362,-51.237,-54.4505,,,-47.2234,-1.4213,-48.6447,0.07294301318082752,-0.2930758234686959,-0.08229721728833628,0.0733812949640289,-0.09625806451612917,0.21316016200591004,0.1600182024626342,-0.33880541147532217,0.17774573621938194,3.828908554572272,,17.201699999999995,-0.48604004750427443,-18.9403,-18.9315,-20.0702,,,-23.284399999999998,-0.8205021343234573,-16.7875
NB_267,2019-09-30,349.8454,105.8092,0.0,0.0,0.0,221.8041,265.2468,97.0707,244.0363,0.6614,0.0,168.1761,168.7956,61.1906,65.6298,67.9748,,,173.0349,-12.0012,161.0337,2.1345345399157782,5.4640385120563995,-1.0,-1.0,-1.0,6.3607881008323055,2.367417981276803,6.850440760210271,1.5623029997585074,1.0201588271227853,,101.7725,9.456725497605671,117.1268,116.86680000000001,122.4253,,,220.2583,7.4438190389080425,209.6784
NB_267,2020-09-30,522.5037,60.7246,21.138,1.0948,20.0432,143.5827,322.3704,40.6814,461.7791,0.8457,0.0,281.689,87.9921,-93.1588,-87.2165,-84.5532,,,-95.3916,-11.9517,-107.3433,0.49352742668618776,-0.426093383184071,,,,-0.3526598471353777,0.21536018530666534,-0.5809095844575141,0.8922557832584743,0.2786513456304809,,113.51290000000003,-0.4787061985028046,-154.3494,-152.84629999999999,-152.52800000000002,,,-268.4265,-0.004124587541245894,-268.377
NB_462,2018-12-31,15.975,3.551,0.541,0.04,0.501,13.634,14.1,2.755,12.424,0.0,0.0,11.345,0.0,-11.629,-11.327,-11.589,,,-9.872,-0.29,-10.162,,,,,,,,,,,,,,,,,,,,,
NB_462,2019-12-31,48.447,16.788,10.185,3.096,7.089,34.826,35.9,8.656,31.659,0.0,0.0,27.244,0.215,-30.969,-29.267,-30.487,,,-26.343,-0.508,-26.851,2.0326760563380284,3.7276823430019714,17.826247689463955,76.4,13.149700598802395,1.5543494205662314,1.5460992907801416,2.1419237749546283,1.5482131358660656,,,15.899,,-19.340000000000003,-17.939999999999998,-18.897999999999996,,,-16.471,0.7517241379310347,-16.689
NB_462,2020-12-31,46.542,46.193,36.101,1.501,34.6,5.542,25.361,11.264,0.349,0.0,0.0,14.097,0.231,-49.182,-46.063,-60.728,,,-47.308,-3.262,-50.57,-0.03932132020558554,1.7515487252799615,2.544526264113893,-0.5151808785529717,3.880801241359853,-0.8408660196404985,-0.2935654596100278,0.3012939001848427,-0.9889762784674184,,,-13.147,0.07441860465116279,-18.213,-16.796000000000003,-30.241000000000003,,,-20.965,5.421259842519685,-23.719
NB_538,2016-12-31,18.7474,22.7505,0.0,0.0,0.0,3.2044,18.1083,4.8952,-4.0032,0.0,0.0,13.2132,3.9986,-16.9765,-16.8508,-18.8068,0.3447,0.077,-15.8016,-0.1937,-15.9954,,,,,,,,,,,,,,,,,,,,,
NB_538,2017-12-31,16.2738,5.0469,0.0,0.0,0.0,6.1401,15.7127,1.6707,11.2269,0.0,0.0,14.042,2.6663,-12.8624,-12.7182,2.4314,0.3988,0.095,-14.2309,-0.0322,-14.2631,-0.1319436295166262,-0.7781631172941255,,,,0.9161465484958182,-0.13229292644809287,-0.6587064879882334,-3.804481414868106,,,0.8287999999999993,-0.3331916170659731,4.114100000000002,4.1326,21.2382,0.15694807078619077,0.23376623376623384,1.5707000000000004,-0.8337635518843572,1.7323000000000004
NB_538,2018-12-31,9.2471,4.6315,0.0,0.0,0.0,4.2593,8.4713,1.2552,4.6156,0.0,0.0,7.2161,1.6714,-15.3271,-15.1694,-15.1911,0.0,0.1144,-13.8624,-0.3165,-14.1789,-0.43177991618429634,-0.08230795141572056,,,,-0.30631422940994457,-0.460862868889497,-0.24869815047584842,-0.5888802786165371,,,-6.8259,-0.3731388065859056,-2.4647000000000006,-2.4512,-17.622500000000002,-1.0,0.2042105263157894,0.36850000000000094,8.829192546583851,0.08419999999999916
NB_538,2019-12-31,11.1136,4.2743,0.0,0.0,0.0,3.8993,10.5447,0.898,6.8394,0.0,0.0,9.6467,1.005,-7.7339,-7.5619,-7.6418,0.0,0.1287,-6.8215,0.0,-6.8215,0.2018470655665019,-0.07712404188707755,,,,-0.08452093066935873,0.2447558226010178,-0.28457616316124923,0.4818008492936998,,,2.430599999999999,-0.39870767021658493,7.5931999999999995,7.6075,7.549300000000001,,0.125,7.040899999999999,-1.0,7.3574
NB_538,2020-12-31,34.6188,6.419,0.0,0.0,0.0,32.6659,33.6771,2.9713,28.1998,0.0,0.0,30.7058,0.3103,-13.69,-13.5461,-13.657,0.0,0.1396,-10.0548,-0.5476,-10.6024,2.114994241289951,0.5017663711017006,,,,7.377375426358578,2.1937466215255057,2.3087973273942093,3.123139456677486,,,21.0591,-0.6912437810945273,-5.956099999999999,-5.9841999999999995,-6.0152,,0.08469308469308467,-3.2333,,-3.780899999999999
NB_635,2019-12-31,5.2808,4.6649,2.245,0.5313,1.7137,0.4185,0.9783,2.9512,0.6159,0.0,0.0,-1.9729,,-11.6473,-10.467,-11.5463,,0.1789,-9.5326,-1.0158,-10.5484,,,,,,,,,,,,,,,,,,,,,
NB_635,2020-12-31,5.7876,4.4951,2.2808,1.1708,1.1101,1.1977,1.7899,3.3614,1.2924,0.0,0.0,-1.5716,,-7.0834,-6.0785,-7.1836,,0.666,-6.8111,-0.4021,-7.2132,0.09597030752916225,-0.03639949409419285,0.015946547884187146,1.2036514210427254,-0.35222034195016627,1.861887694145759,0.8296023714606973,0.13899430740037944,1.0983925962006817,,,0.4013,,4.563899999999999,4.3885000000000005,4.3627,,2.7227501397428733,2.7215000000000007,-0.6041543610947037,3.3352000000000013
NB_687,2019-03-31,0.2735,24.1083,21.2271,21.2271,0.0,0.2266,0.2396,24.1083,-23.9608,0.0,0.0,-23.8687,,-5.3771,,-6.3842,1.1004,,-2.8361,,,,,,,,,,,,,,,,,,,,,,,
NB_687,2020-12-31,0.4673,9.6172,5.9533,5.8843,0.069,0.341,0.3497,9.5482,-16.9211,0.0,0.0,-9.1984,,-2.5722,,6.6445,0.6612,,-1.0346,,,,,,,,,,,,,,,,,,,,,,,
NB_774,2016-12-31,199.128,120.649,0.0,0.0,0.0,104.645,188.147,35.767,78.479,2.159,0.0,152.38,15.043,-59.586,-57.853,-58.9,1.689,1.733,-2.032,-2.176,-4.208,,,,,,,,,,,,,,,,,,,,,
NB_774,2017-12-31,397.644,327.748,0.0,0.0,0.0,177.548,388.601,61.147,69.896,10.139,0.0,327.454,71.623,-46.259,-44.614,-43.099,0.0,1.645,170.373,-1.559,168.814,0.9969265999758952,1.7165413720793374,,,,0.6966696927707965,1.0654116196378363,0.7095926412614979,-0.1093668369882389,3.696155627605373,,175.074,3.7612178421857347,13.326999999999998,13.239000000000004,15.801000000000002,-1.0,-0.05077899596076174,172.405,-0.2835477941176472,173.022
NB_774,2018-12-31,457.108,326.225,0.0,0.0,0.0,247.577,445.475,97.908,130.883,0.097,0.0,347.567,59.502,-77.874,-75.99,-84.604,0.0,,-75.521,-3.788,-79.309,0.14954079528422404,-0.004646862833640353,,,,0.39442291661973106,0.14635577365987218,0.6011905735359053,0.8725392010987754,-0.9904329815563665,,20.113,-0.16923334682992897,-31.614999999999995,-31.375999999999998,-41.505,,,-245.894,1.429762668377165,-248.123
NB_774,2019-12-31,341.282,290.169,27.681,2.81,24.871,188.425,303.335,85.59,51.113,0.013,0.0,217.745,57.489,-110.895,-103.49,-102.238,0.0,2.459,-140.48,-3.497,-143.977,-0.25338869588806145,-0.11052494444018712,,,,-0.23892364799638088,-0.3190751445086706,-0.1258119867630837,-0.6094756385474049,-0.865979381443299,,-129.822,-0.03383079560350921,-33.021,-27.5,-17.634,,,-64.95899999999999,-0.07682154171066524,-64.668
NB_774,2020-12-31,358.663,308.86,24.87,3.195,21.675,191.859,324.013,100.924,49.803,0.798,0.0,223.089,100.362,-48.605,-40.932,-32.885,0.0,2.427,5.259,-2.309,2.95,0.05092855761511017,0.06441418621561934,-0.10154979950146314,0.13701067615658347,-0.1285030758714969,0.01822475786121802,0.06816885621507573,0.1791564435097559,-0.025629487605892898,60.384615384615394,,5.343999999999994,0.7457600584459636,62.29,62.55799999999999,69.35300000000001,,-0.013013420089467265,145.73899999999998,-0.3397197597941092,146.927
NB_1259,2018-12-31,0.1085,10.2286,0.0,0.0,0.0,0.0851,0.0851,0.7286,-10.1201,0.0,0.0,-0.6435,0.0,-1.6897,,-1.6897,0.0,,-0.115,,,,,,,,,,,,,,,,,,,,,,,
NB_1259,2019-12-31,0.0267,1.3771,0.0,0.0,0.0,0.0068,0.0068,1.3771,-1.3504,0.0,0.0,-1.3703,0.0,-3.4253,,-3.4253,0.0,,-0.2933,,,-0.7539170506912443,-0.8653676945036466,,,,-0.9200940070505288,-0.9200940070505288,0.8900631347790282,-0.8665625833736821,,,-0.7268000000000001,,-1.7356,,-1.7356,,,-0.17830000000000001,,
NB_1259,2020-12-31,28.6766,1.0455,0.0,0.0,0.0,28.6604,28.6604,1.0455,27.6311,0.0,0.0,27.6149,0.0,-1.8638,,-1.863,0.0,,-1.153,0.0,-1.153,1073.0299625468165,-0.24079587539031289,,,,4213.764705882353,4213.764705882353,-0.24079587539031289,-21.46141883886256,,,28.9852,,1.5615,,1.5623,,,-0.8597,,
NB_1286,2017-12-31,0.445,7.307,6.04,0.0,6.04,0.315,0.445,1.266,-6.862,0.0,0.0,-0.821,0.0,-6.653,,-6.771,0.118,,-5.745,0.0,-5.745,,,,,,,,,,,,,,,,,,,,,
NB_1286,2018-12-31,239.419,21.121,0.0,0.0,0.0,105.219,231.953,20.403,-120.069,0.0,0.0,211.55,0.0,-148.993,-148.696,-146.969,0.012,0.297,-51.044,-3.49,-54.534,537.0202247191012,1.8905159436157106,-1.0,,-1.0,333.0285714285714,520.2426966292135,15.116113744075829,16.497668318274556,,,212.371,,-142.34,,-140.198,-0.8983050847457628,,-45.299,,-48.789
NB_1286,2019-12-31,426.604,74.119,39.55,2.354,37.196,135.089,409.317,36.923,352.485,0.0,0.0,372.394,0.0,-186.139,-182.211,-180.307,,0.9,-144.834,-2.966,-147.8,0.7818301805621106,2.5092561905212825,,,,0.28388408937549303,0.7646549085375054,0.8096848502671179,-3.935686979986508,,,160.844,,-37.146000000000015,-33.515000000000015,-33.337999999999994,,2.0303030303030307,-93.79,-0.1501432664756447,-93.26600000000002
NB_1286,2020-12-31,539.433,218.749,183.732,3.633,180.099,486.055,522.322,38.65,320.684,0.0,0.0,483.672,0.0,-233.962,-228.938,-243.36,12.666,1.4,-176.36,-1.503,-177.863,0.2644818145165071,1.9513215234959995,3.645562579013907,0.5433305012744265,3.841891601247446,2.5980353692750704,0.2760818632013817,0.046773014110445876,-0.09021944196206932,,,111.27800000000002,,-47.82299999999998,-46.726999999999975,-63.053000000000026,,0.5555555555555554,-31.52600000000001,-0.49325691166554286,-30.062999999999988
NB_1290,2020-12-31,38.704,3.172,0.28,0.147,0.133,16.352,38.419,3.039,35.532,0.0,0.0,35.38,,-15.906,-15.906,-16.039,,0.0,-14.283,-0.019,-14.302,,,,,,,,,,,,,,,,,,,,,
NB_1398,2018-12-31,89.282,7.754,0.0,0.0,0.0,83.523,86.684,7.231,81.528,0.0,0.0,79.453,0.0,-41.439,-41.255,-39.898,,0.184,-38.799,-1.342,-40.141,,,,,,,,,,,,,,,,,,,,,
NB_1398,2019-12-31,106.703,118.288,97.946,0.0,97.946,24.457,31.497,19.892,-11.585,4.255,1.088,11.605,5.995,-145.904,-142.694,-151.977,,0.395,-75.436,-75.149,-150.585,0.19512331712999265,14.255094144957441,,,,-0.7071824527375692,-0.6366457477735222,1.750933480846356,-1.142098420174664,,,-67.848,,-104.465,-101.439,-112.07900000000001,,1.1467391304347827,-36.63700000000001,54.997764530551414,-110.44400000000002
NB_1398,2020-12-31,427.074,329.894,194.25,0.0,194.25,228.631,262.891,134.539,-391.015,22.176,3.823,128.352,159.742,16.986,27.223,-36.944,28.22,0.394,-2.985,-0.002,-2.987,3.002455413624734,1.7889050453131343,0.9832356604659711,,0.9832356604659711,8.348284744653881,7.346540940407024,5.763472752865473,32.75183426845058,4.211750881316099,2.5137867647058822,116.747,25.645871559633026,162.89,169.91699999999997,115.033,,-0.0025316455696202667,72.45100000000001,-0.9999733862060706,147.598
NB_1474,2018-12-31,4.448,2.14,0.626,0.387,0.239,1.602,2.111,1.561,2.308,0.0,0.0,0.55,,-7.743,-7.222,-7.845,,,-7.406,-0.228,-7.634,,,,,,,,,,,,,,,,,,,,,
NB_1474,2019-12-31,5.06,1.796,0.239,0.239,0.0,2.543,3.122,1.665,3.264,0.0,0.0,1.457,0.0,-10.348,-9.733,-10.444,,,-9.6,-0.233,-9.833,0.13758992805755366,-0.1607476635514019,-0.6182108626198084,-0.38242894056847554,-1.0,0.5873907615480649,0.4789199431549027,0.06662395900064078,0.4142114384748701,,,0.907,,-2.6050000000000004,-2.511,-2.599000000000001,,,-2.194,0.021929824561403466,-2.199
NB_1474,2020-12-31,44.525,3.18,0.5,0.366,0.134,39.766,42.894,3.038,41.345,0.0,0.0,39.856,0.0,-12.261,-11.506,-17.837,,,-12.134,-0.586,-12.72,7.799407114624506,0.7706013363028954,1.0920502092050208,0.5313807531380754,,14.637436099095554,12.739269698910954,0.8246246246246245,11.666973039215687,,,38.399,,-1.9129999999999985,-1.7729999999999997,-7.392999999999999,,,-2.5340000000000007,1.5150214592274676,-2.8870000000000005
NB_1537,2016-12-31,21.0435,3.9851,0.0,0.0,0.0,11.5785,20.9241,1.8825,17.0585,0.0,0.0,19.0416,0.0,-16.4134,-16.3805,-9.3073,0.3131,,-13.2271,-0.0087,-13.2358,,,,,,,,,,,,,,,,,,,,,
NB_1537,2017-12-31,28.2879,11.5193,0.0,0.0,0.0,8.8992,28.1356,3.2339,16.7686,0.0,0.0,24.9017,0.0,-17.3547,-17.3124,-25.2945,0.5526,,-15.4201,-0.0752,-15.4952,0.344258322047188,1.8905924569019597,,,,-0.2314030314807617,0.34465042701956117,0.7178751660026561,-0.016994460239763143,,,5.860100000000003,,-0.9413000000000018,-0.9318999999999988,-15.9872,0.7649313318428617,,-2.1929999999999996,7.64367816091954,-2.259400000000001
NB_1537,2018-12-31,16.0429,5.48,0.0,0.0,0.0,8.7443,15.8997,3.1526,10.5629,0.0,0.0,12.7471,0.0,-20.5377,-20.4895,-14.3685,0.0,,-18.8386,-0.0392,-18.8779,-0.4328705913128935,-0.5242766487546986,,,,-0.017406058971592864,-0.43489031689389956,-0.02513992393085751,-0.3700785992867621,,,-12.154600000000002,,-3.183,-3.1770999999999994,10.926,-1.0,,-3.4185,-0.47872340425531923,-3.3827
NB_1537,2019-12-31,12.9688,3.0108,0.2034,0.1398,0.0636,9.2195,12.664,2.9055,9.958,0.0,0.0,9.7585,0.0,-11.215,-10.9731,-8.6354,0.0,0.041,-10.2771,-0.0194,-10.2965,-0.191617475643431,-0.4505839416058395,,,,0.05434397264503721,-0.20350698440851078,-0.0783797500475798,-0.057266470382186796,,,-2.9886,,9.322700000000001,9.516399999999999,5.7330999999999985,,,8.561499999999999,-0.5051020408163265,8.5814
NB_1537,2020-12-31,17.682,31.149,0.0,0.0,0.0,16.399,17.668,3.185,-13.467,0.0,0.0,14.483,0.0,-19.968,-19.96,-24.62,6.847,0.008,-6.797,0.0,-6.797,0.36342606871877114,9.345755280988442,-1.0,-1.0,-1.0,0.7787298660447965,0.3951358180669615,0.09619686800894867,-2.352379995983129,,,4.724500000000001,,-8.753,-8.9869,-15.9846,,-0.8048780487804879,3.480100000000001,-1.0,3.4995000000000003
NB_1649,2019-12-31,10.955,5.504,1.275,0.376,0.899,7.02,8.927,4.486,5.451,0.0,0.0,4.441,10.0,-10.563,-10.077,-12.336,0.008,0.208,-15.998,-0.271,-16.269,,,,,,,,,,,,,,,,,,,,,
NB_1649,2020-12-31,269.443,7.722,0.899,0.423,0.476,265.876,267.726,7.184,261.721,0.0,0.0,260.542,0.0,-46.657,-45.911,-45.361,0.006,0.278,-36.894,-0.294,-37.188,23.595435874030123,0.4029796511627908,-0.29490196078431363,0.125,-0.47052280311457173,36.87407407407407,28.99059034390053,0.6014266607222472,47.01339203815814,,,256.101,-1.0,-36.093999999999994,-35.834,-33.025,-0.25,0.3365384615384617,-20.896,0.08487084870848705,-20.919000000000004
NB_1795,2016-12-31,475.625,318.224,101.447,16.28,85.167,46.6,357.874,164.643,157.401,7.492,0.0,193.231,83.337,-137.155,-135.099,-141.429,6.567,,-175.628,-0.231,-175.859,,,,,,,,,,,,,,,,,,,,,
NB_1795,2017-12-31,436.539,368.274,245.67,14.094,231.576,61.661,321.995,105.489,68.265,4.825,1.948,216.506,91.689,-130.624,-127.225,-122.993,6.984,,-185.394,-0.228,-185.622,-0.08217818659658349,0.15727914927849573,1.4216586000571727,-0.13427518427518437,1.7190813343196307,0.32319742489270387,-0.10025595600686277,-0.3592864561505803,-0.5662988163988794,-0.355979711692472,,23.275000000000006,0.10021959033802497,6.531000000000006,7.873999999999995,18.436000000000007,0.06349931475559623,,-9.76600000000002,-0.012987012987012991,-9.763000000000005
NB_1795,2018-12-31,284.136,310.541,245.002,1.115,243.887,80.386,173.324,36.751,-26.405,5.924,4.68,136.573,63.209,-103.279,-99.596,-120.548,20.777,,-148.607,-0.095,-148.702,-0.3491165737769133,-0.15676642934336937,-0.002719094720559978,-0.920888321271463,0.05316181296852873,0.30367655406172456,-0.46171834966381464,-0.6516129643849122,-1.3868014355819234,0.2277720207253886,1.4024640657084189,-79.93299999999999,-0.3106152319253127,27.345,27.62899999999999,2.444999999999993,1.9749427262313861,,36.787000000000006,-0.5833333333333334,36.920000000000016
NB_1795,2019-12-31,417.715,300.614,246.838,11.565,235.273,36.112,337.754,65.341,-26.405,56.532,4.243,272.413,322.073,141.445,145.099,130.133,20.676,,113.807,-0.07,113.737,0.4701234620041106,-0.03196679343468345,0.007493816377009077,9.37219730941704,-0.035319635732941945,-0.5507675465877142,0.9486856984606864,0.7779380152921009,0.0,8.542876434841322,-0.09337606837606827,135.84,4.095366166210507,244.724,244.695,250.681,-0.004861144534822337,,262.414,-0.26315789473684204,262.43899999999996
NB_1795,2020-12-31,203.788,47.417,12.81,12.199,0.611,126.263,157.719,46.806,156.371,0.395,0.0,110.913,23.995,-47.8,-44.866,-58.574,14.544,,-142.969,-0.087,-143.056,-0.5121362651568653,-0.8422661619219332,-0.9481036145164035,0.05482057933419804,-0.9974030169207686,2.4964277802392556,-0.53303587818353,-0.28366569229121075,-6.922022344252983,-0.9930128069058233,-1.0,-161.5,-0.9254982566064215,-189.245,-189.96499999999997,-188.707,-0.29657573998839226,,-256.776,0.24285714285714266,-256.793
NB_1900,2020-12-31,116.6339,4.1502,0.0581,0.0581,0.0,1.3359,1.619,0.1252,112.4837,0.0,0.0,1.4938,,,,,,,,,,,,,,,,,,,,,,,,,,,,,,
NB_2106,2020-12-31,0.0,,,0.0,,0.0,0.0,0.01,-0.01,,,-0.01,,,,,,,,,,,,,,,,,,,,,,,,,,,,,,
NB_2247,2017-03-31,3911.348,3088.799,2193.732,0.0,2193.732,41.855,334.434,162.009,822.549,148.339,115.609,172.425,882.06,205.613,231.405,69.395,93.546,6.0,148.672,-2.977,145.695,,,,,,,,,,,,,,,,,,,,,
NB_2247,2018-03-31,3760.612,2582.002,1992.952,0.0,1992.952,32.548,303.477,123.199,1178.61,140.881,118.547,180.278,1041.179,215.474,248.9,339.57,106.267,4.998,210.11,-12.532,197.578,-0.03853812036157356,-0.16407574594526875,-0.09152439769306364,,-0.09152439769306364,-0.2223629196033926,-0.09256534921688597,-0.23955459264608747,0.4328751235488706,-0.0502767310012876,0.025413246373552356,7.85299999999998,0.18039475772623192,9.86099999999999,17.495000000000005,270.175,0.1359865734504948,-0.16699999999999993,61.43800000000002,3.209606986899564,51.88300000000001
NB_2247,2019-03-31,3441.036,2345.205,1798.598,0.0,1798.598,27.53,300.938,126.979,1095.831,148.787,119.88,173.959,975.777,67.503,99.282,-35.8,105.299,4.732,189.284,-10.48,178.804,-0.08497978520517402,-0.09171061834963723,-0.09752066281576277,,-0.09752066281576277,-0.1541722993732334,-0.008366367138201491,0.030682067224571563,-0.0702344286914246,0.05611828422569398,0.011244485309624075,-6.318999999999988,-0.06281532762378039,-147.971,-149.618,-375.37,-0.009109130774370144,-0.053221288515406195,-20.826000000000022,-0.1637408234918608,-18.774
NB_2247,2020-03-31,3513.905,2342.934,1766.635,6.832,1759.803,94.76,365.654,149.881,1170.971,150.517,116.026,215.773,963.01,291.155,324.623,142.281,96.566,4.233,217.124,-14.56,202.564,0.021176471272023933,-0.000968358842830308,-0.017771063906442675,,-0.021569578082484164,2.442063203777697,0.21504761778173576,0.18036053205648184,0.0685689672951395,0.011627359917196989,-0.03214881548214876,41.81399999999999,-0.01308393208694203,223.652,225.341,178.08100000000002,-0.08293526054378486,-0.10545224006762477,27.840000000000003,0.38931297709923673,23.75999999999999
NB_2247,2021-03-31,3429.273,2070.975,1514.621,8.446,1506.175,32.302,269.835,122.138,1358.298,114.671,114.959,147.697,943.365,297.402,334.132,164.682,82.328,6.223,235.607,-22.243,213.364,-0.024084885618706253,-0.11607625310828229,-0.14265199093191283,0.23624121779859486,-0.14412295012566756,-0.6591177712114817,-0.262048275145356,-0.18510017947571733,0.15997578078364016,-0.2381525010463934,-0.009196214641545852,-68.076,-0.020399580482030277,6.247000000000014,9.509000000000015,22.400999999999982,-0.14744319946979267,0.470115757146232,18.483000000000004,0.5276785714285712,10.800000000000011
NB_2367,2016-12-31,459.976,94.573,0.0,0.0,0.0,386.923,391.362,41.075,365.403,0.0,0.0,350.287,1.055,-159.535,-157.108,-160.108,,2.4,-117.269,-16.644,-133.913,,,,,,,,,,,,,,,,,,,,,
NB_2367,2017-12-31,496.329,89.14,0.0,0.0,0.0,417.62,426.327,37.371,407.189,0.0,0.0,388.956,27.519,-155.254,-152.187,-153.237,3.688,3.067,-131.183,-3.626,-134.809,0.07903238429831116,-0.05744768591458438,,,,0.0793361986751886,0.08934183696935305,-0.09017650639074859,0.11435593030161217,,,38.66900000000004,25.08436018957346,4.281000000000006,4.920999999999992,6.871000000000009,,0.2779166666666668,-13.913999999999987,-0.7821437154530161,-0.8959999999999866
NB_2367,2018-12-31,498.796,175.798,0.0,0.0,0.0,427.659,431.39,14.926,322.998,0.0,0.0,416.464,0.955,-158.855,-155.639,-155.645,3.697,3.2,-28.276,-1.768,-30.044,0.004970493362265627,0.9721561588512453,,,,0.02403859968392319,0.01187586054835843,-0.6005993952530038,-0.20676147931304634,,,27.50799999999998,-0.9652967040953523,-3.600999999999999,-3.451999999999998,-2.4080000000000155,0.0024403470715834708,0.04336485164656012,102.907,-0.5124103695532267,104.765
NB_2367,2019-12-31,419.268,146.347,22.939,5.101,17.838,375.723,378.375,17.714,272.921,0.0,0.0,360.661,0.814,-85.697,-77.733,-77.677,,1.564,-52.969,-0.555,-53.524,-0.15943993135470214,-0.16752750315703246,,,,-0.12144255119148661,-0.12289343749275594,0.18678815489749412,-0.15503811169109405,,,-55.803,-0.14764397905759163,73.15799999999999,77.906,77.968,,-0.51125,-24.693,-0.6860859728506787,-23.48
NB_2367,2020-12-31,332.975,148.969,17.838,5.512,12.326,295.38,299.284,25.848,184.006,0.015,0.0,273.436,0.853,-112.734,-104.92,-111.144,,1.514,-80.362,-0.196,-80.558,-0.20581823559155465,0.017916322165811405,-0.22237237891799988,0.08057243677710235,-0.3090032514855926,-0.2138357247227346,-0.2090280806078626,0.4591848255617026,-0.3257902469945515,,,-87.22500000000002,0.04791154791154795,-27.036999999999992,-27.186999999999998,-33.467,,-0.03196930946291565,-27.392999999999994,-0.6468468468468469,-27.034000000000006
NB_2382,2016-12-31,93.99,6.435,0.0,0.0,0.0,21.084,83.244,6.435,87.555,0.0,0.0,76.809,0.0,-32.666,-32.349,-37.177,,0.317,-29.972,-0.379,-30.351,,,,,,,,,,,,,,,,,,,,,
NB_2382,2017-12-31,163.734,43.102,0.0,0.0,0.0,106.029,150.947,42.555,120.632,0.0,0.0,108.392,20.063,-37.897,-37.491,-36.957,,0.406,3.872,-0.666,3.206,0.7420363868496651,5.698057498057498,,,,4.028884462151394,0.8133078660323867,5.613053613053613,0.3777853920392895,,,31.583,,-5.231000000000002,-5.142000000000003,0.21999999999999886,,0.28075709779179814,33.844,0.7572559366754619,33.557
NB_2382,2018-12-31,139.472,26.957,0.0,0.0,0.0,82.233,137.503,26.158,112.515,0.0,0.0,111.345,30.925,-42.269,-41.742,-38.924,,0.527,-49.947,-0.486,-50.433,-0.1481793640905371,-0.3745765857732819,,,,-0.22442916560563608,-0.08906437358808073,-0.38531312419222175,-0.06728728695536845,,,2.953000000000003,0.541394606987988,-4.372,-4.250999999999998,-1.9669999999999987,,0.2980295566502462,-53.819,-0.2702702702702703,-53.639
NB_2382,2019-12-31,154.917,74.953,17.011,1.256,15.755,33.006,145.311,35.406,79.964,0.0,0.0,109.905,0.231,-80.521,-78.026,-77.187,0.169,0.703,-41.527,-0.967,-42.494,0.11073907307559927,1.7804651852950997,,,,-0.5986282879136113,0.05678421561711389,0.35354384891811286,-0.2893036484024353,,,-1.4399999999999977,-0.9925303152789006,-38.252,-36.284,-38.263,,0.33396584440227683,8.420000000000002,0.9897119341563785,7.939
NB_2382,2020-12-31,324.468,44.862,5.959,1.459,4.5,117.358,315.606,40.241,279.606,0.0,0.0,275.365,28.628,-64.516,-61.952,-66.15,0.598,0.789,-72.484,-0.471,-72.955,1.0944634868994365,-0.4014649180152896,-0.6496972547175357,0.1616242038216562,-0.7143763884481118,2.5556565472944315,1.1719346780353859,0.1365587753488109,2.4966484918213196,,,165.46,122.93073593073592,16.004999999999995,16.073999999999998,11.036999999999992,2.538461538461538,0.12233285917496461,-30.956999999999994,-0.5129265770423992,-30.461
NB_2519,2016-12-31,22.021,4.082,0.0,0.0,0.0,20.715,21.073,4.071,-111.806,0.0,0.0,17.002,0.0,-18.169,-17.937,-18.123,,,-15.014,0.0,-15.014,,,,,,,,,,,,,,,,,,,,,
NB_2519,2017-12-31,52.688,4.891,0.0,0.0,0.0,11.863,51.84,4.891,47.797,0.0,0.0,46.949,0.0,-23.008,-22.879,-22.604,,,-20.531,-0.142,-20.673,1.3926252213795922,0.19818716315531604,,,,-0.4273231957518706,1.4600199307170314,0.20142471137312712,-1.4274994186358514,,,29.947,,-4.838999999999999,-4.942,-4.480999999999998,,,-5.5169999999999995,,-5.658999999999999
NB_2519,2018-12-31,30.312,10.712,0.0,0.0,0.0,10.635,21.775,5.37,19.6,0.0,0.0,16.405,0.0,-31.902,-31.684,-31.547,,,-27.926,-4.423,-32.349,-0.4246887336774977,1.1901451645880186,,,,-0.10351513107982802,-0.5799575617283952,0.09793498262114086,-0.5899324225369793,,,-30.543999999999997,,-8.894000000000002,-8.805,-8.943000000000001,,,-7.395,30.147887323943664,-11.675999999999998
NB_2519,2019-12-31,26.473,10.425,5.032,0.446,4.586,5.311,19.55,5.839,16.048,0.0,0.0,13.711,0.0,-29.956,-28.534,-29.369,0.0,,-26.474,-0.151,-26.625,-0.12664951174452366,-0.026792382374906554,,,,-0.5006111894687353,-0.10218140068886328,0.08733705772811917,-0.18122448979591854,,,-2.694000000000001,,1.9460000000000015,3.150000000000002,2.178000000000001,,,1.4519999999999982,-0.9658602758308841,5.723999999999997
NB_2519,2020-12-31,16.341,4.179,0.168,0.168,0.0,7.046,16.326,3.96,12.162,0.0,0.0,12.366,0.0,-20.496,-19.238,-21.157,0.661,,-20.476,-0.005,-20.481,-0.38272957352774517,-0.599136690647482,-0.9666136724960255,-0.6233183856502242,-1.0,0.32668047448691406,-0.16491048593350388,-0.32180167836958384,-0.2421485543369889,,,-1.3450000000000006,,9.46,9.296,8.212,,,5.998000000000001,-0.9668874172185431,6.143999999999998
NB_2608,2016-12-31,0.3371,1.4852,0.568,0.5574,0.0106,0.0147,0.3371,1.4746,-1.1481,0.2991,0.0,-1.1375,2.4819,-0.984,-0.984,-2.7601,0.1515,0.0,-0.5035,0.0,-0.5035,,,,,,,,,,,,,,,,,,,,,
NB_2608,2017-12-31,0.6175,0.9294,0.4146,0.0106,0.4041,0.1839,0.6075,0.5254,-0.3119,0.3195,0.0,0.0821,2.9313,0.3951,0.3951,0.289,0.1571,0.0,0.1717,0.0,0.1717,0.8318006526253339,-0.3742256935092917,-0.2700704225352112,-0.9809831359885182,37.12264150943396,11.510204081632654,0.8021358647285672,-0.6436999864369999,-0.7283337688354672,0.06820461384152465,,1.2196,0.18107095370482273,1.3791,1.3791,3.0491,0.03696369636963692,,0.6751999999999999,,0.6751999999999999
NB_2608,2018-12-31,2.2276,1.3829,0.5226,0.0,0.5226,0.8696,1.4661,0.8604,0.8447,0.4336,0.08,0.6057,3.8318,-0.0876,,0.009,0.0575,0.0,0.2734,-0.015,0.2584,2.60744939271255,0.48794921454701967,0.26049204052098385,-1.0,0.2932442464736449,3.7286568787384446,1.413333333333333,0.6376094404263419,-3.7082398204552742,0.3571205007824725,,0.5236000000000001,0.30720158291543,-0.4827,,-0.27999999999999997,-0.6339910884786759,,0.10169999999999998,,0.08670000000000003
NB_2608,2019-12-31,5.5715,1.4313,0.9978,0.0874,0.9105,2.8717,3.803,0.5208,4.1402,0.7921,0.0568,3.2821,7.4363,0.1252,0.22,-0.2844,0.0532,0.005,0.1418,-0.0823,0.0595,1.5011222840725447,0.03499891532287225,0.9092996555683126,,0.7422502870264065,2.302322907083717,1.593956756019371,-0.3947001394700139,3.901385107138629,0.8267988929889301,-0.2899999999999999,2.6763999999999997,0.9406806200741167,0.2128,,-0.2934,-0.07478260869565223,,-0.13159999999999997,4.486666666666666,-0.19890000000000002
NB_2608,2020-12-31,9.7927,1.1135,0.6275,0.3562,0.2713,5.9196,9.2213,0.8422,8.6792,0.805,1.2578,8.3791,17.1225,-2.5067,-2.4041,-2.5361,0.0294,0.0055,-2.2148,-0.0375,-2.2523,0.757641568697837,-0.22203591140920842,-0.3711164562036481,3.0755148741418763,-0.7020318506315211,1.0613573841278683,1.424743623455167,0.6171274961597539,1.096323849089416,0.016285822497159375,21.144366197183096,5.0969999999999995,1.3025563788443177,-2.6319,-2.6241000000000003,-2.2516999999999996,-0.4473684210526315,0.09999999999999987,-2.3566,-0.5443499392466586,-2.3118
NB_2813,2018-12-31,68.161,30.178,0.0,0.0,0.0,31.644,65.634,20.852,-11.081,0.0,0.0,44.782,22.442,-6.148,-5.893,-7.388,2.631,0.255,-6.903,-1.178,-8.081,,,,,,,,,,,,,,,,,,,,,
NB_2813,2019-12-31,44.969,30.453,0.0,0.0,0.0,7.013,42.442,19.984,-34.548,0.0,0.0,22.458,9.887,-25.067,-24.53,-23.982,0.0,0.537,-20.975,-0.47,-21.445,-0.34025322398438984,0.009112598581748177,,,,-0.7783782075590949,-0.35335344486089526,-0.041626702474582666,2.1177691544084474,,,-22.323999999999998,-0.559442117458337,-18.919,-18.637,-16.594,-1.0,1.1058823529411765,-14.072000000000003,-0.601018675721562,-13.364
NB_2813,2020-12-31,348.988,39.127,0.0,0.0,0.0,157.898,345.639,16.834,309.861,0.0,0.0,328.805,9.934,-36.931,-36.313,-36.603,0.0,0.6,-33.659,-0.727,-34.386,6.760635104182882,0.28483236462745887,,,,21.5150434906602,7.143796239574007,-0.1576261008807046,-9.968999652657171,,,306.347,0.004753717002123903,-11.863999999999997,-11.783000000000001,-12.621000000000002,,0.11731843575418988,-12.683999999999997,0.5468085106382978,-12.941000000000003
NB_2827,2016-12-31,28.934,20.948,4.469,0.442,4.027,13.373,14.613,3.455,-35.875,0.0,0.0,11.158,0.4,-10.948,-10.602,-10.923,0.452,,-8.37,-0.008,-8.378,,,,,,,,,,,,,,,,,,,,,
NB_2827,2017-12-31,159.628,40.319,15.337,0.265,15.072,22.121,97.864,6.015,119.309,0.0,0.0,91.849,0.0,-29.956,-29.593,-29.797,1.161,,-28.234,-0.495,-28.729,4.516969655077071,0.9247183502004965,2.4318639516670393,-0.4004524886877828,2.7427365284330762,0.6541538921707919,5.69705057140902,0.7409551374819101,-4.325686411149826,,,80.691,-1.0,-19.008,-18.991,-18.874000000000002,1.5685840707964602,,-19.864000000000004,60.875,-20.351
NB_2827,2018-12-31,152.287,44.068,24.571,0.041,24.53,24.301,113.344,7.254,108.219,0.107,0.0,106.09,0.0,-70.045,-69.519,-61.516,0.0,,-39.275,-0.141,-39.416,-0.045988172501064906,0.09298345693097532,0.6020734172263156,-0.8452830188679246,0.6275212314225054,0.09854889019483748,0.15817869696721965,0.20598503740648377,-0.09295191477591802,,,14.241,,-40.089,-39.926,-31.718999999999998,-1.0,,-11.040999999999997,-0.7151515151515151,-10.686999999999998
NB_2827,2019-12-31,136.203,34.505,25.799,2.44,23.359,49.804,124.067,10.88,101.698,0.251,0.0,113.187,0.0,-79.025,-78.015,-78.173,0.07,0.3,-45.123,-0.148,-45.271,-0.10561636909256866,-0.2170055368975219,0.04997761588864913,58.512195121951216,-0.04773746432939252,1.0494629850623434,0.09460580180688871,0.4998621450234355,-0.0602574409299661,1.3457943925233646,,7.096999999999994,,-8.980000000000004,-8.495999999999995,-16.657000000000004,,,-5.847999999999999,0.049645390070921946,-5.855000000000004
NB_2827,2020-12-31,97.745,33.362,25.357,0.179,25.178,22.88,85.121,8.174,64.383,0.194,0.0,76.947,0.257,-49.3,-47.708,-49.615,1.482,0.255,-39.836,-0.047,-39.883,-0.2823579509996108,-0.033125633966091916,-0.017132446994069572,-0.9266393442622951,0.07787148422449586,-0.540599148662758,-0.3139110319424182,-0.2487132352941177,-0.3669197034356625,-0.22709163346613548,,-36.239999999999995,,29.72500000000001,30.307000000000002,28.558,20.17142857142857,-0.1499999999999999,5.286999999999999,-0.6824324324324325,5.387999999999998
NB_483,2019-12-31,1.4663,14.2425,7.1459,7.1459,0.0,0.0017,0.0689,13.7206,-12.7761,0.032,0.0,-13.6517,0.13,-8.432,-8.2146,-14.6479,1.468,,-6.9187,-0.0356,-6.9544,,,,,,,,,,,,,,,,,,,,,
NB_483,2020-12-31,4.347,5.6785,4.2702,0.0,4.2702,3.0646,3.187,1.0448,-1.3315,0.017,0.0,2.1422,0.077,-2.7521,-2.6307,-11.2727,0.362,,-1.9643,0.0,-1.9643,1.964604787560527,-0.6012989292610146,-0.4024265662827635,-1.0,,1801.7058823529412,45.25544267053701,-0.9238517266008776,-0.8957819678931755,-0.46875,,15.7939,-0.4076923076923077,5.6799,5.583900000000001,3.3751999999999995,-0.7534059945504087,,4.954400000000001,-1.0,4.9901
NB_1222,2019-12-31,,,,,,,,,,,,,16633.0,2124.0,2783.0,1524.0,88.0,225.0,1838.0,-263.0,1575.0,,,,,,,,,,,,,,,,,,,,,
NB_1222,2020-12-31,24228.0,9254.0,446.0,132.0,314.0,1007.0,5896.0,6524.0,14751.0,2002.0,1594.0,-628.0,17164.0,2720.0,3485.0,13846.0,66.0,222.0,2618.0,-237.0,2381.0,,,,,,,,,,,,,0.031924487464678686,596.0,702.0,12322.0,-0.25,-0.013333333333333308,780.0,-0.09885931558935357,806.0
NB_1467,2017-01-01,4280.6,1966.425,1049.055,1.25,1047.805,734.516,2318.091,704.665,2314.175,381.316,300.17,1613.426,2398.373,587.032,728.032,462.649,33.181,89.955,779.0,-260.0,519.0,,,,,,,,,,,,,,,,,,,,,
NB_1467,2017-12-31,5257.0,2288.0,1192.0,10.0,1182.0,1225.0,2980.0,746.0,2749.0,411.0,333.0,2234.0,2752.0,606.0,762.0,726.0,37.0,110.0,875.0,-310.0,565.0,0.22809886464514317,0.16353280699746997,0.1362607298950007,7.0,0.12807249440497026,0.6677648955230384,0.28554055902033193,0.05865907913689483,0.18789633454686872,0.07784619580610319,0.10937135623146887,620.5740000000001,0.14744453844335292,18.96799999999996,33.96799999999996,263.351,0.11509598866821391,0.22283363904174314,96.0,0.1923076923076923,46.0
NB_1467,2018-12-30,6959.0,3053.0,1997.0,1107.0,890.0,1144.0,4490.0,1804.0,3845.0,514.0,386.0,2686.0,3333.0,883.0,1062.0,826.0,57.0,140.0,1142.0,-296.0,846.0,0.3237587977934182,0.3343531468531469,0.6753355704697988,109.7,-0.2470389170896785,-0.06612244897959185,0.5067114093959733,1.4182305630026808,0.3986904328846854,0.25060827250608275,0.15915915915915924,452.0,0.2111191860465116,277.0,300.0,100.0,0.5405405405405406,0.2727272727272727,267.0,-0.04516129032258065,281.0
NB_1467,2019-12-29,7316.0,2703.0,1881.0,45.0,1836.0,2042.0,4451.0,665.0,4613.0,573.0,359.0,3786.0,3543.0,985.0,1245.0,1002.0,52.0,151.0,1051.0,-209.0,842.0,0.051300474206064095,-0.11464133639043561,-0.0580871306960441,-0.959349593495935,1.0629213483146067,0.784965034965035,-0.008685968819599155,-0.6313747228381374,0.19973992197659296,0.11478599221789887,-0.06994818652849744,1100.0,0.06300630063006296,102.0,183.0,176.0,-0.08771929824561409,0.07857142857142851,-91.0,-0.29391891891891897,-4.0
NB_1467,2021-01-03,7585.0,2891.0,1906.0,562.0,1344.0,1810.0,4483.0,1244.0,4694.0,487.0,372.0,3239.0,3239.0,580.0,840.0,656.0,49.0,156.0,1080.0,-189.0,891.0,0.036768726079825065,0.06955234924158349,0.013290802764486909,11.488888888888889,-0.2679738562091504,-0.11361410381978454,0.007189395641428842,0.8706766917293234,0.017559072187296687,-0.15008726003490402,0.0362116991643453,-547.0,-0.08580299181484619,-405.0,-405.0,-346.0,-0.05769230769230771,0.0331125827814569,29.0,-0.09569377990430628,49.0
NB_205,2016-12-31,240.246,17.473,0.0,0.0,0.0,104.261,170.44,8.799,222.773,27.598,15.983,161.641,103.379,50.607,54.341,32.547,,2.7,24.448,-14.014,10.434,,,,,,,,,,,,,,,,,,,,,
NB_205,2017-12-31,282.617,19.126,0.0,0.0,0.0,133.256,206.327,13.073,263.491,23.825,22.035,193.254,113.42,45.729,50.019,31.816,,4.29,40.812,-8.98,31.832,0.17636505914770706,0.09460310192869015,,,,0.27810015250189424,0.21055503402957054,0.4857370155699512,0.1827779847647606,-0.1367128052757446,0.3786523180879684,31.613,0.09712804341307235,-4.878,-4.322000000000003,-0.7309999999999981,,0.5888888888888888,16.363999999999997,-0.3592122163550734,21.398000000000003
NB_205,2018-12-31,278.993,15.381,0.0,0.0,0.0,89.042,202.943,11.289,263.612,20.775,21.3,191.654,105.555,21.749,27.659,18.722,,5.91,34.918,-4.656,30.262,-0.012823007816231913,-0.19580675520234236,,,,-0.33179744251665966,-0.01640114963141026,-0.1364644687523905,0.000459218720943122,-0.12801678908709346,-0.03335602450646691,-1.5999999999999943,-0.06934403103509079,-23.98,-22.36,-13.093999999999998,,0.3776223776223777,-5.893999999999998,-0.48151447661469937,-1.5700000000000003
NB_205,2019-12-31,330.71,42.332,22.508,1.141,21.367,157.463,234.306,16.277,288.378,23.079,21.995,218.029,114.61,34.248,42.326,27.193,,4.991,37.005,-2.827,34.178,0.18537024226414278,1.7522267732917234,,,,0.7684126591945373,0.15454093021193138,0.44184604482239354,0.0939486821540747,0.11090252707581238,0.03262910798122065,26.375,0.08578466202453683,12.498999999999999,14.667000000000002,8.471,,-0.15549915397631142,2.0870000000000033,-0.3928264604810996,3.915999999999997
NB_205,2020-12-31,365.605,93.205,22.672,1.437,21.235,95.817,177.383,36.867,272.4,24.102,46.209,140.516,130.457,-28.322,-1.393,-23.982,0.302,6.1,13.065,-1.628,11.437,0.10551540624716527,1.2017622602286684,0.007286298205082753,0.2594215600350569,-0.006177750737118015,-0.39149514489118076,-0.24294298908265255,1.2649751182650362,-0.05540644570667663,0.04432601065904063,1.1008865651284383,-77.513,0.13826891196230684,-62.56999999999999,-43.719,-51.175,,0.22219995992787012,-23.940000000000005,-0.4241245136186771,-22.741
NB_359,2016-12-31,15546.0,7266.0,2782.0,3.0,2779.0,2801.0,6574.0,2744.0,16570.0,1691.0,1430.0,3830.0,10163.0,724.0,1524.0,4965.0,89.0,632.0,1654.0,-719.0,935.0,,,,,,,,,,,,,,,,,,,,,
NB_359,2017-12-31,17111.0,7995.0,3512.0,3.0,3509.0,3394.0,7263.0,2821.0,18240.0,1793.0,1475.0,4442.0,10584.0,1288.0,2038.0,602.0,85.0,596.0,1714.0,-616.0,1098.0,0.10066898237488742,0.10033030553261768,0.2624011502516175,0.0,0.2626844188557036,0.21171010353445197,0.10480681472467301,0.028061224489795977,0.1007845503922753,0.060319337670017736,0.03146853146853146,612.0,0.04142477614877493,564.0,514.0,-4363.0,-0.0449438202247191,-0.05696202531645567,60.0,-0.14325452016689844,163.0
NB_359,2018-12-31,15720.0,7854.0,3485.0,4.0,3481.0,1838.0,5959.0,2814.0,15710.0,1840.0,1667.0,3145.0,11099.0,1584.0,2508.0,1546.0,93.0,613.0,2017.0,-659.0,1358.0,-0.0812927356671147,-0.01763602251407126,-0.007687927107061454,0.33333333333333326,-0.00797948133371329,-0.45845609899823214,-0.1795401349304695,-0.002481389578163795,-0.13870614035087714,0.026213050752928124,0.13016949152542368,-1297.0,0.048658352229780766,296.0,470.0,944.0,0.09411764705882364,0.028523489932885893,303.0,0.06980519480519476,260.0
NB_359,2019-12-31,18193.0,10281.0,5961.0,642.0,5319.0,3335.0,7503.0,3230.0,7912.0,1896.0,1653.0,4273.0,11362.0,1772.0,2682.0,1001.0,111.0,606.0,2104.0,-696.0,1408.0,0.1573155216284987,0.30901451489686793,0.7104734576757532,159.5,0.5280091927607009,0.8144722524483134,0.25910387648934385,0.14783226723525233,-0.4963717377466582,0.0304347826086957,-0.008398320335932796,1128.0,0.023695828453013768,188.0,174.0,-545.0,0.19354838709677424,-0.011419249592169667,87.0,0.05614567526555381,50.0
NB_359,2020-12-31,20019.0,11293.0,6804.0,517.0,6287.0,3730.0,8411.0,3333.0,8726.0,2007.0,1916.0,5078.0,11673.0,1616.0,2554.0,1102.0,153.0,601.0,1868.0,-709.0,1159.0,0.10036827351179034,0.09843400447427286,0.14141922496225456,-0.19470404984423673,0.18198909569467947,0.11844077961019495,0.12101825936292143,0.031888544891640835,0.10288169868554098,0.058544303797468444,0.15910465819721709,805.0,0.027371941559584556,-156.0,-128.0,101.0,0.3783783783783783,-0.008250825082508295,-236.0,0.018678160919540332,-249.0
NB_1212,2016-12-31,2.4609,3.3689,0.162,0.0,0.162,0.1488,2.0175,2.3482,-0.908,0.0921,1.4196,-0.3307,0.6117,-5.6558,-5.5963,-5.4097,0.0162,0.0596,-5.3118,-0.0765,-5.3883,,,,,,,,,,,,,,,,,,,,,
NB_1212,2017-12-31,1.6689,4.8225,0.1828,0.0,0.1828,0.0538,1.2271,3.6859,-3.1536,0.1218,0.9573,-2.4589,0.5895,-10.5759,-10.508,-10.3288,0.0244,0.0679,-5.895,-0.0195,-5.9145,-0.3218334755577228,0.431476149484995,0.12839506172839488,,0.12839506172839488,-0.6384408602150538,-0.39177199504337046,0.5696703858274426,2.4731277533039644,0.32247557003257343,-0.3256551141166525,-2.1281999999999996,-0.03629230014713092,-4.920100000000001,-4.911699999999999,-4.919099999999999,0.5061728395061731,0.13926174496644306,-0.5831999999999997,-0.7450980392156863,-0.5262000000000002
NB_1212,2018-12-31,0.6882,3.5615,0.1682,0.0,0.1682,0.0971,0.3141,3.2216,-2.8733,0.0228,0.171,-2.9075,0.0435,-6.5386,-6.4798,-6.7154,0.0183,0.0588,-4.8923,-0.0054,-4.8976,-0.5876325723530469,-0.26148263348885425,-0.07986870897155363,,-0.07986870897155363,0.8048327137546469,-0.7440306413495232,-0.12596652106676798,-0.08888254693049213,-0.812807881773399,-0.8213726104669383,-0.44860000000000033,-0.9262086513994912,4.037300000000001,4.028199999999999,3.6133999999999995,-0.25,-0.1340206185567011,1.0027,-0.7230769230769231,1.0169000000000006
NB_1212,2019-12-31,1.2825,2.6941,0.3776,0.1421,0.2355,0.4186,0.718,2.2723,-1.4116,0.0702,0.1846,-1.5542,0.2088,-3.5056,-3.455,-3.5161,0.0,0.0506,-3.8991,-0.0234,-3.9225,0.8635571054925892,-0.24354906640460483,1.2449464922711058,,0.4001189060642092,3.3110195674562304,1.285896211397644,-0.29466724608889994,-0.5087181985869906,2.0789473684210527,0.07953216374268979,1.3533000000000002,3.8000000000000007,3.033,3.0248,3.1993,-1.0,-0.1394557823129251,0.9931999999999999,3.333333333333333,0.9750999999999999
NB_1212,2020-12-31,10.606,1.624,0.363,0.084,0.279,9.823,10.229,1.345,8.982,0.066,0.284,8.884,0.0,-3.132,-2.913,-2.696,0.0,0.047,-3.501,-0.053,-3.554,7.269785575048733,-0.39720129171151775,-0.03866525423728817,-0.40886699507389157,0.18471337579617852,22.46631629240325,13.246518105849582,-0.40808872067948776,-7.362992349107396,-0.05982905982905973,0.5384615384615385,10.4382,-1.0,0.3735999999999997,0.5420000000000003,0.8200999999999996,,-0.07114624505928857,0.3980999999999999,1.264957264957265,0.36850000000000005
NB_2016,2016-12-31,2.678,2.011,0.0,0.0,0.0,0.275,1.264,0.895,0.667,0.388,0.479,0.369,2.32,-2.869,-2.639,-3.032,0.172,0.23,-2.112,-0.045,-2.157,,,,,,,,,,,,,,,,,,,,,
NB_2016,2017-12-31,4.983,3.033,1.665,0.711,0.954,2.194,3.809,1.871,1.95,0.836,0.674,1.938,3.809,-2.226,-2.008,-0.809,0.302,0.218,-0.077,0.0,-0.077,0.8607169529499625,0.508204873197414,,,,6.978181818181818,2.0134493670886076,1.0905027932960891,1.9235382308845574,1.1546391752577319,0.40709812108559507,1.569,0.6418103448275865,0.6430000000000002,0.6309999999999998,2.223,0.7558139534883721,-0.05217391304347829,2.035,-1.0,2.08
NB_2016,2018-12-31,10.558,3.76,2.029,1.186,0.843,4.581,8.173,2.654,6.798,1.452,1.864,5.519,5.687,-3.016,-2.853,-3.402,0.172,0.163,-3.662,-0.991,-4.653,1.1188039333734698,0.23969666996373218,0.21861861861861853,0.6680731364275667,-0.11635220125786161,1.0879671832269828,1.145707534786033,0.418492784607162,2.4861538461538464,0.736842105263158,1.7655786350148368,3.5810000000000004,0.4930427933840904,-0.79,-0.8450000000000002,-2.593,-0.4304635761589404,-0.2522935779816513,-3.585,,-4.576
NB_2016,2019-12-31,11.629,3.94,2.535,1.033,1.502,4.166,8.299,2.428,7.689,1.045,2.562,5.871,10.334,-3.155,-2.654,-3.42,0.195,0.186,-2.276,-0.014,-2.29,0.10143966660352333,0.0478723404255319,0.24938393297190742,-0.1290050590219225,0.7817319098457889,-0.09059157389216332,0.015416615685794666,-0.08515448379804069,0.13106796116504849,-0.2803030303030303,0.37446351931330457,0.3520000000000003,0.8171267803762967,-0.1389999999999998,0.1990000000000003,-0.017999999999999794,0.13372093023255838,0.14110429447852746,1.3860000000000001,-0.9858728557013118,2.3629999999999995
NB_2016,2020-12-31,18.51,2.937,1.684,0.561,1.123,8.249,15.154,1.325,15.573,1.364,5.304,13.829,8.561,-4.275,-3.665,-4.766,0.11,0.192,-6.903,-0.239,-7.142,0.5917103792243532,-0.2545685279187817,-0.33570019723865885,-0.456921587608906,-0.2523302263648469,0.9800768122899663,0.8260031329075794,-0.45428336079077425,1.0253609051892316,0.3052631578947371,1.0702576112412179,7.958,-0.17156957615637702,-1.1200000000000006,-1.0110000000000001,-1.346,-0.4358974358974359,0.032258064516129004,-4.627,16.07142857142857,-4.852
NB_2123,2018-12-31,0.739,0.458,0.0,0.0,0.0,0.0,0.361,0.407,0.281,0.034,0.101,-0.046,2.213,-1.888,-1.566,-1.888,,,-1.544,0.0,-1.544,,,,,,,,,,,,,,,,,,,,,
NB_2123,2019-12-31,1.89,1.51,0.916,0.207,0.709,0.261,0.513,0.801,0.38,0.102,0.113,-0.288,0.717,-1.924,-1.857,-1.925,,,-1.814,0.0,-1.814,1.557510148849797,2.296943231441048,,,,,0.42105263157894735,0.9680589680589684,0.35231316725978634,1.9999999999999996,0.1188118811881187,-0.242,-0.6760054225033891,-0.03600000000000003,-0.2909999999999999,-0.037000000000000144,,,-0.27,,-0.27
NB_2123,2020-12-31,2.257,2.186,1.277,0.423,0.854,0.032,0.363,1.332,0.071,0.073,0.233,-0.969,0.674,-2.26,-2.21,-2.264,0.008,,-1.801,0.0,-1.801,0.19417989417989423,0.447682119205298,0.39410480349344956,1.0434782608695654,0.20451339915373778,-0.8773946360153256,-0.29239766081871343,0.6629213483146068,-0.8131578947368421,-0.28431372549019607,1.0619469026548671,-0.681,-0.05997210599721048,-0.33599999999999985,-0.353,-0.33899999999999975,,,0.013000000000000123,,0.013000000000000123
NB_2441,2016-06-30,6.4066,1.3035,0.0,0.0,0.0,3.1068,6.3362,1.3035,5.1031,0.491,1.0207,5.0327,0.73,-8.2721,-8.2111,-5.6667,0.0,0.061,-5.7836,-0.0352,-5.8188,,,,,,,,,,,,,,,,,,,,,
NB_2441,2017-06-30,5.8874,1.9549,0.0,0.0,0.0,2.9103,5.59,1.9549,3.9325,0.1306,0.7966,3.6351,0.8902,-9.5538,-9.4485,-8.6797,0.0096,0.1053,-6.4527,-0.3262,-6.7789,-0.08104142602940712,0.49973149213655543,,,,-0.0632483584395519,-0.11776774723020111,0.49973149213655543,-0.2293899786404343,-0.7340122199592668,-0.21955520721073774,-1.3976000000000002,0.21945205479452046,-1.2817000000000007,-1.2373999999999992,-3.013000000000001,,0.7262295081967214,-0.6691000000000003,8.267045454545453,-0.9600999999999997
NB_2441,2018-06-30,17.0188,2.9705,0.0993,0.0,0.0993,10.962,16.4697,2.8712,14.0483,0.1774,0.8546,13.5985,0.9294,-13.9132,-13.8019,-12.8063,0.0206,0.1113,-12.6922,-0.3866,-13.0788,1.8907157658728808,0.5195150647091922,,,,2.7666219977321926,1.9462790697674417,0.4687196276024348,2.5723585505403683,0.35834609494640124,0.07280944012051216,9.9634,0.044035048303751934,-4.359399999999999,-4.353400000000001,-4.1266,1.1458333333333335,0.056980056980056926,-6.2395,0.1851624770079705,-6.299899999999999
NB_2441,2019-06-30,25.784,4.952,0.0,0.0,0.0,20.174,24.125,4.481,20.832,1.403,0.742,19.644,5.474,-25.528,-25.259,-25.102,0.027,0.269,-19.25,-1.021,-20.271,0.5150304369285732,0.6670594176064637,-1.0,,-1.0,0.8403575989782885,0.46481113802922946,0.5606714962385064,0.48288405002740564,6.908680947012401,-0.1317575473905921,6.045499999999999,4.88982139014418,-11.614799999999999,-11.4571,-12.2957,0.3106796116504853,1.4168912848158133,-6.5578,1.640972581479565,-7.1922000000000015
NB_2441,2020-06-30,82.462,10.061,2.45,0.533,1.917,73.639,78.387,7.709,72.401,2.076,1.125,70.678,14.263,-42.679,-42.214,-42.03,0.033,0.346,-22.747,-0.59,-23.337,2.198184920881167,1.0317043618739903,,,,2.6501933181322492,2.24920207253886,0.7203749163133228,2.4754704301075265,0.4796863863150391,0.5161725067385445,51.034,1.6055900621118013,-17.151000000000003,-16.955,-16.928,0.22222222222222232,0.2862453531598512,-3.497,-0.4221351616062683,-3.065999999999999
NB_1361,2019-12-31,204.7652,8.1731,0.0548,0.0548,0.0,1.5103,1.6578,0.9794,5.0,0.0,0.0,0.6784,82.558,-74.414,-74.154,-72.064,0.369,,-74.867,-0.308,-75.175,,,,,,,,,,,,,,,,,,,,,
NB_1361,2020-12-31,118.697,15.609,0.0,0.0,0.0,27.344,113.084,15.228,-146.874,0.0,3.543,97.856,148.757,-15.144,-14.087,-18.114,0.01,,-2.479,-1.737,-4.216,-0.42032630544643323,0.9098016664423536,-1.0,-1.0,,17.10501224922201,67.21329472795271,14.548294874412905,-30.3748,,,97.1776,0.8018483974902493,59.27,60.06699999999999,53.94999999999999,-0.9728997289972899,,72.388,4.63961038961039,70.959
NB_3047,2016-12-31,470.642,145.355,0.0,0.0,0.0,175.774,277.861,138.491,325.287,0.0,64.81,139.37,1006.083,138.622,152.104,100.041,0.444,11.878,137.03,-32.698,104.332,,,,,,,,,,,,,,,,,,,,,
NB_3047,2017-12-30,519.269,156.059,0.0,0.0,0.0,247.131,340.159,141.183,363.21,0.0,62.918,198.976,1047.265,132.504,148.614,62.535,0.046,14.48,123.774,-13.22,110.554,0.10332057062480615,0.07364039764713981,,,,0.40595878798912244,0.22420562799385313,0.019438086229429885,0.11658320191092786,,-0.0291930257676285,59.605999999999995,0.0409330045334233,-6.118000000000023,-3.490000000000009,-37.506,-0.8963963963963963,0.21906044788684964,-13.256,-0.5956939262340204,6.222000000000008
NB_3047,2018-12-29,554.463,163.317,0.0,0.0,0.0,214.326,392.335,148.686,391.146,0.0,81.948,243.649,1189.248,188.353,205.196,126.224,0.036,15.222,152.119,-11.433,140.686,0.0677760467118198,0.04650805144208281,,,,-0.1327433628318584,0.15338709250673954,0.053143792099615395,0.07691418187825239,,0.30245716647064413,44.673,0.13557504547559596,55.84900000000002,56.581999999999994,63.68900000000001,-0.21739130434782616,0.051243093922651806,28.345,-0.13517397881996984,30.132000000000005
NB_3047,2019-12-28,516.934,165.222,25.597,8.323,17.274,234.83,329.279,136.098,351.712,0.0,68.905,193.181,1060.902,146.19,169.921,100.526,0.066,13.088,126.733,-16.569,110.164,-0.06768530993050936,0.011664431749297322,,,,0.09566734787193343,-0.1607197930340143,-0.08466163593075338,-0.10081657488508133,,-0.1591619075511299,-50.46799999999999,-0.10792198094930583,-42.16300000000001,-35.275000000000006,-25.698000000000008,0.8333333333333335,-0.14019182761792148,-25.385999999999996,0.4492259249540802,-30.522000000000006
NB_3047,2021-01-02,640.887,199.237,21.472,8.616,12.856,311.917,425.286,168.073,441.65,0.0,90.224,257.213,1134.644,176.491,199.649,124.664,0.507,12.242,160.401,-15.094,145.307,0.23978496287727258,0.20587452034232712,-0.1611516974645466,0.03520365252913593,-0.2557601018872294,0.32826725716475735,0.29156733347708186,0.23494099839821292,0.2557149031025383,,0.3093969958638705,64.03200000000001,0.06950877649396459,30.301000000000016,29.72800000000001,24.138000000000005,6.681818181818182,-0.0646393643031784,33.668000000000006,-0.08902166696843505,35.14299999999999
NB_564,2016-11-30,19.5385,34.9527,9.8197,2.0,7.8198,3.4999,9.0119,13.1117,-15.4143,4.0527,0.3611,-4.0998,23.128,0.4336,0.7202,-1.3208,0.9473,0.243,4.988,-0.343,4.645,,,,,,,,,,,,,,,,,,,,,
NB_564,2017-11-30,23.91,36.4129,7.2952,2.0,5.2952,6.2792,12.7369,13.9398,-12.5029,5.1256,0.3146,-1.2029,25.3843,5.0062,5.2362,2.3151,1.3027,0.23,5.7182,-0.0983,5.6198,0.2237377485477392,0.041776457898817565,-0.25708524700347246,0.0,-0.3228471316401953,0.7941084030972316,0.41334235843717737,0.06315733276386726,-0.18887656267232378,0.2647370888543441,-0.12877319302132373,2.8969,0.09755707367692845,4.5725999999999996,4.516,3.6359000000000004,0.37517154016678966,-0.053497942386831254,0.7302,-0.7134110787172012,0.9748000000000001
NB_564,2018-11-30,42.3901,51.2984,12.9435,3.1,9.8435,6.04,29.5352,15.4297,-8.9083,5.8673,16.0359,14.1055,29.2185,5.1893,5.5066,-0.8548,1.5469,0.241,5.3333,-0.4462,4.8872,0.7729025512337933,0.4087974316794323,0.774248821142669,0.55,0.8589477262426348,-0.038094024716524455,1.3188687985302545,0.10688101694428909,-0.28750129969846994,0.1447050101451537,49.9723458359822,15.308399999999999,0.1510461190578427,0.18310000000000048,0.27039999999999953,-3.1699,0.18745682044983503,0.047826086956521685,-0.3849,3.539165818921668,-0.7325999999999997
NB_564,2019-11-30,42.8862,49.839,8.9562,3.1,5.8562,6.541,15.3876,15.4294,-6.9529,6.0973,1.0845,-0.0418,31.8166,5.0627,5.464,2.2908,1.7034,0.309,6.3232,-0.6623,5.6609,0.011703204285906432,-0.028449230385353186,-0.30805423571676893,0.0,-0.4050693350942246,0.08294701986754971,-0.47900809881091033,-1.9443022223453177e-05,-0.21950315997440595,0.03920031360250875,-0.93237049370475,-14.1473,0.08891969129147648,-0.12659999999999982,-0.042599999999999305,3.1456,0.10117008209968326,0.2821576763485478,0.9898999999999996,0.48431196772747653,0.7736999999999998
NB_564,2020-11-30,46.2001,48.8652,6.2404,3.3756,2.8648,10.3611,18.5562,16.4146,-2.6651,6.323,0.9273,2.1416,31.1476,7.6616,8.3525,3.6246,1.544,0.305,8.4666,-0.1,8.3666,0.07727194295600914,-0.01953891530728946,-0.3032312811236909,0.08890322580645149,-0.5108090570677232,0.5840238495642869,0.2059190517039693,0.06385212645987526,-0.6166923154367243,0.037016384301248095,-0.14495159059474416,2.1834,-0.021026759616049495,2.5988999999999995,2.8884999999999987,1.3338,-0.09357755078079133,-0.012944983818770184,2.1433999999999997,-0.8490110221953797,2.7057
NB_710,2016-10-31,4475.918,1775.883,1333.773,226.325,1107.448,100.817,934.458,536.455,2700.035,291.37,417.696,398.003,1966.8,324.1,522.4,273.9,26.2,137.5,509.6,-152.6,357.0,,,,,,,,,,,,,,,,,,,,,
NB_710,2017-10-31,4858.7,1682.9,1172.7,23.4,1149.3,88.8,953.2,396.1,3175.8,316.6,454.1,557.1,2139.0,429.1,617.5,372.9,33.4,120.0,593.6,-127.2,466.4,0.08552033348242749,-0.05235874210181635,-0.12076492776506942,-0.8966088589417872,0.03779139065671688,-0.11919616731305238,0.020056546147606547,-0.2616342470477486,0.17620697509476746,0.0865909324913341,0.08715429403202335,159.09700000000004,0.08755338621110442,105.0,95.10000000000002,99.0,0.2748091603053435,-0.12727272727272732,84.0,-0.16644823066841408,109.39999999999998
NB_710,2018-10-31,6112.8,2805.0,2022.8,37.1,1985.7,77.7,1090.9,536.5,3307.8,374.7,468.8,554.4,2532.8,403.1,678.2,139.9,82.7,128.4,668.9,-193.6,475.3,0.2581143104122503,0.6667657020619169,0.7249083312015008,0.5854700854700856,0.7277473244583661,-0.12499999999999989,0.14446076374318095,0.35445594546831605,0.04156433024749662,0.18351231838281734,0.03237172428980406,-2.7000000000000455,0.18410472183263216,-26.0,60.700000000000045,-232.99999999999997,1.476047904191617,0.07000000000000006,75.29999999999995,0.5220125786163521,8.900000000000034
NB_710,2019-10-31,6274.5,2645.9,1826.3,563.7,1262.6,89.0,1163.4,1110.6,3628.6,435.3,506.9,52.8,2653.4,546.7,827.5,466.7,68.0,135.0,713.2,-292.1,421.1,0.026452689438555055,-0.05672014260249547,-0.09714257464900133,14.194070080862534,-0.3641536989474745,0.14543114543114544,0.06645888715739301,1.0700838769804286,0.09698288892919749,0.16172938350680544,0.08127133105802042,-501.59999999999997,0.047615287428932396,143.60000000000002,149.29999999999995,326.79999999999995,-0.17775090689238215,0.051401869158878455,44.30000000000007,0.5087809917355373,-54.19999999999999
NB_710,2020-10-31,6737.5,2912.7,2063.3,442.6,1620.7,115.9,1274.2,1004.4,3824.8,435.4,570.4,269.8,2430.9,311.8,640.1,238.4,36.8,,486.6,-310.4,176.2,0.07379074029803179,0.10083525454476727,0.12977057438536943,-0.21483058364378216,0.2836210993188659,0.3022471910112361,0.09523809523809512,-0.09562398703403563,0.05407044039023323,0.0002297266253157293,0.125271256658118,217.0,-0.0838546770181654,-234.90000000000003,-187.39999999999998,-228.29999999999998,-0.45882352941176474,,-226.60000000000002,0.06264977747346778,-244.90000000000003
NB_528,2016-06-30,34122.0,27434.0,5539.0,587.0,4952.0,2356.0,21956.0,19701.0,6571.0,7405.0,10615.0,2255.0,121546.0,2459.0,3100.0,1427.0,178.0,277.0,2971.0,-465.0,2506.0,,,,,,,,,,,,,,,,,,,,,
NB_528,2017-06-30,40112.0,33166.0,10395.0,1327.0,9068.0,6879.0,28345.0,21221.0,6828.0,8048.0,11301.0,7124.0,129976.0,2120.0,2837.0,1288.0,201.0,314.0,1184.0,-387.0,797.0,0.1755465681964714,0.20893781439090175,0.8766925437804658,1.2606473594548553,0.8311793214862682,1.9197792869269947,0.2909910730552012,0.07715344398761492,0.03911124638563379,0.08683322079675904,0.06462552991050408,4869.0,0.0693564576374377,-339.0,-263.0,-139.0,0.1292134831460674,0.1335740072202165,-1787.0,-0.16774193548387095,-1709.0
NB_528,2018-06-30,39951.0,33880.0,9013.0,1001.0,8012.0,1763.0,24553.0,22893.0,6059.0,7800.0,12308.0,1660.0,136809.0,126.0,1158.0,256.0,329.0,458.0,2768.0,-384.0,2384.0,-0.004013761467889898,0.0215280709159984,-0.13294853294853293,-0.2456669178598342,-0.11645346272606971,-0.7437127489460678,-0.13378020814958547,0.07878987795108627,-0.1126244874048038,-0.030815109343936387,0.0891071586585257,-5464.0,0.05257124392195478,-1994.0,-1679.0,-1032.0,0.6368159203980099,0.4585987261146496,1584.0,-0.007751937984496138,1587.0
NB_528,2019-06-30,40963.0,34633.0,8031.0,452.0,7579.0,2531.0,25747.0,24109.0,6330.0,8448.0,12822.0,1638.0,145534.0,2060.0,3060.0,1363.0,294.0,469.0,2722.0,-328.0,2394.0,0.025331030512377728,0.02222550177095628,-0.1089537334960613,-0.5484515484515484,-0.054043934098851776,0.4356211003970505,0.048629495377346954,0.05311667321888791,0.044726852615943224,0.08307692307692305,0.04176145596360081,-22.0,0.0637750440395004,1934.0,1902.0,1107.0,-0.1063829787234043,0.024017467248908186,-46.0,-0.14583333333333337,10.0
NB_528,2020-06-30,40766.0,38974.0,7220.0,114.0,7106.0,2771.0,25940.0,23615.0,1792.0,8264.0,13198.0,2325.0,152922.0,-4098.0,-3051.0,-3696.0,238.0,913.0,1960.0,-375.0,1585.0,-0.004809218074848021,0.12534288106719016,-0.10098368820819326,-0.747787610619469,-0.062409288824383125,0.0948241801659424,0.007496018953664585,-0.020490273341905563,-0.7169036334913113,-0.021780303030302983,0.029324598346591735,687.0,0.05076476974452704,-6158.0,-6111.0,-5059.0,-0.19047619047619047,0.9466950959488274,-762.0,0.14329268292682928,-809.0
NB_528,2021-06-30,44453.0,42659.0,6715.0,976.0,5739.0,3407.0,31048.0,27624.0,1794.0,9103.0,14594.0,3424.0,162467.0,472.0,1374.0,611.0,180.0,355.0,2429.0,-400.0,2029.0,0.09044301623902262,0.09455021296248778,-0.06994459833795019,7.56140350877193,-0.19237264283703914,0.22952002887044398,0.1969159599074788,0.16976497988566597,0.0011160714285713969,0.10152468538238146,0.10577360206091835,1099.0,0.06241744157152018,4570.0,4425.0,4307.0,-0.24369747899159666,-0.6111719605695509,469.0,0.06666666666666665,444.0
NB_30,2020-12-31,501.4885,496.4885,0.0,0.0,0.0,0.9259,1.3899,0.129,5.0,0.0,0.0,1.261,,,,,,,,,,,,,,,,,,,,,,,,,,,,,,
NB_317,2016-12-31,429.956,147.599,40.951,0.0,40.951,7.869,227.075,97.074,282.357,83.777,120.576,130.001,312.113,20.54,42.07,12.788,1.623,8.307,46.406,-10.63,35.776,,,,,,,,,,,,,,,,,,,,,
NB_317,2017-12-31,535.592,230.278,77.486,0.0,77.486,11.337,254.883,126.202,305.314,102.534,123.124,128.681,355.047,26.794,48.974,20.274,1.982,8.154,59.001,-6.666,52.335,0.24569025667742728,0.5601596216776537,0.8921638055236747,,0.8921638055236747,0.4407167365611895,0.12246174171529245,0.3000597482333065,0.08130487290911859,0.22389199899733825,0.02113190021231426,-1.3199999999999932,0.13755915325539148,6.254000000000001,6.903999999999996,7.486000000000001,0.22119531731361675,-0.018418201516793076,12.594999999999999,-0.3729068673565381,16.558999999999997
NB_317,2018-12-31,593.587,264.357,96.671,0.0,96.671,6.168,310.188,145.528,329.23,123.32,159.895,164.66,454.272,39.021,62.796,24.195,4.198,8.142,11.346,-8.05,3.296,0.10828205051606443,0.1479906895144132,0.2475931135947138,,0.2475931135947138,-0.45594072505953953,0.2169819093466414,0.15313544951744018,0.07833247083330597,0.20272299920026504,0.2986501413209448,35.978999999999985,0.27947004199444003,12.227,13.822000000000003,3.9209999999999994,1.1180625630676087,-0.0014716703458426128,-47.655,0.2076207620762076,-49.039
NB_317,2019-12-31,670.098,325.942,160.173,4.904,155.269,6.581,336.199,138.638,344.156,136.075,163.313,197.561,468.186,26.221,54.618,13.601,7.391,6.504,9.403,-12.985,-3.582,0.12889601692759434,0.23296148768521352,0.6568877946850658,,0.6061590342501888,0.06695849546044097,0.08385559725069958,-0.04734484085536794,0.04533608723384863,0.10343010055141089,0.02137652834672732,32.90100000000001,0.03062922654268796,-12.8,-8.177999999999997,-10.594,0.7606002858504048,-0.2011790714812085,-1.9429999999999996,0.6130434782608694,-6.878
NB_317,2020-12-31,680.293,319.557,119.807,4.188,115.619,15.923,330.25,171.324,360.736,130.029,163.784,158.926,458.704,22.908,52.419,15.242,5.267,7.466,90.324,-11.249,79.075,0.015214192550940364,-0.019589374796742942,-0.2520150087717655,-0.14600326264274066,-0.2553632727717703,1.419541103175809,-0.01769487714121698,0.2357650860514433,0.04817582724113478,-0.04443137975381217,0.002884032502005418,-38.63500000000002,-0.020252634636661382,-3.312999999999999,-2.199000000000005,1.641,-0.2873765390339602,0.14790897908979095,80.92099999999999,-0.1336927223719676,82.657
NB_597,2016-12-31,1540.327,783.672,255.514,7.815,247.699,132.403,440.622,179.16,756.655,12.432,233.563,261.462,1319.094,-234.213,-149.433,-252.415,22.216,84.78,38.173,-21.944,16.229,,,,,,,,,,,,,,,,,,,,,
NB_597,2017-12-31,1581.6,752.0,256.0,7.8,248.2,167.2,553.7,190.5,829.6,43.1,317.5,363.2,1589.1,97.2,181.4,48.6,22.2,84.2,51.5,-31.8,19.7,0.026794959771528903,-0.040414867444543146,0.0019020484200473753,-0.0019193857965451588,0.0020226161591285763,0.2628112656057642,0.2566326692720746,0.06329537843268596,0.09640457011451731,2.466859716859717,0.3593762710703323,101.738,0.20469049211049395,331.413,330.83299999999997,301.015,-0.0007202016564639147,-0.006841236140599172,13.326999999999998,0.4491432737878236,3.471
NB_597,2018-12-31,1537.5,775.3,279.7,31.1,248.6,38.9,506.7,224.3,762.2,82.5,343.8,282.4,1893.2,-59.0,31.1,-66.2,22.4,90.1,-69.1,-83.0,-152.1,-0.02788315629742033,0.030984042553191538,0.09257812499999996,2.9871794871794877,0.0016116035455278066,-0.7673444976076556,-0.0848835109264946,0.17742782152230974,-0.08124397299903563,0.91415313225058,0.08283464566929144,-80.80000000000001,0.19136618211566314,-156.2,-150.3,-114.80000000000001,0.009009009009008917,0.07007125890736332,-120.6,1.610062893081761,-171.79999999999998
NB_597,2019-12-31,1499.7,824.7,302.6,30.6,272.0,38.9,487.3,233.7,675.0,70.1,320.6,253.6,1836.6,-72.1,19.2,-80.8,25.1,83.2,17.7,-59.6,-41.9,-0.02458536585365856,0.06371727073390954,0.08187343582409734,-0.01607717041800638,0.0941271118262268,0.0,-0.038286954805604845,0.041908158716005284,-0.11440566780372607,-0.15030303030303038,-0.06748109365910404,-28.799999999999983,-0.029896471582505857,-13.099999999999994,-11.900000000000002,-14.599999999999994,0.12053571428571441,-0.07658157602663695,86.8,-0.2819277108433734,110.19999999999999
NB_597,2020-12-31,1399.6,853.5,341.8,29.4,312.4,81.6,456.0,240.3,546.1,51.0,291.1,215.7,1605.1,-80.5,7.7,-123.3,31.6,83.0,42.9,-13.4,29.5,-0.06674668266986739,0.03492178974172422,0.12954395241242556,-0.03921568627450989,0.1485294117647058,1.0976863753213366,-0.06423147958136677,0.02824133504492954,-0.1909629629629629,-0.2724679029957203,-0.09201497192763564,-37.900000000000006,-0.12604813241859958,-8.400000000000006,-11.5,-42.5,0.2589641434262948,-0.0024038461538461453,25.2,-0.7751677852348993,71.4
NB_2958,2016-12-31,22664.076,16750.167,7119.647,1150.147,5969.5,3393.216,6259.796,5827.005,4752.911,499.142,2067.454,432.791,7000.132,-667.34,279.759,-674.914,198.81,477.3,-123.829,-1280.802,-1404.631,,,,,,,,,,,,,,,,,,,,,
NB_2958,2017-12-31,28655.372,23022.98,10314.868,896.549,9418.319,3367.914,6570.52,7674.67,5632.392,515.381,2263.537,-1104.15,11758.751,-1632.086,3.917,-1961.4,471.259,769.3,-60.654,-3414.814,-3475.468,0.2643520962425292,0.3744925647606976,0.448789244747668,-0.22049181539403218,0.5777400117262752,-0.007456642901601196,0.04963803932268718,0.3170865650535739,0.18504049413085988,0.03253382804893201,0.09484273894364748,-1536.941,0.6797898953905441,-964.746,-275.84200000000004,-1286.486,1.370398873296112,0.6117745652629372,63.17499999999999,1.6661529260572672,-2070.8369999999995
NB_2958,2018-12-31,29739.614,23426.01,11971.371,2567.699,9403.672,3685.618,8306.308,9992.136,6313.604,949.022,3113.446,-1685.828,21461.268,-388.073,1512.977,-976.091,663.071,1110.0,2097.802,-2100.724,-2.922,0.0378373032463164,0.017505553147333597,0.1605937177286223,1.863980663633555,-0.0015551607457763295,0.09433257500043046,0.26417817767847906,0.3019629508500039,0.12094541715136309,0.8413988874250313,0.37547828906706626,-581.6779999999999,0.8251315977351676,1244.013,1509.0600000000002,985.3090000000001,0.4070203433780575,0.44287014168724825,2158.456,-0.38482037381831036,3472.546
NB_2958,2019-12-31,34309.0,26199.0,14603.0,2013.0,12590.0,6268.0,12103.0,10667.0,8110.0,1324.0,3552.0,1436.0,24578.0,-69.0,2511.0,-862.0,685.0,1370.0,2405.0,-1327.0,1078.0,0.15364644611728973,0.11837227082204782,0.21982686861847323,-0.2160296047161291,0.3388387004565876,0.7006645832530665,0.45708538619083217,0.0675395130730807,0.28452782277760846,0.39512045031622023,0.14085807173145137,3121.828,0.1452259018432649,319.073,998.0229999999999,114.09100000000001,0.03307187314782278,0.23423423423423428,307.19799999999987,-0.3683130197017791,1080.922
NB_2958,2020-12-31,52148.0,28418.0,13228.0,2418.0,10810.0,19384.0,26717.0,14248.0,23679.0,1886.0,4101.0,12469.0,31536.0,1994.0,4767.0,721.0,748.0,1570.0,5943.0,-3157.0,2786.0,0.51995103325658,0.0846978892324135,-0.09415873450660828,0.20119225037257826,-0.14138204924543285,2.0925335035098915,1.2074692225068167,0.3357082591169025,1.9197287299630088,0.42447129909365566,0.15456081081081074,11033.0,0.28309870615998056,2063.0,2256.0,1583.0,0.09197080291970794,0.14598540145985406,3538.0,1.3790504898266769,1708.0
NB_0,2016-10-31,7794.0,3548.0,1904.0,0.0,1904.0,2289.0,3635.0,945.0,4246.0,631.0,533.0,2690.0,4202.0,615.0,861.0,462.0,72.0,95.0,793.0,-139.0,654.0,,,,,,,,,,,,,,,,,,,,,
NB_0,2017-10-31,8426.0,3591.0,2011.0,210.0,1801.0,2678.0,4169.0,1263.0,4835.0,724.0,575.0,2906.0,4472.0,841.0,1053.0,684.0,79.0,94.0,889.0,-176.0,713.0,0.08108801642288932,0.012119503945885013,0.05619747899159666,,-0.054096638655462215,0.16994320664045426,0.1469050894085282,0.3365079365079364,0.13871879415920874,0.14738510301109353,0.07879924953095685,216.0,0.06425511661113759,226.0,192.0,222.0,0.09722222222222232,-0.010526315789473717,96.0,0.26618705035971213,59.0
NB_0,2018-10-31,8541.0,3970.0,1799.0,0.0,1799.0,2247.0,3848.0,1171.0,4571.0,776.0,638.0,2677.0,4914.0,904.0,1114.0,316.0,75.0,102.0,1087.0,-177.0,910.0,0.013648231663897503,0.10554163185742138,-0.10542018896071603,-1.0,-0.001110494169905607,-0.16094100074682594,-0.0769968817462221,-0.07284243863816309,-0.05460186142709411,0.07182320441988943,0.10956521739130443,-229.0,0.09883720930232553,63.0,61.0,-368.0,-0.05063291139240511,0.0851063829787233,198.0,0.005681818181818121,197.0
NB_0,2019-10-31,9452.0,4704.0,2407.0,616.0,1791.0,1382.0,3189.0,2080.0,4748.0,930.0,679.0,1109.0,5163.0,941.0,1179.0,1071.0,74.0,111.0,1021.0,-155.0,866.0,0.1066619833743121,0.18488664987405534,0.3379655364091161,,-0.004446914952751513,-0.38495772140631956,-0.17125779625779625,0.7762596071733561,0.038722380223146,0.19845360824742264,0.0642633228840126,-1568.0,0.050671550671550714,37.0,65.0,755.0,-0.013333333333333308,0.08823529411764697,-66.0,-0.12429378531073443,-44.0
NB_0,2020-10-31,9627.0,4754.0,2537.0,126.0,2411.0,1441.0,3415.0,1467.0,4873.0,1038.0,720.0,1948.0,5339.0,846.0,1200.0,719.0,78.0,119.0,921.0,-119.0,802.0,0.018514600084638122,0.010629251700680298,0.05400914000830914,-0.7954545454545454,0.34617532104969295,0.04269175108538348,0.07086861084979623,-0.2947115384615384,0.026326874473462603,0.11612903225806459,0.06038291605301915,839.0,0.03408870811543685,-95.0,21.0,-352.0,0.054054054054053946,0.072072072072072,-100.0,-0.23225806451612907,-64.0
NB_2785,2016-12-31,1735.906,789.971,393.185,6.571,386.614,134.352,345.895,104.131,945.935,178.537,0.0,241.764,868.82,128.205,183.409,67.235,18.039,32.474,146.493,-25.911,120.582,,,,,,,,,,,,,,,,,,,,,
NB_2785,2017-12-31,2129.548,1192.063,693.275,5.656,687.619,148.699,605.534,210.788,937.485,245.365,0.0,394.746,864.834,-1.903,54.44,-13.106,26.697,34.049,40.852,-17.932,22.92,0.226764582874879,0.5089958998494883,0.7632285056652719,-0.13924821183990266,0.778567253125857,0.10678664999404552,0.7506295263013343,1.0242579059069827,-0.0089329605099715,0.3743089667687931,,152.98199999999997,-0.004587831771828532,-130.108,-128.969,-80.341,0.4799600864792948,0.048500338732524684,-105.64099999999999,-0.3079387132877929,-97.66199999999999
NB_2785,2018-12-31,2130.061,1203.896,688.764,3.0,685.764,107.114,471.017,198.059,926.165,281.33,0.0,272.958,1208.425,129.959,193.946,20.381,36.184,34.641,140.911,-53.253,87.658,0.00024089619017764186,0.009926488784569143,-0.006506797446900525,-0.4695898161244696,-0.002697714868262868,-0.27965890826434614,-0.22214607272258868,-0.06038768810368722,-0.01207485986442458,0.14657754773500686,,-121.78799999999995,0.39729127208227255,131.862,139.506,33.487,0.35535827995654934,0.017386707392287537,100.059,1.9697189382110198,64.738
NB_2785,2019-12-31,3561.857,2663.922,2043.729,25.663,2018.066,32.968,643.917,312.032,897.935,387.847,0.0,331.885,1351.399,87.359,186.103,-18.378,80.596,39.998,-27.452,-60.935,-88.387,0.6721854444544075,1.2127509352967367,1.9672413192327127,7.554333333333334,1.9427995636982986,-0.6922157701140841,0.36707804601532446,0.5754497397240215,-0.030480529927172872,0.3786194149219777,,58.926999999999964,0.11831433477460318,-42.60000000000001,-7.842999999999989,-38.759,1.227393323015698,0.15464334170491623,-168.363,0.14425478376805057,-176.04500000000002
NB_2785,2020-12-31,4859.386,3696.121,2985.691,20.235,2965.456,576.021,2094.185,358.456,1163.265,429.017,0.0,1735.729,1857.478,303.488,431.143,269.333,92.994,50.416,277.394,-44.949,232.445,0.3642844168084234,0.3874734320299169,0.4609035738104219,-0.2115107352998481,0.46945441824003775,16.472124484348456,2.2522592197441593,0.14877961234745163,0.29548909442220217,0.10615010558287175,,1403.844,0.3744852556498859,216.12900000000002,245.03999999999996,287.711,0.1538289741426373,0.26046302315115755,304.846,-0.2623451218511529,320.832
NB_1073,2017-03-31,2247.124,1043.674,686.467,81.214,605.253,6.561,400.624,229.519,1203.45,136.313,252.846,171.105,1211.22,274.764,366.555,198.219,22.671,86.0,331.598,-56.938,274.66,,,,,,,,,,,,,,,,,,,,,
NB_1073,2018-03-31,2368.003,950.313,620.922,0.0,620.922,9.315,458.735,179.329,1417.69,141.685,258.159,279.406,1386.52,256.181,370.196,256.632,27.652,109.6,337.665,-131.957,205.708,0.05379275910007664,-0.08945417822040214,-0.09548164733337505,-1.0,0.025888347517484478,0.41975308641975295,0.14505122009664917,-0.21867470666916466,0.1780215214591383,0.0394093006536429,0.021012790394152825,108.30100000000002,0.14473010683443133,-18.583000000000027,3.6410000000000196,58.41300000000001,0.21970799700057353,0.27441860465116275,6.067000000000007,1.3175559380378656,-68.95200000000003
NB_1073,2019-03-31,2169.163,959.676,691.592,36.5,655.092,8.601,427.621,179.333,1209.487,128.722,275.194,248.288,1393.241,69.544,192.079,68.86,28.497,118.2,350.284,-168.873,181.411,-0.08396948821433081,0.009852543319937901,0.1138146176170276,,0.05503106670403035,-0.07665056360708522,-0.06782565097496385,2.2305371691011544e-05,-0.14686073824319845,-0.09149168931079499,0.0659864657052438,-31.117999999999995,0.004847387704468797,-186.637,-178.11700000000002,-187.772,0.030558368291624394,0.07846715328467169,12.618999999999971,0.2797577998893579,-24.296999999999997
NB_1073,2020-03-31,2961.02,1993.177,1614.139,6.585,1607.554,118.648,678.217,169.697,967.843,145.808,272.121,508.52,1404.033,252.125,373.609,70.894,38.455,99.708,399.301,-132.119,267.182,0.3650518656274333,1.0769270045306958,1.3339468935441703,-0.8195890410958904,1.453936241016529,12.794675037786302,0.586023605014721,-0.053732441881862214,-0.19979048968695,0.13273566290144645,-0.011166667877933523,260.23199999999997,0.007745967854807523,182.58100000000002,181.52999999999997,2.034000000000006,0.34944029196055726,-0.15644670050761422,49.016999999999996,-0.21764284403072132,85.77100000000002
NB_1073,2021-03-31,2838.681,1479.691,1049.403,6.343,1043.06,263.52,661.689,169.354,1358.99,147.133,235.749,492.335,1622.642,410.817,546.661,339.444,44.486,124.366,643.073,-53.933,589.14,-0.041316505798677516,-0.2576218770334997,-0.3498682579381329,-0.03675018982536071,-0.3511508789129324,1.2210235317915177,-0.02436978135316581,-0.0020212496390624723,0.40414302732984586,0.009087292878305897,-0.13366112868907576,-16.185000000000002,0.15570075632125469,158.692,173.05199999999996,268.55,0.156832661552464,0.2473021221968148,243.772,-0.5917846789636616,321.95799999999997
NB_505,2016-12-31,1529.143,968.192,14.241,14.241,0.0,95.887,777.534,617.538,560.951,278.437,85.807,159.996,1578.263,-102.773,-63.19,-115.649,3.796,19.7,2.273,-22.45,-20.177,,,,,,,,,,,,,,,,,,,,,
NB_505,2017-12-31,1322.229,1131.526,263.614,169.314,94.3,43.717,732.257,744.327,190.703,251.413,72.917,-12.07,1341.429,-316.363,-269.818,-379.824,25.933,19.4,-189.833,-14.278,-204.111,-0.13531370185783798,0.1687000099153888,17.510919177024086,10.889193174636612,,-0.54407792505762,-0.058231537141784195,0.2053136811014058,-0.6600362598515734,-0.09705606654288046,-0.1502208444532498,-172.066,-0.15005990763263144,-213.59,-206.628,-264.175,5.831664910432034,-0.015228426395939132,-192.106,-0.3640089086859688,-183.934
NB_505,2018-12-31,745.497,1022.794,176.155,176.155,0.0,43.214,549.619,711.989,-277.297,196.657,61.323,-162.37,1062.388,-426.6,-368.87,-725.292,49.613,21.8,-281.885,-5.473,-287.358,-0.43618162965719254,-0.09609324045580936,-0.33176917766127745,0.040404219379378103,-1.0,-0.011505821533957072,-0.24941789562953987,-0.04344595856391076,-2.4540778068514917,-0.21779303377311432,-0.1590027017019351,-150.3,-0.2080177184181944,-110.23700000000002,-99.05200000000002,-345.468,0.9131222766359464,0.1237113402061858,-92.05199999999999,-0.6166830088247655,-83.24700000000001
NB_505,2019-12-31,626.519,921.458,326.118,287.276,38.842,43.772,412.22,602.494,-294.939,142.201,63.103,-190.274,859.111,-29.382,61.961,-121.974,94.901,19.3,-176.317,-3.804,-180.121,-0.15959554498542572,-0.09907762462431347,0.8513127643268712,0.6308137719621925,,0.012912482065997155,-0.24998953820737635,-0.15378748828984712,0.06362131577334051,-0.27690852601229554,0.029026629486489597,-27.903999999999996,-0.19133969886708058,397.218,430.831,603.318,0.9128252675709996,-0.11467889908256879,105.56799999999998,-0.30495158048602233,107.237
NB_505,2020-12-31,591.792,930.054,389.232,4.881,384.351,57.338,388.8,270.832,-338.262,128.317,67.161,117.968,566.317,-1.737,37.461,-10.318,59.796,11.3,-40.806,-8.23,-49.036,-0.055428486606152405,0.009328694308367913,0.1935311758320608,-0.9830093707793203,8.89524226352917,0.30992415242620863,-0.05681432244917761,-0.5504818305244534,0.14688800056960916,-0.09763644418815609,0.06430756065480248,308.242,-0.3408104424224576,27.645000000000003,-24.5,111.656,-0.3699118028261029,-0.4145077720207254,135.51100000000002,1.1635120925341749,131.085
NB_2879,2016-12-31,5006.8,3485.6,1575.8,13.8,1562.0,428.5,2700.5,1407.0,1521.2,512.5,853.8,1293.5,4443.1,-147.8,-51.1,-176.1,102.0,65.5,377.1,-73.0,304.1,,,,,,,,,,,,,,,,,,,,,
NB_2879,2017-12-31,3462.5,2240.0,984.8,5.2,979.6,626.5,2383.0,1035.5,1222.5,579.9,969.6,1347.5,4363.4,127.3,193.8,128.7,67.5,59.9,153.0,-43.5,109.5,-0.30844052089158747,-0.3573559788845536,-0.37504759487244577,-0.6231884057971014,-0.37285531370038416,0.46207701283547253,-0.11757082021847809,-0.2640369580668088,-0.1963581383118591,0.13151219512195111,0.1356289529163739,54.0,-0.017937926222682532,275.1,244.9,304.79999999999995,-0.3382352941176471,-0.08549618320610686,-224.10000000000002,-0.40410958904109584,-194.60000000000002
NB_2879,2018-12-31,3485.9,2624.9,1214.7,4.1,1210.6,339.5,2423.0,1214.7,861.0,535.0,918.9,1208.3,4517.2,411.8,471.5,113.7,72.8,39.0,94.2,-103.8,-9.6,0.006758122743682371,0.17183035714285722,0.2334484159220147,-0.21153846153846168,0.23581053491220905,-0.45810055865921784,0.01678556441460355,0.17305649444712712,-0.2957055214723926,-0.07742714261079497,-0.05228960396039606,-139.20000000000005,0.035247742586056896,284.5,277.7,-14.999999999999986,0.07851851851851843,-0.348914858096828,-58.8,1.386206896551724,-119.1
NB_2879,2019-12-31,3195.6,2263.3,1306.3,32.8,1273.5,535.1,2019.7,872.4,932.3,401.9,847.7,1147.3,4353.1,335.0,418.4,54.4,87.9,39.6,173.4,-108.9,64.5,-0.08327834992397953,-0.1377576288620519,0.07540956614802008,7.0,0.051957706922187485,0.5761413843888072,-0.16644655385885265,-0.2817979748085948,0.08281068524970969,-0.24878504672897206,-0.07748394819893345,-61.0,-0.03632781368989624,-76.80000000000001,-53.10000000000002,-59.300000000000004,0.20741758241758257,0.01538461538461533,79.2,0.04913294797687873,74.1
NB_2879,2020-12-31,3031.8,2110.3,1281.5,32.4,1249.1,665.0,1878.6,723.3,921.5,381.2,610.4,1155.3,3076.4,68.4,150.1,-10.6,65.9,42.3,225.4,-64.5,160.9,-0.051257979722117875,-0.06760040648610433,-0.018984919237541087,-0.012195121951219523,-0.019159795838241123,0.24275836292281805,-0.0698618606723771,-0.17090784044016505,-0.011584253995495009,-0.05150534958945008,-0.2799339388934765,8.0,-0.2932852449978177,-266.6,-268.29999999999995,-65.0,-0.2502844141069397,0.06818181818181812,52.0,-0.40771349862258954,96.4
NB_566,2016-12-31,9599.0,8931.0,4911.0,194.0,4717.0,559.0,2841.0,2896.0,668.0,693.0,1245.0,-55.0,8284.0,1021.0,1268.0,496.0,243.0,,930.0,-473.0,457.0,,,,,,,,,,,,,,,,,,,,,
NB_566,2017-12-31,10663.0,9740.0,5343.0,126.0,5217.0,424.0,3074.0,3250.0,923.0,823.0,1385.0,-176.0,8698.0,1024.0,1271.0,323.0,252.0,208.0,-251.0,-498.0,-749.0,0.11084487967496615,0.09058336132571942,0.08796579108124614,-0.35051546391752575,0.10599957600169607,-0.2415026833631485,0.08201337557198163,0.12223756906077354,0.3817365269461077,0.18759018759018753,0.11244979919678721,-121.0,0.049975857073877306,3.0,3.0,-173.0,0.03703703703703698,,-1181.0,0.052854122621564414,-1206.0
NB_566,2018-12-31,15262.0,13976.0,8692.0,175.0,8517.0,607.0,4079.0,3913.0,1286.0,1238.0,1690.0,166.0,11151.0,1096.0,1521.0,439.0,384.0,277.0,571.0,-462.0,109.0,0.4313045109256306,0.4349075975359342,0.6268014224218603,0.38888888888888884,0.6325474410580794,0.43160377358490565,0.3269355888093688,0.20399999999999996,0.39328277356446373,0.5042527339003646,0.22021660649819497,342.0,0.28201885490917444,72.0,250.0,116.0,0.5238095238095237,0.33173076923076916,822.0,-0.07228915662650603,858.0
NB_566,2019-12-31,15505.0,13413.0,8175.0,190.0,7985.0,607.0,4002.0,3899.0,2092.0,1100.0,1626.0,103.0,11665.0,1196.0,1735.0,510.0,378.0,304.0,1163.0,-432.0,731.0,0.015921897523260453,-0.04028334287349744,-0.05947998159226875,0.08571428571428563,-0.062463308676764084,0.0,-0.018877175778376998,-0.003577817531305927,0.6267496111975117,-0.11147011308562194,-0.037869822485207094,-63.0,0.046094520670791894,100.0,214.0,71.0,-0.015625,0.09747292418772568,592.0,-0.06493506493506496,622.0
NB_566,2020-12-31,16691.0,14087.0,8381.0,216.0,8165.0,1173.0,4903.0,4282.0,2604.0,1064.0,1263.0,621.0,9392.0,1048.0,1560.0,579.0,290.0,319.0,1315.0,-587.0,728.0,0.07649145436955829,0.05024975769775586,0.02519877675840987,0.13684210526315788,0.02254226675015647,0.9324546952224053,0.22513743128435793,0.09823031546550398,0.24474187380497137,-0.032727272727272716,-0.2232472324723247,518.0,-0.19485640805829407,-148.0,-175.0,69.0,-0.2328042328042328,0.049342105263157965,152.0,0.3587962962962963,-3.0
NB_1154,2016-12-31,335.785,185.749,0.0,0.0,0.0,76.958,223.436,177.474,150.036,58.812,0.0,45.962,326.095,30.774,39.417,17.651,0.0,7.812,44.477,-4.14,40.337,,,,,,,,,,,,,,,,,,,,,
NB_1154,2017-12-31,345.2,204.011,0.0,0.0,0.0,79.79,236.819,195.053,141.189,70.023,0.0,41.766,337.673,27.549,34.978,15.14,0.0,6.648,37.493,-7.861,29.632,0.028038774811263156,0.09831546872392316,,,,0.036799293120923116,0.05989634615728878,0.09905112861602272,-0.05896584819643291,0.19062436237502545,,-4.196000000000005,0.03550499087689163,-3.2250000000000014,-4.439,-2.5109999999999992,,-0.14900153609831035,-6.983999999999995,0.8987922705314011,-10.705000000000002
NB_1154,2018-12-31,353.524,201.924,0.0,0.0,0.0,140.296,236.093,189.985,151.6,67.318,0.0,46.108,357.575,22.425,31.542,15.38,0.0,7.955,38.418,-5.049,33.369,0.024113557358053317,-0.010229840547813507,,,,0.7583155783932822,-0.0030656324028055515,-0.025982681630120963,0.07373803908236476,-0.03863016437456257,,4.341999999999999,0.058938677359457126,-5.123999999999999,-3.436,0.2400000000000002,,0.19660048134777375,0.9249999999999972,-0.35771530339651436,3.7369999999999983
NB_1154,2019-12-31,639.16,481.072,209.815,21.583,188.232,67.904,192.036,268.931,158.088,84.605,0.0,-76.895,461.697,-1.075,44.916,-9.57,8.054,8.572,48.406,-11.89,36.516,0.807967775879431,1.3824409183653255,,,,-0.5159947539487939,-0.18660866692362754,0.4155380687949046,0.04279683377308707,0.2567961020826526,,-123.00299999999999,0.29118926099419706,-23.5,13.373999999999995,-24.950000000000003,,0.07756128221244496,9.988,1.3549217666864726,3.1469999999999985
NB_1154,2020-12-31,644.218,458.452,190.094,24.472,165.622,90.257,217.16,269.745,185.766,84.695,0.0,-52.585,448.984,16.175,61.669,9.99,5.34,9.879,47.754,-8.905,38.849,0.007913511483822466,-0.047019988691921366,-0.09399232657340995,0.13385534911736108,-0.1201177270602235,0.32918532045240356,0.13082963610989595,0.003026798695576316,0.17507970244420834,0.0010637669168487296,,24.309999999999995,-0.027535374932044276,17.25,16.753,19.560000000000002,-0.3369754159423889,0.15247316845543635,-0.652000000000001,-0.25105130361648453,2.3329999999999984
NB_84,2016-12-31,36124.0,29642.0,19454.0,1052.0,18402.0,1244.0,6416.0,5277.0,6482.0,1421.0,622.0,1139.0,10281.0,2189.0,3365.0,-1130.0,1134.0,1002.0,2897.0,-2345.0,552.0,,,,,,,,,,,,,,,,,,,,,
NB_84,2017-12-31,33112.0,27430.0,19973.0,2164.0,17809.0,949.0,6398.0,6028.0,5682.0,1463.0,562.0,370.0,10530.0,2250.0,3419.0,-1161.0,1170.0,1005.0,2504.0,-2177.0,327.0,-0.08337947071199203,-0.07462384454490245,0.026678318083684482,1.0570342205323193,-0.03222475817845882,-0.23713826366559487,-0.002805486284289227,0.14231570968353235,-0.12341869793273685,0.029556650246305383,-0.09646302250803862,-769.0,0.024219433907207488,61.0,54.0,-31.0,0.031746031746031855,0.0029940119760478723,-393.0,-0.07164179104477608,-225.0
NB_84,2018-12-31,32521.0,26038.0,19301.0,1659.0,17642.0,1166.0,5015.0,4399.0,6483.0,1595.0,577.0,616.0,10736.0,2381.0,3384.0,1203.0,1056.0,960.0,2343.0,-2121.0,222.0,-0.017848514133848803,-0.0507473569084943,-0.033645421318780344,-0.2333641404805915,-0.009377281149980377,0.2286617492096945,-0.21616130040637704,-0.2702388852023888,0.14097148891235478,0.09022556390977443,0.026690391459074814,246.0,0.019563152896486136,131.0,-35.0,2364.0,-0.09743589743589742,-0.04477611940298509,-161.0,-0.025723472668810254,-105.0
NB_84,2019-12-31,33648.0,27531.0,20520.0,1887.0,18633.0,1029.0,5231.0,5096.0,6117.0,1479.0,487.0,135.0,10189.0,2153.0,3244.0,303.0,1050.0,977.0,2466.0,-2405.0,61.0,0.03465453091848336,0.05733927336969047,0.06315734936013673,0.1374321880650995,0.056172769527264466,-0.11749571183533447,0.043070787637088825,0.1584451011593544,-0.056455344747801894,-0.07272727272727275,-0.15597920277296362,-481.0,-0.05095007451564826,-228.0,-140.0,-900.0,-0.005681818181818232,0.017708333333333437,123.0,0.13389910419613393,-161.0
NB_84,2020-12-31,34603.0,29011.0,20272.0,1451.0,18821.0,1089.0,5414.0,5362.0,5592.0,1300.0,461.0,52.0,9660.0,2528.0,3632.0,46.0,1038.0,1004.0,2755.0,-1900.0,855.0,0.028382073228720772,0.05375758236170136,-0.01208576998050681,-0.2310545839957605,0.010089625932485413,0.058309037900874605,0.0349837507168802,0.052197802197802234,-0.08582638548307997,-0.1210277214334009,-0.05338809034907599,-83.0,-0.05191873589164786,375.0,388.0,-257.0,-0.011428571428571455,0.02763561924257929,289.0,-0.20997920997920994,794.0
NB_2949,2017-03-25,92.097,48.696,27.312,1.429,25.883,0.842,35.589,19.756,43.401,22.049,10.278,15.833,143.898,7.934,14.118,4.522,0.719,3.3,7.544,-5.25,2.294,,,,,,,,,,,,,,,,,,,,,
NB_2949,2018-03-31,96.822,45.474,22.85,2.143,20.707,0.577,40.513,21.15,51.348,24.684,12.651,19.363,155.141,9.026,15.017,5.922,1.018,3.8,9.874,-5.882,3.992,0.051304602755790185,-0.06616559881715134,-0.16337141183362625,0.49965010496850915,-0.1999768187613491,-0.31472684085510694,0.13835735761049772,0.0705608422757642,0.18310638003732627,0.11950655358519668,0.23088149445417394,3.5299999999999994,0.07813173219919656,1.0919999999999996,0.8989999999999991,1.3999999999999995,0.41585535465924894,0.1515151515151516,2.330000000000001,0.12038095238095226,1.698
NB_2949,2019-03-30,105.23,45.6,21.002,1.899,19.103,0.788,45.006,22.149,59.63,27.469,14.304,22.857,160.898,10.229,16.59,7.145,0.903,4.471,12.561,-6.998,5.563,0.08683976782136282,0.002770814091568985,-0.08087527352297608,-0.11385907606159584,-0.07746172791809525,0.36568457538994825,0.11090267321600478,0.047234042553191635,0.1612915790293683,0.1128261221844109,0.13066160777804137,3.4939999999999998,0.037108179011350995,1.2029999999999994,1.5730000000000004,1.2229999999999999,-0.11296660117878188,0.17657894736842117,2.6869999999999994,0.189731383883033,1.5709999999999997
NB_2949,2020-03-28,128.122,61.035,40.376,5.182,35.194,0.499,48.46,20.922,67.087,30.952,14.18,27.538,173.099,10.85,21.209,8.067,0.934,4.894,11.561,-6.579,4.982,0.21754252589565715,0.33848684210526314,0.9224835729930483,1.7288046340179042,0.8423284300895146,-0.366751269035533,0.07674532284584279,-0.05539753487742116,0.12505450276706354,0.1267974807965342,-0.008668903803132011,4.681000000000001,0.07583065047421345,0.6210000000000004,4.619,0.9220000000000006,0.034330011074197087,0.09460970700067106,-1.0,-0.059874249785653144,-0.5809999999999995
NB_2949,2021-03-27,132.116,57.038,27.519,2.067,25.452,0.56,48.928,25.142,75.078,33.95,11.636,23.786,173.335,11.073,21.859,7.791,0.85,7.58,23.639,-6.617,17.022,0.03117341284088604,-0.06548701564676007,-0.31843174162869037,-0.6011192589733694,-0.27680854691140533,0.12224448897795592,0.009657449442839416,0.20170155816843516,0.11911398631627579,0.09685965365727589,-0.17940761636107194,-3.751999999999999,0.0013633816486520178,0.22300000000000075,0.6500000000000021,-0.2759999999999998,-0.08993576017130633,0.5488353085410707,12.078,0.005775953792369615,12.04
NB_1132,2016-12-31,708.903,332.27,2.811,0.763,2.048,32.074,415.957,317.681,376.633,318.837,9.208,98.276,1634.34,101.569,127.735,64.896,2.345,17.981,91.188,-23.217,67.971,,,,,,,,,,,,,,,,,,,,,
NB_1132,2017-12-31,881.12,463.175,60.539,0.613,59.926,36.542,489.357,373.728,417.945,382.867,10.303,115.629,1787.922,99.26,136.716,55.272,3.156,20.052,114.09,-35.467,78.623,0.2429345058491783,0.39397176994612826,20.536463891853433,-0.19659239842726084,28.2607421875,0.13930286213132148,0.17646054760468033,0.17642540787771388,0.10968768004927876,0.20082361833789686,0.11891833188531709,17.35300000000001,0.09397187855648159,-2.3089999999999975,8.981000000000009,-9.624000000000002,0.34584221748400856,0.1151771314164951,22.902,0.527630615497265,10.652000000000001
NB_1132,2018-12-31,1062.564,564.517,76.918,3.279,73.639,45.62,609.7,467.058,498.047,481.366,12.416,142.642,2182.879,150.238,192.927,112.903,3.71,22.6,147.19,-27.268,119.922,0.2059242781913928,0.2187985102822907,0.2705528667470556,4.349102773246329,0.2288322264125755,0.24842646817360836,0.245920667324673,0.24972707423580776,0.1916567969469667,0.25726688380037976,0.20508589731146265,27.01299999999999,0.22090281343369567,50.977999999999994,56.210999999999984,57.63100000000001,0.17553865652724965,0.1270696189906244,33.099999999999994,-0.23117263935489318,41.29899999999999
NB_1132,2019-12-31,1505.012,919.708,312.848,34.833,278.015,50.788,790.184,607.997,585.304,619.037,10.053,182.187,2615.277,163.639,240.011,114.324,9.317,24.49,142.028,-31.75,110.278,0.4163965652892436,0.6291945149570339,3.0672924413011255,9.623055809698078,2.7753771778541263,0.11328364752301612,0.29602099393144155,0.30175909630067355,0.17519832465610663,0.2860006730845137,-0.19031894329896903,39.545000000000016,0.19808610555143003,13.40100000000001,47.084,1.4209999999999923,1.5113207547169814,0.08362831858407072,-5.162000000000006,0.16436849053836,-9.643999999999991
NB_1132,2020-12-31,1757.355,1060.926,332.895,16.586,316.309,54.896,811.852,692.904,696.429,619.544,13.472,118.948,2856.659,190.651,279.48,150.139,8.385,27.931,286.51,-24.131,262.379,0.1676684305507199,0.15354656043004944,0.06407904157929711,-0.5238423334194586,0.1377407693829471,0.080885248483894,0.027421461330525476,0.13965036011690857,0.18985860339242522,0.000819014049241007,0.3400974833383068,-63.23900000000002,0.09229691539366569,27.012,39.46900000000002,35.81500000000001,-0.10003219920575301,0.14050632911392413,144.482,-0.23996850393700786,152.101
NB_647,2016-12-31,3681.92,2597.679,1653.288,20.016,1633.272,306.997,1092.871,504.668,1084.241,496.226,178.428,588.203,2755.226,69.162,356.164,-39.873,84.309,246.96,259.624,-219.384,40.24,,,,,,,,,,,,,,,,,,,,,
NB_647,2017-12-31,3706.57,2518.368,1649.319,23.782,1625.537,319.399,1154.056,503.817,1188.202,528.924,176.012,650.239,2944.978,127.775,416.197,100.739,87.705,251.403,285.698,-167.007,118.691,0.006694876586128995,-0.03053148599191824,-0.0024006706635504305,0.1881494804156676,-0.004735892123295948,0.04039778890347456,0.055985564627481166,-0.0016862571036800889,0.09588366424069927,0.06589336310471428,-0.013540475710090316,62.03600000000006,0.06886984951506703,58.613,60.033000000000015,140.612,0.040280397110628696,0.017990767735665658,26.073999999999955,-0.23874576085767418,78.451
NB_647,2018-12-31,3738.321,2568.565,1572.556,7.535,1565.021,226.507,1202.158,602.278,1169.756,606.952,199.479,599.88,3300.303,182.574,481.199,65.636,84.052,264.254,373.21,-193.344,179.866,0.008566140663740285,0.019932353015921445,-0.04654223955462822,-0.683163737280296,-0.03722831285907369,-0.2908337220842896,0.04168081964826653,0.19543008671799478,-0.015524296373848778,0.14752213928655156,0.1333261368543055,-50.35900000000004,0.12065455157899296,54.79900000000001,65.00200000000001,-35.10300000000001,-0.041650989111225,0.051117130662720944,87.512,0.15769997664768542,61.17500000000001
NB_647,2019-12-31,4108.904,2839.091,1724.451,49.315,1675.136,371.991,1400.908,720.1,1269.813,644.738,214.744,680.808,3412.19,229.456,585.583,97.74,82.897,265.531,413.192,-216.324,196.868,0.0991308665039734,0.10532184313030801,0.09659115478240521,5.544790975447909,0.07036007823537194,0.6422936156498473,0.16532768571186152,0.1956272684707061,0.08553664182957821,0.062255334853497546,0.07652434592112445,80.928,0.03390203869159891,46.88199999999998,104.38399999999996,32.104,-0.013741493361252521,0.004832471788506432,39.98200000000003,0.11885551142005979,17.00199999999998
NB_647,2020-12-31,4131.52,2789.969,1714.024,50.125,1663.899,519.101,1525.722,636.145,1341.551,611.534,220.498,889.577,3144.097,251.336,596.725,134.837,76.582,257.131,430.597,-196.256,234.341,0.0055041441708056915,-0.01730201673704712,-0.006046562065260219,0.016425022812531775,-0.006708112057767335,0.39546655698659383,0.08909507262432648,-0.11658797389251496,0.05649493271843942,-0.05149998914287679,0.026794695078791397,208.769,-0.07856918870285645,21.880000000000024,11.142000000000053,37.096999999999994,-0.07617887257681233,-0.03163472438246395,17.404999999999973,-0.09276825502487018,37.47300000000001
NB_217,2016-12-31,565.889,416.055,52.214,26.825,25.389,38.579,221.464,144.292,149.834,72.354,83.579,77.172,331.866,-54.53,-34.067,-79.82,2.397,20.463,-5.634,-10.566,-16.2,,,,,,,,,,,,,,,,,,,,,
NB_217,2017-12-31,565.599,403.838,66.153,19.335,46.818,20.7,240.247,144.671,161.761,86.892,107.561,95.576,385.155,-13.769,7.607,-12.089,3.085,,-19.047,-13.011,-32.058,-0.0005124679928395492,-0.02936390621432261,0.2669590531275139,-0.2792171481826654,0.8440269408011343,-0.46343865833743747,0.08481288155185496,0.0026266182463337007,0.07960142557763916,0.20092876689609418,0.2869381064621497,18.403999999999996,0.16057384607040182,40.761,41.674,67.731,0.2870254484772634,,-13.413,0.23140261215218616,-15.858
NB_217,2018-12-31,571.119,478.15,77.609,45.728,31.881,19.713,227.866,167.453,92.969,69.216,94.196,60.413,419.432,-44.892,-23.513,-69.335,4.13,,6.71,-9.719,-3.009,0.009759564638551321,0.18401438200466513,0.1731743080434749,1.36503749676752,-0.3190439574522619,-0.04768115942028972,-0.05153446244906279,0.15747454569333175,-0.4252693788984985,-0.2034249413064494,-0.12425507386506274,-35.163,0.08899533953862737,-31.123000000000005,-31.12,-57.245999999999995,0.33873581847649925,,25.757,-0.2530166781953731,29.049
NB_217,2019-12-31,506.56,450.944,75.12,20.975,54.145,6.96,193.412,124.232,55.616,82.043,82.289,69.18,397.904,-10.908,8.834,-20.986,5.342,,-3.294,-10.964,-14.258,-0.11303948914324335,-0.05689846282547306,-0.032071022690667195,-0.5413094821553535,0.6983469778237823,-0.6469334956627606,-0.1512028999499706,-0.2581082452986808,-0.4017790876528735,0.18531842348589933,-0.12640664147097536,8.76700000000001,-0.051326555913711935,33.984,32.347,48.34899999999999,0.2934624697336561,,-10.004,0.12809959872414867,-11.248999999999999
NB_217,2020-12-31,463.208,378.209,41.587,13.11,28.477,16.842,171.832,105.332,84.999,61.326,73.243,66.5,328.544,6.446,25.748,7.97,4.114,18.575,33.635,-8.466,25.169,-0.08558117498420714,-0.16129497232472323,-0.4463924387646432,-0.3749702026221693,-0.47406039338812456,1.4198275862068965,-0.11157529005439171,-0.15213471569321924,0.5283191887226697,-0.2525139256243678,-0.10992963822625146,-2.680000000000007,-0.174313402227673,17.354,16.914,28.956,-0.22987645076750274,,36.928999999999995,-0.22783655600145947,39.427
NB_770,2017-05-31,6844.057,4541.264,3133.524,362.9,2770.624,169.266,1954.478,1130.852,2302.793,736.008,278.218,823.626,5323.381,773.691,970.286,480.708,86.524,171.565,763.887,-273.317,490.57,,,,,,,,,,,,,,,,,,,,,
NB_770,2018-05-31,6958.214,3941.688,2535.309,0.0,2535.309,138.724,1977.932,775.857,3016.526,804.583,280.347,1202.075,6476.632,949.834,1229.25,842.586,110.175,215.476,964.16,-271.699,692.461,0.016679726659202254,-0.1320284396590905,-0.1909080638922822,-1.0,-0.08493213081240891,-0.18043789065730864,0.012000135074428986,-0.3139181785061176,0.30994231787225335,0.09317154161367802,0.007652272678259298,378.44900000000007,0.21663882408567026,176.14299999999992,258.96400000000006,361.878,0.27334612361888033,0.2559438113834407,200.27300000000002,-0.005919865943208813,201.89100000000002
NB_770,2019-05-31,7436.662,4433.941,2849.771,312.264,2537.507,96.645,2236.28,1127.733,3002.721,910.12,334.589,1108.547,6892.303,1133.534,1493.627,884.981,101.736,223.631,1067.862,-276.719,791.143,0.06876017322836003,0.12488380612570049,0.12403300741645307,,0.0008669554677556146,-0.3033289120844266,0.13061520820736017,0.4535320297425942,-0.004576456493330383,0.1311698109455457,0.19348164952719316,-93.52800000000002,0.06418011707319482,183.70000000000016,264.37699999999995,42.39499999999998,-0.07659632402995231,0.037846442295197624,103.70200000000011,0.018476328584205337,98.68200000000002
NB_770,2020-05-31,7669.885,4434.683,2705.431,43.031,2662.4,145.402,2309.699,885.195,3235.202,870.369,408.898,1424.504,7085.12,1162.696,1612.149,876.037,105.393,235.905,1291.483,-230.289,1061.194,0.0313612478286629,0.00016734548339725208,-0.05064968378160917,-0.8621967309712295,0.049218780480211555,0.5044958352734232,0.032830861967195535,-0.21506686423116106,0.07742344360331854,-0.04367665802311782,0.22209038551775473,315.9569999999999,0.027975699849527746,29.161999999999807,118.52199999999993,-8.94399999999996,0.035945977824958675,0.05488505618630701,223.62099999999987,-0.1677875389835899,270.05099999999993
NB_770,2021-05-31,8236.823,4548.976,2716.527,942.92,1773.607,493.64,2843.309,1934.085,3687.847,901.71,481.797,909.224,7116.34,1385.492,1844.443,1110.968,98.21,243.836,1360.74,-143.47,1217.27,0.07391740554128257,0.025772529851626258,0.004101379780153236,20.91257465548093,-0.3338315054086539,2.3950014442717436,0.23103010392263235,1.1849253554301593,0.13991243823415034,0.03600886520544733,0.1782816252463939,-515.2799999999999,0.0044064179576353,222.79600000000005,232.2940000000001,234.93100000000004,-0.06815443150873401,0.033619465462792375,69.25700000000006,-0.3770002040913808,156.07600000000002
NB_1191,2016-12-03,2058.254,1115.708,705.657,117.512,588.145,142.245,811.253,391.844,938.269,351.13,247.399,419.409,2094.605,202.333,280.017,124.128,27.359,49.19,195.688,-63.31,132.378,,,,,,,,,,,,,,,,,,,,,
NB_1191,2017-12-02,4373.243,3321.426,2451.91,52.983,2398.927,194.398,1157.589,504.913,1051.817,473.7,372.102,652.676,2306.043,128.04,215.355,59.418,43.701,51.072,140.79,-54.934,85.856,1.1247343622312895,1.97696709174802,2.474648448183749,-0.5491268976785351,3.078801996106403,0.36664206123238063,0.42691490817291267,0.28855616010453145,0.12101859914374247,0.3490729929086094,0.5040562007122098,233.26700000000005,0.10094409208418775,-74.293,-64.662,-64.71000000000001,0.5973171534047297,0.03825980890424896,-54.897999999999996,-0.13230137419049126,-46.52199999999999
NB_1191,2018-12-01,4176.314,3023.103,2247.527,105.995,2141.532,150.793,1089.919,546.123,1153.211,495.008,348.461,543.796,3041.002,237.891,383.017,171.208,110.994,68.636,253.312,-68.263,185.049,-0.04503042707665683,-0.08981774695567502,-0.08335664849036051,1.0005473453749318,-0.10729588686942115,-0.22430786324962182,-0.0584577082194111,0.0816180213224853,0.09639889828743975,0.04498205615368378,-0.06353365475057904,-108.88,0.31871001538132626,109.851,167.662,111.78999999999999,1.539850346673989,0.34390664160400997,112.52200000000002,0.24263661848763984,99.19300000000001
NB_1191,2019-11-30,3985.734,2762.945,1979.116,80.732,1898.384,112.191,1033.362,542.157,1222.789,493.181,337.267,491.205,2897.0,225.994,367.2,130.817,103.287,67.115,269.177,-61.982,207.195,-0.045633541922374676,-0.0860566113691793,-0.11942503916526925,-0.23834143119958495,-0.11353927935702113,-0.2559933153395715,-0.05189101208438429,-0.007262100296087204,0.06033414526916592,-0.003690849440817101,-0.03212411145006189,-52.591000000000065,-0.04735347099409992,-11.896999999999991,-15.817000000000007,-40.39099999999999,-0.06943618573976962,-0.022160382306661286,15.865000000000009,-0.09201177797635618,22.145999999999987
NB_1191,2020-11-28,4036.704,2654.842,1802.114,25.631,1776.483,100.534,1019.776,530.132,1381.862,514.916,323.213,489.644,2790.269,218.317,369.715,123.719,86.776,68.226,331.559,-87.288,244.271,0.012788108789999697,-0.03912600504172181,-0.08943487900658675,-0.6825174651934797,-0.06421303592950645,-0.10390316513802356,-0.01314737720179393,-0.02217992205209951,0.13009030993900028,0.04407104085518321,-0.04167024938698416,-1.5609999999999786,-0.03684190541939947,-7.6769999999999925,2.5149999999999864,-7.098000000000013,-0.15985554813287262,0.01655367652536688,62.382000000000005,0.40827982317447,37.07599999999999
NB_3174,2016-08-27,390.718,122.359,0.0,0.0,0.0,85.583,280.589,92.949,268.359,66.184,122.522,187.64,975.226,65.741,71.486,45.496,,,52.746,-24.551,28.195,,,,,,,,,,,,,,,,,,,,,
NB_3174,2017-08-26,902.512,460.838,274.576,2.85,271.726,35.945,314.137,167.158,441.674,124.539,142.265,146.979,1547.119,125.106,157.081,71.33,16.837,7.315,97.127,-13.993,83.134,1.3098807835830444,2.766277919891467,,,,-0.5799983641611067,0.11956277687293526,0.7983840600759555,0.6458326346424006,0.8817085700471414,0.16113840779615063,-40.66099999999997,0.586420993697871,59.364999999999995,85.59499999999998,25.833999999999996,,,44.38099999999999,-0.4300435827461203,54.939
NB_3174,2018-08-25,1051.805,517.36,291.441,0.0,291.441,2.342,371.938,204.185,534.445,164.585,195.128,167.753,2016.829,160.392,179.569,102.357,18.246,9.849,83.346,-28.668,54.678,0.16541940716577752,0.12265047587221534,0.06142197424392504,-1.0,0.07255470584338619,-0.9348449019335096,0.18399933786850964,0.22150899149307857,0.2100440596458022,0.3215538907490827,0.37158120409095696,20.773999999999972,0.3036030195479469,35.286,22.488,31.027,0.08368474193739961,0.3464114832535885,-13.780999999999992,1.0487386550418063,-28.456000000000003
NB_3174,2019-08-31,1104.231,472.019,254.294,8.892,245.402,37.431,410.657,197.744,632.212,158.049,201.126,212.913,1985.674,155.267,178.584,111.798,17.939,13.682,133.75,-40.858,92.892,0.049843839875262086,-0.08763916808411942,-0.12745976029453632,,-0.15797022381888615,14.982493595217761,0.1041006834472411,-0.031544922496755445,0.18293182647419282,-0.03971200291642618,0.030738797097290105,45.160000000000025,-0.015447516869303235,-5.125,-0.9849999999999852,9.441000000000003,-0.016825605612188932,0.38917656614884755,50.403999999999996,0.425212780800893,38.214
NB_3174,2020-08-29,1713.7,886.234,547.745,3.199,544.546,292.575,713.61,300.39,827.466,220.798,182.941,413.22,2355.533,113.763,158.826,61.442,37.461,15.997,270.434,-32.377,238.057,0.5519397662264509,0.8775388278861656,1.1539831848175734,-0.6402384165542061,1.218995770205622,6.816382143143384,0.7377275926137872,0.5190852819807428,0.30884260343049497,0.3970224424071016,-0.09041595815558412,200.30700000000002,0.1862637069327593,-41.50399999999999,-19.75800000000001,-50.356,1.0882434918334356,0.1692004092968864,136.68400000000003,-0.2075725684076557,145.165
NB_4,2016-12-31,256.53,50.632,0.0,0.0,0.0,24.153,140.981,39.042,205.898,43.026,47.352,101.939,383.977,79.594,92.878,53.376,0.0,13.035,63.923,-26.604,37.319,,,,,,,,,,,,,,,,,,,,,
NB_4,2017-12-31,296.78,59.554,0.0,0.0,0.0,21.457,153.727,50.065,237.226,50.366,70.786,103.662,405.232,74.103,89.157,54.498,0.0,15.007,57.994,-41.713,16.281,0.15690172689354065,0.17621267182809297,,,,-0.11162174471080188,0.09040934594023309,0.28233697044208794,0.15215300779997865,0.1705945242411564,0.4948893394154419,1.7230000000000132,0.055354878026548704,-5.491,-3.7210000000000036,1.1219999999999999,,0.15128500191791328,-5.929000000000002,0.5679221169748911,-21.038000000000004
NB_4,2018-12-31,307.994,58.551,0.0,0.0,0.0,1.994,140.658,47.491,249.443,54.105,77.612,93.167,433.947,55.351,73.019,42.329,0.0,0.756,54.856,-37.268,17.588,0.03778556506503161,-0.01684185780971892,,,,-0.9070699538612108,-0.08501434360912541,-0.05141316288824527,0.051499414060853343,0.07423658817456213,0.096431497753793,-10.495000000000005,0.07086064279227688,-18.751999999999995,-16.13799999999999,-12.168999999999997,,-0.9496235090291197,-3.137999999999998,-0.10656150360798788,1.3070000000000022
NB_4,2019-12-31,371.424,81.284,0.0,0.0,0.0,26.797,187.549,56.028,290.14,67.428,73.601,131.521,469.333,67.011,89.777,53.711,0.0,1.29,97.925,-37.166,60.759,0.20594557036825378,0.38825980768902335,,,,12.438816449348044,0.33336888054714287,0.17976037565012315,0.16315150154544322,0.24624341558081508,-0.05168015255372871,38.353999999999985,0.08154452041378324,11.659999999999997,16.757999999999996,11.381999999999998,,0.7063492063492063,43.068999999999996,-0.0027369324889987556,43.171
NB_4,2020-12-31,449.008,98.143,0.0,0.0,0.0,79.025,220.251,59.033,350.865,47.418,82.219,161.218,514.551,101.836,127.47,79.009,0.0,1.765,128.814,-67.802,61.012,0.2088825708624107,0.2074085920968456,,,,1.9490241444937868,0.17436509925406152,0.05363389733704582,0.2092955125112015,-0.29676098949991103,0.1170908003967337,29.697000000000003,0.09634523888156177,34.825,37.693,25.298000000000002,,0.3682170542635659,30.888999999999996,0.8243017811978695,0.2530000000000001
NB_543,2017-12-31,,,,,,,,,,,,,17814.0,3030.0,3402.0,1227.0,115.0,226.0,2098.0,-326.0,1772.0,,,,,,,,,,,,,,,,,,,,,
NB_543,2018-12-31,21737.0,7468.0,0.0,0.0,0.0,1129.0,6109.0,4466.0,,2673.0,1363.0,1643.0,18914.0,3637.0,3994.0,2734.0,84.0,221.0,2055.0,-263.0,1792.0,,,,,,,,,,,,,0.061749186033456915,607.0,592.0,1507.0,-0.26956521739130435,-0.02212389380530977,-43.0,-0.19325153374233128,20.0
NB_543,2019-12-31,22406.0,7971.0,1164.0,400.0,764.0,952.0,5959.0,4469.0,,2726.0,1332.0,1490.0,18608.0,2255.0,2590.0,2116.0,75.0,219.0,2063.0,-243.0,1820.0,0.030777016147582437,0.06735404392072852,,,,-0.15677590788308238,-0.02455393681453588,0.0006717420510524708,,0.019827908716797626,-0.022743947175348445,-153.0,-0.016178492122237542,-1382.0,-1404.0,-618.0,-0.1071428571428571,-0.009049773755656076,8.0,-0.07604562737642584,28.0
NB_543,2020-12-31,25093.0,18515.0,11030.0,352.0,10678.0,3115.0,8524.0,5110.0,,2781.0,1629.0,3414.0,17456.0,2876.0,3212.0,1982.0,298.0,234.0,1692.0,-312.0,1380.0,0.11992323484780854,1.322795132354786,8.47594501718213,-0.12,12.976439790575917,2.2720588235294117,0.4304413492196677,0.14343253524278365,,0.0201760821716801,0.22297297297297303,1924.0,-0.06190885640584698,621.0,622.0,-134.0,2.973333333333333,0.06849315068493156,-371.0,0.28395061728395055,-440.0
NB_857,2016-10-31,57918.5,51373.7,35611.5,11908.5,23703.0,4335.8,12176.1,19230.1,6530.8,3011.3,3340.5,-7054.0,26644.0,2987.7,4547.5,1523.9,763.7,701.0,3769.7,-2955.1,814.6,,,,,,,,,,,,,,,,,,,,,
NB_857,2017-10-29,65786.3,56211.8,40045.3,14154.0,25891.3,9334.9,18851.4,22692.9,9560.5,3924.9,3904.1,-3841.5,29738.0,4053.0,5769.0,2159.0,899.0,726.0,2196.0,-2592.0,-396.0,0.1358426064210918,0.09417464578179113,0.12450472459739137,0.18856279128353703,0.09232164704889678,1.1529821486230913,0.5482297287308744,0.18007186650095441,0.46390947510259073,0.3033905622156543,0.1687172578955245,3212.5,0.11612370514937687,1065.3000000000002,1221.5,635.0999999999999,0.17716380777792318,0.03566333808844502,-1573.6999999999998,-0.12287232242563706,-1210.6
NB_857,2018-10-28,70108.0,58803.0,42256.0,15019.0,27237.0,3904.0,17305.0,25259.0,11305.0,5004.0,6149.0,-7954.0,37358.0,5275.0,7202.0,2368.0,1204.0,754.0,1822.0,-2950.0,-1128.0,0.0656930090307557,0.046097082818909785,0.05520498035974253,0.06111346615797664,0.051974987737193556,-0.5817844861755348,-0.08203104278727313,0.11307942131679938,0.18246953611212802,0.27493694106856226,0.5750108859916498,-4112.5,0.25623781020916003,1222.0,1433.0,209.0,0.3392658509454949,0.038567493112947604,-374.0,0.1381172839506173,-732.0
NB_857,2019-11-03,73011.0,61580.0,45334.0,15105.0,30229.0,3857.0,17176.0,24903.0,11431.0,5230.0,5975.0,-7727.0,39258.0,5554.0,7573.0,3253.0,1466.0,1760.0,3412.0,-3449.0,-37.0,0.04140754264848523,0.047225481693110805,0.07284172661870514,0.005726080298288805,0.10985057091456474,-0.012038934426229497,-0.007454492921121103,-0.014093986301912165,0.011145510835913308,0.045163868904876114,-0.028297284111237553,227.0,0.05085925370737199,279.0,371.0,885.0,0.21760797342192695,1.3342175066312998,1590.0,0.16915254237288146,1091.0
NB_857,2020-11-01,75091.0,62147.0,46356.0,13561.0,32795.0,7066.0,18128.0,23481.0,12944.0,4171.0,4999.0,-5353.0,35540.0,5130.0,7374.0,2751.0,1247.0,1883.0,7483.0,-2656.0,4827.0,0.028488857843338655,0.009207534913933113,0.02254378612079244,-0.10221780867262498,0.0848853749710543,0.8319937775473165,0.05542617605961797,-0.057101554029635015,0.13235937363310302,-0.20248565965583176,-0.163347280334728,2374.0,-0.0947068113505527,-424.0,-199.0,-502.0,-0.1493860845839018,0.06988636363636358,4071.0,-0.22992171643954773,4864.0
NB_2540,2016-12-31,4358.5,2280.3,1411.5,100.6,1310.9,284.5,1532.0,701.6,2078.2,462.2,660.8,830.4,3224.5,320.6,476.0,203.4,58.7,93.4,442.3,-65.2,377.1,,,,,,,,,,,,,,,,,,,,,
NB_2540,2017-12-30,4388.2,2033.5,1141.1,101.2,1039.9,139.6,1574.4,712.0,2354.7,506.3,757.1,862.4,3360.3,330.1,467.3,213.0,56.1,82.0,291.9,-65.2,226.7,0.006814270964781377,-0.10823137306494768,-0.1915692525681899,0.0059642147117298094,-0.20672820199862685,-0.5093145869947275,0.027676240208877267,0.014823261117445696,0.13304782985275732,0.09541324102120297,0.1457324455205813,32.0,0.04211505659792225,9.5,-8.699999999999989,9.599999999999994,-0.04429301533219765,-0.12205567451820132,-150.40000000000003,0.0,-150.40000000000003
NB_2540,2018-12-31,4623.8,2285.3,1307.1,0.5,1306.6,248.6,1817.7,683.5,2338.5,551.9,767.2,1134.2,3645.6,347.0,524.9,231.2,55.2,87.5,362.7,-77.6,285.1,0.0536894398614467,0.1238259159085322,0.14547366576110776,-0.9950592885375494,0.25646696797768986,0.7808022922636104,0.15453506097560976,-0.040028089887640395,-0.006879857306663184,0.09006517874777797,0.013340377757231625,271.80000000000007,0.08490313364878133,16.899999999999977,57.599999999999966,18.19999999999999,-0.016042780748663055,0.06707317073170738,70.80000000000001,0.1901840490797544,58.400000000000034
NB_2540,2019-12-28,4430.7,2050.3,1210.1,22.2,1187.9,331.4,1607.7,560.5,2380.4,461.4,678.4,1047.2,3238.0,351.1,516.7,238.9,53.0,84.2,408.5,-92.4,316.1,-0.04176218694580225,-0.10283113814378853,-0.07421008339071222,43.4,-0.09084647175876304,0.33306516492357185,-0.11553061561313749,-0.1799561082662765,0.017917468462689712,-0.16397898169958325,-0.1157455683003129,-87.0,-0.11180601272767166,4.100000000000023,-8.199999999999932,7.700000000000017,-0.03985507246376818,-0.0377142857142857,45.80000000000001,0.1907216494845363,31.0
NB_2540,2021-01-02,4589.0,2012.0,1148.1,252.6,895.5,611.3,1851.3,822.0,2577.0,432.0,690.299,1029.3,2907.0,280.1,442.4,189.3,39.8,84.1,435.4,-47.5,387.9,0.03572798880538075,-0.01868019314246705,-0.05123543508800921,10.378378378378379,-0.24614866571260208,0.8445986722993362,0.15152080612054486,0.46654772524531674,0.08259116114938658,-0.06371911573472033,0.01753979952830198,-17.90000000000009,-0.10222359481161214,-71.0,-74.30000000000007,-49.599999999999994,-0.24905660377358496,-0.001187648456057122,26.899999999999977,-0.485930735930736,71.79999999999995
NB_2845,2016-12-31,62.637,36.539,9.533,0.208,9.325,15.27,42.9,17.722,26.098,8.01,14.558,25.178,91.797,-22.758,-16.47,6.043,,5.199,-19.304,-1.763,-21.067,,,,,,,,,,,,,,,,,,,,,
NB_2845,2017-12-31,57.155,40.225,10.661,0.829,9.832,8.144,40.003,21.624,16.93,9.317,17.641,18.379,82.294,-12.146,-8.262,-10.822,,3.884,-9.459,-1.637,-11.096,-0.08752015581844597,0.10087851336927667,0.11832581558795763,2.985576923076923,0.05436997319034864,-0.4666666666666667,-0.06752913752913747,0.22017830944588623,-0.3512912866886352,0.16317103620474405,0.21177359527407602,-6.7989999999999995,-0.10352190158719787,10.611999999999998,8.207999999999998,-16.865,,-0.2529332563954607,9.844999999999999,-0.07146908678389108,9.971
NB_2845,2018-12-31,61.568,46.734,9.846,0.593,9.253,10.704,45.398,28.985,14.834,9.881,18.584,16.413,87.969,-4.296,-1.648,-3.505,,2.648,1.892,-2.051,-0.159,0.07721109264281334,0.16181479179614677,-0.07644686239564769,-0.28468033775633295,-0.05888934092758347,0.31434184675834986,0.13486488513361516,0.34040880503144666,-0.1238038984051979,0.060534506815498546,0.0534550195567145,-1.966000000000001,0.06896006999295201,7.8500000000000005,6.614000000000001,7.316999999999999,,-0.3182286302780638,11.350999999999999,0.25290164935858295,10.937
NB_2845,2019-12-31,60.056,46.625,17.245,1.525,15.72,5.095,39.838,23.366,13.431,7.444,20.784,16.472,87.891,-4.306,0.043,-3.949,,2.671,-5.82,-0.859,-6.679,-0.02455821205821207,-0.0023323490392433976,0.7514726792606135,1.5716694772344013,0.6989084621203934,-0.5240097159940209,-0.12247235561037939,-0.19385889253061928,-0.09458001887555623,-0.24663495597611584,0.11838140335772707,0.05900000000000105,-0.0008866759881320796,-0.009999999999999787,1.6909999999999998,-0.44399999999999995,,0.00868580060422941,-7.712,-0.5811799122379327,-6.5200000000000005
NB_2845,2020-12-31,60.708,45.933,19.261,2.544,16.717,11.606,39.436,22.687,14.775,7.234,16.236,16.749,82.346,0.09,4.316,1.668,,2.503,3.648,-1.542,2.106,0.010856533901691723,-0.014841823056300218,0.11690345027544202,0.6681967213114755,0.06342239185750631,1.2779195289499512,-0.010090868015462662,-0.029059316956261183,0.10006700915791833,-0.028210639441160645,-0.21882217090069278,0.27699999999999747,-0.06308950859587448,4.396,4.273,5.617,,-0.06289779108947946,9.468,0.7951105937136205,8.785
NB_1968,2016-12-31,741.298,247.209,10.115,0.733,9.382,31.464,345.284,90.377,494.089,100.817,200.865,254.907,969.236,27.104,72.755,25.74,,41.2,67.174,-37.038,30.136,,,,,,,,,,,,,,,,,,,,,
NB_1968,2017-12-31,791.084,296.103,16.412,0.777,15.635,41.844,410.943,127.109,494.981,124.014,220.352,283.834,1139.447,38.579,81.33,11.451,,10.25,67.795,-29.076,38.719,0.06716057509935269,0.19778406125990555,0.6225407810182895,0.060027285129604424,0.6664890215305905,0.3299008390541571,0.19015940501152673,0.4064308397047922,0.0018053427621338436,0.2300901633653054,0.09701540835884792,28.926999999999992,0.17561357605371652,11.475000000000001,8.575000000000003,-14.288999999999998,,-0.7512135922330098,0.6209999999999951,-0.21496841082131857,8.583000000000002
NB_1968,2018-12-31,800.341,246.435,18.11,0.823,17.287,70.645,439.353,139.78,553.906,130.538,214.871,299.573,1207.815,61.496,97.02,20.846,,10.28,76.374,-34.26,42.114,0.01170166505706094,-0.16773892868359996,0.10346088228125772,0.05920205920205901,0.10566037735849054,0.6882946181053435,0.06913367547324079,0.099686096185164,0.1190449734434249,0.05260696372990159,-0.02487383822248035,15.738999999999976,0.06000103559007153,22.917,15.689999999999998,9.395,,0.0029268292682926855,8.578999999999994,0.17829137432934372,3.394999999999996
NB_1968,2019-12-31,898.43,252.687,45.45,8.675,36.775,125.007,537.747,122.44,645.743,154.751,236.253,415.307,1185.424,70.546,121.497,53.394,,30.3,99.222,-26.528,72.694,0.122559009222319,0.02536977296244447,1.5096631695196026,9.540704738760633,1.1273211083473131,0.7695095194281267,0.22395203856580004,-0.12405208184289596,0.16579889006437942,0.18548621857236958,0.09951086931228503,115.73400000000004,-0.018538435108025664,9.050000000000004,24.477000000000004,32.548,,1.9474708171206228,22.848,-0.2256859311150029,30.580000000000005
NB_1968,2020-12-31,1057.86,402.23,125.612,11.77,113.842,25.878,463.999,126.884,655.63,166.447,250.778,337.115,1176.274,8.215,61.201,15.462,,30.9,101.057,-67.274,33.783,0.1774540030942866,0.5918112130817967,1.7637403740374036,0.35677233429394795,2.0956356220258328,-0.7929875926948091,-0.1371425596051674,0.036295328324077225,0.015311044796459283,0.07557947929254083,0.061480700774170005,-78.19200000000001,-0.007718757170430246,-62.331,-60.296,-37.932,,0.01980198019801982,1.835000000000008,1.5359620024125453,-38.911
NB_2501,2016-06-30,263.469,144.288,31.319,2.416,28.903,4.768,113.373,96.511,119.181,101.035,0.0,16.862,782.495,-0.337,11.696,-3.519,4.919,3.473,21.421,-3.697,17.724,,,,,,,,,,,,,,,,,,,,,
NB_2501,2017-06-30,289.54,166.075,40.422,3.382,37.04,5.808,129.72,109.976,123.465,116.327,0.0,19.744,777.613,10.488,22.837,4.862,2.522,3.837,14.857,-4.935,9.922,0.0989528179785859,0.15099661787536012,0.2906542354481305,0.3998344370860929,0.28152786907933436,0.21812080536912748,0.14418776957476642,0.1395177751758867,0.03594532685579077,0.1513534913643788,,2.8820000000000014,-0.0062390175017091876,10.825,11.141,8.381,-0.48729416548078874,0.10480852289087261,-6.564,0.33486610765485514,-7.802
NB_2501,2018-06-30,305.438,171.824,46.923,3.726,43.197,6.992,153.274,116.245,133.614,137.578,0.0,37.029,842.417,13.181,27.57,10.188,3.109,4.49,4.761,-5.737,-0.976,0.05490778476203628,0.03461688995935597,0.16082826183761334,0.1017149615612063,0.16622570194384467,0.20385674931129483,0.1815757015109467,0.05700334618462222,0.08220143360466525,0.18268329794458738,,17.285000000000004,0.08333708412796592,2.6929999999999996,4.7330000000000005,5.3260000000000005,0.2327517842981761,0.1701850403961429,-10.096,0.16251266464032432,-10.898
NB_2501,2019-06-30,267.71,140.43,36.588,4.088,32.5,5.42,124.892,98.422,127.28,93.123,0.0,26.47,890.517,24.719,39.928,16.346,3.023,5.2,39.813,-6.413,33.4,-0.12352097643384263,-0.18271021510382723,-0.22025445943354005,0.09715512614063337,-0.2476329374725097,-0.22482837528604116,-0.18517165337891617,-0.15332272355800258,-0.047405212028679644,-0.3231257904606841,,-10.559000000000005,0.05709761317732198,11.538000000000002,12.357999999999997,6.1579999999999995,-0.027661627532968747,0.15812917594654796,35.052,0.11783161931322983,34.376
NB_2501,2020-06-30,300.04,161.865,68.368,10.609,57.759,34.841,140.588,93.716,138.175,71.838,0.0,46.872,855.197,17.502,41.085,10.541,2.885,6.312,29.88,-5.175,24.705,0.12076500691046288,0.15263832514420006,0.8685907947961078,1.595156555772994,0.7772000000000001,5.428228782287823,0.12567658456906772,-0.047814513015382754,0.08559868007542426,-0.228568667246545,,20.402,-0.039662353441877074,-7.217000000000002,1.1570000000000036,-5.805,-0.04565001653986123,0.2138461538461538,-9.933000000000003,-0.19304537657882437,-8.695
NB_2501,2021-06-30,374.528,212.958,72.886,12.178,60.708,13.696,193.597,143.477,161.57,117.349,0.0,50.12,899.812,26.203,50.607,23.11,2.549,6.522,14.1,-11.431,2.669,0.24826023196907077,0.31565193216569365,0.06608354785864723,0.14789329814308605,0.05105697813327792,-0.6068999167647312,0.3770520954846788,0.5309765675018141,0.16931427537542953,0.6335226481806289,,3.2479999999999976,0.05216926626262719,8.701,9.521999999999998,12.568999999999999,-0.11646447140381277,0.033269961977186346,-15.78,1.2088888888888887,-22.035999999999998
NB_852,2016-12-31,79511.0,52282.0,21363.0,907.0,20456.0,6607.0,23659.0,12604.0,27229.0,4666.0,7363.0,11055.0,70894.0,4772.0,7634.0,5687.0,1108.0,1238.0,,,,,,,,,,,,,,,,,,,,,,,,
NB_852,2017-12-31,192164.0,90237.0,34071.0,4015.0,30056.0,13438.0,49893.0,26128.0,101927.0,11314.0,16992.0,23765.0,11672.0,-1958.0,2011.0,1159.0,0.0,1626.0,-765.0,-3570.0,-4335.0,1.4168228295455974,0.7259668719635821,0.5948602724336469,3.4266813671444325,0.4692999608916699,1.0339034357499624,1.108838074305761,1.0729927007299271,2.743325131293841,1.4247749678525503,1.3077549911720765,12710.0,-0.8353598329900979,-6730.0,-5623.0,-4528.0,-1.0,0.31340872374798057,,,
NB_852,2018-12-31,187855.0,91955.0,12639.0,15.0,12624.0,8548.0,126655.0,73312.0,95900.0,3391.0,4107.0,53343.0,22594.0,116.0,6034.0,3845.0,55.0,1126.0,4731.0,-3837.0,894.0,-0.02242355488020653,0.01903875350465989,-0.6290393589856476,-0.9962640099626401,-0.5799840298110195,-0.3638934365232922,1.5385324594632515,1.8058787507654626,-0.05913055422017721,-0.7002828354251369,-0.75829802259887,29578.0,0.935743660041124,2074.0,4023.0,2686.0,,-0.30750307503075036,5496.0,0.07478991596638651,5229.0
NB_852,2019-12-31,69396.0,27840.0,18001.0,3968.0,14033.0,1540.0,9999.0,8346.0,41556.0,3802.0,4319.0,1653.0,21512.0,-43.0,3311.0,498.0,668.0,1016.0,1409.0,-2472.0,-1063.0,-0.6305874211492907,-0.6972432167908216,0.4242424242424243,263.53333333333336,0.11161280101394166,-0.8198408984557791,-0.9210532549050571,-0.8861577913574858,-0.5666736183524504,0.12120318490120918,0.051619186754321866,-51690.0,-0.047888820040718816,-159.0,-2723.0,-3347.0,11.145454545454545,-0.09769094138543521,-3322.0,-0.35574667709147767,-1957.0
NB_852,2020-12-31,70904.0,31834.0,16037.0,118.0,15919.0,2544.0,29008.0,12226.0,39070.0,2421.0,2393.0,16782.0,14338.0,-2428.0,791.0,-2951.0,672.0,2398.0,4095.0,-1194.0,2901.0,0.02173035909850718,0.14346264367816097,-0.10910504971946,-0.9702620967741935,0.13439749162687953,0.651948051948052,1.9010901090109011,0.46489336208962384,-0.05982288959476367,-0.36322987901104686,-0.44593655938874743,15129.0,-0.3334882856080327,-2385.0,-2520.0,-3449.0,0.0059880239520957446,1.3602362204724407,2686.0,-0.5169902912621359,3964.0
NB_1360,2016-12-31,6352.0,4699.0,1278.0,0.0,1278.0,720.0,2142.0,1343.0,1653.0,1164.0,210.0,799.0,7068.0,876.0,1062.0,573.0,74.0,163.0,822.0,-285.0,537.0,,,,,,,,,,,,,,,,,,,,,
NB_1360,2017-12-31,6374.0,4616.0,1279.0,0.0,1279.0,701.0,2195.0,1391.0,1758.0,429.0,183.0,804.0,7441.0,881.0,1086.0,479.0,94.0,165.0,814.0,-361.0,453.0,0.0034634760705289924,-0.01766333262396258,0.0007824726134584292,,0.0007824726134584292,-0.026388888888888906,0.02474323062558348,0.035740878629932915,0.06352087114337568,-0.6314432989690721,-0.12857142857142856,5.0,0.05277306168647433,5.0,24.0,-94.0,0.2702702702702702,0.012269938650306678,-8.0,0.2666666666666666,-84.0
NB_1360,2018-12-31,6383.0,4867.0,1283.0,0.0,1283.0,240.0,1745.0,1829.0,1516.0,252.0,128.0,-84.0,8176.0,951.0,1154.0,836.0,58.0,167.0,914.0,-402.0,512.0,0.0014119861939128064,0.054376083188908186,0.0031274433150898506,,0.0031274433150898506,-0.6576319543509273,-0.2050113895216401,0.314881380301941,-0.1376564277588168,-0.4125874125874126,-0.3005464480874317,-888.0,0.09877704609595495,70.0,68.0,357.0,-0.3829787234042553,0.0121212121212122,100.0,0.11357340720221609,59.0
NB_1360,2019-12-31,7031.0,5443.0,1501.0,51.0,1450.0,75.0,1785.0,1890.0,1588.0,318.0,136.0,-105.0,8899.0,736.0,1010.0,549.0,70.0,180.0,896.0,-436.0,460.0,0.10151966160112802,0.11834805835216766,0.16991426344505056,,0.13016367887763058,-0.6875,0.022922636103151817,0.03335155822854019,0.0474934036939314,0.26190476190476186,0.0625,-21.0,0.08842954990215257,-215.0,-144.0,-287.0,0.2068965517241379,0.07784431137724557,-18.0,0.08457711442786064,-52.0
NB_1360,2020-12-31,8157.0,6256.0,1907.0,64.0,1843.0,512.0,2444.0,2226.0,1901.0,397.0,137.0,218.0,9361.0,799.0,1101.0,696.0,114.0,191.0,1093.0,-336.0,757.0,0.16014791637035986,0.14936615836854683,0.2704863424383743,0.2549019607843137,0.27103448275862063,5.826666666666667,0.36918767507002803,0.1777777777777778,0.19710327455919385,0.2484276729559749,0.007352941176470562,323.0,0.05191594561186652,63.0,91.0,147.0,0.6285714285714286,0.061111111111111116,197.0,-0.22935779816513757,297.0
NB_1603,2017-04-30,80.916,37.659,6.94,4.509,2.431,12.506,59.812,26.927,43.257,29.889,14.935,32.885,138.558,6.542,9.244,4.515,0.292,2.702,11.662,-2.611,9.051,,,,,,,,,,,,,,,,,,,,,
NB_1603,2018-04-30,85.083,36.891,6.316,5.052,1.264,9.716,64.391,27.616,48.192,32.66,18.549,36.775,158.05,9.919,12.68,5.281,0.299,2.761,3.183,-3.395,-0.212,0.05149784962183013,-0.0203935314267506,-0.08991354466858792,0.12042581503659333,-0.48004936240230356,-0.22309291540060783,0.07655654383735722,0.025587700077988718,0.11408558152437753,0.09270969252902406,0.2419819216605288,3.8900000000000006,0.14067755019558614,3.3770000000000007,3.436,0.766,0.023972602739726012,0.021835677276091925,-8.479000000000001,0.3002680965147453,-9.263
NB_1603,2019-04-30,87.223,39.52,10.926,10.697,0.229,10.647,65.357,32.733,47.703,33.259,17.206,32.624,146.55,2.112,4.683,1.529,0.367,2.571,2.49,-4.213,-1.723,0.025151910487406504,0.07126399392805838,0.7298923369221026,1.117379255740301,-0.8188291139240507,0.09582132564841506,0.015002096566290257,0.18529113557358046,-0.010146912350597503,0.018340477648499887,-0.07240282495013206,-4.150999999999996,-0.07276178424549196,-7.807,-7.997,-3.752,0.22742474916387967,-0.06881564650488947,-0.6929999999999996,0.24094256259204716,-1.5110000000000001
NB_1603,2020-04-30,83.929,45.226,13.913,6.02,7.893,4.365,54.231,27.06,38.703,28.062,15.33,27.171,147.54,-2.345,2.75,-4.687,0.493,2.654,4.161,-2.465,1.696,-0.037765268335186786,0.14438259109311735,0.2733845872231375,-0.4372253902963448,33.46724890829694,-0.5900253592561284,-0.17023425187814611,-0.17331133718265967,-0.18866737941010003,-0.15625845635767754,-0.10903173311635472,-5.453000000000003,0.006755373592630454,-4.457000000000001,-1.9329999999999998,-6.216,0.3433242506811989,0.03228315830416162,1.6709999999999994,-0.4149062425824829,3.419
NB_1603,2021-04-30,89.384,47.897,16.148,8.197,7.951,5.206,60.457,34.181,41.241,34.095,16.517,26.276,147.469,-1.316,4.225,-3.672,0.389,2.687,0.912,-2.397,-1.485,0.06499541278938148,0.05905894839251746,0.16064112700352173,0.3616279069767441,0.007348283288990176,0.1926689576174112,0.11480518522616223,0.2631559497413156,0.06557631191380509,0.21498824032499453,0.07742987606001295,-0.8949999999999996,-0.0004812254303917518,1.0290000000000001,1.4749999999999996,1.0150000000000001,-0.21095334685598377,0.012434061793519247,-3.2489999999999997,-0.02758620689655178,-3.181
NB_3102,2016-12-31,2391.731,1409.145,756.392,1.597,754.795,399.948,1253.216,349.848,982.586,439.342,350.028,903.368,2521.676,243.504,325.921,173.232,44.409,66.482,219.168,-57.92,161.248,,,,,,,,,,,,,,,,,,,,,
NB_3102,2017-12-30,2602.25,1450.455,755.015,1.127,753.888,492.805,1472.565,402.998,1151.795,503.677,420.948,1069.567,2745.967,267.08,352.037,116.24,44.645,69.046,133.148,-55.266,77.882,0.08801951390018359,0.02931564885089899,-0.0018204846164423527,-0.2943018159048215,-0.0012016507793506381,0.23217268244871847,0.1750288856829152,0.15192312089821858,0.17220782710113935,0.1464348958214785,0.20261236243957614,166.19899999999996,0.08894520945593332,23.575999999999993,26.115999999999985,-56.992000000000004,0.0053142381048887355,0.03856683011943085,-86.02000000000001,-0.045821823204419965,-83.36599999999999
NB_3102,2018-12-29,2530.274,1394.751,753.279,11.457,741.822,313.21,1340.64,409.035,1135.523,483.963,383.566,931.605,2757.144,202.28,285.107,94.351,44.237,67.499,153.008,-71.985,81.023,-0.027659141127870157,-0.03840450065669043,-0.0022992920670450445,9.165927240461402,-0.016005029924869518,-0.3644342082568156,-0.08958857503743467,0.01498022322691428,-0.014127514010739861,-0.039140163239536396,-0.08880431787299148,-137.962,0.004070332964671408,-64.79999999999998,-66.92999999999995,-21.888999999999996,-0.009138761339455681,-0.022405352953103863,19.860000000000014,0.30251872760829457,3.140999999999991
NB_3102,2019-12-28,2807.216,1617.471,888.521,37.76,850.761,353.542,1432.224,513.779,1189.745,480.0,418.37,918.445,2766.976,227.905,329.742,146.408,40.153,64.177,307.614,-97.425,210.189,0.10945138747819416,0.15968441678837308,0.17953772772107013,2.2958016932879457,0.14685328825513388,0.1287698349350277,0.06831364124597195,0.2560758859266321,0.04775068404602978,-0.00818864252019269,0.09073796947591828,-13.159999999999968,0.003566008884555938,25.625,44.63499999999999,52.05699999999999,-0.09232090783733082,-0.049215543933984085,154.60599999999997,0.35340695978328807,129.166
NB_3102,2020-12-26,2953.16,1745.324,861.186,52.553,808.633,400.726,1554.625,673.303,1207.836,511.714,448.941,881.322,2895.355,225.953,328.321,140.693,41.075,63.89,316.294,-106.7,209.594,0.05198887438658084,0.07904500297068706,-0.030764607702012614,0.39176377118644057,-0.049518019749377196,0.13346080522257608,0.08546219027191282,0.31049147590695614,0.015205779389701357,0.0660708333333333,0.07307168296005928,-37.12300000000005,0.04639686068834714,-1.9519999999999982,-1.4209999999999923,-5.714999999999975,0.022962169700894153,-0.00447200710534934,8.680000000000007,0.09520143700282269,-0.5949999999999989
NB_1320,2016-12-31,1733.453,810.862,244.294,14.796,229.498,189.326,1088.992,529.934,922.591,419.345,55.245,559.058,2514.617,92.354,156.729,57.122,12.366,61.0,73.146,-90.97,-17.824,,,,,,,,,,,,,,,,,,,,,
NB_1320,2017-12-31,1871.978,879.173,224.501,46.048,178.453,233.711,1232.078,655.274,992.805,479.791,62.497,576.804,2989.713,98.715,165.06,69.098,10.8,63.8,146.195,-67.695,78.5,0.07991275217730176,0.08424491467105377,-0.08102122851973448,2.1121924844552584,-0.22242023895633067,0.23443689720376515,0.1313930680849813,0.23652001947412327,0.07610522972801603,0.1441438433747868,0.1312697981717803,17.74599999999998,0.18893374219612769,6.361000000000004,8.330999999999989,11.975999999999999,-0.1266375545851528,0.04590163934426217,73.04899999999999,-0.2558535781026713,96.324
NB_1320,2018-12-31,2427.15,1137.796,382.405,47.286,335.119,272.804,1340.504,737.437,1289.354,484.753,88.623,603.067,3287.031,8.216,144.06,0.582,14.571,96.4,86.39,-111.101,-24.711,0.29656972464419984,0.294166222120106,0.7033554416238679,0.02688498957609453,0.8779118311264031,0.16727068901335396,0.08800254529339857,0.12538724258859646,0.2986981330674201,0.010342003080507922,0.41803606573115526,26.263000000000034,0.09944700377594762,-90.49900000000001,-21.0,-68.516,0.3491666666666666,0.5109717868338559,-59.80499999999999,0.6411994977472488,-103.211
NB_1320,2019-12-31,2502.088,1323.672,440.057,25.331,414.726,262.273,1376.941,842.056,1178.416,547.417,88.885,534.885,3445.606,-82.899,124.019,-60.191,18.374,101.9,111.438,-106.828,4.61,0.030874894423500887,0.1633649617330346,0.1507616270707759,-0.46430233049951364,0.23754845293761306,-0.038602806410462986,0.02718156752982459,0.14186839011332486,-0.086041537079809,0.12926995810237396,0.002956343161481856,-68.18200000000002,0.048242623814621854,-91.115,-20.040999999999997,-60.773,0.2609978724864457,0.05705394190871371,25.048000000000002,-0.038460499905491385,29.320999999999998
NB_1320,2020-12-31,2379.996,1388.386,394.916,24.578,370.338,425.292,1455.246,943.256,991.61,437.558,62.471,511.99,3128.879,19.735,150.593,-145.117,23.866,62.7,268.46,-93.253,175.207,-0.048796045542762734,0.04888975516593219,-0.10257989305930826,-0.029726422170463063,-0.10702970153788283,0.6215622652732073,0.05686881282495038,0.12018203064879285,-0.15852296642272334,-0.20068613141352942,-0.297170501209428,-22.894999999999982,-0.09192200152890384,102.634,26.573999999999984,-84.92599999999999,0.2989006204419289,-0.3846908734052993,157.022,-0.12707342644250574,170.59699999999998
NB_1849,2016-12-31,6284.467,3968.223,1790.159,43.598,1746.561,46.107,977.475,669.659,,630.243,238.273,307.816,4128.828,408.909,625.227,64.433,87.848,216.318,462.209,-388.183,74.026,,,,,,,,,,,,,,,,,,,,,
NB_1849,2017-12-31,6334.666,3905.623,1714.853,148.499,1566.354,34.599,1069.995,812.858,,727.03,226.583,257.137,4443.351,424.048,631.534,281.203,82.788,207.486,448.011,-341.382,106.629,0.007987789577063698,-0.015775323110621575,-0.042066654414496196,2.4060966099362355,-0.10317818845147686,-0.24959333723729593,0.09465203713649961,0.2138386850620988,,0.1535709242308123,-0.049061370780575264,-50.678999999999974,0.07617730745867823,15.13900000000001,6.307000000000016,216.76999999999998,-0.057599490028230615,-0.04082877985188482,-14.197999999999979,-0.12056426994484559,32.60300000000001
NB_1849,2018-12-31,6988.11,4421.335,2108.695,251.854,1856.841,53.948,1184.132,986.05,,722.945,287.309,198.082,4531.552,401.723,621.928,272.318,84.614,220.205,499.881,-568.23,-68.349,0.10315366271876036,0.1320434665609047,0.22966516663527425,0.6959979528481675,0.18545424597504767,0.5592358160640483,0.10667059191865391,0.21306550467609342,,-0.005618750257898486,0.26800774991945575,-59.05500000000001,0.019850108622973872,-22.32499999999999,-9.605999999999995,-8.884999999999991,0.02205633666715001,0.06130052148096743,51.86999999999995,0.6644990069775207,-174.978
NB_1849,2019-12-31,7683.059,4835.813,2358.513,48.204,2310.309,66.459,1297.701,866.427,,836.605,278.407,431.274,5336.776,481.22,780.996,335.453,98.587,256.017,542.28,-576.065,-33.785,0.09944734699367941,0.0937449887873234,0.11847042839291588,-0.808603397206318,0.24421477121627566,0.23190850448580114,0.09590907094817136,-0.12131534912022712,,0.15721804563279362,-0.030984062455405303,233.192,0.1776927639801993,79.49700000000001,159.06799999999998,63.13499999999999,0.16513815680620225,0.16263027633341642,42.399,0.013788430741073165,34.56400000000001
NB_1849,2020-12-31,8053.372,4974.267,2383.653,85.21,2298.443,59.547,1337.347,963.522,,873.986,291.167,373.825,5532.75,544.925,875.344,390.205,96.519,285.1,768.374,-558.007,210.367,0.048198640671638815,0.02863096649932495,0.010659258609132083,0.7676956269189277,-0.005136109498772634,-0.10400397237394488,0.030550951259188386,0.11206368222596952,,0.04468177933433348,0.04583218094372632,-57.44900000000001,0.03672142132253642,63.70499999999993,94.34800000000007,54.75200000000001,-0.020976396482294768,0.11359792513778388,226.09400000000005,-0.03134715700485202,244.152
NB_1324,2016-12-31,5694.307,3788.539,2247.052,406.106,1840.946,274.146,3020.229,1628.937,1905.768,1223.096,1406.47,1391.292,10137.204,1119.497,1368.354,605.928,66.332,166.0,1024.083,-284.249,739.834,,,,,,,,,,,,,,,,,,,,,
NB_1324,2017-12-31,5804.0,3976.0,2343.0,95.0,2248.0,327.0,3206.0,1507.0,1828.0,1325.0,1429.0,1699.0,10425.0,1035.0,1299.0,586.0,89.0,170.0,1057.0,-237.0,820.0,0.01926362593376152,0.04948107964574211,0.04269950139115597,-0.7660709272948442,0.22111131994094357,0.1927950799938718,0.06150891207256137,-0.07485679311109017,-0.04080664592962002,0.08331643632225116,0.016018827276799374,307.7080000000001,0.02839007679040506,-84.49700000000007,-69.35400000000004,-19.927999999999997,0.3417355122716035,0.024096385542168752,32.916999999999916,-0.16622397967978786,80.16600000000005
NB_1324,2018-12-31,5873.0,3780.0,2220.0,130.0,2090.0,538.0,3557.0,1501.0,2093.0,1385.0,1541.0,2056.0,11221.0,1158.0,1415.0,782.0,88.0,162.0,1057.0,-239.0,818.0,0.011888352860096596,-0.04929577464788737,-0.052496798975672165,0.368421052631579,-0.07028469750889677,0.6452599388379205,0.10948222083593273,-0.003981420039814165,0.14496717724288843,0.04528301886792452,0.07837648705388389,357.0,0.07635491606714617,123.0,116.0,196.0,-0.011235955056179803,-0.04705882352941182,0.0,0.00843881856540074,-2.0
NB_1324,2019-12-31,6005.0,3945.0,2444.0,359.0,2085.0,360.0,3555.0,1678.0,2060.0,1425.0,1655.0,1877.0,11486.0,1262.0,1567.0,849.0,79.0,150.0,1042.0,-221.0,821.0,0.022475736420909165,0.04365079365079372,0.10090090090090098,1.7615384615384615,-0.0023923444976076125,-0.33085501858736055,-0.0005622715771718134,0.11792138574283806,-0.015766841853798397,0.028880866425992746,0.07397793640493178,-179.0,0.023616433472952503,104.0,152.0,67.0,-0.10227272727272729,-0.07407407407407407,-15.0,-0.07531380753138073,3.0
NB_1324,2020-12-31,6295.0,4202.0,2616.0,65.0,2551.0,585.0,3919.0,1441.0,2093.0,1474.0,1733.0,2478.0,11797.0,1019.0,1277.0,695.0,93.0,116.0,1123.0,-197.0,926.0,0.048293089092422914,0.06514575411913825,0.07037643207855981,-0.818941504178273,0.22350119904076737,0.625,0.10239099859353029,-0.14123957091775918,0.016019417475728215,0.03438596491228063,0.04712990936555883,601.0,0.027076440884555186,-243.0,-290.0,-154.0,0.17721518987341778,-0.22666666666666668,81.0,-0.10859728506787325,105.0
NB_1277,2016-06-30,437.147,373.838,212.0,212.0,0.0,17.142,418.261,366.593,63.309,43.302,245.057,51.668,6784.039,12.288,13.504,9.271,6.319,0.833,-56.156,-1.466,-57.622,,,,,,,,,,,,,,,,,,,,,
NB_1277,2017-06-30,478.5,405.477,180.5,180.5,0.0,13.059,447.021,404.36,73.023,39.295,284.659,42.661,6989.624,7.991,9.512,7.086,10.117,1.099,-9.781,-2.265,-12.046,0.09459746950110604,0.08463291586195076,-0.1485849056603774,-0.1485849056603774,,-0.23818690934546727,0.06876089331780877,0.10302160706832919,0.1534378998246695,-0.09253614151771272,0.16160321884296303,-9.006999999999998,0.030304218475159184,-4.297000000000001,-3.991999999999999,-2.1850000000000005,0.6010444690615606,0.31932773109243695,46.375,0.5450204638472034,45.576
NB_1277,2018-06-30,743.001,673.893,200.0,200.0,0.0,6.291,706.983,665.869,69.108,35.856,280.116,41.114,7606.248,-6.609,-3.983,-3.397,13.891,1.712,7.646,-1.317,6.329,0.5527711598746081,0.6619758950569332,0.10803324099723,0.10803324099723,,-0.5182632667126119,0.5815431489795779,0.646723216935404,-0.053613245141941435,-0.08751749586461377,-0.015959446214593664,-1.5470000000000041,0.0882199099694061,-14.6,-13.495000000000001,-10.483,0.3730354848275179,0.5577797998180163,17.427,-0.41854304635761597,18.375
NB_1277,2019-06-30,705.362,632.796,353.364,261.505,91.859,8.32,668.85,540.937,72.566,152.193,292.861,127.913,4783.157,-0.544,2.263,2.225,17.146,1.798,-14.533,-0.49,-15.023,-0.050658074484421944,-0.06098445895713411,0.7668199999999998,0.30752500000000005,,0.32252424097917665,-0.053937647722788085,-0.1876224903096555,0.050037622272385285,3.2445615796519416,0.04549900755401337,86.799,-0.3711542142722667,6.0649999999999995,6.246,5.622,0.2343243826938306,0.050233644859813076,-22.179,-0.6279422930903569,-21.352
NB_1277,2020-06-30,758.035,653.141,307.304,210.985,96.319,52.325,714.019,556.76,101.004,112.852,321.281,157.259,5461.094,30.217,34.517,30.509,18.859,1.9,47.935,-0.836,47.099,0.07467513135099435,0.03215096176334864,-0.1303471774147904,-0.193189422764383,0.04855267311858391,5.2890625,0.06753233161396421,0.029251095783797254,0.39189151944436795,-0.25849414887675526,0.09704262431665533,29.34599999999999,0.141734214452923,30.761,32.254000000000005,28.284,0.0999066837746414,0.05672969966629582,62.468,0.7061224489795919,62.122
NB_1277,2021-06-30,1191.581,827.639,485.983,387.443,98.54,101.405,964.227,709.585,363.942,201.968,458.019,254.642,7613.015,151.389,163.686,159.637,19.865,1.4,-52.654,-2.113,-54.767,0.571934013600955,0.26716742632907753,0.5814405279462684,0.8363532952579564,0.02305879421505619,0.9379837553750596,0.350422047592571,0.27448990588404354,2.6032434359035284,0.7896714280650763,0.42560250995234705,97.38300000000001,0.39404577178125844,121.17200000000001,129.169,129.128,0.05334323134842767,-0.26315789473684215,-100.589,1.527511961722488,-101.866
NB_331,2016-12-31,1758.0,1491.6,873.6,25.0,848.6,141.9,406.2,224.1,266.4,55.0,46.9,182.1,837.3,188.9,278.1,104.7,49.5,75.3,49.3,-104.2,-54.9,,,,,,,,,,,,,,,,,,,,,
NB_331,2017-12-31,1873.5,1454.2,850.2,32.5,817.7,159.6,648.9,269.9,419.3,60.9,53.8,379.0,893.6,243.8,333.0,154.8,35.4,74.6,170.4,-89.7,80.7,0.0656996587030716,-0.02507374631268433,-0.0267857142857143,0.30000000000000004,-0.0364129153900542,0.12473572938689204,0.5974889217134416,0.20437304774654175,0.5739489489489491,0.10727272727272719,0.14712153518123672,196.9,0.067239937895617,54.900000000000006,54.89999999999998,50.10000000000001,-0.2848484848484849,-0.009296148738379806,121.10000000000001,-0.13915547024952013,135.6
NB_331,2018-12-31,1838.3,1612.3,819.8,55.0,764.8,325.7,717.6,549.5,226.0,68.4,61.2,168.1,975.3,249.4,328.8,185.9,39.2,64.3,203.2,-71.9,131.3,-0.018788364024552973,0.10871957089808815,-0.03575629263702673,0.6923076923076923,-0.06469365292894713,1.0407268170426067,0.10587147480351367,1.0359392367543538,-0.4610064393036013,0.1231527093596061,0.1375464684014871,-210.9,0.09142793196060861,5.599999999999994,-4.199999999999989,31.099999999999994,0.10734463276836181,-0.13806970509383376,32.79999999999998,-0.19843924191750273,50.60000000000001
NB_331,2019-12-31,1493.3,1128.4,646.1,11.5,634.6,45.3,244.4,155.2,364.9,80.1,68.5,89.2,1038.1,317.4,396.3,214.5,38.4,52.2,182.7,-71.3,111.4,-0.1876733938965348,-0.30013024871301863,-0.2118809465723347,-0.7909090909090909,-0.17024058577405854,-0.8609149524101934,-0.6594202898550725,-0.7175614194722475,0.6146017699115043,0.17105263157894712,0.11928104575163401,-78.89999999999999,0.06439044396595905,67.99999999999997,67.5,28.599999999999994,-0.020408163265306256,-0.18818040435458783,-20.5,-0.00834492350486804,-19.900000000000006
NB_331,2020-12-31,1718.5,1267.6,755.7,31.8,723.9,136.9,311.8,172.3,450.9,74.3,81.5,139.5,936.9,254.8,344.4,-99.1,24.1,61.9,218.8,-55.4,163.4,0.15080693765485842,0.12336051045728458,0.16963318371769076,1.7652173913043478,0.14071856287425133,2.022075055187638,0.27577741407528644,0.11018041237113407,0.23568100849547813,-0.07240948813982517,0.1897810218978102,50.3,-0.09748579134958091,-62.599999999999966,-51.900000000000034,-313.6,-0.37239583333333326,0.18582375478927204,36.10000000000002,-0.22300140252454415,52.0
NB_848,2016-07-31,1787.0,1015.6,566.9,216.7,350.2,243.2,1009.7,543.8,771.4,452.4,234.1,465.9,2220.3,274.2,349.1,190.8,20.7,68.8,286.1,-72.9,213.2,,,,,,,,,,,,,,,,,,,,,
NB_848,2017-07-31,1979.7,1125.2,611.2,73.9,537.3,308.4,1151.0,484.1,854.5,497.7,293.5,666.9,2371.9,328.6,403.8,232.8,19.5,68.8,317.8,-65.9,251.9,0.10783435926133178,0.10791650256006302,0.07814429352619512,-0.6589755422242731,0.5342661336379211,0.26809210526315796,0.13994255719520643,-0.10978300845899214,0.1077262120819289,0.10013262599469508,0.253737718923537,201.0,0.06827906138810058,54.400000000000034,54.69999999999999,42.0,-0.05797101449275355,0.0,31.69999999999999,-0.0960219478737997,38.70000000000002
NB_848,2018-07-31,1976.6,1118.8,543.1,43.5,499.6,204.7,1125.7,469.4,857.8,534.6,334.1,656.3,2734.2,377.0,453.7,180.3,21.3,71.1,262.9,-97.5,165.4,-0.001565893822296327,-0.0056878777106292855,-0.11142015706806285,-0.4113667117726658,-0.07016564302996453,-0.33625162127107655,-0.021980886185925197,-0.0303656269365834,0.0038619075482737575,0.07414104882459327,0.13833049403747877,-10.600000000000023,0.15274674311733194,48.39999999999998,49.89999999999998,-52.5,0.09230769230769242,0.03343023255813948,-54.900000000000034,0.479514415781487,-86.5
NB_848,2019-07-31,2142.6,1239.9,636.7,52.3,584.4,177.8,1122.6,482.9,902.7,529.5,332.8,639.7,2844.9,388.2,469.3,267.2,19.9,73.5,345.8,-150.7,195.1,0.08398259637761818,0.10824097247050424,0.17234395139016767,0.20229885057471253,0.16973578863090455,-0.1314118221787981,-0.002753842053833333,0.028760119301235676,0.05234320354394972,-0.009539842873176219,-0.0038910505836575737,-16.59999999999991,0.04048716260697849,11.199999999999989,15.600000000000023,86.89999999999998,-0.06572769953051649,0.03375527426160341,82.90000000000003,0.5456410256410256,29.69999999999999
NB_848,2020-07-31,2244.6,1240.8,700.7,35.2,665.5,236.6,1096.7,406.8,1003.8,455.3,322.7,689.9,2581.8,340.1,427.7,257.0,17.4,79.3,387.0,-124.4,262.6,0.04760571268552227,0.0007258649891119795,0.10051829747133656,-0.32695984703632874,0.13877481177275852,0.3307086614173227,-0.023071441296989015,-0.15758956305653338,0.11199734130940509,-0.14013220018885741,-0.03034855769230771,50.19999999999993,-0.09248128229463248,-48.099999999999966,-41.60000000000002,-10.199999999999989,-0.12562814070351758,0.07891156462585025,41.19999999999999,-0.17451891174518896,67.50000000000003
NB_3271,2016-12-31,43.9137,31.9362,21.8314,14.8902,6.9412,0.563,34.9594,23.8796,11.9776,14.839,18.348,11.0798,64.2684,2.8398,4.2002,0.6525,1.4546,,-0.4489,-0.6302,-1.0791,,,,,,,,,,,,,,,,,,,,,
NB_3271,2017-12-31,39.984,29.5398,21.87,15.1985,6.6715,0.181,32.2915,22.6609,10.4443,11.2358,18.8659,9.6306,56.2366,0.6298,2.0662,-1.6031,1.5762,,1.2594,-0.7532,0.5062,-0.08948687994862647,-0.07503710522854945,0.0017680954954790717,0.020704893151200165,-0.038854953034057504,-0.6785079928952042,-0.07631423880272548,-0.05103519321931682,-0.12801395939086302,-0.2428195970078847,0.028226509701329894,-1.4492000000000012,-0.12497277044395061,-2.21,-2.134,-2.2556,0.08359686511755826,,1.7083000000000002,0.19517613456045702,1.5853
NB_3271,2018-12-31,38.7608,32.5051,23.8264,21.6622,2.1642,0.2582,33.0107,30.2087,6.2557,10.2457,17.3886,2.802,49.4214,-0.6425,0.5121,-3.5857,2.0726,,-1.2279,-0.4595,-1.6874,-0.030592236894757874,0.10038321180238174,0.08945587562871515,0.4252853900055926,-0.675605186239976,0.4265193370165745,0.022272114952851307,0.3330759149018794,-0.4010417165343776,-0.08812011605760162,-0.07830530215892162,-6.8286,-0.12118798078119952,-1.2723,-1.5540999999999998,-1.9826000000000001,0.31493465296282186,,-2.4873000000000003,-0.38993627190653213,-2.1936
NB_3271,2019-12-31,31.3211,30.1946,21.1264,18.641,2.4853,0.8451,27.6247,27.5244,1.1265,9.0116,13.9595,0.1003,40.537,-2.0059,-0.7775,-7.1274,2.028,,3.6669,-0.0805,3.5864,-0.19193876287383138,-0.0710811534190019,-0.11331967901151663,-0.13946875201964715,0.14836891230015703,2.273044151820294,-0.16315921807171607,-0.08885850764845893,-0.819924229103058,-0.12045053046643961,-0.19720391520881497,-2.7017,-0.1797682785190221,-1.3634,-1.2896,-3.5416999999999996,-0.02151886519347679,,4.8948,-0.8248095756256801,5.2738
NB_292,2016-12-31,5170.0,3725.2,1877.0,105.1,1771.9,229.6,1766.5,708.7,1444.8,452.1,1037.0,1057.8,3134.6,-612.4,-442.1,-640.9,125.4,141.9,-43.7,-202.2,-245.9,,,,,,,,,,,,,,,,,,,,,
NB_292,2017-12-31,5185.4,3340.9,1540.7,10.1,1530.6,141.6,1915.7,712.6,1844.5,545.3,1176.1,1203.1,3525.1,134.6,295.4,-91.9,134.9,135.2,22.4,-122.7,-100.3,0.0029787234042553123,-0.10316224632234505,-0.17916888652104423,-0.9039010466222646,-0.13618150008465502,-0.38327526132404177,0.08446079818850838,0.005503033723719408,0.27664728682170536,0.20614908206149063,0.13413693346190936,145.29999999999995,0.12457729853888844,747.0,737.5,549.0,0.07575757575757569,-0.0472163495419311,66.1,-0.39317507418397624,145.60000000000002
NB_292,2018-12-31,5501.8,3510.2,1542.1,6.6,1535.5,382.0,2246.7,836.9,1991.6,527.8,1211.1,1409.8,4046.6,362.1,518.5,222.4,102.1,131.9,392.8,-139.2,253.6,0.061017472133297446,0.050674967823041595,0.0009086778736937529,-0.3465346534653465,0.003201358944205035,1.6977401129943503,0.172782794800856,0.17443165871456623,0.07975060992138783,-0.03209242618741981,0.02975937420287389,206.70000000000005,0.14793906555842384,227.50000000000003,223.10000000000002,314.3,-0.24314306893995563,-0.02440828402366857,370.40000000000003,0.13447432762836176,353.9
NB_292,2019-12-31,5634.6,3441.4,1491.1,36.0,1455.1,490.8,2303.0,849.2,2193.2,554.1,1155.3,1453.8,4122.5,366.3,544.0,252.5,104.9,127.1,230.1,-168.2,61.9,0.024137554982005982,-0.019600022790724148,-0.03307178522793597,4.454545454545455,-0.05236079452946929,0.2848167539267017,0.025058975386121896,0.014697096427291223,0.10122514561156848,0.04982948086396366,-0.04607381719098336,44.0,0.018756486927296923,4.199999999999989,25.5,30.099999999999994,0.027424094025465307,-0.03639120545868091,-162.70000000000002,0.20833333333333326,-191.7
NB_292,2020-12-31,4034.9,3393.5,1682.1,51.2,1630.9,645.9,2066.0,653.3,641.4,345.8,997.1,1412.7,2982.1,-1302.7,-1131.4,-1572.6,96.1,119.5,166.9,-136.5,30.4,-0.28390657721932344,-0.013918753995466937,0.12809335389980547,0.4222222222222223,0.12081643873273329,0.3160146699266504,-0.10290924880590535,-0.23068770607630718,-0.7075506109793908,-0.3759249232990435,-0.13693412966329088,-41.09999999999991,-0.27662825955124315,-1669.0,-1675.4,-1825.1,-0.08388941849380371,-0.059795436664043966,-63.19999999999999,-0.18846611177170025,-31.5
NB_380,2016-12-31,3806.803,2345.486,1620.161,0.0,1620.161,848.116,1478.952,570.279,1461.317,388.059,190.408,908.673,2356.672,223.853,369.446,128.003,95.05,47.208,314.794,-53.974,260.82,,,,,,,,,,,,,,,,,,,,,
NB_380,2017-12-31,3840.613,2405.747,1560.748,0.0,1560.748,561.108,1372.071,678.928,1434.866,473.57,297.226,693.143,2388.643,235.404,385.054,93.21,82.901,45.597,255.3,-64.261,191.039,0.008881468255646618,0.025692329862553098,-0.0366710468897844,,-0.0366710468897844,-0.33840653872819293,-0.07226806549502629,0.19051902665186682,-0.01810079537841547,0.22035566756601432,0.5609953363304063,-215.52999999999997,0.013566164489585253,11.550999999999988,15.607999999999947,-34.79299999999999,-0.12781693845344555,-0.03412557193695975,-59.49399999999997,0.19059176640604725,-69.781
NB_380,2018-12-31,3779.321,2391.733,1463.2,0.0,1463.2,420.61,1258.724,716.922,1387.588,465.939,316.418,541.802,2585.368,305.221,453.853,160.894,61.559,47.615,289.22,-97.847,191.373,-0.01595891072597,-0.005825217697455143,-0.0625008008980309,,-0.0625008008980309,-0.25039386356993654,-0.0826101564714945,0.05596175146701854,-0.032949418273204634,-0.01611377409886605,0.0645703942454563,-151.341,0.08235847717720901,69.81700000000001,68.79900000000004,67.68400000000001,-0.2574395966273024,0.04425729762922992,33.920000000000016,0.522649818708081,0.3340000000000032
NB_380,2019-12-31,3406.759,2440.94,1509.036,13.9,1495.136,407.48,1377.754,722.544,965.819,334.634,231.333,655.21,2131.278,207.207,361.088,-377.015,55.814,40.409,276.893,-110.002,166.891,-0.09857908338561339,0.020573784782833116,0.03132586112629854,,0.02182613449972659,-0.031216566415444236,0.09456401879999099,0.007841857273176212,-0.30395837957664673,-0.28180727520126025,-0.2689006314432175,113.40800000000002,-0.17563843909261667,-98.01400000000001,-92.76499999999999,-537.909,-0.09332510274695816,-0.15133886380342332,-12.327000000000055,0.1242245546618701,-24.482
NB_380,2020-12-31,3139.734,2382.683,1634.866,14.742,1620.124,501.994,1098.398,520.761,757.051,296.817,247.298,577.637,1862.716,125.41,248.445,-55.162,58.888,42.47,173.364,-90.215,83.149,-0.07838094799191841,-0.02386662515260518,0.0833843592863257,0.06057553956834538,0.08359640862102191,0.23194758024933737,-0.20276188637449066,-0.2792674217763901,-0.21615644339156703,-0.1130100348440386,0.06901306774217253,-77.57300000000009,-0.12600984010532645,-81.797,-112.64300000000003,321.853,0.055075787436843715,0.05100348932168575,-103.52899999999997,-0.17987854766276967,-83.74199999999999
NB_2230,2016-12-31,380.066,285.908,167.197,42.806,124.391,0.137,100.298,81.224,94.158,47.544,1.9,19.074,432.852,19.928,59.042,11.101,3.641,39.114,47.402,-86.128,-38.726,,,,,,,,,,,,,,,,,,,,,
NB_2230,2017-12-31,392.185,264.581,172.636,73.641,98.995,0.224,102.242,110.895,127.604,49.901,1.66,-8.653,437.838,12.68,54.954,38.899,3.902,42.274,50.614,-67.674,-17.06,0.03188656706992998,-0.07459392531863396,0.03253048798722458,0.7203429425781436,-0.2041626805797847,0.635036496350365,0.01938224092205232,0.36529843396040573,0.35521145308948787,0.0495751304055192,-0.12631578947368416,-27.727000000000004,0.011518948739985158,-7.248000000000001,-4.088000000000001,27.798000000000002,0.07168360340565783,0.08078948714015444,3.211999999999996,-0.21426249303362432,21.666
NB_2230,2018-12-31,466.066,326.619,221.223,63.908,157.315,0.282,108.725,107.407,139.447,54.542,1.461,1.318,533.261,41.602,90.989,23.994,6.245,49.387,82.347,-73.882,8.465,0.1883830335173451,0.23447639853201863,0.2814418777080101,-0.132168221507041,0.5891206626597303,0.2589285714285712,0.06340838403004634,-0.03145317642815271,0.09281057020156114,0.0930041482134627,-0.11987951807228903,9.971,0.21794133903407187,28.921999999999997,36.035000000000004,-14.905000000000001,0.6004613018964633,0.16825945025311073,31.732999999999997,0.09173390075952348,25.525
NB_2230,2019-12-31,498.009,364.034,243.922,68.253,175.669,0.318,105.892,124.844,133.975,54.543,1.327,-18.952,514.177,12.547,67.909,7.9,8.654,55.107,84.297,-79.354,4.943,0.06853750327206876,0.11455242958921552,0.10260687179904426,0.06798835826500582,0.11667037472586861,0.1276595744680853,-0.0260565647275236,0.16234509855037382,-0.03924071511040039,1.833449451793534e-05,-0.0917180013689255,-20.270000000000003,-0.03578735365983998,-29.054999999999996,-23.08,-16.094,0.3857485988791032,0.11581995261911038,1.9500000000000028,0.07406404807666278,-3.5220000000000002
NB_2230,2020-12-31,578.592,428.611,287.652,58.403,229.249,0.337,123.521,130.479,149.981,65.102,1.345,-6.958,486.825,33.923,90.643,17.827,8.815,56.168,67.59,-48.226,19.364,0.1618103287289987,0.17739277100490614,0.17927862185452725,-0.14431600076187134,0.30500543636042776,0.05974842767295607,0.16648094284742943,0.045136330140014946,0.11947005038253411,0.1935903782336872,0.013564431047475622,11.994000000000002,-0.05319568942212516,21.376,22.733999999999995,9.927000000000001,0.018604113704645098,0.019253452374471403,-16.706999999999994,-0.39226756055145295,14.421000000000001
NB_951,2016-07-30,1719.716,1162.429,719.327,13.125,706.202,33.787,851.234,322.627,557.287,328.03,73.606,528.607,2672.542,246.874,371.814,128.74,,105.514,261.488,-186.011,75.477,,,,,,,,,,,,,,,,,,,,,
NB_951,2017-07-29,1899.307,1227.724,759.921,21.656,738.265,38.608,938.518,318.538,671.583,369.8,83.204,619.98,3066.88,275.009,422.915,157.217,,123.125,256.443,-201.197,55.246,0.10443061528764064,0.056171172604950304,0.056433305019831126,0.6499809523809523,0.04540202378356328,0.14268801610086723,0.10253819748741244,-0.012674078734885796,0.20509360526981602,0.12733591439807346,0.130396978507187,91.37300000000005,0.14755165681212867,28.13500000000002,51.101,28.477000000000004,,0.16690676118808878,-5.045000000000016,0.08164033309858021,-20.231
NB_951,2019-01-26,2097.503,1293.335,873.199,5.625,867.574,128.342,1096.44,284.991,804.168,625.258,94.385,811.449,3127.7,116.565,296.168,62.907,,156.959,124.447,-164.963,-40.516,,,,,,,,,,,,,,,,,,,,,
NB_951,2020-01-25,2217.631,1349.027,937.088,49.081,888.007,54.56,1258.293,323.025,868.604,817.245,98.324,935.268,3339.682,117.806,339.161,57.215,,166.376,57.999,-120.574,-62.575,0.0572719085503095,0.043060769251586084,0.07316659776293832,7.725511111111112,0.023551881453339973,-0.5748858518645494,0.14761683265842174,0.13345684600566332,0.08012753553983742,0.3070524487491564,0.0417333262700641,123.81900000000007,0.06777568181091542,1.2409999999999997,42.992999999999995,-5.691999999999993,,0.059996559611108724,-66.44800000000001,-0.26908458260337165,-22.059000000000005
NB_951,2021-01-30,1944.165,1132.857,646.412,106.491,539.921,11.77,1168.63,448.49,811.308,858.123,70.849,720.14,3199.165,68.245,279.553,34.337,,155.274,381.777,-58.047,323.73,-0.12331447386873651,-0.16024141844455309,-0.3101907184810817,1.169699068886127,-0.39198564876177766,-0.7842741935483871,-0.07125764825839431,0.38840647008745455,-0.0659633158493399,0.05001927206651624,-0.27943330214393225,-215.12800000000004,-0.04207496402352073,-49.56099999999999,-59.608000000000004,-22.878,,-0.06672837428475265,323.77799999999996,-0.5185778028430674,386.305
NB_2475,2016-12-31,4294.0,1420.0,0.0,0.0,0.0,47.0,1272.0,1082.0,2874.0,723.0,435.0,190.0,4455.0,307.0,371.0,177.0,,57.0,151.0,-60.0,91.0,,,,,,,,,,,,,,,,,,,,,
NB_2475,2017-12-31,4473.0,1870.0,0.0,0.0,0.0,56.0,1392.0,1147.0,2603.0,779.0,465.0,245.0,4519.0,164.0,231.0,-394.0,,57.0,37.0,-49.0,-12.0,0.04168607359105736,0.31690140845070425,,,,0.1914893617021276,0.09433962264150941,0.060073937153419577,-0.09429366736256084,0.0774550484094052,0.06896551724137923,55.0,0.014365881032547767,-143.0,-140.0,-571.0,,0.0,-114.0,-0.18333333333333335,-103.0
NB_2475,2018-12-31,4972.0,3439.0,1201.0,22.0,1179.0,265.0,1809.0,1489.0,1533.0,821.0,628.0,320.0,4827.0,124.0,190.0,405.0,,45.0,462.0,-81.0,381.0,0.11155823831880163,0.8390374331550803,,,,3.7321428571428568,0.2995689655172413,0.2981691368788142,-0.4110641567422205,0.05391527599486512,0.3505376344086022,75.0,0.06815667183005081,-40.0,-41.0,799.0,,-0.21052631578947367,425.0,0.653061224489796,393.0
NB_2475,2019-12-31,5128.0,3526.0,1322.0,53.0,1269.0,122.0,1785.0,1494.0,1602.0,817.0,671.0,291.0,4988.0,258.0,391.0,36.0,69.0,80.0,23.0,-95.0,-72.0,0.03137570394207567,0.025298051759232276,0.10074937552039964,1.4090909090909092,0.07633587786259532,-0.539622641509434,-0.013266998341625258,0.00335795836131636,0.045009784735812186,-0.00487210718635811,0.06847133757961776,-29.0,0.0333540501346592,134.0,201.0,-369.0,,0.7777777777777777,-439.0,0.1728395061728396,-453.0
NB_2475,2020-12-31,5610.0,3617.0,1302.0,40.0,1262.0,517.0,2225.0,1538.0,1993.0,863.0,672.0,687.0,5071.0,311.0,458.0,37.0,63.0,86.0,244.0,-70.0,174.0,0.09399375975038993,0.025808281338627337,-0.015128593040847238,-0.24528301886792447,-0.005516154452324673,3.2377049180327866,0.24649859943977592,0.029451137884872747,0.2440699126092385,0.05630354957160333,0.0014903129657228842,396.0,0.016639935846030518,53.0,67.0,1.0,-0.08695652173913049,0.07499999999999996,221.0,-0.26315789473684215,246.0
NB_1507,2016-06-30,134.737,207.984,182.325,0.0,182.325,5.404,,,,0.0,,,72.898,5.598,10.744,-7.136,10.842,5.146,8.972,-6.745,2.227,,,,,,,,,,,,,,,,,,,,,
NB_1507,2017-06-30,133.209,208.527,182.925,0.0,182.925,2.871,,,,0.0,,,69.005,12.996,18.385,-1.653,10.764,5.305,6.294,-1.203,5.091,-0.011340611710220605,0.0026107777521346964,0.0032908268202387347,,0.0032908268202387347,-0.4687268689859363,,,,,,,-0.05340338555241575,7.398000000000001,7.641000000000002,5.4830000000000005,-0.007194244604316613,0.030897784687135665,-2.678,-0.8216456634544107,2.8640000000000003
NB_1507,2018-06-30,131.68,201.647,180.487,0.0,180.487,8.053,,,,0.0,,,71.579,21.565,26.341,4.081,10.954,5.054,11.448,-0.944,10.504,-0.011478203424693523,-0.03299332940098887,-0.013327866611999584,,-0.013327866611999584,1.804946011842564,,,,,,,0.03730164480834719,8.569,7.9559999999999995,5.734,0.017651430694909154,-0.047313854853911264,5.154000000000001,-0.21529509559434756,5.412999999999999
NB_1507,2019-06-30,130.879,199.308,177.758,2.985,174.773,11.837,,,,0.0,,,74.753,15.196,19.973,1.457,10.938,4.935,14.269,-2.23,12.039,-0.0060829283110572785,-0.011599478296230537,-0.015120202563065455,,-0.031658789829738465,0.46988699863404926,,,,,,,0.04434261445396004,-6.3690000000000015,-6.368000000000002,-2.6240000000000006,-0.0014606536425050276,-0.023545706371191244,2.8209999999999997,1.3622881355932206,1.5350000000000001
NB_1507,2020-06-30,130.217,204.464,187.889,2.985,184.904,14.163,,,-74.247,0.0,,,58.017,4.891,9.606,-3.781,10.318,4.872,-3.454,-2.34,-5.794,-0.005058107106563958,0.025869508499408056,0.05699321549522374,0.0,0.05796661955794091,0.19650249218552007,,,,,,,-0.223883991277942,-10.305,-10.366999999999999,-5.238,-0.05668312305723178,-0.012765957446808418,-17.723,0.049327354260089606,-17.833
NB_1507,2021-06-30,140.346,211.582,190.974,0.0,190.974,6.808,,,-71.236,0.0,,,28.658,-4.87,-0.458,10.409,10.247,4.639,-20.259,-2.917,-23.176,0.07778554259428483,0.03481297441114317,0.016419268823613775,-1.0,0.03282784580106424,-0.5193108804631787,,,-0.0405538270906568,,,,-0.5060413327128255,-9.761,-10.064,14.190000000000001,-0.006881178522969544,-0.047824302134646945,-16.805,0.2465811965811966,-17.381999999999998
NB_1583,2016-12-31,1027.945,341.146,55.04,0.0,55.04,241.111,268.168,0.0,686.799,0.0,0.0,268.168,95.744,1.96,10.531,15.895,12.295,2.1,12.874,-2.899,9.975,,,,,,,,,,,,,,,,,,,,,
NB_1583,2017-12-31,920.993,328.409,55.63,0.0,55.63,192.083,200.454,0.0,592.584,0.0,0.0,200.454,100.038,3.577,12.462,59.578,12.145,1.9,53.631,-31.405,22.226,-0.10404447708778186,-0.03733592069084801,0.010719476744186052,,0.010719476744186052,-0.2033420291898752,-0.25250589182900274,,-0.13717987358746886,,,-67.714,0.044848763368984024,1.617,1.9309999999999992,43.68300000000001,-0.012200081333875623,-0.09523809523809534,40.757,9.833045877888928,12.251
NB_1583,2018-12-31,870.962,337.851,69.374,0.0,69.374,195.155,199.069,0.0,533.111,0.0,0.0,199.069,110.276,29.404,38.402,32.369,11.84,2.4,41.42,-25.377,16.043,-0.05432288844757782,0.028750734602279504,0.24706093834262077,,0.24706093834262077,0.015993086322058758,-0.006909315853013798,,-0.1003621427510698,,,-1.3850000000000193,0.10234111037805627,25.826999999999998,25.94,-27.209000000000003,-0.02511321531494437,0.26315789473684204,-12.210999999999999,-0.1919439579684764,-6.183
NB_1583,2019-12-31,909.233,379.563,93.466,0.246,93.22,185.716,185.716,57.2,529.67,0.0,0.0,128.516,127.085,31.323,42.569,26.775,12.302,10.287,30.393,-74.205,-43.812,0.043941067463333594,0.12346270989282249,0.34727707786778916,,0.343731080808372,-0.04836668289308499,-0.06707724457348951,,-0.006454565747095908,,,-70.553,0.1524266386158366,1.9190000000000005,4.167000000000002,-5.594000000000001,0.03902027027027022,3.286250000000001,-11.027000000000001,1.9241045040784965,-59.855
NB_1583,2020-12-31,1037.324,469.154,159.979,0.256,159.723,106.794,106.794,72.035,568.17,0.0,0.0,34.759,160.555,47.085,61.178,45.203,13.564,12.788,37.331,-121.774,-84.443,0.14087808075597796,0.23603723229081863,0.7116277576872876,0.04065040650406515,0.7133984123578634,-0.42496069267052927,-0.42496069267052927,0.2593531468531467,0.07268676723242784,,,-93.75699999999999,0.26336703780934023,15.762,18.608999999999995,18.428000000000004,0.10258494553731112,0.2431223874793429,6.938000000000002,0.6410484468701569,-40.631
NB_221,2016-12-31,320.712,56.042,0.0,0.0,0.0,146.351,163.719,42.175,264.67,6.949,0.0,121.544,313.139,38.276,57.66,24.155,,18.674,56.014,-13.826,42.188,,,,,,,,,,,,,,,,,,,,,
NB_221,2017-12-31,339.038,49.632,0.0,0.0,0.0,179.205,191.133,43.351,289.406,7.136,0.0,147.782,299.248,34.859,53.635,21.121,,18.178,47.938,-10.855,37.083,0.05714160991793271,-0.11437850183790732,,,,0.22448770421794184,0.1674454400527734,0.027883817427385882,0.09345978010352507,0.026910346812490937,,26.238000000000014,-0.044360491666640134,-3.4170000000000016,-4.024999999999999,-3.0340000000000025,,-0.026560993895255347,-8.076,-0.214884999276725,-5.105000000000004
NB_221,2018-12-31,370.958,49.692,0.0,0.0,0.0,212.131,232.57,44.328,321.266,14.059,0.0,188.242,297.687,32.526,50.027,25.639,,16.938,44.179,-9.43,34.749,0.09414873848949079,0.0012088974854933543,,,,0.18373371278703154,0.21679668084527526,0.022536965698599865,0.11008755865462372,0.9701513452914796,,40.45999999999998,-0.005216409132224653,-2.3329999999999984,-3.607999999999997,4.518000000000001,,-0.06821432500825186,-3.7590000000000003,-0.1312759097190236,-2.333999999999996
NB_221,2019-12-31,354.897,58.164,11.778,2.283,9.495,202.74,222.909,45.278,296.733,11.325,0.0,177.631,286.27,12.756,30.952,10.013,,15.3,38.37,-7.255,31.115,-0.0432960065559983,0.17049021975368261,,,,-0.04426981440713518,-0.041540181450746005,0.021431149611983225,-0.07636351185621892,-0.19446617824880863,,-10.61099999999999,-0.03835236338839121,-19.770000000000003,-19.075,-15.626,,-0.09670563230605733,-5.809000000000005,-0.2306468716861082,-3.634000000000004
NB_221,2020-12-31,371.018,64.093,8.847,2.392,6.455,227.686,251.81,55.058,306.925,17.652,0.0,196.752,321.785,24.757,40.641,18.822,,13.0,44.81,-4.926,39.884,0.04542444709310023,0.10193590537101982,-0.24885379521141116,0.047744196233026726,-0.3201685097419694,0.1230442931833875,0.1296538049159075,0.21599893988250374,0.03434737626081352,0.558675496688742,,19.12100000000001,0.12406120096412487,12.001000000000001,9.688999999999997,8.809,,-0.15032679738562094,6.440000000000005,-0.3210199862164025,8.769000000000002
NB_93,2016-12-31,56880.0,49524.0,45954.0,8096.0,0.0,1208.0,,,7356.0,7737.0,,,1122.0,1017.0,1019.0,623.0,,,1352.0,0.0,1352.0,,,,,,,,,,,,,,,,,,,,,
NB_93,2017-12-31,70376.0,61622.0,61120.0,10824.0,0.0,1046.0,,,8754.0,10961.0,,,1368.0,1295.0,1298.0,771.0,,,1260.0,0.0,1260.0,0.23727144866385363,0.24428559890154267,0.33002567785176473,0.3369565217391304,,-0.13410596026490063,,,0.19004893964110936,0.4166989789324027,,,0.2192513368983957,278.0,279.0,148.0,,,-92.0,,-92.0
NB_93,2018-12-31,109241.0,99335.0,97423.0,21706.0,0.0,921.0,,,9906.0,22302.0,,,1402.0,1302.0,1327.0,129.0,,,1113.0,0.0,1113.0,0.5522479254291235,0.612005452598098,0.5939626963350786,1.0053584626755359,,-0.1195028680688337,,,0.13159698423577804,1.0346683696743,,,0.024853801169590684,7.0,29.0,-642.0,,,-147.0,,-147.0
NB_93,2019-12-31,113082.0,102041.0,98953.0,9771.0,0.0,831.0,,,11041.0,10181.0,,,2920.0,2837.0,2837.0,688.0,,,1180.0,0.0,1180.0,0.03516079127800009,0.02724115367191815,0.015704710386664322,-0.5498479683036948,,-0.09771986970684043,,,0.11457702402584302,-0.5434938570531791,,,1.0827389443651927,1535.0,1510.0,559.0,,,67.0,,67.0
NB_93,2020-12-31,81817.0,70738.0,64270.0,11904.0,0.0,1017.0,,,11079.0,11958.0,,,501.0,408.0,,-266.0,0.0,,1747.0,0.0,1747.0,-0.276480783855963,-0.30676884781607394,-0.3504997321960931,0.2182990482038687,,0.22382671480144412,,,0.003441717235757702,0.17454081131519494,,,-0.8284246575342465,-2429.0,,-954.0,,,567.0,,567.0
NB_246,2016-12-31,10354.888,4972.61,4164.025,3152.733,1011.292,125.032,,,5382.278,345.718,,,921.706,56.763,370.153,-65.901,106.953,313.39,393.487,-1561.368,-1167.881,,,,,,,,,,,,,,,,,,,,,
NB_246,2017-12-31,12103.953,5620.784,4764.807,3993.746,771.061,254.381,,,6483.169,444.993,,,1128.097,310.493,727.276,169.093,128.645,416.783,450.882,-1569.269,-1118.387,0.16891201527240063,0.13034885100580973,0.1442791529829912,0.26675681067822743,-0.23754860119530263,1.0345271610467721,,,0.20453997359482345,0.2871560057619216,,,0.22392281269732428,253.73,357.12299999999993,234.99399999999997,0.20281806026946425,0.32991799355435725,57.39499999999998,0.005060306090556521,49.49400000000014
NB_246,2018-12-31,14464.956,6570.242,5478.255,4847.708,630.547,234.181,,,7894.714,540.035,,,1327.459,371.962,849.623,379.312,157.495,477.661,570.339,-1964.348,-1394.009,0.19506048974248347,0.16891914010572195,0.14973282233677043,0.21382481509840634,-0.18223460919434387,-0.07940844638553979,,,0.21772454180972312,0.213580887789246,,,0.17672416467732832,61.468999999999994,122.3470000000001,210.21900000000002,0.22426056201173772,0.14606641825602296,119.45700000000005,0.2517598958495961,-275.62200000000007
NB_246,2019-12-31,18390.503,8224.025,7049.287,6428.127,621.16,189.681,,,10166.478,652.535,,,1531.296,420.035,982.935,363.165,173.675,544.612,683.857,-3484.319,-2800.462,0.2713832658737434,0.2517080801589955,0.28677598979967156,0.3260136542877585,-0.014887074238716602,-0.1900239558290382,,,0.2877576059120064,0.20831983112205688,,,0.15355427173268632,48.073000000000036,133.3119999999999,-16.14699999999999,0.102733420108575,0.14016425875254623,113.51799999999992,0.7737788823568941,-1406.453
NB_246,2020-12-31,22827.878,9384.1,8043.34,7332.361,710.979,568.532,,,13443.778,730.084,,,1885.637,475.89,1193.983,770.959,171.609,698.104,882.51,-4015.864,-3133.354,0.24128622256824617,0.14105927450366473,0.1410146870172828,0.14066834709395115,0.1445988151200981,1.9973060032370138,,,0.3223633592675852,0.11884266744312555,,,0.2313994159195869,55.85499999999996,211.048,407.7939999999999,-0.01189578235209443,0.2818373447518603,198.65300000000002,0.15255348319140705,-332.8919999999998
NB_894,2016-12-31,12192.585,7060.288,5838.607,5835.367,3.24,10.528,,,5132.297,616.207,,,2142.213,497.286,1016.002,426.187,236.48,699.324,911.242,-1647.605,-736.363,,,,,,,,,,,,,,,,,,,,,
NB_894,2017-12-31,21404.345,10300.993,8648.618,8542.036,106.582,0.051,,,11049.45,706.373,,,2457.928,451.295,1046.291,248.259,258.642,842.464,1023.305,-1617.24,-593.935,0.7555214911358012,0.45900464683593656,0.481281065843274,0.4638386925792328,31.895679012345674,-0.9951557750759878,,,1.152924898929271,0.14632420598922113,,,0.14737796848399287,-45.990999999999985,30.288999999999987,-177.92800000000003,0.0937161705006766,0.20468337994978025,112.06299999999999,-0.018429781409985968,142.4280000000001
NB_894,2018-12-31,23766.695,12892.653,11101.479,10415.765,685.714,126.7,,,10858.21,762.869,,,3046.478,549.787,1320.062,331.246,321.529,1186.896,1385.324,-3464.206,-2078.882,0.11036777813102883,0.2515932201876072,0.2836130581787748,0.21935391047286612,5.433675479912181,2483.3137254901962,,,-0.017307648796999087,0.07998040695213438,,,0.23944965027454024,98.49200000000002,273.77099999999996,82.987,0.24314303168085627,0.4088388346564362,362.0190000000001,1.1420481808513272,-1484.9470000000001
NB_894,2019-12-31,23068.131,12418.566,10815.987,10017.514,798.473,89.817,,,10649.565,784.245,,,3209.241,594.215,1494.667,579.761,353.057,1163.774,1513.817,-1578.684,-64.867,-0.029392559630188275,-0.036771873097026564,-0.02571657344034972,-0.038235405656713684,0.1644402768501152,-0.29110497237569066,,,-0.019215413958654226,0.028020538257551353,,,0.05342661263268589,44.428,174.60500000000002,248.515,0.09805647391059602,-0.019481066580391282,128.49299999999994,-0.5442869159628498,2014.015
NB_894,2020-12-31,36076.291,17587.944,14773.429,13065.495,1707.934,108.501,,,18488.347,1131.291,,,3903.609,557.526,2053.304,356.397,333.021,1366.379,1706.541,-2972.633,-1266.092,0.5639017742703123,0.4162620708381304,0.3658881986452094,0.3042652099113614,1.1390003168547969,0.2080229800594544,,,0.7360659332094786,0.44252242602758063,,,0.21636517793459564,-36.68900000000008,558.6370000000002,-223.36399999999998,-0.05675004319415844,0.17409307992788992,192.72399999999993,0.8829816480055539,-1201.2250000000001
NB_994,2016-12-31,3478.987,2397.14,2091.279,199.379,1891.9,56.34,,,1081.847,0.0,,,863.59,283.085,404.979,173.263,105.403,117.4,353.348,-217.681,135.667,,,,,,,,,,,,,,,,,,,,,
NB_994,2017-12-31,3610.032,2509.99,2200.017,228.302,1971.715,31.085,,,1100.042,0.0,,,917.732,304.618,429.569,197.589,102.801,121.455,377.987,-262.602,115.385,0.03766757392309894,0.04707693334557006,0.051995931676261264,0.14506542815441947,0.042187747766795125,-0.44826056088036925,,,0.016818459541876107,,,,0.06269410252550389,21.533000000000015,24.590000000000032,24.325999999999993,-0.02468620437748459,0.03454003407155026,24.63900000000001,0.20636160252847047,-20.281999999999996
NB_994,2018-12-31,3925.808,2732.464,2348.352,198.626,2149.726,65.974,,,1193.344,0.0,,,979.128,327.173,465.861,212.612,112.18,130.022,411.084,-415.73,-4.646,0.08747180080398165,0.08863541289009125,0.06742447899266235,-0.12998572066823766,0.09028231767775785,1.1223741354350976,,,0.08481676154183226,,,,0.06689970492474928,22.555000000000007,36.29199999999997,15.022999999999996,0.09123452106497032,0.07053641266312627,33.09699999999998,0.5831181788409838,-120.031
NB_994,2019-12-31,4151.275,2829.387,2424.617,358.949,2065.668,28.86,,,1321.888,0.0,,,1030.049,385.674,578.854,279.139,104.223,152.11,443.52,-443.404,0.116,0.05743199871211213,0.03547091562779969,0.032475966124329014,0.8071601905087955,-0.039101727382931606,-0.562554945887774,,,0.10771747291644318,,,,0.052006479234584235,58.500999999999976,112.99300000000005,66.52700000000002,-0.0709306471741844,0.16987894356339717,32.43599999999998,0.06656724316262963,4.762
NB_994,2020-12-31,4418.969,3114.214,2683.324,222.0,2461.324,24.06,,,1304.755,0.0,,,1118.803,349.574,548.234,228.284,102.771,155.131,466.537,-456.149,10.388,0.0644847667282944,0.10066738837776512,0.10670015099291974,-0.3815277379237719,0.19153900820460978,-0.16632016632016633,,,-0.012961007286547588,,,,0.08616483293513233,-36.099999999999966,-30.620000000000005,-50.85500000000002,-0.013931665755159583,0.019860627177700207,23.016999999999996,0.02874353862391854,10.272
NB_1294,2016-12-31,1495.607,1067.616,451.167,0.0,0.0,56.019,,,427.991,,,,61.031,46.375,,35.357,,,33.342,0.0,33.342,,,,,,,,,,,,,,,,,,,,,
NB_1294,2017-12-31,2499.13,1669.509,1642.922,0.0,121.314,107.765,,,828.621,,,,117.837,95.764,,53.305,,,19.442,0.0,19.442,0.6709804112978879,0.5637729295926626,2.641494169564707,,,0.9237223085024724,,,0.9360710856069403,,,,0.9307728859104389,49.388999999999996,,17.948,,,-13.899999999999999,,-13.899999999999999
NB_1294,2018-12-31,3361.881,2532.35,2422.944,654.263,268.138,91.7,,,827.531,,,,185.326,154.596,154.615,63.075,,0.019,57.419,0.0,57.419,0.34522053674678777,0.5168232096981806,0.47477725661960823,,1.2102807590220421,-0.14907437479701202,,,-0.0013154385418665537,,,,0.572731824469394,58.83200000000001,,9.770000000000003,,,37.977,,37.977
NB_1294,2019-12-31,4460.862,3440.726,3234.699,1041.044,269.634,80.281,,,1019.136,,,,247.467,207.192,207.458,70.214,,0.266,64.182,0.0,64.182,0.32689467592695887,0.358708709301637,0.33502837869963153,0.5911705231688176,0.005579216672012333,-0.12452562704471093,,,0.2315381538576804,,,,0.3353064329883557,52.596000000000004,52.84299999999999,7.138999999999996,,13.000000000000002,6.763000000000005,,6.763000000000005
NB_1294,2020-12-31,4219.648,3284.802,2907.253,927.128,271.25,261.419,,,933.846,,,,221.917,73.089,,-40.439,,0.0,20.255,0.0,20.255,-0.05407340554359219,-0.04531718015325836,-0.10122920246984335,-0.10942476975036597,0.005993309449104922,2.2562997471381765,,,-0.08368853617181604,,,,-0.10324608937757362,-134.103,,-110.65299999999999,,-1.0,-43.92700000000001,,-43.92700000000001
NB_1405,2016-12-31,11408.0,4210.0,3649.0,3586.0,63.0,372.0,,,7198.0,0.0,,,5430.0,684.0,1408.0,762.0,154.0,724.0,1302.0,-356.0,946.0,,,,,,,,,,,,,,,,,,,,,
NB_1405,2017-12-31,11693.0,4524.0,3954.0,3948.0,6.0,913.0,,,7169.0,0.0,,,5387.0,676.0,1427.0,564.0,167.0,751.0,1338.0,-277.0,1061.0,0.024982468443197847,0.07458432304037999,0.08358454371060575,0.10094813162297833,-0.9047619047619048,1.454301075268817,,,-0.004028896915809987,,,,-0.007918968692449346,-8.0,19.0,-198.0,0.0844155844155845,0.037292817679557944,36.0,-0.2219101123595506,115.0
NB_1405,2018-12-31,12090.0,4396.0,3837.0,3831.0,6.0,1542.0,,,7694.0,0.0,,,5524.0,530.0,1474.0,1087.0,176.0,944.0,1300.0,-474.0,826.0,0.03395193705635857,-0.028293545534924802,-0.02959028831562971,-0.029635258358662653,0.0,0.6889375684556407,,,0.07323197098619061,,,,0.02543159457954336,-146.0,47.0,523.0,0.05389221556886237,0.25699067909454065,-38.0,0.7111913357400721,-235.0
NB_1405,2019-12-31,12305.0,4838.0,4400.0,3765.0,635.0,1573.0,,,7467.0,0.0,,,5469.0,799.0,1521.0,920.0,222.0,676.0,1250.0,-558.0,692.0,0.017783291976840365,0.1005459508644222,0.14672921553296847,-0.017227877838684402,104.83333333333333,0.020103761348897464,,,-0.02950350922796985,,,,-0.009956553222302711,269.0,47.0,-167.0,0.26136363636363646,-0.2838983050847458,-50.0,0.17721518987341778,-134.0
NB_1405,2020-12-31,12890.0,6456.0,6151.0,5536.0,615.0,2335.0,,,6434.0,0.0,,,1620.0,-953.0,-288.0,-732.0,194.0,665.0,-307.0,-499.0,-806.0,0.04754164973587982,0.3344357172385284,0.39795454545454545,0.47038512616201866,-0.03149606299212604,0.48442466624284797,,,-0.13834203830186154,,,,-0.7037849698299506,-1752.0,-1809.0,-1652.0,-0.12612612612612617,-0.016272189349112454,-1557.0,-0.10573476702508966,-1498.0
NB_1558,2016-12-31,15706.238,13436.054,13207.71,1650.0,397.041,161.788,,,2270.184,90.831,,,454.466,412.66,417.814,254.411,,,329.715,0.0,329.715,,,,,,,,,,,,,,,,,,,,,
NB_1558,2017-12-31,18657.256,16000.378,15874.032,1650.0,143.231,88.381,,,,73.217,,,602.535,550.975,618.127,348.607,,,290.601,0.0,290.601,0.1878882772564634,0.1908539516140677,0.2018761768694195,0.0,-0.6392538805816024,-0.4537233911044083,,,,-0.1939205777763099,,,0.3258087513697394,138.315,200.31299999999993,94.19600000000003,,,-39.113999999999976,,-39.113999999999976
NB_1558,2018-12-31,17813.505,15526.808,15252.484,1650.0,0.0,135.617,,,,66.598,,,312.748,264.93,307.538,-70.79,,,304.264,0.0,304.264,-0.04522374565691767,-0.029597425760816365,-0.039155017452402685,0.0,-1.0,0.5344587637614417,,,,-0.09040250215113976,,,-0.48094633506767237,-286.045,-310.58899999999994,-419.39700000000005,,,13.663000000000011,,13.663000000000011
NB_1558,2019-12-31,22346.545,19414.646,19182.303,1650.0,0.0,172.507,,,,67.976,,,880.371,834.197,880.44,364.101,,,343.359,0.0,343.359,0.25447209855668484,0.25039518747188727,0.2576510816205413,0.0,,0.2720160451860756,,,,0.020691312051412947,,,1.814953253098341,569.267,572.902,434.891,,,39.09499999999997,,39.09499999999997
NB_1558,2020-12-31,8632.851,7265.693,7228.699,0.0,0.0,148.011,,,1367.158,15.84,,,-1567.765,-1593.253,-1577.273,-1674.352,,,170.459,0.0,170.459,-0.6136829653085074,-0.6257622724617281,-0.6231579180039019,-1.0,,-0.14200003478119738,,,,-0.7669765799694009,,,-2.780800367117954,-2427.45,-2457.7129999999997,-2038.453,,,-172.89999999999998,,-172.89999999999998
NB_2128,2016-12-31,1035.397,779.295,763.504,310.492,453.012,22.705,,,256.102,3.008,,,132.848,21.845,57.488,21.882,21.889,35.643,33.776,-24.344,9.432,,,,,,,,,,,,,,,,,,,,,
NB_2128,2017-12-31,1055.375,813.796,792.824,29.843,762.981,16.036,,,239.444,2.932,,,144.235,13.289,62.041,53.374,29.576,48.752,37.506,-24.443,13.063,0.01929501437612835,0.04427206641900705,0.038401894423604865,-0.9038848021849194,0.6842401525787396,-0.2937238493723848,,,-0.06504439637331993,-0.025265957446808485,,,0.08571450078284948,-8.556,4.552999999999997,31.492,0.351180958472292,0.36778610105771126,3.729999999999997,0.0040667104830758305,3.6310000000000002
NB_2128,2018-12-31,1161.21,862.615,838.02,0.0,838.02,19.864,,,296.028,3.34,,,146.597,16.792,64.262,-1.609,28.572,47.47,41.743,-26.775,14.968,0.10028189032334489,0.05998923563153413,0.05700634693197992,-1.0,0.0983497623138716,0.2387128959840359,,,0.23631412772923954,0.13915416098226463,,,0.01637605296911282,3.503000000000002,2.2210000000000036,-54.983000000000004,-0.033946443061942166,-0.02629635707253042,4.237000000000002,0.09540563760585852,1.9049999999999994
NB_2128,2019-12-31,1865.989,1436.453,1403.048,216.501,1186.547,25.671,,,426.241,6.285,,,181.066,11.421,80.507,99.14,37.385,69.086,51.366,-44.159,7.207,0.6069350074491264,0.6652307228601404,0.6742416648767333,,0.41589341543161273,0.2923378977043898,,,0.4398671747267149,0.8817365269461079,,,0.23512759469839084,-5.371000000000002,16.245000000000005,100.749,0.3084488310233795,0.455361280808932,9.622999999999998,0.6492623716153127,-7.761
NB_2128,2020-12-31,1829.214,1418.189,1345.178,182.323,1162.855,24.457,,,407.927,9.045,,,204.8,19.45,101.861,44.018,44.753,82.411,57.226,-49.977,7.249,-0.01970804758227407,-0.012714651993486648,-0.041245916034234,-0.1578653216382372,-0.01996718208381132,-0.047290717151649675,,,-0.04296630310082783,0.43914081145584727,,,0.13107927496051164,8.029,21.354,-55.122,0.19708439213588336,0.1928755464204035,5.859999999999999,0.13175117190153762,0.041999999999999815
NB_2579,2016-12-31,4825.514,3760.799,3389.908,2569.722,820.186,328.744,,,1059.684,99.443,,,455.187,112.118,166.447,95.306,221.398,51.66,21.455,-173.616,-152.161,,,,,,,,,,,,,,,,,,,,,
NB_2579,2017-12-31,4731.078,3816.829,3476.4,2552.11,924.29,657.688,,,914.249,98.834,,,679.202,155.249,205.183,175.682,194.686,49.033,101.543,-158.467,-56.924,-0.01957014320132522,0.01489842982834233,0.02551455673723302,-0.0068536596565699215,0.1269273067328629,1.0006083761224538,,,-0.13724374436152664,-0.0061241112999406155,,,0.49213839586807184,43.131,38.73599999999999,80.37599999999999,-0.12065149640014805,-0.050851722802942256,80.08800000000001,-0.08725578287715419,95.237
NB_2579,2018-12-31,5014.277,3950.162,3609.086,2171.233,1437.853,931.751,,,1064.115,108.971,,,798.122,-12.267,46.432,-32.262,183.751,58.699,-24.128,-189.038,-213.166,0.05985929633795917,0.03493292468695852,0.038167644689909075,-0.14924004059386153,0.5556297266009587,0.4167067059152667,,,0.16392252001369423,0.10256591861100439,,,0.1750878236518738,-167.516,-158.75099999999998,-207.944,-0.056167366939584795,0.197132543389146,-125.671,0.19291713732196603,-156.242
NB_2579,2019-12-31,5085.109,3847.149,3391.247,2174.087,1217.16,307.172,,,1237.96,64.384,,,479.496,87.518,142.177,324.042,183.919,58.259,-45.625,-157.46,-203.085,0.014126064435610708,-0.026078170971215897,-0.06035849519795311,0.0013144604931851767,-0.15348787393426166,-0.6703282314695664,,,0.16337050036885103,-0.40916390599333774,,,-0.3992196681710315,99.785,95.74499999999999,356.304,0.0009142807386082197,-0.007495868754152535,-21.497,-0.16704577915551366,10.080999999999989
NB_2579,2020-12-31,4861.808,3797.425,3290.772,2074.025,1216.747,98.633,,,1064.383,68.189,,,530.949,102.55,155.942,-42.441,169.574,58.092,21.886,-176.12,-154.234,-0.043912726354538356,-0.012924895812457371,-0.029627744602501616,-0.0460248370925358,-0.00033931446974921897,-0.6788997695102419,,,-0.140212123170377,0.059098533797216524,,,0.1073064217428299,15.031999999999996,13.765000000000015,-366.48299999999995,-0.07799629184586687,-0.0028665098954667734,67.511,0.11850628731106316,48.851
NB_2689,2016-12-31,15857.787,7330.984,6523.798,2407.836,4115.962,279.443,,,7750.911,511.807,,,1863.981,341.145,1186.75,249.896,345.763,821.041,634.714,-449.71,185.004,,,,,,,,,,,,,,,,,,,,,
NB_2689,2017-12-31,13982.904,6629.761,5897.975,3017.85,2880.125,127.888,,,5947.855,446.02,,,1511.473,438.571,858.389,101.374,273.543,403.32,543.001,-364.681,178.32,-0.1182310621273952,-0.09565196159205913,-0.09592924244435519,0.25334532750569405,-0.30025471566549944,-0.5423467397644599,,,-0.232625042398242,-0.12853868743491204,,,-0.18911566158667925,97.42600000000004,-328.361,-148.522,-0.20887139456795545,-0.5087699639847463,-91.71300000000008,-0.18907518178381622,-6.6839999999999975
NB_2689,2018-12-31,12751.358,6115.271,5585.317,3580.461,2004.856,129.475,,,5947.855,405.607,,,1227.392,398.653,688.552,247.262,221.077,279.507,441.537,-314.946,126.591,-0.08807512373681459,-0.07760309911624275,-0.05301107583535036,0.1864277548585913,-0.303899657132937,0.012409295633679429,,,0.0,-0.09060804448231008,,,-0.18794976820624643,-39.918000000000006,-169.837,145.888,-0.19180165458447118,-0.30698452841416246,-101.464,-0.13637946588936622,-51.729
NB_2689,2019-12-31,12766.32,6555.975,5934.256,3324.884,2609.372,166.07,,,5517.198,348.1,,,1238.995,406.405,690.416,270.434,202.174,272.358,376.473,-515.577,-139.104,0.0011733652211787238,0.07206614392068644,0.06247434120570072,-0.07138103166044818,0.3015258951266324,0.28264143657076657,,,-0.07240543019290135,-0.14178009748352471,,,0.00945337756804654,7.751999999999953,1.8640000000000327,23.172000000000025,-0.08550414561442388,-0.025577176958001102,-65.06399999999996,0.637033015183555,-265.695
NB_2689,2020-12-31,11707.567,6211.341,5420.707,2948.756,2471.951,266.059,,,4935.795,381.955,,,1052.744,222.891,548.353,371.055,128.473,313.668,554.236,-544.986,9.25,-0.08293329636105007,-0.05256792467939553,-0.08653974483069149,-0.11312514962928033,-0.05266439587762872,0.602089480339616,,,-0.10538012230121163,0.09725653547831081,,,-0.1503242547387197,-183.51399999999998,-142.0630000000001,100.62099999999998,-0.36454242385272084,0.15167536844887985,177.76299999999998,0.05704094635718815,148.354
NB_3087,2018-12-31,11333.368,4432.346,4122.264,,4122.264,577.883,,,6901.022,,,,897.977,757.954,761.64,523.619,212.663,3.686,504.082,-772.406,-268.324,,,,,,,,,,,,,,,,,,,,,
NB_3087,2019-12-31,13265.619,5216.63,4791.563,,4791.563,1101.893,,,8048.989,,,,894.798,842.499,879.364,545.964,248.384,3.831,682.159,-2.724,679.435,0.17049221378852253,0.17694557238988118,0.16236199331241274,,0.16236199331241274,0.906775246892537,,,0.16634739028509116,,,,-0.0035401797596151807,84.54500000000007,117.72400000000005,22.345000000000027,0.16796998067364788,0.03933803581117745,178.077,-0.9964733572758367,947.759
NB_3087,2020-12-31,17063.613,7569.868,7067.415,,7067.415,315.993,,,9493.745,,,,1225.574,904.556,908.287,891.674,308.605,3.731,883.64,-2.768,880.872,0.2863035641231668,0.451103106795,0.474970693278999,,0.474970693278999,-0.7132271463744665,,,0.1794953378616868,,,,0.36966555580142124,62.057000000000016,28.923000000000002,345.7099999999999,0.24245120458644687,-0.026102845210127956,201.481,0.01615271659324513,201.437
NB_3204,2016-12-31,8453.954,5027.849,4440.814,2733.893,1706.921,155.482,,,3425.14,,,,941.533,319.8,599.493,267.747,183.409,276.51,540.773,-540.594,0.179,,,,,,,,,,,,,,,,,,,,,
NB_3204,2017-12-31,8231.402,4819.052,4265.267,3079.79,1185.477,162.312,,,3411.385,,,,848.302,358.554,619.969,277.289,165.775,253.334,520.659,-31.842,488.817,-0.026325196470196044,-0.04152809680640779,-0.03953036537895993,0.12652177682155075,-0.30548806886786206,0.04392791448527822,,,-0.004015894240819273,,,,-0.09902042732437422,38.75399999999996,20.476,9.541999999999973,-0.09614577256296031,-0.08381613684857692,-20.114000000000033,-0.9410981253953984,488.63800000000003
NB_3204,2018-12-31,14183.039,7352.984,6378.691,3646.033,2732.658,217.644,,,6830.055,,,,885.732,359.281,657.447,411.566,178.375,291.44,509.166,-719.548,-210.382,0.7230404978398577,0.5258154508397088,0.4954962960114806,0.18385766562005856,1.3051126255507275,0.3408990093153925,,,1.0021354962866988,,,,0.04412343717213907,0.7270000000000323,37.47799999999995,134.277,0.07600663549992448,0.150418025215723,-11.492999999999995,21.59744990892532,-699.1990000000001
NB_3204,2019-12-31,14060.918,7112.745,6141.601,4591.456,1550.145,196.028,,,6948.173,,,,1232.766,501.649,960.493,305.243,233.325,447.135,812.077,-717.666,94.411,-0.008610354945791321,-0.03267231371644497,-0.0371690680736847,0.25930182200764507,-0.43273362418568295,-0.09931815257944177,,,0.017293857809344004,,,,0.39180474455027037,142.368,303.04600000000005,-106.32299999999998,0.30805886475122635,0.5342265989569037,302.911,-0.0026155308610404937,304.793
NB_3204,2020-12-31,14707.636,7829.267,6847.464,5550.444,1297.02,248.662,,,6878.369,,,,1209.319,517.718,972.839,455.359,210.087,442.935,801.538,-656.313,145.225,0.0459940097794469,0.10073776017557212,0.11493143237406667,0.208863593596454,-0.16329117598676257,0.26850245883241186,,,-0.01004638197695995,,,,-0.019019830202974597,16.06899999999996,12.346000000000004,150.11599999999999,-0.09959498553519763,-0.009393136301117044,-10.538999999999987,-0.085489628880287,50.81399999999999
NB_3223,2016-12-31,19243.0,10063.0,7122.0,282.0,6840.0,676.0,1622.0,1206.0,9180.0,390.0,358.0,416.0,6365.0,822.0,1387.0,1027.0,431.0,565.0,735.0,-510.0,225.0,,,,,,,,,,,,,,,,,,,,,
NB_3223,2017-12-31,18059.0,9160.0,6294.0,62.0,6232.0,824.0,1715.0,1165.0,8899.0,396.0,383.0,550.0,7196.0,1131.0,1652.0,582.0,393.0,521.0,1201.0,-419.0,782.0,-0.06152886764018084,-0.08973467156911463,-0.11625947767481049,-0.7801418439716312,-0.0888888888888889,0.21893491124260356,0.05733662145499374,-0.033996683250414605,-0.030610021786492414,0.01538461538461533,0.06983240223463683,134.0,0.13055773762765122,309.0,265.0,-445.0,-0.08816705336426911,-0.07787610619469032,466.0,-0.17843137254901964,557.0
NB_3223,2018-12-31,17249.0,8203.0,6344.0,925.0,5419.0,334.0,1602.0,1939.0,9046.0,337.0,389.0,-337.0,7476.0,1394.0,1880.0,748.0,375.0,486.0,1112.0,-427.0,685.0,-0.04485298189268505,-0.10447598253275114,0.007944073721004141,13.919354838709678,-0.13045571245186138,-0.5946601941747574,-0.06588921282798832,0.6643776824034335,0.016518709967412004,-0.148989898989899,0.015665796344647598,-887.0,0.03891050583657596,263.0,228.0,166.0,-0.04580152671755722,-0.06717850287907867,-89.0,0.019093078758949833,-97.0
NB_3223,2019-12-31,16406.0,8229.0,6533.0,263.0,6270.0,139.0,1611.0,1006.0,8177.0,309.0,416.0,605.0,6554.0,651.0,1181.0,-76.0,378.0,510.0,966.0,-384.0,582.0,-0.0488723983999072,0.0031695721077653616,0.029791929382093407,-0.7156756756756757,0.15704004428861418,-0.5838323353293413,0.00561797752808979,-0.481175863847344,-0.09606455892107013,-0.08308605341246289,0.06940874035989708,942.0,-0.12332798287854463,-743.0,-699.0,-824.0,0.008000000000000007,0.04938271604938271,-146.0,-0.10070257611241218,-103.0
NB_3223,2020-12-31,16311.0,7580.0,5608.0,176.0,5432.0,495.0,1609.0,950.0,8731.0,450.0,443.0,659.0,7532.0,1710.0,2203.0,797.0,443.0,472.0,1529.0,-706.0,823.0,-0.00579056442764847,-0.07886742009964753,-0.14158885657431497,-0.3307984790874525,-0.13365231259968102,2.5611510791366907,-0.0012414649286157653,-0.055666003976143186,0.06775100892747954,0.4563106796116505,0.06490384615384626,54.0,0.14922184925236492,1059.0,1022.0,873.0,0.17195767195767186,-0.07450980392156858,563.0,0.8385416666666667,241.0
NB_2702,2016-06-30,1191.483,494.83,93.589,53.589,40.0,178.82,954.328,409.63,696.653,174.933,516.807,544.698,2225.022,107.491,120.773,72.081,1.594,13.3,107.987,-34.108,73.879,,,,,,,,,,,,,,,,,,,,,
NB_2702,2017-06-30,1515.13,741.284,161.447,161.447,0.0,110.606,1261.166,672.53,773.846,324.004,736.668,588.636,2484.929,94.875,111.232,66.854,2.3,,-96.188,-29.365,-125.553,0.27163375390165045,0.49805791888123196,0.725063842972999,2.012689171285152,-1.0,-0.3814673973828431,0.32152257923900374,0.6417986963845421,0.11080552297915891,0.8521605414644466,0.42542186928582626,43.93799999999999,0.11681097984649158,-12.616,-9.540999999999997,-5.227000000000004,0.44291091593475507,,-204.175,-0.13905828544622956,-199.43200000000002
NB_2702,2018-06-30,1769.505,925.853,116.181,116.181,0.0,115.377,1530.878,811.557,843.652,451.393,853.252,719.321,3360.492,94.714,116.56,46.165,5.726,,84.347,-24.824,59.523,0.1678898840363534,0.24898554400202877,-0.28037684193574364,-0.28037684193574364,,0.04313509212881761,0.21385923819703345,0.20672237669695037,0.09020657856989645,0.39317107196207446,0.15825853708862048,130.68500000000006,0.35234930253540453,-0.16100000000000136,5.328000000000003,-20.689,1.4895652173913043,,180.535,-0.154639877405074,185.076
NB_2702,2019-06-30,1682.594,741.418,23.647,23.647,0.0,248.164,1421.771,605.969,941.176,476.674,670.188,815.802,3500.36,97.233,121.435,71.918,6.69,,262.554,-24.849,237.705,-0.049115995716316196,-0.19920548942434702,-0.7964641378538659,-0.7964641378538659,,1.1508966258439726,-0.07127086547719674,-0.25332539796958187,0.1155974264270101,0.05600662837040016,-0.21454857416097473,96.481,0.04162128640687146,2.5190000000000055,4.875,25.753000000000007,0.16835487251135173,,178.207,0.00100708991298748,178.18200000000002
NB_2702,2020-06-30,1918.646,852.939,48.116,30.014,18.102,210.533,1592.761,707.635,1065.707,498.604,851.498,885.126,3339.281,85.654,121.119,84.308,2.236,,-30.334,-44.338,-74.672,0.14029052760202387,0.15041582481137494,1.0347612805006978,0.2692519135619742,,-0.15163762673071035,0.12026549985897872,0.1677742590792597,0.1323142536571269,0.04600628521798966,0.27053602869642557,69.32399999999996,-0.04601783816521732,-11.579000000000008,-0.3160000000000025,12.39,-0.6657698056801196,,-292.888,0.7842971548150832,-312.377
NB_2702,2021-06-30,2241.964,1145.566,84.351,69.812,14.539,232.266,1867.259,968.896,1096.398,563.755,1040.964,898.363,3557.422,123.947,159.959,111.865,2.485,,122.955,-58.016,64.939,0.16851362888203458,0.3430808064820581,0.7530758999085543,1.325981208769241,-0.19682907965970609,0.1032284724959982,0.17234098524511832,0.3692030495947769,0.028798722350514616,0.1306668217663718,0.22250903701476688,13.23700000000008,0.06532573928339658,38.293000000000006,38.84,27.556999999999988,0.11135957066189617,,153.289,0.3084938427533943,139.611
NB_308,2017-12-31,17.0292,4.0883,2.5186,0.0274,2.4912,4.4138,5.3431,1.5971,12.9409,0.1659,0.492,3.746,2.3036,-12.0091,-11.5339,-17.4816,,,-6.5412,-0.0132,-6.5544,,,,,,,,,,,,,,,,,,,,,
NB_308,2018-12-31,18.1437,3.5527,1.9692,0.0309,1.9383,4.9723,5.7673,1.6144,14.5911,0.1309,0.1335,4.1529,3.829,-9.3232,-8.8295,-10.0276,,,-5.9504,-0.0591,-6.0095,0.06544640969628635,-0.13100799843455713,-0.21813706027157953,0.12773722627737216,-0.22194123314065517,0.1265349585391271,0.07939211319271577,0.01083213324150023,0.1275181787974562,-0.21097046413502107,-0.7286585365853658,0.4068999999999998,0.6621809341899636,2.6859,2.7043999999999997,7.454000000000001,,,0.5907999999999998,3.4772727272727275,0.5449000000000002
NB_308,2019-12-31,13.5374,5.2616,2.8631,0.2828,2.5803,0.5671,1.6854,2.6813,8.2758,0.1259,0.1736,-0.996,2.552,-10.0857,-9.2954,-10.5004,,,-6.0551,-0.0274,-6.0824,-0.2538787568136598,0.4810144397219014,0.45394068657322784,8.15210355987055,0.3312180776969509,-0.8859481527663254,-0.7077661990879613,0.6608647175421207,-0.43281863601784654,-0.038197097020626236,0.300374531835206,-5.148899999999999,-0.33350744319665715,-0.7624999999999993,-0.4659000000000013,-0.4728000000000012,,,-0.10470000000000024,-0.5363790186125211,-0.07289999999999974
NB_308,2020-12-31,13.8744,9.2947,6.5093,0.1626,6.3467,3.7653,4.4037,2.948,4.5798,0.073,0.255,1.4557,2.1406,-9.0098,-7.7592,-11.2986,0.9694,0.0549,-4.6685,0.0,-4.6685,0.024893997370248222,0.7665158887030563,1.2735147218050362,-0.425035360678925,1.4596752315622217,5.639569740786457,1.6128515485938055,0.0994666766120913,-0.4466033495251215,-0.42017474185861803,0.46889400921658986,2.4516999999999998,-0.16120689655172415,1.075899999999999,1.536200000000001,-0.7981999999999996,,,1.3866000000000005,-1.0,1.4139
NB_354,2016-12-31,69.973,70.529,44.839,7.101,37.738,6.788,28.043,30.47,-22.374,16.838,0.0,-2.427,152.135,15.244,21.386,22.358,,5.251,5.154,-6.061,-0.907,,,,,,,,,,,,,,,,,,,,,
NB_354,2017-12-31,104.494,27.783,0.092,0.092,0.0,37.627,65.252,24.518,76.711,21.225,0.0,40.734,162.955,14.617,20.329,5.971,,4.873,14.623,-7.963,6.66,0.49334743401026104,-0.6060769328928526,-0.9979482147237896,-0.9870440782988311,-1.0,4.543164407778432,1.326855186677602,-0.19533967837216926,-4.4285778135335665,0.26054163202280556,,43.161,0.07112104380977446,-0.6269999999999989,-1.0569999999999986,-16.387,,-0.07198628832603315,9.469,0.31380960237584565,7.567
NB_354,2018-12-31,150.42,41.65,0.0,0.0,0.0,41.501,91.654,32.723,108.77,24.009,0.0,58.931,204.113,6.752,12.576,17.923,,5.27,24.633,-14.447,10.186,0.4395084885256568,0.49911816578483226,-1.0,-1.0,,0.10295798229994402,0.40461595046895127,0.33465209234032134,0.41791920324334186,0.13116607773851574,,18.196999999999996,0.2525727961707218,-7.865000000000001,-7.753,11.951999999999998,,0.081469320746973,10.01,0.8142659801582317,3.526
NB_354,2019-12-31,341.416,71.326,24.744,4.876,19.868,185.004,226.949,45.738,270.09,30.187,0.0,181.211,232.594,-17.693,-3.25,2.494,,9.018,-1.253,-25.759,-27.012,1.269751362850685,0.7125090036014405,,,,3.457820293486904,1.4761494315578156,0.3977324817406718,1.4831295393950534,0.2573201716023159,,122.28000000000002,0.1395354534008122,-24.445,-15.826,-15.428999999999998,,0.7111954459203038,-25.886,0.7829999307814772,-37.198
NB_354,2020-12-31,890.608,460.685,304.913,5.515,299.398,72.163,193.599,92.189,429.923,55.243,0.0,101.41,343.113,-13.505,8.863,-43.977,,13.137,4.518,-14.592,-10.074,1.6085713616233566,5.458864930039537,11.322704494018753,0.13105004101722706,14.069357761224081,-0.6099381634991676,-0.14694931460372163,1.015588788316061,0.5917768151356957,0.8300261702057177,,-79.80100000000002,0.47515843057000606,4.188000000000001,12.113,-46.471,,0.4567531603459747,5.771,-0.4335183819247641,16.938000000000002
NB_435,2016-09-30,17.728,6.226,2.16,0.045,2.115,0.661,3.591,3.711,11.502,2.627,0.0,-0.12,15.895,-3.543,-2.356,-7.824,0.914,0.707,-2.682,-0.165,-2.847,,,,,,,,,,,,,,,,,,,,,
NB_435,2017-09-30,17.573,6.299,2.5,0.0,2.5,0.748,4.126,3.627,11.274,3.174,0.0,0.499,16.293,-1.385,-0.844,-1.602,0.201,0.256,-0.94,-0.047,-0.987,-0.008743231046931421,0.011725024092515302,0.15740740740740744,-1.0,0.18203309692671388,0.1316187594553706,0.14898357003620166,-0.022635408245755828,-0.019822639540949538,0.20822230681385623,,0.619,0.025039320541050625,2.1580000000000004,1.512,6.2219999999999995,-0.7800875273522976,-0.6379066478076378,1.742,-0.7151515151515151,1.8599999999999999
NB_435,2018-09-30,11.0,6.576,3.591,1.017,2.574,0.644,2.838,3.768,4.424,1.866,0.0,-0.93,13.568,-6.989,-6.642,-7.219,0.233,0.105,-1.114,-0.035,-1.149,-0.3740397200250384,0.04397523416415283,0.4364000000000001,,0.02959999999999985,-0.13903743315508021,-0.3121667474551624,0.03887510339123246,-0.6075926911477736,-0.4120982986767485,,-1.429,-0.16724973915178298,-5.604,-5.798,-5.617,0.15920398009950243,-0.58984375,-0.17400000000000015,-0.25531914893617014,-0.16200000000000003
NB_435,2019-09-30,11.155,7.359,0.0,0.0,0.0,0.296,1.675,3.837,3.796,1.067,0.0,-2.162,9.952,-11.068,-10.458,-9.474,0.304,0.066,-4.203,-0.02,-4.223,0.014090909090908932,0.1190693430656935,-1.0,-1.0,-1.0,-0.5403726708074534,-0.40979563072586334,0.018312101910828105,-0.14195298372513576,-0.42818863879957136,,-1.2319999999999998,-0.2665094339622641,-4.079,-3.816,-2.255,0.3047210300429184,-0.37142857142857133,-3.0890000000000004,-0.4285714285714286,-3.074
NB_435,2020-09-30,10.66,6.304,0.294,0.096,0.198,0.861,1.905,3.605,4.356,0.698,0.0,-1.7,10.907,-1.644,-0.492,0.326,0.007,0.061,-0.498,0.0,-0.498,-0.04437471985656649,-0.1433618698192689,,,,1.9087837837837838,0.13731343283582098,-0.06046390409173841,0.14752370916754476,-0.34582942830365515,,0.46199999999999997,0.09596061093247599,9.424,9.966000000000001,9.8,-0.9769736842105263,-0.0757575757575758,3.705,-1.0,3.7249999999999996
NB_562,2018-12-31,,,,,,,,,,,,,569.772,24.913,152.326,-55.031,90.329,14.7,72.286,-20.179,52.107,,,,,,,,,,,,,,,,,,,,,
NB_562,2019-12-31,3184.583,1805.72,1325.898,12.386,1313.512,93.201,194.749,108.211,1378.863,63.613,0.0,86.538,616.084,-166.202,-38.685,-210.34,89.475,18.391,66.301,-20.461,45.84,,,,,,,,,,,,,0.08128163546120182,-191.115,-191.011,-155.309,-0.009454328067398099,0.2510884353741496,-5.984999999999999,0.013974924426383817,-6.266999999999996
NB_562,2020-12-31,3195.555,1809.761,1320.518,27.921,1292.597,162.118,281.765,125.715,1385.794,74.107,0.0,156.05,633.063,76.98,193.342,-16.876,77.003,,103.943,-30.107,73.836,0.003445349045699153,0.0022378884876945726,-0.004057627358967197,1.2542386565477153,-0.015922960734275682,0.7394448557418913,0.4468110234198892,0.1617580467789781,0.005026605253748873,0.16496628047726092,,69.51200000000001,0.02755955356737072,243.18200000000002,232.02700000000002,193.464,-0.13939089131042182,,37.641999999999996,0.4714334587752309,27.995999999999995
NB_853,2016-12-31,849.153,213.581,8.159,0.572,7.587,184.947,432.95,130.405,626.7,127.114,103.331,302.545,632.965,-38.42,22.115,-38.419,1.282,24.331,57.481,-16.567,40.914,,,,,,,,,,,,,,,,,,,,,
NB_853,2017-12-31,896.764,271.944,7.722,0.644,7.078,136.344,438.422,207.129,624.82,129.879,103.903,231.293,646.069,-53.973,8.068,-66.191,0.919,25.561,26.127,-30.881,-4.754,0.056068812098644116,0.2732593255018003,-0.053560485353597254,0.12587412587412605,-0.06708844075392106,-0.26279420590763847,0.012638872849058957,0.5883516736321459,-0.002999840434019463,0.02175212801107662,0.005535608868587394,-71.25200000000001,0.020702566492617924,-15.552999999999997,-14.046999999999999,-27.772000000000006,-0.28315132605304205,0.050552792733549845,-31.354000000000003,0.8640067604273556,-45.668
NB_853,2018-12-31,825.832,240.973,32.046,0.654,31.392,109.998,397.474,164.06,584.859,126.618,133.161,233.414,687.66,-43.191,16.102,-45.505,2.649,59.293,4.796,-40.694,-35.898,-0.0790977336289147,-0.11388741799782309,3.1499611499611495,0.01552795031055898,3.4351511726476405,-0.1932318253828551,-0.09339859769810832,-0.20793322036025852,-0.06395601933356809,-0.025107985124615984,0.2815895594929887,2.120999999999981,0.06437547692274359,10.781999999999996,8.034,20.686,1.882480957562568,1.3196666797073666,-21.331,0.3177682069881158,-31.144000000000005
NB_853,2019-12-31,807.312,293.416,92.692,12.075,80.617,133.665,373.17,162.964,513.896,109.408,111.106,210.206,629.094,-57.104,7.951,-69.88,3.233,30.084,31.581,-23.985,7.596,-0.0224258686996871,0.21763019093425395,1.892467078574549,17.463302752293576,1.5680746687054028,0.21515845742649864,-0.06114613786058953,-0.006680482750213379,-0.12133351799322589,-0.1359206431944905,-0.16562657234475564,-23.208,-0.08516708838670262,-13.912999999999997,-8.151,-24.374999999999993,0.22046055115137797,-0.4926213886968107,26.785,-0.41060107141101887,43.494
NB_853,2020-12-31,733.055,302.332,79.272,11.585,67.687,75.01,357.515,175.73,430.723,114.254,116.667,181.785,557.24,-118.963,-61.046,-149.594,3.991,28.785,-20.121,-13.643,-33.764,-0.09198054779317055,0.030386890967091018,-0.14478056358693292,-0.04057971014492745,-0.16038800749221638,-0.4388209329293382,-0.04195138944716892,0.07833631967796562,-0.16184792253685565,0.0442929219069903,0.05005130235990851,-28.420999999999992,-0.1142182249393573,-61.858999999999995,-68.997,-79.714,0.2344571605320136,-0.043179098524132375,-51.702,-0.43118615801542626,-41.36
NB_1224,2017-03-31,18174.0,14687.0,8186.0,1310.0,6876.0,4247.0,5324.0,4622.0,3487.0,649.0,0.0,702.0,4019.0,-100.0,392.0,-106.0,208.0,200.0,-209.0,-70.0,-279.0,,,,,,,,,,,,,,,,,,,,,
NB_1224,2018-03-30,15759.0,10736.0,5026.0,0.0,5026.0,1774.0,3493.0,3170.0,5023.0,809.0,0.0,323.0,2559.0,-154.0,486.0,1138.0,256.0,522.0,950.0,-142.0,808.0,-0.13288213931990756,-0.26901341322257777,-0.3860249205961398,-1.0,-0.26905177428737637,-0.5822933835648694,-0.3439143501126972,-0.3141497187364777,0.44049326068253514,0.24653312788906012,,-379.0,-0.3632744463796964,-54.0,94.0,1244.0,0.23076923076923084,1.6099999999999999,1159.0,1.0285714285714285,1087.0
NB_1224,2019-03-29,15938.0,10200.0,4452.0,491.0,3961.0,1791.0,3186.0,3766.0,5738.0,708.0,0.0,-580.0,2456.0,158.0,773.0,31.0,208.0,505.0,1495.0,-207.0,1288.0,0.0113585887429406,-0.049925484351713845,-0.11420612813370479,,-0.21189812972542776,0.009582863585118284,-0.0878900658459777,0.18801261829653004,0.14234521202468642,-0.1248454882571075,,-903.0,-0.0402500976944119,312.0,287.0,-1107.0,-0.1875,-0.03256704980842917,545.0,0.4577464788732395,480.0
NB_1224,2020-04-03,7735.0,7725.0,4322.0,784.0,3538.0,2177.0,3079.0,2622.0,10.0,111.0,0.0,457.0,2490.0,355.0,750.0,3887.0,196.0,252.0,-861.0,-89.0,-950.0,-0.5146818923327896,-0.24264705882352944,-0.029200359389038644,0.5967413441955194,-0.1067912143398132,0.21552205471803454,-0.03358443188951665,-0.30377057886351566,-0.9982572324851865,-0.8432203389830508,,1037.0,0.01384364820846895,197.0,-23.0,3856.0,-0.05769230769230771,-0.500990099009901,-2356.0,-0.5700483091787439,-2238.0
NB_1224,2021-04-02,6361.0,6861.0,3693.0,339.0,3354.0,933.0,1538.0,2136.0,-500.0,117.0,0.0,-598.0,2551.0,896.0,1063.0,554.0,144.0,45.0,706.0,-6.0,700.0,-0.17763413057530708,-0.11184466019417472,-0.14553447478019432,-0.5676020408163265,-0.05200678349349919,-0.5714285714285714,-0.5004871711594674,-0.18535469107551483,-51.0,0.054054054054053946,,-1055.0,0.02449799196787139,541.0,313.0,-3333.0,-0.26530612244897955,-0.8214285714285714,1567.0,-0.9325842696629214,1650.0
NB_2197,2017-05-31,134991.0,80745.0,57909.0,9797.0,48112.0,21784.0,74515.0,24178.0,54246.0,5300.0,300.0,50337.0,37728.0,12710.0,15161.0,9335.0,1798.0,1000.0,14126.0,-2021.0,12105.0,,,,,,,,,,,,,,,,,,,,,
NB_2197,2018-05-31,137851.0,90978.0,60619.0,4491.0,56128.0,21620.0,76159.0,19124.0,46873.0,5136.0,398.0,57035.0,39383.0,13264.0,16049.0,3587.0,2025.0,1165.0,15386.0,-1736.0,13650.0,0.02118659762502695,0.12673230540590752,0.04679756169161964,-0.5415943656221291,0.16661124043897568,-0.007528461255967733,0.022062671945245915,-0.20903300521134915,-0.13591785569442905,-0.030943396226415065,0.32666666666666666,6698.0,0.0438666242578456,554.0,888.0,-5748.0,0.1262513904338154,0.16500000000000004,1260.0,-0.14101929737753582,1545.0
NB_2197,2019-05-31,108709.0,86346.0,56167.0,4494.0,51673.0,20514.0,46386.0,18630.0,22363.0,5134.0,320.0,27756.0,39506.0,13535.0,16454.0,11083.0,2082.0,1230.0,14551.0,-1660.0,12891.0,-0.21140216610688356,-0.05091340763701113,-0.07344232006466622,0.0006680026720107257,-0.07937214937286208,-0.05115633672525444,-0.39093212883572526,-0.025831416021752762,-0.5229023104985813,-0.0003894080996884597,-0.1959798994974874,-29279.0,0.0031231749739735193,271.0,405.0,7496.0,0.028148148148148255,0.05579399141630903,-835.0,-0.04377880184331795,-759.0
NB_2197,2020-05-31,115438.0,102721.0,73672.0,2946.0,70726.0,37239.0,52140.0,17200.0,12717.0,5551.0,211.0,34940.0,39068.0,13896.0,17447.0,10135.0,1995.0,1382.0,13139.0,-1564.0,11575.0,0.06189919877839012,0.18964399045699865,0.3116598714547689,-0.3444592790387183,0.3687225436881931,0.8152968704299504,0.12404604837666544,-0.07675791733762749,-0.4313374770826812,0.08122321776392671,-0.34062499999999996,7184.0,-0.01108692350529028,361.0,993.0,-948.0,-0.0417867435158501,0.12357723577235769,-1412.0,-0.05783132530120483,-1316.0
NB_2197,2021-05-31,131107.0,125155.0,87009.0,8914.0,78095.0,30098.0,55567.0,24164.0,5952.0,5409.0,142.0,31403.0,40479.0,15213.0,18770.0,13746.0,2496.0,1537.0,15887.0,-2135.0,13752.0,0.13573519984753712,0.21839740656730378,0.18103214246932353,2.025797691785472,0.10419082091451526,-0.19176132549209157,0.06572688914461056,0.4048837209302325,-0.5319650861052134,-0.025580976400648492,-0.3270142180094787,-3537.0,0.03611651479471689,1317.0,1323.0,3611.0,0.2511278195488722,0.1121562952243127,2748.0,0.36508951406649626,2177.0
NB_2314,2018-12-31,1430.965,922.67,76.069,0.0,76.069,1116.342,1220.076,531.902,508.295,19.187,0.0,688.174,595.409,-623.44,-609.53,-580.027,3.44,13.8,-39.012,-15.404,-54.416,,,,,,,,,,,,,,,,,,,,,
NB_2314,2019-12-31,1594.025,1447.436,438.693,0.0,438.693,1079.154,1214.153,728.598,146.589,50.315,0.0,485.555,742.555,-576.444,-564.189,-579.646,3.061,12.255,-165.215,-13.096,-178.311,0.11395107497388146,0.568747222734022,4.767040450117656,,4.767040450117656,-0.03331237201502779,-0.00485461561410927,0.36979744389003977,-0.7116064490109091,1.6223484651065823,,-202.61899999999997,0.24713432279323944,46.996000000000095,45.34100000000001,0.3810000000000855,-0.11017441860465116,-0.1119565217391304,-126.203,-0.14983121267203325,-123.89500000000001
NB_2314,2020-12-31,2690.504,1167.954,456.856,29.079,427.777,2011.323,2257.429,603.823,1522.55,156.932,0.0,1653.606,1092.673,-1173.679,-1126.001,-1166.391,14.139,13.871,-296.608,-12.236,-308.844,0.6878681325575193,-0.19308763910805038,0.04140252978734571,,-0.02488300474363625,0.8637960847108013,0.859262382912203,-0.17125355820356358,9.38652286324349,2.118990360727417,,1168.051,0.4715044676825286,-597.2350000000001,-561.812,-586.7450000000001,3.6190787324403786,0.13186454508363932,-131.393,-0.06566890653634694,-130.533
NB_2729,2019-01-31,764.288,165.902,16.66,4.117,12.543,116.541,698.952,144.905,598.386,63.359,0.0,554.047,96.666,-185.465,-180.931,-178.028,,1.3,-143.982,-4.016,-147.998,,,,,,,,,,,,,,,,,,,,,
NB_2729,2020-01-31,1012.72,621.003,211.267,18.092,193.175,127.206,665.194,416.455,391.717,179.459,0.0,248.739,264.748,-358.088,-332.881,-348.535,,2.6,-176.558,-22.848,-199.406,0.3250502428403952,2.7431917638123715,11.68109243697479,3.3944619868836527,14.401020489516066,0.09151285813576338,-0.04829802332635147,1.8739864048859598,-0.3453773985353935,1.8324152843321388,,-305.308,1.7387913020089796,-172.62300000000002,-151.94999999999996,-170.50700000000003,,1.0,-32.57599999999999,4.689243027888446,-51.408000000000015
NB_2729,2021-01-31,5921.739,985.268,204.537,19.65,184.887,820.177,4300.652,789.264,4936.471,294.017,0.0,3511.388,592.049,-543.937,-513.263,-539.102,,7.049,-45.417,-40.33,-85.747,4.847360573505016,0.5865752661420314,-0.031855424652217246,0.08611541012602264,-0.04290410249773524,5.44762825652878,5.465259758807205,0.8951963597507535,11.602136236109232,0.6383519355395939,,3262.649,1.2362737395561063,-185.849,-180.38200000000006,-190.56699999999995,,1.711153846153846,131.141,0.7651435574229692,113.659
NB_2730,2016-10-31,5240.365,2045.219,205.0,205.0,0.0,976.62,1716.938,1714.946,3195.146,438.873,0.0,1.992,2422.532,317.395,524.427,266.826,3.771,73.8,586.635,-66.909,519.726,,,,,,,,,,,,,,,,,,,,,
NB_2730,2017-10-31,5396.414,2116.69,143.987,9.924,134.063,1048.356,1682.593,1614.109,3279.724,451.144,61.884,68.484,2724.88,347.563,537.005,136.563,7.303,82.8,632.482,-70.328,562.154,0.02977826926177851,0.03494540193495177,-0.2976243902439024,-0.9515902439024391,,0.0734533390673957,-0.020003634377013024,-0.05879893594317254,0.026470777861168138,0.027960252738263636,,66.49199999999999,0.12480660730178172,30.168000000000006,12.577999999999975,-130.26300000000003,0.9366215857862636,0.12195121951219523,45.84699999999998,0.05109925421094319,42.428
NB_2730,2018-10-31,6145.974,2660.959,469.304,343.769,125.535,723.115,1543.797,2102.415,3485.015,554.217,122.407,-558.618,3121.058,360.225,569.432,432.518,15.607,72.8,424.399,-98.976,325.423,0.13889964706191926,0.25713212610254677,2.259349802412718,33.640165255945185,-0.0636118839650015,-0.31023907909145365,-0.08248934828565202,0.3025235594374358,0.06259398656716231,0.22847028886563936,0.9780072393510437,-627.1020000000001,0.14539282463814907,12.662000000000035,32.42700000000002,295.955,1.1370669587840614,-0.12077294685990336,-208.08299999999997,0.40734842452508246,-236.731
NB_2730,2019-10-31,6405.16,2316.284,137.707,17.614,120.093,728.597,1738.917,1752.453,4088.876,553.895,141.518,-13.536,3360.694,520.231,875.957,532.367,11.659,100.4,800.513,-198.129,602.384,0.042171672057187415,-0.12953036856261213,-0.7065718596048617,-0.948762104785481,-0.04335046003106702,0.007581090144721081,0.1263896742900783,-0.16645714571100378,0.17327357271059096,-0.0005809998610653011,0.15612669210094188,545.0820000000001,0.0767803738347701,160.00599999999997,306.525,99.84899999999999,-0.25296341385275833,0.37912087912087933,376.11400000000003,1.0017883123181375,276.961
NB_2730,2020-10-31,8030.062,3117.695,663.491,100.257,563.234,1235.653,2549.217,2139.922,4912.367,780.709,192.333,409.295,3685.281,620.141,984.948,664.347,5.14,119.1,991.313,-154.717,836.596,0.25368640283771215,0.3459899563265989,3.818135606759279,4.6918928125354835,3.689981930670397,0.6959347897397328,0.46597968735713113,0.22110093680115828,0.20139789027595856,0.40948916310853134,0.3590709309063158,422.831,0.0965833247537562,99.90999999999997,108.99099999999999,131.98000000000002,-0.5591388626811906,0.1862549800796811,190.79999999999995,-0.21910977191627667,234.212
NB_3249,2019-12-31,,,,,,,,,,,,,198.124,-89.437,4.303,-80.868,,5.666,24.708,-6.934,17.774,,,,,,,,,,,,,,,,,,,,,
NB_3249,2020-12-31,1324.879,244.696,75.739,16.129,59.61,85.624,257.246,146.304,1080.183,76.062,9.819,110.942,376.101,-152.563,-28.815,-138.327,,16.666,-23.777,-6.601,-30.378,,,,,,,,,,,,,0.8983111586683088,-63.12599999999999,-33.118,-57.459,,1.9414048711613128,-48.485,-0.0480242284395731,-48.152
NB_2720,2016-12-31,1722.792,203.878,0.0,0.0,0.0,150.121,1179.985,156.744,1518.914,162.659,0.0,1023.241,404.482,-520.385,-491.27,-514.643,1.424,12.9,-611.245,-66.441,-677.686,,,,,,,,,,,,,,,,,,,,,
NB_2720,2017-12-31,3421.566,429.239,0.0,0.0,0.0,334.063,2366.794,346.256,2992.327,279.473,0.0,2020.538,824.949,-3485.576,-3424.288,-3445.066,3.456,29.8,-734.667,-84.518,-819.185,0.9860586768454926,1.105371840021974,,,,1.2252915981108572,1.0057831243617503,1.209054254070331,0.9700437286113632,0.7181526998198686,,997.297,1.0395196819635975,-2965.191,-2933.018,-2930.423,1.4269662921348316,1.310077519379845,-123.42200000000003,0.27207597718276366,-141.4989999999999
NB_2720,2018-12-31,2714.106,403.107,0.0,0.0,0.0,387.149,1675.928,292.691,2310.999,354.965,0.0,1383.237,1180.446,-1268.45,-1176.802,-1255.911,3.894,49.0,-689.924,-120.242,-810.166,-0.20676497253012205,-0.06087983617518433,,,,0.1589101456910822,-0.2918995062519171,-0.1546976803290051,-0.2276916927862498,0.2701226952156379,,-637.3009999999999,0.4309320939839918,2217.126,2247.486,2189.1549999999997,0.12673611111111116,0.6442953020134228,44.74300000000005,0.42267919259802644,9.018999999999892
NB_2720,2019-12-31,4011.924,1752.011,1237.133,42.179,1194.954,520.317,2643.986,499.675,2259.913,492.194,0.0,2144.311,1715.534,-1103.328,-959.878,-1033.66,24.994,53.8,-304.958,-36.478,-341.436,0.4781751339114979,3.346267864363556,,,,0.3439709259225776,0.5776250531049065,0.7071758270667703,-0.02210559156451375,0.3865986787429747,,761.0740000000001,0.4532930773622852,165.12200000000007,216.92399999999986,222.25099999999998,5.418592706728299,0.09795918367346923,384.96599999999995,-0.6966284659270472,468.7300000000001
NB_2720,2020-12-31,5024.238,2694.262,2003.538,41.077,1962.461,545.618,3337.975,667.327,2329.976,744.288,0.0,2670.648,2506.626,-862.072,-717.693,-944.839,97.228,53.2,-167.644,-57.832,-225.476,0.2523263152542272,0.5378111210488976,0.6195008944066644,-0.02612674553687866,0.6422899961002684,0.0486261259962677,0.2624783187202959,0.3355220893580828,0.031002520893503416,0.5121842200433162,,526.337,0.4611345505247928,241.25599999999997,242.18500000000006,88.82100000000003,2.8900536128670877,-0.011152416356877248,137.31400000000002,0.5853939360710565,115.95999999999998
NB_2870,2020-12-31,356.486,273.855,0.0,0.0,0.0,93.641,277.416,256.75,82.631,165.449,0.0,20.666,767.142,10.177,28.686,4.357,0.832,6.638,52.986,-10.501,42.485,,,,,,,,,,,,,,,,,,,,,
NB_111,2016-12-31,0.4627,1.2726,0.7915,0.7915,0.0,0.1341,0.2624,1.2726,-0.8099,0.0,0.0147,-1.0102,0.0,-0.6671,-0.6412,-0.67,0.0029,0.026,-0.5208,-0.0477,-0.5685,,,,,,,,,,,,,,,,,,,,,
NB_111,2017-12-31,2.2938,1.823,0.8865,0.8865,0.0,1.98,2.0845,1.823,0.4708,0.0,0.0227,0.2614,0.2509,-0.5798,-0.5398,-0.6174,0.0376,0.04,-0.5427,0.0,-0.5427,3.9574238167279017,0.4325003928964326,0.12002526847757422,0.12002526847757422,,13.76510067114094,6.943978658536584,0.4325003928964326,-1.581306334115323,,0.5442176870748301,1.2716,,0.08730000000000004,0.10140000000000005,0.05260000000000009,11.965517241379311,0.5384615384615385,-0.02189999999999992,-1.0,0.025800000000000045
NB_111,2018-12-31,1.4637,0.7336,0.5134,0.5134,0.0,1.2767,1.3032,0.7336,0.7301,0.0,0.0,0.5696,0.0777,-1.3347,-1.2785,-1.3386,0.004,0.0562,-1.0092,-0.0049,-1.0141,-0.3618885691865028,-0.5975863960504663,-0.420868584320361,-0.420868584320361,,-0.3552020202020202,-0.374814104101703,-0.5975863960504663,0.5507646559048427,,-1.0,0.3082,-0.6903148664806695,-0.7549,-0.7387,-0.7212000000000001,-0.8936170212765957,0.405,-0.46650000000000014,,-0.47140000000000004
NB_111,2019-12-31,0.5966,0.7533,0.4446,0.4446,0.0,0.409,0.4453,0.7533,-0.1567,0.0,0.0041,-0.308,0.0117,-1.5804,-1.5582,-1.5813,0.0009,0.0222,-0.9095,-0.0016,-0.9111,-0.5924028147844503,0.026853871319520106,-0.13400857031554336,-0.13400857031554336,,-0.6796428291689511,-0.6583026396562308,0.026853871319520106,-1.2146281331324476,,,-0.8775999999999999,-0.8494208494208494,-0.24570000000000003,-0.27970000000000006,-0.24269999999999992,-0.775,-0.604982206405694,0.09970000000000012,-0.673469387755102,0.10299999999999998
NB_111,2020-12-31,0.2603,1.0986,0.953,0.953,0.0,0.0222,0.0764,1.0986,-0.8383,0.0,0.003,-1.0222,0.0166,-1.4404,-1.4257,-1.4506,0.0102,0.0147,-0.4996,-0.0072,-0.5068,-0.5636942675159236,0.4583831142970929,1.1434997750787224,1.1434997750787224,,-0.945721271393643,-0.8284302717269256,0.4583831142970929,4.349712827058073,,-0.2682926829268293,-0.7142,0.41880341880341887,0.14000000000000012,0.13250000000000006,0.13070000000000004,10.333333333333334,-0.33783783783783794,0.4099,3.5,0.4043
NB_1219,2016-12-31,365183.0,284668.0,136211.0,30714.0,105497.0,48129.0,151113.0,81580.0,77491.0,36318.0,22353.0,69533.0,119687.0,14055.0,19052.0,8831.0,5025.0,2766.0,-244.0,-7199.0,-7443.0,,,,,,,,,,,,,,,,,,,,,
NB_1219,2017-12-31,369245.0,292355.0,134591.0,24036.0,110555.0,43967.0,136627.0,79296.0,76889.0,34545.0,19419.0,57331.0,99279.0,-8773.0,-2579.0,-8484.0,4655.0,4332.0,6554.0,-6642.0,-88.0,0.011123190290895257,0.027003386401000418,-0.011893312581215953,-0.2174252783746825,0.047944491312549076,-0.08647592927341108,-0.09586203701865492,-0.027997058102476102,-0.007768644100605182,-0.04881876755327941,-0.13125754932223865,-12202.0,-0.17051141728007224,-22828.0,-21631.0,-17315.0,-0.07363184079601992,0.5661605206073752,6798.0,-0.07737185720238926,7355.0
NB_1219,2018-12-31,311072.0,259591.0,103600.0,12776.0,90824.0,31124.0,100779.0,60451.0,51481.0,22344.0,13803.0,40328.0,97012.0,-15789.0,-9207.0,-22355.0,4766.0,4419.0,4978.0,-6627.0,-1649.0,-0.157545802922179,-0.11206923090078846,-0.23026056719988708,-0.46846397071060075,-0.1784722536294152,-0.29210544271840244,-0.2623785928110842,-0.23765385391444716,-0.33045038952255845,-0.3531914893617021,-0.28920129769813074,-17003.0,-0.02283463773809169,-7016.0,-6628.0,-13871.0,0.02384532760472613,0.020083102493074767,-1576.0,-0.002258355916892496,-1561.0
NB_1219,2019-12-31,265177.0,235315.0,94044.0,23641.0,70403.0,35811.0,103096.0,78865.0,29861.0,17645.0,17215.0,24231.0,90221.0,3489.0,7923.0,-4979.0,2927.0,2018.0,8734.0,-2216.0,6518.0,-0.1475381905153791,-0.0935163391643008,-0.09223938223938222,0.8504226675015654,-0.2248414515986964,0.15059118365248692,0.022990900882128296,0.3046103455691387,-0.4199607622229561,-0.2103025420694593,0.24719263928131574,-16097.0,-0.07000164928050134,19278.0,17130.0,17376.0,-0.38585816198069656,-0.5433355962887532,3756.0,-0.6656103817715406,8167.0
NB_1219,2020-12-31,256211.0,219138.0,78097.0,4713.0,73384.0,36530.0,84853.0,54613.0,37073.0,16691.0,15890.0,30240.0,75833.0,-628.0,3663.0,5704.0,2068.0,2128.0,3568.0,-1579.0,1989.0,-0.03381137881490481,-0.06874614877929586,-0.16956956318319083,-0.8006429508058035,0.0423419456557248,0.020077629778559647,-0.17695157911073178,-0.3075128383947252,0.24151903821037468,-0.054066307735902486,-0.07696776067383093,6009.0,-0.1594750667804613,-4117.0,-4260.0,10683.0,-0.2934745473180731,0.054509415262636196,-5166.0,-0.28745487364620936,-4529.0
NB_285,2016-12-31,85.823,67.577,30.036,5.455,24.581,12.767,45.599,41.392,18.246,8.108,0.487,4.207,35.542,1.227,4.84,-0.972,2.012,0.935,-2.012,-0.436,-2.448,,,,,,,,,,,,,,,,,,,,,
NB_285,2017-12-31,203.311,139.537,75.868,8.895,66.973,27.792,86.578,69.552,63.774,13.361,0.509,17.026,54.442,-1.0,5.058,-5.722,4.626,1.128,-0.036,-1.4,-1.436,1.3689570394882495,1.0648593456353495,1.5259022506325741,0.6306141154903757,1.7245840283145517,1.1768622229184618,0.8986819886401021,0.6803247004252029,2.495231831634331,0.6478786383818451,0.045174537987679786,12.818999999999999,0.5317652354960327,-2.2270000000000003,0.21799999999999997,-4.75,1.2992047713717696,0.20641711229946513,1.976,2.2110091743119265,1.012
NB_285,2018-12-31,361.1,258.582,111.962,4.733,107.229,15.444,159.915,148.472,102.518,16.028,3.117,11.443,88.952,-6.263,6.664,-7.548,8.514,2.616,-7.129,-1.898,-9.027,0.7760967188199359,0.853142893999441,0.4757473506616756,-0.4679033164699269,0.6010780463768981,-0.44430051813471505,0.8470627642126174,1.1346905912123302,0.6075203060808481,0.1996108075742833,5.1237721021611,-5.583,0.6338856030270748,-5.263,1.6059999999999999,-1.8259999999999996,0.8404669260700386,1.3191489361702131,-7.093,0.35571428571428565,-7.590999999999999
NB_285,2019-12-31,320.067,182.488,34.225,4.146,30.079,28.826,169.466,151.612,137.579,4.808,0.656,17.854,73.15,-50.397,-30.149,30.001,16.005,2.37,-4.117,-1.017,-5.134,-0.11363334256438662,-0.2942741567471827,-0.6943159286186384,-0.12402281850834562,-0.7194881981553498,0.8664853664853664,0.059725479160804174,0.0211487687914218,0.34199847831600305,-0.7000249563264287,-0.7895412255373757,6.411,-0.17764637107653558,-44.134,-36.813,37.549,0.8798449612403101,-0.09403669724770647,3.0119999999999996,-0.464172813487882,3.892999999999999
NB_285,2020-12-31,514.002,368.348,31.734,14.143,17.591,28.577,356.809,348.601,145.654,3.848,0.449,8.208,65.507,-14.888,3.317,-16.311,1.224,3.504,2.235,-0.857,1.378,0.6059200104978018,1.018477927315769,-0.0727830533235938,2.411239749155813,-0.41517337677449384,-0.008638035107194852,1.1054901868221356,1.2992968894282777,0.058693550614555834,-0.19966722129783698,-0.3155487804878049,-9.645999999999999,-0.10448393711551607,35.509,33.466,-46.312,-0.9235238987816308,0.47848101265822773,6.352,-0.1573254670599803,6.5120000000000005
NB_1217,2018-12-31,314.791,740.209,722.236,5.43,716.806,34.6,73.071,16.62,-1162.427,33.359,0.0,56.451,249.522,77.251,87.057,43.793,22.193,0.3,45.253,-0.804,44.449,,,,,,,,,,,,,,,,,,,,,
NB_1217,2019-12-31,386.796,737.369,710.988,9.966,701.022,26.05,86.582,33.373,-1087.582,48.129,0.0,53.209,388.224,139.676,153.249,66.048,49.569,0.7,83.286,-1.425,81.861,0.22873906814362543,-0.0038367542140124167,-0.01557385674488665,0.8353591160220994,-0.02201990496731332,-0.24710982658959535,0.18490235524353027,1.0080024067388687,-0.06438683891547581,0.4427590755118558,,-3.2419999999999973,0.5558708250174333,62.42499999999998,66.192,22.255000000000003,1.2335421078718514,1.3333333333333335,38.033,0.7723880597014925,37.412000000000006
NB_1217,2020-12-31,1470.114,758.755,704.923,11.568,693.355,968.691,1086.368,59.551,711.359,68.729,0.0,1026.817,550.7,-275.719,-257.289,-293.623,27.913,1.4,131.341,-20.553,110.788,2.800747680948097,0.029003117841948756,-0.00853038307256948,0.16074653822998197,-0.01093688928450176,36.1858349328215,11.547273105264374,0.7844065561981244,-1.6540738997151478,0.42801637266512915,,973.608,0.4185109627431587,-415.395,-410.538,-359.671,-0.43688595694889953,1.0,48.05500000000001,13.423157894736843,28.926999999999992
NB_2244,2016-12-31,13.8717,11.2466,0.407,0.3791,0.0279,1.6319,12.0154,11.2188,2.6251,0.1103,0.0,0.7966,10.4167,1.3586,1.9309,1.4008,0.0771,,1.2667,-0.1099,1.1569,,,,,,,,,,,,,,,,,,,,,
NB_2244,2017-12-31,20.4026,15.5615,0.0,0.0,0.0,2.7483,17.9031,15.5615,4.8411,0.1655,0.0,2.3415,15.2341,1.7678,2.644,1.7911,0.0316,,7.1517,-0.7072,6.4445,0.47080747132651357,0.38366261803567303,-1.0,-1.0,-1.0,0.6841105459893377,0.49001281688499754,0.3870913110136558,0.8441583177783702,0.500453309156845,,1.5449,0.4624689200994556,0.4092,0.7131000000000001,0.39029999999999987,-0.590142671854734,,5.885,5.434940855323021,5.287599999999999
NB_2244,2018-12-31,36.1777,27.2885,0.0,0.0,0.0,5.6151,33.1783,27.2885,8.8892,0.3373,0.0,5.8898,23.4237,2.4726,3.5621,2.5881,0.0,,15.996,-0.2571,15.7389,0.7731906717771266,0.7535905921665649,,,,1.0431175635847616,0.8532153649367988,0.7535905921665649,0.8361942533721676,1.0380664652567972,,3.5483000000000002,0.5375834476601835,0.7047999999999999,0.9180999999999999,0.7969999999999999,-1.0,,8.8443,-0.6364536199095023,9.2944
NB_2244,2019-12-31,53.5483,34.2468,0.0,0.0,0.0,9.6637,47.8774,34.2468,19.3015,0.8919,0.0,13.6306,34.6667,6.1017,7.8088,7.4543,0.0,,16.7128,-0.4637,16.2491,0.4801466096518019,0.25499019733587414,,,,0.7210201064985486,0.4430335490365691,0.25499019733587414,1.1713427530036449,1.6442336199229173,,7.740799999999999,0.4799839478818462,3.6291,4.2467,4.8662,,,0.716800000000001,0.8035783741734734,0.5101999999999993
NB_2244,2020-12-31,67.8335,54.5974,4.3342,0.3206,4.0136,7.8295,57.9606,50.5838,13.2361,0.6549,0.0,7.3768,24.1204,-8.3381,-5.7242,-9.1416,0.0,,13.7758,-1.3833,12.3925,0.2667722411355731,0.5942336218274409,,,,-0.18980307749619707,0.21060458587976782,0.4770372706355046,-0.31424500686475143,-0.2657248570467541,,-6.253799999999999,-0.3042198997885579,-14.439800000000002,-13.533,-16.5959,,,-2.937000000000001,1.983178779383222,-3.8565999999999985
NB_2273,2016-12-31,654.656,318.767,0.0,0.0,0.0,70.594,425.132,287.472,335.889,234.473,0.0,137.66,762.229,50.644,76.643,45.015,,11.2,39.874,-19.088,20.786,,,,,,,,,,,,,,,,,,,,,
NB_2273,2017-12-31,1012.753,356.883,0.0,0.0,0.0,162.279,647.702,294.768,655.87,222.735,0.0,352.934,888.467,93.177,119.271,98.548,,12.4,158.235,-13.741,144.494,0.5470002566233261,0.11957323060417169,,,,1.2987647675439842,0.5235315149177195,0.025379863082317655,0.9526391158984069,-0.05006120107645651,,215.27400000000003,0.16561689466026608,42.53300000000001,42.628,53.533,,0.1071428571428572,118.36100000000002,-0.28012363788767813,123.708
NB_2273,2018-12-31,982.553,361.022,0.0,0.0,0.0,114.422,610.635,331.809,621.531,180.872,0.0,278.826,891.581,-17.032,9.859,10.617,,13.9,104.356,-11.893,92.463,-0.029819709247960846,0.01159763844173023,,,,-0.29490568711909737,-0.05722847852870616,0.1256615372089238,-0.052356412093860105,-0.1879498058230633,,-74.108,0.003504913519579267,-110.209,-109.412,-87.931,,0.12096774193548376,-53.87900000000002,-0.13448802852776354,-52.031000000000006
NB_2273,2019-12-31,984.812,445.802,68.495,15.885,52.61,68.363,505.61,377.955,539.01,199.72,0.0,127.655,911.383,-134.878,-94.432,-90.433,,14.771,-42.165,-10.608,-52.773,0.002299112617843546,0.23483333425663822,,,,-0.4025362255510304,-0.17199308916128286,0.13907398533493653,-0.1327705295471987,0.10420628953071787,,-151.17100000000002,0.0222099842863408,-117.84599999999999,-104.291,-101.05000000000001,,0.06266187050359706,-146.521,-0.10804675018918697,-145.236
NB_2273,2020-12-31,1604.262,1062.09,595.797,18.541,577.256,171.899,976.91,460.135,542.172,215.827,0.0,516.775,1017.517,-143.527,-100.871,-61.373,19.356,17.378,-0.563,-25.369,-25.932,0.6290033021531012,1.3824253816716836,7.698401343163734,0.16720176266918485,9.972362668694164,1.514503459473692,0.9321413737861197,0.2174332923231601,0.005866310458062074,0.08064790706989777,,389.12,0.11645378507169868,-8.649000000000001,-6.438999999999993,29.06000000000001,,0.176494482431792,41.602,1.3914969834087478,26.841000000000005
NB_223,2016-12-31,8498.7,4775.6,3010.7,375.2,2635.5,1034.6,3591.2,1635.2,3723.1,1349.3,928.9,1956.0,6286.4,1205.2,1422.2,822.9,72.6,,1077.6,-190.8,886.8,,,,,,,,,,,,,,,,,,,,,
NB_223,2017-12-31,10003.9,5960.5,3542.6,1.1,3541.5,1719.1,4656.0,1579.4,4043.4,1598.6,1106.9,3076.6,7011.3,1427.6,1654.4,650.5,92.3,,1144.2,-226.6,917.6,0.17710944026733477,0.24811542005193066,0.1766698774371409,-0.9970682302771855,0.3437677859988617,0.6616083510535473,0.2965025618177768,-0.03412426614481401,0.08603045848889379,0.18476246942859254,0.1916245020992573,1120.6,0.11531242046322232,222.39999999999986,232.20000000000005,-172.39999999999998,0.2713498622589532,,66.60000000000014,0.18763102725366876,30.800000000000068
NB_223,2018-12-31,10044.9,5980.7,3570.7,764.3,2806.4,1279.3,4571.6,2451.3,4064.2,1791.8,1233.8,2120.3,8202.0,1686.9,1986.6,1205.0,101.7,,1112.7,-310.6,802.1,0.004098401623366943,0.0033889774347788393,0.007932027324563773,693.8181818181818,-0.20756741493717346,-0.2558315397591763,-0.01812714776632296,0.5520450804102823,0.0051441855863876285,0.12085574878018268,0.11464450266510062,-956.2999999999997,0.16982585255230842,259.3000000000002,332.1999999999998,554.5,0.10184182015167931,,-31.5,0.37069726390114743,-115.5
NB_223,2019-12-31,10815.5,6219.3,3806.1,457.3,3348.8,891.2,4211.2,2132.7,4596.2,1736.4,1310.1,2078.5,8225.4,1619.2,2028.9,1155.0,117.6,,1502.3,-295.0,1207.3,0.07671554719310292,0.039894995569080605,0.06592544879155349,-0.4016747350516813,0.1932725199543901,-0.30336902993824744,-0.07883454370461118,-0.12997185167054226,0.1308990699276611,-0.030918629311306955,0.061841465391473394,-41.80000000000018,0.002852962692026395,-67.70000000000005,42.30000000000018,-50.0,0.15634218289085533,,389.5999999999999,-0.050225370251126944,405.19999999999993
NB_223,2020-12-31,12327.3,6875.4,4095.6,298.3,3797.3,1702.0,5490.8,2304.3,5451.9,1951.6,1462.2,3186.5,8598.9,1638.4,2045.2,1203.4,115.4,252.7,1592.0,-276.8,1315.2,0.13978087004761686,0.10549418744874806,0.07606211082210135,-0.34769298053794007,0.1339285714285714,0.9097845601436265,0.3038563829787235,0.08046138697425809,0.18617553631260608,0.12393457728633939,0.11609800778566526,1108.0,0.04540812604858124,19.200000000000045,16.299999999999955,48.40000000000009,-0.018707482993197133,,89.70000000000005,-0.061694915254237204,107.90000000000009
NB_266,2016-12-31,14206.366,9740.746,2790.161,93.827,2696.334,534.32,10316.721,6689.222,4465.62,6798.943,2855.645,3627.499,23487.872,876.826,1036.021,522.815,,,359.672,-164.695,194.977,,,,,,,,,,,,,,,,,,,,,
NB_266,2017-12-31,16459.267,11461.327,3289.851,356.806,2933.045,730.083,12414.217,7955.311,4997.94,8125.588,3302.518,4458.906,26554.563,945.736,1099.335,402.176,,,124.557,-203.949,-79.392,0.15858390527176347,0.1766374977850773,0.17909002383733408,2.802807294275635,0.08778993997034501,0.3663778260218593,0.20331033474686389,0.18927298271757165,0.11920405229285058,0.19512518342924778,0.15648758861833323,831.4070000000002,0.13056487194753097,68.90999999999997,63.31400000000008,-120.63900000000007,,,-235.115,0.23834360484532024,-274.369
NB_266,2018-12-31,17784.445,12408.079,3485.372,246.257,3239.115,509.327,13608.3,8790.428,5376.366,8945.463,3878.678,4817.872,29676.768,1147.512,1333.896,716.195,,136.984,272.69,-135.336,137.354,0.08051257689665037,0.08260404750688988,0.05943156696154306,-0.30982943111943184,0.10435230281158314,-0.30237110027216085,0.0961867349346317,0.10497603424932112,0.07571639515480388,0.1009003902240675,0.17446082050120548,358.96600000000035,0.11757696784541327,201.77599999999995,234.56099999999992,314.01900000000006,,,148.13299999999998,-0.3364223408793374,216.746
NB_266,2019-12-31,16400.796,11534.403,3279.5,387.699,2891.801,300.103,12526.159,8258.159,4866.393,8482.687,3477.12,4268.0,28916.847,107.696,399.215,-204.087,,141.69,857.995,-143.191,714.804,-0.07780107841431105,-0.07041186633321717,-0.059067439573164626,0.5743674291492222,-0.10722496731360265,-0.4107852126433509,-0.079520660185328,-0.06055097658498543,-0.09485459137268559,-0.05173304053686212,-0.10352960467458239,-549.8720000000003,-0.025606595704761315,-1039.816,-934.681,-920.282,,0.034354377153536175,585.3050000000001,0.058040728261512076,577.4499999999999
NB_266,2020-12-31,17053.911,11904.959,2587.93,229.42,2358.51,373.615,13152.899,9130.883,5148.952,9205.343,3287.308,4022.016,28673.363,894.511,1172.629,584.438,,150.658,1359.843,-123.585,1236.258,0.039822152534547905,0.03212615338652558,-0.2108766580271383,-0.40825227818488063,-0.1844148335241601,0.244955898474857,0.05003449181828201,0.10568021274475337,0.058063333561428454,0.08519187375415371,-0.054588855144487414,-245.98399999999992,-0.008420143454782592,786.8149999999999,773.414,788.525,,0.06329310466511395,501.84800000000007,-0.13692201325502307,521.4540000000001
NB_1019,2016-08-31,1442.538,921.588,584.309,18.75,565.559,179.604,542.652,241.912,520.95,186.829,130.756,300.74,1149.41,-100.217,-52.44,-105.174,,24.834,117.697,-20.209,97.488,,,,,,,,,,,,,,,,,,,,,
NB_1019,2017-08-31,1516.955,1016.416,561.94,30.0,531.94,229.571,646.926,378.934,500.539,190.206,143.651,267.992,1095.784,-50.236,-7.126,-66.213,,43.11,88.499,-28.195,60.304,0.05158754916681563,0.10289630507341685,-0.038282826381246804,0.6000000000000001,-0.059443842287011495,0.27820649874167613,0.19215629906459397,0.5664125797810775,-0.03918034360303302,0.018075352327529437,0.09861880143167445,-32.74799999999999,-0.046655240514698826,49.981,45.314,38.96100000000001,,0.7359265523073206,-29.198000000000008,0.3951704686030977,-37.184
NB_1019,2018-08-31,1485.217,926.505,532.695,30.0,502.695,250.49,1047.233,354.008,558.712,123.261,72.02,693.225,641.303,50.206,70.611,-21.648,,11.125,106.093,-11.021,95.072,-0.020922176333510123,-0.08845885936466968,-0.052042922731964314,0.0,-0.0549780050381623,0.09112213650678891,0.6187832920612248,-0.06577926499073727,0.11622071407023227,-0.35196050597772943,-0.4986460240443854,425.233,-0.4147541851313763,100.44200000000001,77.73700000000001,44.565,,-0.7419392252377639,17.59400000000001,-0.6091150913282497,34.768
NB_1019,2019-08-31,1124.274,823.095,460.445,7.5,452.945,211.151,730.325,300.401,301.179,125.883,77.187,429.924,654.758,47.516,67.733,-249.145,,11.295,53.845,-14.923,38.922,-0.24302374669829407,-0.1116129972315314,-0.1356310834530079,-0.75,-0.09896657018669375,-0.15704818555630962,-0.3026146043908089,-0.15142878127047965,-0.4609405203396384,0.021271935161973454,0.07174396001110805,-263.30100000000004,0.020980722061178625,-2.690000000000005,-2.878,-227.497,,0.01528089887640438,-52.248000000000005,0.3540513565012249,-56.150000000000006
NB_1019,2020-08-31,824.294,465.068,304.949,11.87,293.079,152.17,341.132,105.522,359.226,84.17,69.171,235.61,493.292,24.181,60.614,0.723,,12.397,-3.159,-12.053,-15.212,-0.2668210774241866,-0.4349765215436857,-0.33770808674217334,0.5826666666666667,-0.35294792966033406,-0.2793309053710379,-0.5329038441789614,-0.6487295315261934,0.19273256103513203,-0.33136325000198597,-0.10385168486921359,-194.31399999999996,-0.24660408883892992,-23.334999999999997,-7.119000000000007,249.86800000000002,,0.0975652943780434,-57.004,-0.19232057897205646,-54.134
NB_117,2016-12-31,56.0635,11.0311,2.7219,1.3886,1.3333,45.1614,50.8128,9.2397,45.0324,5.155,0.1468,41.5731,43.4339,3.4522,4.3209,3.7337,0.1784,0.4953,4.6693,-0.2756,4.3936,,,,,,,,,,,,,,,,,,,,,
NB_117,2017-12-31,56.2979,10.0729,1.3333,1.3333,0.0,15.0261,46.0826,9.7301,46.225,8.4181,0.7416,36.3525,49.5212,0.9692,1.9868,1.1413,0.0987,0.4362,-0.2547,-0.2631,-0.5177,0.004180973360564444,-0.0868635040929735,-0.5101583452735222,-0.0398242834509579,-1.0,-0.6672800223199458,-0.09309071729957807,0.05307531629814832,0.0264831543510895,0.6329970902036859,4.051771117166212,-5.2205999999999975,0.1401508959591471,-2.483,-2.3341000000000003,-2.5923999999999996,-0.4467488789237668,-0.11932162325863116,-4.9239999999999995,-0.045355587808418085,-4.911300000000001
NB_117,2018-12-31,52.9071,7.7598,0.0,0.0,0.0,13.6207,43.0852,7.5108,45.1473,7.0132,1.3511,35.5744,60.6252,-3.386,-2.1226,-2.5843,0.031,0.5869,1.3765,-0.9899,0.3866,-0.060229600038367304,-0.22963595389609748,-1.0,-1.0,,-0.09353059010654796,-0.06504407303407356,-0.2280860422811688,-0.023314223904813414,-0.16689039094332458,0.8218716289104637,-0.778100000000002,0.2242271996639822,-4.3552,-4.1094,-3.7256,-0.6859169199594731,0.34548372306281516,1.6312,2.7624477385024706,0.9043000000000001
NB_117,2019-12-31,54.726,6.822,0.0,0.0,0.0,13.197,45.093,6.759,47.904,7.656,1.193,38.334,55.739,0.38,1.528,0.926,0.005,0.493,2.368,-1.214,1.154,0.03437912869917259,-0.12085363024820228,,,,-0.031107064981976018,0.04660068886763913,-0.10009586195877929,0.06106012984165177,0.09165573489990297,-0.11701576493227739,2.759600000000006,-0.08059684751555463,3.766,3.6506,3.5103,-0.8387096774193549,-0.15999318452888056,0.9914999999999998,0.226386503687241,0.7673999999999999
NB_117,2020-12-31,54.927,7.185,0.0,0.0,0.0,38.173,45.433,6.856,47.742,4.782,1.016,38.577,48.502,-3.184,-0.892,-3.279,0.019,0.463,3.704,-0.727,2.977,0.0036728428900338894,0.053210202286719355,,,,1.8925513374251728,0.0075399729448029085,0.014351235389850503,-0.0033817635270542157,-0.37539184952978055,-0.14836546521374694,0.242999999999995,-0.12983727731032124,-3.564,-2.42,-4.205,2.8,-0.0608519269776876,1.3360000000000003,-0.4011532125205931,1.823
NB_649,2016-12-31,113.698,76.087,0.0,0.0,0.0,13.524,100.113,76.087,37.611,83.317,2.324,24.026,418.131,8.616,8.912,5.901,,,-0.516,-1.04,-1.556,,,,,,,,,,,,,,,,,,,,,
NB_649,2017-12-31,104.69,65.978,0.0,0.0,0.0,5.53,95.056,65.197,38.712,78.177,2.794,29.859,160.567,7.813,8.29,5.062,,,-2.021,-0.359,-2.38,-0.07922742704357155,-0.13286106693653332,,,,-0.5910973084886129,-0.050512920399948036,-0.1431256324996386,0.029273350881391158,-0.061692091649963254,0.20223752151463015,5.833000000000002,-0.6159887690699803,-0.8029999999999999,-0.6220000000000017,-0.8389999999999995,,,-1.505,-0.6548076923076923,-0.8239999999999998
NB_649,2018-12-31,107.971,67.398,0.0,0.0,0.0,14.883,102.867,66.653,40.573,81.351,1.473,36.214,181.444,4.155,4.637,3.538,0.0,,13.901,-0.266,13.635,0.03134014710096489,0.021522325623692717,,,,1.6913200723327302,0.08217261403804077,0.022332315904106004,0.0480729489563958,0.04060017652250658,-0.4727988546886185,6.354999999999997,0.13002048988895587,-3.6579999999999995,-3.6529999999999996,-1.5240000000000005,,,15.922,-0.2590529247910863,16.015
NB_649,2019-12-31,126.281,81.025,2.572,0.383,2.189,14.984,121.549,78.747,45.256,100.987,2.76,42.802,208.759,8.466,9.437,6.787,0.0,,3.249,-0.106,3.143,0.16958257309833202,0.20218700851657334,,,,0.00678626620976952,0.18161315096192165,0.1814471966753184,0.11542158578364914,0.24137379995328878,0.8737270875763745,6.588000000000001,0.15054231608650603,4.310999999999999,4.8,3.249,,,-10.652,-0.6015037593984962,-10.492
NB_649,2020-12-31,165.533,120.816,2.657,0.49,2.167,29.348,133.177,117.182,44.717,93.821,4.936,15.995,251.568,5.303,6.436,4.474,0.0,,37.969,-0.023,37.946,0.3108306079299339,0.49109534094415297,0.03304821150855375,0.27937336814621405,-0.010050251256281562,0.9586225306994127,0.09566512270771454,0.4880820856667556,-0.011910022980378354,-0.07095962846703041,0.7884057971014493,-26.807000000000002,0.20506421280040632,-3.1629999999999994,-3.0009999999999994,-2.3129999999999997,,,34.72,-0.7830188679245282,34.803
NB_3,2016-12-31,322.318,94.934,42.826,7.865,34.961,50.224,157.552,59.973,227.384,49.766,51.817,97.579,260.713,23.02,37.208,31.234,1.717,13.734,57.104,-49.442,7.662,,,,,,,,,,,,,,,,,,,,,
NB_3,2017-12-31,452.948,119.672,49.523,0.559,48.964,82.936,229.661,70.708,333.276,59.85,75.768,158.953,382.329,86.951,107.332,73.951,0.858,19.9,84.284,-66.968,17.316,0.40528298140345864,0.2605810352455391,0.15637696726287786,-0.9289256198347108,0.400532021395269,0.6513220770946164,0.457683812328628,0.1789972154136028,0.46569679484924187,0.20262830044608782,0.4622228226257792,61.37400000000001,0.466474629189952,63.931,70.124,42.71699999999999,-0.5002912055911474,0.4489587884083297,27.180000000000007,0.35447595162008017,9.654
NB_3,2018-12-31,466.84,137.746,83.917,23.589,60.328,55.646,194.275,77.418,329.094,30.534,93.256,116.857,267.465,-10.768,18.93,-2.146,1.106,29.2,14.029,-71.854,-57.825,0.030670187306269137,0.15102948058025278,0.6945055832643416,41.19856887298747,0.2320888816273181,-0.3290489051798978,-0.15407927336378402,0.09489732420659625,-0.012548158283224753,-0.48982456140350883,0.23080984056593823,-42.096000000000004,-0.30043235014869396,-97.719,-88.40199999999999,-76.097,0.28904428904428925,0.46733668341708556,-70.25500000000001,0.07296021980647471,-75.141
NB_3,2019-12-31,466.825,193.031,142.339,40.663,101.676,59.977,192.804,91.355,273.794,34.655,85.028,101.449,190.872,-48.747,-23.504,-66.049,5.405,23.5,-1.754,-28.789,-30.543,-3.213092280007768e-05,0.4013546672861643,0.6961878999487587,0.7238119462461317,0.6853865535074923,0.07783129065880745,-0.0075717410886629866,0.1800227337311735,-0.16803709578418324,0.1349643020894742,-0.0882302479197048,-15.408000000000001,-0.2863664404688463,-37.979,-42.434,-63.903000000000006,3.8869801084990954,-0.1952054794520548,-15.783,-0.5993403290004732,27.282000000000004
NB_3,2020-12-31,480.805,202.914,154.921,55.155,99.766,43.425,209.169,103.148,277.891,43.443,110.397,106.021,234.623,-48.842,-22.903,-58.452,5.635,24.2,-44.009,-15.795,-59.804,0.02994698227387138,0.051199030207583096,0.08839460724046111,0.3563927895138088,-0.018785160706558002,-0.2759724561081748,0.08487894442024024,0.12908981446007317,0.0149638049044174,0.25358534122060306,0.29836054005739276,4.572000000000003,0.22921643824133442,-0.09499999999999886,0.6010000000000026,7.597000000000008,0.04255319148936154,0.029787234042553123,-42.255,-0.45135294730626285,-29.261000000000003
NB_139,2019-03-29,752.261,162.472,13.0,13.0,0.0,99.743,367.048,103.862,589.789,85.939,130.917,263.186,724.311,99.999,159.885,84.724,,58.333,121.088,-98.297,22.791,,,,,,,,,,,,,,,,,,,,,
NB_139,2020-03-27,817.821,183.689,68.0,68.0,0.0,214.491,448.221,150.111,634.132,92.104,127.227,298.11,650.089,52.828,116.876,36.971,,62.118,81.419,-45.615,35.804,0.08715060331454128,0.13058865527598584,4.230769230769231,4.230769230769231,,1.1504366221188458,0.22115091214228122,0.4452927923590919,0.07518451514016022,0.07173692968268197,-0.028185797108091326,34.924000000000035,-0.10247255667800159,-47.17099999999999,-43.008999999999986,-47.75300000000001,,0.06488608506334326,-39.669,-0.5359471804836362,13.013000000000002
NB_139,2021-03-26,747.678,160.807,25.0,0.0,25.0,197.214,430.564,116.674,586.871,71.016,87.498,313.89,591.207,12.158,60.465,17.953,,44.845,120.57,-40.673,79.897,-0.08576815709061036,-0.12456924475608233,-0.6323529411764706,-1.0,,-0.08054883421682035,-0.039393513467686714,-0.22274849944374486,-0.07452864703247897,-0.2289585685746547,-0.31226862222641416,15.779999999999973,-0.09057529046022939,-40.67,-56.411,-19.017999999999997,,-0.27806754885862395,39.150999999999996,-0.10834155431327419,44.093
NB_177,2016-12-31,4092.086,2688.682,1474.83,35.192,1439.638,549.518,1409.696,1005.661,1403.404,563.107,267.99,404.035,3927.849,308.587,863.773,175.53,84.637,552.989,729.402,-650.038,79.364,,,,,,,,,,,,,,,,,,,,,
NB_177,2017-12-31,4508.388,2788.679,1364.429,123.848,1240.581,596.364,1644.004,1318.059,1719.709,798.264,213.649,325.945,4207.031,405.54,987.48,263.55,85.554,580.172,618.267,-550.943,67.324,0.1017334435297792,0.03719182856135461,-0.07485676315236323,2.519208911116163,-0.1382687870145134,0.08524925480148049,0.166211722243661,0.31063946996055325,0.22538413742585894,0.4176062453494629,-0.20277249151087728,-78.09000000000003,0.07107757961163985,96.95300000000003,123.707,88.02000000000001,0.01083450500372174,0.04915649316713355,-111.13499999999999,-0.15244493398847458,-12.040000000000006
NB_177,2018-12-31,4495.447,2639.547,1332.311,114.579,1217.732,681.569,1671.208,1158.423,1855.9,724.456,230.589,512.785,4316.466,258.144,830.105,127.092,78.946,570.304,663.41,-547.122,116.288,-0.00287042730128817,-0.053477650170564606,-0.02353951726326553,-0.0748417414895679,-0.018417983186909903,0.14287415068649345,0.01654740499414853,-0.12111445694009149,0.07919421250920933,-0.09246063958790574,0.07928892716558456,186.83999999999997,0.026012406373996377,-147.39600000000002,-157.375,-136.45800000000003,-0.0772377679594175,-0.017008749129568512,45.142999999999915,-0.006935381700103327,48.964
NB_177,2019-12-31,4695.615,2705.376,1587.545,190.683,1396.862,894.948,2001.533,1059.803,1990.239,850.753,220.602,941.73,4052.65,233.17,798.906,120.888,71.587,522.011,563.85,-472.433,91.417,0.04452682903390914,0.024939506665348388,0.19157238812859778,0.6642054826800723,0.14710133264133662,0.31307028341958043,0.1976564257710589,-0.08513297819535692,0.07238482676868352,0.1743335689123977,-0.04331082575491452,428.94500000000005,-0.061118516860783845,-24.974000000000018,-31.19900000000007,-6.2039999999999935,-0.09321561573733939,-0.0846793990573449,-99.55999999999995,-0.13651251457627356,-24.870999999999995
NB_177,2020-12-31,5022.311,2668.352,1293.962,204.203,1089.759,698.002,2132.932,1315.987,2353.959,962.643,297.293,816.945,5050.589,457.245,1020.523,338.138,64.168,509.77,770.033,-553.021,217.012,0.06957469894784807,-0.013685343552985008,-0.18492893114840847,0.07090301704923885,-0.2198520684219344,-0.22006418249998883,0.06564917990360386,0.24172794377823048,0.18275192074921653,0.1315187839478673,0.3476441736702296,-124.78499999999997,0.24624356902273825,224.07500000000002,221.61700000000008,217.24999999999997,-0.10363613505245362,-0.023449697420169335,206.183,0.17058080193381908,125.595
NB_1637,2016-12-31,87.8323,13.6126,0.0,0.0,0.0,15.8225,83.3941,13.3657,74.2196,1.6645,3.3021,70.0284,22.6426,-20.4726,-19.479,-23.4341,,0.9936,-26.1747,-0.3949,-26.5696,,,,,,,,,,,,,,,,,,,,,
NB_1637,2017-12-30,91.3225,13.9426,0.0,0.0,0.0,24.8482,79.7395,12.1035,77.3798,3.9551,5.0808,67.636,27.8415,-30.298,-27.7961,-25.2405,,0.9,-25.9127,-2.7945,-28.7072,0.039737089886066945,0.024242246154298153,,,,0.5704345078211408,-0.043823244090409164,-0.09443575719939845,0.04257904919994182,1.3761489936917992,0.5386572181339149,-2.392400000000009,0.22960702392834742,-9.825399999999998,-8.3171,-1.8064,,-0.09420289855072461,0.26200000000000045,6.0764750569764505,-2.137599999999999
NB_1637,2018-12-29,59.5491,11.8363,0.0,0.0,0.0,14.3263,49.404,10.3674,47.7128,3.0884,4.7972,39.0367,24.465,-39.9667,-36.608,-34.5335,,1.0,-28.1038,-1.1831,-29.2869,-0.34792521010703825,-0.1510693844763531,,,,-0.42344717122367015,-0.3804325334370042,-0.14343784855620278,-0.383394632707761,-0.21913478799524655,-0.05581798142024874,-28.599299999999992,-0.12127579333010075,-9.668700000000005,-8.811899999999998,-9.292999999999996,,0.11111111111111116,-2.1910999999999987,-0.5766326713186617,-0.579699999999999
NB_1637,2019-12-28,43.0465,14.4549,2.8333,1.0417,1.7916,6.0292,33.7646,11.3097,28.5916,6.0233,3.7687,22.4549,29.5188,-26.3797,-24.2152,-29.5063,,0.8,-21.0269,-0.1702,-21.197,-0.27712593473285074,0.2212346763769084,,,,-0.5791516302185491,-0.3165614120314145,0.09089067654378136,-0.40075619121074435,0.950297888874498,-0.21439589760693745,-16.581800000000005,0.20657265481299802,13.587000000000003,12.392799999999998,5.027199999999997,,-0.19999999999999996,7.076899999999998,-0.8561406474516102,8.0899
NB_1637,2020-12-26,47.5491,19.2506,1.8037,0.9824,0.8213,17.1129,39.4562,16.8825,28.2986,9.2609,4.4558,22.5737,40.1277,-4.7634,-2.9564,-4.4111,,0.6511,-4.4172,-0.5429,-4.96,0.10459851555875632,0.33176984967035383,-0.36339251050012344,-0.05692617836229241,-0.5415829426211207,1.838336761095999,0.1685670791302134,0.4927451656542614,-0.010247765077854964,0.5375126591735426,0.1823175100167167,0.11880000000000024,0.359394690841091,21.6163,21.2588,25.0952,,-0.18612499999999998,16.6097,2.1897767332549947,16.237
NB_1945,2017-01-28,4648.65,620.999,0.0,0.0,0.0,814.092,2290.434,496.416,4027.651,335.384,170.842,1794.018,2300.992,130.407,248.899,21.151,0.368,82.4,-358.435,-44.51,-402.945,,,,,,,,,,,,,,,,,,,,,
NB_1945,2018-02-03,4708.287,566.874,0.0,0.0,0.0,888.482,2363.955,421.142,4141.413,280.395,170.039,1942.813,2409.17,429.695,516.752,520.831,0.685,49.2,571.113,-38.551,532.562,0.012828885805556522,-0.08715795033486362,,,,0.09137787866727587,0.03209915675369812,-0.15163491910010962,0.028245247664209217,-0.16395832836390534,-0.004700249353203678,148.79500000000007,0.04701363585792562,299.288,267.85299999999995,499.68,0.861413043478261,-0.40291262135922334,929.548,-0.1338800269602336,935.5070000000001
NB_1945,2019-02-02,10016.752,2710.342,1732.699,0.0,1732.699,582.41,1395.258,636.796,7306.41,493.122,276.005,758.462,2865.791,43.27,350.571,-179.094,60.362,64.5,596.744,-75.921,520.823,1.127472688049815,3.7812071112804606,,,,-0.3444886896977092,-0.4097781049131646,0.5120695632352035,0.7642311935564023,0.7586690204889532,0.6231864454625116,-1184.351,0.18953456999713603,-386.425,-166.18099999999993,-699.925,87.11970802919707,0.3109756097560974,25.630999999999972,0.9693652564135822,-11.739000000000033
NB_1945,2020-02-01,11133.235,2454.655,1583.464,28.662,1554.802,647.604,1537.497,710.166,8678.58,492.346,322.98,827.331,2699.161,-243.358,331.061,1584.391,85.631,83.4,360.297,-81.921,278.376,0.11146157956191782,-0.09433754116639148,-0.0861286351524414,,-0.10267045805416875,0.1119383252348003,0.1019445865925872,0.11521743227030323,0.1878035861661198,-0.001573647089361252,0.17019619209796932,68.86900000000003,-0.0581445053041203,-286.628,-19.510000000000048,1763.4850000000001,0.4186243000563268,0.2930232558139536,-236.447,0.07902951752479548,-242.447
NB_1945,2021-01-30,10764.924,2329.12,1329.689,232.102,1097.587,748.467,1617.145,1077.097,8435.804,536.668,268.228,540.048,2968.9,-258.389,430.958,-277.298,69.264,95.9,817.287,-106.798,710.489,-0.03308211853966969,-0.051141606457934086,-0.1602657212289006,7.097899658083875,-0.2940663827291192,0.1557479570848852,0.051803678316120205,0.5166834233122959,-0.02797416167160982,0.09002205765863835,-0.16952133259025326,-287.283,0.09993438701878099,-15.031000000000006,99.89700000000005,-1861.689,-0.1911340519204494,0.14988009592326135,456.99,0.3036706094896302,432.11300000000006
NB_1720,2016-12-31,14143.9,8483.5,6047.9,150.8,5897.1,552.6,1509.2,1348.0,5660.4,531.6,0.0,161.2,2723.8,319.1,906.4,-432.3,314.4,,468.2,-490.4,-22.2,,,,,,,,,,,,,,,,,,,,,
NB_1720,2017-12-31,13616.9,8926.3,6371.5,263.3,6108.2,529.9,1374.8,1586.9,4690.6,556.5,0.0,-212.1,3590.0,-162.9,630.8,-778.1,381.8,,573.2,-639.3,-66.1,-0.037259878817016534,0.05219543820357164,0.05350617569734961,0.7460212201591512,0.035797256278509604,-0.04107853782120896,-0.08905380333951773,0.1772255192878338,-0.17133064801074116,0.04683972911963874,,-373.29999999999995,0.31801160143916585,-482.0,-275.6,-345.8,0.21437659033078882,,105.00000000000006,0.3036296900489397,-43.89999999999999
NB_1720,2018-12-31,13446.6,9323.2,6682.1,302.5,6379.6,631.0,1644.8,1608.7,4123.4,607.3,0.0,36.1,3705.7,-23.6,806.2,-345.2,443.7,,816.8,-776.4,40.4,-0.01250651763617261,0.04446411167000908,0.04874833241779797,0.14887960501329278,0.044432074915687236,0.1907907152292887,0.19639220250218203,0.01373747558132199,-0.12092269645674347,0.09128481581311765,,248.2,0.03222841225626727,139.3,175.4000000000001,432.90000000000003,0.16212676794133052,,243.5999999999999,0.21445330830595966,106.5
NB_1720,2019-12-31,14937.5,10957.6,8520.7,211.7,8309.0,1183.8,2055.2,1576.0,3979.9,585.2,0.0,479.2,3867.0,353.8,1270.5,-80.1,499.2,,918.2,-589.1,329.1,0.11087561167878857,0.17530461644070705,0.2751530207569477,-0.30016528925619834,0.30243275440466477,0.8760697305863707,0.2495136186770428,-0.020326972089264705,-0.034801377504001474,-0.03639058126132044,,443.09999999999997,0.04352753865666403,377.40000000000003,464.29999999999995,265.1,0.12508451656524677,,101.40000000000009,-0.24124162802679028,288.70000000000005
NB_1720,2020-12-31,15076.3,11735.9,8690.1,225.1,8465.0,894.2,1947.6,1699.0,3340.4,558.6,0.0,248.6,3764.6,93.2,1064.7,-682.2,533.4,730.0,640.1,-565.8,74.3,0.009292050209204872,0.0710283273709571,0.019880995692842074,0.06329711856400566,0.018774822481646414,-0.24463591822943054,-0.05235500194628251,0.07804568527918776,-0.160682429206764,-0.045454545454545525,,-230.6,-0.026480475821049954,-260.6,-205.79999999999995,-602.1,0.06850961538461542,,-278.1,-0.03955185876761169,-254.8
NB_1511,2016-12-31,1.277,4.679,0.2,0.139,0.061,0.064,0.929,1.733,-3.402,0.745,0.045,-0.804,6.102,-1.407,-1.113,-1.552,0.145,0.294,-1.244,-0.047,-1.291,,,,,,,,,,,,,,,,,,,,,
NB_1511,2017-12-31,1.452,4.961,0.061,0.044,0.017,0.224,1.29,2.079,-3.509,0.962,0.015,-0.789,6.862,-0.749,-0.543,-0.03,0.209,0.206,0.272,-0.02,0.252,0.13703993735317144,0.06026928830946776,-0.6950000000000001,-0.6834532374100719,-0.721311475409836,2.5,0.3885898815931108,0.1996537795729949,0.03145208700764246,0.29127516778523477,-0.6666666666666667,0.015000000000000013,0.12454932808915098,0.658,0.57,1.522,0.4413793103448276,-0.29931972789115646,1.516,-0.574468085106383,1.543
NB_1511,2018-12-31,4.069,5.131,1.937,0.058,1.879,1.652,3.71,3.252,-1.062,1.967,0.0,0.458,10.276,2.476,2.609,2.287,0.189,0.133,2.578,-0.202,2.376,1.8023415977961434,0.03426728482160857,30.75409836065574,0.31818181818181834,109.52941176470587,6.374999999999999,1.8759689922480618,0.564213564213564,-0.6973496722713024,1.0446985446985448,-1.0,1.247,0.49752258816671513,3.225,3.152,2.3169999999999997,-0.09569377990430616,-0.3543689320388349,2.306,9.1,2.1239999999999997
NB_1511,2019-12-31,6.835,3.279,1.663,0.327,1.336,3.334,5.052,1.943,3.556,1.566,0.0,3.109,13.643,4.507,5.124,4.465,0.046,0.184,4.29,-0.26,4.03,0.6797739002211847,-0.36094328590917957,-0.14145585957666496,4.637931034482759,-0.28898350186269284,1.0181598062953996,0.36172506738544463,-0.4025215252152521,-4.348399246704331,-0.20386375190645656,,2.651,0.3276566757493189,2.0309999999999997,2.5149999999999997,2.178,-0.7566137566137566,0.3834586466165413,1.7120000000000002,0.28712871287128716,1.6540000000000004
NB_1511,2020-12-31,19.882,4.221,2.375,0.508,1.867,16.704,18.307,2.142,15.661,1.233,0.0,16.165,6.619,-6.523,-5.912,-6.518,0.006,0.231,-5.177,-0.32,-5.497,1.9088514996342356,0.2872827081427265,0.42814191220685505,0.5535168195718654,0.39745508982035926,4.010197960407918,2.6237133808392716,0.10241893978383931,3.4041057367829017,-0.21264367816091956,,13.056,-0.5148427765154292,-11.03,-11.036,-10.983,-0.8695652173913043,0.2554347826086958,-9.466999999999999,0.23076923076923084,-9.527000000000001
NB_1818,2016-09-30,2091.041,1381.707,872.554,27.747,844.807,55.711,574.184,259.348,709.334,294.915,162.472,314.836,1480.464,118.815,184.295,66.749,24.344,44.659,140.274,-41.682,98.592,,,,,,,,,,,,,,,,,,,,,
NB_1818,2017-09-30,2244.649,1454.39,911.13,29.528,881.602,57.515,595.059,285.132,790.259,319.566,171.445,309.927,1515.608,112.603,180.584,74.368,26.371,44.668,149.299,-44.935,104.364,0.07346006128048166,0.052603772000865634,0.044210444281958416,0.06418711932821553,0.04355432660950953,0.032381396851609345,0.03635594164936684,0.09941854188194998,0.11408588901702177,0.0835867961955139,0.05522797774385735,-4.908999999999992,0.02373850360427543,-6.212000000000003,-3.7109999999999843,7.619,0.0832648701938874,0.00020152712779064608,9.025000000000006,0.07804328007293315,5.772000000000006
NB_1818,2018-09-30,2357.744,1489.03,960.602,31.26,929.342,41.572,615.078,286.402,868.714,331.463,180.451,328.676,1602.58,138.557,215.531,107.371,37.427,45.412,147.574,-43.2,104.374,0.05038426943366203,0.02381754550017523,0.054297410907334864,0.05865619073421846,0.05415141980167926,-0.2771972528905503,0.03364204221766243,0.004454077409761004,0.09927757861663089,0.03722861631087171,0.05252996587827008,18.748999999999967,0.05738423127880021,25.953999999999994,34.947,33.003,0.4192484168215085,0.016656219217336732,-1.7249999999999943,-0.03861132747301654,0.009999999999990905
NB_1818,2019-09-30,2190.603,1471.367,940.697,42.503,898.194,35.302,583.716,279.879,719.236,318.756,180.274,303.837,1537.276,10.303,101.096,-37.988,40.962,45.037,131.083,-37.688,93.395,-0.0708902238750263,-0.01186208471286676,-0.020721380967351655,0.359660908509277,-0.0335161867213577,-0.15082266910420483,-0.05098865509740225,-0.022775678940789357,-0.17206813749979866,-0.038336103878864436,-0.0009808756947868869,-24.839,-0.040749291767025575,-128.254,-114.435,-145.35899999999998,0.09445053036577877,-0.008257729234563582,-16.491000000000014,-0.1275925925925926,-10.979
NB_1818,2020-09-30,2072.633,1461.2,907.773,50.766,857.007,41.334,575.573,316.868,611.433,295.185,175.1,258.705,1498.306,-64.193,77.868,-87.155,34.885,101.18,180.447,-34.849,145.598,-0.053852751959163836,-0.0069099007929360745,-0.0349995800985865,0.19440980636660932,-0.045855349735135165,0.17086850603365256,-0.013950277189592297,0.1321606837240379,-0.14988543398828758,-0.07394684335353674,-0.02870075551660256,-45.132000000000005,-0.025350034736768223,-74.496,-23.22800000000001,-49.167,-0.14835701381768485,1.2465972422674692,49.364000000000004,-0.07532901719380192,52.20300000000002
NB_82,2016-12-31,63467.7,46047.6,21969.4,4591.0,17378.4,403.5,6033.9,9498.0,,1916.7,967.3,-3464.1,16380.1,1207.1,3298.0,610.9,877.2,1962.3,4519.3,-4909.6,-390.3,,,,,,,,,,,,,,,,,,,,,
NB_82,2017-12-31,64729.1,46403.6,22811.9,3392.3,19419.6,412.6,4253.1,8271.3,,1891.0,953.2,-4018.2,15424.9,3525.0,5651.3,1912.6,895.0,1997.2,4270.4,-5799.3,-1528.9,0.019874676410205572,0.007731130395503882,0.038348794231977124,-0.2610978000435634,0.11745615246512897,0.022552664188352,-0.29513250136727476,-0.12915350600126352,,-0.013408462461522386,-0.014576656673214061,-554.0999999999999,-0.05831466230364901,2317.9,2353.3,1301.6999999999998,0.020291837665298518,0.017785252000203977,-248.90000000000055,0.18121639237412412,-1138.6000000000001
NB_82,2018-12-31,68802.8,49634.6,25256.7,3608.5,21648.2,444.1,4113.9,8648.8,,1926.5,921.1,-4534.9,16195.7,2682.7,5083.1,1923.8,984.4,2286.6,5223.2,-6357.0,-1133.8,0.06293459973952986,0.06962821850028877,0.1071721338424243,0.06373257082215611,0.1147603452182333,0.07634512845370822,-0.03272906820907118,0.045639742241243786,,0.01877313590692764,-0.03367603860679813,-516.6999999999998,0.049971150542305054,-842.3000000000002,-568.1999999999998,11.200000000000045,0.0998882681564246,0.1449028640096135,952.8000000000002,0.09616677874915935,395.10000000000014
NB_82,2019-12-31,75892.3,55870.5,30532.5,4671.1,25861.4,432.6,4077.8,10299.1,,1705.1,1169.2,-6221.3,15561.4,2592.3,5481.9,1921.1,1072.5,2514.5,4270.1,-6143.7,-1873.6,0.10304086461597484,0.12563614897672193,0.2088871467768949,0.29447138700290987,0.19462126181391537,-0.025895068678225663,-0.008775128223826423,0.19081259827953034,,-0.11492343628341561,0.269351861904245,-1686.4000000000005,-0.039164716560568635,-90.39999999999964,398.7999999999993,-2.7000000000000455,0.08949613978057713,0.0996676287938425,-953.0999999999995,-0.033553563001415765,-739.8
NB_82,2020-12-31,80757.2,59937.5,34431.5,4806.7,29624.8,438.3,4351.5,9926.7,,1842.7,1310.0,-5575.2,14918.5,2987.7,6037.6,2200.1,1165.7,2682.8,3832.9,-6316.0,-2483.1,0.06410268235380912,0.0727933345862306,0.12769999181200364,0.029029564770610694,0.14552189749974853,0.013176144244105403,0.06711952523419495,-0.0361584992863454,,0.08069907923288966,0.12042422169004441,646.1000000000004,-0.04131376354312588,395.39999999999964,555.7000000000007,279.0,0.08689976689976686,0.06693179558560347,-437.2000000000003,0.02804498917590381,-609.5
NB_590,2020-12-31,48094.0,33418.0,6927.0,1037.0,5890.0,226.0,6947.0,5219.0,,1298.0,1211.0,1728.0,17603.0,256.0,3892.0,589.0,357.0,2123.0,584.0,-1747.0,-1163.0,,,,,,,,,,,,,,,,,,,,,
NB_335,2016-12-31,67.898,26.522,12.375,0.629,11.746,2.299,14.918,14.676,41.376,11.349,0.773,0.242,61.352,-0.186,2.647,-0.069,0.379,2.816,2.587,-2.998,-0.411,,,,,,,,,,,,,,,,,,,,,
NB_335,2017-12-31,65.378,24.806,12.361,0.759,11.602,1.025,12.907,13.104,40.572,10.486,0.85,-0.197,55.848,-0.271,2.747,-0.307,0.699,2.996,1.248,-1.789,-0.541,-0.037114495272320136,-0.0647010029409546,-0.0011313131313130942,0.2066772655007949,-0.012259492593223231,-0.5541539799913007,-0.1348035929749296,-0.1071136549468521,-0.01943155452436185,-0.07604194202132342,0.09961190168175937,-0.439,-0.08971182683531098,-0.08500000000000002,0.10000000000000009,-0.238,0.8443271767810026,0.06392045454545459,-1.3390000000000002,-0.40326884589726486,-0.13000000000000006
NB_335,2018-12-31,64.769,27.276,11.669,0.814,10.855,1.406,15.63,16.321,37.493,12.197,0.82,-0.691,62.234,-2.698,0.206,-1.144,0.675,2.877,3.057,-3.137,-0.08,-0.009315060111964146,0.09957268402805775,-0.05598252568562412,0.0724637681159419,-0.06438545078434754,0.37170731707317084,0.21097079104361982,0.24549755799755824,-0.07588977620033521,0.16316994087354564,-0.03529411764705881,-0.49399999999999994,0.11434608222317721,-2.427,-2.541,-0.837,-0.03433476394849777,-0.03971962616822433,1.809,0.7534935718278368,0.461
NB_335,2019-12-31,79.164,42.2,24.901,1.823,23.078,1.446,15.61,19.022,36.964,12.009,0.813,-3.412,68.357,0.133,3.43,-0.455,0.837,2.522,3.149,-7.159,-4.01,0.22225138569377312,0.54714767561226,1.1339446396434996,1.2395577395577395,1.1260248733302625,0.02844950213371278,-0.001279590531030106,0.16549231052018842,-0.014109300402741942,-0.015413626301549521,-0.008536585365853666,-2.721,0.09838673393964714,2.831,3.224,0.6889999999999998,0.23999999999999977,-0.12339242266249562,0.09200000000000008,1.2821166719795984,-3.9299999999999997
NB_335,2020-12-31,77.95,40.983,26.156,2.456,23.7,4.21,15.259,17.183,36.967,8.744,0.91,-1.924,58.72,0.124,3.676,0.014,1.21,2.909,2.571,-4.549,-1.978,-0.01533525339800923,-0.02883886255924184,0.05039958234609054,0.34722984092155795,0.02695207556980672,1.9114799446749653,-0.02248558616271612,-0.0966775312795709,8.116004761382634e-05,-0.2718794237655092,0.11931119311193128,1.488,-0.1409804409204617,-0.009000000000000008,0.246,0.46900000000000003,0.44563918757467147,0.1534496431403649,-0.5779999999999998,-0.36457605810867433,2.032
NB_165,2016-12-31,17.369,7.1,0.0,0.0,0.0,9.609,9.826,7.1,10.269,0.217,0.0,2.726,0.0,-0.815,-0.815,9.711,0.0,0.0,9.537,0.0,9.537,,,,,,,,,,,,,,,,,,,,,
NB_165,2017-12-31,29.759,14.151,0.0,0.0,0.0,5.987,5.987,14.151,15.608,0.0,0.0,-8.164,0.0,-41.134,-41.134,2.325,0.0,0.0,28.08,0.0,28.08,0.7133398583683574,0.9930985915492958,,,,-0.37693828702258303,-0.39069814777121925,0.9930985915492958,0.5199143051903787,-1.0,,-10.89,,-40.319,-40.319,-7.386,,,18.543,,18.543
NB_165,2018-12-31,47.705,16.844,0.0,0.0,0.0,2.822,2.909,16.844,30.861,0.0,0.0,-13.935,0.0,-43.851,-43.851,66.608,0.136,0.0,83.531,0.0,83.531,0.6030444571390168,0.19030457211504492,,,,-0.5286453983631201,-0.514113913479205,0.19030457211504492,0.977255253716043,,,-5.771000000000001,,-2.7169999999999987,-2.7169999999999987,64.283,,,55.45100000000001,,55.45100000000001
NB_165,2019-12-31,6282.878,3139.464,2892.249,0.0,2892.249,1.235,108.558,242.084,3143.414,105.603,0.0,-133.526,792.588,-398.493,-302.967,-355.114,110.402,95.526,622.387,-391.99,230.397,130.70271460014672,185.38470672049394,,,,-0.5623671155209071,36.31797868683397,13.3721206364284,100.85716600239785,,,-119.59100000000001,,-354.642,-259.116,-421.722,810.7794117647059,,538.856,,146.86599999999999
NB_165,2020-12-31,5610.912,3192.626,3091.626,0.0,3091.626,0.64,93.931,94.005,2418.286,74.561,0.0,-0.074,900.719,-117.638,-8.848,-122.527,147.007,108.79,753.382,-196.724,556.658,-0.10695194145103559,0.01693346380146421,0.06893493609990031,,0.06893493609990031,-0.4817813765182186,-0.13473903351203975,-0.6116843740189356,-0.23068167285632757,-0.29394998248155824,,133.452,0.13642775313277533,280.855,294.11899999999997,232.587,0.33156102244524566,0.1388522496493103,130.995,-0.4981402586800684,326.261
NB_724,2016-12-31,1229.219,783.133,358.924,221.97,136.954,4.178,141.151,334.051,,79.789,16.517,-192.9,498.86,84.096,123.589,44.675,10.639,32.159,104.141,-169.861,-65.72,,,,,,,,,,,,,,,,,,,,,
NB_724,2017-12-31,1417.434,931.14,459.855,260.39,199.465,5.614,178.587,413.0,,99.502,25.596,-234.413,617.583,87.42,132.141,58.124,12.645,36.599,110.089,-175.329,-65.24,0.15311754862233662,0.18899344045008948,0.28120437752839056,0.17308645312429594,0.4564379280634372,0.343705122067975,0.2652195166878022,0.23633816393305218,,0.24706413164721952,0.5496760912998728,-41.513000000000005,0.23798861404001115,3.323999999999998,8.551999999999992,13.449000000000005,0.1885515555973305,0.13806399452719287,5.947999999999993,0.03219102678072083,0.480000000000004
NB_724,2018-12-31,1693.671,1175.232,623.723,306.393,317.33,6.089,191.537,528.234,,76.477,20.351,-336.697,490.316,94.843,144.18,56.58,16.146,40.22,117.362,-240.351,-122.989,0.19488526449908794,0.2621431793285649,0.3563471094149242,0.17666961096816314,0.590905672674404,0.08460990381189881,0.07251367680738241,0.2790169491525425,,-0.23140238387168088,-0.20491483044225667,-102.28399999999999,-0.20607270601684313,7.423000000000002,12.039000000000016,-1.544000000000004,0.2768683274021353,0.09893712942976585,7.272999999999996,0.37085707441438664,-57.74900000000001
NB_724,2019-12-31,1783.198,1221.621,744.74,294.676,450.064,6.985,134.826,423.324,,70.408,15.432,-288.498,479.604,106.287,163.516,65.153,22.224,45.423,102.964,-184.727,-81.763,0.052859734859957985,0.039472206338833526,0.1940236290789341,-0.03824173528768604,0.4182838055021587,0.14715059944161601,-0.29608378537828206,-0.19860516362066816,,-0.07935719235848693,-0.24170802417571613,48.19900000000001,-0.021847135316816035,11.444000000000003,19.335999999999984,8.573000000000008,0.37643998513563726,0.12936350074589753,-14.397999999999996,-0.2314282029198963,41.226
NB_724,2020-12-31,1932.487,1235.402,709.362,190.991,518.371,3.499,136.431,329.032,,78.417,13.9,-192.601,488.198,112.723,182.468,71.498,21.765,58.117,158.916,-165.511,-6.595,0.08371981126044337,0.011280912819933375,-0.04750382683889687,-0.3518610270262932,0.1517717480180596,-0.4990694345025054,0.011904232121401126,-0.2227419187194679,,0.11375127826383369,-0.09927423535510627,95.89699999999999,0.017918949800251882,6.435999999999993,18.951999999999998,6.344999999999999,-0.020653347732181415,0.27946194659093404,55.952,-0.10402377562565301,75.168
NB_2115,2016-12-31,3079.801,2229.304,772.623,93.289,679.334,3.521,288.053,274.517,,130.356,70.055,13.536,675.967,139.28,221.569,58.895,39.128,82.289,222.147,-139.511,82.636,,,,,,,,,,,,,,,,,,,,,
NB_2115,2017-12-31,3039.746,2296.97,834.087,150.903,683.184,3.472,269.936,381.85,,130.743,63.677,-111.914,762.173,-53.227,32.351,-55.623,38.501,85.578,206.704,-213.595,-6.891,-0.013005710433888318,0.030352971151534236,0.07955238195083503,0.6175862105928887,0.005667315341201906,-0.013916500994035741,-0.06289467563260931,0.39098853622908614,,0.0029687931510633536,-0.0910427521233318,-125.45,0.12752989421081207,-192.507,-189.218,-114.518,-0.01602433040278073,0.03996889013112326,-15.442999999999984,0.5310262273225768,-89.527
NB_2115,2018-12-31,3242.662,2480.028,953.856,247.609,706.247,12.633,295.921,509.084,,124.797,60.796,-213.163,706.143,132.162,217.318,64.569,37.059,85.156,168.771,-214.636,-45.865,0.06675426170476073,0.0796954248422923,0.1435929345499929,0.6408487571486321,0.033758109089205846,2.6385368663594466,0.09626355876948622,0.33320413775042557,,-0.045478534223629574,-0.04524396563908473,-101.24900000000001,-0.07351349365563986,185.389,184.967,120.19200000000001,-0.03745357263447702,-0.004931173899833996,-37.93300000000002,0.0048737095905802,-38.974000000000004
NB_2115,2019-12-31,3428.454,2562.455,1033.106,226.31,806.796,9.648,293.692,482.173,,123.329,59.263,-188.481,746.372,143.474,239.781,61.735,42.685,91.496,185.298,-242.283,-56.985,0.057296135089010214,0.03323631829963225,0.08308381977992485,-0.08601868268116264,0.14237087024794448,-0.23628591783424358,-0.007532415746094312,-0.0528616102647107,,-0.011763103279726295,-0.025215474702283025,24.682000000000016,0.05697004714342557,11.311999999999983,22.462999999999994,-2.834000000000003,0.15181197549852943,0.07445159472027796,16.527000000000015,0.12880877392422518,-11.119999999999997
NB_2115,2020-12-31,3756.379,2867.646,1341.676,400.974,940.702,30.168,323.245,627.083,,146.032,54.1,-303.838,773.679,148.351,256.54,76.781,43.052,103.683,143.02,-280.894,-137.874,0.09564806761298228,0.11910101835934683,0.2986818390368462,0.7717909062789978,0.16597256307666375,2.126865671641791,0.10062582569494571,0.30053528505328986,,0.18408484622432697,-0.08712012554207516,-115.35700000000003,0.036586313527302794,4.8770000000000095,16.759000000000015,15.046000000000006,0.008597868103549233,0.1331970796537556,-42.27799999999999,0.1593632239983822,-80.889
NB_2036,2016-12-31,18691.9,14620.7,8066.7,1851.1,6215.6,26.4,1762.1,3452.2,,847.0,494.4,-1690.1,4492.5,866.1,1413.2,331.5,349.5,547.1,803.3,-1475.2,-671.9,,,,,,,,,,,,,,,,,,,,,
NB_2036,2017-12-31,19961.7,15641.6,9164.7,1490.0,7674.7,29.0,1763.3,3178.4,,898.9,471.1,-1415.1,4874.6,921.2,1491.5,128.5,353.2,570.3,742.2,-1695.8,-953.6,0.0679331689127376,0.06982565814222297,0.13611514002008263,-0.19507319971908588,0.23474805328528214,0.09848484848484862,0.0006810056182964264,-0.07931174323619716,,0.061275088547815715,-0.04712783171521029,275.0,0.08505286588759042,55.10000000000002,78.29999999999995,-203.0,0.010586552217453526,0.04240541034545764,-61.09999999999991,0.14953904555314534,-281.70000000000005
NB_2036,2018-12-31,21804.0,16053.1,9132.6,2027.2,7105.4,112.8,2055.4,4036.8,,1058.5,422.5,-1981.4,5114.5,124.7,724.3,-50.6,353.3,599.6,540.1,-1818.2,-1278.1,0.09229173867957141,0.0263080503273323,-0.0035025696422141817,0.360536912751678,-0.0741787952623556,2.889655172413793,0.16565530539329676,0.27007299270072993,,0.17755033930359332,-0.10316281044364262,-566.3000000000002,0.04921429450621573,-796.5,-767.2,-179.1,0.0002831257078144134,0.051376468525337726,-202.10000000000002,0.07217832291543824,-324.4999999999999
NB_2036,2019-12-31,22659.8,16673.1,9707.6,1799.8,7907.8,139.3,1853.9,3745.8,,856.9,424.7,-1891.9,5208.9,890.7,1626.0,383.1,378.9,717.4,1583.3,-1802.4,-219.1,0.039249678957989254,0.03862182382219004,0.06296125966318455,-0.11217442778216258,0.11292819545697652,0.2349290780141846,-0.09803444584995624,-0.07208680142687274,,-0.1904581955597544,0.00520710059171603,89.5,0.018457327206960583,766.0,901.7,433.70000000000005,0.07245966600622689,0.19646430953969296,1043.1999999999998,-0.008689913100868973,1059.0
NB_2036,2020-12-31,22040.5,16202.7,9786.3,536.6,9249.7,116.5,1659.4,2279.4,,791.3,401.1,-620.0,4681.7,550.8,1297.0,-17.6,370.7,725.9,1104.0,-1843.4,-739.4,-0.02733033830836984,-0.02821310973964042,0.008107050146276995,-0.7018557617513057,0.16969321429474693,-0.16367552045944012,-0.1049139651545391,-0.39147845587057506,,-0.07655502392344504,-0.055568636684718564,1271.9,-0.10121138820096376,-339.9000000000001,-329.0,-400.70000000000005,-0.021641594088149918,0.011848341232227444,-479.29999999999995,0.02274744784731464,-520.3
NB_630,2016-10-31,2882.442,2116.101,1262.549,236.558,1025.991,777.615,2013.192,891.862,766.341,576.235,211.251,1121.33,2600.573,156.169,297.861,72.584,56.656,63.4,289.52,-107.185,182.335,,,,,,,,,,,,,,,,,,,,,
NB_630,2017-10-31,3951.711,1815.369,1013.16,356.065,657.095,640.513,2006.311,1037.743,2136.342,624.232,267.143,968.568,2801.687,214.722,337.624,1261.953,55.852,67.2,234.882,-94.6,140.282,0.3709594156621363,-0.142116089921984,-0.19752817514409338,0.5051911159208313,-0.35955091223997093,-0.17631089935250732,-0.0034179551677138154,0.163569027495285,1.7877172172701186,0.08329414214686715,0.26457626236088805,-152.76199999999994,0.07733449512857371,58.553,39.763000000000034,1189.369,-0.014190906523580904,0.05993690851735023,-54.63799999999998,-0.11741381723188882,-42.053
NB_630,2018-10-31,3756.523,1827.189,929.454,174.759,754.695,745.423,2142.602,963.003,1929.334,787.128,262.751,1179.599,3094.286,229.946,339.966,-344.69,55.249,84.3,229.261,-67.616,161.645,-0.04939328812253718,0.006511072955415864,-0.08261873741561054,-0.5091935461221968,0.1485325561752866,0.16379058660792212,0.06793114327738814,-0.07202168552329424,-0.09689834305555944,0.2609542605954198,-0.01644063291944764,211.03099999999995,0.10443671973350344,15.22399999999999,2.3419999999999845,-1606.643,-0.010796390460502625,0.2544642857142856,-5.621000000000009,-0.2852431289640591,21.363
NB_630,2019-10-31,3893.346,1720.585,755.454,9.764,745.69,904.045,2381.802,845.94,2172.761,724.854,345.049,1535.862,3572.131,346.766,469.478,253.434,37.452,87.6,413.14,-62.579,350.561,0.036422777126614125,-0.05834317084877372,-0.18720668263302975,-0.9441287716226346,-0.011931972518699596,0.21279461460137394,0.11163995926448322,-0.12156036897081313,0.1261715182544858,-0.0791154678781596,0.31321669565482146,356.26300000000015,0.15442819442029587,116.82000000000002,129.512,598.124,-0.3221234773480064,0.039145907473309594,183.879,-0.07449420255560812,188.91599999999997
NB_630,2020-10-31,4180.917,1671.32,828.137,28.801,799.336,1088.624,2611.159,760.701,2509.597,719.405,344.379,1850.458,3532.157,486.964,637.035,361.291,31.321,93.908,493.654,-82.667,410.987,0.07386217407854323,-0.028632703411921034,0.09621102012829374,1.9497132322818516,0.07194142337968845,0.2041701463975798,0.09629557788598708,-0.10076246542307965,0.15502671485727149,-0.007517375912942548,-0.0019417532002700133,314.596,-0.011190519048713377,140.19799999999998,167.55699999999996,107.857,-0.163702873010787,0.07200913242009133,80.51400000000001,0.3210022531520158,60.426000000000045
NB_3213,2016-12-31,6158.991,4308.923,1894.811,157.206,1737.605,3.763,128.65,301.536,,97.394,12.961,-172.886,819.875,325.585,458.593,234.182,80.594,133.008,396.163,-382.996,13.167,,,,,,,,,,,,,,,,,,,,,
NB_3213,2017-12-31,6332.463,4374.842,2146.801,139.048,2007.753,4.204,131.246,284.488,,98.596,14.361,-153.242,809.525,328.967,465.691,239.738,88.341,136.724,381.318,-478.089,-96.771,0.028165652458332913,0.01529825434337062,0.13298951716028662,-0.11550449728381862,0.15547146791129163,0.11719372840818498,0.020178779634667743,-0.05653719622201003,,0.01234162268722927,0.10801635676259558,19.644000000000005,-0.012623875590791256,3.382000000000005,7.097999999999956,5.556000000000012,0.09612378092661977,0.027938169132683655,-14.845000000000027,0.2482871883779465,-109.938
NB_3213,2018-12-31,6964.496,4955.132,2567.408,168.944,2398.464,3.627,147.172,398.977,,101.225,15.844,-251.805,838.091,323.178,469.851,191.988,98.902,146.673,368.522,-495.737,-127.215,0.09980839998591384,0.13264250457502236,0.19592267750946646,0.21500489039756054,0.19460112872449953,-0.1372502378686965,0.12134465050363419,0.40243876718877414,,0.02666436772282843,0.10326578929043939,-98.56300000000002,0.03528735987152953,-5.788999999999987,4.160000000000025,-47.75,0.11954811469193238,0.0727670343173108,-12.795999999999992,0.03691362905233131,-30.444000000000003
NB_3213,2019-12-31,9361.985,5481.125,3097.913,142.941,2954.972,1868.922,2015.127,323.461,,107.62,18.379,1691.666,889.692,340.159,498.818,224.543,125.383,156.476,338.523,-550.273,-211.75,0.34424443635260915,0.10615115803171338,0.2066305783887874,-0.1539149067146509,0.2320268305048565,514.2803970223325,12.692325985921235,-0.1892740684300097,,0.0631760928624352,0.15999747538500397,1943.471,0.06156968634670945,16.980999999999995,28.966999999999985,32.55500000000001,0.2677498938343006,0.0668357502744199,-29.998999999999967,0.11000994478927328,-84.535
NB_3213,2020-12-31,13705.277,9021.4,5777.606,214.22,5563.386,4.827,380.22,603.873,,273.313,58.401,-223.653,1462.698,434.686,700.241,284.849,188.435,257.059,508.024,-835.642,-327.618,0.46392853652297017,0.6459029852448175,0.8649994367175577,0.4986602864118761,0.8827203777226993,-0.9974172276852645,-0.8113171030907729,0.8669113123374999,,1.5396115963575543,2.1775939931443493,-1915.319,0.6440498509596579,94.52699999999999,201.423,60.30599999999998,0.5028751904165638,0.6428014519798566,169.50099999999998,0.5185953154161662,-115.868
