company_id,company_type,bankruptcy_label,source_workbook,source_sheet,annual_observations,monthly_price_observations,missing_feature_count,missing_feature_fraction,missing_fraction_lag_1y,missing_fraction_lag_2y,missing_fraction_lag_3y
SA_222,bankrupt,1,data/processed/security/security_final/bloomberg_addin_workbook_part_001.xlsx,SA_222_Sun Television and Appli,5,60,35,0.09186351706036745,0.07874015748031496,0.07874015748031496,0.11811023622047244
SA_187,bankrupt,1,data/processed/security/security_final/bloomberg_addin_workbook_part_001.xlsx,"SA_187_Boston Chicken, Inc.",5,56,42,0.11023622047244094,0.09448818897637795,0.10236220472440945,0.13385826771653545
SA_135,bankrupt,1,data/processed/security/security_final/bloomberg_addin_workbook_part_001.xlsx,"SA_135_JumboSports, Inc.",5,60,31,0.08136482939632546,0.07086614173228346,0.07086614173228346,0.10236220472440945
SA_4,bankrupt,1,data/processed/security/security_final/bloomberg_addin_workbook_part_001.xlsx,SA_4_Salant Corp. (1998),1,0,291,0.7637795275590551,0.49606299212598426,0.8976377952755905,0.8976377952755905
SA_26,bankrupt,1,data/processed/security/security_final/bloomberg_addin_workbook_part_001.xlsx,"SA_26_Wireless One, Inc.",5,37,52,0.13648293963254593,0.09448818897637795,0.12598425196850394,0.1889763779527559
SA_172,bankrupt,1,data/processed/security/security_final/bloomberg_addin_workbook_part_001.xlsx,SA_172_Penn Traffic Co (1999),5,0,129,0.33858267716535434,0.33858267716535434,0.33858267716535434,0.33858267716535434
SA_80,bankrupt,1,data/processed/security/security_final/bloomberg_addin_workbook_part_001.xlsx,SA_80_Service Merchandise Compa,5,60,31,0.08136482939632546,0.07086614173228346,0.07086614173228346,0.10236220472440945
SA_134,bankrupt,1,data/processed/security/security_final/bloomberg_addin_workbook_part_001.xlsx,"SA_134_Costilla Energy, Inc.",5,32,65,0.17060367454068243,0.11023622047244094,0.14960629921259844,0.25196850393700787
SA_52,bankrupt,1,data/processed/security/security_final/bloomberg_addin_workbook_part_001.xlsx,"SA_52_Trism, Inc.",5,0,129,0.33858267716535434,0.33858267716535434,0.33858267716535434,0.33858267716535434
SA_145,bankrupt,1,data/processed/security/security_final/bloomberg_addin_workbook_part_001.xlsx,"SA_145_Just For Feet, Inc.",5,60,31,0.08136482939632546,0.07086614173228346,0.07086614173228346,0.10236220472440945
SA_75,bankrupt,1,data/processed/security/security_final/bloomberg_addin_workbook_part_001.xlsx,SA_75_Tultex Corporation,5,60,31,0.08136482939632546,0.07086614173228346,0.07086614173228346,0.10236220472440945
SA_234,bankrupt,1,data/processed/security/security_final/bloomberg_addin_workbook_part_001.xlsx,SA_234_American Banknote Corpor,0,0,342,0.8976377952755905,0.8976377952755905,0.8976377952755905,0.8976377952755905
SA_59,bankrupt,1,data/processed/security/security_final/bloomberg_addin_workbook_part_001.xlsx,SA_59_Mariner Post-Acute Networ,5,23,90,0.23622047244094488,0.13385826771653545,0.23622047244094488,0.33858267716535434
SA_263,bankrupt,1,data/processed/security/security_final/bloomberg_addin_workbook_part_001.xlsx,"SA_263_Kitty Hawk, Inc.",0,0,342,0.8976377952755905,0.8976377952755905,0.8976377952755905,0.8976377952755905
SA_130,bankrupt,1,data/processed/security/security_final/bloomberg_addin_workbook_part_001.xlsx,SA_130_System Software Associat,5,60,54,0.14173228346456693,0.11023622047244094,0.14173228346456693,0.1732283464566929
SA_9,bankrupt,1,data/processed/security/security_final/bloomberg_addin_workbook_part_001.xlsx,SA_9_Coram Healthcare Corp.,5,60,35,0.09186351706036745,0.08661417322834646,0.08661417322834646,0.10236220472440945
SA_51,bankrupt,1,data/processed/security/security_final/bloomberg_addin_workbook_part_001.xlsx,SA_51_Owens Corning,5,60,37,0.09711286089238845,0.08661417322834646,0.08661417322834646,0.11811023622047244
SA_215,bankrupt,1,data/processed/security/security_final/bloomberg_addin_workbook_part_001.xlsx,SA_215_CareMatrix Corp.,5,60,34,0.08923884514435695,0.07874015748031496,0.07874015748031496,0.11023622047244094
SA_173,bankrupt,1,data/processed/security/security_final/bloomberg_addin_workbook_part_001.xlsx,"SA_173_ICG Communications, Inc.",0,0,342,0.8976377952755905,0.8976377952755905,0.8976377952755905,0.8976377952755905
SA_280,bankrupt,1,data/processed/security/security_final/bloomberg_addin_workbook_part_001.xlsx,SA_280_Northwestern Steel & Wir,5,60,31,0.08136482939632546,0.07086614173228346,0.07086614173228346,0.10236220472440945
SA_90,bankrupt,1,data/processed/security/security_final/bloomberg_addin_workbook_part_001.xlsx,"SA_90_Pacific Gateway Exchange,",5,51,62,0.16272965879265092,0.13385826771653545,0.14960629921259844,0.2047244094488189
SA_143,bankrupt,1,data/processed/security/security_final/bloomberg_addin_workbook_part_001.xlsx,SA_143_PSINet Inc.,5,60,40,0.10498687664041995,0.09448818897637795,0.09448818897637795,0.12598425196850394
SA_162,bankrupt,1,data/processed/security/security_final/bloomberg_addin_workbook_part_001.xlsx,SA_162_Federal-Mogul Corporatio,5,60,36,0.09448818897637795,0.11023622047244094,0.07086614173228346,0.10236220472440945
SA_176,bankrupt,1,data/processed/security/security_final/bloomberg_addin_workbook_part_001.xlsx,SA_176_ANC Rental Corp.,2,14,192,0.5039370078740157,0.1732283464566929,0.4409448818897638,0.8976377952755905
SA_220,bankrupt,1,data/processed/security/security_final/bloomberg_addin_workbook_part_001.xlsx,"SA_220_Classic Communications, ",4,20,100,0.26246719160104987,0.15748031496062992,0.25984251968503935,0.3700787401574803
SA_238,bankrupt,1,data/processed/security/security_final/bloomberg_addin_workbook_part_001.xlsx,"SA_238_Burlington Industries, I",5,60,34,0.08923884514435695,0.07086614173228346,0.07874015748031496,0.11811023622047244
SA_10,bankrupt,1,data/processed/security/security_final/bloomberg_addin_workbook_part_001.xlsx,SA_10_Valley Media Inc.,4,29,67,0.17585301837270342,0.11811023622047244,0.15748031496062992,0.25196850393700787
SA_290,bankrupt,1,data/processed/security/security_final/bloomberg_addin_workbook_part_001.xlsx,SA_290_Hayes Lemmerz Internatio,5,60,35,0.09186351706036745,0.08661417322834646,0.08661417322834646,0.10236220472440945
SA_84,bankrupt,1,data/processed/security/security_final/bloomberg_addin_workbook_part_001.xlsx,SA_84_Startec Global Communicat,5,47,43,0.11286089238845144,0.07874015748031496,0.11023622047244094,0.14960629921259844
SA_160,bankrupt,1,data/processed/security/security_final/bloomberg_addin_workbook_part_001.xlsx,"SA_160_IT Group, Inc.",4,60,55,0.14435695538057744,0.07874015748031496,0.08661417322834646,0.2677165354330709
SA_99,bankrupt,1,data/processed/security/security_final/bloomberg_addin_workbook_part_001.xlsx,"SA_99_Verado Holdings, Inc.",4,20,177,0.4645669291338583,0.14173228346456693,0.3937007874015748,0.8582677165354331
SA_77,bankrupt,1,data/processed/security/security_final/bloomberg_addin_workbook_part_001.xlsx,"SA_77_Kellstrom Industries, Inc",5,60,34,0.08923884514435695,0.07086614173228346,0.07874015748031496,0.11811023622047244
SA_240,bankrupt,1,data/processed/security/security_final/bloomberg_addin_workbook_part_001.xlsx,SA_240_National Steel Corp.,5,60,31,0.08136482939632546,0.07086614173228346,0.07086614173228346,0.10236220472440945
SA_3,bankrupt,1,data/processed/security/security_final/bloomberg_addin_workbook_part_001.xlsx,"SA_3_U.S. Aggregates, Inc.",3,28,83,0.2178477690288714,0.10236220472440945,0.14173228346456693,0.4094488188976378
SA_219,bankrupt,1,data/processed/security/security_final/bloomberg_addin_workbook_part_001.xlsx,SA_219_Anchor Glass Container C,0,6,329,0.863517060367454,0.8267716535433071,0.8661417322834646,0.8976377952755905
SA_118,bankrupt,1,data/processed/security/security_final/bloomberg_addin_workbook_part_001.xlsx,SA_118_Metromedia Fiber Network,4,52,40,0.10498687664041995,0.09448818897637795,0.09448818897637795,0.12598425196850394
SA_308,bankrupt,1,data/processed/security/security_final/bloomberg_addin_workbook_part_001.xlsx,SA_308_Pentacon Inc.,4,47,53,0.13910761154855644,0.14960629921259844,0.11811023622047244,0.14960629921259844
SA_131,bankrupt,1,data/processed/security/security_final/bloomberg_addin_workbook_part_001.xlsx,SA_131_Birmingham Steel Corp.,5,60,32,0.08398950131233596,0.07874015748031496,0.07086614173228346,0.10236220472440945
SA_36,bankrupt,1,data/processed/security/security_final/bloomberg_addin_workbook_part_001.xlsx,"SA_36_NewPower Holdings, Inc.",4,17,194,0.5091863517060368,0.6850393700787402,0.3779527559055118,0.4645669291338583
SA_253,bankrupt,1,data/processed/security/security_final/bloomberg_addin_workbook_part_001.xlsx,"SA_253_US Airways Group, Inc. (",0,0,342,0.8976377952755905,0.8976377952755905,0.8976377952755905,0.8976377952755905
SA_223,bankrupt,1,data/processed/security/security_final/bloomberg_addin_workbook_part_001.xlsx,SA_223_Consolidated Freightways,5,60,34,0.08923884514435695,0.07874015748031496,0.07874015748031496,0.11023622047244094
SA_45,bankrupt,1,data/processed/security/security_final/bloomberg_addin_workbook_part_001.xlsx,SA_45_Genuity Inc.,5,26,66,0.1732283464566929,0.10236220472440945,0.14173228346456693,0.2755905511811024
SA_58,bankrupt,1,data/processed/security/security_final/bloomberg_addin_workbook_part_001.xlsx,"SA_58_Seven Seas Petroleum, Inc",5,60,43,0.11286089238845144,0.07874015748031496,0.09448818897637795,0.16535433070866143
SA_271,bankrupt,1,data/processed/security/security_final/bloomberg_addin_workbook_part_001.xlsx,SA_271_Spiegel Inc.,5,60,37,0.09711286089238845,0.08661417322834646,0.08661417322834646,0.11811023622047244
SA_22,bankrupt,1,data/processed/security/security_final/bloomberg_addin_workbook_part_001.xlsx,"SA_22_SONICblue, Inc.",5,60,34,0.08923884514435695,0.07086614173228346,0.07874015748031496,0.11811023622047244
SA_166,bankrupt,1,data/processed/security/security_final/bloomberg_addin_workbook_part_001.xlsx,"SA_166_Fleming Companies, Inc.",5,60,37,0.09711286089238845,0.08661417322834646,0.08661417322834646,0.11811023622047244
SA_235,bankrupt,1,data/processed/security/security_final/bloomberg_addin_workbook_part_001.xlsx,SA_235_Acterna Corp.,5,57,31,0.08136482939632546,0.07086614173228346,0.07086614173228346,0.10236220472440945
SA_178,bankrupt,1,data/processed/security/security_final/bloomberg_addin_workbook_part_001.xlsx,SA_178_DaisyTek International C,5,60,37,0.09711286089238845,0.08661417322834646,0.08661417322834646,0.11811023622047244
SA_277,bankrupt,1,data/processed/security/security_final/bloomberg_addin_workbook_part_001.xlsx,SA_277_Mississippi Chemical Cor,5,60,34,0.08923884514435695,0.07874015748031496,0.07874015748031496,0.11023622047244094
SA_140,bankrupt,1,data/processed/security/security_final/bloomberg_addin_workbook_part_001.xlsx,SA_140_Read-Rite Corp.,5,60,33,0.08661417322834646,0.08661417322834646,0.07086614173228346,0.10236220472440945
SA_105,bankrupt,1,data/processed/security/security_final/bloomberg_addin_workbook_part_002.xlsx,SA_105_National Equipment Servi,5,56,41,0.10761154855643044,0.07086614173228346,0.08661417322834646,0.16535433070866143
SA_203,bankrupt,1,data/processed/security/security_final/bloomberg_addin_workbook_part_002.xlsx,SA_203_Crown Pacific Partners L,5,61,27,0.07086614173228346,0.07086614173228346,0.07086614173228346,0.07086614173228346
SA_117,bankrupt,1,data/processed/security/security_final/bloomberg_addin_workbook_part_002.xlsx,SA_117_DDI Corp.,5,37,47,0.12335958005249344,0.08661417322834646,0.11811023622047244,0.16535433070866143
SA_68,bankrupt,1,data/processed/security/security_final/bloomberg_addin_workbook_part_002.xlsx,SA_68_NorthWestern Corporation,5,60,31,0.08136482939632546,0.07086614173228346,0.07086614173228346,0.10236220472440945
SA_251,bankrupt,1,data/processed/security/security_final/bloomberg_addin_workbook_part_002.xlsx,SA_251_Cone Mills Corp,5,60,31,0.08136482939632546,0.07086614173228346,0.07086614173228346,0.10236220472440945
SA_47,bankrupt,1,data/processed/security/security_final/bloomberg_addin_workbook_part_002.xlsx,"SA_47_Rouge Industries, Inc.",5,60,38,0.09973753280839895,0.09448818897637795,0.08661417322834646,0.11811023622047244
SA_136,bankrupt,1,data/processed/security/security_final/bloomberg_addin_workbook_part_002.xlsx,SA_136_Atlas Air Worldwide Hold,4,60,107,0.28083989501312334,0.6535433070866141,0.07874015748031496,0.11023622047244094
SA_0,bankrupt,1,data/processed/security/security_final/bloomberg_addin_workbook_part_002.xlsx,SA_0_Avado Brands Inc.,5,60,37,0.09711286089238845,0.08661417322834646,0.08661417322834646,0.11811023622047244
SA_268,bankrupt,1,data/processed/security/security_final/bloomberg_addin_workbook_part_002.xlsx,SA_268_RCN Corporation,5,60,40,0.10498687664041995,0.09448818897637795,0.09448818897637795,0.12598425196850394
SA_13,bankrupt,1,data/processed/security/security_final/bloomberg_addin_workbook_part_002.xlsx,SA_13_Choice One Communications,5,53,37,0.09711286089238845,0.07874015748031496,0.08661417322834646,0.12598425196850394
SA_70,bankrupt,1,data/processed/security/security_final/bloomberg_addin_workbook_part_002.xlsx,SA_70_Huffy Corp.,5,60,45,0.11811023622047244,0.08661417322834646,0.11023622047244094,0.15748031496062992
SA_165,bankrupt,1,data/processed/security/security_final/bloomberg_addin_workbook_part_002.xlsx,SA_165_ATA Holdings Corp.,5,60,37,0.09711286089238845,0.08661417322834646,0.08661417322834646,0.11811023622047244
SA_287,bankrupt,1,data/processed/security/security_final/bloomberg_addin_workbook_part_002.xlsx,SA_287_Amcast Industrial Corpor,4,60,32,0.08398950131233596,0.07086614173228346,0.07086614173228346,0.11023622047244094
SA_206,bankrupt,1,data/processed/security/security_final/bloomberg_addin_workbook_part_002.xlsx,"SA_206_Trico Marine Services, I",0,0,342,0.8976377952755905,0.8976377952755905,0.8976377952755905,0.8976377952755905
SA_207,bankrupt,1,data/processed/security/security_final/bloomberg_addin_workbook_part_002.xlsx,"SA_207_Falcon Products, Inc.",4,60,37,0.09711286089238845,0.08661417322834646,0.08661417322834646,0.11811023622047244
SA_182,bankrupt,1,data/processed/security/security_final/bloomberg_addin_workbook_part_002.xlsx,"SA_182_Tower Automotive, Inc.",5,60,49,0.12860892388451445,0.07086614173228346,0.07874015748031496,0.23622047244094488
SA_53,bankrupt,1,data/processed/security/security_final/bloomberg_addin_workbook_part_002.xlsx,"SA_53_Winn-Dixie Stores, Inc.",0,0,342,0.8976377952755905,0.8976377952755905,0.8976377952755905,0.8976377952755905
SA_158,bankrupt,1,data/processed/security/security_final/bloomberg_addin_workbook_part_002.xlsx,SA_158_WHX Corporation,5,60,31,0.08136482939632546,0.07086614173228346,0.07086614173228346,0.10236220472440945
SA_88,bankrupt,1,data/processed/security/security_final/bloomberg_addin_workbook_part_002.xlsx,SA_88_Collins & Aikman Corporat,4,60,31,0.08136482939632546,0.07086614173228346,0.07086614173228346,0.10236220472440945
SA_120,bankrupt,1,data/processed/security/security_final/bloomberg_addin_workbook_part_002.xlsx,"SA_120_Allied Holdings, Inc.",5,59,38,0.09973753280839895,0.12598425196850394,0.07086614173228346,0.10236220472440945
SA_267,bankrupt,1,data/processed/security/security_final/bloomberg_addin_workbook_part_002.xlsx,"SA_267_Delta Air Lines, Inc.",5,60,39,0.10236220472440945,0.09448818897637795,0.08661417322834646,0.12598425196850394
SA_5,bankrupt,1,data/processed/security/security_final/bloomberg_addin_workbook_part_002.xlsx,SA_5_Northwest Airlines Corpora,5,60,37,0.09711286089238845,0.08661417322834646,0.08661417322834646,0.11811023622047244
SA_79,bankrupt,1,data/processed/security/security_final/bloomberg_addin_workbook_part_002.xlsx,"SA_79_FLYi, Inc.",5,60,37,0.09711286089238845,0.08661417322834646,0.08661417322834646,0.11811023622047244
SA_190,bankrupt,1,data/processed/security/security_final/bloomberg_addin_workbook_part_002.xlsx,SA_190_Global Power Equipment G,4,60,68,0.1784776902887139,0.1732283464566929,0.1732283464566929,0.1889763779527559
SA_71,bankrupt,1,data/processed/security/security_final/bloomberg_addin_workbook_part_002.xlsx,SA_71_Granite Broadcasting Corp,5,60,37,0.09711286089238845,0.08661417322834646,0.08661417322834646,0.11811023622047244
SA_49,bankrupt,1,data/processed/security/security_final/bloomberg_addin_workbook_part_002.xlsx,"SA_49_Hancock Fabrics, Inc.",5,60,23,0.06036745406824147,0.03937007874015748,0.031496062992125984,0.11023622047244094
SA_93,bankrupt,1,data/processed/security/security_final/bloomberg_addin_workbook_part_002.xlsx,"SA_93_Pope & Talbot, Inc.",5,60,34,0.08923884514435695,0.08661417322834646,0.07086614173228346,0.11023622047244094
SA_39,bankrupt,1,data/processed/security/security_final/bloomberg_addin_workbook_part_002.xlsx,"SA_39_TOUSA, Inc.",5,61,39,0.10236220472440945,0.03937007874015748,0.11023622047244094,0.15748031496062992
SA_153,bankrupt,1,data/processed/security/security_final/bloomberg_addin_workbook_part_002.xlsx,SA_153_MPC Corporation,5,45,58,0.15223097112860892,0.11811023622047244,0.14173228346456693,0.1968503937007874
SA_211,bankrupt,1,data/processed/security/security_final/bloomberg_addin_workbook_part_002.xlsx,"SA_211_BearingPoint, Inc.",4,60,31,0.08136482939632546,0.03937007874015748,0.08661417322834646,0.11811023622047244
SA_27,bankrupt,1,data/processed/security/security_final/bloomberg_addin_workbook_part_002.xlsx,SA_27_Journal Register Company,5,60,35,0.09186351706036745,0.07874015748031496,0.08661417322834646,0.11023622047244094
SA_171,bankrupt,1,data/processed/security/security_final/bloomberg_addin_workbook_part_002.xlsx,SA_171_Chemtura Corporation,5,60,10,0.026246719160104987,0.015748031496062992,0.015748031496062992,0.047244094488188976
SA_243,bankrupt,1,data/processed/security/security_final/bloomberg_addin_workbook_part_002.xlsx,"SA_243_Charter Communications, ",5,60,46,0.12073490813648294,0.12598425196850394,0.07874015748031496,0.15748031496062992
SA_309,bankrupt,1,data/processed/security/security_final/bloomberg_addin_workbook_part_002.xlsx,SA_309_Idearc Inc.,5,26,58,0.15223097112860892,0.05511811023622047,0.10236220472440945,0.2992125984251969
SA_115,bankrupt,1,data/processed/security/security_final/bloomberg_addin_workbook_part_002.xlsx,SA_115_Dayton Superior Corporat,5,25,67,0.17585301837270342,0.10236220472440945,0.14173228346456693,0.28346456692913385
SA_7,bankrupt,1,data/processed/security/security_final/bloomberg_addin_workbook_part_002.xlsx,"SA_7_Asyst Technologies, Inc.",5,60,28,0.07349081364829396,0.031496062992125984,0.08661417322834646,0.10236220472440945
SA_129,bankrupt,1,data/processed/security/security_final/bloomberg_addin_workbook_part_002.xlsx,SA_129_Visteon Corporation,4,61,45,0.11811023622047244,0.18110236220472442,0.07086614173228346,0.10236220472440945
SA_202,bankrupt,1,data/processed/security/security_final/bloomberg_addin_workbook_part_002.xlsx,SA_202_R.H. Donnelley Corporati,5,61,40,0.10498687664041995,0.09448818897637795,0.09448818897637795,0.12598425196850394
SA_102,bankrupt,1,data/processed/security/security_final/bloomberg_addin_workbook_part_002.xlsx,SA_102_Lear Corporation,5,60,31,0.08136482939632546,0.07086614173228346,0.07086614173228346,0.10236220472440945
SA_78,bankrupt,1,data/processed/security/security_final/bloomberg_addin_workbook_part_002.xlsx,SA_78_Barzel Industries Inc.,2,26,228,0.5984251968503937,0.2440944881889764,0.7007874015748031,0.8503937007874016
SA_248,bankrupt,1,data/processed/security/security_final/bloomberg_addin_workbook_part_002.xlsx,SA_248_Edge Petroleum Corporati,5,60,44,0.11548556430446194,0.10236220472440945,0.10236220472440945,0.14173228346456693
SA_164,bankrupt,1,data/processed/security/security_final/bloomberg_addin_workbook_part_002.xlsx,"SA_164_Champion Enterprises, In",5,60,29,0.07611548556430446,0.07086614173228346,0.07874015748031496,0.07874015748031496
SA_106,bankrupt,1,data/processed/security/security_final/bloomberg_addin_workbook_part_002.xlsx,SA_106_Neff Corp.,0,5,342,0.8976377952755905,0.8976377952755905,0.8976377952755905,0.8976377952755905
SA_40,bankrupt,1,data/processed/security/security_final/bloomberg_addin_workbook_part_002.xlsx,SA_40_Blockbuster Inc.,5,60,12,0.031496062992125984,0.031496062992125984,0.015748031496062992,0.047244094488188976
SA_57,bankrupt,1,data/processed/security/security_final/bloomberg_addin_workbook_part_002.xlsx,"SA_57_Seahawk Drilling, Inc.",1,15,263,0.6902887139107612,0.3228346456692913,0.8503937007874016,0.8976377952755905
SA_209,bankrupt,1,data/processed/security/security_final/bloomberg_addin_workbook_part_002.xlsx,SA_209_Jackson Hewitt Tax Servi,5,60,24,0.06299212598425197,0.031496062992125984,0.03937007874015748,0.11811023622047244
SA_266,bankrupt,1,data/processed/security/security_final/bloomberg_addin_workbook_part_002.xlsx,"SA_266_ShengdaTech, Inc.",4,59,38,0.09973753280839895,0.1889763779527559,0.023622047244094488,0.08661417322834646
SA_307,bankrupt,1,data/processed/security/security_final/bloomberg_addin_workbook_part_002.xlsx,SA_307_Syms Corp.,5,60,27,0.07086614173228346,0.03937007874015748,0.05511811023622047,0.11811023622047244
SA_186,bankrupt,1,data/processed/security/security_final/bloomberg_addin_workbook_part_002.xlsx,"SA_186_Dynegy Holdings, LLC",5,60,15,0.03937007874015748,0.031496062992125984,0.031496062992125984,0.05511811023622047
SA_274,bankrupt,1,data/processed/security/security_final/bloomberg_addin_workbook_part_002.xlsx,"SA_274_Trident Microsystems, In",4,60,69,0.18110236220472442,0.2440944881889764,0.13385826771653545,0.16535433070866143
SA_64,bankrupt,1,data/processed/security/security_final/bloomberg_addin_workbook_part_003.xlsx,SA_64_Energy Conversion Devices,5,60,16,0.04199475065616798,0.031496062992125984,0.031496062992125984,0.06299212598425197
SA_113,bankrupt,1,data/processed/security/security_final/bloomberg_addin_workbook_part_003.xlsx,"SA_113_Reddy Ice Holdings, Inc.",5,60,17,0.04461942257217848,0.023622047244094488,0.031496062992125984,0.07874015748031496
SA_34,bankrupt,1,data/processed/security/security_final/bloomberg_addin_workbook_part_003.xlsx,SA_34_FiberTower Corporation,4,0,120,0.31496062992125984,0.30708661417322836,0.30708661417322836,0.33070866141732286
SA_29,bankrupt,1,data/processed/security/security_final/bloomberg_addin_workbook_part_003.xlsx,SA_29_ATP Oil & Gas Corporation,5,60,18,0.047244094488188976,0.031496062992125984,0.03937007874015748,0.07086614173228346
SA_65,bankrupt,1,data/processed/security/security_final/bloomberg_addin_workbook_part_003.xlsx,SA_65_Overseas Shipholding Grou,5,60,15,0.03937007874015748,0.023622047244094488,0.031496062992125984,0.06299212598425197
SA_72,bankrupt,1,data/processed/security/security_final/bloomberg_addin_workbook_part_003.xlsx,"SA_72_School Specialty, Inc.",5,60,10,0.026246719160104987,0.015748031496062992,0.015748031496062992,0.047244094488188976
SA_74,bankrupt,1,data/processed/security/security_final/bloomberg_addin_workbook_part_003.xlsx,"SA_74_Powerwave Technologies, I",5,60,12,0.031496062992125984,0.015748031496062992,0.023622047244094488,0.05511811023622047
SA_18,bankrupt,1,data/processed/security/security_final/bloomberg_addin_workbook_part_003.xlsx,SA_18_Rotech Healthcare Inc.,4,60,35,0.09186351706036745,0.08661417322834646,0.08661417322834646,0.10236220472440945
SA_265,bankrupt,1,data/processed/security/security_final/bloomberg_addin_workbook_part_003.xlsx,SA_265_Hoku Corporation,3,60,107,0.28083989501312334,0.6535433070866141,0.07874015748031496,0.11023622047244094
SA_205,bankrupt,1,data/processed/security/security_final/bloomberg_addin_workbook_part_003.xlsx,SA_205_FriendFinder Networks In,5,25,49,0.12860892388451445,0.06299212598425197,0.10236220472440945,0.2204724409448819
SA_161,bankrupt,1,data/processed/security/security_final/bloomberg_addin_workbook_part_003.xlsx,"SA_161_GateHouse Media, Inc.",0,0,331,0.868766404199475,0.8661417322834646,0.8661417322834646,0.8740157480314961
SA_41,bankrupt,1,data/processed/security/security_final/bloomberg_addin_workbook_part_003.xlsx,SA_41_Dolan Company,5,60,28,0.07349081364829396,0.06299212598425197,0.06299212598425197,0.09448818897637795
SA_137,bankrupt,1,data/processed/security/security_final/bloomberg_addin_workbook_part_003.xlsx,SA_137_Coldwater Creek Inc.,5,60,27,0.07086614173228346,0.03937007874015748,0.05511811023622047,0.11811023622047244
SA_76,bankrupt,1,data/processed/security/security_final/bloomberg_addin_workbook_part_003.xlsx,SA_76_RadioShack Corporation,5,60,17,0.04461942257217848,0.031496062992125984,0.03937007874015748,0.06299212598425197
SA_191,bankrupt,1,data/processed/security/security_final/bloomberg_addin_workbook_part_003.xlsx,"SA_191_Cal Dive International, ",5,60,28,0.07349081364829396,0.06299212598425197,0.06299212598425197,0.09448818897637795
SA_149,bankrupt,1,data/processed/security/security_final/bloomberg_addin_workbook_part_003.xlsx,SA_149_Standard Register Compan,5,60,16,0.04199475065616798,0.031496062992125984,0.031496062992125984,0.06299212598425197
SA_6,bankrupt,1,data/processed/security/security_final/bloomberg_addin_workbook_part_003.xlsx,SA_6_Quicksilver Resources Inc.,5,60,14,0.03674540682414698,0.031496062992125984,0.023622047244094488,0.05511811023622047
SA_189,bankrupt,1,data/processed/security/security_final/bloomberg_addin_workbook_part_003.xlsx,"SA_189_Corinthian Colleges, Inc",4,60,93,0.2440944881889764,0.6535433070866141,0.023622047244094488,0.05511811023622047
SA_272,bankrupt,1,data/processed/security/security_final/bloomberg_addin_workbook_part_003.xlsx,"SA_272_Molycorp, Inc.",5,56,31,0.08136482939632546,0.07086614173228346,0.07086614173228346,0.10236220472440945
SA_44,bankrupt,1,data/processed/security/security_final/bloomberg_addin_workbook_part_003.xlsx,"SA_44_Walter Energy, Inc.",5,60,15,0.03937007874015748,0.05511811023622047,0.015748031496062992,0.047244094488188976
SA_82,bankrupt,1,data/processed/security/security_final/bloomberg_addin_workbook_part_003.xlsx,SA_82_Sabine Oil & Gas Corporat,5,60,21,0.05511811023622047,0.047244094488188976,0.03937007874015748,0.07874015748031496
SA_221,bankrupt,1,data/processed/security/security_final/bloomberg_addin_workbook_part_003.xlsx,"SA_221_Alpha Natural Resources,",5,60,16,0.04199475065616798,0.031496062992125984,0.031496062992125984,0.06299212598425197
SA_154,bankrupt,1,data/processed/security/security_final/bloomberg_addin_workbook_part_003.xlsx,"SA_154_Hercules Offshore, Inc.",5,60,13,0.03412073490813648,0.023622047244094488,0.023622047244094488,0.05511811023622047
SA_33,bankrupt,1,data/processed/security/security_final/bloomberg_addin_workbook_part_003.xlsx,"SA_33_Arch Coal, Inc.",5,0,120,0.31496062992125984,0.31496062992125984,0.31496062992125984,0.31496062992125984
SA_276,bankrupt,1,data/processed/security/security_final/bloomberg_addin_workbook_part_003.xlsx,SA_276_Noranda Aluminum Holding,5,60,25,0.06561679790026247,0.05511811023622047,0.05511811023622047,0.08661417322834646
SA_174,bankrupt,1,data/processed/security/security_final/bloomberg_addin_workbook_part_003.xlsx,SA_174_Republic Airways Holding,5,60,16,0.04199475065616798,0.031496062992125984,0.031496062992125984,0.06299212598425197
SA_55,bankrupt,1,data/processed/security/security_final/bloomberg_addin_workbook_part_003.xlsx,"SA_55_SunEdison, Inc.",4,60,10,0.026246719160104987,0.015748031496062992,0.015748031496062992,0.047244094488188976
SA_116,bankrupt,1,data/processed/security/security_final/bloomberg_addin_workbook_part_003.xlsx,SA_116_Ultra Petroleum Corp. (2,5,0,128,0.3359580052493438,0.33070866141732286,0.33858267716535434,0.33858267716535434
SA_180,bankrupt,1,data/processed/security/security_final/bloomberg_addin_workbook_part_003.xlsx,SA_180_Fairway Group Holdings C,5,34,55,0.14435695538057744,0.08661417322834646,0.12598425196850394,0.2204724409448819
SA_224,bankrupt,1,data/processed/security/security_final/bloomberg_addin_workbook_part_003.xlsx,"SA_224_Aeropostale, Inc.",5,60,35,0.09186351706036745,0.03937007874015748,0.08661417322834646,0.14960629921259844
SA_256,bankrupt,1,data/processed/security/security_final/bloomberg_addin_workbook_part_003.xlsx,SA_256_Breitburn Energy Partner,5,60,12,0.031496062992125984,0.015748031496062992,0.023622047244094488,0.05511811023622047
SA_282,bankrupt,1,data/processed/security/security_final/bloomberg_addin_workbook_part_003.xlsx,"SA_282_SandRidge Energy, Inc.",5,60,21,0.05511811023622047,0.047244094488188976,0.047244094488188976,0.07086614173228346
SA_109,bankrupt,1,data/processed/security/security_final/bloomberg_addin_workbook_part_003.xlsx,SA_109_Seventy Seven Energy Inc,4,21,74,0.1942257217847769,0.08661417322834646,0.1889763779527559,0.30708661417322836
SA_192,bankrupt,1,data/processed/security/security_final/bloomberg_addin_workbook_part_003.xlsx,SA_192_Halcon Resources Corpora,5,0,136,0.3569553805774278,0.36220472440944884,0.3543307086614173,0.3543307086614173
SA_304,bankrupt,1,data/processed/security/security_final/bloomberg_addin_workbook_part_003.xlsx,SA_304_International Shipholdin,5,60,10,0.026246719160104987,0.015748031496062992,0.015748031496062992,0.047244094488188976
SA_81,bankrupt,1,data/processed/security/security_final/bloomberg_addin_workbook_part_003.xlsx,"SA_81_ITT Educational Services,",5,60,18,0.047244094488188976,0.023622047244094488,0.03937007874015748,0.07874015748031496
SA_14,bankrupt,1,data/processed/security/security_final/bloomberg_addin_workbook_part_003.xlsx,"SA_14_Basic Energy Services, In",5,0,120,0.31496062992125984,0.31496062992125984,0.31496062992125984,0.31496062992125984
SA_257,bankrupt,1,data/processed/security/security_final/bloomberg_addin_workbook_part_003.xlsx,SA_257_Memorial Production Part,5,0,108,0.28346456692913385,0.2992125984251969,0.30708661417322836,0.2440944881889764
SA_83,bankrupt,1,data/processed/security/security_final/bloomberg_addin_workbook_part_003.xlsx,"SA_83_Azure Midstream Partners,",5,0,78,0.2047244094488189,0.1968503937007874,0.2047244094488189,0.2125984251968504
SA_15,bankrupt,1,data/processed/security/security_final/bloomberg_addin_workbook_part_003.xlsx,SA_15_Nuverra Environmental Sol,5,0,129,0.33858267716535434,0.33858267716535434,0.33858267716535434,0.33858267716535434
SA_159,bankrupt,1,data/processed/security/security_final/bloomberg_addin_workbook_part_003.xlsx,"SA_159_GulfMark Offshore, Inc.",5,0,125,0.32808398950131235,0.3228346456692913,0.33070866141732286,0.33070866141732286
SA_236,bankrupt,1,data/processed/security/security_final/bloomberg_addin_workbook_part_003.xlsx,"SA_236_Perfumania Holdings, Inc",5,60,10,0.026246719160104987,0.015748031496062992,0.015748031496062992,0.047244094488188976
SA_35,bankrupt,1,data/processed/security/security_final/bloomberg_addin_workbook_part_003.xlsx,SA_35_Cumulus Media Inc.,2,0,262,0.6876640419947506,0.3937007874015748,0.7716535433070866,0.8976377952755905
SA_292,bankrupt,1,data/processed/security/security_final/bloomberg_addin_workbook_part_003.xlsx,SA_292_Cobalt International Ene,5,60,38,0.09973753280839895,0.06299212598425197,0.10236220472440945,0.13385826771653545
SA_62,bankrupt,1,data/processed/security/security_final/bloomberg_addin_workbook_part_003.xlsx,"SA_62_Rentech, Inc.",5,60,16,0.04199475065616798,0.031496062992125984,0.031496062992125984,0.06299212598425197
SA_232,bankrupt,1,data/processed/security/security_final/bloomberg_addin_workbook_part_003.xlsx,"SA_232_EXCO Resources, Inc.",5,60,11,0.028871391076115485,0.015748031496062992,0.023622047244094488,0.047244094488188976
SA_151,bankrupt,1,data/processed/security/security_final/bloomberg_addin_workbook_part_003.xlsx,"SA_151_Cenveo, Inc.",5,60,25,0.06561679790026247,0.05511811023622047,0.05511811023622047,0.08661417322834646
SA_250,bankrupt,1,data/processed/security/security_final/bloomberg_addin_workbook_part_003.xlsx,"SA_250_Orexigen Therapeutics, I",5,60,15,0.03937007874015748,0.023622047244094488,0.023622047244094488,0.07086614173228346
SA_46,bankrupt,1,data/processed/security/security_final/bloomberg_addin_workbook_part_003.xlsx,SA_46_Rex Energy Corporation,5,60,19,0.049868766404199474,0.03937007874015748,0.03937007874015748,0.07086614173228346
SA_288,bankrupt,1,data/processed/security/security_final/bloomberg_addin_workbook_part_003.xlsx,SA_288_Sears Holdings Corporati,5,60,10,0.026246719160104987,0.015748031496062992,0.015748031496062992,0.047244094488188976
SA_112,bankrupt,1,data/processed/security/security_final/bloomberg_addin_workbook_part_004.xlsx,SA_112_Gastar Exploration Inc.,5,60,17,0.04461942257217848,0.031496062992125984,0.031496062992125984,0.07086614173228346
SA_199,bankrupt,1,data/processed/security/security_final/bloomberg_addin_workbook_part_004.xlsx,SA_199_Parker Drilling Company,5,0,116,0.30446194225721784,0.30708661417322836,0.30708661417322836,0.2992125984251969
SA_289,bankrupt,1,data/processed/security/security_final/bloomberg_addin_workbook_part_004.xlsx,"SA_289_Windstream Holdings, Inc",5,60,10,0.026246719160104987,0.015748031496062992,0.015748031496062992,0.047244094488188976
SA_69,bankrupt,1,data/processed/security/security_final/bloomberg_addin_workbook_part_004.xlsx,"SA_69_PHI, Inc.",5,60,13,0.03412073490813648,0.023622047244094488,0.023622047244094488,0.05511811023622047
SA_194,bankrupt,1,data/processed/security/security_final/bloomberg_addin_workbook_part_004.xlsx,SA_194_Orchids Paper Products C,5,60,10,0.026246719160104987,0.015748031496062992,0.015748031496062992,0.047244094488188976
SA_227,bankrupt,1,data/processed/security/security_final/bloomberg_addin_workbook_part_004.xlsx,"SA_227_Jones Energy, Inc.",5,60,22,0.05774278215223097,0.047244094488188976,0.047244094488188976,0.07874015748031496
SA_50,bankrupt,1,data/processed/security/security_final/bloomberg_addin_workbook_part_004.xlsx,SA_50_Cloud Peak Energy Inc.,5,60,10,0.026246719160104987,0.015748031496062992,0.015748031496062992,0.047244094488188976
SA_193,bankrupt,1,data/processed/security/security_final/bloomberg_addin_workbook_part_004.xlsx,SA_193_Bristow Group Inc.,5,60,16,0.04199475065616798,0.031496062992125984,0.031496062992125984,0.06299212598425197
SA_218,bankrupt,1,data/processed/security/security_final/bloomberg_addin_workbook_part_004.xlsx,SA_218_Legacy Reserves Inc.,5,60,22,0.05774278215223097,0.047244094488188976,0.047244094488188976,0.07874015748031496
SA_241,bankrupt,1,data/processed/security/security_final/bloomberg_addin_workbook_part_004.xlsx,SA_241_Sanchez Energy Corporati,5,60,24,0.06299212598425197,0.047244094488188976,0.05511811023622047,0.08661417322834646
SA_104,bankrupt,1,data/processed/security/security_final/bloomberg_addin_workbook_part_004.xlsx,SA_104_EP Energy Corporation (E,5,60,18,0.047244094488188976,0.031496062992125984,0.03937007874015748,0.07086614173228346
SA_270,bankrupt,1,data/processed/security/security_final/bloomberg_addin_workbook_part_004.xlsx,SA_270_Nobilis Health Corp.,4,60,94,0.24671916010498687,0.6535433070866141,0.023622047244094488,0.06299212598425197
SA_2,bankrupt,1,data/processed/security/security_final/bloomberg_addin_workbook_part_004.xlsx,SA_2_Approach Resources Inc.,5,60,16,0.04199475065616798,0.031496062992125984,0.031496062992125984,0.06299212598425197
SA_119,bankrupt,1,data/processed/security/security_final/bloomberg_addin_workbook_part_004.xlsx,"SA_119_McDermott International,",5,60,23,0.06036745406824147,0.06299212598425197,0.06299212598425197,0.05511811023622047
SA_252,bankrupt,1,data/processed/security/security_final/bloomberg_addin_workbook_part_004.xlsx,"SA_252_Pier 1 Imports, Inc.",5,60,10,0.026246719160104987,0.015748031496062992,0.015748031496062992,0.047244094488188976
SA_214,bankrupt,1,data/processed/security/security_final/bloomberg_addin_workbook_part_004.xlsx,SA_214_Foresight Energy LP,5,60,32,0.08398950131233596,0.07086614173228346,0.07086614173228346,0.11023622047244094
SA_262,bankrupt,1,data/processed/security/security_final/bloomberg_addin_workbook_part_004.xlsx,SA_262_Quorum Health Corporatio,5,45,21,0.05511811023622047,0.015748031496062992,0.047244094488188976,0.10236220472440945
SA_198,bankrupt,1,data/processed/security/security_final/bloomberg_addin_workbook_part_004.xlsx,SA_198_Centric Brands Inc.,4,60,11,0.028871391076115485,0.015748031496062992,0.015748031496062992,0.05511811023622047
SA_56,bankrupt,1,data/processed/security/security_final/bloomberg_addin_workbook_part_004.xlsx,SA_56_Hornbeck Offshore Service,5,60,19,0.049868766404199474,0.03937007874015748,0.03937007874015748,0.07086614173228346
SA_144,bankrupt,1,data/processed/security/security_final/bloomberg_addin_workbook_part_004.xlsx,"SA_144_Akorn, Inc.",5,60,13,0.03412073490813648,0.023622047244094488,0.023622047244094488,0.05511811023622047
SA_298,bankrupt,1,data/processed/security/security_final/bloomberg_addin_workbook_part_004.xlsx,SA_298_Tuesday Morning Corporat,5,0,122,0.32020997375328086,0.31496062992125984,0.31496062992125984,0.33070866141732286
SA_31,bankrupt,1,data/processed/security/security_final/bloomberg_addin_workbook_part_004.xlsx,SA_31_Libbey Inc.,5,60,10,0.026246719160104987,0.015748031496062992,0.015748031496062992,0.047244094488188976
SA_188,bankrupt,1,data/processed/security/security_final/bloomberg_addin_workbook_part_004.xlsx,"SA_188_Pyxus International, Inc",5,60,10,0.026246719160104987,0.015748031496062992,0.015748031496062992,0.047244094488188976
SA_231,bankrupt,1,data/processed/security/security_final/bloomberg_addin_workbook_part_004.xlsx,"SA_231_AAC Holdings, Inc.",4,60,13,0.03412073490813648,0.023622047244094488,0.023622047244094488,0.05511811023622047
SA_8,bankrupt,1,data/processed/security/security_final/bloomberg_addin_workbook_part_004.xlsx,"SA_8_GNC Holdings, Inc.",5,60,11,0.028871391076115485,0.015748031496062992,0.023622047244094488,0.047244094488188976
SA_286,bankrupt,1,data/processed/security/security_final/bloomberg_addin_workbook_part_004.xlsx,"SA_286_Jason Industries, Inc.",5,60,10,0.026246719160104987,0.015748031496062992,0.015748031496062992,0.047244094488188976
SA_100,bankrupt,1,data/processed/security/security_final/bloomberg_addin_workbook_part_004.xlsx,SA_100_Covia Holdings Corporati,3,22,93,0.2440944881889764,0.08661417322834646,0.18110236220472442,0.4645669291338583
SA_95,bankrupt,1,data/processed/security/security_final/bloomberg_addin_workbook_part_004.xlsx,SA_95_Hi-Crush Inc.,5,60,10,0.026246719160104987,0.015748031496062992,0.015748031496062992,0.047244094488188976
SA_244,bankrupt,1,data/processed/security/security_final/bloomberg_addin_workbook_part_004.xlsx,SA_244_California Resources Cor,5,0,122,0.32020997375328086,0.3228346456692913,0.3228346456692913,0.31496062992125984
SA_38,bankrupt,1,data/processed/security/security_final/bloomberg_addin_workbook_part_004.xlsx,SA_38_Rosehill Resources Inc.,5,44,47,0.12335958005249344,0.05511811023622047,0.08661417322834646,0.2283464566929134
SA_226,bankrupt,1,data/processed/security/security_final/bloomberg_addin_workbook_part_004.xlsx,"SA_226_Tailored Brands, Inc.",5,60,10,0.026246719160104987,0.015748031496062992,0.015748031496062992,0.047244094488188976
SA_111,bankrupt,1,data/processed/security/security_final/bloomberg_addin_workbook_part_004.xlsx,SA_111_Lonestar Resources US In,5,0,108,0.28346456692913385,0.2992125984251969,0.30708661417322836,0.2440944881889764
SA_54,bankrupt,1,data/processed/security/security_final/bloomberg_addin_workbook_part_004.xlsx,"SA_54_Sequential Brands Group, ",5,60,14,0.03674540682414698,0.023622047244094488,0.023622047244094488,0.06299212598425197
SA_11,bankrupt,1,data/processed/security/security_final/bloomberg_addin_workbook_part_004.xlsx,"SA_11_Clovis Oncology, Inc.",5,60,10,0.026246719160104987,0.015748031496062992,0.015748031496062992,0.047244094488188976
SA_184,bankrupt,1,data/processed/security/security_final/bloomberg_addin_workbook_part_004.xlsx,SA_184_2u Inc,5,60,13,0.03412073490813648,0.023622047244094488,0.023622047244094488,0.05511811023622047
SA_156,bankrupt,1,data/processed/security/security_final/bloomberg_addin_workbook_part_004.xlsx,SA_156_Vbi Vaccines Inc,5,60,10,0.026246719160104987,0.015748031496062992,0.015748031496062992,0.047244094488188976
SA_294,bankrupt,1,data/processed/security/security_final/bloomberg_addin_workbook_part_004.xlsx,SA_294_Ll Flooring Holdings Inc,5,60,28,0.07349081364829396,0.06299212598425197,0.06299212598425197,0.09448818897637795
SA_303,bankrupt,1,data/processed/security/security_final/bloomberg_addin_workbook_part_004.xlsx,SA_303_Sunpower Corp,5,60,10,0.026246719160104987,0.015748031496062992,0.015748031496062992,0.047244094488188976
SA_275,bankrupt,1,data/processed/security/security_final/bloomberg_addin_workbook_part_004.xlsx,SA_275_Meta Materials Inc,5,60,12,0.031496062992125984,0.015748031496062992,0.015748031496062992,0.06299212598425197
SA_200,bankrupt,1,data/processed/security/security_final/bloomberg_addin_workbook_part_004.xlsx,SA_200_Big Lots Inc,5,60,13,0.03412073490813648,0.023622047244094488,0.023622047244094488,0.05511811023622047
SA_21,bankrupt,1,data/processed/security/security_final/bloomberg_addin_workbook_part_004.xlsx,SA_21_Tupperware Brands Corp,4,60,10,0.026246719160104987,0.015748031496062992,0.015748031496062992,0.047244094488188976
SA_24,bankrupt,1,data/processed/security/security_final/bloomberg_addin_workbook_part_004.xlsx,SA_24_Edgio Inc,4,60,13,0.03412073490813648,0.023622047244094488,0.023622047244094488,0.05511811023622047
SA_48,bankrupt,1,data/processed/security/security_final/bloomberg_addin_workbook_part_004.xlsx,SA_48_Bright Green Corp,4,25,111,0.29133858267716534,0.2204724409448819,0.25984251968503935,0.3937007874015748
SA_60,bankrupt,1,data/processed/security/security_final/bloomberg_addin_workbook_part_004.xlsx,SA_60_Smart For Life Inc,5,28,42,0.11023622047244094,0.047244094488188976,0.08661417322834646,0.1968503937007874
SA_230,bankrupt,1,data/processed/security/security_final/bloomberg_addin_workbook_part_004.xlsx,SA_230_Burgerfi International I,5,60,10,0.026246719160104987,0.015748031496062992,0.015748031496062992,0.047244094488188976
SA_73,bankrupt,1,data/processed/security/security_final/bloomberg_addin_workbook_part_004.xlsx,SA_73_Enviva Inc,5,60,14,0.03674540682414698,0.031496062992125984,0.031496062992125984,0.047244094488188976
SA_42,bankrupt,1,data/processed/security/security_final/bloomberg_addin_workbook_part_004.xlsx,SA_42_Vertex Energy Inc,5,60,10,0.026246719160104987,0.015748031496062992,0.015748031496062992,0.047244094488188976
SA_30,bankrupt,1,data/processed/security/security_final/bloomberg_addin_workbook_part_004.xlsx,SA_30_Gritstone Bio Inc,5,60,21,0.05511811023622047,0.031496062992125984,0.031496062992125984,0.10236220472440945
SA_208,bankrupt,1,data/processed/security/security_final/bloomberg_addin_workbook_part_004.xlsx,SA_208_Vicinity Motor Corp,5,60,10,0.026246719160104987,0.015748031496062992,0.015748031496062992,0.047244094488188976
SA_132,bankrupt,1,data/processed/security/security_final/bloomberg_addin_workbook_part_004.xlsx,SA_132_Spirit Airlines Inc,5,60,13,0.03412073490813648,0.023622047244094488,0.023622047244094488,0.05511811023622047
SA_242,bankrupt,1,data/processed/security/security_final/bloomberg_addin_workbook_part_005.xlsx,SA_242_Gaucho Group Holdings In,5,60,17,0.04461942257217848,0.023622047244094488,0.03937007874015748,0.07086614173228346
SA_133,bankrupt,1,data/processed/security/security_final/bloomberg_addin_workbook_part_005.xlsx,SA_133_Caremax Inc,4,47,26,0.06824146981627296,0.015748031496062992,0.03937007874015748,0.14960629921259844
SA_110,bankrupt,1,data/processed/security/security_final/bloomberg_addin_workbook_part_005.xlsx,SA_110_Englobal Corp,5,60,13,0.03412073490813648,0.023622047244094488,0.023622047244094488,0.05511811023622047
SA_157,bankrupt,1,data/processed/security/security_final/bloomberg_addin_workbook_part_005.xlsx,SA_157_Mondee Holdings Inc,4,42,39,0.10236220472440945,0.031496062992125984,0.07086614173228346,0.2047244094488189
SA_181,bankrupt,1,data/processed/security/security_final/bloomberg_addin_workbook_part_005.xlsx,SA_181_Container Store Group In,5,60,16,0.04199475065616798,0.031496062992125984,0.031496062992125984,0.06299212598425197
SA_67,bankrupt,1,data/processed/security/security_final/bloomberg_addin_workbook_part_005.xlsx,SA_67_Tff Pharmaceuticals Inc,5,59,55,0.14435695538057744,0.09448818897637795,0.11023622047244094,0.2283464566929134
SA_177,bankrupt,1,data/processed/security/security_final/bloomberg_addin_workbook_part_005.xlsx,SA_177_Akoustis Technologies In,5,60,10,0.026246719160104987,0.015748031496062992,0.015748031496062992,0.047244094488188976
SA_281,bankrupt,1,data/processed/security/security_final/bloomberg_addin_workbook_part_005.xlsx,SA_281_Lion Electric Co.,5,47,20,0.05249343832020997,0.015748031496062992,0.047244094488188976,0.09448818897637795
SA_213,bankrupt,1,data/processed/security/security_final/bloomberg_addin_workbook_part_005.xlsx,SA_213_Blue Star Foods Corp,5,53,13,0.03412073490813648,0.015748031496062992,0.031496062992125984,0.05511811023622047
SA_259,bankrupt,1,data/processed/security/security_final/bloomberg_addin_workbook_part_005.xlsx,SA_259_Molecular Templates Inc,5,60,19,0.049868766404199474,0.031496062992125984,0.03937007874015748,0.07874015748031496
SA_258,bankrupt,1,data/processed/security/security_final/bloomberg_addin_workbook_part_005.xlsx,SA_258_Danimer Scientific Inc,5,53,15,0.03937007874015748,0.023622047244094488,0.031496062992125984,0.06299212598425197
SA_175,bankrupt,1,data/processed/security/security_final/bloomberg_addin_workbook_part_005.xlsx,SA_175_Ilearningengines Inc,4,42,107,0.28083989501312334,0.047244094488188976,0.16535433070866143,0.6299212598425197
SA_124,bankrupt,1,data/processed/security/security_final/bloomberg_addin_workbook_part_005.xlsx,SA_124_Canoo Inc,5,60,33,0.08661417322834646,0.031496062992125984,0.09448818897637795,0.13385826771653545
SA_233,bankrupt,1,data/processed/security/security_final/bloomberg_addin_workbook_part_005.xlsx,SA_233_Hyzon Motors Inc,0,0,342,0.8976377952755905,0.8976377952755905,0.8976377952755905,0.8976377952755905
SA_260,bankrupt,1,data/processed/security/security_final/bloomberg_addin_workbook_part_005.xlsx,SA_260_Avinger Inc,5,60,11,0.028871391076115485,0.015748031496062992,0.015748031496062992,0.05511811023622047
SA_261,bankrupt,1,data/processed/security/security_final/bloomberg_addin_workbook_part_005.xlsx,SA_261_Bio-path Holdings Inc,5,60,51,0.13385826771653545,0.12598425196850394,0.11811023622047244,0.15748031496062992
SA_170,bankrupt,1,data/processed/security/security_final/bloomberg_addin_workbook_part_005.xlsx,SA_170_Omega Therapeutics Inc,5,40,40,0.10498687664041995,0.06299212598425197,0.10236220472440945,0.14960629921259844
SA_204,bankrupt,1,data/processed/security/security_final/bloomberg_addin_workbook_part_005.xlsx,SA_204_Nikola Corp,5,60,35,0.09186351706036745,0.05511811023622047,0.07086614173228346,0.14960629921259844
SA_66,bankrupt,1,data/processed/security/security_final/bloomberg_addin_workbook_part_005.xlsx,SA_66_Crown Electrokinetics Cor,4,54,123,0.3228346456692913,0.03937007874015748,0.23622047244094488,0.6929133858267716
SA_169,bankrupt,1,data/processed/security/security_final/bloomberg_addin_workbook_part_005.xlsx,SA_169_Cutera Inc,5,60,21,0.05511811023622047,0.023622047244094488,0.05511811023622047,0.08661417322834646
SA_279,bankrupt,1,data/processed/security/security_final/bloomberg_addin_workbook_part_005.xlsx,SA_279_Avenue Therapeutics Inc,5,60,78,0.2047244094488189,0.1889763779527559,0.1968503937007874,0.2283464566929134
SA_228,bankrupt,1,data/processed/security/security_final/bloomberg_addin_workbook_part_005.xlsx,SA_228_Imac Holdings Inc,5,60,19,0.049868766404199474,0.07086614173228346,0.023622047244094488,0.05511811023622047
SA_284,bankrupt,1,data/processed/security/security_final/bloomberg_addin_workbook_part_005.xlsx,SA_284_Benson Hill Inc,4,46,35,0.09186351706036745,0.015748031496062992,0.047244094488188976,0.2125984251968504
SA_43,bankrupt,1,data/processed/security/security_final/bloomberg_addin_workbook_part_005.xlsx,SA_43_Luokung Technology Corp,5,60,14,0.03674540682414698,0.023622047244094488,0.023622047244094488,0.06299212598425197
SA_141,bankrupt,1,data/processed/security/security_final/bloomberg_addin_workbook_part_005.xlsx,SA_141_Virpax Pharmaceuticals I,5,47,108,0.28346456692913385,0.2125984251968504,0.30708661417322836,0.33070866141732286
SA_196,bankrupt,1,data/processed/security/security_final/bloomberg_addin_workbook_part_005.xlsx,SA_196_Scorpius Holdings Inc,5,60,17,0.04461942257217848,0.015748031496062992,0.031496062992125984,0.08661417322834646
SA_291,bankrupt,1,data/processed/security/security_final/bloomberg_addin_workbook_part_005.xlsx,SA_291_Thunder Power Holdings I,3,29,148,0.3884514435695538,0.2283464566929134,0.30708661417322836,0.6299212598425197
SA_273,bankrupt,1,data/processed/security/security_final/bloomberg_addin_workbook_part_005.xlsx,SA_273_Vincerx Pharma Inc,5,56,64,0.1679790026246719,0.18110236220472442,0.14960629921259844,0.1732283464566929
SA_197,bankrupt,1,data/processed/security/security_final/bloomberg_addin_workbook_part_005.xlsx,SA_197_Accelerate Diagnostics I,5,60,10,0.026246719160104987,0.015748031496062992,0.015748031496062992,0.047244094488188976
SA_217,bankrupt,1,data/processed/security/security_final/bloomberg_addin_workbook_part_005.xlsx,SA_217_Icoreconnect Inc,5,18,112,0.29396325459317585,0.09448818897637795,0.25196850393700787,0.5354330708661418
SA_103,bankrupt,1,data/processed/security/security_final/bloomberg_addin_workbook_part_005.xlsx,SA_103_Sunnova Energy Internati,5,60,10,0.026246719160104987,0.015748031496062992,0.015748031496062992,0.047244094488188976
SA_278,bankrupt,1,data/processed/security/security_final/bloomberg_addin_workbook_part_005.xlsx,SA_278_Femto Technologies Inc,3,34,141,0.3700787401574803,0.2204724409448819,0.33070866141732286,0.5590551181102362
SA_195,bankrupt,1,data/processed/security/security_final/bloomberg_addin_workbook_part_005.xlsx,SA_195_Marin Software Inc,4,60,28,0.07349081364829396,0.06299212598425197,0.06299212598425197,0.09448818897637795
SA_216,bankrupt,1,data/processed/security/security_final/bloomberg_addin_workbook_part_005.xlsx,SA_216_Wag! Group Co.,4,44,22,0.05774278215223097,0.023622047244094488,0.05511811023622047,0.09448818897637795
SA_246,bankrupt,1,data/processed/security/security_final/bloomberg_addin_workbook_part_005.xlsx,SA_246_S&w Seed Co.,5,60,10,0.026246719160104987,0.015748031496062992,0.015748031496062992,0.047244094488188976
SA_28,bankrupt,1,data/processed/security/security_final/bloomberg_addin_workbook_part_005.xlsx,SA_28_Third Harmonic Bio Inc,5,0,163,0.42782152230971127,0.4094488188976378,0.4094488188976378,0.4645669291338583
SA_152,bankrupt,1,data/processed/security/security_final/bloomberg_addin_workbook_part_005.xlsx,SA_152_Hookipa Pharma Inc,5,60,13,0.03412073490813648,0.023622047244094488,0.023622047244094488,0.05511811023622047
SA_254,bankrupt,1,data/processed/security/security_final/bloomberg_addin_workbook_part_005.xlsx,SA_254_Foxo Technologies Inc,5,52,29,0.07611548556430446,0.07086614173228346,0.03937007874015748,0.11811023622047244
SA_168,bankrupt,1,data/processed/security/security_final/bloomberg_addin_workbook_part_005.xlsx,SA_168_Ontrak Inc,5,60,14,0.03674540682414698,0.031496062992125984,0.023622047244094488,0.05511811023622047
SA_23,bankrupt,1,data/processed/security/security_final/bloomberg_addin_workbook_part_005.xlsx,SA_23_Tpi Composites Inc,5,60,10,0.026246719160104987,0.015748031496062992,0.015748031496062992,0.047244094488188976
SA_61,bankrupt,1,data/processed/security/security_final/bloomberg_addin_workbook_part_005.xlsx,SA_61_Modivcare Inc,5,60,28,0.07349081364829396,0.06299212598425197,0.06299212598425197,0.09448818897637795
SA_12,bankrupt,1,data/processed/security/security_final/bloomberg_addin_workbook_part_005.xlsx,SA_12_Spirit Aviation Holdings ,1,2,308,0.8083989501312336,0.6299212598425197,0.8976377952755905,0.8976377952755905
SA_85,bankrupt,1,data/processed/security/security_final/bloomberg_addin_workbook_part_005.xlsx,SA_85_Flexshopper Inc,4,60,93,0.2440944881889764,0.6535433070866141,0.023622047244094488,0.05511811023622047
SA_91,bankrupt,1,data/processed/security/security_final/bloomberg_addin_workbook_part_005.xlsx,SA_91_Ambipar Emergency Respons,2,58,253,0.6640419947506562,0.6535433070866141,0.6535433070866141,0.6850393700787402
SA_128,bankrupt,1,data/processed/security/security_final/bloomberg_addin_workbook_part_005.xlsx,SA_128_Sonder Holdings Inc,5,53,19,0.049868766404199474,0.03937007874015748,0.03937007874015748,0.07086614173228346
SA_107,bankrupt,1,data/processed/security/security_final/bloomberg_addin_workbook_part_005.xlsx,SA_107_Nabors Energy Transition,2,24,270,0.7086614173228346,0.8661417322834646,0.8740157480314961,0.3858267716535433
SA_19,bankrupt,1,data/processed/security/security_final/bloomberg_addin_workbook_part_005.xlsx,SA_19_Lazydays Holdings Inc,5,60,10,0.026246719160104987,0.015748031496062992,0.015748031496062992,0.047244094488188976
SA_138,bankrupt,1,data/processed/security/security_final/bloomberg_addin_workbook_part_005.xlsx,SA_138_Clearside Biomedical Inc,5,61,16,0.04199475065616798,0.023622047244094488,0.031496062992125984,0.07086614173228346
SA_210,bankrupt,1,data/processed/security/security_final/bloomberg_addin_workbook_part_005.xlsx,SA_210_Harrison Global Holdings,3,14,168,0.4409448818897638,0.7559055118110236,0.23622047244094488,0.33070866141732286
SA_249,bankrupt,1,data/processed/security/security_final/bloomberg_addin_workbook_part_005.xlsx,SA_249_Irobot Corp,5,60,25,0.06561679790026247,0.05511811023622047,0.05511811023622047,0.08661417322834646
SA_293,bankrupt,1,data/processed/security/security_final/bloomberg_addin_workbook_part_006.xlsx,SA_293_Zynex Inc,5,60,10,0.026246719160104987,0.015748031496062992,0.015748031496062992,0.047244094488188976
SA_306,bankrupt,1,data/processed/security/security_final/bloomberg_addin_workbook_part_006.xlsx,SA_306_Luminar Technologies Inc,5,0,71,0.18635170603674542,0.18110236220472442,0.18110236220472442,0.1968503937007874
SA_16,bankrupt,1,data/processed/security/security_final/bloomberg_addin_workbook_part_006.xlsx,SA_16_Ecd Automotive Design Inc,4,34,56,0.14698162729658792,0.05511811023622047,0.09448818897637795,0.29133858267716534
SA_201,bankrupt,1,data/processed/security/security_final/bloomberg_addin_workbook_part_006.xlsx,SA_201_Inspire Veterinary Partn,4,26,50,0.13123359580052493,0.06299212598425197,0.11023622047244094,0.2204724409448819
SA_300,bankrupt,1,data/processed/security/security_final/bloomberg_addin_workbook_part_006.xlsx,SA_300_Nine Energy Service Inc,5,0,114,0.2992125984251969,0.2992125984251969,0.2992125984251969,0.2992125984251969
SA_1,bankrupt,1,data/processed/security/security_final/bloomberg_addin_workbook_part_006.xlsx,SA_1_Twin Hospitality Group Inc,2,10,200,0.5249343832020997,0.2047244094488189,0.47244094488188976,0.8976377952755905
SA_147,bankrupt,1,data/processed/security/security_final/bloomberg_addin_workbook_part_006.xlsx,SA_147_Fat Brands Inc,5,60,24,0.06299212598425197,0.047244094488188976,0.05511811023622047,0.08661417322834646
SA_101,bankrupt,1,data/processed/security/security_final/bloomberg_addin_workbook_part_006.xlsx,SA_101_Blue Hat Interactive Ent,5,60,12,0.031496062992125984,0.023622047244094488,0.023622047244094488,0.047244094488188976
SA_167,bankrupt,1,data/processed/security/security_final/bloomberg_addin_workbook_part_006.xlsx,SA_167_Io Biotech Inc,4,50,48,0.12598425196850394,0.11811023622047244,0.11811023622047244,0.14173228346456693
SA_98,bankrupt,1,data/processed/security/security_final/bloomberg_addin_workbook_part_006.xlsx,SA_98_Qvc Group Inc,5,0,82,0.2152230971128609,0.2125984251968504,0.2125984251968504,0.2204724409448819
SA_245,bankrupt,1,data/processed/security/security_final/bloomberg_addin_workbook_part_006.xlsx,SA_245_American Rebel Holdings ,5,60,24,0.06299212598425197,0.047244094488188976,0.05511811023622047,0.08661417322834646
SA_37,bankrupt,1,data/processed/security/security_final/bloomberg_addin_workbook_part_006.xlsx,SA_37_Society Pass Incorporated,4,51,10,0.026246719160104987,0.015748031496062992,0.015748031496062992,0.047244094488188976
SA_183,bankrupt,1,data/processed/security/security_final/bloomberg_addin_workbook_part_006.xlsx,SA_183_Inotiv Inc,5,60,10,0.026246719160104987,0.015748031496062992,0.015748031496062992,0.047244094488188976
SA_229,bankrupt,1,data/processed/security/security_final/bloomberg_addin_workbook_part_006.xlsx,SA_229_Gohealth Inc,5,60,13,0.03412073490813648,0.023622047244094488,0.023622047244094488,0.05511811023622047
SA_146,bankrupt,1,data/processed/security/security_final/bloomberg_addin_workbook_part_006.xlsx,SA_146_Sleep Number Corp,5,60,10,0.026246719160104987,0.015748031496062992,0.015748031496062992,0.047244094488188976
SA_301,bankrupt,1,data/processed/security/security_final/bloomberg_addin_workbook_part_006.xlsx,SA_301_Devvstream Corp,4,51,79,0.2073490813648294,0.18110236220472442,0.2047244094488189,0.23622047244094488
SA_63,bankrupt,1,data/processed/security/security_final/bloomberg_addin_workbook_part_006.xlsx,SA_63_Aditxt Inc,4,60,24,0.06299212598425197,0.047244094488188976,0.06299212598425197,0.07874015748031496
SA_148,bankrupt,1,data/processed/security/security_final/bloomberg_addin_workbook_part_006.xlsx,SA_148_Origin Materials Inc,5,60,19,0.049868766404199474,0.015748031496062992,0.03937007874015748,0.09448818897637795
SA_269,bankrupt,1,data/processed/security/security_final/bloomberg_addin_workbook_part_006.xlsx,SA_269_Visionary Holdings Inc,4,48,27,0.07086614173228346,0.03937007874015748,0.07086614173228346,0.10236220472440945
NB_1092,nonbankrupt,0,data/processed/security/security_final/bloomberg_addin_workbook_part_006.xlsx,NB_1092_Fortune Brands Innovati,5,61,7,0.01837270341207349,0.015748031496062992,0.015748031496062992,0.023622047244094488
NB_2950,nonbankrupt,0,data/processed/security/security_final/bloomberg_addin_workbook_part_006.xlsx,NB_2950_Tronox Holdings plc Ord,5,61,6,0.015748031496062992,0.015748031496062992,0.015748031496062992,0.015748031496062992
NB_3043,nonbankrupt,0,data/processed/security/security_final/bloomberg_addin_workbook_part_006.xlsx,NB_3043_U.S. Gold Corp. Common ,5,61,70,0.1837270341207349,0.18110236220472442,0.18110236220472442,0.1889763779527559
NB_1533,nonbankrupt,0,data/processed/security/security_final/bloomberg_addin_workbook_part_006.xlsx,NB_1533_IperionX Limited Americ,5,0,162,0.4251968503937008,0.3700787401574803,0.4094488188976378,0.49606299212598426
NB_658,nonbankrupt,0,data/processed/security/security_final/bloomberg_addin_workbook_part_006.xlsx,NB_658_Clearwater Paper Corpora,5,61,21,0.05511811023622047,0.05511811023622047,0.05511811023622047,0.05511811023622047
NB_772,nonbankrupt,0,data/processed/security/security_final/bloomberg_addin_workbook_part_006.xlsx,NB_772_Contango Silver & Gold I,6,61,77,0.2020997375328084,0.2283464566929134,0.1889763779527559,0.1889763779527559
NB_202,nonbankrupt,0,data/processed/security/security_final/bloomberg_addin_workbook_part_006.xlsx,NB_202_Angi Inc. Class A Common,5,61,9,0.023622047244094488,0.023622047244094488,0.023622047244094488,0.023622047244094488
NB_1572,nonbankrupt,0,data/processed/security/security_final/bloomberg_addin_workbook_part_006.xlsx,NB_1572_JetBlue Airways Corpora,5,61,6,0.015748031496062992,0.015748031496062992,0.015748031496062992,0.015748031496062992
NB_2900,nonbankrupt,0,data/processed/security/security_final/bloomberg_addin_workbook_part_006.xlsx,NB_2900_Tandy Leather Factory I,5,61,6,0.015748031496062992,0.015748031496062992,0.015748031496062992,0.015748031496062992
NB_5,nonbankrupt,0,data/processed/security/security_final/bloomberg_addin_workbook_part_006.xlsx,NB_5_Advance Auto Parts Inc.,5,61,6,0.015748031496062992,0.015748031496062992,0.015748031496062992,0.015748031496062992
NB_798,nonbankrupt,0,data/processed/security/security_final/bloomberg_addin_workbook_part_006.xlsx,NB_798_Commercial Vehicle Group,5,61,11,0.028871391076115485,0.023622047244094488,0.031496062992125984,0.031496062992125984
NB_1059,nonbankrupt,0,data/processed/security/security_final/bloomberg_addin_workbook_part_006.xlsx,NB_1059_EVgo Inc. Class A Commo,1,8,273,0.7165354330708661,0.3543307086614173,0.8976377952755905,0.8976377952755905
NB_2602,nonbankrupt,0,data/processed/security/security_final/bloomberg_addin_workbook_part_006.xlsx,NB_2602_Scholastic Corporation ,5,61,7,0.01837270341207349,0.015748031496062992,0.015748031496062992,0.023622047244094488
NB_3032,nonbankrupt,0,data/processed/security/security_final/bloomberg_addin_workbook_part_006.xlsx,NB_3032_Urban One Inc. Class A ,5,61,15,0.03937007874015748,0.03937007874015748,0.03937007874015748,0.03937007874015748
NB_728,nonbankrupt,0,data/processed/security/security_final/bloomberg_addin_workbook_part_006.xlsx,NB_728_CPS Technologies Corp. C,5,61,37,0.09711286089238845,0.07086614173228346,0.09448818897637795,0.12598425196850394
NB_973,nonbankrupt,0,data/processed/security/security_final/bloomberg_addin_workbook_part_006.xlsx,NB_973_Energy Focus Inc. Common,5,61,10,0.026246719160104987,0.015748031496062992,0.023622047244094488,0.03937007874015748
NB_45,nonbankrupt,0,data/processed/security/security_final/bloomberg_addin_workbook_part_006.xlsx,NB_45_ACV Auctions Inc. Class A,2,4,204,0.5354330708661418,0.2125984251968504,0.49606299212598426,0.8976377952755905
NB_3170,nonbankrupt,0,data/processed/security/security_final/bloomberg_addin_workbook_part_006.xlsx,NB_3170_WEX Inc. common stock,5,61,14,0.03674540682414698,0.031496062992125984,0.03937007874015748,0.03937007874015748
NB_3278,nonbankrupt,0,data/processed/security/security_final/bloomberg_addin_workbook_part_006.xlsx,NB_3278_Zillow Group Inc. Class,5,61,8,0.02099737532808399,0.015748031496062992,0.015748031496062992,0.031496062992125984
NB_196,nonbankrupt,0,data/processed/security/security_final/bloomberg_addin_workbook_part_006.xlsx,NB_196_Amazon.com Inc. Common S,5,61,6,0.015748031496062992,0.015748031496062992,0.015748031496062992,0.015748031496062992
NB_2529,nonbankrupt,0,data/processed/security/security_final/bloomberg_addin_workbook_part_006.xlsx,NB_2529_Ross Stores Inc. Common,5,61,7,0.01837270341207349,0.015748031496062992,0.023622047244094488,0.015748031496062992
NB_432,nonbankrupt,0,data/processed/security/security_final/bloomberg_addin_workbook_part_006.xlsx,NB_432_Blue Bird Corporation Co,5,61,6,0.015748031496062992,0.015748031496062992,0.015748031496062992,0.015748031496062992
NB_711,nonbankrupt,0,data/processed/security/security_final/bloomberg_addin_workbook_part_006.xlsx,NB_711_Traeger Inc. Common Stoc,2,0,211,0.5538057742782152,0.2992125984251969,0.4645669291338583,0.8976377952755905
NB_372,nonbankrupt,0,data/processed/security/security_final/bloomberg_addin_workbook_part_006.xlsx,NB_372_Best Buy Co. Inc. Common,5,61,6,0.015748031496062992,0.015748031496062992,0.015748031496062992,0.015748031496062992
NB_2035,nonbankrupt,0,data/processed/security/security_final/bloomberg_addin_workbook_part_006.xlsx,NB_2035_Natural Health Trends C,5,61,34,0.08923884514435695,0.06299212598425197,0.08661417322834646,0.11811023622047244
NB_2743,nonbankrupt,0,data/processed/security/security_final/bloomberg_addin_workbook_part_006.xlsx,NB_2743_Sonoco Products Company,5,61,6,0.015748031496062992,0.015748031496062992,0.015748031496062992,0.015748031496062992
NB_1803,nonbankrupt,0,data/processed/security/security_final/bloomberg_addin_workbook_part_006.xlsx,NB_1803_Macy's Inc Common Stock,5,61,6,0.015748031496062992,0.015748031496062992,0.015748031496062992,0.015748031496062992
NB_13,nonbankrupt,0,data/processed/security/security_final/bloomberg_addin_workbook_part_006.xlsx,NB_13_ABM Industries Incorporat,5,61,9,0.023622047244094488,0.023622047244094488,0.023622047244094488,0.023622047244094488
NB_79,nonbankrupt,0,data/processed/security/security_final/bloomberg_addin_workbook_part_006.xlsx,NB_79_Alliance Entertainment Ho,1,4,306,0.8031496062992126,0.6141732283464567,0.8976377952755905,0.8976377952755905
NB_1263,nonbankrupt,0,data/processed/security/security_final/bloomberg_addin_workbook_part_006.xlsx,NB_1263_GameStop Corporation Co,5,61,7,0.01837270341207349,0.015748031496062992,0.015748031496062992,0.023622047244094488
NB_186,nonbankrupt,0,data/processed/security/security_final/bloomberg_addin_workbook_part_006.xlsx,NB_186_Ameresco Inc. Class A Co,5,61,6,0.015748031496062992,0.015748031496062992,0.015748031496062992,0.015748031496062992
NB_3028,nonbankrupt,0,data/processed/security/security_final/bloomberg_addin_workbook_part_007.xlsx,NB_3028_United Natural Foods In,5,61,6,0.015748031496062992,0.015748031496062992,0.015748031496062992,0.015748031496062992
NB_2931,nonbankrupt,0,data/processed/security/security_final/bloomberg_addin_workbook_part_007.xlsx,NB_2931_Tutor Perini Corporatio,5,61,9,0.023622047244094488,0.023622047244094488,0.023622047244094488,0.023622047244094488
NB_170,nonbankrupt,0,data/processed/security/security_final/bloomberg_addin_workbook_part_007.xlsx,NB_170_AMC Robotics Corporation,0,0,342,0.8976377952755905,0.8976377952755905,0.8976377952755905,0.8976377952755905
NB_1710,nonbankrupt,0,data/processed/security/security_final/bloomberg_addin_workbook_part_007.xlsx,NB_1710_LGI Homes Inc. Common S,5,61,21,0.05511811023622047,0.05511811023622047,0.05511811023622047,0.05511811023622047
NB_1357,nonbankrupt,0,data/processed/security/security_final/bloomberg_addin_workbook_part_007.xlsx,NB_1357_Hilton Grand Vacations ,5,55,12,0.031496062992125984,0.015748031496062992,0.023622047244094488,0.05511811023622047
NB_2833,nonbankrupt,0,data/processed/security/security_final/bloomberg_addin_workbook_part_007.xlsx,NB_2833_Stanley Black & Decker ,5,61,6,0.015748031496062992,0.015748031496062992,0.015748031496062992,0.015748031496062992
NB_3091,nonbankrupt,0,data/processed/security/security_final/bloomberg_addin_workbook_part_007.xlsx,NB_3091_Virco Manufacturing Cor,5,61,27,0.07086614173228346,0.07086614173228346,0.07086614173228346,0.07086614173228346
NB_2868,nonbankrupt,0,data/processed/security/security_final/bloomberg_addin_workbook_part_007.xlsx,NB_2868_Tidewater Inc. Common S,4,47,44,0.11548556430446194,0.031496062992125984,0.06299212598425197,0.25196850393700787
NB_1112,nonbankrupt,0,data/processed/security/security_final/bloomberg_addin_workbook_part_007.xlsx,NB_1112_Franklin Electric Co. I,5,61,10,0.026246719160104987,0.031496062992125984,0.031496062992125984,0.015748031496062992
NB_27,nonbankrupt,0,data/processed/security/security_final/bloomberg_addin_workbook_part_007.xlsx,NB_27_Acorn Energy Inc. Common ,5,61,17,0.04461942257217848,0.023622047244094488,0.047244094488188976,0.06299212598425197
NB_835,nonbankrupt,0,data/processed/security/security_final/bloomberg_addin_workbook_part_007.xlsx,NB_835_Daktronics Inc. Common S,5,61,27,0.07086614173228346,0.07086614173228346,0.07086614173228346,0.07086614173228346
NB_1159,nonbankrupt,0,data/processed/security/security_final/bloomberg_addin_workbook_part_007.xlsx,NB_1159_Fox Factory Holding Cor,5,61,6,0.015748031496062992,0.015748031496062992,0.015748031496062992,0.015748031496062992
NB_2812,nonbankrupt,0,data/processed/security/security_final/bloomberg_addin_workbook_part_007.xlsx,NB_2812_Starz Entertainment Cor,5,0,117,0.30708661417322836,0.30708661417322836,0.30708661417322836,0.30708661417322836
NB_885,nonbankrupt,0,data/processed/security/security_final/bloomberg_addin_workbook_part_007.xlsx,NB_885_Daily Journal Corp. (S.C,5,61,12,0.031496062992125984,0.031496062992125984,0.031496062992125984,0.031496062992125984
NB_959,nonbankrupt,0,data/processed/security/security_final/bloomberg_addin_workbook_part_007.xlsx,NB_959_Ennis Inc. Common Stock,5,61,8,0.02099737532808399,0.015748031496062992,0.023622047244094488,0.023622047244094488
NB_3173,nonbankrupt,0,data/processed/security/security_final/bloomberg_addin_workbook_part_007.xlsx,NB_3173_Weatherford Internation,5,19,72,0.1889763779527559,0.08661417322834646,0.18110236220472442,0.2992125984251969
NB_1061,nonbankrupt,0,data/processed/security/security_final/bloomberg_addin_workbook_part_007.xlsx,NB_1061_EVI Industries Inc.  Co,6,61,7,0.01837270341207349,0.015748031496062992,0.023622047244094488,0.015748031496062992
NB_1144,nonbankrupt,0,data/processed/security/security_final/bloomberg_addin_workbook_part_007.xlsx,NB_1144_1-800-FLOWERS.COM Inc. ,6,61,7,0.01837270341207349,0.015748031496062992,0.015748031496062992,0.023622047244094488
NB_456,nonbankrupt,0,data/processed/security/security_final/bloomberg_addin_workbook_part_007.xlsx,NB_456_Bonk Inc. Common Stock,3,9,176,0.46194225721784776,0.2047244094488189,0.4566929133858268,0.7244094488188977
NB_340,nonbankrupt,0,data/processed/security/security_final/bloomberg_addin_workbook_part_007.xlsx,NB_340_Axalta Coating Systems L,5,61,21,0.05511811023622047,0.05511811023622047,0.05511811023622047,0.05511811023622047
NB_1392,nonbankrupt,0,data/processed/security/security_final/bloomberg_addin_workbook_part_007.xlsx,NB_1392_HireQuest Inc. Common S,5,61,45,0.11811023622047244,0.11811023622047244,0.11811023622047244,0.11811023622047244
NB_2672,nonbankrupt,0,data/processed/security/security_final/bloomberg_addin_workbook_part_007.xlsx,NB_2672_SiteOne Landscape Suppl,5,61,12,0.031496062992125984,0.015748031496062992,0.023622047244094488,0.05511811023622047
NB_22,nonbankrupt,0,data/processed/security/security_final/bloomberg_addin_workbook_part_007.xlsx,NB_22_Acco Brands Corporation C,5,61,6,0.015748031496062992,0.015748031496062992,0.015748031496062992,0.015748031496062992
NB_1575,nonbankrupt,0,data/processed/security/security_final/bloomberg_addin_workbook_part_007.xlsx,NB_1575_Jewett-Cameron Trading ,5,61,41,0.10761154855643044,0.08661417322834646,0.11811023622047244,0.11811023622047244
NB_1584,nonbankrupt,0,data/processed/security/security_final/bloomberg_addin_workbook_part_007.xlsx,NB_1584_Johnson Outdoors Inc. C,5,61,23,0.06036745406824147,0.03937007874015748,0.07086614173228346,0.07086614173228346
NB_1411,nonbankrupt,0,data/processed/security/security_final/bloomberg_addin_workbook_part_007.xlsx,NB_1411_Hertz Global Holdings I,5,0,118,0.30971128608923887,0.2992125984251969,0.31496062992125984,0.31496062992125984
NB_1787,nonbankrupt,0,data/processed/security/security_final/bloomberg_addin_workbook_part_007.xlsx,NB_1787_LiveOne Inc. Common Sto,5,44,37,0.09711286089238845,0.06299212598425197,0.09448818897637795,0.13385826771653545
NB_2651,nonbankrupt,0,data/processed/security/security_final/bloomberg_addin_workbook_part_007.xlsx,NB_2651_Shake Shack Inc. Class ,5,61,8,0.02099737532808399,0.015748031496062992,0.023622047244094488,0.023622047244094488
NB_12,nonbankrupt,0,data/processed/security/security_final/bloomberg_addin_workbook_part_007.xlsx,NB_12_Asbury Automotive Group I,5,61,12,0.031496062992125984,0.031496062992125984,0.031496062992125984,0.031496062992125984
NB_3196,nonbankrupt,0,data/processed/security/security_final/bloomberg_addin_workbook_part_007.xlsx,NB_3196_Warner Music Group Corp,5,13,95,0.24934383202099739,0.13385826771653545,0.2677165354330709,0.3464566929133858
NB_531,nonbankrupt,0,data/processed/security/security_final/bloomberg_addin_workbook_part_007.xlsx,NB_531_Caleres Inc. Common Stoc,5,61,7,0.01837270341207349,0.015748031496062992,0.015748031496062992,0.023622047244094488
NB_273,nonbankrupt,0,data/processed/security/security_final/bloomberg_addin_workbook_part_007.xlsx,NB_273_Ashland Inc. Common Stoc,5,61,6,0.015748031496062992,0.015748031496062992,0.015748031496062992,0.015748031496062992
NB_284,nonbankrupt,0,data/processed/security/security_final/bloomberg_addin_workbook_part_007.xlsx,NB_284_AST SpaceMobile Inc. Cla,2,20,221,0.5800524934383202,0.2283464566929134,0.6141732283464567,0.8976377952755905
NB_113,nonbankrupt,0,data/processed/security/security_final/bloomberg_addin_workbook_part_007.xlsx,NB_113_Albany International Cor,5,61,6,0.015748031496062992,0.015748031496062992,0.015748031496062992,0.015748031496062992
NB_2930,nonbankrupt,0,data/processed/security/security_final/bloomberg_addin_workbook_part_007.xlsx,NB_2930_Turning Point Brands In,5,61,6,0.015748031496062992,0.015748031496062992,0.015748031496062992,0.015748031496062992
NB_2964,nonbankrupt,0,data/processed/security/security_final/bloomberg_addin_workbook_part_007.xlsx,NB_2964_Toro Company (The) Comm,5,61,7,0.01837270341207349,0.015748031496062992,0.023622047244094488,0.015748031496062992
NB_2564,nonbankrupt,0,data/processed/security/security_final/bloomberg_addin_workbook_part_007.xlsx,NB_2564_RXO Inc. Common Stock,2,0,274,0.7191601049868767,0.44881889763779526,0.8110236220472441,0.8976377952755905
NB_511,nonbankrupt,0,data/processed/security/security_final/bloomberg_addin_workbook_part_007.xlsx,NB_511_Bluelinx Holdings Inc. C,5,61,12,0.031496062992125984,0.031496062992125984,0.031496062992125984,0.031496062992125984
NB_3171,nonbankrupt,0,data/processed/security/security_final/bloomberg_addin_workbook_part_007.xlsx,NB_3171_Weyco Group Inc. Common,5,61,10,0.026246719160104987,0.015748031496062992,0.023622047244094488,0.03937007874015748
NB_190,nonbankrupt,0,data/processed/security/security_final/bloomberg_addin_workbook_part_007.xlsx,NB_190_AMASS Brands Inc. Common,0,0,342,0.8976377952755905,0.8976377952755905,0.8976377952755905,0.8976377952755905
NB_1272,nonbankrupt,0,data/processed/security/security_final/bloomberg_addin_workbook_part_007.xlsx,NB_1272_Genasys Inc. Common Sto,5,61,15,0.03937007874015748,0.05511811023622047,0.015748031496062992,0.047244094488188976
NB_2569,nonbankrupt,0,data/processed/security/security_final/bloomberg_addin_workbook_part_007.xlsx,NB_2569_RYTHM Inc. Common Stock,3,6,163,0.42782152230971127,0.28346456692913385,0.4330708661417323,0.5669291338582677
NB_3197,nonbankrupt,0,data/processed/security/security_final/bloomberg_addin_workbook_part_007.xlsx,NB_3197_Weis Markets Inc. Commo,5,61,21,0.05511811023622047,0.031496062992125984,0.05511811023622047,0.07874015748031496
NB_1397,nonbankrupt,0,data/processed/security/security_final/bloomberg_addin_workbook_part_007.xlsx,NB_1397_Hormel Foods Corporatio,5,61,9,0.023622047244094488,0.023622047244094488,0.023622047244094488,0.023622047244094488
NB_2709,nonbankrupt,0,data/processed/security/security_final/bloomberg_addin_workbook_part_007.xlsx,NB_2709_The Simply Good Foods C,5,58,17,0.04461942257217848,0.015748031496062992,0.023622047244094488,0.09448818897637795
NB_807,nonbankrupt,0,data/processed/security/security_final/bloomberg_addin_workbook_part_007.xlsx,NB_807_CVS Health Corporation C,5,61,6,0.015748031496062992,0.015748031496062992,0.015748031496062992,0.015748031496062992
NB_473,nonbankrupt,0,data/processed/security/security_final/bloomberg_addin_workbook_part_007.xlsx,NB_473_Bridgford Foods Corporat,5,61,22,0.05774278215223097,0.05511811023622047,0.06299212598425197,0.05511811023622047
NB_2003,nonbankrupt,0,data/processed/security/security_final/bloomberg_addin_workbook_part_007.xlsx,NB_2003_NACCO Industries Inc. C,5,61,6,0.015748031496062992,0.015748031496062992,0.015748031496062992,0.015748031496062992
NB_1866,nonbankrupt,0,data/processed/security/security_final/bloomberg_addin_workbook_part_007.xlsx,NB_1866_MGE Energy Inc,5,61,27,0.07086614173228346,0.07086614173228346,0.07086614173228346,0.07086614173228346
NB_2337,nonbankrupt,0,data/processed/security/security_final/bloomberg_addin_workbook_part_007.xlsx,NB_2337_Powell Industries Inc. ,5,61,6,0.015748031496062992,0.015748031496062992,0.015748031496062992,0.015748031496062992
NB_386,nonbankrupt,0,data/processed/security/security_final/bloomberg_addin_workbook_part_008.xlsx,NB_386_Bloom Energy Corporation,5,36,34,0.08923884514435695,0.047244094488188976,0.07874015748031496,0.14173228346456693
NB_3098,nonbankrupt,0,data/processed/security/security_final/bloomberg_addin_workbook_part_008.xlsx,NB_3098_Valero Energy Corporati,5,61,6,0.015748031496062992,0.015748031496062992,0.015748031496062992,0.015748031496062992
NB_889,nonbankrupt,0,data/processed/security/security_final/bloomberg_addin_workbook_part_008.xlsx,NB_889_Delek Logistics Partners,5,61,8,0.02099737532808399,0.015748031496062992,0.023622047244094488,0.023622047244094488
NB_90,nonbankrupt,0,data/processed/security/security_final/bloomberg_addin_workbook_part_008.xlsx,NB_90_Abundia Global Impact Gro,5,61,23,0.06036745406824147,0.023622047244094488,0.05511811023622047,0.10236220472440945
NB_899,nonbankrupt,0,data/processed/security/security_final/bloomberg_addin_workbook_part_008.xlsx,NB_899_Dorchester Minerals L.P.,5,61,49,0.12860892388451445,0.11023622047244094,0.12598425196850394,0.14960629921259844
NB_1016,nonbankrupt,0,data/processed/security/security_final/bloomberg_addin_workbook_part_008.xlsx,NB_1016_EOG Resources Inc. Comm,5,61,12,0.031496062992125984,0.031496062992125984,0.031496062992125984,0.031496062992125984
NB_1253,nonbankrupt,0,data/processed/security/security_final/bloomberg_addin_workbook_part_008.xlsx,NB_1253_Greenland Energy Compan,0,0,342,0.8976377952755905,0.8976377952755905,0.8976377952755905,0.8976377952755905
NB_1254,nonbankrupt,0,data/processed/security/security_final/bloomberg_addin_workbook_part_008.xlsx,NB_1254_Greenland Energy Compan,0,0,342,0.8976377952755905,0.8976377952755905,0.8976377952755905,0.8976377952755905
NB_219,nonbankrupt,0,data/processed/security/security_final/bloomberg_addin_workbook_part_008.xlsx,NB_219_ARKO Petroleum Corp. Cla,0,0,342,0.8976377952755905,0.8976377952755905,0.8976377952755905,0.8976377952755905
NB_2974,nonbankrupt,0,data/processed/security/security_final/bloomberg_addin_workbook_part_008.xlsx,NB_2974_Mammoth Energy Services,5,57,18,0.047244094488188976,0.015748031496062992,0.03937007874015748,0.08661417322834646
NB_305,nonbankrupt,0,data/processed/security/security_final/bloomberg_addin_workbook_part_008.xlsx,NB_305_aTyr Pharma Inc. Common ,5,61,41,0.10761154855643044,0.08661417322834646,0.09448818897637795,0.14173228346456693
NB_410,nonbankrupt,0,data/processed/security/security_final/bloomberg_addin_workbook_part_008.xlsx,NB_410_Biogen Inc. Common Stock,5,61,7,0.01837270341207349,0.015748031496062992,0.023622047244094488,0.015748031496062992
NB_968,nonbankrupt,0,data/processed/security/security_final/bloomberg_addin_workbook_part_008.xlsx,NB_968_Editas Medicine Inc. Com,5,61,25,0.06561679790026247,0.06299212598425197,0.07086614173228346,0.06299212598425197
NB_1466,nonbankrupt,0,data/processed/security/security_final/bloomberg_addin_workbook_part_008.xlsx,NB_1466_Inhibikase Therapeutics,5,7,140,0.3674540682414698,0.2677165354330709,0.41732283464566927,0.41732283464566927
NB_1494,nonbankrupt,0,data/processed/security/security_final/bloomberg_addin_workbook_part_008.xlsx,NB_1494_INmune Bio Inc. Common ,5,29,112,0.29396325459317585,0.1732283464566929,0.28346456692913385,0.4251968503937008
NB_2479,nonbankrupt,0,data/processed/security/security_final/bloomberg_addin_workbook_part_008.xlsx,NB_2479_Repligen Corporation Co,5,61,14,0.03674540682414698,0.015748031496062992,0.03937007874015748,0.05511811023622047
NB_2555,nonbankrupt,0,data/processed/security/security_final/bloomberg_addin_workbook_part_008.xlsx,NB_2555_Revolution Medicines In,0,0,342,0.8976377952755905,0.8976377952755905,0.8976377952755905,0.8976377952755905
NB_2606,nonbankrupt,0,data/processed/security/security_final/bloomberg_addin_workbook_part_008.xlsx,NB_2606_Scilex Holding Company ,1,4,308,0.8083989501312336,0.6299212598425197,0.8976377952755905,0.8976377952755905
NB_2986,nonbankrupt,0,data/processed/security/security_final/bloomberg_addin_workbook_part_008.xlsx,NB_2986_Twist Bioscience Corpor,5,33,41,0.10761154855643044,0.047244094488188976,0.08661417322834646,0.1889763779527559
NB_2135,nonbankrupt,0,data/processed/security/security_final/bloomberg_addin_workbook_part_008.xlsx,NB_2135_OmniAb Inc. Common Stoc,0,0,342,0.8976377952755905,0.8976377952755905,0.8976377952755905,0.8976377952755905
NB_2126,nonbankrupt,0,data/processed/security/security_final/bloomberg_addin_workbook_part_008.xlsx,NB_2126_Nexalin Technology Inc.,2,0,221,0.5800524934383202,0.3464566929133858,0.49606299212598426,0.8976377952755905
NB_2015,nonbankrupt,0,data/processed/security/security_final/bloomberg_addin_workbook_part_008.xlsx,NB_2015_Neogen Corporation Comm,5,61,28,0.07349081364829396,0.047244094488188976,0.07086614173228346,0.10236220472440945
NB_7,nonbankrupt,0,data/processed/security/security_final/bloomberg_addin_workbook_part_008.xlsx,NB_7_Aardvark Therapeutics Inc.,0,0,342,0.8976377952755905,0.8976377952755905,0.8976377952755905,0.8976377952755905
NB_43,nonbankrupt,0,data/processed/security/security_final/bloomberg_addin_workbook_part_008.xlsx,NB_43_Actuate Therapeutics Inc.,0,0,342,0.8976377952755905,0.8976377952755905,0.8976377952755905,0.8976377952755905
NB_132,nonbankrupt,0,data/processed/security/security_final/bloomberg_addin_workbook_part_008.xlsx,NB_132_Aktis Oncology Inc. Comm,0,0,342,0.8976377952755905,0.8976377952755905,0.8976377952755905,0.8976377952755905
NB_226,nonbankrupt,0,data/processed/security/security_final/bloomberg_addin_workbook_part_008.xlsx,NB_226_Apollomics Inc. Class A ,1,0,300,0.7874015748031497,0.5669291338582677,0.8976377952755905,0.8976377952755905
NB_267,nonbankrupt,0,data/processed/security/security_final/bloomberg_addin_workbook_part_008.xlsx,NB_267_Arrowhead Pharmaceutical,5,61,37,0.09711286089238845,0.10236220472440945,0.11023622047244094,0.07874015748031496
NB_374,nonbankrupt,0,data/processed/security/security_final/bloomberg_addin_workbook_part_008.xlsx,NB_374_Bicara Therapeutics Inc.,0,0,342,0.8976377952755905,0.8976377952755905,0.8976377952755905,0.8976377952755905
NB_461,nonbankrupt,0,data/processed/security/security_final/bloomberg_addin_workbook_part_008.xlsx,NB_461_Boundless Bio Inc. Commo,0,0,342,0.8976377952755905,0.8976377952755905,0.8976377952755905,0.8976377952755905
NB_462,nonbankrupt,0,data/processed/security/security_final/bloomberg_addin_workbook_part_008.xlsx,NB_462_Bolt Biotherapeutics Inc,3,5,152,0.3989501312335958,0.2677165354330709,0.3779527559055118,0.5511811023622047
NB_538,nonbankrupt,0,data/processed/security/security_final/bloomberg_addin_workbook_part_008.xlsx,NB_538_Capricor Therapeutics In,5,61,45,0.11811023622047244,0.12598425196850394,0.11811023622047244,0.11023622047244094
NB_635,nonbankrupt,0,data/processed/security/security_final/bloomberg_addin_workbook_part_008.xlsx,NB_635_Cingulate Inc. Common St,2,0,239,0.6272965879265092,0.4251968503937008,0.5590551181102362,0.8976377952755905
NB_687,nonbankrupt,0,data/processed/security/security_final/bloomberg_addin_workbook_part_008.xlsx,NB_687_Context Therapeutics Inc,2,0,231,0.6062992125984252,0.6062992125984252,0.6062992125984252,0.6062992125984252
NB_774,nonbankrupt,0,data/processed/security/security_final/bloomberg_addin_workbook_part_008.xlsx,NB_774_CytomX Therapeutics Inc.,5,61,34,0.08923884514435695,0.05511811023622047,0.08661417322834646,0.12598425196850394
NB_1259,nonbankrupt,0,data/processed/security/security_final/bloomberg_addin_workbook_part_008.xlsx,NB_1259_Greenwich LifeSciences ,3,10,202,0.5301837270341208,0.4094488188976378,0.5511811023622047,0.6299212598425197
NB_1286,nonbankrupt,0,data/processed/security/security_final/bloomberg_addin_workbook_part_008.xlsx,NB_1286_Gossamer Bio Inc. Commo,4,29,86,0.22572178477690288,0.12598425196850394,0.2204724409448819,0.33070866141732286
NB_1290,nonbankrupt,0,data/processed/security/security_final/bloomberg_addin_workbook_part_008.xlsx,NB_1290_Structure Therapeutics ,1,0,299,0.7847769028871391,0.5590551181102362,0.8976377952755905,0.8976377952755905
NB_1398,nonbankrupt,0,data/processed/security/security_final/bloomberg_addin_workbook_part_008.xlsx,NB_1398_Harmony Biosciences Hol,3,11,147,0.3858267716535433,0.1968503937007874,0.3858267716535433,0.5748031496062992
NB_1474,nonbankrupt,0,data/processed/security/security_final/bloomberg_addin_workbook_part_008.xlsx,NB_1474_Immunome Inc. Common St,3,9,166,0.4356955380577428,0.31496062992125984,0.4251968503937008,0.5669291338582677
NB_1537,nonbankrupt,0,data/processed/security/security_final/bloomberg_addin_workbook_part_008.xlsx,NB_1537_Opus Genetics Inc. Comm,5,61,58,0.15223097112860892,0.12598425196850394,0.14960629921259844,0.18110236220472442
NB_1649,nonbankrupt,0,data/processed/security/security_final/bloomberg_addin_workbook_part_008.xlsx,NB_1649_Keros Therapeutics Inc.,2,15,181,0.47506561679790027,0.14960629921259844,0.3779527559055118,0.8976377952755905
NB_1795,nonbankrupt,0,data/processed/security/security_final/bloomberg_addin_workbook_part_008.xlsx,NB_1795_Lexicon Pharmaceuticals,5,61,12,0.031496062992125984,0.031496062992125984,0.031496062992125984,0.031496062992125984
NB_1900,nonbankrupt,0,data/processed/security/security_final/bloomberg_addin_workbook_part_008.xlsx,NB_1900_MoonLake Immunotherapeu,1,9,304,0.7979002624671916,0.5984251968503937,0.8976377952755905,0.8976377952755905
NB_2106,nonbankrupt,0,data/processed/security/security_final/bloomberg_addin_workbook_part_008.xlsx,NB_2106_Nuvectis Pharma Inc. Co,1,0,333,0.8740157480314961,0.8267716535433071,0.8976377952755905,0.8976377952755905
NB_2247,nonbankrupt,0,data/processed/security/security_final/bloomberg_addin_workbook_part_008.xlsx,NB_2247_Prestige Consumer Healt,5,61,8,0.02099737532808399,0.015748031496062992,0.023622047244094488,0.023622047244094488
NB_2367,nonbankrupt,0,data/processed/security/security_final/bloomberg_addin_workbook_part_008.xlsx,NB_2367_Prothena Corporation pl,5,61,32,0.08398950131233596,0.07086614173228346,0.09448818897637795,0.08661417322834646
NB_2382,nonbankrupt,0,data/processed/security/security_final/bloomberg_addin_workbook_part_008.xlsx,NB_2382_Protagonist Therapeutic,5,59,32,0.08398950131233596,0.031496062992125984,0.06299212598425197,0.15748031496062992
NB_2471,nonbankrupt,0,data/processed/security/security_final/bloomberg_addin_workbook_part_008.xlsx,NB_2471_Revelation Biosciences ,0,8,334,0.8766404199475065,0.8346456692913385,0.8976377952755905,0.8976377952755905
NB_2519,nonbankrupt,0,data/processed/security/security_final/bloomberg_addin_workbook_part_008.xlsx,NB_2519_Rein Therapeutics Inc. ,5,49,63,0.16535433070866143,0.11023622047244094,0.15748031496062992,0.2283464566929134
NB_2608,nonbankrupt,0,data/processed/security/security_final/bloomberg_addin_workbook_part_008.xlsx,NB_2608_Scienture Holdings Inc.,5,60,23,0.06036745406824147,0.015748031496062992,0.03937007874015748,0.12598425196850394
NB_2813,nonbankrupt,0,data/processed/security/security_final/bloomberg_addin_workbook_part_009.xlsx,NB_2813_Shattuck Labs Inc. Comm,3,9,149,0.3910761154855643,0.28346456692913385,0.3937007874015748,0.49606299212598426
NB_2827,nonbankrupt,0,data/processed/security/security_final/bloomberg_addin_workbook_part_009.xlsx,NB_2827_Savara Inc. Common Stoc,5,61,32,0.08398950131233596,0.031496062992125984,0.09448818897637795,0.12598425196850394
NB_2224,nonbankrupt,0,data/processed/security/security_final/bloomberg_addin_workbook_part_009.xlsx,NB_2224_PACS Group Inc. Common ,0,0,342,0.8976377952755905,0.8976377952755905,0.8976377952755905,0.8976377952755905
NB_696,nonbankrupt,0,data/processed/security/security_final/bloomberg_addin_workbook_part_009.xlsx,NB_696_Envoy Medical Inc Warran,0,3,338,0.8871391076115486,0.8661417322834646,0.8976377952755905,0.8976377952755905
NB_483,nonbankrupt,0,data/processed/security/security_final/bloomberg_addin_workbook_part_009.xlsx,NB_483_BioRestorative Therapies,2,61,113,0.29658792650918636,0.047244094488188976,0.1889763779527559,0.6535433070866141
NB_1222,nonbankrupt,0,data/processed/security/security_final/bloomberg_addin_workbook_part_009.xlsx,NB_1222_GE HealthCare Technolog,2,0,262,0.6876640419947506,0.3937007874015748,0.7716535433070866,0.8976377952755905
NB_709,nonbankrupt,0,data/processed/security/security_final/bloomberg_addin_workbook_part_009.xlsx,NB_709_Concentra Group Holdings,0,0,342,0.8976377952755905,0.8976377952755905,0.8976377952755905,0.8976377952755905
NB_1467,nonbankrupt,0,data/processed/security/security_final/bloomberg_addin_workbook_part_009.xlsx,NB_1467_Illumina Inc. Common St,5,61,6,0.015748031496062992,0.015748031496062992,0.015748031496062992,0.015748031496062992
NB_205,nonbankrupt,0,data/processed/security/security_final/bloomberg_addin_workbook_part_009.xlsx,NB_205_Anika Therapeutics Inc. ,5,61,27,0.07086614173228346,0.023622047244094488,0.07874015748031496,0.11023622047244094
NB_359,nonbankrupt,0,data/processed/security/security_final/bloomberg_addin_workbook_part_009.xlsx,NB_359_Baxter International Inc,5,61,6,0.015748031496062992,0.015748031496062992,0.015748031496062992,0.015748031496062992
NB_1212,nonbankrupt,0,data/processed/security/security_final/bloomberg_addin_workbook_part_009.xlsx,NB_1212_GlucoTrack Inc. Common ,5,60,31,0.08136482939632546,0.11811023622047244,0.07086614173228346,0.05511811023622047
NB_2016,nonbankrupt,0,data/processed/security/security_final/bloomberg_addin_workbook_part_009.xlsx,NB_2016_Nephros Inc. Common Sto,5,61,7,0.01837270341207349,0.015748031496062992,0.015748031496062992,0.023622047244094488
NB_2123,nonbankrupt,0,data/processed/security/security_final/bloomberg_addin_workbook_part_009.xlsx,NB_2123_NexGel Inc Common Stock,3,0,160,0.4199475065616798,0.33070866141732286,0.3937007874015748,0.5354330708661418
NB_2441,nonbankrupt,0,data/processed/security/security_final/bloomberg_addin_workbook_part_009.xlsx,NB_2441_Avita Medical Inc. Comm,5,61,17,0.04461942257217848,0.03937007874015748,0.03937007874015748,0.05511811023622047
NB_2662,nonbankrupt,0,data/processed/security/security_final/bloomberg_addin_workbook_part_009.xlsx,NB_2662_Shoulder Innovations In,0,0,342,0.8976377952755905,0.8976377952755905,0.8976377952755905,0.8976377952755905
NB_1361,nonbankrupt,0,data/processed/security/security_final/bloomberg_addin_workbook_part_009.xlsx,NB_1361_Hims & Hers Health Inc.,2,22,178,0.4671916010498688,0.15748031496062992,0.3464566929133858,0.8976377952755905
NB_3047,nonbankrupt,0,data/processed/security/security_final/bloomberg_addin_workbook_part_009.xlsx,NB_3047_USANA Health Sciences I,5,61,19,0.049868766404199474,0.023622047244094488,0.047244094488188976,0.07874015748031496
NB_564,nonbankrupt,0,data/processed/security/security_final/bloomberg_addin_workbook_part_009.xlsx,NB_564_Cryo-Cell International ,5,61,6,0.015748031496062992,0.015748031496062992,0.015748031496062992,0.015748031496062992
NB_710,nonbankrupt,0,data/processed/security/security_final/bloomberg_addin_workbook_part_009.xlsx,NB_710_The Cooper Companies Inc,5,61,8,0.02099737532808399,0.031496062992125984,0.015748031496062992,0.015748031496062992
NB_528,nonbankrupt,0,data/processed/security/security_final/bloomberg_addin_workbook_part_009.xlsx,NB_528_Cardinal Health Inc. Com,6,61,6,0.015748031496062992,0.015748031496062992,0.015748031496062992,0.015748031496062992
NB_108,nonbankrupt,0,data/processed/security/security_final/bloomberg_addin_workbook_part_009.xlsx,NB_108_2020 Biolabs Inc. Common,0,0,342,0.8976377952755905,0.8976377952755905,0.8976377952755905,0.8976377952755905
NB_30,nonbankrupt,0,data/processed/security/security_final/bloomberg_addin_workbook_part_009.xlsx,NB_30_Archer Aviation Inc. Clas,1,7,306,0.8031496062992126,0.6141732283464567,0.8976377952755905,0.8976377952755905
NB_317,nonbankrupt,0,data/processed/security/security_final/bloomberg_addin_workbook_part_009.xlsx,NB_317_American Vanguard Corpor,5,61,8,0.02099737532808399,0.015748031496062992,0.023622047244094488,0.023622047244094488
NB_597,nonbankrupt,0,data/processed/security/security_final/bloomberg_addin_workbook_part_009.xlsx,NB_597_Century Aluminum Company,5,61,6,0.015748031496062992,0.015748031496062992,0.015748031496062992,0.015748031496062992
NB_2958,nonbankrupt,0,data/processed/security/security_final/bloomberg_addin_workbook_part_009.xlsx,NB_2958_Tesla Inc. Common Stock,5,61,6,0.015748031496062992,0.015748031496062992,0.015748031496062992,0.015748031496062992
NB_0,nonbankrupt,0,data/processed/security/security_final/bloomberg_addin_workbook_part_009.xlsx,NB_0_Agilent Technologies Inc. ,5,61,7,0.01837270341207349,0.015748031496062992,0.023622047244094488,0.015748031496062992
NB_2785,nonbankrupt,0,data/processed/security/security_final/bloomberg_addin_workbook_part_009.xlsx,NB_2785_E.W. Scripps Company (T,5,61,9,0.023622047244094488,0.023622047244094488,0.023622047244094488,0.023622047244094488
NB_1073,nonbankrupt,0,data/processed/security/security_final/bloomberg_addin_workbook_part_009.xlsx,NB_1073_Eagle Materials Inc Com,5,61,7,0.01837270341207349,0.015748031496062992,0.015748031496062992,0.023622047244094488
NB_505,nonbankrupt,0,data/processed/security/security_final/bloomberg_addin_workbook_part_009.xlsx,NB_505_Babcock & Wilcox Enterpr,5,61,7,0.01837270341207349,0.015748031496062992,0.023622047244094488,0.015748031496062992
NB_2879,nonbankrupt,0,data/processed/security/security_final/bloomberg_addin_workbook_part_009.xlsx,NB_2879_Terex Corporation Commo,5,61,6,0.015748031496062992,0.015748031496062992,0.015748031496062992,0.015748031496062992
NB_566,nonbankrupt,0,data/processed/security/security_final/bloomberg_addin_workbook_part_009.xlsx,NB_566_Crown Holdings Inc.,5,61,6,0.015748031496062992,0.015748031496062992,0.015748031496062992,0.015748031496062992
NB_1154,nonbankrupt,0,data/processed/security/security_final/bloomberg_addin_workbook_part_009.xlsx,NB_1154_Forrester Research Inc.,5,61,24,0.06299212598425197,0.023622047244094488,0.05511811023622047,0.11023622047244094
NB_84,nonbankrupt,0,data/processed/security/security_final/bloomberg_addin_workbook_part_009.xlsx,NB_84_The AES Corporation Commo,5,61,6,0.015748031496062992,0.015748031496062992,0.015748031496062992,0.015748031496062992
NB_2949,nonbankrupt,0,data/processed/security/security_final/bloomberg_addin_workbook_part_009.xlsx,NB_2949_Transcat Inc. Common St,5,61,6,0.015748031496062992,0.015748031496062992,0.015748031496062992,0.015748031496062992
NB_1132,nonbankrupt,0,data/processed/security/security_final/bloomberg_addin_workbook_part_009.xlsx,NB_1132_Comfort Systems USA Inc,5,61,6,0.015748031496062992,0.015748031496062992,0.015748031496062992,0.015748031496062992
NB_647,nonbankrupt,0,data/processed/security/security_final/bloomberg_addin_workbook_part_009.xlsx,NB_647_Clean Harbors Inc. Commo,5,61,6,0.015748031496062992,0.015748031496062992,0.015748031496062992,0.015748031496062992
NB_621,nonbankrupt,0,data/processed/security/security_final/bloomberg_addin_workbook_part_009.xlsx,NB_621_CHS Inc Class B Cumulati,0,0,342,0.8976377952755905,0.8976377952755905,0.8976377952755905,0.8976377952755905
NB_217,nonbankrupt,0,data/processed/security/security_final/bloomberg_addin_workbook_part_009.xlsx,NB_217_Ampco-Pittsburgh Corpora,5,61,11,0.028871391076115485,0.023622047244094488,0.031496062992125984,0.031496062992125984
NB_770,nonbankrupt,0,data/processed/security/security_final/bloomberg_addin_workbook_part_009.xlsx,NB_770_Cintas Corporation Commo,5,61,7,0.01837270341207349,0.015748031496062992,0.015748031496062992,0.023622047244094488
NB_1191,nonbankrupt,0,data/processed/security/security_final/bloomberg_addin_workbook_part_009.xlsx,NB_1191_H. B. Fuller Company Co,5,61,6,0.015748031496062992,0.015748031496062992,0.015748031496062992,0.015748031496062992
NB_3174,nonbankrupt,0,data/processed/security/security_final/bloomberg_addin_workbook_part_009.xlsx,NB_3174_Winnebago Industries In,5,61,7,0.01837270341207349,0.015748031496062992,0.023622047244094488,0.015748031496062992
NB_4,nonbankrupt,0,data/processed/security/security_final/bloomberg_addin_workbook_part_009.xlsx,NB_4_AAON Inc. Common Stock,5,61,39,0.10236220472440945,0.10236220472440945,0.10236220472440945,0.10236220472440945
NB_543,nonbankrupt,0,data/processed/security/security_final/bloomberg_addin_workbook_part_009.xlsx,NB_543_Carrier Global Corporati,4,16,111,0.29133858267716534,0.14173228346456693,0.2755905511811024,0.4566929133858268
NB_857,nonbankrupt,0,data/processed/security/security_final/bloomberg_addin_workbook_part_009.xlsx,NB_857_Deere & Company Common S,5,61,6,0.015748031496062992,0.015748031496062992,0.015748031496062992,0.015748031496062992
NB_2540,nonbankrupt,0,data/processed/security/security_final/bloomberg_addin_workbook_part_009.xlsx,NB_2540_Regal Rexnord Corporati,5,61,6,0.015748031496062992,0.015748031496062992,0.015748031496062992,0.015748031496062992
NB_2845,nonbankrupt,0,data/processed/security/security_final/bloomberg_addin_workbook_part_009.xlsx,NB_2845_Sypris Solutions Inc. C,5,61,21,0.05511811023622047,0.05511811023622047,0.05511811023622047,0.05511811023622047
NB_1968,nonbankrupt,0,data/processed/security/security_final/bloomberg_addin_workbook_part_009.xlsx,NB_1968_Materion Corporation,5,61,21,0.05511811023622047,0.05511811023622047,0.05511811023622047,0.05511811023622047
NB_2501,nonbankrupt,0,data/processed/security/security_final/bloomberg_addin_workbook_part_009.xlsx,NB_2501_Radiant Logistics Inc. ,6,61,9,0.023622047244094488,0.023622047244094488,0.023622047244094488,0.023622047244094488
NB_852,nonbankrupt,0,data/processed/security/security_final/bloomberg_addin_workbook_part_009.xlsx,NB_852_DuPont de Nemours Inc. C,5,61,7,0.01837270341207349,0.015748031496062992,0.015748031496062992,0.023622047244094488
NB_2580,nonbankrupt,0,data/processed/security/security_final/bloomberg_addin_workbook_part_009.xlsx,NB_2580_XCF Global Inc. Class A,0,0,342,0.8976377952755905,0.8976377952755905,0.8976377952755905,0.8976377952755905
NB_1360,nonbankrupt,0,data/processed/security/security_final/bloomberg_addin_workbook_part_010.xlsx,NB_1360_Huntington Ingalls Indu,5,61,8,0.02099737532808399,0.015748031496062992,0.023622047244094488,0.023622047244094488
NB_1603,nonbankrupt,0,data/processed/security/security_final/bloomberg_addin_workbook_part_010.xlsx,NB_1603_Kewaunee Scientific Cor,5,61,6,0.015748031496062992,0.015748031496062992,0.015748031496062992,0.015748031496062992
NB_3102,nonbankrupt,0,data/processed/security/security_final/bloomberg_addin_workbook_part_010.xlsx,NB_3102_Valmont Industries Inc.,5,61,6,0.015748031496062992,0.015748031496062992,0.015748031496062992,0.015748031496062992
NB_1320,nonbankrupt,0,data/processed/security/security_final/bloomberg_addin_workbook_part_010.xlsx,NB_1320_Granite Construction In,5,61,6,0.015748031496062992,0.015748031496062992,0.015748031496062992,0.015748031496062992
NB_1849,nonbankrupt,0,data/processed/security/security_final/bloomberg_addin_workbook_part_010.xlsx,NB_1849_MDU Resources Group Inc,5,61,27,0.07086614173228346,0.07086614173228346,0.07086614173228346,0.07086614173228346
NB_1179,nonbankrupt,0,data/processed/security/security_final/bloomberg_addin_workbook_part_010.xlsx,NB_1179_FTAI Aviation Ltd. 9.50,0,0,342,0.8976377952755905,0.8976377952755905,0.8976377952755905,0.8976377952755905
NB_1324,nonbankrupt,0,data/processed/security/security_final/bloomberg_addin_workbook_part_010.xlsx,NB_1324_W.W. Grainger Inc. Comm,5,61,6,0.015748031496062992,0.015748031496062992,0.015748031496062992,0.015748031496062992
NB_1091,nonbankrupt,0,data/processed/security/security_final/bloomberg_addin_workbook_part_010.xlsx,NB_1091_First Breach Inc. Commo,0,0,342,0.8976377952755905,0.8976377952755905,0.8976377952755905,0.8976377952755905
NB_1277,nonbankrupt,0,data/processed/security/security_final/bloomberg_addin_workbook_part_010.xlsx,NB_1277_Gold.com Inc. Common St,6,61,7,0.01837270341207349,0.015748031496062992,0.015748031496062992,0.023622047244094488
NB_331,nonbankrupt,0,data/processed/security/security_final/bloomberg_addin_workbook_part_010.xlsx,NB_331_Armstrong World Industri,5,61,6,0.015748031496062992,0.015748031496062992,0.015748031496062992,0.015748031496062992
NB_848,nonbankrupt,0,data/processed/security/security_final/bloomberg_addin_workbook_part_010.xlsx,NB_848_Donaldson Company Inc. C,5,61,6,0.015748031496062992,0.015748031496062992,0.015748031496062992,0.015748031496062992
NB_269,nonbankrupt,0,data/processed/security/security_final/bloomberg_addin_workbook_part_010.xlsx,NB_269_ASA  Gold and Precious M,0,61,279,0.7322834645669292,0.7322834645669292,0.7322834645669292,0.7322834645669292
NB_1125,nonbankrupt,0,data/processed/security/security_final/bloomberg_addin_workbook_part_010.xlsx,NB_1125_FTAI Infrastructure Inc,0,0,342,0.8976377952755905,0.8976377952755905,0.8976377952755905,0.8976377952755905
NB_3271,nonbankrupt,0,data/processed/security/security_final/bloomberg_addin_workbook_part_010.xlsx,NB_3271_Yunhong Green CTI Ltd. ,4,61,12,0.031496062992125984,0.031496062992125984,0.031496062992125984,0.031496062992125984
NB_292,nonbankrupt,0,data/processed/security/security_final/bloomberg_addin_workbook_part_010.xlsx,NB_292_ATI Inc. Common Stock,5,61,6,0.015748031496062992,0.015748031496062992,0.015748031496062992,0.015748031496062992
NB_380,nonbankrupt,0,data/processed/security/security_final/bloomberg_addin_workbook_part_010.xlsx,NB_380_Belden Inc Common Stock,5,61,8,0.02099737532808399,0.015748031496062992,0.023622047244094488,0.023622047244094488
NB_2230,nonbankrupt,0,data/processed/security/security_final/bloomberg_addin_workbook_part_010.xlsx,NB_2230_PAMT CORP Common Stock,5,61,6,0.015748031496062992,0.015748031496062992,0.015748031496062992,0.015748031496062992
NB_951,nonbankrupt,0,data/processed/security/security_final/bloomberg_addin_workbook_part_010.xlsx,NB_951_Dycom Industries Inc. Co,5,61,41,0.10761154855643044,0.05511811023622047,0.05511811023622047,0.2125984251968504
NB_2475,nonbankrupt,0,data/processed/security/security_final/bloomberg_addin_workbook_part_010.xlsx,NB_2475_Resideo Technologies In,5,33,49,0.12860892388451445,0.047244094488188976,0.09448818897637795,0.2440944881889764
NB_1507,nonbankrupt,0,data/processed/security/security_final/bloomberg_addin_workbook_part_010.xlsx,NB_1507_Intergroup Corporation ,6,61,60,0.15748031496062992,0.13385826771653545,0.14173228346456693,0.1968503937007874
NB_1583,nonbankrupt,0,data/processed/security/security_final/bloomberg_addin_workbook_part_010.xlsx,NB_1583_St. Joe Company (The) C,5,61,19,0.049868766404199474,0.031496062992125984,0.047244094488188976,0.07086614173228346
NB_221,nonbankrupt,0,data/processed/security/security_final/bloomberg_addin_workbook_part_010.xlsx,NB_221_American Public Educatio,5,61,34,0.08923884514435695,0.06299212598425197,0.08661417322834646,0.11811023622047244
NB_1280,nonbankrupt,0,data/processed/security/security_final/bloomberg_addin_workbook_part_010.xlsx,NB_1280_Gladstone Commercial Co,0,0,342,0.8976377952755905,0.8976377952755905,0.8976377952755905,0.8976377952755905
NB_53,nonbankrupt,0,data/processed/security/security_final/bloomberg_addin_workbook_part_010.xlsx,NB_53_Adamas Trust Inc. 6.875% ,0,0,342,0.8976377952755905,0.8976377952755905,0.8976377952755905,0.8976377952755905
NB_93,nonbankrupt,0,data/processed/security/security_final/bloomberg_addin_workbook_part_010.xlsx,NB_93_AGNC Investment Corp. Com,5,61,80,0.2099737532808399,0.23622047244094488,0.1968503937007874,0.1968503937007874
NB_246,nonbankrupt,0,data/processed/security/security_final/bloomberg_addin_workbook_part_010.xlsx,NB_246_Alexandria Real Estate E,5,61,48,0.12598425196850394,0.12598425196850394,0.12598425196850394,0.12598425196850394
NB_894,nonbankrupt,0,data/processed/security/security_final/bloomberg_addin_workbook_part_010.xlsx,NB_894_Digital Realty Trust Inc,5,61,48,0.12598425196850394,0.12598425196850394,0.12598425196850394,0.12598425196850394
NB_994,nonbankrupt,0,data/processed/security/security_final/bloomberg_addin_workbook_part_010.xlsx,NB_994_Equity Lifestyle Propert,5,61,51,0.13385826771653545,0.13385826771653545,0.13385826771653545,0.13385826771653545
NB_1294,nonbankrupt,0,data/processed/security/security_final/bloomberg_addin_workbook_part_010.xlsx,NB_1294_Granite Point Mortgage ,5,49,88,0.23097112860892388,0.2440944881889764,0.1968503937007874,0.25196850393700787
NB_1405,nonbankrupt,0,data/processed/security/security_final/bloomberg_addin_workbook_part_010.xlsx,NB_1405_Host Hotels & Resorts I,5,61,51,0.13385826771653545,0.13385826771653545,0.13385826771653545,0.13385826771653545
NB_1558,nonbankrupt,0,data/processed/security/security_final/bloomberg_addin_workbook_part_010.xlsx,NB_1558_INVESCO MORTGAGE CAPITA,5,61,89,0.2335958005249344,0.2047244094488189,0.25196850393700787,0.2440944881889764
NB_2128,nonbankrupt,0,data/processed/security/security_final/bloomberg_addin_workbook_part_010.xlsx,NB_2128_NexPoint Residential Tr,5,61,49,0.12860892388451445,0.12598425196850394,0.13385826771653545,0.12598425196850394
NB_2324,nonbankrupt,0,data/processed/security/security_final/bloomberg_addin_workbook_part_010.xlsx,NB_2324_PennyMac Mortgage Inves,0,0,342,0.8976377952755905,0.8976377952755905,0.8976377952755905,0.8976377952755905
NB_2559,nonbankrupt,0,data/processed/security/security_final/bloomberg_addin_workbook_part_010.xlsx,NB_2559_Redwood Trust Inc. 9.12,0,0,342,0.8976377952755905,0.8976377952755905,0.8976377952755905,0.8976377952755905
NB_2579,nonbankrupt,0,data/processed/security/security_final/bloomberg_addin_workbook_part_010.xlsx,NB_2579_Safehold Inc. New Commo,5,61,48,0.12598425196850394,0.12598425196850394,0.12598425196850394,0.12598425196850394
NB_2689,nonbankrupt,0,data/processed/security/security_final/bloomberg_addin_workbook_part_010.xlsx,NB_2689_SL Green Realty Corp Co,5,61,48,0.12598425196850394,0.12598425196850394,0.12598425196850394,0.12598425196850394
NB_3087,nonbankrupt,0,data/processed/security/security_final/bloomberg_addin_workbook_part_010.xlsx,NB_3087_VICI Properties Inc. Co,3,45,94,0.24671916010498687,0.1732283464566929,0.2047244094488189,0.36220472440944884
NB_3204,nonbankrupt,0,data/processed/security/security_final/bloomberg_addin_workbook_part_010.xlsx,NB_3204_W. P. Carey Inc. REIT,5,61,57,0.14960629921259844,0.14960629921259844,0.14960629921259844,0.14960629921259844
NB_3223,nonbankrupt,0,data/processed/security/security_final/bloomberg_addin_workbook_part_010.xlsx,NB_3223_Weyerhaeuser Company Co,5,61,6,0.015748031496062992,0.015748031496062992,0.015748031496062992,0.015748031496062992
NB_2702,nonbankrupt,0,data/processed/security/security_final/bloomberg_addin_workbook_part_010.xlsx,NB_2702_Super Micro Computer In,6,61,14,0.03674540682414698,0.031496062992125984,0.03937007874015748,0.03937007874015748
NB_308,nonbankrupt,0,data/processed/security/security_final/bloomberg_addin_workbook_part_010.xlsx,NB_308_authID Inc. Common Stock,4,61,22,0.05774278215223097,0.031496062992125984,0.07086614173228346,0.07086614173228346
NB_354,nonbankrupt,0,data/processed/security/security_final/bloomberg_addin_workbook_part_010.xlsx,NB_354_Bandwidth Inc. Class A C,5,44,45,0.11811023622047244,0.06299212598425197,0.11811023622047244,0.1732283464566929
NB_435,nonbankrupt,0,data/processed/security/security_final/bloomberg_addin_workbook_part_010.xlsx,NB_435_Bridgeline Digital Inc. ,5,61,17,0.04461942257217848,0.047244094488188976,0.05511811023622047,0.031496062992125984
NB_562,nonbankrupt,0,data/processed/security/security_final/bloomberg_addin_workbook_part_010.xlsx,NB_562_CCC Intelligent Solution,3,9,174,0.4566929133858268,0.2047244094488189,0.3937007874015748,0.7716535433070866
NB_758,nonbankrupt,0,data/processed/security/security_final/bloomberg_addin_workbook_part_010.xlsx,NB_758_CoreWeave Inc. Class A C,0,0,342,0.8976377952755905,0.8976377952755905,0.8976377952755905,0.8976377952755905
NB_853,nonbankrupt,0,data/processed/security/security_final/bloomberg_addin_workbook_part_010.xlsx,NB_853_3D Systems Corporation C,5,61,6,0.015748031496062992,0.015748031496062992,0.015748031496062992,0.015748031496062992
NB_1224,nonbankrupt,0,data/processed/security/security_final/bloomberg_addin_workbook_part_010.xlsx,NB_1224_Gen Digital Inc. Common,5,61,10,0.026246719160104987,0.023622047244094488,0.023622047244094488,0.031496062992125984
NB_2197,nonbankrupt,0,data/processed/security/security_final/bloomberg_addin_workbook_part_010.xlsx,NB_2197_Oracle Corporation Comm,5,61,6,0.015748031496062992,0.015748031496062992,0.015748031496062992,0.015748031496062992
NB_2314,nonbankrupt,0,data/processed/security/security_final/bloomberg_addin_workbook_part_010.xlsx,NB_2314_Palantir Technologies I,3,10,124,0.32545931758530183,0.1968503937007874,0.31496062992125984,0.4645669291338583
NB_2729,nonbankrupt,0,data/processed/security/security_final/bloomberg_addin_workbook_part_010.xlsx,NB_2729_Snowflake Inc. Common S,3,10,136,0.3569553805774278,0.2283464566929134,0.3464566929133858,0.49606299212598426
NB_2730,nonbankrupt,0,data/processed/security/security_final/bloomberg_addin_workbook_part_011.xlsx,NB_2730_Synopsys Inc. Common St,5,61,6,0.015748031496062992,0.015748031496062992,0.015748031496062992,0.015748031496062992
NB_2803,nonbankrupt,0,data/processed/security/security_final/bloomberg_addin_workbook_part_011.xlsx,NB_2803_Strategy Inc 10.00% Ser,0,0,342,0.8976377952755905,0.8976377952755905,0.8976377952755905,0.8976377952755905
NB_3249,nonbankrupt,0,data/processed/security/security_final/bloomberg_addin_workbook_part_011.xlsx,NB_3249_Xperi Inc. Common Stock,2,0,271,0.7112860892388452,0.4330708661417323,0.8031496062992126,0.8976377952755905
NB_2720,nonbankrupt,0,data/processed/security/security_final/bloomberg_addin_workbook_part_011.xlsx,NB_2720_Snap Inc. Class A Commo,5,52,23,0.06036745406824147,0.023622047244094488,0.047244094488188976,0.11023622047244094
NB_2870,nonbankrupt,0,data/processed/security/security_final/bloomberg_addin_workbook_part_011.xlsx,NB_2870_Teads Holding Co. Commo,1,0,291,0.7637795275590551,0.49606299212598426,0.8976377952755905,0.8976377952755905
NB_111,nonbankrupt,0,data/processed/security/security_final/bloomberg_addin_workbook_part_011.xlsx,NB_111_Ainos Inc. Common Stock,5,61,14,0.03674540682414698,0.031496062992125984,0.03937007874015748,0.03937007874015748
NB_1219,nonbankrupt,0,data/processed/security/security_final/bloomberg_addin_workbook_part_011.xlsx,NB_1219_GE Aerospace Common Sto,5,61,6,0.015748031496062992,0.015748031496062992,0.015748031496062992,0.015748031496062992
NB_285,nonbankrupt,0,data/processed/security/security_final/bloomberg_addin_workbook_part_011.xlsx,NB_285_Asure Software Inc Commo,5,61,6,0.015748031496062992,0.015748031496062992,0.015748031496062992,0.015748031496062992
NB_484,nonbankrupt,0,data/processed/security/security_final/bloomberg_addin_workbook_part_011.xlsx,NB_484_Boost Run Inc. Class A C,0,0,342,0.8976377952755905,0.8976377952755905,0.8976377952755905,0.8976377952755905
NB_1217,nonbankrupt,0,data/processed/security/security_final/bloomberg_addin_workbook_part_011.xlsx,NB_1217_GoodRx Holdings Inc. Cl,3,10,122,0.32020997375328086,0.1889763779527559,0.30708661417322836,0.4645669291338583
NB_1371,nonbankrupt,0,data/processed/security/security_final/bloomberg_addin_workbook_part_011.xlsx,NB_1371_Hinge Health Inc. Class,0,0,342,0.8976377952755905,0.8976377952755905,0.8976377952755905,0.8976377952755905
NB_2244,nonbankrupt,0,data/processed/security/security_final/bloomberg_addin_workbook_part_011.xlsx,NB_2244_Paysign Inc. Common Sto,5,61,43,0.11286089238845144,0.09448818897637795,0.12598425196850394,0.11811023622047244
NB_2273,nonbankrupt,0,data/processed/security/security_final/bloomberg_addin_workbook_part_011.xlsx,NB_2273_Pegasystems Inc. Common,5,61,30,0.07874015748031496,0.031496062992125984,0.08661417322834646,0.11811023622047244
NB_2486,nonbankrupt,0,data/processed/security/security_final/bloomberg_addin_workbook_part_011.xlsx,NB_2486_Rigetti Computing Inc. ,0,3,338,0.8871391076115486,0.8661417322834646,0.8976377952755905,0.8976377952755905
NB_223,nonbankrupt,0,data/processed/security/security_final/bloomberg_addin_workbook_part_011.xlsx,NB_223_Amphenol Corporation Com,5,61,11,0.028871391076115485,0.023622047244094488,0.031496062992125984,0.031496062992125984
NB_266,nonbankrupt,0,data/processed/security/security_final/bloomberg_addin_workbook_part_011.xlsx,NB_266_Arrow Electronics Inc. C,5,61,22,0.05774278215223097,0.05511811023622047,0.05511811023622047,0.06299212598425197
NB_1019,nonbankrupt,0,data/processed/security/security_final/bloomberg_addin_workbook_part_011.xlsx,NB_1019_Enerpac Tool Group Corp,5,61,21,0.05511811023622047,0.05511811023622047,0.05511811023622047,0.05511811023622047
NB_117,nonbankrupt,0,data/processed/security/security_final/bloomberg_addin_workbook_part_011.xlsx,NB_117_Airgain Inc. Common Stoc,5,59,29,0.07611548556430446,0.07086614173228346,0.07086614173228346,0.08661417322834646
NB_649,nonbankrupt,0,data/processed/security/security_final/bloomberg_addin_workbook_part_011.xlsx,NB_649_Climb Global Solutions I,5,61,34,0.08923884514435695,0.06299212598425197,0.08661417322834646,0.11811023622047244
NB_3,nonbankrupt,0,data/processed/security/security_final/bloomberg_addin_workbook_part_011.xlsx,NB_3_Applied Optoelectronics In,5,61,6,0.015748031496062992,0.015748031496062992,0.015748031496062992,0.015748031496062992
NB_139,nonbankrupt,0,data/processed/security/security_final/bloomberg_addin_workbook_part_011.xlsx,NB_139_Allegro MicroSystems Inc,3,9,136,0.3569553805774278,0.2283464566929134,0.3464566929133858,0.49606299212598426
NB_177,nonbankrupt,0,data/processed/security/security_final/bloomberg_addin_workbook_part_011.xlsx,NB_177_Amkor Technology Inc. Co,5,61,6,0.015748031496062992,0.015748031496062992,0.015748031496062992,0.015748031496062992
NB_1637,nonbankrupt,0,data/processed/security/security_final/bloomberg_addin_workbook_part_011.xlsx,NB_1637_Kopin Corporation Commo,5,61,31,0.08136482939632546,0.05511811023622047,0.07874015748031496,0.11023622047244094
NB_1945,nonbankrupt,0,data/processed/security/security_final/bloomberg_addin_workbook_part_011.xlsx,NB_1945_Marvell Technology Inc.,5,61,10,0.026246719160104987,0.015748031496062992,0.023622047244094488,0.03937007874015748
NB_1720,nonbankrupt,0,data/processed/security/security_final/bloomberg_addin_workbook_part_011.xlsx,NB_1720_Liberty Latin America L,5,42,27,0.07086614173228346,0.031496062992125984,0.07086614173228346,0.11023622047244094
NB_1511,nonbankrupt,0,data/processed/security/security_final/bloomberg_addin_workbook_part_011.xlsx,NB_1511_Intrusion Inc. Common S,5,61,8,0.02099737532808399,0.023622047244094488,0.023622047244094488,0.015748031496062992
NB_1818,nonbankrupt,0,data/processed/security/security_final/bloomberg_addin_workbook_part_011.xlsx,NB_1818_Matthews International ,5,61,6,0.015748031496062992,0.015748031496062992,0.015748031496062992,0.015748031496062992
NB_2913,nonbankrupt,0,data/processed/security/security_final/bloomberg_addin_workbook_part_011.xlsx,NB_2913_T-Mobile US Inc. 5.500%,0,0,342,0.8976377952755905,0.8976377952755905,0.8976377952755905,0.8976377952755905
NB_82,nonbankrupt,0,data/processed/security/security_final/bloomberg_addin_workbook_part_011.xlsx,NB_82_American Electric Power C,5,61,27,0.07086614173228346,0.07086614173228346,0.07086614173228346,0.07086614173228346
NB_590,nonbankrupt,0,data/processed/security/security_final/bloomberg_addin_workbook_part_011.xlsx,NB_590_Constellation Energy Cor,1,0,291,0.7637795275590551,0.49606299212598426,0.8976377952755905,0.8976377952755905
NB_2054,nonbankrupt,0,data/processed/security/security_final/bloomberg_addin_workbook_part_011.xlsx,NB_2054_Nano Nuclear Energy Inc,0,0,342,0.8976377952755905,0.8976377952755905,0.8976377952755905,0.8976377952755905
NB_335,nonbankrupt,0,data/processed/security/security_final/bloomberg_addin_workbook_part_011.xlsx,NB_335_Avalon Holdings Corporat,5,61,6,0.015748031496062992,0.015748031496062992,0.015748031496062992,0.015748031496062992
NB_165,nonbankrupt,0,data/processed/security/security_final/bloomberg_addin_workbook_part_011.xlsx,NB_165_Antero Midstream Corpora,5,50,39,0.10236220472440945,0.031496062992125984,0.07874015748031496,0.1968503937007874
NB_724,nonbankrupt,0,data/processed/security/security_final/bloomberg_addin_workbook_part_011.xlsx,NB_724_Chesapeake Utilities Cor,5,61,27,0.07086614173228346,0.07086614173228346,0.07086614173228346,0.07086614173228346
NB_2115,nonbankrupt,0,data/processed/security/security_final/bloomberg_addin_workbook_part_011.xlsx,NB_2115_Northwest Natural Holdi,5,61,27,0.07086614173228346,0.07086614173228346,0.07086614173228346,0.07086614173228346
NB_2036,nonbankrupt,0,data/processed/security/security_final/bloomberg_addin_workbook_part_011.xlsx,NB_2036_NiSource Inc Common Sto,5,61,27,0.07086614173228346,0.07086614173228346,0.07086614173228346,0.07086614173228346
NB_630,nonbankrupt,0,data/processed/security/security_final/bloomberg_addin_workbook_part_011.xlsx,NB_630_Ciena Corporation Common,5,61,6,0.015748031496062992,0.015748031496062992,0.015748031496062992,0.015748031496062992
NB_3213,nonbankrupt,0,data/processed/security/security_final/bloomberg_addin_workbook_part_011.xlsx,NB_3213_Essential Utilities Inc,5,61,27,0.07086614173228346,0.07086614173228346,0.07086614173228346,0.07086614173228346
