record_type,feature_a,feature_b,family_a,family_b,relation,training_n,pearson,spearman,observed_raw_pearson,observed_raw_spearman,observed_raw_pair_n,exact_duplicate,affine_duplicate,near_affine_duplicate,near_monotonic,duplicate_missing_pattern,max_standardized_difference,constant_value,recommendation,affine_group_a,affine_group_b
feature_pair,categorical__sector_Health Care,categorical__industry_Health Care Facilities & Svcs,categorical_sector,categorical_industry,exact_duplicate,249,1.0,1.0,,,,True,True,True,True,False,0.0,,Review definition/alias before choosing a representative,affine_group_009,affine_group_009
feature_pair,categorical__sector_Utilities,categorical__industry_Electric Utilities,categorical_sector,categorical_industry,exact_duplicate,249,1.0,1.0,,,,True,True,True,True,False,0.0,,Review definition/alias before choosing a representative,affine_group_010,affine_group_010
feature_pair,missing__missingindicator_market_return_24m,missing__missingindicator_market_maximum_drawdown_24m,missing_market_features,missing_market_features,exact_duplicate,249,1.0,1.0,,,,True,True,True,True,True,0.0,,Review shared missingness; equality may change in future,affine_group_003,affine_group_003
feature_pair,missing__missingindicator_market_return_24m,missing__missingindicator_market_volatility_24m,missing_market_features,missing_market_features,exact_duplicate,249,1.0,1.0,,,,True,True,True,True,True,0.0,,Review shared missingness; equality may change in future,affine_group_003,affine_group_003
feature_pair,missing__missingindicator_market_return_36m,missing__missingindicator_market_maximum_drawdown_36m,missing_market_features,missing_market_features,exact_duplicate,249,1.0,1.0,,,,True,True,True,True,True,0.0,,Review shared missingness; equality may change in future,affine_group_004,affine_group_004
feature_pair,missing__missingindicator_market_return_36m,missing__missingindicator_market_volatility_36m,missing_market_features,missing_market_features,exact_duplicate,249,1.0,1.0,,,,True,True,True,True,True,0.0,,Review shared missingness; equality may change in future,affine_group_004,affine_group_004
feature_pair,missing__missingindicator_market_volatility_24m,missing__missingindicator_market_maximum_drawdown_24m,missing_market_features,missing_market_features,exact_duplicate,249,1.0,1.0,,,,True,True,True,True,True,0.0,,Review shared missingness; equality may change in future,affine_group_003,affine_group_003
feature_pair,missing__missingindicator_market_volatility_36m,missing__missingindicator_market_maximum_drawdown_36m,missing_market_features,missing_market_features,exact_duplicate,249,1.0,1.0,,,,True,True,True,True,True,0.0,,Review shared missingness; equality may change in future,affine_group_004,affine_group_004
feature_pair,missing__missingindicator_original_capital_expenditures,missing__missingindicator_original_free_cash_flow,missing_original_financial,missing_original_financial,exact_duplicate,249,1.0,1.0,,,,True,True,True,True,True,0.0,,Review shared missingness; equality may change in future,affine_group_001,affine_group_001
feature_pair,missing__missingindicator_original_capital_expenditures,missing__missingindicator_original_signed_log_capital_expenditures,missing_original_financial,missing_original_market,exact_duplicate,249,1.0,1.0,,,,True,True,True,True,True,0.0,,Review shared missingness; equality may change in future,affine_group_001,affine_group_001
feature_pair,missing__missingindicator_original_capital_expenditures,missing__missingindicator_original_signed_log_ebitda,missing_original_financial,missing_original_market,exact_duplicate,249,1.0,1.0,,,,True,True,True,True,True,0.0,,Review shared missingness; equality may change in future,affine_group_001,affine_group_001
feature_pair,missing__missingindicator_original_capital_expenditures,missing__missingindicator_original_signed_log_free_cash_flow,missing_original_financial,missing_original_market,exact_duplicate,249,1.0,1.0,,,,True,True,True,True,True,0.0,,Review shared missingness; equality may change in future,affine_group_001,affine_group_001
feature_pair,missing__missingindicator_original_capital_expenditures,missing__missingindicator_original_signed_log_operating_cash_flow,missing_original_financial,missing_original_market,exact_duplicate,249,1.0,1.0,,,,True,True,True,True,True,0.0,,Review shared missingness; equality may change in future,affine_group_001,affine_group_001
feature_pair,missing__missingindicator_original_ebitda,missing__missingindicator_original_capital_expenditures,missing_original_financial,missing_original_financial,exact_duplicate,249,1.0,1.0,,,,True,True,True,True,True,0.0,,Review shared missingness; equality may change in future,affine_group_001,affine_group_001
feature_pair,missing__missingindicator_original_ebitda,missing__missingindicator_original_free_cash_flow,missing_original_financial,missing_original_financial,exact_duplicate,249,1.0,1.0,,,,True,True,True,True,True,0.0,,Review shared missingness; equality may change in future,affine_group_001,affine_group_001
feature_pair,missing__missingindicator_original_ebitda,missing__missingindicator_original_operating_cash_flow,missing_original_financial,missing_original_financial,exact_duplicate,249,1.0,1.0,,,,True,True,True,True,True,0.0,,Review shared missingness; equality may change in future,affine_group_001,affine_group_001
feature_pair,missing__missingindicator_original_ebitda,missing__missingindicator_original_signed_log_capital_expenditures,missing_original_financial,missing_original_market,exact_duplicate,249,1.0,1.0,,,,True,True,True,True,True,0.0,,Review shared missingness; equality may change in future,affine_group_001,affine_group_001
feature_pair,missing__missingindicator_original_ebitda,missing__missingindicator_original_signed_log_ebitda,missing_original_financial,missing_original_market,exact_duplicate,249,1.0,1.0,,,,True,True,True,True,True,0.0,,Review shared missingness; equality may change in future,affine_group_001,affine_group_001
feature_pair,missing__missingindicator_original_ebitda,missing__missingindicator_original_signed_log_free_cash_flow,missing_original_financial,missing_original_market,exact_duplicate,249,1.0,1.0,,,,True,True,True,True,True,0.0,,Review shared missingness; equality may change in future,affine_group_001,affine_group_001
feature_pair,missing__missingindicator_original_ebitda,missing__missingindicator_original_signed_log_operating_cash_flow,missing_original_financial,missing_original_market,exact_duplicate,249,1.0,1.0,,,,True,True,True,True,True,0.0,,Review shared missingness; equality may change in future,affine_group_001,affine_group_001
feature_pair,missing__missingindicator_original_free_cash_flow,missing__missingindicator_original_signed_log_capital_expenditures,missing_original_financial,missing_original_market,exact_duplicate,249,1.0,1.0,,,,True,True,True,True,True,0.0,,Review shared missingness; equality may change in future,affine_group_001,affine_group_001
feature_pair,missing__missingindicator_original_free_cash_flow,missing__missingindicator_original_signed_log_ebitda,missing_original_financial,missing_original_market,exact_duplicate,249,1.0,1.0,,,,True,True,True,True,True,0.0,,Review shared missingness; equality may change in future,affine_group_001,affine_group_001
feature_pair,missing__missingindicator_original_free_cash_flow,missing__missingindicator_original_signed_log_free_cash_flow,missing_original_financial,missing_original_market,exact_duplicate,249,1.0,1.0,,,,True,True,True,True,True,0.0,,Review shared missingness; equality may change in future,affine_group_001,affine_group_001
feature_pair,missing__missingindicator_original_free_cash_flow,missing__missingindicator_original_signed_log_operating_cash_flow,missing_original_financial,missing_original_market,exact_duplicate,249,1.0,1.0,,,,True,True,True,True,True,0.0,,Review shared missingness; equality may change in future,affine_group_001,affine_group_001
feature_pair,missing__missingindicator_original_interest_expense,missing__missingindicator_original_signed_log_interest_expense,missing_original_financial,missing_original_market,exact_duplicate,249,1.0,1.0,,,,True,True,True,True,True,0.0,,Review shared missingness; equality may change in future,affine_group_011,affine_group_011
feature_pair,missing__missingindicator_original_log_market_cap,missing__missingindicator_market_market_cap_change_12m,missing_original_market,missing_market_features,exact_duplicate,249,1.0,1.0,,,,True,True,True,True,True,0.0,,Review shared missingness; equality may change in future,affine_group_002,affine_group_002
feature_pair,missing__missingindicator_original_market_cap,missing__missingindicator_market_market_cap_change_12m,missing_original_market,missing_market_features,exact_duplicate,249,1.0,1.0,,,,True,True,True,True,True,0.0,,Review shared missingness; equality may change in future,affine_group_002,affine_group_002
feature_pair,missing__missingindicator_original_market_cap,missing__missingindicator_original_log_market_cap,missing_original_market,missing_original_market,exact_duplicate,249,1.0,1.0,,,,True,True,True,True,True,0.0,,Review shared missingness; equality may change in future,affine_group_002,affine_group_002
feature_pair,missing__missingindicator_original_market_cap,missing__missingindicator_original_shares_outstanding,missing_original_market,missing_original_market,exact_duplicate,249,1.0,1.0,,,,True,True,True,True,True,0.0,,Review shared missingness; equality may change in future,affine_group_002,affine_group_002
feature_pair,missing__missingindicator_original_operating_cash_flow,missing__missingindicator_original_capital_expenditures,missing_original_financial,missing_original_financial,exact_duplicate,249,1.0,1.0,,,,True,True,True,True,True,0.0,,Review shared missingness; equality may change in future,affine_group_001,affine_group_001
feature_pair,missing__missingindicator_original_operating_cash_flow,missing__missingindicator_original_free_cash_flow,missing_original_financial,missing_original_financial,exact_duplicate,249,1.0,1.0,,,,True,True,True,True,True,0.0,,Review shared missingness; equality may change in future,affine_group_001,affine_group_001
feature_pair,missing__missingindicator_original_operating_cash_flow,missing__missingindicator_original_signed_log_capital_expenditures,missing_original_financial,missing_original_market,exact_duplicate,249,1.0,1.0,,,,True,True,True,True,True,0.0,,Review shared missingness; equality may change in future,affine_group_001,affine_group_001
feature_pair,missing__missingindicator_original_operating_cash_flow,missing__missingindicator_original_signed_log_ebitda,missing_original_financial,missing_original_market,exact_duplicate,249,1.0,1.0,,,,True,True,True,True,True,0.0,,Review shared missingness; equality may change in future,affine_group_001,affine_group_001
feature_pair,missing__missingindicator_original_operating_cash_flow,missing__missingindicator_original_signed_log_free_cash_flow,missing_original_financial,missing_original_market,exact_duplicate,249,1.0,1.0,,,,True,True,True,True,True,0.0,,Review shared missingness; equality may change in future,affine_group_001,affine_group_001
feature_pair,missing__missingindicator_original_operating_cash_flow,missing__missingindicator_original_signed_log_operating_cash_flow,missing_original_financial,missing_original_market,exact_duplicate,249,1.0,1.0,,,,True,True,True,True,True,0.0,,Review shared missingness; equality may change in future,affine_group_001,affine_group_001
feature_pair,missing__missingindicator_original_shares_outstanding,missing__missingindicator_market_market_cap_change_12m,missing_original_market,missing_market_features,exact_duplicate,249,1.0,1.0,,,,True,True,True,True,True,0.0,,Review shared missingness; equality may change in future,affine_group_002,affine_group_002
feature_pair,missing__missingindicator_original_shares_outstanding,missing__missingindicator_original_log_market_cap,missing_original_market,missing_original_market,exact_duplicate,249,1.0,1.0,,,,True,True,True,True,True,0.0,,Review shared missingness; equality may change in future,affine_group_002,affine_group_002
feature_pair,missing__missingindicator_original_signed_log_capital_expenditures,missing__missingindicator_original_signed_log_free_cash_flow,missing_original_market,missing_original_market,exact_duplicate,249,1.0,1.0,,,,True,True,True,True,True,0.0,,Review shared missingness; equality may change in future,affine_group_001,affine_group_001
feature_pair,missing__missingindicator_original_signed_log_ebitda,missing__missingindicator_original_signed_log_capital_expenditures,missing_original_market,missing_original_market,exact_duplicate,249,1.0,1.0,,,,True,True,True,True,True,0.0,,Review shared missingness; equality may change in future,affine_group_001,affine_group_001
feature_pair,missing__missingindicator_original_signed_log_ebitda,missing__missingindicator_original_signed_log_free_cash_flow,missing_original_market,missing_original_market,exact_duplicate,249,1.0,1.0,,,,True,True,True,True,True,0.0,,Review shared missingness; equality may change in future,affine_group_001,affine_group_001
feature_pair,missing__missingindicator_original_signed_log_ebitda,missing__missingindicator_original_signed_log_operating_cash_flow,missing_original_market,missing_original_market,exact_duplicate,249,1.0,1.0,,,,True,True,True,True,True,0.0,,Review shared missingness; equality may change in future,affine_group_001,affine_group_001
feature_pair,missing__missingindicator_original_signed_log_operating_cash_flow,missing__missingindicator_original_signed_log_capital_expenditures,missing_original_market,missing_original_market,exact_duplicate,249,1.0,1.0,,,,True,True,True,True,True,0.0,,Review shared missingness; equality may change in future,affine_group_001,affine_group_001
feature_pair,missing__missingindicator_original_signed_log_operating_cash_flow,missing__missingindicator_original_signed_log_free_cash_flow,missing_original_market,missing_original_market,exact_duplicate,249,1.0,1.0,,,,True,True,True,True,True,0.0,,Review shared missingness; equality may change in future,affine_group_001,affine_group_001
feature_pair,missing__missingindicator_original_total_debt,missing__missingindicator_original_long_term_debt,missing_original_financial,missing_original_financial,exact_duplicate,249,1.0,1.0,,,,True,True,True,True,True,0.0,,Review shared missingness; equality may change in future,affine_group_012,affine_group_012
feature_pair,missing__missingindicator_original_turnover,missing__missingindicator_market_turnover_change_12m,missing_original_market,missing_market_features,exact_duplicate,249,1.0,1.0,,,,True,True,True,True,True,0.0,,Review shared missingness; equality may change in future,affine_group_013,affine_group_013
feature_pair,numeric__macro_corporate_bond_total_return_index_level_at_prediction_date,numeric__macro_corporate_bond_total_return_index,macro_features,macro_features,exact_duplicate,249,1.0,1.0,1.0,1.0,249.0,True,True,True,True,False,0.0,,Review definition/alias before choosing a representative,affine_group_014,affine_group_014
feature_pair,numeric__macro_federal_funds_rate,numeric__macro_interest_rate,macro_features,macro_features,exact_duplicate,249,1.0,1.0,1.0,1.0,249.0,True,True,True,True,False,0.0,,Review definition/alias before choosing a representative,affine_group_005,affine_group_005
feature_pair,numeric__macro_federal_funds_rate_level_at_prediction_date,numeric__macro_federal_funds_rate,macro_features,macro_features,exact_duplicate,249,1.0,1.0,1.0,1.0,249.0,True,True,True,True,False,0.0,,Review definition/alias before choosing a representative,affine_group_005,affine_group_005
feature_pair,numeric__macro_federal_funds_rate_level_at_prediction_date,numeric__macro_interest_rate,macro_features,macro_features,exact_duplicate,249,1.0,1.0,1.0,1.0,249.0,True,True,True,True,False,0.0,,Review definition/alias before choosing a representative,affine_group_005,affine_group_005
feature_pair,numeric__macro_gdp_growth_level_at_prediction_date,numeric__macro_gdp_growth,macro_features,macro_features,exact_duplicate,249,1.0,1.0,1.0,1.0,249.0,True,True,True,True,False,0.0,,Review definition/alias before choosing a representative,affine_group_015,affine_group_015
feature_pair,numeric__macro_inflation_level,numeric__macro_inflation,macro_features,macro_features,exact_duplicate,249,1.0,1.0,1.0,1.0,249.0,True,True,True,True,False,0.0,,Review definition/alias before choosing a representative,affine_group_006,affine_group_006
feature_pair,numeric__macro_inflation_level_at_prediction_date,numeric__macro_inflation,macro_features,macro_features,exact_duplicate,249,1.0,1.0,1.0,1.0,249.0,True,True,True,True,False,0.0,,Review definition/alias before choosing a representative,affine_group_006,affine_group_006
feature_pair,numeric__macro_inflation_level_at_prediction_date,numeric__macro_inflation_level,macro_features,macro_features,exact_duplicate,249,1.0,1.0,1.0,1.0,249.0,True,True,True,True,False,0.0,,Review definition/alias before choosing a representative,affine_group_006,affine_group_006
feature_pair,numeric__macro_treasury_10y_yield_level_at_prediction_date,numeric__macro_treasury_10y_yield,macro_features,macro_features,exact_duplicate,249,1.0,1.0,1.0,1.0,249.0,True,True,True,True,False,0.0,,Review definition/alias before choosing a representative,affine_group_016,affine_group_016
feature_pair,numeric__macro_treasury_3m_yield_level_at_prediction_date,numeric__macro_treasury_3m_yield,macro_features,macro_features,exact_duplicate,249,1.0,1.0,1.0,1.0,249.0,True,True,True,True,False,0.0,,Review definition/alias before choosing a representative,affine_group_017,affine_group_017
feature_pair,numeric__macro_unemployment_rate,numeric__macro_unemployment,macro_features,macro_features,exact_duplicate,249,1.0,1.0,1.0,1.0,249.0,True,True,True,True,False,0.0,,Review definition/alias before choosing a representative,affine_group_007,affine_group_007
feature_pair,numeric__macro_unemployment_rate_change_1y,numeric__macro_unemployment_change_1y,macro_features,macro_features,exact_duplicate,249,1.0,1.0,1.0,1.0,249.0,True,True,True,True,False,0.0,,Review definition/alias before choosing a representative,affine_group_018,affine_group_018
feature_pair,numeric__macro_unemployment_rate_level_at_prediction_date,numeric__macro_unemployment,macro_features,macro_features,exact_duplicate,249,1.0,1.0,1.0,1.0,249.0,True,True,True,True,False,0.0,,Review definition/alias before choosing a representative,affine_group_007,affine_group_007
feature_pair,numeric__macro_unemployment_rate_level_at_prediction_date,numeric__macro_unemployment_rate,macro_features,macro_features,exact_duplicate,249,1.0,1.0,1.0,1.0,249.0,True,True,True,True,False,0.0,,Review definition/alias before choosing a representative,affine_group_007,affine_group_007
feature_pair,numeric__macro_vix_level_at_prediction_date,numeric__macro_vix,macro_features,macro_features,exact_duplicate,249,1.0,1.0,1.0,1.0,249.0,True,True,True,True,False,0.0,,Review definition/alias before choosing a representative,affine_group_019,affine_group_019
feature_pair,numeric__macro_yield_curve_spread_level_at_prediction_date,numeric__macro_yield_curve_spread,macro_features,macro_features,exact_duplicate,249,1.0,1.0,1.0,1.0,249.0,True,True,True,True,False,0.0,,Review definition/alias before choosing a representative,affine_group_020,affine_group_020
feature_pair,numeric__market_return_12m,numeric__market_stock_return_12m,market_features,market_features,exact_duplicate,249,1.0,1.0,1.0,1.0,249.0,True,True,True,True,False,0.0,,Review definition/alias before choosing a representative,affine_group_008,affine_group_008
feature_pair,numeric__original_adjusted_price,numeric__original_market_monthly_price_00,original_market,original_market_history,exact_duplicate,249,1.0,1.0,1.0,1.0,249.0,True,True,True,True,False,0.0,,Review definition/alias before choosing a representative,affine_group_021,affine_group_021
feature_pair,numeric__trend_adjusted_price_growth_1y,numeric__market_return_12m,trend_market,market_features,exact_duplicate,249,1.0,1.0,1.0,1.0,249.0,True,True,True,True,False,0.0,,Review definition/alias before choosing a representative,affine_group_008,affine_group_008
feature_pair,numeric__trend_adjusted_price_growth_1y,numeric__market_stock_return_12m,trend_market,market_features,exact_duplicate,249,1.0,1.0,1.0,1.0,249.0,True,True,True,True,False,0.0,,Review definition/alias before choosing a representative,affine_group_008,affine_group_008
feature_pair,numeric__trend_adjusted_price_growth_2y,numeric__market_return_24m,trend_market,market_features,exact_duplicate,249,1.0,1.0,1.0,1.0,243.0,True,True,True,True,False,0.0,,Review definition/alias before choosing a representative,affine_group_022,affine_group_022
feature_pair,numeric__trend_adjusted_price_growth_3y,numeric__market_return_36m,trend_market,market_features,exact_duplicate,249,1.0,1.0,1.0,1.0,233.0,True,True,True,True,False,0.0,,Review definition/alias before choosing a representative,affine_group_023,affine_group_023
feature_pair,numeric__trend_market_cap_change_1y,numeric__market_market_cap_change_12m,trend_market,market_features,exact_duplicate,249,1.0,1.0,1.0,1.0,246.0,True,True,True,True,False,0.0,,Review definition/alias before choosing a representative,affine_group_024,affine_group_024
feature_pair,numeric__trend_total_assets_growth_1y,numeric__trend_asset_growth_1y,trend_financial,trend_ratios,exact_duplicate,249,1.0,1.0,1.0,1.0,244.0,True,True,True,True,False,0.0,,Review definition/alias before choosing a representative,affine_group_025,affine_group_025
feature_pair,numeric__trend_total_debt_growth_1y,numeric__trend_debt_growth_1y,trend_financial,trend_ratios,exact_duplicate,249,1.0,1.0,1.0,1.0,226.0,True,True,True,True,False,0.0,,Review definition/alias before choosing a representative,affine_group_026,affine_group_026
feature_pair,numeric__trend_turnover_change_1y,numeric__market_turnover_change_12m,trend_market,market_features,exact_duplicate,249,1.0,1.0,1.0,1.0,248.0,True,True,True,True,False,0.0,,Review definition/alias before choosing a representative,affine_group_027,affine_group_027
feature_pair,numeric__trend_volume_change_1y,numeric__market_volume_change_12m,trend_market,market_features,exact_duplicate,249,1.0,1.0,1.0,1.0,249.0,True,True,True,True,False,0.0,,Review definition/alias before choosing a representative,affine_group_028,affine_group_028
feature_pair,categorical__sector_Energy,categorical__industry_Oil & Gas Supply Chain,categorical_sector,categorical_industry,high_correlation,249,0.8314579448472345,0.8314579448472345,,,,False,False,False,False,False,5.058837960394579,,Retain for Elastic Net consideration; do not remove automatically,,
feature_pair,missing__missingindicator_original_total_liabilities,missing__missingindicator_original_short_term_debt,missing_original_financial,missing_original_financial,high_correlation,249,0.8148420775438837,0.8148420775438835,,,,False,False,False,False,False,9.145369392270586,,Retain for Elastic Net consideration; do not remove automatically,,
feature_pair,numeric__derived_capex_to_revenue,numeric__trend_capital_expenditures_growth_3y,derived_ratios,trend_financial,high_correlation,249,-0.8797929194155306,-0.3798703190109697,-0.8803015057876575,-0.4224564353299531,216.0,False,False,False,False,False,3.62246745671367,,Retain for Elastic Net consideration; do not remove automatically,,
feature_pair,numeric__derived_capex_to_revenue,numeric__trend_shares_outstanding_change_3y,derived_ratios,trend_market,high_correlation,249,-0.8004340781714335,-0.11256208798426647,-0.8304468075820411,-0.12720308363618335,222.0,False,False,False,False,False,5.484773780949762,,Retain for Elastic Net consideration; do not remove automatically,,
feature_pair,numeric__derived_current_ratio,numeric__derived_working_capital_to_assets,derived_ratios,derived_ratios,high_correlation,249,0.4669008162144838,0.9272334663559524,0.4669008162144838,0.9272334663559524,249.0,False,False,False,False,False,10.767197774101549,,Retain for Elastic Net consideration; do not remove automatically,,
feature_pair,numeric__derived_debt_to_assets,numeric__derived_liabilities_to_assets,derived_ratios,derived_ratios,high_correlation,249,0.8948528307848899,0.8447327389680138,0.8964482730563851,0.8544058599501628,245.0,False,False,False,False,False,3.565139446207488,,Retain for Elastic Net consideration; do not remove automatically,,
feature_pair,numeric__derived_debt_to_assets,numeric__trend_debt_to_assets_change_2y,derived_ratios,trend_ratios,high_correlation,249,0.8423221653228519,0.5534772400900384,0.8442015574187521,0.5586483387233301,234.0,False,False,False,False,False,2.755995196025971,,Retain for Elastic Net consideration; do not remove automatically,,
feature_pair,numeric__derived_debt_to_assets,numeric__trend_debt_to_assets_slope_3y,derived_ratios,trend_ratios,high_correlation,249,0.8271633569323348,0.5271714914790673,0.8278553342552107,0.5363981644794161,243.0,False,False,False,False,False,2.6017675306423285,,Retain for Elastic Net consideration; do not remove automatically,,
feature_pair,numeric__derived_debt_to_equity,numeric__derived_market_to_book,derived_ratios,derived_ratios,high_correlation,249,0.999726389663314,0.021690683361735276,0.9997237241247428,0.16060395048556755,71.0,False,False,False,False,False,0.32172754061329445,,Retain for Elastic Net consideration; do not remove automatically,,
feature_pair,numeric__derived_debt_to_equity,numeric__trend_debt_to_assets_change_3y,derived_ratios,trend_ratios,high_correlation,249,-0.8518675812911543,0.03511100030412552,-0.965954768551621,0.00322851874484351,68.0,False,False,False,False,False,2.9451239290237616,,Retain for Elastic Net consideration; do not remove automatically,,
feature_pair,numeric__derived_debt_to_equity,numeric__trend_market_to_book_slope_3y,derived_ratios,trend_ratios,high_correlation,249,0.9997586826419252,0.01592898047799504,0.9997601983353478,0.159401449664641,60.0,False,False,False,False,False,0.3307974577328339,,Retain for Elastic Net consideration; do not remove automatically,,
feature_pair,numeric__derived_debt_to_equity,numeric__trend_shareholders_equity_change_1y,derived_ratios,trend_financial,high_correlation,249,-0.9900082556637076,-0.16889184616859348,-0.9910144650674335,-0.2378963885699652,48.0,False,False,False,False,False,1.3946870619651588,,Retain for Elastic Net consideration; do not remove automatically,,
feature_pair,numeric__derived_debt_to_equity,numeric__trend_shareholders_equity_slope_3y,derived_ratios,trend_financial,high_correlation,249,-0.9869140862945507,-0.07341420948288205,-0.9881324491218538,-0.21298036625348893,60.0,False,False,False,False,False,1.4987384266194057,,Retain for Elastic Net consideration; do not remove automatically,,
feature_pair,numeric__derived_ebit_margin,numeric__derived_ebit_to_assets,derived_ratios,derived_ratios,high_correlation,249,0.5808991700325279,0.9015380525569436,0.5815169066105184,0.9068290880480607,247.0,False,False,False,False,False,9.848498973982418,,Retain for Elastic Net consideration; do not remove automatically,,
feature_pair,numeric__derived_ebit_margin,numeric__derived_ebitda_margin,derived_ratios,derived_ratios,high_correlation,249,0.990294522641892,0.8805748327239261,0.9903370269548312,0.8833385527693037,246.0,False,False,False,False,False,0.9555209856280324,,Retain for Elastic Net consideration; do not remove automatically,,
feature_pair,numeric__derived_ebit_margin,numeric__derived_ebitda_to_assets,derived_ratios,derived_ratios,high_correlation,249,0.5960484747477509,0.8416148657947333,0.5970572283078462,0.8497358642962769,246.0,False,False,False,False,False,9.794824286245072,,Retain for Elastic Net consideration; do not remove automatically,,
feature_pair,numeric__derived_ebit_margin,numeric__derived_net_income_margin,derived_ratios,derived_ratios,high_correlation,249,0.9402508255015253,0.7068168109345073,0.9402437568289016,0.7070601857381986,247.0,False,False,False,False,False,1.8282454528818644,,Retain for Elastic Net consideration; do not remove automatically,,
feature_pair,numeric__derived_ebit_margin,numeric__derived_operating_cash_flow_margin,derived_ratios,derived_ratios,high_correlation,249,0.9464283564710035,0.6018907171106633,0.9464519499118303,0.6043312854604248,246.0,False,False,False,False,False,2.5423420445114413,,Retain for Elastic Net consideration; do not remove automatically,,
feature_pair,numeric__derived_ebit_to_assets,numeric__derived_ebitda_to_assets,derived_ratios,derived_ratios,high_correlation,249,0.9918094315144669,0.9285463327576102,0.9959444974734356,0.9339189338032823,248.0,False,False,False,False,False,1.433564154084368,,Retain for Elastic Net consideration; do not remove automatically,,
feature_pair,numeric__derived_ebit_to_assets,numeric__derived_operating_cash_flow_to_assets,derived_ratios,derived_ratios,high_correlation,249,0.9112614298549383,0.6328560168768238,0.9152080542426906,0.6366402844869636,248.0,False,False,False,False,False,2.5600846095992296,,Retain for Elastic Net consideration; do not remove automatically,,
feature_pair,numeric__derived_ebit_to_assets,numeric__trend_ebitda_to_assets_change_1y,derived_ratios,trend_ratios,high_correlation,249,0.8141188377054682,0.42473206043165296,0.8180519879459516,0.4312397551266183,243.0,False,False,False,False,False,5.418531195718771,,Retain for Elastic Net consideration; do not remove automatically,,
feature_pair,numeric__derived_ebit_to_assets,numeric__trend_liabilities_to_assets_change_1y,derived_ratios,trend_ratios,high_correlation,249,-0.8399496922645026,-0.4503825932031091,-0.8409874885208308,-0.4560867092630382,243.0,False,False,False,False,False,4.240602884994955,,Retain for Elastic Net consideration; do not remove automatically,,
feature_pair,numeric__derived_ebit_to_assets,numeric__trend_working_capital_to_assets_change_1y,derived_ratios,trend_ratios,high_correlation,249,0.8080190252306807,0.1592546558757392,0.8088938120301812,0.16015622741199612,244.0,False,False,False,False,False,4.118175180102986,,Retain for Elastic Net consideration; do not remove automatically,,
feature_pair,numeric__derived_ebitda_margin,numeric__derived_ebitda_to_assets,derived_ratios,derived_ratios,high_correlation,249,0.6196398317801337,0.8010076976474187,0.6205183109146583,0.8066962743706347,246.0,False,False,False,False,False,8.83930330061704,,Retain for Elastic Net consideration; do not remove automatically,,
feature_pair,numeric__derived_ebitda_margin,numeric__derived_net_income_margin,derived_ratios,derived_ratios,high_correlation,249,0.9145658536653378,0.54253413924334,0.9145628905623043,0.5451634368635664,246.0,False,False,False,False,False,2.0664116970233577,,Retain for Elastic Net consideration; do not remove automatically,,
feature_pair,numeric__derived_ebitda_margin,numeric__derived_operating_cash_flow_margin,derived_ratios,derived_ratios,high_correlation,249,0.9459517796678114,0.680408644877248,0.9459290113406837,0.6824301693878266,246.0,False,False,False,False,False,3.011999884020317,,Retain for Elastic Net consideration; do not remove automatically,,
feature_pair,numeric__derived_ebitda_to_assets,numeric__derived_operating_cash_flow_to_assets,derived_ratios,derived_ratios,high_correlation,249,0.925723043012455,0.6780181547114725,0.9257156506660754,0.6789113023775432,248.0,False,False,False,False,False,2.1575952418454674,,Retain for Elastic Net consideration; do not remove automatically,,
feature_pair,numeric__derived_ebitda_to_assets,numeric__trend_ebitda_to_assets_change_1y,derived_ratios,trend_ratios,high_correlation,249,0.8317154593838341,0.47531022541765583,0.8322406141457755,0.48239052621014955,243.0,False,False,False,False,False,4.841858657513434,,Retain for Elastic Net consideration; do not remove automatically,,
feature_pair,numeric__derived_ebitda_to_assets,numeric__trend_liabilities_to_assets_change_1y,derived_ratios,trend_ratios,high_correlation,249,-0.8026294885460661,-0.3963655980410124,-0.8295669278497451,-0.40420408317058537,242.0,False,False,False,False,False,4.768553120574589,,Retain for Elastic Net consideration; do not remove automatically,,
feature_pair,numeric__derived_free_cash_flow_to_debt,numeric__derived_operating_cash_flow_to_assets,derived_ratios,derived_ratios,high_correlation,249,0.27682583013605877,0.8065837739082864,0.2819848739363512,0.8587419575954679,224.0,False,False,False,False,False,9.92786583146944,,Retain for Elastic Net consideration; do not remove automatically,,
feature_pair,numeric__derived_free_cash_flow_to_debt,numeric__trend_free_cash_flow_to_debt_change_1y,derived_ratios,trend_ratios,high_correlation,249,0.9484360537491016,0.416285011771654,0.9487001238073125,0.43104397738749733,219.0,False,False,False,False,False,2.364719401012654,,Retain for Elastic Net consideration; do not remove automatically,,
feature_pair,numeric__derived_free_cash_flow_to_debt,numeric__trend_operating_cash_flow_to_debt_change_1y,derived_ratios,trend_ratios,high_correlation,249,0.950956756992166,0.4785491487193406,0.9512716410574458,0.497756115841091,219.0,False,False,False,False,False,2.8838277680369844,,Retain for Elastic Net consideration; do not remove automatically,,
feature_pair,numeric__derived_interest_coverage,numeric__derived_ebit_to_assets,derived_ratios,derived_ratios,high_correlation,249,0.10759253640983836,0.846038678862778,0.10864458697417025,0.9229455633774631,221.0,False,False,False,False,False,11.022329549272577,,Retain for Elastic Net consideration; do not remove automatically,,
feature_pair,numeric__derived_liabilities_to_assets,numeric__trend_debt_to_assets_change_2y,derived_ratios,trend_ratios,high_correlation,249,0.8254502903387723,0.5198873103635213,0.8289465615367829,0.5289636399850746,234.0,False,False,False,False,False,3.5586046985797477,,Retain for Elastic Net consideration; do not remove automatically,,
feature_pair,numeric__derived_liabilities_to_assets,numeric__trend_debt_to_assets_slope_3y,derived_ratios,trend_ratios,high_correlation,249,0.8106823966875998,0.5334040191002203,0.8108494713184333,0.5343492080508422,245.0,False,False,False,False,False,3.4329511859598547,,Retain for Elastic Net consideration; do not remove automatically,,
feature_pair,numeric__derived_liabilities_to_assets,numeric__trend_liabilities_to_assets_change_2y,derived_ratios,trend_ratios,high_correlation,249,0.8868559938440655,0.5590602019490112,0.8904353858904052,0.5748085010374787,235.0,False,False,False,False,False,1.9962463550187066,,Retain for Elastic Net consideration; do not remove automatically,,
feature_pair,numeric__derived_liabilities_to_assets,numeric__trend_liabilities_to_assets_slope_3y,derived_ratios,trend_ratios,high_correlation,249,0.87459095895511,0.5839841988940713,0.8747999237562158,0.5853325369159061,245.0,False,False,False,False,False,2.5385361041458605,,Retain for Elastic Net consideration; do not remove automatically,,
feature_pair,numeric__derived_liabilities_to_equity,numeric__derived_market_to_book,derived_ratios,derived_ratios,high_correlation,249,0.9997264585186459,0.023856411512939837,0.9997237450184917,0.17710426883189967,72.0,False,False,False,False,False,0.3216915210285692,,Retain for Elastic Net consideration; do not remove automatically,,
feature_pair,numeric__derived_liabilities_to_equity,numeric__trend_debt_to_assets_change_3y,derived_ratios,trend_ratios,high_correlation,249,-0.8518681643092435,0.0627044096135395,-0.9659554463722853,0.014068107264196196,68.0,False,False,False,False,False,2.945124370323466,,Retain for Elastic Net consideration; do not remove automatically,,
feature_pair,numeric__derived_liabilities_to_equity,numeric__trend_market_to_book_slope_3y,derived_ratios,trend_ratios,high_correlation,249,0.9997587572184198,-0.013400043411706832,0.9997602720662127,0.2187612881713857,60.0,False,False,False,False,False,0.33075475339071136,,Retain for Elastic Net consideration; do not remove automatically,,
feature_pair,numeric__derived_liabilities_to_equity,numeric__trend_shareholders_equity_change_1y,derived_ratios,trend_financial,high_correlation,249,-0.9900082099827334,-0.1987273271721751,-0.9910144332670408,-0.20820668693009117,48.0,False,False,False,False,False,1.3946848993323302,,Retain for Elastic Net consideration; do not remove automatically,,
feature_pair,numeric__derived_liabilities_to_equity,numeric__trend_shareholders_equity_slope_3y,derived_ratios,trend_financial,high_correlation,249,-0.9869139931383552,-0.13799902497621425,-0.9881323832231831,-0.219761593820334,60.0,False,False,False,False,False,1.4987359026619134,,Retain for Elastic Net consideration; do not remove automatically,,
feature_pair,numeric__derived_market_to_book,numeric__trend_debt_to_assets_change_3y,derived_ratios,trend_ratios,high_correlation,249,-0.8514799333946255,-0.23621451617870204,-0.9655082899304582,-0.5272199764411112,68.0,False,False,False,False,False,2.945284655951026,,Retain for Elastic Net consideration; do not remove automatically,,
feature_pair,numeric__derived_market_to_book,numeric__trend_debt_to_equity_change_1y,derived_ratios,trend_ratios,high_correlation,249,0.9997261066788314,-0.024917280396162193,0.9997242644010743,0.07668079766554388,48.0,False,False,False,False,False,0.3219612199020461,,Retain for Elastic Net consideration; do not remove automatically,,
feature_pair,numeric__derived_market_to_book,numeric__trend_debt_to_equity_growth_1y,derived_ratios,trend_ratios,high_correlation,249,-0.9997262427552661,0.07597980060921733,-0.9997759425861359,0.13899019552059322,42.0,False,False,False,False,False,0.32177251938785667,,Retain for Elastic Net consideration; do not remove automatically,,
feature_pair,numeric__derived_market_to_book,numeric__trend_debt_to_equity_slope_3y,derived_ratios,trend_ratios,high_correlation,249,0.9997263514487809,-0.07107446424627041,0.999724108134432,0.101358031537889,60.0,False,False,False,False,False,0.3217808602325592,,Retain for Elastic Net consideration; do not remove automatically,,
feature_pair,numeric__derived_market_to_book,numeric__trend_liabilities_to_equity_change_1y,derived_ratios,trend_ratios,high_correlation,249,0.9997261786148984,0.034753023823664096,0.9997243359905115,0.0790273556231003,48.0,False,False,False,False,False,0.3219206723276026,,Retain for Elastic Net consideration; do not remove automatically,,
feature_pair,numeric__derived_market_to_book,numeric__trend_liabilities_to_equity_growth_1y,derived_ratios,trend_ratios,high_correlation,249,-0.9997262419572741,0.12551199610874217,-0.9997244086904196,0.25434216239687363,48.0,False,False,False,False,False,0.3217703277116177,,Retain for Elastic Net consideration; do not remove automatically,,
feature_pair,numeric__derived_market_to_book,numeric__trend_liabilities_to_equity_slope_3y,derived_ratios,trend_ratios,high_correlation,249,0.9997263729468886,-0.07159415224678049,0.9997241291652095,0.08349773541915585,60.0,False,False,False,False,False,0.3217768728811193,,Retain for Elastic Net consideration; do not remove automatically,,
feature_pair,numeric__derived_market_to_book,numeric__trend_market_to_book_change_1y,derived_ratios,trend_ratios,high_correlation,249,0.9996166184220536,0.3997803609425086,0.999612554682848,0.534085974815458,48.0,False,False,False,False,False,0.3995355404686496,,Retain for Elastic Net consideration; do not remove automatically,,
feature_pair,numeric__derived_market_to_book,numeric__trend_market_to_book_growth_1y,derived_ratios,trend_ratios,high_correlation,249,-0.9997225936266698,0.40249392036934717,-0.9997208776268511,0.5445071645679549,48.0,False,False,False,False,False,0.3218670181650474,,Retain for Elastic Net consideration; do not remove automatically,,
feature_pair,numeric__derived_market_to_book,numeric__trend_market_to_book_slope_3y,derived_ratios,trend_ratios,high_correlation,249,0.9995909447916186,0.46720717334372863,0.9995898387302533,0.6709550140320654,60.0,False,False,False,False,False,0.3208068392805544,,Retain for Elastic Net consideration; do not remove automatically,,
feature_pair,numeric__derived_market_to_book,numeric__trend_shareholders_equity_change_1y,derived_ratios,trend_financial,high_correlation,249,-0.989636225255008,0.26638155385929585,-0.9906783555268526,0.4125054277029961,48.0,False,False,False,False,False,1.3989519474123406,,Retain for Elastic Net consideration; do not remove automatically,,
feature_pair,numeric__derived_market_to_book,numeric__trend_shareholders_equity_slope_3y,derived_ratios,trend_financial,high_correlation,249,-0.9864846961569091,0.3790118029145897,-0.9877264686116352,0.40937508683208756,60.0,False,False,False,False,False,1.5023971710585278,,Retain for Elastic Net consideration; do not remove automatically,,
feature_pair,numeric__derived_net_income_margin,numeric__derived_operating_cash_flow_margin,derived_ratios,derived_ratios,high_correlation,249,0.8764531104580652,0.4794511603611671,0.8764309293224041,0.48143150387064504,246.0,False,False,False,False,False,2.639775292323286,,Retain for Elastic Net consideration; do not remove automatically,,
feature_pair,numeric__derived_operating_cash_flow_margin,numeric__derived_operating_cash_flow_to_assets,derived_ratios,derived_ratios,high_correlation,249,0.49799343327630724,0.8793669942489891,0.49973468700184703,0.8832829325249858,246.0,False,False,False,False,False,10.25174368584334,,Retain for Elastic Net consideration; do not remove automatically,,
feature_pair,numeric__derived_operating_cash_flow_to_debt,numeric__derived_free_cash_flow_to_debt,derived_ratios,derived_ratios,high_correlation,249,0.9849423059097353,0.8863420266760452,0.9850001235039565,0.9024682948287313,224.0,False,False,False,False,False,1.583749132703685,,Retain for Elastic Net consideration; do not remove automatically,,
feature_pair,numeric__derived_operating_cash_flow_to_debt,numeric__derived_operating_cash_flow_to_assets,derived_ratios,derived_ratios,high_correlation,249,0.2698332392201389,0.8751463188311982,0.2751697940745742,0.9285061467139584,224.0,False,False,False,False,False,9.415345525561085,,Retain for Elastic Net consideration; do not remove automatically,,
feature_pair,numeric__derived_operating_cash_flow_to_debt,numeric__trend_free_cash_flow_to_debt_change_1y,derived_ratios,trend_ratios,high_correlation,249,0.9124131790581349,0.3960617197323472,0.9126234681312155,0.4046749109986884,219.0,False,False,False,False,False,3.748774367185581,,Retain for Elastic Net consideration; do not remove automatically,,
feature_pair,numeric__derived_operating_cash_flow_to_debt,numeric__trend_operating_cash_flow_to_debt_change_1y,derived_ratios,trend_ratios,high_correlation,249,0.9343622275679002,0.41464871476766524,0.9345822118654401,0.43090687652239085,219.0,False,False,False,False,False,3.7408240304485525,,Retain for Elastic Net consideration; do not remove automatically,,
feature_pair,numeric__derived_working_capital_to_assets,numeric__trend_working_capital_to_assets_change_1y,derived_ratios,trend_ratios,high_correlation,249,0.8833322233744669,0.49251492235463806,0.8847272908219382,0.4981310040205098,244.0,False,False,False,False,False,1.7960917445846096,,Retain for Elastic Net consideration; do not remove automatically,,
feature_pair,numeric__derived_working_capital_to_assets,numeric__trend_working_capital_to_assets_change_2y,derived_ratios,trend_ratios,high_correlation,249,0.8820774736969687,0.4591824387132036,0.8912411632989105,0.4885831111045357,235.0,False,False,False,False,False,1.8450718557129402,,Retain for Elastic Net consideration; do not remove automatically,,
feature_pair,numeric__derived_working_capital_to_assets,numeric__trend_working_capital_to_assets_slope_3y,derived_ratios,trend_ratios,high_correlation,249,0.8660670609060491,0.45354400360061176,0.8670322423235182,0.45688604822597617,246.0,False,False,False,False,False,2.3287110807264106,,Retain for Elastic Net consideration; do not remove automatically,,
feature_pair,numeric__macro_corporate_bond_total_return_index,numeric__macro_corporate_bond_total_return_index_average_1y,macro_features,macro_features,high_correlation,249,0.9872400801676277,0.9760297499566086,0.987292301897731,0.9756322945187201,247.0,False,False,False,False,False,0.6111895832438289,,Retain for Elastic Net consideration; do not remove automatically,affine_group_014,
feature_pair,numeric__macro_corporate_bond_total_return_index,numeric__macro_unemployment,macro_features,macro_features,high_correlation,249,0.8054471218587568,0.7736350386456464,0.805447121858758,0.7736350386456464,249.0,False,False,False,False,False,1.7250689802262698,,Retain for Elastic Net consideration; do not remove automatically,affine_group_014,affine_group_007
feature_pair,numeric__macro_corporate_bond_total_return_index_average_1y,numeric__macro_unemployment,macro_features,macro_features,high_correlation,249,0.8023336034075402,0.8010367858331731,0.8023704528406157,0.8035432569797059,247.0,False,False,False,False,False,1.879856503348604,,Retain for Elastic Net consideration; do not remove automatically,,affine_group_007
feature_pair,numeric__macro_corporate_bond_total_return_index_change_1y,numeric__macro_corporate_bond_total_return_index_change_2y,macro_features,macro_features,high_correlation,249,0.8654557160492766,0.76704403415645,0.8654557160492774,0.76704403415645,249.0,False,False,False,False,False,1.6706699406457697,,Retain for Elastic Net consideration; do not remove automatically,,
feature_pair,numeric__macro_corporate_bond_total_return_index_change_2y,numeric__macro_corporate_bond_total_return_index_change_3y,macro_features,macro_features,high_correlation,249,0.8668401687973204,0.8988310389162529,0.8668401687973205,0.8988310389162529,249.0,False,False,False,False,False,1.7252051193520117,,Retain for Elastic Net consideration; do not remove automatically,,
feature_pair,numeric__macro_corporate_bond_total_return_index_level_at_prediction_date,numeric__macro_corporate_bond_total_return_index_average_1y,macro_features,macro_features,high_correlation,249,0.9872400801676277,0.9760297499566086,0.987292301897731,0.9756322945187201,247.0,False,False,False,False,False,0.6111895832438289,,Retain for Elastic Net consideration; do not remove automatically,affine_group_014,
feature_pair,numeric__macro_corporate_bond_total_return_index_level_at_prediction_date,numeric__macro_unemployment,macro_features,macro_features,high_correlation,249,0.8054471218587568,0.7736350386456464,0.805447121858758,0.7736350386456464,249.0,False,False,False,False,False,1.7250689802262698,,Retain for Elastic Net consideration; do not remove automatically,affine_group_014,affine_group_007
feature_pair,numeric__macro_federal_funds_rate,numeric__macro_federal_funds_rate_average_1y,macro_features,macro_features,high_correlation,249,0.9033508084916885,0.8747804589987285,0.9033508084916881,0.8747804589987285,249.0,False,False,False,False,False,0.9830861597588583,,Retain for Elastic Net consideration; do not remove automatically,affine_group_005,
feature_pair,numeric__macro_federal_funds_rate,numeric__macro_treasury_10y_yield,macro_features,macro_features,high_correlation,249,0.8249975686455261,0.8930599619383316,0.8249975686455255,0.8930599619383316,249.0,False,False,False,False,False,1.2403804979205018,,Retain for Elastic Net consideration; do not remove automatically,affine_group_005,affine_group_016
feature_pair,numeric__macro_federal_funds_rate,numeric__macro_treasury_10y_yield_average_1y,macro_features,macro_features,high_correlation,249,0.8234426329259379,0.9026651715942671,0.8234426329259376,0.9026651715942671,249.0,False,False,False,False,False,1.3253429869853495,,Retain for Elastic Net consideration; do not remove automatically,affine_group_005,
feature_pair,numeric__macro_federal_funds_rate,numeric__macro_treasury_10y_yield_level_at_prediction_date,macro_features,macro_features,high_correlation,249,0.8249975686455261,0.8930599619383316,0.8249975686455255,0.8930599619383316,249.0,False,False,False,False,False,1.2403804979205018,,Retain for Elastic Net consideration; do not remove automatically,affine_group_005,affine_group_016
feature_pair,numeric__macro_federal_funds_rate,numeric__macro_treasury_3m_yield,macro_features,macro_features,high_correlation,249,0.9939935151031398,0.9780084047568839,0.9939935151031408,0.9780084047568839,249.0,False,False,False,False,False,0.5147797173065982,,Retain for Elastic Net consideration; do not remove automatically,affine_group_005,affine_group_017
feature_pair,numeric__macro_federal_funds_rate,numeric__macro_treasury_3m_yield_average_1y,macro_features,macro_features,high_correlation,249,0.9304174585399513,0.9141450994927691,0.930417458539952,0.9141450994927691,249.0,False,False,False,False,False,0.9065968450153405,,Retain for Elastic Net consideration; do not remove automatically,affine_group_005,
feature_pair,numeric__macro_federal_funds_rate,numeric__macro_treasury_3m_yield_level_at_prediction_date,macro_features,macro_features,high_correlation,249,0.9939935151031398,0.9780084047568839,0.9939935151031408,0.9780084047568839,249.0,False,False,False,False,False,0.5147797173065982,,Retain for Elastic Net consideration; do not remove automatically,affine_group_005,affine_group_017
feature_pair,numeric__macro_federal_funds_rate,numeric__macro_unemployment,macro_features,macro_features,high_correlation,249,-0.8475169807228365,-0.9651413303768437,-0.8475169807228365,-0.9651413303768437,249.0,False,False,False,False,False,1.3156647009984879,,Retain for Elastic Net consideration; do not remove automatically,affine_group_005,affine_group_007
feature_pair,numeric__macro_federal_funds_rate,numeric__macro_yield_curve_spread,macro_features,macro_features,high_correlation,249,-0.8280453376720247,-0.5883654529151766,-0.8280453376720245,-0.5883654529151766,249.0,False,False,False,False,False,1.2897946426495552,,Retain for Elastic Net consideration; do not remove automatically,affine_group_005,affine_group_020
feature_pair,numeric__macro_federal_funds_rate,numeric__macro_yield_curve_spread_average_1y,macro_features,macro_features,high_correlation,249,-0.8212695503653051,-0.6557796547678868,-0.8212695503653049,-0.6557796547678868,249.0,False,False,False,False,False,1.1867167053812604,,Retain for Elastic Net consideration; do not remove automatically,affine_group_005,
feature_pair,numeric__macro_federal_funds_rate,numeric__macro_yield_curve_spread_level_at_prediction_date,macro_features,macro_features,high_correlation,249,-0.8280453376720247,-0.5883654529151766,-0.8280453376720245,-0.5883654529151766,249.0,False,False,False,False,False,1.2897946426495552,,Retain for Elastic Net consideration; do not remove automatically,affine_group_005,affine_group_020
feature_pair,numeric__macro_federal_funds_rate_average_1y,numeric__macro_interest_rate,macro_features,macro_features,high_correlation,249,0.9033508084916885,0.8747804589987285,0.9033508084916884,0.8747804589987285,249.0,False,False,False,False,False,0.9830861597588583,,Retain for Elastic Net consideration; do not remove automatically,,affine_group_005
feature_pair,numeric__macro_federal_funds_rate_average_1y,numeric__macro_treasury_10y_yield,macro_features,macro_features,high_correlation,249,0.8099528987929693,0.8195600305541639,0.8099528987929683,0.8195600305541639,249.0,False,False,False,False,False,1.257725598338858,,Retain for Elastic Net consideration; do not remove automatically,,affine_group_016
feature_pair,numeric__macro_federal_funds_rate_average_1y,numeric__macro_treasury_10y_yield_average_1y,macro_features,macro_features,high_correlation,249,0.8720571129406949,0.9035205775858919,0.8720571129406937,0.9035205775858919,249.0,False,False,False,False,False,1.0802961214320648,,Retain for Elastic Net consideration; do not remove automatically,,
feature_pair,numeric__macro_federal_funds_rate_average_1y,numeric__macro_treasury_10y_yield_level_at_prediction_date,macro_features,macro_features,high_correlation,249,0.8099528987929693,0.8195600305541639,0.8099528987929683,0.8195600305541639,249.0,False,False,False,False,False,1.257725598338858,,Retain for Elastic Net consideration; do not remove automatically,,affine_group_016
feature_pair,numeric__macro_federal_funds_rate_average_1y,numeric__macro_treasury_3m_yield,macro_features,macro_features,high_correlation,249,0.8845105240130848,0.825413652652576,0.8845105240130856,0.825413652652576,249.0,False,False,False,False,False,0.9893545676147218,,Retain for Elastic Net consideration; do not remove automatically,,affine_group_017
feature_pair,numeric__macro_federal_funds_rate_average_1y,numeric__macro_treasury_3m_yield_average_1y,macro_features,macro_features,high_correlation,249,0.9959578467538143,0.9896616417129471,0.9959578467538156,0.9896616417129471,249.0,False,False,False,False,False,0.28115212127042183,,Retain for Elastic Net consideration; do not remove automatically,,
feature_pair,numeric__macro_federal_funds_rate_average_1y,numeric__macro_treasury_3m_yield_level_at_prediction_date,macro_features,macro_features,high_correlation,249,0.8845105240130848,0.825413652652576,0.8845105240130856,0.825413652652576,249.0,False,False,False,False,False,0.9893545676147218,,Retain for Elastic Net consideration; do not remove automatically,,affine_group_017
feature_pair,numeric__macro_federal_funds_rate_average_1y,numeric__macro_unemployment,macro_features,macro_features,high_correlation,249,-0.8321437028108577,-0.8605129372740618,-0.832143702810858,-0.8605129372740618,249.0,False,False,False,False,False,1.271747537405128,,Retain for Elastic Net consideration; do not remove automatically,,affine_group_007
feature_pair,numeric__macro_federal_funds_rate_average_1y,numeric__macro_yield_curve_spread_average_1y,macro_features,macro_features,high_correlation,249,-0.8887039684410719,-0.7668710702459451,-0.888703968441073,-0.7668710702459451,249.0,False,False,False,False,False,1.4130279105442471,,Retain for Elastic Net consideration; do not remove automatically,,
feature_pair,numeric__macro_federal_funds_rate_change_1y,numeric__macro_treasury_3m_yield_change_1y,macro_features,macro_features,high_correlation,249,0.9743837580082766,0.9631826888464888,0.9743837580082775,0.9631718605976137,249.0,False,False,False,False,False,0.7462430734630559,,Retain for Elastic Net consideration; do not remove automatically,,
feature_pair,numeric__macro_federal_funds_rate_change_1y,numeric__macro_treasury_3m_yield_change_2y,macro_features,macro_features,high_correlation,249,0.7729524716251481,0.8452287333906461,0.772952471625148,0.8451621063502489,249.0,False,False,False,False,False,1.631227525719177,,Retain for Elastic Net consideration; do not remove automatically,,
feature_pair,numeric__macro_federal_funds_rate_change_1y,numeric__macro_unemployment_change_1y,macro_features,macro_features,high_correlation,249,-0.7511770477213755,-0.8366253896270258,-0.7511770477213763,-0.8365361209977973,249.0,False,False,False,False,False,2.656327809694842,,Retain for Elastic Net consideration; do not remove automatically,,affine_group_018
feature_pair,numeric__macro_federal_funds_rate_change_1y,numeric__macro_yield_curve_spread_change_1y,macro_features,macro_features,high_correlation,249,-0.8908564570753174,-0.8172010330002994,-0.8908564570753175,-0.8173350525221551,249.0,False,False,False,False,False,1.265971911712183,,Retain for Elastic Net consideration; do not remove automatically,,
feature_pair,numeric__macro_federal_funds_rate_change_2y,numeric__macro_federal_funds_rate_change_3y,macro_features,macro_features,high_correlation,249,0.848142630729308,0.8607823874858452,0.8481426307293081,0.8606764005836773,249.0,False,False,False,False,False,1.7691224790477056,,Retain for Elastic Net consideration; do not remove automatically,,
feature_pair,numeric__macro_federal_funds_rate_change_2y,numeric__macro_treasury_3m_yield_change_2y,macro_features,macro_features,high_correlation,249,0.9860501242747336,0.965579150365637,0.9860501242747342,0.965579150365637,249.0,False,False,False,False,False,0.5571515571671929,,Retain for Elastic Net consideration; do not remove automatically,,
feature_pair,numeric__macro_federal_funds_rate_change_2y,numeric__macro_treasury_3m_yield_change_3y,macro_features,macro_features,high_correlation,249,0.8799078968561564,0.8723734180365958,0.8799078968561564,0.8723734180365958,249.0,False,False,False,False,False,1.813061493136765,,Retain for Elastic Net consideration; do not remove automatically,,
feature_pair,numeric__macro_federal_funds_rate_change_2y,numeric__macro_vix_average_1y,macro_features,macro_features,high_correlation,249,-0.8038766602737172,-0.8291592398049631,-0.8038766602737166,-0.8291592398049631,249.0,False,False,False,False,False,1.4616645008357645,,Retain for Elastic Net consideration; do not remove automatically,,
feature_pair,numeric__macro_federal_funds_rate_change_2y,numeric__macro_yield_curve_spread_change_2y,macro_features,macro_features,high_correlation,249,-0.9458709915921784,-0.8842747435330105,-0.9458709915921776,-0.8842747435330105,249.0,False,False,False,False,False,0.9875137780651908,,Retain for Elastic Net consideration; do not remove automatically,,
feature_pair,numeric__macro_federal_funds_rate_change_2y,numeric__macro_yield_curve_spread_change_3y,macro_features,macro_features,high_correlation,249,-0.8383463557803283,-0.8158109233734014,-0.8383463557803286,-0.8158109233734014,249.0,False,False,False,False,False,2.044708095035381,,Retain for Elastic Net consideration; do not remove automatically,,
feature_pair,numeric__macro_federal_funds_rate_change_3y,numeric__macro_treasury_3m_yield_change_2y,macro_features,macro_features,high_correlation,249,0.8294236000877783,0.8433600797292609,0.829423600087778,0.8432436929865949,249.0,False,False,False,False,False,1.8270872066806907,,Retain for Elastic Net consideration; do not remove automatically,,
feature_pair,numeric__macro_federal_funds_rate_change_3y,numeric__macro_treasury_3m_yield_change_3y,macro_features,macro_features,high_correlation,249,0.9833212379201024,0.9865825404064349,0.9833212379201012,0.9865598687556493,249.0,False,False,False,False,False,0.5928458829968739,,Retain for Elastic Net consideration; do not remove automatically,,
feature_pair,numeric__macro_federal_funds_rate_change_3y,numeric__macro_yield_curve_spread_change_3y,macro_features,macro_features,high_correlation,249,-0.9165173812134223,-0.9057146856963957,-0.9165173812134224,-0.9055699815529259,249.0,False,False,False,False,False,0.9604460769850431,,Retain for Elastic Net consideration; do not remove automatically,,
feature_pair,numeric__macro_federal_funds_rate_level_at_prediction_date,numeric__macro_federal_funds_rate_average_1y,macro_features,macro_features,high_correlation,249,0.9033508084916885,0.8747804589987285,0.9033508084916881,0.8747804589987285,249.0,False,False,False,False,False,0.9830861597588583,,Retain for Elastic Net consideration; do not remove automatically,affine_group_005,
feature_pair,numeric__macro_federal_funds_rate_level_at_prediction_date,numeric__macro_treasury_10y_yield,macro_features,macro_features,high_correlation,249,0.8249975686455261,0.8930599619383316,0.8249975686455255,0.8930599619383316,249.0,False,False,False,False,False,1.2403804979205018,,Retain for Elastic Net consideration; do not remove automatically,affine_group_005,affine_group_016
feature_pair,numeric__macro_federal_funds_rate_level_at_prediction_date,numeric__macro_treasury_10y_yield_average_1y,macro_features,macro_features,high_correlation,249,0.8234426329259379,0.9026651715942671,0.8234426329259376,0.9026651715942671,249.0,False,False,False,False,False,1.3253429869853495,,Retain for Elastic Net consideration; do not remove automatically,affine_group_005,
feature_pair,numeric__macro_federal_funds_rate_level_at_prediction_date,numeric__macro_treasury_10y_yield_level_at_prediction_date,macro_features,macro_features,high_correlation,249,0.8249975686455261,0.8930599619383316,0.8249975686455255,0.8930599619383316,249.0,False,False,False,False,False,1.2403804979205018,,Retain for Elastic Net consideration; do not remove automatically,affine_group_005,affine_group_016
feature_pair,numeric__macro_federal_funds_rate_level_at_prediction_date,numeric__macro_treasury_3m_yield,macro_features,macro_features,high_correlation,249,0.9939935151031398,0.9780084047568839,0.9939935151031408,0.9780084047568839,249.0,False,False,False,False,False,0.5147797173065982,,Retain for Elastic Net consideration; do not remove automatically,affine_group_005,affine_group_017
feature_pair,numeric__macro_federal_funds_rate_level_at_prediction_date,numeric__macro_treasury_3m_yield_average_1y,macro_features,macro_features,high_correlation,249,0.9304174585399513,0.9141450994927691,0.930417458539952,0.9141450994927691,249.0,False,False,False,False,False,0.9065968450153405,,Retain for Elastic Net consideration; do not remove automatically,affine_group_005,
feature_pair,numeric__macro_federal_funds_rate_level_at_prediction_date,numeric__macro_treasury_3m_yield_level_at_prediction_date,macro_features,macro_features,high_correlation,249,0.9939935151031398,0.9780084047568839,0.9939935151031408,0.9780084047568839,249.0,False,False,False,False,False,0.5147797173065982,,Retain for Elastic Net consideration; do not remove automatically,affine_group_005,affine_group_017
feature_pair,numeric__macro_federal_funds_rate_level_at_prediction_date,numeric__macro_unemployment,macro_features,macro_features,high_correlation,249,-0.8475169807228365,-0.9651413303768437,-0.8475169807228365,-0.9651413303768437,249.0,False,False,False,False,False,1.3156647009984879,,Retain for Elastic Net consideration; do not remove automatically,affine_group_005,affine_group_007
feature_pair,numeric__macro_federal_funds_rate_level_at_prediction_date,numeric__macro_yield_curve_spread,macro_features,macro_features,high_correlation,249,-0.8280453376720247,-0.5883654529151766,-0.8280453376720245,-0.5883654529151766,249.0,False,False,False,False,False,1.2897946426495552,,Retain for Elastic Net consideration; do not remove automatically,affine_group_005,affine_group_020
feature_pair,numeric__macro_federal_funds_rate_level_at_prediction_date,numeric__macro_yield_curve_spread_average_1y,macro_features,macro_features,high_correlation,249,-0.8212695503653051,-0.6557796547678868,-0.8212695503653049,-0.6557796547678868,249.0,False,False,False,False,False,1.1867167053812604,,Retain for Elastic Net consideration; do not remove automatically,affine_group_005,
feature_pair,numeric__macro_federal_funds_rate_level_at_prediction_date,numeric__macro_yield_curve_spread_level_at_prediction_date,macro_features,macro_features,high_correlation,249,-0.8280453376720247,-0.5883654529151766,-0.8280453376720245,-0.5883654529151766,249.0,False,False,False,False,False,1.2897946426495552,,Retain for Elastic Net consideration; do not remove automatically,affine_group_005,affine_group_020
feature_pair,numeric__macro_federal_funds_rate_volatility_1y,numeric__macro_treasury_3m_yield_volatility_1y,macro_features,macro_features,high_correlation,249,0.977029043373962,0.971368726485619,0.9770290433739615,0.971368726485619,249.0,False,False,False,False,False,0.7171526231374189,,Retain for Elastic Net consideration; do not remove automatically,,
feature_pair,numeric__macro_federal_funds_rate_volatility_1y,numeric__macro_yield_curve_spread_volatility_1y,macro_features,macro_features,high_correlation,249,0.8324615217239051,0.6780631963930427,0.8324615217239049,0.6780631963930427,249.0,False,False,False,False,False,1.535856856605373,,Retain for Elastic Net consideration; do not remove automatically,,
feature_pair,numeric__macro_gdp_growth_average_1y,numeric__macro_unemployment_change_1y,macro_features,macro_features,high_correlation,249,-0.8418780688320957,-0.6678984058230949,-0.8418780688320958,-0.6678984058230949,249.0,False,False,False,False,False,1.3581420721453927,,Retain for Elastic Net consideration; do not remove automatically,,affine_group_018
feature_pair,numeric__macro_gdp_growth_average_1y,numeric__macro_unemployment_rate_change_1y,macro_features,macro_features,high_correlation,249,-0.8418780688320957,-0.6678984058230949,-0.8418780688320958,-0.6678984058230949,249.0,False,False,False,False,False,1.3581420721453927,,Retain for Elastic Net consideration; do not remove automatically,,affine_group_018
feature_pair,numeric__macro_gdp_growth_average_1y,numeric__macro_unemployment_rate_volatility_1y,macro_features,macro_features,high_correlation,249,-0.8537116591906262,-0.6842843510506971,-0.8537116591906253,-0.6842843510506971,249.0,False,False,False,False,False,1.075190359340405,,Retain for Elastic Net consideration; do not remove automatically,,
feature_pair,numeric__macro_inflation_change_1y,numeric__macro_inflation,macro_features,macro_features,high_correlation,249,0.8815886980872465,0.7884551413489751,0.8815886980872467,0.7888929196609321,249.0,False,False,False,False,False,2.035443919538228,,Retain for Elastic Net consideration; do not remove automatically,,affine_group_006
feature_pair,numeric__macro_inflation_change_1y,numeric__macro_unemployment_rate_volatility_1y,macro_features,macro_features,high_correlation,249,-0.816080840962859,-0.6286405869196255,-0.8160808409628585,-0.6279257131655945,249.0,False,False,False,False,False,2.0153534465522505,,Retain for Elastic Net consideration; do not remove automatically,,
feature_pair,numeric__macro_inflation_change_2y,numeric__macro_inflation,macro_features,macro_features,high_correlation,249,0.7958225096015259,0.8392512826114851,0.7958225096015267,0.8392512826114851,249.0,False,False,False,False,False,1.9953878866310721,,Retain for Elastic Net consideration; do not remove automatically,,affine_group_006
feature_pair,numeric__macro_inflation_level,numeric__macro_inflation_change_1y,macro_features,macro_features,high_correlation,249,0.8815886980872465,0.7884551413489751,0.8815886980872467,0.7888929196609321,249.0,False,False,False,False,False,2.035443919538228,,Retain for Elastic Net consideration; do not remove automatically,affine_group_006,
feature_pair,numeric__macro_inflation_level,numeric__macro_inflation_change_2y,macro_features,macro_features,high_correlation,249,0.7958225096015258,0.8392512826114851,0.7958225096015268,0.8392512826114851,249.0,False,False,False,False,False,1.9953878866310721,,Retain for Elastic Net consideration; do not remove automatically,affine_group_006,
feature_pair,numeric__macro_inflation_level_at_prediction_date,numeric__macro_inflation_change_1y,macro_features,macro_features,high_correlation,249,0.8815886980872465,0.7884551413489751,0.8815886980872467,0.7888929196609321,249.0,False,False,False,False,False,2.035443919538228,,Retain for Elastic Net consideration; do not remove automatically,affine_group_006,
feature_pair,numeric__macro_inflation_level_at_prediction_date,numeric__macro_inflation_change_2y,macro_features,macro_features,high_correlation,249,0.7958225096015258,0.8392512826114851,0.7958225096015268,0.8392512826114851,249.0,False,False,False,False,False,1.9953878866310721,,Retain for Elastic Net consideration; do not remove automatically,affine_group_006,
feature_pair,numeric__macro_inflation_volatility_1y,numeric__macro_unemployment_rate_volatility_1y,macro_features,macro_features,high_correlation,249,0.8439908567721955,0.5524161113480696,0.8439908567721951,0.5524161113480696,249.0,False,False,False,False,False,2.827297249463258,,Retain for Elastic Net consideration; do not remove automatically,,
feature_pair,numeric__macro_treasury_10y_yield,numeric__macro_corporate_bond_total_return_index,macro_features,macro_features,high_correlation,249,-0.8440239888933476,-0.8318490737808225,-0.8440239888933471,-0.8318490737808225,249.0,False,False,False,False,False,1.5320880946815785,,Retain for Elastic Net consideration; do not remove automatically,affine_group_016,affine_group_014
feature_pair,numeric__macro_treasury_10y_yield,numeric__macro_corporate_bond_total_return_index_average_1y,macro_features,macro_features,high_correlation,249,-0.8595858456778384,-0.858895384289894,-0.8599026780445761,-0.86133187674137,247.0,False,False,False,False,False,1.566976443759242,,Retain for Elastic Net consideration; do not remove automatically,affine_group_016,
feature_pair,numeric__macro_treasury_10y_yield,numeric__macro_corporate_bond_total_return_index_level_at_prediction_date,macro_features,macro_features,high_correlation,249,-0.8440239888933476,-0.8318490737808225,-0.8440239888933471,-0.8318490737808225,249.0,False,False,False,False,False,1.5320880946815785,,Retain for Elastic Net consideration; do not remove automatically,affine_group_016,affine_group_014
feature_pair,numeric__macro_treasury_10y_yield,numeric__macro_interest_rate,macro_features,macro_features,high_correlation,249,0.8249975686455261,0.8930599619383316,0.8249975686455255,0.8930599619383316,249.0,False,False,False,False,False,1.2403804979205018,,Retain for Elastic Net consideration; do not remove automatically,affine_group_016,affine_group_005
feature_pair,numeric__macro_treasury_10y_yield,numeric__macro_treasury_10y_yield_average_1y,macro_features,macro_features,high_correlation,249,0.9117373635295283,0.9191721537734624,0.9117373635295277,0.9191721537734624,249.0,False,False,False,False,False,0.9962746939360305,,Retain for Elastic Net consideration; do not remove automatically,affine_group_016,
feature_pair,numeric__macro_treasury_10y_yield,numeric__macro_treasury_3m_yield,macro_features,macro_features,high_correlation,249,0.8498451936142496,0.9101407166454591,0.8498451936142494,0.9101407166454591,249.0,False,False,False,False,False,1.1374559358442964,,Retain for Elastic Net consideration; do not remove automatically,affine_group_016,affine_group_017
feature_pair,numeric__macro_treasury_10y_yield,numeric__macro_treasury_3m_yield_average_1y,macro_features,macro_features,high_correlation,249,0.8334464895091463,0.8586944753945341,0.8334464895091449,0.8586944753945341,249.0,False,False,False,False,False,1.1984345226126494,,Retain for Elastic Net consideration; do not remove automatically,affine_group_016,
feature_pair,numeric__macro_treasury_10y_yield,numeric__macro_treasury_3m_yield_level_at_prediction_date,macro_features,macro_features,high_correlation,249,0.8498451936142496,0.9101407166454591,0.8498451936142494,0.9101407166454591,249.0,False,False,False,False,False,1.1374559358442964,,Retain for Elastic Net consideration; do not remove automatically,affine_group_016,affine_group_017
feature_pair,numeric__macro_treasury_10y_yield,numeric__macro_unemployment,macro_features,macro_features,high_correlation,249,-0.8583416607167965,-0.8977568311586193,-0.8583416607167965,-0.8977568311586193,249.0,False,False,False,False,False,1.8241938491729766,,Retain for Elastic Net consideration; do not remove automatically,affine_group_016,affine_group_007
feature_pair,numeric__macro_treasury_10y_yield_average_1y,numeric__macro_corporate_bond_total_return_index,macro_features,macro_features,high_correlation,249,-0.931836157675151,-0.9179195166720344,-0.93183615767515,-0.9179195166720344,249.0,False,False,False,False,False,0.7998269163078413,,Retain for Elastic Net consideration; do not remove automatically,,affine_group_014
feature_pair,numeric__macro_treasury_10y_yield_average_1y,numeric__macro_corporate_bond_total_return_index_average_1y,macro_features,macro_features,high_correlation,249,-0.9407232517734986,-0.9339621535276258,-0.940872470162674,-0.9347409149550717,247.0,False,False,False,False,False,0.8025504758457416,,Retain for Elastic Net consideration; do not remove automatically,,
feature_pair,numeric__macro_treasury_10y_yield_average_1y,numeric__macro_corporate_bond_total_return_index_level_at_prediction_date,macro_features,macro_features,high_correlation,249,-0.931836157675151,-0.9179195166720344,-0.93183615767515,-0.9179195166720344,249.0,False,False,False,False,False,0.7998269163078413,,Retain for Elastic Net consideration; do not remove automatically,,affine_group_014
feature_pair,numeric__macro_treasury_10y_yield_average_1y,numeric__macro_interest_rate,macro_features,macro_features,high_correlation,249,0.8234426329259379,0.9026651715942671,0.8234426329259376,0.9026651715942671,249.0,False,False,False,False,False,1.3253429869853495,,Retain for Elastic Net consideration; do not remove automatically,,affine_group_005
feature_pair,numeric__macro_treasury_10y_yield_average_1y,numeric__macro_treasury_3m_yield,macro_features,macro_features,high_correlation,249,0.8276225259836976,0.888906382570657,0.8276225259836966,0.888906382570657,249.0,False,False,False,False,False,1.2946615922006135,,Retain for Elastic Net consideration; do not remove automatically,,affine_group_017
feature_pair,numeric__macro_treasury_10y_yield_average_1y,numeric__macro_treasury_3m_yield_average_1y,macro_features,macro_features,high_correlation,249,0.8846619332668053,0.9355743864977013,0.8846619332668049,0.9355743864977013,249.0,False,False,False,False,False,1.0978605376794122,,Retain for Elastic Net consideration; do not remove automatically,,
feature_pair,numeric__macro_treasury_10y_yield_average_1y,numeric__macro_treasury_3m_yield_level_at_prediction_date,macro_features,macro_features,high_correlation,249,0.8276225259836976,0.888906382570657,0.8276225259836966,0.888906382570657,249.0,False,False,False,False,False,1.2946615922006135,,Retain for Elastic Net consideration; do not remove automatically,,affine_group_017
feature_pair,numeric__macro_treasury_10y_yield_average_1y,numeric__macro_unemployment,macro_features,macro_features,high_correlation,249,-0.8641648215541582,-0.9035601571575083,-0.8641648215541569,-0.9035601571575083,249.0,False,False,False,False,False,1.5931375914398007,,Retain for Elastic Net consideration; do not remove automatically,,affine_group_007
feature_pair,numeric__macro_treasury_10y_yield_level_at_prediction_date,numeric__macro_corporate_bond_total_return_index,macro_features,macro_features,high_correlation,249,-0.8440239888933476,-0.8318490737808225,-0.8440239888933471,-0.8318490737808225,249.0,False,False,False,False,False,1.5320880946815785,,Retain for Elastic Net consideration; do not remove automatically,affine_group_016,affine_group_014
feature_pair,numeric__macro_treasury_10y_yield_level_at_prediction_date,numeric__macro_corporate_bond_total_return_index_average_1y,macro_features,macro_features,high_correlation,249,-0.8595858456778384,-0.858895384289894,-0.8599026780445761,-0.86133187674137,247.0,False,False,False,False,False,1.566976443759242,,Retain for Elastic Net consideration; do not remove automatically,affine_group_016,
feature_pair,numeric__macro_treasury_10y_yield_level_at_prediction_date,numeric__macro_corporate_bond_total_return_index_level_at_prediction_date,macro_features,macro_features,high_correlation,249,-0.8440239888933476,-0.8318490737808225,-0.8440239888933471,-0.8318490737808225,249.0,False,False,False,False,False,1.5320880946815785,,Retain for Elastic Net consideration; do not remove automatically,affine_group_016,affine_group_014
feature_pair,numeric__macro_treasury_10y_yield_level_at_prediction_date,numeric__macro_interest_rate,macro_features,macro_features,high_correlation,249,0.8249975686455261,0.8930599619383316,0.8249975686455255,0.8930599619383316,249.0,False,False,False,False,False,1.2403804979205018,,Retain for Elastic Net consideration; do not remove automatically,affine_group_016,affine_group_005
feature_pair,numeric__macro_treasury_10y_yield_level_at_prediction_date,numeric__macro_treasury_10y_yield_average_1y,macro_features,macro_features,high_correlation,249,0.9117373635295283,0.9191721537734624,0.9117373635295277,0.9191721537734624,249.0,False,False,False,False,False,0.9962746939360305,,Retain for Elastic Net consideration; do not remove automatically,affine_group_016,
feature_pair,numeric__macro_treasury_10y_yield_level_at_prediction_date,numeric__macro_treasury_3m_yield,macro_features,macro_features,high_correlation,249,0.8498451936142496,0.9101407166454591,0.8498451936142494,0.9101407166454591,249.0,False,False,False,False,False,1.1374559358442964,,Retain for Elastic Net consideration; do not remove automatically,affine_group_016,affine_group_017
feature_pair,numeric__macro_treasury_10y_yield_level_at_prediction_date,numeric__macro_treasury_3m_yield_average_1y,macro_features,macro_features,high_correlation,249,0.8334464895091463,0.8586944753945341,0.8334464895091449,0.8586944753945341,249.0,False,False,False,False,False,1.1984345226126494,,Retain for Elastic Net consideration; do not remove automatically,affine_group_016,
feature_pair,numeric__macro_treasury_10y_yield_level_at_prediction_date,numeric__macro_treasury_3m_yield_level_at_prediction_date,macro_features,macro_features,high_correlation,249,0.8498451936142496,0.9101407166454591,0.8498451936142494,0.9101407166454591,249.0,False,False,False,False,False,1.1374559358442964,,Retain for Elastic Net consideration; do not remove automatically,affine_group_016,affine_group_017
feature_pair,numeric__macro_treasury_10y_yield_level_at_prediction_date,numeric__macro_unemployment,macro_features,macro_features,high_correlation,249,-0.8583416607167965,-0.8977568311586193,-0.8583416607167965,-0.8977568311586193,249.0,False,False,False,False,False,1.8241938491729766,,Retain for Elastic Net consideration; do not remove automatically,affine_group_016,affine_group_007
feature_pair,numeric__macro_treasury_3m_yield,numeric__macro_interest_rate,macro_features,macro_features,high_correlation,249,0.9939935151031397,0.9780084047568839,0.9939935151031409,0.9780084047568839,249.0,False,False,False,False,False,0.5147797173065982,,Retain for Elastic Net consideration; do not remove automatically,affine_group_017,affine_group_005
feature_pair,numeric__macro_treasury_3m_yield,numeric__macro_treasury_3m_yield_average_1y,macro_features,macro_features,high_correlation,249,0.9154397200324941,0.8695583720394319,0.915439720032495,0.8695583720394319,249.0,False,False,False,False,False,0.9320707185632713,,Retain for Elastic Net consideration; do not remove automatically,affine_group_017,
feature_pair,numeric__macro_treasury_3m_yield,numeric__macro_unemployment,macro_features,macro_features,high_correlation,249,-0.8518204961290005,-0.9512422799243375,-0.8518204961289997,-0.9512422799243375,249.0,False,False,False,False,False,1.318448383831377,,Retain for Elastic Net consideration; do not remove automatically,affine_group_017,affine_group_007
feature_pair,numeric__macro_treasury_3m_yield,numeric__macro_yield_curve_spread,macro_features,macro_features,high_correlation,249,-0.8110003332684805,-0.5862381103724142,-0.8110003332684815,-0.5862381103724142,249.0,False,False,False,False,False,1.2992993687755852,,Retain for Elastic Net consideration; do not remove automatically,affine_group_017,affine_group_020
feature_pair,numeric__macro_treasury_3m_yield,numeric__macro_yield_curve_spread_level_at_prediction_date,macro_features,macro_features,high_correlation,249,-0.8110003332684805,-0.5862381103724142,-0.8110003332684815,-0.5862381103724142,249.0,False,False,False,False,False,1.2992993687755852,,Retain for Elastic Net consideration; do not remove automatically,affine_group_017,affine_group_020
feature_pair,numeric__macro_treasury_3m_yield_average_1y,numeric__macro_corporate_bond_total_return_index,macro_features,macro_features,high_correlation,249,-0.7575027234199629,-0.8184123753991877,-0.757502723419962,-0.8184123753991877,249.0,False,False,False,False,False,1.6503317811920628,,Retain for Elastic Net consideration; do not remove automatically,,affine_group_014
feature_pair,numeric__macro_treasury_3m_yield_average_1y,numeric__macro_corporate_bond_total_return_index_average_1y,macro_features,macro_features,high_correlation,249,-0.7623370087392526,-0.815011647592624,-0.763970678499362,-0.8162785580260051,247.0,False,False,False,False,False,1.7125073290876516,,Retain for Elastic Net consideration; do not remove automatically,,
feature_pair,numeric__macro_treasury_3m_yield_average_1y,numeric__macro_corporate_bond_total_return_index_level_at_prediction_date,macro_features,macro_features,high_correlation,249,-0.7575027234199629,-0.8184123753991877,-0.757502723419962,-0.8184123753991877,249.0,False,False,False,False,False,1.6503317811920628,,Retain for Elastic Net consideration; do not remove automatically,,affine_group_014
feature_pair,numeric__macro_treasury_3m_yield_average_1y,numeric__macro_interest_rate,macro_features,macro_features,high_correlation,249,0.9304174585399513,0.9141450994927691,0.930417458539952,0.9141450994927691,249.0,False,False,False,False,False,0.9065968450153405,,Retain for Elastic Net consideration; do not remove automatically,,affine_group_005
feature_pair,numeric__macro_treasury_3m_yield_average_1y,numeric__macro_unemployment,macro_features,macro_features,high_correlation,249,-0.8519448911428035,-0.8955153077029423,-0.8519448911428048,-0.8955153077029423,249.0,False,False,False,False,False,1.2418583048144756,,Retain for Elastic Net consideration; do not remove automatically,,affine_group_007
feature_pair,numeric__macro_treasury_3m_yield_average_1y,numeric__macro_yield_curve_spread_average_1y,macro_features,macro_features,high_correlation,249,-0.8831784088445129,-0.7358140106252541,-0.883178408844513,-0.7358140106252541,249.0,False,False,False,False,False,1.3954634942968998,,Retain for Elastic Net consideration; do not remove automatically,,
feature_pair,numeric__macro_treasury_3m_yield_change_1y,numeric__macro_unemployment_change_1y,macro_features,macro_features,high_correlation,249,-0.6983526305683075,-0.8193070331426134,-0.6983526305683073,-0.8193070331426134,249.0,False,False,False,False,False,2.590006427960564,,Retain for Elastic Net consideration; do not remove automatically,,affine_group_018
feature_pair,numeric__macro_treasury_3m_yield_change_1y,numeric__macro_yield_curve_spread_change_1y,macro_features,macro_features,high_correlation,249,-0.8780436083194324,-0.7925307557800962,-0.8780436083194321,-0.7925307557800962,249.0,False,False,False,False,False,1.3373731134452613,,Retain for Elastic Net consideration; do not remove automatically,,
feature_pair,numeric__macro_treasury_3m_yield_change_2y,numeric__macro_treasury_3m_yield_change_3y,macro_features,macro_features,high_correlation,249,0.8729402030069423,0.8667590331376377,0.872940203006942,0.8667590331376377,249.0,False,False,False,False,False,1.8710262207697501,,Retain for Elastic Net consideration; do not remove automatically,,
feature_pair,numeric__macro_treasury_3m_yield_change_2y,numeric__macro_vix_average_1y,macro_features,macro_features,high_correlation,249,-0.7895170208090725,-0.8241732695475986,-0.7895170208090725,-0.8241732695475986,249.0,False,False,False,False,False,1.8660684676801886,,Retain for Elastic Net consideration; do not remove automatically,,
feature_pair,numeric__macro_treasury_3m_yield_change_2y,numeric__macro_yield_curve_spread_change_2y,macro_features,macro_features,high_correlation,249,-0.9342576180637152,-0.865925557911367,-0.934257618063715,-0.865925557911367,249.0,False,False,False,False,False,0.7919264626256678,,Retain for Elastic Net consideration; do not remove automatically,,
feature_pair,numeric__macro_treasury_3m_yield_change_2y,numeric__macro_yield_curve_spread_change_3y,macro_features,macro_features,high_correlation,249,-0.8309406307764965,-0.8235761529675839,-0.8309406307764952,-0.8235761529675839,249.0,False,False,False,False,False,2.102672822668366,,Retain for Elastic Net consideration; do not remove automatically,,
feature_pair,numeric__macro_treasury_3m_yield_change_3y,numeric__macro_yield_curve_spread_change_2y,macro_features,macro_features,high_correlation,249,-0.8214444351062682,-0.7827700766843858,-0.8214444351062671,-0.7827700766843858,249.0,False,False,False,False,False,1.4483703191844017,,Retain for Elastic Net consideration; do not remove automatically,,
feature_pair,numeric__macro_treasury_3m_yield_change_3y,numeric__macro_yield_curve_spread_change_3y,macro_features,macro_features,high_correlation,249,-0.9213477294711205,-0.8964585855334514,-0.9213477294711205,-0.8964585855334514,249.0,False,False,False,False,False,0.9416269643478377,,Retain for Elastic Net consideration; do not remove automatically,,
feature_pair,numeric__macro_treasury_3m_yield_level_at_prediction_date,numeric__macro_interest_rate,macro_features,macro_features,high_correlation,249,0.9939935151031397,0.9780084047568839,0.9939935151031409,0.9780084047568839,249.0,False,False,False,False,False,0.5147797173065982,,Retain for Elastic Net consideration; do not remove automatically,affine_group_017,affine_group_005
feature_pair,numeric__macro_treasury_3m_yield_level_at_prediction_date,numeric__macro_treasury_3m_yield_average_1y,macro_features,macro_features,high_correlation,249,0.9154397200324941,0.8695583720394319,0.915439720032495,0.8695583720394319,249.0,False,False,False,False,False,0.9320707185632713,,Retain for Elastic Net consideration; do not remove automatically,affine_group_017,
feature_pair,numeric__macro_treasury_3m_yield_level_at_prediction_date,numeric__macro_unemployment,macro_features,macro_features,high_correlation,249,-0.8518204961290005,-0.9512422799243375,-0.8518204961289997,-0.9512422799243375,249.0,False,False,False,False,False,1.318448383831377,,Retain for Elastic Net consideration; do not remove automatically,affine_group_017,affine_group_007
feature_pair,numeric__macro_treasury_3m_yield_level_at_prediction_date,numeric__macro_yield_curve_spread,macro_features,macro_features,high_correlation,249,-0.8110003332684805,-0.5862381103724142,-0.8110003332684815,-0.5862381103724142,249.0,False,False,False,False,False,1.2992993687755852,,Retain for Elastic Net consideration; do not remove automatically,affine_group_017,affine_group_020
feature_pair,numeric__macro_treasury_3m_yield_level_at_prediction_date,numeric__macro_yield_curve_spread_level_at_prediction_date,macro_features,macro_features,high_correlation,249,-0.8110003332684805,-0.5862381103724142,-0.8110003332684815,-0.5862381103724142,249.0,False,False,False,False,False,1.2992993687755852,,Retain for Elastic Net consideration; do not remove automatically,affine_group_017,affine_group_020
feature_pair,numeric__macro_treasury_3m_yield_volatility_1y,numeric__macro_yield_curve_spread_volatility_1y,macro_features,macro_features,high_correlation,249,0.8420790536754532,0.6766675918863675,0.8420790536754537,0.6766675918863675,249.0,False,False,False,False,False,1.5571348738121653,,Retain for Elastic Net consideration; do not remove automatically,,
feature_pair,numeric__macro_unemployment,numeric__macro_interest_rate,macro_features,macro_features,high_correlation,249,-0.8475169807228365,-0.9651413303768437,-0.8475169807228365,-0.9651413303768437,249.0,False,False,False,False,False,1.3156647009984879,,Retain for Elastic Net consideration; do not remove automatically,affine_group_007,affine_group_005
feature_pair,numeric__macro_unemployment_rate,numeric__macro_corporate_bond_total_return_index,macro_features,macro_features,high_correlation,249,0.8054471218587568,0.7736350386456464,0.805447121858758,0.7736350386456464,249.0,False,False,False,False,False,1.7250689802262698,,Retain for Elastic Net consideration; do not remove automatically,affine_group_007,affine_group_014
feature_pair,numeric__macro_unemployment_rate,numeric__macro_corporate_bond_total_return_index_average_1y,macro_features,macro_features,high_correlation,249,0.8023336034075402,0.8010367858331731,0.8023704528406157,0.8035432569797059,247.0,False,False,False,False,False,1.879856503348604,,Retain for Elastic Net consideration; do not remove automatically,affine_group_007,
feature_pair,numeric__macro_unemployment_rate,numeric__macro_corporate_bond_total_return_index_level_at_prediction_date,macro_features,macro_features,high_correlation,249,0.8054471218587568,0.7736350386456464,0.805447121858758,0.7736350386456464,249.0,False,False,False,False,False,1.7250689802262698,,Retain for Elastic Net consideration; do not remove automatically,affine_group_007,affine_group_014
feature_pair,numeric__macro_unemployment_rate,numeric__macro_federal_funds_rate,macro_features,macro_features,high_correlation,249,-0.8475169807228365,-0.9651413303768437,-0.8475169807228365,-0.9651413303768437,249.0,False,False,False,False,False,1.3156647009984879,,Retain for Elastic Net consideration; do not remove automatically,affine_group_007,affine_group_005
feature_pair,numeric__macro_unemployment_rate,numeric__macro_federal_funds_rate_average_1y,macro_features,macro_features,high_correlation,249,-0.8321437028108578,-0.8605129372740618,-0.832143702810858,-0.8605129372740618,249.0,False,False,False,False,False,1.271747537405128,,Retain for Elastic Net consideration; do not remove automatically,affine_group_007,
feature_pair,numeric__macro_unemployment_rate,numeric__macro_federal_funds_rate_level_at_prediction_date,macro_features,macro_features,high_correlation,249,-0.8475169807228365,-0.9651413303768437,-0.8475169807228365,-0.9651413303768437,249.0,False,False,False,False,False,1.3156647009984879,,Retain for Elastic Net consideration; do not remove automatically,affine_group_007,affine_group_005
feature_pair,numeric__macro_unemployment_rate,numeric__macro_interest_rate,macro_features,macro_features,high_correlation,249,-0.8475169807228365,-0.9651413303768437,-0.8475169807228365,-0.9651413303768437,249.0,False,False,False,False,False,1.3156647009984879,,Retain for Elastic Net consideration; do not remove automatically,affine_group_007,affine_group_005
feature_pair,numeric__macro_unemployment_rate,numeric__macro_treasury_10y_yield,macro_features,macro_features,high_correlation,249,-0.8583416607167965,-0.8977568311586193,-0.8583416607167964,-0.8977568311586193,249.0,False,False,False,False,False,1.8241938491729766,,Retain for Elastic Net consideration; do not remove automatically,affine_group_007,affine_group_016
feature_pair,numeric__macro_unemployment_rate,numeric__macro_treasury_10y_yield_average_1y,macro_features,macro_features,high_correlation,249,-0.8641648215541583,-0.9035601571575083,-0.8641648215541567,-0.9035601571575083,249.0,False,False,False,False,False,1.5931375914398007,,Retain for Elastic Net consideration; do not remove automatically,affine_group_007,
feature_pair,numeric__macro_unemployment_rate,numeric__macro_treasury_10y_yield_level_at_prediction_date,macro_features,macro_features,high_correlation,249,-0.8583416607167965,-0.8977568311586193,-0.8583416607167964,-0.8977568311586193,249.0,False,False,False,False,False,1.8241938491729766,,Retain for Elastic Net consideration; do not remove automatically,affine_group_007,affine_group_016
feature_pair,numeric__macro_unemployment_rate,numeric__macro_treasury_3m_yield,macro_features,macro_features,high_correlation,249,-0.8518204961290005,-0.9512422799243375,-0.8518204961289998,-0.9512422799243375,249.0,False,False,False,False,False,1.318448383831377,,Retain for Elastic Net consideration; do not remove automatically,affine_group_007,affine_group_017
feature_pair,numeric__macro_unemployment_rate,numeric__macro_treasury_3m_yield_average_1y,macro_features,macro_features,high_correlation,249,-0.8519448911428035,-0.8955153077029423,-0.8519448911428047,-0.8955153077029423,249.0,False,False,False,False,False,1.2418583048144756,,Retain for Elastic Net consideration; do not remove automatically,affine_group_007,
feature_pair,numeric__macro_unemployment_rate,numeric__macro_treasury_3m_yield_level_at_prediction_date,macro_features,macro_features,high_correlation,249,-0.8518204961290005,-0.9512422799243375,-0.8518204961289998,-0.9512422799243375,249.0,False,False,False,False,False,1.318448383831377,,Retain for Elastic Net consideration; do not remove automatically,affine_group_007,affine_group_017
feature_pair,numeric__macro_unemployment_rate,numeric__macro_unemployment_rate_average_1y,macro_features,macro_features,high_correlation,249,0.9207334492533581,0.9235987093727646,0.9207334492533594,0.9235987093727646,249.0,False,False,False,False,False,1.179282796826144,,Retain for Elastic Net consideration; do not remove automatically,affine_group_007,
feature_pair,numeric__macro_unemployment_rate_average_1y,numeric__macro_corporate_bond_total_return_index,macro_features,macro_features,high_correlation,249,0.8895634051451994,0.7917620982898503,0.8895634051452005,0.7917620982898503,249.0,False,False,False,False,False,1.4338480591422178,,Retain for Elastic Net consideration; do not remove automatically,,affine_group_014
feature_pair,numeric__macro_unemployment_rate_average_1y,numeric__macro_corporate_bond_total_return_index_average_1y,macro_features,macro_features,high_correlation,249,0.8648585864993317,0.782640424360719,0.8650250236034401,0.7855485877855733,247.0,False,False,False,False,False,1.510603471518858,,Retain for Elastic Net consideration; do not remove automatically,,
feature_pair,numeric__macro_unemployment_rate_average_1y,numeric__macro_corporate_bond_total_return_index_level_at_prediction_date,macro_features,macro_features,high_correlation,249,0.8895634051451994,0.7917620982898503,0.8895634051452005,0.7917620982898503,249.0,False,False,False,False,False,1.4338480591422178,,Retain for Elastic Net consideration; do not remove automatically,,affine_group_014
feature_pair,numeric__macro_unemployment_rate_average_1y,numeric__macro_federal_funds_rate,macro_features,macro_features,high_correlation,249,-0.7447891528952019,-0.9072286540817297,-0.7447891528952024,-0.9072286540817297,249.0,False,False,False,False,False,1.6166531299885614,,Retain for Elastic Net consideration; do not remove automatically,,affine_group_005
feature_pair,numeric__macro_unemployment_rate_average_1y,numeric__macro_federal_funds_rate_average_1y,macro_features,macro_features,high_correlation,249,-0.854032017510897,-0.9550241122103883,-0.8540320175108973,-0.9550241122103883,249.0,False,False,False,False,False,1.3653984465426683,,Retain for Elastic Net consideration; do not remove automatically,,
feature_pair,numeric__macro_unemployment_rate_average_1y,numeric__macro_federal_funds_rate_level_at_prediction_date,macro_features,macro_features,high_correlation,249,-0.7447891528952019,-0.9072286540817297,-0.7447891528952024,-0.9072286540817297,249.0,False,False,False,False,False,1.6166531299885614,,Retain for Elastic Net consideration; do not remove automatically,,affine_group_005
feature_pair,numeric__macro_unemployment_rate_average_1y,numeric__macro_interest_rate,macro_features,macro_features,high_correlation,249,-0.7447891528952019,-0.9072286540817297,-0.7447891528952024,-0.9072286540817297,249.0,False,False,False,False,False,1.6166531299885614,,Retain for Elastic Net consideration; do not remove automatically,,affine_group_005
feature_pair,numeric__macro_unemployment_rate_average_1y,numeric__macro_treasury_10y_yield,macro_features,macro_features,high_correlation,249,-0.8231709251456807,-0.8652438577250487,-0.82317092514568,-0.8652438577250487,249.0,False,False,False,False,False,2.0368685771530988,,Retain for Elastic Net consideration; do not remove automatically,,affine_group_016
feature_pair,numeric__macro_unemployment_rate_average_1y,numeric__macro_treasury_10y_yield_average_1y,macro_features,macro_features,high_correlation,249,-0.8739584793815984,-0.9118336513209311,-0.8739584793815988,-0.9118336513209311,249.0,False,False,False,False,False,1.8941260204298742,,Retain for Elastic Net consideration; do not remove automatically,,
feature_pair,numeric__macro_unemployment_rate_average_1y,numeric__macro_treasury_10y_yield_level_at_prediction_date,macro_features,macro_features,high_correlation,249,-0.8231709251456807,-0.8652438577250487,-0.82317092514568,-0.8652438577250487,249.0,False,False,False,False,False,2.0368685771530988,,Retain for Elastic Net consideration; do not remove automatically,,affine_group_016
feature_pair,numeric__macro_unemployment_rate_average_1y,numeric__macro_treasury_3m_yield,macro_features,macro_features,high_correlation,249,-0.7440664345539643,-0.8671168391940924,-0.7440664345539646,-0.8671168391940924,249.0,False,False,False,False,False,1.6194368128214505,,Retain for Elastic Net consideration; do not remove automatically,,affine_group_017
feature_pair,numeric__macro_unemployment_rate_average_1y,numeric__macro_treasury_3m_yield_average_1y,macro_features,macro_features,high_correlation,249,-0.8485685437893465,-0.9616685891631019,-0.8485685437893467,-0.9616685891631019,249.0,False,False,False,False,False,1.3957611675474186,,Retain for Elastic Net consideration; do not remove automatically,,
feature_pair,numeric__macro_unemployment_rate_average_1y,numeric__macro_treasury_3m_yield_level_at_prediction_date,macro_features,macro_features,high_correlation,249,-0.7440664345539643,-0.8671168391940924,-0.7440664345539646,-0.8671168391940924,249.0,False,False,False,False,False,1.6194368128214505,,Retain for Elastic Net consideration; do not remove automatically,,affine_group_017
feature_pair,numeric__macro_unemployment_rate_average_1y,numeric__macro_unemployment,macro_features,macro_features,high_correlation,249,0.9207334492533582,0.9235987093727646,0.9207334492533594,0.9235987093727646,249.0,False,False,False,False,False,1.179282796826144,,Retain for Elastic Net consideration; do not remove automatically,,affine_group_007
feature_pair,numeric__macro_unemployment_rate_change_1y,numeric__macro_federal_funds_rate_change_1y,macro_features,macro_features,high_correlation,249,-0.7511770477213756,-0.8366253896270258,-0.7511770477213763,-0.8365361209977973,249.0,False,False,False,False,False,2.656327809694842,,Retain for Elastic Net consideration; do not remove automatically,affine_group_018,
feature_pair,numeric__macro_unemployment_rate_change_1y,numeric__macro_treasury_3m_yield_change_1y,macro_features,macro_features,high_correlation,249,-0.6983526305683077,-0.8193070331426134,-0.6983526305683073,-0.8193070331426134,249.0,False,False,False,False,False,2.590006427960564,,Retain for Elastic Net consideration; do not remove automatically,affine_group_018,
feature_pair,numeric__macro_unemployment_rate_change_1y,numeric__macro_unemployment_rate_change_2y,macro_features,macro_features,high_correlation,249,0.8662119502527951,0.8602265614715744,0.8662119502527948,0.8602265614715744,249.0,False,False,False,False,False,2.4716806890686454,,Retain for Elastic Net consideration; do not remove automatically,affine_group_018,
feature_pair,numeric__macro_unemployment_rate_change_1y,numeric__macro_unemployment_rate_volatility_1y,macro_features,macro_features,high_correlation,249,0.8764714349670164,0.3752709637060323,0.876471434967016,0.3752709637060323,249.0,False,False,False,False,False,1.3296057930404428,,Retain for Elastic Net consideration; do not remove automatically,affine_group_018,
feature_pair,numeric__macro_unemployment_rate_change_2y,numeric__macro_federal_funds_rate_change_2y,macro_features,macro_features,high_correlation,249,-0.8557562777815396,-0.8336562790009913,-0.8557562777815393,-0.8336562790009913,249.0,False,False,False,False,False,2.2338645805643327,,Retain for Elastic Net consideration; do not remove automatically,,
feature_pair,numeric__macro_unemployment_rate_change_2y,numeric__macro_federal_funds_rate_change_3y,macro_features,macro_features,high_correlation,249,-0.7848715030202282,-0.8228939390627673,-0.7848715030202277,-0.8227198322658827,249.0,False,False,False,False,False,1.7381958119381866,,Retain for Elastic Net consideration; do not remove automatically,,
feature_pair,numeric__macro_unemployment_rate_change_2y,numeric__macro_treasury_3m_yield_change_2y,macro_features,macro_features,high_correlation,249,-0.8415253815472657,-0.8393898270923509,-0.8415253815472644,-0.8393898270923509,249.0,False,False,False,False,False,2.2497108785456654,,Retain for Elastic Net consideration; do not remove automatically,,
feature_pair,numeric__macro_unemployment_rate_change_2y,numeric__macro_treasury_3m_yield_change_3y,macro_features,macro_features,high_correlation,249,-0.8066119564624504,-0.8350520137706084,-0.806611956462449,-0.8350520137706084,249.0,False,False,False,False,False,1.6085962345713698,,Retain for Elastic Net consideration; do not remove automatically,,
feature_pair,numeric__macro_unemployment_rate_change_2y,numeric__macro_unemployment_change_1y,macro_features,macro_features,high_correlation,249,0.8662119502527951,0.8602265614715744,0.8662119502527948,0.8602265614715744,249.0,False,False,False,False,False,2.4716806890686454,,Retain for Elastic Net consideration; do not remove automatically,,affine_group_018
feature_pair,numeric__macro_unemployment_rate_change_2y,numeric__macro_unemployment_rate_change_3y,macro_features,macro_features,high_correlation,249,0.8007277685652903,0.747890637214235,0.800727768565289,0.747890637214235,249.0,False,False,False,False,False,2.11440368074877,,Retain for Elastic Net consideration; do not remove automatically,,
feature_pair,numeric__macro_unemployment_rate_change_2y,numeric__macro_yield_curve_spread_change_2y,macro_features,macro_features,high_correlation,249,0.8516627258876934,0.8925646036312789,0.8516627258876914,0.8925646036312789,249.0,False,False,False,False,False,2.3205073136499097,,Retain for Elastic Net consideration; do not remove automatically,,
feature_pair,numeric__macro_unemployment_rate_change_2y,numeric__macro_yield_curve_spread_change_3y,macro_features,macro_features,high_correlation,249,0.8065229552425228,0.8291878751731739,0.8065229552425217,0.8291878751731739,249.0,False,False,False,False,False,1.7563192380537866,,Retain for Elastic Net consideration; do not remove automatically,,
feature_pair,numeric__macro_unemployment_rate_change_3y,numeric__macro_federal_funds_rate_change_3y,macro_features,macro_features,high_correlation,249,-0.7918969985010225,-0.8166644876289239,-0.7918969985010226,-0.8171921844588184,249.0,False,False,False,False,False,1.5542568066960143,,Retain for Elastic Net consideration; do not remove automatically,,
feature_pair,numeric__macro_unemployment_rate_change_3y,numeric__macro_treasury_3m_yield_change_3y,macro_features,macro_features,high_correlation,249,-0.763879932728077,-0.8112042225957321,-0.7638799327280758,-0.8112042225957321,249.0,False,False,False,False,False,1.7903970198926011,,Retain for Elastic Net consideration; do not remove automatically,,
feature_pair,numeric__macro_unemployment_rate_level_at_prediction_date,numeric__macro_corporate_bond_total_return_index,macro_features,macro_features,high_correlation,249,0.8054471218587568,0.7736350386456464,0.805447121858758,0.7736350386456464,249.0,False,False,False,False,False,1.7250689802262698,,Retain for Elastic Net consideration; do not remove automatically,affine_group_007,affine_group_014
feature_pair,numeric__macro_unemployment_rate_level_at_prediction_date,numeric__macro_corporate_bond_total_return_index_average_1y,macro_features,macro_features,high_correlation,249,0.8023336034075402,0.8010367858331731,0.8023704528406157,0.8035432569797059,247.0,False,False,False,False,False,1.879856503348604,,Retain for Elastic Net consideration; do not remove automatically,affine_group_007,
feature_pair,numeric__macro_unemployment_rate_level_at_prediction_date,numeric__macro_corporate_bond_total_return_index_level_at_prediction_date,macro_features,macro_features,high_correlation,249,0.8054471218587568,0.7736350386456464,0.805447121858758,0.7736350386456464,249.0,False,False,False,False,False,1.7250689802262698,,Retain for Elastic Net consideration; do not remove automatically,affine_group_007,affine_group_014
feature_pair,numeric__macro_unemployment_rate_level_at_prediction_date,numeric__macro_federal_funds_rate,macro_features,macro_features,high_correlation,249,-0.8475169807228365,-0.9651413303768437,-0.8475169807228365,-0.9651413303768437,249.0,False,False,False,False,False,1.3156647009984879,,Retain for Elastic Net consideration; do not remove automatically,affine_group_007,affine_group_005
feature_pair,numeric__macro_unemployment_rate_level_at_prediction_date,numeric__macro_federal_funds_rate_average_1y,macro_features,macro_features,high_correlation,249,-0.8321437028108578,-0.8605129372740618,-0.832143702810858,-0.8605129372740618,249.0,False,False,False,False,False,1.271747537405128,,Retain for Elastic Net consideration; do not remove automatically,affine_group_007,
feature_pair,numeric__macro_unemployment_rate_level_at_prediction_date,numeric__macro_federal_funds_rate_level_at_prediction_date,macro_features,macro_features,high_correlation,249,-0.8475169807228365,-0.9651413303768437,-0.8475169807228365,-0.9651413303768437,249.0,False,False,False,False,False,1.3156647009984879,,Retain for Elastic Net consideration; do not remove automatically,affine_group_007,affine_group_005
feature_pair,numeric__macro_unemployment_rate_level_at_prediction_date,numeric__macro_interest_rate,macro_features,macro_features,high_correlation,249,-0.8475169807228365,-0.9651413303768437,-0.8475169807228365,-0.9651413303768437,249.0,False,False,False,False,False,1.3156647009984879,,Retain for Elastic Net consideration; do not remove automatically,affine_group_007,affine_group_005
feature_pair,numeric__macro_unemployment_rate_level_at_prediction_date,numeric__macro_treasury_10y_yield,macro_features,macro_features,high_correlation,249,-0.8583416607167965,-0.8977568311586193,-0.8583416607167964,-0.8977568311586193,249.0,False,False,False,False,False,1.8241938491729766,,Retain for Elastic Net consideration; do not remove automatically,affine_group_007,affine_group_016
feature_pair,numeric__macro_unemployment_rate_level_at_prediction_date,numeric__macro_treasury_10y_yield_average_1y,macro_features,macro_features,high_correlation,249,-0.8641648215541583,-0.9035601571575083,-0.8641648215541567,-0.9035601571575083,249.0,False,False,False,False,False,1.5931375914398007,,Retain for Elastic Net consideration; do not remove automatically,affine_group_007,
feature_pair,numeric__macro_unemployment_rate_level_at_prediction_date,numeric__macro_treasury_10y_yield_level_at_prediction_date,macro_features,macro_features,high_correlation,249,-0.8583416607167965,-0.8977568311586193,-0.8583416607167964,-0.8977568311586193,249.0,False,False,False,False,False,1.8241938491729766,,Retain for Elastic Net consideration; do not remove automatically,affine_group_007,affine_group_016
feature_pair,numeric__macro_unemployment_rate_level_at_prediction_date,numeric__macro_treasury_3m_yield,macro_features,macro_features,high_correlation,249,-0.8518204961290005,-0.9512422799243375,-0.8518204961289998,-0.9512422799243375,249.0,False,False,False,False,False,1.318448383831377,,Retain for Elastic Net consideration; do not remove automatically,affine_group_007,affine_group_017
feature_pair,numeric__macro_unemployment_rate_level_at_prediction_date,numeric__macro_treasury_3m_yield_average_1y,macro_features,macro_features,high_correlation,249,-0.8519448911428035,-0.8955153077029423,-0.8519448911428047,-0.8955153077029423,249.0,False,False,False,False,False,1.2418583048144756,,Retain for Elastic Net consideration; do not remove automatically,affine_group_007,
feature_pair,numeric__macro_unemployment_rate_level_at_prediction_date,numeric__macro_treasury_3m_yield_level_at_prediction_date,macro_features,macro_features,high_correlation,249,-0.8518204961290005,-0.9512422799243375,-0.8518204961289998,-0.9512422799243375,249.0,False,False,False,False,False,1.318448383831377,,Retain for Elastic Net consideration; do not remove automatically,affine_group_007,affine_group_017
feature_pair,numeric__macro_unemployment_rate_level_at_prediction_date,numeric__macro_unemployment_rate_average_1y,macro_features,macro_features,high_correlation,249,0.9207334492533581,0.9235987093727646,0.9207334492533594,0.9235987093727646,249.0,False,False,False,False,False,1.179282796826144,,Retain for Elastic Net consideration; do not remove automatically,affine_group_007,
feature_pair,numeric__macro_unemployment_rate_volatility_1y,numeric__macro_unemployment_change_1y,macro_features,macro_features,high_correlation,249,0.8764714349670162,0.3752709637060323,0.876471434967016,0.3752709637060323,249.0,False,False,False,False,False,1.3296057930404428,,Retain for Elastic Net consideration; do not remove automatically,,affine_group_018
feature_pair,numeric__macro_vix,numeric__macro_vix_change_1y,macro_features,macro_features,high_correlation,249,0.885367868726468,0.7447336671551852,0.8853678687264672,0.7447336671551852,249.0,False,False,False,False,False,1.6749933629559985,,Retain for Elastic Net consideration; do not remove automatically,affine_group_019,
feature_pair,numeric__macro_vix,numeric__macro_vix_change_2y,macro_features,macro_features,high_correlation,249,0.902023195143207,0.8059088650985725,0.9020231951432068,0.8059088650985725,249.0,False,False,False,False,False,1.7039495880083884,,Retain for Elastic Net consideration; do not remove automatically,affine_group_019,
feature_pair,numeric__macro_vix,numeric__macro_vix_change_3y,macro_features,macro_features,high_correlation,249,0.8350192180654252,0.709682448322609,0.8350192180654261,0.709682448322609,249.0,False,False,False,False,False,2.69370613753556,,Retain for Elastic Net consideration; do not remove automatically,affine_group_019,
feature_pair,numeric__macro_vix_average_1y,numeric__macro_vix_volatility_1y,macro_features,macro_features,high_correlation,249,0.8061084081863473,0.7902394764033989,0.8061084081863468,0.7902394764033989,249.0,False,False,False,False,False,1.2527886478999566,,Retain for Elastic Net consideration; do not remove automatically,,
feature_pair,numeric__macro_vix_change_1y,numeric__macro_vix_change_2y,macro_features,macro_features,high_correlation,249,0.8202708131510428,0.6697235795367934,0.8202708131510428,0.6697235795367934,249.0,False,False,False,False,False,1.8078870110327352,,Retain for Elastic Net consideration; do not remove automatically,,
feature_pair,numeric__macro_vix_change_2y,numeric__macro_vix_change_3y,macro_features,macro_features,high_correlation,249,0.814877337116803,0.6622096020493191,0.8148773371168027,0.6622096020493191,249.0,False,False,False,False,False,2.5272337320232623,,Retain for Elastic Net consideration; do not remove automatically,,
feature_pair,numeric__macro_vix_level_at_prediction_date,numeric__macro_vix_change_1y,macro_features,macro_features,high_correlation,249,0.885367868726468,0.7447336671551852,0.8853678687264672,0.7447336671551852,249.0,False,False,False,False,False,1.6749933629559985,,Retain for Elastic Net consideration; do not remove automatically,affine_group_019,
feature_pair,numeric__macro_vix_level_at_prediction_date,numeric__macro_vix_change_2y,macro_features,macro_features,high_correlation,249,0.902023195143207,0.8059088650985725,0.9020231951432068,0.8059088650985725,249.0,False,False,False,False,False,1.7039495880083884,,Retain for Elastic Net consideration; do not remove automatically,affine_group_019,
feature_pair,numeric__macro_vix_level_at_prediction_date,numeric__macro_vix_change_3y,macro_features,macro_features,high_correlation,249,0.8350192180654252,0.709682448322609,0.8350192180654261,0.709682448322609,249.0,False,False,False,False,False,2.69370613753556,,Retain for Elastic Net consideration; do not remove automatically,affine_group_019,
feature_pair,numeric__macro_yield_curve_spread,numeric__macro_interest_rate,macro_features,macro_features,high_correlation,249,-0.8280453376720247,-0.5883654529151766,-0.8280453376720247,-0.5883654529151766,249.0,False,False,False,False,False,1.2897946426495552,,Retain for Elastic Net consideration; do not remove automatically,affine_group_020,affine_group_005
feature_pair,numeric__macro_yield_curve_spread,numeric__macro_yield_curve_spread_change_3y,macro_features,macro_features,high_correlation,249,0.8019263861413369,0.8306614698864312,0.8019263861413369,0.8306614698864312,249.0,False,False,False,False,False,1.4053934633359642,,Retain for Elastic Net consideration; do not remove automatically,affine_group_020,
feature_pair,numeric__macro_yield_curve_spread_average_1y,numeric__macro_interest_rate,macro_features,macro_features,high_correlation,249,-0.8212695503653051,-0.6557796547678868,-0.821269550365305,-0.6557796547678868,249.0,False,False,False,False,False,1.1867167053812604,,Retain for Elastic Net consideration; do not remove automatically,,affine_group_005
feature_pair,numeric__macro_yield_curve_spread_change_2y,numeric__macro_yield_curve_spread_change_3y,macro_features,macro_features,high_correlation,249,0.8340712396043322,0.8050445466073594,0.834071239604332,0.8050445466073594,249.0,False,False,False,False,False,1.6516061102688337,,Retain for Elastic Net consideration; do not remove automatically,,
feature_pair,numeric__macro_yield_curve_spread_level_at_prediction_date,numeric__macro_interest_rate,macro_features,macro_features,high_correlation,249,-0.8280453376720247,-0.5883654529151766,-0.8280453376720247,-0.5883654529151766,249.0,False,False,False,False,False,1.2897946426495552,,Retain for Elastic Net consideration; do not remove automatically,affine_group_020,affine_group_005
feature_pair,numeric__macro_yield_curve_spread_level_at_prediction_date,numeric__macro_yield_curve_spread_change_3y,macro_features,macro_features,high_correlation,249,0.8019263861413369,0.8306614698864312,0.8019263861413369,0.8306614698864312,249.0,False,False,False,False,False,1.4053934633359642,,Retain for Elastic Net consideration; do not remove automatically,affine_group_020,
feature_pair,numeric__market_market_cap_change_12m,numeric__market_stock_return_12m,market_features,market_features,high_correlation,249,0.13947273808052457,0.8279440613529572,0.13994354217045882,0.8280871358415912,246.0,False,False,False,False,False,13.313348189783735,,Retain for Elastic Net consideration; do not remove automatically,affine_group_024,affine_group_008
feature_pair,numeric__market_maximum_drawdown_12m,numeric__market_maximum_drawdown_24m,market_features,market_features,high_correlation,249,0.8959247819484709,0.9099919198982653,0.9065577074057398,0.9242937626310636,243.0,False,False,False,False,False,1.8477861937658588,,Retain for Elastic Net consideration; do not remove automatically,,
feature_pair,numeric__market_maximum_drawdown_12m,numeric__market_maximum_drawdown_36m,market_features,market_features,high_correlation,249,0.7794725743086357,0.8094329996347362,0.797496842058011,0.8478832813416368,233.0,False,False,False,False,False,2.326246573436099,,Retain for Elastic Net consideration; do not remove automatically,,
feature_pair,numeric__market_maximum_drawdown_12m,numeric__market_stock_return_12m,market_features,market_features,high_correlation,249,0.740021989613626,0.8927205179637354,0.7400219896136254,0.8927205179637354,249.0,False,False,False,False,False,3.8490187563612603,,Retain for Elastic Net consideration; do not remove automatically,,affine_group_008
feature_pair,numeric__market_maximum_drawdown_24m,numeric__market_maximum_drawdown_36m,market_features,market_features,high_correlation,249,0.8889240084692192,0.8955713269997393,0.9000103919234684,0.9287043631721373,233.0,False,False,False,False,False,2.1352804139207517,,Retain for Elastic Net consideration; do not remove automatically,,
feature_pair,numeric__market_return_12m,numeric__market_market_cap_change_12m,market_features,market_features,high_correlation,249,0.13947273808052457,0.8279440613529572,0.13994354217045882,0.8280871358415912,246.0,False,False,False,False,False,13.313348189783735,,Retain for Elastic Net consideration; do not remove automatically,affine_group_008,affine_group_024
feature_pair,numeric__market_return_12m,numeric__market_maximum_drawdown_12m,market_features,market_features,high_correlation,249,0.7400219896136259,0.8927205179637354,0.7400219896136252,0.8927205179637354,249.0,False,False,False,False,False,3.8490187563612603,,Retain for Elastic Net consideration; do not remove automatically,affine_group_008,
feature_pair,numeric__market_return_12m,numeric__market_return_24m,market_features,market_features,high_correlation,249,0.6699410672666377,0.8411556752767433,0.6712954017412507,0.8514270039356975,243.0,False,False,False,False,False,5.468184563692718,,Retain for Elastic Net consideration; do not remove automatically,affine_group_008,affine_group_022
feature_pair,numeric__market_return_24m,numeric__market_maximum_drawdown_12m,market_features,market_features,high_correlation,249,0.5128361679883199,0.8282619586918529,0.5176662945310789,0.8394772528553578,243.0,False,False,False,False,False,6.5739611652108385,,Retain for Elastic Net consideration; do not remove automatically,affine_group_022,
feature_pair,numeric__market_return_24m,numeric__market_maximum_drawdown_24m,market_features,market_features,high_correlation,249,0.5706144804114058,0.8953921231029288,0.5702128196342647,0.893828075278743,243.0,False,False,False,False,False,6.733421659334207,,Retain for Elastic Net consideration; do not remove automatically,affine_group_022,
feature_pair,numeric__market_return_24m,numeric__market_return_36m,market_features,market_features,high_correlation,249,0.7333648640470916,0.8457818828752927,0.7318447450015072,0.8724418741438129,233.0,False,False,False,False,False,4.731761814384806,,Retain for Elastic Net consideration; do not remove automatically,affine_group_022,affine_group_023
feature_pair,numeric__market_return_24m,numeric__market_stock_return_12m,market_features,market_features,high_correlation,249,0.6699410672666378,0.8411556752767433,0.6712954017412507,0.8514270039356975,243.0,False,False,False,False,False,5.468184563692718,,Retain for Elastic Net consideration; do not remove automatically,affine_group_022,affine_group_008
feature_pair,numeric__market_return_36m,numeric__market_maximum_drawdown_24m,market_features,market_features,high_correlation,249,0.5430860185463399,0.8137751481204939,0.5430837157797498,0.839773321279091,233.0,False,False,False,False,False,5.535055679424429,,Retain for Elastic Net consideration; do not remove automatically,affine_group_023,
feature_pair,numeric__market_return_36m,numeric__market_maximum_drawdown_36m,market_features,market_features,high_correlation,249,0.5469977990016067,0.8790934854329168,0.5438599418514654,0.8802221250880461,233.0,False,False,False,False,False,5.4881044091734195,,Retain for Elastic Net consideration; do not remove automatically,affine_group_023,
feature_pair,numeric__market_volatility_12m,numeric__market_volatility_24m,market_features,market_features,high_correlation,249,0.826428022353358,0.8466263916315399,0.836399790532172,0.8615631392581219,243.0,False,False,False,False,False,4.093335063381524,,Retain for Elastic Net consideration; do not remove automatically,,
feature_pair,numeric__market_volatility_24m,numeric__market_volatility_36m,market_features,market_features,high_correlation,249,0.4121002718435597,0.9275477795817658,0.42134310165685784,0.9478242885820213,233.0,False,False,False,False,False,13.385321067116802,,Retain for Elastic Net consideration; do not remove automatically,,
feature_pair,numeric__original_accounts_receivable,numeric__original_log_total_assets,original_financial,original_market,high_correlation,249,0.5695228844106707,0.8221541778833426,0.5695228844106707,0.8221541778833426,249.0,False,False,False,False,False,5.9466492288011725,,Retain for Elastic Net consideration; do not remove automatically,,
feature_pair,numeric__original_accounts_receivable,numeric__original_revenue,original_financial,original_financial,high_correlation,249,0.829041527638747,0.866689402816562,0.8290415276387475,0.866689402816562,249.0,False,False,False,False,False,4.103342009339773,,Retain for Elastic Net consideration; do not remove automatically,,
feature_pair,numeric__original_adjusted_price,numeric__trend_interest_coverage_slope_3y,original_market,trend_ratios,high_correlation,249,0.9924061901312631,0.010087767651608619,0.9924020031280091,-0.0012642354942574655,217.0,False,False,False,False,False,1.2174059157031065,,Retain for Elastic Net consideration; do not remove automatically,affine_group_021,
feature_pair,numeric__original_capital_expenditures,numeric__market_market_cap_change_12m,original_financial,market_features,high_correlation,249,0.8978207102826178,0.563738028047662,0.8977910740165764,0.5670645355427333,245.0,False,False,False,False,False,3.250888476656234,,Retain for Elastic Net consideration; do not remove automatically,,affine_group_024
feature_pair,numeric__original_capital_expenditures,numeric__original_log_total_assets,original_financial,original_market,high_correlation,249,-0.36772619913906635,-0.8497813927633443,-0.3701414655796678,-0.854718163106564,248.0,False,False,False,False,False,11.069636527594527,,Retain for Elastic Net consideration; do not remove automatically,,
feature_pair,numeric__original_capital_expenditures,numeric__original_market_cap,original_financial,original_market,high_correlation,249,-0.9133761346450521,-0.36653927935298886,-0.9133886823833941,-0.3696459572215981,245.0,False,False,False,False,False,3.9315990023972613,,Retain for Elastic Net consideration; do not remove automatically,,
feature_pair,numeric__original_capital_expenditures,numeric__original_shares_outstanding,original_financial,original_market,high_correlation,249,-0.9519655854725879,-0.6326320977021829,-0.9520206359937612,-0.637049340588588,245.0,False,False,False,False,False,2.9338815913603105,,Retain for Elastic Net consideration; do not remove automatically,,
feature_pair,numeric__original_capital_expenditures,numeric__original_turnover,original_financial,original_market,high_correlation,249,-0.9172415680004876,-0.4963471564571152,-0.917351986041261,-0.5009648649027957,247.0,False,False,False,False,False,3.748601504885696,,Retain for Elastic Net consideration; do not remove automatically,,
feature_pair,numeric__original_capital_expenditures,numeric__original_volume,original_financial,original_market,high_correlation,249,-0.9483740611863709,-0.6640161788723269,-0.9483689903557307,-0.6643612322773479,248.0,False,False,False,False,False,2.7882337257512066,,Retain for Elastic Net consideration; do not remove automatically,,
feature_pair,numeric__original_capital_expenditures,numeric__trend_depreciation_amortization_change_1y,original_financial,trend_financial,high_correlation,249,-0.9114018298708794,-0.34386866413719036,-0.9590193020401859,-0.4217629451470339,138.0,False,False,False,False,False,4.015412735379088,,Retain for Elastic Net consideration; do not remove automatically,,
feature_pair,numeric__original_capital_expenditures,numeric__trend_depreciation_amortization_change_2y,original_financial,trend_financial,high_correlation,249,-0.8971092694543785,-0.3413367743041757,-0.9458183677792251,-0.42967925713853783,121.0,False,False,False,False,False,4.651772359624649,,Retain for Elastic Net consideration; do not remove automatically,,
feature_pair,numeric__original_capital_expenditures,numeric__trend_depreciation_amortization_change_3y,original_financial,trend_financial,high_correlation,249,-0.8753633004327254,-0.3120195551269403,-0.9406386246688534,-0.41004051922622925,111.0,False,False,False,False,False,4.663048886817069,,Retain for Elastic Net consideration; do not remove automatically,,
feature_pair,numeric__original_capital_expenditures,numeric__trend_depreciation_amortization_slope_3y,original_financial,trend_financial,high_correlation,249,-0.8290437985548477,-0.3961092325910402,-0.8707031946861034,-0.43669541098021647,167.0,False,False,False,False,False,4.90080624767983,,Retain for Elastic Net consideration; do not remove automatically,,
feature_pair,numeric__original_capital_expenditures,numeric__trend_ebitda_change_3y,original_financial,trend_financial,high_correlation,249,-0.8036637963328425,0.004105077058401826,-0.8057870877546285,0.0001786294388642518,220.0,False,False,False,False,False,4.359396780160958,,Retain for Elastic Net consideration; do not remove automatically,,
feature_pair,numeric__original_capital_expenditures,numeric__trend_market_cap_change_1y,original_financial,trend_market,high_correlation,249,0.8978207102826178,0.563738028047662,0.8977910740165764,0.5670645355427333,245.0,False,False,False,False,False,3.250888476656234,,Retain for Elastic Net consideration; do not remove automatically,,affine_group_024
feature_pair,numeric__original_capital_expenditures,numeric__trend_market_cap_change_2y,original_financial,trend_market,high_correlation,249,0.936074259518581,0.599693735117858,0.9361202396473643,0.6033030159018274,240.0,False,False,False,False,False,2.496122594108744,,Retain for Elastic Net consideration; do not remove automatically,,
feature_pair,numeric__original_capital_expenditures,numeric__trend_market_cap_slope_3y,original_financial,trend_market,high_correlation,249,0.8160804940165169,0.5072621651129227,0.8160384481153757,0.5059105050037846,245.0,False,False,False,False,False,4.924975209941017,,Retain for Elastic Net consideration; do not remove automatically,,
feature_pair,numeric__original_capital_expenditures,numeric__trend_volume_change_2y,original_financial,trend_market,high_correlation,249,-0.8450457336947003,-0.15342295117951263,-0.8450418943399908,-0.15335422072059926,242.0,False,False,False,False,False,6.664200511232171,,Retain for Elastic Net consideration; do not remove automatically,,
feature_pair,numeric__original_capital_expenditures,numeric__trend_volume_change_3y,original_financial,trend_market,high_correlation,249,-0.8853527435726353,-0.18195048087794774,-0.8855363619620952,-0.1833102129602554,233.0,False,False,False,False,False,5.44878888976394,,Retain for Elastic Net consideration; do not remove automatically,,
feature_pair,numeric__original_capital_expenditures,numeric__trend_volume_slope_3y,original_financial,trend_market,high_correlation,249,-0.8891321785943668,-0.12424511477986647,-0.8891249298626922,-0.1264311658660561,248.0,False,False,False,False,False,5.338032518723617,,Retain for Elastic Net consideration; do not remove automatically,,
feature_pair,numeric__original_cash_short_term_investments,numeric__original_current_assets,original_financial,original_financial,high_correlation,249,0.807864689091944,0.6427014721722858,0.807864689091944,0.6427014721722858,249.0,False,False,False,False,False,3.360310005725143,,Retain for Elastic Net consideration; do not remove automatically,,
feature_pair,numeric__original_current_assets,numeric__original_accounts_receivable,original_financial,original_financial,high_correlation,249,0.7916256011256367,0.8485145038147331,0.791625601125637,0.8485145038147331,249.0,False,False,False,False,False,3.579939510146943,,Retain for Elastic Net consideration; do not remove automatically,,
feature_pair,numeric__original_current_assets,numeric__original_current_liabilities,original_financial,original_financial,high_correlation,249,0.856923091008058,0.9071440453074937,0.8569230910080582,0.9071440453074937,249.0,False,False,False,False,False,4.056306060822842,,Retain for Elastic Net consideration; do not remove automatically,,
feature_pair,numeric__original_current_assets,numeric__original_log_total_assets,original_financial,original_market,high_correlation,249,0.646859032999656,0.9002400314652647,0.6468590329996561,0.9002400314652647,249.0,False,False,False,False,False,3.4710558091208865,,Retain for Elastic Net consideration; do not remove automatically,,
feature_pair,numeric__original_current_assets,numeric__original_revenue,original_financial,original_financial,high_correlation,249,0.8031658898376556,0.9160459083585822,0.803165889837656,0.9160459083585822,249.0,False,False,False,False,False,5.375974291425616,,Retain for Elastic Net consideration; do not remove automatically,,
feature_pair,numeric__original_current_liabilities,numeric__original_accounts_receivable,original_financial,original_financial,high_correlation,249,0.7949326381618942,0.8496618046941944,0.794932638161894,0.8496618046941944,249.0,False,False,False,False,False,4.978520178302682,,Retain for Elastic Net consideration; do not remove automatically,,
feature_pair,numeric__original_current_liabilities,numeric__original_interest_expense,original_financial,original_financial,high_correlation,249,0.8126039670048902,0.7790994309336124,0.8228109121950089,0.803446716375269,233.0,False,False,False,False,False,4.420353226910504,,Retain for Elastic Net consideration; do not remove automatically,,
feature_pair,numeric__original_current_liabilities,numeric__original_log_total_assets,original_financial,original_market,high_correlation,249,0.5516491257891585,0.9200908201956007,0.5516491257891581,0.9200908201956007,249.0,False,False,False,False,False,6.05781781865368,,Retain for Elastic Net consideration; do not remove automatically,,
feature_pair,numeric__original_current_liabilities,numeric__original_revenue,original_financial,original_financial,high_correlation,249,0.9107041471044123,0.9147388714826918,0.9107041471044118,0.9147388714826918,249.0,False,False,False,False,False,4.014808979864692,,Retain for Elastic Net consideration; do not remove automatically,,
feature_pair,numeric__original_depreciation_amortization,numeric__market_market_cap_change_12m,original_financial,market_features,high_correlation,249,-0.8273633285142605,-0.38511666387596605,-0.9344406961356685,-0.5404721648895533,150.0,False,False,False,False,False,5.805696576765686,,Retain for Elastic Net consideration; do not remove automatically,,affine_group_024
feature_pair,numeric__original_depreciation_amortization,numeric__original_capital_expenditures,original_financial,original_financial,high_correlation,249,-0.9411089870528417,-0.6812463729231004,-0.9891790879373372,-0.9020187636119953,153.0,False,False,False,False,False,4.057258368227909,,Retain for Elastic Net consideration; do not remove automatically,,
feature_pair,numeric__original_depreciation_amortization,numeric__original_market_cap,original_financial,original_market,high_correlation,249,0.9574123560311825,0.18269892543549554,0.9586277013585058,0.2656767524857987,150.0,False,False,False,False,False,3.806683288762724,,Retain for Elastic Net consideration; do not remove automatically,,
feature_pair,numeric__original_depreciation_amortization,numeric__original_operating_cash_flow,original_financial,original_financial,high_correlation,249,0.9423803563182671,0.22859698861151015,0.95670978986696,0.333013626224253,153.0,False,False,False,False,False,3.2367742270198288,,Retain for Elastic Net consideration; do not remove automatically,,
feature_pair,numeric__original_depreciation_amortization,numeric__original_shares_outstanding,original_financial,original_market,high_correlation,249,0.9575293288571338,0.4836510926677557,0.9753109463695349,0.6450910358045125,150.0,False,False,False,False,False,2.5592380233219285,,Retain for Elastic Net consideration; do not remove automatically,,
feature_pair,numeric__original_depreciation_amortization,numeric__original_turnover,original_financial,original_market,high_correlation,249,0.9547187355991645,0.26861697930711553,0.9564023797680214,0.38830359797518244,152.0,False,False,False,False,False,3.803034165473413,,Retain for Elastic Net consideration; do not remove automatically,,
feature_pair,numeric__original_depreciation_amortization,numeric__original_volume,original_financial,original_market,high_correlation,249,0.9127201689220968,0.4539703573228528,0.961574239811987,0.620454128530703,153.0,False,False,False,False,False,4.339537484771673,,Retain for Elastic Net consideration; do not remove automatically,,
feature_pair,numeric__original_depreciation_amortization,numeric__trend_depreciation_amortization_change_1y,original_financial,trend_financial,high_correlation,249,0.9454128963766133,0.32567021499659127,0.9473466246769272,0.3350887307195855,138.0,False,False,False,False,False,3.8093546046155415,,Retain for Elastic Net consideration; do not remove automatically,,
feature_pair,numeric__original_depreciation_amortization,numeric__trend_depreciation_amortization_change_2y,original_financial,trend_financial,high_correlation,249,0.9201990507417654,0.37032947071265154,0.9238712013258242,0.3708173433546608,121.0,False,False,False,False,False,5.635348978532245,,Retain for Elastic Net consideration; do not remove automatically,,
feature_pair,numeric__original_depreciation_amortization,numeric__trend_depreciation_amortization_change_3y,original_financial,trend_financial,high_correlation,249,0.9164596651592026,0.3968211746212298,0.9228136953592939,0.4134180425330274,111.0,False,False,False,False,False,5.646625505724665,,Retain for Elastic Net consideration; do not remove automatically,,
feature_pair,numeric__original_depreciation_amortization,numeric__trend_depreciation_amortization_slope_3y,original_financial,trend_financial,high_correlation,249,0.8398455028936834,0.4118551472917836,0.8489532962300459,0.43284820297751714,145.0,False,False,False,False,False,5.884382866587425,,Retain for Elastic Net consideration; do not remove automatically,,
feature_pair,numeric__original_depreciation_amortization,numeric__trend_ebitda_change_2y,original_financial,trend_financial,high_correlation,249,0.861613652480941,-0.08361790868505714,0.9442218796284725,-0.071021273026853,146.0,False,False,False,False,False,3.526344305464144,,Retain for Elastic Net consideration; do not remove automatically,,
feature_pair,numeric__original_depreciation_amortization,numeric__trend_ebitda_change_3y,original_financial,trend_financial,high_correlation,249,0.8677945625893262,-0.08233554025677627,0.9295891039487868,-0.06560295893548129,137.0,False,False,False,False,False,3.4513046091799815,,Retain for Elastic Net consideration; do not remove automatically,,
feature_pair,numeric__original_depreciation_amortization,numeric__trend_ebitda_slope_3y,original_financial,trend_financial,high_correlation,249,0.8465842233899473,-0.11655919207954624,0.9155178829257749,-0.10731582297139013,152.0,False,False,False,False,False,3.3839804347884543,,Retain for Elastic Net consideration; do not remove automatically,,
feature_pair,numeric__original_depreciation_amortization,numeric__trend_market_cap_change_1y,original_financial,trend_market,high_correlation,249,-0.8273633285142605,-0.38511666387596605,-0.9344406961356685,-0.5404721648895533,150.0,False,False,False,False,False,5.805696576765686,,Retain for Elastic Net consideration; do not remove automatically,,affine_group_024
feature_pair,numeric__original_depreciation_amortization,numeric__trend_market_cap_change_2y,original_financial,trend_market,high_correlation,249,-0.8829286269850367,-0.39621747784087413,-0.9547210834250023,-0.5910909395932991,146.0,False,False,False,False,False,5.565950901733536,,Retain for Elastic Net consideration; do not remove automatically,,
feature_pair,numeric__original_depreciation_amortization,numeric__trend_operating_cash_flow_change_2y,original_financial,trend_financial,high_correlation,249,0.8317428938272351,-0.11266157765320903,0.9075166377642138,-0.12990739385244535,147.0,False,False,False,False,False,4.774670548943519,,Retain for Elastic Net consideration; do not remove automatically,,
feature_pair,numeric__original_depreciation_amortization,numeric__trend_volume_change_3y,original_financial,trend_market,high_correlation,249,0.8021208253658119,0.02162884294411061,0.8801089731247549,0.04844839488228064,141.0,False,False,False,False,False,6.432365508671536,,Retain for Elastic Net consideration; do not remove automatically,,
feature_pair,numeric__original_depreciation_amortization,numeric__trend_volume_slope_3y,original_financial,trend_market,high_correlation,249,0.8206150503751022,-0.016099532555731082,0.8804039788224352,-0.015213552643567914,153.0,False,False,False,False,False,6.321609137631212,,Retain for Elastic Net consideration; do not remove automatically,,
feature_pair,numeric__original_ebit,numeric__derived_ebit_margin,original_financial,derived_ratios,high_correlation,249,0.07642014423979568,0.8088701333934819,0.07661016764245031,0.8109442514648663,247.0,False,False,False,False,False,13.467169193328083,,Retain for Elastic Net consideration; do not remove automatically,,
feature_pair,numeric__original_ebit,numeric__original_depreciation_amortization,original_financial,original_financial,high_correlation,249,0.8650758620437986,0.18554648567325324,0.9166575495266649,0.28194648856896426,153.0,False,False,False,False,False,3.9865745293773953,,Retain for Elastic Net consideration; do not remove automatically,,
feature_pair,numeric__original_ebit,numeric__original_ebitda,original_financial,original_financial,high_correlation,249,0.9470502529251993,0.8545640957078829,0.9470544445806163,0.8560956996522587,248.0,False,False,False,False,False,3.297750875353155,,Retain for Elastic Net consideration; do not remove automatically,,
feature_pair,numeric__original_ebit,numeric__original_market_cap,original_financial,original_market,high_correlation,249,0.8742276034022097,0.3261898437055237,0.8745946561625084,0.3265607665916592,246.0,False,False,False,False,False,3.8129709521120856,,Retain for Elastic Net consideration; do not remove automatically,,
feature_pair,numeric__original_ebit,numeric__original_operating_cash_flow,original_financial,original_financial,high_correlation,249,0.9311961849192949,0.49358413304956555,0.9311953169341585,0.49384057400909476,248.0,False,False,False,False,False,2.713942594785621,,Retain for Elastic Net consideration; do not remove automatically,,
feature_pair,numeric__original_ebit,numeric__original_shares_outstanding,original_financial,original_market,high_correlation,249,0.8474149317651113,0.2346065434929862,0.8478673330650449,0.23418953235256973,246.0,False,False,False,False,False,4.059305068916017,,Retain for Elastic Net consideration; do not remove automatically,,
feature_pair,numeric__original_ebit,numeric__original_signed_log_ebitda,original_financial,original_market,high_correlation,249,0.40696602922317265,0.8545640957078829,0.4070694734053047,0.8560956996522587,248.0,False,False,False,False,False,11.384181786153842,,Retain for Elastic Net consideration; do not remove automatically,,
feature_pair,numeric__original_ebit,numeric__original_turnover,original_financial,original_market,high_correlation,249,0.8655930464259136,0.20109887376521718,0.865589566517518,0.2033179367473945,248.0,False,False,False,False,False,3.985862726084616,,Retain for Elastic Net consideration; do not remove automatically,,
feature_pair,numeric__original_ebit,numeric__original_volume,original_financial,original_market,high_correlation,249,0.8020013228538118,0.14326767167269408,0.8020013228538122,0.14326767167269408,249.0,False,False,False,False,False,5.09602484983096,,Retain for Elastic Net consideration; do not remove automatically,,
feature_pair,numeric__original_ebit,numeric__trend_depreciation_amortization_change_1y,original_financial,trend_financial,high_correlation,249,0.8351568972006549,0.07656802838870704,0.8861251179139255,0.07284529308386042,138.0,False,False,False,False,False,5.045870938662633,,Retain for Elastic Net consideration; do not remove automatically,,
feature_pair,numeric__original_ebit,numeric__trend_depreciation_amortization_change_2y,original_financial,trend_financial,high_correlation,249,0.8151232035816971,0.021275227393741852,0.8652026367964575,0.002184685523833395,121.0,False,False,False,False,False,5.299087030892657,,Retain for Elastic Net consideration; do not remove automatically,,
feature_pair,numeric__original_ebit,numeric__trend_depreciation_amortization_change_3y,original_financial,trend_financial,high_correlation,249,0.8518323032142573,0.014052035784460735,0.9231771245775744,0.010674938683819109,111.0,False,False,False,False,False,3.8026917626728505,,Retain for Elastic Net consideration; do not remove automatically,,
feature_pair,numeric__original_ebit,numeric__trend_ebit_change_2y,original_financial,trend_financial,high_correlation,249,0.8024048019637953,0.4701350362002091,0.8033247713837166,0.4828312485791992,236.0,False,False,False,False,False,4.883249586896946,,Retain for Elastic Net consideration; do not remove automatically,,
feature_pair,numeric__original_ebit,numeric__trend_ebit_change_3y,original_financial,trend_financial,high_correlation,249,0.8430845870673757,0.49022199777601244,0.8448003190032297,0.5243763665588683,222.0,False,False,False,False,False,4.443474762236754,,Retain for Elastic Net consideration; do not remove automatically,,
feature_pair,numeric__original_ebit,numeric__trend_ebit_slope_3y,original_financial,trend_financial,high_correlation,249,0.8123943780960433,0.5369627756615124,0.8129336516882764,0.5413208034626423,246.0,False,False,False,False,False,4.651058882718921,,Retain for Elastic Net consideration; do not remove automatically,,
feature_pair,numeric__original_ebit,numeric__trend_ebitda_change_2y,original_financial,trend_financial,high_correlation,249,0.8746840438868295,0.4793836580890703,0.8752491050016673,0.4920683830646691,234.0,False,False,False,False,False,4.404410874640388,,Retain for Elastic Net consideration; do not remove automatically,,
feature_pair,numeric__original_ebit,numeric__trend_ebitda_change_3y,original_financial,trend_financial,high_correlation,249,0.8793190280769744,0.4460215955618502,0.8804946700629325,0.478167230729179,220.0,False,False,False,False,False,4.140702574474024,,Retain for Elastic Net consideration; do not remove automatically,,
feature_pair,numeric__original_ebit,numeric__trend_ebitda_slope_3y,original_financial,trend_financial,high_correlation,249,0.8640623700607306,0.4714717562498655,0.8644851063912514,0.4753463267060603,246.0,False,False,False,False,False,4.319541263846252,,Retain for Elastic Net consideration; do not remove automatically,,
feature_pair,numeric__original_ebit,numeric__trend_operating_cash_flow_change_2y,original_financial,trend_financial,high_correlation,249,0.8043616227622853,0.11239095248464279,0.8048621127511352,0.11325069257712665,235.0,False,False,False,False,False,6.303572807457769,,Retain for Elastic Net consideration; do not remove automatically,,
feature_pair,numeric__original_ebitda,numeric__market_market_cap_change_12m,original_financial,market_features,high_correlation,249,-0.8298345528897411,-0.17113710459268516,-0.8300274534067235,-0.1709477137183342,245.0,False,False,False,False,False,6.009070999561708,,Retain for Elastic Net consideration; do not remove automatically,,affine_group_024
feature_pair,numeric__original_ebitda,numeric__original_capital_expenditures,original_financial,original_financial,high_correlation,249,-0.901633951241651,-0.44337811191537735,-0.9016313081388435,-0.44271242379651776,248.0,False,False,False,False,False,4.260632791023931,,Retain for Elastic Net consideration; do not remove automatically,,
feature_pair,numeric__original_ebitda,numeric__original_depreciation_amortization,original_financial,original_financial,high_correlation,249,0.966785083589224,0.4068748328979802,0.977812715819067,0.604623383629477,153.0,False,False,False,False,False,2.0663545516945043,,Retain for Elastic Net consideration; do not remove automatically,,
feature_pair,numeric__original_ebitda,numeric__original_interest_expense,original_financial,original_financial,high_correlation,249,0.8556010285026548,0.4190998191704718,0.8728520266338212,0.43785357059634844,232.0,False,False,False,False,False,4.892897063290994,,Retain for Elastic Net consideration; do not remove automatically,,
feature_pair,numeric__original_ebitda,numeric__original_market_cap,original_financial,original_market,high_correlation,249,0.9583248080911214,0.3582513066968121,0.9584389093135226,0.35949860820842505,245.0,False,False,False,False,False,2.6715982024519414,,Retain for Elastic Net consideration; do not remove automatically,,
feature_pair,numeric__original_ebitda,numeric__original_operating_cash_flow,original_financial,original_financial,high_correlation,249,0.9695971177217297,0.5896985459751978,0.9695995238962147,0.5896204742498388,248.0,False,False,False,False,False,2.101689140709046,,Retain for Elastic Net consideration; do not remove automatically,,
feature_pair,numeric__original_ebitda,numeric__original_shares_outstanding,original_financial,original_market,high_correlation,249,0.9485391208686427,0.4124097910463895,0.9487242348076509,0.41290201233170754,245.0,False,False,False,False,False,2.762612446117951,,Retain for Elastic Net consideration; do not remove automatically,,
feature_pair,numeric__original_ebitda,numeric__original_signed_log_ebit,original_financial,original_market,high_correlation,249,0.2966111245476266,0.8545640957078829,0.2965348554422337,0.8560956996522587,248.0,False,False,False,False,False,12.6549666391974,,Retain for Elastic Net consideration; do not remove automatically,,
feature_pair,numeric__original_ebitda,numeric__original_turnover,original_financial,original_market,high_correlation,249,0.9551155052090984,0.2955233544683011,0.9551189286583681,0.2995264969775912,247.0,False,False,False,False,False,2.6679490791626304,,Retain for Elastic Net consideration; do not remove automatically,,
feature_pair,numeric__original_ebitda,numeric__original_volume,original_financial,original_market,high_correlation,249,0.9094861798230156,0.3318554147956101,0.9094829194159004,0.3311738428535677,248.0,False,False,False,False,False,4.542911907567695,,Retain for Elastic Net consideration; do not remove automatically,,
feature_pair,numeric__original_ebitda,numeric__trend_depreciation_amortization_change_1y,original_financial,trend_financial,high_correlation,249,0.9285709712385374,0.12547596287722046,0.939386364604457,0.13242751431302266,138.0,False,False,False,False,False,3.1256509609797414,,Retain for Elastic Net consideration; do not remove automatically,,
feature_pair,numeric__original_ebitda,numeric__trend_depreciation_amortization_change_2y,original_financial,trend_financial,high_correlation,249,0.9081474286172316,0.08891966901325112,0.9194372708715959,0.09310147440869539,121.0,False,False,False,False,False,4.500263892221462,,Retain for Elastic Net consideration; do not remove automatically,,
feature_pair,numeric__original_ebitda,numeric__trend_depreciation_amortization_change_3y,original_financial,trend_financial,high_correlation,249,0.9260689899012009,0.12217330220624309,0.939690102228872,0.1788677457144487,111.0,False,False,False,False,False,4.511540419413882,,Retain for Elastic Net consideration; do not remove automatically,,
feature_pair,numeric__original_ebitda,numeric__trend_depreciation_amortization_slope_3y,original_financial,trend_financial,high_correlation,249,0.8250299995748597,0.11872432184276853,0.8336681485829339,0.10738045791613632,167.0,False,False,False,False,False,4.749297780276643,,Retain for Elastic Net consideration; do not remove automatically,,
feature_pair,numeric__original_ebitda,numeric__trend_ebit_change_3y,original_financial,trend_financial,high_correlation,249,0.8427486812593079,0.3464380225323484,0.8448899388146374,0.3784981789235415,221.0,False,False,False,False,False,3.3194524139281754,,Retain for Elastic Net consideration; do not remove automatically,,
feature_pair,numeric__original_ebitda,numeric__trend_ebit_slope_3y,original_financial,trend_financial,high_correlation,249,0.8136382209151181,0.3906818282515636,0.8139549215664701,0.39530293238285485,245.0,False,False,False,False,False,4.62830369082272,,Retain for Elastic Net consideration; do not remove automatically,,
feature_pair,numeric__original_ebitda,numeric__trend_ebitda_change_1y,original_financial,trend_financial,high_correlation,249,0.8043422662469968,0.13310620265012202,0.8044580830576505,0.13741009600909912,243.0,False,False,False,False,False,4.16642503013461,,Retain for Elastic Net consideration; do not remove automatically,,
feature_pair,numeric__original_ebitda,numeric__trend_ebitda_change_2y,original_financial,trend_financial,high_correlation,249,0.8933427859670923,0.3194305181244661,0.894259161589197,0.3325153914343688,234.0,False,False,False,False,False,2.842030414755217,,Retain for Elastic Net consideration; do not remove automatically,,
feature_pair,numeric__original_ebitda,numeric__trend_ebitda_change_3y,original_financial,trend_financial,high_correlation,249,0.9128678720487473,0.3577170163608905,0.9142996150496925,0.3891884825309671,220.0,False,False,False,False,False,2.5783221145888535,,Retain for Elastic Net consideration; do not remove automatically,,
feature_pair,numeric__original_ebitda,numeric__trend_ebitda_slope_3y,original_financial,trend_financial,high_correlation,249,0.8922460258616108,0.3694792914403559,0.8924031224155683,0.3743594388521144,245.0,False,False,False,False,False,3.3234702700107075,,Retain for Elastic Net consideration; do not remove automatically,,
feature_pair,numeric__original_ebitda,numeric__trend_market_cap_change_1y,original_financial,trend_market,high_correlation,249,-0.8298345528897411,-0.17113710459268516,-0.8300274534067235,-0.1709477137183342,245.0,False,False,False,False,False,6.009070999561708,,Retain for Elastic Net consideration; do not remove automatically,,affine_group_024
feature_pair,numeric__original_ebitda,numeric__trend_market_cap_change_2y,original_financial,trend_market,high_correlation,249,-0.888081074247954,-0.1076963587617745,-0.8885067228384196,-0.10479186356521385,240.0,False,False,False,False,False,5.769325324529558,,Retain for Elastic Net consideration; do not remove automatically,,
feature_pair,numeric__original_ebitda,numeric__trend_market_cap_slope_3y,original_financial,trend_market,high_correlation,249,-0.8171984233720032,-0.03661840838820036,-0.817518539804597,-0.03318961516375211,245.0,False,False,False,False,False,5.546311385628992,,Retain for Elastic Net consideration; do not remove automatically,,
feature_pair,numeric__original_ebitda,numeric__trend_operating_cash_flow_change_2y,original_financial,trend_financial,high_correlation,249,0.8302826296914899,0.11296311047204516,0.8310907999289965,0.11723324222260853,235.0,False,False,False,False,False,4.741192347572598,,Retain for Elastic Net consideration; do not remove automatically,,
feature_pair,numeric__original_ebitda,numeric__trend_volume_change_2y,original_financial,trend_market,high_correlation,249,0.8028642736217807,0.07444096597268203,0.8030124888399408,0.0724972629522429,242.0,False,False,False,False,False,6.512692043828984,,Retain for Elastic Net consideration; do not remove automatically,,
feature_pair,numeric__original_ebitda,numeric__trend_volume_change_3y,original_financial,trend_market,high_correlation,249,0.8099630164574216,0.0779859203831649,0.8157711728050246,0.07663084416317226,233.0,False,False,False,False,False,6.100582198309244,,Retain for Elastic Net consideration; do not remove automatically,,
feature_pair,numeric__original_ebitda,numeric__trend_volume_slope_3y,original_financial,trend_market,high_correlation,249,0.8439364313696694,0.045198335168451315,0.8439276981806203,0.04579726267519593,248.0,False,False,False,False,False,5.339446336717714,,Retain for Elastic Net consideration; do not remove automatically,,
feature_pair,numeric__original_interest_expense,numeric__original_capital_expenditures,original_financial,original_financial,high_correlation,249,-0.8376859067824114,-0.7410276085569161,-0.8544413777611719,-0.7744705949257105,232.0,False,False,False,False,False,4.509880544675601,,Retain for Elastic Net consideration; do not remove automatically,,
feature_pair,numeric__original_interest_expense,numeric__original_log_total_assets,original_financial,original_market,high_correlation,249,0.44945365705652723,0.8307067651446671,0.4683874499301246,0.852645579981425,233.0,False,False,False,False,False,9.61029486388285,,Retain for Elastic Net consideration; do not remove automatically,,
feature_pair,numeric__original_interest_expense,numeric__original_market_cap,original_financial,original_market,high_correlation,249,0.8236101196435798,0.1502104647813338,0.8243344280072801,0.15664792121918195,230.0,False,False,False,False,False,4.603254663934487,,Retain for Elastic Net consideration; do not remove automatically,,
feature_pair,numeric__original_interest_expense,numeric__original_operating_cash_flow,original_financial,original_financial,high_correlation,249,0.8074401566980727,0.20237871486210693,0.8088250726101976,0.21508946314452335,232.0,False,False,False,False,False,6.519830381624407,,Retain for Elastic Net consideration; do not remove automatically,,
feature_pair,numeric__original_interest_expense,numeric__original_shares_outstanding,original_financial,original_market,high_correlation,249,0.8369096743112959,0.5388750768405969,0.8425503994048084,0.5702993587713091,230.0,False,False,False,False,False,4.451874619155699,,Retain for Elastic Net consideration; do not remove automatically,,
feature_pair,numeric__original_interest_expense,numeric__original_turnover,original_financial,original_market,high_correlation,249,0.8305524241213834,0.3255570210637618,0.8318602137375405,0.3389050664203046,232.0,False,False,False,False,False,4.59381323297351,,Retain for Elastic Net consideration; do not remove automatically,,
feature_pair,numeric__original_interest_expense,numeric__original_volume,original_financial,original_market,high_correlation,249,0.8449393111618982,0.5672089602857964,0.8470624641005141,0.5902849754350685,233.0,False,False,False,False,False,4.283707980505253,,Retain for Elastic Net consideration; do not remove automatically,,
feature_pair,numeric__original_interest_expense,numeric__trend_long_term_debt_change_3y,original_financial,trend_financial,high_correlation,249,0.8261888891567986,0.3021277467104526,0.8441759692868577,0.3289226797821614,206.0,False,False,False,False,False,4.521944412578815,,Retain for Elastic Net consideration; do not remove automatically,,
feature_pair,numeric__original_interest_expense,numeric__trend_long_term_debt_slope_3y,original_financial,trend_financial,high_correlation,249,0.8231416131750328,0.31884828076213667,0.833420951977664,0.3206049264916299,229.0,False,False,False,False,False,5.182623139418617,,Retain for Elastic Net consideration; do not remove automatically,,
feature_pair,numeric__original_interest_expense,numeric__trend_market_cap_change_2y,original_financial,trend_market,high_correlation,249,-0.8351167771378024,-0.5761200019036901,-0.8394765717770998,-0.6135905698281253,225.0,False,False,False,False,False,4.641458898891478,,Retain for Elastic Net consideration; do not remove automatically,,
feature_pair,numeric__original_interest_expense,numeric__trend_market_cap_slope_3y,original_financial,trend_market,high_correlation,249,-0.8579398980975321,-0.5228533763431569,-0.8659651417216853,-0.5435580826948442,230.0,False,False,False,False,False,4.747607323064216,,Retain for Elastic Net consideration; do not remove automatically,,
feature_pair,numeric__original_interest_expense,numeric__trend_volume_slope_3y,original_financial,trend_market,high_correlation,249,0.8282246257547965,0.18138547003175753,0.839256041706914,0.18096413457920182,233.0,False,False,False,False,False,4.2115799110796335,,Retain for Elastic Net consideration; do not remove automatically,,
feature_pair,numeric__original_log_total_assets,numeric__original_signed_log_capital_expenditures,original_market,original_market,high_correlation,249,-0.8528412654127429,-0.8497813927633443,-0.8610641053128023,-0.854718163106564,248.0,False,False,False,False,False,2.186032675282589,,Retain for Elastic Net consideration; do not remove automatically,,
feature_pair,numeric__original_log_total_assets,numeric__original_signed_log_interest_expense,original_market,original_market,high_correlation,249,0.820841889651647,0.8307067651446671,0.8560625791665059,0.852645579981425,233.0,False,False,False,False,False,2.3271943747182267,,Retain for Elastic Net consideration; do not remove automatically,,
feature_pair,numeric__original_long_term_debt,numeric__original_capital_expenditures,original_financial,original_financial,high_correlation,249,-0.8248949409517742,-0.7396177100012001,-0.8247868424616445,-0.7490450548355295,244.0,False,False,False,False,False,4.619565893230553,,Retain for Elastic Net consideration; do not remove automatically,,
feature_pair,numeric__original_long_term_debt,numeric__original_depreciation_amortization,original_financial,original_financial,high_correlation,249,0.8084130449189996,0.5690862640504148,0.9103230299284719,0.7753127717087698,153.0,False,False,False,False,False,4.828524098363881,,Retain for Elastic Net consideration; do not remove automatically,,
feature_pair,numeric__original_long_term_debt,numeric__original_ebitda,original_financial,original_financial,high_correlation,249,0.8170943885304375,0.40922787887940953,0.8170937138759818,0.4157743179574018,244.0,False,False,False,False,False,5.135047225784942,,Retain for Elastic Net consideration; do not remove automatically,,
feature_pair,numeric__original_long_term_debt,numeric__original_interest_expense,original_financial,original_financial,high_correlation,249,0.8630234250829417,0.8289550485988829,0.988789758301774,0.8803349715509281,229.0,False,False,False,False,False,7.594161676974387,,Retain for Elastic Net consideration; do not remove automatically,,
feature_pair,numeric__original_long_term_debt,numeric__original_signed_log_interest_expense,original_financial,original_market,high_correlation,249,0.4391065798156684,0.8289550485988829,0.5039020929517015,0.8803349715509281,229.0,False,False,False,False,False,7.826906209155343,,Retain for Elastic Net consideration; do not remove automatically,,
feature_pair,numeric__original_market_cap,numeric__market_market_cap_change_12m,original_market,market_features,high_correlation,249,-0.848500908409816,-0.08780001515743327,-0.848513093416334,-0.08655466858838409,246.0,False,False,False,False,False,5.68003721093504,,Retain for Elastic Net consideration; do not remove automatically,,affine_group_024
feature_pair,numeric__original_market_cap,numeric__original_shares_outstanding,original_market,original_market,high_correlation,249,0.972739343890646,0.4711020356174299,0.9727457523811869,0.4708341411104178,246.0,False,False,False,False,False,2.4335786574912817,,Retain for Elastic Net consideration; do not remove automatically,,
feature_pair,numeric__original_market_cap,numeric__original_turnover,original_market,original_market,high_correlation,249,0.996454736873397,0.7671181180708228,0.9964627106866956,0.7735576735750094,245.0,False,False,False,False,False,1.0045089359406973,,Retain for Elastic Net consideration; do not remove automatically,,
feature_pair,numeric__original_market_cap,numeric__original_volume,original_market,original_market,high_correlation,249,0.939973253482293,0.42075719373086706,0.9399745141206339,0.422834668998299,246.0,False,False,False,False,False,4.213878118941026,,Retain for Elastic Net consideration; do not remove automatically,,
feature_pair,numeric__original_market_cap,numeric__trend_depreciation_amortization_change_1y,original_market,trend_financial,high_correlation,249,0.9775420889080847,0.18888976925754825,0.9783328009689954,0.23139619108163287,135.0,False,False,False,False,False,2.2272609443331506,,Retain for Elastic Net consideration; do not remove automatically,,
feature_pair,numeric__original_market_cap,numeric__trend_depreciation_amortization_change_2y,original_market,trend_financial,high_correlation,249,0.9722289627852432,0.17568642454022732,0.9729615227292707,0.23199758963891345,118.0,False,False,False,False,False,2.480477036563176,,Retain for Elastic Net consideration; do not remove automatically,,
feature_pair,numeric__original_market_cap,numeric__trend_depreciation_amortization_change_3y,original_market,trend_financial,high_correlation,249,0.9782468465639169,0.20204557298743808,0.9789684895324019,0.28563466829352613,108.0,False,False,False,False,False,1.8703061797180138,,Retain for Elastic Net consideration; do not remove automatically,,
feature_pair,numeric__original_market_cap,numeric__trend_depreciation_amortization_slope_3y,original_market,trend_financial,high_correlation,249,0.9006130806758222,0.256464028699549,0.9009953874779484,0.27974607881497265,165.0,False,False,False,False,False,3.553537595160974,,Retain for Elastic Net consideration; do not remove automatically,,
feature_pair,numeric__original_market_cap,numeric__trend_ebit_change_3y,original_market,trend_financial,high_correlation,249,0.8032477141134524,0.1035231600339017,0.8055656287638486,0.11734510114754777,219.0,False,False,False,False,False,3.5307480814588508,,Retain for Elastic Net consideration; do not remove automatically,,
feature_pair,numeric__original_market_cap,numeric__trend_ebitda_change_2y,original_market,trend_financial,high_correlation,249,0.8833977061445085,0.1552938917489096,0.8845976037876904,0.16404983066486228,231.0,False,False,False,False,False,3.5037044441694962,,Retain for Elastic Net consideration; do not remove automatically,,
feature_pair,numeric__original_market_cap,numeric__trend_ebitda_change_3y,original_market,trend_financial,high_correlation,249,0.8943168958605419,0.15184844823318147,0.895634664467243,0.16211204432619417,217.0,False,False,False,False,False,3.4286647478853336,,Retain for Elastic Net consideration; do not remove automatically,,
feature_pair,numeric__original_market_cap,numeric__trend_ebitda_slope_3y,original_market,trend_financial,high_correlation,249,0.8774700449871173,0.16416325964293021,0.8784082186312338,0.16633649620953647,243.0,False,False,False,False,False,3.3613405734938064,,Retain for Elastic Net consideration; do not remove automatically,,
feature_pair,numeric__original_market_cap,numeric__trend_market_cap_change_1y,original_market,trend_market,high_correlation,249,-0.848500908409816,-0.08780001515743327,-0.848513093416334,-0.08655466858838409,246.0,False,False,False,False,False,5.68003721093504,,Retain for Elastic Net consideration; do not remove automatically,,affine_group_024
feature_pair,numeric__original_market_cap,numeric__trend_market_cap_change_2y,original_market,trend_market,high_correlation,249,-0.9021946047359745,0.01418262476277949,-0.9022555780488275,0.01691600807414358,241.0,False,False,False,False,False,5.440291535902889,,Retain for Elastic Net consideration; do not remove automatically,,
feature_pair,numeric__original_market_cap,numeric__trend_market_cap_slope_3y,original_market,trend_market,high_correlation,249,-0.8069357914451796,0.11981018229728391,-0.8070037525657454,0.12150348593414087,246.0,False,False,False,False,False,4.74732931842314,,Retain for Elastic Net consideration; do not remove automatically,,
feature_pair,numeric__original_market_cap,numeric__trend_operating_cash_flow_change_2y,original_market,trend_financial,high_correlation,249,0.8724031399387251,0.053004306463242924,0.8735662474561676,0.057536841948482464,232.0,False,False,False,False,False,4.983367498281388,,Retain for Elastic Net consideration; do not remove automatically,,
feature_pair,numeric__original_market_cap,numeric__trend_operating_cash_flow_change_3y,original_market,trend_financial,high_correlation,249,0.806917727295335,-0.012524870533217922,0.8101071271645244,-0.001804448408659821,217.0,False,False,False,False,False,6.0332937347828945,,Retain for Elastic Net consideration; do not remove automatically,,
feature_pair,numeric__original_market_cap,numeric__trend_operating_cash_flow_slope_3y,original_market,trend_financial,high_correlation,249,0.8229683571969041,-0.004570940424063255,0.8242651582443422,-0.004082056784580313,243.0,False,False,False,False,False,5.279157010615739,,Retain for Elastic Net consideration; do not remove automatically,,
feature_pair,numeric__original_market_cap,numeric__trend_volume_change_2y,original_market,trend_market,high_correlation,249,0.8743479936157681,0.22457674796546848,0.8743285507332945,0.2240146223043598,241.0,False,False,False,False,False,5.308933743170825,,Retain for Elastic Net consideration; do not remove automatically,,
feature_pair,numeric__original_market_cap,numeric__trend_volume_change_3y,original_market,trend_market,high_correlation,249,0.8856587761453891,0.1910850740201138,0.8856048786681843,0.19266745165303317,232.0,False,False,False,False,False,5.771548409682575,,Retain for Elastic Net consideration; do not remove automatically,,
feature_pair,numeric__original_market_cap,numeric__trend_volume_slope_3y,original_market,trend_market,high_correlation,249,0.9020139674574803,0.18285517738595122,0.9020096297564048,0.1839910733487381,246.0,False,False,False,False,False,5.010412548091045,,Retain for Elastic Net consideration; do not remove automatically,,
feature_pair,numeric__original_market_monthly_price_00,numeric__trend_interest_coverage_slope_3y,original_market_history,trend_ratios,high_correlation,249,0.9924061901312631,0.010087767651608619,0.9924020031280091,-0.0012642354942574655,217.0,False,False,False,False,False,1.2174059157031065,,Retain for Elastic Net consideration; do not remove automatically,affine_group_021,
feature_pair,numeric__original_market_monthly_price_01,numeric__trend_interest_coverage_slope_3y,original_market_history,trend_ratios,high_correlation,249,0.9924061968131616,0.001107203495095886,0.9924020097914882,-0.009184342753768724,217.0,False,False,False,False,False,1.2174057348120413,,Retain for Elastic Net consideration; do not remove automatically,,
feature_pair,numeric__original_market_monthly_price_02,numeric__trend_interest_coverage_slope_3y,original_market_history,trend_ratios,high_correlation,249,0.9924061900589826,0.011964606501364166,0.9924020025219615,0.0031799625075162063,217.0,False,False,False,False,False,1.2174029673233957,,Retain for Elastic Net consideration; do not remove automatically,,
feature_pair,numeric__original_market_monthly_price_03,numeric__trend_interest_coverage_slope_3y,original_market_history,trend_ratios,high_correlation,249,0.9924061855340256,0.013197915007048991,0.9924019980893213,0.0013429210970879893,217.0,False,False,False,False,False,1.2174034802077573,,Retain for Elastic Net consideration; do not remove automatically,,
feature_pair,numeric__original_market_monthly_price_04,numeric__trend_interest_coverage_slope_3y,original_market_history,trend_ratios,high_correlation,249,0.9924061873347878,0.028774761169495327,0.992401999651942,0.019111483654718858,217.0,False,False,False,False,False,1.2174021316901569,,Retain for Elastic Net consideration; do not remove automatically,,
feature_pair,numeric__original_market_monthly_price_05,numeric__trend_interest_coverage_slope_3y,original_market_history,trend_ratios,high_correlation,249,0.9924061874447188,0.006218690913504058,0.9924019997511792,-0.007069847628372574,217.0,False,False,False,False,False,1.2174019578385367,,Retain for Elastic Net consideration; do not remove automatically,,
feature_pair,numeric__original_market_monthly_price_06,numeric__trend_interest_coverage_slope_3y,original_market_history,trend_ratios,high_correlation,249,0.9924061929015999,-0.00012101180197195984,0.9924020050033265,-0.015335214122569062,217.0,False,False,False,False,False,1.2174006385004148,,Retain for Elastic Net consideration; do not remove automatically,,
feature_pair,numeric__original_market_monthly_price_07,numeric__trend_interest_coverage_slope_3y,original_market_history,trend_ratios,high_correlation,249,0.9924061939559123,-0.00903410195446891,0.9924020060525078,-0.021336165198324045,217.0,False,False,False,False,False,1.217400649226379,,Retain for Elastic Net consideration; do not remove automatically,,
feature_pair,numeric__original_market_monthly_price_08,numeric__trend_interest_coverage_slope_3y,original_market_history,trend_ratios,high_correlation,249,0.9924061904280692,-0.02555995932218831,0.9924020025673714,-0.036488965407192105,217.0,False,False,False,False,False,1.2174008756823294,,Retain for Elastic Net consideration; do not remove automatically,,
feature_pair,numeric__original_market_monthly_price_09,numeric__trend_interest_coverage_slope_3y,original_market_history,trend_ratios,high_correlation,249,0.9924061877946276,-0.052032227335720944,0.992401999968631,-0.06420390087234464,217.0,False,False,False,False,False,1.217401124370473,,Retain for Elastic Net consideration; do not remove automatically,,
feature_pair,numeric__original_market_monthly_price_10,numeric__trend_interest_coverage_slope_3y,original_market_history,trend_ratios,high_correlation,249,0.9924061908551159,-0.07726407501725854,0.9924020029534245,-0.09156648366718623,217.0,False,False,False,False,False,1.2174007294459925,,Retain for Elastic Net consideration; do not remove automatically,,
feature_pair,numeric__original_market_monthly_price_11,numeric__trend_interest_coverage_slope_3y,original_market_history,trend_ratios,high_correlation,249,0.9924061923274609,-0.0920541500418406,0.9924020043662019,-0.10706518978767711,217.0,False,False,False,False,False,1.2174002879988766,,Retain for Elastic Net consideration; do not remove automatically,,
feature_pair,numeric__original_market_monthly_price_12,numeric__trend_interest_coverage_slope_3y,original_market_history,trend_ratios,high_correlation,249,0.9924061801791818,-0.09242864675278273,0.9924019924991374,-0.10667567820052984,217.0,False,False,False,False,False,1.2174019704922667,,Retain for Elastic Net consideration; do not remove automatically,,
feature_pair,numeric__original_net_income,numeric__derived_net_income_margin,original_financial,derived_ratios,high_correlation,249,0.14386687280520832,0.8399063503454158,0.1434861953123413,0.8415077571419698,247.0,False,False,False,False,False,10.526551369645773,,Retain for Elastic Net consideration; do not remove automatically,,
feature_pair,numeric__original_net_income,numeric__original_free_cash_flow,original_financial,original_financial,high_correlation,249,0.8035618323310325,0.4537908337206898,0.8035576635488003,0.4535891303321637,248.0,False,False,False,False,False,5.137783586732064,,Retain for Elastic Net consideration; do not remove automatically,,
feature_pair,numeric__original_net_income,numeric__trend_net_income_change_1y,original_financial,trend_financial,high_correlation,249,0.8556757270822241,0.5785799067741695,0.8557127550831304,0.5814539425695742,244.0,False,False,False,False,False,5.204127592048853,,Retain for Elastic Net consideration; do not remove automatically,,
feature_pair,numeric__original_net_income,numeric__trend_net_income_change_2y,original_financial,trend_financial,high_correlation,249,0.9374398025650025,0.6316088158980251,0.9377213257101543,0.6424895442755765,236.0,False,False,False,False,False,2.4429598999994395,,Retain for Elastic Net consideration; do not remove automatically,,
feature_pair,numeric__original_operating_cash_flow,numeric__market_market_cap_change_12m,original_financial,market_features,high_correlation,249,-0.8286396966646755,0.0346409467097792,-0.8290496921980067,0.03597381044910307,245.0,False,False,False,False,False,5.673000570960016,,Retain for Elastic Net consideration; do not remove automatically,,affine_group_024
feature_pair,numeric__original_operating_cash_flow,numeric__original_capital_expenditures,original_financial,original_financial,high_correlation,249,-0.8716872135948079,-0.21900754898924774,-0.8716962082554838,-0.2184324682082038,248.0,False,False,False,False,False,4.296327410706812,,Retain for Elastic Net consideration; do not remove automatically,,
feature_pair,numeric__original_operating_cash_flow,numeric__original_market_cap,original_financial,original_market,high_correlation,249,0.9741121651958192,0.21305400650720543,0.9743615677795741,0.21545975024254566,245.0,False,False,False,False,False,2.142153395092343,,Retain for Elastic Net consideration; do not remove automatically,,
feature_pair,numeric__original_operating_cash_flow,numeric__original_shares_outstanding,original_financial,original_market,high_correlation,249,0.9493594616870525,0.20767284062742591,0.9496927361200811,0.209312122382682,245.0,False,False,False,False,False,2.426542017516259,,Retain for Elastic Net consideration; do not remove automatically,,
feature_pair,numeric__original_operating_cash_flow,numeric__original_turnover,original_financial,original_market,high_correlation,249,0.9697225960938055,0.14519366124657418,0.969753154614045,0.14721158003965656,247.0,False,False,False,False,False,2.3150451690648732,,Retain for Elastic Net consideration; do not remove automatically,,
feature_pair,numeric__original_operating_cash_flow,numeric__original_volume,original_financial,original_market,high_correlation,249,0.9154712800014371,0.15406989850007702,0.9154801684461618,0.15378039992019854,248.0,False,False,False,False,False,4.206841478966003,,Retain for Elastic Net consideration; do not remove automatically,,
feature_pair,numeric__original_operating_cash_flow,numeric__trend_depreciation_amortization_change_1y,original_financial,trend_financial,high_correlation,249,0.9382808947069111,0.033881009579118264,0.9525013330003301,0.00017123952299920173,138.0,False,False,False,False,False,3.651633688218832,,Retain for Elastic Net consideration; do not remove automatically,,
feature_pair,numeric__original_operating_cash_flow,numeric__trend_depreciation_amortization_change_2y,original_financial,trend_financial,high_correlation,249,0.9311453154697396,-0.0019355585570153583,0.9460343655914478,-0.029234140707296172,121.0,False,False,False,False,False,3.9048497804488576,,Retain for Elastic Net consideration; do not remove automatically,,
feature_pair,numeric__original_operating_cash_flow,numeric__trend_depreciation_amortization_change_3y,original_financial,trend_financial,high_correlation,249,0.9494948598978051,0.037579713239834264,0.9691659172427239,0.03681603390708021,111.0,False,False,False,False,False,2.4098512787048367,,Retain for Elastic Net consideration; do not remove automatically,,
feature_pair,numeric__original_operating_cash_flow,numeric__trend_depreciation_amortization_slope_3y,original_financial,trend_financial,high_correlation,249,0.8446801548684718,0.044252173822703876,0.8561957704644373,0.018188329992321686,167.0,False,False,False,False,False,4.977910339046655,,Retain for Elastic Net consideration; do not remove automatically,,
feature_pair,numeric__original_operating_cash_flow,numeric__trend_ebit_change_3y,original_financial,trend_financial,high_correlation,249,0.8212557945707505,0.15138851882235768,0.8229641996246922,0.15878052359839373,221.0,False,False,False,False,False,4.094152765218746,,Retain for Elastic Net consideration; do not remove automatically,,
feature_pair,numeric__original_operating_cash_flow,numeric__trend_ebitda_change_1y,original_financial,trend_financial,high_correlation,249,0.8203823305546828,0.06796353472346117,0.8204475102277149,0.07116047235138662,243.0,False,False,False,False,False,3.8885903371546866,,Retain for Elastic Net consideration; do not remove automatically,,
feature_pair,numeric__original_operating_cash_flow,numeric__trend_ebitda_change_2y,original_financial,trend_financial,high_correlation,249,0.884846886633588,0.095400347902216,0.8854342983437207,0.09573713345393293,234.0,False,False,False,False,False,3.467801340535518,,Retain for Elastic Net consideration; do not remove automatically,,
feature_pair,numeric__original_operating_cash_flow,numeric__trend_ebitda_change_3y,original_financial,trend_financial,high_correlation,249,0.8975358591697077,0.125511617263249,0.8986832682644922,0.1355868785873756,220.0,False,False,False,False,False,3.0038632151444147,,Retain for Elastic Net consideration; do not remove automatically,,
feature_pair,numeric__original_operating_cash_flow,numeric__trend_ebitda_slope_3y,original_financial,trend_financial,high_correlation,249,0.8736023896982015,0.13186039298968535,0.8736985209801407,0.13425835259096786,245.0,False,False,False,False,False,3.6013049629906306,,Retain for Elastic Net consideration; do not remove automatically,,
feature_pair,numeric__original_operating_cash_flow,numeric__trend_market_cap_change_1y,original_financial,trend_market,high_correlation,249,-0.8286396966646755,0.0346409467097792,-0.8290496921980067,0.03597381044910307,245.0,False,False,False,False,False,5.673000570960016,,Retain for Elastic Net consideration; do not remove automatically,,affine_group_024
feature_pair,numeric__original_operating_cash_flow,numeric__trend_market_cap_change_2y,original_financial,trend_market,high_correlation,249,-0.8854332290310263,0.003195569267471598,-0.8859477533114778,0.0051572131864422496,240.0,False,False,False,False,False,5.433254895927866,,Retain for Elastic Net consideration; do not remove automatically,,
feature_pair,numeric__original_operating_cash_flow,numeric__trend_operating_cash_flow_change_1y,original_financial,trend_financial,high_correlation,249,0.8036865222840025,0.31279843730439205,0.8039359340725374,0.3182976565062125,244.0,False,False,False,False,False,4.75837227518284,,Retain for Elastic Net consideration; do not remove automatically,,
feature_pair,numeric__original_operating_cash_flow,numeric__trend_operating_cash_flow_change_2y,original_financial,trend_financial,high_correlation,249,0.9187915119835953,0.5229811638628468,0.9193783900351343,0.5398939219653286,235.0,False,False,False,False,False,3.589630212672148,,Retain for Elastic Net consideration; do not remove automatically,,
feature_pair,numeric__original_operating_cash_flow,numeric__trend_operating_cash_flow_change_3y,original_financial,trend_financial,high_correlation,249,0.8546306194735315,0.4190457344966805,0.8569276411993093,0.45291571294458666,220.0,False,False,False,False,False,4.035289671048102,,Retain for Elastic Net consideration; do not remove automatically,,
feature_pair,numeric__original_operating_cash_flow,numeric__trend_operating_cash_flow_slope_3y,original_financial,trend_financial,high_correlation,249,0.8648683597187085,0.4415470848359317,0.865110507348521,0.4458264789210502,245.0,False,False,False,False,False,3.7950937468099957,,Retain for Elastic Net consideration; do not remove automatically,,
feature_pair,numeric__original_operating_cash_flow,numeric__trend_volume_change_2y,original_financial,trend_market,high_correlation,249,0.8451881294625747,0.009770828597289392,0.8453135983663365,0.007577791005554719,242.0,False,False,False,False,False,5.3018971031958015,,Retain for Elastic Net consideration; do not remove automatically,,
feature_pair,numeric__original_operating_cash_flow,numeric__trend_volume_change_3y,original_financial,trend_market,high_correlation,249,0.8477687437426625,0.005336400433326544,0.8487485591510789,0.0049886821379259965,233.0,False,False,False,False,False,5.764511769707552,,Retain for Elastic Net consideration; do not remove automatically,,
feature_pair,numeric__original_operating_cash_flow,numeric__trend_volume_slope_3y,original_financial,trend_market,high_correlation,249,0.8685527278194916,-0.002696859260792671,0.8685536577062788,-0.0026269443931985228,248.0,False,False,False,False,False,5.003375908116022,,Retain for Elastic Net consideration; do not remove automatically,,
feature_pair,numeric__original_revenue,numeric__original_log_total_assets,original_financial,original_market,high_correlation,249,0.5270187653055736,0.8809949337260958,0.5270187653055739,0.8809949337260958,249.0,False,False,False,False,False,7.377486049256454,,Retain for Elastic Net consideration; do not remove automatically,,
feature_pair,numeric__original_shareholders_equity,numeric__market_market_cap_change_12m,original_financial,market_features,high_correlation,249,-0.8385555582033747,-0.16161725881002495,-0.950142292405355,-0.2481389179194469,72.0,False,False,False,False,False,5.765154118219858,,Retain for Elastic Net consideration; do not remove automatically,,affine_group_024
feature_pair,numeric__original_shareholders_equity,numeric__original_capital_expenditures,original_financial,original_financial,high_correlation,249,-0.9097668265234078,-0.20784135949454632,-0.9958309594888023,-0.428092355673301,71.0,False,False,False,False,False,4.01671590968208,,Retain for Elastic Net consideration; do not remove automatically,,
feature_pair,numeric__original_shareholders_equity,numeric__original_depreciation_amortization,original_financial,original_financial,high_correlation,249,0.9561990663777256,0.17225269303783824,0.9970066539155027,0.5229034531360113,44.0,False,False,False,False,False,3.8082903950657254,,Retain for Elastic Net consideration; do not remove automatically,,
feature_pair,numeric__original_shareholders_equity,numeric__original_ebit,original_financial,original_financial,high_correlation,249,0.8776889221660715,0.20782173736211593,0.9598861320985816,0.36869523273575044,72.0,False,False,False,False,False,3.6448164613200444,,Retain for Elastic Net consideration; do not remove automatically,,
feature_pair,numeric__original_shareholders_equity,numeric__original_ebitda,original_financial,original_financial,high_correlation,249,0.959016651910472,0.29006040511656245,0.9899489699344067,0.5279934271198377,71.0,False,False,False,False,False,2.6732053087549428,,Retain for Elastic Net consideration; do not remove automatically,,
feature_pair,numeric__original_shareholders_equity,numeric__original_interest_expense,original_financial,original_financial,high_correlation,249,0.821656427499062,0.12501221152505576,0.9439947406453401,0.22011190409875875,65.0,False,False,False,False,False,4.585352066683306,,Retain for Elastic Net consideration; do not remove automatically,,
feature_pair,numeric__original_shareholders_equity,numeric__original_market_cap,original_financial,original_market,high_correlation,249,0.9952922442548975,0.29257731826423927,0.9963284029657195,0.5655920893962537,72.0,False,False,False,False,False,0.7975958838106317,,Retain for Elastic Net consideration; do not remove automatically,,
feature_pair,numeric__original_shareholders_equity,numeric__original_operating_cash_flow,original_financial,original_financial,high_correlation,249,0.9761506002109639,0.15137696256619207,0.996066320458231,0.3565619812538775,71.0,False,False,False,False,False,1.9739989043003017,,Retain for Elastic Net consideration; do not remove automatically,,
feature_pair,numeric__original_shareholders_equity,numeric__original_shares_outstanding,original_financial,original_market,high_correlation,249,0.9672731737627717,0.1308678875252843,0.9904974475448477,0.25227108288447625,72.0,False,False,False,False,False,2.5186955647761002,,Retain for Elastic Net consideration; do not remove automatically,,
feature_pair,numeric__original_shareholders_equity,numeric__original_turnover,original_financial,original_market,high_correlation,249,0.9924194297431482,0.23819278335224972,0.995701991064866,0.44551454688675857,72.0,False,False,False,False,False,1.0001370533216905,,Retain for Elastic Net consideration; do not remove automatically,,
feature_pair,numeric__original_shareholders_equity,numeric__original_volume,original_financial,original_market,high_correlation,249,0.9333345901868044,0.15048410183221247,0.9824458170913145,0.28778609385853304,72.0,False,False,False,False,False,4.298995026225844,,Retain for Elastic Net consideration; do not remove automatically,,
feature_pair,numeric__original_shareholders_equity,numeric__trend_depreciation_amortization_change_1y,original_financial,trend_financial,high_correlation,249,0.97661977853591,0.09750359263103353,0.998759519433255,0.3787449392712551,39.0,False,False,False,False,False,2.202843008921359,,Retain for Elastic Net consideration; do not remove automatically,,
feature_pair,numeric__original_shareholders_equity,numeric__trend_depreciation_amortization_change_2y,original_financial,trend_financial,high_correlation,249,0.9716089755806221,0.09720063743262075,0.9982775520173073,0.18914956011730205,32.0,False,False,False,False,False,2.4560591011513844,,Retain for Elastic Net consideration; do not remove automatically,,
feature_pair,numeric__original_shareholders_equity,numeric__trend_depreciation_amortization_change_3y,original_financial,trend_financial,high_correlation,249,0.9776227456640194,0.12983452931093434,0.9981351510676605,0.3411764705882353,34.0,False,False,False,False,False,1.886307990233191,,Retain for Elastic Net consideration; do not remove automatically,,
feature_pair,numeric__original_shareholders_equity,numeric__trend_depreciation_amortization_slope_3y,original_financial,trend_financial,high_correlation,249,0.8997970082733635,0.08390552440072067,0.9877249575126293,0.19057094749732129,49.0,False,False,False,False,False,3.529119659749182,,Retain for Elastic Net consideration; do not remove automatically,,
feature_pair,numeric__original_shareholders_equity,numeric__trend_ebitda_change_2y,original_financial,trend_financial,high_correlation,249,0.869645052080912,0.07715169237593883,0.9274235154979343,0.0825188622371618,69.0,False,False,False,False,False,3.485801846918316,,Retain for Elastic Net consideration; do not remove automatically,,
feature_pair,numeric__original_shareholders_equity,numeric__trend_ebitda_change_3y,original_financial,trend_financial,high_correlation,249,0.884395556995133,0.06345942645591122,0.9442304800686588,0.10753267484784995,67.0,False,False,False,False,False,3.4107621506341532,,Retain for Elastic Net consideration; do not remove automatically,,
feature_pair,numeric__original_shareholders_equity,numeric__trend_ebitda_slope_3y,original_financial,trend_financial,high_correlation,249,0.8628790258937995,0.06746724012506108,0.9223523905653735,0.09364677476148157,71.0,False,False,False,False,False,3.8783720251729923,,Retain for Elastic Net consideration; do not remove automatically,,
feature_pair,numeric__original_shareholders_equity,numeric__trend_market_cap_change_1y,original_financial,trend_market,high_correlation,249,-0.8385555582033747,-0.16161725881002495,-0.950142292405355,-0.2481389179194469,72.0,False,False,False,False,False,5.765154118219858,,Retain for Elastic Net consideration; do not remove automatically,,affine_group_024
feature_pair,numeric__original_shareholders_equity,numeric__trend_market_cap_change_2y,original_financial,trend_market,high_correlation,249,-0.8974688317579931,-0.08079515729516087,-0.9798751848629252,-0.19308626095345285,72.0,False,False,False,False,False,5.5254084431877075,,Retain for Elastic Net consideration; do not remove automatically,,
feature_pair,numeric__original_shareholders_equity,numeric__trend_market_cap_slope_3y,original_financial,trend_market,high_correlation,249,-0.8088333291740096,-0.010602938898274584,-0.865331641406982,-0.06924993970576412,72.0,False,False,False,False,False,5.305776903548319,,Retain for Elastic Net consideration; do not remove automatically,,
feature_pair,numeric__original_shareholders_equity,numeric__trend_operating_cash_flow_change_2y,original_financial,trend_financial,high_correlation,249,0.8742626955070284,0.04998863311659594,0.9546598268845585,0.07038857121978845,69.0,False,False,False,False,False,4.815213007489347,,Retain for Elastic Net consideration; do not remove automatically,,
feature_pair,numeric__original_shareholders_equity,numeric__trend_operating_cash_flow_change_3y,original_financial,trend_financial,high_correlation,249,0.8102763058678036,-0.006628000737223574,0.9270288876069559,0.079397386012172,67.0,False,False,False,False,False,5.865139243990853,,Retain for Elastic Net consideration; do not remove automatically,,
feature_pair,numeric__original_shareholders_equity,numeric__trend_operating_cash_flow_slope_3y,original_financial,trend_financial,high_correlation,249,0.8254716611964962,0.03502676279889274,0.9254940090463493,0.07781820620734754,71.0,False,False,False,False,False,5.111002519823698,,Retain for Elastic Net consideration; do not remove automatically,,
feature_pair,numeric__original_shareholders_equity,numeric__trend_volume_change_2y,original_financial,trend_market,high_correlation,249,0.8667230513395203,-0.09696907722971222,0.977215288006905,-0.1614586264331744,72.0,False,False,False,False,False,5.394050650455643,,Retain for Elastic Net consideration; do not remove automatically,,
feature_pair,numeric__original_shareholders_equity,numeric__trend_volume_change_3y,original_financial,trend_market,high_correlation,249,0.8781121740119338,0.02318835744445873,0.9843162033876717,0.023145991469649064,69.0,False,False,False,False,False,5.856665316967393,,Retain for Elastic Net consideration; do not remove automatically,,
feature_pair,numeric__original_shareholders_equity,numeric__trend_volume_slope_3y,original_financial,trend_market,high_correlation,249,0.8947958773587641,-0.005067218316079191,0.977294257078783,-0.02246143209790327,72.0,False,False,False,False,False,5.095529455375863,,Retain for Elastic Net consideration; do not remove automatically,,
feature_pair,numeric__original_shares_outstanding,numeric__market_market_cap_change_12m,original_market,market_features,high_correlation,249,-0.9145169362464979,-0.3632653759248179,-0.9145059159111723,-0.36300991938216665,246.0,False,False,False,False,False,3.3095407535620236,,Retain for Elastic Net consideration; do not remove automatically,,affine_group_024
feature_pair,numeric__original_shares_outstanding,numeric__original_turnover,original_market,original_market,high_correlation,249,0.9720501073172869,0.5158153764189077,0.972081826506818,0.5191192787724548,245.0,False,False,False,False,False,2.2505811599797165,,Retain for Elastic Net consideration; do not remove automatically,,
feature_pair,numeric__original_shares_outstanding,numeric__original_volume,original_market,original_market,high_correlation,249,0.9766932557407441,0.8169872519247435,0.9766920279330404,0.820711512887512,246.0,False,False,False,False,False,1.780299461449744,,Retain for Elastic Net consideration; do not remove automatically,,
feature_pair,numeric__original_shares_outstanding,numeric__trend_depreciation_amortization_change_1y,original_market,trend_financial,high_correlation,249,0.9481691362495276,0.13110961020693604,0.9653125682438062,0.13901740095399057,135.0,False,False,False,False,False,2.517392390473108,,Retain for Elastic Net consideration; do not remove automatically,,
feature_pair,numeric__original_shares_outstanding,numeric__trend_depreciation_amortization_change_2y,original_market,trend_financial,high_correlation,249,0.9363032197577059,0.1660139470908062,0.9536933680374515,0.1823593538011159,118.0,False,False,False,False,False,3.2496919342508255,,Retain for Elastic Net consideration; do not remove automatically,,
feature_pair,numeric__original_shares_outstanding,numeric__trend_depreciation_amortization_change_3y,original_market,trend_financial,high_correlation,249,0.9436285675917254,0.22057018245131846,0.961419740973872,0.262457039558886,108.0,False,False,False,False,False,3.2609684614432455,,Retain for Elastic Net consideration; do not remove automatically,,
feature_pair,numeric__original_shares_outstanding,numeric__trend_depreciation_amortization_slope_3y,original_market,trend_financial,high_correlation,249,0.8625130210910505,0.24344895394605193,0.8769135620091327,0.22690795238400546,165.0,False,False,False,False,False,3.7682818118891395,,Retain for Elastic Net consideration; do not remove automatically,,
feature_pair,numeric__original_shares_outstanding,numeric__trend_ebitda_change_2y,original_market,trend_financial,high_correlation,249,0.8562013901633554,-0.028185903353810077,0.8584218772629912,-0.0266843916828686,231.0,False,False,False,False,False,3.3523243993907084,,Retain for Elastic Net consideration; do not remove automatically,,
feature_pair,numeric__original_shares_outstanding,numeric__trend_ebitda_change_3y,original_market,trend_financial,high_correlation,249,0.8721472527737829,0.04215283988924848,0.8748451067531557,0.054512859869969135,217.0,False,False,False,False,False,3.2772847031065457,,Retain for Elastic Net consideration; do not remove automatically,,
feature_pair,numeric__original_shares_outstanding,numeric__trend_ebitda_slope_3y,original_market,trend_financial,high_correlation,249,0.8515676356354505,0.020740910597084806,0.853003065477567,0.02133116559331434,243.0,False,False,False,False,False,3.2099605287150186,,Retain for Elastic Net consideration; do not remove automatically,,
feature_pair,numeric__original_shares_outstanding,numeric__trend_market_cap_change_1y,original_market,trend_market,high_correlation,249,-0.9145169362464979,-0.3632653759248179,-0.9145059159111723,-0.36300991938216665,246.0,False,False,False,False,False,3.3095407535620236,,Retain for Elastic Net consideration; do not remove automatically,,affine_group_024
feature_pair,numeric__original_shares_outstanding,numeric__trend_market_cap_change_2y,original_market,trend_market,high_correlation,249,-0.9542753322606966,-0.3342836133427469,-0.9544469825867683,-0.33740914617061496,241.0,False,False,False,False,False,3.0067128784116073,,Retain for Elastic Net consideration; do not remove automatically,,
feature_pair,numeric__original_shares_outstanding,numeric__trend_market_cap_change_3y,original_market,trend_market,high_correlation,249,-0.8107142134252305,-0.28242681686356713,-0.811442656815073,-0.28824507951440176,225.0,False,False,False,False,False,5.565766591977388,,Retain for Elastic Net consideration; do not remove automatically,,
feature_pair,numeric__original_shares_outstanding,numeric__trend_market_cap_slope_3y,original_market,trend_market,high_correlation,249,-0.8498123935079639,-0.2754781996337628,-0.8498222334701129,-0.27477214771281167,246.0,False,False,False,False,False,3.777340989141502,,Retain for Elastic Net consideration; do not remove automatically,,
feature_pair,numeric__original_shares_outstanding,numeric__trend_operating_cash_flow_change_2y,original_market,trend_financial,high_correlation,249,0.8396045846503979,-0.11411804254973948,0.8417019203760002,-0.11781362453338992,232.0,False,False,False,False,False,5.229701615085319,,Retain for Elastic Net consideration; do not remove automatically,,
feature_pair,numeric__original_shares_outstanding,numeric__trend_volume_change_2y,original_market,trend_market,high_correlation,249,0.8896917686349016,0.1713272315308691,0.8897939031978447,0.16882470834728597,241.0,False,False,False,False,False,5.2621200858583475,,Retain for Elastic Net consideration; do not remove automatically,,
feature_pair,numeric__original_shares_outstanding,numeric__trend_volume_change_3y,original_market,trend_market,high_correlation,249,0.9115509226596147,0.13228960429868442,0.9120798136033629,0.12846598814255852,232.0,False,False,False,False,False,4.046708464390116,,Retain for Elastic Net consideration; do not remove automatically,,
feature_pair,numeric__original_shares_outstanding,numeric__trend_volume_slope_3y,original_market,trend_market,high_correlation,249,0.9234281007141101,0.1466030750714913,0.9234245102923289,0.1456532257793232,246.0,False,False,False,False,False,3.9359520933497927,,Retain for Elastic Net consideration; do not remove automatically,,
feature_pair,numeric__original_short_term_debt,numeric__trend_short_term_debt_change_1y,original_financial,trend_financial,high_correlation,249,0.8257137129748339,0.35257612447248604,0.8258772714510265,0.35860865631831,241.0,False,False,False,False,False,4.4652992019629965,,Retain for Elastic Net consideration; do not remove automatically,,
feature_pair,numeric__original_short_term_debt,numeric__trend_short_term_debt_change_2y,original_financial,trend_financial,high_correlation,249,0.8220486016712953,0.5004763124962706,0.8219680129706757,0.5019364995787539,233.0,False,False,False,False,False,7.554842050614449,,Retain for Elastic Net consideration; do not remove automatically,,
feature_pair,numeric__original_signed_log_ebit,numeric__derived_ebit_margin,original_market,derived_ratios,high_correlation,249,0.3058941522774662,0.8088701333934819,0.3087670604574332,0.8109442514648663,247.0,False,False,False,False,False,8.79756671918019,,Retain for Elastic Net consideration; do not remove automatically,,
feature_pair,numeric__original_signed_log_ebit,numeric__original_signed_log_ebitda,original_market,original_market,high_correlation,249,0.8555749269848755,0.8545640957078829,0.8564451642089095,0.8560956996522587,248.0,False,False,False,False,False,3.224747177076744,,Retain for Elastic Net consideration; do not remove automatically,,
feature_pair,numeric__original_signed_log_net_income,numeric__derived_net_income_margin,original_market,derived_ratios,high_correlation,249,0.29166494505719287,0.8399063503454158,0.29214496659321626,0.8415077571419698,247.0,False,False,False,False,False,8.494204176388683,,Retain for Elastic Net consideration; do not remove automatically,,
feature_pair,numeric__original_total_assets,numeric__market_market_cap_change_12m,original_financial,market_features,high_correlation,249,-0.855300715214149,-0.6027818548458516,-0.8552898449973843,-0.6037743149495534,246.0,False,False,False,False,False,5.050542128212327,,Retain for Elastic Net consideration; do not remove automatically,,affine_group_024
feature_pair,numeric__original_total_assets,numeric__original_accounts_receivable,original_financial,original_financial,high_correlation,249,0.6317840948124783,0.8221541778833426,0.6317840948124784,0.8221541778833426,249.0,False,False,False,False,False,7.506537748196021,,Retain for Elastic Net consideration; do not remove automatically,,
feature_pair,numeric__original_total_assets,numeric__original_capital_expenditures,original_financial,original_financial,high_correlation,249,-0.9454994621450636,-0.8497813927633443,-0.9454939426483021,-0.854718163106564,248.0,False,False,False,False,False,3.3021039196745496,,Retain for Elastic Net consideration; do not remove automatically,,
feature_pair,numeric__original_total_assets,numeric__original_current_assets,original_financial,original_financial,high_correlation,249,0.5544838214046285,0.9002400314652647,0.5544838214046289,0.9002400314652647,249.0,False,False,False,False,False,9.609303811260858,,Retain for Elastic Net consideration; do not remove automatically,,
feature_pair,numeric__original_total_assets,numeric__original_current_liabilities,original_financial,original_financial,high_correlation,249,0.7818712838907992,0.9200908201956007,0.7818712838908004,0.9200908201956007,249.0,False,False,False,False,False,5.552997750438017,,Retain for Elastic Net consideration; do not remove automatically,,
feature_pair,numeric__original_total_assets,numeric__original_depreciation_amortization,original_financial,original_financial,high_correlation,249,0.9491330216819223,0.6331683421350007,0.9886924893697324,0.882740088172459,153.0,False,False,False,False,False,2.820159552150113,,Retain for Elastic Net consideration; do not remove automatically,,
feature_pair,numeric__original_total_assets,numeric__original_ebit,original_financial,original_financial,high_correlation,249,0.820623459460816,0.23385267602437004,0.8206234594608157,0.23385267602437004,249.0,False,False,False,False,False,6.424433554924329,,Retain for Elastic Net consideration; do not remove automatically,,
feature_pair,numeric__original_total_assets,numeric__original_ebitda,original_financial,original_financial,high_correlation,249,0.9556488545417511,0.49333150926002217,0.9556565077899416,0.49535663147294384,248.0,False,False,False,False,False,3.126682679571174,,Retain for Elastic Net consideration; do not remove automatically,,
feature_pair,numeric__original_total_assets,numeric__original_interest_expense,original_financial,original_financial,high_correlation,249,0.9202209171503677,0.8307067651446671,0.9315283971391872,0.852645579981425,233.0,False,False,False,False,False,3.5915213250557825,,Retain for Elastic Net consideration; do not remove automatically,,
feature_pair,numeric__original_total_assets,numeric__original_long_term_debt,original_financial,original_financial,high_correlation,249,0.8665625668799073,0.7924854505772575,0.8664897812169495,0.8000493163113305,245.0,False,False,False,False,False,5.612255679021862,,Retain for Elastic Net consideration; do not remove automatically,,
feature_pair,numeric__original_total_assets,numeric__original_market_cap,original_financial,original_market,high_correlation,249,0.9486236160135398,0.4258767650390452,0.9486355821379513,0.42748484802692094,246.0,False,False,False,False,False,2.6114626028122436,,Retain for Elastic Net consideration; do not remove automatically,,
feature_pair,numeric__original_total_assets,numeric__original_operating_cash_flow,original_financial,original_financial,high_correlation,249,0.921095682654212,0.23425298756780033,0.9211176264551075,0.2349574370997435,248.0,False,False,False,False,False,4.753615997904586,,Retain for Elastic Net consideration; do not remove automatically,,
feature_pair,numeric__original_total_assets,numeric__original_revenue,original_financial,original_financial,high_correlation,249,0.81399483056604,0.8809949337260958,0.8139948305660403,0.8809949337260958,249.0,False,False,False,False,False,4.912877073065917,,Retain for Elastic Net consideration; do not remove automatically,,
feature_pair,numeric__original_total_assets,numeric__original_shareholders_equity,original_financial,original_financial,high_correlation,249,0.9476494873276874,0.2675514368636068,0.9978915513120554,0.5302837848701664,72.0,False,False,False,False,False,2.7796170936042848,,Retain for Elastic Net consideration; do not remove automatically,,
feature_pair,numeric__original_total_assets,numeric__original_shares_outstanding,original_financial,original_market,high_correlation,249,0.952666969785807,0.6672325464911071,0.9526704041802866,0.6693402103913014,246.0,False,False,False,False,False,2.3651284860083126,,Retain for Elastic Net consideration; do not remove automatically,,
feature_pair,numeric__original_total_assets,numeric__original_signed_log_capital_expenditures,original_financial,original_market,high_correlation,249,-0.41499801701274197,-0.8497813927633443,-0.4149632438067954,-0.854718163106564,248.0,False,False,False,False,False,11.144599993383995,,Retain for Elastic Net consideration; do not remove automatically,,
feature_pair,numeric__original_total_assets,numeric__original_signed_log_interest_expense,original_financial,original_market,high_correlation,249,0.37079467777062863,0.8307067651446671,0.375021681750865,0.852645579981425,233.0,False,False,False,False,False,11.572822000140896,,Retain for Elastic Net consideration; do not remove automatically,,
feature_pair,numeric__original_total_assets,numeric__original_total_debt,original_financial,original_financial,high_correlation,249,0.8757022677189961,0.8549137153888722,0.875635929407693,0.8638876901818185,245.0,False,False,False,False,False,5.312579126352025,,Retain for Elastic Net consideration; do not remove automatically,,
feature_pair,numeric__original_total_assets,numeric__original_total_liabilities,original_financial,original_financial,high_correlation,249,0.9638630303723694,0.9593710673249707,0.9638527210672512,0.9646234190672317,247.0,False,False,False,False,False,2.2084829217434243,,Retain for Elastic Net consideration; do not remove automatically,,
feature_pair,numeric__original_total_assets,numeric__original_turnover,original_financial,original_market,high_correlation,249,0.9511242566408794,0.5622106974045207,0.9511231889734088,0.5633038068198314,248.0,False,False,False,False,False,2.438570828839713,,Retain for Elastic Net consideration; do not remove automatically,,
feature_pair,numeric__original_total_assets,numeric__original_volume,original_financial,original_market,high_correlation,249,0.9294259581570218,0.703486374599784,0.9294259581570211,0.703486374599784,249.0,False,False,False,False,False,3.5843830362183136,,Retain for Elastic Net consideration; do not remove automatically,,
feature_pair,numeric__original_total_assets,numeric__trend_depreciation_amortization_change_1y,original_financial,trend_financial,high_correlation,249,0.9244345035156717,0.25793900616785526,0.9620509128175052,0.29057063859324544,138.0,False,False,False,False,False,2.7783139193012927,,Retain for Elastic Net consideration; do not remove automatically,,
feature_pair,numeric__original_total_assets,numeric__trend_depreciation_amortization_change_2y,original_financial,trend_financial,high_correlation,249,0.9135281217916102,0.2603386994089524,0.9525404467115897,0.29482415821865143,121.0,False,False,False,False,False,3.6590825738333406,,Retain for Elastic Net consideration; do not remove automatically,,
feature_pair,numeric__original_total_assets,numeric__trend_depreciation_amortization_change_3y,original_financial,trend_financial,high_correlation,249,0.920285500240027,0.26357455818894693,0.9598522634284775,0.3186291500853381,111.0,False,False,False,False,False,3.6703591010257606,,Retain for Elastic Net consideration; do not remove automatically,,
feature_pair,numeric__original_total_assets,numeric__trend_depreciation_amortization_slope_3y,original_financial,trend_financial,high_correlation,249,0.8377000984676276,0.31713451444818225,0.8682758562280609,0.3081266450698522,168.0,False,False,False,False,False,4.208598917959801,,Retain for Elastic Net consideration; do not remove automatically,,
feature_pair,numeric__original_total_assets,numeric__trend_ebitda_change_2y,original_financial,trend_financial,high_correlation,249,0.8317362541622368,-0.14962475542570763,0.8333929740594298,-0.1456209747775752,234.0,False,False,False,False,False,4.59707339278617,,Retain for Elastic Net consideration; do not remove automatically,,
feature_pair,numeric__original_total_assets,numeric__trend_ebitda_change_3y,original_financial,trend_financial,high_correlation,249,0.8716082049211666,-0.10531142162120201,0.8738270730813599,-0.10099029316599667,220.0,False,False,False,False,False,4.024847999867988,,Retain for Elastic Net consideration; do not remove automatically,,
feature_pair,numeric__original_total_assets,numeric__trend_ebitda_slope_3y,original_financial,trend_financial,high_correlation,249,0.847749780832978,-0.12301544426457878,0.8478972083171271,-0.12108970537795366,246.0,False,False,False,False,False,4.075321275993049,,Retain for Elastic Net consideration; do not remove automatically,,
feature_pair,numeric__original_total_assets,numeric__trend_market_cap_change_1y,original_financial,trend_market,high_correlation,249,-0.855300715214149,-0.6027818548458516,-0.8552898449973843,-0.6037743149495534,246.0,False,False,False,False,False,5.050542128212327,,Retain for Elastic Net consideration; do not remove automatically,,affine_group_024
feature_pair,numeric__original_total_assets,numeric__trend_market_cap_change_2y,original_financial,trend_market,high_correlation,249,-0.9090645586955354,-0.6351650595564077,-0.9093222476533753,-0.6384698725073683,241.0,False,False,False,False,False,4.810796453180177,,Retain for Elastic Net consideration; do not remove automatically,,
feature_pair,numeric__original_total_assets,numeric__trend_market_cap_change_3y,original_financial,trend_market,high_correlation,249,-0.8371236200996484,-0.566821792148931,-0.837798122021525,-0.5764662037325384,225.0,False,False,False,False,False,6.650861790967515,,Retain for Elastic Net consideration; do not remove automatically,,
feature_pair,numeric__original_total_assets,numeric__trend_market_cap_slope_3y,original_financial,trend_market,high_correlation,249,-0.8577891098703563,-0.5602982982286705,-0.8578256496789358,-0.5587267808292665,246.0,False,False,False,False,False,4.862436188131629,,Retain for Elastic Net consideration; do not remove automatically,,
feature_pair,numeric__original_total_assets,numeric__trend_volume_change_2y,original_financial,trend_market,high_correlation,249,0.8242377072496929,0.15662980259321466,0.8243912381345524,0.15623660585676896,243.0,False,False,False,False,False,5.6715107254408625,,Retain for Elastic Net consideration; do not remove automatically,,
feature_pair,numeric__original_total_assets,numeric__trend_volume_change_3y,original_financial,trend_market,high_correlation,249,0.854152882429943,0.21857163872595348,0.8542979743746663,0.21824426240639275,234.0,False,False,False,False,False,5.1420533269598625,,Retain for Elastic Net consideration; do not remove automatically,,
feature_pair,numeric__original_total_assets,numeric__trend_volume_slope_3y,original_financial,trend_market,high_correlation,249,0.8704500576221542,0.16945868099924732,0.8704500576221542,0.16945868099924732,249.0,False,False,False,False,False,4.3809174653683325,,Retain for Elastic Net consideration; do not remove automatically,,
feature_pair,numeric__original_total_debt,numeric__original_capital_expenditures,original_financial,original_financial,high_correlation,249,-0.8303437631612082,-0.7780356349788554,-0.8302426362105336,-0.789780968293722,244.0,False,False,False,False,False,4.319889340560716,,Retain for Elastic Net consideration; do not remove automatically,,
feature_pair,numeric__original_total_debt,numeric__original_depreciation_amortization,original_financial,original_financial,high_correlation,249,0.8126558528068517,0.5904664032268019,0.9190717309716555,0.818814939710463,153.0,False,False,False,False,False,4.9566295021609825,,Retain for Elastic Net consideration; do not remove automatically,,
feature_pair,numeric__original_total_debt,numeric__original_ebitda,original_financial,original_financial,high_correlation,249,0.8214929152811785,0.40982608362730527,0.8215005864729177,0.41780097227930396,244.0,False,False,False,False,False,5.263152629582043,,Retain for Elastic Net consideration; do not remove automatically,,
feature_pair,numeric__original_total_debt,numeric__original_interest_expense,original_financial,original_financial,high_correlation,249,0.8744412343322263,0.9086286531629544,0.9903115669515264,0.9638165898106755,229.0,False,False,False,False,False,7.2944851243045505,,Retain for Elastic Net consideration; do not remove automatically,,
feature_pair,numeric__original_total_debt,numeric__original_log_total_assets,original_financial,original_market,high_correlation,249,0.48045379293312246,0.8549137153888722,0.48214980017496234,0.8638876901818185,245.0,False,False,False,False,False,7.971925851922094,,Retain for Elastic Net consideration; do not remove automatically,,
feature_pair,numeric__original_total_debt,numeric__original_long_term_debt,original_financial,original_financial,high_correlation,249,0.9972177835649411,0.9163070317706885,0.9972154409624682,0.9158626530712654,245.0,False,False,False,False,False,0.7845617801529923,,Retain for Elastic Net consideration; do not remove automatically,,
feature_pair,numeric__original_total_debt,numeric__original_signed_log_interest_expense,original_financial,original_market,high_correlation,249,0.45616794411154055,0.9086286531629544,0.5174407754321911,0.9638165898106755,229.0,False,False,False,False,False,7.933932282971293,,Retain for Elastic Net consideration; do not remove automatically,,
feature_pair,numeric__original_total_liabilities,numeric__original_accounts_receivable,original_financial,original_financial,high_correlation,249,0.673607961696028,0.8057459142436048,0.6735037657022593,0.8061588104120759,247.0,False,False,False,False,False,6.698025155880661,,Retain for Elastic Net consideration; do not remove automatically,,
feature_pair,numeric__original_total_liabilities,numeric__original_capital_expenditures,original_financial,original_financial,high_correlation,249,-0.9028012868665575,-0.8316786122301766,-0.9027669447439106,-0.8401107811291034,246.0,False,False,False,False,False,3.4197012300801433,,Retain for Elastic Net consideration; do not remove automatically,,
feature_pair,numeric__original_total_liabilities,numeric__original_current_assets,original_financial,original_financial,high_correlation,249,0.6323133050408954,0.8418247380291809,0.6322117051196451,0.8447703596109404,247.0,False,False,False,False,False,7.988242410605614,,Retain for Elastic Net consideration; do not remove automatically,,
feature_pair,numeric__original_total_liabilities,numeric__original_current_liabilities,original_financial,original_financial,high_correlation,249,0.8536920748461919,0.916512047832491,0.8536746568260779,0.9187208241157049,247.0,False,False,False,False,False,4.2348190359632545,,Retain for Elastic Net consideration; do not remove automatically,,
feature_pair,numeric__original_total_liabilities,numeric__original_depreciation_amortization,original_financial,original_financial,high_correlation,249,0.8884364485968074,0.6252787401789331,0.9853996754186912,0.8874611430216357,153.0,False,False,False,False,False,5.013108089687324,,Retain for Elastic Net consideration; do not remove automatically,,
feature_pair,numeric__original_total_liabilities,numeric__original_ebitda,original_financial,original_financial,high_correlation,249,0.8979144326638187,0.46955181395695633,0.8979243205379658,0.47651677010822974,246.0,False,False,False,False,False,5.319631217108385,,Retain for Elastic Net consideration; do not remove automatically,,
feature_pair,numeric__original_total_liabilities,numeric__original_interest_expense,original_financial,original_financial,high_correlation,249,0.9338318192282503,0.8898204924786609,0.973587732088877,0.9246906075368223,231.0,False,False,False,False,False,4.190388919695949,,Retain for Elastic Net consideration; do not remove automatically,,
feature_pair,numeric__original_total_liabilities,numeric__original_log_total_assets,original_financial,original_market,high_correlation,249,0.4518567319992844,0.9593710673249707,0.4522408162625249,0.9646234190672317,247.0,False,False,False,False,False,9.989754168436452,,Retain for Elastic Net consideration; do not remove automatically,,
feature_pair,numeric__original_total_liabilities,numeric__original_long_term_debt,original_financial,original_financial,high_correlation,249,0.9548586512586885,0.8574913478458005,0.9548265796687856,0.8614439684522667,245.0,False,False,False,False,False,3.4037727572784378,,Retain for Elastic Net consideration; do not remove automatically,,
feature_pair,numeric__original_total_liabilities,numeric__original_market_cap,original_financial,original_market,high_correlation,249,0.8477488995152918,0.2990427298009617,0.8477847418689369,0.3043690077290232,244.0,False,False,False,False,False,4.804411140349455,,Retain for Elastic Net consideration; do not remove automatically,,
feature_pair,numeric__original_total_liabilities,numeric__original_operating_cash_flow,original_financial,original_financial,high_correlation,249,0.8161696428487039,0.20184423282765404,0.8162262324421139,0.20318760426276777,246.0,False,False,False,False,False,6.946564535441798,,Retain for Elastic Net consideration; do not remove automatically,,
feature_pair,numeric__original_total_liabilities,numeric__original_revenue,original_financial,original_financial,high_correlation,249,0.8525665577417688,0.8605019795037866,0.8525321706201164,0.8615398459441503,247.0,False,False,False,False,False,4.845137811552554,,Retain for Elastic Net consideration; do not remove automatically,,
feature_pair,numeric__original_total_liabilities,numeric__original_shareholders_equity,original_financial,original_financial,high_correlation,249,0.8435604759536094,0.19093506178783487,0.9854560228488495,0.38866468365624246,72.0,False,False,False,False,False,4.972565631141496,,Retain for Elastic Net consideration; do not remove automatically,,
feature_pair,numeric__original_total_liabilities,numeric__original_shares_outstanding,original_financial,original_market,high_correlation,249,0.8749809269397077,0.6414800722551555,0.8749563274748223,0.6437078712762682,244.0,False,False,False,False,False,4.558077023545524,,Retain for Elastic Net consideration; do not remove automatically,,
feature_pair,numeric__original_total_liabilities,numeric__original_signed_log_capital_expenditures,original_financial,original_market,high_correlation,249,-0.48126032653522094,-0.8316786122301766,-0.48209424535013196,-0.8401107811291034,246.0,False,False,False,False,False,9.52353859272875,,Retain for Elastic Net consideration; do not remove automatically,,
feature_pair,numeric__original_total_liabilities,numeric__original_signed_log_interest_expense,original_financial,original_market,high_correlation,249,0.4358471687435338,0.8898204924786609,0.4546451488452842,0.9246906075368223,231.0,False,False,False,False,False,9.95176059948565,,Retain for Elastic Net consideration; do not remove automatically,,
feature_pair,numeric__original_total_liabilities,numeric__original_total_debt,original_financial,original_financial,high_correlation,249,0.963057820057351,0.9303820977191276,0.9630322711771393,0.9355475906214625,245.0,False,False,False,False,False,3.104096204608601,,Retain for Elastic Net consideration; do not remove automatically,,
feature_pair,numeric__original_total_liabilities,numeric__original_turnover,original_financial,original_market,high_correlation,249,0.854123792835505,0.4656225660675134,0.8541431457280284,0.47176448634156537,246.0,False,False,False,False,False,4.631519366376924,,Retain for Elastic Net consideration; do not remove automatically,,
feature_pair,numeric__original_total_liabilities,numeric__original_volume,original_financial,original_market,high_correlation,249,0.8583859296031741,0.6749690826163538,0.8583554311968573,0.6771964304803967,247.0,False,False,False,False,False,4.2173901784023275,,Retain for Elastic Net consideration; do not remove automatically,,
feature_pair,numeric__original_total_liabilities,numeric__trend_depreciation_amortization_change_1y,original_financial,trend_financial,high_correlation,249,0.8222567570595459,0.22855990094113396,0.9111331802970868,0.2514549651529478,138.0,False,False,False,False,False,4.971262456838504,,Retain for Elastic Net consideration; do not remove automatically,,
feature_pair,numeric__original_total_liabilities,numeric__trend_depreciation_amortization_change_3y,original_financial,trend_financial,high_correlation,249,0.8019933241947538,0.2519917987881899,0.8927799053569143,0.287205430046903,111.0,False,False,False,False,False,5.878842022769185,,Retain for Elastic Net consideration; do not remove automatically,,
feature_pair,numeric__original_total_liabilities,numeric__trend_market_cap_change_2y,original_financial,trend_market,high_correlation,249,-0.8393007623523612,-0.6351321284167463,-0.8394754304072691,-0.6381234816413891,239.0,False,False,False,False,False,4.928393763585771,,Retain for Elastic Net consideration; do not remove automatically,,
feature_pair,numeric__original_total_liabilities,numeric__trend_market_cap_slope_3y,original_financial,trend_market,high_correlation,249,-0.834593956829419,-0.5723912633282013,-0.8344680865803402,-0.5693206048935714,244.0,False,False,False,False,False,4.659992428687711,,Retain for Elastic Net consideration; do not remove automatically,,
feature_pair,numeric__original_turnover,numeric__market_market_cap_change_12m,original_market,market_features,high_correlation,249,-0.853296451683061,-0.33447486832008433,-0.8533361698521741,-0.33371800947336244,245.0,False,False,False,False,False,5.497039713423474,,Retain for Elastic Net consideration; do not remove automatically,,affine_group_024
feature_pair,numeric__original_turnover,numeric__trend_depreciation_amortization_change_1y,original_market,trend_financial,high_correlation,249,0.9740512129965948,0.15700502593586987,0.9751918664861213,0.20371040528765108,138.0,False,False,False,False,False,2.208555682597108,,Retain for Elastic Net consideration; do not remove automatically,,
feature_pair,numeric__original_turnover,numeric__trend_depreciation_amortization_change_2y,original_market,trend_financial,high_correlation,249,0.9689637503212721,0.1551268765681667,0.9701413093845856,0.18759386551681062,120.0,False,False,False,False,False,2.4617717748271337,,Retain for Elastic Net consideration; do not remove automatically,,
feature_pair,numeric__original_turnover,numeric__trend_depreciation_amortization_change_3y,original_market,trend_financial,high_correlation,249,0.9747512016782615,0.16075223949701092,0.9758790347229813,0.20892994645468127,111.0,False,False,False,False,False,1.8673225914953087,,Retain for Elastic Net consideration; do not remove automatically,,
feature_pair,numeric__original_turnover,numeric__trend_depreciation_amortization_slope_3y,original_market,trend_financial,high_correlation,249,0.89667952209418,0.19831274094483875,0.8974802164259843,0.1992530410434666,167.0,False,False,False,False,False,3.5348323334249314,,Retain for Elastic Net consideration; do not remove automatically,,
feature_pair,numeric__original_turnover,numeric__trend_ebitda_change_2y,original_market,trend_financial,high_correlation,249,0.8772293860871665,0.04195757197192416,0.8774700593208449,0.050460064643397896,233.0,False,False,False,False,False,3.494263013208519,,Retain for Elastic Net consideration; do not remove automatically,,
feature_pair,numeric__original_turnover,numeric__trend_ebitda_change_3y,original_market,trend_financial,high_correlation,249,0.8902682936001632,0.055160952720835814,0.8906184026769415,0.06321944655447297,220.0,False,False,False,False,False,3.419223316924356,,Retain for Elastic Net consideration; do not remove automatically,,
feature_pair,numeric__original_turnover,numeric__trend_ebitda_slope_3y,original_market,trend_financial,high_correlation,249,0.8729841323344945,0.039550391838977975,0.8730308893066103,0.04208728107720034,245.0,False,False,False,False,False,3.351899142532829,,Retain for Elastic Net consideration; do not remove automatically,,
feature_pair,numeric__original_turnover,numeric__trend_market_cap_change_1y,original_market,trend_market,high_correlation,249,-0.853296451683061,-0.33447486832008433,-0.8533361698521741,-0.33371800947336244,245.0,False,False,False,False,False,5.497039713423474,,Retain for Elastic Net consideration; do not remove automatically,,affine_group_024
feature_pair,numeric__original_turnover,numeric__trend_market_cap_change_2y,original_market,trend_market,high_correlation,249,-0.9056200542910029,-0.26447454368364276,-0.9056783291128973,-0.2644000469626373,240.0,False,False,False,False,False,5.257294038391324,,Retain for Elastic Net consideration; do not remove automatically,,
feature_pair,numeric__original_turnover,numeric__trend_market_cap_slope_3y,original_market,trend_market,high_correlation,249,-0.8101283038148612,-0.13123953676603237,-0.8102417389891824,-0.12945436712139233,245.0,False,False,False,False,False,4.728521947004326,,Retain for Elastic Net consideration; do not remove automatically,,
feature_pair,numeric__original_turnover,numeric__trend_operating_cash_flow_change_2y,original_market,trend_financial,high_correlation,249,0.8675672578616208,-0.0806753795973201,0.8677779994586066,-0.07993001920448116,234.0,False,False,False,False,False,5.1562592722539184,,Retain for Elastic Net consideration; do not remove automatically,,
feature_pair,numeric__original_turnover,numeric__trend_operating_cash_flow_slope_3y,original_market,trend_financial,high_correlation,249,0.813238059453954,-0.14231386290551656,0.8134253363350261,-0.1417674903651178,245.0,False,False,False,False,False,5.4520487845882695,,Retain for Elastic Net consideration; do not remove automatically,,
feature_pair,numeric__original_turnover,numeric__trend_volume_change_2y,original_market,trend_market,high_correlation,249,0.883257759580205,0.4306188148122883,0.8832273322989916,0.43083128284339445,242.0,False,False,False,False,False,5.125936245659259,,Retain for Elastic Net consideration; do not remove automatically,,
feature_pair,numeric__original_turnover,numeric__trend_volume_change_3y,original_market,trend_market,high_correlation,249,0.8958904345918335,0.44172954091984995,0.8958339361561213,0.44259225872497315,234.0,False,False,False,False,False,5.5885509121710095,,Retain for Elastic Net consideration; do not remove automatically,,
feature_pair,numeric__original_turnover,numeric__trend_volume_slope_3y,original_market,trend_market,high_correlation,249,0.9107316447695337,0.4057916941159899,0.9107284756830712,0.4054050970871126,248.0,False,False,False,False,False,4.8274150505794795,,Retain for Elastic Net consideration; do not remove automatically,,
feature_pair,numeric__original_volume,numeric__market_market_cap_change_12m,original_market,market_features,high_correlation,249,-0.9308473154090211,-0.4871702641405468,-0.9308495117650902,-0.48574133012488363,246.0,False,False,False,False,False,3.2388993361215275,,Retain for Elastic Net consideration; do not remove automatically,,affine_group_024
feature_pair,numeric__original_volume,numeric__original_turnover,original_market,original_market,high_correlation,249,0.9470432651084087,0.7566076821187423,0.9470444465475446,0.7566576479319505,248.0,False,False,False,False,False,4.030880621429461,,Retain for Elastic Net consideration; do not remove automatically,,
feature_pair,numeric__original_volume,numeric__trend_depreciation_amortization_change_1y,original_market,trend_financial,high_correlation,249,0.9137143383101565,0.15548510788404382,0.961155635076301,0.1860159275302241,138.0,False,False,False,False,False,4.297691851922853,,Retain for Elastic Net consideration; do not remove automatically,,
feature_pair,numeric__original_volume,numeric__trend_depreciation_amortization_change_2y,original_market,trend_financial,high_correlation,249,0.908204571345261,0.1547174128829895,0.9604764312689426,0.17728717630212712,121.0,False,False,False,False,False,4.302777071774651,,Retain for Elastic Net consideration; do not remove automatically,,
feature_pair,numeric__original_volume,numeric__trend_depreciation_amortization_change_3y,original_market,trend_financial,high_correlation,249,0.9133256907607479,0.1721784907387202,0.9656858816980973,0.20610437503325674,111.0,False,False,False,False,False,4.2949994013074795,,Retain for Elastic Net consideration; do not remove automatically,,
feature_pair,numeric__original_volume,numeric__trend_depreciation_amortization_slope_3y,original_market,trend_financial,high_correlation,249,0.8406520000871562,0.19893724605421334,0.8781939542776352,0.17819615902259459,168.0,False,False,False,False,False,4.286682238277129,,Retain for Elastic Net consideration; do not remove automatically,,
feature_pair,numeric__original_volume,numeric__trend_ebitda_change_2y,original_market,trend_financial,high_correlation,249,0.8050211626645772,-0.06545865327165203,0.8056811041488368,-0.06539516809985609,234.0,False,False,False,False,False,4.793989081864615,,Retain for Elastic Net consideration; do not remove automatically,,
feature_pair,numeric__original_volume,numeric__trend_ebitda_change_3y,original_market,trend_financial,high_correlation,249,0.8234326748329434,-0.007737973997507806,0.8247470891275362,-0.005287874740931329,220.0,False,False,False,False,False,4.641675896704723,,Retain for Elastic Net consideration; do not remove automatically,,
feature_pair,numeric__original_volume,numeric__trend_ebitda_slope_3y,original_market,trend_financial,high_correlation,249,0.8058546225888944,-0.03415409178294749,0.805950829588494,-0.033905484778518784,246.0,False,False,False,False,False,4.611483115639599,,Retain for Elastic Net consideration; do not remove automatically,,
feature_pair,numeric__original_volume,numeric__trend_market_cap_change_1y,original_market,trend_market,high_correlation,249,-0.9308473154090211,-0.4871702641405468,-0.9308495117650902,-0.48574133012488363,246.0,False,False,False,False,False,3.2388993361215275,,Retain for Elastic Net consideration; do not remove automatically,,affine_group_024
feature_pair,numeric__original_volume,numeric__trend_market_cap_change_2y,original_market,trend_market,high_correlation,249,-0.9665342818442099,-0.4643092631298713,-0.9665434570969386,-0.46495271167503954,241.0,False,False,False,False,False,1.5962237689682137,,Retain for Elastic Net consideration; do not remove automatically,,
feature_pair,numeric__original_volume,numeric__trend_market_cap_slope_3y,original_market,trend_market,high_correlation,249,-0.8469449390524193,-0.3735894558384305,-0.8469695437206134,-0.37210000627009765,246.0,False,False,False,False,False,4.163123458254951,,Retain for Elastic Net consideration; do not remove automatically,,
feature_pair,numeric__original_volume,numeric__trend_volume_change_2y,original_market,trend_market,high_correlation,249,0.94326427996072,0.37733082987348393,0.9432633662951048,0.3766442574719838,243.0,False,False,False,False,False,4.443137836103704,,Retain for Elastic Net consideration; do not remove automatically,,
feature_pair,numeric__original_volume,numeric__trend_volume_change_3y,original_market,trend_market,high_correlation,249,0.9601176582855022,0.39402184708814697,0.9630270831734826,0.39309224159125233,234.0,False,False,False,False,False,3.227726214635473,,Retain for Elastic Net consideration; do not remove automatically,,
feature_pair,numeric__original_volume,numeric__trend_volume_slope_3y,original_market,trend_market,high_correlation,249,0.9674015402409654,0.3680635526448029,0.9674015402409663,0.3680635526448029,249.0,False,False,False,False,False,3.1169698435951494,,Retain for Elastic Net consideration; do not remove automatically,,
feature_pair,numeric__trend_accounts_receivable_change_1y,numeric__trend_accounts_receivable_growth_1y,trend_financial,trend_financial,high_correlation,249,0.10911568313023019,0.8130315539871961,0.10939519668862306,0.8060216668917549,242.0,False,False,False,False,False,12.918464594722161,,Retain for Elastic Net consideration; do not remove automatically,,
feature_pair,numeric__trend_accounts_receivable_change_2y,numeric__trend_accounts_receivable_growth_2y,trend_financial,trend_financial,high_correlation,249,0.0639710601282832,0.8484244043824277,0.0643410172527867,0.8144000047342157,230.0,False,False,False,False,False,11.828702083685018,,Retain for Elastic Net consideration; do not remove automatically,,
feature_pair,numeric__trend_accounts_receivable_change_3y,numeric__trend_accounts_receivable_growth_3y,trend_financial,trend_financial,high_correlation,249,0.0585986340466866,0.8727900937908716,0.05784570659740753,0.8311238537021322,220.0,False,False,False,False,False,12.16470047211476,,Retain for Elastic Net consideration; do not remove automatically,,
feature_pair,numeric__trend_accounts_receivable_change_3y,numeric__trend_accounts_receivable_slope_3y,trend_financial,trend_financial,high_correlation,249,0.8862259517403611,0.9322439020527511,0.9866698169379435,0.9870978563158066,223.0,False,False,False,False,False,6.650493663371589,,Retain for Elastic Net consideration; do not remove automatically,,
feature_pair,numeric__trend_accounts_receivable_growth_2y,numeric__trend_revenue_growth_2y,trend_financial,trend_financial,high_correlation,249,0.8508226493703773,0.6104747335028521,0.8539114803388561,0.6231863203587789,229.0,False,False,False,False,False,6.978188190990486,,Retain for Elastic Net consideration; do not remove automatically,,
feature_pair,numeric__trend_accounts_receivable_growth_3y,numeric__trend_accounts_receivable_slope_3y,trend_financial,trend_financial,high_correlation,249,0.04668986305650057,0.8022831290261457,0.05641513414653685,0.8250098894076836,220.0,False,False,False,False,False,12.317077389331605,,Retain for Elastic Net consideration; do not remove automatically,,
feature_pair,numeric__trend_adjusted_price_change_1y,numeric__market_market_cap_change_12m,trend_market,market_features,high_correlation,249,-0.009812676634910944,0.8198363462954672,-0.009949792654104417,0.8198812387828226,246.0,False,False,False,False,False,15.593490658906605,,Retain for Elastic Net consideration; do not remove automatically,,affine_group_024
feature_pair,numeric__trend_adjusted_price_change_1y,numeric__market_return_12m,trend_market,market_features,high_correlation,249,0.04662426786333601,0.8401573807045598,0.04662426786333606,0.8401633347242011,249.0,False,False,False,False,False,15.013836863992163,,Retain for Elastic Net consideration; do not remove automatically,,affine_group_008
feature_pair,numeric__trend_adjusted_price_change_1y,numeric__market_stock_return_12m,trend_market,market_features,high_correlation,249,0.04662426786333601,0.8401573807045598,0.04662426786333606,0.8401633347242011,249.0,False,False,False,False,False,15.013836863992163,,Retain for Elastic Net consideration; do not remove automatically,,affine_group_008
feature_pair,numeric__trend_adjusted_price_change_1y,numeric__trend_adjusted_price_growth_1y,trend_market,trend_market,high_correlation,249,0.04662426786333601,0.8401573807045598,0.04662426786333606,0.8401633347242011,249.0,False,False,False,False,False,15.013836863992163,,Retain for Elastic Net consideration; do not remove automatically,,affine_group_008
feature_pair,numeric__trend_adjusted_price_change_1y,numeric__trend_interest_coverage_slope_3y,trend_market,trend_ratios,high_correlation,249,-0.9924061762675443,0.1785314647074647,-0.9924019883785391,0.19181356807027095,217.0,False,False,False,False,False,1.2174007521331107,,Retain for Elastic Net consideration; do not remove automatically,,
feature_pair,numeric__trend_adjusted_price_change_1y,numeric__trend_market_cap_change_1y,trend_market,trend_market,high_correlation,249,-0.009812676634910944,0.8198363462954672,-0.009949792654104417,0.8198812387828226,246.0,False,False,False,False,False,15.593490658906605,,Retain for Elastic Net consideration; do not remove automatically,,affine_group_024
feature_pair,numeric__trend_adjusted_price_change_1y,numeric__trend_market_cap_growth_1y,trend_market,trend_market,high_correlation,249,0.03750215501705186,0.8202354921932035,0.03770284646644536,0.8206063166007214,246.0,False,False,False,False,False,15.15749595841146,,Retain for Elastic Net consideration; do not remove automatically,,
feature_pair,numeric__trend_adjusted_price_change_2y,numeric__market_return_24m,trend_market,market_features,high_correlation,249,0.03837286267767263,0.8498405424301455,0.038870774479802236,0.8492085528316012,243.0,False,False,False,False,False,15.143722325108358,,Retain for Elastic Net consideration; do not remove automatically,,affine_group_022
feature_pair,numeric__trend_adjusted_price_change_2y,numeric__trend_adjusted_price_growth_2y,trend_market,trend_market,high_correlation,249,0.03837286267767263,0.8498405424301455,0.038870774479802236,0.8492085528316012,243.0,False,False,False,False,False,15.143722325108358,,Retain for Elastic Net consideration; do not remove automatically,,affine_group_022
feature_pair,numeric__trend_adjusted_price_change_2y,numeric__trend_interest_coverage_slope_3y,trend_market,trend_ratios,high_correlation,249,-0.9924061962547477,0.15885609470913822,-0.9924016407143501,0.1603739335918454,212.0,False,False,False,False,False,1.2173992309225932,,Retain for Elastic Net consideration; do not remove automatically,,
feature_pair,numeric__trend_adjusted_price_change_2y,numeric__trend_market_cap_change_2y,trend_market,trend_market,high_correlation,249,-0.00819223775090276,0.8151574735610821,-0.008539217073723123,0.8140393141090317,241.0,False,False,False,False,False,15.619004920563103,,Retain for Elastic Net consideration; do not remove automatically,,
feature_pair,numeric__trend_adjusted_price_change_2y,numeric__trend_market_cap_growth_2y,trend_market,trend_market,high_correlation,249,0.03150174641435714,0.8258189466259533,0.03212140429342398,0.82587962719877,241.0,False,False,False,False,False,15.25192928169573,,Retain for Elastic Net consideration; do not remove automatically,,
feature_pair,numeric__trend_adjusted_price_change_3y,numeric__market_return_36m,trend_market,market_features,high_correlation,249,0.03864388913048434,0.8213774961063198,0.040203403721773855,0.8193104724094983,233.0,False,False,False,False,False,15.13945650631032,,Retain for Elastic Net consideration; do not remove automatically,,affine_group_023
feature_pair,numeric__trend_adjusted_price_change_3y,numeric__trend_adjusted_price_growth_3y,trend_market,trend_market,high_correlation,249,0.03864388913048434,0.8213774961063198,0.040203403721773855,0.8193104724094983,233.0,False,False,False,False,False,15.13945650631032,,Retain for Elastic Net consideration; do not remove automatically,,affine_group_023
feature_pair,numeric__trend_adjusted_price_change_3y,numeric__trend_interest_coverage_slope_3y,trend_market,trend_ratios,high_correlation,249,-0.9924061948100759,0.22192570317928703,-0.9924767098438914,0.247785984444924,204.0,False,False,False,False,False,1.2174000509616898,,Retain for Elastic Net consideration; do not remove automatically,,
feature_pair,numeric__trend_adjusted_price_growth_1y,numeric__market_market_cap_change_12m,trend_market,market_features,high_correlation,249,0.13947273808052457,0.8279440613529572,0.13994354217045882,0.8280871358415912,246.0,False,False,False,False,False,13.313348189783735,,Retain for Elastic Net consideration; do not remove automatically,affine_group_008,affine_group_024
feature_pair,numeric__trend_adjusted_price_growth_1y,numeric__market_maximum_drawdown_12m,trend_market,market_features,high_correlation,249,0.7400219896136259,0.8927205179637354,0.7400219896136252,0.8927205179637354,249.0,False,False,False,False,False,3.8490187563612603,,Retain for Elastic Net consideration; do not remove automatically,affine_group_008,
feature_pair,numeric__trend_adjusted_price_growth_1y,numeric__market_return_24m,trend_market,market_features,high_correlation,249,0.6699410672666377,0.8411556752767433,0.6712954017412507,0.8514270039356975,243.0,False,False,False,False,False,5.468184563692718,,Retain for Elastic Net consideration; do not remove automatically,affine_group_008,affine_group_022
feature_pair,numeric__trend_adjusted_price_growth_1y,numeric__trend_adjusted_price_growth_2y,trend_market,trend_market,high_correlation,249,0.6699410672666377,0.8411556752767433,0.6712954017412507,0.8514270039356975,243.0,False,False,False,False,False,5.468184563692718,,Retain for Elastic Net consideration; do not remove automatically,affine_group_008,affine_group_022
feature_pair,numeric__trend_adjusted_price_growth_1y,numeric__trend_market_cap_change_1y,trend_market,trend_market,high_correlation,249,0.13947273808052457,0.8279440613529572,0.13994354217045882,0.8280871358415912,246.0,False,False,False,False,False,13.313348189783735,,Retain for Elastic Net consideration; do not remove automatically,affine_group_008,affine_group_024
feature_pair,numeric__trend_adjusted_price_growth_1y,numeric__trend_market_cap_growth_1y,trend_market,trend_market,high_correlation,249,0.985393295117799,0.9868311181807206,0.9856748375948604,0.9875009799023986,246.0,False,False,False,False,False,1.3314389216817784,,Retain for Elastic Net consideration; do not remove automatically,affine_group_008,
feature_pair,numeric__trend_adjusted_price_growth_1y,numeric__trend_market_cap_growth_2y,trend_market,trend_market,high_correlation,249,0.581127500563367,0.8155450217854305,0.5819849281476687,0.8267443732091796,241.0,False,False,False,False,False,5.965034693459064,,Retain for Elastic Net consideration; do not remove automatically,affine_group_008,
feature_pair,numeric__trend_adjusted_price_growth_2y,numeric__market_maximum_drawdown_12m,trend_market,market_features,high_correlation,249,0.5128361679883199,0.8282619586918529,0.5176662945310789,0.8394772528553578,243.0,False,False,False,False,False,6.5739611652108385,,Retain for Elastic Net consideration; do not remove automatically,affine_group_022,
feature_pair,numeric__trend_adjusted_price_growth_2y,numeric__market_maximum_drawdown_24m,trend_market,market_features,high_correlation,249,0.5706144804114058,0.8953921231029288,0.5702128196342647,0.893828075278743,243.0,False,False,False,False,False,6.733421659334207,,Retain for Elastic Net consideration; do not remove automatically,affine_group_022,
feature_pair,numeric__trend_adjusted_price_growth_2y,numeric__market_return_12m,trend_market,market_features,high_correlation,249,0.6699410672666378,0.8411556752767433,0.6712954017412507,0.8514270039356975,243.0,False,False,False,False,False,5.468184563692718,,Retain for Elastic Net consideration; do not remove automatically,affine_group_022,affine_group_008
feature_pair,numeric__trend_adjusted_price_growth_2y,numeric__market_return_36m,trend_market,market_features,high_correlation,249,0.7333648640470916,0.8457818828752927,0.7318447450015072,0.8724418741438129,233.0,False,False,False,False,False,4.731761814384806,,Retain for Elastic Net consideration; do not remove automatically,affine_group_022,affine_group_023
feature_pair,numeric__trend_adjusted_price_growth_2y,numeric__market_stock_return_12m,trend_market,market_features,high_correlation,249,0.6699410672666378,0.8411556752767433,0.6712954017412507,0.8514270039356975,243.0,False,False,False,False,False,5.468184563692718,,Retain for Elastic Net consideration; do not remove automatically,affine_group_022,affine_group_008
feature_pair,numeric__trend_adjusted_price_growth_2y,numeric__trend_adjusted_price_growth_3y,trend_market,trend_market,high_correlation,249,0.7333648640470916,0.8457818828752927,0.7318447450015072,0.8724418741438129,233.0,False,False,False,False,False,4.731761814384806,,Retain for Elastic Net consideration; do not remove automatically,affine_group_022,affine_group_023
feature_pair,numeric__trend_adjusted_price_growth_2y,numeric__trend_market_cap_change_2y,trend_market,trend_market,high_correlation,249,0.10100671884209729,0.8503903069244916,0.10239666187201066,0.8510585308842765,241.0,False,False,False,False,False,13.985531609999475,,Retain for Elastic Net consideration; do not remove automatically,affine_group_022,
feature_pair,numeric__trend_adjusted_price_growth_2y,numeric__trend_market_cap_growth_1y,trend_market,trend_market,high_correlation,249,0.6857463655992725,0.8385497768651983,0.6889890873534233,0.8534007007220243,241.0,False,False,False,False,False,4.675043694287554,,Retain for Elastic Net consideration; do not remove automatically,affine_group_022,
feature_pair,numeric__trend_adjusted_price_growth_2y,numeric__trend_market_cap_growth_2y,trend_market,trend_market,high_correlation,249,0.9288015315100099,0.980277401768858,0.9292339234414286,0.9825749679741507,241.0,False,False,False,False,False,4.851371311954435,,Retain for Elastic Net consideration; do not remove automatically,affine_group_022,
feature_pair,numeric__trend_adjusted_price_growth_3y,numeric__market_maximum_drawdown_24m,trend_market,market_features,high_correlation,249,0.5430860185463399,0.8137751481204939,0.5430837157797498,0.839773321279091,233.0,False,False,False,False,False,5.535055679424429,,Retain for Elastic Net consideration; do not remove automatically,affine_group_023,
feature_pair,numeric__trend_adjusted_price_growth_3y,numeric__market_maximum_drawdown_36m,trend_market,market_features,high_correlation,249,0.5469977990016067,0.8790934854329168,0.5438599418514654,0.8802221250880461,233.0,False,False,False,False,False,5.4881044091734195,,Retain for Elastic Net consideration; do not remove automatically,affine_group_023,
feature_pair,numeric__trend_adjusted_price_growth_3y,numeric__market_return_24m,trend_market,market_features,high_correlation,249,0.7333648640470916,0.8457818828752927,0.731844745001507,0.8724418741438129,233.0,False,False,False,False,False,4.731761814384806,,Retain for Elastic Net consideration; do not remove automatically,affine_group_023,affine_group_022
feature_pair,numeric__trend_adjusted_price_growth_3y,numeric__trend_market_cap_change_3y,trend_market,trend_market,high_correlation,249,0.16392567753380702,0.8262914290300221,0.17339582193142714,0.8443638970617384,225.0,False,False,False,False,False,12.157092980847626,,Retain for Elastic Net consideration; do not remove automatically,affine_group_023,
feature_pair,numeric__trend_adjusted_price_growth_3y,numeric__trend_market_cap_growth_2y,trend_market,trend_market,high_correlation,249,0.6630370875692411,0.832601668644844,0.662092989144661,0.8625101886987416,231.0,False,False,False,False,False,6.303122792697494,,Retain for Elastic Net consideration; do not remove automatically,affine_group_023,
feature_pair,numeric__trend_adjusted_price_growth_3y,numeric__trend_market_cap_growth_3y,trend_market,trend_market,high_correlation,249,0.26541882530879285,0.9482760499470632,0.26251639412908373,0.9701477481426137,225.0,False,False,False,False,False,10.824827838512464,,Retain for Elastic Net consideration; do not remove automatically,affine_group_023,
feature_pair,numeric__trend_adjusted_price_slope_3y,numeric__trend_interest_coverage_slope_3y,trend_market,trend_ratios,high_correlation,249,-0.9924061974171261,0.19925383307084307,-0.9924020093883598,0.21615148201967443,217.0,False,False,False,False,False,1.2173996946547756,,Retain for Elastic Net consideration; do not remove automatically,,
feature_pair,numeric__trend_capex_to_revenue_change_1y,numeric__trend_capex_to_revenue_growth_1y,trend_ratios,trend_ratios,high_correlation,249,-0.10530241018004455,-0.9040360687251443,-0.10686845849735063,-0.9016337052968743,235.0,False,False,False,False,False,10.331291861227236,,Retain for Elastic Net consideration; do not remove automatically,,
feature_pair,numeric__trend_capex_to_revenue_change_2y,numeric__trend_capex_to_revenue_growth_2y,trend_ratios,trend_ratios,high_correlation,249,-0.10627023267184432,-0.923648512876689,-0.10884322958059857,-0.9191967439675949,229.0,False,False,False,False,False,9.557876312411906,,Retain for Elastic Net consideration; do not remove automatically,,
feature_pair,numeric__trend_capex_to_revenue_change_3y,numeric__trend_capex_to_revenue_growth_3y,trend_ratios,trend_ratios,high_correlation,249,-0.029077872601552087,-0.9167921627034151,-0.031077094766439113,-0.9007486422158669,216.0,False,False,False,False,False,15.29675585591607,,Retain for Elastic Net consideration; do not remove automatically,,
feature_pair,numeric__trend_capital_expenditures_change_1y,numeric__market_market_cap_change_12m,trend_financial,market_features,high_correlation,249,0.8276457007509052,-0.11838090620654997,0.8281432830284543,-0.11980496168907928,241.0,False,False,False,False,False,4.118605311344538,,Retain for Elastic Net consideration; do not remove automatically,,affine_group_024
feature_pair,numeric__trend_capital_expenditures_change_1y,numeric__trend_capital_expenditures_change_2y,trend_financial,trend_financial,high_correlation,249,0.9271478496158655,0.5306734872687315,0.9305042816267037,0.5414419567694375,234.0,False,False,False,False,False,2.9372366102572993,,Retain for Elastic Net consideration; do not remove automatically,,
feature_pair,numeric__trend_capital_expenditures_change_1y,numeric__trend_capital_expenditures_growth_1y,trend_financial,trend_financial,high_correlation,249,-0.04551868075733374,-0.8114220956431529,-0.04555506483716235,-0.799561899303645,239.0,False,False,False,False,False,11.691042926209239,,Retain for Elastic Net consideration; do not remove automatically,,
feature_pair,numeric__trend_capital_expenditures_change_1y,numeric__trend_market_cap_change_1y,trend_financial,trend_market,high_correlation,249,0.8276457007509052,-0.11838090620654997,0.8281432830284543,-0.11980496168907928,241.0,False,False,False,False,False,4.118605311344538,,Retain for Elastic Net consideration; do not remove automatically,,affine_group_024
feature_pair,numeric__trend_capital_expenditures_change_1y,numeric__trend_market_cap_change_2y,trend_financial,trend_market,high_correlation,249,0.8182091728225022,-0.2679752165707973,0.8194563831862458,-0.2824055709115868,236.0,False,False,False,False,False,3.984817860327482,,Retain for Elastic Net consideration; do not remove automatically,,
feature_pair,numeric__trend_capital_expenditures_change_1y,numeric__trend_volume_change_3y,trend_financial,trend_market,high_correlation,249,-0.8018630910071677,-0.003441527289702926,-0.8040641356022666,-0.0035874072014587008,229.0,False,False,False,False,False,4.860025841799027,,Retain for Elastic Net consideration; do not remove automatically,,
feature_pair,numeric__trend_capital_expenditures_change_2y,numeric__trend_capital_expenditures_change_3y,trend_financial,trend_financial,high_correlation,249,0.8958698878698059,0.7578934997658788,0.8960186206818042,0.8009457538086426,218.0,False,False,False,False,False,5.695568586992233,,Retain for Elastic Net consideration; do not remove automatically,,
feature_pair,numeric__trend_capital_expenditures_change_2y,numeric__trend_capital_expenditures_growth_2y,trend_financial,trend_financial,high_correlation,249,-0.1487758078359785,-0.8498733928650356,-0.14890226126610803,-0.8237186171111124,232.0,False,False,False,False,False,11.25673783088656,,Retain for Elastic Net consideration; do not remove automatically,,
feature_pair,numeric__trend_capital_expenditures_change_2y,numeric__trend_capital_expenditures_slope_3y,trend_financial,trend_financial,high_correlation,249,0.8941365561826864,0.7981568923362161,0.9053532184698234,0.8139149748305081,235.0,False,False,False,False,False,5.457440500978739,,Retain for Elastic Net consideration; do not remove automatically,,
feature_pair,numeric__trend_capital_expenditures_change_2y,numeric__trend_market_cap_change_2y,trend_financial,trend_market,high_correlation,249,0.8031304759160245,-0.03904445885090176,0.8046345394345586,-0.04637098170353522,227.0,False,False,False,False,False,4.800443628711329,,Retain for Elastic Net consideration; do not remove automatically,,
feature_pair,numeric__trend_capital_expenditures_change_3y,numeric__trend_capital_expenditures_growth_3y,trend_financial,trend_financial,high_correlation,249,-0.4504362044416492,-0.8832402602741912,-0.45115489707520995,-0.8342455939583847,218.0,False,False,False,False,False,9.944335515227614,,Retain for Elastic Net consideration; do not remove automatically,,
feature_pair,numeric__trend_capital_expenditures_change_3y,numeric__trend_capital_expenditures_slope_3y,trend_financial,trend_financial,high_correlation,249,0.9848587563270065,0.9187931821131292,0.9975965742658901,0.9698674537620885,220.0,False,False,False,False,False,2.4773700478490195,,Retain for Elastic Net consideration; do not remove automatically,,
feature_pair,numeric__trend_capital_expenditures_growth_1y,numeric__trend_capex_to_revenue_growth_1y,trend_financial,trend_ratios,high_correlation,249,0.8105495951511733,0.8868276000993536,0.8104494302399355,0.9009707175801781,235.0,False,False,False,False,False,5.956285087085,,Retain for Elastic Net consideration; do not remove automatically,,
feature_pair,numeric__trend_capital_expenditures_growth_2y,numeric__trend_capex_to_revenue_growth_2y,trend_financial,trend_ratios,high_correlation,249,0.7833944120565978,0.8066703192966158,0.7825652440497024,0.8186176835617341,229.0,False,False,False,False,False,5.267486928976436,,Retain for Elastic Net consideration; do not remove automatically,,
feature_pair,numeric__trend_capital_expenditures_growth_3y,numeric__trend_shares_outstanding_change_3y,trend_financial,trend_market,high_correlation,249,0.8537067036222233,0.09954042897416734,0.8770151254881189,0.1154054022080561,203.0,False,False,False,False,False,5.428149999004537,,Retain for Elastic Net consideration; do not remove automatically,,
feature_pair,numeric__trend_capital_expenditures_growth_3y,numeric__trend_shares_outstanding_slope_3y,trend_financial,trend_market,high_correlation,249,0.8052104135327972,0.09937859747614947,0.8630286971620631,0.11623416846556406,215.0,False,False,False,False,False,4.904890881826202,,Retain for Elastic Net consideration; do not remove automatically,,
feature_pair,numeric__trend_cash_short_term_investments_change_1y,numeric__trend_cash_short_term_investments_growth_1y,trend_financial,trend_financial,high_correlation,249,0.1331616698012269,0.8349893054077712,0.1353153903626378,0.827146229530398,238.0,False,False,False,False,False,13.711410868038316,,Retain for Elastic Net consideration; do not remove automatically,,
feature_pair,numeric__trend_cash_short_term_investments_change_2y,numeric__trend_cash_short_term_investments_change_3y,trend_financial,trend_financial,high_correlation,249,0.8944934309539666,0.6562058853814159,0.8996070052242751,0.6835645184561746,220.0,False,False,False,False,False,3.1502588776974005,,Retain for Elastic Net consideration; do not remove automatically,,
feature_pair,numeric__trend_cash_short_term_investments_change_2y,numeric__trend_cash_short_term_investments_growth_2y,trend_financial,trend_financial,high_correlation,249,0.10286534190131601,0.8525229912715837,0.10412322957428417,0.8326455192630514,228.0,False,False,False,False,False,13.754270992445274,,Retain for Elastic Net consideration; do not remove automatically,,
feature_pair,numeric__trend_cash_short_term_investments_change_2y,numeric__trend_cash_short_term_investments_slope_3y,trend_financial,trend_financial,high_correlation,249,0.9008296665413189,0.7632320821304452,0.9145912252270317,0.7815726231131984,235.0,False,False,False,False,False,2.741400725485235,,Retain for Elastic Net consideration; do not remove automatically,,
feature_pair,numeric__trend_cash_short_term_investments_change_3y,numeric__trend_cash_short_term_investments_growth_3y,trend_financial,trend_financial,high_correlation,249,0.061487538089905557,0.8841932607421951,0.061826939481014746,0.855073668402795,220.0,False,False,False,False,False,15.081316222647196,,Retain for Elastic Net consideration; do not remove automatically,,
feature_pair,numeric__trend_cash_short_term_investments_change_3y,numeric__trend_cash_short_term_investments_slope_3y,trend_financial,trend_financial,high_correlation,249,0.970554263120229,0.8920699256639733,0.9931797383250524,0.9498793433682138,223.0,False,False,False,False,False,2.704161814499574,,Retain for Elastic Net consideration; do not remove automatically,,
feature_pair,numeric__trend_cash_short_term_investments_growth_1y,numeric__trend_cash_to_assets_growth_1y,trend_financial,trend_ratios,high_correlation,249,0.9736460300038421,0.9312241291487066,0.9736188548478156,0.9336921227809647,238.0,False,False,False,False,False,2.65065571004103,,Retain for Elastic Net consideration; do not remove automatically,,
feature_pair,numeric__trend_cash_short_term_investments_growth_2y,numeric__trend_cash_to_assets_growth_2y,trend_financial,trend_ratios,high_correlation,249,0.9695474086238771,0.8768983556269726,0.9695019376136613,0.8847402712458171,228.0,False,False,False,False,False,2.7125721427178044,,Retain for Elastic Net consideration; do not remove automatically,,
feature_pair,numeric__trend_cash_short_term_investments_growth_3y,numeric__trend_cash_to_assets_growth_3y,trend_financial,trend_ratios,high_correlation,249,0.3355762717987767,0.8610503090621242,0.33296637059902573,0.8745513755000448,220.0,False,False,False,False,False,13.724543459529912,,Retain for Elastic Net consideration; do not remove automatically,,
feature_pair,numeric__trend_cash_short_term_investments_growth_3y,numeric__trend_current_assets_growth_3y,trend_financial,trend_financial,high_correlation,249,0.948103142922251,0.38922894399171754,0.9480318626810437,0.40745043204467774,220.0,False,False,False,False,False,2.541081866093857,,Retain for Elastic Net consideration; do not remove automatically,,
feature_pair,numeric__trend_cash_short_term_investments_growth_3y,numeric__trend_current_ratio_growth_3y,trend_financial,trend_ratios,high_correlation,249,0.8757160033423141,0.36796292702180255,0.875560092671252,0.3674568221845588,220.0,False,False,False,False,False,4.390781440052277,,Retain for Elastic Net consideration; do not remove automatically,,
feature_pair,numeric__trend_cash_short_term_investments_growth_3y,numeric__trend_depreciation_amortization_growth_2y,trend_financial,trend_financial,high_correlation,249,0.8098488474341864,-0.0034462030781138558,0.8374246668950269,0.02803193235000511,114.0,False,False,False,False,False,6.255768435951948,,Retain for Elastic Net consideration; do not remove automatically,,
feature_pair,numeric__trend_cash_to_assets_change_1y,numeric__trend_cash_to_assets_growth_1y,trend_ratios,trend_ratios,high_correlation,249,0.20990716901443518,0.8754901189032804,0.2159841374367689,0.8734970458399912,238.0,False,False,False,False,False,13.161153206122322,,Retain for Elastic Net consideration; do not remove automatically,,
feature_pair,numeric__trend_cash_to_assets_change_2y,numeric__trend_cash_to_assets_growth_2y,trend_ratios,trend_ratios,high_correlation,249,0.22251136401220062,0.8863270649636202,0.22842581769422055,0.874668664646157,228.0,False,False,False,False,False,9.707673480439132,,Retain for Elastic Net consideration; do not remove automatically,,
feature_pair,numeric__trend_cash_to_assets_change_3y,numeric__trend_cash_to_assets_growth_3y,trend_ratios,trend_ratios,high_correlation,249,0.30836517607999014,0.8910196058736092,0.31668400662130797,0.8567016331060748,220.0,False,False,False,False,False,8.675306268696918,,Retain for Elastic Net consideration; do not remove automatically,,
feature_pair,numeric__trend_cash_to_assets_change_3y,numeric__trend_cash_to_assets_slope_3y,trend_ratios,trend_ratios,high_correlation,249,0.8037366620910936,0.8981644188687792,0.981713431786211,0.9711094999513045,223.0,False,False,False,False,False,6.416538019895946,,Retain for Elastic Net consideration; do not remove automatically,,
feature_pair,numeric__trend_current_assets_change_1y,numeric__trend_current_assets_growth_1y,trend_financial,trend_financial,high_correlation,249,0.16502518644864358,0.8688903433222852,0.16514430212154887,0.8628582379973285,244.0,False,False,False,False,False,14.199287848259827,,Retain for Elastic Net consideration; do not remove automatically,,
feature_pair,numeric__trend_current_assets_change_2y,numeric__trend_current_assets_growth_2y,trend_financial,trend_financial,high_correlation,249,0.19859490521274314,0.8785928979379857,0.19853906220862713,0.8578145631678422,235.0,False,False,False,False,False,11.014633885239112,,Retain for Elastic Net consideration; do not remove automatically,,
feature_pair,numeric__trend_current_assets_change_2y,numeric__trend_current_assets_slope_3y,trend_financial,trend_financial,high_correlation,249,0.8303738056955051,0.7149096287958541,0.8601118157457043,0.7279808556517622,235.0,False,False,False,False,False,4.258263572068394,,Retain for Elastic Net consideration; do not remove automatically,,
feature_pair,numeric__trend_current_assets_change_3y,numeric__trend_current_assets_growth_3y,trend_financial,trend_financial,high_correlation,249,0.09658089012376155,0.8653892252852451,0.09525397218946385,0.8545508651567454,223.0,False,False,False,False,False,15.325756045851357,,Retain for Elastic Net consideration; do not remove automatically,,
feature_pair,numeric__trend_current_assets_change_3y,numeric__trend_current_assets_slope_3y,trend_financial,trend_financial,high_correlation,249,0.9166034963643477,0.9303598895682685,0.9740203533887971,0.976381599593122,223.0,False,False,False,False,False,3.520435075244122,,Retain for Elastic Net consideration; do not remove automatically,,
feature_pair,numeric__trend_current_assets_growth_1y,numeric__trend_current_ratio_growth_1y,trend_financial,trend_ratios,high_correlation,249,0.8502037112030121,0.39211092524765095,0.8501747801592187,0.3949186439473856,244.0,False,False,False,False,False,3.0604713081518033,,Retain for Elastic Net consideration; do not remove automatically,,
feature_pair,numeric__trend_current_assets_growth_1y,numeric__trend_current_ratio_growth_2y,trend_financial,trend_ratios,high_correlation,249,0.9267210038650285,0.29037985845024294,0.9282199279049331,0.30399017161722436,233.0,False,False,False,False,False,3.5652189761813204,,Retain for Elastic Net consideration; do not remove automatically,,
feature_pair,numeric__trend_current_assets_growth_2y,numeric__trend_current_liabilities_growth_2y,trend_financial,trend_financial,high_correlation,249,0.8112095420373906,0.4495777543153649,0.811052498952494,0.45171470630661287,235.0,False,False,False,False,False,5.656669081008301,,Retain for Elastic Net consideration; do not remove automatically,,
feature_pair,numeric__trend_current_assets_growth_3y,numeric__trend_current_ratio_growth_3y,trend_financial,trend_ratios,high_correlation,249,0.8757233001722656,0.30080553523341064,0.8755397879001183,0.3165943448290788,223.0,False,False,False,False,False,5.111785733818118,,Retain for Elastic Net consideration; do not remove automatically,,
feature_pair,numeric__trend_current_assets_growth_3y,numeric__trend_depreciation_amortization_growth_2y,trend_financial,trend_financial,high_correlation,249,0.8327099360872383,0.29362159709475116,0.8582572403628045,0.4264123515902185,117.0,False,False,False,False,False,6.216385173876698,,Retain for Elastic Net consideration; do not remove automatically,,
feature_pair,numeric__trend_current_liabilities_change_1y,numeric__trend_current_liabilities_change_2y,trend_financial,trend_financial,high_correlation,249,0.8204305659262987,0.6614615153739143,0.8321474701239867,0.6769886821808384,233.0,False,False,False,False,False,5.828433280850427,,Retain for Elastic Net consideration; do not remove automatically,,
feature_pair,numeric__trend_current_liabilities_change_1y,numeric__trend_current_liabilities_growth_1y,trend_financial,trend_financial,high_correlation,249,0.23760733078006172,0.845679089117038,0.23719297973379613,0.8410242345790278,244.0,False,False,False,False,False,11.151499627863272,,Retain for Elastic Net consideration; do not remove automatically,,
feature_pair,numeric__trend_current_liabilities_change_2y,numeric__trend_current_liabilities_growth_2y,trend_financial,trend_financial,high_correlation,249,0.07430389313608585,0.8231948238945498,0.07264823430529019,0.8185503408330158,235.0,False,False,False,False,False,11.704450408247293,,Retain for Elastic Net consideration; do not remove automatically,,
feature_pair,numeric__trend_current_liabilities_change_3y,numeric__trend_current_liabilities_growth_3y,trend_financial,trend_financial,high_correlation,249,0.1909676134255852,0.8397760922933576,0.18828146247305624,0.8410251055137427,223.0,False,False,False,False,False,12.438052417481817,,Retain for Elastic Net consideration; do not remove automatically,,
feature_pair,numeric__trend_current_liabilities_change_3y,numeric__trend_current_liabilities_slope_3y,trend_financial,trend_financial,high_correlation,249,0.9207686967173658,0.921487669303981,0.9892065367336446,0.9677811536995824,223.0,False,False,False,False,False,4.517812442667303,,Retain for Elastic Net consideration; do not remove automatically,,
feature_pair,numeric__trend_current_liabilities_growth_2y,numeric__trend_revenue_growth_2y,trend_financial,trend_financial,high_correlation,249,0.8248731318178048,0.5178648908487002,0.8246617651330894,0.5309597761239928,232.0,False,False,False,False,False,5.646182648363586,,Retain for Elastic Net consideration; do not remove automatically,,
feature_pair,numeric__trend_current_ratio_change_1y,numeric__trend_current_ratio_growth_1y,trend_ratios,trend_ratios,high_correlation,249,0.7935176625604857,0.9535013152085368,0.7936993204851444,0.951170672995507,244.0,False,False,False,False,False,5.083056037194863,,Retain for Elastic Net consideration; do not remove automatically,,
feature_pair,numeric__trend_current_ratio_change_1y,numeric__trend_working_capital_to_assets_change_1y,trend_ratios,trend_ratios,high_correlation,249,0.325230435196243,0.8082819272313461,0.3251662331276683,0.8057499816198186,244.0,False,False,False,False,False,11.854099561808841,,Retain for Elastic Net consideration; do not remove automatically,,
feature_pair,numeric__trend_current_ratio_change_2y,numeric__trend_current_ratio_growth_2y,trend_ratios,trend_ratios,high_correlation,249,0.4127352253755436,0.9547425086571639,0.4134072736294579,0.9504331149881458,235.0,False,False,False,False,False,9.67187693611352,,Retain for Elastic Net consideration; do not remove automatically,,
feature_pair,numeric__trend_current_ratio_change_2y,numeric__trend_working_capital_to_assets_change_2y,trend_ratios,trend_ratios,high_correlation,249,0.31824304714511586,0.8005936785210594,0.31762672917305096,0.7976509707175802,235.0,False,False,False,False,False,12.057063653282748,,Retain for Elastic Net consideration; do not remove automatically,,
feature_pair,numeric__trend_current_ratio_change_3y,numeric__trend_current_ratio_growth_3y,trend_ratios,trend_ratios,high_correlation,249,0.3109076713596132,0.962221564995408,0.312446179692384,0.9576446526928613,223.0,False,False,False,False,False,12.812929293244267,,Retain for Elastic Net consideration; do not remove automatically,,
feature_pair,numeric__trend_current_ratio_change_3y,numeric__trend_current_ratio_slope_3y,trend_ratios,trend_ratios,high_correlation,249,0.9191384520143046,0.8922158053372715,0.9803261924162051,0.9486338206490569,223.0,False,False,False,False,False,3.455592404284776,,Retain for Elastic Net consideration; do not remove automatically,,
feature_pair,numeric__trend_current_ratio_change_3y,numeric__trend_working_capital_to_assets_change_3y,trend_ratios,trend_ratios,high_correlation,249,0.5130577618746066,0.8303379356505767,0.5124329740318988,0.828662172252221,223.0,False,False,False,False,False,7.234365413795811,,Retain for Elastic Net consideration; do not remove automatically,,
feature_pair,numeric__trend_current_ratio_growth_1y,numeric__trend_current_ratio_growth_2y,trend_ratios,trend_ratios,high_correlation,249,0.8102367962042915,0.6258282170083601,0.8131128189203616,0.6480765399538939,233.0,False,False,False,False,False,4.438900420832983,,Retain for Elastic Net consideration; do not remove automatically,,
feature_pair,numeric__trend_current_ratio_growth_1y,numeric__trend_working_capital_to_assets_change_1y,trend_ratios,trend_ratios,high_correlation,249,0.3781882632067607,0.8852713744706519,0.3785613357908286,0.8849673245807873,244.0,False,False,False,False,False,10.969012731493361,,Retain for Elastic Net consideration; do not remove automatically,,
feature_pair,numeric__trend_current_ratio_growth_2y,numeric__trend_working_capital_to_assets_change_2y,trend_ratios,trend_ratios,high_correlation,249,0.22449546976210943,0.8735470969928892,0.22527902125773816,0.8765455843353663,235.0,False,False,False,False,False,12.520989743267098,,Retain for Elastic Net consideration; do not remove automatically,,
feature_pair,numeric__trend_current_ratio_growth_3y,numeric__trend_current_ratio_slope_3y,trend_ratios,trend_ratios,high_correlation,249,0.23180126411753443,0.8569309134888349,0.24447700384953983,0.9078756857949811,223.0,False,False,False,False,False,14.01623777371073,,Retain for Elastic Net consideration; do not remove automatically,,
feature_pair,numeric__trend_current_ratio_growth_3y,numeric__trend_working_capital_to_assets_change_3y,trend_ratios,trend_ratios,high_correlation,249,0.3252564049921817,0.8915189203492988,0.3285306737411013,0.8933427838677214,223.0,False,False,False,False,False,12.800433579255419,,Retain for Elastic Net consideration; do not remove automatically,,
feature_pair,numeric__trend_current_ratio_growth_3y,numeric__trend_working_capital_to_assets_slope_3y,trend_ratios,trend_ratios,high_correlation,249,0.14829276567948976,0.8274499643930278,0.32175397192771144,0.8815887718994492,223.0,False,False,False,False,False,13.924141600689993,,Retain for Elastic Net consideration; do not remove automatically,,
feature_pair,numeric__trend_current_ratio_slope_3y,numeric__trend_working_capital_to_assets_slope_3y,trend_ratios,trend_ratios,high_correlation,249,0.24619572693347827,0.8088940812874661,0.24605196106994628,0.8082544473020352,246.0,False,False,False,False,False,13.935950498445015,,Retain for Elastic Net consideration; do not remove automatically,,
feature_pair,numeric__trend_debt_to_assets_change_1y,numeric__trend_debt_to_assets_growth_1y,trend_ratios,trend_ratios,high_correlation,249,0.30194936608360684,0.9068051809726553,0.3017953562946302,0.9038443895501498,226.0,False,False,False,False,False,10.039940248662756,,Retain for Elastic Net consideration; do not remove automatically,,
feature_pair,numeric__trend_debt_to_assets_change_1y,numeric__trend_liabilities_to_assets_change_1y,trend_ratios,trend_ratios,high_correlation,249,0.8417175767450571,0.7760558921576848,0.8416258999642308,0.7745196065936105,242.0,False,False,False,False,False,5.802746272599789,,Retain for Elastic Net consideration; do not remove automatically,,
feature_pair,numeric__trend_debt_to_assets_change_2y,numeric__trend_debt_to_assets_change_3y,trend_ratios,trend_ratios,high_correlation,249,0.8222834179723226,0.8132387149982749,0.9409785645939632,0.841782146724302,219.0,False,False,False,False,False,7.511022793698514,,Retain for Elastic Net consideration; do not remove automatically,,
feature_pair,numeric__trend_debt_to_assets_change_2y,numeric__trend_debt_to_assets_growth_2y,trend_ratios,trend_ratios,high_correlation,249,0.14764277645284524,0.873035173445898,0.23061307413255322,0.8790537879021102,214.0,False,False,False,False,False,12.042446807238068,,Retain for Elastic Net consideration; do not remove automatically,,
feature_pair,numeric__trend_debt_to_assets_change_2y,numeric__trend_debt_to_assets_slope_3y,trend_ratios,trend_ratios,high_correlation,249,0.9540048708416683,0.8565056248955313,0.9602638190084579,0.8770896801578405,234.0,False,False,False,False,False,2.17357900199472,,Retain for Elastic Net consideration; do not remove automatically,,
feature_pair,numeric__trend_debt_to_assets_change_2y,numeric__trend_liabilities_to_assets_change_2y,trend_ratios,trend_ratios,high_correlation,249,0.9133190492756212,0.8274457860317544,0.9132524140336125,0.8329109117267228,234.0,False,False,False,False,False,3.8834363050202123,,Retain for Elastic Net consideration; do not remove automatically,,
feature_pair,numeric__trend_debt_to_assets_change_2y,numeric__trend_liabilities_to_assets_slope_3y,trend_ratios,trend_ratios,high_correlation,249,0.8870958817635687,0.7402310553871067,0.8882291866623334,0.7570109669117914,234.0,False,False,False,False,False,3.8552730567635836,,Retain for Elastic Net consideration; do not remove automatically,,
feature_pair,numeric__trend_debt_to_assets_change_3y,numeric__trend_debt_to_assets_growth_3y,trend_ratios,trend_ratios,high_correlation,249,0.19940741705987547,0.8778069677340057,0.3969603495637034,0.8740734489304461,199.0,False,False,False,False,False,13.554680734848784,,Retain for Elastic Net consideration; do not remove automatically,,
feature_pair,numeric__trend_debt_to_assets_change_3y,numeric__trend_debt_to_assets_slope_3y,trend_ratios,trend_ratios,high_correlation,249,0.8124724410667232,0.9155038740183025,0.9931010075254305,0.977007769861281,220.0,False,False,False,False,False,8.717832542685635,,Retain for Elastic Net consideration; do not remove automatically,,
feature_pair,numeric__trend_debt_to_assets_change_3y,numeric__trend_debt_to_equity_change_1y,trend_ratios,trend_ratios,high_correlation,249,-0.8518701062232286,0.13780858818901578,-0.9744566226559498,0.1017587164455415,46.0,False,False,False,False,False,2.9451276824483243,,Retain for Elastic Net consideration; do not remove automatically,,
feature_pair,numeric__trend_debt_to_assets_change_3y,numeric__trend_debt_to_equity_growth_1y,trend_ratios,trend_ratios,high_correlation,249,0.8518649474812735,0.10816180837482475,0.9749212816113063,0.20160306979688156,41.0,False,False,False,False,False,2.9451237258219303,,Retain for Elastic Net consideration; do not remove automatically,,
feature_pair,numeric__trend_debt_to_assets_change_3y,numeric__trend_debt_to_equity_slope_3y,trend_ratios,trend_ratios,high_correlation,249,-0.8518699155012629,0.11321857733470181,-0.9693950370100903,0.09921054190451443,60.0,False,False,False,False,False,2.9451309242260533,,Retain for Elastic Net consideration; do not remove automatically,,
feature_pair,numeric__trend_debt_to_assets_change_3y,numeric__trend_liabilities_to_assets_change_3y,trend_ratios,trend_ratios,high_correlation,249,0.8712616854178561,0.7887140742255112,0.8732005247825553,0.8053656521191903,220.0,False,False,False,False,False,5.25771052835164,,Retain for Elastic Net consideration; do not remove automatically,,
feature_pair,numeric__trend_debt_to_assets_change_3y,numeric__trend_liabilities_to_equity_change_1y,trend_ratios,trend_ratios,high_correlation,249,-0.8518703199318108,0.08320582489100807,-0.9744568601146455,0.07248612312746132,46.0,False,False,False,False,False,2.94512858975163,,Retain for Elastic Net consideration; do not remove automatically,,
feature_pair,numeric__trend_debt_to_assets_change_3y,numeric__trend_liabilities_to_equity_growth_1y,trend_ratios,trend_ratios,high_correlation,249,0.8518649261217262,0.07242176784492071,0.97445065947138,0.12850093146766123,46.0,False,False,False,False,False,2.9451238973265705,,Retain for Elastic Net consideration; do not remove automatically,,
feature_pair,numeric__trend_debt_to_assets_change_3y,numeric__trend_liabilities_to_equity_slope_3y,trend_ratios,trend_ratios,high_correlation,249,-0.851870252383291,0.08933829730621548,-0.9693954134859348,0.08853935167731491,60.0,False,False,False,False,False,2.9451316456586807,,Retain for Elastic Net consideration; do not remove automatically,,
feature_pair,numeric__trend_debt_to_assets_change_3y,numeric__trend_market_to_book_change_1y,trend_ratios,trend_ratios,high_correlation,249,-0.8523409584941468,-0.09373903735785911,-0.9750011065827856,-0.2478716959371401,46.0,False,False,False,False,False,2.9454055669549377,,Retain for Elastic Net consideration; do not remove automatically,,
feature_pair,numeric__trend_debt_to_assets_change_3y,numeric__trend_market_to_book_growth_1y,trend_ratios,trend_ratios,high_correlation,249,0.8517723052620252,-0.02513022011038411,0.9743438439640427,-0.08050586440964853,46.0,False,False,False,False,False,2.9450323659530655,,Retain for Elastic Net consideration; do not remove automatically,,
feature_pair,numeric__trend_debt_to_assets_change_3y,numeric__trend_market_to_book_slope_3y,trend_ratios,trend_ratios,high_correlation,249,-0.8519370322481312,-0.13222561871780164,-0.9694462116266601,-0.23821698762647317,60.0,False,False,False,False,False,2.9468027164449273,,Retain for Elastic Net consideration; do not remove automatically,,
feature_pair,numeric__trend_debt_to_assets_slope_3y,numeric__trend_liabilities_to_assets_change_2y,trend_ratios,trend_ratios,high_correlation,249,0.8868301117611275,0.7491962990772183,0.8924329716602409,0.7655872180107747,235.0,False,False,False,False,False,3.7988019291272344,,Retain for Elastic Net consideration; do not remove automatically,,
feature_pair,numeric__trend_debt_to_assets_slope_3y,numeric__trend_liabilities_to_assets_slope_3y,trend_ratios,trend_ratios,high_correlation,249,0.9215310856174851,0.8225194712054475,0.9215017587131619,0.8235359884644109,245.0,False,False,False,False,False,2.831352762247519,,Retain for Elastic Net consideration; do not remove automatically,,
feature_pair,numeric__trend_debt_to_equity_change_1y,numeric__trend_market_to_book_slope_3y,trend_ratios,trend_ratios,high_correlation,249,0.9997588425296391,-0.03975226326214009,0.9997618252432587,0.19919629308584627,48.0,False,False,False,False,False,0.33075584017183646,,Retain for Elastic Net consideration; do not remove automatically,,
feature_pair,numeric__trend_debt_to_equity_change_2y,numeric__trend_liabilities_to_equity_change_2y,trend_ratios,trend_ratios,high_correlation,249,0.9998123176741541,0.7993435850586283,0.9998161378862649,0.7744392559120369,40.0,False,False,False,False,False,0.2773311493424636,,Retain for Elastic Net consideration; do not remove automatically,,
feature_pair,numeric__trend_debt_to_equity_change_2y,numeric__trend_market_to_book_change_2y,trend_ratios,trend_ratios,high_correlation,249,0.9972025383303047,0.30885646653842097,0.9971580204095242,0.3894264089083566,40.0,False,False,False,False,False,0.732028878266569,,Retain for Elastic Net consideration; do not remove automatically,,
feature_pair,numeric__trend_debt_to_equity_change_3y,numeric__trend_liabilities_to_equity_change_3y,trend_ratios,trend_ratios,high_correlation,249,0.9915366549206791,0.7721380762612603,0.9925852852734567,0.9391384051329056,32.0,False,False,False,False,False,1.0346631111243636,,Retain for Elastic Net consideration; do not remove automatically,,
feature_pair,numeric__trend_debt_to_equity_growth_1y,numeric__trend_market_to_book_slope_3y,trend_ratios,trend_ratios,high_correlation,249,-0.9997583279062334,-0.09819058757360705,-0.9997654052289958,0.04189966827063947,42.0,False,False,False,False,False,0.3309689025767111,,Retain for Elastic Net consideration; do not remove automatically,,
feature_pair,numeric__trend_debt_to_equity_slope_3y,numeric__trend_market_to_book_slope_3y,trend_ratios,trend_ratios,high_correlation,249,0.9997594453729283,0.06066228836365885,0.9997607252198947,0.2078982377533805,62.0,False,False,False,False,False,0.3303269435962046,,Retain for Elastic Net consideration; do not remove automatically,,
feature_pair,numeric__trend_depreciation_amortization_change_1y,numeric__market_market_cap_change_12m,trend_financial,market_features,high_correlation,249,-0.8302283916778671,-0.18693731081936096,-0.9363701484207654,-0.2231749817759111,135.0,False,False,False,False,False,5.763850943916866,,Retain for Elastic Net consideration; do not remove automatically,,affine_group_024
feature_pair,numeric__trend_depreciation_amortization_change_1y,numeric__trend_depreciation_amortization_change_2y,trend_financial,trend_financial,high_correlation,249,0.9819919901914929,0.7228952605766423,0.9900918881442375,0.8214614073567411,114.0,False,False,False,False,False,1.825994373916703,,Retain for Elastic Net consideration; do not remove automatically,,
feature_pair,numeric__trend_depreciation_amortization_change_1y,numeric__trend_depreciation_amortization_change_3y,trend_financial,trend_financial,high_correlation,249,0.96615026414908,0.44291729011233233,0.984086774112677,0.5390795899342443,105.0,False,False,False,False,False,2.198847384002994,,Retain for Elastic Net consideration; do not remove automatically,,
feature_pair,numeric__trend_depreciation_amortization_change_1y,numeric__trend_depreciation_amortization_slope_3y,trend_financial,trend_financial,high_correlation,249,0.9563999961156616,0.5905635813257994,0.9646978890551824,0.6827844916515371,138.0,False,False,False,False,False,2.075028261971884,,Retain for Elastic Net consideration; do not remove automatically,,
feature_pair,numeric__trend_depreciation_amortization_change_1y,numeric__trend_market_cap_change_1y,trend_financial,trend_market,high_correlation,249,-0.8302283916778671,-0.18693731081936096,-0.9363701484207654,-0.2231749817759111,135.0,False,False,False,False,False,5.763850943916866,,Retain for Elastic Net consideration; do not remove automatically,,affine_group_024
feature_pair,numeric__trend_depreciation_amortization_change_1y,numeric__trend_market_cap_change_2y,trend_financial,trend_market,high_correlation,249,-0.8878489062149266,-0.21267946429758025,-0.9595156644756909,-0.24767187054552506,131.0,False,False,False,False,False,5.524105268884716,,Retain for Elastic Net consideration; do not remove automatically,,
feature_pair,numeric__trend_depreciation_amortization_change_1y,numeric__trend_market_cap_slope_3y,trend_financial,trend_market,high_correlation,249,-0.8032306773804783,-0.14739066411327492,-0.865953888934697,-0.19381909437959768,135.0,False,False,False,False,False,4.960259442609917,,Retain for Elastic Net consideration; do not remove automatically,,
feature_pair,numeric__trend_depreciation_amortization_change_1y,numeric__trend_operating_cash_flow_change_2y,trend_financial,trend_financial,high_correlation,249,0.8485839852669892,-0.053840534369651645,0.9304103837309747,-0.06266100112916098,133.0,False,False,False,False,False,4.8165161817923385,,Retain for Elastic Net consideration; do not remove automatically,,
feature_pair,numeric__trend_depreciation_amortization_change_1y,numeric__trend_operating_cash_flow_slope_3y,trend_financial,trend_financial,high_correlation,249,0.8187003292595977,-0.020874951980931842,0.9172445141388913,-0.03294648422504642,138.0,False,False,False,False,False,5.11230569412669,,Retain for Elastic Net consideration; do not remove automatically,,
feature_pair,numeric__trend_depreciation_amortization_change_1y,numeric__trend_volume_change_2y,trend_financial,trend_market,high_correlation,249,0.8514148658204511,0.08645064095904059,0.9173222319701265,0.1567488226343072,133.0,False,False,False,False,False,5.3927474761526515,,Retain for Elastic Net consideration; do not remove automatically,,
feature_pair,numeric__trend_depreciation_amortization_change_1y,numeric__trend_volume_change_3y,trend_financial,trend_market,high_correlation,249,0.8623836041665442,0.0472738291049565,0.9440378369938742,0.09096261838917688,127.0,False,False,False,False,False,5.855362142664402,,Retain for Elastic Net consideration; do not remove automatically,,
feature_pair,numeric__trend_depreciation_amortization_change_1y,numeric__trend_volume_slope_3y,trend_financial,trend_market,high_correlation,249,0.8790079844906015,0.024966333398740822,0.9412147414967611,0.04893323850759833,138.0,False,False,False,False,False,5.094226281072872,,Retain for Elastic Net consideration; do not remove automatically,,
feature_pair,numeric__trend_depreciation_amortization_change_2y,numeric__market_market_cap_change_12m,trend_financial,market_features,high_correlation,249,-0.8237421860081636,-0.18720343999700065,-0.9294219389086263,-0.21621700585568251,118.0,False,False,False,False,False,5.7689361637686645,,Retain for Elastic Net consideration; do not remove automatically,,affine_group_024
feature_pair,numeric__trend_depreciation_amortization_change_2y,numeric__trend_depreciation_amortization_change_3y,trend_financial,trend_financial,high_correlation,249,0.9839519429955952,0.7066906339348594,0.9968649111767223,0.8374865227073488,106.0,False,False,False,False,False,2.4520634762330196,,Retain for Elastic Net consideration; do not remove automatically,,
feature_pair,numeric__trend_depreciation_amortization_change_2y,numeric__trend_depreciation_amortization_slope_3y,trend_financial,trend_financial,high_correlation,249,0.9460098455958917,0.6838576764944836,0.9930946036967497,0.8754627638134787,121.0,False,False,False,False,False,3.3991417961043164,,Retain for Elastic Net consideration; do not remove automatically,,
feature_pair,numeric__trend_depreciation_amortization_change_2y,numeric__trend_market_cap_change_1y,trend_financial,trend_market,high_correlation,249,-0.8237421860081636,-0.18720343999700065,-0.9294219389086263,-0.21621700585568251,118.0,False,False,False,False,False,5.7689361637686645,,Retain for Elastic Net consideration; do not remove automatically,,affine_group_024
feature_pair,numeric__trend_depreciation_amortization_change_2y,numeric__trend_market_cap_change_2y,trend_financial,trend_market,high_correlation,249,-0.883960931250673,-0.18817399528122775,-0.9553136687653636,-0.20441610757148534,115.0,False,False,False,False,False,5.529190488736514,,Retain for Elastic Net consideration; do not remove automatically,,
feature_pair,numeric__trend_depreciation_amortization_change_2y,numeric__trend_market_cap_slope_3y,trend_financial,trend_market,high_correlation,249,-0.8058440223075166,-0.1629614125538739,-0.8695749779307427,-0.18963360632822637,118.0,False,False,False,False,False,4.904807434782546,,Retain for Elastic Net consideration; do not remove automatically,,
feature_pair,numeric__trend_depreciation_amortization_change_2y,numeric__trend_operating_cash_flow_change_2y,trend_financial,trend_financial,high_correlation,249,0.8351223473804037,-0.11119174040024037,0.9147662418514594,-0.09449696345647735,121.0,False,False,False,False,False,4.81143096194054,,Retain for Elastic Net consideration; do not remove automatically,,
feature_pair,numeric__trend_depreciation_amortization_change_2y,numeric__trend_volume_change_2y,trend_financial,trend_market,high_correlation,249,0.8766736945956076,0.019496976769082366,0.9565243403460085,0.05808976282759025,117.0,False,False,False,False,False,5.39783269600445,,Retain for Elastic Net consideration; do not remove automatically,,
feature_pair,numeric__trend_depreciation_amortization_change_2y,numeric__trend_volume_change_3y,trend_financial,trend_market,high_correlation,249,0.8825181813787667,0.008934895082674567,0.9774984459968802,0.05139556464373751,111.0,False,False,False,False,False,5.8604473625162,,Retain for Elastic Net consideration; do not remove automatically,,
feature_pair,numeric__trend_depreciation_amortization_change_2y,numeric__trend_volume_slope_3y,trend_financial,trend_market,high_correlation,249,0.8970184831815284,0.016342734531887507,0.9680620376883042,0.06683071482972125,121.0,False,False,False,False,False,5.09931150092467,,Retain for Elastic Net consideration; do not remove automatically,,
feature_pair,numeric__trend_depreciation_amortization_change_3y,numeric__market_market_cap_change_12m,trend_financial,market_features,high_correlation,249,-0.8279924632572065,-0.10089278985001977,-0.9342080419145385,-0.1313850880673744,108.0,False,False,False,False,False,5.761158493301493,,Retain for Elastic Net consideration; do not remove automatically,,affine_group_024
feature_pair,numeric__trend_depreciation_amortization_change_3y,numeric__trend_depreciation_amortization_slope_3y,trend_financial,trend_financial,high_correlation,249,0.9245164893363829,0.7774001491658595,0.9995175924453044,0.996402199046144,111.0,False,False,False,False,False,3.5251240348308173,,Retain for Elastic Net consideration; do not remove automatically,,
feature_pair,numeric__trend_depreciation_amortization_change_3y,numeric__trend_market_cap_change_1y,trend_financial,trend_market,high_correlation,249,-0.8279924632572065,-0.10089278985001977,-0.9342080419145385,-0.1313850880673744,108.0,False,False,False,False,False,5.761158493301493,,Retain for Elastic Net consideration; do not remove automatically,,affine_group_024
feature_pair,numeric__trend_depreciation_amortization_change_3y,numeric__trend_market_cap_change_2y,trend_financial,trend_market,high_correlation,249,-0.8887766550081693,-0.10205308675686732,-0.9612324307310016,-0.12823621326351684,107.0,False,False,False,False,False,5.521412818269343,,Retain for Elastic Net consideration; do not remove automatically,,
feature_pair,numeric__trend_depreciation_amortization_change_3y,numeric__trend_market_cap_slope_3y,trend_financial,trend_market,high_correlation,249,-0.803264715860083,-0.09666747130925499,-0.8720818970513636,-0.12024817501170325,108.0,False,False,False,False,False,4.869584365792308,,Retain for Elastic Net consideration; do not remove automatically,,
feature_pair,numeric__trend_depreciation_amortization_change_3y,numeric__trend_operating_cash_flow_change_2y,trend_financial,trend_financial,high_correlation,249,0.8481957514863661,-0.026928480179370173,0.9326130454916062,0.008890411699998197,110.0,False,False,False,False,False,4.819208632407712,,Retain for Elastic Net consideration; do not remove automatically,,
feature_pair,numeric__trend_depreciation_amortization_change_3y,numeric__trend_operating_cash_flow_slope_3y,trend_financial,trend_financial,high_correlation,249,0.8152289504890423,-0.011927199012707187,0.9357264174524123,0.035596291632480244,111.0,False,False,False,False,False,5.114998144742063,,Retain for Elastic Net consideration; do not remove automatically,,
feature_pair,numeric__trend_depreciation_amortization_change_3y,numeric__trend_volume_change_2y,trend_financial,trend_market,high_correlation,249,0.8808266727092509,0.025952598121690675,0.9607663602361781,0.027194146934307092,109.0,False,False,False,False,False,5.390055025537278,,Retain for Elastic Net consideration; do not remove automatically,,
feature_pair,numeric__trend_depreciation_amortization_change_3y,numeric__trend_volume_change_3y,trend_financial,trend_market,high_correlation,249,0.8860205856957918,0.033583938440727525,0.9811887900859875,0.05134292460442832,105.0,False,False,False,False,False,5.852669692049028,,Retain for Elastic Net consideration; do not remove automatically,,
feature_pair,numeric__trend_depreciation_amortization_change_3y,numeric__trend_volume_slope_3y,trend_financial,trend_market,high_correlation,249,0.901118508151726,0.03578374904950984,0.9723011456740513,0.0667299933982076,111.0,False,False,False,False,False,5.091533830457498,,Retain for Elastic Net consideration; do not remove automatically,,
feature_pair,numeric__trend_depreciation_amortization_slope_3y,numeric__trend_market_cap_change_2y,trend_financial,trend_market,high_correlation,249,-0.8211561697026174,-0.14567904470492446,-0.8867868224114366,-0.13770609653994723,161.0,False,False,False,False,False,5.513095655238992,,Retain for Elastic Net consideration; do not remove automatically,,
feature_pair,numeric__trend_depreciation_amortization_slope_3y,numeric__trend_volume_change_2y,trend_financial,trend_market,high_correlation,249,0.8157494197447759,0.0738845069134002,0.8766064965485442,0.09686434032308214,163.0,False,False,False,False,False,5.381737862506927,,Retain for Elastic Net consideration; do not remove automatically,,
feature_pair,numeric__trend_depreciation_amortization_slope_3y,numeric__trend_volume_change_3y,trend_financial,trend_market,high_correlation,249,0.8248871190170305,0.04108155118667472,0.8987712363230946,0.05134368081897359,154.0,False,False,False,False,False,5.8443525290186775,,Retain for Elastic Net consideration; do not remove automatically,,
feature_pair,numeric__trend_depreciation_amortization_slope_3y,numeric__trend_volume_slope_3y,trend_financial,trend_market,high_correlation,249,0.8365168600630921,0.056206781148792996,0.8935726417915177,0.0714401411215562,168.0,False,False,False,False,False,5.0832166674271475,,Retain for Elastic Net consideration; do not remove automatically,,
feature_pair,numeric__trend_ebit_change_1y,numeric__trend_ebitda_change_1y,trend_financial,trend_financial,high_correlation,249,0.9017296385457438,0.9195245317093771,0.9018208801084633,0.9227176931054093,243.0,False,False,False,False,False,5.01754530784015,,Retain for Elastic Net consideration; do not remove automatically,,
feature_pair,numeric__trend_ebit_change_2y,numeric__trend_ebit_change_3y,trend_financial,trend_financial,high_correlation,249,0.9324576221347026,0.7095656977657981,0.9343213728827567,0.7364199555286579,220.0,False,False,False,False,False,2.2212089406791073,,Retain for Elastic Net consideration; do not remove automatically,,
feature_pair,numeric__trend_ebit_change_2y,numeric__trend_ebit_slope_3y,trend_financial,trend_financial,high_correlation,249,0.9300928653047739,0.7637005754049369,0.9339028073069542,0.7758736384277658,236.0,False,False,False,False,False,2.1660493333585547,,Retain for Elastic Net consideration; do not remove automatically,,
feature_pair,numeric__trend_ebit_change_2y,numeric__trend_ebitda_change_2y,trend_financial,trend_financial,high_correlation,249,0.9496725506381269,0.9117329456877455,0.949843498004844,0.9169988775152299,234.0,False,False,False,False,False,2.2633958499256934,,Retain for Elastic Net consideration; do not remove automatically,,
feature_pair,numeric__trend_ebit_change_2y,numeric__trend_ebitda_change_3y,trend_financial,trend_financial,high_correlation,249,0.894025966202797,0.6395319189735218,0.8960387435348941,0.667322844906221,218.0,False,False,False,False,False,2.4176896656754874,,Retain for Elastic Net consideration; do not remove automatically,,
feature_pair,numeric__trend_ebit_change_2y,numeric__trend_ebitda_slope_3y,trend_financial,trend_financial,high_correlation,249,0.904607627717359,0.6924415792370512,0.905576024896406,0.702974346614226,236.0,False,False,False,False,False,2.273181088254851,,Retain for Elastic Net consideration; do not remove automatically,,
feature_pair,numeric__trend_ebit_change_3y,numeric__trend_ebit_slope_3y,trend_financial,trend_financial,high_correlation,249,0.9826762477055517,0.9243342738480032,0.9897565208377213,0.9709410699508135,222.0,False,False,False,False,False,1.5952518049225826,,Retain for Elastic Net consideration; do not remove automatically,,
feature_pair,numeric__trend_ebit_change_3y,numeric__trend_ebitda_change_2y,trend_financial,trend_financial,high_correlation,249,0.9266707421274627,0.6861029677285065,0.9277513305076183,0.7135677301123771,219.0,False,False,False,False,False,2.760369719530742,,Retain for Elastic Net consideration; do not remove automatically,,
feature_pair,numeric__trend_ebit_change_3y,numeric__trend_ebitda_change_3y,trend_financial,trend_financial,high_correlation,249,0.9665133710539404,0.8917413528620022,0.9667671236282528,0.9026487834619802,220.0,False,False,False,False,False,2.129145593418089,,Retain for Elastic Net consideration; do not remove automatically,,
feature_pair,numeric__trend_ebit_change_3y,numeric__trend_ebitda_slope_3y,trend_financial,trend_financial,high_correlation,249,0.9641720831980334,0.8370021247984206,0.9667783140271766,0.8809707003197754,222.0,False,False,False,False,False,2.0382700114512513,,Retain for Elastic Net consideration; do not remove automatically,,
feature_pair,numeric__trend_ebit_growth_1y,numeric__trend_ebit_margin_growth_1y,trend_financial,trend_ratios,high_correlation,249,0.9767071823389984,0.9254980518093536,0.9769785098475608,0.934763785130457,241.0,False,False,False,False,False,1.7730853788303715,,Retain for Elastic Net consideration; do not remove automatically,,
feature_pair,numeric__trend_ebit_growth_1y,numeric__trend_ebit_to_assets_growth_1y,trend_financial,trend_ratios,high_correlation,249,0.9844814355525493,0.9324494282107567,0.9844810991404156,0.9330688790071894,244.0,False,False,False,False,False,1.8410757723277476,,Retain for Elastic Net consideration; do not remove automatically,,
feature_pair,numeric__trend_ebit_growth_1y,numeric__trend_interest_coverage_growth_1y,trend_financial,trend_ratios,high_correlation,249,0.8755250312588175,0.7170394082142253,0.8814688990064392,0.8148662502716225,205.0,False,False,False,False,False,4.640721374252844,,Retain for Elastic Net consideration; do not remove automatically,,
feature_pair,numeric__trend_ebit_growth_2y,numeric__trend_capital_expenditures_growth_3y,trend_financial,trend_financial,high_correlation,249,-0.805110090787974,0.16734576397414166,-0.810321095557549,0.18451226322878284,216.0,False,False,False,False,False,3.5934982142462535,,Retain for Elastic Net consideration; do not remove automatically,,
feature_pair,numeric__trend_ebit_growth_2y,numeric__trend_ebit_margin_growth_2y,trend_financial,trend_ratios,high_correlation,249,0.5986668908358195,0.9438976620994919,0.5988638336316624,0.9482662770731152,233.0,False,False,False,False,False,10.010802409721572,,Retain for Elastic Net consideration; do not remove automatically,,
feature_pair,numeric__trend_ebit_growth_2y,numeric__trend_ebit_to_assets_growth_2y,trend_financial,trend_ratios,high_correlation,249,0.595847992020381,0.9293583687270136,0.5958768979810314,0.9300330661656193,235.0,False,False,False,False,False,9.859626729088006,,Retain for Elastic Net consideration; do not remove automatically,,
feature_pair,numeric__trend_ebit_growth_3y,numeric__trend_ebit_margin_growth_3y,trend_financial,trend_ratios,high_correlation,249,0.7883557238401165,0.9064564847719936,0.78886251470435,0.9168072596704883,220.0,False,False,False,False,False,3.9158789453496055,,Retain for Elastic Net consideration; do not remove automatically,,
feature_pair,numeric__trend_ebit_growth_3y,numeric__trend_ebit_to_assets_growth_3y,trend_financial,trend_ratios,high_correlation,249,0.8181664762315884,0.8990870600688012,0.8181690594113118,0.8994256545361117,222.0,False,False,False,False,False,4.331570399697104,,Retain for Elastic Net consideration; do not remove automatically,,
feature_pair,numeric__trend_ebit_margin_change_1y,numeric__trend_ebit_margin_change_2y,trend_ratios,trend_ratios,high_correlation,249,0.8283489746524436,0.6308922642824109,0.8293638812786649,0.6472042820231741,231.0,False,False,False,False,False,8.04537218428052,,Retain for Elastic Net consideration; do not remove automatically,,
feature_pair,numeric__trend_ebit_margin_change_1y,numeric__trend_ebitda_margin_change_1y,trend_ratios,trend_ratios,high_correlation,249,0.9859506353560065,0.9358492208718959,0.9883017756711644,0.941527529171564,240.0,False,False,False,False,False,2.047668140213533,,Retain for Elastic Net consideration; do not remove automatically,,
feature_pair,numeric__trend_ebit_margin_change_1y,numeric__trend_ebitda_margin_change_2y,trend_ratios,trend_ratios,high_correlation,249,0.8295328554316389,0.6321083515943027,0.9675535542837632,0.6565939995683142,229.0,False,False,False,False,False,7.99805762629176,,Retain for Elastic Net consideration; do not remove automatically,,
feature_pair,numeric__trend_ebit_margin_change_1y,numeric__trend_market_to_book_growth_3y,trend_ratios,trend_ratios,high_correlation,249,0.8078392149333591,0.11450721087368786,0.980725871239432,0.3954426295624118,31.0,False,False,False,False,False,8.020871619533931,,Retain for Elastic Net consideration; do not remove automatically,,
feature_pair,numeric__trend_ebit_margin_change_1y,numeric__trend_net_income_margin_change_1y,trend_ratios,trend_ratios,high_correlation,249,0.9757299925101434,0.7425363678622677,0.9757604058947653,0.7427047129808871,241.0,False,False,False,False,False,1.6597618716037446,,Retain for Elastic Net consideration; do not remove automatically,,
feature_pair,numeric__trend_ebit_margin_change_1y,numeric__trend_net_income_margin_change_2y,trend_ratios,trend_ratios,high_correlation,249,0.8265639502448435,0.4841688842245201,0.8275921151920551,0.49314237649170833,231.0,False,False,False,False,False,8.082486057647106,,Retain for Elastic Net consideration; do not remove automatically,,
feature_pair,numeric__trend_ebit_margin_change_1y,numeric__trend_operating_cash_flow_margin_change_1y,trend_ratios,trend_ratios,high_correlation,249,0.9825306859798608,0.47580373092212763,0.9849142608571217,0.48484346055219807,240.0,False,False,False,False,False,2.2199248711290833,,Retain for Elastic Net consideration; do not remove automatically,,
feature_pair,numeric__trend_ebit_margin_change_1y,numeric__trend_operating_cash_flow_margin_change_2y,trend_ratios,trend_ratios,high_correlation,249,0.8372334309173688,0.339211082633242,0.8402599035439092,0.3496420489093797,230.0,False,False,False,False,False,7.716218920510275,,Retain for Elastic Net consideration; do not remove automatically,,
feature_pair,numeric__trend_ebit_margin_change_2y,numeric__trend_ebitda_margin_change_1y,trend_ratios,trend_ratios,high_correlation,249,0.8904976848653148,0.5883799958053909,0.8919524371105675,0.6079477618748678,230.0,False,False,False,False,False,5.997704044066986,,Retain for Elastic Net consideration; do not remove automatically,,
feature_pair,numeric__trend_ebit_margin_change_2y,numeric__trend_ebitda_margin_change_2y,trend_ratios,trend_ratios,high_correlation,249,0.999880143801749,0.8958102177240875,0.9999054036210289,0.9076459970910592,231.0,False,False,False,False,False,0.16022416636318879,,Retain for Elastic Net consideration; do not remove automatically,,
feature_pair,numeric__trend_ebit_margin_change_2y,numeric__trend_interest_coverage_change_2y,trend_ratios,trend_ratios,high_correlation,249,0.9062181652402488,0.6382071746364724,0.9069604178923072,0.6893170214182228,194.0,False,False,False,False,False,5.373533136637343,,Retain for Elastic Net consideration; do not remove automatically,,
feature_pair,numeric__trend_ebit_margin_change_2y,numeric__trend_market_to_book_growth_3y,trend_ratios,trend_ratios,high_correlation,249,0.9802504736315245,0.14421440941753005,0.9835988531614978,0.39503932244404116,31.0,False,False,False,False,False,2.4696084392823576,,Retain for Elastic Net consideration; do not remove automatically,,
feature_pair,numeric__trend_ebit_margin_change_2y,numeric__trend_net_income_margin_change_1y,trend_ratios,trend_ratios,high_correlation,249,0.82238523934709,0.47827351587915523,0.8254716661024432,0.48752699142699707,231.0,False,False,False,False,False,7.494432643226429,,Retain for Elastic Net consideration; do not remove automatically,,
feature_pair,numeric__trend_ebit_margin_change_2y,numeric__trend_net_income_margin_change_2y,trend_ratios,trend_ratios,high_correlation,249,0.999199328186506,0.6672589010100382,0.9992016248952152,0.659096471838268,233.0,False,False,False,False,False,0.26254198840515647,,Retain for Elastic Net consideration; do not remove automatically,,
feature_pair,numeric__trend_ebit_margin_change_2y,numeric__trend_operating_cash_flow_margin_change_1y,trend_ratios,trend_ratios,high_correlation,249,0.8337365284813538,0.2693599472348512,0.8345682066524257,0.28061027985625736,230.0,False,False,False,False,False,8.168783877911013,,Retain for Elastic Net consideration; do not remove automatically,,
feature_pair,numeric__trend_ebit_margin_change_2y,numeric__trend_operating_cash_flow_margin_change_2y,trend_ratios,trend_ratios,high_correlation,249,0.997480853255482,0.40732141607508027,0.9975013958850097,0.41532093763454087,232.0,False,False,False,False,False,0.5832033479890771,,Retain for Elastic Net consideration; do not remove automatically,,
feature_pair,numeric__trend_ebit_margin_change_3y,numeric__trend_capex_to_revenue_change_3y,trend_ratios,trend_ratios,high_correlation,249,0.9993708459715083,0.01970655116548598,0.999373415664722,0.034872427483038114,218.0,False,False,False,False,False,0.3705043052629084,,Retain for Elastic Net consideration; do not remove automatically,,
feature_pair,numeric__trend_ebit_margin_change_3y,numeric__trend_capex_to_revenue_slope_3y,trend_ratios,trend_ratios,high_correlation,249,0.9993684069101698,0.02548720345136297,0.9993686693845629,0.03939534301875437,220.0,False,False,False,False,False,0.36922853519479215,,Retain for Elastic Net consideration; do not remove automatically,,
feature_pair,numeric__trend_ebit_margin_change_3y,numeric__trend_ebit_margin_slope_3y,trend_ratios,trend_ratios,high_correlation,249,0.9976664431684896,0.9221322018603005,0.9976708106609921,0.9771625119884415,220.0,False,False,False,False,False,1.07095781701933,,Retain for Elastic Net consideration; do not remove automatically,,
feature_pair,numeric__trend_ebit_margin_change_3y,numeric__trend_ebit_to_assets_change_3y,trend_ratios,trend_ratios,high_correlation,249,0.024121899417949105,0.81763481519299,0.02449998605930289,0.8191449916771196,220.0,False,False,False,False,False,15.516903632850475,,Retain for Elastic Net consideration; do not remove automatically,,
feature_pair,numeric__trend_ebit_margin_change_3y,numeric__trend_ebitda_margin_slope_3y,trend_ratios,trend_ratios,high_correlation,249,0.9960237388323545,0.8619533695009154,0.997299449538733,0.9155179739280277,220.0,False,False,False,False,False,1.1474078942524573,,Retain for Elastic Net consideration; do not remove automatically,,
feature_pair,numeric__trend_ebit_margin_change_3y,numeric__trend_net_income_margin_change_3y,trend_ratios,trend_ratios,high_correlation,249,0.9996177423570859,0.7238062762170797,0.9996178247882328,0.7223200832175343,220.0,False,False,False,False,False,0.24142439386633358,,Retain for Elastic Net consideration; do not remove automatically,,
feature_pair,numeric__trend_ebit_margin_change_3y,numeric__trend_net_income_margin_slope_3y,trend_ratios,trend_ratios,high_correlation,249,0.9997131582647723,0.6495872348310873,0.999713475275116,0.6851505613013672,220.0,False,False,False,False,False,0.18410015949073943,,Retain for Elastic Net consideration; do not remove automatically,,
feature_pair,numeric__trend_ebit_margin_change_3y,numeric__trend_operating_cash_flow_margin_slope_3y,trend_ratios,trend_ratios,high_correlation,249,0.9993165347871642,0.5382947467389608,0.9993361050593941,0.5848838008684647,220.0,False,False,False,False,False,0.5376374134362374,,Retain for Elastic Net consideration; do not remove automatically,,
feature_pair,numeric__trend_ebit_margin_growth_1y,numeric__trend_ebit_to_assets_growth_1y,trend_ratios,trend_ratios,high_correlation,249,0.9854114624650165,0.9212725124809575,0.985658911412615,0.9308853106637472,241.0,False,False,False,False,False,1.2047643851014684,,Retain for Elastic Net consideration; do not remove automatically,,
feature_pair,numeric__trend_ebit_margin_growth_1y,numeric__trend_interest_coverage_growth_1y,trend_ratios,trend_ratios,high_correlation,249,0.8974790304290438,0.7532918853381975,0.9073626296287657,0.8368400444976557,204.0,False,False,False,False,False,3.778341317759695,,Retain for Elastic Net consideration; do not remove automatically,,
feature_pair,numeric__trend_ebit_margin_growth_2y,numeric__trend_ebit_to_assets_growth_2y,trend_ratios,trend_ratios,high_correlation,249,0.8288417697592054,0.9380012047496807,0.8293047740838779,0.9473243665047051,232.0,False,False,False,False,False,4.769494779248507,,Retain for Elastic Net consideration; do not remove automatically,,
feature_pair,numeric__trend_ebit_margin_growth_2y,numeric__trend_interest_coverage_growth_2y,trend_ratios,trend_ratios,high_correlation,249,0.2963033890577454,0.8131433874311993,0.3082391199726842,0.9083412156359683,194.0,False,False,False,False,False,13.099610020638599,,Retain for Elastic Net consideration; do not remove automatically,,
feature_pair,numeric__trend_ebit_margin_growth_3y,numeric__trend_ebit_to_assets_growth_3y,trend_ratios,trend_ratios,high_correlation,249,0.7691790756952757,0.946832801539411,0.7689616149770716,0.9519109942038492,220.0,False,False,False,False,False,4.749189997943017,,Retain for Elastic Net consideration; do not remove automatically,,
feature_pair,numeric__trend_ebit_margin_growth_3y,numeric__trend_interest_coverage_growth_3y,trend_ratios,trend_ratios,high_correlation,249,0.513257258692129,0.8171069416494576,0.520095626975399,0.9228519735776964,181.0,False,False,False,False,False,7.163989456098741,,Retain for Elastic Net consideration; do not remove automatically,,
feature_pair,numeric__trend_ebit_margin_slope_3y,numeric__trend_capex_to_revenue_change_3y,trend_ratios,trend_ratios,high_correlation,249,0.9953815426642778,0.045346273949493116,0.9953876569966665,0.05621993843623401,218.0,False,False,False,False,False,1.4414621222822381,,Retain for Elastic Net consideration; do not remove automatically,,
feature_pair,numeric__trend_ebit_margin_slope_3y,numeric__trend_capex_to_revenue_slope_3y,trend_ratios,trend_ratios,high_correlation,249,0.995382966299457,0.01962268844201575,0.9953828480788787,0.02052487204362225,243.0,False,False,False,False,False,1.440186352214122,,Retain for Elastic Net consideration; do not remove automatically,,
feature_pair,numeric__trend_ebit_margin_slope_3y,numeric__trend_ebit_to_assets_slope_3y,trend_ratios,trend_ratios,high_correlation,249,0.026773860705737965,0.801862131137892,0.026810790334622556,0.8043087010336868,243.0,False,False,False,False,False,15.53806768594929,,Retain for Elastic Net consideration; do not remove automatically,,
feature_pair,numeric__trend_ebit_margin_slope_3y,numeric__trend_ebitda_margin_change_3y,trend_ratios,trend_ratios,high_correlation,249,0.9977188323924431,0.887977317333542,0.9977242923268128,0.9516652043100428,218.0,False,False,False,False,False,1.053873705522871,,Retain for Elastic Net consideration; do not remove automatically,,
feature_pair,numeric__trend_ebit_margin_slope_3y,numeric__trend_ebitda_margin_slope_3y,trend_ratios,trend_ratios,high_correlation,249,0.9986219635841804,0.9164737615334987,0.9986219809912511,0.9166452012176763,243.0,False,False,False,False,False,0.8181096898951536,,Retain for Elastic Net consideration; do not remove automatically,,
feature_pair,numeric__trend_ebit_margin_slope_3y,numeric__trend_net_income_margin_change_3y,trend_ratios,trend_ratios,high_correlation,249,0.9961893725324219,0.6676110121641956,0.9961947107905166,0.7019056409632227,220.0,False,False,False,False,False,1.3123822108856633,,Retain for Elastic Net consideration; do not remove automatically,,
feature_pair,numeric__trend_ebit_margin_slope_3y,numeric__trend_net_income_margin_slope_3y,trend_ratios,trend_ratios,high_correlation,249,0.9968261204216452,0.6732290686918467,0.9968260899768971,0.6729485163750711,243.0,False,False,False,False,False,1.187815937745049,,Retain for Elastic Net consideration; do not remove automatically,,
feature_pair,numeric__trend_ebit_margin_slope_3y,numeric__trend_operating_cash_flow_margin_change_3y,trend_ratios,trend_ratios,high_correlation,249,0.9975500273449629,0.5100333463830387,0.9975556851538231,0.5537930055917042,218.0,False,False,False,False,False,1.0794715694405839,,Retain for Elastic Net consideration; do not remove automatically,,
feature_pair,numeric__trend_ebit_margin_slope_3y,numeric__trend_operating_cash_flow_margin_slope_3y,trend_ratios,trend_ratios,high_correlation,249,0.9993322423411003,0.5555069298156973,0.9993321890855207,0.5600709196132874,243.0,False,False,False,False,False,0.5333204035830924,,Retain for Elastic Net consideration; do not remove automatically,,
feature_pair,numeric__trend_ebit_slope_3y,numeric__trend_ebitda_change_2y,trend_financial,trend_financial,high_correlation,249,0.9136082252646599,0.7408666533193233,0.9178472236037557,0.7544722612331598,234.0,False,False,False,False,False,2.7052101122101893,,Retain for Elastic Net consideration; do not remove automatically,,
feature_pair,numeric__trend_ebit_slope_3y,numeric__trend_ebitda_change_3y,trend_financial,trend_financial,high_correlation,249,0.9434099634654468,0.8470265151501097,0.9505483530393541,0.8923164655538688,220.0,False,False,False,False,False,2.583008056110092,,Retain for Elastic Net consideration; do not remove automatically,,
feature_pair,numeric__trend_ebit_slope_3y,numeric__trend_ebitda_slope_3y,trend_financial,trend_financial,high_correlation,249,0.9573335637195548,0.8853676964405641,0.9573506927162553,0.8858817682884804,246.0,False,False,False,False,False,2.0535388809079294,,Retain for Elastic Net consideration; do not remove automatically,,
feature_pair,numeric__trend_ebit_to_assets_change_1y,numeric__trend_ebit_to_assets_change_3y,trend_ratios,trend_ratios,high_correlation,249,0.805250376213678,0.562346399559959,0.8356293237611331,0.607051852052207,220.0,False,False,False,False,False,4.53679413502125,,Retain for Elastic Net consideration; do not remove automatically,,
feature_pair,numeric__trend_ebit_to_assets_change_1y,numeric__trend_ebitda_to_assets_change_1y,trend_ratios,trend_ratios,high_correlation,249,0.8793217132427281,0.9547501358592381,0.9937737444090452,0.9613638644498712,243.0,False,False,False,False,False,7.327621066015897,,Retain for Elastic Net consideration; do not remove automatically,,
feature_pair,numeric__trend_ebit_to_assets_change_2y,numeric__trend_ebit_to_assets_slope_3y,trend_ratios,trend_ratios,high_correlation,249,0.8985610058688586,0.77915928925754,0.9026191597964551,0.7943369568031602,235.0,False,False,False,False,False,4.720979474909512,,Retain for Elastic Net consideration; do not remove automatically,,
feature_pair,numeric__trend_ebit_to_assets_change_2y,numeric__trend_ebitda_to_assets_change_2y,trend_ratios,trend_ratios,high_correlation,249,0.8650814991092176,0.934363226711442,0.997452296688013,0.9458604104013889,233.0,False,False,False,False,False,7.821029633394713,,Retain for Elastic Net consideration; do not remove automatically,,
feature_pair,numeric__trend_ebit_to_assets_change_2y,numeric__trend_ebitda_to_assets_slope_3y,trend_ratios,trend_ratios,high_correlation,249,0.8578050158273652,0.6854147061410188,0.8620109546619105,0.6997414625305604,235.0,False,False,False,False,False,4.689811935784818,,Retain for Elastic Net consideration; do not remove automatically,,
feature_pair,numeric__trend_ebit_to_assets_change_2y,numeric__trend_operating_cash_flow_to_assets_change_2y,trend_ratios,trend_ratios,high_correlation,249,0.8076172775847804,0.5050984365195849,0.8084599979854209,0.5154612091834895,234.0,False,False,False,False,False,5.792374131815992,,Retain for Elastic Net consideration; do not remove automatically,,
feature_pair,numeric__trend_ebit_to_assets_change_3y,numeric__trend_ebit_to_assets_slope_3y,trend_ratios,trend_ratios,high_correlation,249,0.5200844394000554,0.9166768339659827,0.9653129935151152,0.975815301291441,222.0,False,False,False,False,False,10.33512250674902,,Retain for Elastic Net consideration; do not remove automatically,,
feature_pair,numeric__trend_ebit_to_assets_change_3y,numeric__trend_ebitda_to_assets_change_3y,trend_ratios,trend_ratios,high_correlation,249,0.9802141116838176,0.9334464217543854,0.9961575726584924,0.9516946105827369,220.0,False,False,False,False,False,2.8054645490443746,,Retain for Elastic Net consideration; do not remove automatically,,
feature_pair,numeric__trend_ebit_to_assets_change_3y,numeric__trend_ebitda_to_assets_slope_3y,trend_ratios,trend_ratios,high_correlation,249,0.4673237447649382,0.8459997138847805,0.7783512171162112,0.9054976042889726,222.0,False,False,False,False,False,8.913649285933502,,Retain for Elastic Net consideration; do not remove automatically,,
feature_pair,numeric__trend_ebit_to_assets_change_3y,numeric__trend_operating_cash_flow_to_assets_change_3y,trend_ratios,trend_ratios,high_correlation,249,0.8012020536105308,0.5402346512998449,0.8156503349477849,0.56885338093773,220.0,False,False,False,False,False,4.027965299028404,,Retain for Elastic Net consideration; do not remove automatically,,
feature_pair,numeric__trend_ebit_to_assets_slope_3y,numeric__trend_ebitda_to_assets_change_3y,trend_ratios,trend_ratios,high_correlation,249,0.5232243609672296,0.8518184935025396,0.9720811416023701,0.9170630882225326,220.0,False,False,False,False,False,10.350078776465178,,Retain for Elastic Net consideration; do not remove automatically,,
feature_pair,numeric__trend_ebit_to_assets_slope_3y,numeric__trend_ebitda_to_assets_slope_3y,trend_ratios,trend_ratios,high_correlation,249,0.9540769311176873,0.9123230853418899,0.9540753552322148,0.9132501528549105,246.0,False,False,False,False,False,4.451387512164499,,Retain for Elastic Net consideration; do not remove automatically,,
feature_pair,numeric__trend_ebitda_change_1y,numeric__trend_ebitda_change_2y,trend_financial,trend_financial,high_correlation,249,0.8176647223076363,0.6050504404216545,0.8179100429103391,0.615225605818316,232.0,False,False,False,False,False,6.948421955719796,,Retain for Elastic Net consideration; do not remove automatically,,
feature_pair,numeric__trend_ebitda_change_1y,numeric__trend_operating_cash_flow_change_1y,trend_financial,trend_financial,high_correlation,249,0.8122713919473064,0.4137113781204545,0.8123606064821856,0.4139581172849831,243.0,False,False,False,False,False,3.917422729912801,,Retain for Elastic Net consideration; do not remove automatically,,
feature_pair,numeric__trend_ebitda_change_2y,numeric__trend_depreciation_amortization_change_1y,trend_financial,trend_financial,high_correlation,249,0.8630727004681397,0.048837121406239574,0.9534893508268047,0.119373858600056,132.0,False,False,False,False,False,3.4844986726153238,,Retain for Elastic Net consideration; do not remove automatically,,
feature_pair,numeric__trend_ebitda_change_2y,numeric__trend_depreciation_amortization_change_2y,trend_financial,trend_financial,high_correlation,249,0.8556092709372634,-0.014310281855732373,0.942377079384775,0.06690557077873031,121.0,False,False,False,False,False,3.489583892467122,,Retain for Elastic Net consideration; do not remove automatically,,
feature_pair,numeric__trend_ebitda_change_2y,numeric__trend_depreciation_amortization_change_3y,trend_financial,trend_financial,high_correlation,249,0.8701903782159155,0.022508114090783155,0.9601960667482581,0.132535660829892,110.0,False,False,False,False,False,3.481806221999951,,Retain for Elastic Net consideration; do not remove automatically,,
feature_pair,numeric__trend_ebitda_change_2y,numeric__trend_ebitda_change_3y,trend_financial,trend_financial,high_correlation,249,0.9619068487515773,0.7080796416884209,0.9627598251061549,0.7354831423582455,218.0,False,False,False,False,False,2.3186081562703826,,Retain for Elastic Net consideration; do not remove automatically,,
feature_pair,numeric__trend_ebitda_change_2y,numeric__trend_ebitda_slope_3y,trend_financial,trend_financial,high_correlation,249,0.9632949440171837,0.7627175082251537,0.9640113035512721,0.7772881573408023,234.0,False,False,False,False,False,2.0130627191081913,,Retain for Elastic Net consideration; do not remove automatically,,
feature_pair,numeric__trend_ebitda_change_2y,numeric__trend_operating_cash_flow_change_2y,trend_financial,trend_financial,high_correlation,249,0.8112721864565223,0.32014401913206003,0.8112725816141433,0.31429995022105506,234.0,False,False,False,False,False,5.409078927636211,,Retain for Elastic Net consideration; do not remove automatically,,
feature_pair,numeric__trend_ebitda_change_3y,numeric__trend_depreciation_amortization_change_1y,trend_financial,trend_financial,high_correlation,249,0.8738972710395149,0.07210448530293669,0.9499430265262977,0.14252182836540883,125.0,False,False,False,False,False,3.409458976331161,,Retain for Elastic Net consideration; do not remove automatically,,
feature_pair,numeric__trend_ebitda_change_3y,numeric__trend_depreciation_amortization_change_2y,trend_financial,trend_financial,high_correlation,249,0.8682618757210991,0.009241093458826797,0.9375594233006979,0.07090767202174322,116.0,False,False,False,False,False,3.437487741298532,,Retain for Elastic Net consideration; do not remove automatically,,
feature_pair,numeric__trend_ebitda_change_3y,numeric__trend_depreciation_amortization_change_3y,trend_financial,trend_financial,high_correlation,249,0.892991897310305,0.038341633932309084,0.9660053387113484,0.1380546426988772,111.0,False,False,False,False,False,3.4067665257157884,,Retain for Elastic Net consideration; do not remove automatically,,
feature_pair,numeric__trend_ebitda_change_3y,numeric__trend_ebitda_slope_3y,trend_financial,trend_financial,high_correlation,249,0.9916872752463598,0.9377994985932889,0.9938966414542062,0.9851326420327438,220.0,False,False,False,False,False,1.2781746352980796,,Retain for Elastic Net consideration; do not remove automatically,,
feature_pair,numeric__trend_ebitda_change_3y,numeric__trend_market_cap_change_2y,trend_financial,trend_market,high_correlation,249,-0.8188896982456406,0.25287498330992025,-0.8220629489679818,0.2671355670500972,215.0,False,False,False,False,False,5.868089313666586,,Retain for Elastic Net consideration; do not remove automatically,,
feature_pair,numeric__trend_ebitda_change_3y,numeric__trend_operating_cash_flow_change_2y,trend_financial,trend_financial,high_correlation,249,0.8228033853145319,0.27909677270824956,0.8257656968057845,0.2854664917630229,218.0,False,False,False,False,False,4.945140802245106,,Retain for Elastic Net consideration; do not remove automatically,,
feature_pair,numeric__trend_ebitda_change_3y,numeric__trend_operating_cash_flow_slope_3y,trend_financial,trend_financial,high_correlation,249,0.8052678997920076,0.3753970496134204,0.8194347636305563,0.3981064179156622,220.0,False,False,False,False,False,5.2145774069055335,,Retain for Elastic Net consideration; do not remove automatically,,
feature_pair,numeric__trend_ebitda_growth_1y,numeric__trend_ebitda_margin_growth_1y,trend_financial,trend_ratios,high_correlation,249,0.9663900914854597,0.8950075168556759,0.9665085834275621,0.9036622227160588,240.0,False,False,False,False,False,2.827911430467528,,Retain for Elastic Net consideration; do not remove automatically,,
feature_pair,numeric__trend_ebitda_growth_1y,numeric__trend_ebitda_to_assets_growth_1y,trend_financial,trend_ratios,high_correlation,249,0.9856129516371167,0.910154920052547,0.9856082050949055,0.9109130900210751,243.0,False,False,False,False,False,1.596662048770142,,Retain for Elastic Net consideration; do not remove automatically,,
feature_pair,numeric__trend_ebitda_growth_2y,numeric__trend_ebitda_margin_growth_2y,trend_financial,trend_ratios,high_correlation,249,0.8081633854964768,0.8909758678418203,0.8085046494268217,0.8986641069026011,231.0,False,False,False,False,False,5.731056329566148,,Retain for Elastic Net consideration; do not remove automatically,,
feature_pair,numeric__trend_ebitda_growth_2y,numeric__trend_ebitda_to_assets_growth_2y,trend_financial,trend_ratios,high_correlation,249,0.8311811102189468,0.867217301645766,0.8311420517733343,0.8710261932093085,233.0,False,False,False,False,False,5.879804173283985,,Retain for Elastic Net consideration; do not remove automatically,,
feature_pair,numeric__trend_ebitda_growth_3y,numeric__trend_ebitda_margin_growth_3y,trend_financial,trend_ratios,high_correlation,249,0.9913657543104313,0.8569055987765996,0.9913756889722656,0.8643998691118427,218.0,False,False,False,False,False,1.3709454412113926,,Retain for Elastic Net consideration; do not remove automatically,,
feature_pair,numeric__trend_ebitda_growth_3y,numeric__trend_ebitda_to_assets_growth_3y,trend_financial,trend_ratios,high_correlation,249,0.7634689159808749,0.8281132733551946,0.7633268153751354,0.8400755990276261,220.0,False,False,False,False,False,8.097950409308746,,Retain for Elastic Net consideration; do not remove automatically,,
feature_pair,numeric__trend_ebitda_margin_change_1y,numeric__trend_ebitda_margin_change_2y,trend_ratios,trend_ratios,high_correlation,249,0.8922635588452323,0.6791249901196914,0.9654888193265666,0.701727142640158,229.0,False,False,False,False,False,5.950389486078227,,Retain for Elastic Net consideration; do not remove automatically,,
feature_pair,numeric__trend_ebitda_margin_change_1y,numeric__trend_interest_coverage_change_2y,trend_ratios,trend_ratios,high_correlation,249,0.8008178691956652,0.3620578176709324,0.812475417402018,0.40928771454847945,191.0,False,False,False,False,False,6.007765190678977,,Retain for Elastic Net consideration; do not remove automatically,,
feature_pair,numeric__trend_ebitda_margin_change_1y,numeric__trend_market_to_book_growth_3y,trend_ratios,trend_ratios,high_correlation,249,0.8696560290902141,0.10482396125420566,0.9751851518497868,0.3813268804194394,31.0,False,False,False,False,False,5.973203479320398,,Retain for Elastic Net consideration; do not remove automatically,,
feature_pair,numeric__trend_ebitda_margin_change_1y,numeric__trend_net_income_margin_change_1y,trend_ratios,trend_ratios,high_correlation,249,0.9648254996303255,0.7073438440095831,0.9671367993304744,0.7128469467298855,240.0,False,False,False,False,False,1.6676278501016524,,Retain for Elastic Net consideration; do not remove automatically,,
feature_pair,numeric__trend_ebitda_margin_change_1y,numeric__trend_net_income_margin_change_2y,trend_ratios,trend_ratios,high_correlation,249,0.8888647560842322,0.44921960444111875,0.8903315625553307,0.46273851693788953,230.0,False,False,False,False,False,6.034817917433573,,Retain for Elastic Net consideration; do not remove automatically,,
feature_pair,numeric__trend_ebitda_margin_change_1y,numeric__trend_operating_cash_flow_margin_change_1y,trend_ratios,trend_ratios,high_correlation,249,0.9710120209368708,0.4937944930109341,0.9710067692321493,0.5002187541775971,240.0,False,False,False,False,False,2.2552386841743273,,Retain for Elastic Net consideration; do not remove automatically,,
feature_pair,numeric__trend_ebitda_margin_change_1y,numeric__trend_operating_cash_flow_margin_change_2y,trend_ratios,trend_ratios,high_correlation,249,0.8961191198003611,0.33127492015539883,0.897557273021632,0.3397376751351594,230.0,False,False,False,False,False,5.668550780296742,,Retain for Elastic Net consideration; do not remove automatically,,
feature_pair,numeric__trend_ebitda_margin_change_2y,numeric__trend_interest_coverage_change_2y,trend_ratios,trend_ratios,high_correlation,249,0.9066908034865593,0.599585351937342,0.9072567770859978,0.6647965602248875,192.0,False,False,False,False,False,5.374814193873091,,Retain for Elastic Net consideration; do not remove automatically,,
feature_pair,numeric__trend_ebitda_margin_change_2y,numeric__trend_market_to_book_growth_3y,trend_ratios,trend_ratios,high_correlation,249,0.9806148511431927,0.14365005627964125,0.9834948043690832,0.3998790078644888,31.0,False,False,False,False,False,2.483276921014432,,Retain for Elastic Net consideration; do not remove automatically,,
feature_pair,numeric__trend_ebitda_margin_change_2y,numeric__trend_net_income_margin_change_1y,trend_ratios,trend_ratios,high_correlation,249,0.8232357210493647,0.4815877773020737,0.9417397628939589,0.49753079757936225,229.0,False,False,False,False,False,7.44711808523767,,Retain for Elastic Net consideration; do not remove automatically,,
feature_pair,numeric__trend_ebitda_margin_change_2y,numeric__trend_net_income_margin_change_2y,trend_ratios,trend_ratios,high_correlation,249,0.9989505267912845,0.577859098555352,0.9989936438266716,0.5776671618745729,231.0,False,False,False,False,False,0.3090568229824895,,Retain for Elastic Net consideration; do not remove automatically,,
feature_pair,numeric__trend_ebitda_margin_change_2y,numeric__trend_operating_cash_flow_margin_change_1y,trend_ratios,trend_ratios,high_correlation,249,0.8354255017922898,0.29680147187657757,0.9761110317755288,0.31308807188366866,229.0,False,False,False,False,False,8.121469319922253,,Retain for Elastic Net consideration; do not remove automatically,,
feature_pair,numeric__trend_ebitda_margin_change_2y,numeric__trend_operating_cash_flow_margin_change_2y,trend_ratios,trend_ratios,high_correlation,249,0.9971318655088836,0.40572344441988056,0.9972910016674131,0.4117523934507943,231.0,False,False,False,False,False,0.621895603761688,,Retain for Elastic Net consideration; do not remove automatically,,
feature_pair,numeric__trend_ebitda_margin_change_3y,numeric__trend_capex_to_revenue_change_3y,trend_ratios,trend_ratios,high_correlation,249,0.9993518604650956,0.018385256281453998,0.9993520342331182,0.038098299322682744,218.0,False,False,False,False,False,0.3875884167593671,,Retain for Elastic Net consideration; do not remove automatically,,
feature_pair,numeric__trend_ebitda_margin_change_3y,numeric__trend_capex_to_revenue_slope_3y,trend_ratios,trend_ratios,high_correlation,249,0.9993515464317436,0.012753226202469787,0.9993520000147857,0.03364115216327429,218.0,False,False,False,False,False,0.38631264669125087,,Retain for Elastic Net consideration; do not remove automatically,,
feature_pair,numeric__trend_ebitda_margin_change_3y,numeric__trend_ebitda_margin_slope_3y,trend_ratios,trend_ratios,high_correlation,249,0.9961064520113095,0.9268166526745759,0.9973841881046029,0.987737053800245,218.0,False,False,False,False,False,1.1303237827559984,,Retain for Elastic Net consideration; do not remove automatically,,
feature_pair,numeric__trend_ebitda_margin_change_3y,numeric__trend_net_income_margin_change_3y,trend_ratios,trend_ratios,high_correlation,249,0.9996064153469039,0.6558291638937717,0.9996067767154716,0.6593479337335267,218.0,False,False,False,False,False,0.2585085053627923,,Retain for Elastic Net consideration; do not remove automatically,,
feature_pair,numeric__trend_ebitda_margin_change_3y,numeric__trend_net_income_margin_slope_3y,trend_ratios,trend_ratios,high_correlation,249,0.9997094644882506,0.6148251690068712,0.9997099960369006,0.656950248021475,218.0,False,False,False,False,False,0.2082088264897225,,Retain for Elastic Net consideration; do not remove automatically,,
feature_pair,numeric__trend_ebitda_margin_change_3y,numeric__trend_operating_cash_flow_margin_slope_3y,trend_ratios,trend_ratios,high_correlation,249,0.9993236731729329,0.5671913906320678,0.9993433067281101,0.6137050325338151,218.0,False,False,False,False,False,0.5205533019397787,,Retain for Elastic Net consideration; do not remove automatically,,
feature_pair,numeric__trend_ebitda_margin_growth_1y,numeric__trend_ebitda_to_assets_growth_1y,trend_ratios,trend_ratios,high_correlation,249,0.9811604753768112,0.8818846224487981,0.981293524697758,0.8919189428964789,240.0,False,False,False,False,False,1.736930120075432,,Retain for Elastic Net consideration; do not remove automatically,,
feature_pair,numeric__trend_ebitda_margin_growth_2y,numeric__trend_ebitda_to_assets_growth_2y,trend_ratios,trend_ratios,high_correlation,249,0.9684803861071741,0.891253484441798,0.9686480432849724,0.8994186284483954,230.0,False,False,False,False,False,2.2060576180054663,,Retain for Elastic Net consideration; do not remove automatically,,
feature_pair,numeric__trend_ebitda_margin_growth_3y,numeric__trend_ebitda_to_assets_growth_3y,trend_ratios,trend_ratios,high_correlation,249,0.792826598853481,0.8792907707738096,0.7928246196544689,0.9010589778561562,218.0,False,False,False,False,False,8.305196761804822,,Retain for Elastic Net consideration; do not remove automatically,,
feature_pair,numeric__trend_ebitda_margin_slope_3y,numeric__trend_capex_to_revenue_change_3y,trend_ratios,trend_ratios,high_correlation,249,0.9936467239233525,0.037034229808135984,0.9949138180623984,0.04709251649856805,218.0,False,False,False,False,False,1.5179121995153655,,Retain for Elastic Net consideration; do not remove automatically,,
feature_pair,numeric__trend_ebitda_margin_slope_3y,numeric__trend_capex_to_revenue_slope_3y,trend_ratios,trend_ratios,high_correlation,249,0.9936764775016599,0.009847100981756278,0.9936768636851522,0.01325393904927575,243.0,False,False,False,False,False,1.5166364294472494,,Retain for Elastic Net consideration; do not remove automatically,,
feature_pair,numeric__trend_ebitda_margin_slope_3y,numeric__trend_net_income_margin_change_3y,trend_ratios,trend_ratios,high_correlation,249,0.9944946576116164,0.5988578747521315,0.9957627972351469,0.6277119798763232,220.0,False,False,False,False,False,1.3888322881187907,,Retain for Elastic Net consideration; do not remove automatically,,
feature_pair,numeric__trend_ebitda_margin_slope_3y,numeric__trend_net_income_margin_slope_3y,trend_ratios,trend_ratios,high_correlation,249,0.9951540814177724,0.5827473629388948,0.9951545180709664,0.582311076171679,243.0,False,False,False,False,False,1.2642660149781764,,Retain for Elastic Net consideration; do not remove automatically,,
feature_pair,numeric__trend_ebitda_margin_slope_3y,numeric__trend_operating_cash_flow_margin_change_3y,trend_ratios,trend_ratios,high_correlation,249,0.9958961111743625,0.5404913899997724,0.9971722289781655,0.5811903293342947,218.0,False,False,False,False,False,1.1559216466737112,,Retain for Elastic Net consideration; do not remove automatically,,
feature_pair,numeric__trend_ebitda_margin_slope_3y,numeric__trend_operating_cash_flow_margin_slope_3y,trend_ratios,trend_ratios,high_correlation,249,0.9980604148200108,0.5898186510373348,0.9980605277643362,0.5917079249322584,243.0,False,False,False,False,False,0.7295507426206068,,Retain for Elastic Net consideration; do not remove automatically,,
feature_pair,numeric__trend_ebitda_slope_3y,numeric__trend_depreciation_amortization_change_1y,trend_financial,trend_financial,high_correlation,249,0.8613111973735113,0.08455460833292827,0.9392600975244955,0.153597285743004,138.0,False,False,False,False,False,3.342134801939634,,Retain for Elastic Net consideration; do not remove automatically,,
feature_pair,numeric__trend_ebitda_slope_3y,numeric__trend_depreciation_amortization_change_2y,trend_financial,trend_financial,high_correlation,249,0.8530736556495057,-0.006182818019543421,0.9332296329364284,0.0447200046064687,121.0,False,False,False,False,False,3.5283633232653697,,Retain for Elastic Net consideration; do not remove automatically,,
feature_pair,numeric__trend_ebitda_slope_3y,numeric__trend_depreciation_amortization_change_3y,trend_financial,trend_financial,high_correlation,249,0.8791698872752669,0.028583883938240327,0.9645688241790644,0.12018848966948495,111.0,False,False,False,False,False,3.3394423513242613,,Retain for Elastic Net consideration; do not remove automatically,,
feature_pair,numeric__trend_ebitda_slope_3y,numeric__trend_market_cap_change_2y,trend_financial,trend_market,high_correlation,249,-0.8017891458015234,0.2889858685455865,-0.8042911338760422,0.3015657792634893,238.0,False,False,False,False,False,5.837896532601462,,Retain for Elastic Net consideration; do not remove automatically,,
feature_pair,numeric__trend_ebitda_to_assets_change_2y,numeric__trend_operating_cash_flow_to_assets_change_2y,trend_ratios,trend_ratios,high_correlation,249,0.8337185676710455,0.5228773797173353,0.8489729378084505,0.5355728637972089,233.0,False,False,False,False,False,4.603021263768412,,Retain for Elastic Net consideration; do not remove automatically,,
feature_pair,numeric__trend_ebitda_to_assets_change_3y,numeric__trend_ebitda_to_assets_slope_3y,trend_ratios,trend_ratios,high_correlation,249,0.5249077217666654,0.9116163155760674,0.9726214758359115,0.9798729422424781,220.0,False,False,False,False,False,8.92860555564966,,Retain for Elastic Net consideration; do not remove automatically,,
feature_pair,numeric__trend_ebitda_to_assets_change_3y,numeric__trend_operating_cash_flow_to_assets_change_3y,trend_ratios,trend_ratios,high_correlation,249,0.8281920497182576,0.5926827293478701,0.8287106301315735,0.6186588047284329,220.0,False,False,False,False,False,4.105861539502923,,Retain for Elastic Net consideration; do not remove automatically,,
feature_pair,numeric__trend_ebitda_to_assets_slope_3y,numeric__trend_operating_cash_flow_to_assets_slope_3y,trend_ratios,trend_ratios,high_correlation,249,0.8394763084929964,0.5856137104620729,0.8395184996381304,0.5876645583369708,246.0,False,False,False,False,False,5.580658334933375,,Retain for Elastic Net consideration; do not remove automatically,,
feature_pair,numeric__trend_free_cash_flow_change_3y,numeric__trend_free_cash_flow_slope_3y,trend_financial,trend_financial,high_correlation,249,0.9505441327164666,0.8894331898134229,0.9788102540321151,0.9451242120875046,220.0,False,False,False,False,False,2.9146044499895964,,Retain for Elastic Net consideration; do not remove automatically,,
feature_pair,numeric__trend_free_cash_flow_growth_1y,numeric__trend_free_cash_flow_to_debt_growth_1y,trend_financial,trend_ratios,high_correlation,249,0.6821341776225733,0.8764364059363147,0.6952893099592317,0.9235331349940819,219.0,False,False,False,False,False,7.9115538522664925,,Retain for Elastic Net consideration; do not remove automatically,,
feature_pair,numeric__trend_free_cash_flow_growth_2y,numeric__trend_free_cash_flow_to_debt_growth_2y,trend_financial,trend_ratios,high_correlation,249,0.5837968205199747,0.8308902603326259,0.6140736335837977,0.8951126059697535,207.0,False,False,False,False,False,8.068961284855689,,Retain for Elastic Net consideration; do not remove automatically,,
feature_pair,numeric__trend_free_cash_flow_growth_3y,numeric__trend_free_cash_flow_to_debt_growth_3y,trend_financial,trend_ratios,high_correlation,249,0.7523107117721664,0.8258835925103929,0.8252176126290136,0.9073747996252637,187.0,False,False,False,False,False,5.875893974812188,,Retain for Elastic Net consideration; do not remove automatically,,
feature_pair,numeric__trend_interest_coverage_change_2y,numeric__trend_interest_coverage_change_3y,trend_ratios,trend_ratios,high_correlation,249,0.846666689576684,0.6063905701622888,0.9125412384817199,0.6489722692312686,177.0,False,False,False,False,False,5.880618009982697,,Retain for Elastic Net consideration; do not remove automatically,,
feature_pair,numeric__trend_interest_coverage_change_2y,numeric__trend_market_to_book_growth_3y,trend_ratios,trend_ratios,high_correlation,249,0.8904901041274059,0.08379770101868832,,,25.0,False,False,False,False,False,5.399586197311942,,Retain for Elastic Net consideration; do not remove automatically,,
feature_pair,numeric__trend_interest_coverage_growth_1y,numeric__trend_ebit_to_assets_growth_1y,trend_ratios,trend_ratios,high_correlation,249,0.9247525938915473,0.7268671736176905,0.9287033484591691,0.8116499607192008,205.0,False,False,False,False,False,2.947903663367417,,Retain for Elastic Net consideration; do not remove automatically,,
feature_pair,numeric__trend_interest_coverage_growth_2y,numeric__trend_ebit_to_assets_growth_2y,trend_ratios,trend_ratios,high_correlation,249,0.34508709643984975,0.8073244809739201,0.34990770114852887,0.8929688764780859,194.0,False,False,False,False,False,13.126347874845521,,Retain for Elastic Net consideration; do not remove automatically,,
feature_pair,numeric__trend_interest_coverage_growth_3y,numeric__trend_ebit_to_assets_growth_3y,trend_ratios,trend_ratios,high_correlation,249,0.24430170586409877,0.8124916588511234,0.24598438949900775,0.9159214393561634,182.0,False,False,False,False,False,9.985680697746073,,Retain for Elastic Net consideration; do not remove automatically,,
feature_pair,numeric__trend_interest_expense_change_1y,numeric__trend_interest_expense_change_2y,trend_financial,trend_financial,high_correlation,249,0.8224946013361486,0.7654174415603244,0.8209201128194822,0.8009067314135909,207.0,False,False,False,False,False,7.177576581905202,,Retain for Elastic Net consideration; do not remove automatically,,
feature_pair,numeric__trend_interest_expense_change_1y,numeric__trend_interest_expense_change_3y,trend_financial,trend_financial,high_correlation,249,0.8490871493796521,0.48736868858525145,0.8858857759043339,0.5345935179915788,193.0,False,False,False,False,False,3.100720620527701,,Retain for Elastic Net consideration; do not remove automatically,,
feature_pair,numeric__trend_interest_expense_change_1y,numeric__trend_interest_expense_growth_1y,trend_financial,trend_financial,high_correlation,249,0.0289927453014841,0.813915385309869,0.02487719735879516,0.7491681884553746,207.0,False,False,False,False,False,15.208812761296647,,Retain for Elastic Net consideration; do not remove automatically,,
feature_pair,numeric__trend_interest_expense_change_2y,numeric__trend_interest_expense_slope_3y,trend_financial,trend_financial,high_correlation,249,0.9130226964354754,0.7937572531446627,0.9613071379743685,0.8198211248167978,212.0,False,False,False,False,False,4.94137405646088,,Retain for Elastic Net consideration; do not remove automatically,,
feature_pair,numeric__trend_interest_expense_change_3y,numeric__trend_interest_expense_slope_3y,trend_financial,trend_financial,high_correlation,249,0.5447836822651306,0.9191625654301502,0.9972863785560416,0.9926132238635885,199.0,False,False,False,False,False,11.62813643500907,,Retain for Elastic Net consideration; do not remove automatically,,
feature_pair,numeric__trend_interest_expense_growth_2y,numeric__trend_ebit_margin_change_1y,trend_financial,trend_ratios,high_correlation,249,0.8050491986934858,-0.14917986834726135,0.8114385586974823,-0.17486237771800317,196.0,False,False,False,False,False,8.039756767216913,,Retain for Elastic Net consideration; do not remove automatically,,
feature_pair,numeric__trend_interest_expense_growth_2y,numeric__trend_ebit_margin_change_2y,trend_financial,trend_ratios,high_correlation,249,0.9848076022443043,-0.14259067737121023,0.9855149625433008,-0.16410739371699476,197.0,False,False,False,False,False,1.9722471195624092,,Retain for Elastic Net consideration; do not remove automatically,,
feature_pair,numeric__trend_interest_expense_growth_2y,numeric__trend_ebitda_margin_change_1y,trend_financial,trend_ratios,high_correlation,249,0.8680186518163776,-0.05303099224424805,0.8797536628773952,-0.06130894483950886,195.0,False,False,False,False,False,5.99208862700338,,Retain for Elastic Net consideration; do not remove automatically,,
feature_pair,numeric__trend_interest_expense_growth_2y,numeric__trend_ebitda_margin_change_2y,trend_financial,trend_ratios,high_correlation,249,0.9855609888629941,-0.05227316321461492,0.9860822410456046,-0.06425932249756347,195.0,False,False,False,False,False,1.9731683801802276,,Retain for Elastic Net consideration; do not remove automatically,,
feature_pair,numeric__trend_interest_expense_growth_2y,numeric__trend_interest_coverage_change_2y,trend_financial,trend_ratios,high_correlation,249,0.8911634483608213,-0.27931906176035703,0.8909229791812578,-0.2978436221451137,195.0,False,False,False,False,False,5.423834502711586,,Retain for Elastic Net consideration; do not remove automatically,,
feature_pair,numeric__trend_interest_expense_growth_2y,numeric__trend_interest_expense_growth_3y,trend_financial,trend_financial,high_correlation,249,0.9675266951129895,0.7509684353711834,0.9674741982913975,0.8344227990431591,181.0,False,False,False,False,False,2.177294449921736,,Retain for Elastic Net consideration; do not remove automatically,,
feature_pair,numeric__trend_interest_expense_growth_2y,numeric__trend_market_to_book_growth_3y,trend_financial,trend_ratios,high_correlation,249,0.9701439211196804,-0.000184335124580618,,,25.0,False,False,False,False,False,2.6630162281757634,,Retain for Elastic Net consideration; do not remove automatically,,
feature_pair,numeric__trend_interest_expense_growth_2y,numeric__trend_net_income_margin_change_1y,trend_financial,trend_ratios,high_correlation,249,0.8004014923777535,-0.09488182814982077,0.8080644091418062,-0.10410842755200156,196.0,False,False,False,False,False,7.488817226162823,,Retain for Elastic Net consideration; do not remove automatically,,
feature_pair,numeric__trend_interest_expense_growth_2y,numeric__trend_net_income_margin_change_2y,trend_financial,trend_ratios,high_correlation,249,0.9837450080592034,-0.21246420061364812,0.9844081479836456,-0.24760514522982335,197.0,False,False,False,False,False,1.9532933197794762,,Retain for Elastic Net consideration; do not remove automatically,,
feature_pair,numeric__trend_interest_expense_growth_2y,numeric__trend_operating_cash_flow_margin_change_1y,trend_financial,trend_ratios,high_correlation,249,0.8189821924563708,-0.05028220860703865,0.8231186485707206,-0.05644721445838102,195.0,False,False,False,False,False,8.163168460847405,,Retain for Elastic Net consideration; do not remove automatically,,
feature_pair,numeric__trend_interest_expense_growth_2y,numeric__trend_operating_cash_flow_margin_change_2y,trend_financial,trend_ratios,high_correlation,249,0.9801656970203457,-0.2199831916722426,0.9829662518814356,-0.2563248874002764,196.0,False,False,False,False,False,1.9540243643412285,,Retain for Elastic Net consideration; do not remove automatically,,
feature_pair,numeric__trend_interest_expense_growth_2y,numeric__trend_shares_outstanding_growth_3y,trend_financial,trend_market,high_correlation,249,0.980973391378298,0.06474473940005858,0.9867573640977234,0.08023499709827953,178.0,False,False,False,False,False,2.0055292806595895,,Retain for Elastic Net consideration; do not remove automatically,,
feature_pair,numeric__trend_interest_expense_growth_3y,numeric__trend_ebit_margin_change_2y,trend_financial,trend_ratios,high_correlation,249,0.9693597939445207,-0.13951690792681679,0.9708794343549729,-0.1624130355023742,184.0,False,False,False,False,False,2.5316834809889466,,Retain for Elastic Net consideration; do not remove automatically,,
feature_pair,numeric__trend_interest_expense_growth_3y,numeric__trend_ebitda_margin_change_1y,trend_financial,trend_ratios,high_correlation,249,0.8572962680872294,-0.09044776463562436,0.9464805484560305,-0.11741720719758854,183.0,False,False,False,False,False,5.98695183104535,,Retain for Elastic Net consideration; do not remove automatically,,
feature_pair,numeric__trend_interest_expense_growth_3y,numeric__trend_ebitda_margin_change_2y,trend_financial,trend_ratios,high_correlation,249,0.9704488265747092,-0.09036262240512741,0.9717067887269663,-0.10809937584268556,183.0,False,False,False,False,False,2.449380244538247,,Retain for Elastic Net consideration; do not remove automatically,,
feature_pair,numeric__trend_interest_expense_growth_3y,numeric__trend_interest_coverage_change_2y,trend_financial,trend_ratios,high_correlation,249,0.8803932517957622,-0.26716417639967527,0.8801177568004349,-0.3088171928611325,178.0,False,False,False,False,False,5.4261260538550165,,Retain for Elastic Net consideration; do not remove automatically,,
feature_pair,numeric__trend_interest_expense_growth_3y,numeric__trend_market_to_book_growth_3y,trend_financial,trend_ratios,high_correlation,249,0.9546293085013371,0.012928984889228244,,,25.0,False,False,False,False,False,2.6728177936091506,,Retain for Elastic Net consideration; do not remove automatically,,
feature_pair,numeric__trend_interest_expense_growth_3y,numeric__trend_net_income_margin_change_2y,trend_financial,trend_ratios,high_correlation,249,0.968716230221747,-0.2044116828954309,0.9702051394631609,-0.23008136111327096,184.0,False,False,False,False,False,2.5588418376957542,,Retain for Elastic Net consideration; do not remove automatically,,
feature_pair,numeric__trend_interest_expense_growth_3y,numeric__trend_operating_cash_flow_margin_change_1y,trend_financial,trend_ratios,high_correlation,249,0.8077582539792021,-0.056230089701296636,0.9572956091534361,-0.07479427242777174,183.0,False,False,False,False,False,8.158031664889375,,Retain for Elastic Net consideration; do not remove automatically,,
feature_pair,numeric__trend_interest_expense_growth_3y,numeric__trend_operating_cash_flow_margin_change_2y,trend_financial,trend_ratios,high_correlation,249,0.9628972620770947,-0.1352267750590022,0.9687302447727316,-0.1717371190817298,183.0,False,False,False,False,False,2.4474938408372977,,Retain for Elastic Net consideration; do not remove automatically,,
feature_pair,numeric__trend_interest_expense_growth_3y,numeric__trend_shares_outstanding_growth_3y,trend_financial,trend_market,high_correlation,249,0.9694910502389406,0.12751304603917724,0.9869688355658987,0.1896710071549206,170.0,False,False,False,False,False,2.335207681331068,,Retain for Elastic Net consideration; do not remove automatically,,
feature_pair,numeric__trend_inventory_change_1y,numeric__trend_inventory_change_2y,trend_financial,trend_financial,high_correlation,249,0.957896466502926,0.6382170043458381,0.9581385578162197,0.6588770460719608,230.0,False,False,False,False,False,2.1283006027709126,,Retain for Elastic Net consideration; do not remove automatically,,
feature_pair,numeric__trend_inventory_change_1y,numeric__trend_inventory_change_3y,trend_financial,trend_financial,high_correlation,249,0.8023192867289414,0.470091065372943,0.8056236355129527,0.5109233368153887,215.0,False,False,False,False,False,5.0713962946757425,,Retain for Elastic Net consideration; do not remove automatically,,
feature_pair,numeric__trend_inventory_change_1y,numeric__trend_inventory_growth_1y,trend_financial,trend_financial,high_correlation,249,0.18565033296924274,0.9110557259404389,0.18766863662341216,0.8339691598431019,182.0,False,False,False,False,False,12.749621234808709,,Retain for Elastic Net consideration; do not remove automatically,,
feature_pair,numeric__trend_inventory_change_1y,numeric__trend_inventory_slope_3y,trend_financial,trend_financial,high_correlation,249,0.8286397611728189,0.46524594682460363,0.8287333180295927,0.4695587947580838,242.0,False,False,False,False,False,4.0584982723161,,Retain for Elastic Net consideration; do not remove automatically,,
feature_pair,numeric__trend_inventory_change_2y,numeric__trend_inventory_change_3y,trend_financial,trend_financial,high_correlation,249,0.8416269682068672,0.6922332293676303,0.8443698277582097,0.7319739292164359,214.0,False,False,False,False,False,5.955773107672332,,Retain for Elastic Net consideration; do not remove automatically,,
feature_pair,numeric__trend_inventory_change_2y,numeric__trend_inventory_growth_2y,trend_financial,trend_financial,high_correlation,249,0.17084016467901267,0.8945414666908027,0.1746503446144114,0.8451860954069289,171.0,False,False,False,False,False,12.632135384831207,,Retain for Elastic Net consideration; do not remove automatically,,
feature_pair,numeric__trend_inventory_change_2y,numeric__trend_inventory_slope_3y,trend_financial,trend_financial,high_correlation,249,0.8829296191503406,0.7203155634121038,0.883701704902822,0.7369554445100639,232.0,False,False,False,False,False,4.942875085312689,,Retain for Elastic Net consideration; do not remove automatically,,
feature_pair,numeric__trend_inventory_change_3y,numeric__trend_inventory_growth_3y,trend_financial,trend_financial,high_correlation,249,0.11233406052353347,0.9039034225596002,0.11064825601289768,0.8459371008887216,166.0,False,False,False,False,False,13.802302386047234,,Retain for Elastic Net consideration; do not remove automatically,,
feature_pair,numeric__trend_inventory_change_3y,numeric__trend_inventory_slope_3y,trend_financial,trend_financial,high_correlation,249,0.9884807613568556,0.9078997741926723,0.9953003667723918,0.9636612530616127,217.0,False,False,False,False,False,1.6315925700560603,,Retain for Elastic Net consideration; do not remove automatically,,
feature_pair,numeric__trend_inventory_growth_3y,numeric__trend_ebitda_growth_3y,trend_financial,trend_financial,high_correlation,249,0.9005715104034451,0.21457821719357498,0.9033718226654562,0.2528854122673329,163.0,False,False,False,False,False,3.4121370914861804,,Retain for Elastic Net consideration; do not remove automatically,,
feature_pair,numeric__trend_inventory_growth_3y,numeric__trend_ebitda_margin_growth_3y,trend_financial,trend_ratios,high_correlation,249,0.8897143038733373,0.14340149868731164,0.8938154102672323,0.1645450549270019,162.0,False,False,False,False,False,3.396955053307891,,Retain for Elastic Net consideration; do not remove automatically,,
feature_pair,numeric__trend_inventory_growth_3y,numeric__trend_inventory_slope_3y,trend_financial,trend_financial,high_correlation,249,0.10505430344379776,0.8368042306722367,0.10609355912907972,0.8383943861622223,166.0,False,False,False,False,False,13.827723905317226,,Retain for Elastic Net consideration; do not remove automatically,,
feature_pair,numeric__trend_liabilities_to_assets_change_1y,numeric__trend_liabilities_to_assets_growth_1y,trend_ratios,trend_ratios,high_correlation,249,0.7189660120638025,0.9541904908802464,0.7188035909536625,0.9526829023517212,243.0,False,False,False,False,False,7.075399132613044,,Retain for Elastic Net consideration; do not remove automatically,,
feature_pair,numeric__trend_liabilities_to_assets_change_1y,numeric__trend_working_capital_to_assets_change_1y,trend_ratios,trend_ratios,high_correlation,249,-0.8338757968758658,-0.4362379797989189,-0.8338128695137137,-0.4378466530625899,243.0,False,False,False,False,False,4.050031827233184,,Retain for Elastic Net consideration; do not remove automatically,,
feature_pair,numeric__trend_liabilities_to_assets_change_1y,numeric__trend_working_capital_to_assets_change_2y,trend_ratios,trend_ratios,high_correlation,249,-0.8006143209385245,-0.2821632485099033,-0.8017046925226857,-0.2922331110246753,233.0,False,False,False,False,False,3.969227111574177,,Retain for Elastic Net consideration; do not remove automatically,,
feature_pair,numeric__trend_liabilities_to_assets_change_2y,numeric__trend_liabilities_to_assets_growth_2y,trend_ratios,trend_ratios,high_correlation,249,0.7785260744977984,0.9476317389431651,0.778236182667913,0.9475620175539174,235.0,False,False,False,False,False,7.179026324167346,,Retain for Elastic Net consideration; do not remove automatically,,
feature_pair,numeric__trend_liabilities_to_assets_change_2y,numeric__trend_liabilities_to_assets_slope_3y,trend_ratios,trend_ratios,high_correlation,249,0.9553210384193677,0.8490911950412878,0.9567298465828593,0.8646367714994804,235.0,False,False,False,False,False,2.543090370323415,,Retain for Elastic Net consideration; do not remove automatically,,
feature_pair,numeric__trend_liabilities_to_assets_change_3y,numeric__trend_liabilities_to_assets_growth_3y,trend_ratios,trend_ratios,high_correlation,249,0.7698204244910625,0.9484511931260994,0.7688054780919013,0.9532133620456439,223.0,False,False,False,False,False,5.366970071231566,,Retain for Elastic Net consideration; do not remove automatically,,
feature_pair,numeric__trend_liabilities_to_assets_change_3y,numeric__trend_liabilities_to_assets_slope_3y,trend_ratios,trend_ratios,high_correlation,249,0.6724453200970203,0.9282238259377784,0.9868389681495309,0.9883368863014144,223.0,False,False,False,False,False,11.41401938425977,,Retain for Elastic Net consideration; do not remove automatically,,
feature_pair,numeric__trend_liabilities_to_assets_growth_3y,numeric__trend_liabilities_to_assets_slope_3y,trend_ratios,trend_ratios,high_correlation,249,0.4824286047616257,0.8923741399070256,0.7132224669030884,0.9466870827066042,223.0,False,False,False,False,False,11.46696891154422,,Retain for Elastic Net consideration; do not remove automatically,,
feature_pair,numeric__trend_liabilities_to_equity_change_1y,numeric__trend_market_to_book_slope_3y,trend_ratios,trend_ratios,high_correlation,249,0.9997589466046514,0.09949285942110955,0.9997619254145896,0.27149370386452454,48.0,False,False,False,False,False,0.33069165031586645,,Retain for Elastic Net consideration; do not remove automatically,,
feature_pair,numeric__trend_liabilities_to_equity_change_2y,numeric__trend_market_to_book_change_2y,trend_ratios,trend_ratios,high_correlation,249,0.9962213528312359,0.22476245364862255,0.9961573027116267,0.44666479031804107,40.0,False,False,False,False,False,1.0093600276090327,,Retain for Elastic Net consideration; do not remove automatically,,
feature_pair,numeric__trend_liabilities_to_equity_growth_1y,numeric__trend_market_to_book_slope_3y,trend_ratios,trend_ratios,high_correlation,249,-0.9997583360226048,0.026423469031980625,-0.9997613337892453,0.1783543204515849,48.0,False,False,False,False,False,0.3309626869344156,,Retain for Elastic Net consideration; do not remove automatically,,
feature_pair,numeric__trend_liabilities_to_equity_slope_3y,numeric__trend_market_to_book_slope_3y,trend_ratios,trend_ratios,high_correlation,249,0.9997596572281428,0.2497196869123623,0.9997609359921275,0.3654998740871317,62.0,False,False,False,False,False,0.33017715558751903,,Retain for Elastic Net consideration; do not remove automatically,,
feature_pair,numeric__trend_long_term_debt_change_1y,numeric__trend_long_term_debt_growth_1y,trend_financial,trend_financial,high_correlation,249,0.11336834398228535,0.8620190727876214,0.10995969471919714,0.7877879565694833,210.0,False,False,False,False,False,12.303426834635557,,Retain for Elastic Net consideration; do not remove automatically,,
feature_pair,numeric__trend_long_term_debt_change_2y,numeric__trend_long_term_debt_change_3y,trend_financial,trend_financial,high_correlation,249,0.966152191461675,0.7713413323236733,0.9673557141833657,0.800719281395607,220.0,False,False,False,False,False,2.563572842030846,,Retain for Elastic Net consideration; do not remove automatically,,
feature_pair,numeric__trend_long_term_debt_change_2y,numeric__trend_long_term_debt_growth_2y,trend_financial,trend_financial,high_correlation,249,0.03207794188641224,0.8358667965526767,0.041206796306226874,0.7635003975472733,204.0,False,False,False,False,False,15.284532803096011,,Retain for Elastic Net consideration; do not remove automatically,,
feature_pair,numeric__trend_long_term_debt_change_2y,numeric__trend_long_term_debt_slope_3y,trend_financial,trend_financial,high_correlation,249,0.9794558963311779,0.7974071687260728,0.9794573296523498,0.8115796443904585,235.0,False,False,False,False,False,1.9569685983167595,,Retain for Elastic Net consideration; do not remove automatically,,
feature_pair,numeric__trend_long_term_debt_change_3y,numeric__trend_long_term_debt_growth_3y,trend_financial,trend_financial,high_correlation,249,0.046347544878512864,0.8664339989190526,0.05461610554226301,0.7799110941367873,190.0,False,False,False,False,False,10.86521310607331,,Retain for Elastic Net consideration; do not remove automatically,,
feature_pair,numeric__trend_long_term_debt_change_3y,numeric__trend_long_term_debt_slope_3y,trend_financial,trend_financial,high_correlation,249,0.9938945385649294,0.9512943184104496,0.9955409260258898,0.9898294666142288,221.0,False,False,False,False,False,0.7709155989527783,,Retain for Elastic Net consideration; do not remove automatically,,
feature_pair,numeric__trend_long_term_debt_growth_3y,numeric__trend_long_term_debt_slope_3y,trend_financial,trend_financial,high_correlation,249,0.03820301196077364,0.812042711681313,0.04857296505967883,0.7734103255525913,190.0,False,False,False,False,False,10.88523299756609,,Retain for Elastic Net consideration; do not remove automatically,,
feature_pair,numeric__trend_market_cap_change_1y,numeric__market_return_12m,trend_market,market_features,high_correlation,249,0.13947273808052457,0.8279440613529572,0.13994354217045882,0.8280871358415912,246.0,False,False,False,False,False,13.313348189783735,,Retain for Elastic Net consideration; do not remove automatically,affine_group_024,affine_group_008
feature_pair,numeric__trend_market_cap_change_1y,numeric__market_stock_return_12m,trend_market,market_features,high_correlation,249,0.13947273808052457,0.8279440613529572,0.13994354217045882,0.8280871358415912,246.0,False,False,False,False,False,13.313348189783735,,Retain for Elastic Net consideration; do not remove automatically,affine_group_024,affine_group_008
feature_pair,numeric__trend_market_cap_change_1y,numeric__trend_market_cap_change_2y,trend_market,trend_market,high_correlation,249,0.9617345301134269,0.783948849315972,0.9621444842427954,0.7940227504298337,241.0,False,False,False,False,False,3.4139430937576107,,Retain for Elastic Net consideration; do not remove automatically,affine_group_024,
feature_pair,numeric__trend_market_cap_change_1y,numeric__trend_market_cap_change_3y,trend_market,trend_market,high_correlation,249,0.8082196739853609,0.63515849964312,0.8144973314892195,0.6551336152199827,225.0,False,False,False,False,False,4.800828851145994,,Retain for Elastic Net consideration; do not remove automatically,affine_group_024,
feature_pair,numeric__trend_market_cap_change_1y,numeric__trend_market_cap_growth_1y,trend_market,trend_market,high_correlation,249,0.14444381567911152,0.8410949107946187,0.14503387186036718,0.8411906909557562,246.0,False,False,False,False,False,13.198792821856053,,Retain for Elastic Net consideration; do not remove automatically,affine_group_024,
feature_pair,numeric__trend_market_cap_change_1y,numeric__trend_market_cap_slope_3y,trend_market,trend_market,high_correlation,249,0.8493964894034816,0.6372468660063467,0.849342116302112,0.636765581911996,246.0,False,False,False,False,False,4.859600055119871,,Retain for Elastic Net consideration; do not remove automatically,affine_group_024,
feature_pair,numeric__trend_market_cap_change_1y,numeric__trend_volume_change_2y,trend_market,trend_market,high_correlation,249,-0.885931481571178,-0.10706521602585446,-0.8862683525108233,-0.10498678775924536,241.0,False,False,False,False,False,4.036797167007924,,Retain for Elastic Net consideration; do not remove automatically,affine_group_024,
feature_pair,numeric__trend_market_cap_change_1y,numeric__trend_volume_change_3y,trend_market,trend_market,high_correlation,249,-0.8967214458371596,-0.1866104106268282,-0.9023674293449325,-0.18350903384889666,232.0,False,False,False,False,False,3.1079481019000332,,Retain for Elastic Net consideration; do not remove automatically,affine_group_024,
feature_pair,numeric__trend_market_cap_change_1y,numeric__trend_volume_slope_3y,trend_market,trend_market,high_correlation,249,-0.9073094295011742,-0.16100318986557308,-0.907322951136622,-0.15988975899719562,246.0,False,False,False,False,False,3.159513703040413,,Retain for Elastic Net consideration; do not remove automatically,affine_group_024,
feature_pair,numeric__trend_market_cap_change_2y,numeric__market_market_cap_change_12m,trend_market,market_features,high_correlation,249,0.9617345301134269,0.783948849315972,0.9621444842427953,0.7940227504298337,241.0,False,False,False,False,False,3.4139430937576107,,Retain for Elastic Net consideration; do not remove automatically,,affine_group_024
feature_pair,numeric__trend_market_cap_change_2y,numeric__market_return_24m,trend_market,market_features,high_correlation,249,0.10100671884209732,0.8503903069244916,0.10239666187201062,0.8510585308842765,241.0,False,False,False,False,False,13.985531609999475,,Retain for Elastic Net consideration; do not remove automatically,,affine_group_022
feature_pair,numeric__trend_market_cap_change_2y,numeric__trend_market_cap_change_3y,trend_market,trend_market,high_correlation,249,0.8313127592496855,0.8108413515286254,0.8370034579547395,0.834507919568015,225.0,False,False,False,False,False,4.938676989667869,,Retain for Elastic Net consideration; do not remove automatically,,
feature_pair,numeric__trend_market_cap_change_2y,numeric__trend_market_cap_growth_2y,trend_market,trend_market,high_correlation,249,0.09790690194323758,0.8778729975253403,0.09955294487069244,0.8765876841447842,241.0,False,False,False,False,False,13.924369242143811,,Retain for Elastic Net consideration; do not remove automatically,,
feature_pair,numeric__trend_market_cap_change_2y,numeric__trend_market_cap_slope_3y,trend_market,trend_market,high_correlation,249,0.8937356635951905,0.8337114358202397,0.8967346555064953,0.8421281172319696,241.0,False,False,False,False,False,3.529128899183001,,Retain for Elastic Net consideration; do not remove automatically,,
feature_pair,numeric__trend_market_cap_change_2y,numeric__trend_volume_change_2y,trend_market,trend_market,high_correlation,249,-0.9183436385318865,-0.02730997026281895,-0.9183784971042637,-0.024135031695920524,241.0,False,False,False,False,False,4.168077917123427,,Retain for Elastic Net consideration; do not remove automatically,,
feature_pair,numeric__trend_market_cap_change_2y,numeric__trend_volume_change_3y,trend_market,trend_market,high_correlation,249,-0.9301758840252694,-0.12598451568690186,-0.9341953341899394,-0.11895420094490235,232.0,False,False,False,False,False,2.952666295655196,,Retain for Elastic Net consideration; do not remove automatically,,
feature_pair,numeric__trend_market_cap_change_2y,numeric__trend_volume_slope_3y,trend_market,trend_market,high_correlation,249,-0.9412956780743417,-0.06875145871033785,-0.9413350597009397,-0.07084221633024299,241.0,False,False,False,False,False,2.8419099246148725,,Retain for Elastic Net consideration; do not remove automatically,,
feature_pair,numeric__trend_market_cap_change_3y,numeric__market_market_cap_change_12m,trend_market,market_features,high_correlation,249,0.8082196739853609,0.63515849964312,0.8144973314892195,0.6551336152199827,225.0,False,False,False,False,False,4.800828851145994,,Retain for Elastic Net consideration; do not remove automatically,,affine_group_024
feature_pair,numeric__trend_market_cap_change_3y,numeric__market_return_36m,trend_market,market_features,high_correlation,249,0.16392567753380702,0.8262914290300221,0.17339582193142714,0.8443638970617384,225.0,False,False,False,False,False,12.157092980847626,,Retain for Elastic Net consideration; do not remove automatically,,affine_group_023
feature_pair,numeric__trend_market_cap_change_3y,numeric__trend_market_cap_growth_3y,trend_market,trend_market,high_correlation,249,0.06828570737512013,0.8762262201315827,0.072880444755329,0.8767108495105612,225.0,False,False,False,False,False,11.950313986963128,,Retain for Elastic Net consideration; do not remove automatically,,
feature_pair,numeric__trend_market_cap_change_3y,numeric__trend_market_cap_slope_3y,trend_market,trend_market,high_correlation,249,0.9406469092525155,0.9279589718261402,0.985214200610285,0.9794279284807883,225.0,False,False,False,False,False,3.979515359470056,,Retain for Elastic Net consideration; do not remove automatically,,
feature_pair,numeric__trend_market_cap_growth_1y,numeric__market_market_cap_change_12m,trend_market,market_features,high_correlation,249,0.14444381567911152,0.8410949107946187,0.1450338718603672,0.8411906909557562,246.0,False,False,False,False,False,13.198792821856053,,Retain for Elastic Net consideration; do not remove automatically,,affine_group_024
feature_pair,numeric__trend_market_cap_growth_1y,numeric__market_maximum_drawdown_12m,trend_market,market_features,high_correlation,249,0.7144768415359937,0.8774687412129724,0.7160921584696617,0.8778965573320383,246.0,False,False,False,False,False,3.385917398230205,,Retain for Elastic Net consideration; do not remove automatically,,
feature_pair,numeric__trend_market_cap_growth_1y,numeric__market_return_12m,trend_market,market_features,high_correlation,249,0.985393295117799,0.9868311181807206,0.9856748375948604,0.9875009799023986,246.0,False,False,False,False,False,1.3314389216817784,,Retain for Elastic Net consideration; do not remove automatically,,affine_group_008
feature_pair,numeric__trend_market_cap_growth_1y,numeric__market_return_24m,trend_market,market_features,high_correlation,249,0.6857463655992723,0.8385497768651983,0.6889890873534233,0.8534007007220243,241.0,False,False,False,False,False,4.675043694287554,,Retain for Elastic Net consideration; do not remove automatically,,affine_group_022
feature_pair,numeric__trend_market_cap_growth_1y,numeric__market_stock_return_12m,trend_market,market_features,high_correlation,249,0.985393295117799,0.9868311181807206,0.9856748375948604,0.9875009799023986,246.0,False,False,False,False,False,1.3314389216817784,,Retain for Elastic Net consideration; do not remove automatically,,affine_group_008
feature_pair,numeric__trend_market_cap_growth_1y,numeric__trend_market_cap_growth_2y,trend_market,trend_market,high_correlation,249,0.6328334555377545,0.8375615106578734,0.6351485839514881,0.8509661238323977,241.0,False,False,False,False,False,5.191798578368338,,Retain for Elastic Net consideration; do not remove automatically,,
feature_pair,numeric__trend_market_cap_growth_2y,numeric__market_maximum_drawdown_24m,trend_market,market_features,high_correlation,249,0.47386551119320186,0.8615441002319545,0.4756100792507344,0.8622205838070863,241.0,False,False,False,False,False,6.537139768195233,,Retain for Elastic Net consideration; do not remove automatically,,
feature_pair,numeric__trend_market_cap_growth_2y,numeric__market_return_12m,trend_market,market_features,high_correlation,249,0.5811275005633671,0.8155450217854305,0.5819849281476688,0.8267443732091796,241.0,False,False,False,False,False,5.965034693459064,,Retain for Elastic Net consideration; do not remove automatically,,affine_group_008
feature_pair,numeric__trend_market_cap_growth_2y,numeric__market_return_24m,trend_market,market_features,high_correlation,249,0.9288015315100101,0.980277401768858,0.929233923441429,0.9825749679741507,241.0,False,False,False,False,False,4.851371311954435,,Retain for Elastic Net consideration; do not remove automatically,,affine_group_022
feature_pair,numeric__trend_market_cap_growth_2y,numeric__market_return_36m,trend_market,market_features,high_correlation,249,0.6630370875692411,0.832601668644844,0.662092989144661,0.8625101886987416,231.0,False,False,False,False,False,6.303122792697494,,Retain for Elastic Net consideration; do not remove automatically,,affine_group_023
feature_pair,numeric__trend_market_cap_growth_2y,numeric__market_stock_return_12m,trend_market,market_features,high_correlation,249,0.5811275005633671,0.8155450217854305,0.5819849281476688,0.8267443732091796,241.0,False,False,False,False,False,5.965034693459064,,Retain for Elastic Net consideration; do not remove automatically,,affine_group_008
feature_pair,numeric__trend_market_cap_growth_2y,numeric__trend_market_cap_growth_3y,trend_market,trend_market,high_correlation,249,0.23685285929458644,0.8197267365520736,0.23578526825941754,0.8735365958368078,225.0,False,False,False,False,False,10.355588012152042,,Retain for Elastic Net consideration; do not remove automatically,,
feature_pair,numeric__trend_market_cap_growth_2y,numeric__trend_turnover_growth_2y,trend_market,trend_market,high_correlation,249,0.39653780589657117,0.8025397225171403,0.3965520423447462,0.8129854459944695,238.0,False,False,False,False,False,9.619233564428333,,Retain for Elastic Net consideration; do not remove automatically,,
feature_pair,numeric__trend_market_cap_growth_3y,numeric__market_maximum_drawdown_36m,trend_market,market_features,high_correlation,249,0.11179055344030102,0.8024909388271491,0.10755076024813015,0.8250013037319744,225.0,False,False,False,False,False,11.607723769409368,,Retain for Elastic Net consideration; do not remove automatically,,
feature_pair,numeric__trend_market_cap_growth_3y,numeric__market_return_36m,trend_market,market_features,high_correlation,249,0.26541882530879285,0.9482760499470632,0.26251639412908373,0.9701477481426137,225.0,False,False,False,False,False,10.824827838512464,,Retain for Elastic Net consideration; do not remove automatically,,affine_group_023
feature_pair,numeric__trend_market_cap_growth_3y,numeric__trend_market_cap_slope_3y,trend_market,trend_market,high_correlation,249,0.06583663436223133,0.8276143227988418,0.06528452395783578,0.8734870804293513,225.0,False,False,False,False,False,12.51256030646872,,Retain for Elastic Net consideration; do not remove automatically,,
feature_pair,numeric__trend_market_cap_slope_3y,numeric__market_market_cap_change_12m,trend_market,market_features,high_correlation,249,0.8493964894034816,0.6372468660063467,0.849342116302112,0.636765581911996,246.0,False,False,False,False,False,4.859600055119871,,Retain for Elastic Net consideration; do not remove automatically,,affine_group_024
feature_pair,numeric__trend_market_cap_slope_3y,numeric__trend_volume_slope_3y,trend_market,trend_market,high_correlation,249,-0.8116739886594653,-0.025996189262126327,-0.8117165759078503,-0.026171356000251826,246.0,False,False,False,False,False,4.750886218881707,,Retain for Elastic Net consideration; do not remove automatically,,
feature_pair,numeric__trend_market_to_book_change_1y,numeric__trend_market_to_book_slope_3y,trend_ratios,trend_ratios,high_correlation,249,0.999780582858383,0.5317572578431529,0.9997823600218438,0.6538211029092488,48.0,False,False,False,False,False,0.2932787337633338,,Retain for Elastic Net consideration; do not remove automatically,,
feature_pair,numeric__trend_market_to_book_growth_1y,numeric__trend_market_to_book_slope_3y,trend_ratios,trend_ratios,high_correlation,249,-0.9997525454791433,0.5329647459884603,-0.9997560398265113,0.6222318714719931,48.0,False,False,False,False,False,0.3331169777231291,,Retain for Elastic Net consideration; do not remove automatically,,
feature_pair,numeric__trend_net_income_change_1y,numeric__trend_net_income_change_2y,trend_financial,trend_financial,high_correlation,249,0.8639462423298692,0.6136052351939141,0.8637127324576572,0.6264874562209867,234.0,False,False,False,False,False,4.249659296762975,,Retain for Elastic Net consideration; do not remove automatically,,
feature_pair,numeric__trend_net_income_change_2y,numeric__trend_net_income_change_3y,trend_financial,trend_financial,high_correlation,249,0.8455847425006691,0.7479349170715641,0.8456174496743882,0.7780602786164521,220.0,False,False,False,False,False,7.950982133668781,,Retain for Elastic Net consideration; do not remove automatically,,
feature_pair,numeric__trend_net_income_change_2y,numeric__trend_net_income_slope_3y,trend_financial,trend_financial,high_correlation,249,0.852566111230649,0.823882975198993,0.8532374561055758,0.8415979432738719,236.0,False,False,False,False,False,7.449786919294788,,Retain for Elastic Net consideration; do not remove automatically,,
feature_pair,numeric__trend_net_income_change_3y,numeric__trend_net_income_margin_change_3y,trend_financial,trend_ratios,high_correlation,249,0.024376049315081035,0.8022074347801609,0.0257428291479523,0.7931891001258857,220.0,False,False,False,False,False,15.372795541960988,,Retain for Elastic Net consideration; do not remove automatically,,
feature_pair,numeric__trend_net_income_change_3y,numeric__trend_net_income_slope_3y,trend_financial,trend_financial,high_correlation,249,0.986148643963356,0.9161043732495615,0.9887306511853918,0.9673544955845101,222.0,False,False,False,False,False,1.077147531688885,,Retain for Elastic Net consideration; do not remove automatically,,
feature_pair,numeric__trend_net_income_growth_1y,numeric__trend_net_income_margin_growth_1y,trend_financial,trend_ratios,high_correlation,249,0.989831316924437,0.9637323422703211,0.990654977997351,0.9699864030492834,241.0,False,False,False,False,False,1.796090182046697,,Retain for Elastic Net consideration; do not remove automatically,,
feature_pair,numeric__trend_net_income_growth_2y,numeric__trend_net_income_margin_growth_2y,trend_financial,trend_ratios,high_correlation,249,0.7761706755093506,0.9583969286009476,0.7766336828650066,0.9642762951930101,233.0,False,False,False,False,False,9.016344202127874,,Retain for Elastic Net consideration; do not remove automatically,,
feature_pair,numeric__trend_net_income_margin_change_1y,numeric__trend_market_to_book_growth_3y,trend_ratios,trend_ratios,high_correlation,249,0.802564894336221,0.1249645155174166,0.9797897521591837,0.3462391611211938,31.0,False,False,False,False,False,7.469932078479841,,Retain for Elastic Net consideration; do not remove automatically,,
feature_pair,numeric__trend_net_income_margin_change_1y,numeric__trend_net_income_margin_change_2y,trend_ratios,trend_ratios,high_correlation,249,0.8268133783114638,0.619540006788145,0.8299171319327128,0.6387617336041076,231.0,False,False,False,False,False,7.531546516593016,,Retain for Elastic Net consideration; do not remove automatically,,
feature_pair,numeric__trend_net_income_margin_change_1y,numeric__trend_operating_cash_flow_margin_change_1y,trend_ratios,trend_ratios,high_correlation,249,0.958359506378847,0.4315435333844305,0.9607094189701482,0.43895109107986435,240.0,False,False,False,False,False,2.3478092294247346,,Retain for Elastic Net consideration; do not remove automatically,,
feature_pair,numeric__trend_net_income_margin_change_1y,numeric__trend_operating_cash_flow_margin_change_2y,trend_ratios,trend_ratios,high_correlation,249,0.8312327541924645,0.35636619247220036,0.83633719009626,0.36702746979348466,230.0,False,False,False,False,False,7.165279379456185,,Retain for Elastic Net consideration; do not remove automatically,,
feature_pair,numeric__trend_net_income_margin_change_2y,numeric__trend_interest_coverage_change_2y,trend_ratios,trend_ratios,high_correlation,249,0.9047520561398164,0.3989810985410291,0.9054801680009338,0.4207144447886817,194.0,False,False,False,False,False,5.364776725861871,,Retain for Elastic Net consideration; do not remove automatically,,
feature_pair,numeric__trend_net_income_margin_change_2y,numeric__trend_market_to_book_growth_3y,trend_ratios,trend_ratios,high_correlation,249,0.9789456902091894,0.18144420518100518,0.9832947449128443,0.4152046783625731,31.0,False,False,False,False,False,2.508752225472242,,Retain for Elastic Net consideration; do not remove automatically,,
feature_pair,numeric__trend_net_income_margin_change_2y,numeric__trend_operating_cash_flow_margin_change_1y,trend_ratios,trend_ratios,high_correlation,249,0.8315146741016373,0.290393732093594,0.8323798848252593,0.30609811366161505,230.0,False,False,False,False,False,8.205897751277599,,Retain for Elastic Net consideration; do not remove automatically,,
feature_pair,numeric__trend_net_income_margin_change_2y,numeric__trend_operating_cash_flow_margin_change_2y,trend_ratios,trend_ratios,high_correlation,249,0.9967332384279342,0.436761035386326,0.9967626392919992,0.4414132172950366,232.0,False,False,False,False,False,0.5956564850868823,,Retain for Elastic Net consideration; do not remove automatically,,
feature_pair,numeric__trend_net_income_margin_change_3y,numeric__trend_operating_cash_flow_margin_change_3y,trend_ratios,trend_ratios,high_correlation,249,0.9996312950012375,0.4746009979064802,0.9996314882212836,0.48797827024929563,218.0,False,False,False,False,False,0.23291064144507945,,Retain for Elastic Net consideration; do not remove automatically,,
feature_pair,numeric__trend_net_income_margin_change_3y,numeric__trend_operating_cash_flow_margin_slope_3y,trend_ratios,trend_ratios,high_correlation,249,0.9984458114950214,0.4810914829539267,0.998465426698138,0.5142221515970126,220.0,False,False,False,False,False,0.779061807302571,,Retain for Elastic Net consideration; do not remove automatically,,
feature_pair,numeric__trend_net_income_margin_slope_3y,numeric__trend_capex_to_revenue_change_3y,trend_ratios,trend_ratios,high_correlation,249,0.9998588492510304,-0.029393653802507694,0.9998590934451896,-0.021829943851297155,218.0,False,False,False,False,False,0.2536461845371891,,Retain for Elastic Net consideration; do not remove automatically,,
feature_pair,numeric__trend_net_income_margin_slope_3y,numeric__trend_capex_to_revenue_slope_3y,trend_ratios,trend_ratios,high_correlation,249,0.9998569442187951,-0.03304546549861248,0.9998569329934659,-0.03117034088248085,243.0,False,False,False,False,False,0.25237041446907293,,Retain for Elastic Net consideration; do not remove automatically,,
feature_pair,numeric__trend_net_income_margin_slope_3y,numeric__trend_operating_cash_flow_margin_change_3y,trend_ratios,trend_ratios,high_correlation,249,0.9997230600440206,0.4626018643179566,0.9997234475109181,0.4961952665977477,218.0,False,False,False,False,False,0.17223371627638603,,Retain for Elastic Net consideration; do not remove automatically,,
feature_pair,numeric__trend_net_income_margin_slope_3y,numeric__trend_operating_cash_flow_margin_slope_3y,trend_ratios,trend_ratios,high_correlation,249,0.99881416952546,0.4732896997209418,0.9988142087754851,0.4752994011976048,243.0,False,False,False,False,False,0.6544955341619566,,Retain for Elastic Net consideration; do not remove automatically,,
feature_pair,numeric__trend_operating_cash_flow_change_1y,numeric__trend_operating_cash_flow_change_2y,trend_financial,trend_financial,high_correlation,249,0.8833990844060657,0.5458835979447546,0.8843892094589647,0.5501416335080201,234.0,False,False,False,False,False,3.4019923111799413,,Retain for Elastic Net consideration; do not remove automatically,,
feature_pair,numeric__trend_operating_cash_flow_change_1y,numeric__trend_operating_cash_flow_change_3y,trend_financial,trend_financial,high_correlation,249,0.8928565067469768,0.4333922260518911,0.8962019869828584,0.4537341705626162,219.0,False,False,False,False,False,2.84570094491034,,Retain for Elastic Net consideration; do not remove automatically,,
feature_pair,numeric__trend_operating_cash_flow_change_1y,numeric__trend_operating_cash_flow_slope_3y,trend_financial,trend_financial,high_correlation,249,0.8490987125352527,0.39527257068249005,0.8490912508027603,0.3950879894394499,244.0,False,False,False,False,False,3.6714289158403686,,Retain for Elastic Net consideration; do not remove automatically,,
feature_pair,numeric__trend_operating_cash_flow_change_2y,numeric__trend_operating_cash_flow_change_3y,trend_financial,trend_financial,high_correlation,249,0.9307397367720961,0.6570574513502054,0.93518546214373,0.6843116643934984,218.0,False,False,False,False,False,3.506545507520422,,Retain for Elastic Net consideration; do not remove automatically,,
feature_pair,numeric__trend_operating_cash_flow_change_2y,numeric__trend_operating_cash_flow_slope_3y,trend_financial,trend_financial,high_correlation,249,0.9526508535903324,0.7099941970479686,0.9586188613106934,0.7220897890644938,235.0,False,False,False,False,False,2.4342464979336778,,Retain for Elastic Net consideration; do not remove automatically,,
feature_pair,numeric__trend_operating_cash_flow_change_3y,numeric__trend_operating_cash_flow_slope_3y,trend_financial,trend_financial,high_correlation,249,0.9716350644875942,0.9151418425067837,0.9906149810651075,0.9794717309449991,220.0,False,False,False,False,False,2.0528524955031573,,Retain for Elastic Net consideration; do not remove automatically,,
feature_pair,numeric__trend_operating_cash_flow_growth_1y,numeric__trend_operating_cash_flow_margin_growth_1y,trend_financial,trend_ratios,high_correlation,249,0.9772205771215859,0.9526360262451455,0.9844450809379046,0.9613195738113054,240.0,False,False,False,False,False,1.9025877353798466,,Retain for Elastic Net consideration; do not remove automatically,,
feature_pair,numeric__trend_operating_cash_flow_growth_1y,numeric__trend_operating_cash_flow_to_assets_growth_1y,trend_financial,trend_ratios,high_correlation,249,0.9740485882392763,0.9652672138685419,0.9740486800786754,0.9669295487237815,243.0,False,False,False,False,False,1.7392485172153638,,Retain for Elastic Net consideration; do not remove automatically,,
feature_pair,numeric__trend_operating_cash_flow_growth_1y,numeric__trend_operating_cash_flow_to_debt_growth_1y,trend_financial,trend_ratios,high_correlation,249,0.8849597818407088,0.8510701822813589,0.8900443089312579,0.9049011274261141,219.0,False,False,False,False,False,5.876029260611539,,Retain for Elastic Net consideration; do not remove automatically,,
feature_pair,numeric__trend_operating_cash_flow_growth_2y,numeric__trend_operating_cash_flow_margin_growth_2y,trend_financial,trend_ratios,high_correlation,249,0.4880445955893103,0.937022317305752,0.5209496784598046,0.9513634756135063,232.0,False,False,False,False,False,9.203765407049186,,Retain for Elastic Net consideration; do not remove automatically,,
feature_pair,numeric__trend_operating_cash_flow_growth_2y,numeric__trend_operating_cash_flow_to_assets_growth_2y,trend_financial,trend_ratios,high_correlation,249,0.6539601811612358,0.926423048036958,0.6541473769873325,0.9320927152752054,234.0,False,False,False,False,False,9.45176776302699,,Retain for Elastic Net consideration; do not remove automatically,,
feature_pair,numeric__trend_operating_cash_flow_growth_2y,numeric__trend_operating_cash_flow_to_debt_growth_2y,trend_financial,trend_ratios,high_correlation,249,0.47264418214011383,0.821481046351664,0.5057112860585644,0.88449601285843,207.0,False,False,False,False,False,9.54226656869831,,Retain for Elastic Net consideration; do not remove automatically,,
feature_pair,numeric__trend_operating_cash_flow_growth_3y,numeric__trend_operating_cash_flow_margin_growth_3y,trend_financial,trend_ratios,high_correlation,249,0.7653239672685788,0.901745244298352,0.7666563528836574,0.9162918110924817,218.0,False,False,False,False,False,7.121039768460824,,Retain for Elastic Net consideration; do not remove automatically,,
feature_pair,numeric__trend_operating_cash_flow_growth_3y,numeric__trend_operating_cash_flow_to_assets_growth_3y,trend_financial,trend_ratios,high_correlation,249,0.7911972851408647,0.895439201288004,0.7912128982505717,0.9049185574876059,220.0,False,False,False,False,False,6.098131622488157,,Retain for Elastic Net consideration; do not remove automatically,,
feature_pair,numeric__trend_operating_cash_flow_margin_change_1y,numeric__trend_market_to_book_growth_3y,trend_ratios,trend_ratios,high_correlation,249,0.8227809955095033,0.07372702246484772,0.9880307724590559,0.24581568864690462,31.0,False,False,False,False,False,8.144283313164424,,Retain for Elastic Net consideration; do not remove automatically,,
feature_pair,numeric__trend_operating_cash_flow_margin_change_1y,numeric__trend_operating_cash_flow_margin_change_2y,trend_ratios,trend_ratios,high_correlation,249,0.8447366967246249,0.5258197432162882,0.845548628372656,0.5456474557782336,230.0,False,False,False,False,False,7.839630614140767,,Retain for Elastic Net consideration; do not remove automatically,,
feature_pair,numeric__trend_operating_cash_flow_margin_change_2y,numeric__trend_interest_coverage_change_2y,trend_ratios,trend_ratios,high_correlation,249,0.9022786875761836,0.19573042589627174,0.9050531539007125,0.23381240923431318,193.0,False,False,False,False,False,5.385811861794635,,Retain for Elastic Net consideration; do not remove automatically,,
feature_pair,numeric__trend_operating_cash_flow_margin_change_2y,numeric__trend_market_to_book_growth_3y,trend_ratios,trend_ratios,high_correlation,249,0.9763664640606808,0.06946330480833209,0.9837561553303369,0.1881427707199032,31.0,False,False,False,False,False,2.409528075570468,,Retain for Elastic Net consideration; do not remove automatically,,
feature_pair,numeric__trend_operating_cash_flow_margin_change_3y,numeric__trend_capex_to_revenue_change_3y,trend_ratios,trend_ratios,high_correlation,249,0.9994124575607296,0.14969649958178155,0.999412483728995,0.16947989332036034,218.0,False,False,False,False,False,0.36199055284165427,,Retain for Elastic Net consideration; do not remove automatically,,
feature_pair,numeric__trend_operating_cash_flow_margin_change_3y,numeric__trend_capex_to_revenue_slope_3y,trend_ratios,trend_ratios,high_correlation,249,0.9994112172063996,0.1223192417357254,0.999411506131143,0.14723238149843773,218.0,False,False,False,False,False,0.360714782773538,,Retain for Elastic Net consideration; do not remove automatically,,
feature_pair,numeric__trend_operating_cash_flow_margin_change_3y,numeric__trend_operating_cash_flow_margin_slope_3y,trend_ratios,trend_ratios,high_correlation,249,0.999364422618997,0.8971055492783516,0.9993841093422183,0.9540339324651858,218.0,False,False,False,False,False,0.5461511658574916,,Retain for Elastic Net consideration; do not remove automatically,,
feature_pair,numeric__trend_operating_cash_flow_margin_change_3y,numeric__trend_operating_cash_flow_to_assets_change_3y,trend_ratios,trend_ratios,high_correlation,249,0.03527732516350238,0.8319002061111479,0.03483888849274481,0.8248056223992494,218.0,False,False,False,False,False,15.324890594069538,,Retain for Elastic Net consideration; do not remove automatically,,
feature_pair,numeric__trend_operating_cash_flow_margin_growth_1y,numeric__trend_operating_cash_flow_to_assets_growth_1y,trend_ratios,trend_ratios,high_correlation,249,0.9898495650378203,0.9505641088562665,0.9932891781133489,0.9588811591888039,240.0,False,False,False,False,False,1.3054848390572145,,Retain for Elastic Net consideration; do not remove automatically,,
feature_pair,numeric__trend_operating_cash_flow_margin_growth_1y,numeric__trend_operating_cash_flow_to_debt_growth_1y,trend_ratios,trend_ratios,high_correlation,249,0.8740309830108918,0.8524141129236692,0.8770862670742928,0.9124738991856781,217.0,False,False,False,False,False,5.937791741049015,,Retain for Elastic Net consideration; do not remove automatically,,
feature_pair,numeric__trend_operating_cash_flow_margin_growth_2y,numeric__trend_operating_cash_flow_to_assets_growth_2y,trend_ratios,trend_ratios,high_correlation,249,0.546725340446347,0.9396386447472296,0.7112645008989408,0.9547060003232156,231.0,False,False,False,False,False,9.949209518742089,,Retain for Elastic Net consideration; do not remove automatically,,
feature_pair,numeric__trend_operating_cash_flow_margin_growth_2y,numeric__trend_operating_cash_flow_to_debt_growth_2y,trend_ratios,trend_ratios,high_correlation,249,0.5586287601040669,0.8578515108197423,0.5642286887910183,0.9061445545143859,207.0,False,False,False,False,False,8.70404954892981,,Retain for Elastic Net consideration; do not remove automatically,,
feature_pair,numeric__trend_operating_cash_flow_margin_growth_3y,numeric__trend_operating_cash_flow_to_assets_growth_3y,trend_ratios,trend_ratios,high_correlation,249,0.7005861302228827,0.9408406497399799,0.7012698139912119,0.9527725412862368,218.0,False,False,False,False,False,8.616476394854002,,Retain for Elastic Net consideration; do not remove automatically,,
feature_pair,numeric__trend_operating_cash_flow_margin_growth_3y,numeric__trend_operating_cash_flow_to_debt_growth_3y,trend_ratios,trend_ratios,high_correlation,249,0.5122278281377267,0.8354767729477599,0.6700713533885813,0.8981990818776822,187.0,False,False,False,False,False,9.338044531712539,,Retain for Elastic Net consideration; do not remove automatically,,
feature_pair,numeric__trend_operating_cash_flow_margin_slope_3y,numeric__trend_capex_to_revenue_change_3y,trend_ratios,trend_ratios,high_correlation,249,0.9979337170005081,0.11992747690463566,0.9979530928937242,0.13648565297842952,218.0,False,False,False,False,False,0.9081417186991458,,Retain for Elastic Net consideration; do not remove automatically,,
feature_pair,numeric__trend_operating_cash_flow_margin_slope_3y,numeric__trend_capex_to_revenue_slope_3y,trend_ratios,trend_ratios,high_correlation,249,0.9979342800888261,0.125355429975048,0.997934275930448,0.12916903622921755,243.0,False,False,False,False,False,0.9068659486310295,,Retain for Elastic Net consideration; do not remove automatically,,
feature_pair,numeric__trend_operating_cash_flow_to_assets_change_2y,numeric__trend_operating_cash_flow_to_assets_slope_3y,trend_ratios,trend_ratios,high_correlation,249,0.8945471693998589,0.6759143337519965,0.9189701231197849,0.7083206700629987,234.0,False,False,False,False,False,3.3249886126088497,,Retain for Elastic Net consideration; do not remove automatically,,
feature_pair,numeric__trend_operating_cash_flow_to_assets_change_3y,numeric__trend_operating_cash_flow_to_assets_slope_3y,trend_ratios,trend_ratios,high_correlation,249,0.39302605135131446,0.8598658447509047,0.9722799598655506,0.940244310632212,220.0,False,False,False,False,False,13.53431344776153,,Retain for Elastic Net consideration; do not remove automatically,,
feature_pair,numeric__trend_operating_cash_flow_to_debt_change_1y,numeric__trend_free_cash_flow_to_debt_change_1y,trend_ratios,trend_ratios,high_correlation,249,0.9858717169247697,0.8799907789454665,0.9858789489598518,0.8916229086405535,219.0,False,False,False,False,False,2.1242018823592366,,Retain for Elastic Net consideration; do not remove automatically,,
feature_pair,numeric__trend_operating_cash_flow_to_debt_change_3y,numeric__trend_free_cash_flow_to_debt_change_3y,trend_ratios,trend_ratios,high_correlation,249,0.9826514025568697,0.8044966821828657,0.9827023395103999,0.8590279428132567,187.0,False,False,False,False,False,1.574500210110489,,Retain for Elastic Net consideration; do not remove automatically,,
feature_pair,numeric__trend_operating_cash_flow_to_debt_growth_1y,numeric__trend_operating_cash_flow_to_assets_growth_1y,trend_ratios,trend_ratios,high_correlation,249,0.8583903254561568,0.86417404424391,0.8593993303418654,0.9095979745632194,219.0,False,False,False,False,False,5.993484875101731,,Retain for Elastic Net consideration; do not remove automatically,,
feature_pair,numeric__trend_operating_cash_flow_to_debt_growth_2y,numeric__trend_operating_cash_flow_to_assets_growth_2y,trend_ratios,trend_ratios,high_correlation,249,0.26297658250444844,0.8592291481735543,0.33898270388550916,0.9201002264837118,207.0,False,False,False,False,False,11.824969882355834,,Retain for Elastic Net consideration; do not remove automatically,,
feature_pair,numeric__trend_operating_cash_flow_to_debt_growth_3y,numeric__trend_operating_cash_flow_to_assets_growth_3y,trend_ratios,trend_ratios,high_correlation,249,0.6447262954425638,0.8511598090794839,0.6477968777414114,0.9270475384760785,187.0,False,False,False,False,False,6.721737141948308,,Retain for Elastic Net consideration; do not remove automatically,,
feature_pair,numeric__trend_operating_cash_flow_to_debt_slope_3y,numeric__trend_free_cash_flow_to_debt_slope_3y,trend_ratios,trend_ratios,high_correlation,249,0.8421984482018599,0.778490708655539,0.8421541956664633,0.7921470280710841,231.0,False,False,False,False,False,7.654850944414841,,Retain for Elastic Net consideration; do not remove automatically,,
feature_pair,numeric__trend_revenue_change_1y,numeric__trend_revenue_growth_1y,trend_financial,trend_financial,high_correlation,249,0.08864853014021457,0.8346226893850653,0.08878879632489506,0.830694816183972,241.0,False,False,False,False,False,12.07119215679956,,Retain for Elastic Net consideration; do not remove automatically,,
feature_pair,numeric__trend_revenue_change_1y,numeric__trend_revenue_slope_3y,trend_financial,trend_financial,high_correlation,249,0.9114606682358307,0.6042922545008487,0.9114702336261331,0.6078579215810559,244.0,False,False,False,False,False,3.6166310508155535,,Retain for Elastic Net consideration; do not remove automatically,,
feature_pair,numeric__trend_revenue_change_2y,numeric__trend_ebitda_change_2y,trend_financial,trend_financial,high_correlation,249,0.8241392988471047,0.5005524712991464,0.8243720081616012,0.507758469505486,234.0,False,False,False,False,False,4.908913881358362,,Retain for Elastic Net consideration; do not remove automatically,,
feature_pair,numeric__trend_revenue_change_2y,numeric__trend_ebitda_change_3y,trend_financial,trend_financial,high_correlation,249,0.8394606868599704,0.5365287882769978,0.8427069548608284,0.5726984020346984,218.0,False,False,False,False,False,5.532317429554494,,Retain for Elastic Net consideration; do not remove automatically,,
feature_pair,numeric__trend_revenue_change_2y,numeric__trend_ebitda_slope_3y,trend_financial,trend_financial,high_correlation,249,0.8330126442750168,0.5239454982681149,0.833563870640613,0.535189877231385,236.0,False,False,False,False,False,5.7278978622216865,,Retain for Elastic Net consideration; do not remove automatically,,
feature_pair,numeric__trend_revenue_change_2y,numeric__trend_revenue_change_3y,trend_financial,trend_financial,high_correlation,249,0.95364160314369,0.8699590356219048,0.958032426596312,0.9007596250589567,220.0,False,False,False,False,False,2.8799641782231564,,Retain for Elastic Net consideration; do not remove automatically,,
feature_pair,numeric__trend_revenue_change_2y,numeric__trend_revenue_growth_2y,trend_financial,trend_financial,high_correlation,249,0.025434542129320326,0.822089677589853,0.024653410626295537,0.8115151457655418,233.0,False,False,False,False,False,12.280312466990225,,Retain for Elastic Net consideration; do not remove automatically,,
feature_pair,numeric__trend_revenue_change_2y,numeric__trend_revenue_slope_3y,trend_financial,trend_financial,high_correlation,249,0.568859412513437,0.8771151736353715,0.9608576256674926,0.8960436908327863,236.0,False,False,False,False,False,11.23381263619468,,Retain for Elastic Net consideration; do not remove automatically,,
feature_pair,numeric__trend_revenue_change_3y,numeric__trend_depreciation_amortization_change_3y,trend_financial,trend_financial,high_correlation,249,0.8049262528399358,0.23805909513036413,0.8791469594974951,0.3576521277482592,111.0,False,False,False,False,False,3.679663349532079,,Retain for Elastic Net consideration; do not remove automatically,,
feature_pair,numeric__trend_revenue_change_3y,numeric__trend_ebitda_change_2y,trend_financial,trend_financial,high_correlation,249,0.8129696143781394,0.4380217780598401,0.8140356355477504,0.4573947636609587,219.0,False,False,False,False,False,4.182134830056429,,Retain for Elastic Net consideration; do not remove automatically,,
feature_pair,numeric__trend_revenue_change_3y,numeric__trend_ebitda_change_3y,trend_financial,trend_financial,high_correlation,249,0.8589273855987911,0.5449892019614101,0.8593364317480109,0.5549574952694258,220.0,False,False,False,False,False,4.232026151889853,,Retain for Elastic Net consideration; do not remove automatically,,
feature_pair,numeric__trend_revenue_change_3y,numeric__trend_ebitda_slope_3y,trend_financial,trend_financial,high_correlation,249,0.854138184220832,0.5365543624635316,0.856016008554059,0.5612950494854033,222.0,False,False,False,False,False,4.4276065845570445,,Retain for Elastic Net consideration; do not remove automatically,,
feature_pair,numeric__trend_revenue_change_3y,numeric__trend_revenue_growth_3y,trend_financial,trend_financial,high_correlation,249,0.011665969795074341,0.8247939123316922,0.010495126160530445,0.818448817129383,222.0,False,False,False,False,False,12.504023342376057,,Retain for Elastic Net consideration; do not remove automatically,,
feature_pair,numeric__trend_revenue_change_3y,numeric__trend_revenue_slope_3y,trend_financial,trend_financial,high_correlation,249,0.5869333248231784,0.9334508663169886,0.9987913497790886,0.9823018458793057,222.0,False,False,False,False,False,11.22576281060678,,Retain for Elastic Net consideration; do not remove automatically,,
feature_pair,numeric__trend_revenue_growth_2y,numeric__trend_market_cap_growth_3y,trend_financial,trend_market,high_correlation,249,0.8737228630682813,0.19306773110193018,0.949384392729603,0.2124797404220077,211.0,False,False,False,False,False,5.331087117638761,,Retain for Elastic Net consideration; do not remove automatically,,
feature_pair,numeric__trend_revenue_growth_2y,numeric__trend_revenue_growth_3y,trend_financial,trend_financial,high_correlation,249,0.09257640697218054,0.8131883724121547,0.14564976756958872,0.8759967915026945,218.0,False,False,False,False,False,11.557917927174742,,Retain for Elastic Net consideration; do not remove automatically,,
feature_pair,numeric__trend_shareholders_equity_change_1y,numeric__trend_debt_to_assets_change_3y,trend_financial,trend_ratios,high_correlation,249,0.8325520860913526,-0.22782506936923505,0.9534918575702911,-0.4606416011853223,46.0,False,False,False,False,False,2.92219777821141,,Retain for Elastic Net consideration; do not remove automatically,,
feature_pair,numeric__trend_shareholders_equity_change_1y,numeric__trend_debt_to_equity_change_1y,trend_financial,trend_ratios,high_correlation,249,-0.9900076559714645,-0.4098016546682088,-0.9910141838174742,-0.35494737502974133,48.0,False,False,False,False,False,1.3946948771454208,,Retain for Elastic Net consideration; do not remove automatically,,
feature_pair,numeric__trend_shareholders_equity_change_1y,numeric__trend_debt_to_equity_growth_1y,trend_financial,trend_ratios,high_correlation,249,0.990007324266637,-0.38433568007722396,0.9912360034021418,-0.20674285059652087,42.0,False,False,False,False,False,1.3947267652846629,,Retain for Elastic Net consideration; do not remove automatically,,
feature_pair,numeric__trend_shareholders_equity_change_1y,numeric__trend_debt_to_equity_slope_3y,trend_financial,trend_ratios,high_correlation,249,-0.9900072430001454,-0.30065173802670103,-0.9910140836717333,-0.3714993665569609,48.0,False,False,False,False,False,1.3947010632312562,,Retain for Elastic Net consideration; do not remove automatically,,
feature_pair,numeric__trend_shareholders_equity_change_1y,numeric__trend_liabilities_to_equity_change_1y,trend_financial,trend_ratios,high_correlation,249,-0.9900074384438583,-0.33907510659232537,-0.991014050871606,-0.3861267911419887,48.0,False,False,False,False,False,1.3946870510307925,,Retain for Elastic Net consideration; do not remove automatically,,
feature_pair,numeric__trend_shareholders_equity_change_1y,numeric__trend_liabilities_to_equity_growth_1y,trend_financial,trend_ratios,high_correlation,249,0.9900073293974964,-0.2511052804198098,0.9910134895548175,-0.1704298740772905,48.0,False,False,False,False,False,1.3947315726856055,,Retain for Elastic Net consideration; do not remove automatically,,
feature_pair,numeric__trend_shareholders_equity_change_1y,numeric__trend_liabilities_to_equity_slope_3y,trend_financial,trend_ratios,high_correlation,249,-0.9900071501894536,-0.2331165906539147,-0.9910140560110348,-0.3577941815023882,48.0,False,False,False,False,False,1.3946991948980612,,Retain for Elastic Net consideration; do not remove automatically,,
feature_pair,numeric__trend_shareholders_equity_change_1y,numeric__trend_market_to_book_change_1y,trend_financial,trend_ratios,high_correlation,249,-0.9898857471545756,0.08925549360446047,-0.9909176722819417,0.060790273556231005,48.0,False,False,False,False,False,1.3956089352831178,,Retain for Elastic Net consideration; do not remove automatically,,
feature_pair,numeric__trend_shareholders_equity_change_1y,numeric__trend_market_to_book_growth_1y,trend_financial,trend_ratios,high_correlation,249,0.9900518266055018,0.18602000655952772,0.9910497443218947,0.29135909683022143,48.0,False,False,False,False,False,1.3937694170421804,,Retain for Elastic Net consideration; do not remove automatically,,
feature_pair,numeric__trend_shareholders_equity_change_1y,numeric__trend_market_to_book_slope_3y,trend_financial,trend_ratios,high_correlation,249,-0.9895760556253271,0.2158816305503267,-0.9907231201034495,0.16369952236213633,48.0,False,False,False,False,False,1.3929428414954863,,Retain for Elastic Net consideration; do not remove automatically,,
feature_pair,numeric__trend_shareholders_equity_change_1y,numeric__trend_shareholders_equity_slope_3y,trend_financial,trend_financial,high_correlation,249,0.9899792428472994,0.5796166155630732,0.9938622546223171,0.8802648719062093,48.0,False,False,False,False,False,1.1192444079997852,,Retain for Elastic Net consideration; do not remove automatically,,
feature_pair,numeric__trend_shareholders_equity_growth_2y,numeric__trend_debt_to_equity_change_2y,trend_financial,trend_ratios,high_correlation,249,0.9909184765810385,-0.3953640097984825,0.9907723511945525,-0.25626830718854715,40.0,False,False,False,False,False,1.502406039347929,,Retain for Elastic Net consideration; do not remove automatically,,
feature_pair,numeric__trend_shareholders_equity_growth_2y,numeric__trend_liabilities_to_equity_change_2y,trend_financial,trend_ratios,high_correlation,249,0.9892277125439186,-0.28273032556998284,0.9890390026581303,-0.08659348907026926,40.0,False,False,False,False,False,1.7797371886903925,,Retain for Elastic Net consideration; do not remove automatically,,
feature_pair,numeric__trend_shareholders_equity_growth_2y,numeric__trend_market_to_book_change_2y,trend_financial,trend_ratios,high_correlation,249,0.9969168648091832,0.09835954878794537,0.9968653507343798,0.1342527441598649,40.0,False,False,False,False,False,0.7703771610813599,,Retain for Elastic Net consideration; do not remove automatically,,
feature_pair,numeric__trend_shareholders_equity_growth_3y,numeric__trend_ebitda_growth_3y,trend_financial,trend_financial,high_correlation,249,0.9306226229334515,0.10487244774004573,0.9300160557559485,0.4502923976608187,31.0,False,False,False,False,False,4.267304786211503,,Retain for Elastic Net consideration; do not remove automatically,,
feature_pair,numeric__trend_shareholders_equity_growth_3y,numeric__trend_ebitda_margin_growth_3y,trend_financial,trend_ratios,high_correlation,249,0.920715808242756,0.09266233577684468,0.9324021770567302,0.37769711635410363,31.0,False,False,False,False,False,4.176403280971191,,Retain for Elastic Net consideration; do not remove automatically,,
feature_pair,numeric__trend_shareholders_equity_growth_3y,numeric__trend_inventory_growth_3y,trend_financial,trend_financial,high_correlation,249,0.8406269656104695,0.09677768418071436,,,16.0,False,False,False,False,False,4.1902365075433154,,Retain for Elastic Net consideration; do not remove automatically,,
feature_pair,numeric__trend_shareholders_equity_slope_3y,numeric__trend_debt_to_assets_change_3y,trend_financial,trend_ratios,high_correlation,249,0.8263938170728137,-0.20038230380414648,0.9417258297629333,-0.4427245485157891,60.0,False,False,False,False,False,2.9178181338681424,,Retain for Elastic Net consideration; do not remove automatically,,
feature_pair,numeric__trend_shareholders_equity_slope_3y,numeric__trend_debt_to_equity_change_1y,trend_financial,trend_ratios,high_correlation,249,-0.9869134740400965,-0.12469499219363432,-0.9911483350128705,-0.2691430830243877,48.0,False,False,False,False,False,1.498757886222866,,Retain for Elastic Net consideration; do not remove automatically,,
feature_pair,numeric__trend_shareholders_equity_slope_3y,numeric__trend_debt_to_equity_growth_1y,trend_financial,trend_ratios,high_correlation,249,0.9869132434831394,-0.1853581009847524,0.9912751151480074,-0.15066050931357597,42.0,False,False,False,False,False,1.498758602727239,,Retain for Elastic Net consideration; do not remove automatically,,
feature_pair,numeric__trend_shareholders_equity_slope_3y,numeric__trend_debt_to_equity_slope_3y,trend_financial,trend_ratios,high_correlation,249,-0.9869134287086919,-0.43141755144356436,-0.9879497257509312,-0.4178119698136285,62.0,False,False,False,False,False,1.4987505311101346,,Retain for Elastic Net consideration; do not remove automatically,,
feature_pair,numeric__trend_shareholders_equity_slope_3y,numeric__trend_liabilities_to_equity_change_1y,trend_financial,trend_ratios,high_correlation,249,-0.9869133705957914,-0.13602829814285708,-0.9911482896762088,-0.3520408163265306,48.0,False,False,False,False,False,1.4987557192352285,,Retain for Elastic Net consideration; do not remove automatically,,
feature_pair,numeric__trend_shareholders_equity_slope_3y,numeric__trend_liabilities_to_equity_growth_1y,trend_financial,trend_ratios,high_correlation,249,0.9869132321552807,-0.11809590954154837,0.991147839104416,-0.1720581849761181,48.0,False,False,False,False,False,1.4987593269036585,,Retain for Elastic Net consideration; do not remove automatically,,
feature_pair,numeric__trend_shareholders_equity_slope_3y,numeric__trend_liabilities_to_equity_slope_3y,trend_financial,trend_ratios,high_correlation,249,-0.9869134403369498,-0.38664597215545427,-0.9879497962809193,-0.45031478217073784,62.0,False,False,False,False,False,1.4987497737651363,,Retain for Elastic Net consideration; do not remove automatically,,
feature_pair,numeric__trend_shareholders_equity_slope_3y,numeric__trend_market_to_book_change_1y,trend_financial,trend_ratios,high_correlation,249,-0.9868473440282518,0.16304807597566073,-0.9910995677871075,0.06296135475466783,48.0,False,False,False,False,False,1.4970181158203681,,Retain for Elastic Net consideration; do not remove automatically,,
feature_pair,numeric__trend_shareholders_equity_slope_3y,numeric__trend_market_to_book_growth_1y,trend_financial,trend_ratios,high_correlation,249,0.9869335319232052,0.24273931945722083,0.9911624666849099,0.23686495874945723,48.0,False,False,False,False,False,1.5008132958392202,,Retain for Elastic Net consideration; do not remove automatically,,
feature_pair,numeric__trend_shareholders_equity_slope_3y,numeric__trend_market_to_book_slope_3y,trend_financial,trend_ratios,high_correlation,249,-0.9866142290468031,0.08815012240731464,-0.9877885820455328,0.010123394610929237,62.0,False,False,False,False,False,1.4964619714380094,,Retain for Elastic Net consideration; do not remove automatically,,
feature_pair,numeric__trend_shares_outstanding_change_1y,numeric__trend_shares_outstanding_change_2y,trend_market,trend_market,high_correlation,249,0.9173625870169932,0.7604702939981239,0.9372315267774014,0.7752461722078161,241.0,False,False,False,False,False,4.1116723258109085,,Retain for Elastic Net consideration; do not remove automatically,,
feature_pair,numeric__trend_shares_outstanding_change_1y,numeric__trend_shares_outstanding_change_3y,trend_market,trend_market,high_correlation,249,0.8720427477100746,0.6257291024055015,0.8908755428710241,0.6560297802467865,225.0,False,False,False,False,False,4.599563536847352,,Retain for Elastic Net consideration; do not remove automatically,,
feature_pair,numeric__trend_shares_outstanding_change_1y,numeric__trend_shares_outstanding_growth_1y,trend_market,trend_market,high_correlation,249,0.49355007181558325,0.8847358790950288,0.4931284874010963,0.8887443975038065,241.0,False,False,False,False,False,8.884331576739344,,Retain for Elastic Net consideration; do not remove automatically,,
feature_pair,numeric__trend_shares_outstanding_change_1y,numeric__trend_shares_outstanding_slope_3y,trend_market,trend_market,high_correlation,249,0.8762728306143487,0.660934983640354,0.8762478983443159,0.6604504093186093,246.0,False,False,False,False,False,5.122822654025687,,Retain for Elastic Net consideration; do not remove automatically,,
feature_pair,numeric__trend_shares_outstanding_change_2y,numeric__trend_shares_outstanding_change_3y,trend_market,trend_market,high_correlation,249,0.959106368573908,0.8218531991258862,0.9592503919338017,0.8412562161432028,225.0,False,False,False,False,False,2.75183454083672,,Retain for Elastic Net consideration; do not remove automatically,,
feature_pair,numeric__trend_shares_outstanding_change_2y,numeric__trend_shares_outstanding_growth_2y,trend_market,trend_market,high_correlation,249,0.35989332489100395,0.8426177312237777,0.35848049742890103,0.8492041156507292,236.0,False,False,False,False,False,10.132012143971018,,Retain for Elastic Net consideration; do not remove automatically,,
feature_pair,numeric__trend_shares_outstanding_change_2y,numeric__trend_shares_outstanding_slope_3y,trend_market,trend_market,high_correlation,249,0.911644651686335,0.8388156660798198,0.9609179389622048,0.8550388368373555,241.0,False,False,False,False,False,4.389851288448487,,Retain for Elastic Net consideration; do not remove automatically,,
feature_pair,numeric__trend_shares_outstanding_change_3y,numeric__trend_shares_outstanding_growth_3y,trend_market,trend_market,high_correlation,249,0.049490956504394945,0.8379269708984763,0.04743485303222129,0.8539795382468889,220.0,False,False,False,False,False,15.666444094513986,,Retain for Elastic Net consideration; do not remove automatically,,
feature_pair,numeric__trend_shares_outstanding_change_3y,numeric__trend_shares_outstanding_slope_3y,trend_market,trend_market,high_correlation,249,0.9470245974076885,0.9580853153635122,0.9984191464178825,0.9975270545083468,225.0,False,False,False,False,False,4.380634056715574,,Retain for Elastic Net consideration; do not remove automatically,,
feature_pair,numeric__trend_shares_outstanding_growth_2y,numeric__trend_shares_outstanding_growth_3y,trend_market,trend_market,high_correlation,249,0.09999323409950693,0.811375754514465,0.10136572122510595,0.8412245107367825,220.0,False,False,False,False,False,15.716249379922733,,Retain for Elastic Net consideration; do not remove automatically,,
feature_pair,numeric__trend_shares_outstanding_growth_3y,numeric__trend_ebit_margin_change_1y,trend_market,trend_ratios,high_correlation,249,0.8292963109501297,0.04842844821511179,0.8334029315368999,0.05218678460487755,213.0,False,False,False,False,False,7.369430664218769,,Retain for Elastic Net consideration; do not remove automatically,,
feature_pair,numeric__trend_shares_outstanding_growth_3y,numeric__trend_ebit_margin_change_2y,trend_market,trend_ratios,high_correlation,249,0.9881220932420156,0.07505178381791591,0.9887581240659711,0.08984976649564347,206.0,False,False,False,False,False,1.377492344405079,,Retain for Elastic Net consideration; do not remove automatically,,
feature_pair,numeric__trend_shares_outstanding_growth_3y,numeric__trend_ebitda_margin_change_1y,trend_market,trend_ratios,high_correlation,249,0.8859015567391545,0.06140363937658883,0.8948239263963035,0.06798183607760373,212.0,False,False,False,False,False,5.321762524005236,,Retain for Elastic Net consideration; do not remove automatically,,
feature_pair,numeric__trend_shares_outstanding_growth_3y,numeric__trend_ebitda_margin_change_2y,trend_market,trend_ratios,high_correlation,249,0.98887712865753,0.092914066766152,0.9902495986977021,0.11161581644591444,204.0,False,False,False,False,False,1.3782012743785532,,Retain for Elastic Net consideration; do not remove automatically,,
feature_pair,numeric__trend_shares_outstanding_growth_3y,numeric__trend_interest_coverage_change_2y,trend_market,trend_ratios,high_correlation,249,0.8984620740523344,0.07532772843676847,0.90362474481656,0.09855849262200483,176.0,False,False,False,False,False,5.411380824735092,,Retain for Elastic Net consideration; do not remove automatically,,
feature_pair,numeric__trend_shares_outstanding_growth_3y,numeric__trend_market_to_book_growth_3y,trend_market,trend_ratios,high_correlation,249,0.9804085864971259,0.016916360309422177,0.988431662420623,0.1301590841294815,30.0,False,False,False,False,False,1.8915073033574816,,Retain for Elastic Net consideration; do not remove automatically,,
feature_pair,numeric__trend_shares_outstanding_growth_3y,numeric__trend_net_income_margin_change_1y,trend_market,trend_ratios,high_correlation,249,0.8218011948560553,-0.04374255194068545,0.8287030818055252,-0.04754740739407868,213.0,False,False,False,False,False,6.818491123164679,,Retain for Elastic Net consideration; do not remove automatically,,
feature_pair,numeric__trend_shares_outstanding_growth_3y,numeric__trend_net_income_margin_change_2y,trend_market,trend_ratios,high_correlation,249,0.9869337856709347,-0.020204169725889756,0.987856496611473,-0.02030431070222012,206.0,False,False,False,False,False,1.3623759886783242,,Retain for Elastic Net consideration; do not remove automatically,,
feature_pair,numeric__trend_shares_outstanding_growth_3y,numeric__trend_operating_cash_flow_margin_change_1y,trend_market,trend_ratios,high_correlation,249,0.8423266050583587,-0.05205440696585491,0.8450590982277171,-0.05666307510849791,212.0,False,False,False,False,False,7.492842357849262,,Retain for Elastic Net consideration; do not remove automatically,,
feature_pair,numeric__trend_shares_outstanding_growth_3y,numeric__trend_operating_cash_flow_margin_change_2y,trend_market,trend_ratios,high_correlation,249,0.9849725303335473,-0.056050465539816734,0.9863224016814139,-0.06319398642029034,205.0,False,False,False,False,False,1.3784888850255541,,Retain for Elastic Net consideration; do not remove automatically,,
feature_pair,numeric__trend_shares_outstanding_growth_3y,numeric__trend_shares_outstanding_slope_3y,trend_market,trend_market,high_correlation,249,0.04715381288278795,0.8122299299145042,0.04725203744385824,0.8514965244838906,220.0,False,False,False,False,False,15.664857559862865,,Retain for Elastic Net consideration; do not remove automatically,,
feature_pair,numeric__trend_short_term_debt_change_1y,numeric__trend_short_term_debt_change_2y,trend_financial,trend_financial,high_correlation,249,0.8934392921367793,0.543871799691528,0.8935228323546492,0.5573784119044919,231.0,False,False,False,False,False,3.771485254875574,,Retain for Elastic Net consideration; do not remove automatically,,
feature_pair,numeric__trend_short_term_debt_change_1y,numeric__trend_short_term_debt_growth_1y,trend_financial,trend_financial,high_correlation,249,0.020256312944842293,0.8894038379212743,0.02005494992493217,0.8875768838242886,196.0,False,False,False,False,False,13.497057697773984,,Retain for Elastic Net consideration; do not remove automatically,,
feature_pair,numeric__trend_short_term_debt_change_2y,numeric__trend_short_term_debt_change_3y,trend_financial,trend_financial,high_correlation,249,0.8468202035845375,0.7109445692083994,0.8549350070963011,0.732671523904769,217.0,False,False,False,False,False,7.638805070972109,,Retain for Elastic Net consideration; do not remove automatically,,
feature_pair,numeric__trend_short_term_debt_change_2y,numeric__trend_short_term_debt_growth_2y,trend_financial,trend_financial,high_correlation,249,0.011726572502064773,0.8458209945797942,0.008334735725202066,0.8248508424034287,183.0,False,False,False,False,False,11.226469697515569,,Retain for Elastic Net consideration; do not remove automatically,,
feature_pair,numeric__trend_short_term_debt_change_2y,numeric__trend_short_term_debt_slope_3y,trend_financial,trend_financial,high_correlation,249,0.8368782638869643,0.736717981002078,0.8374116755197697,0.7511728198531646,233.0,False,False,False,False,False,8.018886533911171,,Retain for Elastic Net consideration; do not remove automatically,,
feature_pair,numeric__trend_short_term_debt_change_3y,numeric__trend_short_term_debt_growth_3y,trend_financial,trend_financial,high_correlation,249,0.02873468438546044,0.859063124674767,0.02641799170180181,0.8239371622792592,173.0,False,False,False,False,False,15.176014008549055,,Retain for Elastic Net consideration; do not remove automatically,,
feature_pair,numeric__trend_short_term_debt_change_3y,numeric__trend_short_term_debt_slope_3y,trend_financial,trend_financial,high_correlation,249,0.9774852231468533,0.8803776700459068,0.9934164715711055,0.9217611160870547,221.0,False,False,False,False,False,2.7564585127527197,,Retain for Elastic Net consideration; do not remove automatically,,
feature_pair,numeric__trend_short_term_debt_growth_1y,numeric__trend_short_term_debt_growth_3y,trend_financial,trend_financial,high_correlation,249,0.8472907493398378,0.3829874342878941,0.8563582926942462,0.4845169923246717,160.0,False,False,False,False,False,6.925985247882543,,Retain for Elastic Net consideration; do not remove automatically,,
feature_pair,numeric__trend_total_assets_change_1y,numeric__trend_asset_growth_1y,trend_financial,trend_ratios,high_correlation,249,0.33908852217040286,0.85898663648631,0.33922518303706806,0.8509123591644411,244.0,False,False,False,False,False,9.34864756794775,,Retain for Elastic Net consideration; do not remove automatically,,affine_group_025
feature_pair,numeric__trend_total_assets_change_1y,numeric__trend_total_assets_growth_1y,trend_financial,trend_financial,high_correlation,249,0.33908852217040286,0.85898663648631,0.33922518303706806,0.8509123591644411,244.0,False,False,False,False,False,9.34864756794775,,Retain for Elastic Net consideration; do not remove automatically,,affine_group_025
feature_pair,numeric__trend_total_assets_change_2y,numeric__trend_interest_expense_change_2y,trend_financial,trend_financial,high_correlation,249,0.8238532994056005,0.3021406958106655,0.8328624746213668,0.3443000069012168,210.0,False,False,False,False,False,5.442890652349843,,Retain for Elastic Net consideration; do not remove automatically,,
feature_pair,numeric__trend_total_assets_change_2y,numeric__trend_total_assets_change_3y,trend_financial,trend_financial,high_correlation,249,0.886190575340891,0.7783856729190662,0.8878232630877383,0.8135911454019044,220.0,False,False,False,False,False,6.265673996461967,,Retain for Elastic Net consideration; do not remove automatically,,
feature_pair,numeric__trend_total_assets_change_2y,numeric__trend_total_assets_growth_2y,trend_financial,trend_financial,high_correlation,249,0.06548002432080276,0.8692204587402758,0.06506662458913949,0.851237392137354,235.0,False,False,False,False,False,12.028078697237413,,Retain for Elastic Net consideration; do not remove automatically,,
feature_pair,numeric__trend_total_assets_change_2y,numeric__trend_total_assets_slope_3y,trend_financial,trend_financial,high_correlation,249,0.9192810738015322,0.8037014654841326,0.9204630596819285,0.8220428158761979,235.0,False,False,False,False,False,5.0809819342255595,,Retain for Elastic Net consideration; do not remove automatically,,
feature_pair,numeric__trend_total_assets_change_3y,numeric__trend_interest_expense_slope_3y,trend_financial,trend_financial,high_correlation,249,0.8344010747308028,0.23009382800044895,0.8491316063131417,0.25695454658222555,212.0,False,False,False,False,False,4.9708036139351925,,Retain for Elastic Net consideration; do not remove automatically,,
feature_pair,numeric__trend_total_assets_change_3y,numeric__trend_total_assets_growth_3y,trend_financial,trend_financial,high_correlation,249,0.3001280209289681,0.8614354871347851,0.29800543614250885,0.8529926091049767,223.0,False,False,False,False,False,8.860691277119907,,Retain for Elastic Net consideration; do not remove automatically,,
feature_pair,numeric__trend_total_assets_change_3y,numeric__trend_total_assets_slope_3y,trend_financial,trend_financial,high_correlation,249,0.9894292899657451,0.9545191318410402,0.9927387601150426,0.9960296934347642,223.0,False,False,False,False,False,1.1846920622364072,,Retain for Elastic Net consideration; do not remove automatically,,
feature_pair,numeric__trend_total_assets_growth_2y,numeric__trend_current_assets_growth_2y,trend_financial,trend_financial,high_correlation,249,0.9910882010366688,0.7545548266312554,0.991084241444574,0.758805623467361,235.0,False,False,False,False,False,1.1904531080515592,,Retain for Elastic Net consideration; do not remove automatically,,
feature_pair,numeric__trend_total_assets_growth_2y,numeric__trend_current_liabilities_growth_2y,trend_financial,trend_financial,high_correlation,249,0.8455400269405604,0.550545863920424,0.8454767390231139,0.5507754274745069,235.0,False,False,False,False,False,5.61618413137055,,Retain for Elastic Net consideration; do not remove automatically,,
feature_pair,numeric__trend_total_assets_growth_2y,numeric__trend_total_liabilities_growth_2y,trend_financial,trend_financial,high_correlation,249,0.8306911915304847,0.7083970213447487,0.8306188062382116,0.7133978998916288,235.0,False,False,False,False,False,5.471617484695029,,Retain for Elastic Net consideration; do not remove automatically,,
feature_pair,numeric__trend_total_assets_growth_3y,numeric__trend_total_assets_slope_3y,trend_financial,trend_financial,high_correlation,249,0.2765528898742415,0.8153372867614681,0.27759317533298505,0.8475387129237861,223.0,False,False,False,False,False,9.787816121737317,,Retain for Elastic Net consideration; do not remove automatically,,
feature_pair,numeric__trend_total_assets_growth_3y,numeric__trend_total_liabilities_growth_3y,trend_financial,trend_financial,high_correlation,249,0.8887065555739248,0.7330495151222701,0.8885117848447692,0.7390159180184177,223.0,False,False,False,False,False,4.196936807491302,,Retain for Elastic Net consideration; do not remove automatically,,
feature_pair,numeric__trend_total_assets_slope_3y,numeric__trend_interest_expense_change_2y,trend_financial,trend_financial,high_correlation,249,0.8003759537928831,0.35153169485191216,0.8667934112677853,0.39360189744247637,212.0,False,False,False,False,False,5.481526097327627,,Retain for Elastic Net consideration; do not remove automatically,,
feature_pair,numeric__trend_total_assets_slope_3y,numeric__trend_interest_expense_slope_3y,trend_financial,trend_financial,high_correlation,249,0.8627519623217572,0.27510122692999006,0.8706987961478322,0.29090821730869126,232.0,False,False,False,False,False,4.469052291566076,,Retain for Elastic Net consideration; do not remove automatically,,
feature_pair,numeric__trend_total_debt_change_1y,numeric__trend_debt_growth_1y,trend_financial,trend_ratios,high_correlation,249,0.3405302056750419,0.8107572086617095,0.33776747041323557,0.7576907063098655,226.0,False,False,False,False,False,9.441849715740151,,Retain for Elastic Net consideration; do not remove automatically,,affine_group_026
feature_pair,numeric__trend_total_debt_change_1y,numeric__trend_long_term_debt_change_1y,trend_financial,trend_financial,high_correlation,249,0.8246497381891789,0.7069330464827036,0.8245157141012154,0.7079223141757724,242.0,False,False,False,False,False,6.351867767549907,,Retain for Elastic Net consideration; do not remove automatically,,
feature_pair,numeric__trend_total_debt_change_1y,numeric__trend_total_debt_growth_1y,trend_financial,trend_financial,high_correlation,249,0.3405302056750419,0.8107572086617095,0.33776747041323557,0.7576907063098655,226.0,False,False,False,False,False,9.441849715740151,,Retain for Elastic Net consideration; do not remove automatically,,affine_group_026
feature_pair,numeric__trend_total_debt_change_2y,numeric__trend_long_term_debt_change_2y,trend_financial,trend_financial,high_correlation,249,0.9804880874080744,0.7893000379326242,0.9804714044529855,0.7915931720610199,235.0,False,False,False,False,False,2.214505679161621,,Retain for Elastic Net consideration; do not remove automatically,,
feature_pair,numeric__trend_total_debt_change_2y,numeric__trend_long_term_debt_change_3y,trend_financial,trend_financial,high_correlation,249,0.9542146382120338,0.6182292108794346,0.9544135571578032,0.6370792931727128,220.0,False,False,False,False,False,2.655267559069816,,Retain for Elastic Net consideration; do not remove automatically,,
feature_pair,numeric__trend_total_debt_change_2y,numeric__trend_long_term_debt_slope_3y,trend_financial,trend_financial,high_correlation,249,0.9693665892598027,0.6363300691628452,0.9693315255751578,0.6490426898117247,235.0,False,False,False,False,False,2.0486633153557294,,Retain for Elastic Net consideration; do not remove automatically,,
feature_pair,numeric__trend_total_debt_change_2y,numeric__trend_total_debt_change_3y,trend_financial,trend_financial,high_correlation,249,0.9648057264576397,0.7855273623956489,0.9652329261369844,0.803474040637202,220.0,False,False,False,False,False,2.928805085211353,,Retain for Elastic Net consideration; do not remove automatically,,
feature_pair,numeric__trend_total_debt_change_2y,numeric__trend_total_debt_slope_3y,trend_financial,trend_financial,high_correlation,249,0.9780262186287652,0.8165361866466281,0.9780187502465194,0.8289648806726584,235.0,False,False,False,False,False,2.2366957826854255,,Retain for Elastic Net consideration; do not remove automatically,,
feature_pair,numeric__trend_total_debt_change_3y,numeric__trend_long_term_debt_change_2y,trend_financial,trend_financial,high_correlation,249,0.9399524134957804,0.595516111078804,0.9413562858684531,0.6129761189086367,220.0,False,False,False,False,False,2.8371103681723833,,Retain for Elastic Net consideration; do not remove automatically,,
feature_pair,numeric__trend_total_debt_change_3y,numeric__trend_long_term_debt_change_3y,trend_financial,trend_financial,high_correlation,249,0.9777404298533149,0.7557105432078853,0.9776720665862492,0.7714563185724672,221.0,False,False,False,False,False,2.064952824945728,,Retain for Elastic Net consideration; do not remove automatically,,
feature_pair,numeric__trend_total_debt_change_3y,numeric__trend_long_term_debt_slope_3y,trend_financial,trend_financial,high_correlation,249,0.9754150255916795,0.7214538719087001,0.9772575812607825,0.7624636075269762,221.0,False,False,False,False,False,1.9153291628772435,,Retain for Elastic Net consideration; do not remove automatically,,
feature_pair,numeric__trend_total_debt_change_3y,numeric__trend_total_debt_slope_3y,trend_financial,trend_financial,high_correlation,249,0.9944919781458224,0.9469736928454793,0.9952008689343099,0.9844873757818504,221.0,False,False,False,False,False,0.6921093025259277,,Retain for Elastic Net consideration; do not remove automatically,,
feature_pair,numeric__trend_total_debt_growth_3y,numeric__trend_debt_to_assets_growth_3y,trend_financial,trend_ratios,high_correlation,249,0.876694784541611,0.688421225476042,0.8760539238908932,0.7430780951308203,199.0,False,False,False,False,False,3.990008866917001,,Retain for Elastic Net consideration; do not remove automatically,,
feature_pair,numeric__trend_total_debt_growth_3y,numeric__trend_long_term_debt_growth_3y,trend_financial,trend_financial,high_correlation,249,0.9163862471462126,0.720488401238323,0.9548597162944946,0.7624647070236755,190.0,False,False,False,False,False,4.193935194462035,,Retain for Elastic Net consideration; do not remove automatically,,
feature_pair,numeric__trend_total_debt_slope_3y,numeric__trend_long_term_debt_change_2y,trend_financial,trend_financial,high_correlation,249,0.9568618302253799,0.6285005652368665,0.9568519772141916,0.6381837039057074,235.0,False,False,False,False,False,2.1450010656464555,,Retain for Elastic Net consideration; do not remove automatically,,
feature_pair,numeric__trend_total_debt_slope_3y,numeric__trend_long_term_debt_change_3y,trend_financial,trend_financial,high_correlation,249,0.9754728807477168,0.732977886806441,0.9759254000239035,0.7664711066858972,221.0,False,False,False,False,False,1.8185614679896598,,Retain for Elastic Net consideration; do not remove automatically,,
feature_pair,numeric__trend_total_debt_slope_3y,numeric__trend_long_term_debt_slope_3y,trend_financial,trend_financial,high_correlation,249,0.9834522954009391,0.7605063410352868,0.9834459322941759,0.7629513003564119,245.0,False,False,False,False,False,1.6689378059211752,,Retain for Elastic Net consideration; do not remove automatically,,
feature_pair,numeric__trend_total_liabilities_change_1y,numeric__trend_interest_expense_change_1y,trend_financial,trend_financial,high_correlation,249,0.8044083251742604,0.5458749177293225,0.8370534593729911,0.5791178338362827,219.0,False,False,False,False,False,3.9401253929194735,,Retain for Elastic Net consideration; do not remove automatically,,
feature_pair,numeric__trend_total_liabilities_change_1y,numeric__trend_long_term_debt_change_1y,trend_financial,trend_financial,high_correlation,249,0.8497924875377985,0.5917999549018703,0.849702574122901,0.5952694314998287,242.0,False,False,False,False,False,4.138620362153165,,Retain for Elastic Net consideration; do not remove automatically,,
feature_pair,numeric__trend_total_liabilities_change_1y,numeric__trend_total_debt_change_1y,trend_financial,trend_financial,high_correlation,249,0.9200095211488736,0.7519887276686744,0.9198970819090206,0.7540092437312255,242.0,False,False,False,False,False,3.3861864303120828,,Retain for Elastic Net consideration; do not remove automatically,,
feature_pair,numeric__trend_total_liabilities_change_2y,numeric__trend_interest_expense_change_2y,trend_financial,trend_financial,high_correlation,249,0.8034073693856261,0.6095028237641454,0.9360878497099331,0.6602415355176432,210.0,False,False,False,False,False,7.8732404636870434,,Retain for Elastic Net consideration; do not remove automatically,,
feature_pair,numeric__trend_total_liabilities_change_2y,numeric__trend_long_term_debt_change_2y,trend_financial,trend_financial,high_correlation,249,0.9686135648859429,0.6774313854408422,0.9694417695860729,0.688150067155268,234.0,False,False,False,False,False,1.7036203241189334,,Retain for Elastic Net consideration; do not remove automatically,,
feature_pair,numeric__trend_total_liabilities_change_2y,numeric__trend_long_term_debt_change_3y,trend_financial,trend_financial,high_correlation,249,0.9515031433868387,0.5994638922503533,0.9516509459422376,0.6287911952474134,220.0,False,False,False,False,False,2.4331721757504488,,Retain for Elastic Net consideration; do not remove automatically,,
feature_pair,numeric__trend_total_liabilities_change_2y,numeric__trend_long_term_debt_slope_3y,trend_financial,trend_financial,high_correlation,249,0.96267155268064,0.6073143333740281,0.9637802105931197,0.6250252923498963,235.0,False,False,False,False,False,1.9238735613253013,,Retain for Elastic Net consideration; do not remove automatically,,
feature_pair,numeric__trend_total_liabilities_change_2y,numeric__trend_total_debt_change_2y,trend_financial,trend_financial,high_correlation,249,0.9735412990498126,0.8311946750671145,0.9735728616945546,0.838458079326424,234.0,False,False,False,False,False,1.6433369743611592,,Retain for Elastic Net consideration; do not remove automatically,,
feature_pair,numeric__trend_total_liabilities_change_2y,numeric__trend_total_debt_change_3y,trend_financial,trend_financial,high_correlation,249,0.949644893087808,0.7344447382423065,0.949944426035496,0.7478021109950738,220.0,False,False,False,False,False,2.6834932610770403,,Retain for Elastic Net consideration; do not remove automatically,,
feature_pair,numeric__trend_total_liabilities_change_2y,numeric__trend_total_debt_slope_3y,trend_financial,trend_financial,high_correlation,249,0.9613204309001646,0.757378537425221,0.9613940616858407,0.7714119339168242,235.0,False,False,False,False,False,1.9913839585511128,,Retain for Elastic Net consideration; do not remove automatically,,
feature_pair,numeric__trend_total_liabilities_change_2y,numeric__trend_total_liabilities_change_3y,trend_financial,trend_financial,high_correlation,249,0.9184900266155669,0.8331704828889797,0.9192922299342406,0.8565241352262393,220.0,False,False,False,False,False,4.694244153703796,,Retain for Elastic Net consideration; do not remove automatically,,
feature_pair,numeric__trend_total_liabilities_change_2y,numeric__trend_total_liabilities_slope_3y,trend_financial,trend_financial,high_correlation,249,0.948153576840186,0.8703513002772582,0.9494060420569689,0.8860909430514818,235.0,False,False,False,False,False,3.720912969096676,,Retain for Elastic Net consideration; do not remove automatically,,
feature_pair,numeric__trend_total_liabilities_change_3y,numeric__trend_interest_expense_slope_3y,trend_financial,trend_financial,high_correlation,249,0.8219948989814451,0.5967674315078029,0.9196243394193055,0.6428813430103774,212.0,False,False,False,False,False,6.797837228024816,,Retain for Elastic Net consideration; do not remove automatically,,
feature_pair,numeric__trend_total_liabilities_change_3y,numeric__trend_long_term_debt_change_2y,trend_financial,trend_financial,high_correlation,249,0.8784735796694645,0.5741647723561369,0.8798960064416044,0.5993002527604734,219.0,False,False,False,False,False,4.847861260799139,,Retain for Elastic Net consideration; do not remove automatically,,
feature_pair,numeric__trend_total_liabilities_change_3y,numeric__trend_long_term_debt_change_3y,trend_financial,trend_financial,high_correlation,249,0.9516254852982218,0.6896860008140394,0.9514938586713885,0.7120032032688626,220.0,False,False,False,False,False,2.3470665530815094,,Retain for Elastic Net consideration; do not remove automatically,,
feature_pair,numeric__trend_total_liabilities_change_3y,numeric__trend_long_term_debt_slope_3y,trend_financial,trend_financial,high_correlation,249,0.9369318590934669,0.6594532983074736,0.9386846529273077,0.6964825920691091,223.0,False,False,False,False,False,2.890892662482379,,Retain for Elastic Net consideration; do not remove automatically,,
feature_pair,numeric__trend_total_liabilities_change_3y,numeric__trend_total_debt_change_2y,trend_financial,trend_financial,high_correlation,249,0.8885653779994677,0.7259139263191119,0.8890699526525443,0.7485685793176811,219.0,False,False,False,False,False,4.939555977838109,,Retain for Elastic Net consideration; do not remove automatically,,
feature_pair,numeric__trend_total_liabilities_change_3y,numeric__trend_total_debt_change_3y,trend_financial,trend_financial,high_correlation,249,0.9641362015233935,0.8530391083973671,0.9640950146479154,0.8660308607235895,220.0,False,False,False,False,False,2.1035169004371275,,Retain for Elastic Net consideration; do not remove automatically,,
feature_pair,numeric__trend_total_liabilities_change_3y,numeric__trend_total_debt_slope_3y,trend_financial,trend_financial,high_correlation,249,0.9488049706202749,0.8378240394231419,0.9494262436908246,0.8744199641003128,223.0,False,False,False,False,False,2.7237000740066106,,Retain for Elastic Net consideration; do not remove automatically,,
feature_pair,numeric__trend_total_liabilities_change_3y,numeric__trend_total_liabilities_slope_3y,trend_financial,trend_financial,high_correlation,249,0.9913521046410594,0.955173897996956,0.9942014905544112,0.9918602763740247,223.0,False,False,False,False,False,0.9733311846071198,,Retain for Elastic Net consideration; do not remove automatically,,
feature_pair,numeric__trend_total_liabilities_growth_2y,numeric__trend_current_assets_growth_2y,trend_financial,trend_financial,high_correlation,249,0.803937667246086,0.4912199953662598,0.8037769942008071,0.4924056930024744,235.0,False,False,False,False,False,6.035628728967007,,Retain for Elastic Net consideration; do not remove automatically,,
feature_pair,numeric__trend_total_liabilities_growth_2y,numeric__trend_current_liabilities_growth_2y,trend_financial,trend_financial,high_correlation,249,0.9109455055484083,0.7195172202534874,0.9107770269785463,0.7220666723379703,235.0,False,False,False,False,False,4.251303844674078,,Retain for Elastic Net consideration; do not remove automatically,,
feature_pair,numeric__trend_total_liabilities_growth_2y,numeric__trend_revenue_growth_2y,trend_financial,trend_financial,high_correlation,249,0.8018482162267844,0.5707395855463763,0.8063485396557203,0.5871353942431884,232.0,False,False,False,False,False,5.18057538768308,,Retain for Elastic Net consideration; do not remove automatically,,
feature_pair,numeric__trend_total_liabilities_growth_3y,numeric__trend_capital_expenditures_growth_3y,trend_financial,trend_financial,high_correlation,249,0.8413187047123303,0.4169107647872449,0.840891445996445,0.44485287517049665,218.0,False,False,False,False,False,6.925056750757222,,Retain for Elastic Net consideration; do not remove automatically,,
feature_pair,numeric__trend_total_liabilities_growth_3y,numeric__trend_current_liabilities_growth_3y,trend_financial,trend_financial,high_correlation,249,0.8976353489986316,0.6854521115140949,0.8974044457104557,0.7038848189068401,223.0,False,False,False,False,False,4.310277315744246,,Retain for Elastic Net consideration; do not remove automatically,,
feature_pair,numeric__trend_total_liabilities_slope_3y,numeric__trend_interest_expense_slope_3y,trend_financial,trend_financial,high_correlation,249,0.8257350712909564,0.6174537589498059,0.9366367103091855,0.6396816651566611,231.0,False,False,False,False,False,7.428211084321528,,Retain for Elastic Net consideration; do not remove automatically,,
feature_pair,numeric__trend_total_liabilities_slope_3y,numeric__trend_long_term_debt_change_2y,trend_financial,trend_financial,high_correlation,249,0.9114860248486572,0.6194223303839042,0.9120113333005686,0.6307224003274462,235.0,False,False,False,False,False,3.874530076192019,,Retain for Elastic Net consideration; do not remove automatically,,
feature_pair,numeric__trend_total_liabilities_slope_3y,numeric__trend_long_term_debt_change_3y,trend_financial,trend_financial,high_correlation,249,0.9601795592928255,0.6732044342793306,0.9617770120973875,0.7117024115872268,221.0,False,False,False,False,False,2.2250408490328466,,Retain for Elastic Net consideration; do not remove automatically,,
feature_pair,numeric__trend_total_liabilities_slope_3y,numeric__trend_long_term_debt_slope_3y,trend_financial,trend_financial,high_correlation,249,0.9577964983813715,0.6975040750783934,0.9577774555982507,0.700051162514688,245.0,False,False,False,False,False,2.0719342253897812,,Retain for Elastic Net consideration; do not remove automatically,,
feature_pair,numeric__trend_total_liabilities_slope_3y,numeric__trend_total_debt_change_2y,trend_financial,trend_financial,high_correlation,249,0.9196164896133959,0.7629214536492869,0.9201339169993569,0.7739582145540564,235.0,False,False,False,False,False,3.966224793230989,,Retain for Elastic Net consideration; do not remove automatically,,
feature_pair,numeric__trend_total_liabilities_slope_3y,numeric__trend_total_debt_change_3y,trend_financial,trend_financial,high_correlation,249,0.9711170333211319,0.8284240906143057,0.9729854476822548,0.8601519977713832,221.0,False,False,False,False,False,1.6525180441698506,,Retain for Elastic Net consideration; do not remove automatically,,
feature_pair,numeric__trend_total_liabilities_slope_3y,numeric__trend_total_debt_slope_3y,trend_financial,trend_financial,high_correlation,249,0.9673711098309454,0.870289289455845,0.9673454862074597,0.870785159018498,245.0,False,False,False,False,False,2.0933262177098992,,Retain for Elastic Net consideration; do not remove automatically,,
feature_pair,numeric__trend_turnover_change_2y,numeric__trend_turnover_change_3y,trend_market,trend_market,high_correlation,249,0.8160228682141174,0.6857223775098665,0.8219852127503442,0.7100737100737101,221.0,False,False,False,False,False,6.167311316265497,,Retain for Elastic Net consideration; do not remove automatically,,
feature_pair,numeric__trend_turnover_change_2y,numeric__trend_turnover_growth_2y,trend_market,trend_market,high_correlation,249,0.12748396041967844,0.8245468113553683,0.12795472901518642,0.82402125036893,240.0,False,False,False,False,False,13.749003823558652,,Retain for Elastic Net consideration; do not remove automatically,,
feature_pair,numeric__trend_turnover_change_2y,numeric__trend_turnover_slope_3y,trend_market,trend_market,high_correlation,249,0.8373423048112854,0.7868096421022035,0.837654328885016,0.7990242886161218,240.0,False,False,False,False,False,5.98042861757844,,Retain for Elastic Net consideration; do not remove automatically,,
feature_pair,numeric__trend_turnover_change_3y,numeric__trend_turnover_growth_3y,trend_market,trend_market,high_correlation,249,0.043296853973173705,0.8325426051211784,0.04441383521645741,0.827949792655675,221.0,False,False,False,False,False,14.153479531248482,,Retain for Elastic Net consideration; do not remove automatically,,
feature_pair,numeric__trend_turnover_change_3y,numeric__trend_turnover_slope_3y,trend_market,trend_market,high_correlation,249,0.9815383967886571,0.8758393532103428,0.9897946593977487,0.931596384537561,221.0,False,False,False,False,False,1.9470720828431751,,Retain for Elastic Net consideration; do not remove automatically,,
feature_pair,numeric__trend_turnover_growth_1y,numeric__trend_turnover_growth_2y,trend_market,trend_market,high_correlation,249,0.9983965900268439,0.6858426548927717,0.998401350693228,0.7000789944269866,240.0,False,False,False,False,False,0.5017525386643471,,Retain for Elastic Net consideration; do not remove automatically,,
feature_pair,numeric__trend_volume_change_1y,numeric__trend_volume_change_2y,trend_market,trend_market,high_correlation,249,0.8244222739533525,0.4685573836049991,0.8243883172663495,0.47750863605086996,243.0,False,False,False,False,False,5.841976303843081,,Retain for Elastic Net consideration; do not remove automatically,affine_group_028,
feature_pair,numeric__trend_volume_change_1y,numeric__trend_volume_growth_1y,trend_market,trend_market,high_correlation,249,0.1161761431797523,0.8500330356240624,0.11596205646729907,0.8415003159733839,244.0,False,False,False,False,False,14.338821701755954,,Retain for Elastic Net consideration; do not remove automatically,affine_group_028,
feature_pair,numeric__trend_volume_change_2y,numeric__market_market_cap_change_12m,trend_market,market_features,high_correlation,249,-0.8859314815711777,-0.10706521602585446,-0.8862683525108234,-0.10498678775924536,241.0,False,False,False,False,False,4.036797167007924,,Retain for Elastic Net consideration; do not remove automatically,,affine_group_024
feature_pair,numeric__trend_volume_change_2y,numeric__market_volume_change_12m,trend_market,market_features,high_correlation,249,0.8244222739533527,0.4685573836049991,0.8243883172663495,0.47750863605086996,243.0,False,False,False,False,False,5.841976303843081,,Retain for Elastic Net consideration; do not remove automatically,,affine_group_028
feature_pair,numeric__trend_volume_change_2y,numeric__trend_volume_change_3y,trend_market,trend_market,high_correlation,249,0.9833920484874163,0.6303822858804209,0.9884978055400097,0.6492973312184436,234.0,False,False,False,False,False,1.5938851113582906,,Retain for Elastic Net consideration; do not remove automatically,,
feature_pair,numeric__trend_volume_change_2y,numeric__trend_volume_growth_2y,trend_market,trend_market,high_correlation,249,0.03651414154964373,0.8473179819073884,0.03621276162818272,0.831509968003938,239.0,False,False,False,False,False,15.19799699099181,,Retain for Elastic Net consideration; do not remove automatically,,
feature_pair,numeric__trend_volume_change_2y,numeric__trend_volume_slope_3y,trend_market,trend_market,high_correlation,249,0.9876409304489697,0.702594130852707,0.9876736713680362,0.7156668342090979,243.0,False,False,False,False,False,1.3261679925085548,,Retain for Elastic Net consideration; do not remove automatically,,
feature_pair,numeric__trend_volume_change_3y,numeric__market_market_cap_change_12m,trend_market,market_features,high_correlation,249,-0.8967214458371596,-0.1866104106268282,-0.9023674293449327,-0.18350903384889666,232.0,False,False,False,False,False,3.1079481019000332,,Retain for Elastic Net consideration; do not remove automatically,,affine_group_024
feature_pair,numeric__trend_volume_change_3y,numeric__trend_volume_growth_3y,trend_market,trend_market,high_correlation,249,0.007199296756119127,0.8893100739280475,0.006618545148844654,0.8649626811388725,230.0,False,False,False,False,False,15.634987475208593,,Retain for Elastic Net consideration; do not remove automatically,,
feature_pair,numeric__trend_volume_change_3y,numeric__trend_volume_slope_3y,trend_market,trend_market,high_correlation,249,0.9883813817517033,0.8938615247805018,0.9972538353978436,0.9339940901858022,234.0,False,False,False,False,False,2.087091244489819,,Retain for Elastic Net consideration; do not remove automatically,,
feature_pair,numeric__trend_volume_growth_1y,numeric__market_volume_change_12m,trend_market,market_features,high_correlation,249,0.1161761431797523,0.8500330356240624,0.1159620564672991,0.8415003159733839,244.0,False,False,False,False,False,14.338821701755954,,Retain for Elastic Net consideration; do not remove automatically,,affine_group_028
feature_pair,numeric__trend_volume_growth_1y,numeric__trend_turnover_growth_1y,trend_market,trend_market,high_correlation,249,0.9885826116729333,0.6311979448082836,0.9892182683090075,0.6445243961389019,243.0,False,False,False,False,False,1.0071641720664197,,Retain for Elastic Net consideration; do not remove automatically,,
feature_pair,numeric__trend_volume_growth_1y,numeric__trend_turnover_growth_2y,trend_market,trend_market,high_correlation,249,0.984818904131396,0.30150684245062254,0.9849909791116893,0.31699723524462076,235.0,False,False,False,False,False,1.028836209430476,,Retain for Elastic Net consideration; do not remove automatically,,
feature_pair,numeric__trend_volume_growth_1y,numeric__trend_volume_growth_2y,trend_market,trend_market,high_correlation,249,0.9856475827799096,0.5359876873548748,0.9857172570366416,0.5485746864817639,238.0,False,False,False,False,False,1.0227194923169645,,Retain for Elastic Net consideration; do not remove automatically,,
feature_pair,numeric__trend_volume_growth_2y,numeric__trend_turnover_growth_1y,trend_market,trend_market,high_correlation,249,0.9979364844272799,0.3620349104902673,0.9984706537407548,0.3747375757675561,238.0,False,False,False,False,False,0.5213721329315437,,Retain for Elastic Net consideration; do not remove automatically,,
feature_pair,numeric__trend_volume_growth_2y,numeric__trend_turnover_growth_2y,trend_market,trend_market,high_correlation,249,0.9994268020749466,0.6390713728891884,0.9994581948331179,0.6533097180314699,236.0,False,False,False,False,False,0.44191301721975573,,Retain for Elastic Net consideration; do not remove automatically,,
feature_pair,numeric__trend_volume_growth_3y,numeric__trend_turnover_growth_3y,trend_market,trend_market,high_correlation,249,0.9053282215680312,0.6023226928685383,0.9111301157047496,0.6453092630955904,217.0,False,False,False,False,False,5.626158606921394,,Retain for Elastic Net consideration; do not remove automatically,,
feature_pair,numeric__trend_volume_growth_3y,numeric__trend_volume_slope_3y,trend_market,trend_market,high_correlation,249,0.003218157312761235,0.802278802989157,0.0032063488661943232,0.830847792799568,230.0,False,False,False,False,False,15.69766228955701,,Retain for Elastic Net consideration; do not remove automatically,,
feature_pair,numeric__trend_volume_slope_3y,numeric__market_market_cap_change_12m,trend_market,market_features,high_correlation,249,-0.9073094295011741,-0.16100318986557308,-0.9073229511366221,-0.15988975899719562,246.0,False,False,False,False,False,3.159513703040413,,Retain for Elastic Net consideration; do not remove automatically,,affine_group_024
feature_pair,numeric__trend_working_capital_change_2y,numeric__trend_working_capital_change_3y,trend_financial,trend_financial,high_correlation,249,0.8443819790890654,0.7361146818562069,0.8500709455558833,0.7634397332170272,220.0,False,False,False,False,False,5.7102314089867745,,Retain for Elastic Net consideration; do not remove automatically,,
feature_pair,numeric__trend_working_capital_change_3y,numeric__trend_working_capital_slope_3y,trend_financial,trend_financial,high_correlation,249,0.887307599907772,0.9304182245597516,0.9859563690278863,0.9734436376621831,223.0,False,False,False,False,False,6.412181068970841,,Retain for Elastic Net consideration; do not remove automatically,,
feature_pair,numeric__trend_working_capital_growth_1y,numeric__trend_working_capital_to_assets_growth_1y,trend_financial,trend_ratios,high_correlation,249,0.9722687070292594,0.8956632319928363,0.9722647298843925,0.8982250114204948,244.0,False,False,False,False,False,2.335264010026119,,Retain for Elastic Net consideration; do not remove automatically,,
feature_pair,numeric__trend_working_capital_growth_2y,numeric__trend_working_capital_to_assets_growth_2y,trend_financial,trend_ratios,high_correlation,249,0.3470292407350451,0.8353692764368094,0.3471220090149918,0.8427970129490655,235.0,False,False,False,False,False,11.680594294049804,,Retain for Elastic Net consideration; do not remove automatically,,
feature_pair,numeric__trend_working_capital_growth_3y,numeric__trend_working_capital_to_assets_growth_3y,trend_financial,trend_ratios,high_correlation,249,0.8973680766757804,0.8583269772582227,0.8974452887591579,0.8676337232580537,223.0,False,False,False,False,False,4.657022327289619,,Retain for Elastic Net consideration; do not remove automatically,,
feature_pair,numeric__trend_working_capital_to_assets_change_1y,numeric__trend_working_capital_to_assets_change_2y,trend_ratios,trend_ratios,high_correlation,249,0.9413666179388439,0.6316431061104903,0.9512159262291322,0.6498059937955962,233.0,False,False,False,False,False,2.150863373941915,,Retain for Elastic Net consideration; do not remove automatically,,
feature_pair,numeric__trend_working_capital_to_assets_change_1y,numeric__trend_working_capital_to_assets_slope_3y,trend_ratios,trend_ratios,high_correlation,249,0.8758600913097602,0.47242268121600267,0.8762405892861541,0.476513432401823,244.0,False,False,False,False,False,3.0941639137215216,,Retain for Elastic Net consideration; do not remove automatically,,
feature_pair,numeric__trend_working_capital_to_assets_change_2y,numeric__trend_working_capital_to_assets_slope_3y,trend_ratios,trend_ratios,high_correlation,249,0.9242937447378987,0.7791344128039686,0.9277619559443564,0.804949383615604,235.0,False,False,False,False,False,3.2872154241842733,,Retain for Elastic Net consideration; do not remove automatically,,
feature_pair,numeric__trend_working_capital_to_assets_change_3y,numeric__trend_working_capital_to_assets_slope_3y,trend_ratios,trend_ratios,high_correlation,249,0.4286477818324473,0.9207773949673044,0.9906080760083635,0.9815671294542857,223.0,False,False,False,False,False,14.218481691297068,,Retain for Elastic Net consideration; do not remove automatically,,
feature_pair,numeric__derived_debt_to_equity,numeric__derived_liabilities_to_equity,derived_ratios,derived_ratios,near_affine_duplicate,249,0.9999999999513586,0.855192412398748,0.9999999999512093,0.941963577860987,71.0,False,False,True,False,False,0.00010776379363335031,,Retain for Elastic Net consideration; do not remove automatically,,
feature_pair,numeric__derived_debt_to_equity,numeric__trend_debt_to_equity_change_1y,derived_ratios,trend_ratios,near_affine_duplicate,249,0.9999999989371793,0.4185710834408818,0.9999999989595851,0.5524175590604156,48.0,False,False,True,False,False,0.0006572635213924205,,Retain for Elastic Net consideration; do not remove automatically,,
feature_pair,numeric__derived_debt_to_equity,numeric__trend_debt_to_equity_growth_1y,derived_ratios,trend_ratios,near_affine_duplicate,249,-0.9999999987592634,0.3601628563911724,-0.9999999987507158,0.6647483180676015,42.0,False,False,True,False,False,0.0003606051136887528,,Retain for Elastic Net consideration; do not remove automatically,,
feature_pair,numeric__derived_debt_to_equity,numeric__trend_debt_to_equity_slope_3y,derived_ratios,trend_ratios,near_affine_duplicate,249,0.9999999985135063,0.4555181666492363,0.9999999985812525,0.6880141874252604,60.0,False,False,True,False,False,0.0006547140228124471,,Retain for Elastic Net consideration; do not remove automatically,,
feature_pair,numeric__derived_debt_to_equity,numeric__trend_liabilities_to_equity_change_1y,derived_ratios,trend_ratios,near_affine_duplicate,249,0.9999999988679079,0.3197106447741685,0.9999999989042284,0.513383997012294,48.0,False,False,True,False,False,0.0006594278663324543,,Retain for Elastic Net consideration; do not remove automatically,,
feature_pair,numeric__derived_debt_to_equity,numeric__trend_liabilities_to_equity_growth_1y,derived_ratios,trend_ratios,near_affine_duplicate,249,-0.9999999988382563,0.33168101236811415,-0.9999999988344248,0.5822558991228761,48.0,False,False,True,False,False,0.00033534624300612936,,Retain for Elastic Net consideration; do not remove automatically,,
feature_pair,numeric__derived_debt_to_equity,numeric__trend_liabilities_to_equity_slope_3y,derived_ratios,trend_ratios,near_affine_duplicate,249,0.999999998190726,0.31007657668596544,0.9999999982720394,0.5831923195060269,60.0,False,False,True,False,False,0.0006570457223478293,,Retain for Elastic Net consideration; do not remove automatically,,
feature_pair,numeric__derived_debt_to_equity,numeric__trend_market_to_book_change_1y,derived_ratios,trend_ratios,near_affine_duplicate,249,0.9999679662830654,0.09820472483720695,0.9999675850329641,0.22114082312758027,48.0,False,False,True,False,False,0.07780799985535514,,Retain for Elastic Net consideration; do not remove automatically,,
feature_pair,numeric__derived_debt_to_equity,numeric__trend_market_to_book_growth_1y,derived_ratios,trend_ratios,near_affine_duplicate,249,-0.999999386327097,0.09458513063851418,-0.9999993941240066,0.1783270893510967,48.0,False,False,True,False,False,0.014465917583543986,,Retain for Elastic Net consideration; do not remove automatically,,
feature_pair,numeric__derived_liabilities_to_equity,numeric__trend_debt_to_equity_change_1y,derived_ratios,trend_ratios,near_affine_duplicate,249,0.9999999988172775,0.47401927904607144,0.9999999988548081,0.5254698287618998,48.0,False,False,True,False,False,0.0006550600387660727,,Retain for Elastic Net consideration; do not remove automatically,,
feature_pair,numeric__derived_liabilities_to_equity,numeric__trend_debt_to_equity_growth_1y,derived_ratios,trend_ratios,near_affine_duplicate,249,-0.9999999983643578,0.4239476374509993,-0.9999999983678602,0.6296296379005765,42.0,False,False,True,False,False,0.0004436395262021192,,Retain for Elastic Net consideration; do not remove automatically,,
feature_pair,numeric__derived_liabilities_to_equity,numeric__trend_debt_to_equity_slope_3y,derived_ratios,trend_ratios,near_affine_duplicate,249,0.9999999984246289,0.5425786679684582,0.9999999984974887,0.7034458667127655,60.0,False,False,True,False,False,0.0006525105401860992,,Retain for Elastic Net consideration; do not remove automatically,,
feature_pair,numeric__derived_liabilities_to_equity,numeric__trend_liabilities_to_equity_change_1y,derived_ratios,trend_ratios,near_affine_duplicate,249,0.999999998817716,0.35679075341160055,0.9999999988697691,0.49587494572297003,48.0,False,False,True,False,False,0.0006572243837061065,,Retain for Elastic Net consideration; do not remove automatically,,
feature_pair,numeric__derived_liabilities_to_equity,numeric__trend_liabilities_to_equity_growth_1y,derived_ratios,trend_ratios,near_affine_duplicate,249,-0.9999999984509651,0.37236692301139546,-0.999999998460125,0.5981328701693444,48.0,False,False,True,False,False,0.0004431100366394797,,Retain for Elastic Net consideration; do not remove automatically,,
feature_pair,numeric__derived_liabilities_to_equity,numeric__trend_liabilities_to_equity_slope_3y,derived_ratios,trend_ratios,near_affine_duplicate,249,0.9999999981566825,0.3756392508290091,0.9999999982430284,0.6170496540609631,60.0,False,False,True,False,False,0.0006548422397214815,,Retain for Elastic Net consideration; do not remove automatically,,
feature_pair,numeric__derived_liabilities_to_equity,numeric__trend_market_to_book_change_1y,derived_ratios,trend_ratios,near_affine_duplicate,249,0.999967969535102,0.03418041201113994,0.9999675881763954,0.23860182370820668,48.0,False,False,True,False,False,0.07784401944008038,,Retain for Elastic Net consideration; do not remove automatically,,
feature_pair,numeric__derived_liabilities_to_equity,numeric__trend_market_to_book_growth_1y,derived_ratios,trend_ratios,near_affine_duplicate,249,-0.9999993820875814,0.03155711651533964,-0.9999993898908737,0.20809813287016934,48.0,False,False,True,False,False,0.01450468931776823,,Retain for Elastic Net consideration; do not remove automatically,,
feature_pair,numeric__original_adjusted_price,numeric__original_market_monthly_price_01,original_market,original_market_history,near_affine_duplicate,249,0.9999999999038104,0.9720512084581183,0.9999999999038107,0.9720407201956656,249.0,False,False,True,False,False,0.00017419473024662957,,Retain for Elastic Net consideration; do not remove automatically,affine_group_021,
feature_pair,numeric__original_adjusted_price,numeric__original_market_monthly_price_02,original_market,original_market_history,near_affine_duplicate,249,0.9999999992388002,0.9483993669608488,0.999999999238799,0.9483993669608488,249.0,False,False,True,False,False,0.0006013388494087168,,Retain for Elastic Net consideration; do not remove automatically,affine_group_021,
feature_pair,numeric__original_adjusted_price,numeric__original_market_monthly_price_03,original_market,original_market_history,near_affine_duplicate,249,0.9999999992633304,0.9166853383131498,0.9999999992633314,0.9167069248643497,249.0,False,False,True,False,False,0.0006044297099623008,,Retain for Elastic Net consideration; do not remove automatically,affine_group_021,
feature_pair,numeric__original_adjusted_price,numeric__original_market_monthly_price_04,original_market,original_market_history,near_affine_duplicate,249,0.999999998605134,0.892891337497657,0.9999999986051334,0.892891337497657,249.0,False,False,True,False,False,0.0008252017524335992,,Retain for Elastic Net consideration; do not remove automatically,affine_group_021,
feature_pair,numeric__original_adjusted_price,numeric__original_market_monthly_price_05,original_market,original_market_history,near_affine_duplicate,249,0.9999999985073359,0.8682754759608625,0.9999999985073352,0.8683398750323749,249.0,False,False,True,False,False,0.0008526451491442932,,Retain for Elastic Net consideration; do not remove automatically,affine_group_021,
feature_pair,numeric__original_adjusted_price,numeric__original_market_monthly_price_06,original_market,original_market_history,near_affine_duplicate,249,0.9999999978905068,0.8325622113644309,0.9999999978905072,0.8325622113644309,249.0,False,False,True,False,False,0.000973514157871308,,Retain for Elastic Net consideration; do not remove automatically,affine_group_021,
feature_pair,numeric__original_adjusted_price,numeric__original_market_monthly_price_07,original_market,original_market_history,near_affine_duplicate,249,0.9999999979579107,0.8167214963155699,0.9999999979579112,0.8166431303296312,249.0,False,False,True,False,False,0.0009480108868591963,,Retain for Elastic Net consideration; do not remove automatically,affine_group_021,
feature_pair,numeric__original_adjusted_price,numeric__original_market_monthly_price_08,original_market,original_market_history,near_affine_duplicate,249,0.9999999979191468,0.774956407576557,0.9999999979191465,0.774956407576557,249.0,False,False,True,False,False,0.0009863194540233045,,Retain for Elastic Net consideration; do not remove automatically,affine_group_021,
feature_pair,numeric__original_adjusted_price,numeric__original_market_monthly_price_09,original_market,original_market_history,near_affine_duplicate,249,0.9999999979213082,0.7346058790219431,0.9999999979213079,0.7346058790219431,249.0,False,False,True,False,False,0.001001161309748283,,Retain for Elastic Net consideration; do not remove automatically,affine_group_021,
feature_pair,numeric__original_adjusted_price,numeric__original_market_monthly_price_10,original_market,original_market_history,near_affine_duplicate,249,0.9999999978159217,0.7023241117419678,0.999999997815922,0.7023241117419678,249.0,False,False,True,False,False,0.0010071970560231042,,Retain for Elastic Net consideration; do not remove automatically,affine_group_021,
feature_pair,numeric__original_adjusted_price,numeric__original_market_monthly_price_11,original_market,original_market_history,near_affine_duplicate,249,0.9999999975532262,0.6689930889421246,0.9999999975532256,0.668965753114545,249.0,False,False,True,False,False,0.0010536701390731068,,Retain for Elastic Net consideration; do not remove automatically,affine_group_021,
feature_pair,numeric__original_adjusted_price,numeric__original_market_monthly_price_12,original_market,original_market_history,near_affine_duplicate,249,0.9999999979227465,0.6302429266315402,0.9999999979227472,0.6302429266315402,249.0,False,False,True,False,False,0.0010138040806190046,,Retain for Elastic Net consideration; do not remove automatically,affine_group_021,
feature_pair,numeric__original_adjusted_price,numeric__trend_adjusted_price_change_1y,original_market,trend_market,near_affine_duplicate,249,-0.9999999964411843,0.007425613664462498,-0.9999999964411841,0.007426579525484338,249.0,False,False,True,False,False,0.0013269672765607171,,Retain for Elastic Net consideration; do not remove automatically,affine_group_021,
feature_pair,numeric__original_adjusted_price,numeric__trend_adjusted_price_change_2y,original_market,trend_market,near_affine_duplicate,249,-0.9999999968460268,0.08108388046848114,-0.999999996846264,0.08291580107697376,243.0,False,False,True,False,False,0.0011570472951052263,,Retain for Elastic Net consideration; do not remove automatically,affine_group_021,
feature_pair,numeric__original_adjusted_price,numeric__trend_adjusted_price_change_3y,original_market,trend_market,near_affine_duplicate,249,-0.9999999975334953,0.06137906820693051,-0.999999997533994,0.060795769607580985,233.0,False,False,True,False,False,0.0010344324479592132,,Retain for Elastic Net consideration; do not remove automatically,affine_group_021,
feature_pair,numeric__original_adjusted_price,numeric__trend_adjusted_price_slope_3y,original_market,trend_market,near_affine_duplicate,249,-0.9999999973647555,0.10050103216619997,-0.9999999973647546,0.10056084566305244,249.0,False,False,True,False,False,0.00104069390417319,,Retain for Elastic Net consideration; do not remove automatically,affine_group_021,
feature_pair,numeric__original_market_monthly_price_00,numeric__original_market_monthly_price_01,original_market_history,original_market_history,near_affine_duplicate,249,0.9999999999038104,0.9720512084581183,0.9999999999038107,0.9720407201956656,249.0,False,False,True,False,False,0.00017419473024662957,,Retain for Elastic Net consideration; do not remove automatically,affine_group_021,
feature_pair,numeric__original_market_monthly_price_00,numeric__original_market_monthly_price_02,original_market_history,original_market_history,near_affine_duplicate,249,0.9999999992388002,0.9483993669608488,0.999999999238799,0.9483993669608488,249.0,False,False,True,False,False,0.0006013388494087168,,Retain for Elastic Net consideration; do not remove automatically,affine_group_021,
feature_pair,numeric__original_market_monthly_price_00,numeric__original_market_monthly_price_03,original_market_history,original_market_history,near_affine_duplicate,249,0.9999999992633304,0.9166853383131498,0.9999999992633314,0.9167069248643497,249.0,False,False,True,False,False,0.0006044297099623008,,Retain for Elastic Net consideration; do not remove automatically,affine_group_021,
feature_pair,numeric__original_market_monthly_price_00,numeric__original_market_monthly_price_04,original_market_history,original_market_history,near_affine_duplicate,249,0.999999998605134,0.892891337497657,0.9999999986051334,0.892891337497657,249.0,False,False,True,False,False,0.0008252017524335992,,Retain for Elastic Net consideration; do not remove automatically,affine_group_021,
feature_pair,numeric__original_market_monthly_price_00,numeric__original_market_monthly_price_05,original_market_history,original_market_history,near_affine_duplicate,249,0.9999999985073359,0.8682754759608625,0.9999999985073352,0.8683398750323749,249.0,False,False,True,False,False,0.0008526451491442932,,Retain for Elastic Net consideration; do not remove automatically,affine_group_021,
feature_pair,numeric__original_market_monthly_price_00,numeric__original_market_monthly_price_06,original_market_history,original_market_history,near_affine_duplicate,249,0.9999999978905068,0.8325622113644309,0.9999999978905072,0.8325622113644309,249.0,False,False,True,False,False,0.000973514157871308,,Retain for Elastic Net consideration; do not remove automatically,affine_group_021,
feature_pair,numeric__original_market_monthly_price_00,numeric__original_market_monthly_price_07,original_market_history,original_market_history,near_affine_duplicate,249,0.9999999979579107,0.8167214963155699,0.9999999979579112,0.8166431303296312,249.0,False,False,True,False,False,0.0009480108868591963,,Retain for Elastic Net consideration; do not remove automatically,affine_group_021,
feature_pair,numeric__original_market_monthly_price_00,numeric__original_market_monthly_price_08,original_market_history,original_market_history,near_affine_duplicate,249,0.9999999979191468,0.774956407576557,0.9999999979191465,0.774956407576557,249.0,False,False,True,False,False,0.0009863194540233045,,Retain for Elastic Net consideration; do not remove automatically,affine_group_021,
feature_pair,numeric__original_market_monthly_price_00,numeric__original_market_monthly_price_09,original_market_history,original_market_history,near_affine_duplicate,249,0.9999999979213082,0.7346058790219431,0.9999999979213079,0.7346058790219431,249.0,False,False,True,False,False,0.001001161309748283,,Retain for Elastic Net consideration; do not remove automatically,affine_group_021,
feature_pair,numeric__original_market_monthly_price_00,numeric__original_market_monthly_price_10,original_market_history,original_market_history,near_affine_duplicate,249,0.9999999978159217,0.7023241117419678,0.999999997815922,0.7023241117419678,249.0,False,False,True,False,False,0.0010071970560231042,,Retain for Elastic Net consideration; do not remove automatically,affine_group_021,
feature_pair,numeric__original_market_monthly_price_00,numeric__original_market_monthly_price_11,original_market_history,original_market_history,near_affine_duplicate,249,0.9999999975532262,0.6689930889421246,0.9999999975532256,0.668965753114545,249.0,False,False,True,False,False,0.0010536701390731068,,Retain for Elastic Net consideration; do not remove automatically,affine_group_021,
feature_pair,numeric__original_market_monthly_price_00,numeric__original_market_monthly_price_12,original_market_history,original_market_history,near_affine_duplicate,249,0.9999999979227465,0.6302429266315402,0.9999999979227472,0.6302429266315402,249.0,False,False,True,False,False,0.0010138040806190046,,Retain for Elastic Net consideration; do not remove automatically,affine_group_021,
feature_pair,numeric__original_market_monthly_price_00,numeric__trend_adjusted_price_change_1y,original_market_history,trend_market,near_affine_duplicate,249,-0.9999999964411843,0.007425613664462498,-0.9999999964411841,0.007426579525484338,249.0,False,False,True,False,False,0.0013269672765607171,,Retain for Elastic Net consideration; do not remove automatically,affine_group_021,
feature_pair,numeric__original_market_monthly_price_00,numeric__trend_adjusted_price_change_2y,original_market_history,trend_market,near_affine_duplicate,249,-0.9999999968460268,0.08108388046848114,-0.999999996846264,0.08291580107697376,243.0,False,False,True,False,False,0.0011570472951052263,,Retain for Elastic Net consideration; do not remove automatically,affine_group_021,
feature_pair,numeric__original_market_monthly_price_00,numeric__trend_adjusted_price_change_3y,original_market_history,trend_market,near_affine_duplicate,249,-0.9999999975334953,0.06137906820693051,-0.999999997533994,0.060795769607580985,233.0,False,False,True,False,False,0.0010344324479592132,,Retain for Elastic Net consideration; do not remove automatically,affine_group_021,
feature_pair,numeric__original_market_monthly_price_00,numeric__trend_adjusted_price_slope_3y,original_market_history,trend_market,near_affine_duplicate,249,-0.9999999973647555,0.10050103216619997,-0.9999999973647546,0.10056084566305244,249.0,False,False,True,False,False,0.00104069390417319,,Retain for Elastic Net consideration; do not remove automatically,affine_group_021,
feature_pair,numeric__original_market_monthly_price_01,numeric__original_market_monthly_price_02,original_market_history,original_market_history,near_affine_duplicate,249,0.9999999989098118,0.9772811761062417,0.9999999989098102,0.9772860387061969,249.0,False,False,True,False,False,0.0007338046775903009,,Retain for Elastic Net consideration; do not remove automatically,,
feature_pair,numeric__original_market_monthly_price_01,numeric__original_market_monthly_price_03,original_market_history,original_market_history,near_affine_duplicate,249,0.999999998840139,0.9502572708805215,0.9999999988401377,0.950289548653962,249.0,False,False,True,False,False,0.0007368955381438849,,Retain for Elastic Net consideration; do not remove automatically,,
feature_pair,numeric__original_market_monthly_price_01,numeric__original_market_monthly_price_04,original_market_history,original_market_history,near_affine_duplicate,249,0.9999999981411679,0.9317799434541231,0.999999998141168,0.9318023043778111,249.0,False,False,True,False,False,0.0009576675806151833,,Retain for Elastic Net consideration; do not remove automatically,,
feature_pair,numeric__original_market_monthly_price_01,numeric__original_market_monthly_price_05,original_market_history,original_market_history,near_affine_duplicate,249,0.9999999980365264,0.9017145140239692,0.999999998036526,0.9018051470392988,249.0,False,False,True,False,False,0.0009851109773258773,,Retain for Elastic Net consideration; do not remove automatically,,
feature_pair,numeric__original_market_monthly_price_01,numeric__original_market_monthly_price_06,original_market_history,original_market_history,near_affine_duplicate,249,0.9999999974941228,0.8620625058108058,0.9999999974941215,0.862079439098128,249.0,False,False,True,False,False,0.001105979986052892,,Retain for Elastic Net consideration; do not remove automatically,,
feature_pair,numeric__original_market_monthly_price_01,numeric__original_market_monthly_price_07,original_market_history,original_market_history,near_affine_duplicate,249,0.999999997591899,0.845674288486986,0.9999999975918976,0.8456322692118328,249.0,False,False,True,False,False,0.0010804767150407804,,Retain for Elastic Net consideration; do not remove automatically,,
feature_pair,numeric__original_market_monthly_price_01,numeric__original_market_monthly_price_08,original_market_history,original_market_history,near_affine_duplicate,249,0.9999999974665211,0.8081596952361977,0.9999999974665202,0.8081820801740063,249.0,False,False,True,False,False,0.0011187852822048885,,Retain for Elastic Net consideration; do not remove automatically,,
feature_pair,numeric__original_market_monthly_price_01,numeric__original_market_monthly_price_09,original_market_history,original_market_history,near_affine_duplicate,249,0.9999999974088779,0.774702498880985,0.9999999974088778,0.7747091498024324,249.0,False,False,True,False,False,0.001133627137929867,,Retain for Elastic Net consideration; do not remove automatically,,
feature_pair,numeric__original_market_monthly_price_01,numeric__original_market_monthly_price_10,original_market_history,original_market_history,near_affine_duplicate,249,0.9999999973654566,0.7420795556949156,0.9999999973654562,0.7420813547615567,249.0,False,False,True,False,False,0.0011396628842046883,,Retain for Elastic Net consideration; do not remove automatically,,
feature_pair,numeric__original_market_monthly_price_01,numeric__original_market_monthly_price_11,original_market_history,original_market_history,near_affine_duplicate,249,0.9999999971193262,0.7097553510590545,0.9999999971193255,0.7097191245859287,249.0,False,False,True,False,False,0.001186135967254691,,Retain for Elastic Net consideration; do not remove automatically,,
feature_pair,numeric__original_market_monthly_price_01,numeric__original_market_monthly_price_12,original_market_history,original_market_history,near_affine_duplicate,249,0.9999999972504526,0.6725416473485215,0.9999999972504522,0.6725248044733638,249.0,False,False,True,False,False,0.0011462699088005887,,Retain for Elastic Net consideration; do not remove automatically,,
feature_pair,numeric__original_market_monthly_price_01,numeric__trend_adjusted_price_change_1y,original_market_history,trend_market,near_affine_duplicate,249,-0.9999999955908522,-0.05023551480531054,-0.9999999955908516,-0.0502241950304036,249.0,False,False,True,False,False,0.0014594331047423012,,Retain for Elastic Net consideration; do not remove automatically,,
feature_pair,numeric__original_market_monthly_price_01,numeric__trend_adjusted_price_change_2y,original_market_history,trend_market,near_affine_duplicate,249,-0.9999999964643761,0.025594904844197824,-0.9999999964645466,0.026038626293906384,243.0,False,False,True,False,False,0.0012895131232868104,,Retain for Elastic Net consideration; do not remove automatically,,
feature_pair,numeric__original_market_monthly_price_01,numeric__trend_adjusted_price_change_3y,original_market_history,trend_market,near_affine_duplicate,249,-0.9999999971588527,0.02281237083800634,-0.9999999971591771,0.020014956074662266,233.0,False,False,True,False,False,0.0011668982761407973,,Retain for Elastic Net consideration; do not remove automatically,,
feature_pair,numeric__original_market_monthly_price_01,numeric__trend_adjusted_price_slope_3y,original_market_history,trend_market,near_affine_duplicate,249,-0.9999999970440568,0.054202068184037715,-0.9999999970440565,0.05427626944605924,249.0,False,False,True,False,False,0.001173159732354774,,Retain for Elastic Net consideration; do not remove automatically,,
feature_pair,numeric__original_market_monthly_price_02,numeric__original_market_monthly_price_03,original_market_history,original_market_history,near_affine_duplicate,249,0.9999999999647413,0.980368852821572,0.9999999999647391,0.9803939248642372,249.0,False,False,True,False,False,0.0001321976982780193,,Retain for Elastic Net consideration; do not remove automatically,,
feature_pair,numeric__original_market_monthly_price_02,numeric__original_market_monthly_price_04,original_market_history,original_market_history,near_affine_duplicate,249,0.9999999998979553,0.9616363649438173,0.999999999897955,0.9616363649438173,249.0,False,False,True,False,False,0.00022386290302488232,,Retain for Elastic Net consideration; do not remove automatically,,
feature_pair,numeric__original_market_monthly_price_02,numeric__original_market_monthly_price_05,original_market_history,original_market_history,near_affine_duplicate,249,0.9999999998723518,0.935273170338755,0.9999999998723503,0.9353363643148117,249.0,False,False,True,False,False,0.0002513062997355764,,Retain for Elastic Net consideration; do not remove automatically,,
feature_pair,numeric__original_market_monthly_price_02,numeric__original_market_monthly_price_06,original_market_history,original_market_history,near_affine_duplicate,249,0.9999999996496012,0.9029191963965766,0.9999999996495996,0.9029191963965766,249.0,False,False,True,False,False,0.00037217530846259117,,Retain for Elastic Net consideration; do not remove automatically,,
feature_pair,numeric__original_market_monthly_price_02,numeric__original_market_monthly_price_07,original_market_history,original_market_history,near_affine_duplicate,249,0.999999999667355,0.8868202050456923,0.9999999996673545,0.8867553875947851,249.0,False,False,True,False,False,0.0003466720374504795,,Retain for Elastic Net consideration; do not remove automatically,,
feature_pair,numeric__original_market_monthly_price_02,numeric__original_market_monthly_price_08,original_market_history,original_market_history,near_affine_duplicate,249,0.9999999996733826,0.8466434601530017,0.9999999996733809,0.8466434601530017,249.0,False,False,True,False,False,0.0003849806046145876,,Retain for Elastic Net consideration; do not remove automatically,,
feature_pair,numeric__original_market_monthly_price_02,numeric__original_market_monthly_price_09,original_market_history,original_market_history,near_affine_duplicate,249,0.9999999996738315,0.8186262088119667,0.9999999996738312,0.8186262088119667,249.0,False,False,True,False,False,0.00039982246033956614,,Retain for Elastic Net consideration; do not remove automatically,,
feature_pair,numeric__original_market_monthly_price_02,numeric__original_market_monthly_price_10,original_market_history,original_market_history,near_affine_duplicate,249,0.9999999996304811,0.7850456628991189,0.9999999996304813,0.7850456628991189,249.0,False,False,True,False,False,0.0004058582066143873,,Retain for Elastic Net consideration; do not remove automatically,,
feature_pair,numeric__original_market_monthly_price_02,numeric__original_market_monthly_price_11,original_market_history,original_market_history,near_affine_duplicate,249,0.9999999995105325,0.7504530736924732,0.9999999995105311,0.750433495150193,249.0,False,False,True,False,False,0.00045233128966438996,,Retain for Elastic Net consideration; do not remove automatically,,
feature_pair,numeric__original_market_monthly_price_02,numeric__original_market_monthly_price_12,original_market_history,original_market_history,near_affine_duplicate,249,0.9999999995946145,0.716211134826156,0.9999999995946139,0.716211134826156,249.0,False,False,True,False,False,0.0004124652312102878,,Retain for Elastic Net consideration; do not remove automatically,,
feature_pair,numeric__original_market_monthly_price_02,numeric__trend_adjusted_price_change_1y,original_market_history,trend_market,near_affine_duplicate,249,-0.9999999988645666,-0.10929215010260045,-0.9999999988645657,-0.10929031621205226,249.0,False,False,True,False,False,0.0007256284271520003,,Retain for Elastic Net consideration; do not remove automatically,,
feature_pair,numeric__original_market_monthly_price_02,numeric__trend_adjusted_price_change_2y,original_market_history,trend_market,near_affine_duplicate,249,-0.999999999132093,-0.019658277114866396,-0.9999999991321784,-0.019159211761861417,243.0,False,False,True,False,False,0.0005557084456965095,,Retain for Elastic Net consideration; do not remove automatically,,
feature_pair,numeric__original_market_monthly_price_02,numeric__trend_adjusted_price_change_3y,original_market_history,trend_market,near_affine_duplicate,249,-0.9999999994797064,-0.01627683802257203,-0.9999999994798549,-0.01947204597724073,233.0,False,False,True,False,False,0.00043309359855049634,,Retain for Elastic Net consideration; do not remove automatically,,
feature_pair,numeric__original_market_monthly_price_02,numeric__trend_adjusted_price_slope_3y,original_market_history,trend_market,near_affine_duplicate,249,-0.9999999993677962,0.011735950157665253,-0.9999999993677962,0.011779669004137697,249.0,False,False,True,False,False,0.0004393550547644731,,Retain for Elastic Net consideration; do not remove automatically,,
feature_pair,numeric__original_market_monthly_price_03,numeric__original_market_monthly_price_04,original_market_history,original_market_history,near_affine_duplicate,249,0.9999999998772594,0.980050338598905,0.9999999998772577,0.9800536460421466,249.0,False,False,True,False,False,0.00022077204247129834,,Retain for Elastic Net consideration; do not remove automatically,,
feature_pair,numeric__original_market_monthly_price_03,numeric__original_market_monthly_price_05,original_market_history,original_market_history,near_affine_duplicate,249,0.9999999998460845,0.956616562541279,0.9999999998460825,0.9566041593091162,249.0,False,False,True,False,False,0.0002482154391819924,,Retain for Elastic Net consideration; do not remove automatically,,
feature_pair,numeric__original_market_monthly_price_03,numeric__original_market_monthly_price_06,original_market_history,original_market_history,near_affine_duplicate,249,0.9999999995190935,0.9297360879150786,0.9999999995190932,0.9297324093497722,249.0,False,False,True,False,False,0.0003690844479090072,,Retain for Elastic Net consideration; do not remove automatically,,
feature_pair,numeric__original_market_monthly_price_03,numeric__original_market_monthly_price_07,original_market_history,original_market_history,near_affine_duplicate,249,0.9999999995237722,0.9120563241258357,0.9999999995237706,0.9120295922906804,249.0,False,False,True,False,False,0.0003435811768968955,,Retain for Elastic Net consideration; do not remove automatically,,
feature_pair,numeric__original_market_monthly_price_03,numeric__original_market_monthly_price_08,original_market_history,original_market_history,near_affine_duplicate,249,0.9999999995806345,0.8753134987247592,0.9999999995806329,0.8753183811390449,249.0,False,False,True,False,False,0.0003818897440610036,,Retain for Elastic Net consideration; do not remove automatically,,
feature_pair,numeric__original_market_monthly_price_03,numeric__original_market_monthly_price_09,original_market_history,original_market_history,near_affine_duplicate,249,0.9999999996207388,0.8494825735751921,0.9999999996207379,0.8495026185651401,249.0,False,False,True,False,False,0.00039673159978598216,,Retain for Elastic Net consideration; do not remove automatically,,
feature_pair,numeric__original_market_monthly_price_03,numeric__original_market_monthly_price_10,original_market_history,original_market_history,near_affine_duplicate,249,0.9999999995278253,0.8171055451926521,0.9999999995278253,0.8171310376066663,249.0,False,False,True,False,False,0.00040276734606080333,,Retain for Elastic Net consideration; do not remove automatically,,
feature_pair,numeric__original_market_monthly_price_03,numeric__original_market_monthly_price_11,original_market_history,original_market_history,near_affine_duplicate,249,0.9999999993769757,0.7834091567604038,0.9999999993769746,0.7833940833855387,249.0,False,False,True,False,False,0.00044924042911080597,,Retain for Elastic Net consideration; do not remove automatically,,
feature_pair,numeric__original_market_monthly_price_03,numeric__original_market_monthly_price_12,original_market_history,original_market_history,near_affine_duplicate,249,0.9999999996582016,0.7546992313184457,0.999999999658201,0.7546862590366894,249.0,False,False,True,False,False,0.0004093743706567038,,Retain for Elastic Net consideration; do not remove automatically,,
feature_pair,numeric__original_market_monthly_price_03,numeric__trend_adjusted_price_change_1y,original_market_history,trend_market,near_affine_duplicate,249,-0.9999999989402779,-0.17634405844135764,-0.9999999989402774,-0.17628073085794133,249.0,False,False,True,False,False,0.0007225375665984163,,Retain for Elastic Net consideration; do not remove automatically,,
feature_pair,numeric__original_market_monthly_price_03,numeric__trend_adjusted_price_change_2y,original_market_history,trend_market,near_affine_duplicate,249,-0.999999998918052,-0.08069244909063387,-0.9999999989181649,-0.08159256947048935,243.0,False,False,True,False,False,0.0005526175851429255,,Retain for Elastic Net consideration; do not remove automatically,,
feature_pair,numeric__original_market_monthly_price_03,numeric__trend_adjusted_price_change_3y,original_market_history,trend_market,near_affine_duplicate,249,-0.999999999308689,-0.06518392450119098,-0.9999999993089025,-0.07015768396618503,233.0,False,False,True,False,False,0.00043000273799691235,,Retain for Elastic Net consideration; do not remove automatically,,
feature_pair,numeric__original_market_monthly_price_03,numeric__trend_adjusted_price_slope_3y,original_market_history,trend_market,near_affine_duplicate,249,-0.9999999991532473,-0.043125025263135164,-0.9999999991532466,-0.0431483193363363,249.0,False,False,True,False,False,0.00047720204318799087,,Retain for Elastic Net consideration; do not remove automatically,,
feature_pair,numeric__original_market_monthly_price_04,numeric__original_market_monthly_price_05,original_market_history,original_market_history,near_affine_duplicate,249,0.9999999999982047,0.9789786632704206,0.9999999999982039,0.9790080189041501,249.0,False,False,True,False,False,2.7443396710694068e-05,,Retain for Elastic Net consideration; do not remove automatically,,
feature_pair,numeric__original_market_monthly_price_04,numeric__original_market_monthly_price_06,original_market_history,original_market_history,near_affine_duplicate,249,0.9999999998669707,0.9525535331742212,0.9999999998669706,0.9525535331742212,249.0,False,False,True,False,False,0.00020894071387221602,,Retain for Elastic Net consideration; do not remove automatically,,
feature_pair,numeric__original_market_monthly_price_04,numeric__original_market_monthly_price_07,original_market_history,original_market_history,near_affine_duplicate,249,0.9999999998595756,0.934800275643208,0.9999999998595759,0.9347418336743967,249.0,False,False,True,False,False,0.00023297809969699546,,Retain for Elastic Net consideration; do not remove automatically,,
feature_pair,numeric__original_market_monthly_price_04,numeric__original_market_monthly_price_08,original_market_history,original_market_history,near_affine_duplicate,249,0.9999999999085732,0.9048050453501542,0.9999999999085737,0.9048050453501542,249.0,False,False,True,False,False,0.0001611177015897053,,Retain for Elastic Net consideration; do not remove automatically,,
feature_pair,numeric__original_market_monthly_price_04,numeric__original_market_monthly_price_09,original_market_history,original_market_history,near_affine_duplicate,249,0.9999999999289856,0.881841895032001,0.9999999999289856,0.881841895032001,249.0,False,False,True,False,False,0.00017595955731468382,,Retain for Elastic Net consideration; do not remove automatically,,
feature_pair,numeric__original_market_monthly_price_04,numeric__original_market_monthly_price_10,original_market_history,original_market_history,near_affine_duplicate,249,0.9999999998828005,0.8456795989253052,0.9999999998828012,0.8456795989253052,249.0,False,False,True,False,False,0.000181995303589505,,Retain for Elastic Net consideration; do not remove automatically,,
feature_pair,numeric__original_market_monthly_price_04,numeric__original_market_monthly_price_11,original_market_history,original_market_history,near_affine_duplicate,249,0.9999999997995682,0.810574860779491,0.9999999997995681,0.8105667358473948,249.0,False,False,True,False,False,0.00022846838663950764,,Retain for Elastic Net consideration; do not remove automatically,,
feature_pair,numeric__original_market_monthly_price_04,numeric__original_market_monthly_price_12,original_market_history,original_market_history,near_affine_duplicate,249,0.9999999998805666,0.7849411965894061,0.9999999998805674,0.7849411965894061,249.0,False,False,True,False,False,0.00018860232818540545,,Retain for Elastic Net consideration; do not remove automatically,,
feature_pair,numeric__original_market_monthly_price_04,numeric__trend_adjusted_price_change_1y,original_market_history,trend_market,near_affine_duplicate,249,-0.9999999994345983,-0.22204460767932424,-0.9999999994345982,-0.22204152018592657,249.0,False,False,True,False,False,0.0005017655241271179,,Retain for Elastic Net consideration; do not remove automatically,,
feature_pair,numeric__original_market_monthly_price_04,numeric__trend_adjusted_price_change_2y,original_market_history,trend_market,near_affine_duplicate,249,-0.9999999995008358,-0.11511253282370265,-0.9999999995008884,-0.11696893997529534,243.0,False,False,True,False,False,0.00036920146110143437,,Retain for Elastic Net consideration; do not remove automatically,,
feature_pair,numeric__original_market_monthly_price_04,numeric__trend_adjusted_price_change_3y,original_market_history,trend_market,near_affine_duplicate,249,-0.9999999997452125,-0.08925590580993019,-0.9999999997452899,-0.0959092580079068,233.0,False,False,True,False,False,0.0002861444165921101,,Retain for Elastic Net consideration; do not remove automatically,,
feature_pair,numeric__original_market_monthly_price_04,numeric__trend_adjusted_price_slope_3y,original_market_history,trend_market,near_affine_duplicate,249,-0.9999999996316853,-0.05498835984620379,-0.9999999996316855,-0.054949667527350435,249.0,False,False,True,False,False,0.00036793097008089304,,Retain for Elastic Net consideration; do not remove automatically,,
feature_pair,numeric__original_market_monthly_price_05,numeric__original_market_monthly_price_06,original_market_history,original_market_history,near_affine_duplicate,249,0.999999999891115,0.9729018808137099,0.9999999998911138,0.9729226895849646,249.0,False,False,True,False,False,0.00019793243772771307,,Retain for Elastic Net consideration; do not remove automatically,,
feature_pair,numeric__original_market_monthly_price_05,numeric__original_market_monthly_price_07,original_market_history,original_market_history,near_affine_duplicate,249,0.9999999998819505,0.9576800351417275,0.9999999998819513,0.9576820359855226,249.0,False,False,True,False,False,0.0002219698235524925,,Retain for Elastic Net consideration; do not remove automatically,,
feature_pair,numeric__original_market_monthly_price_05,numeric__original_market_monthly_price_08,original_market_history,original_market_history,near_affine_duplicate,249,0.9999999999309631,0.9391661115393461,0.9999999999309626,0.9392234734501972,249.0,False,False,True,False,False,0.00013367430487901122,,Retain for Elastic Net consideration; do not remove automatically,,
feature_pair,numeric__original_market_monthly_price_05,numeric__original_market_monthly_price_09,original_market_history,original_market_history,near_affine_duplicate,249,0.9999999999496731,0.9124717083832359,0.9999999999496729,0.9125685343190288,249.0,False,False,True,False,False,0.00014851616060398976,,Retain for Elastic Net consideration; do not remove automatically,,
feature_pair,numeric__original_market_monthly_price_05,numeric__original_market_monthly_price_10,original_market_history,original_market_history,near_affine_duplicate,249,0.9999999999083116,0.8809728084156377,0.9999999999083117,0.8810737334266172,249.0,False,False,True,False,False,0.00015455190687881093,,Retain for Elastic Net consideration; do not remove automatically,,
feature_pair,numeric__original_market_monthly_price_05,numeric__original_market_monthly_price_11,original_market_history,original_market_history,near_affine_duplicate,249,0.9999999998329184,0.8546402544756491,0.9999999998329178,0.8547118798611331,249.0,False,False,True,False,False,0.0002051823767100086,,Retain for Elastic Net consideration; do not remove automatically,,
feature_pair,numeric__original_market_monthly_price_05,numeric__original_market_monthly_price_12,original_market_history,original_market_history,near_affine_duplicate,249,0.9999999998928429,0.8328371510222826,0.9999999998928426,0.8328811664142077,249.0,False,False,True,False,False,0.00016547474377290317,,Retain for Elastic Net consideration; do not remove automatically,,
feature_pair,numeric__original_market_monthly_price_05,numeric__trend_adjusted_price_change_1y,original_market_history,trend_market,near_affine_duplicate,249,-0.9999999994808706,-0.2871530806719575,-0.9999999994808713,-0.2871221808101601,249.0,False,False,True,False,False,0.0004743221274164239,,Retain for Elastic Net consideration; do not remove automatically,,
feature_pair,numeric__original_market_monthly_price_05,numeric__trend_adjusted_price_change_2y,original_market_history,trend_market,near_affine_duplicate,249,-0.9999999995525605,-0.15928758303930105,-0.9999999995526068,-0.16002723889307965,243.0,False,False,True,False,False,0.0003581931849569314,,Retain for Elastic Net consideration; do not remove automatically,,
feature_pair,numeric__original_market_monthly_price_05,numeric__trend_adjusted_price_change_3y,original_market_history,trend_market,near_affine_duplicate,249,-0.9999999997796649,-0.12823666051827587,-0.999999999779728,-0.13437092879647072,233.0,False,False,True,False,False,0.00027513614044760715,,Retain for Elastic Net consideration; do not remove automatically,,
feature_pair,numeric__original_market_monthly_price_05,numeric__trend_adjusted_price_slope_3y,original_market_history,trend_market,near_affine_duplicate,249,-0.9999999996704974,-0.09835525919525817,-0.9999999996704975,-0.09839014236983737,249.0,False,False,True,False,False,0.0003569226939363901,,Retain for Elastic Net consideration; do not remove automatically,,
feature_pair,numeric__original_market_monthly_price_06,numeric__original_market_monthly_price_07,original_market_history,original_market_history,near_affine_duplicate,249,0.9999999999975295,0.9828249266635434,0.9999999999975293,0.982816195269332,249.0,False,False,True,False,False,2.5503271012111695e-05,,Retain for Elastic Net consideration; do not remove automatically,,
feature_pair,numeric__original_market_monthly_price_06,numeric__original_market_monthly_price_08,original_market_history,original_market_history,near_affine_duplicate,249,0.9999999999896364,0.9607290753736173,0.9999999999896367,0.9607290753736173,249.0,False,False,True,False,False,7.059282548740886e-05,,Retain for Elastic Net consideration; do not remove automatically,,
feature_pair,numeric__original_market_monthly_price_06,numeric__original_market_monthly_price_09,original_market_history,original_market_history,near_affine_duplicate,249,0.9999999999562902,0.9364548728964263,0.9999999999562899,0.9364548728964263,249.0,False,False,True,False,False,0.00014471624277782869,,Retain for Elastic Net consideration; do not remove automatically,,
feature_pair,numeric__original_market_monthly_price_06,numeric__original_market_monthly_price_10,original_market_history,original_market_history,near_affine_duplicate,249,0.999999999992341,0.9090484928700729,0.9999999999923417,0.9090484928700729,249.0,False,False,True,False,False,5.163225041832087e-05,,Retain for Elastic Net consideration; do not remove automatically,,
feature_pair,numeric__original_market_monthly_price_06,numeric__original_market_monthly_price_11,original_market_history,original_market_history,near_affine_duplicate,249,0.9999999999869278,0.8826711346364028,0.9999999999869287,0.8826703801280943,249.0,False,False,True,False,False,8.015598120179879e-05,,Retain for Elastic Net consideration; do not remove automatically,,
feature_pair,numeric__original_market_monthly_price_06,numeric__original_market_monthly_price_12,original_market_history,original_market_history,near_affine_duplicate,249,0.9999999997306782,0.858363758472725,0.9999999997306767,0.858363758472725,249.0,False,False,True,False,False,0.00036340718150061624,,Retain for Elastic Net consideration; do not remove automatically,,
feature_pair,numeric__original_market_monthly_price_06,numeric__trend_adjusted_price_change_1y,original_market_history,trend_market,near_affine_duplicate,249,-0.999999999459059,-0.3372876181581009,-0.9999999994590593,-0.33728599569877427,249.0,False,False,True,False,False,0.00038007219003860504,,Retain for Elastic Net consideration; do not remove automatically,,
feature_pair,numeric__original_market_monthly_price_06,numeric__trend_adjusted_price_change_2y,original_market_history,trend_market,near_affine_duplicate,249,-0.9999999998797909,-0.20538095678504487,-0.9999999998798026,-0.20671956237200426,243.0,False,False,True,False,False,0.0001835331372339183,,Retain for Elastic Net consideration; do not remove automatically,,
feature_pair,numeric__original_market_monthly_price_06,numeric__trend_adjusted_price_change_3y,original_market_history,trend_market,near_affine_duplicate,249,-0.9999999999803401,-0.17184327633332014,-0.9999999999803476,-0.1773793607892185,233.0,False,False,True,False,False,7.720370271989407e-05,,Retain for Elastic Net consideration; do not remove automatically,,
feature_pair,numeric__original_market_monthly_price_06,numeric__trend_adjusted_price_slope_3y,original_market_history,trend_market,near_affine_duplicate,249,-0.9999999999396795,-0.13893202932654744,-0.99999999993968,-0.13887834129409696,249.0,False,False,True,False,False,0.00015899025620867702,,Retain for Elastic Net consideration; do not remove automatically,,
feature_pair,numeric__original_market_monthly_price_07,numeric__original_market_monthly_price_08,original_market_history,original_market_history,near_affine_duplicate,249,0.9999999999790439,0.9780471765830987,0.9999999999790445,0.9780330077253039,249.0,False,False,True,False,False,9.46302113121883e-05,,Retain for Elastic Net consideration; do not remove automatically,,
feature_pair,numeric__original_market_monthly_price_07,numeric__original_market_monthly_price_09,original_market_history,original_market_history,near_affine_duplicate,249,0.9999999999370325,0.950890401155815,0.9999999999370321,0.9508453552673994,249.0,False,False,True,False,False,0.00016875362860260812,,Retain for Elastic Net consideration; do not remove automatically,,
feature_pair,numeric__original_market_monthly_price_07,numeric__original_market_monthly_price_10,original_market_history,original_market_history,near_affine_duplicate,249,0.9999999999814547,0.9209319489814474,0.9999999999814544,0.9208779873821832,249.0,False,False,True,False,False,7.56696362431003e-05,,Retain for Elastic Net consideration; do not remove automatically,,
feature_pair,numeric__original_market_monthly_price_07,numeric__original_market_monthly_price_11,original_market_history,original_market_history,near_affine_duplicate,249,0.999999999976944,0.8914533932352907,0.9999999999769443,0.8914099692567417,249.0,False,False,True,False,False,0.00010565925221391048,,Retain for Elastic Net consideration; do not remove automatically,,
feature_pair,numeric__original_market_monthly_price_07,numeric__original_market_monthly_price_12,original_market_history,original_market_history,near_affine_duplicate,249,0.9999999996890169,0.8714813509271654,0.9999999996890178,0.8714161566563702,249.0,False,False,True,False,False,0.00038744456732539567,,Retain for Elastic Net consideration; do not remove automatically,,
feature_pair,numeric__original_market_monthly_price_07,numeric__trend_adjusted_price_change_1y,original_market_history,trend_market,near_affine_duplicate,249,-0.9999999993836982,-0.3586952698631243,-0.9999999993836991,-0.35864127225953485,249.0,False,False,True,False,False,0.0004041095758633845,,Retain for Elastic Net consideration; do not remove automatically,,
feature_pair,numeric__original_market_monthly_price_07,numeric__trend_adjusted_price_change_2y,original_market_history,trend_market,near_affine_duplicate,249,-0.999999999873963,-0.22106341379989627,-0.9999999998739748,-0.2224757205475672,243.0,False,False,True,False,False,0.00020903640824602998,,Retain for Elastic Net consideration; do not remove automatically,,
feature_pair,numeric__original_market_monthly_price_07,numeric__trend_adjusted_price_change_3y,original_market_history,trend_market,near_affine_duplicate,249,-0.9999999999790438,-0.19361595701820217,-0.999999999979052,-0.2000921653119355,233.0,False,False,True,False,False,8.642156110001686e-05,,Retain for Elastic Net consideration; do not remove automatically,,
feature_pair,numeric__original_market_monthly_price_07,numeric__trend_adjusted_price_slope_3y,original_market_history,trend_market,near_affine_duplicate,249,-0.9999999999456362,-0.15818667778131776,-0.999999999945637,-0.15811070579193906,249.0,False,False,True,False,False,0.00013495287038389758,,Retain for Elastic Net consideration; do not remove automatically,,
feature_pair,numeric__original_market_monthly_price_08,numeric__original_market_monthly_price_09,original_market_history,original_market_history,near_affine_duplicate,249,0.9999999999884929,0.9789293082757061,0.9999999999884919,0.9789293082757061,249.0,False,False,True,False,False,7.412341729041982e-05,,Retain for Elastic Net consideration; do not remove automatically,,
feature_pair,numeric__original_market_monthly_price_08,numeric__original_market_monthly_price_10,original_market_history,original_market_history,near_affine_duplicate,249,0.9999999999983727,0.9493343433145718,0.9999999999983725,0.9493343433145718,249.0,False,False,True,False,False,2.087760199979971e-05,,Retain for Elastic Net consideration; do not remove automatically,,
feature_pair,numeric__original_market_monthly_price_08,numeric__original_market_monthly_price_11,original_market_history,original_market_history,near_affine_duplicate,249,0.9999999999785483,0.9262217494466845,0.999999999978548,0.926223512727696,249.0,False,False,True,False,False,7.78427644697044e-05,,Retain for Elastic Net consideration; do not remove automatically,,
feature_pair,numeric__original_market_monthly_price_08,numeric__original_market_monthly_price_12,original_market_history,original_market_history,near_affine_duplicate,249,0.9999999998257236,0.9113833331849688,0.9999999998257235,0.9113833331849688,249.0,False,False,True,False,False,0.0002928143560132074,,Retain for Elastic Net consideration; do not remove automatically,,
feature_pair,numeric__original_market_monthly_price_08,numeric__trend_adjusted_price_change_1y,original_market_history,trend_market,near_affine_duplicate,249,-0.9999999995746524,-0.43073628195450353,-0.9999999995746502,-0.4307246762098563,249.0,False,False,True,False,False,0.00034064782253741266,,Retain for Elastic Net consideration; do not remove automatically,,
feature_pair,numeric__original_market_monthly_price_08,numeric__trend_adjusted_price_change_2y,original_market_history,trend_market,near_affine_duplicate,249,-0.999999999833097,-0.2850839392769951,-0.9999999998331126,-0.28545711789380196,243.0,False,False,True,False,False,0.0002308535727166272,,Retain for Elastic Net consideration; do not remove automatically,,
feature_pair,numeric__original_market_monthly_price_08,numeric__trend_adjusted_price_change_3y,original_market_history,trend_market,near_affine_duplicate,249,-0.9999999999510755,-0.23604131003517512,-0.9999999999510856,-0.24202326417045203,233.0,False,False,True,False,False,0.00014779652820730294,,Retain for Elastic Net consideration; do not remove automatically,,
feature_pair,numeric__original_market_monthly_price_08,numeric__trend_adjusted_price_slope_3y,original_market_history,trend_market,near_affine_duplicate,249,-0.9999999998874668,-0.21306875927744356,-0.9999999998874672,-0.21300532609609713,249.0,False,False,True,False,False,0.00022958308169608588,,Retain for Elastic Net consideration; do not remove automatically,,
feature_pair,numeric__original_market_monthly_price_09,numeric__original_market_monthly_price_10,original_market_history,original_market_history,near_affine_duplicate,249,0.9999999999824437,0.9772553880080197,0.9999999999824433,0.9772553880080197,249.0,False,False,True,False,False,9.308399235950782e-05,,Retain for Elastic Net consideration; do not remove automatically,,
feature_pair,numeric__original_market_monthly_price_09,numeric__original_market_monthly_price_11,original_market_history,original_market_history,near_affine_duplicate,249,0.9999999999477396,0.9544212970340925,0.9999999999477404,0.9544246094555575,249.0,False,False,True,False,False,0.00015196618176012422,,Retain for Elastic Net consideration; do not remove automatically,,
feature_pair,numeric__original_market_monthly_price_09,numeric__original_market_monthly_price_12,original_market_history,original_market_history,near_affine_duplicate,249,0.9999999999032895,0.9358850064235069,0.9999999999032906,0.9358850064235069,249.0,False,False,True,False,False,0.00021869093872278755,,Retain for Elastic Net consideration; do not remove automatically,,
feature_pair,numeric__original_market_monthly_price_09,numeric__trend_adjusted_price_change_1y,original_market_history,trend_market,near_affine_duplicate,249,-0.9999999996755443,-0.48896845921612314,-0.9999999996755432,-0.48895486493046075,249.0,False,False,True,False,False,0.0003258059668124341,,Retain for Elastic Net consideration; do not remove automatically,,
feature_pair,numeric__original_market_monthly_price_09,numeric__trend_adjusted_price_change_2y,original_market_history,trend_market,near_affine_duplicate,249,-0.999999999762631,-0.3403221738187253,-0.9999999997626513,-0.3413358606912375,243.0,False,False,True,False,False,0.00030497699000704703,,Retain for Elastic Net consideration; do not remove automatically,,
feature_pair,numeric__original_market_monthly_price_09,numeric__trend_adjusted_price_change_3y,original_market_history,trend_market,near_affine_duplicate,249,-0.9999999998982074,-0.287479804872782,-0.9999999998982182,-0.2949402859609705,233.0,False,False,True,False,False,0.00022191994549772276,,Retain for Elastic Net consideration; do not remove automatically,,
feature_pair,numeric__original_market_monthly_price_09,numeric__trend_adjusted_price_slope_3y,original_market_history,trend_market,near_affine_duplicate,249,-0.9999999998105413,-0.26370386031831267,-0.9999999998105411,-0.2636462371904932,249.0,False,False,True,False,False,0.0003037064989865057,,Retain for Elastic Net consideration; do not remove automatically,,
feature_pair,numeric__original_market_monthly_price_10,numeric__original_market_monthly_price_11,original_market_history,original_market_history,near_affine_duplicate,249,0.9999999999885888,0.9824303084921593,0.9999999999885888,0.9824351700813613,249.0,False,False,True,False,False,5.88821894006164e-05,,Retain for Elastic Net consideration; do not remove automatically,,
feature_pair,numeric__original_market_monthly_price_10,numeric__original_market_monthly_price_12,original_market_history,original_market_history,near_affine_duplicate,249,0.9999999998039588,0.9622506177184597,0.9999999998039589,0.9622506177184597,249.0,False,False,True,False,False,0.00031177493108229537,,Retain for Elastic Net consideration; do not remove automatically,,
feature_pair,numeric__original_market_monthly_price_10,numeric__trend_adjusted_price_change_1y,original_market_history,trend_market,near_affine_duplicate,249,-0.9999999995780404,-0.5430411700010298,-0.9999999995780412,-0.5430368613670925,249.0,False,False,True,False,False,0.00032843993962028417,,Retain for Elastic Net consideration; do not remove automatically,,
feature_pair,numeric__original_market_monthly_price_10,numeric__trend_adjusted_price_change_2y,original_market_history,trend_market,near_affine_duplicate,249,-0.9999999998635832,-0.4072514840071874,-0.9999999998635961,-0.40811202806390434,243.0,False,False,True,False,False,0.00021189299764753922,,Retain for Elastic Net consideration; do not remove automatically,,
feature_pair,numeric__original_market_monthly_price_10,numeric__trend_adjusted_price_change_3y,original_market_history,trend_market,near_affine_duplicate,249,-0.9999999999647862,-0.3345161305239087,-0.9999999999647939,-0.33907842200240973,233.0,False,False,True,False,False,0.00012883595313821494,,Retain for Elastic Net consideration; do not remove automatically,,
feature_pair,numeric__original_market_monthly_price_10,numeric__trend_adjusted_price_slope_3y,original_market_history,trend_market,near_affine_duplicate,249,-0.9999999999079917,-0.3220289215774601,-0.9999999999079908,-0.32197477374219696,249.0,False,False,True,False,False,0.00021062250662699789,,Retain for Elastic Net consideration; do not remove automatically,,
feature_pair,numeric__original_market_monthly_price_11,numeric__original_market_monthly_price_12,original_market_history,original_market_history,near_affine_duplicate,249,0.9999999997195442,0.9832134171402772,0.9999999997195435,0.9832124487655938,249.0,False,False,True,False,False,0.00037065712048291177,,Retain for Elastic Net consideration; do not remove automatically,,
feature_pair,numeric__original_market_monthly_price_11,numeric__trend_adjusted_price_change_1y,original_market_history,trend_market,near_affine_duplicate,249,-0.9999999995486699,-0.5970454549899923,-0.9999999995486687,-0.5970763557967039,249.0,False,False,True,False,False,0.0003873221290209006,,Retain for Elastic Net consideration; do not remove automatically,,
feature_pair,numeric__original_market_monthly_price_11,numeric__trend_adjusted_price_change_2y,original_market_history,trend_market,near_affine_duplicate,249,-0.9999999999309629,-0.4436889370254493,-0.9999999999309693,-0.44405632274132906,243.0,False,False,True,False,False,0.00015301080824692281,,Retain for Elastic Net consideration; do not remove automatically,,
feature_pair,numeric__original_market_monthly_price_11,numeric__trend_adjusted_price_change_3y,original_market_history,trend_market,near_affine_duplicate,249,-0.9999999999893229,-0.36067925293620184,-0.9999999999893223,-0.3670465530854026,233.0,False,False,True,False,False,6.995376373759854e-05,,Retain for Elastic Net consideration; do not remove automatically,,
feature_pair,numeric__original_market_monthly_price_11,numeric__trend_adjusted_price_slope_3y,original_market_history,trend_market,near_affine_duplicate,249,-0.9999999999531881,-0.34559009711761296,-0.999999999953187,-0.3455556941782982,249.0,False,False,True,False,False,0.00015174031722638148,,Retain for Elastic Net consideration; do not remove automatically,,
feature_pair,numeric__original_market_monthly_price_12,numeric__trend_adjusted_price_change_1y,original_market_history,trend_market,near_affine_duplicate,249,-0.9999999998017842,-0.6367340585506448,-0.999999999801784,-0.6367376444740471,249.0,False,False,True,False,False,0.0003131631959417125,,Retain for Elastic Net consideration; do not remove automatically,,
feature_pair,numeric__original_market_monthly_price_12,numeric__trend_adjusted_price_change_2y,original_market_history,trend_market,near_affine_duplicate,249,-0.9999999994044348,-0.47714566715135825,-0.9999999994044674,-0.477506145905145,243.0,False,False,True,False,False,0.0005236679287298346,,Retain for Elastic Net consideration; do not remove automatically,,
feature_pair,numeric__original_market_monthly_price_12,numeric__trend_adjusted_price_change_3y,original_market_history,trend_market,near_affine_duplicate,249,-0.9999999996074125,-0.38138350757045103,-0.99999999960743,-0.3868275453840727,233.0,False,False,True,False,False,0.0004406108842205103,,Retain for Elastic Net consideration; do not remove automatically,,
feature_pair,numeric__original_market_monthly_price_12,numeric__trend_adjusted_price_slope_3y,original_market_history,trend_market,near_affine_duplicate,249,-0.9999999994479396,-0.36822324861490047,-0.9999999994479379,-0.3681648075482083,249.0,False,False,True,False,False,0.0005223974377092933,,Retain for Elastic Net consideration; do not remove automatically,,
feature_pair,numeric__trend_adjusted_price_change_1y,numeric__trend_adjusted_price_change_2y,trend_market,trend_market,near_affine_duplicate,249,0.9999999993546063,0.7552917528280586,0.9999999993545695,0.7596018467527147,243.0,False,False,True,False,False,0.0005403329372678234,,Retain for Elastic Net consideration; do not remove automatically,,
feature_pair,numeric__trend_adjusted_price_change_1y,numeric__trend_adjusted_price_change_3y,trend_market,trend_market,near_affine_duplicate,249,0.9999999994079626,0.5473920085172297,0.999999999407818,0.555422291676515,233.0,False,False,True,False,False,0.0004572758927584991,,Retain for Elastic Net consideration; do not remove automatically,,
feature_pair,numeric__trend_adjusted_price_change_1y,numeric__trend_adjusted_price_slope_3y,trend_market,trend_market,near_affine_duplicate,249,0.999999999251317,0.5722746114405155,0.9999999992513154,0.572213314543421,249.0,False,False,True,False,False,0.0005390624462472821,,Retain for Elastic Net consideration; do not remove automatically,,
feature_pair,numeric__trend_adjusted_price_change_2y,numeric__trend_adjusted_price_change_3y,trend_market,trend_market,near_affine_duplicate,249,0.9999999999555957,0.687511741925188,0.9999999999556063,0.6980856956779328,233.0,False,False,True,False,False,0.00012261484714601312,,Retain for Elastic Net consideration; do not remove automatically,,
feature_pair,numeric__trend_adjusted_price_change_2y,numeric__trend_adjusted_price_slope_3y,trend_market,trend_market,near_affine_duplicate,249,0.999999999972684,0.7493500212407287,0.9999999999726823,0.7514821601362811,243.0,False,False,True,False,False,0.00011635339093203634,,Retain for Elastic Net consideration; do not remove automatically,,
feature_pair,numeric__trend_adjusted_price_change_3y,numeric__trend_adjusted_price_slope_3y,trend_market,trend_market,near_affine_duplicate,249,0.9999999999864263,0.9414144666674564,0.9999999999864272,0.9717892070541894,233.0,False,False,True,False,False,8.178655348878294e-05,,Retain for Elastic Net consideration; do not remove automatically,,
feature_pair,numeric__trend_capex_to_revenue_change_3y,numeric__trend_capex_to_revenue_slope_3y,trend_ratios,trend_ratios,near_affine_duplicate,249,0.9999992235397712,0.8534873526515164,0.9999994119301246,0.9169126611126073,218.0,False,False,True,False,False,0.011408105663208823,,Retain for Elastic Net consideration; do not remove automatically,,
feature_pair,numeric__trend_debt_to_equity_change_1y,numeric__trend_debt_to_equity_growth_1y,trend_ratios,trend_ratios,near_affine_duplicate,249,-0.9999999971221979,0.6781573321970109,-0.9999999971046116,0.6599400362240179,42.0,False,False,True,False,False,0.0009096000759275663,,Retain for Elastic Net consideration; do not remove automatically,,
feature_pair,numeric__trend_debt_to_equity_change_1y,numeric__trend_debt_to_equity_slope_3y,trend_ratios,trend_ratios,near_affine_duplicate,249,0.9999999994990962,0.6048290780676382,0.9999999995154948,0.7719403788851454,48.0,False,False,True,False,False,0.0004288965756318319,,Retain for Elastic Net consideration; do not remove automatically,,
feature_pair,numeric__trend_debt_to_equity_change_1y,numeric__trend_liabilities_to_equity_change_1y,trend_ratios,trend_ratios,near_affine_duplicate,249,0.9999999999343969,0.7785042514549287,0.9999999999350532,0.9350495568026448,48.0,False,False,True,False,False,9.423640550973444e-05,,Retain for Elastic Net consideration; do not remove automatically,,
feature_pair,numeric__trend_debt_to_equity_change_1y,numeric__trend_liabilities_to_equity_growth_1y,trend_ratios,trend_ratios,near_affine_duplicate,249,-0.9999999972014091,0.5171606851656723,-0.9999999971843772,0.5886826109734389,48.0,False,False,True,False,False,0.0009093554037910984,,Retain for Elastic Net consideration; do not remove automatically,,
feature_pair,numeric__trend_debt_to_equity_change_1y,numeric__trend_liabilities_to_equity_slope_3y,trend_ratios,trend_ratios,near_affine_duplicate,249,0.9999999992046714,0.47517278714628375,0.9999999992280221,0.7315087426026035,48.0,False,False,True,False,False,0.0005786845843174238,,Retain for Elastic Net consideration; do not remove automatically,,
feature_pair,numeric__trend_debt_to_equity_change_1y,numeric__trend_market_to_book_change_1y,trend_ratios,trend_ratios,near_affine_duplicate,249,0.9999682019838897,0.11924991185963227,0.9999678206496007,0.38818296155333404,48.0,False,False,True,False,False,0.07757432056660345,,Retain for Elastic Net consideration; do not remove automatically,,
feature_pair,numeric__trend_debt_to_equity_change_1y,numeric__trend_market_to_book_growth_1y,trend_ratios,trend_ratios,near_affine_duplicate,249,-0.9999993772680632,0.01715002582892866,-0.9999993862678419,0.15347020835894262,48.0,False,False,True,False,False,0.01447155683683389,,Retain for Elastic Net consideration; do not remove automatically,,
feature_pair,numeric__trend_debt_to_equity_growth_1y,numeric__trend_debt_to_equity_slope_3y,trend_ratios,trend_ratios,near_affine_duplicate,249,-0.9999999966801775,0.4509389901846789,-0.9999999967489729,0.5881351888588601,42.0,False,False,True,False,False,0.0009070505773475929,,Retain for Elastic Net consideration; do not remove automatically,,
feature_pair,numeric__trend_debt_to_equity_growth_1y,numeric__trend_liabilities_to_equity_change_1y,trend_ratios,trend_ratios,near_affine_duplicate,249,-0.999999996737449,0.545575373824916,-0.9999999967332377,0.5918632057649518,42.0,False,False,True,False,False,0.0009117644208676001,,Retain for Elastic Net consideration; do not remove automatically,,
feature_pair,numeric__trend_debt_to_equity_growth_1y,numeric__trend_liabilities_to_equity_growth_1y,trend_ratios,trend_ratios,near_affine_duplicate,249,0.9999999999896472,0.7303965134168309,0.999999999990838,0.8683848075820154,42.0,False,False,True,False,False,3.991652901733089e-05,,Retain for Elastic Net consideration; do not remove automatically,,
feature_pair,numeric__trend_debt_to_equity_growth_1y,numeric__trend_liabilities_to_equity_slope_3y,trend_ratios,trend_ratios,near_affine_duplicate,249,-0.9999999960755424,0.23109530461484412,-0.9999999961603301,0.4685144724807868,42.0,False,False,True,False,False,0.0009093822768829751,,Retain for Elastic Net consideration; do not remove automatically,,
feature_pair,numeric__trend_debt_to_equity_growth_1y,numeric__trend_market_to_book_change_1y,trend_ratios,trend_ratios,near_affine_duplicate,249,-0.999967838593029,0.05430794515621908,-0.9999694684858363,0.18340222301055537,42.0,False,False,True,False,False,0.0777630210807929,,Retain for Elastic Net consideration; do not remove automatically,,
feature_pair,numeric__trend_debt_to_equity_growth_1y,numeric__trend_market_to_book_growth_1y,trend_ratios,trend_ratios,near_affine_duplicate,249,0.9999994184563498,0.14888643633502208,0.999999476615175,0.33754761769286923,42.0,False,False,True,False,False,0.014105312469855233,,Retain for Elastic Net consideration; do not remove automatically,,
feature_pair,numeric__trend_debt_to_equity_slope_3y,numeric__trend_liabilities_to_equity_change_1y,trend_ratios,trend_ratios,near_affine_duplicate,249,0.9999999994882299,0.5345332036521503,0.9999999994932276,0.7434333623816106,48.0,False,False,True,False,False,0.00036470671966187806,,Retain for Elastic Net consideration; do not remove automatically,,
feature_pair,numeric__trend_debt_to_equity_slope_3y,numeric__trend_liabilities_to_equity_growth_1y,trend_ratios,trend_ratios,near_affine_duplicate,249,-0.9999999967647524,0.38464081610125483,-0.9999999968194428,0.5082989285619957,48.0,False,False,True,False,False,0.0009068059052111249,,Retain for Elastic Net consideration; do not remove automatically,,
feature_pair,numeric__trend_debt_to_equity_slope_3y,numeric__trend_liabilities_to_equity_slope_3y,trend_ratios,trend_ratios,near_affine_duplicate,249,0.999999999945012,0.8276760439791322,0.9999999999451391,0.902261220148063,62.0,False,False,True,False,False,0.00014978800868559183,,Retain for Elastic Net consideration; do not remove automatically,,
feature_pair,numeric__trend_debt_to_equity_slope_3y,numeric__trend_market_to_book_change_1y,trend_ratios,trend_ratios,near_affine_duplicate,249,0.9999682016770125,0.10421399961870642,0.9999678163524288,0.33395826356034497,48.0,False,False,True,False,False,0.07775468023609038,,Retain for Elastic Net consideration; do not remove automatically,,
feature_pair,numeric__trend_debt_to_equity_slope_3y,numeric__trend_market_to_book_growth_1y,trend_ratios,trend_ratios,near_affine_duplicate,249,-0.9999993742865303,-0.05247281949979559,-0.9999993846250059,0.1064298419252832,48.0,False,False,True,False,False,0.014469007223270228,,Retain for Elastic Net consideration; do not remove automatically,,
feature_pair,numeric__trend_ebit_margin_change_3y,numeric__trend_ebitda_margin_change_3y,trend_ratios,trend_ratios,near_affine_duplicate,249,0.9999872094074127,0.9383528027756316,0.9999902863285738,0.9528281397955017,218.0,False,False,True,False,False,0.0544990656330777,,Retain for Elastic Net consideration; do not remove automatically,,
feature_pair,numeric__trend_ebit_margin_change_3y,numeric__trend_operating_cash_flow_margin_change_3y,trend_ratios,trend_ratios,near_affine_duplicate,249,0.9999217025495135,0.5305320024768015,0.9999246291113728,0.5555964822359867,218.0,False,False,True,False,False,0.10161395041151638,,Retain for Elastic Net consideration; do not remove automatically,,
feature_pair,numeric__trend_ebitda_margin_change_3y,numeric__trend_operating_cash_flow_margin_change_3y,trend_ratios,trend_ratios,near_affine_duplicate,249,0.9999019755256532,0.57371937153529,0.9999019331089243,0.5887343520601854,218.0,False,False,True,False,False,0.11496244837131378,,Retain for Elastic Net consideration; do not remove automatically,,
feature_pair,numeric__trend_liabilities_to_equity_change_1y,numeric__trend_liabilities_to_equity_growth_1y,trend_ratios,trend_ratios,near_affine_duplicate,249,-0.9999999968223211,0.7465119711380781,-0.9999999968154384,0.6718410768562745,48.0,False,False,True,False,False,0.0009115197487311322,,Retain for Elastic Net consideration; do not remove automatically,,
feature_pair,numeric__trend_liabilities_to_equity_change_1y,numeric__trend_liabilities_to_equity_slope_3y,trend_ratios,trend_ratios,near_affine_duplicate,249,0.9999999992581464,0.6135422738722411,0.9999999992684911,0.812852800694746,48.0,False,False,True,False,False,0.0005144947283474699,,Retain for Elastic Net consideration; do not remove automatically,,
feature_pair,numeric__trend_liabilities_to_equity_change_1y,numeric__trend_market_to_book_change_1y,trend_ratios,trend_ratios,near_affine_duplicate,249,0.9999682111719816,0.19080846179075106,0.9999678288976295,0.3901432913590968,48.0,False,False,True,False,False,0.077614868141047,,Retain for Elastic Net consideration; do not remove automatically,,
feature_pair,numeric__trend_liabilities_to_equity_change_1y,numeric__trend_market_to_book_growth_1y,trend_ratios,trend_ratios,near_affine_duplicate,249,-0.999999372057817,0.09131518530665791,-0.9999993813445374,0.17531480677377334,48.0,False,False,True,False,False,0.014508869538039343,,Retain for Elastic Net consideration; do not remove automatically,,
feature_pair,numeric__trend_liabilities_to_equity_growth_1y,numeric__trend_liabilities_to_equity_slope_3y,trend_ratios,trend_ratios,near_affine_duplicate,249,-0.9999999961689602,0.39006179551092784,-0.9999999962367314,0.5049934867564047,48.0,False,False,True,False,False,0.0009091376047465072,,Retain for Elastic Net consideration; do not remove automatically,,
feature_pair,numeric__trend_liabilities_to_equity_growth_1y,numeric__trend_market_to_book_change_1y,trend_ratios,trend_ratios,near_affine_duplicate,249,-0.9999678394842507,0.09693178091177435,-0.9999674565174297,0.19800260529743813,48.0,False,False,True,False,False,0.07776521275703187,,Retain for Elastic Net consideration; do not remove automatically,,
feature_pair,numeric__trend_liabilities_to_equity_growth_1y,numeric__trend_market_to_book_growth_1y,trend_ratios,trend_ratios,near_affine_duplicate,249,0.9999994169396496,0.18590357494260412,0.9999994250883911,0.37092922275293094,48.0,False,False,True,False,False,0.01413187339885251,,Retain for Elastic Net consideration; do not remove automatically,,
feature_pair,numeric__trend_liabilities_to_equity_slope_3y,numeric__trend_market_to_book_change_1y,trend_ratios,trend_ratios,near_affine_duplicate,249,0.9999682297576812,0.16216030451907384,0.9999678440935538,0.3373860182370821,48.0,False,False,True,False,False,0.07775866758753026,,Retain for Elastic Net consideration; do not remove automatically,,
feature_pair,numeric__trend_liabilities_to_equity_slope_3y,numeric__trend_market_to_book_growth_1y,trend_ratios,trend_ratios,near_affine_duplicate,249,-0.9999993693027699,0.08249880212483657,-0.9999993798523398,0.17129830655666523,48.0,False,False,True,False,False,0.014506487292076611,,Retain for Elastic Net consideration; do not remove automatically,,
feature_pair,numeric__trend_market_to_book_change_1y,numeric__trend_market_to_book_growth_1y,trend_ratios,trend_ratios,near_affine_duplicate,249,-0.9999641438686968,0.8248540505083634,-0.999963827899013,0.7302431610942249,48.0,False,False,True,False,False,0.07766852230360215,,Retain for Elastic Net consideration; do not remove automatically,,
feature_pair,numeric__trend_net_income_growth_3y,numeric__trend_net_income_margin_growth_3y,trend_financial,trend_ratios,near_affine_duplicate,249,0.9999401168220703,0.9448237158718439,0.9999403403240564,0.95469017133751,220.0,False,False,True,False,False,0.10086237531550299,,Retain for Elastic Net consideration; do not remove automatically,,
feature_pair,numeric__trend_net_income_margin_change_3y,numeric__trend_capex_to_revenue_change_3y,trend_ratios,trend_ratios,near_affine_duplicate,249,0.9999557557691652,-0.0882730151068497,0.9999557756790401,-0.07234234782079906,218.0,False,False,True,False,False,0.12907991139657482,,Retain for Elastic Net consideration; do not remove automatically,,
feature_pair,numeric__trend_net_income_margin_change_3y,numeric__trend_capex_to_revenue_slope_3y,trend_ratios,trend_ratios,near_affine_duplicate,249,0.9999533856640881,-0.0610018785166828,0.9999535574737813,-0.057402517488191876,220.0,False,False,True,False,False,0.12780414132845858,,Retain for Elastic Net consideration; do not remove automatically,,
feature_pair,numeric__trend_net_income_margin_change_3y,numeric__trend_net_income_margin_slope_3y,trend_ratios,trend_ratios,near_affine_duplicate,249,0.9999682391604952,0.8959573114495321,0.9999685146263347,0.947708418562559,220.0,False,False,True,False,False,0.12456627314061433,,Retain for Elastic Net consideration; do not remove automatically,,
feature_pair,numeric__original_capital_expenditures,numeric__original_signed_log_capital_expenditures,original_financial,original_market,near_monotonic,249,0.45997180982544833,1.0,0.4599425271176194,1.0,248.0,False,False,False,True,False,10.603420951886825,,Retain for Elastic Net consideration; do not remove automatically,,
feature_pair,numeric__original_ebit,numeric__original_signed_log_ebit,original_financial,original_market,near_monotonic,249,0.43243467489110377,1.0,0.43243467489110415,1.0,249.0,False,False,False,True,False,11.381634298410257,,Retain for Elastic Net consideration; do not remove automatically,,
feature_pair,numeric__original_ebitda,numeric__original_signed_log_ebitda,original_financial,original_market,near_monotonic,249,0.30931436084168373,1.0,0.30946334035458045,1.0,248.0,False,False,False,True,False,12.657514126940987,,Retain for Elastic Net consideration; do not remove automatically,,
feature_pair,numeric__original_free_cash_flow,numeric__original_signed_log_free_cash_flow,original_financial,original_market,near_monotonic,249,0.5175571791208737,1.0,0.5175804613670885,1.0,248.0,False,False,False,True,False,6.6328099349639995,,Retain for Elastic Net consideration; do not remove automatically,,
feature_pair,numeric__original_interest_expense,numeric__original_signed_log_interest_expense,original_financial,original_market,near_monotonic,249,0.5304164978757374,1.0,0.5296402442213817,1.0,233.0,False,False,False,True,False,9.572301294932048,,Retain for Elastic Net consideration; do not remove automatically,,
feature_pair,numeric__original_market_cap,numeric__original_log_market_cap,original_market,original_market,near_monotonic,249,0.3396107714199449,1.0,0.3395744204871491,1.0,246.0,False,False,False,True,False,11.02445608124896,,Retain for Elastic Net consideration; do not remove automatically,,
feature_pair,numeric__original_net_income,numeric__original_signed_log_net_income,original_financial,original_market,near_monotonic,249,0.48460702234661424,1.0,0.484607022346614,1.0,249.0,False,False,False,True,False,8.286741789550259,,Retain for Elastic Net consideration; do not remove automatically,,
feature_pair,numeric__original_operating_cash_flow,numeric__original_signed_log_operating_cash_flow,original_financial,original_market,near_monotonic,249,0.30539867788910285,1.0,0.3055023363169266,1.0,248.0,False,False,False,True,False,12.712710388777719,,Retain for Elastic Net consideration; do not remove automatically,,
feature_pair,numeric__original_total_assets,numeric__original_log_total_assets,original_financial,original_market,near_monotonic,249,0.3878793760740675,1.0,0.3878793760740675,1.0,249.0,False,False,False,True,False,11.610815569091697,,Retain for Elastic Net consideration; do not remove automatically,,
feature_pair,numeric__original_working_capital,numeric__original_signed_log_working_capital,original_financial,original_market,near_monotonic,249,0.6291157002602684,1.0,0.629115700260269,1.0,249.0,False,False,False,True,False,7.109704447773034,,Retain for Elastic Net consideration; do not remove automatically,,
single_feature,categorical__industry___MISSING__,,categorical_industry,,constant_in_training,249,,,,,,False,False,False,False,False,,0.0,Review training-constant signal; reserved missing/novel-missing indicators may activate later,,
single_feature,categorical__sector___MISSING__,,categorical_sector,,constant_in_training,249,,,,,,False,False,False,False,False,,0.0,Review training-constant signal; reserved missing/novel-missing indicators may activate later,,
