feature,family,branch,source_column,effect_unit,training_n,company_groups,bankrupt_n,nonbankrupt_n,unique_values,constant_in_training,rare_binary_level,smallest_binary_level_count,source_missing_n,source_missing_pct_bankrupt,source_missing_pct_nonbankrupt,mutual_information_nats,logistic_status,converged,coef_log_odds,cluster_robust_se,odds_ratio,odds_ratio_ci_low,odds_ratio_ci_high,p_value,q_value_bh,training_auc,training_log_likelihood,fit_warnings,full_design_vif,diagnostic_vif,diagnostic_vif_block,diagnostic_vif_note,source_missing_difference_pp,affine_group_id
numeric__original_total_assets,original_financial,numeric,original_total_assets,one training SD of median-imputed numeric value,249,215,91,158,245,False,False,,0,0.0,0.0,0.32344970166524756,ok,True,0.18194050123161157,0.5026274594842891,1.1995428204361283,0.4478973434101506,3.212573147017357,0.7173678481883935,0.9941972838942332,0.8560995966059257,-162.74168693707765,,inf,292.42869391686816,original_financial,included in supplementary block,0.0,
numeric__original_log_total_assets,original_market,numeric,original_log_total_assets,one training SD of median-imputed numeric value,249,215,91,158,245,False,False,,0,0.0,0.0,0.32227392560230683,ok,True,2.006362914386507,0.3192893857321253,7.436221927216714,3.9771569016312234,13.903750321778489,3.3031398686359345e-10,1.7910358398825957e-08,0.8560995966059257,-111.585540958384,,inf,7.320647362041346,original_market,included in supplementary block,0.0,
numeric__original_total_liabilities,original_financial,numeric,original_total_liabilities,one training SD of median-imputed numeric value,249,215,91,158,243,False,False,,2,0.0,1.2658227848101267,0.30965624029033556,ok,True,0.5773455790226794,1.2179015160766185,1.7813038194789146,0.16370364488669237,19.382850635283006,0.6354646240995216,0.9799989964868503,0.8923355125886772,-160.04515481200562,,inf,711.8004335488394,original_financial,included in supplementary block,-1.2658227848101267,
numeric__original_total_debt,original_financial,numeric,original_total_debt,one training SD of median-imputed numeric value,249,215,91,158,221,False,False,,4,0.0,2.5316455696202533,0.28605385852607146,ok,True,0.9266467314315935,1.807320679031463,2.526024521272341,0.07312121700856365,87.26331621808029,0.6081482530908564,0.9669404241089352,0.8927528168034498,-156.89671394441618,,inf,515723.583560799,original_financial,included in supplementary block,-2.5316455696202533,
numeric__trend_operating_cash_flow_change_3y,trend_financial,numeric,trend_operating_cash_flow_change_3y,one training SD of median-imputed numeric value,249,215,91,158,217,False,False,,29,7.6923076923076925,13.924050632911392,0.2812346478900407,ok,True,-3.4893837637628637,1.0873773962978033,0.030519673706412318,0.00362245140687906,0.25713263713546153,0.0013320188074132649,0.023215184929202614,0.7476005007650577,-138.6290723751288,,inf,26773918.560338,trend_financial_change_3y,included in supplementary block,-6.2317429406036995,
numeric__original_current_liabilities,original_financial,numeric,original_current_liabilities,one training SD of median-imputed numeric value,249,215,91,158,245,False,False,,0,0.0,0.0,0.2647386419446889,ok,True,1.4525455814631028,1.5959773579265917,4.273980444640449,0.18721219736173078,97.57328367805927,0.3627543815980486,0.8297755683786461,0.873904576436222,-149.6037991245977,,inf,1981835358030399.2,original_financial,included in supplementary block,0.0,
numeric__derived_liabilities_to_assets,derived_ratios,numeric,derived_liabilities_to_assets,one training SD of median-imputed numeric value,249,215,91,158,243,False,False,,2,0.0,1.2658227848101267,0.25521403558692857,ok,True,1.123037026206859,0.7450114788079659,3.074176394532865,0.7137955941547609,13.239869483775596,0.13170584711800495,0.5685959095458765,0.8589511754068716,-149.1824607237814,,inf,17.978536799540116,derived_ratios,included in supplementary block,-1.2658227848101267,
numeric__trend_operating_cash_flow_to_debt_change_1y,trend_ratios,numeric,trend_operating_cash_flow_to_debt_change_1y,one training SD of median-imputed numeric value,249,215,91,158,215,False,False,,30,2.197802197802198,17.72151898734177,0.2469267097483676,ok,True,0.0026074632151084315,0.10074085304649666,1.002610865603876,0.8229655151931358,1.2214710449818105,0.9793507568006149,0.996624145366735,0.4010989010989011,-163.467344669297,,inf,39.66735122940382,trend_ratios_change_1y,included in supplementary block,-15.523716789539574,
numeric__original_signed_log_free_cash_flow,original_market,numeric,original_signed_log_free_cash_flow,one training SD of median-imputed numeric value,249,215,91,158,245,False,False,,1,0.0,0.6329113924050633,0.24687053919125956,ok,True,-1.0418578341902167,0.20629658452716776,0.3527986313712501,0.23546530293325293,0.5285996397214825,4.411369671255929e-07,1.0763741997864467e-05,0.7620670468771735,-138.70427709565752,,inf,4.629622992849479,original_market,included in supplementary block,-0.6329113924050633,
numeric__trend_free_cash_flow_change_2y,trend_financial,numeric,trend_free_cash_flow_change_2y,one training SD of median-imputed numeric value,249,215,91,158,231,False,False,,14,2.197802197802198,7.59493670886076,0.24629496123505712,ok,True,-0.3270898982005,0.26327444509614123,0.7210189218093982,0.43037501234519715,1.2079425400985146,0.21409219863768447,0.7101315172525955,0.6447350118236195,-161.1529574230184,,inf,52386086.68658527,trend_financial_change_2y,included in supplementary block,-5.397134511058562,
numeric__market_maximum_drawdown_24m,market_features,numeric,market_maximum_drawdown_24m,one training SD of median-imputed numeric value,249,215,91,158,239,False,False,,6,3.296703296703297,1.89873417721519,0.24622592818666678,ok,True,-1.8071229917566922,0.23556849706672306,0.16412564905041616,0.10343325413406865,0.2604310277360579,1.7022584661682437e-14,2.076755328725257e-12,0.8405202392544165,-115.559352277478,,inf,13.800390563003127,market_features,included in supplementary block,1.397969119488107,
numeric__original_free_cash_flow,original_financial,numeric,original_free_cash_flow,one training SD of median-imputed numeric value,249,215,91,158,245,False,False,,1,0.0,0.6329113924050633,0.24037309057405465,ok,True,-2.893244394536812,1.3335457927898415,0.055396193635109475,0.00405848259566019,0.7561294638887943,0.030038102812336744,0.2931718834484066,0.7620670468771735,-144.9662929841719,,inf,1902417.8876677607,original_financial,included in supplementary block,-0.6329113924050633,
numeric__original_signed_log_interest_expense,original_market,numeric,original_signed_log_interest_expense,one training SD of median-imputed numeric value,249,215,91,158,217,False,False,,16,5.4945054945054945,6.962025316455696,0.23182321729733602,ok,True,1.909180543571963,0.2869288005842988,6.7475572032664175,3.8451415960465773,11.840793654559869,2.855281151136356e-11,1.9905388596493452e-09,0.8823897621365977,-104.46018109671814,,inf,4.598865355517291,original_market,included in supplementary block,-1.4675198219502015,
numeric__trend_total_debt_change_2y,trend_financial,numeric,trend_total_debt_change_2y,one training SD of median-imputed numeric value,249,215,91,158,218,False,False,,14,1.098901098901099,8.227848101265822,0.23166708322423646,ok,True,0.6171344822245609,0.7888000461863441,1.8536088752221496,0.39499380438543,8.698531025437672,0.4339964217967309,0.8540767865731095,0.7231534288496314,-158.76301311176314,,inf,1107149.5459313174,trend_financial_change_2y,included in supplementary block,-7.128947002364724,
numeric__original_long_term_debt,original_financial,numeric,original_long_term_debt,one training SD of median-imputed numeric value,249,215,91,158,201,False,False,,4,0.0,2.5316455696202533,0.23102782882750006,ok,True,0.7575797892711246,1.3864393132270754,2.1331073987885465,0.14088781671680145,32.29624307339994,0.5847764624543241,0.9576205156970141,0.8443455278898317,-158.0309277628836,,inf,477426.446021165,original_financial,included in supplementary block,-2.5316455696202533,
numeric__trend_long_term_debt_change_3y,trend_financial,numeric,trend_long_term_debt_change_3y,one training SD of median-imputed numeric value,249,215,91,158,196,False,False,,28,6.593406593406594,13.924050632911392,0.23069055160097585,ok,True,0.42706744155693865,0.39014970204758714,1.5327560296913807,0.713472116272685,3.2928281189581625,0.27368115617369926,0.7957002397400588,0.6538461538461539,-159.88073820283572,,inf,5087042.100389263,trend_financial_change_3y,included in supplementary block,-7.330644039504798,
numeric__trend_free_cash_flow_change_3y,trend_financial,numeric,trend_free_cash_flow_change_3y,one training SD of median-imputed numeric value,249,215,91,158,217,False,False,,29,7.6923076923076925,13.924050632911392,0.22980921756569805,ok,True,-0.7065188504695423,0.3409268504657475,0.49335866685889296,0.25290959180920275,0.9624102131658547,0.038233060883873564,0.3331738162737553,0.6605925719849771,-156.23530424465991,,inf,16172979.254654046,trend_financial_change_3y,included in supplementary block,-6.2317429406036995,
numeric__trend_working_capital_change_1y,trend_financial,numeric,trend_working_capital_change_1y,one training SD of median-imputed numeric value,249,215,91,158,240,False,False,,5,1.098901098901099,2.5316455696202533,0.22957465712684288,ok,True,-0.21303893477041635,0.18859843777781315,0.8081246724553659,0.5583970109924887,1.1695361425204283,0.2586489697869868,0.7833710126478539,0.6219223814160523,-162.18946535574213,,inf,14133025.52865271,trend_financial_change_1y,included in supplementary block,-1.4327444707191543,
numeric__original_signed_log_net_income,original_market,numeric,original_signed_log_net_income,one training SD of median-imputed numeric value,249,215,91,158,245,False,False,,0,0.0,0.0,0.2289840833880541,ok,True,-1.531359889144554,0.25764123199927425,0.21624140294142816,0.13050712907351633,0.3582972415226175,2.785425755675027e-09,1.2357161534267392e-07,0.8341215746279038,-118.58459718568255,,inf,2.876810207539632,original_market,included in supplementary block,0.0,
numeric__original_interest_expense,original_financial,numeric,original_interest_expense,one training SD of median-imputed numeric value,249,215,91,158,217,False,False,,16,5.4945054945054945,6.962025316455696,0.22849836209939633,ok,True,0.856946445418121,1.7621418718492476,2.35595565962266,0.07451251664458122,74.49120389509346,0.6267476992911292,0.9799989964868503,0.8823897621365977,-157.82261392251232,,inf,22.85707843741585,original_financial,included in supplementary block,-1.4675198219502015,
numeric__trend_net_income_change_3y,trend_financial,numeric,trend_net_income_change_3y,one training SD of median-imputed numeric value,249,215,91,158,219,False,False,,27,7.6923076923076925,12.658227848101266,0.22772626979502197,ok,True,-0.6878776523863133,0.6590485793665063,0.502641718278346,0.1381259771968316,1.829117897162675,0.29660409122381204,0.7976862035647613,0.7437056614271804,-158.24256711652617,,inf,4.826509037094459,trend_financial_change_3y,included in supplementary block,-4.965920155793573,
numeric__trend_adjusted_price_growth_3y,trend_market,numeric,trend_adjusted_price_growth_3y,one training SD of median-imputed numeric value,249,215,91,158,233,False,False,,16,10.989010989010989,3.79746835443038,0.22475393855179782,ok,True,-4.170797079122579,0.8363945929354829,0.015439948357345972,0.002997129270912685,0.07954011446590542,6.14390195385768e-07,1.3628291606738855e-05,0.8487272221449436,-113.12387071258547,,inf,1.2568861998456566,trend_market_growth_3y,included in supplementary block,7.191542634580609,affine_group_023
numeric__trend_ebitda_change_2y,trend_financial,numeric,trend_ebitda_change_2y,one training SD of median-imputed numeric value,249,215,91,158,231,False,False,,15,2.197802197802198,8.227848101265822,0.2231724117944489,ok,True,-0.6953197945911752,0.5563204091161893,0.4989148721931741,0.16768169651533607,1.4844556971235408,0.2113525534328199,0.7064386717480555,0.645986924467937,-160.4581076093502,,inf,307.8284692133262,trend_financial_change_2y,included in supplementary block,-6.030045903463624,
numeric__trend_net_income_slope_3y,trend_financial,numeric,trend_net_income_slope_3y,one training SD of median-imputed numeric value,249,215,91,158,243,False,False,,3,1.098901098901099,1.2658227848101267,0.22279276359009703,ok,True,-0.6352362131432915,0.5458081254286851,0.5298103253732795,0.18177229866055802,1.5442340936465695,0.24448671652188314,0.769738823630187,0.7364028376686604,-158.30084245710344,,inf,5.907380923875622,trend_financial_slope_3y,included in supplementary block,-0.16692168590902767,
numeric__trend_interest_expense_change_3y,trend_financial,numeric,trend_interest_expense_change_3y,one training SD of median-imputed numeric value,249,215,91,158,188,False,False,,50,16.483516483516482,22.151898734177212,0.2215672255336123,ok,True,0.5818216570624781,0.6189761841634844,1.7892949454973066,0.5318736216309776,6.019430691382387,0.3472307835403897,0.814656838306299,0.7600153011545416,-158.18975893984145,,inf,3.071143966023847,trend_financial_change_3y,included in supplementary block,-5.668382250660731,
numeric__trend_operating_cash_flow_slope_3y,trend_financial,numeric,trend_operating_cash_flow_slope_3y,one training SD of median-imputed numeric value,249,215,91,158,243,False,False,,3,1.098901098901099,1.2658227848101267,0.2212729146809127,ok,True,-2.869203762304172,0.9251227614634292,0.056744090380676994,0.009256668613166203,0.3478456373117468,0.0019258820633790059,0.03240794644582603,0.7237446098205591,-142.18675938822773,,inf,118163310269868.23,trend_financial_slope_3y,included in supplementary block,-0.16692168590902767,
numeric__trend_current_liabilities_change_1y,trend_financial,numeric,trend_current_liabilities_change_1y,one training SD of median-imputed numeric value,249,215,91,158,241,False,False,,5,1.098901098901099,2.5316455696202533,0.22102093796422828,ok,True,0.26633634624492314,0.1350261516603742,1.3051739752343652,1.0016913807932002,1.700602738819772,0.048554868812077406,0.3761075552427583,0.5157880094588956,-161.502371856904,,inf,7309624.350956717,trend_financial_change_1y,included in supplementary block,-1.4327444707191543,
numeric__original_net_income,original_financial,numeric,original_net_income,one training SD of median-imputed numeric value,249,215,91,158,245,False,False,,0,0.0,0.0,0.22011729519941703,ok,True,-3.250208070861612,1.4274162958385468,0.0387661408881672,0.00236283620045366,0.6360211000122189,0.02278701358400028,0.24711250286649192,0.8341215746279038,-140.17701254363607,,inf,12.478485126052098,original_financial,included in supplementary block,0.0,
numeric__trend_market_cap_growth_1y,trend_market,numeric,trend_market_cap_growth_1y,one training SD of median-imputed numeric value,249,215,91,158,246,False,False,,3,1.098901098901099,1.2658227848101267,0.21927191404597246,ok,True,-2.1877118068711727,0.39630491753494346,0.11217312896452654,0.05158856847937911,0.2439069590915647,3.384710998069413e-08,1.0323368544111709e-06,0.8323132563638893,-121.873779422516,,inf,44.909388219186546,trend_market_growth_1y,included in supplementary block,-0.16692168590902767,
numeric__trend_ebit_change_2y,trend_financial,numeric,trend_ebit_change_2y,one training SD of median-imputed numeric value,249,215,91,158,233,False,False,,13,2.197802197802198,6.962025316455696,0.21690715104027247,ok,True,-0.666248805216005,0.37761856210838457,0.5136317010844069,0.2450317250446769,1.0766668043118064,0.07767418681547628,0.4814229986519163,0.6700514675198219,-158.218821136318,,inf,129.1370003610225,trend_financial_change_2y,included in supplementary block,-4.764223118653498,
numeric__trend_total_debt_slope_3y,trend_financial,numeric,trend_total_debt_slope_3y,one training SD of median-imputed numeric value,249,215,91,158,230,False,False,,4,1.098901098901099,1.89873417721519,0.21599522509441393,ok,True,0.8258222340475425,0.9354941990769376,2.283757776952673,0.3650530097002213,14.287101996706676,0.3773628516670924,0.8297755683786461,0.7442272916956462,-156.8904571290301,,inf,2612465.6694474476,trend_financial_slope_3y,included in supplementary block,-0.799833078314091,
numeric__market_return_36m,market_features,numeric,market_return_36m,one training SD of median-imputed numeric value,249,215,91,158,233,False,False,,16,10.989010989010989,3.79746835443038,0.21423581990114915,ok,True,-4.170797079122579,0.8363945929354829,0.015439948357345972,0.002997129270912685,0.07954011446590542,6.14390195385768e-07,1.3628291606738855e-05,0.8487272221449436,-113.12387071258547,,inf,3.0869519998879307,market_features,included in supplementary block,7.191542634580609,affine_group_023
numeric__trend_interest_expense_slope_3y,trend_financial,numeric,trend_interest_expense_slope_3y,one training SD of median-imputed numeric value,249,215,91,158,222,False,False,,17,6.593406593406594,6.962025316455696,0.21390014658740464,ok,True,1.2083091289793122,1.1590647320842753,3.3478191337123473,0.34527433581642847,32.46083415249656,0.2971862639223324,0.7976862035647613,0.7851231047433579,-153.90704018111768,,inf,18.510014358442152,trend_financial_slope_3y,included in supplementary block,-0.36861872304910204,
numeric__trend_operating_cash_flow_change_1y,trend_financial,numeric,trend_operating_cash_flow_change_1y,one training SD of median-imputed numeric value,249,215,91,158,241,False,False,,5,1.098901098901099,2.5316455696202533,0.2137904021879986,ok,True,-1.4057723812681495,0.5540464518363134,0.24517761270552013,0.08277050733657029,0.7262497682603772,0.011171675461593597,0.14718046911904673,0.7005146751982195,-153.46967522210048,,inf,13687318.64452634,trend_financial_change_1y,included in supplementary block,-1.4327444707191543,
numeric__trend_total_debt_change_3y,trend_financial,numeric,trend_total_debt_change_3y,one training SD of median-imputed numeric value,249,215,91,158,206,False,False,,28,6.593406593406594,13.924050632911392,0.21305391713984712,ok,True,0.8219623894641758,0.8130647767912775,2.2749598171692456,0.46226577157806825,11.195815238638517,0.3120435676974166,0.7976862035647613,0.7459312839059675,-156.04383613803935,,inf,4506172.7372170305,trend_financial_change_3y,included in supplementary block,-7.330644039504798,
numeric__trend_market_cap_change_3y,trend_market,numeric,trend_market_cap_change_3y,one training SD of median-imputed numeric value,249,215,91,158,224,False,False,,24,14.285714285714285,6.962025316455696,0.212575389615405,ok,True,-0.300371144619662,0.4962994469894832,0.7405433210018884,0.27996233960598904,1.9588506477418162,0.5450317666836543,0.9208778751052996,0.8374600083460844,-161.61320291861767,,inf,4.035614220601287,trend_market_change_3y,included in supplementary block,7.323688969258589,
numeric__original_signed_log_capital_expenditures,original_market,numeric,original_signed_log_capital_expenditures,one training SD of median-imputed numeric value,249,215,91,158,242,False,False,,1,0.0,0.6329113924050633,0.2114207259823635,ok,True,-1.5661692838876653,0.24199286033730774,0.2088436728078407,0.12996805692715568,0.3355876874908892,9.673663459069838e-11,5.900934710032601e-09,0.840172485742106,-119.81627113169158,,inf,5.903612640092301,original_market,included in supplementary block,-0.6329113924050633,
numeric__trend_total_debt_change_1y,trend_financial,numeric,trend_total_debt_change_1y,one training SD of median-imputed numeric value,249,215,91,158,219,False,False,,7,1.098901098901099,3.79746835443038,0.210705866195821,ok,True,0.5620169579445884,0.3679039305255587,1.754207096471601,0.8529439050111343,3.607790054225377,0.12660721323121843,0.5685035424391351,0.658332174154959,-157.58174210275786,,inf,12013681263.976063,trend_financial_change_1y,included in supplementary block,-2.698567255529281,
numeric__original_capital_expenditures,original_financial,numeric,original_capital_expenditures,one training SD of median-imputed numeric value,249,215,91,158,242,False,False,,1,0.0,0.6329113924050633,0.20581962617164584,ok,True,-0.21870728197994566,0.5754028397508223,0.8035568993156339,0.26015540252667985,2.481992240662912,0.7038754911064217,0.9941972838942332,0.840172485742106,-162.50030222142877,,inf,4119479.668209146,original_financial,included in supplementary block,-0.6329113924050633,
numeric__original_accounts_receivable,original_financial,numeric,original_accounts_receivable,one training SD of median-imputed numeric value,249,215,91,158,244,False,False,,0,0.0,0.0,0.20444996392897163,ok,True,1.1577497711015658,0.7323595976255991,3.182763266181433,0.757562933912646,13.371802598940228,0.11391261967311339,0.5440640521841789,0.788113784949228,-149.323914910292,,inf,9.82830954510385,original_financial,included in supplementary block,0.0,
numeric__trend_ebit_change_1y,trend_financial,numeric,trend_ebit_change_1y,one training SD of median-imputed numeric value,249,215,91,158,241,False,False,,5,1.098901098901099,2.5316455696202533,0.20382813545649303,ok,True,-0.3295829706227823,0.2506297317981144,0.7192236082727094,0.4400758333479685,1.1754396844777424,0.18850336772034326,0.6864898764740859,0.6690082069828907,-161.1298981277463,,inf,89.38912491119876,trend_financial_change_1y,included in supplementary block,-1.4327444707191543,
numeric__trend_total_liabilities_change_3y,trend_financial,numeric,trend_total_liabilities_change_3y,one training SD of median-imputed numeric value,249,215,91,158,219,False,False,,26,7.6923076923076925,12.025316455696203,0.20367747657931767,ok,True,0.7573380653433928,0.6120660168091667,2.1325918380040365,0.6425637253137124,7.077816204612292,0.2159582765590201,0.7101315172525955,0.6777715954931145,-155.95062616396154,,inf,108.28676836069307,trend_financial_change_3y,included in supplementary block,-4.33300876338851,
numeric__trend_market_cap_growth_2y,trend_market,numeric,trend_market_cap_growth_2y,one training SD of median-imputed numeric value,249,215,91,158,240,False,False,,8,4.395604395604396,2.5316455696202533,0.20114015488524495,ok,True,-4.971797083028592,0.8406056610727894,0.006930681826008924,0.0013342927484783556,0.03599985882269792,3.3280128570204287e-09,1.3533918951883078e-07,0.8510223953261927,-113.4285455430809,,inf,19.30012373111408,trend_market_growth_2y,included in supplementary block,1.8639588259841426,
numeric__derived_free_cash_flow_to_debt,derived_ratios,numeric,derived_free_cash_flow_to_debt,one training SD of median-imputed numeric value,249,215,91,158,221,False,False,,25,2.197802197802198,14.556962025316455,0.20046439217126433,ok,True,0.047567332719723694,0.1014728033514289,1.0487168116992092,0.8595762813452296,1.2794756847168536,0.6392345621432145,0.9799989964868503,0.33453887884267636,-163.40519271829697,,inf,47.240166831504624,derived_ratios,included in supplementary block,-12.359159827514258,
numeric__trend_market_cap_growth_3y,trend_market,numeric,trend_market_cap_growth_3y,one training SD of median-imputed numeric value,249,215,91,158,224,False,False,,24,14.285714285714285,6.962025316455696,0.19968339894088194,ok,True,-18.075695535116665,7.604409683618853e-49,1.4119690348472234e-08,1.4119690348472234e-08,1.4119690348472234e-08,0.0,0.0,0.8478926137153986,-115.40892226232265,,inf,2.0840581325301137,trend_market_growth_3y,included in supplementary block,7.323688969258589,
numeric__trend_operating_cash_flow_change_2y,trend_financial,numeric,trend_operating_cash_flow_change_2y,one training SD of median-imputed numeric value,249,215,91,158,231,False,False,,14,2.197802197802198,7.59493670886076,0.19870434674304716,ok,True,-1.8633559621231808,1.0693766141794832,0.1551510745671238,0.019076546854223397,1.261856043616399,0.0814263520362295,0.4814229986519163,0.7115036861872306,-154.82387921930098,,inf,80948606.8324519,trend_financial_change_2y,included in supplementary block,-5.397134511058562,
numeric__trend_ebitda_change_1y,trend_financial,numeric,trend_ebitda_change_1y,one training SD of median-imputed numeric value,249,215,91,158,239,False,False,,6,1.098901098901099,3.1645569620253164,0.1972589239885798,ok,True,-0.33543354699362615,0.3353819034272197,0.7150280208946258,0.3705488482609856,1.3797508022596532,0.3172359941879639,0.7976862035647613,0.6417443316177494,-161.9560129500831,,inf,168.9618953840417,trend_financial_change_1y,included in supplementary block,-2.0656558631242175,
numeric__market_maximum_drawdown_12m,market_features,numeric,market_maximum_drawdown_12m,one training SD of median-imputed numeric value,249,215,91,158,247,False,False,,0,0.0,0.0,0.1951870431454792,ok,True,-1.6293518085570586,0.22096413052990369,0.1960566151692878,0.1271441818563218,0.3023197427553151,1.6579529045088827e-13,1.6181620348006698e-11,0.842398108220893,-116.82180173803533,,inf,15.783453793890613,market_features,included in supplementary block,0.0,
numeric__derived_operating_cash_flow_to_debt,derived_ratios,numeric,derived_operating_cash_flow_to_debt,one training SD of median-imputed numeric value,249,215,91,158,221,False,False,,25,2.197802197802198,14.556962025316455,0.1951785809196107,ok,True,-0.003745927092601702,0.1010115441768413,0.9962610801400318,0.8173197288450811,1.2143792750534632,0.9704179110931284,0.996624145366735,0.7064960356099597,-163.46713532897132,,inf,48.207068896552094,derived_ratios,included in supplementary block,-12.359159827514258,
numeric__trend_working_capital_change_3y,trend_financial,numeric,trend_working_capital_change_3y,one training SD of median-imputed numeric value,249,215,91,158,219,False,False,,26,7.6923076923076925,12.025316455696203,0.1949525860812258,ok,True,-0.4263057670536618,0.23794754898342207,0.6529166711889989,0.4095589650451419,1.0408762007432462,0.0731977783916012,0.4814229986519163,0.6411879259980526,-159.35438646086573,,inf,3006670.418647008,trend_financial_change_3y,included in supplementary block,-4.33300876338851,
numeric__trend_net_income_change_1y,trend_financial,numeric,trend_net_income_change_1y,one training SD of median-imputed numeric value,249,215,91,158,241,False,False,,5,1.098901098901099,2.5316455696202533,0.19470441969491015,ok,True,-1.0333401661011397,0.5060468590666174,0.35581648731759646,0.13197090671515066,0.9593430536951717,0.041153005432191976,0.34038418052389297,0.7272916956461261,-155.08989425090655,,inf,15.09863351427764,trend_financial_change_1y,included in supplementary block,-1.4327444707191543,
numeric__trend_current_liabilities_change_2y,trend_financial,numeric,trend_current_liabilities_change_2y,one training SD of median-imputed numeric value,249,215,91,158,231,False,False,,14,2.197802197802198,7.59493670886076,0.1943696660592471,ok,True,0.3864512525603431,0.20207032105541095,1.4717486513391185,0.9904466271478537,2.186936714556722,0.05581731591884647,0.419059233359955,0.5603004590346363,-159.8226952342725,,inf,149705468.5643662,trend_financial_change_2y,included in supplementary block,-5.397134511058562,
numeric__trend_long_term_debt_slope_3y,trend_financial,numeric,trend_long_term_debt_slope_3y,one training SD of median-imputed numeric value,249,215,91,158,218,False,False,,4,1.098901098901099,1.89873417721519,0.19435113973397122,ok,True,0.4242086636876083,0.4357957174159252,1.5283804780197319,0.6505512184606376,3.5907194073346647,0.330348710817452,0.7976862035647613,0.663478926137154,-160.13292364038844,,inf,2894769.752866777,trend_financial_slope_3y,included in supplementary block,-0.799833078314091,
numeric__market_maximum_drawdown_36m,market_features,numeric,market_maximum_drawdown_36m,one training SD of median-imputed numeric value,249,215,91,158,228,False,False,,16,10.989010989010989,3.79746835443038,0.1923069662491519,ok,True,-2.1099956468393275,0.2889077004272172,0.12123849420287788,0.06882113857299303,0.21357932724393178,2.806782609211273e-13,2.2828498554918356e-11,0.8247322297955209,-117.4256885754515,,inf,7.173753028273943,market_features,included in supplementary block,7.191542634580609,
numeric__trend_long_term_debt_change_2y,trend_financial,numeric,trend_long_term_debt_change_2y,one training SD of median-imputed numeric value,249,215,91,158,207,False,False,,14,1.098901098901099,8.227848101265822,0.19100280130311043,ok,True,0.336730914826831,0.29738978532133237,1.4003621963319943,0.7818109232687983,2.5082973677531246,0.25751333165855916,0.7833710126478539,0.6536375017387674,-160.98315333662032,,inf,1117693.632121701,trend_financial_change_2y,included in supplementary block,-7.128947002364724,
numeric__original_ebit,original_financial,numeric,original_ebit,one training SD of median-imputed numeric value,249,215,91,158,245,False,False,,0,0.0,0.0,0.19009364460903289,ok,True,-0.2517156299786248,0.2991710848988027,0.7774657946011603,0.4325401253248247,1.3974496847451723,0.40013684098417346,0.8297755683786461,0.5946585060509112,-162.68076556807569,,inf,344.03138087147124,original_financial,included in supplementary block,0.0,
numeric__trend_ebit_change_3y,trend_financial,numeric,trend_ebit_change_3y,one training SD of median-imputed numeric value,249,215,91,158,219,False,False,,27,7.6923076923076925,12.658227848101266,0.1896857693947398,ok,True,-0.5657415298819658,0.3517180339106833,0.5679388469475054,0.2850484226643414,1.1315780345569069,0.10772380462402621,0.5412003836843576,0.6439699540965365,-160.02749634162046,,inf,116.36288089429027,trend_financial_change_3y,included in supplementary block,-4.965920155793573,
numeric__trend_revenue_change_2y,trend_financial,numeric,trend_revenue_change_2y,one training SD of median-imputed numeric value,249,215,91,158,232,False,False,,13,2.197802197802198,6.962025316455696,0.18950340463982096,ok,True,0.000583079390116103,0.12693260239934825,1.000583249413948,0.7802036920189271,1.2832121268448025,0.9963348391339331,0.9970611486466556,0.5074419251634442,-163.46753108602653,,inf,12.20369752816898,trend_financial_change_2y,included in supplementary block,-4.764223118653498,
numeric__market_return_24m,market_features,numeric,market_return_24m,one training SD of median-imputed numeric value,249,215,91,158,243,False,False,,6,3.296703296703297,1.89873417721519,0.18204975341348262,ok,True,-4.285542353217877,0.7318401972464961,0.013766153378709274,0.003279964163986314,0.057777149191724976,4.745922855466557e-09,1.6542931096197712e-07,0.853317568507442,-112.37695754155095,,inf,4.03991311358195,market_features,included in supplementary block,1.397969119488107,affine_group_022
numeric__original_signed_log_ebit,original_market,numeric,original_signed_log_ebit,one training SD of median-imputed numeric value,249,215,91,158,245,False,False,,0,0.0,0.0,0.18112054856664117,ok,True,-0.4755499578108915,0.1570732753445739,0.6215431399491875,0.4568464590230563,0.845614247824122,0.0024653057439564,0.040102306768357444,0.5946585060509112,-157.135917302195,,inf,5.053034018558793,original_market,included in supplementary block,0.0,
numeric__trend_market_cap_slope_3y,trend_market,numeric,trend_market_cap_slope_3y,one training SD of median-imputed numeric value,249,215,91,158,246,False,False,,3,1.098901098901099,1.2658227848101267,0.18108580201499525,ok,True,-0.4772502670533515,0.7800810675639934,0.6204872223513624,0.13450134708341346,2.86245752514688,0.5406729144694913,0.9193323423732116,0.8422590068159689,-160.2466752639014,,inf,5.232098277693007,trend_market_slope_3y,included in supplementary block,-0.16692168590902767,
numeric__trend_adjusted_price_growth_2y,trend_market,numeric,trend_adjusted_price_growth_2y,one training SD of median-imputed numeric value,249,215,91,158,243,False,False,,6,3.296703296703297,1.89873417721519,0.1804504992539877,ok,True,-4.285542353217877,0.7318401972464961,0.013766153378709274,0.003279964163986314,0.057777149191724976,4.745922855466557e-09,1.6542931096197712e-07,0.853317568507442,-112.37695754155095,,inf,18.776244034385222,trend_market_growth_2y,included in supplementary block,1.397969119488107,affine_group_022
numeric__trend_free_cash_flow_slope_3y,trend_financial,numeric,trend_free_cash_flow_slope_3y,one training SD of median-imputed numeric value,249,215,91,158,243,False,False,,3,1.098901098901099,1.2658227848101267,0.17974525579952405,ok,True,-0.5227563536718335,0.2716687005304132,0.5928840954318746,0.3481168003123985,1.00975175659614,0.054324243010116256,0.41422235295213644,0.6482125469467241,-158.3253606381963,,inf,73001386358208.64,trend_financial_slope_3y,included in supplementary block,-0.16692168590902767,
numeric__trend_total_liabilities_change_2y,trend_financial,numeric,trend_total_liabilities_change_2y,one training SD of median-imputed numeric value,249,215,91,158,231,False,False,,14,2.197802197802198,7.59493670886076,0.1792399173082766,ok,True,0.5212188239189355,0.5367646554095251,1.6840789950911204,0.5881221768801563,4.822334836533539,0.33152940566824074,0.7976862035647613,0.6780497983029629,-159.2340362274171,,inf,201.0853552385157,trend_financial_change_2y,included in supplementary block,-5.397134511058562,
numeric__original_signed_log_operating_cash_flow,original_market,numeric,original_signed_log_operating_cash_flow,one training SD of median-imputed numeric value,249,215,91,158,245,False,False,,1,0.0,0.6329113924050633,0.17836277037953874,ok,True,-0.462772015657881,0.15391429069165943,0.6295361405315893,0.4655952976710993,0.8512022226551137,0.0026411201128757767,0.041576342422044485,0.586451523160384,-157.46041942671326,,inf,4.668994093950442,original_market,included in supplementary block,-0.6329113924050633,
numeric__trend_interest_expense_change_2y,trend_financial,numeric,trend_interest_expense_change_2y,one training SD of median-imputed numeric value,249,215,91,158,201,False,False,,37,9.89010989010989,17.72151898734177,0.17752537547811142,ok,True,0.5920388633859985,0.6363627819411679,1.8076702534337206,0.5193333701536248,6.292050411053917,0.35219091494820065,0.8184246023558187,0.7020100153011546,-158.68974276632702,,inf,10.83155649887627,trend_financial_change_2y,included in supplementary block,-7.83140909723188,
numeric__trend_net_income_change_2y,trend_financial,numeric,trend_net_income_change_2y,one training SD of median-imputed numeric value,249,215,91,158,233,False,False,,13,2.197802197802198,6.962025316455696,0.17712127902332186,ok,True,-1.8451801339388691,0.7596602206324687,0.1579968577298224,0.035647124061370536,0.7002810944726174,0.015142431289228217,0.17562284131264966,0.7263875365141188,-147.08773669580034,,inf,6.307279815294408,trend_financial_change_2y,included in supplementary block,-4.764223118653498,
numeric__derived_debt_to_assets,derived_ratios,numeric,derived_debt_to_assets,one training SD of median-imputed numeric value,249,215,91,158,222,False,False,,4,0.0,2.5316455696202533,0.1761661674462418,ok,True,1.5321326168071743,0.6412983023525135,4.628036133138798,1.3168085459397725,16.265628375271767,0.016889213935004716,0.1873167363700523,0.830574488802337,-139.1412516219638,,inf,11.289430513156525,derived_ratios,included in supplementary block,-2.5316455696202533,
numeric__trend_short_term_debt_change_2y,trend_financial,numeric,trend_short_term_debt_change_2y,one training SD of median-imputed numeric value,249,215,91,158,193,False,False,,16,4.395604395604396,7.59493670886076,0.17499427757809194,ok,True,1.5756024948029008,0.8361368310255507,4.833652991785032,0.938759852936232,24.88836859811843,0.05951311252718237,0.4334686404964924,0.659062456530811,-154.303487893654,,inf,43442.19998761385,trend_financial_change_2y,included in supplementary block,-3.199332313256364,
numeric__trend_working_capital_change_2y,trend_financial,numeric,trend_working_capital_change_2y,one training SD of median-imputed numeric value,249,215,91,158,231,False,False,,14,2.197802197802198,7.59493670886076,0.17351257672495435,ok,True,-0.36594999923000826,0.22448209039268488,0.6935374777507274,0.44667375225487116,1.0768356784268494,0.10305989703538913,0.5350343590773393,0.6624704409514537,-160.16659661116324,,inf,173229348.78645512,trend_financial_change_2y,included in supplementary block,-5.397134511058562,
numeric__trend_interest_expense_change_1y,trend_financial,numeric,trend_interest_expense_change_1y,one training SD of median-imputed numeric value,249,215,91,158,205,False,False,,29,10.989010989010989,12.025316455696203,0.17239434061994063,ok,True,0.43759501967006215,0.3406332933290804,1.5489774749703042,0.7945066148876843,3.0199008705604826,0.19891414643414518,0.6933578818561632,0.6435526498817639,-159.32277165668864,,inf,6.7618046016403035,trend_financial_change_1y,included in supplementary block,-1.0363054666852136,
numeric__original_operating_cash_flow,original_financial,numeric,original_operating_cash_flow,one training SD of median-imputed numeric value,249,215,91,158,245,False,False,,1,0.0,0.6329113924050633,0.17150479037873012,ok,True,-0.6041912985851894,0.686599312258749,0.5465162164150555,0.1422881257687809,2.0991208731639683,0.37887200961366985,0.8297755683786461,0.586451523160384,-162.50022832885026,,inf,7424594.380356375,original_financial,included in supplementary block,-0.6329113924050633,
numeric__trend_ebitda_slope_3y,trend_financial,numeric,trend_ebitda_slope_3y,one training SD of median-imputed numeric value,249,215,91,158,243,False,False,,3,1.098901098901099,1.2658227848101267,0.17146082781736394,ok,True,-0.4344682940333645,0.4333529018122379,0.6476089130742272,0.2769760124546389,1.5142008168013028,0.3160665105116153,0.7976862035647613,0.6181666434830991,-161.8736669099876,,inf,217.69851165525375,trend_financial_slope_3y,included in supplementary block,-0.16692168590902767,
numeric__trend_free_cash_flow_change_1y,trend_financial,numeric,trend_free_cash_flow_change_1y,one training SD of median-imputed numeric value,249,215,91,158,241,False,False,,5,1.098901098901099,2.5316455696202533,0.16993792980629396,ok,True,-0.3836886154671788,0.21826556378320067,0.68134355399558,0.44419960376232875,1.0450910686082375,0.07876485261730659,0.4814229986519163,0.6746418138823203,-160.16406471076903,,inf,11457838.024764545,trend_financial_change_1y,included in supplementary block,-1.4327444707191543,
numeric__original_revenue,original_financial,numeric,original_revenue,one training SD of median-imputed numeric value,249,215,91,158,244,False,False,,0,0.0,0.0,0.1683540213332153,ok,True,0.7717592793280494,0.8842210617723832,2.163569230176622,0.3824022721079746,12.24111924848953,0.3827652335007363,0.8297755683786461,0.8230630129364306,-156.25741280255386,,inf,14.350390221246299,original_financial,included in supplementary block,0.0,
numeric__trend_ebitda_change_3y,trend_financial,numeric,trend_ebitda_change_3y,one training SD of median-imputed numeric value,249,215,91,158,217,False,False,,29,7.6923076923076925,13.924050632911392,0.16821138607976494,ok,True,-0.3971627691320257,0.46237547279181523,0.6722245993127288,0.27160620345800984,1.6637540165426306,0.39036171012553245,0.8297755683786461,0.6056475170399221,-162.18694385806256,,inf,235.2224694655284,trend_financial_change_3y,included in supplementary block,-6.2317429406036995,
numeric__trend_capital_expenditures_slope_3y,trend_financial,numeric,trend_capital_expenditures_slope_3y,one training SD of median-imputed numeric value,249,215,91,158,243,False,False,,3,1.098901098901099,1.2658227848101267,0.16814782631900682,ok,True,0.16595415681954362,0.19117086431506053,1.1805189817380575,0.8116112154960096,1.7171091769501452,0.38534322896492446,0.8297755683786461,0.5145360968145778,-162.82394566564773,,inf,133906601784358.11,trend_financial_slope_3y,included in supplementary block,-0.16692168590902767,
numeric__trend_total_assets_change_1y,trend_financial,numeric,trend_total_assets_change_1y,one training SD of median-imputed numeric value,249,215,91,158,241,False,False,,5,1.098901098901099,2.5316455696202533,0.1657817276807767,ok,True,-0.13186059914190829,0.1762851425841468,0.8764631662812556,0.6204109923839206,1.238191604078473,0.4544625099357412,0.8693053213633775,0.6203227152594241,-162.99502735283068,,inf,16.679454724129663,trend_financial_change_1y,included in supplementary block,-1.4327444707191543,
numeric__derived_interest_coverage,derived_ratios,numeric,derived_interest_coverage,one training SD of median-imputed numeric value,249,215,91,158,217,False,False,,28,7.6923076923076925,13.291139240506327,0.16486628015576876,ok,True,-0.04289393927446792,0.10222510815002125,0.958012992231961,0.7840743181511445,1.1705381391006293,0.6747756592539906,0.9841323145527021,0.6929336486298512,-163.41615856528404,,inf,1.4639225728971232,derived_ratios,included in supplementary block,-5.598831548198635,
numeric__trend_total_assets_slope_3y,trend_financial,numeric,trend_total_assets_slope_3y,one training SD of median-imputed numeric value,249,215,91,158,243,False,False,,3,1.098901098901099,1.2658227848101267,0.1646739584504342,ok,True,0.2596340377920515,0.18778293296764406,1.2964555461049527,0.8972562818653705,1.873262987395264,0.16677880098486786,0.6408508258316182,0.5386006398664627,-161.76232241531375,,inf,11.853336361755042,trend_financial_slope_3y,included in supplementary block,-0.16692168590902767,
numeric__trend_ebit_slope_3y,trend_financial,numeric,trend_ebit_slope_3y,one training SD of median-imputed numeric value,249,215,91,158,243,False,False,,3,1.098901098901099,1.2658227848101267,0.16368061306912307,ok,True,-0.4703781666993437,0.29857022649669973,0.6247659579229926,0.34799573414429574,1.1216588707308233,0.11515593037038074,0.5440640521841789,0.6256781193490054,-160.65318819419417,,inf,121.73742897743016,trend_financial_slope_3y,included in supplementary block,-0.16692168590902767,
numeric__trend_market_cap_change_2y,trend_market,numeric,trend_market_cap_change_2y,one training SD of median-imputed numeric value,249,215,91,158,240,False,False,,8,4.395604395604396,2.5316455696202533,0.16161692401406613,ok,True,-0.15451225247669764,0.3177819783273683,0.8568329937514915,0.45962079648498966,1.5973228034844151,0.6268105256854112,0.9799989964868503,0.8241758241758242,-162.85535551319126,,inf,6.998763746824183,trend_market_change_2y,included in supplementary block,1.8639588259841426,
numeric__trend_total_liabilities_change_1y,trend_financial,numeric,trend_total_liabilities_change_1y,one training SD of median-imputed numeric value,249,215,91,158,238,False,False,,6,1.098901098901099,3.1645569620253164,0.16097921053756714,ok,True,0.5473585773557901,0.3203531050216649,1.728680805329125,0.9226346323195602,3.238917359085566,0.08752318117560766,0.49664316760112254,0.6043956043956045,-157.3523916663255,,inf,44.934581265032,trend_financial_change_1y,included in supplementary block,-2.0656558631242175,
numeric__trend_long_term_debt_change_1y,trend_financial,numeric,trend_long_term_debt_change_1y,one training SD of median-imputed numeric value,249,215,91,158,204,False,False,,7,1.098901098901099,3.79746835443038,0.15833114773694512,ok,True,0.31940606524020854,0.1739101517666976,1.3763100831367243,0.978776879690996,1.9353026049632815,0.06626669031325778,0.4619734981838543,0.5879468632633189,-160.75881343139812,,inf,12272228581.141954,trend_financial_change_1y,included in supplementary block,-2.698567255529281,
numeric__trend_operating_cash_flow_margin_change_3y,trend_ratios,numeric,trend_operating_cash_flow_margin_change_3y,one training SD of median-imputed numeric value,249,215,91,158,215,False,False,,31,7.6923076923076925,15.18987341772152,0.15784116910608859,ok,True,1.1381430701483317,3.6167533729978434,3.120967563177651,0.002604373108954505,3740.031908990654,0.7529997772420518,0.9962278439864192,0.33968563082487135,-162.41212604837568,,inf,19394.908395373106,trend_ratios_change_3y,included in supplementary block,-7.4975657254138275,
numeric__trend_current_liabilities_slope_3y,trend_financial,numeric,trend_current_liabilities_slope_3y,one training SD of median-imputed numeric value,249,215,91,158,242,False,False,,3,1.098901098901099,1.2658227848101267,0.15417325257099623,ok,True,0.646621245109906,0.29433363327554873,1.9090796076590808,1.072227139912459,3.3990791808135996,0.028027665027288845,0.2931718834484066,0.6367366810404784,-155.66717541220575,,inf,21244692855119.676,trend_financial_slope_3y,included in supplementary block,-0.16692168590902767,
numeric__trend_current_assets_change_2y,trend_financial,numeric,trend_current_assets_change_2y,one training SD of median-imputed numeric value,249,215,91,158,231,False,False,,14,2.197802197802198,7.59493670886076,0.15185098104848072,ok,True,-0.0033713177951435777,0.15813390174522696,0.9966343587157951,0.7310246711412914,1.3587503735299575,0.982990879036028,0.996624145366735,0.6120461816664348,-163.46721285249683,,inf,183525338.07345656,trend_financial_change_2y,included in supplementary block,-5.397134511058562,
numeric__trend_total_liabilities_slope_3y,trend_financial,numeric,trend_total_liabilities_slope_3y,one training SD of median-imputed numeric value,249,215,91,158,241,False,False,,4,1.098901098901099,1.89873417721519,0.15150304014597937,ok,True,0.7751830561147073,0.696378916604777,2.170989503714851,0.5544966353973849,8.49995315456207,0.26563854612181215,0.7919804749069446,0.6914730838781472,-156.36852532530293,,inf,133.92786637533774,trend_financial_slope_3y,included in supplementary block,-0.799833078314091,
numeric__trend_total_assets_change_3y,trend_financial,numeric,trend_total_assets_change_3y,one training SD of median-imputed numeric value,249,215,91,158,219,False,False,,26,7.6923076923076925,12.025316455696203,0.15064320105283868,ok,True,0.2466706224853773,0.16405392818620695,1.2797575199992335,0.9278648725432276,1.7651054140087488,0.13268574792390683,0.5685959095458765,0.5082069828905272,-161.83412834343943,,inf,9.290474205285408,trend_financial_change_3y,included in supplementary block,-4.33300876338851,
numeric__trend_free_cash_flow_to_debt_change_1y,trend_ratios,numeric,trend_free_cash_flow_to_debt_change_1y,one training SD of median-imputed numeric value,249,215,91,158,215,False,False,,30,2.197802197802198,17.72151898734177,0.1479900903770328,ok,True,0.035564990998223085,0.10364799633076302,1.0362049899363952,0.8457078171069032,1.2696119859009876,0.7314988192826984,0.9962278439864192,0.41480038948393383,-163.4316220096505,,inf,39.24648211389712,trend_ratios_change_1y,included in supplementary block,-15.523716789539574,
numeric__trend_volume_change_2y,trend_market,numeric,trend_volume_change_2y,one training SD of median-imputed numeric value,249,215,91,158,240,False,False,,6,3.296703296703297,1.89873417721519,0.14532150870490335,ok,True,0.006444449346266341,0.12260723608796513,1.0064652594892411,0.7914715714380286,1.2798593848649182,0.9580811039386966,0.996624145366735,0.5331061343719573,-163.46632753801072,,inf,8.878671355966809,trend_market_change_2y,included in supplementary block,1.397969119488107,
numeric__trend_short_term_debt_slope_3y,trend_financial,numeric,trend_short_term_debt_slope_3y,one training SD of median-imputed numeric value,249,215,91,158,211,False,False,,4,1.098901098901099,1.89873417721519,0.1444596181498743,ok,True,1.8129991985542386,1.2110269148757018,6.128801387154533,0.5708836023325321,65.79661123513552,0.1343735119615557,0.570211076845558,0.7013840589789958,-153.57625962366657,,inf,98178.90132950536,trend_financial_slope_3y,included in supplementary block,-0.799833078314091,
numeric__original_depreciation_amortization,original_financial,numeric,original_depreciation_amortization,one training SD of median-imputed numeric value,249,215,91,158,149,False,False,,96,39.56043956043956,37.9746835443038,0.14440059603590694,ok,True,0.029892268936600696,0.12471515374946857,1.030343527970293,0.8069085478508133,1.3156482087813341,0.8105749783403006,0.9962278439864192,0.7257963555431911,-163.44033730419235,,inf,147.08661120762065,original_financial,included in supplementary block,1.5857560161357611,
numeric__original_working_capital,original_financial,numeric,original_working_capital,one training SD of median-imputed numeric value,249,215,91,158,245,False,False,,0,0.0,0.0,0.14336631846281733,ok,True,-0.021982909556389818,0.13957148265955913,0.978256953753649,0.7441311455086375,1.286045710280327,0.8748485435537532,0.9962278439864192,0.48003894839337874,-163.4533820004488,,inf,540164588680746.3,original_financial,included in supplementary block,0.0,
numeric__original_current_assets,original_financial,numeric,original_current_assets,one training SD of median-imputed numeric value,249,215,91,158,245,False,False,,0,0.0,0.0,0.14307396266632355,ok,True,1.1479799853896804,0.5391903210031083,3.1518197529719454,1.0954731554931745,9.068198253340064,0.03324754140491453,0.30728776186399137,0.8204200862428711,-145.98571422440222,,inf,1187294060998125.0,original_financial,included in supplementary block,0.0,
numeric__original_signed_log_ebitda,original_market,numeric,original_signed_log_ebitda,one training SD of median-imputed numeric value,249,215,91,158,245,False,False,,1,0.0,0.6329113924050633,0.14289522618996786,ok,True,-0.05696395257631345,0.15093922752920236,0.9446281201628717,0.7027181428211746,1.2698153513157777,0.7058788868162509,0.9941972838942332,0.44957574071498124,-163.37334733266772,,inf,6.0223218821567155,original_market,included in supplementary block,-0.6329113924050633,
numeric__trend_revenue_slope_3y,trend_financial,numeric,trend_revenue_slope_3y,one training SD of median-imputed numeric value,249,215,91,158,243,False,False,,3,1.098901098901099,1.2658227848101267,0.14280965779372545,ok,True,-0.13944978896314472,0.11085900352906479,0.8698366975104,0.6999618515271774,1.0809387378540902,0.2084271131788653,0.706402319651068,0.49116706078731404,-162.95212250773864,,inf,5.238009832448173,trend_financial_slope_3y,included in supplementary block,-0.16692168590902767,
numeric__trend_turnover_change_2y,trend_market,numeric,trend_turnover_change_2y,one training SD of median-imputed numeric value,249,215,91,158,241,False,False,,9,4.395604395604396,3.1645569620253164,0.1423592782968104,ok,True,-0.6973111281799633,0.7903471952131622,0.49792235479482444,0.10578324191729474,2.343723513392237,0.37762294330771673,0.8297755683786461,0.7558074836555849,-157.9096188687739,,inf,2.9481099851923673,trend_market_change_2y,included in supplementary block,1.2310474335790795,
numeric__original_short_term_debt,original_financial,numeric,original_short_term_debt,one training SD of median-imputed numeric value,249,215,91,158,200,False,False,,3,1.098901098901099,1.2658227848101267,0.14086607064315815,ok,True,1.4133414304061425,2.0067996706068767,4.109664645483109,0.08046655488378962,209.8927128510163,0.481260727770192,0.8843220136725198,0.7534079844206427,-154.02241437302177,,inf,3507.530530886882,original_financial,included in supplementary block,-0.16692168590902767,
numeric__original_signed_log_working_capital,original_market,numeric,original_signed_log_working_capital,one training SD of median-imputed numeric value,249,215,91,158,245,False,False,,0,0.0,0.0,0.14063353497616915,ok,True,-0.30988174853065104,0.1424573489974545,0.7335336925327992,0.5548302755090344,0.9697950919984388,0.029610651055995005,0.2931718834484066,0.48003894839337874,-160.63487264723346,,inf,1.2564864197665835,original_market,included in supplementary block,0.0,
numeric__market_return_12m,market_features,numeric,market_return_12m,one training SD of median-imputed numeric value,249,215,91,158,249,False,False,,0,0.0,0.0,0.13945812311256955,ok,True,-2.1143505284730333,0.38677097576786584,0.12071166288779715,0.0565625761489305,0.2576138950738492,4.585603432203497e-08,1.1777760394291088e-06,0.8319655028515788,-122.21149071318112,,inf,7.3625855327797165,market_features,included in supplementary block,0.0,affine_group_008
numeric__market_stock_return_12m,market_features,numeric,market_stock_return_12m,one training SD of median-imputed numeric value,249,215,91,158,249,False,False,,0,0.0,0.0,0.13945812311256955,ok,True,-2.1143505284730333,0.38677097576786584,0.12071166288779715,0.0565625761489305,0.2576138950738492,4.585603432203497e-08,1.1777760394291088e-06,0.8319655028515788,-122.21149071318112,,inf,,market_features,affine duplicate of numeric__market_return_12m,0.0,affine_group_008
numeric__trend_adjusted_price_growth_1y,trend_market,numeric,trend_adjusted_price_growth_1y,one training SD of median-imputed numeric value,249,215,91,158,249,False,False,,0,0.0,0.0,0.13945812311256955,ok,True,-2.1143505284730333,0.38677097576786584,0.12071166288779715,0.0565625761489305,0.2576138950738492,4.585603432203497e-08,1.1777760394291088e-06,0.8319655028515788,-122.21149071318112,,inf,46.34209380702359,trend_market_growth_1y,included in supplementary block,0.0,affine_group_008
numeric__trend_revenue_change_3y,trend_financial,numeric,trend_revenue_change_3y,one training SD of median-imputed numeric value,249,215,91,158,219,False,False,,27,7.6923076923076925,12.658227848101266,0.13829330777916504,ok,True,0.022905865368554473,0.13372394850864644,1.0231702192622552,0.7872666595058342,1.3297620125845213,0.8639940366317499,0.9962278439864192,0.4933231325636389,-163.45203386066646,,inf,15.442848456122743,trend_financial_change_3y,included in supplementary block,-4.965920155793573,
numeric__trend_cash_short_term_investments_change_2y,trend_financial,numeric,trend_cash_short_term_investments_change_2y,one training SD of median-imputed numeric value,249,215,91,158,228,False,False,,14,2.197802197802198,7.59493670886076,0.13692418965674058,ok,True,-0.04955508518409942,0.17372497821518865,0.9516527347265077,0.677023167586204,1.337683805919577,0.7754524613417058,0.9962278439864192,0.614376130198915,-163.39738322336285,,inf,7.256058479131804,trend_financial_change_2y,included in supplementary block,-5.397134511058562,
numeric__trend_operating_cash_flow_to_debt_change_2y,trend_ratios,numeric,trend_operating_cash_flow_to_debt_change_2y,one training SD of median-imputed numeric value,249,215,91,158,203,False,False,,42,6.593406593406594,22.78481012658228,0.13671549785697712,ok,True,0.03239574499940328,0.09486617085313614,1.0329261998087083,0.8576677148599372,1.2439975479612142,0.7327355544406728,0.9962278439864192,0.39157045486159414,-163.43933286948766,,inf,2.471263720048309,trend_ratios_change_2y,included in supplementary block,-16.191403533175684,
numeric__original_shares_outstanding,original_market,numeric,original_shares_outstanding,one training SD of median-imputed numeric value,249,215,91,158,240,False,False,,3,1.098901098901099,1.2658227848101267,0.13654149520251702,ok,True,0.035291076841464666,0.12818128063702922,1.0359211975894929,0.8057839562994126,1.331787161094202,0.7830691616987732,0.9962278439864192,0.7471831965502851,-163.4294113930032,,inf,60.891923648312485,original_market,included in supplementary block,-0.16692168590902767,
numeric__trend_volume_slope_3y,trend_market,numeric,trend_volume_slope_3y,one training SD of median-imputed numeric value,249,215,91,158,246,False,False,,0,0.0,0.0,0.13405215237470713,ok,True,0.036664056838567424,0.13243974708539497,1.0373444735134634,0.8001844002439386,1.3447944703756747,0.7819062282889285,0.9962278439864192,0.5727500347753512,-163.4266520018159,,inf,12.533447511734835,trend_market_slope_3y,included in supplementary block,0.0,
numeric__original_volume,original_market,numeric,original_volume,one training SD of median-imputed numeric value,249,215,91,158,245,False,False,,0,0.0,0.0,0.1332280504923662,ok,True,0.09184522277819898,0.19777110667194792,1.096195142911149,0.7439518057377051,1.6152172520778278,0.6423600280191957,0.9799989964868503,0.7930171094728057,-163.21847697552488,,inf,32.70795596646763,original_market,included in supplementary block,0.0,
numeric__market_volatility_12m,market_features,numeric,market_volatility_12m,one training SD of median-imputed numeric value,249,215,91,158,249,False,False,,0,0.0,0.0,0.13315479311797485,ok,True,0.6039135365984136,0.2090137809644573,1.8292637007979786,1.214404767714984,2.7554286478579253,0.003860416683161181,0.05708737398129261,0.7535818611767978,-153.72957160232448,,inf,5.441880318626362,market_features,included in supplementary block,0.0,
numeric__original_ebitda,original_financial,numeric,original_ebitda,one training SD of median-imputed numeric value,249,215,91,158,245,False,False,,1,0.0,0.6329113924050633,0.1318793070879143,ok,True,0.012261812256054699,0.11363795411837586,1.0123372964849238,0.8102078290982744,1.264893728557266,0.9140730834690272,0.9962278439864192,0.5504242592850188,-163.4630813934714,,inf,1615.9244764113307,original_financial,included in supplementary block,-0.6329113924050633,
numeric__derived_net_income_margin,derived_ratios,numeric,derived_net_income_margin,one training SD of median-imputed numeric value,249,215,91,158,243,False,False,,2,0.0,1.2658227848101267,0.13087113407377227,ok,True,-0.0013206740363049061,0.117815636740237,0.9986801976698614,0.7927597403419425,1.258088783352847,0.991056167206309,0.996624145366735,0.7496870218389206,-163.46749048816997,,inf,11.452909723270922,derived_ratios,included in supplementary block,-1.2658227848101267,
numeric__trend_capital_expenditures_change_1y,trend_financial,numeric,trend_capital_expenditures_change_1y,one training SD of median-imputed numeric value,249,215,91,158,237,False,False,,5,1.098901098901099,2.5316455696202533,0.13057740578415244,ok,True,0.14884148254484006,0.26302267177066097,1.1604890168623625,0.693035897324218,1.9432395399110758,0.5714696381870494,0.9453463845263732,0.5947976074558354,-163.01466657645977,,inf,10107997.848023443,trend_financial_change_1y,included in supplementary block,-1.4327444707191543,
numeric__trend_debt_to_assets_change_3y,trend_ratios,numeric,trend_debt_to_assets_change_3y,one training SD of median-imputed numeric value,249,215,91,158,210,False,False,,29,7.6923076923076925,13.924050632911392,0.130565608434281,ok,True,1.579803043078343,0.44824290883783563,4.853999688246683,2.016297856208115,11.68543273552287,0.0004243867546079022,0.007670397638839122,0.7521212964250938,-147.64614101028147,,inf,11.808272657870807,trend_ratios_change_3y,included in supplementary block,-6.2317429406036995,
numeric__trend_capital_expenditures_change_3y,trend_financial,numeric,trend_capital_expenditures_change_3y,one training SD of median-imputed numeric value,249,215,91,158,216,False,False,,29,7.6923076923076925,13.924050632911392,0.13030504117838126,ok,True,0.13808809924410637,0.18132017005656237,1.1480766905075341,0.8046942368337658,1.6379887253486343,0.4463163650773463,0.8693053213633775,0.53884406732508,-163.00673443196155,,inf,33871454.81430215,trend_financial_change_3y,included in supplementary block,-6.2317429406036995,
numeric__trend_current_assets_change_3y,trend_financial,numeric,trend_current_assets_change_3y,one training SD of median-imputed numeric value,249,215,91,158,219,False,False,,26,7.6923076923076925,12.025316455696203,0.1288413359211702,ok,True,0.21172967807994253,0.15763786145213482,1.235813772369763,0.907342888939861,1.683195734044057,0.17922672590542466,0.6625957745594486,0.4903324523577688,-162.21216433171833,,inf,3277865.494416315,trend_financial_change_3y,included in supplementary block,-4.33300876338851,
numeric__trend_net_income_growth_2y,trend_financial,numeric,trend_net_income_growth_2y,one training SD of median-imputed numeric value,249,215,91,158,233,False,False,,13,2.197802197802198,6.962025316455696,0.12821863458575344,ok,True,-0.2469992298136421,0.1691006716485357,0.7811412951555139,0.5607778416906277,1.0880988470544122,0.14410772782815187,0.5909627830263707,0.5741410488245932,-162.26158198837305,,inf,1.5816729202369435,trend_financial_growth_2y,included in supplementary block,-4.764223118653498,
numeric__trend_working_capital_slope_3y,trend_financial,numeric,trend_working_capital_slope_3y,one training SD of median-imputed numeric value,249,215,91,158,243,False,False,,3,1.098901098901099,1.2658227848101267,0.1252806945229763,ok,True,-0.2404120714409408,0.21010263004725985,0.7863037809670221,0.5208955905169644,1.1869435011907612,0.25251575565660656,0.7833710126478539,0.6315899290582835,-161.98188259920508,,inf,25245457568912.723,trend_financial_slope_3y,included in supplementary block,-0.16692168590902767,
numeric__trend_current_assets_slope_3y,trend_financial,numeric,trend_current_assets_slope_3y,one training SD of median-imputed numeric value,249,215,91,158,243,False,False,,3,1.098901098901099,1.2658227848101267,0.12496446874253264,ok,True,0.2390269495948689,0.16158521591529149,1.2700127624520743,0.9252657790544087,1.7432098466232189,0.13907017260105317,0.5800533694813158,0.513214633467798,-161.88112540374678,,inf,25162614063263.57,trend_financial_slope_3y,included in supplementary block,-0.16692168590902767,
numeric__trend_debt_to_assets_change_2y,trend_ratios,numeric,trend_debt_to_assets_change_2y,one training SD of median-imputed numeric value,249,215,91,158,220,False,False,,15,2.197802197802198,8.227848101265822,0.12247177575577095,ok,True,0.5351079059753454,0.5451841742879887,1.7076324960630085,0.5865874949173352,4.971140310485683,0.32633752008059913,0.7976862035647613,0.729552093476144,-159.69257490985635,,inf,16.377489499704637,trend_ratios_change_2y,included in supplementary block,-6.030045903463624,
numeric__trend_turnover_slope_3y,trend_market,numeric,trend_turnover_slope_3y,one training SD of median-imputed numeric value,249,215,91,158,249,False,False,,1,0.0,0.6329113924050633,0.1218642238260752,ok,True,-0.5336375861617766,0.6821404070561311,0.5864677578885535,0.15402994977921755,2.232971130197912,0.43403902268469496,0.8540767865731095,0.7780637084434553,-160.6423440828895,,inf,4.737203859170409,trend_market_slope_3y,included in supplementary block,-0.6329113924050633,
numeric__trend_total_assets_change_2y,trend_financial,numeric,trend_total_assets_change_2y,one training SD of median-imputed numeric value,249,215,91,158,231,False,False,,14,2.197802197802198,7.59493670886076,0.12094436000188358,ok,True,0.07181753870286313,0.13646729382035985,1.0744592789434526,0.8222971587549712,1.4039483534828703,0.5987062440754614,0.9669404241089352,0.4748226457087216,-163.31154873332915,,inf,21.071500241298356,trend_financial_change_2y,included in supplementary block,-5.397134511058562,
numeric__trend_cash_short_term_investments_slope_3y,trend_financial,numeric,trend_cash_short_term_investments_slope_3y,one training SD of median-imputed numeric value,249,215,91,158,241,False,False,,3,1.098901098901099,1.2658227848101267,0.11657434359896546,ok,True,-0.03293879354071495,0.16839939691798436,0.9675977810108345,0.6955895312874943,1.3459740604263508,0.8449238575660764,0.9962278439864192,0.5999443594380304,-163.43620202707123,,inf,3.7256056201061707,trend_financial_slope_3y,included in supplementary block,-0.16692168590902767,
numeric__trend_current_liabilities_change_3y,trend_financial,numeric,trend_current_liabilities_change_3y,one training SD of median-imputed numeric value,249,215,91,158,218,False,False,,26,7.6923076923076925,12.025316455696203,0.114768409395271,ok,True,0.9428532774964348,0.3562433156002748,2.5672961862702834,1.2771476707757083,5.16072640529871,0.008129215663408284,0.11667815422774243,0.6108638197245793,-151.9289754613534,,inf,3057081.215410811,trend_financial_change_3y,included in supplementary block,-4.33300876338851,
numeric__trend_debt_to_assets_growth_1y,trend_ratios,numeric,trend_debt_to_assets_growth_1y,one training SD of median-imputed numeric value,249,215,91,158,218,False,False,,23,2.197802197802198,13.291139240506327,0.11455132809092228,ok,True,0.0928129172637366,0.11756990336234226,1.0972564383280592,0.8714298950282634,1.381604760545114,0.42986217644229074,0.8536957234445706,0.7006537766031438,-163.2060121975298,,inf,3.461068189686213,trend_ratios_growth_1y,included in supplementary block,-11.093337042704128,
numeric__original_inventory,original_financial,numeric,original_inventory,one training SD of median-imputed numeric value,249,215,91,158,191,False,False,,2,0.0,1.2658227848101267,0.1140164049586938,ok,True,0.5843758749184172,0.4077976357031544,1.7938710362751462,0.8066279027951424,3.9894148015905286,0.1518565317924708,0.5981857355240965,0.6520378355821395,-157.53413718031626,,inf,6.5931700398839155,original_financial,included in supplementary block,-1.2658227848101267,
numeric__trend_total_debt_growth_1y,trend_financial,numeric,trend_total_debt_growth_1y,one training SD of median-imputed numeric value,249,215,91,158,214,False,False,,23,2.197802197802198,13.291139240506327,0.11327387659677779,ok,True,0.06518697167502467,0.12713719497250153,1.067358571548752,0.8319380071562212,1.3693980927170972,0.6081406542411282,0.9669404241089352,0.6375017387675616,-163.33830532656344,,inf,1.6491495290183378,trend_financial_growth_1y,included in supplementary block,-11.093337042704128,affine_group_026
numeric__trend_short_term_debt_change_3y,trend_financial,numeric,trend_short_term_debt_change_3y,one training SD of median-imputed numeric value,249,215,91,158,188,False,False,,28,8.791208791208792,12.658227848101266,0.11099801361680384,ok,True,2.8927577284400505,1.1577834290729323,18.042998746262146,1.8655275944576133,174.50816847995662,0.012470925294295266,0.15604644983631,0.6997496174711365,-150.3846249039023,,inf,230776.56665651847,trend_financial_change_3y,included in supplementary block,-3.867019056892474,
numeric__trend_debt_to_assets_change_1y,trend_ratios,numeric,trend_debt_to_assets_change_1y,one training SD of median-imputed numeric value,249,215,91,158,227,False,False,,7,1.098901098901099,3.79746835443038,0.11086579474801739,ok,True,0.25570373989505607,0.3479607419370242,1.2913700898239657,0.6529290667457469,2.554085571965112,0.46242246988647506,0.8704774247020144,0.7429753790513284,-161.93888678416266,,inf,7.8337607615374285,trend_ratios_change_1y,included in supplementary block,-2.698567255529281,
numeric__market_volume_change_12m,market_features,numeric,market_volume_change_12m,one training SD of median-imputed numeric value,249,215,91,158,245,False,False,,0,0.0,0.0,0.11019637489793288,ok,True,0.1266130157649423,0.1509449629253567,1.1349777143026316,0.8443115856402388,1.5257097425553001,0.4015801345762806,0.8297755683786461,0.5650994575045207,-162.99450149208795,,inf,1.9998253505913142,market_features,included in supplementary block,0.0,affine_group_028
numeric__trend_volume_change_1y,trend_market,numeric,trend_volume_change_1y,one training SD of median-imputed numeric value,249,215,91,158,245,False,False,,0,0.0,0.0,0.11019637489793288,ok,True,0.1266130157649423,0.1509449629253567,1.1349777143026316,0.8443115856402388,1.5257097425553001,0.4015801345762806,0.8297755683786461,0.5650994575045207,-162.99450149208795,,inf,2.9238977930722605,trend_market_change_1y,included in supplementary block,0.0,affine_group_028
numeric__trend_shareholders_equity_change_1y,trend_financial,numeric,trend_shareholders_equity_change_1y,one training SD of median-imputed numeric value,249,215,91,158,49,False,False,,201,82.41758241758241,79.74683544303798,0.10997752716066711,ok,True,0.13000921081329994,0.08518967705016448,1.1388388729085501,0.9637151765300052,1.3457855702942083,0.1269813240284134,0.5685035424391351,0.40443733481708166,-163.032957137495,,inf,1.6166245768991827,trend_financial_change_1y,included in supplementary block,2.6707469745444286,
numeric__trend_debt_growth_1y,trend_ratios,numeric,trend_debt_growth_1y,one training SD of median-imputed numeric value,249,215,91,158,214,False,False,,23,2.197802197802198,13.291139240506327,0.10969195932775921,ok,True,0.06518697167502467,0.12713719497250153,1.067358571548752,0.8319380071562212,1.3693980927170972,0.6081406542411282,0.9669404241089352,0.6375017387675616,-163.33830532656344,,inf,3.108708850902589,trend_ratios_growth_1y,included in supplementary block,-11.093337042704128,affine_group_026
numeric__trend_accounts_receivable_change_2y,trend_financial,numeric,trend_accounts_receivable_change_2y,one training SD of median-imputed numeric value,249,215,91,158,230,False,False,,15,3.296703296703297,7.59493670886076,0.10968647528080888,ok,True,-0.1900960772582195,0.1911515626173421,0.8268796857937548,0.5685043832740023,1.2026820458987402,0.31999007442339145,0.7976862035647613,0.5782445402698567,-162.54088313353947,,inf,3.264359527800012,trend_financial_change_2y,included in supplementary block,-4.2982334121574635,
numeric__trend_current_assets_change_1y,trend_financial,numeric,trend_current_assets_change_1y,one training SD of median-imputed numeric value,249,215,91,158,241,False,False,,5,1.098901098901099,2.5316455696202533,0.10868347927599187,ok,True,-0.02908923902538215,0.15319105715714365,0.9713297800759485,0.7193996790855247,1.311484518399717,0.8493964071569811,0.9962278439864192,0.6240089024899151,-163.4430109595216,,inf,8301111.9079653965,trend_financial_change_1y,included in supplementary block,-1.4327444707191543,
numeric__market_market_cap_change_12m,market_features,numeric,market_market_cap_change_12m,one training SD of median-imputed numeric value,249,215,91,158,246,False,False,,3,1.098901098901099,1.2658227848101267,0.1054781418939792,ok,True,-0.16299979987246668,0.2817720618602526,0.8495913584411962,0.48906352353327953,1.475893092830179,0.5629393837019099,0.9375918745615428,0.7800111281123938,-162.76711355848565,,inf,3.99549897203686,market_features,included in supplementary block,-0.16692168590902767,affine_group_024
numeric__trend_market_cap_change_1y,trend_market,numeric,trend_market_cap_change_1y,one training SD of median-imputed numeric value,249,215,91,158,246,False,False,,3,1.098901098901099,1.2658227848101267,0.10515462560660738,ok,True,-0.16299979987246668,0.2817720618602526,0.8495913584411962,0.48906352353327953,1.475893092830179,0.5629393837019099,0.9375918745615428,0.7800111281123938,-162.76711355848565,,inf,7.001058489794259,trend_market_change_1y,included in supplementary block,-0.16692168590902767,affine_group_024
numeric__trend_short_term_debt_change_1y,trend_financial,numeric,trend_short_term_debt_change_1y,one training SD of median-imputed numeric value,249,215,91,158,196,False,False,,8,3.296703296703297,3.1645569620253164,0.10414439385524776,ok,True,0.2259395119276776,0.13996647632922585,1.2534998411959335,0.9527623844085903,1.649164448125817,0.10647533673100455,0.5412003836843576,0.5449297537905133,-162.1634958320244,,inf,4259679006.7458506,trend_financial_change_1y,included in supplementary block,0.13214633467798054,
numeric__trend_total_debt_growth_2y,trend_financial,numeric,trend_total_debt_growth_2y,one training SD of median-imputed numeric value,249,215,91,158,205,False,False,,34,5.4945054945054945,18.354430379746837,0.10311808232306041,ok,True,-0.0662245872997186,0.14581223454901035,0.9359206447958224,0.7032721640403157,1.2455312440104107,0.649701317209376,0.9799989964868503,0.36980108499095843,-163.35481633624036,,inf,2.2386780358495977,trend_financial_growth_2y,included in supplementary block,-12.859924885241343,
numeric__trend_capital_expenditures_change_2y,trend_financial,numeric,trend_capital_expenditures_change_2y,one training SD of median-imputed numeric value,249,215,91,158,230,False,False,,14,2.197802197802198,7.59493670886076,0.10153880939539062,ok,True,0.14234280421967485,0.21122071649668073,1.1529718244057299,0.7621269067260299,1.7442554726011674,0.5003713902091865,0.8859737658975865,0.5001391014049242,-163.02351682336356,,inf,50485543.457683876,trend_financial_change_2y,included in supplementary block,-5.397134511058562,
numeric__trend_accounts_receivable_change_1y,trend_financial,numeric,trend_accounts_receivable_change_1y,one training SD of median-imputed numeric value,249,215,91,158,238,False,False,,6,2.197802197802198,2.5316455696202533,0.09855823765648353,ok,True,-0.2923176600368129,0.28687244739289824,0.7465313551261619,0.4254629856140879,1.3098884815611327,0.30821184330382145,0.7976862035647613,0.56607316733899,-161.92717145619594,,inf,3.6268536581315334,trend_financial_change_1y,included in supplementary block,-0.33384337181805535,
numeric__trend_operating_cash_flow_margin_growth_3y,trend_ratios,numeric,trend_operating_cash_flow_margin_growth_3y,one training SD of median-imputed numeric value,249,215,91,158,215,False,False,,31,7.6923076923076925,15.18987341772152,0.09800800803674492,ok,True,-0.19279714191157854,0.141647167121166,0.8246492439417626,0.6247395175862978,1.088527868640522,0.1734794513072786,0.6462440628851295,0.6560717763249408,-162.5729435278776,,inf,3.9732758295758313,trend_ratios_growth_3y,included in supplementary block,-7.4975657254138275,
numeric__trend_operating_cash_flow_to_debt_slope_3y,trend_ratios,numeric,trend_operating_cash_flow_to_debt_slope_3y,one training SD of median-imputed numeric value,249,215,91,158,227,False,False,,18,2.197802197802198,10.126582278481013,0.09793239301443335,ok,True,0.10621408573432463,0.09888264340401631,1.1120599271901195,0.9161342773722642,1.3498864873926983,0.2827586559246541,0.7976862035647613,0.4148003894839338,-163.20122911235347,,inf,3.467690895941158,trend_ratios_slope_3y,included in supplementary block,-7.928780080678815,
numeric__trend_operating_cash_flow_to_debt_growth_1y,trend_ratios,numeric,trend_operating_cash_flow_to_debt_growth_1y,one training SD of median-imputed numeric value,249,215,91,158,215,False,False,,30,2.197802197802198,17.72151898734177,0.0972780889673468,ok,True,-0.14611087804701878,0.14905860016953232,0.8640618923779532,0.6451577838584948,1.157240868109134,0.3269753589911055,0.7976862035647613,0.6359020726109333,-162.88214617590864,,inf,7.903205927822691,trend_ratios_growth_1y,included in supplementary block,-15.523716789539574,
numeric__trend_debt_to_assets_growth_2y,trend_ratios,numeric,trend_debt_to_assets_growth_2y,one training SD of median-imputed numeric value,249,215,91,158,206,False,False,,35,6.593406593406594,18.354430379746837,0.09486919389996906,ok,True,-0.10380558951568469,0.15429216473935126,0.9014005220999591,0.6661684746436778,1.2196958159520885,0.5010835233355202,0.8859737658975865,0.3387814716928641,-163.23019975388098,,inf,1.5464145516273824,trend_ratios_growth_2y,included in supplementary block,-11.761023786340242,
numeric__trend_interest_expense_growth_3y,trend_financial,numeric,trend_interest_expense_growth_3y,one training SD of median-imputed numeric value,249,215,91,158,180,False,False,,62,19.78021978021978,27.848101265822784,0.09453752235996715,ok,True,-0.021639052743150023,0.09828751514886133,0.978593391912258,0.8071231318876625,1.1864918608572672,0.825745966047087,0.9962278439864192,0.40262901655306715,-163.45490557940698,,inf,13.76431145657487,trend_financial_growth_3y,included in supplementary block,-8.067881485603003,
numeric__trend_revenue_change_1y,trend_financial,numeric,trend_revenue_change_1y,one training SD of median-imputed numeric value,249,215,91,158,240,False,False,,5,1.098901098901099,2.5316455696202533,0.09277016605786348,ok,True,-0.3081050425819748,0.17525772821087005,0.7348381246608975,0.5212091501861379,1.036027608614125,0.07874560996561962,0.4814229986519163,0.5658645152316039,-161.7629747916473,,inf,3.1687149443946123,trend_financial_change_1y,included in supplementary block,-1.4327444707191543,
numeric__trend_volume_change_3y,trend_market,numeric,trend_volume_change_3y,one training SD of median-imputed numeric value,249,215,91,158,231,False,False,,15,9.89010989010989,3.79746835443038,0.09266466397773643,ok,True,0.036092255383793785,0.13217106840257556,1.0367514879855573,0.8001482319958771,1.3433181563860603,0.7847976523216833,0.9962278439864192,0.59827514257894,-163.42797018431347,,inf,11.293353302101629,trend_market_change_3y,included in supplementary block,6.09264153567951,
numeric__trend_operating_cash_flow_to_assets_growth_1y,trend_ratios,numeric,trend_operating_cash_flow_to_assets_growth_1y,one training SD of median-imputed numeric value,249,215,91,158,239,False,False,,6,1.098901098901099,3.1645569620253164,0.09260999100058953,ok,True,-0.13960912971615405,0.13072219684608122,0.8696981081177859,0.6731278968380763,1.1236717462114114,0.2855280223674449,0.7976862035647613,0.6212964250938935,-162.95339710536274,,inf,57.15310837968251,trend_ratios_growth_1y,included in supplementary block,-2.0656558631242175,
numeric__trend_liabilities_to_assets_change_1y,trend_ratios,numeric,trend_liabilities_to_assets_change_1y,one training SD of median-imputed numeric value,249,215,91,158,239,False,False,,6,1.098901098901099,3.1645569620253164,0.09178025158134817,ok,True,0.11339743890035131,0.1716581795716656,1.1200770066717622,0.8000777162565507,1.5680632960817114,0.5088686990907013,0.8932659178282815,0.7457921825010433,-163.08751074738623,,inf,13.237856095569793,trend_ratios_change_1y,included in supplementary block,-2.0656558631242175,
numeric__trend_net_income_margin_change_1y,trend_ratios,numeric,trend_net_income_margin_change_1y,one training SD of median-imputed numeric value,249,215,91,158,237,False,False,,8,1.098901098901099,4.430379746835443,0.09034813727517377,ok,True,-0.48780518712435283,0.4144877231721848,0.6139724711354847,0.2724810532712729,1.3834436955765976,0.2392406364737838,0.765366267236841,0.6647656141327027,-161.80081445484956,,inf,29.34992112307492,trend_ratios_change_1y,included in supplementary block,-3.3314786479343437,
numeric__trend_long_term_debt_growth_1y,trend_financial,numeric,trend_long_term_debt_growth_1y,one training SD of median-imputed numeric value,249,215,91,158,191,False,False,,39,4.395604395604396,22.151898734177212,0.09014426640318196,ok,True,0.038581044223909455,0.13023129229448846,1.0393349570397892,0.8051975738419305,1.3415553995906093,0.7670390270783095,0.9962278439864192,0.6092293782167201,-163.4223766350766,,inf,1.2968178183622674,trend_financial_growth_1y,included in supplementary block,-17.756294338572815,
numeric__trend_depreciation_amortization_slope_3y,trend_financial,numeric,trend_depreciation_amortization_slope_3y,one training SD of median-imputed numeric value,249,215,91,158,164,False,False,,81,32.967032967032964,32.278481012658226,0.08888010842745553,ok,True,-0.14637472869707938,0.18824120726236493,0.8638339391600814,0.5973089977389571,1.2492848379473773,0.43680998017409367,0.856077390863284,0.4418556127416887,-163.10495133199336,,inf,16.19593130472362,trend_financial_slope_3y,included in supplementary block,0.6885519543747378,
numeric__derived_ebit_margin,derived_ratios,numeric,derived_ebit_margin,one training SD of median-imputed numeric value,249,215,91,158,243,False,False,,2,0.0,1.2658227848101267,0.08604599965396909,ok,True,0.17236124749098217,0.11271122896266461,1.1881069563564122,0.9526109441854257,1.4818201999028575,0.1262077551156193,0.5685035424391351,0.3656280428432327,-162.8438814059591,,inf,182.37636439953255,derived_ratios,included in supplementary block,-1.2658227848101267,
numeric__derived_operating_cash_flow_to_assets,derived_ratios,numeric,derived_operating_cash_flow_to_assets,one training SD of median-imputed numeric value,249,215,91,158,245,False,False,,1,0.0,0.6329113924050633,0.08496825369127348,ok,True,-0.016127718937063544,0.12492070727272159,0.9840016363862956,0.7703057183497057,1.2569804395134119,0.8972756360050365,0.9962278439864192,0.666434830991793,-163.45990862524908,,inf,21.360153034390574,derived_ratios,included in supplementary block,-0.6329113924050633,
numeric__trend_ebit_to_assets_change_1y,trend_ratios,numeric,trend_ebit_to_assets_change_1y,one training SD of median-imputed numeric value,249,215,91,158,241,False,False,,5,1.098901098901099,2.5316455696202533,0.08238736860341733,ok,True,-0.07815589377470325,0.1524990988186104,0.9248202415866797,0.685882715087069,1.2469952375747946,0.6083006356586949,0.9669404241089352,0.6349979134789261,-163.29015811005488,,inf,12.486890094752297,trend_ratios_change_1y,included in supplementary block,-1.4327444707191543,
numeric__trend_operating_cash_flow_to_assets_change_1y,trend_ratios,numeric,trend_operating_cash_flow_to_assets_change_1y,one training SD of median-imputed numeric value,249,215,91,158,239,False,False,,6,1.098901098901099,3.1645569620253164,0.08171950955724783,ok,True,-0.3173206337789202,0.24936711537142758,0.7280972651177741,0.4466092629107743,1.187000968177172,0.20319412940781734,0.6983009517677103,0.6139936013353735,-161.23652764462787,,inf,5.606705962417407,trend_ratios_change_1y,included in supplementary block,-2.0656558631242175,
numeric__trend_interest_expense_growth_1y,trend_financial,numeric,trend_interest_expense_growth_1y,one training SD of median-imputed numeric value,249,215,91,158,201,False,False,,42,12.087912087912088,19.62025316455696,0.08148346480030089,ok,True,-0.3041649235906048,0.3055644738601086,0.7377391858214083,0.405327341664401,1.342764354512913,0.31953213873943365,0.7976862035647613,0.4254416469606343,-162.84672840141954,,inf,1.1189869687281417,trend_financial_growth_1y,included in supplementary block,-7.532341076644872,
numeric__trend_ebit_margin_change_3y,trend_ratios,numeric,trend_ebit_margin_change_3y,one training SD of median-imputed numeric value,249,215,91,158,217,False,False,,29,7.6923076923076925,13.924050632911392,0.0812505924447271,ok,True,1.5339852653241453,3.6654492651992463,4.63661820474377,0.003516942475944025,6112.760877839135,0.675582633965482,0.9841323145527021,0.4115315064682153,-162.37020850691738,,inf,147922.23449195098,trend_ratios_change_3y,included in supplementary block,-6.2317429406036995,
numeric__trend_liabilities_to_assets_slope_3y,trend_ratios,numeric,trend_liabilities_to_assets_slope_3y,one training SD of median-imputed numeric value,249,215,91,158,241,False,False,,4,1.098901098901099,1.89873417721519,0.07937874646225196,ok,True,0.1844675627582138,0.2284265179654716,1.2025779723397492,0.7685572787741491,1.8816994119988888,0.4193453232209815,0.8462838229661854,0.7060787313951871,-162.54889916326232,,inf,29.791081364726416,trend_ratios_slope_3y,included in supplementary block,-0.799833078314091,
numeric__trend_net_income_margin_change_2y,trend_ratios,numeric,trend_net_income_margin_change_2y,one training SD of median-imputed numeric value,249,215,91,158,229,False,False,,16,2.197802197802198,8.860759493670885,0.07848526910281728,ok,True,-1.3764234146004595,1.7430511449703827,0.25247995625132175,0.00828970511238023,7.689794443166375,0.42972446488016036,0.8536957234445706,0.6853526220614828,-162.5659285519277,,inf,772.515642448343,trend_ratios_change_2y,included in supplementary block,-6.662957295868687,
numeric__trend_depreciation_amortization_change_2y,trend_financial,numeric,trend_depreciation_amortization_change_2y,one training SD of median-imputed numeric value,249,215,91,158,118,False,False,,128,54.94505494505495,49.36708860759494,0.07848318268719523,ok,True,-0.1038566197692034,0.11300243922555869,0.901354524576437,0.7222836640042658,1.1248212017842572,0.35806142218683124,0.8281230996548514,0.4648768952566421,-163.27349529547837,,inf,49.24973359472434,trend_financial_change_2y,included in supplementary block,5.577966337460012,
numeric__trend_turnover_change_3y,trend_market,numeric,trend_turnover_change_3y,one training SD of median-imputed numeric value,249,215,91,158,221,False,False,,28,15.384615384615385,8.860759493670885,0.07775669019935028,ok,True,-0.33367681782510017,0.44781646709347267,0.7162852354446565,0.2977857636300994,1.7229317219923261,0.45619943346841674,0.8693053213633775,0.7225622478787036,-161.76751527113515,,inf,5.420477941624175,trend_market_change_3y,included in supplementary block,6.5238558909445,
numeric__trend_liabilities_to_assets_growth_1y,trend_ratios,numeric,trend_liabilities_to_assets_growth_1y,one training SD of median-imputed numeric value,249,215,91,158,239,False,False,,6,1.098901098901099,3.1645569620253164,0.07763588792734022,ok,True,0.1281461976531802,0.1624986247599128,1.1367191762255635,0.8266736719338981,1.5630478258442033,0.430346614687222,0.8536957234445706,0.689769091667826,-162.9813644406305,,inf,1.476126542154517,trend_ratios_growth_1y,included in supplementary block,-2.0656558631242175,
numeric__trend_operating_cash_flow_growth_2y,trend_financial,numeric,trend_operating_cash_flow_growth_2y,one training SD of median-imputed numeric value,249,215,91,158,231,False,False,,14,2.197802197802198,7.59493670886076,0.07701715814582988,ok,True,-0.12241100649492963,0.16871326882971718,0.8847846415263912,0.6356654111846852,1.2315344646832427,0.46811070490882145,0.8719008549446751,0.6404924189734316,-163.10651484837067,,inf,3.0775832724906995,trend_financial_growth_2y,included in supplementary block,-5.397134511058562,
numeric__trend_operating_cash_flow_to_assets_slope_3y,trend_ratios,numeric,trend_operating_cash_flow_to_assets_slope_3y,one training SD of median-imputed numeric value,249,215,91,158,242,False,False,,3,1.098901098901099,1.2658227848101267,0.07629864576055856,ok,True,0.1069951109529417,0.0968774282972351,1.1129288133046837,0.9204605287794769,1.3456422136060078,0.2694031943331,0.7919804749069446,0.3890666295729587,-163.13906188375785,,inf,8.04428666779344,trend_ratios_slope_3y,included in supplementary block,-0.16692168590902767,
numeric__market_volatility_24m,market_features,numeric,market_volatility_24m,one training SD of median-imputed numeric value,249,215,91,158,243,False,False,,6,3.296703296703297,1.89873417721519,0.07628422970834636,ok,True,0.37931056500647203,0.14982904078153383,1.4612767867149217,1.0894260971826797,1.9600502070897476,0.01135361635881733,0.14718046911904673,0.6792321602448186,-159.30307223972966,,inf,4.125237111800938,market_features,included in supplementary block,1.397969119488107,
numeric__trend_liabilities_to_assets_change_2y,trend_ratios,numeric,trend_liabilities_to_assets_change_2y,one training SD of median-imputed numeric value,249,215,91,158,231,False,False,,14,2.197802197802198,7.59493670886076,0.0749203264789553,ok,True,0.2103730867312543,0.20841880997225126,1.2341384147423438,0.8202711894850591,1.8568220440594765,0.31279401740090107,0.7976862035647613,0.7035749061065517,-162.26784408861087,,inf,25.735911555979435,trend_ratios_change_2y,included in supplementary block,-5.397134511058562,
numeric__trend_operating_cash_flow_to_assets_growth_2y,trend_ratios,numeric,trend_operating_cash_flow_to_assets_growth_2y,one training SD of median-imputed numeric value,249,215,91,158,231,False,False,,15,2.197802197802198,8.227848101265822,0.07485548601563052,ok,True,-0.11388343526311985,0.18379152757618814,0.8923619677582056,0.6224398947172577,1.2793361869309798,0.5354989350675019,0.9172543518014822,0.6605230212825149,-163.10257540583257,,inf,1.5621947941953762,trend_ratios_growth_2y,included in supplementary block,-6.030045903463624,
numeric__trend_net_income_margin_change_3y,trend_ratios,numeric,trend_net_income_margin_change_3y,one training SD of median-imputed numeric value,249,215,91,158,217,False,False,,29,7.6923076923076925,13.924050632911392,0.074057094854731,ok,True,0.4177062135867699,0.1133648692985325,1.5184745016882761,1.2159372184531334,1.8962860724098567,0.0002290460897037157,0.0042990189144389715,0.31888997078870496,-162.47508844513675,,inf,75095.22512459691,trend_ratios_change_3y,included in supplementary block,-6.2317429406036995,
numeric__trend_operating_cash_flow_to_debt_growth_2y,trend_ratios,numeric,trend_operating_cash_flow_to_debt_growth_2y,one training SD of median-imputed numeric value,249,215,91,158,203,False,False,,42,6.593406593406594,22.78481012658228,0.07401216907313479,ok,True,-0.7623083431600366,0.5770150215506534,0.46658813742194044,0.15058357942283934,1.4457385779863847,0.18646005083908057,0.6841541714997843,0.6834052023925442,-161.59964995959206,,inf,1.7448393024900972,trend_ratios_growth_2y,included in supplementary block,-16.191403533175684,
numeric__trend_liabilities_to_assets_growth_3y,trend_ratios,numeric,trend_liabilities_to_assets_growth_3y,one training SD of median-imputed numeric value,249,215,91,158,219,False,False,,26,7.6923076923076925,12.025316455696203,0.07051634843907473,ok,True,0.3069200794246186,0.262879729397508,1.3592323331008154,0.8119514571356343,2.2753977705320674,0.2429962331033546,0.769738823630187,0.6767978856586452,-161.12203741012868,,inf,1.1799489567151191,trend_ratios_growth_3y,included in supplementary block,-4.33300876338851,
numeric__trend_ebit_growth_2y,trend_financial,numeric,trend_ebit_growth_2y,one training SD of median-imputed numeric value,249,215,91,158,233,False,False,,13,2.197802197802198,6.962025316455696,0.06886764941582557,ok,True,-0.08579200448134339,0.11601050695807072,0.9177851065581093,0.7311267658675459,1.1520977498619986,0.45959174776998235,0.8693053213633775,0.5643343997774377,-163.24855646982218,,inf,1.7545099342396655,trend_financial_growth_2y,included in supplementary block,-4.764223118653498,
numeric__trend_ebit_margin_change_2y,trend_ratios,numeric,trend_ebit_margin_change_2y,one training SD of median-imputed numeric value,249,215,91,158,229,False,False,,16,2.197802197802198,8.860759493670885,0.06808910951836555,ok,True,-0.21833410940616896,0.13139342283156555,0.8038568206696588,0.6213501632713241,1.0399704165764625,0.09657651580844116,0.5277609696727968,0.6311030741410488,-163.0842423877529,,inf,9110.832063686135,trend_ratios_change_2y,included in supplementary block,-6.662957295868687,
numeric__derived_working_capital_to_assets,derived_ratios,numeric,derived_working_capital_to_assets,one training SD of median-imputed numeric value,249,215,91,158,245,False,False,,0,0.0,0.0,0.06802134078507338,ok,True,-0.4814887208134102,0.560113233807109,0.617862881453237,0.2061212922079489,1.8520868765588627,0.3899944287863967,0.8297755683786461,0.7330644039504799,-159.64398401812713,,inf,5.596851939360378,derived_ratios,included in supplementary block,0.0,
numeric__derived_ebitda_to_assets,derived_ratios,numeric,derived_ebitda_to_assets,one training SD of median-imputed numeric value,249,215,91,158,245,False,False,,1,0.0,0.6329113924050633,0.06792740205323033,ok,True,0.11773123351214386,0.1059460317409836,1.1249417240971518,0.9140050585678976,1.3845589482814271,0.2664660116348595,0.7919804749069446,0.3682014188343302,-163.17149943130227,,inf,153.018573332363,derived_ratios,included in supplementary block,-0.6329113924050633,
numeric__trend_working_capital_to_assets_growth_1y,trend_ratios,numeric,trend_working_capital_to_assets_growth_1y,one training SD of median-imputed numeric value,249,215,91,158,241,False,False,,5,1.098901098901099,2.5316455696202533,0.06764351874903607,ok,True,0.02034010173868289,0.1204673533510837,1.0205483712859278,0.8059193752853057,1.2923364421728278,0.8659199232023522,0.9962278439864192,0.4779524273195159,-163.4561661094686,,inf,1.081587789409453,trend_ratios_growth_1y,included in supplementary block,-1.4327444707191543,
numeric__trend_depreciation_amortization_change_1y,trend_financial,numeric,trend_depreciation_amortization_change_1y,one training SD of median-imputed numeric value,249,215,91,158,131,False,False,,111,45.05494505494506,44.303797468354425,0.06722762560327533,ok,True,-0.14908096670012783,0.1529264928715017,0.8614993593147707,0.6383864966014727,1.16258904292439,0.32963280525707717,0.7976862035647613,0.4667199888718876,-163.16676572376457,,inf,34.88148895674262,trend_financial_change_1y,included in supplementary block,0.7511475865906334,
numeric__trend_interest_coverage_growth_2y,trend_ratios,numeric,trend_interest_coverage_growth_2y,one training SD of median-imputed numeric value,249,215,91,158,191,False,False,,54,13.186813186813188,26.582278481012654,0.06658912990501675,ok,True,-0.19597265362589697,0.2618834048870114,0.8220347140396365,0.4920107587488722,1.3734274283037227,0.45426701620729815,0.8693053213633775,0.6246348588120738,-162.87473783787075,,inf,1.2462943383289242,trend_ratios_growth_2y,included in supplementary block,-13.395465294199466,
numeric__trend_debt_to_assets_slope_3y,trend_ratios,numeric,trend_debt_to_assets_slope_3y,one training SD of median-imputed numeric value,249,215,91,158,232,False,False,,4,1.098901098901099,1.89873417721519,0.06649469498070881,ok,True,0.4326880695429189,0.6307718347551874,1.5413953375512963,0.4477133885324622,5.306742321047667,0.4927345117958599,0.8843220136725198,0.7235707330644038,-160.78381756762025,,inf,20.31899317968634,trend_ratios_slope_3y,included in supplementary block,-0.799833078314091,
numeric__trend_shares_outstanding_change_3y,trend_market,numeric,trend_shares_outstanding_change_3y,one training SD of median-imputed numeric value,249,215,91,158,218,False,False,,24,14.285714285714285,6.962025316455696,0.06579995683893691,ok,True,0.5689094453703493,0.6680073327370415,1.7663397107405103,0.4769417713423023,6.541586753783554,0.3944075480455598,0.8297755683786461,0.6837529559048547,-160.69274784314462,,inf,2.8386847618953204,trend_market_change_3y,included in supplementary block,7.323688969258589,
numeric__trend_turnover_growth_3y,trend_market,numeric,trend_turnover_growth_3y,one training SD of median-imputed numeric value,249,215,91,158,221,False,False,,28,15.384615384615385,8.860759493670885,0.06579365987666463,ok,True,0.07421143208330466,0.11383593953507554,1.0770345010726494,0.8616527690914916,1.3462538021248325,0.5144555795513851,0.8966225815038427,0.31930727500347755,-163.30000258177353,,inf,6.8987384026514675,trend_market_growth_3y,included in supplementary block,6.5238558909445,
numeric__derived_capex_to_revenue,derived_ratios,numeric,derived_capex_to_revenue,one training SD of median-imputed numeric value,249,215,91,158,241,False,False,,3,0.0,1.89873417721519,0.06566154401702007,ok,True,-0.6275761554434393,0.3942915101000661,0.533884286503823,0.24650492286366013,1.1562950875968723,0.11146218656632041,0.5440640521841789,0.5925024342745863,-160.43115198567932,,inf,2.395648374441361,derived_ratios,included in supplementary block,-1.89873417721519,
numeric__trend_accounts_receivable_slope_3y,trend_financial,numeric,trend_accounts_receivable_slope_3y,one training SD of median-imputed numeric value,249,215,91,158,242,False,False,,3,1.098901098901099,1.2658227848101267,0.06551445643330633,ok,True,0.0017593584616477432,0.15356804089705214,1.0017609070407814,0.7413900040622273,1.3535722216062414,0.9908592032693075,0.996624145366735,0.4937752121296425,-163.46745147554407,,inf,4.763268775731807,trend_financial_slope_3y,included in supplementary block,-0.16692168590902767,
numeric__trend_interest_coverage_change_3y,trend_ratios,numeric,trend_interest_coverage_change_3y,one training SD of median-imputed numeric value,249,215,91,158,179,False,False,,67,20.87912087912088,30.37974683544304,0.06527293814085744,ok,True,-0.20009103452356758,0.15705036638523787,0.8186562237063697,0.6017554795132118,1.113738113619386,0.20264340592726593,0.6983009517677103,0.5497287522603977,-162.70770409162108,,inf,2.485299706037719,trend_ratios_change_3y,included in supplementary block,-9.50062595632216,
numeric__trend_inventory_change_2y,trend_financial,numeric,trend_inventory_change_2y,one training SD of median-imputed numeric value,249,215,91,158,180,False,False,,17,2.197802197802198,9.49367088607595,0.06463903942503646,ok,True,0.07948584989396275,0.11561360977630517,1.0827302386733564,0.8631967229951298,1.3580968723676181,0.4917595649049967,0.8843220136725198,0.435456948115176,-163.31812672292833,,inf,4.176021459183723,trend_financial_change_2y,included in supplementary block,-7.295868688273752,
numeric__derived_current_ratio,derived_ratios,numeric,derived_current_ratio,one training SD of median-imputed numeric value,249,215,91,158,245,False,False,,0,0.0,0.0,0.06450010291470964,ok,True,-1.3928691000777984,0.35123813320545205,0.24836170683702813,0.12477000566476286,0.494377932375316,7.321228491837248e-05,0.0014886497933402404,0.7164417860620391,-146.1736566749077,,inf,2.609863770021021,derived_ratios,included in supplementary block,0.0,
numeric__trend_current_ratio_growth_3y,trend_ratios,numeric,trend_current_ratio_growth_3y,one training SD of median-imputed numeric value,249,215,91,158,219,False,False,,26,7.6923076923076925,12.025316455696203,0.0641795586896845,ok,True,-0.014841847334159221,0.18337994035660343,0.9852677500030528,0.6877981120354495,1.411391689231687,0.9354936805776548,0.996624145366735,0.6228960912505216,-163.46139324052376,,inf,1.0622788683077733,trend_ratios_growth_3y,included in supplementary block,-4.33300876338851,
numeric__trend_operating_cash_flow_to_debt_growth_3y,trend_ratios,numeric,trend_operating_cash_flow_to_debt_growth_3y,one training SD of median-imputed numeric value,249,215,91,158,184,False,False,,62,13.186813186813188,31.645569620253166,0.06374443057666324,ok,True,-0.09188456115575672,0.12382262543369765,0.9122104479870305,0.7156439963478148,1.1627679483980062,0.45804734462340246,0.8693053213633775,0.66434830991793,-163.21469189527895,,inf,2.263907363153294,trend_ratios_growth_3y,included in supplementary block,-18.45875643343998,
numeric__trend_liabilities_to_assets_change_3y,trend_ratios,numeric,trend_liabilities_to_assets_change_3y,one training SD of median-imputed numeric value,249,215,91,158,219,False,False,,26,7.6923076923076925,12.025316455696203,0.063467202973289,ok,True,0.6970611888346259,0.40301821106354113,2.00784335601654,0.9113393120665827,4.423637704334238,0.08370137079728249,0.4862651065365935,0.7367505911809709,-156.77556897200026,,inf,15.013802788927523,trend_ratios_change_3y,included in supplementary block,-4.33300876338851,
numeric__trend_accounts_receivable_change_3y,trend_financial,numeric,trend_accounts_receivable_change_3y,one training SD of median-imputed numeric value,249,215,91,158,219,False,False,,26,7.6923076923076925,12.025316455696203,0.06303624521947815,ok,True,0.03950468298274857,0.1704026755606309,1.0402953705588247,0.7449200185734484,1.4527928247633972,0.8166690034980998,0.9962278439864192,0.4965224648768952,-163.42280764279255,,inf,6.634959729214003,trend_financial_change_3y,included in supplementary block,-4.33300876338851,
numeric__trend_free_cash_flow_to_debt_change_2y,trend_ratios,numeric,trend_free_cash_flow_to_debt_change_2y,one training SD of median-imputed numeric value,249,215,91,158,203,False,False,,42,6.593406593406594,22.78481012658228,0.06269551479871027,ok,True,-0.02894984692239455,0.10023782661694224,0.971465185213672,0.7981869969388824,1.182360286125404,0.7727255559497517,0.9962278439864192,0.5987619974961746,-163.4438133669193,,inf,2.9495091659833905,trend_ratios_change_2y,included in supplementary block,-16.191403533175684,
numeric__trend_inventory_slope_3y,trend_financial,numeric,trend_inventory_slope_3y,one training SD of median-imputed numeric value,249,215,91,158,195,False,False,,3,1.098901098901099,1.2658227848101267,0.06227585068429797,ok,True,0.12096589427180662,0.12778883323030205,1.1285864204492517,0.8785384394933718,1.4498025939046741,0.343838715777428,0.8105956198037916,0.4740575879816386,-163.0951299107958,,inf,2.8894431075226654,trend_financial_slope_3y,included in supplementary block,-0.16692168590902767,
numeric__trend_market_to_book_growth_2y,trend_ratios,numeric,trend_market_to_book_growth_2y,one training SD of median-imputed numeric value,249,215,91,158,40,False,False,,209,86.81318681318682,82.27848101265823,0.06220673797387044,ok,True,-0.08472770457816799,0.14443274981635484,0.9187624251459405,0.6922482171295598,1.2193955476841127,0.5574563201124845,0.9375918745615428,0.5018083182640145,-163.2777758803124,,inf,1.2090023984850047,trend_ratios_growth_2y,included in supplementary block,4.5347058005285845,
numeric__trend_working_capital_growth_1y,trend_financial,numeric,trend_working_capital_growth_1y,one training SD of median-imputed numeric value,249,215,91,158,241,False,False,,5,1.098901098901099,2.5316455696202533,0.06179858086939505,ok,True,0.08003730116043843,0.12379993748803102,1.0833274762933103,0.8499258933400147,1.3808244107966388,0.5179522420156575,0.899504249479149,0.465572402281263,-163.32129070169054,,inf,1.1303795523887155,trend_financial_growth_1y,included in supplementary block,-1.4327444707191543,
numeric__trend_market_to_book_slope_3y,trend_ratios,numeric,trend_market_to_book_slope_3y,one training SD of median-imputed numeric value,249,215,91,158,62,False,False,,187,82.41758241758241,70.88607594936708,0.06081780574874518,fit_warning_review,True,,,,,,,,,,divide by zero encountered in divide; invalid value encountered in multiply,inf,14358.168054539998,trend_ratios_slope_3y,included in supplementary block,11.531506468215326,
numeric__trend_operating_cash_flow_to_debt_change_3y,trend_ratios,numeric,trend_operating_cash_flow_to_debt_change_3y,one training SD of median-imputed numeric value,249,215,91,158,184,False,False,,62,13.186813186813188,31.645569620253166,0.060791346342911945,ok,True,-0.09045036580748406,0.10787180668476426,0.9135196745871149,0.7394303238762328,1.1285961217860894,0.40175069763371096,0.8297755683786461,0.654680762275699,-163.27565105408056,,inf,40.961996190253096,trend_ratios_change_3y,included in supplementary block,-18.45875643343998,
numeric__trend_free_cash_flow_to_debt_slope_3y,trend_ratios,numeric,trend_free_cash_flow_to_debt_slope_3y,one training SD of median-imputed numeric value,249,215,91,158,227,False,False,,18,2.197802197802198,10.126582278481013,0.05938221672630384,ok,True,0.10282806946885596,0.10605072455375497,1.1083008419418998,0.9002997359211838,1.3643575658636622,0.3322398617872505,0.7976862035647613,0.4352482960077897,-163.21002270758396,,inf,3.830100799828377,trend_ratios_slope_3y,included in supplementary block,-7.928780080678815,
numeric__trend_operating_cash_flow_margin_slope_3y,trend_ratios,numeric,trend_operating_cash_flow_margin_slope_3y,one training SD of median-imputed numeric value,249,215,91,158,239,False,False,,6,1.098901098901099,3.1645569620253164,0.059146782286201516,ok,True,0.3203436284811971,0.16196852805682718,1.3776010659733342,1.0028953302565684,1.8923058465985292,0.04794968926262441,0.3761075552427583,0.3756433439977743,-162.51192653780456,,inf,10805.9011957004,trend_ratios_slope_3y,included in supplementary block,-2.0656558631242175,
numeric__trend_total_debt_growth_3y,trend_financial,numeric,trend_total_debt_growth_3y,one training SD of median-imputed numeric value,249,215,91,158,189,False,False,,49,12.087912087912088,24.050632911392405,0.05885609158420402,ok,True,0.2789319730714182,0.2454158114099016,1.3217174284341289,0.817034319290662,2.138143918046421,0.2557185570828835,0.7833710126478539,0.6409097231882042,-161.92457423430113,,inf,13.310060328909506,trend_financial_growth_3y,included in supplementary block,-11.962720823480318,
numeric__trend_turnover_growth_2y,trend_market,numeric,trend_turnover_growth_2y,one training SD of median-imputed numeric value,249,215,91,158,241,False,False,,9,4.395604395604396,3.1645569620253164,0.05873996356394584,fit_warning_review,True,,,,,,,,,,divide by zero encountered in divide; invalid value encountered in multiply; overflow encountered in exp,inf,1715.3650084211204,trend_market_growth_2y,included in supplementary block,1.2310474335790795,
numeric__trend_debt_to_assets_growth_3y,trend_ratios,numeric,trend_debt_to_assets_growth_3y,one training SD of median-imputed numeric value,249,215,91,158,188,False,False,,50,13.186813186813188,24.050632911392405,0.05861893753383263,ok,True,0.23877352144844893,0.18998436585597522,1.2696909462521202,0.8749496008999055,1.8425233834457524,0.20882383467131627,0.706402319651068,0.689108359994436,-162.27811372983092,,inf,1.0744522935571472,trend_ratios_growth_3y,included in supplementary block,-10.863819724579217,
numeric__trend_inventory_change_3y,trend_financial,numeric,trend_inventory_change_3y,one training SD of median-imputed numeric value,249,215,91,158,172,False,False,,32,8.791208791208792,15.18987341772152,0.05845697349929857,ok,True,0.1359054463803536,0.13098806715027114,1.1455735703461174,0.8861877462233925,1.4808812361356363,0.29948395397954486,0.7976862035647613,0.46439004033940745,-162.99516843730035,,inf,3.331096039173417,trend_financial_change_3y,included in supplementary block,-6.398664626512728,
numeric__derived_debt_to_equity,derived_ratios,numeric,derived_debt_to_equity,one training SD of median-imputed numeric value,249,215,91,158,61,False,False,,178,79.12087912087912,67.08860759493672,0.05668510256258519,fit_warning_review,True,,,,,,,,,,divide by zero encountered in divide; invalid value encountered in multiply,inf,11918129935.221418,derived_ratios,included in supplementary block,12.032271525942406,
numeric__original_market_monthly_price_04,original_market_history,numeric,original_market_monthly_price_04,one training SD of median-imputed numeric value,249,215,91,158,233,False,False,,0,0.0,0.0,0.05521390372199986,not_converged,False,,,,,,,,,,divide by zero encountered in divide; invalid value encountered in multiply; overflow encountered in exp,inf,3.6106495484889456e+22,original_market_history,included in supplementary block,0.0,
numeric__trend_depreciation_amortization_change_3y,trend_financial,numeric,trend_depreciation_amortization_change_3y,one training SD of median-imputed numeric value,249,215,91,158,107,False,False,,138,58.24175824175825,53.79746835443038,0.05300509275476584,ok,True,-0.20319834562052255,0.2565551573169202,0.8161163522668289,0.4935963436129351,1.3493736512756869,0.42834553757787197,0.8536957234445706,0.4776046738072055,-163.06237025619163,,inf,18.756892506417962,trend_financial_change_3y,included in supplementary block,4.444289887327869,
numeric__trend_working_capital_to_assets_growth_3y,trend_ratios,numeric,trend_working_capital_to_assets_growth_3y,one training SD of median-imputed numeric value,249,215,91,158,219,False,False,,26,7.6923076923076925,12.025316455696203,0.052208160278810256,ok,True,-0.047513958254792814,0.19310017493063064,0.9535971624875661,0.6531272188664733,1.392297736239724,0.805636872145572,0.9962278439864192,0.595979969397691,-163.40559366677599,,inf,1.006769168961102,trend_ratios_growth_3y,included in supplementary block,-4.33300876338851,
numeric__trend_total_liabilities_growth_3y,trend_financial,numeric,trend_total_liabilities_growth_3y,one training SD of median-imputed numeric value,249,215,91,158,219,False,False,,26,7.6923076923076925,12.025316455696203,0.05124369282594321,ok,True,1.372224145005639,0.6792092064651835,3.9441132270234136,1.0418506077443896,14.931151387683027,0.043349564424627555,0.3523103080976532,0.5650994575045208,-158.69536378371205,,inf,63.6538696640428,trend_financial_growth_3y,included in supplementary block,-4.33300876338851,
numeric__trend_interest_coverage_change_1y,trend_ratios,numeric,trend_interest_coverage_change_1y,one training SD of median-imputed numeric value,249,215,91,158,201,False,False,,44,12.087912087912088,20.88607594936709,0.05115560393791796,ok,True,-0.11475459451484397,0.11365823105038898,0.8915849168907757,0.7135372514839412,1.1140604956138325,0.312664854363495,0.7976862035647613,0.5855473640283767,-163.14858330215048,,inf,1.0226675663212146,trend_ratios_change_1y,included in supplementary block,-8.798163861455002,
numeric__trend_operating_cash_flow_to_assets_growth_3y,trend_ratios,numeric,trend_operating_cash_flow_to_assets_growth_3y,one training SD of median-imputed numeric value,249,215,91,158,217,False,False,,29,7.6923076923076925,13.924050632911392,0.05105888546371995,ok,True,-0.1862097620388656,0.15472114056206634,0.8300994533646219,0.6129587574346899,1.1241622607042419,0.2287757191454256,0.7393546420064087,0.6461955765753234,-162.64732208041747,,inf,7.006912486203769,trend_ratios_growth_3y,included in supplementary block,-6.2317429406036995,
numeric__trend_interest_coverage_slope_3y,trend_ratios,numeric,trend_interest_coverage_slope_3y,one training SD of median-imputed numeric value,249,215,91,158,213,False,False,,32,9.89010989010989,14.556962025316455,0.050767527061068574,ok,True,-0.22965836005228477,0.16347575213039836,0.7948050932951606,0.57691234068402,1.0949932802250886,0.16006688858482754,0.6199416002333002,0.523508137432188,-163.06032876926633,,inf,2.2198104069983216,trend_ratios_slope_3y,included in supplementary block,-4.666852135206565,
numeric__trend_ebitda_to_assets_growth_1y,trend_ratios,numeric,trend_ebitda_to_assets_growth_1y,one training SD of median-imputed numeric value,249,215,91,158,239,False,False,,6,1.098901098901099,3.1645569620253164,0.050086956466010246,ok,True,0.27007701044925675,0.15725854588207663,1.310065335568652,0.9625742473025387,1.7830013510834952,0.08590473726901686,0.4931942563209439,0.39004033940742805,-162.5236691691863,,inf,36.531176200836796,trend_ratios_growth_1y,included in supplementary block,-2.0656558631242175,
numeric__trend_debt_to_equity_change_1y,trend_ratios,numeric,trend_debt_to_equity_change_1y,one training SD of median-imputed numeric value,249,215,91,158,45,False,False,,201,82.41758241758241,79.74683544303798,0.05005938898435547,fit_warning_review,True,,,,,,,,,,divide by zero encountered in divide; invalid value encountered in multiply,inf,8395435123.3559475,trend_ratios_change_1y,included in supplementary block,2.6707469745444286,
numeric__derived_cash_to_assets,derived_ratios,numeric,derived_cash_to_assets,one training SD of median-imputed numeric value,249,215,91,158,239,False,False,,0,0.0,0.0,0.04848463543880843,ok,True,-0.7844568710721296,0.18812336016668949,0.4563675008775867,0.3156340261528252,0.6598505820041477,3.0472428545535625e-05,0.000646545440444408,0.6819446376408401,-151.92529960897184,,inf,1.5742030519531633,derived_ratios,included in supplementary block,0.0,
numeric__trend_adjusted_price_change_3y,trend_market,numeric,trend_adjusted_price_change_3y,one training SD of median-imputed numeric value,249,215,91,158,228,False,False,,16,10.989010989010989,3.79746835443038,0.04815131876253331,fit_warning_review,True,,,,,,,,,,divide by zero encountered in divide; invalid value encountered in multiply; overflow encountered in exp,inf,1.0003244944548346,trend_market_change_3y,included in supplementary block,7.191542634580609,
numeric__trend_total_assets_growth_3y,trend_financial,numeric,trend_total_assets_growth_3y,one training SD of median-imputed numeric value,249,215,91,158,219,False,False,,26,7.6923076923076925,12.025316455696203,0.04801099994518432,ok,True,0.3292515089836011,0.11169561027394208,1.3899273908554914,1.1166488877402234,1.730085591864029,0.0032008864041898526,0.04881351766389525,0.45618305744888027,-160.9716572696465,,inf,17.263290424672096,trend_financial_growth_3y,included in supplementary block,-4.33300876338851,
numeric__trend_short_term_debt_growth_2y,trend_financial,numeric,trend_short_term_debt_growth_2y,one training SD of median-imputed numeric value,249,215,91,158,168,False,False,,66,25.274725274725274,27.21518987341772,0.04765287536012108,ok,True,-0.14826469817194862,0.09064435140939649,0.8622028612129938,0.7218597851544937,1.029831262486482,0.10190762744451413,0.5347410988486333,0.4084712755598831,-163.08380888897725,,inf,1.0097982377816166,trend_financial_growth_2y,included in supplementary block,-1.9404645986924471,
numeric__trend_interest_coverage_change_2y,trend_ratios,numeric,trend_interest_coverage_change_2y,one training SD of median-imputed numeric value,249,215,91,158,191,False,False,,54,13.186813186813188,26.582278481012654,0.04731134785228286,ok,True,-0.9079987909859297,0.5480387312382997,0.4033305656991529,0.1377747785774033,1.180735305161865,0.09755688323667817,0.5277609696727968,0.5680901377103909,-161.85377568344495,,inf,5.871850454331478,trend_ratios_change_2y,included in supplementary block,-13.395465294199466,
numeric__trend_revenue_growth_2y,trend_financial,numeric,trend_revenue_growth_2y,one training SD of median-imputed numeric value,249,215,91,158,229,False,False,,16,2.197802197802198,8.860759493670885,0.04718642261495898,ok,True,-0.04147382202205878,0.11440707151226669,0.9593744494959283,0.7666632963845657,1.2005261484227023,0.7169702041479751,0.9941972838942332,0.5370705244122965,-163.4219461167488,,inf,14.886005508077549,trend_financial_growth_2y,included in supplementary block,-6.662957295868687,
numeric__trend_ebitda_margin_change_3y,trend_ratios,numeric,trend_ebitda_margin_change_3y,one training SD of median-imputed numeric value,249,215,91,158,215,False,False,,31,7.6923076923076925,15.18987341772152,0.04704406236134573,ok,True,1.7301168911529818,3.7252624876945215,5.641313289504405,0.00380566924413022,8362.37034509088,0.6423410015753037,0.9799989964868503,0.4042286827096954,-162.3429655358446,,inf,126390.72835623626,trend_ratios_change_3y,included in supplementary block,-7.4975657254138275,
numeric__trend_net_income_growth_1y,trend_financial,numeric,trend_net_income_growth_1y,one training SD of median-imputed numeric value,249,215,91,158,241,False,False,,5,1.098901098901099,2.5316455696202533,0.046889283835964246,ok,True,0.02078312037585586,0.14396798114822498,1.0210005933985598,0.7699813866552322,1.353853781126499,0.8852167353819496,0.9962278439864192,0.44630685769926276,-163.45458905857316,,inf,1.0130696120261422,trend_financial_growth_1y,included in supplementary block,-1.4327444707191543,
numeric__trend_ebitda_to_assets_growth_2y,trend_ratios,numeric,trend_ebitda_to_assets_growth_2y,one training SD of median-imputed numeric value,249,215,91,158,229,False,False,,16,2.197802197802198,8.860759493670885,0.046414733760533844,ok,True,-0.7511692847798374,0.425265949233677,0.4718145445106948,0.20501436499977937,1.0858213004346011,0.07733684229724433,0.4814229986519163,0.6293643065794964,-160.69485940430542,,inf,31.61553234907176,trend_ratios_growth_2y,included in supplementary block,-6.662957295868687,
numeric__trend_adjusted_price_slope_3y,trend_market,numeric,trend_adjusted_price_slope_3y,one training SD of median-imputed numeric value,249,215,91,158,247,False,False,,0,0.0,0.0,0.04581950722392558,fit_warning_review,True,,,,,,,,,,divide by zero encountered in divide; invalid value encountered in multiply; overflow encountered in exp,inf,1.0003173655628013,trend_market_slope_3y,included in supplementary block,0.0,
numeric__trend_debt_to_equity_slope_3y,trend_ratios,numeric,trend_debt_to_equity_slope_3y,one training SD of median-imputed numeric value,249,215,91,158,57,False,False,,187,82.41758241758241,70.88607594936708,0.04490280474588171,fit_warning_review,True,,,,,,,,,,divide by zero encountered in divide; invalid value encountered in multiply,inf,63587051813.892746,trend_ratios_slope_3y,included in supplementary block,11.531506468215326,
numeric__original_market_monthly_price_06,original_market_history,numeric,original_market_monthly_price_06,one training SD of median-imputed numeric value,249,215,91,158,237,False,False,,0,0.0,0.0,0.04461031492032452,not_converged,False,,,,,,,,,,divide by zero encountered in divide; invalid value encountered in multiply; overflow encountered in exp,inf,4.227925230135063e+22,original_market_history,included in supplementary block,0.0,
numeric__trend_ebitda_growth_1y,trend_financial,numeric,trend_ebitda_growth_1y,one training SD of median-imputed numeric value,249,215,91,158,239,False,False,,6,1.098901098901099,3.1645569620253164,0.04425097353931151,ok,True,0.33837803308839626,0.18358664873875108,1.4026706591120743,0.9787831265453495,2.0101337309299665,0.06530687310634688,0.46188049385358376,0.3788426763110308,-162.21619241520148,,inf,1.047214347533445,trend_financial_growth_1y,included in supplementary block,-2.0656558631242175,
numeric__trend_ebitda_to_assets_growth_3y,trend_ratios,numeric,trend_ebitda_to_assets_growth_3y,one training SD of median-imputed numeric value,249,215,91,158,217,False,False,,29,7.6923076923076925,13.924050632911392,0.04299428487587509,ok,True,-0.16938915831701823,0.1635537649602867,0.844180319662177,0.6126578550881563,1.1631947688035313,0.3003520407858894,0.7976862035647613,0.6112811239393517,-162.94444744255964,,inf,4.8672924840594955,trend_ratios_growth_3y,included in supplementary block,-6.2317429406036995,
numeric__trend_net_income_margin_growth_3y,trend_ratios,numeric,trend_net_income_margin_growth_3y,one training SD of median-imputed numeric value,249,215,91,158,217,False,False,,29,7.6923076923076925,13.924050632911392,0.04285459130256242,fit_warning_review,True,,,,,,,,,,divide by zero encountered in divide,inf,3.6481484028781397,trend_ratios_growth_3y,included in supplementary block,-6.2317429406036995,
numeric__trend_shares_outstanding_growth_2y,trend_market,numeric,trend_shares_outstanding_growth_2y,one training SD of median-imputed numeric value,249,215,91,158,231,False,False,,13,4.395604395604396,5.69620253164557,0.0425757678624481,ok,True,0.020992986308389815,0.12388801724554035,1.0212148891261108,0.8010570863443122,1.3018795633306486,0.8654416706560462,0.9962278439864192,0.5947280567533733,-163.4546029131557,,inf,1.7550666676839828,trend_market_growth_2y,included in supplementary block,-1.3005981360411738,
numeric__trend_ebit_growth_1y,trend_financial,numeric,trend_ebit_growth_1y,one training SD of median-imputed numeric value,249,215,91,158,241,False,False,,5,1.098901098901099,2.5316455696202533,0.04252695155518049,ok,True,0.14363722747962496,0.13191795911325555,1.1544652242905615,0.8914399330947164,1.4950978799764476,0.27622552924191246,0.7957002397400588,0.4230769230769231,-163.0401031952643,,inf,1.745999811663392,trend_financial_growth_1y,included in supplementary block,-1.4327444707191543,
numeric__trend_operating_cash_flow_margin_growth_1y,trend_ratios,numeric,trend_operating_cash_flow_margin_growth_1y,one training SD of median-imputed numeric value,249,215,91,158,237,False,False,,9,1.098901098901099,5.063291139240507,0.04244131820845043,ok,True,-0.11386524445996501,0.13380171613298728,0.8923782006867486,0.6865255826409264,1.159955103198868,0.39476941908441465,0.8297755683786461,0.6347892613715399,-163.10221418350739,,inf,67.35846707245359,trend_ratios_growth_1y,included in supplementary block,-3.9643900403394077,
numeric__trend_working_capital_growth_3y,trend_financial,numeric,trend_working_capital_growth_3y,one training SD of median-imputed numeric value,249,215,91,158,219,False,False,,26,7.6923076923076925,12.025316455696203,0.04168298667174253,ok,True,0.09576656878674211,0.10724796008251741,1.1005021424580856,0.891869399364244,1.3579398131813416,0.37188643192281223,0.8297755683786461,0.38941438308526916,-163.20196309226992,,inf,1.0791672951106495,trend_financial_growth_3y,included in supplementary block,-4.33300876338851,
numeric__trend_operating_cash_flow_growth_3y,trend_financial,numeric,trend_operating_cash_flow_growth_3y,one training SD of median-imputed numeric value,249,215,91,158,217,False,False,,29,7.6923076923076925,13.924050632911392,0.0410375392507476,ok,True,-0.061463003324720517,0.13967841191598426,0.9403877363155742,0.7151752509501259,1.2365208295978913,0.659913762994186,0.9799989964868503,0.6185839476978718,-163.35614330868464,,inf,1.325774790610554,trend_financial_growth_3y,included in supplementary block,-6.2317429406036995,
numeric__trend_shareholders_equity_growth_2y,trend_financial,numeric,trend_shareholders_equity_growth_2y,one training SD of median-imputed numeric value,249,215,91,158,40,False,False,,209,86.81318681318682,82.27848101265823,0.04089093348776873,ok,True,-1.6830040894952343,2.085538558669191,0.18581493206529673,0.003117934383908654,11.073738163516904,0.4196735351594608,0.8462838229661854,0.5495201001530116,-161.57823372504552,,inf,1.0750906134771374,trend_financial_growth_2y,included in supplementary block,4.5347058005285845,
numeric__trend_ebit_to_assets_growth_1y,trend_ratios,numeric,trend_ebit_to_assets_growth_1y,one training SD of median-imputed numeric value,249,215,91,158,241,False,False,,5,1.098901098901099,2.5316455696202533,0.03985006162786231,ok,True,0.12887611435710028,0.12277078142173425,1.1375491894233545,0.8942676216020802,1.4470144362819461,0.29384248406273106,0.7976862035647613,0.4269717624148004,-163.10006596238577,,inf,66.60459916853785,trend_ratios_growth_1y,included in supplementary block,-1.4327444707191543,
numeric__derived_ebit_to_assets,derived_ratios,numeric,derived_ebit_to_assets,one training SD of median-imputed numeric value,249,215,91,158,245,False,False,,0,0.0,0.0,0.03942619326114505,ok,True,0.09976113320600608,0.10224831938048501,1.1049069609681805,0.9042567980779807,1.3500804140934537,0.32922552452692966,0.7976862035647613,0.3502573375991097,-163.24401210015452,,inf,129.6479917971585,derived_ratios,included in supplementary block,0.0,
numeric__trend_volume_growth_3y,trend_market,numeric,trend_volume_growth_3y,one training SD of median-imputed numeric value,249,215,91,158,231,False,False,,19,9.89010989010989,6.329113924050633,0.03912180193712711,ok,True,0.5927120329403852,0.10353350660345899,1.808887531684063,1.476670791616029,2.2158453467486763,1.0353554952272529e-08,3.3683565444726627e-07,0.6056475170399221,-162.4589912920792,,inf,6.698468360669801,trend_market_growth_3y,included in supplementary block,3.5609959660592576,
numeric__trend_ebit_to_assets_change_2y,trend_ratios,numeric,trend_ebit_to_assets_change_2y,one training SD of median-imputed numeric value,249,215,91,158,231,False,False,,14,2.197802197802198,7.59493670886076,0.03905687163875782,ok,True,0.046049001176325405,0.11510576983635284,1.047125720091868,0.8356426895414215,1.3121305163091033,0.6891136884758363,0.9890808234594357,0.3926832661009876,-163.40834280737835,,inf,23.104829519828513,trend_ratios_change_2y,included in supplementary block,-5.397134511058562,
numeric__trend_inventory_growth_3y,trend_financial,numeric,trend_inventory_growth_3y,one training SD of median-imputed numeric value,249,215,91,158,159,False,False,,83,28.57142857142857,36.075949367088604,0.037489312317394496,ok,True,-0.5550865399050225,0.3940752722446335,0.5740225831870721,0.2651499190488363,1.2427004586340087,0.15895940146265197,0.6199416002333002,0.5530671859785785,-161.83450128310758,,inf,5.9079480085342935,trend_financial_growth_3y,included in supplementary block,-7.504520795660035,
numeric__trend_operating_cash_flow_margin_growth_2y,trend_ratios,numeric,trend_operating_cash_flow_margin_growth_2y,one training SD of median-imputed numeric value,249,215,91,158,229,False,False,,17,2.197802197802198,9.49367088607595,0.036923044374531644,ok,True,-0.37255625104783774,0.2254378709303092,0.6889708951330654,0.4429021743034598,1.0717511041506516,0.09841444311521418,0.5277609696727968,0.6617053832243706,-160.3947302744437,,inf,2.5593735582766373,trend_ratios_growth_2y,included in supplementary block,-7.295868688273752,
numeric__trend_free_cash_flow_to_debt_change_3y,trend_ratios,numeric,trend_free_cash_flow_to_debt_change_3y,one training SD of median-imputed numeric value,249,215,91,158,184,False,False,,62,13.186813186813188,31.645569620253166,0.03677048755673673,ok,True,-0.03699520527770544,0.10109088190232003,0.9636807559195815,0.7904683247944705,1.1748485931693748,0.7143950258913967,0.9941972838942332,0.5709417165113367,-163.429739857421,,inf,43.30218750558539,trend_ratios_change_3y,included in supplementary block,-18.45875643343998,
numeric__trend_cash_to_assets_change_3y,trend_ratios,numeric,trend_cash_to_assets_change_3y,one training SD of median-imputed numeric value,249,215,91,158,219,False,False,,26,7.6923076923076925,12.025316455696203,0.03659229816503706,ok,True,-0.21489613213637965,0.13238556780752145,0.8066252182644895,0.6222787863381382,1.045583196832109,0.10453394083311908,0.5369743487006539,0.5675337320906941,-162.11217432799197,,inf,1.8512533395946054,trend_ratios_change_3y,included in supplementary block,-4.33300876338851,
numeric__trend_cash_to_assets_change_2y,trend_ratios,numeric,trend_cash_to_assets_change_2y,one training SD of median-imputed numeric value,249,215,91,158,230,False,False,,14,2.197802197802198,7.59493670886076,0.03582771434112608,ok,True,-0.13575374253669856,0.12535304542314096,0.8730576029692136,0.6828765401223568,1.1162040768976684,0.2788211905646517,0.7957002397400588,0.5635693420503546,-162.93293408396858,,inf,1.8220777758389224,trend_ratios_change_2y,included in supplementary block,-5.397134511058562,
numeric__trend_shares_outstanding_change_2y,trend_market,numeric,trend_shares_outstanding_change_2y,one training SD of median-imputed numeric value,249,215,91,158,229,False,False,,8,4.395604395604396,2.5316455696202533,0.03577995040472537,ok,True,0.2551749626102102,0.24868455881813598,1.2906874231593566,0.7927575703064363,2.1013662772817234,0.3048449491155357,0.7976862035647613,0.6815621087772987,-162.0101021923544,,inf,2.663974340832953,trend_market_change_2y,included in supplementary block,1.8639588259841426,
numeric__trend_shares_outstanding_slope_3y,trend_market,numeric,trend_shares_outstanding_slope_3y,one training SD of median-imputed numeric value,249,215,91,158,239,False,False,,3,1.098901098901099,1.2658227848101267,0.03570233653951105,ok,True,0.34031514961463055,0.33259245638887186,1.405390429031857,0.7323080015034408,2.6971195917010165,0.3062039859770135,0.7976862035647613,0.6922381416052302,-161.59482282219219,,inf,2.1093297429785736,trend_market_slope_3y,included in supplementary block,-0.16692168590902767,
numeric__trend_depreciation_amortization_growth_2y,trend_financial,numeric,trend_depreciation_amortization_growth_2y,one training SD of median-imputed numeric value,249,215,91,158,118,False,False,,128,54.94505494505495,49.36708860759494,0.035373273228230584,ok,True,0.306933526921639,0.1638343855689688,1.3592506114964638,0.9859240376967705,1.873939729849395,0.06100795766903476,0.43782181386013186,0.51029350396439,-161.82486775258525,,inf,2.227458664926031,trend_financial_growth_2y,included in supplementary block,5.577966337460012,
numeric__trend_depreciation_amortization_growth_3y,trend_financial,numeric,trend_depreciation_amortization_growth_3y,one training SD of median-imputed numeric value,249,215,91,158,108,False,False,,138,58.24175824175825,53.79746835443038,0.035273172353203375,ok,True,0.8125239080355185,0.5405856257373165,2.2535886654470025,0.7811372182678531,6.501625776189453,0.13282773296768427,0.5685959095458765,0.4856725552928085,-160.42850399901172,,inf,3.5012617116883185,trend_financial_growth_3y,included in supplementary block,4.444289887327869,
numeric__trend_short_term_debt_growth_3y,trend_financial,numeric,trend_short_term_debt_growth_3y,one training SD of median-imputed numeric value,249,215,91,158,156,False,False,,76,28.57142857142857,31.645569620253166,0.03509320871180899,fit_warning_review,True,,,,,,,,,,divide by zero encountered in divide; invalid value encountered in multiply,inf,1.0106017108900245,trend_financial_growth_3y,included in supplementary block,-3.074141048824597,
numeric__trend_operating_cash_flow_margin_change_2y,trend_ratios,numeric,trend_operating_cash_flow_margin_change_2y,one training SD of median-imputed numeric value,249,215,91,158,229,False,False,,17,2.197802197802198,9.49367088607595,0.03497437680424853,ok,True,-0.2477324979964071,0.25614159056881425,0.7805687190491084,0.47247956084536996,1.2895531905503306,0.33345898673608876,0.7976862035647613,0.6907080261510642,-163.04198992172962,,inf,334.5863629396302,trend_ratios_change_2y,included in supplementary block,-7.295868688273752,
numeric__trend_cash_short_term_investments_change_3y,trend_financial,numeric,trend_cash_short_term_investments_change_3y,one training SD of median-imputed numeric value,249,215,91,158,219,False,False,,26,7.6923076923076925,12.025316455696203,0.03494591307002892,ok,True,-0.11807526573194885,0.18549398834797595,0.8886291667728747,0.6177713942086104,1.278242734193029,0.5244212782100479,0.9075091622925652,0.5904159132007234,-163.0828558213588,,inf,3.9443528560112546,trend_financial_change_3y,included in supplementary block,-4.33300876338851,
numeric__trend_current_ratio_growth_2y,trend_ratios,numeric,trend_current_ratio_growth_2y,one training SD of median-imputed numeric value,249,215,91,158,231,False,False,,14,2.197802197802198,7.59493670886076,0.03452734873772778,ok,True,-4.469755531454598,0.009793671883280276,0.011450114701261989,0.011232422961014187,0.011672025450528287,0.0,0.0,0.5753929614689108,-161.73690995465014,,inf,1.0806258067622183,trend_ratios_growth_2y,included in supplementary block,-5.397134511058562,
numeric__original_market_monthly_price_03,original_market_history,numeric,original_market_monthly_price_03,one training SD of median-imputed numeric value,249,215,91,158,227,False,False,,0,0.0,0.0,0.03438601779843742,not_converged,False,,,,,,,,,,divide by zero encountered in divide; invalid value encountered in multiply; overflow encountered in exp,inf,1.1663727091038988e+22,original_market_history,included in supplementary block,0.0,
numeric__trend_net_income_margin_slope_3y,trend_ratios,numeric,trend_net_income_margin_slope_3y,one training SD of median-imputed numeric value,249,215,91,158,239,False,False,,6,1.098901098901099,3.1645569620253164,0.03425487757192136,ok,True,0.3655936917362319,0.09884784482557951,1.4413694833309272,1.1875061975810866,1.7495032798225059,0.00021683468068248063,0.004232612966922022,0.3404506885519544,-162.49296213522155,,inf,95369.9298089949,trend_ratios_slope_3y,included in supplementary block,-2.0656558631242175,
numeric__trend_cash_short_term_investments_growth_1y,trend_financial,numeric,trend_cash_short_term_investments_growth_1y,one training SD of median-imputed numeric value,249,215,91,158,230,False,False,,11,2.197802197802198,5.69620253164557,0.03413696950255751,ok,True,0.09022108694430821,0.10546133113524271,1.0944162180974177,0.8900484995694602,1.3457096540402416,0.3922800810010617,0.8297755683786461,0.39320489636945327,-163.22410143725833,,inf,1.1053576066915998,trend_financial_growth_1y,included in supplementary block,-3.498400333843372,
numeric__trend_shares_outstanding_growth_1y,trend_market,numeric,trend_shares_outstanding_growth_1y,one training SD of median-imputed numeric value,249,215,91,158,222,False,False,,8,1.098901098901099,4.430379746835443,0.033783300652509674,ok,True,0.012213545010276642,0.13188787236502691,1.0122884349310397,0.7817018048950573,1.310893577420744,0.926216958220889,0.9962278439864192,0.5695854778133259,-163.4631979530533,,inf,1.2861027201894224,trend_market_growth_1y,included in supplementary block,-3.3314786479343437,
numeric__trend_ebit_margin_slope_3y,trend_ratios,numeric,trend_ebit_margin_slope_3y,one training SD of median-imputed numeric value,249,215,91,158,239,False,False,,6,1.098901098901099,3.1645569620253164,0.03359739797609751,ok,True,0.2706200705635223,0.1244348616821705,1.310776973012948,1.027092734377429,1.6728151368166697,0.029645629229726016,0.2931718834484066,0.4337877312560856,-162.56467729488605,,inf,13275.981971903318,trend_ratios_slope_3y,included in supplementary block,-2.0656558631242175,
numeric__trend_accounts_receivable_growth_3y,trend_financial,numeric,trend_accounts_receivable_growth_3y,one training SD of median-imputed numeric value,249,215,91,158,217,False,False,,29,8.791208791208792,13.291139240506327,0.033213028296901426,ok,True,0.1282803005529569,0.12973623909673437,1.1368716237849286,0.8816165610266837,1.4660308643274917,0.32277191543674777,0.7976862035647613,0.4998608985950758,-162.9930479516435,,inf,40.631724654942495,trend_financial_growth_3y,included in supplementary block,-4.499930449297535,
numeric__original_cash_short_term_investments,original_financial,numeric,original_cash_short_term_investments,one training SD of median-imputed numeric value,249,215,91,158,238,False,False,,0,0.0,0.0,0.031415137805381965,ok,True,0.5893405792453691,0.24342169331438918,1.8027992201287428,1.1187844990749196,2.905014353330936,0.015474963476319539,0.17562284131264966,0.6669216859090277,-156.9509133454149,,inf,10.081708144307564,original_financial,included in supplementary block,0.0,
numeric__original_market_monthly_price_07,original_market_history,numeric,original_market_monthly_price_07,one training SD of median-imputed numeric value,249,215,91,158,223,False,False,,0,0.0,0.0,0.03129872216572771,not_converged,False,,,,,,,,,,divide by zero encountered in divide; invalid value encountered in multiply; overflow encountered in exp,inf,4.1428873357983935e+22,original_market_history,included in supplementary block,0.0,
numeric__trend_total_assets_growth_1y,trend_financial,numeric,trend_total_assets_growth_1y,one training SD of median-imputed numeric value,249,215,91,158,241,False,False,,5,1.098901098901099,2.5316455696202533,0.031200785341350956,ok,True,-0.07062389327520346,0.17309760864675655,0.9318122870979348,0.6637239379651163,1.3081856608165887,0.6832733824739247,0.9865012149327669,0.6113506746418139,-163.3375978590654,,inf,4.487117604747567,trend_financial_growth_1y,included in supplementary block,-1.4327444707191543,affine_group_025
numeric__trend_cash_short_term_investments_change_1y,trend_financial,numeric,trend_cash_short_term_investments_change_1y,one training SD of median-imputed numeric value,249,215,91,158,238,False,False,,5,1.098901098901099,2.5316455696202533,0.03065240810722414,ok,True,-0.10464718456214395,0.22380265486697373,0.9006422270191331,0.580832808997725,1.3965402927043686,0.6400800508952467,0.9799989964868503,0.617227708999861,-163.18175603250458,,inf,10.709128068898382,trend_financial_change_1y,included in supplementary block,-1.4327444707191543,
numeric__derived_ebitda_margin,derived_ratios,numeric,derived_ebitda_margin,one training SD of median-imputed numeric value,249,215,91,158,243,False,False,,3,0.0,1.89873417721519,0.02967424452246914,ok,True,0.2596598186265608,0.12699695402328978,1.2964889702416846,1.0108083553707319,1.6629103242244667,0.04089287496932208,0.34038418052389297,0.4321880650994575,-162.2559260935169,,inf,138.99461323456046,derived_ratios,included in supplementary block,-1.89873417721519,
numeric__trend_net_income_margin_growth_1y,trend_ratios,numeric,trend_net_income_margin_growth_1y,one training SD of median-imputed numeric value,249,215,91,158,237,False,False,,8,1.098901098901099,4.430379746835443,0.028968488299848216,ok,True,0.01927860022757944,0.14689675896375454,1.0194656324137958,0.7644231691843962,1.3596005688599893,0.8955861564757667,0.9962278439864192,0.4438725831130895,-163.45641274749664,,inf,1.0241425595373357,trend_ratios_growth_1y,included in supplementary block,-3.3314786479343437,
numeric__trend_free_cash_flow_to_debt_growth_1y,trend_ratios,numeric,trend_free_cash_flow_to_debt_growth_1y,one training SD of median-imputed numeric value,249,215,91,158,215,False,False,,30,2.197802197802198,17.72151898734177,0.028812283935899297,ok,True,-0.24195708328318116,0.1526807364703455,0.7850898703084744,0.5820459817675402,1.0589646243913833,0.11302867557279525,0.5440640521841789,0.5410349144526359,-162.38541470229774,,inf,1.9091924348082663,trend_ratios_growth_1y,included in supplementary block,-15.523716789539574,
numeric__trend_net_income_margin_growth_2y,trend_ratios,numeric,trend_net_income_margin_growth_2y,one training SD of median-imputed numeric value,249,215,91,158,229,False,False,,16,2.197802197802198,8.860759493670885,0.02867571303296579,ok,True,-0.23252882896435734,0.25899755656596446,0.7925269012876474,0.477040106022039,1.3166584556217218,0.36929049095064714,0.8297755683786461,0.5825566838225066,-162.6793725646461,,inf,2.2543996964162134,trend_ratios_growth_2y,included in supplementary block,-6.662957295868687,
numeric__trend_inventory_change_1y,trend_financial,numeric,trend_inventory_change_1y,one training SD of median-imputed numeric value,249,215,91,158,186,False,False,,7,1.098901098901099,3.79746835443038,0.02782806714802466,ok,True,0.08187233433155246,0.122240922024261,1.0853172432333036,0.8540927621797788,1.379140030941508,0.5030094694516667,0.8861683071928279,0.4066629572958687,-163.31254083459987,,inf,3.1355286907328805,trend_financial_change_1y,included in supplementary block,-2.698567255529281,
numeric__original_shareholders_equity,original_financial,numeric,original_shareholders_equity,one training SD of median-imputed numeric value,249,215,91,158,72,False,False,,177,79.12087912087912,66.45569620253164,0.02779577575688652,ok,True,-0.14870070101849858,0.09608002479848154,0.86182702025102,0.7138987815282881,1.0404077329347854,0.12170044214148368,0.5602812808023022,0.5094588955348449,-163.18385965139473,,inf,168.69071077979413,original_financial,included in supplementary block,12.665182918347483,
numeric__trend_operating_cash_flow_growth_1y,trend_financial,numeric,trend_operating_cash_flow_growth_1y,one training SD of median-imputed numeric value,249,215,91,158,241,False,False,,5,1.098901098901099,2.5316455696202533,0.027743683292701382,ok,True,-0.09443619070031228,0.13888339702577102,0.9098857919488917,0.6930572669455208,1.1945508601896533,0.49652506505383287,0.8843220136725198,0.623800250382529,-163.20879598426143,,inf,1.0412248614856952,trend_financial_growth_1y,included in supplementary block,-1.4327444707191543,
numeric__trend_revenue_growth_1y,trend_financial,numeric,trend_revenue_growth_1y,one training SD of median-imputed numeric value,249,215,91,158,237,False,False,,8,1.098901098901099,4.430379746835443,0.027622553050713483,ok,True,-0.060000496962007134,0.15450156594896872,0.9417640655631722,0.6957130405146933,1.2748353179206267,0.6977579319992939,0.9904022811532477,0.597579635554319,-163.37670592480683,,inf,1.28876860849629,trend_financial_growth_1y,included in supplementary block,-3.3314786479343437,
numeric__trend_interest_coverage_growth_1y,trend_ratios,numeric,trend_interest_coverage_growth_1y,one training SD of median-imputed numeric value,249,215,91,158,201,False,False,,44,12.087912087912088,20.88607594936709,0.027477608159135025,ok,True,0.06573164049487316,0.10869518410012804,1.0679400868345186,0.863028981980798,1.3215037419143063,0.545355954724245,0.9208778751052996,0.4046459869244679,-163.35830358113884,,inf,8.306855272449454,trend_ratios_growth_1y,included in supplementary block,-8.798163861455002,
numeric__trend_asset_growth_1y,trend_ratios,numeric,trend_asset_growth_1y,one training SD of median-imputed numeric value,249,215,91,158,241,False,False,,5,1.098901098901099,2.5316455696202533,0.026180705020065975,ok,True,-0.07062389327520346,0.17309760864675655,0.9318122870979348,0.6637239379651163,1.3081856608165887,0.6832733824739247,0.9865012149327669,0.6113506746418139,-163.3375978590654,,inf,1.2914220700575965,trend_ratios_growth_1y,included in supplementary block,-1.4327444707191543,affine_group_025
numeric__trend_total_liabilities_growth_1y,trend_financial,numeric,trend_total_liabilities_growth_1y,one training SD of median-imputed numeric value,249,215,91,158,239,False,False,,6,1.098901098901099,3.1645569620253164,0.026127259727582564,ok,True,0.10883077433971428,0.12834399001127403,1.1149736522231177,0.8669978138510233,1.4338747172035795,0.3964593599887869,0.8297755683786461,0.5408958130477118,-163.1087491342662,,inf,4.095182963624707,trend_financial_growth_1y,included in supplementary block,-2.0656558631242175,
numeric__trend_net_income_growth_3y,trend_financial,numeric,trend_net_income_growth_3y,one training SD of median-imputed numeric value,249,215,91,158,219,False,False,,27,7.6923076923076925,12.658227848101266,0.02581898509638414,fit_warning_review,True,,,,,,,,,,divide by zero encountered in divide; invalid value encountered in multiply; overflow encountered in exp,inf,1.259181112012935,trend_financial_growth_3y,included in supplementary block,-4.965920155793573,
numeric__trend_debt_to_equity_change_3y,trend_ratios,numeric,trend_debt_to_equity_change_3y,one training SD of median-imputed numeric value,249,215,91,158,32,False,False,,217,90.10989010989012,85.44303797468355,0.025754382656115293,ok,True,0.19431541728352864,0.11673383914060242,1.2144792903081392,0.966108914486898,1.5267015182969461,0.0959921259201073,0.5277609696727968,0.5248296007789679,-162.48262760129768,,inf,71.62663809416739,trend_ratios_change_3y,included in supplementary block,4.666852135206568,
numeric__trend_ebit_margin_growth_2y,trend_ratios,numeric,trend_ebit_margin_growth_2y,one training SD of median-imputed numeric value,249,215,91,158,229,False,False,,16,2.197802197802198,8.860759493670885,0.025115504591279647,ok,True,0.06485896943386646,0.13407375540584177,1.0670085329550243,0.8204348598239805,1.3876875120141694,0.6285591201346901,0.9799989964868503,0.4072193629155655,-163.34597426621295,,inf,9.772209390802274,trend_ratios_growth_2y,included in supplementary block,-6.662957295868687,
numeric__original_market_monthly_price_09,original_market_history,numeric,original_market_monthly_price_09,one training SD of median-imputed numeric value,249,215,91,158,234,False,False,,0,0.0,0.0,0.024842382464022483,not_converged,False,,,,,,,,,,divide by zero encountered in divide; invalid value encountered in multiply; overflow encountered in exp,inf,4.585373433353904e+22,original_market_history,included in supplementary block,0.0,
numeric__trend_working_capital_to_assets_growth_2y,trend_ratios,numeric,trend_working_capital_to_assets_growth_2y,one training SD of median-imputed numeric value,249,215,91,158,231,False,False,,14,2.197802197802198,7.59493670886076,0.02467600022300065,ok,True,-0.19939079231567883,0.12183296230811089,0.8192296821044146,0.6452102730605012,1.0401837975353625,0.101715849797164,0.5347410988486333,0.5736541939073584,-162.70964047934478,,inf,1.0054306086181175,trend_ratios_growth_2y,included in supplementary block,-5.397134511058562,
numeric__trend_cash_to_assets_slope_3y,trend_ratios,numeric,trend_cash_to_assets_slope_3y,one training SD of median-imputed numeric value,249,215,91,158,243,False,False,,3,1.098901098901099,1.2658227848101267,0.024586341335047113,ok,True,-0.18415295385494948,0.1285526783205365,0.8318085657694296,0.6465455845705449,1.070157320070448,0.1519980147643196,0.5981857355240965,0.5645430518848241,-162.53079912820408,,inf,1.4771501069350863,trend_ratios_slope_3y,included in supplementary block,-0.16692168590902767,
numeric__trend_ebitda_growth_3y,trend_financial,numeric,trend_ebitda_growth_3y,one training SD of median-imputed numeric value,249,215,91,158,217,False,False,,29,7.6923076923076925,13.924050632911392,0.02426061924704359,ok,True,-0.296809137357829,0.26353408361037517,0.743185845240257,0.4433807266487166,1.2457131475700647,0.26005349190359084,0.7833710126478539,0.5824871331200445,-163.03530038813636,,inf,11.993191573114103,trend_financial_growth_3y,included in supplementary block,-6.2317429406036995,
numeric__trend_free_cash_flow_to_debt_growth_3y,trend_ratios,numeric,trend_free_cash_flow_to_debt_growth_3y,one training SD of median-imputed numeric value,249,215,91,158,184,False,False,,62,13.186813186813188,31.645569620253166,0.023478293253967664,ok,True,-0.5234716626556626,0.4001203997441927,0.5924601517554794,0.2704431861063779,1.2979030326911527,0.19077653763343905,0.6896218545564315,0.5688551954374739,-161.82884738516594,,inf,1.0974206499136985,trend_ratios_growth_3y,included in supplementary block,-18.45875643343998,
numeric__market_turnover_change_12m,market_features,numeric,market_turnover_change_12m,one training SD of median-imputed numeric value,249,215,91,158,249,False,False,,1,0.0,0.6329113924050633,0.023450999573828568,ok,True,-0.2831189767093018,0.2510008329540212,0.753430141887961,0.46067080989084563,1.2322399564231503,0.25933668261747433,0.7833710126478539,0.6954374739184865,-161.40042864755267,,inf,2.6377510558595243,market_features,included in supplementary block,-0.6329113924050633,affine_group_027
numeric__trend_turnover_change_1y,trend_market,numeric,trend_turnover_change_1y,one training SD of median-imputed numeric value,249,215,91,158,249,False,False,,1,0.0,0.6329113924050633,0.023450999573828568,ok,True,-0.2831189767093018,0.2510008329540212,0.753430141887961,0.46067080989084563,1.2322399564231503,0.25933668261747433,0.7833710126478539,0.6954374739184865,-161.40042864755267,,inf,7.647718160008771,trend_market_change_1y,included in supplementary block,-0.6329113924050633,affine_group_027
numeric__trend_current_ratio_growth_1y,trend_ratios,numeric,trend_current_ratio_growth_1y,one training SD of median-imputed numeric value,249,215,91,158,241,False,False,,5,1.098901098901099,2.5316455696202533,0.023430934062291353,ok,True,-0.7209337221903152,0.28514266058053017,0.48629797669571545,0.27809206045793333,0.8503864574519903,0.011460774234679868,0.14718046911904673,0.6058561691473083,-159.02445248254008,,inf,1.2769377924540304,trend_ratios_growth_1y,included in supplementary block,-1.4327444707191543,
numeric__original_market_monthly_price_01,original_market_history,numeric,original_market_monthly_price_01,one training SD of median-imputed numeric value,249,215,91,158,230,False,False,,0,0.0,0.0,0.02340769038206658,not_converged,False,,,,,,,,,,divide by zero encountered in divide; invalid value encountered in multiply; overflow encountered in exp,inf,1.2275144910524153e+21,original_market_history,included in supplementary block,0.0,
numeric__trend_free_cash_flow_growth_3y,trend_financial,numeric,trend_free_cash_flow_growth_3y,one training SD of median-imputed numeric value,249,215,91,158,217,False,False,,29,7.6923076923076925,13.924050632911392,0.023210210309824397,ok,True,-0.12155176197086705,0.1408512188535068,0.8855452145969261,0.6719206148490467,1.1670877626990082,0.3881485526119687,0.8297755683786461,0.5239949923494227,-163.0722096342567,,inf,1.1705689949242601,trend_financial_growth_3y,included in supplementary block,-6.2317429406036995,
numeric__trend_ebit_margin_growth_3y,trend_ratios,numeric,trend_ebit_margin_growth_3y,one training SD of median-imputed numeric value,249,215,91,158,217,False,False,,29,7.6923076923076925,13.924050632911392,0.023188361342192376,ok,True,-0.05183341045293685,0.1292472462695739,0.9494870282824864,0.7370103391142544,1.2232197691557065,0.6883901342697097,0.9890808234594357,0.5644735011823618,-163.3864793604513,,inf,5.153531719830838,trend_ratios_growth_3y,included in supplementary block,-6.2317429406036995,
numeric__trend_current_liabilities_growth_1y,trend_financial,numeric,trend_current_liabilities_growth_1y,one training SD of median-imputed numeric value,249,215,91,158,241,False,False,,5,1.098901098901099,2.5316455696202533,0.022677838618545998,ok,True,0.0760228852130411,0.14221683220687825,1.0789872667282032,0.8165092939978886,1.42584233923565,0.5929567981770123,0.962787007393936,0.4969397690916678,-163.29241515588387,,inf,2.827261097971298,trend_financial_growth_1y,included in supplementary block,-1.4327444707191543,
numeric__trend_volume_growth_1y,trend_market,numeric,trend_volume_growth_1y,one training SD of median-imputed numeric value,249,215,91,158,245,False,False,,5,0.0,3.1645569620253164,0.022314355350035564,ok,True,-0.05259735243751125,0.08492467251517895,0.9487619522710395,0.8032842424902108,1.1205862065545547,0.5356915784086524,0.9172543518014822,0.4380303241062734,-163.4025518058711,,inf,44.22054290788339,trend_market_growth_1y,included in supplementary block,-3.1645569620253164,
numeric__trend_ebitda_to_assets_change_1y,trend_ratios,numeric,trend_ebitda_to_assets_change_1y,one training SD of median-imputed numeric value,249,215,91,158,239,False,False,,6,1.098901098901099,3.1645569620253164,0.020839976970979723,ok,True,-0.015168108160222656,0.12493171297029501,0.9849463481663084,0.7710286349396791,1.2582143707827966,0.9033653527163239,0.9962278439864192,0.6089164000556406,-163.460766334681,,inf,19.807601325635734,trend_ratios_change_1y,included in supplementary block,-2.0656558631242175,
numeric__trend_working_capital_to_assets_change_1y,trend_ratios,numeric,trend_working_capital_to_assets_change_1y,one training SD of median-imputed numeric value,249,215,91,158,241,False,False,,5,1.098901098901099,2.5316455696202533,0.0203316779906193,ok,True,-0.04632779667849125,0.12569055803999443,0.9547289539120285,0.7462633211602665,1.2214286158681544,0.7124362335758399,0.9941972838942332,0.6046738072054528,-163.4027856668897,,inf,7.742111642300527,trend_ratios_change_1y,included in supplementary block,-1.4327444707191543,
numeric__trend_adjusted_price_change_1y,trend_market,numeric,trend_adjusted_price_change_1y,one training SD of median-imputed numeric value,249,215,91,158,242,False,False,,0,0.0,0.0,0.01925653591432086,fit_warning_review,True,,,,,,,,,,divide by zero encountered in divide; invalid value encountered in multiply; overflow encountered in exp,inf,1.00013600233354,trend_market_change_1y,included in supplementary block,0.0,
numeric__trend_capex_to_revenue_change_2y,trend_ratios,numeric,trend_capex_to_revenue_change_2y,one training SD of median-imputed numeric value,249,215,91,158,229,False,False,,17,2.197802197802198,9.49367088607595,0.019117071538499175,ok,True,0.07902080835494131,0.13876497839014815,1.0822268411962594,0.82452027089273,1.4204804625816276,0.5690454570947758,0.9445380376267029,0.5226735290026429,-163.28005897993057,,inf,1.2063317974557817,trend_ratios_change_2y,included in supplementary block,-7.295868688273752,
numeric__trend_current_liabilities_growth_3y,trend_financial,numeric,trend_current_liabilities_growth_3y,one training SD of median-imputed numeric value,249,215,91,158,219,False,False,,26,7.6923076923076925,12.025316455696203,0.017508126887293862,ok,True,1.7905218727866195,1.028261307062818,5.9925790143912705,0.79864937784677,44.96466689868578,0.08162922426161334,0.4814229986519163,0.5496592015579357,-159.44617145362224,,inf,77.09456360050882,trend_financial_growth_3y,included in supplementary block,-4.33300876338851,
numeric__trend_turnover_growth_1y,trend_market,numeric,trend_turnover_growth_1y,one training SD of median-imputed numeric value,249,215,91,158,249,False,False,,1,0.0,0.6329113924050633,0.017390194773794443,fit_error,False,,,,,,,,,,LinAlgError: Singular matrix,inf,44.55504442420815,trend_market_growth_1y,included in supplementary block,-0.6329113924050633,
numeric__trend_ebitda_to_assets_change_2y,trend_ratios,numeric,trend_ebitda_to_assets_change_2y,one training SD of median-imputed numeric value,249,215,91,158,229,False,False,,16,2.197802197802198,8.860759493670885,0.017057373679815857,ok,True,-0.0012038916656233888,0.12875384356866434,0.9987968327212243,0.7760356742132454,1.285501615715442,0.9925396201808059,0.996624145366735,0.6007094171651135,-163.46749905948295,,inf,12.040793463582576,trend_ratios_change_2y,included in supplementary block,-6.662957295868687,
numeric__trend_long_term_debt_growth_3y,trend_financial,numeric,trend_long_term_debt_growth_3y,one training SD of median-imputed numeric value,249,215,91,158,171,False,False,,59,14.285714285714285,29.11392405063291,0.016653569906807775,ok,True,0.1331826800426928,0.14786368293889224,1.142458683670098,0.8550247927144188,1.5265192951301456,0.36774115574606814,0.8297755683786461,0.6218876060648213,-162.94451680186017,,inf,12.939621308900966,trend_financial_growth_3y,included in supplementary block,-14.828209764918626,
numeric__trend_cash_to_assets_growth_2y,trend_ratios,numeric,trend_cash_to_assets_growth_2y,one training SD of median-imputed numeric value,249,215,91,158,221,False,False,,21,5.4945054945054945,10.126582278481013,0.015782131724671578,ok,True,-0.3251600591484985,0.338902068170644,0.7224117157837768,0.37180122569488955,1.4036497220424133,0.33733139867524375,0.7995316571765123,0.5893726526637918,-162.5786114888873,,inf,1.0190570783485535,trend_ratios_growth_2y,included in supplementary block,-4.632076783975519,
numeric__trend_capital_expenditures_growth_2y,trend_financial,numeric,trend_capital_expenditures_growth_2y,one training SD of median-imputed numeric value,249,215,91,158,227,False,False,,17,3.296703296703297,8.860759493670885,0.014938386001407622,ok,True,-0.09019616020429287,0.14709149819287917,0.9137519259255655,0.684894683610339,1.2190817100979408,0.5397456621427149,0.9193323423732116,0.5332452357768814,-163.2638404136964,,inf,1.5887092235039246,trend_financial_growth_2y,included in supplementary block,-5.564056196967588,
numeric__trend_working_capital_to_assets_change_2y,trend_ratios,numeric,trend_working_capital_to_assets_change_2y,one training SD of median-imputed numeric value,249,215,91,158,231,False,False,,14,2.197802197802198,7.59493670886076,0.014904178339631091,ok,True,-0.058275286664725603,0.1333096365945992,0.9433902089430123,0.726470521254685,1.2250807985882894,0.6620081220086583,0.9799989964868503,0.5953540130755322,-163.3648745654716,,inf,6.485576662145857,trend_ratios_change_2y,included in supplementary block,-5.397134511058562,
numeric__trend_debt_to_equity_change_2y,trend_ratios,numeric,trend_debt_to_equity_change_2y,one training SD of median-imputed numeric value,249,215,91,158,36,False,False,,209,86.81318681318682,82.27848101265823,0.014891015941168817,ok,True,-0.26139825833968144,0.10561354393549538,0.769974209893851,0.626004949894936,0.9470536678682195,0.013321944390101141,0.16252772155923392,0.4529837251356239,-162.5887980699775,,inf,5450.894423447858,trend_ratios_change_2y,included in supplementary block,4.5347058005285845,
numeric__trend_cash_to_assets_change_1y,trend_ratios,numeric,trend_cash_to_assets_change_1y,one training SD of median-imputed numeric value,249,215,91,158,239,False,False,,5,1.098901098901099,2.5316455696202533,0.014706516434613404,ok,True,-0.2735369809140128,0.14984635557973305,0.7606842050385291,0.5670938656542269,1.0203609928447228,0.06793319908980283,0.4669211430397716,0.5869383780776186,-161.5323041029862,,inf,1.3465979695699306,trend_ratios_change_1y,included in supplementary block,-1.4327444707191543,
numeric__market_volatility_36m,market_features,numeric,market_volatility_36m,one training SD of median-imputed numeric value,249,215,91,158,233,False,False,,16,10.989010989010989,3.79746835443038,0.014375925016743007,ok,True,0.045818308946697944,0.13353649241279095,1.0468841841860992,0.8058091051246506,1.3600820444061121,0.7315123111841122,0.9962278439864192,0.6484907497565726,-163.4033837992186,,inf,1.2690545347722568,market_features,included in supplementary block,7.191542634580609,
numeric__trend_ebitda_margin_growth_1y,trend_ratios,numeric,trend_ebitda_margin_growth_1y,one training SD of median-imputed numeric value,249,215,91,158,237,False,False,,9,1.098901098901099,5.063291139240507,0.014261453562753434,ok,True,0.24508213665908724,0.15278122500548003,1.2777262570609418,0.9470877189245517,1.7237942751879576,0.10868368360874395,0.5412003836843576,0.38607594936708867,-162.63764581535304,,inf,35.96629250690752,trend_ratios_growth_1y,included in supplementary block,-3.9643900403394077,
numeric__trend_ebit_growth_3y,trend_financial,numeric,trend_ebit_growth_3y,one training SD of median-imputed numeric value,249,215,91,158,219,False,False,,27,7.6923076923076925,12.658227848101266,0.01416527944759327,ok,True,-0.04179249485683176,0.1459504903790859,0.9590687716287017,0.7204709385101917,1.2766828744201668,0.7746123122817539,0.9962278439864192,0.5320628738350258,-163.41638288687133,,inf,1.466878948094963,trend_financial_growth_3y,included in supplementary block,-4.965920155793573,
numeric__trend_liabilities_to_assets_growth_2y,trend_ratios,numeric,trend_liabilities_to_assets_growth_2y,one training SD of median-imputed numeric value,249,215,91,158,231,False,False,,14,2.197802197802198,7.59493670886076,0.01386161476694836,ok,True,-0.011762201276790547,0.11788570098440831,0.9883067029927577,0.7844174571429019,1.245191741063553,0.9205219091192751,0.9962278439864192,0.3693142300737237,-163.46359075570373,,inf,1.411814549145769,trend_ratios_growth_2y,included in supplementary block,-5.397134511058562,
numeric__trend_free_cash_flow_growth_2y,trend_financial,numeric,trend_free_cash_flow_growth_2y,one training SD of median-imputed numeric value,249,215,91,158,231,False,False,,14,2.197802197802198,7.59493670886076,0.013574331093706204,ok,True,-0.15421989191942212,0.12487235211316973,0.8570835345453752,0.6710140490649175,1.0947493367873211,0.2168229427676982,0.7101315172525955,0.5215607177632494,-162.95055158385873,,inf,1.1553106253001564,trend_financial_growth_2y,included in supplementary block,-5.397134511058562,
numeric__trend_shareholders_equity_slope_3y,trend_financial,numeric,trend_shareholders_equity_slope_3y,one training SD of median-imputed numeric value,249,215,91,158,62,False,False,,187,82.41758241758241,70.88607594936708,0.013502858039242671,ok,True,0.17312099570815145,0.09166450833082844,1.189009961483142,0.9934831878465608,1.423018231008545,0.058940465593309524,0.4334686404964924,0.4234942272916956,-162.83115706330582,,inf,10.1528518060501,trend_financial_slope_3y,included in supplementary block,11.531506468215326,
numeric__derived_market_to_book,derived_ratios,numeric,derived_market_to_book,one training SD of median-imputed numeric value,249,215,91,158,72,False,False,,177,79.12087912087912,66.45569620253164,0.012972703583799428,ok,True,-1.2876658823805072,4.927360518635696,0.275914047910522,1.7643995376752248e-05,4314.700849144233,0.7938382278552334,0.9962278439864192,0.587216580887467,-162.43037858514018,,inf,2114.90738538938,derived_ratios,included in supplementary block,12.665182918347483,
numeric__trend_ebitda_margin_growth_3y,trend_ratios,numeric,trend_ebitda_margin_growth_3y,one training SD of median-imputed numeric value,249,215,91,158,215,False,False,,31,7.6923076923076925,15.18987341772152,0.012375980364941475,ok,True,-0.12218351587294632,0.094789641809871,0.8849859446312295,0.7349389827164101,1.0656668657036552,0.19739930577215237,0.693027778538204,0.6161496731116985,-163.2331221285924,,inf,3.814717661545651,trend_ratios_growth_3y,included in supplementary block,-7.4975657254138275,
numeric__trend_debt_to_equity_growth_2y,trend_ratios,numeric,trend_debt_to_equity_growth_2y,one training SD of median-imputed numeric value,249,215,91,158,32,False,False,,216,87.91208791208791,86.07594936708861,0.01178799527548291,ok,True,0.09508038440127298,0.13029747828640614,1.0997472540976785,0.8518899047184277,1.419718693925757,0.46556272099841345,0.8704774247020144,0.508763388510224,-163.19178717084753,,inf,2.7586728469091697,trend_ratios_growth_2y,included in supplementary block,1.8361385449993008,
numeric__original_turnover,original_market,numeric,original_turnover,one training SD of median-imputed numeric value,249,215,91,158,249,False,False,,1,0.0,0.6329113924050633,0.01118726043065088,ok,True,-0.15650978488535844,0.08660674992286851,0.8551231503799794,0.7216205043254632,1.0133243137254055,0.07074178005424916,0.4794720648121332,0.4042982334121574,-163.1692793797287,,inf,183.767468838078,original_market,included in supplementary block,-0.6329113924050633,
numeric__trend_operating_cash_flow_to_assets_change_3y,trend_ratios,numeric,trend_operating_cash_flow_to_assets_change_3y,one training SD of median-imputed numeric value,249,215,91,158,217,False,False,,29,7.6923076923076925,13.924050632911392,0.011010775856608479,ok,True,-0.32088156336412305,0.3667219504351157,0.7255091727676181,0.35358075395606586,1.4886657542320778,0.3815741182715291,0.8297755683786461,0.6688691055779663,-161.15867051642826,,inf,6.2466150150671025,trend_ratios_change_3y,included in supplementary block,-6.2317429406036995,
numeric__original_market_monthly_price_12,original_market_history,numeric,original_market_monthly_price_12,one training SD of median-imputed numeric value,249,215,91,158,238,False,False,,0,0.0,0.0,0.010971872883583478,not_converged,False,,,,,,,,,,divide by zero encountered in divide; invalid value encountered in multiply; overflow encountered in exp,inf,4.7151920995177055e+21,original_market_history,included in supplementary block,0.0,
numeric__trend_ebitda_margin_change_2y,trend_ratios,numeric,trend_ebitda_margin_change_2y,one training SD of median-imputed numeric value,249,215,91,158,227,False,False,,18,2.197802197802198,10.126582278481013,0.010305803848249528,ok,True,-0.22228003637973012,0.12679175626001182,0.8006911102966706,0.6245103900369218,1.0265742001029194,0.07958293710880662,0.4814229986519163,0.6261649742662401,-163.08171557401207,,inf,5974.111504658108,trend_ratios_change_2y,included in supplementary block,-7.928780080678815,
missing__missingindicator_market_maximum_drawdown_36m,missing_market_features,missing,market_maximum_drawdown_36m,0 to 1 missingness indicator,249,215,91,158,2,False,False,16.0,16,10.989010989010989,3.79746835443038,0.009521245438488701,ok,True,1.1402569899397483,0.5378483722693842,3.1275720164606553,1.0899082857075684,8.974798014126009,0.034003153976753145,0.30728776186399137,0.5359577131729031,-161.09675079423437,,inf,,missing_market_features,affine duplicate of missing__missingindicator_market_return_36m,7.191542634580609,affine_group_004
missing__missingindicator_market_return_36m,missing_market_features,missing,market_return_36m,0 to 1 missingness indicator,249,215,91,158,2,False,False,16.0,16,10.989010989010989,3.79746835443038,0.009521245438488701,ok,True,1.1402569899397483,0.5378483722693842,3.1275720164606553,1.0899082857075684,8.974798014126009,0.034003153976753145,0.30728776186399137,0.5359577131729031,-161.09675079423437,,inf,1.7281918008726653,missing_market_features,included in supplementary block,7.191542634580609,affine_group_004
missing__missingindicator_market_volatility_36m,missing_market_features,missing,market_volatility_36m,0 to 1 missingness indicator,249,215,91,158,2,False,False,16.0,16,10.989010989010989,3.79746835443038,0.009521245438488701,ok,True,1.1402569899397483,0.5378483722693842,3.1275720164606553,1.0899082857075684,8.974798014126009,0.034003153976753145,0.30728776186399137,0.5359577131729031,-161.09675079423437,,inf,,missing_market_features,affine duplicate of missing__missingindicator_market_return_36m,7.191542634580609,affine_group_004
numeric__trend_long_term_debt_growth_2y,trend_financial,numeric,trend_long_term_debt_growth_2y,one training SD of median-imputed numeric value,249,215,91,158,185,False,False,,45,5.4945054945054945,25.31645569620253,0.009453898366567293,ok,True,-0.06619930419860916,0.0953163692972456,0.9359443080712544,0.7764554932545763,1.1281931230072038,0.4873549828753537,0.8843220136725198,0.3903185422172764,-163.36987892082323,,inf,2.461769057836575,trend_financial_growth_2y,included in supplementary block,-19.821950201697035,
missing__missingindicator_original_shareholders_equity,missing_original_financial,missing,original_shareholders_equity,0 to 1 missingness indicator,249,215,91,158,2,False,False,72.0,177,79.12087912087912,66.45569620253164,0.009336092497249066,ok,True,0.6485587032413113,0.31411204758531946,1.9127819548816671,1.0334579402213955,3.5402841901211084,0.03894791083292601,0.33344878046434895,0.5633259145917373,-161.142853876603,,inf,1.0360933099677587,missing_original_financial,included in supplementary block,12.665182918347483,
numeric__original_market_monthly_price_02,original_market_history,numeric,original_market_monthly_price_02,one training SD of median-imputed numeric value,249,215,91,158,236,False,False,,0,0.0,0.0,0.009300598453627407,not_converged,False,,,,,,,,,,divide by zero encountered in divide; invalid value encountered in multiply; overflow encountered in exp,inf,6.139956653230654e+21,original_market_history,included in supplementary block,0.0,
numeric__trend_liabilities_to_equity_slope_3y,trend_ratios,numeric,trend_liabilities_to_equity_slope_3y,one training SD of median-imputed numeric value,249,215,91,158,62,False,False,,187,82.41758241758241,70.88607594936708,0.009034645745928938,fit_warning_review,True,,,,,,,,,,divide by zero encountered in divide; invalid value encountered in multiply,inf,63643006550.00768,trend_ratios_slope_3y,included in supplementary block,11.531506468215326,
numeric__trend_short_term_debt_growth_1y,trend_financial,numeric,trend_short_term_debt_growth_1y,one training SD of median-imputed numeric value,249,215,91,158,179,False,False,,53,18.681318681318682,22.78481012658228,0.008411181391936307,fit_warning_review,True,,,,,,,,,,divide by zero encountered in divide; invalid value encountered in multiply,inf,1.0051170415538428,trend_financial_growth_1y,included in supplementary block,-4.103491445263597,
numeric__trend_depreciation_amortization_growth_1y,trend_financial,numeric,trend_depreciation_amortization_growth_1y,one training SD of median-imputed numeric value,249,215,91,158,134,False,False,,111,45.05494505494506,44.303797468354425,0.007894712426905093,ok,True,-0.29340266522800323,0.2925329951604529,0.7457218039934738,0.4203124986212731,1.3230656018448823,0.3158739389966446,0.7976862035647613,0.5295590485463904,-163.03572722970873,,inf,1.023597928590558,trend_financial_growth_1y,included in supplementary block,0.7511475865906334,
numeric__trend_ebit_margin_growth_1y,trend_ratios,numeric,trend_ebit_margin_growth_1y,one training SD of median-imputed numeric value,249,215,91,158,237,False,False,,8,1.098901098901099,4.430379746835443,0.007877769860106465,ok,True,0.08040444279324425,0.12245653966034248,1.0837252839332248,0.8524796299366321,1.377699184581631,0.5114408860651679,0.8945632702501861,0.42022534427597724,-163.30102943045267,,inf,47.38487135135158,trend_ratios_growth_1y,included in supplementary block,-3.3314786479343437,
numeric__trend_capex_to_revenue_growth_1y,trend_ratios,numeric,trend_capex_to_revenue_growth_1y,one training SD of median-imputed numeric value,249,215,91,158,231,False,False,,14,2.197802197802198,7.59493670886076,0.007595381951607472,ok,True,-0.23904175405939665,0.15263767374240847,0.7873820052913001,0.5837945842781035,1.0619667241743584,0.11733150606293848,0.5453121424639427,0.5086242871052997,-162.50070965450237,,inf,1.1809605116331627,trend_ratios_growth_1y,included in supplementary block,-5.397134511058562,
missing__missingindicator_original_long_term_debt,missing_original_financial,missing,original_long_term_debt,0 to 1 missingness indicator,249,215,91,158,2,False,True,4.0,4,0.0,2.5316455696202533,0.007382309998763825,complete_or_quasi_separation,False,,,,,,,,,,Class supports are disjoint/touching; unpenalized MLE is not finite,inf,,missing_original_financial,affine duplicate of missing__missingindicator_original_total_debt,-2.5316455696202533,affine_group_012
missing__missingindicator_original_total_debt,missing_original_financial,missing,original_total_debt,0 to 1 missingness indicator,249,215,91,158,2,False,True,4.0,4,0.0,2.5316455696202533,0.007382309998763825,complete_or_quasi_separation,False,,,,,,,,,,Class supports are disjoint/touching; unpenalized MLE is not finite,inf,2.016309577935323,missing_original_financial,included in supplementary block,-2.5316455696202533,affine_group_012
numeric__trend_shareholders_equity_change_2y,trend_financial,numeric,trend_shareholders_equity_change_2y,one training SD of median-imputed numeric value,249,215,91,158,40,False,False,,209,86.81318681318682,82.27848101265823,0.007102281280582989,ok,True,-0.27328446435444603,0.15463394154983623,0.7608763146513106,0.5619393120589228,1.0302407284448103,0.0771781086899841,0.4814229986519163,0.5794964529141745,-161.57075262542276,,inf,2.1087778877293673,trend_financial_change_2y,included in supplementary block,4.5347058005285845,
numeric__trend_capex_to_revenue_change_3y,trend_ratios,numeric,trend_capex_to_revenue_change_3y,one training SD of median-imputed numeric value,249,215,91,158,215,False,False,,31,7.6923076923076925,15.18987341772152,0.00647653450456831,fit_warning_review,True,,,,,,,,,,divide by zero encountered in divide; invalid value encountered in multiply,inf,50732.56089076025,trend_ratios_change_3y,included in supplementary block,-7.4975657254138275,
numeric__trend_current_assets_growth_3y,trend_financial,numeric,trend_current_assets_growth_3y,one training SD of median-imputed numeric value,249,215,91,158,219,False,False,,26,7.6923076923076925,12.025316455696203,0.006209491445430704,ok,True,0.5274682358709626,0.5022663772179194,1.6946364530830433,0.6332083436387413,4.535304591242555,0.2936370727530694,0.7976862035647613,0.4489497843928224,-162.03808975895174,,inf,24.292157745746902,trend_financial_growth_3y,included in supplementary block,-4.33300876338851,
numeric__trend_ebit_margin_change_1y,trend_ratios,numeric,trend_ebit_margin_change_1y,one training SD of median-imputed numeric value,249,215,91,158,237,False,False,,8,1.098901098901099,4.430379746835443,0.005563971376894683,ok,True,-0.24669188498698305,0.20145982534683596,0.7813814117888821,0.5264779192686838,1.1597008883815954,0.22075556551511133,0.7181914398091622,0.6192099040200306,-162.74356708453814,,inf,288.2481404429213,trend_ratios_change_1y,included in supplementary block,-3.3314786479343437,
numeric__trend_cash_to_assets_growth_3y,trend_ratios,numeric,trend_cash_to_assets_growth_3y,one training SD of median-imputed numeric value,249,215,91,158,212,False,False,,29,8.791208791208792,13.291139240506327,0.005523213838123819,ok,True,-0.037506807285487456,0.13172196323482,0.9631878610037572,0.7440276274280394,1.2469037726354066,0.7758416243336195,0.9962278439864192,0.5691681735985534,-163.42892927100337,,inf,1.1132815989957954,trend_ratios_growth_3y,included in supplementary block,-4.499930449297535,
numeric__derived_liabilities_to_equity,derived_ratios,numeric,derived_liabilities_to_equity,one training SD of median-imputed numeric value,249,215,91,158,72,False,False,,177,79.12087912087912,66.45569620253164,0.005503777374830099,ok,True,-0.8824497132084915,1.0511625170148775,0.41376805606430395,0.052723690546658715,3.247193101319853,0.4011894401261248,0.8297755683786461,0.4929753790513284,-162.4574662838583,,inf,11921078573.17918,derived_ratios,included in supplementary block,12.665182918347483,
numeric__original_adjusted_price,original_market,numeric,original_adjusted_price,one training SD of median-imputed numeric value,249,215,91,158,230,False,False,,0,0.0,0.0,0.005449498462705149,not_converged,False,,,,,,,,,,divide by zero encountered in divide; invalid value encountered in multiply; overflow encountered in exp,inf,1.0146376136614565,original_market,included in supplementary block,0.0,affine_group_021
numeric__trend_market_to_book_growth_1y,trend_ratios,numeric,trend_market_to_book_growth_1y,one training SD of median-imputed numeric value,249,215,91,158,49,False,False,,201,82.41758241758241,79.74683544303798,0.005166362956323445,ok,True,0.4782490225324501,0.07881248125804005,1.613247168262563,1.3823423256321177,1.8827220852961124,1.2936071613063976e-09,6.31280294717522e-08,0.4819863680623174,-162.46524363803445,,inf,1100847.441599471,trend_ratios_growth_1y,included in supplementary block,2.6707469745444286,
numeric__trend_current_ratio_change_3y,trend_ratios,numeric,trend_current_ratio_change_3y,one training SD of median-imputed numeric value,249,215,91,158,219,False,False,,26,7.6923076923076925,12.025316455696203,0.00452328712487815,ok,True,-0.24308404434797207,0.1879603055492236,0.7842056029533031,0.5425475900895775,1.13350135349752,0.19591655226859772,0.6928063587469253,0.603352343858673,-161.88868068312024,,inf,3.261386876678959,trend_ratios_change_3y,included in supplementary block,-4.33300876338851,
numeric__trend_ebitda_to_assets_change_3y,trend_ratios,numeric,trend_ebitda_to_assets_change_3y,one training SD of median-imputed numeric value,249,215,91,158,217,False,False,,29,7.6923076923076925,13.924050632911392,0.004485844823643781,ok,True,-0.05198142742739933,0.14344241403980343,0.9493464984859229,0.7166817553303122,1.2575439063215728,0.7170640959764611,0.9941972838942332,0.565169008206983,-163.3857206808063,,inf,63.806046226163474,trend_ratios_change_3y,included in supplementary block,-6.2317429406036995,
numeric__trend_capex_to_revenue_growth_3y,trend_ratios,numeric,trend_capex_to_revenue_growth_3y,one training SD of median-imputed numeric value,249,215,91,158,211,False,False,,33,7.6923076923076925,16.455696202531644,0.004245758985903958,ok,True,-0.21637694441614147,0.21819550294025641,0.8054316416856521,0.5251705186130073,1.2352561814431926,0.3213607440286531,0.7976862035647613,0.5383224370566143,-162.68005160930434,,inf,1.0386590157133366,trend_ratios_growth_3y,included in supplementary block,-8.763388510223951,
categorical__industry_Home & Office Products,categorical_industry,categorical,industry,0 to 1 category indicator,249,215,91,158,2,False,True,1.0,0,0.0,0.0,0.004056616094325071,complete_or_quasi_separation,False,,,,,,,,,,Class supports are disjoint/touching; unpenalized MLE is not finite,inf,1.0392875851231036,categorical_industry,included in supplementary block,0.0,
missing__missingindicator_original_inventory,missing_original_financial,missing,original_inventory,0 to 1 missingness indicator,249,215,91,158,2,False,True,2.0,2,0.0,1.2658227848101267,0.0036721846797937996,complete_or_quasi_separation,False,,,,,,,,,,Class supports are disjoint/touching; unpenalized MLE is not finite,inf,1.0079292393482082,missing_original_financial,included in supplementary block,-1.2658227848101267,
missing__missingindicator_original_total_liabilities,missing_original_financial,missing,original_total_liabilities,0 to 1 missingness indicator,249,215,91,158,2,False,True,2.0,2,0.0,1.2658227848101267,0.0036721846797937996,complete_or_quasi_separation,False,,,,,,,,,,Class supports are disjoint/touching; unpenalized MLE is not finite,inf,4.042557860771707,missing_original_financial,included in supplementary block,-1.2658227848101267,
numeric__trend_current_ratio_change_2y,trend_ratios,numeric,trend_current_ratio_change_2y,one training SD of median-imputed numeric value,249,215,91,158,231,False,False,,14,2.197802197802198,7.59493670886076,0.0035483941673488673,ok,True,-0.13275592582513404,0.1344119718562296,0.8756787966075652,0.6728730838879873,1.1396106831875066,0.3233097224724094,0.7976862035647613,0.544651550980665,-162.95842746942574,,inf,2.1689193104551583,trend_ratios_change_2y,included in supplementary block,-5.397134511058562,
numeric__trend_inventory_growth_2y,trend_financial,numeric,trend_inventory_growth_2y,one training SD of median-imputed numeric value,249,215,91,158,167,False,False,,78,27.472527472527474,33.54430379746836,0.0030439988986017408,ok,True,-0.25561837612701394,0.1722506245919116,0.7744374562275635,0.5525433447442205,1.0854413129993503,0.13781130903469602,0.5797579207666522,0.5837390457643621,-162.17038438155038,,inf,1.0786386337985727,trend_financial_growth_2y,included in supplementary block,-6.071776324940885,
categorical__industry_Oil & Gas Supply Chain,categorical_industry,categorical,industry,0 to 1 category indicator,249,215,91,158,2,False,True,7.0,0,0.0,0.0,0.0025267224539305966,ok,True,0.8651990707164162,0.7809568414278735,2.3754789272029995,0.5140430758090884,10.977484960192797,0.2679177340318969,0.7919804749069446,0.5124843510919461,-162.83838701738938,,inf,1.267679413305396,categorical_industry,included in supplementary block,0.0,
numeric__trend_liabilities_to_equity_change_3y,trend_ratios,numeric,trend_liabilities_to_equity_change_3y,one training SD of median-imputed numeric value,249,215,91,158,32,False,False,,217,90.10989010989012,85.44303797468355,0.0019170440042552972,ok,True,0.1742145399534302,0.12137760882641774,1.1903109076755687,0.9383040814357814,1.5100009527438107,0.15119867562389855,0.5981857355240965,0.5246904993740438,-162.64431712292492,,inf,74.1084407958228,trend_ratios_change_3y,included in supplementary block,4.666852135206568,
missing__missingindicator_market_turnover_change_12m,missing_market_features,missing,market_turnover_change_12m,0 to 1 missingness indicator,249,215,91,158,2,False,True,1.0,1,0.0,0.6329113924050633,0.001831399165541897,complete_or_quasi_separation,False,,,,,,,,,,Class supports are disjoint/touching; unpenalized MLE is not finite,inf,1.106648817492191,missing_market_features,included in supplementary block,-0.6329113924050633,affine_group_013
missing__missingindicator_original_capital_expenditures,missing_original_financial,missing,original_capital_expenditures,0 to 1 missingness indicator,249,215,91,158,2,False,True,1.0,1,0.0,0.6329113924050633,0.001831399165541897,complete_or_quasi_separation,False,,,,,,,,,,Class supports are disjoint/touching; unpenalized MLE is not finite,inf,,missing_original_financial,affine duplicate of missing__missingindicator_original_ebitda,-0.6329113924050633,affine_group_001
missing__missingindicator_original_ebitda,missing_original_financial,missing,original_ebitda,0 to 1 missingness indicator,249,215,91,158,2,False,True,1.0,1,0.0,0.6329113924050633,0.001831399165541897,complete_or_quasi_separation,False,,,,,,,,,,Class supports are disjoint/touching; unpenalized MLE is not finite,inf,1.0178241265205472,missing_original_financial,included in supplementary block,-0.6329113924050633,affine_group_001
missing__missingindicator_original_free_cash_flow,missing_original_financial,missing,original_free_cash_flow,0 to 1 missingness indicator,249,215,91,158,2,False,True,1.0,1,0.0,0.6329113924050633,0.001831399165541897,complete_or_quasi_separation,False,,,,,,,,,,Class supports are disjoint/touching; unpenalized MLE is not finite,inf,,missing_original_financial,affine duplicate of missing__missingindicator_original_ebitda,-0.6329113924050633,affine_group_001
missing__missingindicator_original_operating_cash_flow,missing_original_financial,missing,original_operating_cash_flow,0 to 1 missingness indicator,249,215,91,158,2,False,True,1.0,1,0.0,0.6329113924050633,0.001831399165541897,complete_or_quasi_separation,False,,,,,,,,,,Class supports are disjoint/touching; unpenalized MLE is not finite,inf,,missing_original_financial,affine duplicate of missing__missingindicator_original_ebitda,-0.6329113924050633,affine_group_001
missing__missingindicator_original_signed_log_capital_expenditures,missing_original_market,missing,original_signed_log_capital_expenditures,0 to 1 missingness indicator,249,215,91,158,2,False,True,1.0,1,0.0,0.6329113924050633,0.001831399165541897,complete_or_quasi_separation,False,,,,,,,,,,Class supports are disjoint/touching; unpenalized MLE is not finite,inf,,missing_original_market,affine duplicate of missing__missingindicator_original_signed_log_ebitda,-0.6329113924050633,affine_group_001
missing__missingindicator_original_signed_log_ebitda,missing_original_market,missing,original_signed_log_ebitda,0 to 1 missingness indicator,249,215,91,158,2,False,True,1.0,1,0.0,0.6329113924050633,0.001831399165541897,complete_or_quasi_separation,False,,,,,,,,,,Class supports are disjoint/touching; unpenalized MLE is not finite,inf,1.0003522863383374,missing_original_market,included in supplementary block,-0.6329113924050633,affine_group_001
missing__missingindicator_original_signed_log_free_cash_flow,missing_original_market,missing,original_signed_log_free_cash_flow,0 to 1 missingness indicator,249,215,91,158,2,False,True,1.0,1,0.0,0.6329113924050633,0.001831399165541897,complete_or_quasi_separation,False,,,,,,,,,,Class supports are disjoint/touching; unpenalized MLE is not finite,inf,,missing_original_market,affine duplicate of missing__missingindicator_original_signed_log_ebitda,-0.6329113924050633,affine_group_001
missing__missingindicator_original_signed_log_operating_cash_flow,missing_original_market,missing,original_signed_log_operating_cash_flow,0 to 1 missingness indicator,249,215,91,158,2,False,True,1.0,1,0.0,0.6329113924050633,0.001831399165541897,complete_or_quasi_separation,False,,,,,,,,,,Class supports are disjoint/touching; unpenalized MLE is not finite,inf,,missing_original_market,affine duplicate of missing__missingindicator_original_signed_log_ebitda,-0.6329113924050633,affine_group_001
missing__missingindicator_original_turnover,missing_original_market,missing,original_turnover,0 to 1 missingness indicator,249,215,91,158,2,False,True,1.0,1,0.0,0.6329113924050633,0.001831399165541897,complete_or_quasi_separation,False,,,,,,,,,,Class supports are disjoint/touching; unpenalized MLE is not finite,inf,1.0003522863383374,missing_original_market,included in supplementary block,-0.6329113924050633,affine_group_013
categorical__sector_Energy,categorical_sector,categorical,sector,0 to 1 category indicator,249,215,91,158,2,False,False,10.0,0,0.0,0.0,0.0015748981607703466,ok,True,0.5760906251389012,0.6521243230868128,1.7790697674418132,0.49556856393594706,6.386783722291473,0.3770168794431378,0.8297755683786461,0.5116497426624009,-163.0753912663862,,inf,1.0813380102689236,categorical_sector,included in supplementary block,0.0,
numeric__trend_shareholders_equity_growth_1y,trend_financial,numeric,trend_shareholders_equity_growth_1y,one training SD of median-imputed numeric value,249,215,91,158,49,False,False,,201,82.41758241758241,79.74683544303798,0.0015559151523552028,ok,True,-0.887858177940679,0.42336477315428717,0.4115362468966699,0.17948962258067744,0.9435759019085994,0.03598056157605091,0.31924570998386986,0.5954235637779942,-157.48020561045269,,inf,1.3445411498320394,trend_financial_growth_1y,included in supplementary block,2.6707469745444286,
numeric__trend_capex_to_revenue_slope_3y,trend_ratios,numeric,trend_capex_to_revenue_slope_3y,one training SD of median-imputed numeric value,249,215,91,158,239,False,False,,6,1.098901098901099,3.1645569620253164,0.001500997865224507,fit_warning_review,True,,,,,,,,,,divide by zero encountered in divide; invalid value encountered in multiply,inf,72310.77356973429,trend_ratios_slope_3y,included in supplementary block,-2.0656558631242175,
numeric__trend_interest_coverage_growth_3y,trend_ratios,numeric,trend_interest_coverage_growth_3y,one training SD of median-imputed numeric value,249,215,91,158,179,False,False,,67,20.87912087912088,30.37974683544304,0.00145822253890171,ok,True,-0.06704857227544131,0.11940571855672286,0.935149777881035,0.7400189535587152,1.1817333905645209,0.5744438237899907,0.9470560338159306,0.6086381972457923,-163.3380846253892,,inf,2.246438958183629,trend_ratios_growth_3y,included in supplementary block,-9.50062595632216,
missing__missingindicator_market_maximum_drawdown_24m,missing_market_features,missing,market_maximum_drawdown_24m,0 to 1 missingness indicator,249,215,91,158,2,False,True,6.0,6,3.296703296703297,1.89873417721519,0.0009287545777932477,ok,True,0.5660883024410223,0.8303016845185535,1.761363636363605,0.34601501963450854,8.966090150598232,0.4953740966736474,0.8843220136725198,0.5069898455974406,-163.2362810185476,,inf,,missing_market_features,affine duplicate of missing__missingindicator_market_return_24m,1.397969119488107,affine_group_003
missing__missingindicator_market_return_24m,missing_market_features,missing,market_return_24m,0 to 1 missingness indicator,249,215,91,158,2,False,True,6.0,6,3.296703296703297,1.89873417721519,0.0009287545777932477,ok,True,0.5660883024410223,0.8303016845185535,1.761363636363605,0.34601501963450854,8.966090150598232,0.4953740966736474,0.8843220136725198,0.5069898455974406,-163.2362810185476,,inf,1.684262067319315,missing_market_features,included in supplementary block,1.397969119488107,affine_group_003
missing__missingindicator_market_volatility_24m,missing_market_features,missing,market_volatility_24m,0 to 1 missingness indicator,249,215,91,158,2,False,True,6.0,6,3.296703296703297,1.89873417721519,0.0009287545777932477,ok,True,0.5660883024410223,0.8303016845185535,1.761363636363605,0.34601501963450854,8.966090150598232,0.4953740966736474,0.8843220136725198,0.5069898455974406,-163.2362810185476,,inf,,missing_market_features,affine duplicate of missing__missingindicator_market_return_24m,1.397969119488107,affine_group_003
numeric__trend_shares_outstanding_change_1y,trend_market,numeric,trend_shares_outstanding_change_1y,one training SD of median-imputed numeric value,249,215,91,158,223,False,False,,3,1.098901098901099,1.2658227848101267,0.0007557673947828913,ok,True,0.1397801721841306,0.16052203886248959,1.1500209644714063,0.8395936596370823,1.5752241617634657,0.3838715958274356,0.8297755683786461,0.6630963972736124,-162.90176907878038,,inf,3.514587515910973,trend_market_change_1y,included in supplementary block,-0.16692168590902767,
numeric__trend_capital_expenditures_growth_3y,trend_financial,numeric,trend_capital_expenditures_growth_3y,one training SD of median-imputed numeric value,249,215,91,158,213,False,False,,31,7.6923076923076925,15.18987341772152,0.0006969435973147586,ok,True,0.2125294094479314,0.13466079895773944,1.2368024867087593,0.9498977738619686,1.6103631708807977,0.11450647634943402,0.5440640521841789,0.4690499374043678,-162.5641531631727,,inf,15.35904772046586,trend_financial_growth_3y,included in supplementary block,-7.4975657254138275,
numeric__trend_free_cash_flow_to_debt_growth_2y,trend_ratios,numeric,trend_free_cash_flow_to_debt_growth_2y,one training SD of median-imputed numeric value,249,215,91,158,203,False,False,,42,6.593406593406594,22.78481012658228,0.0006394443301285246,ok,True,-0.12599369813913855,0.13463899086244854,0.8816204026150198,0.6771372654583493,1.1478537276795007,0.3493817921139575,0.8157814093378528,0.5552232577549033,-163.10403765393067,,inf,1.1940994690709916,trend_ratios_growth_2y,included in supplementary block,-16.191403533175684,
"categorical__industry_Forestry, Paper & Wood Products",categorical_industry,categorical,industry,0 to 1 category indicator,249,215,91,158,2,False,True,4.0,0,0.0,0.0,0.0006139142160977509,ok,True,0.5612196375173781,1.2386057431250728,1.7528089887640115,0.15467904132584484,19.862673861675724,0.6504724478380155,0.9799989964868503,0.5046598970649604,-163.31467626860967,,inf,1.155055002619171,categorical_industry,included in supplementary block,0.0,
missing__missingindicator_original_interest_expense,missing_original_financial,missing,original_interest_expense,0 to 1 missingness indicator,249,215,91,158,2,False,False,16.0,16,5.4945054945054945,6.962025316455696,0.00042432517671374403,ok,True,-0.2523720698383848,0.5607467868678017,0.7769556025375082,0.25887354583086786,2.331872136169591,0.6526641292608821,0.9799989964868503,0.507337599109751,-163.36188393941626,,inf,1.0106794451721957,missing_original_financial,included in supplementary block,-1.4675198219502015,affine_group_011
missing__missingindicator_original_signed_log_interest_expense,missing_original_market,missing,original_signed_log_interest_expense,0 to 1 missingness indicator,249,215,91,158,2,False,False,16.0,16,5.4945054945054945,6.962025316455696,0.00042432517671374403,ok,True,-0.2523720698383848,0.5607467868678017,0.7769556025375082,0.25887354583086786,2.331872136169591,0.6526641292608821,0.9799989964868503,0.507337599109751,-163.36188393941626,,inf,1.0014091453533438,missing_original_market,included in supplementary block,-1.4675198219502015,affine_group_011
categorical__sector_Communications,categorical_sector,categorical,sector,0 to 1 category indicator,249,215,91,158,2,False,False,39.0,0,0.0,0.0,0.00041786810217250836,ok,True,-0.16705408466297264,0.3985110701040076,0.8461538461540099,0.3874682265667568,1.8478323699088355,0.6750731920378205,0.9841323145527021,0.5108499095840868,-163.36349175097703,,inf,1.259722434039959,categorical_sector,included in supplementary block,0.0,
categorical__industry_Consumer Services,categorical_industry,categorical,industry,0 to 1 category indicator,249,215,91,158,2,False,True,2.0,0,0.0,0.0,0.00030437417508350287,ok,True,0.5564361350180234,1.4277212815083367,1.7444444444444103,0.10626214660753257,28.63753948988314,0.6967308648381285,0.9904022811532477,0.5023299485324801,-163.39175173882205,,inf,1.0782259472673308,categorical_industry,included in supplementary block,0.0,
categorical__industry_Apparel & Textile Products,categorical_industry,categorical,industry,0 to 1 category indicator,249,215,91,158,2,False,True,7.0,0,0.0,0.0,0.0002433529774210838,ok,True,0.2719337154836231,0.8578201069549604,1.3124999999999756,0.24429890098375404,7.0514285699324235,0.7512394080886685,0.9962278439864192,0.5038252886354153,-163.40694601704035,,inf,1.2676794133053957,categorical_industry,included in supplementary block,0.0,
categorical__sector_Consumer Discretionary,categorical_sector,categorical,sector,0 to 1 category indicator,249,215,91,158,2,False,False,79.0,0,0.0,0.0,0.0002038843365977927,ok,True,0.08985110160733685,0.31013089566196267,1.0940113750417932,0.5957141837645522,2.009119341690676,0.7720305074566384,0.9962278439864192,0.5097718736959244,-163.41677370860515,,inf,,categorical_sector,reference dummy for diagnostic intercept,0.0,
categorical__sector_Technology,categorical_sector,categorical,sector,0 to 1 category indicator,249,215,91,158,2,False,False,35.0,0,0.0,0.0,0.00018158128321876799,ok,True,-0.11476064016964818,0.4091469119567273,0.8915795266924331,0.3998467813058725,1.988046645820101,0.7791034286069799,0.9962278439864192,0.5068507441925163,-163.42232716889657,,inf,1.2402013115754174,categorical_sector,included in supplementary block,0.0,
categorical__industry_Telecommunications,categorical_industry,categorical,industry,0 to 1 category indicator,249,215,91,158,2,False,False,18.0,0,0.0,0.0,0.0001755755810082804,ok,True,-0.15219181534173443,0.5748132002101922,0.8588235294119286,0.27836975763921823,2.649633569848853,0.7911886266591802,0.9962278439864192,0.5050076505772708,-163.4238225887469,,inf,1.653745416448401,categorical_industry,included in supplementary block,0.0,
categorical__industry_Transportation & Logistics,categorical_industry,categorical,industry,0 to 1 category indicator,249,215,91,158,2,False,False,15.0,0,0.0,0.0,0.00016297709689741535,ok,True,0.15582994134695907,0.6338323080377419,1.1686274509803696,0.33740929692371946,4.047577027771193,0.8057955796752094,0.9962278439864192,0.5044860203088052,-163.4269596112907,,inf,1.5526453640649587,categorical_industry,included in supplementary block,0.0,
categorical__industry_Retail - Discretionary,categorical_industry,categorical,industry,0 to 1 category indicator,249,215,91,158,2,False,False,23.0,0,0.0,0.0,0.00014530655326715214,ok,True,0.121261300032688,0.5082456395035895,1.1289198606271549,0.4169112753803627,3.056909532023811,0.8114250872383371,0.9962278439864192,0.5051467519821949,-163.43135957665461,,inf,,categorical_industry,reference dummy for diagnostic intercept,0.0,
missing__missingindicator_original_depreciation_amortization,missing_original_financial,missing,original_depreciation_amortization,0 to 1 missingness indicator,249,215,91,158,2,False,False,96.0,96,39.56043956043956,37.9746835443038,0.00012291634422095798,ok,True,0.0668086696720893,0.28230082353109465,1.0690909090908867,0.614780013215522,1.8591290336891535,0.8129223366192537,0.9962278439864192,0.5079287800806788,-163.43693473870698,,inf,1.0415150559257391,missing_original_financial,included in supplementary block,1.5857560161357611,
categorical__industry_Steel,categorical_industry,categorical,industry,0 to 1 category indicator,249,215,91,158,2,False,False,12.0,0,0.0,0.0,0.0001141280210496809,ok,True,-0.14842000511808534,0.7875393557443431,0.8620689655174034,0.184156603241321,4.0354941839060565,0.8505157324648155,0.9962278439864192,0.5033384337181805,-163.43912303117668,,inf,1.448402304871661,categorical_industry,included in supplementary block,0.0,
categorical__industry_Wholesale - Discretionary,categorical_industry,categorical,industry,0 to 1 category indicator,249,215,91,158,2,False,False,12.0,0,0.0,0.0,0.0001141280210496809,ok,True,-0.14842000511808423,0.7252019180186826,0.8620689655174043,0.20808895010606546,3.5713712858344886,0.8378375796560937,0.9962278439864192,0.5033384337181805,-163.43912303117668,,inf,1.4484023048716597,categorical_industry,included in supplementary block,0.0,
categorical__industry_Commercial Support Services,categorical_industry,categorical,industry,0 to 1 category indicator,249,215,91,158,2,False,True,9.0,0,0.0,0.0,8.454070041360312e-05,ok,True,-0.1466034741916876,0.7628343781221223,0.8636363636365259,0.19364447941566854,3.851737838568975,0.8475991955418748,0.9962278439864192,0.5025038252886354,-163.44649027401505,,inf,1.341016238868518,categorical_industry,included in supplementary block,0.0,
categorical__industry_Advertising & Marketing,categorical_industry,categorical,industry,0 to 1 category indicator,249,215,91,158,2,False,True,6.0,0,0.0,0.0,5.5674075322219296e-05,ok,True,-0.14483094787826747,1.0148189099107627,0.8651685393260058,0.11838189736083543,6.322897487932373,0.8865144391724693,0.9962278439864192,0.5016692168590903,-163.45367806366278,,inf,1.2304871660555294,categorical_industry,included in supplementary block,0.0,
categorical__industry_Construction Materials,categorical_industry,categorical,industry,0 to 1 category indicator,249,215,91,158,2,False,True,6.0,0,0.0,0.0,5.5674075322219296e-05,ok,True,-0.1448309478782729,0.8819537725386997,0.8651685393260011,0.15359614164490906,4.873277371575798,0.8695610816657788,0.9962278439864192,0.5016692168590903,-163.45367806366278,,inf,1.2304871660555263,categorical_industry,included in supplementary block,0.0,
categorical__industry_Home Construction,categorical_industry,categorical,industry,0 to 1 category indicator,249,215,91,158,2,False,True,6.0,0,0.0,0.0,5.5674075322219296e-05,ok,True,-0.1448309478782686,0.8819537725386984,0.8651685393260048,0.1535961416449101,4.873277371575807,0.8695610816657825,0.9962278439864192,0.5016692168590903,-163.45367806366278,,inf,1.230487166055526,categorical_industry,included in supplementary block,0.0,
categorical__industry_IT Services,categorical_industry,categorical,industry,0 to 1 category indicator,249,215,91,158,2,False,True,6.0,0,0.0,0.0,5.5674075322219296e-05,ok,True,-0.14483094787826617,0.8819537725386978,0.8651685393260069,0.15359614164491067,4.873277371575813,0.8695610816657846,0.9962278439864192,0.5016692168590903,-163.45367806366278,,inf,1.230487166055526,categorical_industry,included in supplementary block,0.0,
categorical__industry_Leisure Facilities & Services,categorical_industry,categorical,industry,0 to 1 category indicator,249,215,91,158,2,False,True,6.0,0,0.0,0.0,5.5674075322219296e-05,ok,True,-0.1448309478782684,0.8819537725386983,0.865168539326005,0.15359614164491017,4.873277371575807,0.8695610816657826,0.9962278439864192,0.5016692168590903,-163.45367806366278,,inf,1.230487166055526,categorical_industry,included in supplementary block,0.0,
categorical__industry_Publishing & Broadcasting,categorical_industry,categorical,industry,0 to 1 category indicator,249,215,91,158,2,False,True,6.0,0,0.0,0.0,5.5674075322219296e-05,ok,True,-0.14483094787826892,0.8819537725386986,0.8651685393260046,0.15359614164491,4.8732773715758055,0.8695610816657822,0.9962278439864192,0.5016692168590903,-163.45367806366278,,inf,1.2304871660555254,categorical_industry,included in supplementary block,0.0,
categorical__industry_Semiconductors,categorical_industry,categorical,industry,0 to 1 category indicator,249,215,91,158,2,False,True,6.0,0,0.0,0.0,5.5674075322219296e-05,ok,True,-0.14483094787826872,0.8819537725386986,0.8651685393260047,0.15359614164491003,4.873277371575807,0.8695610816657824,0.9962278439864192,0.5016692168590903,-163.45367806366278,,inf,1.2304871660555265,categorical_industry,included in supplementary block,0.0,
categorical__sector_Consumer Staples,categorical_sector,categorical,sector,0 to 1 category indicator,249,215,91,158,2,False,True,6.0,0,0.0,0.0,5.5674075322219296e-05,ok,True,-0.144830947878268,0.8819537725386982,0.8651685393260053,0.15359614164491023,4.873277371575807,0.869561081665783,0.9962278439864192,0.5016692168590903,-163.45367806366278,,inf,1.0500228763153858,categorical_sector,included in supplementary block,0.0,
categorical__industry_Technology Hardware,categorical_industry,categorical,industry,0 to 1 category indicator,249,215,91,158,2,False,False,20.0,0,0.0,0.0,4.527336396019377e-05,ok,True,-0.07312226482891641,0.5402520541859122,0.9294871794872225,0.3223888563535997,2.6798271708359733,0.8923363994011342,0.9962278439864192,0.5026777020447907,-163.4562678407919,,inf,1.7193993364763402,categorical_industry,included in supplementary block,0.0,
categorical__industry_Aerospace & Defense,categorical_industry,categorical,industry,0 to 1 category indicator,249,215,91,158,2,False,True,3.0,0,0.0,0.0,2.750210772689901e-05,ok,True,-0.14310084364048684,1.2385883710321142,0.8666666666668283,0.07648279674924609,9.820654356743239,0.9080207371116585,0.9962278439864192,0.5008346084295452,-163.46069288359405,,inf,1.1168150864326878,categorical_industry,included in supplementary block,0.0,
categorical__industry_Beverages,categorical_industry,categorical,industry,0 to 1 category indicator,249,215,91,158,2,False,True,3.0,0,0.0,0.0,2.750210772689901e-05,ok,True,-0.14310084364048778,1.238588371032115,0.8666666666668275,0.0764827967492459,9.820654356743248,0.908020737111658,0.9962278439864192,0.5008346084295452,-163.46069288359405,,inf,1.1168150864326871,categorical_industry,included in supplementary block,0.0,
categorical__industry_Cable & Satellite,categorical_industry,categorical,industry,0 to 1 category indicator,249,215,91,158,2,False,True,3.0,0,0.0,0.0,2.750210772689901e-05,ok,True,-0.14310084364048595,1.2385883710321142,0.866666666666829,0.07648279674924616,9.820654356743248,0.9080207371116591,0.9962278439864192,0.5008346084295452,-163.46069288359405,,inf,1.1168150864326876,categorical_industry,included in supplementary block,0.0,
categorical__industry_Chemicals,categorical_industry,categorical,industry,0 to 1 category indicator,249,215,91,158,2,False,True,3.0,0,0.0,0.0,2.750210772689901e-05,ok,True,-0.1431008436404867,1.2385883710321142,0.8666666666668285,0.07648279674924609,9.820654356743239,0.9080207371116586,0.9962278439864192,0.5008346084295452,-163.46069288359405,,inf,1.1168150864326862,categorical_industry,included in supplementary block,0.0,
categorical__industry_Electrical Equipment,categorical_industry,categorical,industry,0 to 1 category indicator,249,215,91,158,2,False,True,3.0,0,0.0,0.0,2.750210772689901e-05,ok,True,-0.14310084364048453,1.2385883710321137,0.8666666666668303,0.07648279674924634,9.820654356743253,0.90802073711166,0.9962278439864192,0.5008346084295452,-163.46069288359408,,inf,1.116815086432688,categorical_industry,included in supplementary block,0.0,
categorical__industry_Entertainment Content,categorical_industry,categorical,industry,0 to 1 category indicator,249,215,91,158,2,False,True,3.0,0,0.0,0.0,2.750210772689901e-05,ok,True,-0.1431008436404852,1.2385883710321142,0.8666666666668297,0.07648279674924623,9.820654356743256,0.9080207371116595,0.9962278439864192,0.5008346084295452,-163.46069288359405,,inf,1.1168150864326867,categorical_industry,included in supplementary block,0.0,
categorical__industry_Industrial Support Services,categorical_industry,categorical,industry,0 to 1 category indicator,249,215,91,158,2,False,True,3.0,0,0.0,0.0,2.750210772689901e-05,ok,True,-0.14310084364048617,1.2385883710321142,0.8666666666668289,0.07648279674924613,9.820654356743244,0.908020737111659,0.9962278439864192,0.5008346084295452,-163.46069288359408,,inf,1.1168150864326873,categorical_industry,included in supplementary block,0.0,
categorical__industry_Internet Media & Services,categorical_industry,categorical,industry,0 to 1 category indicator,249,215,91,158,2,False,True,3.0,0,0.0,0.0,2.750210772689901e-05,ok,True,-0.14310084364048176,1.2385883710321126,0.8666666666668327,0.07648279674924671,9.820654356743256,0.9080207371116616,0.9962278439864192,0.5008346084295452,-163.46069288359408,,inf,1.1168150864326867,categorical_industry,included in supplementary block,0.0,
categorical__industry_Leisure Products,categorical_industry,categorical,industry,0 to 1 category indicator,249,215,91,158,2,False,True,3.0,0,0.0,0.0,2.750210772689901e-05,ok,True,-0.14310084364048706,1.238588371032115,0.8666666666668281,0.07648279674924592,9.820654356743253,0.9080207371116584,0.9962278439864192,0.5008346084295452,-163.46069288359405,,inf,1.116815086432687,categorical_industry,included in supplementary block,0.0,
categorical__industry_Machinery,categorical_industry,categorical,industry,0 to 1 category indicator,249,215,91,158,2,False,True,3.0,0,0.0,0.0,2.750210772689901e-05,ok,True,-0.14310084364048672,1.2385883710321142,0.8666666666668283,0.07648279674924609,9.820654356743239,0.9080207371116586,0.9962278439864192,0.5008346084295452,-163.46069288359408,,inf,1.1168150864326871,categorical_industry,included in supplementary block,0.0,
categorical__industry_Renewable Energy,categorical_industry,categorical,industry,0 to 1 category indicator,249,215,91,158,2,False,True,3.0,0,0.0,0.0,2.750210772689901e-05,ok,True,-0.14310084364048486,1.238588371032114,0.86666666666683,0.07648279674924627,9.820654356743253,0.9080207371116598,0.9962278439864192,0.5008346084295452,-163.46069288359408,,inf,1.1168150864326856,categorical_industry,included in supplementary block,0.0,
categorical__industry_Software,categorical_industry,categorical,industry,0 to 1 category indicator,249,215,91,158,2,False,True,3.0,0,0.0,0.0,2.750210772689901e-05,ok,True,-0.14310084364048414,1.2385883710321133,0.8666666666668307,0.07648279674924643,9.820654356743248,0.9080207371116602,0.9962278439864192,0.5008346084295452,-163.46069288359408,,inf,1.1168150864326858,categorical_industry,included in supplementary block,0.0,
categorical__industry_Wholesale - Consumer Staples,categorical_industry,categorical,industry,0 to 1 category indicator,249,215,91,158,2,False,True,3.0,0,0.0,0.0,2.750210772689901e-05,ok,True,-0.14310084364048287,1.2385883710321128,0.8666666666668318,0.0764827967492466,9.820654356743253,0.908020737111661,0.9962278439864192,0.5008346084295452,-163.46069288359408,,inf,1.1168150864326865,categorical_industry,included in supplementary block,0.0,
missing__missingindicator_market_market_cap_change_12m,missing_market_features,missing,market_market_cap_change_12m,0 to 1 missingness indicator,249,215,91,158,2,False,True,3.0,3,1.098901098901099,1.2658227848101267,2.750210772689901e-05,ok,True,-0.1431008436404875,1.427721419315937,0.8666666666668277,0.052792644564949164,14.227571232718246,0.9201615482237163,0.9962278439864192,0.5008346084295452,-163.46069288359405,,inf,1.0524434542844978,missing_market_features,included in supplementary block,-0.16692168590902767,affine_group_002
missing__missingindicator_original_log_market_cap,missing_original_market,missing,original_log_market_cap,0 to 1 missingness indicator,249,215,91,158,2,False,True,3.0,3,1.098901098901099,1.2658227848101267,2.750210772689901e-05,ok,True,-0.1431008436404875,1.427721419315937,0.8666666666668277,0.052792644564949164,14.227571232718246,0.9201615482237163,0.9962278439864192,0.5008346084295452,-163.46069288359405,,inf,,missing_original_market,affine duplicate of missing__missingindicator_original_market_cap,-0.16692168590902767,affine_group_002
missing__missingindicator_original_market_cap,missing_original_market,missing,original_market_cap,0 to 1 missingness indicator,249,215,91,158,2,False,True,3.0,3,1.098901098901099,1.2658227848101267,2.750210772689901e-05,ok,True,-0.1431008436404875,1.427721419315937,0.8666666666668277,0.052792644564949164,14.227571232718246,0.9201615482237163,0.9962278439864192,0.5008346084295452,-163.46069288359405,,inf,1.0009511731135017,missing_original_market,included in supplementary block,-0.16692168590902767,affine_group_002
missing__missingindicator_original_shares_outstanding,missing_original_market,missing,original_shares_outstanding,0 to 1 missingness indicator,249,215,91,158,2,False,True,3.0,3,1.098901098901099,1.2658227848101267,2.750210772689901e-05,ok,True,-0.1431008436404875,1.427721419315937,0.8666666666668277,0.052792644564949164,14.227571232718246,0.9201615482237163,0.9962278439864192,0.5008346084295452,-163.46069288359405,,inf,,missing_original_market,affine duplicate of missing__missingindicator_original_market_cap,-0.16692168590902767,affine_group_002
missing__missingindicator_original_short_term_debt,missing_original_financial,missing,original_short_term_debt,0 to 1 missingness indicator,249,215,91,158,2,False,True,3.0,3,1.098901098901099,1.2658227848101267,2.750210772689901e-05,ok,True,-0.14310084364048717,1.423126867074276,0.866666666666828,0.053270197606275306,14.100024870621255,0.9199046566710001,0.9962278439864192,0.5008346084295452,-163.46069288359405,,inf,3.016566044065681,missing_original_financial,included in supplementary block,-0.16692168590902767,
categorical__sector_Materials,categorical_sector,categorical,sector,0 to 1 category indicator,249,215,91,158,2,False,False,25.0,0,0.0,0.0,7.1922815035319054e-06,ok,True,-0.026256334566543586,0.5106682380976131,0.9740853658536689,0.358026708975903,2.650199764940268,0.958994321906448,0.996624145366735,0.5011823619418556,-163.46575003032368,,inf,1.1842814295155324,categorical_sector,included in supplementary block,0.0,
categorical__sector_Industrials,categorical_sector,categorical,sector,0 to 1 category indicator,249,215,91,158,2,False,False,36.0,0,0.0,0.0,6.907679667211841e-06,ok,True,-0.021978906718764915,0.40595773074479763,0.9782608695652275,0.44147166575445246,2.1677366933324267,0.9568229265178543,0.996624145366735,0.5013562386980108,-163.46582089618096,,inf,1.245234100960805,categorical_sector,included in supplementary block,0.0,
categorical__industry_Electric Utilities,categorical_industry,categorical,industry,0 to 1 category indicator,249,215,91,158,2,False,True,8.0,0,0.0,0.0,6.488670807429375e-06,ok,True,0.04227548314822871,0.8000695720262596,1.0431818181818082,0.2174400577150392,5.00472781887896,0.9578595828519036,0.996624145366735,0.50066073167339,-163.4659252293869,,inf,1.304522437576394,categorical_industry,included in supplementary block,0.0,affine_group_010
categorical__sector_Utilities,categorical_sector,categorical,sector,0 to 1 category indicator,249,215,91,158,2,False,True,8.0,0,0.0,0.0,6.488670807429375e-06,ok,True,0.04227548314822871,0.8000695720262596,1.0431818181818082,0.2174400577150392,5.00472781887896,0.9578595828519036,0.996624145366735,0.50066073167339,-163.4659252293869,,inf,1.0658837883178276,categorical_sector,included in supplementary block,0.0,affine_group_010
categorical__industry_Automotive,categorical_industry,categorical,industry,0 to 1 category indicator,249,215,91,158,2,False,False,19.0,0,0.0,0.0,1.5580924467295532e-06,ok,True,0.013793322132332024,0.5536550069861613,1.013888888888885,0.3425455794592804,3.0009748794161175,0.9801241923566637,0.996624145366735,0.5004868549172347,-163.46715294339867,,inf,1.6867469879518073,categorical_industry,included in supplementary block,0.0,
categorical__industry_Health Care Facilities & Svcs,categorical_industry,categorical,industry,0 to 1 category indicator,249,215,91,158,2,False,False,11.0,0,0.0,0.0,3.32303992378602e-07,ok,True,-0.008244069775078485,0.7073008297102554,0.9917898193760298,0.2479499860663304,3.967118778360396,0.9907003261123438,0.996624145366735,0.5001738767561552,-163.46745816472395,,inf,1.412956172516151,categorical_industry,included in supplementary block,0.0,affine_group_009
categorical__sector_Health Care,categorical_sector,categorical,sector,0 to 1 category indicator,249,215,91,158,2,False,False,11.0,0,0.0,0.0,3.32303992378602e-07,ok,True,-0.008244069775078485,0.7073008297102554,0.9917898193760298,0.2479499860663304,3.967118778360396,0.9907003261123438,0.996624145366735,0.5001738767561552,-163.46745816472395,,inf,1.0889126124752173,categorical_sector,included in supplementary block,0.0,affine_group_009
categorical__industry___MISSING__,categorical_industry,categorical,industry,0 to 1 category indicator,249,215,91,158,1,True,False,,0,0.0,0.0,0.0,constant_predictor,False,,,,,,,,,,,,,categorical_industry,constant; VIF undefined,0.0,
categorical__sector___MISSING__,categorical_sector,categorical,sector,0 to 1 category indicator,249,215,91,158,1,True,False,,0,0.0,0.0,0.0,constant_predictor,False,,,,,,,,,,,,,categorical_sector,constant; VIF undefined,0.0,
numeric__derived_operating_cash_flow_margin,derived_ratios,numeric,derived_operating_cash_flow_margin,one training SD of median-imputed numeric value,249,215,91,158,243,False,False,,3,0.0,1.89873417721519,0.0,ok,True,0.19007973883642537,0.12589717349686644,1.2093460256575936,0.9449018805614423,1.5477986020144414,0.13109408738027029,0.5685959095458765,0.37133120044512447,-162.75375533624447,,inf,73.23882062761446,derived_ratios,included in supplementary block,-1.89873417721519,
numeric__macro_corporate_bond_total_return_index,macro_features,numeric,macro_corporate_bond_total_return_index,one training SD of median-imputed numeric value,249,215,91,158,69,False,False,,0,0.0,0.0,0.0,ok,True,-0.007088326785948584,0.13348727606424968,0.9929367361493087,0.7643583309015537,1.2898706302212395,0.9576513216467478,0.996624145366735,0.49840033384337185,-163.46609221255397,,inf,,macro_features,affine duplicate of numeric__macro_corporate_bond_total_return_index_level_at_prediction_date,0.0,affine_group_014
numeric__macro_corporate_bond_total_return_index_average_1y,macro_features,numeric,macro_corporate_bond_total_return_index_average_1y,one training SD of median-imputed numeric value,249,215,91,158,69,False,False,,2,1.098901098901099,0.6329113924050633,0.0,ok,True,-0.012713297608005138,0.1340466511598916,0.9873671749750753,0.7592380562765273,1.2840425083528586,0.9244400586790181,0.9962278439864192,0.5019474196689386,-163.46288436926534,,inf,2134.8661136834576,macro_features,included in supplementary block,0.46598970649603566,
numeric__macro_corporate_bond_total_return_index_change_1y,macro_features,numeric,macro_corporate_bond_total_return_index_change_1y,one training SD of median-imputed numeric value,249,215,91,158,70,False,False,,0,0.0,0.0,0.0,ok,True,0.03479891447925671,0.13136101282671878,1.0354114816076256,0.800383781369972,1.3394535986347504,0.7910783924500818,0.9962278439864192,0.5056336068994297,-163.43285222584532,,inf,110.11402858488552,macro_features,included in supplementary block,0.0,
numeric__macro_corporate_bond_total_return_index_change_2y,macro_features,numeric,macro_corporate_bond_total_return_index_change_2y,one training SD of median-imputed numeric value,249,215,91,158,69,False,False,,0,0.0,0.0,0.0,ok,True,0.03255373238494692,0.12932721284620133,1.0330894020100807,0.8017784573339162,1.3311329367646747,0.801260566946024,0.9962278439864192,0.5036861872304911,-163.43706482039102,,inf,236.69069739518832,macro_features,included in supplementary block,0.0,
numeric__macro_corporate_bond_total_return_index_change_3y,macro_features,numeric,macro_corporate_bond_total_return_index_change_3y,one training SD of median-imputed numeric value,249,215,91,158,69,False,False,,0,0.0,0.0,0.0,ok,True,-0.009558940057721899,0.12751482304838302,0.9904866013849675,0.7714500133966549,1.2717139030221418,0.9402438613716639,0.996624145366735,0.4911670607873141,-163.4649063893433,,inf,197.7059498808585,macro_features,included in supplementary block,0.0,
numeric__macro_corporate_bond_total_return_index_level_at_prediction_date,macro_features,numeric,macro_corporate_bond_total_return_index_level_at_prediction_date,one training SD of median-imputed numeric value,249,215,91,158,69,False,False,,0,0.0,0.0,0.0,ok,True,-0.007088326785948584,0.13348727606424968,0.9929367361493087,0.7643583309015537,1.2898706302212395,0.9576513216467478,0.996624145366735,0.49840033384337185,-163.46609221255397,,inf,3286.1083570480932,macro_features,included in supplementary block,0.0,affine_group_014
numeric__macro_corporate_bond_total_return_index_volatility_1y,macro_features,numeric,macro_corporate_bond_total_return_index_volatility_1y,one training SD of median-imputed numeric value,249,215,91,158,69,False,False,,2,1.098901098901099,0.6329113924050633,0.0,ok,True,0.010342590585367422,0.13346254061888277,1.0103962600428695,0.7778363046215208,1.3124877255573297,0.9382302992124439,0.996624145366735,0.4993740436778412,-163.46444884391454,,inf,58.85696722163281,macro_features,included in supplementary block,0.46598970649603566,
numeric__macro_federal_funds_rate,macro_features,numeric,macro_federal_funds_rate,one training SD of median-imputed numeric value,249,215,91,158,72,False,False,,0,0.0,0.0,0.0,ok,True,-0.026649535151100683,0.13253492502810293,0.9737024302086001,0.7509522471691579,1.2625255815774499,0.8406394867908422,0.9962278439864192,0.49906106551676177,-163.44710867415859,,inf,,macro_features,affine duplicate of numeric__macro_federal_funds_rate_level_at_prediction_date,0.0,affine_group_005
numeric__macro_federal_funds_rate_average_1y,macro_features,numeric,macro_federal_funds_rate_average_1y,one training SD of median-imputed numeric value,249,215,91,158,88,False,False,,0,0.0,0.0,0.0,ok,True,-0.026055826745237702,0.13068708135237195,0.9742806971702161,0.7541245043746344,1.258708437893336,0.8419688769394931,0.9962278439864192,0.5065029906802059,-163.44797478792898,,inf,14652.892503498708,macro_features,included in supplementary block,0.0,
numeric__macro_federal_funds_rate_change_1y,macro_features,numeric,macro_federal_funds_rate_change_1y,one training SD of median-imputed numeric value,249,215,91,158,81,False,False,,0,0.0,0.0,0.0,ok,True,-0.03849272920665843,0.13107442489632792,0.9622387009531234,0.7442383881446691,1.2440950807713136,0.7690094808796034,0.9962278439864192,0.5077201279732926,-163.42460251615108,,inf,183.77314119830405,macro_features,included in supplementary block,0.0,
numeric__macro_federal_funds_rate_change_2y,macro_features,numeric,macro_federal_funds_rate_change_2y,one training SD of median-imputed numeric value,249,215,91,158,80,False,False,,0,0.0,0.0,0.0,ok,True,-0.034368097813113556,0.13112170096561285,0.966215777255684,0.7472451940925807,1.2493528705146006,0.79323787927882,0.9962278439864192,0.5134928362776465,-163.43343895164998,,inf,253.1248340757155,macro_features,included in supplementary block,0.0,
numeric__macro_federal_funds_rate_change_3y,macro_features,numeric,macro_federal_funds_rate_change_3y,one training SD of median-imputed numeric value,249,215,91,158,82,False,False,,0,0.0,0.0,0.0,ok,True,-0.062265777027988564,0.13235950285941434,0.9396331207032947,0.7249260454226351,1.217931687097643,0.6380483955669842,0.9799989964868503,0.5195089720406175,-163.35622123784162,,inf,161.22383977782818,macro_features,included in supplementary block,0.0,
numeric__macro_federal_funds_rate_level_at_prediction_date,macro_features,numeric,macro_federal_funds_rate_level_at_prediction_date,one training SD of median-imputed numeric value,249,215,91,158,72,False,False,,0,0.0,0.0,0.0,ok,True,-0.026649535151100683,0.13253492502810293,0.9737024302086001,0.7509522471691579,1.2625255815774499,0.8406394867908422,0.9962278439864192,0.49906106551676177,-163.44710867415859,,inf,1054.6427585651525,macro_features,included in supplementary block,0.0,affine_group_005
numeric__macro_federal_funds_rate_volatility_1y,macro_features,numeric,macro_federal_funds_rate_volatility_1y,one training SD of median-imputed numeric value,249,215,91,158,88,False,False,,0,0.0,0.0,0.0,ok,True,0.046858667444962594,0.1315323357606449,1.0479738857856897,0.8098226762850548,1.3561601785798576,0.7216517970514925,0.9941972838942332,0.5142926693559605,-163.40380403531304,,inf,359.3635020973903,macro_features,included in supplementary block,0.0,
numeric__macro_gdp_growth,macro_features,numeric,macro_gdp_growth,one training SD of median-imputed numeric value,249,215,91,158,36,False,False,,0,0.0,0.0,0.0,ok,True,0.06123465961812639,0.14128373541557884,1.0631483629071314,0.805996101450147,1.4023447998303062,0.6647124340925152,0.9799989964868503,0.5402003060230908,-163.36090239303934,,inf,,macro_features,affine duplicate of numeric__macro_gdp_growth_level_at_prediction_date,0.0,affine_group_015
numeric__macro_gdp_growth_average_1y,macro_features,numeric,macro_gdp_growth_average_1y,one training SD of median-imputed numeric value,249,215,91,158,42,False,False,,0,0.0,0.0,0.0,ok,True,-0.014653064180855128,0.13463438887497298,0.9854537695138696,0.7568943362979335,1.2830313100226938,0.91333259408508,0.9962278439864192,0.5019474196689386,-163.4613286551237,,inf,151.03449028700058,macro_features,included in supplementary block,0.0,
numeric__macro_gdp_growth_change_1y,macro_features,numeric,macro_gdp_growth_change_1y,one training SD of median-imputed numeric value,249,215,91,158,43,False,False,,0,0.0,0.0,0.0,ok,True,0.01369845725777412,0.1336386163052601,1.0137927110086484,0.7801817156540243,1.3173542012999924,0.9183568486850283,0.9962278439864192,0.5196480734455418,-163.46213026183608,,inf,34.23296204692992,macro_features,included in supplementary block,0.0,
numeric__macro_gdp_growth_change_2y,macro_features,numeric,macro_gdp_growth_change_2y,one training SD of median-imputed numeric value,249,215,91,158,40,False,False,,0,0.0,0.0,0.0,ok,True,0.07173762034100585,0.1345252853933728,1.0743734133491618,0.8253670404746648,1.3985029383384495,0.5938501828392925,0.962787007393936,0.5367575462512171,-163.31969739803282,,inf,59.573705165683364,macro_features,included in supplementary block,0.0,
numeric__macro_gdp_growth_change_3y,macro_features,numeric,macro_gdp_growth_change_3y,one training SD of median-imputed numeric value,249,215,91,158,40,False,False,,0,0.0,0.0,0.0,ok,True,-0.0004748156287184084,0.1289099573980302,0.9995252970783831,0.7763640832545443,1.286832867527276,0.9970611486466556,0.9970611486466556,0.4881416052302128,-163.46753439957183,,inf,63.04435110932733,macro_features,included in supplementary block,0.0,
numeric__macro_gdp_growth_level_at_prediction_date,macro_features,numeric,macro_gdp_growth_level_at_prediction_date,one training SD of median-imputed numeric value,249,215,91,158,36,False,False,,0,0.0,0.0,0.0,ok,True,0.06123465961812639,0.14128373541557884,1.0631483629071314,0.805996101450147,1.4023447998303062,0.6647124340925152,0.9799989964868503,0.5402003060230908,-163.36090239303934,,inf,48.32356144584229,macro_features,included in supplementary block,0.0,affine_group_015
numeric__macro_gdp_growth_volatility_1y,macro_features,numeric,macro_gdp_growth_volatility_1y,one training SD of median-imputed numeric value,249,215,91,158,45,False,False,,0,0.0,0.0,0.0,ok,True,-0.06207027844429901,0.1368482404414547,0.9398168356049965,0.7187167843208683,1.228934266953564,0.6501382342396891,0.9799989964868503,0.5189177910696898,-163.35777765963775,,inf,19.37157300035723,macro_features,included in supplementary block,0.0,
numeric__macro_inflation,macro_features,numeric,macro_inflation,one training SD of median-imputed numeric value,249,215,91,158,33,False,False,,0,0.0,0.0,0.0,ok,True,-0.0947878425361473,0.12711258736721473,0.9095658851909487,0.7089828542422474,1.1668971887725177,0.4558487250852279,0.8693053213633775,0.531506468215329,-163.20583078460908,,inf,,macro_features,affine duplicate of numeric__macro_inflation_level_at_prediction_date,0.0,affine_group_006
numeric__macro_inflation_average_1y,macro_features,numeric,macro_inflation_average_1y,one training SD of median-imputed numeric value,249,215,91,158,68,False,False,,0,0.0,0.0,0.0,ok,True,-0.07205611844958613,0.13092195016863806,0.9304786773252648,0.7198888703895695,1.2026725298426264,0.5820624534479916,0.9563854453960265,0.5201001530115454,-163.31833707926998,,inf,95.36962244557746,macro_features,included in supplementary block,0.0,
numeric__macro_inflation_change_1y,macro_features,numeric,macro_inflation_change_1y,one training SD of median-imputed numeric value,249,215,91,158,56,False,False,,0,0.0,0.0,0.0,ok,True,-0.0603485754360261,0.12957268325364493,0.9414363148091454,0.7302952547908864,1.213621927606813,0.6413939157136446,0.9799989964868503,0.5156836834052023,-163.36139038943372,,inf,128.39511961297006,macro_features,included in supplementary block,0.0,
numeric__macro_inflation_change_2y,macro_features,numeric,macro_inflation_change_2y,one training SD of median-imputed numeric value,249,215,91,158,50,False,False,,0,0.0,0.0,0.0,ok,True,-0.09857924314043612,0.13488511641608966,0.90612388566688,0.6956217608894576,1.1803260655994932,0.46487777268501695,0.8704774247020144,0.5343232716650439,-163.1906354879779,,inf,88.27806752917006,macro_features,included in supplementary block,0.0,
numeric__macro_inflation_change_3y,macro_features,numeric,macro_inflation_change_3y,one training SD of median-imputed numeric value,249,215,91,158,57,False,False,,0,0.0,0.0,0.0,ok,True,-0.050870073696853334,0.12993408565221054,0.9504021447481489,0.7367282333559166,1.2260480810235357,0.6954226882768959,0.9904022811532477,0.5145013214633468,-163.39250487560525,,inf,85.0301359634962,macro_features,included in supplementary block,0.0,
numeric__macro_inflation_level,macro_features,numeric,macro_inflation_level,one training SD of median-imputed numeric value,249,215,91,158,33,False,False,,0,0.0,0.0,0.0,ok,True,-0.0947878425361473,0.12711258736721473,0.9095658851909487,0.7089828542422474,1.1668971887725177,0.4558487250852279,0.8693053213633775,0.531506468215329,-163.20583078460908,,inf,,macro_features,affine duplicate of numeric__macro_inflation_level_at_prediction_date,0.0,affine_group_006
numeric__macro_inflation_level_at_prediction_date,macro_features,numeric,macro_inflation_level_at_prediction_date,one training SD of median-imputed numeric value,249,215,91,158,33,False,False,,0,0.0,0.0,0.0,ok,True,-0.0947878425361473,0.12711258736721473,0.9095658851909487,0.7089828542422474,1.1668971887725177,0.4558487250852279,0.8693053213633775,0.531506468215329,-163.20583078460908,,inf,241.66718779964367,macro_features,included in supplementary block,0.0,affine_group_006
numeric__macro_inflation_volatility_1y,macro_features,numeric,macro_inflation_volatility_1y,one training SD of median-imputed numeric value,249,215,91,158,68,False,False,,0,0.0,0.0,0.0,ok,True,0.04701330293265771,0.13261582484391207,1.048135952268902,0.8082297332520767,1.359253352407912,0.7229585933501317,0.9941972838942332,0.5225344275977187,-163.4026649048389,,inf,87.52937084855026,macro_features,included in supplementary block,0.0,
numeric__macro_interest_rate,macro_features,numeric,macro_interest_rate,one training SD of median-imputed numeric value,249,215,91,158,72,False,False,,0,0.0,0.0,0.0,ok,True,-0.026649535151100683,0.13253492502810293,0.9737024302086001,0.7509522471691579,1.2625255815774499,0.8406394867908422,0.9962278439864192,0.49906106551676177,-163.44710867415859,,inf,,macro_features,affine duplicate of numeric__macro_federal_funds_rate_level_at_prediction_date,0.0,affine_group_005
numeric__macro_treasury_10y_yield,macro_features,numeric,macro_treasury_10y_yield,one training SD of median-imputed numeric value,249,215,91,158,86,False,False,,0,0.0,0.0,0.0,ok,True,0.0038850085416775814,0.1325987484760068,1.003892564969789,0.7741390558049404,1.3018336621109028,0.9766261376173866,0.996624145366735,0.5000347753512311,-163.4671052254958,,inf,,macro_features,affine duplicate of numeric__macro_treasury_10y_yield_level_at_prediction_date,0.0,affine_group_016
numeric__macro_treasury_10y_yield_average_1y,macro_features,numeric,macro_treasury_10y_yield_average_1y,one training SD of median-imputed numeric value,249,215,91,158,88,False,False,,0,0.0,0.0,0.0,ok,True,-0.01262335281170082,0.13246215324177693,0.9874559875085588,0.7616680847707731,1.2801761643458565,0.9240782839054913,0.9962278439864192,0.5023299485324801,-163.46293541130194,,inf,4563637.246741197,macro_features,included in supplementary block,0.0,
numeric__macro_treasury_10y_yield_change_1y,macro_features,numeric,macro_treasury_10y_yield_change_1y,one training SD of median-imputed numeric value,249,215,91,158,88,False,False,,0,0.0,0.0,0.0,ok,True,0.01873047245135192,0.1315946368748996,1.0189069881019794,0.7872650701709897,1.3187063541096293,0.8868157031836303,0.9962278439864192,0.507337599109751,-163.45739550145663,,inf,inf,macro_features,included in supplementary block,0.0,
numeric__macro_treasury_10y_yield_change_2y,macro_features,numeric,macro_treasury_10y_yield_change_2y,one training SD of median-imputed numeric value,249,215,91,158,88,False,False,,0,0.0,0.0,0.0,ok,True,-0.03572676406866317,0.1348749170782243,0.9649039038843946,0.7407613695394828,1.2568683816627135,0.7910956455605935,0.9962278439864192,0.5038600639866463,-163.430821203876,,inf,inf,macro_features,included in supplementary block,0.0,
numeric__macro_treasury_10y_yield_change_3y,macro_features,numeric,macro_treasury_10y_yield_change_3y,one training SD of median-imputed numeric value,249,215,91,158,88,False,False,,0,0.0,0.0,0.0,ok,True,-0.04031169949821794,0.12894381430780757,0.960490008234904,0.7459945894365165,1.2366591782065377,0.7545618135673351,0.9962278439864192,0.512484351091946,-163.42064846800002,,inf,inf,macro_features,included in supplementary block,0.0,
numeric__macro_treasury_10y_yield_level_at_prediction_date,macro_features,numeric,macro_treasury_10y_yield_level_at_prediction_date,one training SD of median-imputed numeric value,249,215,91,158,86,False,False,,0,0.0,0.0,0.0,ok,True,0.0038850085416775814,0.1325987484760068,1.003892564969789,0.7741390558049404,1.3018336621109028,0.9766261376173866,0.996624145366735,0.5000347753512311,-163.4671052254958,,inf,inf,macro_features,included in supplementary block,0.0,affine_group_016
numeric__macro_treasury_10y_yield_volatility_1y,macro_features,numeric,macro_treasury_10y_yield_volatility_1y,one training SD of median-imputed numeric value,249,215,91,158,88,False,False,,0,0.0,0.0,0.0,ok,True,-0.13293241278629522,0.13453550847277418,0.8755242643546637,0.6725914685544141,1.1396854900959243,0.3231114038994307,0.7976862035647613,0.5343232716650438,-162.96395058230087,,inf,17.34193776988197,macro_features,included in supplementary block,0.0,
numeric__macro_treasury_3m_yield,macro_features,numeric,macro_treasury_3m_yield,one training SD of median-imputed numeric value,249,215,91,158,86,False,False,,0,0.0,0.0,0.0,ok,True,-0.030519616874300538,0.13293736510135573,0.9699414046619679,0.7474618104864804,1.2586413316090719,0.8184189878103745,0.9962278439864192,0.503686187230491,-163.44075241017936,,inf,,macro_features,affine duplicate of numeric__macro_treasury_3m_yield_level_at_prediction_date,0.0,affine_group_017
numeric__macro_treasury_3m_yield_average_1y,macro_features,numeric,macro_treasury_3m_yield_average_1y,one training SD of median-imputed numeric value,249,215,91,158,88,False,False,,0,0.0,0.0,0.0,ok,True,-0.02751417820809085,0.13115816778643047,0.9728608890315423,0.7523305703829213,1.2580351598972173,0.8338404678746812,0.9962278439864192,0.5078940047294478,-163.4457304072586,,inf,14393313.837174574,macro_features,included in supplementary block,0.0,
numeric__macro_treasury_3m_yield_change_1y,macro_features,numeric,macro_treasury_3m_yield_change_1y,one training SD of median-imputed numeric value,249,215,91,158,88,False,False,,0,0.0,0.0,0.0,ok,True,-0.05084292052756817,0.13110072851095472,0.9504279515288405,0.735065530385846,1.2288881109322953,0.698152427698191,0.9904022811532477,0.5112324384476282,-163.3926345284728,,inf,inf,macro_features,included in supplementary block,0.0,
numeric__macro_treasury_3m_yield_change_2y,macro_features,numeric,macro_treasury_3m_yield_change_2y,one training SD of median-imputed numeric value,249,215,91,158,88,False,False,,0,0.0,0.0,0.0,ok,True,-0.03362755886565911,0.13110709277719632,0.9669315626711646,0.7478201741306827,1.250242610767432,0.7975730862097192,0.9962278439864192,0.5134580609264154,-163.4348988795523,,inf,inf,macro_features,included in supplementary block,0.0,
numeric__macro_treasury_3m_yield_change_3y,macro_features,numeric,macro_treasury_3m_yield_change_3y,one training SD of median-imputed numeric value,249,215,91,158,88,False,False,,0,0.0,0.0,0.0,ok,True,-0.05998018563666694,0.13145422893272868,0.9417831942337652,0.7278751520273037,1.218554559076201,0.6481872762494528,0.9799989964868503,0.5202740297677007,-163.3641330225293,,inf,inf,macro_features,included in supplementary block,0.0,
numeric__macro_treasury_3m_yield_level_at_prediction_date,macro_features,numeric,macro_treasury_3m_yield_level_at_prediction_date,one training SD of median-imputed numeric value,249,215,91,158,86,False,False,,0,0.0,0.0,0.0,ok,True,-0.030519616874300538,0.13293736510135573,0.9699414046619679,0.7474618104864804,1.2586413316090719,0.8184189878103745,0.9962278439864192,0.503686187230491,-163.44075241017936,,inf,inf,macro_features,included in supplementary block,0.0,affine_group_017
numeric__macro_treasury_3m_yield_volatility_1y,macro_features,numeric,macro_treasury_3m_yield_volatility_1y,one training SD of median-imputed numeric value,249,215,91,158,88,False,False,,0,0.0,0.0,0.0,ok,True,0.04819488228629291,0.13160380274444833,1.0493751400250675,0.8107919188639301,1.358163739527151,0.71420694253247,0.9941972838942332,0.5129016553067186,-163.4001010947469,,inf,149.27222022911639,macro_features,included in supplementary block,0.0,
numeric__macro_unemployment,macro_features,numeric,macro_unemployment,one training SD of median-imputed numeric value,249,215,91,158,38,False,False,,0,0.0,0.0,0.0,ok,True,-0.004099264387435913,0.13238035765059708,0.9959091261279275,0.7683115241757027,1.2909281668903778,0.9752968099635703,0.996624145366735,0.4979134789261372,-163.46705601944024,,inf,,macro_features,affine duplicate of numeric__macro_unemployment_rate_level_at_prediction_date,0.0,affine_group_007
numeric__macro_unemployment_change_1y,macro_features,numeric,macro_unemployment_change_1y,one training SD of median-imputed numeric value,249,215,91,158,41,False,False,,0,0.0,0.0,0.0,ok,True,0.016483051008336125,0.1324561235191863,1.0166196459621286,0.784172560148017,1.3179694841159477,0.9009656428462117,0.9962278439864192,0.5083808596466824,-163.45966877870464,,inf,,macro_features,affine duplicate of numeric__macro_unemployment_rate_change_1y,0.0,affine_group_018
numeric__macro_unemployment_rate,macro_features,numeric,macro_unemployment_rate,one training SD of median-imputed numeric value,249,215,91,158,38,False,False,,0,0.0,0.0,0.0,ok,True,-0.004099264387435913,0.13238035765059708,0.9959091261279275,0.7683115241757027,1.2909281668903778,0.9752968099635703,0.996624145366735,0.4979134789261372,-163.46705601944024,,inf,,macro_features,affine duplicate of numeric__macro_unemployment_rate_level_at_prediction_date,0.0,affine_group_007
numeric__macro_unemployment_rate_average_1y,macro_features,numeric,macro_unemployment_rate_average_1y,one training SD of median-imputed numeric value,249,215,91,158,67,False,False,,0,0.0,0.0,0.0,ok,True,-0.012061060105836827,0.13131493197966257,0.9880113829404632,0.7638119969269896,1.2780193251052527,0.9268185269873653,0.9962278439864192,0.49221032132424536,-163.46335131861946,,inf,1934.7568458678852,macro_features,included in supplementary block,0.0,
numeric__macro_unemployment_rate_change_1y,macro_features,numeric,macro_unemployment_rate_change_1y,one training SD of median-imputed numeric value,249,215,91,158,41,False,False,,0,0.0,0.0,0.0,ok,True,0.016483051008336125,0.1324561235191863,1.0166196459621286,0.784172560148017,1.3179694841159477,0.9009656428462117,0.9962278439864192,0.5083808596466824,-163.45966877870464,,inf,347.05764746332153,macro_features,included in supplementary block,0.0,affine_group_018
numeric__macro_unemployment_rate_change_2y,macro_features,numeric,macro_unemployment_rate_change_2y,one training SD of median-imputed numeric value,249,215,91,158,42,False,False,,0,0.0,0.0,0.0,ok,True,0.046208362263575754,0.1304823685018416,1.0472926044821955,0.8109633795129257,1.352492390053253,0.723237778242731,0.9941972838942332,0.5160662122687438,-163.40559067213718,,inf,282.9433986032322,macro_features,included in supplementary block,0.0,
numeric__macro_unemployment_rate_change_3y,macro_features,numeric,macro_unemployment_rate_change_3y,one training SD of median-imputed numeric value,249,215,91,158,50,False,False,,0,0.0,0.0,0.0,ok,True,0.011790394806910786,0.13221835614690478,1.011860175489359,0.7808651390418029,1.3111880189679526,0.9289438978182494,0.9963178508468258,0.5025038252886354,-163.46352516168798,,inf,134.20517277786672,macro_features,included in supplementary block,0.0,
numeric__macro_unemployment_rate_level_at_prediction_date,macro_features,numeric,macro_unemployment_rate_level_at_prediction_date,one training SD of median-imputed numeric value,249,215,91,158,38,False,False,,0,0.0,0.0,0.0,ok,True,-0.004099264387435913,0.13238035765059708,0.9959091261279275,0.7683115241757027,1.2909281668903778,0.9752968099635703,0.996624145366735,0.4979134789261372,-163.46705601944024,,inf,2051.3705765696022,macro_features,included in supplementary block,0.0,affine_group_007
numeric__macro_unemployment_rate_volatility_1y,macro_features,numeric,macro_unemployment_rate_volatility_1y,one training SD of median-imputed numeric value,249,215,91,158,67,False,False,,0,0.0,0.0,0.0,ok,True,0.03248325540526138,0.13214757855129614,1.0330165955549016,0.7973024080682805,1.3384172377922272,0.8058289693103706,0.9962278439864192,0.5282723605508415,-163.43673490454836,,inf,203.46547416312137,macro_features,included in supplementary block,0.0,
numeric__macro_vix,macro_features,numeric,macro_vix,one training SD of median-imputed numeric value,249,215,91,158,87,False,False,,0,0.0,0.0,0.0,ok,True,-0.017012693798441888,0.13326839289626685,0.9831312048863453,0.7571348196178429,1.2765850162711223,0.8984201203291435,0.9962278439864192,0.501425789400473,-163.45923575514323,,inf,,macro_features,affine duplicate of numeric__macro_vix_level_at_prediction_date,0.0,affine_group_019
numeric__macro_vix_average_1y,macro_features,numeric,macro_vix_average_1y,one training SD of median-imputed numeric value,249,215,91,158,88,False,False,,0,0.0,0.0,0.0,ok,True,0.006952880486714575,0.1339705537788551,1.0069771078777485,0.7744326518015368,1.309349358438069,0.9586095117928112,0.996624145366735,0.5108846849353178,-163.46614482823702,,inf,204.84557456831652,macro_features,included in supplementary block,0.0,
numeric__macro_vix_change_1y,macro_features,numeric,macro_vix_change_1y,one training SD of median-imputed numeric value,249,215,91,158,88,False,False,,0,0.0,0.0,0.0,ok,True,-0.007269531303926728,0.13382539519321135,0.9927568278272445,0.7637135565501144,1.290491848343851,0.9566794066964331,0.996624145366735,0.49311448045625267,-163.46601823407275,,inf,31.49245677648738,macro_features,included in supplementary block,0.0,
numeric__macro_vix_change_2y,macro_features,numeric,macro_vix_change_2y,one training SD of median-imputed numeric value,249,215,91,158,86,False,False,,0,0.0,0.0,0.0,ok,True,0.007706579232471904,0.1316110878235181,1.0077363513454456,0.778608900179211,1.3042909650651153,0.9533059972438644,0.996624145366735,0.5110933370427041,-163.46582263861782,,inf,40.15570378186409,macro_features,included in supplementary block,0.0,
numeric__macro_vix_change_3y,macro_features,numeric,macro_vix_change_3y,one training SD of median-imputed numeric value,249,215,91,158,87,False,False,,0,0.0,0.0,0.0,ok,True,0.005029681325418485,0.13152325291119113,1.0050423514057851,0.7766611240672457,1.30058026186439,0.9694949216069045,0.996624145366735,0.5015996661566282,-163.46680964671654,,inf,43.245798914523554,macro_features,included in supplementary block,0.0,
numeric__macro_vix_level_at_prediction_date,macro_features,numeric,macro_vix_level_at_prediction_date,one training SD of median-imputed numeric value,249,215,91,158,87,False,False,,0,0.0,0.0,0.0,ok,True,-0.017012693798441888,0.13326839289626685,0.9831312048863453,0.7571348196178429,1.2765850162711223,0.8984201203291435,0.9962278439864192,0.501425789400473,-163.45923575514323,,inf,114.75332038538316,macro_features,included in supplementary block,0.0,affine_group_019
numeric__macro_vix_volatility_1y,macro_features,numeric,macro_vix_volatility_1y,one training SD of median-imputed numeric value,249,215,91,158,88,False,False,,0,0.0,0.0,0.0,ok,True,-0.03298732463425404,0.13611785614502628,0.9675508235718732,0.7409860940463472,1.2633902359523301,0.8085137426838616,0.9962278439864192,0.5173529002642927,-163.4364083875737,,inf,193.63780401126974,macro_features,included in supplementary block,0.0,
numeric__macro_yield_curve_spread,macro_features,numeric,macro_yield_curve_spread,one training SD of median-imputed numeric value,249,215,91,158,88,False,False,,0,0.0,0.0,0.0,ok,True,0.05799543916119451,0.13128208857981277,1.059710162532034,0.8192936386222262,1.3706753911358946,0.6586614329022025,0.9799989964868503,0.5120670468771735,-163.37109808882838,,inf,,macro_features,affine duplicate of numeric__macro_yield_curve_spread_level_at_prediction_date,0.0,affine_group_020
numeric__macro_yield_curve_spread_average_1y,macro_features,numeric,macro_yield_curve_spread_average_1y,one training SD of median-imputed numeric value,249,215,91,158,88,False,False,,0,0.0,0.0,0.0,ok,True,0.03606719135833046,0.12930566186133907,1.0367255031455072,0.8046344139441649,1.3357616207388405,0.7802987642154668,0.9962278439864192,0.5081722075392962,-163.43009722833455,,inf,4539382.854716496,macro_features,included in supplementary block,0.0,
numeric__macro_yield_curve_spread_change_1y,macro_features,numeric,macro_yield_curve_spread_change_1y,one training SD of median-imputed numeric value,249,215,91,158,88,False,False,,0,0.0,0.0,0.0,ok,True,0.06660993335100725,0.127831199111315,1.0688784630077874,0.8319902033851307,1.3732146893477573,0.602312938465303,0.9669404241089352,0.5241688691055779,-163.33845805096522,,inf,inf,macro_features,included in supplementary block,0.0,
numeric__macro_yield_curve_spread_change_2y,macro_features,numeric,macro_yield_curve_spread_change_2y,one training SD of median-imputed numeric value,249,215,91,158,88,False,False,,0,0.0,0.0,0.0,ok,True,0.025455980666049174,0.1282332560373087,1.025782751003122,0.7978165598858334,1.3188874550386693,0.8426436395124669,0.9962278439864192,0.5091459173737655,-163.44882860738184,,inf,inf,macro_features,included in supplementary block,0.0,
numeric__macro_yield_curve_spread_change_3y,macro_features,numeric,macro_yield_curve_spread_change_3y,one training SD of median-imputed numeric value,249,215,91,158,88,False,False,,0,0.0,0.0,0.0,ok,True,0.05550836537887341,0.1317958319211522,1.0570778598922328,0.8164360281574186,1.368648079380069,0.6736314209560919,0.9841323145527021,0.5122061482820977,-163.3788512847905,,inf,inf,macro_features,included in supplementary block,0.0,
numeric__macro_yield_curve_spread_level_at_prediction_date,macro_features,numeric,macro_yield_curve_spread_level_at_prediction_date,one training SD of median-imputed numeric value,249,215,91,158,88,False,False,,0,0.0,0.0,0.0,ok,True,0.05799543916119451,0.13128208857981277,1.059710162532034,0.8192936386222262,1.3706753911358946,0.6586614329022025,0.9799989964868503,0.5120670468771735,-163.37109808882838,,inf,inf,macro_features,included in supplementary block,0.0,affine_group_020
numeric__macro_yield_curve_spread_volatility_1y,macro_features,numeric,macro_yield_curve_spread_volatility_1y,one training SD of median-imputed numeric value,249,215,91,158,88,False,False,,0,0.0,0.0,0.0,ok,True,0.0016261832168922618,0.13562007836674006,1.0016275061698439,0.767832025953734,1.306610856547513,0.9904330140046483,0.996624145366735,0.48605508415635,-163.46746453891345,,inf,44.53085763421605,macro_features,included in supplementary block,0.0,
numeric__original_log_market_cap,original_market,numeric,original_log_market_cap,one training SD of median-imputed numeric value,249,215,91,158,246,False,False,,3,1.098901098901099,1.2658227848101267,0.0,ok,True,-0.31220029889137224,0.1426965128642907,0.7318349278221431,0.5532859487117369,0.9680028253518523,0.028679645370878575,0.2931718834484066,0.583599944359438,-160.8046383247527,,inf,2.025579468612096,original_market,included in supplementary block,-0.16692168590902767,
numeric__original_market_cap,original_market,numeric,original_market_cap,one training SD of median-imputed numeric value,249,215,91,158,246,False,False,,3,1.098901098901099,1.2658227848101267,0.0,ok,True,-4.460952046702015,0.010361691705907514,0.011551360615992805,0.011319135376811914,0.011788350226295461,0.0,0.0,0.583599944359438,-161.54959741112322,,inf,199.87809824197973,original_market,included in supplementary block,-0.16692168590902767,
numeric__original_market_monthly_price_00,original_market_history,numeric,original_market_monthly_price_00,one training SD of median-imputed numeric value,249,215,91,158,230,False,False,,0,0.0,0.0,0.0,not_converged,False,,,,,,,,,,divide by zero encountered in divide; invalid value encountered in multiply; overflow encountered in exp,inf,4.26988218802298e+21,original_market_history,included in supplementary block,0.0,affine_group_021
numeric__original_market_monthly_price_05,original_market_history,numeric,original_market_monthly_price_05,one training SD of median-imputed numeric value,249,215,91,158,233,False,False,,0,0.0,0.0,0.0,not_converged,False,,,,,,,,,,divide by zero encountered in divide; invalid value encountered in multiply; overflow encountered in exp,inf,2.202033022726302e+22,original_market_history,included in supplementary block,0.0,
numeric__original_market_monthly_price_08,original_market_history,numeric,original_market_monthly_price_08,one training SD of median-imputed numeric value,249,215,91,158,235,False,False,,0,0.0,0.0,0.0,not_converged,False,,,,,,,,,,divide by zero encountered in divide; invalid value encountered in multiply; overflow encountered in exp,inf,3.3068016658380295e+23,original_market_history,included in supplementary block,0.0,
numeric__original_market_monthly_price_10,original_market_history,numeric,original_market_monthly_price_10,one training SD of median-imputed numeric value,249,215,91,158,236,False,False,,0,0.0,0.0,0.0,not_converged,False,,,,,,,,,,divide by zero encountered in divide; invalid value encountered in multiply; overflow encountered in exp,inf,3.5823023552826393e+22,original_market_history,included in supplementary block,0.0,
numeric__original_market_monthly_price_11,original_market_history,numeric,original_market_monthly_price_11,one training SD of median-imputed numeric value,249,215,91,158,230,False,False,,0,0.0,0.0,0.0,not_converged,False,,,,,,,,,,divide by zero encountered in divide; invalid value encountered in multiply; overflow encountered in exp,inf,5.075575317322051e+21,original_market_history,included in supplementary block,0.0,
numeric__trend_accounts_receivable_growth_1y,trend_financial,numeric,trend_accounts_receivable_growth_1y,one training SD of median-imputed numeric value,249,215,91,158,239,False,False,,7,2.197802197802198,3.1645569620253164,0.0,ok,True,-0.004390811860611617,0.12174510071664923,0.9956188136606817,0.7842661614822527,1.2639290980521727,0.9712300401940313,0.996624145366735,0.5214911670607874,-163.4669890737053,,inf,1.2349015766206837,trend_financial_growth_1y,included in supplementary block,-0.9667547642231185,
numeric__trend_accounts_receivable_growth_2y,trend_financial,numeric,trend_accounts_receivable_growth_2y,one training SD of median-imputed numeric value,249,215,91,158,227,False,False,,19,3.296703296703297,10.126582278481013,0.0,ok,True,-0.15158353174916991,0.12089383398287006,0.8593460965921863,0.6780521393457963,1.0891134632223551,0.20989413186353456,0.706402319651068,0.533662539991654,-163.03131793481222,,inf,4.666495503973497,trend_financial_growth_2y,included in supplementary block,-6.829878981777716,
numeric__trend_adjusted_price_change_2y,trend_market,numeric,trend_adjusted_price_change_2y,one training SD of median-imputed numeric value,249,215,91,158,238,False,False,,6,3.296703296703297,1.89873417721519,0.0,fit_warning_review,True,,,,,,,,,,divide by zero encountered in divide; invalid value encountered in multiply; overflow encountered in exp,inf,1.0001483211608517,trend_market_change_2y,included in supplementary block,1.397969119488107,
numeric__trend_capex_to_revenue_change_1y,trend_ratios,numeric,trend_capex_to_revenue_change_1y,one training SD of median-imputed numeric value,249,215,91,158,235,False,False,,9,1.098901098901099,5.063291139240507,0.0,ok,True,-0.08690078660668542,0.148838393475923,0.9167680467900957,0.6848066951979067,1.2273005762194484,0.5593144968330299,0.9375918745615428,0.4784392822367506,-163.25842354105313,,inf,1.5099369089488273,trend_ratios_change_1y,included in supplementary block,-3.9643900403394077,
numeric__trend_capex_to_revenue_growth_2y,trend_ratios,numeric,trend_capex_to_revenue_growth_2y,one training SD of median-imputed numeric value,249,215,91,158,223,False,False,,20,3.296703296703297,10.759493670886076,0.0,ok,True,-0.19949996601580133,0.15395320022567982,0.8191402486507485,0.6057773959798601,1.1076523346901475,0.19502781384248857,0.6928063587469253,0.5177354291278342,-162.69410654770385,,inf,1.2321084812489622,trend_ratios_growth_2y,included in supplementary block,-7.462790374182779,
numeric__trend_capital_expenditures_growth_1y,trend_financial,numeric,trend_capital_expenditures_growth_1y,one training SD of median-imputed numeric value,249,215,91,158,235,False,False,,10,2.197802197802198,5.063291139240507,0.0,ok,True,-0.3300699551668009,0.20996673970458601,0.7188734427613035,0.47635247602146186,1.0848668847565848,0.11594807669498894,0.5440640521841789,0.5371400751147587,-162.0682270196984,,inf,2.1319756066522233,trend_financial_growth_1y,included in supplementary block,-2.8654889414383087,
numeric__trend_cash_short_term_investments_growth_2y,trend_financial,numeric,trend_cash_short_term_investments_growth_2y,one training SD of median-imputed numeric value,249,215,91,158,221,False,False,,21,5.4945054945054945,10.126582278481013,0.0,ok,True,-0.38883188215887093,0.46894957048241537,0.6778482188144499,0.2703720918186051,1.6994291262065249,0.40701670358794884,0.8345552577769707,0.6148282097649187,-162.4642864898653,,inf,1.0283878696190762,trend_financial_growth_2y,included in supplementary block,-4.632076783975519,
numeric__trend_cash_short_term_investments_growth_3y,trend_financial,numeric,trend_cash_short_term_investments_growth_3y,one training SD of median-imputed numeric value,249,215,91,158,212,False,False,,29,8.791208791208792,13.291139240506327,0.0,ok,True,0.15307302233715478,0.09071389614896902,1.1654100768032296,0.975580161988609,1.3921773935480741,0.09152139290047291,0.5133613762693193,0.42241619140353315,-162.90308086699332,,inf,15.254071293633269,trend_financial_growth_3y,included in supplementary block,-4.499930449297535,
numeric__trend_cash_to_assets_growth_1y,trend_ratios,numeric,trend_cash_to_assets_growth_1y,one training SD of median-imputed numeric value,249,215,91,158,231,False,False,,11,2.197802197802198,5.69620253164557,0.0,ok,True,0.14443799358883735,0.09959313144191434,1.155390051152023,0.9505058550113236,1.4044376089457868,0.14698026664782146,0.597719751034474,0.4162609542356378,-162.89348393501155,,inf,1.2136007228792436,trend_ratios_growth_1y,included in supplementary block,-3.498400333843372,
numeric__trend_current_assets_growth_1y,trend_financial,numeric,trend_current_assets_growth_1y,one training SD of median-imputed numeric value,249,215,91,158,241,False,False,,5,1.098901098901099,2.5316455696202533,0.0,ok,True,-0.5351037621675362,0.5579214716586332,0.5856085229825098,0.19620215409767428,1.7478775590763085,0.33750721593926547,0.7995316571765123,0.6040478508832939,-162.0704051424868,,inf,1.352902721524835,trend_financial_growth_1y,included in supplementary block,-1.4327444707191543,
numeric__trend_current_assets_growth_2y,trend_financial,numeric,trend_current_assets_growth_2y,one training SD of median-imputed numeric value,249,215,91,158,231,False,False,,14,2.197802197802198,7.59493670886076,0.0,ok,True,0.08101702331439675,0.11362594953089512,1.0843893563105778,0.86789395323732,1.354889352199608,0.47583638312338694,0.882920741308794,0.38670190568924745,-163.26726708798196,,inf,109.02879522374765,trend_financial_growth_2y,included in supplementary block,-5.397134511058562,
numeric__trend_current_liabilities_growth_2y,trend_financial,numeric,trend_current_liabilities_growth_2y,one training SD of median-imputed numeric value,249,215,91,158,231,False,False,,14,2.197802197802198,7.59493670886076,0.0,ok,True,0.01277022062100907,0.12457064423539684,1.0128521080907864,0.7934349225001076,1.292947113584871,0.9183487927633464,0.9962278439864192,0.49596605925719855,-163.4627433626937,,inf,15.468108408095697,trend_financial_growth_2y,included in supplementary block,-5.397134511058562,
numeric__trend_current_ratio_change_1y,trend_ratios,numeric,trend_current_ratio_change_1y,one training SD of median-imputed numeric value,249,215,91,158,241,False,False,,5,1.098901098901099,2.5316455696202533,0.0,ok,True,-0.2152337539104412,0.15630102859137598,0.806352929995107,0.5935830508445281,1.0953901847207501,0.16849793202136054,0.6416374370084167,0.6019613298094311,-162.3231357505316,,inf,1.649497886772863,trend_ratios_change_1y,included in supplementary block,-1.4327444707191543,
numeric__trend_current_ratio_slope_3y,trend_ratios,numeric,trend_current_ratio_slope_3y,one training SD of median-imputed numeric value,249,215,91,158,243,False,False,,3,1.098901098901099,1.2658227848101267,0.0,ok,True,-0.11921276059958827,0.1318467332494803,0.8876189303347459,0.6854857216854479,1.1493563477170878,0.3659016469668891,0.8297755683786461,0.5632911392405063,-163.04969228558153,,inf,2.5057494029506877,trend_ratios_slope_3y,included in supplementary block,-0.16692168590902767,
numeric__trend_debt_to_equity_growth_1y,trend_ratios,numeric,trend_debt_to_equity_growth_1y,one training SD of median-imputed numeric value,249,215,91,158,41,False,False,,207,82.41758241758241,83.54430379746836,0.0,fit_warning_review,True,,,,,,,,,,divide by zero encountered in divide; invalid value encountered in multiply,inf,56133391718.844475,trend_ratios_growth_1y,included in supplementary block,-1.1267213798859501,
numeric__trend_debt_to_equity_growth_3y,trend_ratios,numeric,trend_debt_to_equity_growth_3y,one training SD of median-imputed numeric value,249,215,91,158,27,False,False,,221,91.20879120879121,87.34177215189874,0.0,ok,True,-0.06898015786687417,0.12822366810695454,0.9333451994541693,0.7259356319440131,1.2000144682405232,0.5905995308515297,0.962787007393936,0.5159271108638196,-163.34369167869994,,inf,3.9584992642163566,trend_ratios_growth_3y,included in supplementary block,3.867019056892474,
numeric__trend_ebit_to_assets_change_3y,trend_ratios,numeric,trend_ebit_to_assets_change_3y,one training SD of median-imputed numeric value,249,215,91,158,219,False,False,,27,7.6923076923076925,12.658227848101266,0.0,ok,True,-0.06981280492059555,0.15896880242635947,0.9325683757785922,0.6829142800481465,1.273488929593049,0.6605453070941836,0.9799989964868503,0.5870079287800807,-163.320905018526,,inf,59.00484989568853,trend_ratios_change_3y,included in supplementary block,-4.965920155793573,
numeric__trend_ebit_to_assets_growth_2y,trend_ratios,numeric,trend_ebit_to_assets_growth_2y,one training SD of median-imputed numeric value,249,215,91,158,231,False,False,,14,2.197802197802198,7.59493670886076,0.0,ok,True,-0.04870100188705924,0.16210471152446568,0.9524658726261402,0.6932113151553397,1.3086792132269,0.7638497318325869,0.9962278439864192,0.5862428710529977,-163.39948647503263,,inf,10.074532383331313,trend_ratios_growth_2y,included in supplementary block,-5.397134511058562,
numeric__trend_ebit_to_assets_growth_3y,trend_ratios,numeric,trend_ebit_to_assets_growth_3y,one training SD of median-imputed numeric value,249,215,91,158,219,False,False,,27,7.6923076923076925,12.658227848101266,0.0,ok,True,-0.16405604159034054,0.12661850922164486,0.8486944583602918,0.6621760913218915,1.087750362918693,0.19508855406249737,0.6928063587469253,0.5619001251912644,-162.70213065454095,,inf,6.0231720647089,trend_ratios_growth_3y,included in supplementary block,-4.965920155793573,
numeric__trend_ebit_to_assets_slope_3y,trend_ratios,numeric,trend_ebit_to_assets_slope_3y,one training SD of median-imputed numeric value,249,215,91,158,243,False,False,,3,1.098901098901099,1.2658227848101267,0.0,ok,True,0.15059753801710743,0.10434119763827007,1.1625286903166452,0.9475197940198178,1.42632688450313,0.14893088631084725,0.5981857355240965,0.4431075253860064,-162.95050354240306,,inf,19.537900034661426,trend_ratios_slope_3y,included in supplementary block,-0.16692168590902767,
numeric__trend_ebitda_growth_2y,trend_financial,numeric,trend_ebitda_growth_2y,one training SD of median-imputed numeric value,249,215,91,158,231,False,False,,15,2.197802197802198,8.227848101265822,0.0,ok,True,-0.40757651540842027,0.20239965112038955,0.6652605467681171,0.4474132825359979,0.9891784896900234,0.04403878851220665,0.3523103080976532,0.6208791208791209,-161.04946860203452,,inf,1.3681445600394933,trend_financial_growth_2y,included in supplementary block,-6.030045903463624,
numeric__trend_ebitda_margin_change_1y,trend_ratios,numeric,trend_ebitda_margin_change_1y,one training SD of median-imputed numeric value,249,215,91,158,237,False,False,,9,1.098901098901099,5.063291139240507,0.0,ok,True,-0.20674998091878083,0.1759448651413102,0.8132229458263345,0.5760299749131432,1.1480853226747103,0.23996114526073087,0.765366267236841,0.5908332174154959,-162.90926752386406,,inf,188.81389333857473,trend_ratios_change_1y,included in supplementary block,-3.9643900403394077,
numeric__trend_ebitda_margin_growth_2y,trend_ratios,numeric,trend_ebitda_margin_growth_2y,one training SD of median-imputed numeric value,249,215,91,158,227,False,False,,18,2.197802197802198,10.126582278481013,0.0,ok,True,-0.5437858286469679,0.39649219910303407,0.5805462382003813,0.2668959867967722,1.2627913170730742,0.17022167534417787,0.6416374370084167,0.6528724440116844,-161.75428851416737,,inf,32.075511552994705,trend_ratios_growth_2y,included in supplementary block,-7.928780080678815,
numeric__trend_ebitda_margin_slope_3y,trend_ratios,numeric,trend_ebitda_margin_slope_3y,one training SD of median-imputed numeric value,249,215,91,158,239,False,False,,6,1.098901098901099,3.1645569620253164,0.0,ok,True,0.23026029669364761,0.09394543461154027,1.2589276619922116,1.0472111974862117,1.5134472033279078,0.014245979969922528,0.16956190793468767,0.42363332869661985,-162.64605909415127,,inf,3354.295766439091,trend_ratios_slope_3y,included in supplementary block,-2.0656558631242175,
numeric__trend_ebitda_to_assets_slope_3y,trend_ratios,numeric,trend_ebitda_to_assets_slope_3y,one training SD of median-imputed numeric value,249,215,91,158,243,False,False,,3,1.098901098901099,1.2658227848101267,0.0,ok,True,0.1759312701388183,0.09977870933508022,1.1923561053647818,0.9805600346798563,1.449899069632026,0.07786431398055345,0.4814229986519163,0.4554179997217972,-162.7545993490284,,inf,24.6762917981116,trend_ratios_slope_3y,included in supplementary block,-0.16692168590902767,
numeric__trend_free_cash_flow_growth_1y,trend_financial,numeric,trend_free_cash_flow_growth_1y,one training SD of median-imputed numeric value,249,215,91,158,241,False,False,,5,1.098901098901099,2.5316455696202533,0.0,ok,True,-0.05540322978734716,0.13347361364469287,0.9461035738847328,0.728325871380387,1.2289992813532349,0.6780778432532311,0.9848273437725499,0.522743079705105,-163.3782946818725,,inf,1.035879890419013,trend_financial_growth_1y,included in supplementary block,-1.4327444707191543,
numeric__trend_interest_expense_growth_2y,trend_financial,numeric,trend_interest_expense_growth_2y,one training SD of median-imputed numeric value,249,215,91,158,193,False,False,,50,12.087912087912088,24.68354430379747,0.0,ok,True,-0.08991866660982085,0.08802895884186318,0.9140055214158811,0.7691630867708925,1.0861234860943811,0.3070332893352363,0.7976862035647613,0.3803032410627347,-163.31369260538503,,inf,3.49857613401776,trend_financial_growth_2y,included in supplementary block,-12.59563221588538,
numeric__trend_inventory_growth_1y,trend_financial,numeric,trend_inventory_growth_1y,one training SD of median-imputed numeric value,249,215,91,158,181,False,False,,67,26.373626373626376,27.21518987341772,0.0,ok,True,0.05855440655895893,0.12486728655903331,1.0603026715451525,0.8301233473699268,1.354306873608258,0.6391174400246461,0.9799989964868503,0.4343441368757825,-163.36484468204438,,inf,1.0734353137649788,trend_financial_growth_1y,included in supplementary block,-0.841563499791345,
numeric__trend_liabilities_to_equity_change_1y,trend_ratios,numeric,trend_liabilities_to_equity_change_1y,one training SD of median-imputed numeric value,249,215,91,158,49,False,False,,201,82.41758241758241,79.74683544303798,0.0,fit_warning_review,True,,,,,,,,,,divide by zero encountered in divide; invalid value encountered in multiply,inf,8397457611.909904,trend_ratios_change_1y,included in supplementary block,2.6707469745444286,
numeric__trend_liabilities_to_equity_change_2y,trend_ratios,numeric,trend_liabilities_to_equity_change_2y,one training SD of median-imputed numeric value,249,215,91,158,40,False,False,,209,86.81318681318682,82.27848101265823,0.0,ok,True,-0.2523553435903827,0.09849821391172343,0.7769685981982869,0.6405626838360016,0.9424217454739631,0.010406243691284425,0.14509276918133712,0.4528446237306997,-162.60811110565163,,inf,4068.459597744064,trend_ratios_change_2y,included in supplementary block,4.5347058005285845,
numeric__trend_liabilities_to_equity_growth_1y,trend_ratios,numeric,trend_liabilities_to_equity_growth_1y,one training SD of median-imputed numeric value,249,215,91,158,49,False,False,,201,82.41758241758241,79.74683544303798,0.0,ok,True,0.8958366239070911,0.5148862995355457,2.4493841458249292,0.8928631303694712,6.719375556851478,0.08188137067235461,0.4814229986519163,0.5171094728056755,-162.45746227273554,,inf,55999477925.659424,trend_ratios_growth_1y,included in supplementary block,2.6707469745444286,
numeric__trend_liabilities_to_equity_growth_2y,trend_ratios,numeric,trend_liabilities_to_equity_growth_2y,one training SD of median-imputed numeric value,249,215,91,158,40,False,False,,209,86.81318681318682,82.27848101265823,0.0,ok,True,0.12986948563829756,0.11982649119430053,1.138679759564062,0.9003370178301573,1.4401180548653882,0.27844780612177944,0.7957002397400588,0.5166226178884407,-162.9809114977711,,inf,3.0683786369060067,trend_ratios_growth_2y,included in supplementary block,4.5347058005285845,
numeric__trend_liabilities_to_equity_growth_3y,trend_ratios,numeric,trend_liabilities_to_equity_growth_3y,one training SD of median-imputed numeric value,249,215,91,158,32,False,False,,217,90.10989010989012,85.44303797468355,0.0,ok,True,-0.08771773034049399,0.12867060529512883,0.9160194047197755,0.7118361769571533,1.1787705893369878,0.49541402635524334,0.8843220136725198,0.5086242871052997,-163.26879200641238,,inf,5.457983995124717,trend_ratios_growth_3y,included in supplementary block,4.666852135206568,
numeric__trend_market_to_book_change_1y,trend_ratios,numeric,trend_market_to_book_change_1y,one training SD of median-imputed numeric value,249,215,91,158,49,False,False,,201,82.41758241758241,79.74683544303798,0.0,fit_warning_review,True,,,,,,,,,,divide by zero encountered in divide; invalid value encountered in multiply,inf,21011.85872977931,trend_ratios_change_1y,included in supplementary block,2.6707469745444286,
numeric__trend_market_to_book_change_2y,trend_ratios,numeric,trend_market_to_book_change_2y,one training SD of median-imputed numeric value,249,215,91,158,40,False,False,,209,86.81318681318682,82.27848101265823,0.0,ok,True,-0.7229916539152574,0.8796819235140305,0.48529823771181535,0.0865410386880206,2.7214184518309303,0.4111460543468979,0.8383259854272654,0.5001391014049241,-162.31097655575718,,inf,270.28537456110735,trend_ratios_change_2y,included in supplementary block,4.5347058005285845,
numeric__trend_market_to_book_change_3y,trend_ratios,numeric,trend_market_to_book_change_3y,one training SD of median-imputed numeric value,249,215,91,158,30,False,False,,218,91.20879120879121,85.44303797468355,0.0,ok,True,0.1394770799446087,0.142799379452539,1.1496724548597348,0.8690065982722766,1.5209858660349092,0.3287006124246483,0.7976862035647613,0.5158575601613576,-163.08522530726836,,inf,1.745257541932673,trend_ratios_change_3y,included in supplementary block,5.765753234107663,
numeric__trend_market_to_book_growth_3y,trend_ratios,numeric,trend_market_to_book_growth_3y,one training SD of median-imputed numeric value,249,215,91,158,30,False,False,,218,91.20879120879121,85.44303797468355,0.0,ok,True,-0.9082852253638013,1.1078434992657642,0.40321505450346873,0.045976789568497364,3.5361838376299857,0.4122914682429174,0.8383259854272654,0.516831269995827,-162.5430696795557,,inf,2.9152040595594513,trend_ratios_growth_3y,included in supplementary block,5.765753234107663,
numeric__trend_operating_cash_flow_margin_change_1y,trend_ratios,numeric,trend_operating_cash_flow_margin_change_1y,one training SD of median-imputed numeric value,249,215,91,158,237,False,False,,9,1.098901098901099,5.063291139240507,0.0,ok,True,-0.3743506609481533,0.34520650832448296,0.6877357074857133,0.3496079187771261,1.3528881296661877,0.27817628450205856,0.7957002397400588,0.6155932674920016,-162.4963200453589,,inf,148.26989498400297,trend_ratios_change_1y,included in supplementary block,-3.9643900403394077,
numeric__trend_operating_cash_flow_to_assets_change_2y,trend_ratios,numeric,trend_operating_cash_flow_to_assets_change_2y,one training SD of median-imputed numeric value,249,215,91,158,230,False,False,,15,2.197802197802198,8.227848101265822,0.0,ok,True,0.0072173666671639285,0.14870059295589738,1.0072434746304209,0.7525931971413605,1.3480581820818676,0.9612888884833605,0.996624145366735,0.36708860759493667,-163.4660245103977,,inf,6.052435379743539,trend_ratios_change_2y,included in supplementary block,-6.030045903463624,
numeric__trend_revenue_growth_3y,trend_financial,numeric,trend_revenue_growth_3y,one training SD of median-imputed numeric value,249,215,91,158,218,False,False,,27,7.6923076923076925,12.658227848101266,0.0,fit_warning_review,True,,,,,,,,,,divide by zero encountered in divide; invalid value encountered in multiply,inf,1.648792511774715,trend_financial_growth_3y,included in supplementary block,-4.965920155793573,
numeric__trend_shareholders_equity_change_3y,trend_financial,numeric,trend_shareholders_equity_change_3y,one training SD of median-imputed numeric value,249,215,91,158,32,False,False,,217,90.10989010989012,85.44303797468355,0.0,ok,True,0.11243958734197822,0.13444861319627618,1.119004652825314,0.8597833394951473,1.4563801780341066,0.402985265790449,0.8297755683786461,0.46028654889414383,-163.13844036437297,,inf,1.5868763396837489,trend_financial_change_3y,included in supplementary block,4.666852135206568,
numeric__trend_shareholders_equity_growth_3y,trend_financial,numeric,trend_shareholders_equity_growth_3y,one training SD of median-imputed numeric value,249,215,91,158,32,False,False,,217,90.10989010989012,85.44303797468355,0.0,ok,True,-0.08284799386698374,0.12154441243289589,0.9204910568723239,0.7253719909431553,1.1680955376843711,0.4954746261613775,0.8843220136725198,0.4929058283488663,-163.32201930312615,,inf,7.655177211328981,trend_financial_growth_3y,included in supplementary block,4.666852135206568,
numeric__trend_shares_outstanding_growth_3y,trend_market,numeric,trend_shares_outstanding_growth_3y,one training SD of median-imputed numeric value,249,215,91,158,219,False,False,,29,14.285714285714285,10.126582278481013,0.0,ok,True,-0.1353361126040388,0.09884117861791264,0.8734222941048163,0.7195989306903932,1.060127344974534,0.17092800576043887,0.6416374370084167,0.40328974822645713,-163.20724265787902,,inf,1.8673117751826034,trend_market_growth_3y,included in supplementary block,4.159132007233271,
numeric__trend_total_assets_growth_2y,trend_financial,numeric,trend_total_assets_growth_2y,one training SD of median-imputed numeric value,249,215,91,158,231,False,False,,14,2.197802197802198,7.59493670886076,0.0,ok,True,0.08165000487752089,0.11942872495372711,1.085075972065002,0.8586224341719704,1.3712544865989302,0.49418268033133805,0.8843220136725198,0.4465850605091111,-163.26337007986868,,inf,138.44651126813025,trend_financial_growth_2y,included in supplementary block,-5.397134511058562,
numeric__trend_total_liabilities_growth_2y,trend_financial,numeric,trend_total_liabilities_growth_2y,one training SD of median-imputed numeric value,249,215,91,158,231,False,False,,14,2.197802197802198,7.59493670886076,0.0,ok,True,0.025121108824009714,0.12717890733625684,1.025439302752545,0.7991992667340029,1.3157241346413853,0.843416134208605,0.9962278439864192,0.5364445680901377,-163.44872734464076,,inf,20.71168036686227,trend_financial_growth_2y,included in supplementary block,-5.397134511058562,
numeric__trend_volume_growth_2y,trend_market,numeric,trend_volume_growth_2y,one training SD of median-imputed numeric value,249,215,91,158,239,False,False,,10,3.296703296703297,4.430379746835443,0.0,ok,True,-1.7386055575795893,2.795628601827919,0.1757653244356587,0.0007333137359758341,42.12855665776106,0.5340066536412547,0.9172543518014822,0.4639727361246348,-162.89917600229253,,inf,1705.1467543646559,trend_market_growth_2y,included in supplementary block,-1.1336764501321457,
numeric__trend_working_capital_growth_2y,trend_financial,numeric,trend_working_capital_growth_2y,one training SD of median-imputed numeric value,249,215,91,158,231,False,False,,14,2.197802197802198,7.59493670886076,0.0,ok,True,0.22063895647323015,0.15090812132494483,1.2468731737997074,0.9276177612078361,1.676005760731678,0.14372072223234372,0.5909627830263707,0.41709556266518294,-162.49467655605594,,inf,3.1537908331025952,trend_financial_growth_2y,included in supplementary block,-5.397134511058562,
numeric__trend_working_capital_to_assets_change_3y,trend_ratios,numeric,trend_working_capital_to_assets_change_3y,one training SD of median-imputed numeric value,249,215,91,158,219,False,False,,26,7.6923076923076925,12.025316455696203,0.0,ok,True,-0.3003344481844213,0.19865523815978667,0.7405704968005349,0.5017307988905645,1.0931054301312995,0.1305751947127989,0.5685959095458765,0.6059257198497705,-161.03688869398889,,inf,2.708902092261085,trend_ratios_change_3y,included in supplementary block,-4.33300876338851,
numeric__trend_working_capital_to_assets_slope_3y,trend_ratios,numeric,trend_working_capital_to_assets_slope_3y,one training SD of median-imputed numeric value,249,215,91,158,243,False,False,,3,1.098901098901099,1.2658227848101267,0.0,ok,True,-0.016984196663175886,0.11356038416419013,0.9831592217084729,0.7869752656627617,1.2282495999621708,0.8811110347604401,0.9962278439864192,0.5781054388649326,-163.45896544857314,,inf,11.731681429099952,trend_ratios_slope_3y,included in supplementary block,-0.16692168590902767,
