ticker,name,Sector,Industry
A,Agilent Technologies Inc. Common Stock,Industrials,Biotechnology: Laboratory Analytical Instruments
AA,Alcoa Corporation Common Stock ,Industrials,Aluminum
AAL,American Airlines Group Inc. Common Stock,Consumer Discretionary,Air Freight/Delivery Services
AAOI,Applied Optoelectronics Inc. Common Stock,Technology,Semiconductors
AAON,AAON Inc. Common Stock,Industrials,Industrial Machinery/Components
AAP,Advance Auto Parts Inc.,Consumer Discretionary,Auto & Home Supply Stores
AAPL,Apple Inc. Common Stock,Technology,Computer Manufacturing
AARD,Aardvark Therapeutics Inc. Common Stock,Health Care,Biotechnology: Pharmaceutical Preparations
AAT,American Assets Trust Inc. Common Stock,Real Estate,Real Estate Investment Trusts
ABAT,American Battery Technology Company Common Stock,Industrials,Mining & Quarrying of Nonmetallic Minerals (No Fuels)
ABBV,AbbVie Inc. Common Stock,Health Care,Biotechnology: Pharmaceutical Preparations
ABEO,Abeona Therapeutics Inc. Common Stock,Health Care,Biotechnology: Pharmaceutical Preparations
ABG,Asbury Automotive Group Inc Common Stock,Consumer Discretionary,Retail-Auto Dealers and Gas Stations
ABM,ABM Industries Incorporated Common Stock,Consumer Discretionary,Diversified Commercial Services
ABNB,Airbnb Inc. Class A Common Stock,Consumer Discretionary,Diversified Commercial Services
ABOS,Acumen Pharmaceuticals Inc. Common Stock,Health Care,Biotechnology: Biological Products (No Diagnostic Substances)
ABR,Arbor Realty Trust Common Stock,Real Estate,Real Estate Investment Trusts
ABSI,Absci Corporation Common Stock,Health Care,Biotechnology: Commercial Physical & Biological Resarch
ABT,Abbott Laboratories Common Stock,Health Care,Biotechnology: Pharmaceutical Preparations
ABVC,ABVC BioPharma Inc. Common Stock,Health Care,Biotechnology: Pharmaceutical Preparations
ACA,Arcosa Inc. Common Stock ,Industrials,Metal Fabrications
ACAD,ACADIA Pharmaceuticals Inc. Common Stock,Health Care,Biotechnology: Pharmaceutical Preparations
ACCO,Acco Brands Corporation Common Stock,Consumer Discretionary,Publishing
ACCS,ACCESS Newswire Inc. Common Stock,Consumer Discretionary,Professional Services
ACDC,ProFrac Holding Corp. Class A Common Stock,Energy,Oilfield Services/Equipment
ACEL,Accel Entertainment Inc. ,Consumer Discretionary,Services-Misc. Amusement & Recreation
ACET,Adicet Bio Inc. Common Stock,Health Care,Biotechnology: Pharmaceutical Preparations
ACFN,Acorn Energy Inc. Common Stock,Consumer Discretionary,Military/Government/Technical
ACH,Accendra Health Inc. Common Stock,Health Care,Medical Specialities
ACHC,Acadia Healthcare Company Inc. Common Stock,Health Care,Medical Specialities
ACHR,Archer Aviation Inc. Class A Common Stock,Industrials,Aerospace
ACHV,Achieve Life Sciences Inc. Common Shares,Health Care,Biotechnology: In Vitro & In Vivo Diagnostic Substances
ACI,Albertsons Companies Inc. Class A Common Stock,Consumer Staples,Food Chains
ACIW,ACI Worldwide Inc. Common Stock,Technology,Computer Software: Prepackaged Software
ACLS,Axcelis Technologies Inc. Common Stock,Technology,Industrial Machinery/Components
ACM,AECOM Common Stock,Consumer Discretionary,Military/Government/Technical
ACMR,ACM Research Inc. Class A Common Stock,Technology,Industrial Machinery/Components
ACNT,Ascent Industries Co. Common Stock,Industrials,Major Chemicals
ACON,Aclarion Inc. Common Stock,Health Care,Medical Specialities
ACR,ACRES Commercial Realty Corp. Common Stock,Real Estate,Real Estate Investment Trusts
ACRE,Ares Commercial Real Estate Corporation Common Stock,Real Estate,Real Estate Investment Trusts
ACRS,Aclaris Therapeutics Inc. Common Stock,Health Care,Biotechnology: Pharmaceutical Preparations
ACRV,Acrivon Therapeutics Inc. Common Stock,Health Care,Biotechnology: Pharmaceutical Preparations
ACTU,Actuate Therapeutics Inc. Common stock,Health Care,Biotechnology: Pharmaceutical Preparations
ACU,Acme United Corporation. Common Stock,Consumer Discretionary,Industrial Machinery/Components
ACVA,ACV Auctions Inc. Class A Common Stock,Consumer Discretionary,Business Services
ACXP,Acurx Pharmaceuticals Inc. Common Stock,Health Care,Biotechnology: Pharmaceutical Preparations
AD,Array Digital Infrastructure Inc. Common Shares,Telecommunications,Telecommunications Equipment
ADAM,Adamas Trust Inc. Common Stock,Real Estate,Real Estate Investment Trusts
ADAMG,Adamas Trust Inc. 9.125% Senior Notes Due 2030,Real Estate,Real Estate Investment Trusts
ADAMH,Adamas Trust Inc. 9.875% Senior Notes Due 2030,Real Estate,Real Estate Investment Trusts
ADAMI,Adamas Trust Inc. 9.125% Senior Notes Due 2029,Real Estate,Real Estate Investment Trusts
ADAMK,Adamas Trust Inc. 9.600% Senior Notes Due 2031 ,Real Estate,Real Estate Investment Trusts
ADAML,Adamas Trust Inc. 6.875% Series F Fixed-to-Floating Rate Cumulative Redeemable Preferred Stock $0.01 par value per share,Real Estate,Real Estate Investment Trusts
ADAMM,Adamas Trust Inc. 7.875% Series E Fixed-to-Floating Rate Cumulative Redeemable Preferred Stock,Real Estate,Real Estate Investment Trusts
ADAMN,Adamas Trust Inc. 8.00% Series D Fixed-to-Floating Rate Cumulative Redeemable Preferred Stock,Real Estate,Real Estate Investment Trusts
ADAMO,Adamas Trust Inc. 9.250% Senior Notes Due 2031,Real Estate,Real Estate Investment Trusts
ADAMZ,Adamas Trust Inc. 7.000% Series G Cumulative Redeemable Preferred Stock $0.01 par value per share,Real Estate,Real Estate Investment Trusts
ADBE,Adobe Inc. Common Stock,Technology,Computer Software: Prepackaged Software
ADC,Agree Realty Corporation Common Stock,Real Estate,Real Estate Investment Trusts
ADEA,Adeia Inc. Common Stock,Telecommunications,Cable & Other Pay Television Services
ADGM,Adagio Medical Holdings Inc Common Stock,Health Care,Medical/Dental Instruments
ADI,Analog Devices Inc. Common Stock,Technology,Semiconductors
ADIG,ADI Global Distribution Inc. Common Stock,Industrials,Wholesale Distributors
ADIL,Adial Pharmaceuticals Inc Common Stock,Health Care,Biotechnology: Pharmaceutical Preparations
ADM,Archer-Daniels-Midland Company Common Stock,Consumer Staples,Packaged Foods
ADMA,ADMA Biologics Inc Common Stock,Health Care,Biotechnology: Biological Products (No Diagnostic Substances)
ADNT,Adient plc Ordinary Shares ,Consumer Discretionary,Auto Parts:O.E.M.
ADP,Automatic Data Processing Inc. Common Stock,Technology,EDP Services
ADPT,Adaptive Biotechnologies Corporation Common Stock,Health Care,Biotechnology: Biological Products (No Diagnostic Substances)
ADSK,Autodesk Inc. Common Stock,Technology,Computer Software: Prepackaged Software
ADT,ADT Inc. Common Stock,Consumer Discretionary,Diversified Commercial Services
ADTN,ADTRAN Holdings Inc. Common Stock,Utilities,Telecommunications Equipment
ADUS,Addus HomeCare Corporation Common Stock,Health Care,Medical/Nursing Services
ADV,Advantage Solutions Inc. Class A Common Stock,Consumer Discretionary,Business Services
AEE,Ameren Corporation Common Stock,Utilities,Power Generation
AEHR,Aehr Test Systems Common Stock,Industrials,Electrical Products
AEIS,Advanced Energy Industries Inc. Common Stock,Technology,Industrial Machinery/Components
AEMD,Aethlon Medical Inc. Common Stock,Health Care,Medical/Dental Instruments
AENT,Alliance Entertainment Holding Corporation Class A Common Stock,Consumer Discretionary,Durable Goods
AEO,American Eagle Outfitters Inc. Common Stock,Consumer Discretionary,Clothing/Shoe/Accessory Stores
AEON,AEON Biopharma Inc. Class A Common Stock,Health Care,Biotechnology: Pharmaceutical Preparations
AEP,American Electric Power Company Inc. Common Stock,Utilities,Electric Utilities: Central
AERT,Aeries Technology Inc. Class A Ordinary Share,Consumer Discretionary,Professional Services
AES,The AES Corporation Common Stock,Industrials,Electric Utilities: Central
AESI,Atlas Energy Solutions Inc. Common Stock,Industrials,Mining & Quarrying of Nonmetallic Minerals (No Fuels)
AEVA,Aeva Technologies Inc. Common Stock,Consumer Discretionary,Auto Parts:O.E.M.
AEYE,AudioEye Inc. Common Stock,Technology,Computer Software: Prepackaged Software
AGCO,AGCO Corporation Common Stock,Industrials,Industrial Machinery/Components
AGEN,Agenus Inc. Common Stock,Health Care,Biotechnology: Biological Products (No Diagnostic Substances)
AGIG,Abundia Global Impact Group Inc. Common stock,Energy,Oil & Gas Production
AGIO,Agios Pharmaceuticals Inc. Common Stock,Health Care,Biotechnology: Pharmaceutical Preparations
AGL,agilon health inc. Common Stock,Health Care,Misc Health and Biotechnology Services
AGNC,AGNC Investment Corp. Common Stock,Real Estate,Real Estate Investment Trusts
AGNCL,AGNC Investment Corp. Depositary Shares Each Representing a 1/1000th Interest in a Share of 7.75% Series G Fixed-Rate Reset Cumulative Redeemable Preferred Stock,Real Estate,Real Estate Investment Trusts
AGNCM,AGNC Investment Corp. Depositary Shares rep 6.875% Series D Fixed-to-Floating Cumulative Redeemable Preferred Stock,Real Estate,Real Estate Investment Trusts
AGNCN,AGNC Investment Corp. Depositary Shares Each Representing a 1/1000th Interest in a Share of 7.00% Series C Fixed-To-Floating Rate Cumulative Redeemable Preferred Stock,Real Estate,Real Estate Investment Trusts
AGNCO,AGNC Investment Corp. Depositary Shares each representing a 1/1000th interest in a share of 6.50% Series E Fixed-to-Floating Cumulative Redeemable Preferred Stock,Real Estate,Real Estate Investment Trusts
AGNCP,AGNC Investment Corp. Depositary Shares Each Representing a 1/1000th Interest in a Share of 6.125% Series F Fixed-to-Floating Rate Cumulative Redeemable Preferred Stock,Real Estate,Real Estate Investment Trusts
AGNCZ,AGNC Investment Corp. Depositary Shares Each Representing a 1/1000th Interest in a Share of 8.75% Series H Fixed-Rate Cumulative Redeemable Preferred Stock,Real Estate,Real Estate Investment Trusts
AGPU,Axe Compute Inc. Common Stock,Health Care,Industrial Specialties
AGX,Argan Inc. Common Stock,Consumer Discretionary,Engineering & Construction
AGYS,Agilysys Inc. Common Stock (DE),Technology,EDP Services
AHCO,AdaptHealth Corp. Common Stock,Health Care,Medical/Nursing Services
AHR,American Healthcare REIT Inc. Common Stock,Real Estate,Real Estate Investment Trusts
AHT,Ashford Hospitality Trust Inc Common Stock,Real Estate,Real Estate Investment Trusts
AI,C3.ai Inc. Class A Common Stock,Technology,Computer Software: Prepackaged Software
AIAI,AIAI Holdings Corporation Class A Common Stock,Technology,EDP Services
AIDX,20/20 Biolabs Inc. Common Stock,Health Care,Precision Instruments
AIFA,All In FutureTech Alliance Inc. Common Stock,Consumer Discretionary,Services-Misc. Amusement & Recreation
AIFF,Firefly Neuroscience Inc. Common Stock,Technology,Computer Software: Prepackaged Software
AIMD,Ainos Inc. Common Stock,Technology,Computer peripheral equipment
AIMDW,Ainos Inc. Warrants,Technology,Computer peripheral equipment
AIN,Albany International Corporation Common Stock,Consumer Discretionary,Textiles
AIOT,PowerFleet Inc. Common Stock,Telecommunications,Telecommunications Equipment
AIP,Arteris Inc. Common Stock,Technology,Semiconductors
AIR,AAR Corp. Common Stock,Industrials,Aerospace
AIRG,Airgain Inc. Common Stock,Technology,Radio And Television Broadcasting And Communications Equipment
AIRI,Air Industries Group Common Stock,Industrials,Military/Government/Technical
AIRJ,AirJoule Technologies Corporation Class A Common Stock,Industrials,Industrial Machinery/Components
AIRJW,AirJoule Technologies Corporation Warrant,Industrials,Industrial Machinery/Components
AIRO,AIRO Group Holdings Inc. Common Stock,Industrials,Aerospace
AIRS,AirSculpt Technologies Inc. Common Stock,Health Care,Medical/Nursing Services
AIRT,Air T Inc. Common Stock,Consumer Discretionary,Air Freight/Delivery Services
AIRTP,Air T Inc. Air T Funding Alpha Income Trust Preferred Securities,Consumer Discretionary,Air Freight/Delivery Services
AISP,Airship AI Holdings Inc. Class A Common Stock,Technology,Computer Software: Prepackaged Software
AISPW,Airship AI Holdings Inc. Warrants,Technology,Computer Software: Prepackaged Software
AIT,Applied Industrial Technologies Inc. Common Stock,Consumer Discretionary,Industrial Specialties
AIV,Apartment Investment and Management Company Common Stock,Real Estate,Real Estate Investment Trusts
AKAM,Akamai Technologies Inc. Common Stock,Consumer Discretionary,Business Services
AKBA,Akebia Therapeutics Inc. Common Stock,Health Care,Biotechnology: Pharmaceutical Preparations
AKR,Acadia Realty Trust Common Stock,Real Estate,Real Estate Investment Trusts
AKTS,Aktis Oncology Inc. Common stock,Health Care,Biotechnology: Pharmaceutical Preparations
ALAB,Astera Labs Inc. Common Stock,Technology,Semiconductors
ALB,Albemarle Corporation Common Stock,Industrials,Major Chemicals
ALCO,Alico Inc. Common Stock,Consumer Staples,Farming/Seeds/Milling
ALDX,Aldeyra Therapeutics Inc. Common Stock,Health Care,Biotechnology: Pharmaceutical Preparations
ALEC,Alector Inc. Common Stock,Health Care,Biotechnology: Biological Products (No Diagnostic Substances)
ALG,Alamo Group Inc. Common Stock,Industrials,Industrial Machinery/Components
ALGM,Allegro MicroSystems Inc. Common Stock,Technology,Semiconductors
ALGN,Align Technology Inc. Common Stock,Health Care,Industrial Specialties
ALGS,Aligos Therapeutics Inc. Common Stock,Health Care,Biotechnology: Biological Products (No Diagnostic Substances)
ALGT,Allegiant Travel Company Common Stock,Consumer Discretionary,Air Freight/Delivery Services
ALH,Alliance Laundry Holdings Inc. Common Stock,Industrials,Industrial Machinery/Components
ALHC,Alignment Healthcare Inc. Common Stock,Health Care,Medical Specialities
ALIT,Alight Inc. Class A Common Stock,Consumer Discretionary,Business Services
ALK,Alaska Air Group Inc. Common Stock,Consumer Discretionary,Air Freight/Delivery Services
ALKT,Alkami Technology Inc. Common Stock,Technology,Computer Software: Prepackaged Software
ALLE,Allegion plc Ordinary Shares,Consumer Discretionary,Diversified Commercial Services
ALLO,Allogene Therapeutics Inc. Common Stock,Health Care,Biotechnology: Biological Products (No Diagnostic Substances)
ALLR,Allarity Therapeutics Inc. Common Stock,Health Care,Biotechnology: Pharmaceutical Preparations
ALMR,Alamar Biosciences Inc. Common Stock,Industrials,Biotechnology: Laboratory Analytical Instruments
ALMS,Alumis Inc. Common Stock,Health Care,Biotechnology: Pharmaceutical Preparations
ALMU,Aeluma Inc. Common Stock,Technology,Semiconductors
ALNT,Allient Inc. Common Stock,Industrials,Electrical Products
ALNY,Alnylam Pharmaceuticals Inc. Common Stock,Health Care,Biotechnology: Pharmaceutical Preparations
ALOY,REalloys Inc. Common Stock,Basic Materials,Metal Mining
ALRM,Alarm.com Holdings Inc. Common Stock,Technology,Computer Software: Prepackaged Software
ALSN,Allison Transmission Holdings Inc. Common Stock,Consumer Discretionary,Auto Parts:O.E.M.
ALT,Altimmune Inc. Common Stock,Health Care,Biotechnology: Pharmaceutical Preparations
ALTG,Alta Equipment Group Inc. Class A Common Stock,Industrials,Industrial Machinery/Components
ALTO,Alto Ingredients Inc. Common Stock,Industrials,Major Chemicals
ALX,Alexander's Inc. Common Stock,Real Estate,Real Estate Investment Trusts
ALXO,ALX Oncology Holdings Inc. Common Stock,Health Care,Biotechnology: Pharmaceutical Preparations
ALZN,Alzamend Neuro Inc. Common Stock,Health Care,Biotechnology: Pharmaceutical Preparations
AM,Antero Midstream Corporation Common Stock,Utilities,Natural Gas Distribution
AMAT,Applied Materials Inc. Common Stock,Technology,Semiconductors
AMBA,Ambarella Inc. Ordinary Shares,Technology,Semiconductors
AMBQ,Ambiq Micro Inc. Common Stock,Technology,Semiconductors
AMC,AMC Entertainment Holdings Inc. Class A Common Stock,Consumer Discretionary,Movies/Entertainment
AMCI,AMC Robotics Corporation Common Stock,Consumer Discretionary,Home Furnishings
AMCX,AMC Global Media Inc. Class A Common Stock,Telecommunications,Cable & Other Pay Television Services
AMD,Advanced Micro Devices Inc. Common Stock,Technology,Semiconductors
AME,AMETEK Inc.,Industrials,Industrial Machinery/Components
AMGN,Amgen Inc. Common Stock,Health Care,Biotechnology: Biological Products (No Diagnostic Substances)
AMH,American Homes 4 Rent Common Shares of Beneficial Interest,Real Estate,Real Estate Investment Trusts
AMIX,Autonomix Medical Inc. Common Stock,Health Care,Medical/Dental Instruments
AMKR,Amkor Technology Inc. Common Stock,Technology,Semiconductors
AMLX,Amylyx Pharmaceuticals Inc. Common Stock,Health Care,Biotechnology: Pharmaceutical Preparations
AMN,AMN Healthcare Services Inc,Consumer Discretionary,Professional Services
AMPG,Amplitech Group Inc. Common Stock,Telecommunications,Telecommunications Equipment
AMPGZ,Amplitech Group Inc. Series B Right,Telecommunications,Telecommunications Equipment
AMPH,Amphastar Pharmaceuticals Inc. Common Stock,Health Care,Biotechnology: Pharmaceutical Preparations
AMPL,Amplitude Inc. Class A Common Stock,Technology,Computer Software: Prepackaged Software
AMPY,Amplify Energy Corp. Common Stock,Energy,Oil & Gas Production
AMR,Alpha Metallurgical Resources Inc. Common Stock,Energy,Coal Mining
AMRC,Ameresco Inc. Class A Common Stock,Consumer Discretionary,Engineering & Construction
AMRX,Amneal Pharmaceuticals Inc. Class A Common Stock,Health Care,Biotechnology: Pharmaceutical Preparations
AMS,American Shared Hospital Services Common Stock,Health Care,Medical Specialities
AMSC,American Superconductor Corporation Common Stock,Consumer Discretionary,Metal Fabrications
AMSS,AMASS Brands Inc. Common Stock,Consumer Staples,Beverages (Production/Distribution)
AMST,Amesite Inc. Common Stock,Technology,Computer Software: Prepackaged Software
AMT,American Tower Corporation (REIT) Common Stock,Real Estate,Real Estate Investment Trusts
AMTM,Amentum Holdings Inc. Common Stock,Consumer Discretionary,Business Services
AMTX,Aemetis Inc. (DE) Common Stock,Industrials,Major Chemicals
AMWL,American Well Corporation Class A Common Stock,Consumer Discretionary,Business Services
AMZN,Amazon.com Inc. Common Stock,Consumer Discretionary,Catalog/Specialty Distribution
AN,AutoNation Inc. Common Stock,Consumer Discretionary,Retail-Auto Dealers and Gas Stations
ANAB,AnaptysBio Inc. Common Stock,Health Care,Biotechnology: Pharmaceutical Preparations
ANDE,Andersons Inc. (The) Common Stock,Industrials,Farming/Seeds/Milling
ANET,Arista Networks Inc. Common Stock,Telecommunications,Computer Communications Equipment
ANF,Abercrombie & Fitch Company Common Stock,Consumer Discretionary,Clothing/Shoe/Accessory Stores
ANGI,Angi Inc. Class A Common Stock,Consumer Discretionary,Advertising
ANGO,AngioDynamics Inc. Common Stock,Health Care,Medical/Dental Instruments
ANGX,Angel Studios Inc. Class A Common Stock,Consumer Discretionary,Movies/Entertainment
ANIK,Anika Therapeutics Inc. Common Stock,Health Care,Medical/Dental Instruments
ANIP,ANI Pharmaceuticals Inc.,Health Care,Biotechnology: Pharmaceutical Preparations
ANIX,Anixa Biosciences Inc. Common Stock,Health Care,Biotechnology: Pharmaceutical Preparations
ANNA,AleAnna Inc. Class A Common Stock,Energy,Oil & Gas Production
ANNAW,AleAnna Inc. Warrant,Energy,Oil & Gas Production
ANNX,Annexon Inc. Common Stock,Health Care,Biotechnology: Pharmaceutical Preparations
ANRO,Alto Neuroscience Inc. Common Stock,Health Care,Biotechnology: Pharmaceutical Preparations
ANTX,AN2 Therapeutics Inc. Common Stock,Health Care,Biotechnology: Pharmaceutical Preparations
ANVS,Annovis Bio Inc. Common Stock,Health Care,Biotechnology: Pharmaceutical Preparations
AORT,Artivion Inc. Common Stock,Health Care,Medical/Dental Instruments
AOS,A.O. Smith Corporation Common Stock,Consumer Discretionary,Consumer Electronics/Appliances
AOUT,American Outdoor Brands Inc. Common Stock ,Consumer Discretionary,Recreational Games/Products/Toys
AP,Ampco-Pittsburgh Corporation Common Stock,Industrials,Fluid Controls
APA,APA Corporation Common Stock,Energy,Oil & Gas Production
APC,ARKO Petroleum Corp. Class A Common Stock,Energy,Oil Refining/Marketing
APD,Air Products and Chemicals Inc. Common Stock,Basic Materials,Major Chemicals
APEI,American Public Education Inc. Common Stock,Real Estate,Other Consumer Services
APG,APi Group Corporation Common Stock,Consumer Discretionary,Diversified Commercial Services
APH,Amphenol Corporation Common Stock,Technology,Electrical Products
APLD,Applied Digital Corporation Common Stock,Technology,EDP Services
APLE,Apple Hospitality REIT Inc. Common Shares,Real Estate,Real Estate Investment Trusts
APLM,Apollomics Inc. Class A Ordinary Shares,Health Care,Biotechnology: Pharmaceutical Preparations
APMD,Apnimed Inc. Common Stock,Health Care,Biotechnology: Pharmaceutical Preparations
APOG,Apogee Enterprises Inc. Common Stock,Consumer Discretionary,Auto Parts:O.E.M.
APP,Applovin Corporation Class A Common Stock,Technology,Computer Software: Programming Data Processing
APPF,AppFolio Inc. Class A Common Stock,Technology,Computer Software: Prepackaged Software
APPN,Appian Corporation Class A Common Stock,Technology,Computer Software: Prepackaged Software
APRE,Aprea Therapeutics Inc. Common stock,Health Care,Biotechnology: Pharmaceutical Preparations
APVO,Aptevo Therapeutics Inc. Common Stock,Health Care,Biotechnology: Pharmaceutical Preparations
APYX,Apyx Medical Corporation Common Stock,Health Care,Medical/Dental Instruments
AQB,AquaBounty Technologies Inc. Common Stock,Consumer Staples,Meat/Poultry/Fish
AQMS,Aqua Metals Inc. Common Stock,Industrials,Metal Fabrications
AQN,Algonquin Power & Utilities Corp. Common Shares,Utilities,Electric Utilities: Central
AQNB,Algonquin Power & Utilities Corp. 6.20% Fixed-to-Floating Subordinated Notes Series 2019-A due July 1 2079,Utilities,Electric Utilities: Central
AQST,Aquestive Therapeutics Inc. Common Stock,Health Care,Biotechnology: Pharmaceutical Preparations
AR,Antero Resources Corporation Common Stock,Energy,Oil & Gas Production
ARAI,Arrive AI Inc. Common Stock,Consumer Discretionary,Diversified Commercial Services
ARAY,Accuray Incorporated Common Stock,Health Care,Medical/Dental Instruments
ARCB,ArcBest Corporation Common Stock,Industrials,Trucking Freight/Courier Services
ARDT,Ardent Health Inc. Common Stock,Health Care,Hospital/Nursing Management
ARDX,Ardelyx Inc. Common Stock,Health Care,Biotechnology: Pharmaceutical Preparations
ARE,Alexandria Real Estate Equities Inc. Common Stock,Real Estate,Real Estate Investment Trusts
AREC,American Resources Corporation Class A Common Stock,Energy,Coal Mining
ARHS,Arhaus Inc. Class A Common Stock,Consumer Discretionary,Other Specialty Stores
ARI,Apollo Commercial Real Estate Finance Inc,Real Estate,Real Estate Investment Trusts
ARKO,ARKO Corp. Common Stock,Consumer Staples,Food Chains
ARKR,Ark Restaurants Corp. Common Stock,Consumer Discretionary,Restaurants
ARLO,Arlo Technologies Inc. Common Stock,Consumer Discretionary,Diversified Commercial Services
ARLP,Alliance Resource Partners L.P. Common Units representing Limited Partners Interests,Energy,Coal Mining
ARMK,Aramark Common Stock,Consumer Discretionary,Restaurants
ARMP,Armata Pharmaceuticals Inc. Common Stock,Health Care,Biotechnology: Biological Products (No Diagnostic Substances)
AROC,Archrock Inc. Common Stock,Utilities,Natural Gas Distribution
ARQ,Arq Inc. Common Stock,Industrials,Major Chemicals
ARQT,Arcutis Biotherapeutics Inc. Common Stock,Health Care,Biotechnology: Pharmaceutical Preparations
ARR,ARMOUR Residential REIT Inc.,Real Estate,Real Estate Investment Trusts
ARRY,Array Technologies Inc. Common Stock,Technology,Semiconductors
ARTL,Artelo Biosciences Inc. Common Stock,Health Care,Biotechnology: Pharmaceutical Preparations
ARTNA,Artesian Resources Corporation Class A Common Stock,Utilities,Water Supply
ARTV,Artiva Biotherapeutics Inc. Common Stock,Health Care,Biotechnology: Biological Products (No Diagnostic Substances)
ARTW,Art's-Way Manufacturing Co. Inc. Common Stock,Industrials,Industrial Machinery/Components
ARVN,Arvinas Inc. Common Stock,Health Care,Biotechnology: Pharmaceutical Preparations
ARW,Arrow Electronics Inc. Common Stock,Technology,Electronic Components
ARWR,Arrowhead Pharmaceuticals Inc. Common Stock,Health Care,Biotechnology: Pharmaceutical Preparations
ARXS,Arxis Inc. Class A Common Stock,Industrials,Military/Government/Technical
ASA,ASA  Gold and Precious Metals Limited,Industrials,Precious Metals
ASAN,Asana Inc. Class A Common Stock,Technology,Computer Software: Prepackaged Software
ASBP,Aspire-Lakewood Holdings Inc. Common Stock,Health Care,Biotechnology: Pharmaceutical Preparations
ASBPW,Aspire-Lakewood Holdings Inc. Warrant,Health Care,Biotechnology: Pharmaceutical Preparations
ASH,Ashland Inc. Common Stock,Consumer Discretionary,Specialty Chemicals
ASIX,AdvanSix Inc. Common Stock ,Industrials,Major Chemicals
ASLE,AerSale Corporation Common Stock,Consumer Discretionary,Industrial Specialties
ASMB,Assembly Biosciences Inc. Common Stock,Health Care,Biotechnology: Pharmaceutical Preparations
ASO,Academy Sports and Outdoors Inc. Common Stock,Consumer Discretionary,Other Specialty Stores
ASPI,ASP Isotopes Inc. Common Stock,Industrials,Major Chemicals
ASPN,Aspen Aerogels Inc. Common Stock,Consumer Discretionary,RETAIL: Building Materials
ASTC,Astrotech Corporation (DE) Common Stock,Industrials,Biotechnology: Laboratory Analytical Instruments
ASTE,Astec Industries Inc. Common Stock,Industrials,Construction/Ag Equipment/Trucks
ASTH,Astrana Health Inc. Common Stock,Consumer Discretionary,Professional Services
ASTI,Ascent Solar Technologies Inc. Common Stock,Technology,Semiconductors
ASTS,AST SpaceMobile Inc. Class A Common Stock,Consumer Discretionary,Telecommunications Equipment
ASUR,Asure Software Inc Common Stock,Technology,EDP Services
ASYS,Amtech Systems Inc. Common Stock,Technology,Industrial Machinery/Components
ATEC,Alphatec Holdings Inc. Common Stock,Health Care,Medical/Dental Instruments
ATEN,A10 Networks Inc. Common Stock,Telecommunications,Computer Communications Equipment
ATER,Aterian Inc. Common Stock,Consumer Discretionary,Home Furnishings
ATEX,Anterix Inc. Common Stock,Telecommunications,Telecommunications Equipment
ATHR,Aether Holdings Inc. Common Stock,Technology,Computer Software: Prepackaged Software
ATI,ATI Inc. Common Stock,Industrials,Steel/Iron Ore
ATLX,Atlas Lithium Corporation Common Stock,Industrials,Mining & Quarrying of Nonmetallic Minerals (No Fuels)
ATMU,Atmus Filtration Technologies Inc. Common Stock,Consumer Discretionary,Auto Parts:O.E.M.
ATNI,ATN International Inc. Common Stock,Telecommunications,Telecommunications Equipment
ATNM,Actinium Pharmaceuticals Inc. (Delaware) Common Stock,Health Care,Biotechnology: Pharmaceutical Preparations
ATO,Atmos Energy Corporation Common Stock,Utilities,Oil/Gas Transmission
ATOM,Atomera Incorporated Common Stock,Technology,Semiconductors
ATOS,Atossa Therapeutics Inc. Common Stock,Health Care,Biotechnology: Pharmaceutical Preparations
ATR,AptarGroup Inc. Common Stock,Industrials,Plastic Products
ATRA,Atara Biotherapeutics Inc. Common Stock,Health Care,Biotechnology: Biological Products (No Diagnostic Substances)
ATRC,AtriCure Inc. Common Stock,Health Care,Medical/Dental Instruments
ATRO,Astronics Corporation Common Stock,Industrials,Military/Government/Technical
ATTO,Attovia Therapeutics Inc. Common Stock,Health Care,Biotechnology: Biological Products (No Diagnostic Substances)
ATYR,aTyr Pharma Inc. Common Stock,Health Care,Biotechnology: Biological Products (No Diagnostic Substances)
AUC,ATIF Holdings Limited Ordinary Shares,Consumer Discretionary,Professional Services
AUGO,Aura Minerals Inc. Common Shares,Basic Materials,Metal Mining
AUID,authID Inc. Common Stock,Technology,Computer Software: Prepackaged Software
AUR,Aurora Innovation Inc. Class A Common Stock,Technology,EDP Services
AURA,Aura Biosciences Inc. Common Stock,Health Care,Biotechnology: Biological Products (No Diagnostic Substances)
AUROW,Aurora Innovation Inc. Warrant,Technology,EDP Services
AUUD,Auddia Inc. Common Stock,Technology,EDP Services
AVA,Avista Corporation Common Stock,Utilities,Power Generation
AVAH,Aveanna Healthcare Holdings Inc. Common Stock,Health Care,Medical/Nursing Services
AVAV,AeroVironment Inc. Common Stock,Industrials,Aerospace
AVBP,ArriVent BioPharma Inc. Common Stock,Health Care,Biotechnology: Pharmaceutical Preparations
AVD,American Vanguard Corporation Common Stock ($0.10 Par Value),Industrials,Agricultural Chemicals
AVGO,Broadcom Inc. Common Stock,Technology,Semiconductors
AVIR,Atea Pharmaceuticals Inc. Common Stock,Health Care,Biotechnology: Pharmaceutical Preparations
AVLN,Avalyn Pharma Inc. Common Stock,Health Care,Biotechnology: Pharmaceutical Preparations
AVNT,Avient Corporation Common Stock,Industrials,Major Chemicals
AVNW,Aviat Networks Inc. Common Stock,Technology,Radio And Television Broadcasting And Communications Equipment
AVO,Mission Produce Inc. Common Stock,Consumer Staples,Farming/Seeds/Milling
AVPT,AvePoint Inc. Class A Common Stock,Technology,Computer Software: Prepackaged Software
AVR,Anteris Technologies Global Corp. Common Stock,Health Care,Industrial Specialties
AVT,Avnet Inc. Common Stock,Technology,Electronic Components
AVTR,Avantor Inc. Common Stock,Industrials,Biotechnology: Laboratory Analytical Instruments
AVTX,Avalo Therapeutics Inc. Common Stock,Health Care,Biotechnology: Pharmaceutical Preparations
AVXL,Anavex Life Sciences Corp. Common Stock,Health Care,Biotechnology: Biological Products (No Diagnostic Substances)
AVY,Avery Dennison Corporation Common Stock,Consumer Discretionary,Containers/Packaging
AWI,Armstrong World Industries Inc Common Stock,Industrials,Plastic Products
AWK,American Water Works Company Inc. Common Stock,Utilities,Water Supply
AWR,American States Water Company Common Stock,Utilities,Water Supply
AWRE,Aware Inc. Common Stock,Technology,Computer Software: Prepackaged Software
AWX,Avalon Holdings Corporation Common Stock,Utilities,Environmental Services
AXGN,Axogen Inc. Common Stock,Health Care,Biotechnology: Electromedical & Electrotherapeutic Apparatus
AXON,Axon Enterprise Inc. Common Stock,Industrials,Ordnance And Accessories
AXR,AMREP Corporation Common Stock,Real Estate,Homebuilding
AXSM,Axsome Therapeutics Inc. Common Stock,Health Care,Biotechnology: Pharmaceutical Preparations
AXTA,Axalta Coating Systems Ltd. Common Shares,Consumer Discretionary,Paints/Coatings
AXTI,AXT Inc Common Stock,Technology,Semiconductors
AYI,Acuity Inc. Common Stock,Consumer Discretionary,Building Products
AYTU,Aytu BioPharma Inc.  Common Stock,Health Care,Biotechnology: Pharmaceutical Preparations
AZIO,Azio AI Holdings Inc. Common Stock,Consumer Discretionary,Auto Parts:O.E.M.
AZO,AutoZone Inc. Common Stock,Consumer Discretionary,Auto & Home Supply Stores
AZTA,Azenta Inc.,Technology,Industrial Machinery/Components
AZZ,AZZ Inc.,Industrials,Industrial Specialties
BA,Boeing Company (The) Common Stock,Industrials,Aerospace
BAER,Bridger Aerospace Group Holdings Inc. Common Stock,Industrials,Aerospace
BAERW,Bridger Aerospace Group Holdings Inc. Warrant,Industrials,Aerospace
BAH,Booz Allen Hamilton Holding Corporation Common Stock,Consumer Discretionary,Professional Services
BALL,Ball Corporation Common Stock,Industrials,Containers/Packaging
BALY,Bally's Corporation Common Stock,Consumer Discretionary,Hotels/Resorts
BAND,Bandwidth Inc. Class A Common Stock,Technology,Computer Software: Prepackaged Software
BARK,BARK Inc. Class A Common Stock,Consumer Discretionary,Other Specialty Stores
BATL,Battalion Oil Corporation Common Stock,Energy,Oil & Gas Production
BATRA,Atlanta Braves Holdings Inc. Series A Common Stock,Consumer Discretionary,Services-Misc. Amusement & Recreation
BATRK,Atlanta Braves Holdings Inc. Series C Common Stock,Consumer Discretionary,Services-Misc. Amusement & Recreation
BAX,Baxter International Inc. Common Stock,Health Care,Medical/Dental Instruments
BBAI,BigBear.ai Inc. Common Stock,Technology,Computer Software: Prepackaged Software
BBBYW,Neighborhood Intelligence Inc. Warrants,Consumer Discretionary,Catalog/Specialty Distribution
BBCP,Concrete Pumping Holdings Inc. Common Stock,Consumer Discretionary,Engineering & Construction
BBGI,Beasley Broadcast Group Inc. Class A Common Stock,Consumer Discretionary,Broadcasting
BBIO,BridgeBio Pharma Inc. Common Stock,Health Care,Biotechnology: Pharmaceutical Preparations
BBLG,Bone Biologics Corp Common Stock,Health Care,Industrial Specialties
BBLGW,Bone Biologics Corp Warrants,Health Care,Industrial Specialties
BBNX,Beta Bionics Inc. Common Stock,Health Care,Medical/Dental Instruments
BBOT,BridgeBio Oncology Therapeutics Inc. Common Stock  ,Health Care,Biotechnology: Pharmaceutical Preparations
BBSI,Barrett Business Services Inc. Common Stock,Consumer Discretionary,Professional Services
BBW,Build-A-Bear Workshop Inc. Common Stock,Consumer Discretionary,Recreational Games/Products/Toys
BBWI,Bath & Body Works Inc.,Consumer Discretionary,Other Specialty Stores
BBY,Best Buy Co. Inc. Common Stock,Consumer Discretionary,Consumer Electronics/Video Chains
BC,Brunswick Corporation Common Stock,Industrials,Industrial Machinery/Components
BCAX,Bicara Therapeutics Inc. Common Stock,Health Care,Biotechnology: Pharmaceutical Preparations
BCC,Boise Cascade L.L.C. Common Stock,Consumer Discretionary,RETAIL: Building Materials
BCDA,BioCardia Inc. Common Stock,Health Care,Biotechnology: Biological Products (No Diagnostic Substances)
BCO,Brinks Company (The) Common Stock,Industrials,Integrated Freight & Logistics
BCPC,Balchem Corporation Common Stock,Industrials,Major Chemicals
BCRX,BioCryst Pharmaceuticals Inc. Common Stock,Health Care,Biotechnology: Biological Products (No Diagnostic Substances)
BDC,Belden Inc Common Stock,Industrials,Telecommunications Equipment
BDL,Flanigan's Enterprises Inc. Common Stock,Consumer Discretionary,Restaurants
BDN,Brandywine Realty Trust Common Stock,Real Estate,Real Estate Investment Trusts
BDSX,Biodesix Inc. Common Stock,Health Care,Medical Specialities
BDTX,Black Diamond Therapeutics Inc. Common Stock,Health Care,Biotechnology: Biological Products (No Diagnostic Substances)
BDX,Becton Dickinson and Company Common Stock,Health Care,Medical/Dental Instruments
BE,Bloom Energy Corporation Class A Common Stock,Energy,Industrial Machinery/Components
BEAM,Beam Therapeutics Inc. Common Stock,Health Care,Biotechnology: Biological Products (No Diagnostic Substances)
BEAT,Heartbeam Inc. Common Stock,Health Care,Medical/Dental Instruments
BEATW,Heartbeam Inc. Warrant,Health Care,Medical/Dental Instruments
BEPC,Brookfield Renewable Corporation Brookfield Renewable Corporation Class A Subordinate Voting Shares,Utilities,Electric Utilities: Central
BETA,Beta Technologies Inc. Class A Common Stock,Industrials,Aerospace
BFAM,Bright Horizons Family Solutions Inc. Common Stock,Consumer Discretionary,Other Consumer Services
BFH,Bread Financial Holdings Inc. Common Stock,Consumer Discretionary,Business Services
BFLY,Butterfly Network Inc. Class A Common Stock,Health Care,Medical Electronics
BFRG,Bullfrog AI Holdings Inc. Common Stock,Health Care,Biotechnology: Pharmaceutical Preparations
BFRGW,Bullfrog AI Holdings Inc. Warrants,Health Care,Biotechnology: Pharmaceutical Preparations
BFRI,Biofrontera Inc. Common Stock,Health Care,Biotechnology: Pharmaceutical Preparations
BFRIW,Biofrontera Inc. Warrants,Health Care,Biotechnology: Pharmaceutical Preparations
BFS,Saul Centers Inc. Common Stock,Real Estate,Real Estate Investment Trusts
BG,Bunge Limited Common Shares,Consumer Staples,Packaged Foods
BGMS,Bio Green Med Solution Inc. Common Stock,Health Care,Biotechnology: Pharmaceutical Preparations
BGS,B&G Foods Inc. Common Stock,Consumer Staples,Packaged Foods
BGSF,BGSF Inc. Common Stock,Consumer Discretionary,Professional Services
BH,Biglari Holdings Inc. Class B Common Stock,Consumer Discretionary,Restaurants
BHE,Benchmark Electronics Inc. Common Stock,Technology,Electrical Products
BHR,Braemar Hotels & Resorts Inc. Common Stock,Real Estate,Real Estate Investment Trusts
BHVN,Biohaven Ltd. Common Shares ,Health Care,Biotechnology: Pharmaceutical Preparations
BIAF,bioAffinity Technologies Inc. Common Stock,Health Care,Biotechnology: Commercial Physical & Biological Resarch
BIAFW,bioAffinity Technologies Inc. Warrant,Health Care,Biotechnology: Commercial Physical & Biological Resarch
BIIB,Biogen Inc. Common Stock,Health Care,Biotechnology: Biological Products (No Diagnostic Substances)
BILL,BILL Holdings Inc. Common Stock,Technology,Computer Software: Prepackaged Software
BIO,Bio-Rad Laboratories Inc. Class A Common Stock,Industrials,Biotechnology: Laboratory Analytical Instruments
BIOA,BioAge Labs Inc. Common Stock,Health Care,Biotechnology: Pharmaceutical Preparations
BIRD,Smartbird Inc. Class A Common Stock,Consumer Discretionary,Apparel
BIVI,BioVie Inc. Class A Common Stock,Health Care,Biotechnology: Pharmaceutical Preparations
BIVIW,BioVie Inc. Warrant,Health Care,Biotechnology: Pharmaceutical Preparations
BJ,BJ's Wholesale Club Holdings Inc. Common Stock,Consumer Discretionary,Department/Specialty Retail Stores
BJDX,Bluejay Diagnostics Inc. Common Stock,Health Care,Medical/Dental Instruments
BJRI,BJ's Restaurants Inc. Common Stock,Consumer Discretionary,Restaurants
BKD,Brookdale Senior Living Inc. Common Stock,Health Care,Hospital/Nursing Management
BKE,Buckle Inc. (The) Common Stock,Consumer Discretionary,Clothing/Shoe/Accessory Stores
BKH,Black Hills Corporation Common Stock,Utilities,Electric Utilities: Central
BKHA,Black Hawk Acquisition Corporation Class A Ordinary Shares,Health Care,Biotechnology: Biological Products (No Diagnostic Substances)
BKHAR,Black Hawk Acquisition Corporation Rights,Health Care,Biotechnology: Biological Products (No Diagnostic Substances)
BKNG,Booking Holdings Inc. Common Stock,Consumer Discretionary,Transportation Services
BKR,Baker Hughes Company Class A Common Stock,Consumer Discretionary,Oil and Gas Field Machinery
BKSY,BlackSky Technology Inc. Class A Common Stock,Technology,Radio And Television Broadcasting And Communications Equipment
BKTI,BK Technologies Corporation Common Stock,Technology,Radio And Television Broadcasting And Communications Equipment
BKV,BKV Corporation Common Stock,Energy,Oil & Gas Production
BKYI,BIO-key International Inc. Common Stock,Technology,Computer Software: Prepackaged Software
BL,BlackLine Inc. Common Stock,Technology,Computer Software: Prepackaged Software
BLBD,Blue Bird Corporation Common Stock,Consumer Discretionary,Construction/Ag Equipment/Trucks
BLDR,Builders FirstSource Inc. Common Stock,Consumer Discretionary,RETAIL: Building Materials
BLFS,BioLife Solutions Inc. Common Stock,Health Care,Biotechnology: Electromedical & Electrotherapeutic Apparatus
BLIN,Bridgeline Digital Inc. Common Stock,Technology,Computer Software: Prepackaged Software
BLKB,Blackbaud Inc. Common Stock,Technology,Computer Software: Prepackaged Software
BLLN,BillionToOne Inc. Class A Common Stock,Health Care,Medical Specialities
BLMN,Bloomin' Brands Inc. Common Stock,Consumer Discretionary,Restaurants
BLND,Blend Labs Inc. Class A Common Stock,Technology,Computer Software: Programming Data Processing
BLSM,BlossomHill Therapeutics Inc. Common Stock,Health Care,Biotechnology: Pharmaceutical Preparations
BLTE,Belite Bio Inc American Depositary Shares,Health Care,Biotechnology: Pharmaceutical Preparations
BLW,Blackrock Limited Duration Income Trust,Consumer Discretionary,Other Consumer Services
BLZE,Backblaze Inc. Class A Common Stock,Technology,Computer Software: Prepackaged Software
BMBL,Bumble Inc. Class A Common Stock,Technology,Computer Software: Programming Data Processing
BMEA,Biomea Fusion Inc. Common Stock,Health Care,Biotechnology: Pharmaceutical Preparations
BMI,Badger Meter Inc. Common Stock,Industrials,Industrial Machinery/Components
BMRA,Biomerica Inc. Common Stock,Health Care,Biotechnology: In Vitro & In Vivo Diagnostic Substances
BMRN,BioMarin Pharmaceutical Inc. Common Stock,Health Care,Biotechnology: Pharmaceutical Preparations
BMY,Bristol-Myers Squibb Company Common Stock,Health Care,Biotechnology: Pharmaceutical Preparations
BNAI,Brand Engagement Network Inc. Common Stock,Technology,EDP Services
BNAIW,Brand Engagement Network Inc. Warrant,Technology,EDP Services
BNC,CEA Industries Inc. Common Stock,Consumer Staples,Farming/Seeds/Milling
BNCWW,CEA Industries Inc. Warrant,Consumer Staples,Farming/Seeds/Milling
BNED,Barnes & Noble Education Inc Common Stock,Consumer Discretionary,Other Specialty Stores
BNGO,Bionano Genomics Inc. Common Stock,Industrials,Biotechnology: Laboratory Analytical Instruments
BNKK,Bonk Inc. Common Stock,Consumer Discretionary,Package Goods/Cosmetics
BNL,Broadstone Net Lease Inc. Common Stock,Real Estate,Real Estate Investment Trusts
BNTC,Benitec Biopharma Inc. Common Stock,Health Care,Biotechnology: Pharmaceutical Preparations
BODI,The Beachbody Company Inc. Class A Common Stock,Consumer Discretionary,Other Consumer Services
BOF,BranchOut Food Inc. Common Stock,Consumer Staples,Packaged Foods
BOLD,Boundless Bio Inc. Common Stock,Health Care,Biotechnology: Pharmaceutical Preparations
BOLT,Bolt Biotherapeutics Inc. Common Stock,Health Care,Biotechnology: Pharmaceutical Preparations
BOOM,DMC Global Inc. Common Stock,Industrials,Industrial Specialties
BOOT,Boot Barn Holdings Inc. Common Stock,Consumer Discretionary,Clothing/Shoe/Accessory Stores
BOX,Box Inc. Class A Common Stock,Technology,Computer Software: Prepackaged Software
BOXL,Boxlight Corporation Class A Common Stock,Real Estate,Other Consumer Services
BR,Broadridge Financial Solutions Inc. Common Stock,Consumer Discretionary,Business Services
BRBR,BellRing Brands Inc. Common Stock ,Consumer Staples,Packaged Foods
BRC,Brady Corporation Common Stock,Consumer Discretionary,Miscellaneous manufacturing industries
BRCB,Black Rock Coffee Bar Inc. Class A Common Stock,Consumer Discretionary,Restaurants
BRCC,BRC Inc. Class A Common Stock,Consumer Staples,Beverages (Production/Distribution)
BRFH,Barfresh Food Group Inc. Common Stock,Consumer Staples,Packaged Foods
BRID,Bridgford Foods Corporation Common Stock,Consumer Staples,Specialty Foods
BRKHU,Burtech Acquisition Corp II Unit,Technology,Semiconductors
BRKR,Bruker Corporation Common Stock,Industrials,Biotechnology: Laboratory Analytical Instruments
BRKRP,Bruker Corporation 6.375% Mandatory Convertible Preferred Stock Series A,Industrials,Biotechnology: Laboratory Analytical Instruments
BRLT,Brilliant Earth Group Inc. Class A Common Stock,Consumer Discretionary,Consumer Specialties
BRN,Barnwell Industries Inc. Common Stock,Energy,Oil & Gas Production
BROS,Dutch Bros Inc. Class A Common Stock,Consumer Discretionary,Restaurants
BRSL,Brightstar Lottery PLC Trading under the Legal Name to begin at the market open on July 21 2025. Ordinary Shares,Consumer Discretionary,Services-Misc. Amusement & Recreation
BRSP,BrightSpire Capital Inc. Class A Common Stock,Real Estate,Real Estate Investment Trusts
BRT,BRT Apartments Corp. (MD) Common Stock,Real Estate,Real Estate Investment Trusts
BRTX,BioRestorative Therapies Inc. Common Stock (NV),Health Care,Managed Health Care
BRUN,Boost Run Inc. Class A Common Stock,Technology,EDP Services
BRVE,Braveheart Bio Inc. Common Stock,Health Care,Biotechnology: Pharmaceutical Preparations
BRX,Brixmor Property Group Inc. Common Stock,Real Estate,Real Estate Investment Trusts
BRZE,Braze Inc. Class A Common Stock,Technology,Computer Software: Prepackaged Software
BSEM,BioStem Technologies Inc. Common Stock,Health Care,Biotechnology: Biological Products (No Diagnostic Substances)
BSET,Bassett Furniture Industries Incorporated Common Stock,Consumer Discretionary,Home Furnishings
BSIN,Big Sky Industrial Inc. Common Stock,Energy,Oil & Gas Production
BSM,Black Stone Minerals L.P. Common units representing limited partner interests,Energy,Oil & Gas Production
BSX,Boston Scientific Corporation Common Stock,Health Care,Medical/Dental Instruments
BSY,Bentley Systems Incorporated Class B Common Stock,Technology,Computer Software: Prepackaged Software
BTBD,BT Brands Inc. Common Stock,Consumer Discretionary,Restaurants
BTBDW,BT Brands Inc. Warrant,Consumer Discretionary,Restaurants
BTLN,Brightline Interactive Inc. Common Stock,Technology,EDP Services
BTMD,Biote Corp. Class A Common Stock,Health Care, Medicinal Chemicals and Botanical Products 
BTOC,Armlogi Holding Corp. Common Stock,Consumer Discretionary,Office Equipment/Supplies/Services
BTSG,BrightSpring Health Services Inc. Common Stock,Health Care,Medical/Nursing Services
BTSGU,BrightSpring Health Services Inc. Tangible Equity Unit,Health Care,Medical/Nursing Services
BTU,Peabody Energy Corporation Common Stock ,Energy,Coal Mining
BURL,Burlington Stores Inc. Common Stock,Consumer Discretionary,Department/Specialty Retail Stores
BV,BrightView Holdings Inc. Common Stock,Consumer Staples,Farming/Seeds/Milling
BVS,Bioventus Inc. Class A Common Stock,Health Care,Medical/Dental Instruments
BW,Babcock & Wilcox Enterprises Inc. Common Stock,Industrials,Building Products
BWA,BorgWarner Inc. Common Stock,Consumer Discretionary,Auto Parts:O.E.M.
BWEN,Broadwind Inc. Common Stock,Telecommunications,Metal Fabrications
BWMN,Bowman Consulting Group Ltd. Common Stock,Consumer Discretionary,Professional Services
BWXT,BWX Technologies Inc. Common Stock,Industrials,Industrial Machinery/Components
BXBL,BOXABL Inc. Common stock,Consumer Discretionary,Homebuilding
BXC,Bluelinx Holdings Inc. Common Stock,Consumer Discretionary,Wholesale Distributors
BXMT,Blackstone Mortgage Trust Inc. Common Stock,Real Estate,Real Estate Investment Trusts
BXP,BXP Inc. Common Stock,Real Estate,Real Estate Investment Trusts
BYD,Boyd Gaming Corporation Common Stock,Consumer Discretionary,Hotels/Resorts
BYND,Beyond Meat Inc. Common Stock,Consumer Staples,Packaged Foods
BYSI,BeyondSpring Inc. Ordinary Shares,Health Care,Biotechnology: Pharmaceutical Preparations
BZAI,Blaize Holdings Inc. Common Stock,Technology,Semiconductors
BZAIW,Blaize Holdings Inc. Warrants,Technology,Semiconductors
BZFD,BuzzFeed Inc. Class A Common Stock,Consumer Discretionary,Telecommunications Equipment
BZFDW,BuzzFeed Inc. Warrant,Consumer Discretionary,Telecommunications Equipment
BZH,Beazer Homes USA Inc. Common Stock,Consumer Discretionary,Homebuilding
CABA,Cabaletta Bio Inc. Common Stock,Health Care,Biotechnology: Biological Products (No Diagnostic Substances)
CABO,Cable One Inc. Common Stock,Telecommunications,Cable & Other Pay Television Services
CABR,Caring Brands Inc. Common Stock,Consumer Discretionary,Package Goods/Cosmetics
CACI,CACI International Inc. Class A Common Stock,Technology,EDP Services
CADL,Candel Therapeutics Inc. Common Stock,Health Care,Biotechnology: Biological Products (No Diagnostic Substances)
CAG,ConAgra Brands Inc. Common Stock,Consumer Staples,Packaged Foods
CAH,Cardinal Health Inc. Common Stock,Health Care,Other Pharmaceuticals
CAI,Caris Life Sciences Inc. Common Stock,Health Care,Medical Specialities
CAKE,Cheesecake Factory Incorporated (The) Common Stock,Consumer Discretionary,Restaurants
CAL,Caleres Inc. Common Stock,Consumer Discretionary,Shoe Manufacturing
CALC,CalciMedica Inc. Common Stock,Health Care,Biotechnology: Pharmaceutical Preparations
CALM,Cal-Maine Foods Inc. Common Stock,Consumer Staples,Farming/Seeds/Milling
CALX,Calix Inc Common Stock,Consumer Discretionary,Telecommunications Equipment
CALY,Callaway Golf Company Common Stock,Consumer Discretionary,Recreational Games/Products/Toys
CAMP,CAMP4 Therapeutics Corporation Common Stock,Health Care,Biotechnology: Pharmaceutical Preparations
CAPL,CrossAmerica Partners LP Common Units representing limited partner interests,Energy,Oil Refining/Marketing
CAPR,Capricor Therapeutics Inc. Common Stock,Health Care,Biotechnology: Pharmaceutical Preparations
CAPS,Capstone Holding Corp. Common Stock,Consumer Discretionary,RETAIL: Building Materials
CAR,Avis Budget Group Inc. Common Stock,Consumer Discretionary,Rental/Leasing Companies
CARG,CarGurus Inc. Class A Common Stock ,Technology,EDP Services
CARL,Carlsmed Inc. Common Stock,Health Care,Medical/Dental Instruments
CARR,Carrier Global Corporation Common Stock ,Industrials,Industrial Machinery/Components
CARS,Cars.com Inc. Common Stock ,Technology,EDP Services
CART,Maplebear Inc. Common Stock,Consumer Discretionary,Business Services
CASS,Cass Information Systems Inc Common Stock,Consumer Discretionary,Business Services
CAST,FreeCast Inc. Class A Common Stock,Technology,EDP Services
CASY,Casey's General Stores Inc. Common Stock,Consumer Discretionary,Retail-Auto Dealers and Gas Stations
CAT,Caterpillar Inc. Common Stock,Industrials,Construction/Ag Equipment/Trucks
CATO,Cato Corporation (The) Class A Common Stock,Consumer Discretionary,Clothing/Shoe/Accessory Stores
CATX,Perspective Therapeutics Inc. Common Stock,Health Care,Biotechnology: Pharmaceutical Preparations
CAVA,CAVA Group Inc. Common Stock,Consumer Discretionary,Restaurants
CBIO,Crescent Biopharma Inc. Common Stock,Health Care,Biotechnology: Pharmaceutical Preparations
CBL,CBL & Associates Properties Inc. Common Stock,Real Estate,Real Estate Investment Trusts
CBLL,CeriBell Inc. Common Stock,Health Care,Biotechnology: Electromedical & Electrotherapeutic Apparatus
CBRL,Cracker Barrel Old Country Store Inc Common Stock,Consumer Discretionary,Restaurants
CBRS,Cerebras Systems Inc. Class A Common Stock,Technology,Semiconductors
CBT,Cabot Corporation Common Stock,Industrials,Major Chemicals
CBUS,Cibus Inc. Class A Common Stock,Industrials,Agricultural Chemicals
CBZ,CBIZ Inc. Common Stock,Consumer Discretionary,Business Services
CC,Chemours Company (The) Common Stock,Industrials,Major Chemicals
CCC,CCC Intelligent Solutions Holdings Inc. Common Stock,Technology,Computer Software: Prepackaged Software
CCCC,C4 Therapeutics Inc. Common Stock,Health Care,Biotechnology: Biological Products (No Diagnostic Substances)
CCEL,Cryo-Cell International Inc. Common Stock,Health Care,Misc Health and Biotechnology Services
CCI,Crown Castle Inc. Common Stock,Real Estate,Real Estate Investment Trusts
CCK,Crown Holdings Inc.,Industrials,Containers/Packaging
CCL,Carnival Corporation Ltd. Common Shares,Consumer Discretionary,Marine Transportation
CCLD,CareCloud Inc. Common Stock,Technology,Computer Software: Prepackaged Software
CCO,Clear Channel Outdoor Holdings Inc. Common Stock,Consumer Discretionary,Advertising
CCOI,Cogent Communications Holdings Inc.,Consumer Discretionary,Telecommunications Equipment
CCS,Century Communities Inc. Common Stock,Consumer Discretionary,Homebuilding
CCSI,Consensus Cloud Solutions Inc. Common Stock,Technology,Computer Software: Prepackaged Software
CCZ,Comcast Holdings ZONES,Telecommunications,Cable & Other Pay Television Services
CDE,Coeur Mining Inc. Common Stock,Basic Materials,Precious Metals
CDIO,Cardio Diagnostics Holdings Inc. Common stock,Health Care,Biotechnology: In Vitro & In Vivo Diagnostic Substances
CDLX,Cardlytics Inc. Common Stock,Technology,Computer Software: Programming Data Processing
CDNA,CareDx Inc. Common Stock,Health Care,Medical Specialities
CDNL,Cardinal Infrastructure Group Inc. Class A Common Stock,Industrials,Military/Government/Technical
CDNS,Cadence Design Systems Inc. Common Stock,Technology,Computer Software: Prepackaged Software
CDP,COPT Defense Properties Common Shares of Beneficial Interest,Real Estate,Real Estate Investment Trusts
CDRE,Cadre Holdings Inc. Common Stock,Health Care,Industrial Specialties
CDT,CDT Equity Inc. Common Stock,Health Care,Biotechnology: Pharmaceutical Preparations
CDTTW,CDT Equity Inc. Warrant,Health Care,Biotechnology: Pharmaceutical Preparations
CDW,CDW Corporation Common Stock,Consumer Discretionary,Catalog/Specialty Distribution
CDXS,Codexis Inc. Common Stock,Industrials,Major Chemicals
CDZI,CADIZ Inc. Common Stock,Utilities,Water Supply
CDZIP,Cadiz Inc. Depositary Shares,Utilities,Water Supply
CE,Celanese Corporation Common Stock,Industrials,Major Chemicals
CECO,CECO Environmental Corp. Common Stock,Industrials,Pollution Control Equipment
CEG,Constellation Energy Corporation Common Stock ,Utilities,Electric Utilities: Central
CELC,Celcuity Inc. Common Stock,Health Care,Medical Specialities
CELH,Celsius Holdings Inc. Common Stock,Consumer Staples,Beverages (Production/Distribution)
CELU,Celularity Inc. Class A Common Stock,Health Care,Biotechnology: Pharmaceutical Preparations
CELZ,Creative Medical Technology Holdings Inc. Common Stock,Health Care,Biotechnology: Biological Products (No Diagnostic Substances)
CENT,Central Garden & Pet Company Common Stock,Consumer Discretionary,Consumer Specialties
CENTA,Central Garden & Pet Company Class A Common Stock Nonvoting,Consumer Discretionary,Consumer Specialties
CENX,Century Aluminum Company Common Stock,Industrials,Aluminum
CEPL,Capstone Energy Plus Inc. Common Stock,Industrials,Industrial Machinery/Components
CERS,Cerus Corporation Common Stock,Health Care,Medical/Dental Instruments
CERT,Certara Inc. Common Stock,Technology,Computer Software: Prepackaged Software
CETX,Cemtrex Inc. Common Stock,Technology,Electrical Products
CETY,Clean Energy Technologies Inc. Common Stock,Utilities,Oil/Gas Transmission
CEVA,CEVA Inc. Common Stock,Technology,Computer Software: Programming Data Processing
CF,CF Industries Holdings Inc. Common Stock,Industrials,Agricultural Chemicals
CGEM,Cullinan Therapeutics Inc. Common Stock,Health Care,Biotechnology: Biological Products (No Diagnostic Substances)
CGNX,Cognex Corporation Common Stock,Industrials,Industrial Machinery/Components
CGON,CG Oncology Inc. Common stock,Health Care,Biotechnology: Biological Products (No Diagnostic Substances)
CGTX,Cognition Therapeutics Inc. Common Stock,Health Care,Biotechnology: Biological Products (No Diagnostic Substances)
CHCT,Community Healthcare Trust Incorporated Common Stock,Real Estate,Real Estate Investment Trusts
CHD,Church & Dwight Company Inc. Common Stock,Consumer Discretionary,Package Goods/Cosmetics
CHDN,Churchill Downs Incorporated Common Stock,Consumer Discretionary,Services-Misc. Amusement & Recreation
CHE,Chemed Corp,Health Care,Medical/Nursing Services
CHEF,The Chefs' Warehouse Inc. Common Stock,Consumer Discretionary,Food Distributors
CHGA,Change Agents Corporation Common Stock,Technology,EDP Services
CHGG,Chegg Inc. Common Stock,Real Estate,Other Consumer Services
CHH,Choice Hotels International Inc. Common Stock,Consumer Discretionary,Hotels/Resorts
CHRD,Chord Energy Corporation Common Stock,Energy,Oil & Gas Production
CHRN,ChronoScale Holdings Corporation Common Stock,Industrials,Industrial Machinery/Components
CHRS,Coherus Oncology Inc. Common Stock,Health Care,Biotechnology: Biological Products (No Diagnostic Substances)
CHRW,C.H. Robinson Worldwide Inc. Common Stock,Industrials,Integrated Freight & Logistics
CHSCL,CHS Inc Class B Cumulative Redeemable Preferred Stock Series 4,Industrials,Farming/Seeds/Milling
CHSCM,CHS Inc Class B Reset Rate Cumulative Redeemable Preferred Stock Series 3,Industrials,Farming/Seeds/Milling
CHSCN,CHS Inc Preferred Class B Series 2 Reset Rate,Industrials,Farming/Seeds/Milling
CHSCO,CHS Inc. Class B Cumulative Redeemable Preferred Stock,Industrials,Farming/Seeds/Milling
CHSCP,CHS Inc. 8%  Cumulative Redeemable Preferred Stock,Industrials,Farming/Seeds/Milling
CHTR,Charter Communications Inc. Class A Common Stock New,Telecommunications,Cable & Other Pay Television Services
CHTRP,Charter Communications Inc. Series A Cumulative Redeemable Preferred Stock,Telecommunications,Cable & Other Pay Television Services
CHWY,Chewy Inc. Class A Common Stock,Consumer Discretionary,Catalog/Specialty Distribution
CI,The Cigna Group Common Stock,Health Care,Medical Specialities
CIEN,Ciena Corporation Common Stock,Utilities,Telecommunications Equipment
CIM,Chimera Investment Corporation Common Stock,Real Estate,Real Estate Investment Trusts
CIMN,Chimera Investment Corporation 9.000% Senior Notes due 2029,Real Estate,Real Estate Investment Trusts
CIMO,Chimera Investment Corporation 9.250% Senior Notes due 2029,Real Estate,Real Estate Investment Trusts
CIMP,Chimera Investment Corporation 8.875% Senior Notes due 2030,Real Estate,Real Estate Investment Trusts
CING,Cingulate Inc. Common Stock,Health Care,Biotechnology: Pharmaceutical Preparations
CIRC,Circle8 Group Inc. Common Stock,Industrials,Biotechnology: Laboratory Analytical Instruments
CISO,CISO Global Inc. Common Stock,Consumer Discretionary,Professional Services
CIX,CompX International Inc. Common Stock,Consumer Discretionary,Industrial Machinery/Components
CJMB,Callan JMB Inc. Common Stock,Consumer Discretionary,Business Services
CKX,CKX Lands Inc. Common Stock,Energy,Oil & Gas Production
CL,Colgate-Palmolive Company Common Stock,Consumer Discretionary,Package Goods/Cosmetics
CLAR,Clarus Corporation Common Stock,Consumer Discretionary,Recreational Games/Products/Toys
CLDT,Chatham Lodging Trust (REIT) Common Shares of Beneficial Interest,Real Estate,Real Estate Investment Trusts
CLDX,Celldex Therapeutics Inc.,Health Care,Biotechnology: In Vitro & In Vivo Diagnostic Substances
CLF,Cleveland-Cliffs Inc. Common Stock,Basic Materials,Metal Mining
CLFD,Clearfield Inc. Common Stock,Utilities,Telecommunications Equipment
CLH,Clean Harbors Inc. Common Stock,Industrials,Environmental Services
CLIR,ClearSign Technologies Corporation Common Stock (DE),Industrials,Industrial Machinery/Components
CLMB,Climb Global Solutions Inc. Common Stock,Technology,Retail: Computer Software & Peripheral Equipment
CLMT,Calumet Inc. Common Stock,Energy,Integrated oil Companies
CLNE,Clean Energy Fuels Corp. Common Stock,Utilities,Natural Gas Distribution
CLNN,Clene Inc. Common Stock,Health Care,Biotechnology: Pharmaceutical Preparations
CLOV,Clover Health Investments Corp. Class A Common Stock,Health Care,Medical Specialities
CLPR,Clipper Realty Inc. Common Stock,Real Estate,Real Estate Investment Trusts
CLPT,ClearPoint Neuro Inc. Common Stock,Health Care,Medical/Dental Instruments
CLRB,Cellectar Biosciences Inc.  Common Stock,Health Care,Biotechnology: Pharmaceutical Preparations
CLRO,ClearOne Inc. Common Stock,Utilities,Telecommunications Equipment
CLW,Clearwater Paper Corporation Common Stock,Basic Materials,Paper
CLX,Clorox Company (The) Common Stock,Consumer Discretionary,Specialty Chemicals
CLYM,Climb Bio Inc. Common Stock,Health Care,Biotechnology: Pharmaceutical Preparations
CMC,Commercial Metals Company Common Stock,Industrials,Steel/Iron Ore
CMCO,Columbus McKinnon Corporation Common Stock,Industrials,Construction/Ag Equipment/Trucks
CMCSA,Comcast Corporation Class A Common Stock,Telecommunications,Cable & Other Pay Television Services
CMCT,Creative Media & Community Trust Corporation Common stock,Real Estate,Real Estate Investment Trusts
CMG,Chipotle Mexican Grill Inc. Common Stock,Consumer Discretionary,Restaurants
CMI,Cummins Inc. Common Stock,Industrials,Industrial Machinery/Components
CMP,Compass Minerals Intl Inc Common Stock,Industrials,Mining & Quarrying of Nonmetallic Minerals (No Fuels)
CMPX,Compass Therapeutics Inc. Common Stock,Health Care,Biotechnology: Biological Products (No Diagnostic Substances)
CMRC,Commerce.com Inc. Series 1 Common Stock,Technology,Computer Software: Prepackaged Software
CMS,CMS Energy Corporation Common Stock,Utilities,Power Generation
CMSA,CMS Energy Corporation 5.625% Junior Subordinated Notes due 2078,Utilities,Power Generation
CMSC,CMS Energy Corporation 5.875% Junior Subordinated Notes due 2078,Utilities,Power Generation
CMSD,CMS Energy Corporation 5.875% Junior Subordinated Notes due 2079,Utilities,Power Generation
CMT,Core Molding Technologies Inc Common Stock,Industrials,Plastic Products
CMTL,Comtech Telecommunications Corp. Common Stock,Technology,Radio And Television Broadcasting And Communications Equipment
CNC,Centene Corporation Common Stock,Health Care,Medical Specialities
CNDT,Conduent Incorporated Common Stock ,Consumer Discretionary,Business Services
CNK,Cinemark Holdings Inc Cinemark Holdings Inc. Common Stock,Consumer Discretionary,Movies/Entertainment
CNM,Core & Main Inc. Class A Common Stock,Consumer Discretionary,Durable Goods
CNMD,CONMED Corporation Common Stock,Health Care,Biotechnology: Electromedical & Electrotherapeutic Apparatus
CNNE,Cannae Holdings Inc. Common Stock,Consumer Discretionary,Restaurants
CNP,CenterPoint Energy Inc (Holding Co) Common Stock,Utilities,Electric Utilities: Central
CNR,Core Natural Resources Inc. Common Stock,Energy,Coal Mining
CNSP,CNS Pharmaceuticals Inc. Common Stock,Health Care,Biotechnology: Pharmaceutical Preparations
CNSY,Cerenome Inc. Common Stock ,Health Care,Medical/Dental Instruments
CNTN,Canton Strategic Holdings Inc. Common Stock,Health Care,Biotechnology: Pharmaceutical Preparations
CNTX,Context Therapeutics Inc. Common Stock,Health Care,Biotechnology: Pharmaceutical Preparations
CNTY,Century Casinos Inc. Common Stock,Consumer Discretionary,Hotels/Resorts
CNVS,Cineverse Corp. Class A Common Stock,Consumer Discretionary,Consumer Electronics/Video Chains
CNX,CNX Resources Corporation Common Stock,Energy,Oil & Gas Production
CNXC,Concentrix Corporation Common Stock,Technology,Computer Software: Prepackaged Software
CNXN,PC Connection Inc. Common Stock,Consumer Discretionary,Catalog/Specialty Distribution
CNXU,Conexeu Sciences Inc. Common Stock,Health Care,Industrial Specialties
COAG,Hemab Therapeutics Holdings Inc. Common Stock,Health Care,Biotechnology: Biological Products (No Diagnostic Substances)
COCH,Envoy Medical Inc. Class A Common Stock,Health Care,Industrial Specialties
COCHW,Envoy Medical Inc Warrant,Health Care,Industrial Specialties
COCO,The Vita Coco Company Inc. Common Stock,Consumer Staples,Beverages (Production/Distribution)
COCP,Cocrystal Pharma Inc. Common Stock,Health Care,Biotechnology: Pharmaceutical Preparations
CODA,Coda Octopus Group Inc. Common stock,Industrials,Industrial Machinery/Components
CODI,D/B/A Compass Diversified Holdings Shares of Beneficial Interest,Consumer Discretionary,Home Furnishings
CODX,Co-Diagnostics Inc. Common Stock,Health Care,Medical/Dental Instruments
COGT,Cogent Biosciences Inc. Common Stock,Health Care,Biotechnology: Pharmaceutical Preparations
COHR,Coherent Corp. Common Stock,Technology,Electronic Components
COHU,Cohu Inc. Common Stock,Industrials,Electrical Products
COKE,Coca-Cola Consolidated Inc. Common Stock,Consumer Staples,Beverages (Production/Distribution)
COLD,Americold Realty Trust Inc. Common Stock,Real Estate,Real Estate Investment Trusts
COLL,Collegium Pharmaceutical Inc. Common Stock,Health Care,Biotechnology: Pharmaceutical Preparations
COLM,Columbia Sportswear Company Common Stock,Consumer Discretionary,Apparel
CON,Concentra Group Holdings Parent Inc. Common Stock,Health Care,Medical Specialities
COO,The Cooper Companies Inc. Common Stock,Health Care,Ophthalmic Goods
COOK,Traeger Inc. Common Stock,Consumer Discretionary,Consumer Electronics/Appliances
COP,ConocoPhillips Common Stock,Energy,Integrated oil Companies
COR,Cencora Inc. Common Stock,Health Care,Other Pharmaceuticals
CORT,Corcept Therapeutics Incorporated Common Stock,Health Care,Biotechnology: Pharmaceutical Preparations
COSM,Cosmos Health Inc. Common Stock,Health Care,Other Pharmaceuticals
COST,Costco Wholesale Corporation Common Stock,Consumer Discretionary,Department/Specialty Retail Stores
COTY,Coty Inc. Class A Common Stock,Consumer Discretionary,Package Goods/Cosmetics
COUR,Coursera Inc. Common Stock,Technology,Computer Software: Prepackaged Software
COYA,Coya Therapeutics Inc. Common Stock,Health Care,Biotechnology: Pharmaceutical Preparations
CPAY,Corpay Inc. Common Stock,Consumer Discretionary,Business Services
CPB,The Campbell's Company Common Stock,Consumer Staples,Packaged Foods
CPHC,Canterbury Park Holding Corporation 'New' Common Stock,Consumer Discretionary,Services-Misc. Amusement & Recreation
CPIX,Cumberland Pharmaceuticals Inc. Common Stock,Health Care,Biotechnology: Pharmaceutical Preparations
CPK,Chesapeake Utilities Corporation Common Stock,Utilities,Oil & Gas Production
CPNG,Coupang Inc. Class A Common Stock,Consumer Discretionary,Catalog/Specialty Distribution
CPRT,Copart Inc. (DE) Common Stock,Consumer Discretionary,Retail-Auto Dealers and Gas Stations
CPS,Cooper-Standard Holdings Inc. Common Stock,Consumer Discretionary,Auto Parts:O.E.M.
CPSH,CPS Technologies Corp. Common Stock,Consumer Discretionary,Building Materials
CPT,Camden Property Trust Common Stock,Real Estate,Real Estate Investment Trusts
CQP,Cheniere Energy Partners LP Common Units,Utilities,Oil/Gas Transmission
CR,Crane Company Common Stock,Industrials,Metal Fabrications
CRAI,CRA International Inc. Common Stock,Consumer Discretionary,Other Consumer Services
CRBP,Corbus Pharmaceuticals Holdings Inc. Common Stock,Health Care,Biotechnology: Pharmaceutical Preparations
CRBU,Caribou Biosciences Inc. Common Stock,Health Care,Biotechnology: Biological Products (No Diagnostic Substances)
CRC,California Resources Corporation Common Stock,Energy,Oil & Gas Production
CRCT,Cricut Inc. Class A Common Stock,Technology,Industrial Machinery/Components
CRDF,Cardiff Oncology Inc. Common Stock,Health Care,Biotechnology: Biological Products (No Diagnostic Substances)
CRDO,Credo Technology Group Holding Ltd Ordinary Shares,Technology,Semiconductors
CREX,Creative Realities Inc. Common Stock,Technology,EDP Services
CRGY,Crescent Energy Company Class A Common Stock,Energy,Oil & Gas Production
CRI,Carter's Inc. Common Stock,Consumer Discretionary,Apparel
CRIS,Curis Inc. Common Stock,Health Care,Biotechnology: Biological Products (No Diagnostic Substances)
CRK,Comstock Resources Inc. Common Stock,Energy,Oil & Gas Production
CRL,Charles River Laboratories International Inc. Common Stock,Health Care,Biotechnology: Commercial Physical & Biological Resarch
CRM,Salesforce Inc. Common Stock,Technology,Computer Software: Prepackaged Software
CRMD,CorMedix Inc. Common Stock,Health Care,Biotechnology: Pharmaceutical Preparations
CRMT,America's Car-Mart Inc Common Stock,Consumer Discretionary,Retail-Auto Dealers and Gas Stations
CRNC,Cerence Inc. Common Stock,Technology,Computer Software: Prepackaged Software
CROX,Crocs Inc. Common Stock,Consumer Discretionary,Shoe Manufacturing
CRS,Carpenter Technology Corporation Common Stock,Industrials,Steel/Iron Ore
CRSR,Corsair Gaming Inc. Common Stock,Technology,Computer peripheral equipment
CRT,Cross Timbers Royalty Trust Common Stock,Energy,Oil & Gas Production
CRUS,Cirrus Logic Inc. Common Stock,Technology,Semiconductors
CRVO,CervoMed Inc. Common Stock,Health Care,Biotechnology: Pharmaceutical Preparations
CRVS,Corvus Pharmaceuticals Inc. Common Stock,Health Care,Biotechnology: Pharmaceutical Preparations
CRWD,CrowdStrike Holdings Inc. Class A Common Stock,Technology,Computer Software: Prepackaged Software
CRWS,Crown Crafts Inc Common Stock,Consumer Discretionary,Textiles
CRWV,CoreWeave Inc. Class A Common Stock,Technology,Computer Software: Prepackaged Software
CSAI,Cloudastructure Inc. Class A Common Stock,Technology,Computer Software: Programming Data Processing
CSBR,Champions Oncology Inc. Common Stock,Health Care,Biotechnology: Biological Products (No Diagnostic Substances)
CSCO,Cisco Systems Inc. Common Stock (DE),Telecommunications,Computer Communications Equipment
CSL,Carlisle Companies Incorporated Common Stock,Industrials,Specialty Chemicals
CSPI,CSP Inc. Common Stock,Technology,EDP Services
CSR,D/B/A Centerspace Common Stock,Real Estate,Real Estate Investment Trusts
CSTL,Castle Biosciences Inc. Common Stock,Health Care,Medical Specialities
CSV,Carriage Services Inc. Common Stock,Consumer Discretionary,Other Consumer Services
CSW,CSW Industrials Inc. Common Stock,Industrials,Home Furnishings
CSWC,Capital Southwest Corporation Common Stock,Consumer Discretionary,Textiles
CSX,CSX Corporation Common Stock,Industrials,Railroads
CTAS,Cintas Corporation Common Stock,Industrials,Garments and Clothing
CTEV,Claritev Corporation Class A Common Stock,Consumer Discretionary,Business Services
CTGO,Contango Silver & Gold Inc. Common Stock,Basic Materials,Precious Metals
CTKB,Cytek Biosciences Inc. Common Stock,Industrials,Biotechnology: Laboratory Analytical Instruments
CTMX,CytomX Therapeutics Inc. Common Stock,Health Care,Biotechnology: Pharmaceutical Preparations
CTNM,Contineum Therapeutics Inc. Class A Common Stock,Health Care,Biotechnology: Pharmaceutical Preparations
CTNT,Cheetah Net Supply Chain Service Inc Class A Common Stock,Consumer Discretionary,Motor Vehicles
CTO,CTO Realty Growth Inc. Common Stock,Real Estate,Real Estate Investment Trusts
CTOR,Citius Oncology Inc. Common Stock,Health Care,Biotechnology: Pharmaceutical Preparations
CTRE,CareTrust REIT Inc. Common Stock,Real Estate,Real Estate Investment Trusts
CTRI,Centuri Holdings Inc. Common Stock,Utilities,Oil & Gas Production
CTRN,Citi Trends Inc. Common Stock,Consumer Discretionary,Clothing/Shoe/Accessory Stores
CTS,CTS Corporation Common Stock,Technology,Electrical Products
CTSH,Cognizant Technology Solutions Corporation Class A Common Stock,Technology,EDP Services
CTSO,Cytosorbents Corporation Common Stock,Health Care,Medical/Dental Instruments
CTVA,Corteva Inc. Common Stock ,Consumer Staples,Farming/Seeds/Milling
CTXR,Citius Pharmaceuticals Inc. Common Stock,Health Care,Biotechnology: Pharmaceutical Preparations
CUB,Lionheart Holdings Class A Ordinary Shares,Industrials,Industrial Machinery/Components
CUBE,CubeSmart Common Shares,Real Estate,Real Estate Investment Trusts
CUBWW,Lionheart Holdings Warrant,Industrials,Industrial Machinery/Components
CUE,Cue Biopharma Inc. Common Stock,Health Care,Biotechnology: Pharmaceutical Preparations
CULP,Culp Inc. Common Stock,Consumer Discretionary,Textiles
CURI,CuriosityStream Inc. Class A Common Stock,Consumer Discretionary,Movies/Entertainment
CURV,Torrid Holdings Inc. Common Stock,Consumer Discretionary,Clothing/Shoe/Accessory Stores
CURX,Curanex Pharmaceuticals Inc Common Stock,Health Care,Biotechnology: Pharmaceutical Preparations
CUZ,Cousins Properties Incorporated Common Stock,Real Estate,Real Estate Investment Trusts
CV,CapsoVision Inc. Common Stock,Health Care,Biotechnology: Electromedical & Electrotherapeutic Apparatus
CVCO,Cavco Industries Inc. Common Stock When Issued,Consumer Discretionary,Homebuilding
CVGI,Commercial Vehicle Group Inc. Common Stock,Consumer Discretionary,Auto Parts:O.E.M.
CVI,CVR Energy Inc. Common Stock,Energy,Integrated oil Companies
CVKD,Cadrenal Therapeutics Inc. Common Stock,Health Care,Biotechnology: Pharmaceutical Preparations
CVLG,Covenant Logistics Group Inc. Class A Common Stock,Industrials,Trucking Freight/Courier Services
CVLT,Commvault Systems Inc. Common Stock,Technology,Computer Software: Prepackaged Software
CVM,Cel-Sci Corporation Common Stock,Health Care,Biotechnology: Biological Products (No Diagnostic Substances)
CVNA,Carvana Co. Class A Common Stock,Consumer Discretionary,Retail-Auto Dealers and Gas Stations
CVR,Chicago Rivet & Machine Co. Common Stock,Industrials,Industrial Machinery/Components
CVRX,CVRx Inc. Common Stock,Health Care,Medical/Dental Instruments
CVS,CVS Health Corporation Common Stock,Consumer Staples,Retail-Drug Stores and Proprietary Stores
CVSA,Covista Inc. Common Shares,Real Estate,Other Consumer Services
CVU,CPI Aerostructures Inc. Common Stock,Industrials,Military/Government/Technical
CVV,CVD Equipment Corporation Common Stock,Technology,Industrial Machinery/Components
CVX,Chevron Corporation Common Stock,Energy,Integrated oil Companies
CW,Curtiss-Wright Corporation Common Stock,Technology,Industrial Machinery/Components
CWEN,Clearway Energy Inc. Class C Common Stock,Utilities,Electric Utilities: Central
CWH,Camping World Holdings Inc. Class A Common Stock,Consumer Discretionary,Retail-Auto Dealers and Gas Stations
CWST,Casella Waste Systems Inc. Class A Common Stock,Utilities,Environmental Services
CWT,California Water Service Group Common Stock,Utilities,Water Supply
CXAI,CXApp Inc. Class A Common Stock,Technology,EDP Services
CXAIW,CXApp Inc. Warrant,Technology,EDP Services
CXDO,Crexendo Inc. Common Stock,Telecommunications,Telecommunications Equipment
CXM,Sprinklr Inc. Class A Common Stock,Technology,Computer Software: Prepackaged Software
CXT,Crane NXT Co. Common Stock,Industrials,Metal Fabrications
CXW,CoreCivic Inc. Common Stock,Real Estate,Real Estate Investment Trusts
CYCU,Cycurion Inc. Common Stock,Technology,EDP Services
CYCUW,Cycurion Inc. Warrant,Technology,EDP Services
CYH,Community Health Systems Inc. Common Stock,Health Care,Hospital/Nursing Management
CYN,Cyngn Inc. Common Stock,Technology,EDP Services
CYPH,Cypherpunk Technologies Inc. Common Stock,Health Care,Biotechnology: Pharmaceutical Preparations
CYRX,CryoPort Inc. Common Stock,Health Care,Biotechnology: Pharmaceutical Preparations
CYTK,Cytokinetics Incorporated Common Stock,Health Care,Biotechnology: Pharmaceutical Preparations
CZR,Caesars Entertainment Inc. Common Stock,Consumer Discretionary,Hotels/Resorts
D,Dominion Energy Inc. Common Stock,Utilities,Electric Utilities: Central
DAIC,CID HoldCo Inc. Common Stock,Technology,EDP Services
DAICW,CID HoldCo Inc. Warrants,Technology,EDP Services
DAIO,Data I/O Corporation Common Stock,Industrials,Electrical Products
DAKT,Daktronics Inc. Common Stock,Consumer Discretionary,Miscellaneous manufacturing industries
DAL,Delta Air Lines Inc. Common Stock,Consumer Discretionary,Air Freight/Delivery Services
DAN,Dana Incorporated Common Stock ,Consumer Discretionary,Auto Parts:O.E.M.
DAR,Darling Ingredients Inc. Common Stock,Consumer Staples,Packaged Foods
DARE,Dare Bioscience Inc. Common Stock,Health Care,Biotechnology: Pharmaceutical Preparations
DASH,DoorDash Inc. Class A Common Stock,Consumer Discretionary,Business Services
DBGI,Digital Brands Group Inc. Common Stock,Consumer Discretionary,Clothing/Shoe/Accessory Stores
DBI,Designer Brands Inc. Class A Common Stock,Consumer Discretionary,Clothing/Shoe/Accessory Stores
DBRG,DigitalBridge Group Inc.,Real Estate,Real Estate Investment Trusts
DBX,Dropbox Inc. Class A Common Stock,Technology,Computer Software: Prepackaged Software
DC,Dakota Gold Corp. Common Stock,Basic Materials,Metal Mining
DCGO,DocGo Inc. Common Stock,Health Care,Medical/Nursing Services
DCH,Dauch Corporation Common Stock,Consumer Discretionary,Auto Parts:O.E.M.
DCI,Donaldson Company Inc. Common Stock,Industrials,Pollution Control Equipment
DCO,Ducommun Incorporated Common Stock,Industrials,Military/Government/Technical
DCOY,Decoy Therapeutics Inc. Common Stock,Health Care,Biotechnology: Pharmaceutical Preparations
DCTH,Delcath Systems Inc. Common Stock,Health Care,Medical/Dental Instruments
DD,DuPont de Nemours Inc. Common Stock,Industrials,Major Chemicals
DDD,3D Systems Corporation Common Stock,Technology,Computer Software: Prepackaged Software
DDOG,Datadog Inc. Class A Common Stock,Technology,Computer Software: Prepackaged Software
DDS,Dillard's Inc. Common Stock,Consumer Discretionary,Department/Specialty Retail Stores
DDT,Dillard's Capital Trust I,Consumer Discretionary,Department/Specialty Retail Stores
DE,Deere & Company Common Stock,Industrials,Industrial Machinery/Components
DEA,Easterly Government Properties Inc. Common Stock,Real Estate,Real Estate Investment Trusts
DECK,Deckers Outdoor Corporation Common Stock,Consumer Discretionary,Shoe Manufacturing
DEI,Douglas Emmett Inc. Common Stock,Real Estate,Real Estate Investment Trusts
DELL,Dell Technologies Inc. Class C Common Stock ,Technology,Computer Manufacturing
DERM,Journey Medical Corporation Common Stock,Health Care,Biotechnology: Pharmaceutical Preparations
DETX,Liberty Defense Holdings Ltd. Common Shares,Industrials,Industrial Machinery/Components
DFH,Dream Finders Homes Inc. Class A Common Stock,Consumer Discretionary,Homebuilding
DFIN,Donnelley Financial Solutions Inc. Common Stock ,Consumer Discretionary,Other Consumer Services
DFNS,T3 Defense Inc. Common Stock,Consumer Discretionary,Professional Services
DFNSW,T3 Defense Inc. Warrants,Consumer Discretionary,Professional Services
DFTX,Definium Therapeutics Inc. Common Shares,Health Care, Medicinal Chemicals and Botanical Products 
DG,Dollar General Corporation Common Stock,Consumer Discretionary,Department/Specialty Retail Stores
DGII,Digi International Inc. Common Stock,Telecommunications,Computer Communications Equipment
DGX,Quest Diagnostics Incorporated Common Stock,Health Care,Medical Specialities
DH,Definitive Healthcare Corp. Class A Common Stock,Technology,Computer Software: Prepackaged Software
DHC,Diversified Healthcare Trust Common Shares of Beneficial Interest,Real Estate,Real Estate Investment Trusts
DHCNI,Diversified Healthcare Trust 5.625% Senior Notes due 2042,Real Estate,Real Estate Investment Trusts
DHCNL,Diversified Healthcare Trust 6.25% Senior Notes Due 2046,Real Estate,Real Estate Investment Trusts
DHI,D.R. Horton Inc. Common Stock,Consumer Discretionary,Homebuilding
DHR,Danaher Corporation Common Stock,Industrials,Industrial Machinery/Components
DHX,DHI Group Inc. Common Stock,Consumer Discretionary,Business Services
DIBS,1stdibs.com Inc. Common Stock,Consumer Discretionary,Catalog/Specialty Distribution
DIN,Dine Brands Global Inc. Common Stock,Consumer Discretionary,Restaurants
DINO,HF Sinclair Corporation Common Stock,Energy,Natural Gas Distribution
DIOD,Diodes Incorporated Common Stock,Technology,Semiconductors
DIS,Walt Disney Company (The) Common Stock,Consumer Discretionary,Services-Misc. Amusement & Recreation
DIT,AMCON Distributing Company Common Stock,Consumer Discretionary,Food Distributors
DJCO,Daily Journal Corp. (S.C.) Common Stock,Consumer Discretionary,Newspapers/Magazines
DJT,Trump Media & Technology Group Corp. Common Stock,Technology,Computer Software: Programming Data Processing
DJTWW,Trump Media & Technology Group Corp. Warrants,Technology,Computer Software: Programming Data Processing
DK,Delek US Holdings Inc. Common Stock,Energy,Integrated oil Companies
DKL,Delek Logistics Partners L.P. Common Units representing Limited Partner Interests,Energy,Natural Gas Distribution
DKNG,DraftKings Inc. Class A Common Stock,Consumer Discretionary,Services-Misc. Amusement & Recreation
DKS,Dick's Sporting Goods Inc Common Stock,Consumer Discretionary,Other Specialty Stores
DLHC,DLH Holdings Corp.,Consumer Discretionary,Professional Services
DLPN,Dolphin Entertainment Inc. Common Stock,Consumer Discretionary,Other Consumer Services
DLR,Digital Realty Trust Inc. Common Stock,Real Estate,Real Estate Investment Trusts
DLTH,Duluth Holdings Inc. Class B Common Stock,Consumer Discretionary,Clothing/Shoe/Accessory Stores
DLTR,Dollar Tree Inc. Common Stock,Consumer Discretionary,Department/Specialty Retail Stores
DLX,Deluxe Corporation Common Stock,Consumer Discretionary,Publishing
DMAC,DiaMedica Therapeutics Inc. Common Stock,Health Care,Biotechnology: Pharmaceutical Preparations
DMLP,Dorchester Minerals L.P. Common Units Representing Limited Partnership Interests,Energy,Oil & Gas Production
DMRC,Digimarc Corporation Common Stock,Technology,EDP Services
DNA,Ginkgo Bioworks Holdings Inc. Class A Common Stock,Health Care,Biotechnology: Biological Products (No Diagnostic Substances)
DNLI,Denali Therapeutics Inc. Common Stock,Health Care,Biotechnology: Biological Products (No Diagnostic Substances)
DNOW,DNOW Inc. Common Stock,Consumer Discretionary,Oil and Gas Field Machinery
DNTH,Dianthus Therapeutics Inc. Common Stock,Health Care,Biotechnology: Pharmaceutical Preparations
DNUT,Krispy Kreme Inc. Common Stock,Consumer Staples,Food Chains
DOC,Healthpeak Properties Inc. Common Stock,Real Estate,Real Estate Investment Trusts
DOCN,DigitalOcean Holdings Inc. Common Stock,Technology,Computer Software: Programming Data Processing
DOCS,Doximity Inc. Class A Common Stock,Technology,EDP Services
DOCU,DocuSign Inc. Common Stock,Technology,Computer Software: Prepackaged Software
DORM,Dorman Products Inc. Common Stock,Consumer Discretionary,Auto Parts:O.E.M.
DOV,Dover Corporation Common Stock,Industrials,Industrial Machinery/Components
DOW,Dow Inc. Common Stock ,Industrials,Major Chemicals
DPZ,Domino's Pizza Inc Common Stock,Consumer Discretionary,Food Distributors
DRCT,Direct Digital Holdings Inc. Class A Common Stock,Consumer Discretionary,Advertising
DRH,Diamondrock Hospitality Company Common Stock,Real Estate,Real Estate Investment Trusts
DRI,Darden Restaurants Inc. Common Stock,Consumer Discretionary,Restaurants
DRMA,Dermata Therapeutics Inc. Common Stock,Health Care,Biotechnology: Pharmaceutical Preparations
DRVN,Driven Brands Holdings Inc. Common Stock,Consumer Discretionary,Automotive Aftermarket
DSGN,Design Therapeutics Inc. Common Stock,Health Care,Biotechnology: Pharmaceutical Preparations
DSGR,Distribution Solutions Group Inc. Common Stock,Consumer Discretionary,Industrial Specialties
DSP,Viant Technology Inc. Class A Common Stock,Technology,Computer Software: Programming Data Processing
DSS,DSS Inc. Common Stock,Consumer Discretionary,Containers/Packaging
DT,Dynatrace Inc. Common Stock,Technology,Computer Software: Prepackaged Software
DTB,DTE Energy Company 2020 Series G 4.375% Junior Subordinated Debentures due 2080,Utilities,Electric Utilities: Central
DTCX,Datacentrex Inc. Common Stock,Technology,EDP Services
DTE,DTE Energy Company Common Stock,Utilities,Electric Utilities: Central
DTG,DTE Energy Company 2021 Series E 4.375% Junior Subordinated Debentures,Utilities,Electric Utilities: Central
DTI,Drilling Tools International Corporation Common Stock,Consumer Discretionary,Oil and Gas Field Machinery
DTIL,Precision BioSciences Inc. Common Stock,Health Care,Biotechnology: Biological Products (No Diagnostic Substances)
DTK,DTE Energy Company 2025 Series H 6.25% Junior Subordinated Debentures due 2085,Utilities,Electric Utilities: Central
DTM,DT Midstream Inc. Common Stock ,Utilities,Natural Gas Distribution
DTST,Data Storage Corporation Common Stock,Technology,EDP Services
DTW,DTE Energy Company 2017 Series E 5.25% Junior Subordinated Debentures due 2077,Utilities,Electric Utilities: Central
DUK,Duke Energy Corporation (Holding Company) Common Stock,Utilities,Power Generation
DUKB,Duke Energy Corporation 5.625% Junior Subordinated Debentures due 2078,Utilities,Power Generation
DUKU,Duke Energy Corporation Corporate Units,Utilities,Power Generation
DUOL,Duolingo Inc. Class A Common Stock,Technology,Computer Software: Prepackaged Software
DUOT,Duos Technologies Group Inc. Common Stock,Technology,Computer Software: Prepackaged Software
DV,DoubleVerify Holdings Inc. Common Stock,Technology,Computer Software: Programming Data Processing
DVA,DaVita Inc. Common Stock,Health Care,Misc Health and Biotechnology Services
DVLT,Datavault AI Inc. Common Stock,Consumer Discretionary,Business Services
DVN,Devon Energy Corporation Common Stock,Energy,Oil & Gas Production
DWSN,Dawson Geophysical Company Common Stock,Energy,Oil & Gas Production
DWTX,Dogwood Therapeutics Inc. Common Stock,Health Care,Biotechnology: Pharmaceutical Preparations
DX,Dynex Capital Inc. Common Stock,Real Estate,Real Estate Investment Trusts
DXC,DXC Technology Company Common Stock ,Technology,EDP Services
DXCM,DexCom Inc. Common Stock,Health Care,Medical/Dental Instruments
DXLG,Destination XL Group Inc. Common Stock,Consumer Discretionary,Clothing/Shoe/Accessory Stores
DXPE,DXP Enterprises Inc. Common Stock,Industrials,Industrial Machinery/Components
DXR,Daxor Corporation Common Stock,Health Care,Medical/Dental Instruments
DY,Dycom Industries Inc. Common Stock,Industrials,Water Sewer Pipeline Comm & Power Line Construction
DYAI,Dyadic International Inc. Common Stock,Health Care,Biotechnology: Biological Products (No Diagnostic Substances)
DYN,Dyne Therapeutics Inc. Common Stock,Health Care,Biotechnology: Pharmaceutical Preparations
EAF,GrafTech International Ltd. Common Stock,Energy,Industrial Machinery/Components
EAI,Entergy Arkansas LLC First Mortgage Bonds 4.875% Series Due September 1 2066,Utilities,Electric Utilities: Central
EARN,Ellington Credit Company Common Shares of Beneficial Interest,Real Estate,Real Estate Investment Trusts
EAT,Brinker International Inc. Common Stock,Consumer Discretionary,Restaurants
EBAY,eBay Inc. Common Stock,Consumer Discretionary,Business Services
EBF,Ennis Inc. Common Stock,Consumer Discretionary,Office Equipment/Supplies/Services
EBS,Emergent BioSolutions Inc. Common Stock,Health Care,Biotechnology: Pharmaceutical Preparations
ECG,Everus Construction Group Inc. Common Stock,Consumer Discretionary,Homebuilding
ECHO,EchoStar  Corporation Common Stock,Consumer Discretionary,Telecommunications Equipment
ECL,Ecolab Inc. Common Stock,Consumer Discretionary,Package Goods/Cosmetics
ECOR,electroCore Inc. Common Stock,Health Care,Biotechnology: Electromedical & Electrotherapeutic Apparatus
ECVT,Ecovyst Inc. Common Stock,Industrials,Major Chemicals
ED,Consolidated Edison Inc. Common Stock,Utilities,Power Generation
EDBL,Edible Garden AG Incorporated Common Stock,Consumer Staples,Farming/Seeds/Milling
EDIT,Editas Medicine Inc. Common Stock,Health Care,Biotechnology: Biological Products (No Diagnostic Substances)
EDSA,Edesa Biotech Inc. Common Shares,Health Care,Biotechnology: Pharmaceutical Preparations
EDUC,Educational Development Corporation Common Stock,Consumer Discretionary,Consumer Specialties
EE,Excelerate Energy Inc. Class A Common Stock,Utilities,Oil/Gas Transmission
EEIQ,EpicQuest Education Group International Limited Common Stock,Real Estate,Other Consumer Services
EFOI,Energy Focus Inc. Common Stock,Consumer Discretionary,Building Products
EFOR,Everforth Inc. Common Stock,Consumer Discretionary,Professional Services
EGAN,eGain Corporation Common Stock,Technology,Computer Software: Prepackaged Software
EGHT,8x8 Inc Common Stock,Technology,EDP Services
EGP,EastGroup Properties Inc. Common Stock,Real Estate,Real Estate Investment Trusts
EGY,VAALCO Energy Inc.  Common Stock,Energy,Oil & Gas Production
EHC,Encompass Health Corporation Common Stock,Health Care,Hospital/Nursing Management
EIKN,Eikon Therapeutics Inc. Common Stock,Health Care,Biotechnology: Biological Products (No Diagnostic Substances)
EIX,Edison International Common Stock,Utilities,Electric Utilities: Central
EL,Estee Lauder Companies Inc. (The) Common Stock,Consumer Discretionary,Package Goods/Cosmetics
ELA,Envela Corporation Common Stock,Consumer Discretionary,Consumer Specialties
ELAB,PMGC Holdings Inc. Common Stock,Health Care,Biotechnology: Pharmaceutical Preparations
ELAN,Elanco Animal Health Incorporated Common Stock,Health Care,Biotechnology: Pharmaceutical Preparations
ELC,Entergy Louisiana Inc. Collateral Trust Mortgage Bonds 4.875 % Series due September 1 2066,Utilities,Electric Utilities: Central
ELDN,Eledon Pharmaceuticals Inc. Common Stock,Health Care,Biotechnology: Pharmaceutical Preparations
ELF,e.l.f. Beauty Inc. Common Stock,Consumer Discretionary,Package Goods/Cosmetics
ELLA,Ellington Credit Company 8.50% Notes due 2031,Real Estate,Real Estate Investment Trusts
ELMD,Electromed Inc. Common Stock,Health Care,Biotechnology: Electromedical & Electrotherapeutic Apparatus
ELME,Elme Communities Common Stock,Real Estate,Real Estate Investment Trusts
ELMT,The Elmet Group Co. Common Stock,Industrials,Metal Fabrications
ELOX,Eloxx Pharmaceuticals Inc. Common Stock,Health Care,Biotechnology: Biological Products (No Diagnostic Substances)
ELS,Equity Lifestyle Properties Inc. Common Stock,Real Estate,Real Estate Investment Trusts
ELTX,Elicio Therapeutics Inc. Common Stock,Health Care,Biotechnology: Pharmaceutical Preparations
ELUT,Elutia Inc. Class A Common Stock,Health Care,Biotechnology: Biological Products (No Diagnostic Substances)
ELV,Elevance Health Inc. Common Stock,Health Care,Medical Specialities
ELVN,Enliven Therapeutics Inc. Common Stock,Health Care,Biotechnology: Pharmaceutical Preparations
ELWT,Elauwit Connection Inc. Common Stock,Consumer Discretionary,Telecommunications Equipment
EMBC,Embecta Corp. Common Stock,Health Care,Medical/Dental Instruments
EME,EMCOR Group Inc. Common Stock,Industrials,Engineering & Construction
EMIS,Emmis Acquisition Corp. Class A Ordinary Shares,Health Care,Biotechnology: Pharmaceutical Preparations
EML,Eastern Company (The) Common Stock,Consumer Discretionary,Industrial Machinery/Components
EMN,Eastman Chemical Company Common Stock,Industrials,Major Chemicals
EMP,Entergy Mississippi LLC First Mortgage Bonds 4.90% Series Due October 1 2066,Utilities,Electric Utilities: Central
EMPD,Empery Digital Inc. Common stock,Industrials,Auto Manufacturing
EMR,Emerson Electric Company Common Stock,Technology,Consumer Electronics/Appliances
ENO,Entergy New Orleans LLC First Mortgage Bonds 5.50% Series due April 1 2066,Utilities,Power Generation
ENOV,Enovis Corporation Common Stock,Health Care,Industrial Specialties
ENPH,Enphase Energy Inc. Common Stock,Technology,Semiconductors
ENSC,Ensysce Biosciences Inc. Common Stock,Health Care,Biotechnology: Pharmaceutical Preparations
ENSG,The Ensign Group Inc. Common Stock,Health Care,Hospital/Nursing Management
ENTA,Enanta Pharmaceuticals Inc. Common Stock,Health Care,Biotechnology: Pharmaceutical Preparations
ENTG,Entegris Inc. Common Stock,Industrials,Plastic Products
ENVB,Enveric Biosciences Inc. Common Stock,Health Care,Biotechnology: Pharmaceutical Preparations
EOG,EOG Resources Inc. Common Stock,Energy,Oil & Gas Production
EOLS,Evolus Inc. Common Stock,Health Care,Biotechnology: Pharmaceutical Preparations
EP,Empire Petroleum Corporation Common Stock,Energy,Oil & Gas Production
EPAC,Enerpac Tool Group Corp. Common Stock,Technology,Industrial Machinery/Components
EPAM,EPAM Systems Inc. Common Stock,Technology,EDP Services
EPC,Edgewell Personal Care Company Common Stock,Consumer Discretionary,Package Goods/Cosmetics
EPD,Enterprise Products Partners L.P. Common Stock,Utilities,Natural Gas Distribution
EPM,Evolution Petroleum Corporation Inc. Common Stock,Energy,Oil & Gas Production
EPR,EPR Properties Common Stock,Real Estate,Real Estate Investment Trusts
EPRT,Essential Properties Realty Trust Inc. Common Stock,Real Estate,Real Estate Investment Trusts
EPSN,Epsilon Energy Ltd. Common Share,Energy,Oil & Gas Production
EQ,Equillium Inc. Common Stock,Health Care,Biotechnology: Pharmaceutical Preparations
EQIX,Equinix Inc. Common Stock REIT,Real Estate,Real Estate Investment Trusts
EQPT,EquipmentShare.com Inc Class A Common Stock,Consumer Discretionary,Diversified Commercial Services
EQT,EQT Corporation Common Stock,Energy,Oil & Gas Production
ERAS,Erasca Inc. Common Stock,Health Care,Biotechnology: Pharmaceutical Preparations
ERII,Energy Recovery Inc. Common Stock,Technology,Industrial Machinery/Components
ERNA,Ernexa Therapeutics Inc. Common Stock,Health Care,Biotechnology: Pharmaceutical Preparations
ERNAW,Ernexa Therapeutics Inc. Warrants,Health Care,Biotechnology: Pharmaceutical Preparations
ES,Eversource Energy (D/B/A) Common Stock,Utilities,Electric Utilities: Central
ESAB,ESAB Corporation Common Stock,Industrials,Industrial Machinery/Components
ESCA,Escalade Incorporated Common Stock,Consumer Discretionary,Recreational Games/Products/Toys
ESE,ESCO Technologies Inc. Common Stock,Telecommunications,Telecommunications Equipment
ESI,Element Solutions Inc. Common Stock,Industrials,Major Chemicals
ESLA,Estrella Immunopharma Inc. Common Stock,Health Care,Biotechnology: Biological Products (No Diagnostic Substances)
ESOA,Energy Services of America Corporation Common Stock,Industrials,Water Sewer Pipeline Comm & Power Line Construction
ESP,Espey Mfg. & Electronics Corp. Common Stock,Technology,Industrial Machinery/Components
ESRT,Empire State Realty Trust Inc. Class A Common Stock,Real Estate,Real Estate Investment Trusts
ESS,Essex Property Trust Inc. Common Stock,Real Estate,Real Estate Investment Trusts
ESTC,Elastic N.V. Ordinary Shares,Technology,Computer Software: Prepackaged Software
ESYN,EnerSyn Global Inc. Common Stock,Health Care,Other Pharmaceuticals
ET,Energy Transfer LP Common Units ,Utilities,Natural Gas Distribution
ETD,Ethan Allen Interiors Inc. Common Stock,Consumer Discretionary,Home Furnishings
ETON,Eton Pharmaceuticals Inc. Common Stock,Health Care,Biotechnology: Pharmaceutical Preparations
ETR,Entergy Corporation Common Stock,Utilities,Electric Utilities: Central
ETRA,Electra Therapeutics Inc. Common stock,Health Care,Biotechnology: Biological Products (No Diagnostic Substances)
ETS,Elite Express Holding Inc. Class A Common Stock,Industrials,Trucking Freight/Courier Services
ETSY,Etsy Inc. Common Stock,Consumer Discretionary,Business Services
EU,enCore Energy Corp. Common Shares,Basic Materials,Other Metals and Minerals
EVC,Entravision Communications Corporation Common Stock,Industrials,Broadcasting
EVCM,EverCommerce Inc. Common Stock,Technology,Computer Software: Prepackaged Software
EVER,EverQuote Inc. Class A Common Stock,Technology,Computer Software: Programming Data Processing
EVEX,Eve Holding Inc. Common Stock,Industrials,Aerospace
EVGO,EVgo Inc. Class A Common Stock,Consumer Discretionary,Automotive Aftermarket
EVH,Evolent Health Inc Class A Common Stock,Consumer Discretionary,Other Consumer Services
EVI,EVI Industries Inc.  Common Stock,Consumer Discretionary,Other Consumer Services
EVLV,Evolv Technologies Holdings Inc. Class A Common Stock,Technology,Computer peripheral equipment
EVMN,Evommune Inc. Common Stock,Health Care,Biotechnology: Pharmaceutical Preparations
EVRG,Evergy Inc. Common Stock,Utilities,Power Generation
EW,Edwards Lifesciences Corporation Common Stock,Health Care,Industrial Specialties
EWTX,Edgewise Therapeutics Inc. Common Stock,Health Care,Biotechnology: Pharmaceutical Preparations
EXC,Exelon Corporation Common Stock,Utilities,Power Generation
EXE,Expand Energy Corporation Common Stock,Energy,Oil & Gas Production
EXEL,Exelixis Inc. Common Stock,Health Care,Biotechnology: Biological Products (No Diagnostic Substances)
EXFY,Expensify Inc. Class A Common Stock,Technology,Computer Software: Prepackaged Software
EXLS,ExlService Holdings Inc. Common Stock,Consumer Discretionary,Business Services
EXOZ,eXoZymes Inc. Common Stock,Health Care,Biotechnology: Biological Products (No Diagnostic Substances)
EXP,Eagle Materials Inc Common Stock,Industrials,Building Materials
EXPD,Expeditors International of Washington Inc. Common Stock,Industrials,Integrated Freight & Logistics
EXPE,Expedia Group Inc. Common Stock,Consumer Discretionary,Transportation Services
EXPO,Exponent Inc. Common Stock,Consumer Discretionary,Professional Services
EXR,Extra Space Storage Inc Common Stock,Real Estate,Real Estate Investment Trusts
EXTR,Extreme Networks Inc. Common Stock,Telecommunications,Computer Communications Equipment
EXYN,Exyn Technologies Inc. Common Stock,Technology,Computer Software: Prepackaged Software
EXYNW,Exyn Technologies Inc. Warrant,Technology,Computer Software: Prepackaged Software
EYE,National Vision Holdings Inc. Common Stock,Health Care,Ophthalmic Goods
EYPT,EyePoint Inc. Common Stock,Industrials,Biotechnology: Laboratory Analytical Instruments
EZPW,EZCORP Inc. Class A Non Voting Common Stock,Consumer Discretionary,Other Specialty Stores
F,Ford Motor Company Common Stock,Industrials,Auto Manufacturing
FA,First Advantage Corporation Common Stock,Technology,EDP Services
FABC,Fabric.AI Inc. Common Stock,Consumer Discretionary,Telecommunications Equipment
FANG,Diamondback Energy Inc. Common Stock,Energy,Oil & Gas Production
FAST,Fastenal Company Common Stock,Consumer Discretionary,RETAIL: Building Materials
FATE,Fate Therapeutics Inc. Common Stock,Health Care,Biotechnology: Biological Products (No Diagnostic Substances)
FATN,FatPipe Inc. Common Stock,Technology,Computer Software: Prepackaged Software
FBDT,First Breach Inc. Common Stock,Industrials,Ordnance And Accessories
FBIN,Fortune Brands Innovations Inc. Common Stock,Basic Materials,Forest Products
FBIO,Fortress Biotech Inc. Common Stock,Health Care,Biotechnology: Pharmaceutical Preparations
FBIOP,Fortress Biotech Inc. 9.375% Series A Cumulative Redeemable Perpetual Preferred Stock,Health Care,Biotechnology: Pharmaceutical Preparations
FBLG,FibroBiologics Inc. Common Stock,Health Care,Biotechnology: Pharmaceutical Preparations
FBRT,Franklin BSP Realty Trust Inc. Common Stock,Real Estate,Real Estate Investment Trusts
FBYD,Falcon's Beyond Global Inc. Class A Common Stock,Consumer Discretionary,Services-Misc. Amusement & Recreation
FC,Franklin Covey Company Common Stock,Consumer Discretionary,Other Consumer Services
FCEL,FuelCell Energy Inc. Common Stock,Energy,Industrial Machinery/Components
FCFS,FirstCash Holdings Inc. Common Stock,Consumer Discretionary,Other Specialty Stores
FCN,FTI Consulting Inc. Common Stock,Consumer Discretionary,Professional Services
FCPT,Four Corners Property Trust Inc. Common Stock,Real Estate,Real Estate Investment Trusts
FCUV,Focus Universal Inc. Common Stock,Industrials,Industrial Machinery/Components
FCX,Freeport-McMoRan Inc. Common Stock,Basic Materials,Metal Mining
FDMT,4D Molecular Therapeutics Inc. Common Stock,Health Care,Biotechnology: Biological Products (No Diagnostic Substances)
FDS,FactSet Research Systems Inc. Common Stock,Technology,Computer Software: Programming Data Processing
FDX,FedEx Corporation Common Stock,Consumer Discretionary,Air Freight/Delivery Services
FDXF,FedEx Freight Holding Company Inc. Common Stock,Consumer Discretionary,Air Freight/Delivery Services
FE,FirstEnergy Corp. Common Stock,Utilities,Electric Utilities: Central
FEAM,5E Advanced Materials Inc. Common Stock,Industrials,Mining & Quarrying of Nonmetallic Minerals (No Fuels)
FEIM,Frequency Electronics Inc. Common Stock,Industrials,Electrical Products
FELE,Franklin Electric Co. Inc. Common Stock,Consumer Discretionary,Metal Fabrications
FEMY,Femasys Inc. Common Stock,Health Care,Medical/Dental Instruments
FENC,Fennec Pharmaceuticals Inc. Common Stock,Health Care,Biotechnology: Biological Products (No Diagnostic Substances)
FET,Forum Energy Technologies Inc. Common Stock,Consumer Discretionary,Oil and Gas Field Machinery
FF,FutureFuel Corp.  Common shares,Industrials,Major Chemicals
FFAI,Faraday Future Intelligent Electric Inc. Class A Common Stock,Industrials,Auto Manufacturing
FFIV,F5 Inc. Common Stock,Telecommunications,Computer Communications Equipment
FGI,FGI Industries Ltd. Ordinary Shares,Industrials,Industrial Specialties
FHTX,Foghorn Therapeutics Inc. Common Stock,Health Care,Biotechnology: Pharmaceutical Preparations
FICO,Fair Isaac Corporation Common Stock,Consumer Discretionary,Business Services
FIEE,FiEE Inc Common Stock,Utilities,Telecommunications Equipment
FIG,Figma Inc. Class A Common Stock,Technology,Computer Software: Prepackaged Software
FIGS,FIGS Inc. Class A Common Stock,Consumer Discretionary,Apparel
FIP,FTAI Infrastructure Inc. Common Stock ,Industrials,Railroads
FIRY,Firy Inc. Class A Common Stock,Technology,EDP Services
FIS,Fidelity National Information Services Inc. Common Stock,Consumer Discretionary,Business Services
FISN,Deep Fission Inc. Common Stock,Utilities,Electric Utilities: Central
FISV,Fiserv Inc. Common Stock,Consumer Discretionary,Business Services
FIVE,Five Below Inc. Common Stock,Consumer Discretionary,Department/Specialty Retail Stores
FIVN,Five9 Inc. Common Stock,Technology,EDP Services
FIX,Comfort Systems USA Inc. Common Stock,Industrials,Engineering & Construction
FIZZ,National Beverage Corp. Common Stock,Consumer Staples,Beverages (Production/Distribution)
FJET,Starfighters Space Inc. Common Stock,Consumer Discretionary,Air Freight/Delivery Services
FKWL,Franklin Wireless Corp. Common Stock,Utilities,Telecommunications Equipment
FLGT,Fulgent Genetics Inc. Common Stock,Health Care,Medical Specialities
FLL,Full House Resorts Inc. Common Stock,Consumer Discretionary,Hotels/Resorts
FLNA,Filana Therapeutics Inc. Common Stock,Health Care,Biotechnology: Pharmaceutical Preparations
FLNT,Fluent Inc. Common Stock,Consumer Discretionary,Advertising
FLO,Flowers Foods Inc. Common Stock,Consumer Staples,Packaged Foods
FLOC,Flowco Holdings Inc. Class A Common Stock,Consumer Discretionary,Oil and Gas Field Machinery
FLR,Fluor Corporation Common Stock,Industrials,Military/Government/Technical
FLS,Flowserve Corporation Common Stock,Industrials,Fluid Controls
FLWS,1-800-FLOWERS.COM Inc. Common Stock,Consumer Discretionary,Other Specialty Stores
FLXS,Flexsteel Industries Inc. Common Stock,Consumer Discretionary,Home Furnishings
FLY,Firefly Aerospace Inc. Common Stock,Industrials,Military/Government/Technical
FLYE,Fly-E Group Inc. Common Stock,Industrials,Aerospace
FLYW,Flywire Corporation Voting Common Stock,Consumer Discretionary,Business Services
FMC,FMC Corporation Common Stock,Industrials,Major Chemicals
FND,Floor & Decor Holdings Inc. Common Stock,Consumer Discretionary,RETAIL: Building Materials
FNGR,FingerMotion Inc. Common Stock,Technology,Computer Software: Prepackaged Software
FNKO,Funko Inc. Class A Common Stock,Consumer Discretionary,Recreational Games/Products/Toys
FORM,FormFactor Inc. FormFactor Inc. Common Stock,Technology,Semiconductors
FORR,Forrester Research Inc. Common Stock,Industrials,Diversified Commercial Services
FOSL,Fossil Group Inc. Common Stock,Consumer Discretionary,Consumer Specialties
FOUR,Shift4 Payments Inc. Class A Common Stock,Consumer Discretionary,Business Services
FOX,Fox Corporation Class B Common Stock,Industrials,Broadcasting
FOXA,Fox Corporation Class A Common Stock,Industrials,Broadcasting
FOXF,Fox Factory Holding Corp. Common Stock,Consumer Discretionary,Motor Vehicles
FOXX,Foxx Development Holdings Inc. Common Stock,Telecommunications,Computer Communications Equipment
FPI,Farmland Partners Inc. Common Stock,Real Estate,Real Estate Investment Trusts
FPS,Forgent Power Solutions Inc. Class A Common Stock,Energy,Industrial Machinery/Components
FR,First Industrial Realty Trust Inc. Common Stock,Real Estate,Real Estate Investment Trusts
FRD,Friedman Industries Inc. Common Stock,Industrials,Steel/Iron Ore
FRGT,Freight Technologies Inc. Ordinary Shares,Industrials,Integrated Freight & Logistics
FRMI,Fermi Inc. Common Stock,Real Estate,Real Estate Investment Trusts
FRNM,Freenome Inc. Common stock,Health Care,Medical Specialities
FROG,JFrog Ltd. Ordinary Shares,Technology,Computer Software: Prepackaged Software
FRPT,Freshpet Inc. Common Stock,Consumer Staples,Packaged Foods
FRSH,Freshworks Inc. Class A Common Stock,Technology,Computer Software: Prepackaged Software
FRT,Federal Realty Investment Trust Common Stock,Real Estate,Real Estate Investment Trusts
FRVO,Fervo Energy Company Class A common stock,Utilities,Electric Utilities: Central
FSLR,First Solar Inc. Common Stock,Technology,Semiconductors
FSLY,Fastly Inc. Class A Common Stock,Technology,Computer Software: Prepackaged Software
FSP,Franklin Street Properties Corp. Common Stock,Real Estate,Real Estate Investment Trusts
FSS,Federal Signal Corporation Common Stock,Industrials,Auto Manufacturing
FSTR,L.B. Foster Company Common Stock,Industrials,Metal Fabrications
FTAI,FTAI Aviation Ltd. Common Stock,Industrials,Misc Corporate Leasing Services
FTAIM,FTAI Aviation Ltd. 9.500% Fixed-Rate Reset Series D Cumulative Perpetual Redeemable Preferred Shares,Industrials,Misc Corporate Leasing Services
FTCI,FTC Solar Inc. Common Stock,Technology,Semiconductors
FTDR,Frontdoor Inc. Common Stock,Consumer Discretionary,Diversified Commercial Services
FTEK,Fuel Tech Inc. Common Stock,Industrials,Pollution Control Equipment
FTH,Faeth Therapeutics Inc. Common Stock,Health Care,Biotechnology: Pharmaceutical Preparations
FTK,Flotek Industries Inc. Common Stock,Industrials,Major Chemicals
FTLF,FitLife Brands Inc. Common Stock,Health Care, Medicinal Chemicals and Botanical Products 
FTNT,Fortinet Inc. Common Stock,Technology,Computer peripheral equipment
FTRE,Fortrea Holdings Inc. Common Stock,Health Care,Medical Specialities
FTS,Fortis Inc. Common Shares,Utilities,Electric Utilities: Central
FTV,Fortive Corporation Common Stock ,Industrials,Industrial Machinery/Components
FUBO,FuboTV Inc. Class A Common Stock,Consumer Discretionary,Movies/Entertainment
FUL,H. B. Fuller Company Common Stock,Industrials,Home Furnishings
FULC,Fulcrum Therapeutics Inc. Common Stock,Health Care,Biotechnology: Pharmaceutical Preparations
FUN,Six Flags Entertainment Corporation Common Stock New,Consumer Discretionary,Services-Misc. Amusement & Recreation
FUSE,Fusemachines Inc. Common stock,Technology,EDP Services
FUSEW,Fusemachines Inc. Warrants,Technology,EDP Services
FVR,FrontView REIT Inc. Common Stock,Real Estate,Real Estate Investment Trusts
FWONA,Liberty Media Corporation Series A Common Stock,Industrials,Broadcasting
FWONK,Liberty Media Corporation Series C Common Stock,Industrials,Broadcasting
FWRD,Forward Air Corporation Common Stock,Industrials,Integrated Freight & Logistics
FWRG,First Watch Restaurant Group Inc. Common Stock,Consumer Discretionary,Restaurants
GAIA,Gaia Inc. Class A Common Stock,Consumer Discretionary,Movies/Entertainment
GALT,Galectin Therapeutics Inc. Common Stock,Health Care,Biotechnology: Pharmaceutical Preparations
GAME,GameSquare Holdings Inc. Common Stock,Consumer Discretionary,Services-Misc. Amusement & Recreation
GANX,Gain Therapeutics Inc. Common Stock,Health Care,Biotechnology: Pharmaceutical Preparations
GAP,Gap Inc. (The) Common Stock,Consumer Discretionary,Clothing/Shoe/Accessory Stores
GATX,GATX Corporation Common Stock,Consumer Discretionary,Transportation Services
GBR,New Concept Energy Inc Common Stock,Energy,Oil & Gas Production
GBTG,Global Business Travel Group Inc. Class A Common Stock,Consumer Discretionary,Transportation Services
GBX,Greenbrier Companies Inc. (The) Common Stock,Industrials,Railroads
GCO,Genesco Inc. Common Stock,Consumer Discretionary,Clothing/Shoe/Accessory Stores
GCT,GigaCloud Technology Inc Class A Ordinary Shares,Consumer Discretionary,Catalog/Specialty Distribution
GCTK,GlucoTrack Inc. Common Stock,Health Care,Medical/Dental Instruments
GCTS,GCT Semiconductor Holding Inc. Common Stock,Technology,Semiconductors
GD,General Dynamics Corporation Common Stock,Industrials,Marine Transportation
GDC,GD Culture Group Limited Common Stock,Industrials,Steel/Iron Ore
GDDY,GoDaddy Inc. Class A Common Stock,Technology,EDP Services
GDRX,GoodRx Holdings Inc. Class A Common Stock,Technology,EDP Services
GDYN,Grid Dynamics Holdings Inc. Class A Common Stock,Technology,Computer Software: Prepackaged Software
GE,GE Aerospace Common Stock,Technology,Consumer Electronics/Appliances
GEG,Great Elm Group Inc. Common Stock,Technology,Computer Software: Prepackaged Software
GEGGL,Great Elm Group Inc.  7.25% Notes due 2027,Technology,Computer Software: Prepackaged Software
GEHC,GE HealthCare Technologies Inc. Common Stock ,Health Care,Medical Electronics
GEL,Genesis Energy L.P. Common Units,Energy,Oil Refining/Marketing
GEN,Gen Digital Inc. Common Stock,Technology,Computer Software: Prepackaged Software
GENB,Generate Biomedicines Inc. Common Stock,Health Care,Biotechnology: Pharmaceutical Preparations
GENC,Gencor Industries Inc. Common Stock,Industrials,Construction/Ag Equipment/Trucks
GENK,GEN Restaurant Group Inc. Class A Common Stock,Consumer Discretionary,Restaurants
GENVR,Gen Digital Inc. Contingent Value Rights,Technology,Computer Software: Prepackaged Software
GEO,Geo Group Inc (The) REIT,Consumer Discretionary,Homebuilding
GEOS,Geospace Technologies Corporation Common Stock (Texas),Industrials,Industrial Machinery/Components
GERN,Geron Corporation Common Stock,Health Care,Biotechnology: Pharmaceutical Preparations
GETY,Getty Images Holdings Inc. Class A Common Stock,Consumer Discretionary,Business Services
GEV,GE Vernova Inc. Common Stock,Technology,Consumer Electronics/Appliances
GEVO,Gevo Inc. Common Stock,Industrials,Major Chemicals
GFF,Griffon Corporation Common Stock,Industrials,Building Products
GFS,GlobalFoundries Inc. Ordinary Shares,Technology,Semiconductors
GFUZ,General Fusion Group Ltd. Common Shares,Utilities,Electric Utilities: Central
GFUZW,General Fusion Group Ltd. Warrant,Utilities,Electric Utilities: Central
GGG,Graco Inc. Common Stock,Industrials,Fluid Controls
GH,Guardant Health Inc. Common Stock,Health Care,Medical Specialities
GHC,Graham Holdings Company Common Stock,Real Estate,Other Consumer Services
GHM,Graham Corporation Common Stock,Industrials,Industrial Machinery/Components
GIC,Global Industrial Company Common Stock,Industrials,Industrial Machinery/Components
GIFT,Giftify Inc. Common Stock,Consumer Discretionary,Catalog/Specialty Distribution
GIII,G-III Apparel Group LTD. Common Stock,Consumer Discretionary,Apparel
GILD,Gilead Sciences Inc. Common Stock,Health Care,Biotechnology: Biological Products (No Diagnostic Substances)
GIPR,Generation Income Properties Inc. Common Stock,Real Estate,Real Estate Investment Trusts
GIS,General Mills Inc. Common Stock,Consumer Staples,Packaged Foods
GKOS,Glaukos Corporation Common Stock,Health Care,Medical/Dental Instruments
GLAD,Gladstone Capital Corporation Common Stock,Consumer Discretionary,Textiles
GLIBA,Liberty Capital Corporation Series A GCI Group Common Stock,Telecommunications,Cable & Other Pay Television Services
GLIBK,Liberty Capital Corporation Series C GCI Group Common Stock,Telecommunications,Cable & Other Pay Television Services
GLND,Greenland Energy Company Common Stock,Energy,Oil & Gas Production
GLNDW,Greenland Energy Company Warrant,Energy,Oil & Gas Production
GLOB,Globant S.A. Common Shares,Technology,EDP Services
GLOO,Gloo Holdings Inc. Class A Common Stock,Technology,EDP Services
GLP,Global Partners LP Common Units representing Limited Partner Interests,Energy,Oil Refining/Marketing
GLPI,Gaming and Leisure Properties Inc. Common Stock,Real Estate,Real Estate Investment Trusts
GLSI,Greenwich LifeSciences Inc. Common Stock,Health Care,Biotechnology: Pharmaceutical Preparations
GLUE,Monte Rosa Therapeutics Inc. Common Stock,Health Care,Biotechnology: Biological Products (No Diagnostic Substances)
GLW,Corning Incorporated Common Stock,Industrials,Telecommunications Equipment
GM,General Motors Company Common Stock,Industrials,Auto Manufacturing
GME,GameStop Corporation Common Stock,Consumer Discretionary,Electronics Distribution
GMED,Globus Medical Inc. Class A Common Stock,Health Care,Medical/Dental Instruments
GNE,Genie Energy Ltd. Class B Common Stock Stock,Utilities,Power Generation
GNK,Genco Shipping & Trading Limited Ordinary Shares New (Marshall Islands),Consumer Discretionary,Marine Transportation
GNL,Global Net Lease Inc. Common Stock,Real Estate,Real Estate Investment Trusts
GNLN,Greenlane Holdings Inc. Class A Common Stock,Consumer Discretionary,Durable Goods
GNLX,Genelux Corporation Common Stock,Health Care,Biotechnology: Pharmaceutical Preparations
GNPX,Genprex Inc. Common Stock,Health Care,Biotechnology: Pharmaceutical Preparations
GNRC,Generac Holdlings Inc. Common Stock,Consumer Discretionary,Metal Fabrications
GNSS,Genasys Inc. Common Stock,Consumer Staples,Consumer Electronics/Appliances
GNTX,Gentex Corporation Common Stock,Consumer Discretionary,Auto Parts:O.E.M.
GO,Grocery Outlet Holding Corp. Common Stock,Consumer Staples,Food Chains
GOAI,Eva Live Inc. Common Stock,Technology,Computer Software: Programming Data Processing
GOGO,Gogo Inc. Common Stock,Consumer Discretionary,Telecommunications Equipment
GOLD,Gold.com Inc. Common Stock,Industrials,Other Specialty Stores
GOLF,Acushnet Holdings Corp. Common Stock,Consumer Discretionary,Recreational Games/Products/Toys
GOOD,Gladstone Commercial Corporation Real Estate Investment Trust,Real Estate,Real Estate
GOODN,Gladstone Commercial Corporation 6.625% Series E Cumulative Redeemable Preferred Stock,Real Estate,Real Estate
GOODO,Gladstone Commercial Corporation 6.00% Series G Cumulative Redeemable Preferred Stock par value $0.001 per share,Real Estate,Real Estate
GOOG,Alphabet Inc. Class C Capital Stock,Technology,Computer Software: Programming Data Processing
GOOGL,Alphabet Inc. Class A Common Stock,Technology,Computer Software: Programming Data Processing
GOOGM,Alphabet Inc. Depositary Shares representing a 1/20th Interest in a Share of Series A Mandatory Convertible Preferred Stock,Technology,Computer Software: Programming Data Processing
GOOGN,Alphabet Inc. Depositary Shares representing a 1/20th Interest in a Share of Series B Mandatory Convertible Preferred Stock,Technology,Computer Software: Programming Data Processing
GOSS,Gossamer Bio Inc. Common Stock,Health Care,Biotechnology: Pharmaceutical Preparations
GOVX,GeoVax Labs Inc. Common Stock,Health Care,Biotechnology: Pharmaceutical Preparations
GPACW,General Purpose Acquisition Corp. Warrant,Industrials,Major Chemicals
GPC,Genuine Parts Company Common Stock,Consumer Discretionary,Automotive Aftermarket
GPCR,Structure Therapeutics Inc. American Depositary Shares,Health Care,Biotechnology: Pharmaceutical Preparations
GPI,Group 1 Automotive Inc. Common Stock,Consumer Discretionary,Retail-Auto Dealers and Gas Stations
GPJA,Georgia Power Company Series 2017A 5.00% Junior Subordinated Notes due October 1 2077,Utilities,Electric Utilities: Central
GPK,Graphic Packaging Holding Company,Consumer Discretionary,Containers/Packaging
GPMT,Granite Point Mortgage Trust Inc. Common Stock,Real Estate,Real Estate Investment Trusts
GPN,Global Payments Inc. Common Stock,Consumer Discretionary,Business Services
GPOR,Gulfport Energy Corporation Common Shares,Energy,Oil & Gas Production
GPRE,Green Plains Inc. Common Stock,Industrials,Major Chemicals
GPRO,GoPro Inc. Class A Common Stock,Consumer Discretionary,Industrial Machinery/Components
GPUS,Hyperscale Data Inc. Common Stock,Technology,Industrial Machinery/Components
GRAL,GRAIL Inc. Common Stock ,Health Care,Medical Specialities
GRBK,Green Brick Partners Inc. Common Stock,Consumer Discretionary,Homebuilding
GRC,Gorman-Rupp Company (The) Common Stock,Industrials,Fluid Controls
GRDN,Guardian Pharmacy Services Inc. Class A Common Stock,Consumer Staples,Retail-Drug Stores and Proprietary Stores
GRDX,GridAI Technologies Corp. Common Stock,Health Care,Biotechnology: Pharmaceutical Preparations
GRI,GRI Bio Inc. Common Stock,Health Care,Biotechnology: Pharmaceutical Preparations
GRML,Greenland Mines Ltd. Common Stock,Health Care,Biotechnology: Biological Products (No Diagnostic Substances)
GRMLW,Greenland Mines Ltd Warrant,Health Care,Biotechnology: Biological Products (No Diagnostic Substances)
GRNT,Granite Ridge Resources Inc. Common Stock,Energy,Oil & Gas Production
GRPN,Groupon Inc. Common Stock,Consumer Discretionary,Advertising
GRWG,GrowGeneration Corp. Common Stock,Consumer Discretionary,RETAIL: Building Materials
GSAT,Globalstar Inc. Common Stock,Consumer Discretionary,Telecommunications Equipment
GSIT,GSI Technology Common Stock,Technology,Semiconductors
GT,The Goodyear Tire & Rubber Company Common Stock,Consumer Discretionary,Automotive Aftermarket
GTBP,GT Biopharma Inc. Common Stock,Health Care,Biotechnology: Pharmaceutical Preparations
GTIM,Good Times Restaurants Inc. Common Stock,Consumer Discretionary,Restaurants
GTLB,GitLab Inc. Class A Common Stock,Technology,Computer Software: Prepackaged Software
GTM,ZoomInfo Technologies Inc Common Stock,Technology,Computer Software: Prepackaged Software
GTN,Gray Media Inc. Common Stock,Industrials,Broadcasting
GUTS,Fractyl Health Inc. Common Stock,Health Care,Medical/Dental Instruments
GVA,Granite Construction Incorporated Common Stock,Industrials,Military/Government/Technical
GWAV,Greenwave Technology Solutions Inc. Common Stock,Industrials,Metal Fabrications
GWRE,Guidewire Software Inc. Common Stock,Technology,Computer Software: Prepackaged Software
GWRS,Global Water Resources Inc. Common Stock,Utilities,Water Supply
GWW,W.W. Grainger Inc. Common Stock,Industrials,Office Equipment/Supplies/Services
GXAI,Gaxos.ai Inc. Common Stock,Technology,Computer Software: Prepackaged Software
GXO,GXO Logistics Inc. Common Stock ,Consumer Discretionary,Transportation Services
GYGY,Game Your Game Inc. Common Stock,Technology,Computer Software: Prepackaged Software
GYRE,Gyre Therapeutics Inc. Common Stock,Health Care,Biotechnology: Pharmaceutical Preparations
GYRO,Gyrodyne LLC Common Stock,Real Estate,Building operators
H,Hyatt Hotels Corporation Class A Common Stock,Consumer Discretionary,Hotels/Resorts
HAE,Haemonetics Corporation Common Stock,Health Care,Medical/Dental Instruments
HAIN,Hain Celestial Group Inc. (The) Common Stock,Consumer Staples,Packaged Foods
HAL,Halliburton Company Common Stock,Energy,Oilfield Services/Equipment
HALO,Halozyme Therapeutics Inc. Common Stock,Health Care,Biotechnology: Biological Products (No Diagnostic Substances)
HAS,Hasbro Inc. Common Stock,Consumer Discretionary,Recreational Games/Products/Toys
HAWK,HawkEye 360 Inc. Common Stock,Technology,EDP Services
HAYW,Hayward Holdings Inc. Common Stock,Industrials,Industrial Machinery/Components
HBB,Hamilton Beach Brands Holding Company Class A Common Stock ,Consumer Discretionary,Home Furnishings
HBIO,Harvard Bioscience Inc. Common Stock,Industrials,Biotechnology: Laboratory Analytical Instruments
HCA,HCA Healthcare Inc. Common Stock,Health Care,Hospital/Nursing Management
HCAT,Health Catalyst Inc Common Stock,Technology,Computer Software: Programming Data Processing
HCC,Warrior Met Coal Inc. Common Stock,Energy,Coal Mining
HCKT,Hackett Group Inc (The). Common Stock,Consumer Discretionary,Professional Services
HCMA,HCM III Acquisition Corp. Class A Ordinary Share,Consumer Discretionary,Hotels/Resorts
HCSG,Healthcare Services Group Inc. Common Stock,Health Care,Hospital/Nursing Management
HCTI,Healthcare Triangle Inc. Common Stock,Technology,EDP Services
HCWB,HCW Biologics Inc. Common Stock,Health Care,Biotechnology: Pharmaceutical Preparations
HD,Home Depot Inc. (The) Common Stock,Consumer Discretionary,RETAIL: Building Materials
HDRN,Hadron Energy Inc. Common Stock  ,Utilities,Electric Utilities: Central
HDRNW,Hadron Energy Inc. Warrant,Utilities,Electric Utilities: Central
HDSN,Hudson Technologies Inc. Common Stock,Consumer Discretionary,Industrial Specialties
HE,Hawaiian Electric Industries Inc. Common Stock,Utilities,Electric Utilities: Central
HEI,Heico Corporation Common Stock,Industrials,Aerospace
HESM,Hess Midstream LP Class A Representing Limited Partner Interests,Energy,Oil & Gas Production
HFFG,HF Foods Group Inc. Common Stock,Consumer Discretionary,Food Distributors
HGBL,Heritage Global Inc. Common Stock,Consumer Discretionary,Business Services
HGV,Hilton Grand Vacations Inc. Common Stock ,Consumer Discretionary,Hotels/Resorts
HHH,Howard Hughes Holdings Inc. Common Stock,Real Estate,Real Estate Investment Trusts
HHS,Harte Hanks Inc. Common Stock,Consumer Discretionary,Advertising
HII,Huntington Ingalls Industries Inc. Common Stock,Industrials,Marine Transportation
HIMS,Hims & Hers Health Inc. Class A Common Stock,Health Care,Medical/Nursing Services
HIND,Vyome Holdings Inc. Common Stock,Health Care,Biotechnology: Pharmaceutical Preparations
HIW,Highwoods Properties Inc. Common Stock,Real Estate,Real Estate Investment Trusts
HL,Hecla Mining Company Common Stock,Industrials,Mining & Quarrying of Nonmetallic Minerals (No Fuels)
HLIO,Helios Technologies Inc. Common Stock,Industrials,Metal Fabrications
HLIT,Harmonic Inc. Common Stock,Technology,Radio And Television Broadcasting And Communications Equipment
HLLY,Holley Inc. Common Stock,Consumer Discretionary,Auto Parts:O.E.M.
HLMN,Hillman Solutions Corp. Common Stock,Consumer Discretionary,Industrial Machinery/Components
HLT,Hilton Worldwide Holdings Inc. Common Stock ,Consumer Discretionary,Hotels/Resorts
HMH,HMH Holding Inc. Class A Common Stock,Consumer Discretionary,Oil and Gas Field Machinery
HNGE,Hinge Health Inc. Class A Common Stock,Technology,EDP Services
HNI,HNI Corporation Common Stock,Consumer Discretionary,Office Equipment/Supplies/Services
HNRG,Hallador Energy Company Common Stock,Utilities,Electric Utilities: Central
HNST,The Honest Company Inc. Common Stock,Consumer Discretionary,Catalog/Specialty Distribution
HOFT,Hooker Furnishings Corporation Common Stock,Consumer Discretionary,Home Furnishings
HOG,Harley-Davidson Inc. Common Stock,Consumer Discretionary,Motor Vehicles
HOLO,MicroCloud Hologram Inc. Ordinary Shares,Technology,Computer Software: Programming Data Processing
HOLOW,MicroCloud Hologram Inc. Warrant,Technology,Computer Software: Programming Data Processing
HON,Honeywell International Inc. Common Stock,Industrials,Aerospace
HONA,Honeywell Aerospace Inc. Common Stock ,Industrials,Aerospace
HOS,Hornbeck Offshore Services Inc. Common Stock,Energy,Oilfield Services/Equipment
HOUR,Hour Loop Inc. Common Stock,Consumer Discretionary,Catalog/Specialty Distribution
HOV,Hovnanian Enterprises Inc. Class A Common Stock,Consumer Discretionary,Homebuilding
HOVNP,Hovnanian Enterprises Inc Dep Shr Srs A Pfd,Consumer Discretionary,Homebuilding
HOVR,New Horizon Aircraft Ltd. Class A Ordinary Share,Industrials,Aerospace
HOVRW,New Horizon Aircraft Ltd. Warrant,Industrials,Aerospace
HOWL,Werewolf Therapeutics Inc. Common Stock,Health Care,Biotechnology: Pharmaceutical Preparations
HP,Helmerich & Payne Inc. Common Stock,Energy,Oil & Gas Production
HPE,Hewlett Packard Enterprise Company Common Stock,Technology,Retail: Computer Software & Peripheral Equipment
HPK,HighPeak Energy Inc. Common Stock,Energy,Oil & Gas Production
HPQ,HP Inc. Common Stock,Technology,Computer Manufacturing
HQI,HireQuest Inc. Common Stock (DE),Consumer Discretionary,Professional Services
HQY,HealthEquity Inc. Common Stock,Consumer Discretionary,Business Services
HR,Healthcare Realty Trust Incorporated Common Stock,Real Estate,Real Estate Investment Trusts
HRB,H&R Block Inc. Common Stock,Consumer Discretionary,Other Consumer Services
HRI,Herc Holdings Inc. Common Stock ,Industrials,Misc Corporate Leasing Services
HRL,Hormel Foods Corporation Common Stock,Consumer Staples,Meat/Poultry/Fish
HRMY,Harmony Biosciences Holdings Inc. Common Stock,Health Care,Biotechnology: Pharmaceutical Preparations
HROW,Harrow Inc. Common Stock,Health Care,Biotechnology: Pharmaceutical Preparations
HRTX,Heron Therapeutics Inc. Common Stock,Health Care,Biotechnology: Pharmaceutical Preparations
HSCS,HeartSciences Inc. Common Stock,Health Care,Industrial Specialties
HSCSW,HeartSciences Inc. Warrant,Health Care,Industrial Specialties
HSDT,Solana Company Class A Common Stock (DE),Health Care,Biotechnology: Electromedical & Electrotherapeutic Apparatus
HSIC,Henry Schein Inc. Common Stock,Health Care,Medical Specialities
HST,Host Hotels & Resorts Inc. Common Stock,Real Estate,Real Estate Investment Trusts
HSTM,HealthStream Inc. Common Stock,Technology,Computer Software: Programming Data Processing
HSY,The Hershey Company Common Stock,Consumer Staples,Specialty Foods
HTFL,Heartflow Inc. Common Stock,Health Care,Medical/Dental Instruments
HTLD,Heartland Express Inc. Common Stock,Industrials,Trucking Freight/Courier Services
HTO,H2O America Common Stock,Utilities,Water Supply
HTZ,Hertz Global Holdings Inc Common Stock,Consumer Discretionary,Rental/Leasing Companies
HTZWW,Hertz Global Holdings Inc Warrant,Consumer Discretionary,Rental/Leasing Companies
HUBB,Hubbell Inc Common Stock,Technology,Electrical Products
HUBG,Hub Group Inc. Class A Common Stock,Industrials,Integrated Freight & Logistics
HUBS,HubSpot Inc. Common Stock,Technology,Computer Software: Prepackaged Software
HUCK,Huckleberry.ai Inc. Class B Common Stock,Technology,Computer Software: Prepackaged Software
HUM,Humana Inc. Common Stock,Health Care,Medical Specialities
HUMA,Humacyte Inc. Common Stock,Health Care,Biotechnology: Biological Products (No Diagnostic Substances)
HUN,Huntsman Corporation Common Stock,Industrials,Major Chemicals
HURA,TuHURA Biosciences Inc. Common Stock,Health Care,Biotechnology: Pharmaceutical Preparations
HURC,Hurco Companies Inc. Common Stock,Industrials,Industrial Machinery/Components
HURN,Huron Consulting Group Inc. Common Stock,Consumer Discretionary,Professional Services
HUYA,HUYA Inc. American depositary shares each  representing one Class A ordinary share,Technology,Computer Software: Programming Data Processing
HVT,Haverty Furniture Companies Inc. Common Stock,Consumer Discretionary,Other Specialty Stores
HWKN,Hawkins Inc. Common Stock,Consumer Discretionary,Specialty Chemicals
HWM,Howmet Aerospace Inc. Common Stock,Industrials,Metal Fabrications
HXL,Hexcel Corporation Common Stock,Industrials,Major Chemicals
HY,Hyster-Yale Inc. Class A common stock,Industrials,Construction/Ag Equipment/Trucks
HYFM,Hydrofarm Holdings Group Inc. Common Stock,Consumer Discretionary,Consumer Specialties
HYLN,Hyliion Holdings Corp. Class A Common Stock,Consumer Discretionary,Construction/Ag Equipment/Trucks
HYMC,Hycroft Mining Holding Corporation Class A Common Stock,Basic Materials,Precious Metals
HYPD,Hyperion DeFi Inc. Common Stock,Health Care,Biotechnology: Pharmaceutical Preparations
HYPR,Hyperfine Inc. Class A Common Stock,Health Care,Biotechnology: Electromedical & Electrotherapeutic Apparatus
HZO,MarineMax Inc.  (FL) Common Stock,Consumer Discretionary,Auto & Home Supply Stores
IA,Innovative Solutions and Support Inc. Common Stock,Technology,EDP Services
IART,Integra LifeSciences Holdings Corporation Common Stock,Health Care,Medical/Dental Instruments
IBIO,iBio Inc. Common Stock,Health Care,Biotechnology: Pharmaceutical Preparations
IBM,International Business Machines Corporation Common Stock,Technology,Computer Manufacturing
IBP,Installed Building Products Inc. Common Stock,Consumer Discretionary,Homebuilding
IBRX,ImmunityBio Inc. Common Stock,Health Care,Biotechnology: Biological Products (No Diagnostic Substances)
IBTA,Ibotta Inc. Class A Common Stock,Consumer Discretionary,Advertising
ICCC,ImmuCell Corporation Common Stock,Health Care,Biotechnology: In Vitro & In Vivo Diagnostic Substances
ICFI,ICF International Inc. Common Stock,Consumer Discretionary,Professional Services
ICHR,Ichor Holdings Ordinary Shares,Technology,Semiconductors
ICU,SeaStar Medical Holding Corporation Common Stock,Health Care,Medical/Dental Instruments
ICUCW,SeaStar Medical Holding Corporation Warrant,Health Care,Medical/Dental Instruments
ICUI,ICU Medical Inc. Common Stock,Health Care,Medical/Dental Instruments
IDA,IDACORP Inc. Common Stock,Utilities,Electric Utilities: Central
IDAI,T Stamp Inc. Class A Common Stock,Technology,Computer Software: Prepackaged Software
IDN,Intellicheck Inc. Common Stock,Technology,Computer Software: Prepackaged Software
IDR,Idaho Strategic Resources Inc. Common Stock,Basic Materials,Precious Metals
IDT,IDT Corporation Class B Common Stock,Telecommunications,Telecommunications Equipment
IDXX,IDEXX Laboratories Inc. Common Stock,Health Care,Biotechnology: In Vitro & In Vivo Diagnostic Substances
IDYA,IDEAYA Biosciences Inc. Common Stock,Health Care,Biotechnology: Pharmaceutical Preparations
IEP,Icahn Enterprises L.P. Common Stock,Energy,Integrated oil Companies
IESC,IES Holdings Inc. Common Stock,Industrials,Engineering & Construction
IEX,IDEX Corporation Common Stock,Industrials,Fluid Controls
IFF,International Flavors & Fragrances Inc. Common Stock,Industrials,Major Chemicals
IGC,IGC Pharma Inc. Common Stock,Health Care,Biotechnology: Pharmaceutical Preparations
IH,iHuman Inc. American depositary shares each representing five Class A ordinary shares,Real Estate,Other Consumer Services
IHRT,iHeartMedia Inc. Class A Common Stock,Consumer Discretionary,Broadcasting
IHT,InnSuites Hospitality Trust Shares of Beneficial Interest,Real Estate,Real Estate Investment Trusts
III,Information Services Group Inc. Common Stock,Consumer Discretionary,Professional Services
IIIN,Insteel Industries Inc. Common Stock,Industrials,Steel/Iron Ore
IIIV,i3 Verticals Inc. Class A Common Stock,Technology,Computer Software: Prepackaged Software
IKT,Inhibikase Therapeutics Inc. Common Stock,Health Care,Biotechnology: Biological Products (No Diagnostic Substances)
ILMN,Illumina Inc. Common Stock,Health Care,Medical Specialities
ILPT,Industrial Logistics Properties Trust Common Shares of Beneficial Interest,Real Estate,Real Estate Investment Trusts
IMA,ImageneBio Inc. Common Stock,Health Care,Biotechnology: Biological Products (No Diagnostic Substances)
IMDX,Insight Molecular Diagnostics Inc. Common Stock,Health Care,Biotechnology: In Vitro & In Vivo Diagnostic Substances
IMKTA,Ingles Markets Incorporated Class A Common Stock,Consumer Staples,Food Chains
IMMR,Immersion Corporation Common Stock,Technology,Computer peripheral equipment
IMMX,Immix Biopharma Inc. Common Stock,Health Care,Biotechnology: Pharmaceutical Preparations
IMNM,Immunome Inc. Common Stock,Health Care,Biotechnology: Pharmaceutical Preparations
IMNN,Imunon Inc. Common Stock,Health Care,Biotechnology: Pharmaceutical Preparations
IMRX,Immuneering Corporation Class A Common Stock,Health Care,Biotechnology: Pharmaceutical Preparations
IMSR,Terrestrial Energy Inc. Common Stock  ,Industrials,Metal Fabrications
IMSRW,Terrestrial Energy Inc. Warrant,Industrials,Metal Fabrications
IMUX,Immunic Inc. Common Stock,Health Care,Biotechnology: Pharmaceutical Preparations
IMVT,Immunovant Inc. Common Stock,Health Care,Biotechnology: Biological Products (No Diagnostic Substances)
IMXI,International Money Express Inc. Common Stock,Consumer Discretionary,Business Services
INAB,IN8bio Inc. Common Stock,Health Care,Biotechnology: Biological Products (No Diagnostic Substances)
INBS,Intelligent Bio Solutions Inc. Common Stock,Health Care,Medical/Dental Instruments
INBX,Inhibrx Biosciences Inc. Common Stock,Health Care,Biotechnology: Biological Products (No Diagnostic Substances)
INCY,Incyte Corp. Common Stock,Health Care,Biotechnology: Commercial Physical & Biological Resarch
INDI,indie Semiconductor Inc. Class A Common Stock,Technology,Semiconductors
INDP,Indaptus Therapeutics Inc. Common Stock,Health Care,Biotechnology: Pharmaceutical Preparations
INFU,InfuSystems Holdings Inc. Common Stock,Health Care,Medical/Dental Instruments
INGM,Ingram Micro Holding Corporation Common Stock,Technology,Retail: Computer Software & Peripheral Equipment
INGN,Inogen Inc Common Stock,Health Care,Industrial Specialties
INGR,Ingredion Incorporated Common Stock,Consumer Staples,Packaged Foods
INHD,Inno Holdings Inc. Common Stock,Industrials,Steel/Iron Ore
INKT,MiNK Therapeutics Inc. Common Stock,Health Care,Biotechnology: Biological Products (No Diagnostic Substances)
INMB,INmune Bio Inc. Common stock,Health Care,Biotechnology: Biological Products (No Diagnostic Substances)
INN,Summit Hotel Properties Inc. Common Stock,Real Estate,Real Estate Investment Trusts
INNV,InnovAge Holding Corp. Common Stock,Health Care,Medical/Nursing Services
INO,Inovio Pharmaceuticals Inc. Common Stock,Health Care,Biotechnology: Pharmaceutical Preparations
INOD,Innodata Inc. Common Stock,Technology,EDP Services
INR,Infinity Natural Resources Inc. Class A Common Stock,Energy,Oil & Gas Production
INSE,Inspired Entertainment Inc. Common Stock,Technology,Computer Software: Prepackaged Software
INSG,Inseego Corp. Common Stock,Telecommunications,Telecommunications Equipment
INSM,Insmed Incorporated Common Stock,Health Care,Biotechnology: Pharmaceutical Preparations
INSP,Inspire Medical Systems Inc. Common Stock,Health Care,Medical/Dental Instruments
INSW,International Seaways Inc. Common Stock ,Consumer Discretionary,Marine Transportation
INTA,Intapp Inc. Common Stock,Technology,Computer Software: Prepackaged Software
INTC,Intel Corporation Common Stock,Technology,Semiconductors
INTG,Intergroup Corporation (The) Common Stock,Real Estate,Building operators
INTS,Intensity Therapeutics Inc. Common stock,Health Care,Biotechnology: Biological Products (No Diagnostic Substances)
INTT,inTest Corporation Common Stock,Industrials,Electrical Products
INTU,Intuit Inc. Common Stock,Technology,Computer Software: Prepackaged Software
INTZ,Intrusion Inc. Common Stock,Telecommunications,Computer Communications Equipment
INUV,Inuvo Inc.,Consumer Discretionary,Advertising
INVA,Innoviva Inc. Common Stock,Health Care,Biotechnology: Pharmaceutical Preparations
INVE,INVE Technologies Inc. Common Stock,Technology,Computer peripheral equipment
INVX,Innovex International Inc. Common Stock,Consumer Discretionary,Oil and Gas Field Machinery
IONQ,IonQ Inc. Common Stock,Technology,EDP Services
IONS,Ionis Pharmaceuticals Inc. Common Stock,Health Care,Biotechnology: Pharmaceutical Preparations
IOR,Income Opportunity Realty Investors Inc. Common Stock,Real Estate,Real Estate Investment Trusts
IOSP,Innospec Inc. Common Stock,Industrials,Major Chemicals
IOT,Samsara Inc. Class A Common Stock,Technology,EDP Services
IOVA,Iovance Biotherapeutics Inc. Common Stock,Health Care,Biotechnology: Biological Products (No Diagnostic Substances)
IP,International Paper Company Common Stock,Basic Materials,Paper
IPAR,Interparfums Inc. Common Stock,Consumer Discretionary,Package Goods/Cosmetics
IPDN,Professional Diversity Network Inc. Common Stock,Technology,Computer Software: Programming Data Processing
IPEX,Inflection Point Acquisition Corp. V Class A Ordinary Shares,Health Care,Biotechnology: Pharmaceutical Preparations
IPGP,IPG Photonics Corporation Common Stock,Technology,Semiconductors
IPI,Intrepid Potash Inc Common Stock,Industrials,Mining & Quarrying of Nonmetallic Minerals (No Fuels)
IPM,Intelligent Protection Management Corp. Common Stock ,Technology,Computer Software: Programming Data Processing
IPSC,Century Therapeutics Inc. Common Stock,Health Care,Biotechnology: Biological Products (No Diagnostic Substances)
IPST,IP Strategy Holdings Inc. Common Stock,Consumer Staples,Beverages (Production/Distribution)
IPW,iPower Inc. Common Stock,Consumer Discretionary,RETAIL: Building Materials
IPWR,Ideal Power Inc. Common Stock,Technology,Semiconductors
IPX,IperionX Limited American Depositary Share,Basic Materials,Other Metals and Minerals
IQST,iQSTEL Inc. Common Stock,Telecommunications,Telecommunications Equipment
IQV,IQVIA Holdings Inc. Common Stock,Health Care,Biotechnology: Commercial Physical & Biological Resarch
IR,Ingersoll Rand Inc. Common Stock,Industrials,Industrial Machinery/Components
IRD,Opus Genetics Inc. Common Stock,Health Care,Biotechnology: Pharmaceutical Preparations
IRDM,Iridium Communications Inc Common Stock,Consumer Discretionary,Telecommunications Equipment
IRIX,IRIDEX Corporation Common Stock,Health Care,Biotechnology: Electromedical & Electrotherapeutic Apparatus
IRM,Iron Mountain Incorporated (Delaware)Common Stock REIT,Real Estate,Real Estate Investment Trusts
IRMD,iRadimed Corporation Common Stock,Health Care,Medical/Dental Instruments
IRON,Disc Medicine Inc. Common Stock,Health Care,Biotechnology: Pharmaceutical Preparations
IRT,Independence Realty Trust Inc. Common Stock,Real Estate,Real Estate Investment Trusts
IRTC,iRhythm Holdings Inc. Common Stock,Health Care,Medical/Dental Instruments
IRWD,Ironwood Pharmaceuticals Inc. Class A Common Stock,Health Care,Biotechnology: Pharmaceutical Preparations
ISPC,iSpecimen Inc. Common Stock,Health Care,Biotechnology: Commercial Physical & Biological Resarch
ISPR,Ispire Technology Inc. Common Stock,Health Care, Medicinal Chemicals and Botanical Products 
ISRG,Intuitive Surgical Inc. Common Stock,Health Care,Industrial Specialties
IT,Gartner Inc. Common Stock,Consumer Discretionary,Other Consumer Services
ITG,ITG Inc. Class A Common Stock,Industrials,Water Sewer Pipeline Comm & Power Line Construction
ITGR,Integer Holdings Corporation Common Stock,Health Care,Biotechnology: Electromedical & Electrotherapeutic Apparatus
ITRI,Itron Inc. Common Stock,Industrials,Electrical Products
ITT,ITT Inc. Common Stock ,Industrials,Fluid Controls
ITW,Illinois Tool Works Inc. Common Stock,Industrials,Industrial Machinery/Components
IVDA,Iveda Solutions Inc. Common Stock,Technology,Computer Software: Prepackaged Software
IVDAW,Iveda Solutions Inc. Warrant,Technology,Computer Software: Prepackaged Software
IVF,INVO Fertility Inc. Common Stock,Health Care,Medical/Dental Instruments
IVR,INVESCO MORTGAGE CAPITAL INC Common Stock,Real Estate,Real Estate Investment Trusts
IVT,InvenTrust Properties Corp. Common Stock,Real Estate,Real Estate Investment Trusts
IVVD,Invivyd Inc. Common Stock,Health Care,Biotechnology: Biological Products (No Diagnostic Substances)
IZEA,IZEA Worldwide Inc. Common Stock,Consumer Discretionary,Advertising
J,Jacobs Solutions Inc. Common Stock,Industrials,Military/Government/Technical
JACK,Jack In The Box Inc. Common Stock,Consumer Discretionary,Restaurants
JAGX,Jaguar Health Inc. Common Stock,Health Care,Biotechnology: Pharmaceutical Preparations
JAKK,JAKKS Pacific Inc. Common Stock,Consumer Discretionary,Recreational Games/Products/Toys
JANX,Janux Therapeutics Inc. Common Stock,Health Care,Biotechnology: Pharmaceutical Preparations
JBGS,JBG SMITH Properties Common Shares ,Real Estate,Real Estate Investment Trusts
JBHT,J.B. Hunt Transport Services Inc. Common Stock,Industrials,Trucking Freight/Courier Services
JBI,Janus International Group Inc. Common Stock,Industrials,Building Products
JBIO,Jade Biosciences Inc. Common Stock,Health Care,Biotechnology: Pharmaceutical Preparations
JBL,Jabil Inc. Common Stock,Technology,Electrical Products
JBLU,JetBlue Airways Corporation Common Stock,Consumer Discretionary,Air Freight/Delivery Services
JBSS,John B. Sanfilippo & Son Inc. Common Stock,Consumer Staples,Specialty Foods
JBTM,JBT Marel Corporation Common Stock,Industrials,Industrial Machinery/Components
JCTC,Jewett-Cameron Trading Company Common Shares,Consumer Discretionary,RETAIL: Building Materials
JELD,JELD-WEN Holding Inc. Common Stock,Basic Materials,Forest Products
JILL,J. Jill Inc. Common Stock,Consumer Discretionary,Apparel
JJSF,J & J Snack Foods Corp. Common Stock,Consumer Staples,Specialty Foods
JKHY,Jack Henry & Associates Inc. Common Stock,Technology,EDP Services
JNJ,Johnson & Johnson Common Stock,Health Care,Biotechnology: Pharmaceutical Preparations
JOB,GEE Group Inc. Common Stock,Consumer Discretionary,Diversified Commercial Services
JOBY,Joby Aviation Inc. Common Stock,Industrials,Aerospace
JOE,St. Joe Company (The) Common Stock,Real Estate,Homebuilding
JOUT,Johnson Outdoors Inc. Class A Common Stock,Consumer Discretionary,Recreational Games/Products/Toys
JRSH,Jerash Holdings (US) Inc. Common Stock,Consumer Discretionary,Apparel
JSPR,Jasper Therapeutics Inc. Common Stock,Health Care,Biotechnology: Biological Products (No Diagnostic Substances)
JTAI,Jet.AI Inc. Common Stock,Consumer Discretionary,Transportation Services
JUNS,Jupiter Neurosciences Inc. Common Stock,Health Care,Biotechnology: Pharmaceutical Preparations
JVA,Coffee Holding Co. Inc. Common Stock,Consumer Staples,Packaged Foods
KAI,Kadant Inc Common Stock,Industrials,Industrial Machinery/Components
KALA,KALA BIO Inc. Common Stock,Health Care,Biotechnology: Pharmaceutical Preparations
KALU,Kaiser Aluminum Corporation Common Stock,Industrials,Metal Fabrications
KARD,Kardigan Inc. Common Stock,Health Care,Biotechnology: Pharmaceutical Preparations
KBH,KB Home Common Stock,Consumer Discretionary,Homebuilding
KBR,KBR Inc. Common Stock,Industrials,Military/Government/Technical
KD,Kyndryl Holdings Inc. Common Stock,Technology,EDP Services
KDK,Kodiak AI Inc. Common Stock ,Technology,EDP Services
KDKRW,Kodiak AI Inc. Warrants,Technology,EDP Services
KDP,Keurig Dr Pepper Inc. Common Stock,Consumer Staples,Beverages (Production/Distribution)
KE,Kimball Electronics Inc. Common Stock,Technology,Electrical Products
KELYA,Kelly Services Inc. Class A Common Stock,Consumer Discretionary,Professional Services
KELYB,Kelly Services Inc. Class B Common Stock,Consumer Discretionary,Professional Services
KEQU,Kewaunee Scientific Corporation Common Stock,Industrials,Medical Specialities
KEX,Kirby Corporation Common Stock,Consumer Discretionary,Marine Transportation
KEYS,Keysight Technologies Inc. Common Stock,Industrials,Industrial Machinery/Components
KFRC,Kforce Inc. Common Stock,Consumer Discretionary,Professional Services
KFY,Korn Ferry Common Stock,Consumer Discretionary,Diversified Commercial Services
KGEI,Kolibri Global Energy Inc. Common stock,Energy,Oil & Gas Production
KGS,Kodiak Gas Services Inc. Common Stock,Utilities,Natural Gas Distribution
KHC,The Kraft Heinz Company Common Stock,Consumer Staples,Packaged Foods
KIDS,OrthoPediatrics Corp. Common Stock,Health Care,Medical/Dental Instruments
KIDZ,KIDZ AI Inc. Class B Common Stock,Real Estate,Other Consumer Services
KIDZW,KIDZ AI Inc. Warrants,Real Estate,Other Consumer Services
KIM,Kimco Realty Corporation (HC) Common Stock,Real Estate,Real Estate Investment Trusts
KITT,Nauticus Robotics Inc. Common stock,Industrials,Industrial Machinery/Components
KITTW,Nauticus Robotics Inc. Warrant,Industrials,Industrial Machinery/Components
KLAC,KLA Corporation Common Stock,Technology,Electronic Components
KLC,KinderCare Learning Companies Inc. Common Stock,Consumer Discretionary,Other Consumer Services
KLRA,Kailera Therapeutics Inc. Common Stock,Health Care,Biotechnology: Pharmaceutical Preparations
KLRS,Kalaris Therapeutics Inc. Common Stock,Health Care,Biotechnology: Biological Products (No Diagnostic Substances)
KLTR,Kaltura Inc. Common Stock,Technology,Computer Software: Prepackaged Software
KLXE,KLX Energy Services Holdings Inc. Common Stock,Energy,Oilfield Services/Equipment
KMB,Kimberly-Clark Corporation Common Stock,Consumer Discretionary,Containers/Packaging
KMI,Kinder Morgan Inc. Common Stock,Utilities,Natural Gas Distribution
KMT,Kennametal Inc. Common Stock,Industrials,Industrial Machinery/Components
KMTS,Kestra Medical Technologies Ltd. Common Stock,Health Care,Medical/Dental Instruments
KMX,CarMax Inc,Consumer Discretionary,Retail-Auto Dealers and Gas Stations
KN,Knowles Corporation Common Stock,Consumer Staples,Consumer Electronics/Appliances
KNF,Knife Riv Holding Co. Common Stock,Industrials,Mining & Quarrying of Nonmetallic Minerals (No Fuels)
KNSA,Kiniksa Pharmaceuticals International plc Class A Ordinary Shares,Health Care,Biotechnology: Pharmaceutical Preparations
KNTK,Kinetik Holdings Inc. Class A Common Stock,Utilities,Natural Gas Distribution
KNX,Knight-Swift Transportation Holdings Inc.,Industrials,Trucking Freight/Courier Services
KO,Coca-Cola Company (The) Common Stock,Consumer Staples,Beverages (Production/Distribution)
KOD,Kodiak Sciences Inc Common Stock,Health Care,Biotechnology: Biological Products (No Diagnostic Substances)
KODK,Eastman Kodak Company Common New,Consumer Discretionary,Industrial Machinery/Components
KOP,Koppers Holdings Inc. Common Stock,Basic Materials,Forest Products
KOPN,Kopin Corporation Common Stock,Technology,Semiconductors
KOSS,Koss Corporation Common Stock,Consumer Staples,Consumer Electronics/Appliances
KPLT,Katapult Holdings Inc. Common Stock,Consumer Discretionary,Diversified Commercial Services
KPRX,Kiora Pharmaceuticals Inc.  Common Stock,Health Care,Biotechnology: Pharmaceutical Preparations
KPTI,Karyopharm Therapeutics Inc. Common Stock,Health Care,Biotechnology: Pharmaceutical Preparations
KR,Kroger Company (The) Common Stock,Consumer Staples,Food Chains
KRC,Kilroy Realty Corporation Common Stock,Real Estate,Real Estate Investment Trusts
KREF,KKR Real Estate Finance Trust Inc. Common Stock,Real Estate,Real Estate Investment Trusts
KRG,Kite Realty Group Trust Common Stock,Real Estate,Real Estate Investment Trusts
KRMD,KORU Medical Systems Inc. Common Stock (DE),Health Care,Medical/Dental Instruments
KRMN,Karman Holdings Inc. Common Stock,Industrials,Military/Government/Technical
KRO,Kronos Worldwide Inc Common Stock,Basic Materials,Major Chemicals
KROS,Keros Therapeutics Inc. Common Stock,Health Care,Biotechnology: Pharmaceutical Preparations
KRP,Kimbell Royalty Partners Common Units Representing Limited Partner Interests,Energy,Oil & Gas Production
KRRO,Korro Bio Inc. Common Stock,Health Care,Biotechnology: Pharmaceutical Preparations
KRSA,Korsana Biosciences Inc. Common Stock,Health Care,Biotechnology: Pharmaceutical Preparations
KRT,Karat Packaging Inc. Common Stock,Industrials,Plastic Products
KRUS,Kura Sushi USA Inc. Class A Common Stock,Consumer Discretionary,Restaurants
KRYS,Krystal Biotech Inc. Common Stock,Health Care,Biotechnology: Biological Products (No Diagnostic Substances)
KSCP,Knightscope Inc. Class A Common Stock,Telecommunications,Telecommunications Equipment
KSS,Kohl's Corporation Common Stock,Consumer Discretionary,Department/Specialty Retail Stores
KTB,Kontoor Brands Inc. Common Stock ,Industrials,Garments and Clothing
KTCC,Key Tronic Corporation Common Stock,Technology,Electrical Products
KTOS,Kratos Defense & Security Solutions Inc. Common Stock,Industrials,Military/Government/Technical
KTTA,Pasithea Therapeutics Corp. Common Stock,Health Care,Biotechnology: Pharmaceutical Preparations
KULR,KULR Technology Group Inc. Common Stock,Technology,Electrical Products
KURA,Kura Oncology Inc. Common Stock,Health Care,Biotechnology: Pharmaceutical Preparations
KUST,Kustom Entertainment Inc. Common Stock,Technology,Radio And Television Broadcasting And Communications Equipment
KVHI,KVH Industries Inc. Common Stock,Consumer Discretionary,Telecommunications Equipment
KVUE,Kenvue Inc. Common Stock,Consumer Discretionary,Package Goods/Cosmetics
KVYO,Klaviyo Inc. Series A Common Stock,Technology,Computer Software: Prepackaged Software
KWR,Quaker Houghton Common Stock,Industrials,Major Chemicals
KYMR,Kymera Therapeutics Inc. Common Stock,Health Care,Biotechnology: Biological Products (No Diagnostic Substances)
KYNB,Kyntra Bio Inc. Common Stock,Health Care,Biotechnology: Pharmaceutical Preparations
KYTX,Kyverna Therapeutics Inc. Common Stock,Health Care,Biotechnology: Biological Products (No Diagnostic Substances)
LAB,Standard BioTools Inc. Common Stock,Industrials,Biotechnology: Laboratory Analytical Instruments
LABT,Lakewood-Amedex Biotherapeutics Inc. Common Stock,Health Care,Biotechnology: Pharmaceutical Preparations
LAD,Lithia Motors Inc. Common Stock,Consumer Discretionary,Retail-Auto Dealers and Gas Stations
LADR,Ladder Capital Corp Class A Common Stock,Real Estate,Real Estate Investment Trusts
LAKE,Lakeland Industries Inc. Common Stock,Health Care,Industrial Specialties
LAMR,Lamar Advertising Company Class A Common Stock,Real Estate,Real Estate Investment Trusts
LAND,Gladstone Land Corporation Common Stock,Real Estate,Real Estate Investment Trusts
LANDO,Gladstone Land Corporation 6.00% Series B Cumulative Redeemable Preferred Stock,Real Estate,Real Estate Investment Trusts
LANDP,Gladstone Land Corporation 6.00% Series C Cumulative Redeemable Preferred Stock,Real Estate,Real Estate Investment Trusts
LASR,nLIGHT Inc. Common Stock,Technology,Semiconductors
LAUR,Laureate Education Inc. Common Stock,Real Estate,Other Consumer Services
LAW,CS Disco Inc. Common Stock,Technology,Computer Software: Prepackaged Software
LBRT,Liberty Energy Inc. Class A common stock,Energy,Oilfield Services/Equipment
LBRX,LB Pharmaceuticals Inc Common Stock,Health Care,Biotechnology: Pharmaceutical Preparations
LCID,Lucid Group Inc. Common Stock,Industrials,Auto Manufacturing
LCII,LCI Industries,Consumer Discretionary,Auto Parts:O.E.M.
LCTX,Lineage Cell Therapeutics Inc. Common Stock,Health Care,Biotechnology: Biological Products (No Diagnostic Substances)
LCUT,Lifetime Brands Inc. Common Stock,Consumer Discretionary,Industrial Machinery/Components
LDOS,Leidos Holdings Inc. Common Stock,Technology,EDP Services
LE,Lands' End Inc. Common Stock,Consumer Discretionary,Clothing/Shoe/Accessory Stores
LEA,Lear Corporation Common Stock,Consumer Discretionary,Auto Parts:O.E.M.
LECO,Lincoln Electric Holdings Inc. Common Shares,Industrials,Industrial Machinery/Components
LEE,Lee Enterprises Incorporated Common Stock,Consumer Discretionary,Newspapers/Magazines
LEGH,Legacy Housing Corporation Common Stock (TX),Consumer Discretionary,Homebuilding
LEGN,Legend Biotech Corporation American Depositary Shares,Health Care,Biotechnology: Pharmaceutical Preparations
LEN,Lennar Corporation Class A Common Stock,Consumer Discretionary,Homebuilding
LENZ,LENZ Therapeutics Inc. Common Stock,Health Care,Biotechnology: Biological Products (No Diagnostic Substances)
LESL,Leslie's Inc. Common Stock,Consumer Discretionary,Other Specialty Stores
LEU,Centrus Energy Corp. Class A Common Stock,Industrials,Mining & Quarrying of Nonmetallic Minerals (No Fuels)
LEVI,Levi Strauss & Co Class A Common Stock,Consumer Discretionary,Apparel
LFCR,Lifecore Biomedical Inc. Common Stock,Health Care,Biotechnology: Pharmaceutical Preparations
LFMD,LifeMD Inc. Common Stock,Health Care,Medical/Nursing Services
LFMDP,LifeMD Inc. 8.875% Series A Cumulative Perpetual Preferred Stock,Health Care,Medical/Nursing Services
LFST,LifeStance Health Group Inc. Common Stock,Health Care,Medical/Nursing Services
LFT,Lument Finance Trust Inc. Common Stock,Real Estate,Real Estate Investment Trusts
LFTO,Liftoff Mobile Inc. Common Stock,Technology,EDP Services
LFUS,Littelfuse Inc. Common Stock,Energy,Electrical Products
LFVN,Lifevantage Corporation Common Stock (Delaware),Health Care,Biotechnology: Pharmaceutical Preparations
LGIH,LGI Homes Inc. Common Stock,Consumer Discretionary,Homebuilding
LGL,LGL Group Inc. (The) Common Stock,Technology,Industrial Machinery/Components
LGN,Legence Corp. Class A Common stock,Consumer Discretionary,Engineering & Construction
LGND,Ligand Pharmaceuticals Incorporated Common Stock,Health Care,Biotechnology: Pharmaceutical Preparations
LGVN,Longeveron Inc. Class A Common Stock,Health Care,Biotechnology: Pharmaceutical Preparations
LH,Labcorp Holdings Inc. Common Stock,Health Care,Medical Specialities
LHX,L3Harris Technologies Inc. Common Stock,Industrials,Industrial Machinery/Components
LIDR,AEye Inc. Class A Common Stock,Consumer Discretionary,Auto Parts:O.E.M.
LIF,Life360 Inc. Common Stock,Technology,EDP Services
LII,Lennox International Inc. Common Stock,Industrials,Industrial Machinery/Components
LILA,Liberty Latin America Ltd. Class A Common Stock,Telecommunications,Cable & Other Pay Television Services
LILAK,Liberty Latin America Ltd. Class C Common Stock,Telecommunications,Cable & Other Pay Television Services
LILAP,Liberty Latin America Ltd. 9.0% Fixed Rate Cumulative Perpetual Redeemable Series A Preference Shares,Telecommunications,Cable & Other Pay Television Services
LIME,Neutron Holdings Inc. Common Stock,Technology,Computer Software: Prepackaged Software
LIMN,Liminatus Pharma Inc. Class A Common Stock,Health Care,Biotechnology: Biological Products (No Diagnostic Substances)
LIN,Linde plc Ordinary Shares,Basic Materials,Major Chemicals
LINC,Lincoln Educational Services Corporation Common Stock,Real Estate,Other Consumer Services
LIND,Lindblad Expeditions Holdings Inc. Common Stock,Consumer Discretionary,Transportation Services
LINE,Lineage Inc. Common Stock,Real Estate,Real Estate Investment Trusts
LINK,Interlink Electronics Inc. Common Stock,Technology,Computer peripheral equipment
LITE,Lumentum Holdings Inc. Common Stock,Telecommunications,Telecommunications Equipment
LITS,Lite Strategy Inc. Common Stock,Health Care,Biotechnology: Pharmaceutical Preparations
LIVE,Live Ventures Incorporated Common Stock,Consumer Discretionary,Other Specialty Stores
LKQ,LKQ Corporation Common Stock,Consumer Discretionary,Motor Vehicles
LLY,Eli Lilly and Company Common Stock,Health Care,Biotechnology: Pharmaceutical Preparations
LLYVA,Liberty Live Holdings Inc. Series A Liberty Live Group Common Stock,Consumer Discretionary,Services-Misc. Amusement & Recreation
LLYVK,Liberty Live Holdings Inc. Series C Liberty Live Group Common Stock,Consumer Discretionary,Services-Misc. Amusement & Recreation
LMAT,LeMaitre Vascular Inc. Common Stock,Health Care,Medical/Dental Instruments
LMB,Limbach Holdings Inc. Common Stock,Consumer Discretionary,Engineering & Construction
LMNR,Limoneira Co Common Stock,Consumer Staples,Farming/Seeds/Milling
LMRI,Lumexa Imaging Holdings Inc. Common Stock,Health Care,Medical Specialities
LMT,Lockheed Martin Corporation Common Stock,Industrials,Military/Government/Technical
LNAI,Lunai Bioworks Inc. Common Stock,Health Care,Biotechnology: Pharmaceutical Preparations
LNG,Cheniere Energy Inc. Common Stock,Utilities,Oil/Gas Transmission
LNN,Lindsay Corporation Common Stock,Industrials,Industrial Machinery/Components
LNSR,LENSAR Inc. Common Stock,Health Care,Medical/Dental Instruments
LNT,Alliant Energy Corporation Common Stock,Utilities,Power Generation
LNTH,Lantheus Holdings Inc. Common Stock,Health Care,Biotechnology: In Vitro & In Vivo Diagnostic Substances
LNZA,LanzaTech Global Inc. Common Stock,Industrials,Major Chemicals
LOAN,Manhattan Bridge Capital Inc,Real Estate,Real Estate Investment Trusts
LOAR,Loar Holdings Inc. Common Stock,Industrials,Military/Government/Technical
LOCL,Local Bounti Corporation Common Stock,Consumer Staples,Farming/Seeds/Milling
LOCO,El Pollo Loco Holdings Inc. Common Stock,Consumer Discretionary,Restaurants
LODE,Comstock Inc. Common Stock,Industrials,Major Chemicals
LOGI,Logitech International S.A. Ordinary Shares,Technology,Computer peripheral equipment
LONA,LeonaBio Inc. Common Stock,Health Care,Biotechnology: Biological Products (No Diagnostic Substances)
LOPE,Grand Canyon Education Inc. Common Stock,Real Estate,Other Consumer Services
LOVE,The Lovesac Company Common Stock,Consumer Discretionary,Other Specialty Stores
LOW,Lowe's Companies Inc. Common Stock,Consumer Discretionary,RETAIL: Building Materials
LPCN,Lipocine Inc. Common Stock,Health Care,Biotechnology: Pharmaceutical Preparations
LPG,Dorian LPG Ltd. Common Stock,Consumer Discretionary,Marine Transportation
LPTH,LightPath Technologies Inc. Class A Common Stock,Technology,Semiconductors
LPX,Louisiana-Pacific Corporation Common Stock,Basic Materials,Forest Products
LQDA,Liquidia Corporation Common Stock,Health Care,Biotechnology: Pharmaceutical Preparations
LQDT,Liquidity Services Inc. Common Stock,Consumer Discretionary,Business Services
LRCX,Lam Research Corporation Common Stock,Technology,Industrial Machinery/Components
LRMR,Larimar Therapeutics Inc. Common Stock,Health Care,Biotechnology: Pharmaceutical Preparations
LRN,Stride Inc. Common Stock,Real Estate,Other Consumer Services
LSCC,Lattice Semiconductor Corporation Common Stock,Technology,Semiconductors
LSTA,Lisata Therapeutics Inc. Common Stock,Health Care,Biotechnology: Pharmaceutical Preparations
LSTR,Landstar System Inc. Common Stock,Industrials,Trucking Freight/Courier Services
LTBR,Lightbridge Corporation Common Stock,Basic Materials,Major Chemicals
LTC,LTC Properties Inc. Common Stock,Real Estate,Real Estate Investment Trusts
LTGO,Latigo Biotherapeutics Inc. Common Stock,Health Care,Biotechnology: Pharmaceutical Preparations
LTH,Life Time Group Holdings Inc. Common Stock,Consumer Discretionary,Hotels/Resorts
LTRN,Lantern Pharma Inc. Common Stock,Health Care,Biotechnology: Pharmaceutical Preparations
LTRX,Lantronix Inc. Common Stock,Telecommunications,Computer Communications Equipment
LTRYW,Sports Entertainment Gaming Global Corporation Warrants,Technology,Computer Software: Prepackaged Software
LUCD,Lucid Diagnostics Inc. Common Stock,Health Care,Medical/Dental Instruments
LUCK,Lucky Strike Entertainment Corporation Class A Common Stock,Consumer Discretionary,Services-Misc. Amusement & Recreation
LUCY,Innovative Eyewear Inc. Common Stock,Health Care,Ophthalmic Goods
LUCYW,Innovative Eyewear Inc. Series A Warrants 8/16/27,Health Care,Ophthalmic Goods
LUMN,Lumen Technologies Inc. Common Stock,Telecommunications,Telecommunications Equipment
LUNG,Pulmonx Corporation Common Stock,Health Care,Medical/Dental Instruments
LUNR,Intuitive Machines Inc. Class A Common Stock,Industrials,Industrial Machinery/Components
LUV,Southwest Airlines Company Common Stock,Consumer Discretionary,Air Freight/Delivery Services
LVLU,Lulu's Fashion Lounge Holdings Inc. Common Stock,Consumer Discretionary,Catalog/Specialty Distribution
LVO,LiveOne Inc. Common Stock,Consumer Discretionary,Restaurants
LVS,Las Vegas Sands Corp. Common Stock,Consumer Discretionary,Hotels/Resorts
LVWR,LiveWire Group Inc. Common Stock,Consumer Discretionary,Motor Vehicles
LW,Lamb Weston Holdings Inc. Common Stock ,Consumer Staples,Packaged Foods
LWAY,Lifeway Foods Inc. Common Stock,Consumer Staples,Packaged Foods
LWLG,Lightwave Logic Inc. Common Stock,Industrials,Containers/Packaging
LXEO,Lexeo Therapeutics Inc. Common Stock,Health Care,Biotechnology: Biological Products (No Diagnostic Substances)
LXP,LXP Industrial Trust Common Stock (Maryland REIT),Real Estate,Real Estate Investment Trusts
LXRX,Lexicon Pharmaceuticals Inc. Common Stock,Health Care,Biotechnology: Pharmaceutical Preparations
LXU,LSB Industries Inc. Common Stock,Basic Materials,Major Chemicals
LYEL,Lyell Immunopharma Inc. Common Stock,Health Care,Biotechnology: Pharmaceutical Preparations
LYFT,Lyft Inc. Class A Common Stock,Consumer Discretionary,Business Services
LYTS,LSI Industries Inc. Common Stock,Consumer Discretionary,Building Products
LYV,Live Nation Entertainment Inc. Common Stock,Consumer Discretionary,Services-Misc. Amusement & Recreation
LZ,LegalZoom.com Inc. Common Stock,Technology,EDP Services
LZB,La-Z-Boy Incorporated Common Stock,Consumer Discretionary,Home Furnishings
M,Macy's Inc Common Stock,Consumer Discretionary,Department/Specialty Retail Stores
MA,Mastercard Incorporated Common Stock,Consumer Discretionary,Business Services
MAA,Mid-America Apartment Communities Inc. Common Stock,Real Estate,Real Estate Investment Trusts
MAC,Macerich Company (The) Common Stock,Real Estate,Real Estate Investment Trusts
MAGN,Magnera Corporation Common Stock,Basic Materials,Paper
MAMA,Mama's Creations Inc. Common Stock,Consumer Staples,Specialty Foods
MAMO,Massimo Group Common Stock,Consumer Discretionary,Industrial Specialties
MAN,ManpowerGroup Common Stock,Consumer Discretionary,Professional Services
MANH,Manhattan Associates Inc. Common Stock,Technology,Computer Software: Prepackaged Software
MAR,Marriott International Class A Common Stock,Consumer Discretionary,Hotels/Resorts
MARPS,Marine Petroleum Trust Units of Beneficial Interest,Energy,Oil & Gas Production
MAS,Masco Corporation Common Stock,Industrials,Industrial Specialties
MASS,908 Devices Inc. Common Stock,Industrials,Industrial Machinery/Components
MAT,Mattel Inc. Common Stock,Consumer Discretionary,Recreational Games/Products/Toys
MATV,Mativ Holdings Inc. Common Stock,Basic Materials,Paper
MATW,Matthews International Corporation Class A Common Stock,Telecommunications,Metal Fabrications
MATX,Matson Inc. Common Stock,Consumer Discretionary,Marine Transportation
MAX,MediaAlpha Inc. Class A Common Stock,Consumer Discretionary,Business Services
MAYS,J. W. Mays Inc. Common Stock,Real Estate,Building operators
MAZE,Maze Therapeutics Inc. Common Stock,Health Care,Biotechnology: Biological Products (No Diagnostic Substances)
MBC,MasterBrand Inc. Common Stock,Consumer Discretionary,Home Furnishings
MBGL,Mobility Global Inc. Common Stock,Consumer Discretionary,Business Services
MBIO,Mustang Bio Inc. Common Stock,Health Care,Biotechnology: Pharmaceutical Preparations
MBRX,Moleculin Biotech Inc. Common Stock,Health Care,Biotechnology: Pharmaceutical Preparations
MBUU,Malibu Boats Inc. Class A Common Stock,Industrials,Marine Transportation
MBX,MBX Biosciences Inc. Common Stock,Health Care,Biotechnology: Pharmaceutical Preparations
MCD,McDonald's Corporation Common Stock,Consumer Discretionary,Restaurants
MCFT,MasterCraft Boat Holdings Inc. Common Stock,Industrials,Marine Transportation
MCGA,Yorkville Acquisition Corp. Class A Ordinary Share,Utilities,Electric Utilities: Central
MCHP,Microchip Technology Incorporated Common Stock,Technology,Semiconductors
MCHPP,Microchip Technology Incorporated Depositary Shares Each Representing a 1/20th Interest in a Share of 7.50% Series A Mandatory Convertible Preferred Stock,Technology,Semiconductors
MCHX,Marchex Inc. Class B Common Stock,Technology,Computer Software: Prepackaged Software
MCK,McKesson Corporation Common Stock,Health Care,Other Pharmaceuticals
MCRB,Seres Therapeutics Inc. Common Stock,Health Care,Biotechnology: Pharmaceutical Preparations
MCRI,Monarch Casino & Resort Inc. Common Stock,Consumer Discretionary,Hotels/Resorts
MCS,Marcus Corporation (The) Common Stock,Consumer Discretionary,Movies/Entertainment
MD,Pediatrix Medical Group Inc. Common Stock,Health Care,Hospital/Nursing Management
MDAI,Spectral AI Inc. Class A Common Stock,Health Care,Medical/Dental Instruments
MDAIW,Spectral AI Inc. Warrants,Health Care,Medical/Dental Instruments
MDB,MongoDB Inc. Class A Common Stock,Technology,Computer Software: Prepackaged Software
MDGL,Madrigal Pharmaceuticals Inc. Common Stock,Health Care,Biotechnology: Pharmaceutical Preparations
MDIA,Mediaco Holding Inc. Class A Common Stock ,Consumer Discretionary,Broadcasting
MDLN,Medline Inc. Class A Common Stock,Health Care,Medical/Dental Instruments
MDLZ,Mondelez International Inc. Class A Common Stock,Consumer Staples,Packaged Foods
MDRR,Medalist Diversified Inc. Common Stock,Real Estate,Real Estate Investment Trusts
MDT,Medtronic plc. Ordinary Shares,Health Care,Biotechnology: Electromedical & Electrotherapeutic Apparatus
MDU,MDU Resources Group Inc. Common Stock (Holding Company),Industrials,Mining & Quarrying of Nonmetallic Minerals (No Fuels)
MDXG,MiMedx Group Inc Common Stock,Health Care,Medical/Dental Instruments
MEC,Mayville Engineering Company Inc. Common Stock,Industrials,Industrial Specialties
MED,MEDIFAST INC Common Stock,Consumer Staples,Packaged Foods
MEDP,Medpace Holdings Inc. Common Stock,Health Care,Biotechnology: Commercial Physical & Biological Resarch
MEDS,DataMeds AI Inc. Common Stock,Health Care,Other Pharmaceuticals
MEI,Methode Electronics Inc. Common Stock,Technology,Electrical Products
META,Meta Platforms Inc. Class A Common Stock,Technology,Computer Software: Programming Data Processing
METC,Ramaco Resources Inc. Class A Common Stock,Energy,Coal Mining
METCB,Ramaco Resources Inc. Class B Common Stock,Energy,Coal Mining
METCI,Ramaco Resources Inc. 8.250% Senior Notes due 2030,Energy,Coal Mining
METCZ,Ramaco Resources Inc. 8.375% Senior Notes due 2029,Energy,Coal Mining
MFA,MFA Financial Inc.,Real Estate,Real Estate Investment Trusts
MFAN,MFA Financial Inc. 8.875% Senior Notes due 2029,Real Estate,Real Estate Investment Trusts
MFAO,MFA Financial Inc. 9.000% Senior Notes due 2029,Real Estate,Real Estate Investment Trusts
MFP,Midera Food Processing Inc. Common Stock,Industrials,Industrial Machinery/Components
MG,Mistras Group Inc Common Stock,Consumer Discretionary,Military/Government/Technical
MGEE,MGE Energy Inc,Energy,Electric Utilities: Central
MGM,MGM Resorts International Common Stock,Consumer Discretionary,Hotels/Resorts
MGNI,Magnite Inc. Common Stock,Technology,Computer Software: Programming Data Processing
MGNX,MacroGenics Inc. Common Stock,Health Care,Biotechnology: Pharmaceutical Preparations
MGPI,MGP Ingredients Inc.,Consumer Staples,Beverages (Production/Distribution)
MGRC,McGrath RentCorp Common Stock,Consumer Discretionary,Diversified Commercial Services
MGRX,Mangoceuticals Inc. Common Stock,Health Care,Misc Health and Biotechnology Services
MGTX,MeiraGTx Holdings plc Ordinary Shares,Health Care,Biotechnology: Biological Products (No Diagnostic Substances)
MGX,Metagenomi Therapeutics Inc. Common Stock,Health Care,Biotechnology: Biological Products (No Diagnostic Substances)
MGY,Magnolia Oil & Gas Corporation Class A Common Stock,Energy,Oil & Gas Production
MHH,Mastech Digital Inc Common Stock,Consumer Discretionary,Professional Services
MHK,Mohawk Industries Inc. Common Stock,Consumer Discretionary,Home Furnishings
MHO,M/I Homes Inc. Common Stock,Consumer Discretionary,Homebuilding
MIDD,Middleby Corporation (The) Common Stock,Industrials,Industrial Machinery/Components
MIND,MIND Technology Inc. Common Stock (DE),Industrials,Industrial Machinery/Components
MIR,Mirion Technologies Inc. Class A Common Stock,Industrials,Industrial Machinery/Components
MIRA,MIRA Pharmaceuticals Inc. Common Stock,Health Care,Biotechnology: Pharmaceutical Preparations
MIRM,Mirum Pharmaceuticals Inc. Common Stock,Health Care,Biotechnology: Pharmaceutical Preparations
MITK,Mitek Systems Inc. Common Stock,Technology,Computer peripheral equipment
MITN,TPG Mortgage Investment Trust Inc. 9.500% Senior Notes due 2029,Real Estate,Real Estate Investment Trusts
MITP,TPG Mortgage Investment Trust Inc. 9.500% Senior Notes due 2029,Real Estate,Real Estate Investment Trusts
MITQ,Moving iMage Technologies Inc. Common Stock,Consumer Discretionary,Industrial Machinery/Components
MITT,TPG Mortgage Investment Trust Inc. Common Stock,Real Estate,Real Estate Investment Trusts
MKC,McCormick & Company Incorporated Common Stock,Consumer Staples,Packaged Foods
MKSI,MKS Inc. Common Stock,Industrials,Industrial Machinery/Components
MKTW,MarketWise Inc. Class A Common Stock,Technology,Computer Software: Prepackaged Software
MKZR,MacKenzie Realty Capital Inc. Common Stock,Real Estate,Real Estate Investment Trusts
MLAB,Mesa Laboratories Inc. Common Stock,Industrials,Industrial Machinery/Components
MLGO,MicroAlgo Inc. Class A Ordinary Shares,Technology,EDP Services
MLI,Mueller Industries Inc. Common Stock,Industrials,Metal Fabrications
MLKN,MillerKnoll Inc. Common Stock,Consumer Discretionary,Office Equipment/Supplies/Services
MLM,Martin Marietta Materials Inc. Common Stock,Industrials,Mining & Quarrying of Nonmetallic Minerals (No Fuels)
MLR,Miller Industries Inc. Common Stock,Consumer Discretionary,Construction/Ag Equipment/Trucks
MLSS,Milestone Scientific Inc. Common Stock,Health Care,Industrial Specialties
MLTX,MoonLake Immunotherapeutics Class A Ordinary Shares,Health Care,Biotechnology: Pharmaceutical Preparations
MLYS,Mineralys Therapeutics Inc. Common Stock,Health Care,Biotechnology: Pharmaceutical Preparations
MMED,MiniMed Group Inc. Common Stock,Health Care,Medical/Dental Instruments
MMLP,Martin Midstream Partners L.P. Limited Partnership,Energy,Oil Refining/Marketing
MMM,3M Company Common Stock,Health Care,Medical/Dental Instruments
MMS,Maximus Inc. Common Stock,Consumer Discretionary,Business Services
MMSI,Merit Medical Systems Inc. Common Stock,Health Care,Medical/Dental Instruments
MNKD,MannKind Corporation Common Stock,Health Care,Biotechnology: Pharmaceutical Preparations
MNOV,Medicinova Inc Common Stock,Health Care,Biotechnology: Pharmaceutical Preparations
MNPR,Monopar Therapeutics Inc. Common Stock,Health Care,Biotechnology: Pharmaceutical Preparations
MNR,Mach Natural Resources LP Common Units representing Limited Partner Interests,Energy,Oil & Gas Production
MNRO,Monro Inc. Common Stock,Consumer Discretionary,Automotive Aftermarket
MNST,Monster Beverage Corporation,Consumer Staples,Beverages (Production/Distribution)
MNTK,Montauk Renewables Inc. Common Stock,Utilities,Natural Gas Distribution
MNTN,MNTN Inc. Class A Common Stock,Consumer Discretionary,Advertising
MNTS,Momentus Inc. Class A Common Stock,Industrials,Military/Government/Technical
MO,Altria Group Inc.,Health Care, Medicinal Chemicals and Botanical Products 
MOBI,Mobia Medical Inc. Common Stock,Health Care,Medical/Dental Instruments
MOBX,Mobix Labs Inc. Class A Common Stock,Technology,Semiconductors
MOBXW,Mobix Labs Inc Warrants,Technology,Semiconductors
MOD,Modine Manufacturing Company Common Stock,Consumer Discretionary,Auto Parts:O.E.M.
MODD,Modular Medical Inc. Common Stock,Health Care,Medical/Dental Instruments
MOH,Molina Healthcare Inc Common Stock,Health Care,Medical Specialities
MOS,Mosaic Company (The) Common Stock,Industrials,Agricultural Chemicals
MOV,Movado Group Inc. Common Stock,Consumer Discretionary,Consumer Specialties
MOVE,Corvex Inc. Common Stock,Technology,EDP Services
MP,MP Materials Corp. Common Stock,Basic Materials,Metal Mining
MPAA,Motorcar Parts  of America Inc. Common Stock,Consumer Discretionary,Auto Parts:O.E.M.
MPC,Marathon Petroleum Corporation Common Stock,Energy,Integrated oil Companies
MPLT,MapLight Therapeutics Inc. Common Stock,Health Care,Biotechnology: Pharmaceutical Preparations
MPLX,MPLX LP Common Units Representing Limited Partner Interests,Energy,Natural Gas Distribution
MPT,Medical Properties Trust Inc. common stock,Real Estate,Real Estate Investment Trusts
MPTI,M-tron Industries Inc. Common Stock,Technology,Industrial Machinery/Components
MPU,Mega Matrix Inc. Class A Ordinary Shares,Consumer Discretionary,Movies/Entertainment
MPWR,Monolithic Power Systems Inc. Common Stock,Technology,Semiconductors
MQ,Marqeta Inc. Class A Common Stock,Technology,Computer Software: Prepackaged Software
MRAM,Everspin Technologies Inc. Common Stock,Technology,Semiconductors
MRCY,Mercury Systems Inc Common Stock,Technology,Electrical Products
MRDN,Meridian Holdings Inc. Common Stock,Technology,Computer Software: Prepackaged Software
MRK,Merck & Company Inc. Common Stock (new),Health Care,Biotechnology: Pharmaceutical Preparations
MRKR,Marker Therapeutics Inc. Common Stock,Health Care,Biotechnology: Pharmaceutical Preparations
MRLN,Merlin Inc. Common Stock,Technology,EDP Services
MRNA,Moderna Inc. Common Stock,Health Care,Biotechnology: Biological Products (No Diagnostic Substances)
MRTN,Marten Transport Ltd. Common Stock,Industrials,Trucking Freight/Courier Services
MRVI,Maravai LifeSciences Holdings Inc. Class A Common Stock,Health Care,Biotechnology: Pharmaceutical Preparations
MRVL,Marvell Technology Inc. Common Stock,Technology,Semiconductors
MSA,MSA Safety Incorporated Common Stock,Health Care,Industrial Specialties
MSAI,MultiSensor AI Holdings Inc. Common Stock,Technology,Electronic Components
MSAIW,MultiSensor AI Holdings Inc. Warrant,Technology,Electronic Components
MSB,Mesabi Trust Common Stock,Industrials,Precious Metals
MSCI,MSCI Inc. Common Stock,Consumer Discretionary,Business Services
MSEX,Middlesex Water Company Common Stock,Utilities,Water Supply
MSFT,Microsoft Corporation Common Stock,Technology,Computer Software: Prepackaged Software
MSGE,Madison Square Garden Entertainment Corp. Class A Common Stock,Consumer Discretionary,Services-Misc. Amusement & Recreation
MSGM,Motorsport Games Inc. Class A Common Stock,Technology,Computer Software: Prepackaged Software
MSGS,Madison Square Garden Sports Corp. Class A Common Stock (New),Consumer Discretionary,Services-Misc. Amusement & Recreation
MSI,Motorola Solutions Inc. Common Stock,Technology,Radio And Television Broadcasting And Communications Equipment
MSM,MSC Industrial Direct Company Inc. Common Stock,Industrials,Industrial Machinery/Components
MSN,Emerson Radio Corporation Common Stock,Consumer Staples,Consumer Electronics/Appliances
MSS,Maison Solutions Inc. Class A Common Stock,Consumer Staples,Food Chains
MSTR,Strategy Inc Common Stock Class A,Technology,Computer Software: Prepackaged Software
MTCH,Match Group Inc. Common Stock,Technology,Computer Software: Programming Data Processing
MTDR,Matador Resources Company Common Stock,Energy,Oil & Gas Production
MTEX,Mannatech Incorporated Common Stock,Health Care, Medicinal Chemicals and Botanical Products 
MTH,Meritage Homes Corporation Common Stock,Consumer Discretionary,Homebuilding
MTN,Vail Resorts Inc. Common Stock,Consumer Discretionary,Services-Misc. Amusement & Recreation
MTNB,Matinas Biopharma Holdings Inc. Common Stock,Health Care,Biotechnology: Pharmaceutical Preparations
MTR,Mesa Royalty Trust Common Stock,Energy,Oil & Gas Production
MTRN,Materion Corporation,Industrials,Industrial Specialties
MTRX,Matrix Service Company Common Stock,Consumer Discretionary,Engineering & Construction
MTSI,MACOM Technology Solutions Holdings Inc. Common Stock,Technology,Semiconductors
MTUS,Metallus Inc. Common Shares,Industrials,Steel/Iron Ore
MTVA,MetaVia Inc. Common Stock,Health Care,Biotechnology: Pharmaceutical Preparations
MTW,Manitowoc Company Inc. (The) Common Stock,Industrials,Construction/Ag Equipment/Trucks
MTX,Minerals Technologies Inc. Common Stock,Basic Materials,Major Chemicals
MTZ,MasTec Inc. Common Stock,Industrials,Water Sewer Pipeline Comm & Power Line Construction
MU,Micron Technology Inc. Common Stock,Technology,Semiconductors
MUR,Murphy Oil Corporation Common Stock,Energy,Oil & Gas Production
MUSA,Murphy USA Inc. Common Stock,Consumer Discretionary,Retail-Auto Dealers and Gas Stations
MVIS,MicroVision Inc. Common Stock,Technology,Industrial Machinery/Components
MWA,MUELLER WATER PRODUCTS Common Stock,Industrials,Metal Fabrications
MWH,SOLV Energy Inc. Class A Common Stock,Industrials,Military/Government/Technical
MWYN,Marwynn Holdings Inc. Common stock,Consumer Discretionary,Food Distributors
MXC,Mexco Energy Corporation Common Stock,Energy,Oil & Gas Production
MXCT,MaxCyte Inc. Common Stock,Health Care,Biotechnology: Commercial Physical & Biological Resarch
MXL,MaxLinear Inc. Common Stock,Technology,Semiconductors
MYE,Myers Industries Inc. Common Stock,Industrials,Plastic Products
MYGN,Myriad Genetics Inc. Common Stock,Health Care,Biotechnology: In Vitro & In Vivo Diagnostic Substances
MYO,Myomo Inc. Common Stock,Health Care,Industrial Specialties
MYPS,PLAYSTUDIOS Inc.  Class A Common Stock,Technology,Computer Software: Prepackaged Software
MYRG,MYR Group Inc. Common Stock,Industrials,Water Sewer Pipeline Comm & Power Line Construction
MYSE,Myseum.AI Inc. Common Stock,Telecommunications,Telecommunications Equipment
MZTI,The Marzetti Company Common Stock,Consumer Staples,Packaged Foods
NABL,N-able Inc. Common Stock,Technology,Computer Software: Prepackaged Software
NAGE,Niagen Bioscience Inc. Common Stock,Health Care, Medicinal Chemicals and Botanical Products 
NAII,Natural Alternatives International Inc. Common Stock,Health Care, Medicinal Chemicals and Botanical Products 
NAKA,Nakamoto Inc. Common Stock,Health Care,Medical/Nursing Services
NATH,Nathan's Famous Inc. Common Stock,Consumer Discretionary,Restaurants
NATR,Nature's Sunshine Products Inc. Common Stock,Health Care,Biotechnology: Pharmaceutical Preparations
NAUT,Nautilus Biotechnology Inc. Common Stock,Industrials,Biotechnology: Laboratory Analytical Instruments
NAVN,Navan Inc. Class A Common Stock,Technology,Computer Software: Prepackaged Software
NB,NioCorp Developments Ltd. Common Stock,Basic Materials,Metal Mining
NBIX,Neurocrine Biosciences Inc. Common Stock,Health Care,Biotechnology: Biological Products (No Diagnostic Substances)
NC,NACCO Industries Inc. Common Stock,Energy,Coal Mining
NCLH,Norwegian Cruise Line Holdings Ltd. Ordinary Shares,Consumer Discretionary,Marine Transportation
NCMI,National CineMedia Inc. Common Stock,Consumer Discretionary,Advertising
NCNO,nCino Inc. Common Stock,Technology,Computer Software: Prepackaged Software
NDLS,Noodles & Company Class A Common Stock,Consumer Discretionary,Restaurants
NDRA,ENDRA Life Sciences Inc. Common Stock,Health Care,Biotechnology: Electromedical & Electrotherapeutic Apparatus
NDSN,Nordson Corporation Common Stock,Industrials,Industrial Machinery/Components
NE,Noble Corporation plc A Ordinary Shares,Energy,Oil & Gas Production
NEE,NextEra Energy Inc. Common Stock,Utilities,Electric Utilities: Central
NEM,Newmont Corporation,Basic Materials,Precious Metals
NEN,New England Realty Associates Limited Partnership Class A Depositary Receipts Evidencing Units of Limited Partnership,Real Estate,Building operators
NEO,NeoGenomics Inc. Common Stock,Health Care,Precision Instruments
NEOG,Neogen Corporation Common Stock,Health Care,Biotechnology: In Vitro & In Vivo Diagnostic Substances
NEPH,Nephros Inc. Common Stock,Health Care,Medical/Dental Instruments
NERV,Minerva Neurosciences Inc Common Stock,Health Care,Biotechnology: Pharmaceutical Preparations
NESR,National Energy Services Reunited Corp Ordinary Shares,Energy,Oilfield Services/Equipment
NET,Cloudflare Inc. Class A Common Stock,Technology,Computer Software: Prepackaged Software
NEU,NewMarket Corp Common Stock,Industrials,Major Chemicals
NEUP,Neuphoria Therapeutics Inc. Common Stock,Health Care,Biotechnology: Pharmaceutical Preparations
NEXT,NextDecade Corporation Common Stock,Utilities,Oil & Gas Production
NFE,New Fortress Energy Inc. Class A Common Stock,Utilities,Oil/Gas Transmission
NFEGP,New Fortress Energy Inc. Series A Mandatorily Convertible Preferred Stock,Utilities,Oil/Gas Transmission
NFG,National Fuel Gas Company Common Stock,Utilities,Oil/Gas Transmission
NFLX,Netflix Inc. Common Stock,Consumer Discretionary,Consumer Electronics/Video Chains
NGL,NGL ENERGY PARTNERS LP Common Units representing Limited Partner Interests,Utilities,Natural Gas Distribution
NGS,Natural Gas Services Group Inc. Common Stock,Energy,Oilfield Services/Equipment
NGVC,Natural Grocers by Vitamin Cottage Inc. Common Stock,Consumer Staples,Food Chains
NGVT,Ingevity Corporation Common Stock ,Industrials,Major Chemicals
NHC,National HealthCare Corporation Common Stock,Health Care,Hospital/Nursing Management
NHI,National Health Investors Inc. Common Stock,Real Estate,Real Estate Investment Trusts
NHP,National Healthcare Properties Inc. Class A Common Stock,Real Estate,Real Estate Investment Trusts
NHPBP,National Healthcare Properties Inc. 7.125% Series B Cumulative Redeemable Perpetual Preferred Stock,Real Estate,Real Estate Investment Trusts
NHTC,Natural Health Trends Corp. Common Stock,Consumer Discretionary,Consumer Specialties
NI,NiSource Inc Common Stock,Utilities,Power Generation
NIO,NIO Inc. American depositary shares each  representing one Class A ordinary share,Industrials,Auto Manufacturing
NIOBW,NioCorp Developments Ltd. Warrant,Basic Materials,Metal Mining
NIQ,NIQ Global Intelligence plc Ordinary Shares,Technology,Computer Software: Programming Data Processing
NIXX,Nixxy Inc. Common Stock,Technology,EDP Services
NJR,NewJersey Resources Corporation Common Stock,Utilities,Oil/Gas Transmission
NKE,Nike Inc. Common Stock,Consumer Discretionary,Shoe Manufacturing
NKTR,Nektar Therapeutics  Common Stock,Health Care,Biotechnology: Pharmaceutical Preparations
NKTX,Nkarta Inc. Common Stock,Health Care,Biotechnology: Pharmaceutical Preparations
NL,NLI Holdings Inc. Common Stock,Basic Materials,Major Chemicals
NLOP,Net Lease Office Properties Common Shares of Beneficial Interest,Real Estate,Real Estate Investment Trusts
NLY,Annaly Capital Management Inc. Common Stock,Real Estate,Real Estate Investment Trusts
NMAD,Nomad Power Solutions Inc. Common Stock,Health Care,Biotechnology: Pharmaceutical Preparations
NMAX,Newsmax Inc. Class B Common Stock,Industrials,Broadcasting
NMRA,Neumora Therapeutics Inc. Common Stock,Health Care,Biotechnology: Biological Products (No Diagnostic Substances)
NMTC,NeuroOne Medical Technologies Corporation Common Stock,Health Care,Medical/Dental Instruments
NN,NextNav Inc. Common Stock,Industrials,Industrial Machinery/Components
NNBR,NN Inc. Common Stock,Industrials,Industrial Machinery/Components
NNE,Nano Nuclear Energy Inc. Common Stock,Utilities,Electric Utilities: Central
NNN,NNN REIT Inc. Common Stock,Real Estate,Real Estate Investment Trusts
NNVC,NanoViricides Inc. Common Stock,Health Care,Biotechnology: Pharmaceutical Preparations
NOC,Northrop Grumman Corporation Common Stock,Industrials,Industrial Machinery/Components
NOG,Northern Oil and Gas Inc. Common Stock,Energy,Oil & Gas Production
NOMA,NOMADAR Corp. Class A Common Stock,Consumer Discretionary,Services-Misc. Amusement & Recreation
NOV,NOV Inc. Common Stock,Consumer Discretionary,Oil and Gas Field Machinery
NOW,ServiceNow Inc. Common Stock,Technology,Computer Software: Prepackaged Software
NPCE,Neuropace Inc. Common Stock,Health Care,Medical/Dental Instruments
NPK,National Presto Industries Inc. Common Stock,Industrials,Ordnance And Accessories
NPKI,NPK International Inc. Common Stock,Industrials,Misc Corporate Leasing Services
NPO,Enpro Inc. Common Stock,Industrials,Metal Fabrications
NPWR,NET Power Inc. Class A Common Stock,Energy,Industrial Machinery/Components
NRC,NRC Health Common Stock,Health Care,Biotechnology: Commercial Physical & Biological Resarch
NRDS,NerdWallet Inc. Class A Common Stock,Technology,EDP Services
NRDY,Nerdy Inc. Class A Common Stock,Real Estate,Other Consumer Services
NREF,NexPoint Real Estate Finance Inc. Common Stock,Real Estate,Real Estate Investment Trusts
NRG,NRG Energy Inc. Common Stock,Utilities,Electric Utilities: Central
NRIX,Nurix Therapeutics Inc. Common stock,Health Care,Biotechnology: Pharmaceutical Preparations
NRP,Natural Resource Partners LP Limited Partnership,Energy,Coal Mining
NRT,North European Oil Royality Trust Common Stock,Energy,Oil & Gas Production
NRXP,NRX Pharmaceuticals Inc. Common Stock,Health Care,Biotechnology: Pharmaceutical Preparations
NRXS,Neuraxis Inc. Common Stock,Health Care,Biotechnology: Electromedical & Electrotherapeutic Apparatus
NSC,Norfolk Southern Corporation Common Stock,Industrials,Railroads
NSIT,Insight Enterprises Inc. Common Stock,Consumer Discretionary,Catalog/Specialty Distribution
NSP,Insperity Inc. Common Stock,Consumer Discretionary,Professional Services
NSSC,NAPCO Security Technologies Inc. Common Stock,Telecommunications,Telecommunications Equipment
NSYS,Nortech Systems Incorporated Common Stock,Technology,Industrial Machinery/Components
NTAP,NetApp Inc. Common Stock,Technology,Electronic Components
NTCT,NetScout Systems Inc. Common Stock,Technology,EDP Services
NTGR,NETGEAR Inc. Common Stock,Utilities,Telecommunications Equipment
NTHI,NeOnc Technologies Holdings Inc. Common Stock,Health Care,Biotechnology: Pharmaceutical Preparations
NTIC,Northern Technologies International Corporation Common Stock,Industrials,Industrial Specialties
NTLA,Intellia Therapeutics Inc. Common Stock,Health Care,Biotechnology: In Vitro & In Vivo Diagnostic Substances
NTNX,Nutanix Inc. Class A Common Stock,Technology,Computer Software: Prepackaged Software
NTRA,Natera Inc. Common Stock,Health Care,Medical Specialities
NTRB,Nutriband Inc. Common Stock,Health Care,Industrial Specialties
NTRBW,Nutriband Inc. Warrant,Health Care,Industrial Specialties
NTRP,NextTrip Inc. Common Stock,Consumer Discretionary,Transportation Services
NTSK,Netskope Inc. Class A Common Stock,Technology,Computer Software: Prepackaged Software
NTST,NetSTREIT Corp. Common Stock,Real Estate,Real Estate Investment Trusts
NTWK,NetSol Technologies Inc. Common  Stock,Technology,Computer Software: Prepackaged Software
NUAI,New Era Energy & Digital Inc. Common Stock,Energy,Oil & Gas Production
NUAIW,New Era Energy & Digital Inc. Warrants,Energy,Oil & Gas Production
NUCL,Eagle Nuclear Energy Corp. Common stock,Basic Materials,Other Metals and Minerals
NUCLW,Eagle Nuclear Energy Corp. Warrants,Basic Materials,Other Metals and Minerals
NUE,Nucor Corporation Common Stock,Industrials,Steel/Iron Ore
NUS,Nu Skin Enterprises Inc. Common Stock,Health Care,Other Pharmaceuticals
NUTX,Nutex Health Inc. Common Stock,Consumer Discretionary,Business Services
NUVB,Nuvation Bio Inc. Class A Common Stock,Health Care,Biotechnology: Pharmaceutical Preparations
NUWE,Nuwellis Inc. Common Stock,Health Care,Biotechnology: Electromedical & Electrotherapeutic Apparatus
NVAX,Novavax Inc. Common Stock,Health Care,Biotechnology: Biological Products (No Diagnostic Substances)
NVCT,Nuvectis Pharma Inc. Common Stock,Health Care,Biotechnology: Pharmaceutical Preparations
NVDA,NVIDIA Corporation Common Stock,Technology,Semiconductors
NVEC,NVE Corporation Common Stock,Technology,Semiconductors
NVNO,enVVeno Medical Corporation Common Stock,Health Care,Medical/Dental Instruments
NVR,NVR Inc. Common Stock,Consumer Discretionary,Homebuilding
NVST,Envista Holdings Corporation Common Stock,Health Care,Medical/Dental Instruments
NVTS,Navitas Semiconductor Corporation Common Stock,Technology,Semiconductors
NWE,NorthWestern Energy Group Inc. Common Stock,Utilities,Power Generation
NWL,Newell Brands Inc. Common Stock,Industrials,Plastic Products
NWN,Northwest Natural Holding Company Common Stock,Utilities,Oil/Gas Transmission
NWPX,NWPX Infrastructure Inc. Common Stock,Industrials,Steel/Iron Ore
NWS,News Corporation Class B Common Stock,Consumer Discretionary,Newspapers/Magazines
NWSA,News Corporation Class A Common Stock,Consumer Discretionary,Newspapers/Magazines
NWTG,Newton Golf Company Inc. Common Stock,Consumer Discretionary,Recreational Games/Products/Toys
NX,Quanex Building Products Corporation Common Stock,Industrials,Metal Fabrications
NXDR,Nextdoor Holdings Inc. Class A Common Stock,Technology,Computer Software: Programming Data Processing
NXDT,NexPoint Diversified Real Estate Trust Common Stock,Real Estate,Real Estate Investment Trusts
NXGL,NexGel Inc Common Stock,Health Care,Medical/Dental Instruments
NXGLW,NexGel Inc Warrant,Health Care,Medical/Dental Instruments
NXH,Neighborhood Intelligence Inc. Common Stock,Consumer Discretionary,Catalog/Specialty Distribution
NXL,Nexalin Technology Inc. Common Stock,Health Care,Biotechnology: Electromedical & Electrotherapeutic Apparatus
NXPL,NextPlat Corp Common Stock,Telecommunications,Telecommunications Equipment
NXRT,NexPoint Residential Trust Inc. Common Stock,Real Estate,Real Estate Investment Trusts
NXST,Nexstar Media Group Inc. Common Stock,Industrials,Broadcasting
NXT,Nextpower Inc. Common Stock,Technology,Semiconductors
NXTC,NextCure Inc. Common Stock,Health Care,Biotechnology: Pharmaceutical Preparations
NXXT,NextNRG Inc. Common Stock,Consumer Discretionary,Retail-Auto Dealers and Gas Stations
NYT,New York Times Company (The) Common Stock,Consumer Discretionary,Newspapers/Magazines
O,Realty Income Corporation Common Stock,Real Estate,Real Estate Investment Trusts
OABI,OmniAb Inc. Common Stock,Health Care,Biotechnology: Commercial Physical & Biological Resarch
OABIW,OmniAb Inc. Warrant,Health Care,Biotechnology: Commercial Physical & Biological Resarch
OBAI,Our Bond Inc. Common Stock,Consumer Discretionary,Telecommunications Equipment
OBIO,Orchestra BioMed Holdings Inc. Ordinary Shares,Health Care, Medicinal Chemicals and Botanical Products 
OBX,Obsidian Therapeutics Inc. Common Stock,Health Care,Biotechnology: Pharmaceutical Preparations
OC,Owens Corning Inc Common Stock New,Industrials,Industrial Machinery/Components
OCC,Optical Cable Corporation Common Stock,Industrials,Telecommunications Equipment
OCGN,Ocugen Inc. Common Stock,Health Care,Biotechnology: Biological Products (No Diagnostic Substances)
OCTV,Octave Intelligence plc Class B Ordinary Shares,Technology,Computer Software: Prepackaged Software
OCUL,Ocular Therapeutix Inc. Common Stock,Health Care,Biotechnology: Pharmaceutical Preparations
ODC,Oil-Dri Corporation Of America Common Stock,Consumer Discretionary,Miscellaneous manufacturing industries
ODFL,Old Dominion Freight Line Inc. Common Stock,Industrials,Trucking Freight/Courier Services
ODTX,Odyssey Therapeutics Inc. Common Stock,Health Care,Biotechnology: Biological Products (No Diagnostic Substances)
OESX,Orion Energy Systems Inc. Common Stock,Consumer Discretionary,Building Products
OFLX,Omega Flex Inc. Common Stock,Industrials,Industrial Specialties
OGE,OGE Energy Corp Common Stock,Utilities,Electric Utilities: Central
OGEN,Oragenics Inc. Common Stock,Health Care,Biotechnology: Pharmaceutical Preparations
OGN,Organon & Co. Common Stock ,Health Care,Biotechnology: Pharmaceutical Preparations
OGS,ONE Gas Inc. Common Stock,Utilities,Oil/Gas Transmission
OHI,Omega Healthcare Investors Inc. Common Stock,Real Estate,Real Estate Investment Trusts
OI,O-I Glass Inc. Common Stock,Consumer Discretionary,Containers/Packaging
OII,Oceaneering International Inc. Common Stock,Energy,Oilfield Services/Equipment
OIS,Oil States International Inc. Common Stock,Consumer Discretionary,Oil and Gas Field Machinery
OKE,ONEOK Inc. Common Stock,Utilities,Oil & Gas Production
OKLO,Oklo Inc. Class A common stock,Utilities,Electric Utilities: Central
OKTA,Okta Inc. Class A Common Stock,Technology,Computer Software: Prepackaged Software
OKUR,OnKure Therapeutics Inc. Class A Common Stock,Health Care,Biotechnology: Pharmaceutical Preparations
OLB,The OLB Group Inc. Common Stock,Consumer Discretionary,Business Services
OLED,Universal Display Corporation Common Stock,Technology,Electrical Products
OLLI,Ollie's Bargain Outlet Holdings Inc. Common Stock,Consumer Discretionary,Department/Specialty Retail Stores
OLMA,Olema Pharmaceuticals Inc. Common Stock,Health Care,Biotechnology: Pharmaceutical Preparations
OLN,Olin Corporation Common Stock,Industrials,Major Chemicals
OLOX,Olenox Industries Inc. Common Stock,Consumer Discretionary,RETAIL: Building Materials
OLP,One Liberty Properties Inc. Common Stock,Real Estate,Real Estate Investment Trusts
OM,Outset Medical Inc. Common Stock,Health Care,Biotechnology: Electromedical & Electrotherapeutic Apparatus
OMC,Omnicom Group Inc. Common Stock,Consumer Discretionary,Advertising
OMCL,Omnicell Inc. Common Stock ($0.001 par value),Technology,Computer Manufacturing
OMDA,Omada Health Inc. Common Stock,Health Care,Medical/Nursing Services
OMER,Omeros Corporation Common Stock,Health Care,Biotechnology: Pharmaceutical Preparations
OMEX,Odyssey Marine Exploration Inc. Common Stock,Consumer Discretionary,Marine Transportation
ON,ON Semiconductor Corporation Common Stock,Technology,Semiconductors
ONCO,Onconetix Inc. Common Stock,Health Care,Biotechnology: Pharmaceutical Preparations
ONDS,Ondas Inc. Common Stock,Technology,Radio And Television Broadcasting And Communications Equipment
ONEW,OneWater Marine Inc. Class A Common Stock,Consumer Discretionary,Auto & Home Supply Stores
ONFO,Onfolio Holdings Inc. Common Stock,Technology,EDP Services
ONFOW,Onfolio Holdings Inc. Warrant,Technology,EDP Services
ONL,Orion Properties Inc. Common Stock,Real Estate,Real Estate Investment Trusts
ONT,Onterris Inc. Common Stock,Consumer Discretionary,Professional Services
ONTO,Onto Innovation Inc. Common Stock,Industrials,Industrial Machinery/Components
OOMA,Ooma Inc. Common Stock,Technology,EDP Services
OPAL,OPAL Fuels Inc. Class A Common Stock,Utilities,Natural Gas Distribution
OPCH,Option Care Health Inc. Common Stock,Health Care,Medical/Nursing Services
OPK,OPKO Health Inc. Common Stock,Health Care,Biotechnology: Pharmaceutical Preparations
OPLN,OPENLANE Inc. Common Stock,Consumer Discretionary,Retail-Auto Dealers and Gas Stations
OPRX,OptimizeRx Corporation Common Stock,Consumer Discretionary,Business Services
OPTT,Ocean Power Technologies Inc. Common Stock,Utilities,Electric Utilities: Central
OPTU,Optimum Communications Inc. Class A common stock,Telecommunications,Cable & Other Pay Television Services
OPTX,Syntec Optics Holdings Inc. Class A Common Stock,Technology,Electronic Components
OPTXW,Syntec Optics Holdings Inc. Warrant,Technology,Electronic Components
OPXS,Optex Systems Holdings Inc. Common Stock,Technology,Electronic Components
ORA,Ormat Technologies Inc. Common Stock,Utilities,Electric Utilities: Central
ORC,Orchid Island Capital Inc. Common Stock,Real Estate,Real Estate Investment Trusts
ORCL,Oracle Corporation Common Stock,Technology,Computer Software: Prepackaged Software
ORGO,Organogenesis Holdings Inc. Class A Common Stock,Health Care,Biotechnology: Pharmaceutical Preparations
ORIC,Oric Pharmaceuticals Inc. Common Stock,Health Care,Biotechnology: Pharmaceutical Preparations
ORKA,Oruka Therapeutics Inc. Common Stock,Health Care,Biotechnology: In Vitro & In Vivo Diagnostic Substances
ORLY,O'Reilly Automotive Inc. Common Stock,Consumer Discretionary,Auto & Home Supply Stores
ORN,Orion Group Holdings Inc. Common,Industrials,Military/Government/Technical
OSCR,Oscar Health Inc. Class A Common Stock,Health Care,Medical Specialities
OSIS,OSI Systems Inc. Common Stock (DE),Technology,Semiconductors
OSK,Oshkosh Corporation (Holding Company)Common Stock,Industrials,Auto Manufacturing
OSPN,OneSpan Inc. Common Stock,Technology,EDP Services
OSS,One Stop Systems Inc. Common Stock,Technology,Computer Manufacturing
OSUR,OraSure Technologies Inc. Common Stock,Health Care,Medical/Dental Instruments
OTIS,Otis Worldwide Corporation Common Stock ,Technology,Consumer Electronics/Appliances
OTLK,Outlook Therapeutics Inc. Common Stock,Health Care,Biotechnology: Biological Products (No Diagnostic Substances)
OTTR,Otter Tail Corporation Common Stock,Utilities,Electric Utilities: Central
OUST,Ouster Inc. Common Stock,Industrials,Industrial Machinery/Components
OUT,OUTFRONT Media Inc. Common Stock,Real Estate,Real Estate Investment Trusts
OVID,Ovid Therapeutics Inc. Common Stock,Health Care,Biotechnology: Pharmaceutical Preparations
OWLT,Owlet Inc. Class A Common Stock,Industrials,Industrial Machinery/Components
OXM,Oxford Industries Inc. Common Stock,Industrials,Garments and Clothing
OXSQG,Oxford Square Capital Corp. 5.50% Notes due 2028,Consumer Discretionary,Other Consumer Services
OXY,Occidental Petroleum Corporation Common Stock,Energy,Oil & Gas Production
P,Everpure Inc. Class A common stock,Technology,Electronic Components
PAA,Plains All American Pipeline L.P. Common Units representing Limited Partner Interests,Energy,Natural Gas Distribution
PAAI,Paradium.AI Inc. Common Stock,Technology,EDP Services
PACB,Pacific Biosciences of California Inc. Common Stock,Industrials,Biotechnology: Laboratory Analytical Instruments
PACK,Ranpak Holdings Corp Class A Common Stock,Consumer Discretionary,Containers/Packaging
PACS,PACS Group Inc. Common Stock,Health Care,Hospital/Nursing Management
PAG,Penske Automotive Group Inc. Common Stock,Consumer Discretionary,Retail-Auto Dealers and Gas Stations
PAGP,Plains GP Holdings L.P. Class A Units representing Limited Partner Interests,Energy,Natural Gas Distribution
PAHC,Phibro Animal Health Corporation Class A Common Stock,Health Care,Biotechnology: Pharmaceutical Preparations
PAL,Proficient Auto Logistics Inc. Common Stock,Consumer Discretionary,Transportation Services
PALI,Palisade Bio Inc. Common Stock,Health Care,Biotechnology: Biological Products (No Diagnostic Substances)
PAMT,PAMT CORP Common Stock,Industrials,Trucking Freight/Courier Services
PANL,Pangaea Logistics Solutions Ltd. Common Shares,Consumer Discretionary,Marine Transportation
PANW,Palo Alto Networks Inc. Common Stock,Technology,Computer peripheral equipment
PARA,Banzai International Inc. Class A Common Stock,Industrials,Broadcasting
PARAW,Banzai International Inc. Warrant,Technology,Computer Software: Prepackaged Software
PARK,Park Dental Partners Inc. Common Stock,Health Care,Misc Health and Biotechnology Services
PARR,Par Pacific Holdings Inc.  Common Stock,Energy,Oil & Gas Production
PASG,Passage Bio Inc. Common Stock,Health Care,Biotechnology: Biological Products (No Diagnostic Substances)
PATH,UiPath Inc. Class A Common Stock,Technology,Computer Software: Prepackaged Software
PATK,Patrick Industries Inc. Common Stock,Consumer Discretionary,Auto Parts:O.E.M.
PAVM,PAVmed Inc. Common Stock,Health Care,Medical/Dental Instruments
PAY,Paymentus Holdings Inc. Class A Common Stock,Consumer Discretionary,Business Services
PAYC,Paycom Software Inc. Common Stock,Technology,Computer Software: Prepackaged Software
PAYO,Payoneer Global Inc. Common Stock,Consumer Discretionary,Business Services
PAYS,Paysign Inc. Common Stock,Technology,EDP Services
PAYX,Paychex Inc. Common Stock,Industrials,Diversified Commercial Services
PBF,PBF Energy Inc. Class A Common Stock,Energy,Integrated oil Companies
PBH,Prestige Consumer Healthcare Inc. Common Stock,Health Care,Biotechnology: Pharmaceutical Preparations
PBLS,Parabilis Medicines Inc. Common Stock,Health Care,Biotechnology: Pharmaceutical Preparations
PBT,Permian Basin Royalty Trust Common Stock,Energy,Oil & Gas Production
PBYI,Puma Biotechnology Inc Common Stock,Health Care,Biotechnology: Pharmaceutical Preparations
PCAR,PACCAR Inc. Common Stock,Industrials,Auto Manufacturing
PCG,Pacific Gas & Electric Co. Common Stock,Utilities,Power Generation
PCOR,Procore Technologies Inc. Common Stock,Technology,Computer Software: Prepackaged Software
PCRX,Pacira BioSciences Inc. Common Stock,Health Care,Biotechnology: Pharmaceutical Preparations
PCSA,Processa Pharmaceuticals Inc. Common Stock,Health Care,Biotechnology: Pharmaceutical Preparations
PCT,PureCycle Technologies Inc. Common stock,Industrials,Major Chemicals
PCTTU,PureCycle Technologies Inc. Unit,Industrials,Major Chemicals
PCTTW,PureCycle Technologies Inc. Warrant,Industrials,Major Chemicals
PCTY,Paylocity Holding Corporation Common Stock,Technology,Computer Software: Prepackaged Software
PCVX,Vaxcyte Inc. Common Stock,Health Care,Biotechnology: Biological Products (No Diagnostic Substances)
PCYO,Pure Cycle Corporation Common Stock,Utilities,Water Supply
PD,PagerDuty Inc. Common Stock,Technology,Computer Software: Prepackaged Software
PDEX,Pro-Dex Inc. Common Stock,Health Care,Medical/Dental Instruments
PDFS,PDF Solutions Inc. Common Stock,Technology,Computer Software: Prepackaged Software
PDM,Piedmont Realty Trust Inc. Class A Common Stock,Real Estate,Building operators
PDSB,PDS Biotechnology Corporation Common Stock,Health Care,Biotechnology: Pharmaceutical Preparations
PDYN,Palladyne AI Corp. Common Stock,Technology,Computer Software: Prepackaged Software
PDYNW,Palladyne AI Corp Warrants,Technology,Computer Software: Prepackaged Software
PEB,Pebblebrook Hotel Trust Common Shares of Beneficial Interest,Real Estate,Real Estate Investment Trusts
PECO,Phillips Edison & Company Inc. Common Stock,Real Estate,Real Estate Investment Trusts
PED,Pedevco Corp. Common Stock,Energy,Oil & Gas Production
PEG,Public Service Enterprise Group Incorporated Common Stock,Utilities,Power Generation
PEGA,Pegasystems Inc. Common Stock,Technology,EDP Services
PEN,Penumbra Inc. Common Stock,Health Care,Medical/Dental Instruments
PENG,Penguin Solutions Inc. Common Stock,Technology,Semiconductors
PENN,PENN Entertainment Inc. Common Stock,Consumer Discretionary,Hotels/Resorts
PEP,PepsiCo Inc. Common Stock,Consumer Staples,Beverages (Production/Distribution)
PEPG,PepGen Inc. Common Stock,Health Care,Biotechnology: Pharmaceutical Preparations
PESI,Perma-Fix Environmental Services Inc. Common Stock,Industrials,Environmental Services
PETS,PetMed Express Inc. Common Stock,Consumer Staples,Retail-Drug Stores and Proprietary Stores
PFE,Pfizer Inc. Common Stock,Health Care,Biotechnology: Pharmaceutical Preparations
PFGC,Performance Food Group Company Common Stock,Consumer Discretionary,Food Distributors
PFSA,Profusa Inc. Common Stock,Health Care,Medical/Dental Instruments
PG,Procter & Gamble Company (The) Common Stock,Consumer Discretionary,Package Goods/Cosmetics
PGEN,Precigen Inc. Common Stock,Health Care,Biotechnology: Pharmaceutical Preparations
PGNY,Progyny Inc. Common Stock,Health Care,Misc Health and Biotechnology Services
PH,Parker-Hannifin Corporation Common Stock,Industrials,Metal Fabrications
PHAT,Phathom Pharmaceuticals Inc. Common Stock,Health Care,Biotechnology: Pharmaceutical Preparations
PHIN,PHINIA Inc. Common Stock,Consumer Discretionary,Auto Parts:O.E.M.
PHIO,Phio Pharmaceuticals Corp. Common Stock,Health Care,Biotechnology: Pharmaceutical Preparations
PHM,PulteGroup Inc. Common Stock,Consumer Discretionary,Homebuilding
PHR,Phreesia Inc. Common Stock,Consumer Discretionary,Business Services
PI,Impinj Inc. Common Stock,Technology,Industrial Machinery/Components
PII,Polaris Inc. Common Stock,Consumer Discretionary,Industrial Specialties
PIII,P3 Health Partners Inc. Class A Common Stock,Health Care,Medical/Nursing Services
PIIIW,P3 Health Partners Inc. Warrant,Health Care,Medical/Nursing Services
PINE,Alpine Income Property Trust Inc. Common Stock,Real Estate,Real Estate Investment Trusts
PINS,Pinterest Inc. Class A Common Stock,Technology,Computer Software: Programming Data Processing
PK,Park Hotels & Resorts Inc. Common Stock ,Consumer Discretionary,Hotels/Resorts
PKE,Park Aerospace Corp. Common Stock,Industrials,Military/Government/Technical
PKG,Packaging Corporation of America Common Stock,Consumer Discretionary,Containers/Packaging
PKOH,Park-Ohio Holdings Corp. Common Stock,Industrials,Industrial Specialties
PL,Planet Labs PBC Class A Common Stock,Technology,Radio And Television Broadcasting And Communications Equipment
PLAB,Photronics Inc. Common Stock,Technology,Semiconductors
PLAY,Dave & Buster's Entertainment Inc. Common Stock,Consumer Discretionary,Restaurants
PLBY,Playboy Inc. Common Stock,Consumer Discretionary,Other Specialty Stores
PLCE,Children's Place Inc. (The) Common Stock,Consumer Discretionary,Clothing/Shoe/Accessory Stores
PLD,Prologis Inc. Common Stock,Real Estate,Real Estate Investment Trusts
PLNT,Planet Fitness Inc. Common Stock,Consumer Discretionary,Hotels/Resorts
PLOW,Douglas Dynamics Inc. Common Stock,Industrials,Construction/Ag Equipment/Trucks
PLPC,Preformed Line Products Company Common Stock,Industrials,Water Sewer Pipeline Comm & Power Line Construction
PLRX,Pliant Therapeutics Inc. Common Stock,Health Care,Biotechnology: Pharmaceutical Preparations
PLSE,Pulse Biosciences Inc Common Stock (DE),Health Care,Medical/Dental Instruments
PLTR,Palantir Technologies Inc. Class A Common Stock,Technology,Computer Software: Prepackaged Software
PLUG,Plug Power Inc. Common Stock,Energy,Industrial Machinery/Components
PLUS,ePlus inc. Common Stock,Technology,Retail: Computer Software & Peripheral Equipment
PLXS,Plexus Corp. Common Stock,Technology,Electrical Products
PLYX,Polaryx Therapeutics Inc. Common Stock,Health Care,Biotechnology: Pharmaceutical Preparations
PM,Philip Morris International Inc Common Stock,Health Care, Medicinal Chemicals and Botanical Products 
PMCB,PharmaCyte  Biotech Inc. Common Stock,Health Care,Biotechnology: Biological Products (No Diagnostic Substances)
PMT,PennyMac Mortgage Investment Trust Common Shares of Beneficial Interest,Real Estate,Real Estate Investment Trusts
PMTS,CPI Card Group Inc. Common Stock,Consumer Discretionary,Publishing
PMTU,PennyMac Mortgage Investment Trust 8.50% Senior Notes due 2028,Real Estate,Real Estate Investment Trusts
PMTV,PennyMac Mortgage Investment Trust 9.00% Senior Notes due 2030,Real Estate,Real Estate Investment Trusts
PMTW,PennyMac Mortgage Investment Trust 9.00% Senior Notes due 2030,Real Estate,Real Estate Investment Trusts
PMVP,PMV Pharmaceuticals Inc. Common Stock,Health Care,Biotechnology: Pharmaceutical Preparations
PNRG,PrimeEnergy Resources Corporation Common Stock,Energy,Oil & Gas Production
PNTG,The Pennant Group Inc. Common Stock ,Health Care,Medical/Nursing Services
PNW,Pinnacle West Capital Corporation Common Stock,Utilities,Electric Utilities: Central
POCI,Precision Optics Corporation Inc. Common stock,Health Care,Biotechnology: Electromedical & Electrotherapeutic Apparatus
PODC,PodcastOne Inc. Common Stock,Technology,Computer Software: Programming Data Processing
PODD,Insulet Corporation Common Stock,Health Care,Medical/Dental Instruments
POOL,Pool Corporation Common Stock,Consumer Discretionary,Industrial Specialties
POR,Portland General Electric Co Common Stock,Utilities,Electric Utilities: Central
POST,Post Holdings Inc. Common Stock,Consumer Staples,Packaged Foods
POWI,Power Integrations Inc. Common Stock,Technology,Semiconductors
POWL,Powell Industries Inc. Common Stock,Energy,Electrical Products
POWW,Outdoor Holding Company Common Stock,Industrials,Ordnance And Accessories
POWWP,Outdoor Holding Company 8.75% Series A Cumulative Redeemable Perpetual Preferred Stock,Industrials,Ordnance And Accessories
PPC,Pilgrim's Pride Corporation Common Stock,Consumer Staples,Meat/Poultry/Fish
PPG,PPG Industries Inc. Common Stock,Consumer Discretionary,Paints/Coatings
PPIH,Perma-Pipe International Holdings Inc. Common Stock,Industrials,Pollution Control Equipment
PPL,PPL Corporation Common Stock,Utilities,Electric Utilities: Central
PPLC,PPL Corporation Corporate Units,Utilities,Electric Utilities: Central
PPLI,People Incorporated Common Stock,Technology,Computer Software: Programming Data Processing
PR,Permian Resources Corporation Class A Common Stock,Energy,Oil & Gas Production
PRAX,Praxis Precision Medicines Inc. Common Stock,Health Care,Biotechnology: Pharmaceutical Preparations
PRCH,Porch Group Inc. Common Stock,Technology,Computer Software: Prepackaged Software
PRCT,PROCEPT BioRobotics Corporation Common Stock,Health Care,Medical/Dental Instruments
PRDO,Perdoceo Education Corporation Common Stock,Real Estate,Other Consumer Services
PRG,PROG Holdings Inc. Common Stock,Consumer Discretionary,Diversified Commercial Services
PRGO,Perrigo Company plc Ordinary Shares,Health Care,Biotechnology: Pharmaceutical Preparations
PRGS,Progress Software Corporation Common Stock (DE),Technology,Computer Software: Prepackaged Software
PRIM,Primoris Services Corporation Common Stock,Industrials,Water Sewer Pipeline Comm & Power Line Construction
PRKS,United Parks & Resorts Inc. Common Stock,Consumer Discretionary,Services-Misc. Amusement & Recreation
PRLB,Proto Labs Inc. Common stock,Industrials,Metal Fabrications
PRLD,Prelude Therapeutics Incorporated Common Stock,Health Care,Biotechnology: Pharmaceutical Preparations
PRMB,Primo Brands Corporation Class A Common Stock,Consumer Staples,Beverages (Production/Distribution)
PRME,Prime Medicine Inc. Common Stock,Health Care,Biotechnology: Biological Products (No Diagnostic Substances)
PROK,ProKidney Corp. Class A Ordinary Shares,Health Care,Biotechnology: Biological Products (No Diagnostic Substances)
PROP,Prairie Operating Co. Common Stock,Energy,Oil & Gas Production
PRPL,Purple Innovation Inc. Common Stock,Consumer Discretionary,Home Furnishings
PRPO,Precipio Inc.  Common Stock,Industrials,Biotechnology: Laboratory Analytical Instruments
PRSO,Peraso Inc. Common Stock,Technology,Semiconductors
PRSU,Pursuit Attractions and Hospitality Inc. Common Stock,Consumer Discretionary,Services-Misc. Amusement & Recreation
PRT,PermRock Royalty Trust Units of Beneficial Interest,Energy,Oil & Gas Production
PRTA,Prothena Corporation plc Ordinary Shares,Health Care,Biotechnology: Pharmaceutical Preparations
PRTH,Priority Technology Holdings Inc. Common Stock,Consumer Discretionary,Business Services
PRTS,CarParts.com Inc. Common Stock,Consumer Discretionary,Auto & Home Supply Stores
PRVA,Privia Health Group Inc. Common Stock,Health Care,Medical/Nursing Services
PSA,Public Storage Common Stock,Real Estate,Real Estate Investment Trusts
PSIX,Power Solutions International Inc. Common Stock,Industrials,Industrial Machinery/Components
PSKY,Paramount Skydance Corporation Class B Common Stock,Industrials,Broadcasting
PSMT,PriceSmart Inc. Common Stock,Consumer Discretionary,Department/Specialty Retail Stores
PSN,Parsons Corporation Common Stock,Technology,EDP Services
PSNL,Personalis Inc. Common Stock,Health Care,Medical Specialities
PSTL,Postal Realty Trust Inc. Class A Common Stock,Real Estate,Real Estate Investment Trusts
PSX,Phillips 66 Common Stock,Energy,Integrated oil Companies
PTC,PTC Inc. Common Stock,Technology,Computer Software: Prepackaged Software
PTCT,PTC Therapeutics Inc. Common Stock,Health Care,Biotechnology: Pharmaceutical Preparations
PTEN,Patterson-UTI Energy Inc. Common Stock,Energy,Oil & Gas Production
PTGX,Protagonist Therapeutics Inc. Common Stock,Health Care,Biotechnology: Pharmaceutical Preparations
PTLO,Portillo's Inc. Class A Common Stock,Consumer Discretionary,Restaurants
PTN,Palatin Technologies Inc. Common Stock,Health Care,Biotechnology: Pharmaceutical Preparations
PTON,Peloton Interactive Inc. Class A Common Stock,Consumer Discretionary,Recreational Games/Products/Toys
PTRN,Pattern Group Inc. Series A Common Stock,Consumer Discretionary,Catalog/Specialty Distribution
PUBM,PubMatic Inc. Class A Common Stock,Technology,Computer Software: Programming Data Processing
PULM,Pulmatrix Inc. Common Stock,Health Care,Biotechnology: Pharmaceutical Preparations
PUMP,ProPetro Holding Corp. Common Stock,Energy,Oilfield Services/Equipment
PUSA,Aureus Greenway Holdings Inc. Common Stock,Consumer Discretionary,Hotels/Resorts
PVH,PVH Corp. Common Stock,Industrials,Garments and Clothing
PVL,Permianville Royalty Trust Units of Beneficial Interest,Energy,Oil & Gas Production
PVLA,Palvella Therapeutics Inc. Common Stock,Health Care,Biotechnology: Pharmaceutical Preparations
PW,Power REIT (MD) Common Stock,Real Estate,Real Estate Investment Trusts
PWR,Quanta Services Inc. Common Stock,Industrials,Engineering & Construction
PXLW,Pixelworks Inc.  Common Stock,Technology,Computer Software: Prepackaged Software
PYPL,PayPal Holdings Inc. Common Stock,Industrials,Diversified Commercial Services
PYXS,Pyxis Oncology Inc. Common Stock,Health Care,Biotechnology: Pharmaceutical Preparations
PZG,Paramount Gold Nevada Corp. Common Stock,Basic Materials,Metal Mining
PZZA,Papa John's International Inc. Common Stock,Consumer Discretionary,Restaurants
Q,Qnity Electronics Inc. Common Stock,Technology,Semiconductors
QBTS,D-Wave Quantum Inc. Common Stock,Technology,EDP Services
QCLS,Q/C Technologies Inc. Common Stock,Health Care,Biotechnology: In Vitro & In Vivo Diagnostic Substances
QCOM,QUALCOMM Incorporated Common Stock,Technology,Radio And Television Broadcasting And Communications Equipment
QDEL,QuidelOrtho Corporation Common Stock,Health Care,Biotechnology: In Vitro & In Vivo Diagnostic Substances
QLYS,Qualys Inc. Common Stock,Technology,Computer Software: Prepackaged Software
QMCO,Quantum Corporation Common Stock,Technology,Electronic Components
QMLS,QumulusAI Inc. Common Stock,Technology,EDP Services
QNCX,Quince Therapeutics Inc. Common Stock,Health Care,Biotechnology: Biological Products (No Diagnostic Substances)
QNME,Quanome Technologies Inc. Common Stock,Industrials,Integrated Freight & Logistics
QNST,QuinStreet Inc. Common Stock,Consumer Discretionary,Business Services
QNT,Quantinuum Inc. Class A Common Stock,Technology,EDP Services
QRHC,Quest Resource Holding Corporation Common Stock,Utilities,Environmental Services
QRVO,Qorvo Inc. Common Stock,Technology,Semiconductors
QSI,Quantum-Si Incorporated Class A Common Stock,Industrials,Industrial Machinery/Components
QTI,QT Imaging Holdings Inc. Common Stock,Health Care,Biotechnology: Electromedical & Electrotherapeutic Apparatus
QTRX,Quanterix Corporation Common Stock,Industrials,Biotechnology: Laboratory Analytical Instruments
QTTB,Q32 Bio Inc. Common Stock,Health Care,Biotechnology: Pharmaceutical Preparations
QTWO,Q2 Holdings Inc. Common Stock,Technology,Computer Software: Prepackaged Software
QUAD,Quad Graphics Inc Class A Common Stock,Consumer Discretionary,Publishing
QUBT,Quantum Computing Inc. Common Stock,Technology,Computer Software: Prepackaged Software
QUIK,QuickLogic Corporation Common Stock,Technology,Semiconductors
QVCG,QVC Group Inc. Common Stock,Consumer Discretionary,Catalog/Specialty Distribution
QXO,QXO Inc. Common Stock,Consumer Discretionary,RETAIL: Building Materials
R,Ryder System Inc. Common Stock,Consumer Discretionary,Rental/Leasing Companies
RAIL,FreightCar America Inc. Common Stock,Industrials,Railroads
RAIN,Rain Enhancement Technologies Holdco Inc. Class A Common Stock,Technology,Industrial Machinery/Components
RAL,Ralliant Corporation Common Stock,Industrials,Industrial Machinery/Components
RAMP,LiveRamp Holdings Inc. Common Stock,Technology,EDP Services
RANI,Rani Therapeutics Holdings Inc. Class A Common Stock,Health Care,Biotechnology: Pharmaceutical Preparations
RAPP,Rapport Therapeutics Inc. Common Stock,Health Care,Biotechnology: Pharmaceutical Preparations
RARE,Ultragenyx Pharmaceutical Inc. Common Stock,Health Care,Biotechnology: Pharmaceutical Preparations
RAVE,Rave Restaurant Group Inc. Common Stock,Consumer Discretionary,Food Distributors
RBBN,Ribbon Communications Inc. Common Stock,Technology,EDP Services
RBC,RBC Bearings Incorporated Common Stock,Industrials,Metal Fabrications
RBLX,Roblox Corporation Class A Common Stock,Technology,Computer Software: Prepackaged Software
RBRK,Rubrik Inc. Class A Common Stock,Technology,Computer Software: Prepackaged Software
RC,Ready Capital Corporation Common Stock,Real Estate,Real Estate Investment Trusts
RCAT,Red Cat Holdings Inc. Common Stock,Technology,Computer Software: Prepackaged Software
RCD,Ready Capital Corporation 9.00% Senior Notes due 2029,Real Estate,Real Estate Investment Trusts
RCEL,Avita Medical Inc. Common Stock,Health Care,Medical/Dental Instruments
RCKT,Rocket Pharmaceuticals Inc. Common Stock,Health Care,Biotechnology: Pharmaceutical Preparations
RCKY,Rocky Brands Inc. Common Stock,Consumer Discretionary,Shoe Manufacturing
RCL,Royal Caribbean Cruises Ltd. Common Stock,Consumer Discretionary,Marine Transportation
RCMT,RCM Technologies Inc. Common Stock,Consumer Discretionary,Professional Services
RCUS,Arcus Biosciences Inc. Common Stock,Health Care,Biotechnology: Pharmaceutical Preparations
RDDT,Reddit Inc. Class A Common Stock,Technology,EDP Services
RDI,Reading International Inc Class A Common Stock,Consumer Discretionary,Movies/Entertainment
RDIB,Reading International Inc Class B Common Stock,Consumer Discretionary,Movies/Entertainment
RDNT,RadNet Inc. Common Stock,Health Care,Medical Specialities
RDNW,RideNow Group Inc. Class B Common Stock,Technology,EDP Services
RDVT,Red Violet Inc. Common Stock ,Technology,Computer Software: Prepackaged Software
RDW,Redwire Corporation Common Stock,Industrials,Military/Government/Technical
REAL,The RealReal Inc. Common Stock,Consumer Discretionary,Other Specialty Stores
REBN,Reborn Coffee Inc. Common Stock,Consumer Discretionary,Restaurants
REFI,Chicago Atlantic Real Estate Finance Inc. Common Stock,Real Estate,Real Estate Investment Trusts
REG,Regency Centers Corporation Common Stock,Real Estate,Real Estate Investment Trusts
REGCO,Regency Centers Corporation 5.875% Series B Cumulative Redeemable Preferred Stock,Real Estate,Real Estate Investment Trusts
REGCP,Regency Centers Corporation 6.25% Series A Cumulative Redeemable Preferred Stock,Real Estate,Real Estate Investment Trusts
REGN,Regeneron Pharmaceuticals Inc. Common Stock,Health Care,Biotechnology: Pharmaceutical Preparations
REI,Ring Energy Inc. Common Stock,Energy,Oil & Gas Production
REKR,Rekor Systems Inc. Common Stock,Telecommunications,Telecommunications Equipment
RELL,Richardson Electronics Ltd. Common Stock,Technology,Electronic Components
RELY,Remitly Global Inc. Common Stock,Consumer Discretionary,Business Services
RENT,Rent the Runway Inc. Class A Common Stock,Consumer Discretionary,Other Specialty Stores
RENX,RenX Enterprises Corp. Common Stock,Utilities,Environmental Services
REPL,Replimune Group Inc. Common Stock,Health Care,Biotechnology: Biological Products (No Diagnostic Substances)
REPX,Riley Exploration Permian Inc. Common Stock,Energy,Oil & Gas Production
RES,RPC Inc. Common Stock,Energy,Oilfield Services/Equipment
REVB,Revelation Biosciences Inc. Common Stock,Health Care,Biotechnology: Pharmaceutical Preparations
REVBW,Revelation Biosciences Inc. Warrant,Health Care,Biotechnology: Pharmaceutical Preparations
REX,REX American Resources Corporation,Industrials,Major Chemicals
REXR,Rexford Industrial Realty Inc. Common Stock,Real Estate,Real Estate Investment Trusts
REYN,Reynolds Consumer Products Inc. Common Stock,Consumer Discretionary,Containers/Packaging
REZI,Resideo Technologies Inc. Common Stock ,Industrials,Wholesale Distributors
RFIL,RF Industries Ltd. Common Stock,Technology,Electrical Products
RFL,Rafael Holdings Inc. Class B Common Stock,Health Care,Biotechnology: Pharmaceutical Preparations
RGCO,RGC Resources Inc. Common Stock,Utilities,Oil & Gas Production
RGEN,Repligen Corporation Common Stock,Health Care,Biotechnology: Biological Products (No Diagnostic Substances)
RGLD,Royal Gold Inc. Common Stock,Industrials,Precious Metals
RGNX,REGENXBIO Inc. Common Stock,Health Care,Biotechnology: Biological Products (No Diagnostic Substances)
RGP,Resources Connection Inc. Common Stock,Consumer Discretionary,Business Services
RGR,Sturm Ruger & Company Inc. Common Stock,Industrials,Ordnance And Accessories
RGS,Regis Corporation Common Stock,Consumer Discretionary,Other Consumer Services
RGTI,Rigetti Computing Inc. Common Stock,Technology,EDP Services
RGTIW,Rigetti Computing Inc. Warrants,Technology,EDP Services
RH,RH Common Stock,Consumer Discretionary,Other Specialty Stores
RHI,Robert Half Inc. Common Stock,Consumer Discretionary,Professional Services
RHP,Ryman Hospitality Properties Inc. (REIT),Real Estate,Real Estate Investment Trusts
RICK,RCI Hospitality Holdings Inc. Common Stock,Consumer Discretionary,Restaurants
RIGL,Rigel Pharmaceuticals Inc. Common Stock,Health Care,Biotechnology: Pharmaceutical Preparations
RIME,Algorhythm Holdings Inc. Common Stock,Technology,EDP Services
RITM,Rithm Capital Corp. Common Stock,Real Estate,Real Estate Investment Trusts
RIVN,Rivian Automotive Inc. Class A Common Stock,Industrials,Auto Manufacturing
RJET,Republic Airways Holdings Inc. Common Stock,Consumer Discretionary,Air Freight/Delivery Services
RKDA,Arcadia Biosciences Inc. Common Stock,Energy,Oil & Gas Production
RKLB,Rocket Lab Corporation Common Stock,Industrials,Military/Government/Technical
RKTO,Rocket One Inc. Common Stock,Health Care,Biotechnology: Pharmaceutical Preparations
RL,Ralph Lauren Corporation Common Stock,Industrials,Garments and Clothing
RLAY,Relay Therapeutics Inc. Common Stock,Health Care,Biotechnology: Biological Products (No Diagnostic Substances)
RLGT,Radiant Logistics Inc. Common Stock,Industrials,Integrated Freight & Logistics
RLJ,RLJ Lodging Trust Common Shares of Beneficial Interest $0.01 par value,Real Estate,Real Estate Investment Trusts
RLMD,Relmada Therapeutics Inc. Common Stock,Health Care,Biotechnology: Pharmaceutical Preparations
RLYB,Rallybio Corporation Common Stock,Health Care,Biotechnology: Pharmaceutical Preparations
RMBS,Rambus Inc. Common Stock,Technology,Semiconductors
RMCF,Rocky Mountain Chocolate Factory Inc. Common Stock,Consumer Staples,Specialty Foods
RMD,ResMed Inc. Common Stock,Health Care,Medical/Dental Instruments
RMIX,Suncrete Inc. Class A Common Stock,Industrials,Building Materials
RMNI,Rimini Street Inc. (DE) Common Stock,Consumer Discretionary,Business Services
RMR,The RMR Group Inc. Class A Common Stock,Consumer Discretionary,Professional Services
RMSG,Real Messenger Corporation Ordinary Shares,Technology,Computer Software: Programming Data Processing
RMSGW,Real Messenger Corporation Warrants,Technology,Computer Software: Programming Data Processing
RMTI,Rockwell Medical Inc. Common Stock,Health Care,Biotechnology: Pharmaceutical Preparations
RNA,Atrium Therapeutics Inc. Common Stock,Health Care,Biotechnology: Pharmaceutical Preparations
RNAC,Cartesian Therapeutics Inc. Common Stock,Health Care,Biotechnology: Pharmaceutical Preparations
RNAZ,TransCode Therapeutics Inc. Common Stock,Health Care,Biotechnology: Pharmaceutical Preparations
RNG,RingCentral Inc. Class A Common Stock,Technology,EDP Services
RNGR,Ranger Energy Services Inc. Class A Common Stock,Energy,Oilfield Services/Equipment
RNTX,Rein Therapeutics Inc. Common Stock,Health Care,Biotechnology: Pharmaceutical Preparations
RNXT,RenovoRx Inc. Common Stock,Health Care,Biotechnology: Pharmaceutical Preparations
ROAD,Construction Partners Inc. Class A Common Stock,Industrials,Military/Government/Technical
ROC,Rank One Computing Corporation Common stock,Technology,Computer Software: Prepackaged Software
ROCK,Gibraltar Industries Inc. Common Stock,Industrials,Steel/Iron Ore
ROG,Rogers Corporation Common Stock,Industrials,Major Chemicals
ROK,Rockwell Automation Inc. Common Stock,Industrials,Industrial Machinery/Components
ROKU,Roku Inc. Class A Common Stock,Telecommunications,Cable & Other Pay Television Services
ROL,Rollins Inc. Common Stock,Consumer Discretionary,Diversified Commercial Services
ROP,Roper Technologies Inc. Common Stock,Industrials,Industrial Machinery/Components
ROST,Ross Stores Inc. Common Stock,Consumer Discretionary,Clothing/Shoe/Accessory Stores
RPAY,Repay Holdings Corporation Class A Common Stock,Consumer Discretionary,Business Services
RPD,Rapid7 Inc. Common Stock,Technology,Computer Software: Prepackaged Software
RPID,Rapid Micro Biosystems Inc. Class A Common Stock,Industrials,Biotechnology: Laboratory Analytical Instruments
RPM,RPM International Inc. Common Stock,Consumer Discretionary,Paints/Coatings
RPRX,Royalty Pharma plc Class A Ordinary Shares ,Health Care,Biotechnology: Pharmaceutical Preparations
RPT,Rithm Property Trust Inc. Common stock,Real Estate,Real Estate Investment Trusts
RR,Richtech Robotics Inc. Class B Common Stock,Industrials,Industrial Machinery/Components
RRC,Range Resources Corporation Common Stock,Energy,Oil & Gas Production
RRGB,Red Robin Gourmet Burgers Inc. Common Stock,Consumer Discretionary,Restaurants
RRR,Red Rock Resorts Inc. Class A Common Stock,Consumer Discretionary,Hotels/Resorts
RRX,Regal Rexnord Corporation Common Stock,Industrials,Industrial Machinery/Components
RS,Reliance Inc. Common Stock,Industrials,Metal Fabrications
RSG,Republic Services Inc. Common Stock,Utilities,Environmental Services
RSI,Rush Street Interactive Inc. Class A Common Stock,Consumer Discretionary,Services-Misc. Amusement & Recreation
RSSS,Research Solutions Inc Common Stock,Technology,EDP Services
RSVR,Reservoir Media Inc. Common Stock,Consumer Discretionary,Services-Misc. Amusement & Recreation
RTB,RTB Digital Inc. Common Stock,Consumer Discretionary,Professional Services
RTO,Rentokil Initial plc American Depositary Shares (each representing five (5) Ordinary Shares),Consumer Discretionary,Other Consumer Services
RTX,RTX Corporation Common Stock,Industrials,Aerospace
RUM,RUM Group Inc. Class A Common Stock,Technology,Computer Software: Programming Data Processing
RUMBW,RUM Group Inc. Warrant,Technology,Computer Software: Programming Data Processing
RUSHA,Rush Enterprises Inc. Common Stock Cl A,Consumer Discretionary,Retail-Auto Dealers and Gas Stations
RUSHB,Rush Enterprises Inc. Class B,Consumer Discretionary,Retail-Auto Dealers and Gas Stations
RVLV,Revolve Group Inc. Class A Common Stock,Consumer Discretionary,Catalog/Specialty Distribution
RVMD,Revolution Medicines Inc. Common Stock,Health Care,Biotechnology: Biological Products (No Diagnostic Substances)
RVMDW,Revolution Medicines Inc. Warrant,Health Care,Biotechnology: Biological Products (No Diagnostic Substances)
RVP,Retractable Technologies Inc. Common Stock,Health Care,Medical/Dental Instruments
RVTY,Revvity Inc. Common Stock,Industrials,Biotechnology: Laboratory Analytical Instruments
RWT,Redwood Trust Inc. Common Stock,Real Estate,Real Estate Investment Trusts
RWTN,Redwood Trust Inc. 9.125% Senior Notes Due 2029,Real Estate,Real Estate Investment Trusts
RWTO,Redwood Trust Inc. 9.00% Senior Notes Due 2029,Real Estate,Real Estate Investment Trusts
RWTP,Redwood Trust Inc. 9.125% Senior Notes Due 2030,Real Estate,Real Estate Investment Trusts
RWTQ,Redwood Trust Inc. 9.500% Senior Notes Due 2030,Real Estate,Real Estate Investment Trusts
RWTS,Redwood Trust Inc. 9.75% Senior Notes Due 2031,Real Estate,Real Estate Investment Trusts
RXO,RXO Inc. Common Stock,Consumer Discretionary,Transportation Services
RXRX,Recursion Pharmaceuticals Inc. Class A Common Stock,Health Care,Biotechnology: Biological Products (No Diagnostic Substances)
RXST,RxSight Inc. Common Stock,Health Care,Ophthalmic Goods
RXT,Rackspace Technology Inc. Common Stock,Technology,Computer Software: Programming Data Processing
RYAM,Rayonier Advanced Materials Inc. Common Stock,Basic Materials,Paper
RYM,RYTHM Inc. Common Stock,Consumer Staples,Farming/Seeds/Milling
RYN,Rayonier Inc. REIT Common Stock,Real Estate,Real Estate Investment Trusts
RYTM,Rhythm Pharmaceuticals Inc. Common Stock,Health Care,Biotechnology: Pharmaceutical Preparations
RYZ,Ryerson Holding Corporation Common Stock,Industrials,Metal Fabrications
RZLT,Rezolute Inc. Common Stock (NV),Health Care,Biotechnology: Pharmaceutical Preparations
S,SentinelOne Inc. Class A Common Stock,Technology,Computer Software: Prepackaged Software
SABR,Sabre Corporation Common Stock,Technology,Computer Software: Programming Data Processing
SABS,SAB Biotherapeutics Inc. Common Stock,Health Care,Biotechnology: Biological Products (No Diagnostic Substances)
SABSW,SAB Biotherapeutics Inc. Warrant,Health Care,Biotechnology: Biological Products (No Diagnostic Substances)
SACH,Sachem Capital Corp. Common Shares,Real Estate,Real Estate Investment Trusts
SAFE,Safehold Inc. New Common Stock ,Real Estate,Real Estate Investment Trusts
SAFX,XCF Global Inc. Class A Common Stock,Industrials,Major Chemicals
SAH,Sonic Automotive Inc. Common Stock,Consumer Discretionary,Retail-Auto Dealers and Gas Stations
SAIA,Saia Inc. Common Stock,Industrials,Trucking Freight/Courier Services
SAIC,Science Applications International Corporation Common Stock,Technology,EDP Services
SAIL,SailPoint Inc. Common Stock,Technology,Computer Software: Prepackaged Software
SAM,Boston Beer Company Inc. (The) Common Stock,Consumer Staples,Beverages (Production/Distribution)
SANA,Sana Biotechnology Inc. Common Stock,Health Care,Biotechnology: Biological Products (No Diagnostic Substances)
SANM,Sanmina Corporation Common Stock,Technology,Electrical Products
SARO,StandardAero Inc. Common Stock,Industrials,Aerospace
SBAC,SBA Communications Corporation Class A Common Stock,Real Estate,Real Estate Investment Trusts
SBC,SBC Medical Group Holdings Incorporated Common Stock,Health Care,Medical/Nursing Services
SBET,Sharplink Inc. Common Stock,Technology,Computer Software: Prepackaged Software
SBGI,Sinclair Inc. Class A Common Stock,Industrials,Broadcasting
SBH,Sally Beauty Holdings Inc. (Name to be changed from Sally Holdings Inc.) Common Stock,Consumer Discretionary,Other Specialty Stores
SBR,Sabine Royalty Trust Common Stock,Energy,Oil & Gas Production
SBRA,Sabra Health Care REIT Inc. Common Stock,Real Estate,Real Estate Investment Trusts
SBUX,Starbucks Corporation Common Stock,Consumer Discretionary,Restaurants
SCCD,Sachem Capital Corp. 6.00% Notes due 2026,Real Estate,Real Estate Investment Trusts
SCCE,Sachem Capital Corp. 6.00% Notes due 2027,Real Estate,Real Estate Investment Trusts
SCCF,Sachem Capital Corp. 7.125% Notes due 2027,Real Estate,Real Estate Investment Trusts
SCCG,Sachem Capital Corp. 8.00% Notes due 2027,Real Estate,Real Estate Investment Trusts
SCCO,Southern Copper Corporation Common Stock,Basic Materials,Metal Mining
SCHL,Scholastic Corporation Common Stock,Consumer Discretionary,Books
SCI,Service Corporation International Common Stock,Consumer Discretionary,Other Consumer Services
SCKT,Socket Mobile Inc. Common Stock,Technology,Computer Manufacturing
SCL,Stepan Company Common Stock,Consumer Discretionary,Package Goods/Cosmetics
SCLX,Scilex Holding Company Common Stock,Health Care,Biotechnology: Biological Products (No Diagnostic Substances)
SCLXW,Scilex Holding Company Warrant,Health Care,Biotechnology: Biological Products (No Diagnostic Substances)
SCNX,Scienture Holdings Inc. Common Stock,Health Care,Biotechnology: Pharmaceutical Preparations
SCOR,comScore Inc. Common Stock,Consumer Discretionary,Business Services
SCSC,ScanSource Inc. Common Stock,Technology,Retail: Computer Software & Peripheral Equipment
SCTX,Scribe Therapeutics Inc. Common Stock,Health Care,Biotechnology: Biological Products (No Diagnostic Substances)
SCWO,374Water Inc. Common Stock,Consumer Discretionary,Metal Fabrications
SCYX,SCYNEXIS Inc. Common Stock,Health Care,Biotechnology: Pharmaceutical Preparations
SD,SandRidge Energy Inc. Common Stock,Energy,Oil & Gas Production
SDEV,Stablecoin Development Corporation Common Stock,Health Care,Biotechnology: Pharmaceutical Preparations
SDGR,Schrodinger Inc. Common Stock,Health Care,Biotechnology: Pharmaceutical Preparations
SDHC,Smith Douglas Homes Corp. Class A Common Stock,Consumer Discretionary,Homebuilding
SDOT,Sadot Group Inc. Common Stock,Consumer Discretionary,Restaurants
SDST,Stardust Power Inc. Common Stock,Industrials,Major Chemicals
SE,Sea Limited American Depositary Shares each representing one Class A Ordinary Share,Consumer Discretionary,Other Consumer Services
SEAT,Vivid Seats Inc. Class A Common Stock,Consumer Discretionary,Services-Misc. Amusement & Recreation
SEATW,Vivid Seats Inc. Warrant,Consumer Discretionary,Services-Misc. Amusement & Recreation
SEB,Seaboard Corporation Common Stock,Industrials,Farming/Seeds/Milling
SEER,Seer Inc. Class A Common Stock,Industrials,Biotechnology: Laboratory Analytical Instruments
SEG,Seaport Entertainment Group Inc. Common Stock,Consumer Discretionary,Services-Misc. Amusement & Recreation
SEGG,Sports Entertainment Gaming Global Corporation Common Stock,Technology,Computer Software: Prepackaged Software
SEI,Solaris Energy Infrastructure Inc. Class A Common Stock,Consumer Discretionary,Oil and Gas Field Machinery
SELF,Global Self Storage Inc. Common Stock,Real Estate,Real Estate Investment Trusts
SENEA,Seneca Foods Corp. Class A Common Stock,Consumer Staples,Packaged Foods
SENEB,Seneca Foods Corp. Class B Common Stock,Consumer Staples,Packaged Foods
SENS,Senseonics Holdings Inc. Common Stock,Health Care,Medical/Dental Instruments
SEPN,Septerna Inc. Common Stock,Health Care,Biotechnology: Pharmaceutical Preparations
SER,Serina Therapeutics Inc. Common Stock,Health Care,Biotechnology: Pharmaceutical Preparations
SERA,Sera Prognostics Inc. Class A Common Stock,Health Care,Medical Specialities
SERV,Serve Robotics Inc. Common Stock,Industrials,Industrial Machinery/Components
SEV,Aptera Motors Corp. Class B Common Stock,Industrials,Auto Manufacturing
SEVN,Seven Hills Realty Trust Common Stock,Real Estate,Real Estate Investment Trusts
SFD,Smithfield Foods Inc. Common Stock,Consumer Staples,Meat/Poultry/Fish
SFIX,Stitch Fix Inc. Class A Common Stock,Consumer Discretionary,Catalog/Specialty Distribution
SFM,Sprouts Farmers Market Inc. Common Stock,Consumer Staples,Food Chains
SG,Sweetgreen Inc. Class A Common Stock,Consumer Discretionary,Restaurants
SGA,Saga Communications Inc. Class A Common Stock (FL),Consumer Discretionary,Broadcasting
SGC,Superior Group of Companies Inc. Common Stock,Consumer Discretionary,Apparel
SGHT,Sight Sciences Inc. Common Stock,Health Care,Medical/Dental Instruments
SGI,Somnigroup International Inc. Common Stock,Consumer Discretionary,Home Furnishings
SGLY,Singularity Future Technology Ltd. Common Stock,Industrials,Integrated Freight & Logistics
SGMT,Sagimet Biosciences Inc. Series A Common Stock,Health Care,Biotechnology: Pharmaceutical Preparations
SGP,SpyGlass Pharma Inc. Common Stock,Health Care,Medical/Dental Instruments
SGRY,Surgery Partners Inc. Common Stock,Health Care,Hospital/Nursing Management
SGU,Star Group L.P. Common Stock,Consumer Discretionary,Other Specialty Stores
SHAK,Shake Shack Inc. Class A Common Stock,Consumer Discretionary,Restaurants
SHAZ,SharonAI Holdings Inc. Class A Common Stock,Technology,EDP Services
SHC,Sotera Health Company Common Stock,Health Care,Misc Health and Biotechnology Services
SHEN,Shenandoah Telecommunications Co Common Stock,Telecommunications,Telecommunications Equipment
SHIM,Shimmick Corporation Common Stock,Industrials,Military/Government/Technical
SHLS,Shoals Technologies Group Inc. Class A Common Stock,Technology,Semiconductors
SHO,Sunstone Hotel Investors Inc. Sunstone Hotel Investors Inc. Common Shares,Consumer Discretionary,Hotels/Resorts
SHOE,Shoe Station Group Inc. Common Stock,Consumer Discretionary,Clothing/Shoe/Accessory Stores
SHOO,Steven Madden Ltd. Common Stock,Consumer Discretionary,Shoe Manufacturing
SHPH,Shuttle Pharmaceuticals Holdings Inc. Common Stock,Health Care,Biotechnology: Pharmaceutical Preparations
SHW,Sherwin-Williams Company (The) Common Stock,Consumer Discretionary,RETAIL: Building Materials
SI,Shoulder Innovations Inc. Common Stock,Health Care,Medical/Dental Instruments
SIBN,SI-BONE Inc. Common Stock,Health Care,Medical/Dental Instruments
SIDU,Sidus Space Inc. Class A Common Stock,Telecommunications,Telecommunications Equipment
SIF,SIFCO Industries Inc. Common Stock,Industrials,Aerospace
SIGA,SIGA Technologies Inc. Common Stock,Health Care,Biotechnology: Pharmaceutical Preparations
SILO,Silo Pharma Inc. Common Stock,Health Care,Biotechnology: Pharmaceutical Preparations
SINT,SiNtx Technologies Inc. Common Stock,Health Care,Medical/Dental Instruments
SION,Sionna Therapeutics Inc. Common Stock,Health Care,Biotechnology: Pharmaceutical Preparations
SIRI,SiriusXM Holdings Inc. Common Stock,Consumer Discretionary,Broadcasting
SITC,SITE Centers Corp. Common Stock,Real Estate,Real Estate Investment Trusts
SITE,SiteOne Landscape Supply Inc. Common Stock,Consumer Discretionary,Professional and commerical equipment
SITM,SiTime Corporation Common Stock,Technology,Semiconductors
SJM,The J.M. Smucker Company Common Stock,Consumer Staples,Packaged Foods
SJT,San Juan Basin Royalty Trust Common Stock,Energy,Oil & Gas Production
SKIL,Skillsoft Corp. Class A Common Stock,Technology,Computer Software: Prepackaged Software
SKIN,SkinHealth Systems Inc. Class A Common Stock,Health Care,Medical/Dental Instruments
SKT,Tanger Inc. Common Stock,Real Estate,Real Estate Investment Trusts
SKY,Champion Homes Inc. Common Stock,Consumer Discretionary,Homebuilding
SKYA,SkyAI Inc. Common Stock,Health Care,Medical/Dental Instruments
SKYAW,SkyAI Inc. Warrant,Technology,EDP Services
SKYE,Skye Bioscience Inc. Common Stock,Health Care,Biotechnology: Pharmaceutical Preparations
SKYQ,Sky Quarry Inc. Common Stock,Industrials,Environmental Services
SKYW,SkyWest Inc. Common Stock,Consumer Discretionary,Air Freight/Delivery Services
SKYX,SKYX Platforms Corp. Common Stock,Consumer Discretionary,Building Products
SLAB,Silicon Laboratories Inc. Common Stock,Technology,Semiconductors
SLDB,Solid Biosciences Inc. Common Stock,Health Care,Biotechnology: Biological Products (No Diagnostic Substances)
SLE,Super League Enterprise Inc. Common Stock,Technology,EDP Services
SLG,SL Green Realty Corp Common Stock,Real Estate,Real Estate Investment Trusts
SLGN,Silgan Holdings Inc. Common Stock,Industrials,Containers/Packaging
SLND,Southland Holdings Inc. Common Stock,Industrials,Military/Government/Technical
SLNG,Stabilis Solutions Inc. Common Stock,Utilities,Oil/Gas Transmission
SLNH,Soluna Holdings Inc. Common Stock,Technology,EDP Services
SLNHP,Soluna Holdings Inc 9.0% Series A Cumulative Perpetual Preferred Stock ,Technology,EDP Services
SLP,Simulations Plus Inc. Common Stock,Technology,EDP Services
SLS,SELLAS Life Sciences Group Inc. Common Stock,Health Care,Biotechnology: Pharmaceutical Preparations
SLSN,Solesence Inc. Common Stock,Consumer Discretionary,Package Goods/Cosmetics
SLVM,Sylvamo Corporation Common Stock,Basic Materials,Paper
SM,SM Energy Company Common Stock,Energy,Oil & Gas Production
SMA,SmartStop Self Storage REIT Inc. Common Stock,Real Estate,Real Estate Investment Trusts
SMC,Summit Midstream Corporation Common Stock,Utilities,Natural Gas Distribution
SMCI,Super Micro Computer Inc. Common Stock,Technology,Computer Manufacturing
SMCIP,Super Micro Computer Inc. Depositary Shares representing a 1/20th Interest in a Share of 7% Series A Mandatory Convertible Preferred Stock,Technology,Computer Manufacturing
SMG,Scotts Miracle-Gro Company (The) Common Stock,Industrials,Agricultural Chemicals
SMHI,SEACOR Marine Holdings Inc. Common Stock ,Consumer Discretionary,Marine Transportation
SMID,Smith-Midland Corporation Common Stock,Industrials,Building Materials
SMMT,Summit Therapeutics Inc. Common Stock ,Health Care,Biotechnology: Pharmaceutical Preparations
SMP,Standard Motor Products Inc. Common Stock,Consumer Discretionary,Auto Parts:O.E.M.
SMPL,The Simply Good Foods Company Common Stock,Consumer Staples,Packaged Foods
SMR,NuScale Power Corporation Class A Common Stock,Industrials,Metal Fabrications
SMRT,SmartRent Inc. Class A Common Stock,Technology,EDP Services
SMSI,Smith Micro Software Inc. Common Stock,Technology,Computer Software: Prepackaged Software
SMTC,Semtech Corporation Common Stock,Technology,Semiconductors
SMTI,Sanara MedTech Inc. Common Stock,Health Care,Industrial Specialties
SMTK,SmartKem Inc. Common Stock,Technology,Semiconductors
SMXT,Solarmax Technology Inc. Common Stock,Consumer Discretionary,Engineering & Construction
SN,SharkNinja Inc. Ordinary Shares,Consumer Discretionary,Consumer Electronics/Appliances
SNA,Snap-On Incorporated Common Stock,Consumer Discretionary,Industrial Machinery/Components
SNAL,Snail Inc. Class A Common Stock,Technology,Computer Software: Prepackaged Software
SNAP,Snap Inc. Class A Common Stock,Technology,Computer Software: Programming Data Processing
SND,Smart Sand Inc. Common Stock,Industrials,Mining & Quarrying of Nonmetallic Minerals (No Fuels)
SNDA,Sonida Senior Living Inc. Common Stock,Health Care,Hospital/Nursing Management
SNDK,Sandisk Corporation Common Stock,Technology,Electronic Components
SNDR,Schneider National Inc. Common Stock,Industrials,Trucking Freight/Courier Services
SNDX,Syndax Pharmaceuticals Inc. Common Stock,Health Care,Biotechnology: Pharmaceutical Preparations
SNES,SenesTech Inc. Common Stock,Industrials,Agricultural Chemicals
SNGX,Soligenix Inc. Common Stock,Health Care,Biotechnology: Pharmaceutical Preparations
SNOA,Sonoma Pharmaceuticals Inc. Common Stock,Health Care,Medical/Dental Instruments
SNOW,Snowflake Inc. Common Stock,Technology,Computer Software: Prepackaged Software
SNPS,Synopsys Inc. Common Stock,Technology,Computer Software: Prepackaged Software
SNTI,Senti Biosciences Holdings Inc. Common Stock,Health Care,Biotechnology: Biological Products (No Diagnostic Substances)
SNWV,SANUWAVE Health Inc. Common Stock,Health Care,Medical/Dental Instruments
SNX,TD SYNNEX Corporation Common Stock,Technology,Retail: Computer Software & Peripheral Equipment
SO,Southern Company (The) Common Stock,Utilities,Electric Utilities: Central
SOC,Sable Offshore Corp. Common Stock,Energy,Oil & Gas Production
SOJC,Southern Company (The) Series 2017B 5.25% Junior Subordinated Notes due December 1 2077,Utilities,Electric Utilities: Central
SOJD,Southern Company (The) Series 2020A 4.95% Junior Subordinated Notes due January 30 2080,Utilities,Electric Utilities: Central
SOJE,Southern Company (The) Series 2020C 4.20% Junior Subordinated Notes due October 15 2060,Utilities,Electric Utilities: Central
SOJF,Southern Company (The) Series 2025A 6.50% Junior Subordinated Notes due March 15 2085,Utilities,Electric Utilities: Central
SOLS,Solstice Advanced Materials Inc. Common Stock ,Industrials,Major Chemicals
SOLV,Solventum Corporation Common Stock,Health Care,Medical/Dental Instruments
SOMN,Southern Company (The) 2025 Series A Corporate Units,Utilities,Electric Utilities: Central
SON,Sonoco Products Company Common Stock,Consumer Discretionary,Containers/Packaging
SONM,DNA X Inc. Common Stock,Utilities,Telecommunications Equipment
SONO,Sonos Inc. Common Stock,Consumer Staples,Consumer Electronics/Appliances
SOTK,Sono-Tek Corporation Common Stock,Technology,Industrial Machinery/Components
SOUN,SoundHound AI Inc Class A Common Stock,Technology,Computer Software: Prepackaged Software
SOUNW,SoundHound AI Inc. Warrant,Technology,Computer Software: Prepackaged Software
SOWG,Sow Good Inc. Common Stock,Consumer Staples,Packaged Foods
SPAI,Safe Pro Group Inc. Common Stock,Technology,Computer Software: Prepackaged Software
SPCE,Virgin Galactic Holdings Inc. Common Stock,Consumer Discretionary,Transportation Services
SPCX,Space Exploration Technologies Corp. Class A Common Stock,Technology,Computer Software: Programming Data Processing
SPG,Simon Property Group Inc. Common Stock,Real Estate,Real Estate Investment Trusts
SPH,Suburban Propane Partners L.P. Common Stock,Consumer Discretionary,Other Specialty Stores
SPHR,Sphere Entertainment Co. Class A Common Stock,Consumer Discretionary,Services-Misc. Amusement & Recreation
SPIR,Spire Global Inc. Class A Common Stock,Consumer Discretionary,Telecommunications Equipment
SPOK,Spok Holdings Inc. Common Stock,Telecommunications,Telecommunications Equipment
SPRB,Spruce Biosciences Inc. Common Stock,Health Care,Biotechnology: Pharmaceutical Preparations
SPRO,Spero Therapeutics Inc. Common Stock,Health Care,Biotechnology: Pharmaceutical Preparations
SPRU,Spruce Power Holding Corporation Class A Common Stock,Utilities,Electric Utilities: Central
SPRY,ARS Pharmaceuticals Inc. Common Stock,Health Care,Biotechnology: Pharmaceutical Preparations
SPSC,SPS Commerce Inc. Common Stock,Technology,Computer Software: Prepackaged Software
SPT,Sprout Social Inc Class A Common Stock,Technology,Computer Software: Prepackaged Software
SPTX,Seaport Therapeutics Inc. Common Stock,Health Care,Biotechnology: Pharmaceutical Preparations
SPWH,Sportsman's Warehouse Holdings Inc. Common Stock,Consumer Discretionary,Other Specialty Stores
SPWR,SunPower Inc. Common Stock,Technology,Semiconductors
SPWRW,SunPower Inc. Warrants,Technology,Semiconductors
SPXC,SPX Technologies Inc. Common Stock,Industrials,Industrial Machinery/Components
SQFT,Presidio Property Trust Inc. Class A Common Stock,Real Estate,Real Estate Investment Trusts
SQFTP,Presidio Property Trust Inc. 9.375% Series D Cumulative Redeemable Perpetual Preferred Stock $0.01 par value per share,Real Estate,Real Estate Investment Trusts
SQFTW,Presidio Property Trust Inc. Series A Common Stock Purchase Warrants,Real Estate,Real Estate Investment Trusts
SR,Spire Inc. Common Stock,Utilities,Oil/Gas Transmission
SRE,DBA Sempra Common Stock,Utilities,Natural Gas Distribution
SREA,DBA Sempra 5.750% Junior Subordinated Notes due 2079,Utilities,Natural Gas Distribution
SRFM,Surf Air Mobility Inc. Common Stock,Consumer Discretionary,Transportation Services
SRI,Stoneridge Inc. Common Stock,Consumer Discretionary,Auto Parts:O.E.M.
SRJN,Spire Inc. 6.375% Junior Subordinated Notes due 2086,Utilities,Oil/Gas Transmission
SRPT,Sarepta Therapeutics Inc. Common Stock (DE),Health Care,Biotechnology: Pharmaceutical Preparations
SRRK,Scholar Rock Holding Corporation Common Stock,Health Care,Biotechnology: Biological Products (No Diagnostic Substances)
SRTA,Strata Critical Medical Inc. Class A Common Stock,Health Care,Medical/Nursing Services
SRTS,Sensus Healthcare Inc. Common Stock,Health Care,Medical/Dental Instruments
SRZN,Surrozen Inc. Common Stock,Health Care,Biotechnology: Biological Products (No Diagnostic Substances)
SSD,Simpson Manufacturing Company Inc. Common Stock,Consumer Discretionary,Industrial Machinery/Components
SSNC,SS&C Technologies Holdings Inc. Common Stock,Technology,Computer Software: Prepackaged Software
SSP,E.W. Scripps Company (The) Class A Common Stock,Industrials,Broadcasting
SST,System1 Inc. Class A Common Stock,Technology,Computer Software: Programming Data Processing
SSTI,SoundThinking Inc. Common Stock,Technology,Computer Software: Prepackaged Software
SSTK,Shutterstock Inc. Common Stock,Technology,EDP Services
SSYS,Stratasys Ltd. Ordinary Shares (Israel),Technology,Computer peripheral equipment
STAA,STAAR Surgical Company Common Stock,Health Care,Ophthalmic Goods
STAG,Stag Industrial Inc. Common Stock,Real Estate,Real Estate Investment Trusts
STE,STERIS plc (Ireland) Ordinary Shares,Health Care,Industrial Specialties
STEM,Stem Inc. Class A Common Stock,Technology,EDP Services
STHO,Star Holdings Shares of Beneficial Interest,Real Estate,Real Estate
STIM,Neuronetics Inc. Common Stock,Health Care,Medical/Dental Instruments
STKS,The ONE Group Hospitality Inc. Common Stock,Consumer Discretionary,Restaurants
STLD,Steel Dynamics Inc.,Industrials,Steel/Iron Ore
STLN,Starling Oncology Inc. Common Stock,Health Care,Medical/Nursing Services
STLNW,Starling Oncology Inc. Warrant,Health Care,Medical/Nursing Services
STOK,Stoke Therapeutics Inc. Common Stock,Health Care,Biotechnology: Pharmaceutical Preparations
STRA,Strategic Education Inc. Common Stock,Real Estate,Other Consumer Services
STRC,Strategy Inc Variable Rate Series A Perpetual Stretch Preferred Stock,Technology,Computer Software: Prepackaged Software
STRD,Strategy Inc 10.00% Series A Perpetual Stride Preferred Stock,Technology,Computer Software: Prepackaged Software
STRF,Strategy Inc 10.00% Series A Perpetual Strife Preferred Stock,Technology,Computer Software: Prepackaged Software
STRK,Strategy Inc 8.00% Series A Perpetual Strike Preferred Stock,Technology,Computer Software: Prepackaged Software
STRL,Sterling Infrastructure Inc. Common Stock,Industrials,Military/Government/Technical
STRO,Sutro Biopharma Inc. Common Stock,Health Care,Biotechnology: Biological Products (No Diagnostic Substances)
STRR,Star Equity Holdings Inc. Common Stock,Consumer Discretionary,Professional Services
STRRP,Star Equity Holdings Inc. 10% Series A Cumulative Perpetual Preferred Stock,Consumer Discretionary,Professional Services
STRT,STRATTEC SECURITY CORPORATION Common Stock,Consumer Discretionary,Auto Parts:O.E.M.
STRW,Strawberry Fields REIT Inc. Common Stock,Real Estate,Real Estate Investment Trusts
STRZ,Starz Entertainment Corp. Common Shares,Consumer Discretionary,Movies/Entertainment
STTK,Shattuck Labs Inc. Common Stock,Health Care,Biotechnology: Pharmaceutical Preparations
STUB,StubHub Holdings Inc. Class A Common Stock,Consumer Discretionary,Services-Misc. Amusement & Recreation
STWD,STARWOOD PROPERTY TRUST INC. Starwood Property Trust Inc.,Real Estate,Real Estate Investment Trusts
STXS,Stereotaxis Inc. Common Stock,Health Care,Biotechnology: Electromedical & Electrotherapeutic Apparatus
STZ,Constellation Brands Inc. Common Stock,Consumer Staples,Beverages (Production/Distribution)
SUI,Sun Communities Inc. Common Stock,Real Estate,Real Estate Investment Trusts
SUJA,Suja Life Inc. Class A Common Stock,Consumer Staples,Beverages (Production/Distribution)
SUN,Sunoco LP Common Units representing limited partner interests,Energy,Integrated oil Companies
SUNE,SUNation Energy Inc. Common Stock,Consumer Discretionary,Engineering & Construction
SUNS,Sunrise Realty Trust Inc. Common Stock,Real Estate,Real Estate Investment Trusts
SUPN,Supernus Pharmaceuticals Inc. Common Stock,Health Care,Biotechnology: Pharmaceutical Preparations
SURG,SurgePays Inc. Common Stock,Consumer Discretionary,Advertising
SVC,Service Properties Trust Common Shares of Beneficial Interest,Real Estate,Real Estate Investment Trusts
SVCO,Silvaco Group Inc. Common Stock,Technology,Computer Software: Prepackaged Software
SVRA,Savara Inc. Common Stock,Health Care,Biotechnology: Pharmaceutical Preparations
SVV,Savers Value Village Inc. Common Stock,Consumer Discretionary,Other Specialty Stores
SWAG,Stran & Company Inc. Common Stock,Consumer Discretionary,Advertising
SWAGW,Stran & Company Inc. Warrant,Consumer Discretionary,Advertising
SWBI,Smith & Wesson Brands Inc. Common Stock,Industrials,Ordnance And Accessories
SWIM,Latham Group Inc. Common Stock,Industrials,Plastic Products
SWK,Stanley Black & Decker Inc. Common Stock,Consumer Discretionary,Industrial Machinery/Components
SWKS,Skyworks Solutions Inc. Common Stock,Technology,Semiconductors
SWMR,Swarmer Inc Common Stock,Technology,Computer Software: Prepackaged Software
SWX,Southwest Gas Holdings Inc. Common Stock (DE),Utilities,Oil & Gas Production
SXC,SunCoke Energy Inc. Common Stock,Industrials,Steel/Iron Ore
SXI,Standex International Corporation Common Stock,Industrials,Industrial Machinery/Components
SXT,Sensient Technologies Corporation Common Stock,Industrials,Major Chemicals
SXTP,60 Degrees Pharmaceuticals Inc. Common Stock,Health Care,Biotechnology: Pharmaceutical Preparations
SXTPW,60 Degrees Pharmaceuticals Inc. Warrant,Health Care,Biotechnology: Pharmaceutical Preparations
SYK,Stryker Corporation Common Stock,Health Care,Medical/Dental Instruments
SYM,Symbotic Inc. Class A Common Stock,Industrials,Industrial Machinery/Components
SYNA,Synaptics Incorporated Common Stock $0.001 Par Value,Technology,Semiconductors
SYPR,Sypris Solutions Inc. Common Stock,Industrials,Industrial Machinery/Components
SYRE,Spyre Therapeutics Inc. Common Stock,Health Care,Biotechnology: Pharmaceutical Preparations
SYY,Sysco Corporation Common Stock,Consumer Discretionary,Food Distributors
T,AT&T Inc.,Telecommunications,Telecommunications Equipment
TACT,TransAct Technologies Incorporated Common Stock,Technology,Computer peripheral equipment
TALO,Talos Energy Inc. Common Stock,Energy,Oil & Gas Production
TARA,Protara Therapeutics Inc.  Common Stock,Health Care,Biotechnology: Biological Products (No Diagnostic Substances)
TARS,Tarsus Pharmaceuticals Inc. Common Stock,Health Care,Biotechnology: Biological Products (No Diagnostic Substances)
TASK,TaskUs Inc. Class A Common Stock,Technology,EDP Services
TAYD,Taylor Devices Inc. Common Stock,Industrials,Industrial Machinery/Components
TBB,AT&T Inc. 5.350% Global Notes due 2066,Telecommunications,Telecommunications Equipment
TBCH,Turtle Beach Corporation Common Stock,Telecommunications,Telecommunications Equipment
TBI,TrueBlue Inc. Common Stock,Consumer Discretionary,Professional Services
TCI,Transcontinental Realty Investors Inc. Common Stock,Real Estate,Real Estate Investment Trusts
TCMD,Tactile Systems Technology Inc. Common Stock,Health Care,Medical/Dental Instruments
TCRT,Alaunos Therapeutics Inc. Common Stock,Health Care,Biotechnology: Pharmaceutical Preparations
TCRX,TScan Therapeutics Inc. Common Stock,Health Care,Biotechnology: Biological Products (No Diagnostic Substances)
TDAY,USA TODAY Co. Inc. Common Stock,Consumer Discretionary,Newspapers/Magazines
TDC,Teradata Corporation Common Stock,Technology,Computer Software: Prepackaged Software
TDG,Transdigm Group Incorporated Common Stock,Industrials,Military/Government/Technical
TDOC,Teladoc Health Inc. Common Stock,Health Care,Medical/Nursing Services
TDS,Telephone and Data Systems Inc. Common Shares,Telecommunications,Telecommunications Equipment
TDUP,ThredUp Inc. Class A Common Stock,Consumer Discretionary,Catalog/Specialty Distribution
TDW,Tidewater Inc. Common Stock,Consumer Discretionary,Marine Transportation
TDY,Teledyne Technologies Incorporated Common Stock,Industrials,Industrial Machinery/Components
TEAD,Teads Holding Co. Common Stock,Technology,Computer Software: Programming Data Processing
TECH,Bio-Techne Corp Common Stock,Health Care,Biotechnology: Biological Products (No Diagnostic Substances)
TECX,Tectonic Therapeutic Inc. Common Stock,Health Care,Biotechnology: Biological Products (No Diagnostic Substances)
TELA,TELA Bio Inc. Common Stock,Health Care,Medical/Dental Instruments
TELO,Telomir Pharmaceuticals Inc. Common Stock,Health Care,Biotechnology: Pharmaceutical Preparations
TEM,Tempus AI Inc. Class A Common Stock,Technology,Computer Software: Programming Data Processing
TENB,Tenable Holdings Inc. Common Stock,Technology,Computer Software: Prepackaged Software
TENX,Tenax Therapeutics Inc. Common Stock,Health Care,Biotechnology: Pharmaceutical Preparations
TER,Teradyne Inc. Common Stock,Industrials,Electrical Products
TEX,Terex Corporation Common Stock,Industrials,Construction/Ag Equipment/Trucks
TFX,Teleflex Incorporated Common Stock,Health Care,Medical/Dental Instruments
TG,Tredegar Corporation Common Stock,Industrials,Metal Fabrications
TGEN,Tecogen Inc. Common Stock,Industrials,Industrial Machinery/Components
TGL,Treasure Global Inc. Common Stock,Consumer Discretionary,Business Services
TGT,Target Corporation Common Stock,Consumer Discretionary,Department/Specialty Retail Stores
TGTX,TG Therapeutics Inc. Common Stock,Health Care,Biotechnology: Pharmaceutical Preparations
TH,Target Hospitality Corp. Common Stock,Consumer Discretionary,Hotels/Resorts
THC,Tenet Healthcare Corporation Common Stock,Health Care,Hospital/Nursing Management
THO,Thor Industries Inc. Common Stock,Industrials,Homebuilding
THRM,Gentherm Inc Common Stock,Consumer Discretionary,Auto Parts:O.E.M.
THRY,Thryv Holdings Inc. Common Stock,Consumer Discretionary,Advertising
TIC,TIC Solutions Inc. Common Stock,Consumer Discretionary,Business Services
TIL,Instil Bio Inc. Common Stock,Health Care,Biotechnology: Biological Products (No Diagnostic Substances)
TILE,Interface Inc. Common Stock,Consumer Discretionary,Home Furnishings
TISI,Team Inc. Common Stock,Consumer Discretionary,Other Consumer Services
TITN,Titan Machinery Inc. Common Stock,Consumer Discretionary,Other Specialty Stores
TJX,TJX Companies Inc. (The) Common Stock,Consumer Discretionary,Clothing/Shoe/Accessory Stores
TKNO,Alpha Teknova Inc. Common Stock,Health Care,Biotechnology: In Vitro & In Vivo Diagnostic Substances
TKO,TKO Group Holdings Inc. Class A Common Stock,Consumer Discretionary,Services-Misc. Amusement & Recreation
TKR,Timken Company (The) Common Stock,Industrials,Metal Fabrications
TLF,Tandy Leather Factory Inc. Common Stock,Consumer Discretionary,Apparel
TLN,Talen Energy Corporation Common Stock,Utilities,Electric Utilities: Central
TLPH,Talphera Inc. Common Stock,Health Care,Biotechnology: Pharmaceutical Preparations
TLRY,Tilray Brands Inc. Common Stock ,Health Care, Medicinal Chemicals and Botanical Products 
TLS,Telos Corporation Common Stock,Technology,EDP Services
TLSI,TriSalus Life Sciences Inc. Common Stock,Health Care,Medical Specialities
TLSIW,TriSalus Life Sciences Inc. Warrant,Health Care,Medical Specialities
TLYS,Tilly's Inc. Common Stock,Consumer Discretionary,Clothing/Shoe/Accessory Stores
TMCI,Treace Medical Concepts Inc. Common Stock,Health Care,Medical/Dental Instruments
TMDX,TransMedics Group Inc. Common Stock,Health Care,Biotechnology: Electromedical & Electrotherapeutic Apparatus
TME,Tencent Music Entertainment Group American Depositary Shares each representing two Class A Ordinary Shares,Consumer Discretionary,Broadcasting
TMO,Thermo Fisher Scientific Inc Common Stock,Industrials,Industrial Machinery/Components
TMUS,T-Mobile US Inc. Common Stock,Telecommunications,Telecommunications Equipment
TMUSI,T-Mobile US Inc. 5.500% Senior Notes due June 2070,Telecommunications,Telecommunications Equipment
TMUSL,T-Mobile US Inc. 6.250% Senior Notes due 2069,Telecommunications,Telecommunications Equipment
TMUSZ,T-Mobile US Inc. 5.500% Senior Notes due March 2070,Telecommunications,Telecommunications Equipment
TNC,Tennant Company Common Stock,Industrials,Industrial Machinery/Components
TNDM,Tandem Diabetes Care Inc. Common Stock,Health Care,Medical/Dental Instruments
TNET,TriNet Group Inc. Common Stock,Consumer Discretionary,Business Services
TNGX,Tango Therapeutics Inc.,Health Care,Biotechnology: Pharmaceutical Preparations
TNL,Travel   Leisure Co. Common  Stock,Consumer Discretionary,Hotels/Resorts
TNON,Tenon Medical Inc. Common Stock,Health Care,Medical/Dental Instruments
TNONW,Tenon Medical Inc. Warrant,Health Care,Medical/Dental Instruments
TNXP,Tonix Pharmaceuticals Holding Corp. Common Stock,Health Care,Biotechnology: Pharmaceutical Preparations
TNYA,Tenaya Therapeutics Inc. Common Stock,Health Care,Biotechnology: Biological Products (No Diagnostic Substances)
TOL,Toll Brothers Inc. Common Stock,Consumer Discretionary,Homebuilding
TOMZ,TOMI Environmental Solutions Inc. Common Stock,Industrials,Major Chemicals
TOON,Kartoon Studios Inc. Common Stock,Consumer Discretionary,Movies/Entertainment
TOST,Toast Inc. Class A Common Stock,Technology,EDP Services
TOVX,Theriva Biologics Inc. Common Stock,Health Care,Biotechnology: Pharmaceutical Preparations
TPB,Turning Point Brands Inc. Common Stock,Consumer Discretionary,Tobacco
TPC,Tutor Perini Corporation Common Stock,Consumer Discretionary,General Bldg Contractors - Nonresidential Bldgs
TPCS,TechPrecision Corporation Common stock,Industrials,Metal Fabrications
TPL,Texas Pacific Land Corporation Common Stock,Energy,Oil & Gas Production
TPR,Tapestry Inc. Common Stock,Consumer Discretionary,Apparel
TPST,Tempest Therapeutics Inc. Common Stock,Health Care,Biotechnology: Pharmaceutical Preparations
TPVG,TriplePoint Venture Growth BDC Corp. Common Stock,Consumer Discretionary,Other Consumer Services
TR,Tootsie Roll Industries Inc. Common Stock,Consumer Staples,Specialty Foods
TRAK,ReposiTrak Inc. Common Stock,Technology,EDP Services
TRAW,Traws Pharma Inc. Common Stock,Health Care,Biotechnology: Pharmaceutical Preparations
TRAX,First Tracks Biotherapeutics Inc. Ordinary Shares ,Health Care,Biotechnology: Pharmaceutical Preparations
TRDA,Entrada Therapeutics Inc. Common Stock,Health Care,Biotechnology: Pharmaceutical Preparations
TREX,Trex Company Inc. Common Stock,Basic Materials,Forest Products
TRGP,Targa Resources Inc. Common Stock,Utilities,Natural Gas Distribution
TRI,Thomson Reuters Corporation Common Shares,Consumer Discretionary,Publishing
TRIP,TripAdvisor Inc. Common Stock,Technology,Computer Software: Programming Data Processing
TRMB,Trimble Inc. Common Stock,Industrials,Industrial Machinery/Components
TRN,Trinity Industries Inc. Common Stock,Industrials,Railroads
TRNR,Interactive Strength Inc. Common Stock,Technology,Consumer Electronics/Appliances
TRNS,Transcat Inc. Common Stock,Industrials,Electrical Products
TROX,Tronox Holdings plc Ordinary Shares (UK),Basic Materials,Major Chemicals
TRS,TriMas Corporation Common Stock,Industrials,Industrial Specialties
TRTX,TPG RE Finance Trust Inc. Common Stock,Real Estate,Real Estate Investment Trusts
TRUG,TruGolf Holdings Inc. Class A Common Stock,Consumer Discretionary,Recreational Games/Products/Toys
TRUP,Trupanion Inc. Common Stock,Health Care,Medical Specialities
TRVI,Trevi Therapeutics Inc. Common Stock,Health Care,Biotechnology: Pharmaceutical Preparations
TSCO,Tractor Supply Company Common Stock,Consumer Discretionary,RETAIL: Building Materials
TSHA,Taysha Gene Therapies Inc. Common Stock,Health Care,Biotechnology: Biological Products (No Diagnostic Substances)
TSLA,Tesla Inc. Common Stock,Industrials,Auto Manufacturing
TSN,Tyson Foods Inc. Common Stock,Consumer Staples,Meat/Poultry/Fish
TSQ,Townsquare Media Inc. Class A Common Stock,Consumer Discretionary,Broadcasting
TSSI,TSS Inc. Common Stock,Consumer Discretionary,Professional Services
TTAM,Titan America SA Common Shares,Industrials,Mining & Quarrying of Nonmetallic Minerals (No Fuels)
TTAN,ServiceTitan Inc. Class A Common Stock,Technology,Computer Software: Prepackaged Software
TTC,Toro Company (The) Common Stock,Consumer Discretionary,Tools/Hardware
TTD,The Trade Desk Inc. Class A Common Stock,Technology,Computer Software: Programming Data Processing
TTEC,TTEC Holdings Inc. Common Stock,Consumer Discretionary,Professional Services
TTEK,Tetra Tech Inc. Common Stock,Consumer Discretionary,Military/Government/Technical
TTGT,TechTarget Inc. Common Stock,Telecommunications,Telecommunications Equipment
TTI,Tetra Technologies Inc. Common Stock,Energy,Oil & Gas Production
TTMI,TTM Technologies Inc. Common Stock,Technology,Electrical Products
TTRX,Turn Therapeutics Inc. Common Stock,Health Care,Biotechnology: Pharmaceutical Preparations
TTWO,Take-Two Interactive Software Inc. Common Stock,Technology,Computer Software: Prepackaged Software
TULP,Bloomia Holdings Inc. Common Stock,Consumer Staples,Farming/Seeds/Milling
TUSK,Mammoth Energy Services Inc. Common Stock,Energy,Oilfield Services/Equipment
TVC,Tennessee Valley Authority Common Stock,Utilities,Electric Utilities: Central
TVE,Tennessee Valley Authority,Utilities,Electric Utilities: Central
TVGN,Tevogen Inc. Common Stock,Health Care,Biotechnology: Biological Products (No Diagnostic Substances)
TVGNW,Tevogen Inc. Warrant,Health Care,Biotechnology: Biological Products (No Diagnostic Substances)
TVRD,Tvardi Therapeutics Inc. Common Stock,Health Care,Biotechnology: Pharmaceutical Preparations
TVTX,Travere Therapeutics Inc. Common Stock,Health Care,Biotechnology: Pharmaceutical Preparations
TWAV,TaoWeave Inc. Common Stock,Technology,Computer Software: Programming Data Processing
TWI,Titan International Inc. (DE) Common Stock,Industrials,Steel/Iron Ore
TWIN,Twin Disc Incorporated Common Stock,Industrials,Industrial Machinery/Components
TWLO,Twilio Inc. Class A Common Stock,Technology,Computer Software: Prepackaged Software
TWOD,Two Harbors Investments Corp 9.375% Senior Notes due 2030,Real Estate,Real Estate Investment Trusts
TWST,Twist Bioscience Corporation Common Stock,Health Care,Biotechnology: Biological Products (No Diagnostic Substances)
TXG,10x Genomics Inc. Class A Common Stock,Industrials,Biotechnology: Laboratory Analytical Instruments
TXMD,TherapeuticsMD Inc. Common Stock,Health Care,Biotechnology: Pharmaceutical Preparations
TXN,Texas Instruments Incorporated Common Stock,Technology,Semiconductors
TXNM,TXNM Energy Inc. Common Stock,Utilities,Electric Utilities: Central
TXO,TXO Partners L.P. Common Units Representing Limited Partner Interests,Energy,Oil & Gas Production
TXRH,Texas Roadhouse Inc. Common Stock,Consumer Discretionary,Restaurants
TXT,Textron Inc. Common Stock,Industrials,Aerospace
TYGO,Tigo Energy Inc. Common Stock,Technology,Semiconductors
TYL,Tyler Technologies Inc. Common Stock,Technology,Computer Software: Prepackaged Software
TYRA,Tyra Biosciences Inc. Common Stock,Health Care,Biotechnology: Pharmaceutical Preparations
TZOO,Travelzoo Common Stock,Consumer Discretionary,Advertising
U,Unity Software Inc. Common Stock,Technology,Computer Software: Prepackaged Software
UA,Under Armour Inc. Class C Common Stock,Consumer Discretionary,Apparel
UAA,Under Armour Inc. Class A Common Stock,Consumer Discretionary,Apparel
UAL,United Airlines Holdings Inc. Common Stock,Consumer Discretionary,Air Freight/Delivery Services
UAMY,United States Antimony Corporation Common Stock,Industrials,Metal Fabrications
UAN,CVR Partners LP Common Units representing Limited Partner Interests,Industrials,Agricultural Chemicals
UAVS,AgEagle Aerial Systems Inc. Common Stock,Industrials,Aerospace
UBER,Uber Technologies Inc. Common Stock,Consumer Discretionary,Business Services
UCTT,Ultra Clean Holdings Inc. Common Stock,Technology,Semiconductors
UDR,UDR Inc. Common Stock,Real Estate,Real Estate Investment Trusts
UEIC,Universal Electronics Inc. Common Stock,Consumer Staples,Consumer Electronics/Appliances
UFI,Unifi Inc. New Common Stock,Consumer Discretionary,Textiles
UFPI,UFP Industries Inc. Common Stock,Basic Materials,Forest Products
UFPT,UFP Technologies Inc. Common Stock,Health Care,Medical/Dental Instruments
UG,United-Guardian Inc. Common Stock,Consumer Discretionary,Package Goods/Cosmetics
UGI,UGI Corporation Common Stock,Utilities,Natural Gas Distribution
UHAL,U-Haul Holding Company Common Stock,Consumer Discretionary,Rental/Leasing Companies
UHS,Universal Health Services Inc. Common Stock,Health Care,Hospital/Nursing Management
UHT,Universal Health Realty Income Trust Common Stock,Real Estate,Real Estate Investment Trusts
UI,Ubiquiti Inc. Common Stock,Technology,Radio And Television Broadcasting And Communications Equipment
UIS,Unisys Corporation New Common Stock,Technology,EDP Services
UK,Ucommune International Ltd Class A Ordinary Shares,Consumer Discretionary,Business Services
ULCC,Frontier Group Holdings Inc. Common Stock,Consumer Discretionary,Air Freight/Delivery Services
ULH,Universal Logistics Holdings Inc. Common Stock,Industrials,Trucking Freight/Courier Services
ULS,UL Solutions Inc. Class A Common Stock,Health Care,Precision Instruments
ULTA,Ulta Beauty Inc. Common Stock,Consumer Discretionary,Other Specialty Stores
UMAC,Unusual Machines Inc. Common Stock,Technology,Radio And Television Broadcasting And Communications Equipment
UMH,UMH Properties Inc. Common Stock,Real Estate,Real Estate Investment Trusts
UNCY,Unicycive Therapeutics Inc. Common Stock,Health Care,Biotechnology: Pharmaceutical Preparations
UNF,Unifirst Corporation Common Stock,Consumer Discretionary,Other Consumer Services
UNFI,United Natural Foods Inc. Common Stock,Consumer Discretionary,Food Distributors
UNH,UnitedHealth Group Incorporated Common Stock (DE),Health Care,Medical Specialities
UNIT,Uniti Group Inc. Common Stock,Real Estate,Real Estate Investment Trusts
UNP,Union Pacific Corporation Common Stock,Industrials,Railroads
UONE,Urban One Inc. Class A Common Stock,Consumer Discretionary,Broadcasting
UONEK,Urban One Inc. Class D Common Stock,Consumer Discretionary,Broadcasting
UPB,Upstream Bio Inc. Common Stock,Health Care,Biotechnology: Pharmaceutical Preparations
UPBD,Upbound Group Inc. Common Stock,Consumer Discretionary,Diversified Commercial Services
UPLD,Upland Software Inc. Common Stock,Technology,Computer Software: Prepackaged Software
UPS,United Parcel Service Inc. Common Stock,Industrials,Trucking Freight/Courier Services
UPWK,Upwork Inc. Common Stock,Technology,EDP Services
URBN,Urban Outfitters Inc. Common Stock,Consumer Discretionary,Clothing/Shoe/Accessory Stores
URI,United Rentals Inc. Common Stock,Consumer Discretionary,Diversified Commercial Services
USAC,USA Compression Partners LP Common Units Representing Limited Partner Interests,Utilities,Natural Gas Distribution
USAR,USA Rare Earth Inc. Class A Common Stock,Basic Materials,Metal Mining
USAU,U.S. Gold Corp. Common Stock,Basic Materials,Metal Mining
USFD,US Foods Holding Corp. Common Stock,Consumer Discretionary,Food Distributors
USGO,U.S. GoldMining Inc. Common stock,Basic Materials,Precious Metals
USLM,United States Lime & Minerals Inc. Common Stock,Industrials,Mining & Quarrying of Nonmetallic Minerals (No Fuels)
USNA,USANA Health Sciences Inc. Common Stock,Health Care, Medicinal Chemicals and Botanical Products 
USPH,U.S. Physical Therapy Inc. Common Stock,Health Care,Medical/Nursing Services
UTHR,United Therapeutics Corporation Common Stock,Health Care,Biotechnology: Pharmaceutical Preparations
UTI,Universal Technical Institute Inc Common Stock,Real Estate,Other Consumer Services
UTL,UNITIL Corporation Common Stock,Utilities,Power Generation
UTMD,Utah Medical Products Inc. Common Stock,Health Care,Medical/Dental Instruments
UTZ,Utz Brands Inc Class A Common Stock ,Consumer Staples,Packaged Foods
UUU,Universal Safety Products Inc. Common Stock,Technology,Electronic Components
UVV,Universal Corporation Common Stock,Industrials,Farming/Seeds/Milling
UZD,Array Digital Infrastructure Inc. 6.250% Senior Notes due 2069,Telecommunications,Telecommunications Equipment
UZE,Array Digital Infrastructure Inc. 5.500% Senior Notes due 2070,Telecommunications,Telecommunications Equipment
UZF,Array Digital Infrastructure Inc. 5.500% Senior Notes due 2070,Telecommunications,Telecommunications Equipment
V,Visa Inc.,Consumer Discretionary,Business Services
VAL,Valaris Limited Common Shares,Energy,Oil & Gas Production
VANI,Vivani Medical Inc. Common Stock (DE),Health Care,Biotechnology: Electromedical & Electrotherapeutic Apparatus
VATE,INNOVATE Corp. Common Stock,Industrials,Metal Fabrications
VBIO,Valion Bio Inc. Common Stock,Health Care,Biotechnology: Electromedical & Electrotherapeutic Apparatus
VC,Visteon Corporation Common Stock,Consumer Discretionary,Auto Parts:O.E.M.
VCEL,Vericel Corporation Common Stock,Health Care,Biotechnology: Biological Products (No Diagnostic Substances)
VCYT,Veracyte Inc. Common Stock,Health Care,Medical Specialities
VECO,Veeco Instruments Inc. Common Stock,Technology,Industrial Machinery/Components
VEEA,Veea Inc. Common Stock,Technology,EDP Services
VEEAW,Veea Inc. Warrant,Technology,EDP Services
VEEE,Twin Vee PowerCats Co. Common Stock,Industrials,Marine Transportation
VEEV,Veeva Systems Inc. Class A Common Stock,Technology,Computer Software: Prepackaged Software
VELO,Velo3D Inc. Common stock,Technology,Industrial Machinery/Components
VENU,Venu Holding Corporation Common Stock,Consumer Discretionary,Services-Misc. Amusement & Recreation
VERA,Vera Therapeutics Inc. Class A Common Stock,Health Care,Biotechnology: Pharmaceutical Preparations
VERI,Veritone Inc. Common Stock,Technology,EDP Services
VERU,Veru Inc. Common Stock,Health Care,Biotechnology: Pharmaceutical Preparations
VERX,Vertex Inc. Class A Common Stock,Technology,Computer Software: Prepackaged Software
VFC,V.F. Corporation Common Stock,Industrials,Garments and Clothing
VG,Venture Global Inc. Class A common stock,Utilities,Oil/Gas Transmission
VGAS,Verde Clean Fuels Inc. Class A Common Stock,Industrials,Major Chemicals
VGASW,Verde Clean Fuels Inc. Warrant,Industrials,Major Chemicals
VGZ,Vista Gold Corp Common Stock,Basic Materials,Precious Metals
VHI,Valhi Inc. Common Stock,Basic Materials,Major Chemicals
VHUB,VenHub Global Inc. Common Stock,Technology,Industrial Machinery/Components
VIA,Via Transportation Inc. Class A Common Stock,Technology,Computer Software: Prepackaged Software
VIAV,Viavi Solutions Inc. Common Stock,Technology,Semiconductors
VICI,VICI Properties Inc. Common Stock,Real Estate,Real Estate Investment Trusts
VICR,Vicor Corporation Common Stock,Technology,Industrial Machinery/Components
VIK,Viking Holdings Ltd Ordinary Shares,Consumer Discretionary,Marine Transportation
VIR,Vir Biotechnology Inc. Common Stock,Health Care,Biotechnology: Biological Products (No Diagnostic Substances)
VIRC,Virco Manufacturing Corporation Common Stock,Consumer Discretionary,Industrial Specialties
VISN,Vistance Networks Inc. Common Stock,Technology,Radio And Television Broadcasting And Communications Equipment
VITL,Vital Farms Inc. Common Stock,Consumer Staples,Packaged Foods
VIVK,Vivakor Inc. Common Stock,Utilities,Environmental Services
VIVS,VivoSim Labs Inc. Common Stock,Health Care,Biotechnology: Biological Products (No Diagnostic Substances)
VKTX,Viking Therapeutics Inc. Common Stock,Health Care,Biotechnology: Pharmaceutical Preparations
VLGEA,Village Super Market Inc. Class A Common Stock,Consumer Staples,Food Chains
VLO,Valero Energy Corporation Common Stock,Energy,Integrated oil Companies
VLTO,Veralto Corp Common Stock ,Industrials,Electrical Products
VMC,Vulcan Materials Company (Holding Company) Common Stock,Industrials,Mining & Quarrying of Nonmetallic Minerals (No Fuels)
VMD,Viemed Healthcare Inc. Common Shares,Health Care,Misc Health and Biotechnology Services
VMI,Valmont Industries Inc. Common Stock,Industrials,Metal Fabrications
VMRK,Vivmark Residential Common Shares of Beneficial Interest,Real Estate,Real Estate Investment Trusts
VNCE,Vince Holding Corp. Common Stock,Consumer Discretionary,Clothing/Shoe/Accessory Stores
VNDA,Vanda Pharmaceuticals Inc. Common Stock,Health Care,Biotechnology: Pharmaceutical Preparations
VNO,Vornado Realty Trust Common Stock,Real Estate,Real Estate Investment Trusts
VNOM,Viper Energy Inc. Class A Common Stock,Energy,Oil & Gas Production
VNT,Vontier Corporation Common Stock ,Industrials,Industrial Machinery/Components
VOC,VOC Energy Trust Units of Beneficial Interest,Energy,Oil & Gas Production
VOGX,Vogenx Inc Common Stock,Health Care,Biotechnology: Pharmaceutical Preparations
VOR,Vor Biopharma Inc. Common Stock,Health Care,Biotechnology: Biological Products (No Diagnostic Substances)
VOYG,Voyager Technologies Inc. Class A Common Stock,Industrials,Military/Government/Technical
VPG,Vishay Precision Group Inc. Common Stock,Technology,Electrical Products
VRA,Vera Bradley Inc. Common Stock,Consumer Discretionary,Apparel
VRCA,Verrica Pharmaceuticals Inc. Common Stock,Health Care,Biotechnology: Pharmaceutical Preparations
VRDN,Viridian Therapeutics Inc. Common Stock,Health Care,Biotechnology: Pharmaceutical Preparations
VREX,Varex Imaging Corporation Common Stock,Technology,Industrial Machinery/Components
VRM,Vroom Inc. Common Stock,Consumer Discretionary,Retail-Auto Dealers and Gas Stations
VRME,VerifyMe Inc. Common Stock,Technology,EDP Services
VRNS,Varonis Systems Inc. Common Stock,Technology,Computer Software: Prepackaged Software
VRRM,Verra Mobility Corporation Class A Common Stock,Consumer Discretionary,Transportation Services
VRSK,Verisk Analytics Inc. Common Stock,Technology,EDP Services
VRSN,VeriSign Inc. Common Stock,Technology,EDP Services
VRT,Vertiv Holdings LLC Class A Common Stock,Technology,Industrial Machinery/Components
VRTX,Vertex Pharmaceuticals Incorporated Common Stock,Health Care,Biotechnology: Pharmaceutical Preparations
VSAT,ViaSat Inc. Common Stock,Consumer Discretionary,Telecommunications Equipment
VSEC,VSE Corporation Common Stock,Consumer Discretionary,Military/Government/Technical
VSH,Vishay Intertechnology Inc. Common Stock,Technology,Electrical Products
VSNT,Versant Media Group Inc. Class A Common Stock ,Industrials,Broadcasting
VST,Vistra Corp. Common Stock,Utilities,Electric Utilities: Central
VSTM,Verastem Inc. Common Stock,Health Care,Biotechnology: Pharmaceutical Preparations
VSTS,Vestis Corporation Common Stock,Consumer Discretionary,Consumer Specialties
VSXY,Victorias Secret & Co. Common Stock ,Consumer Discretionary,Clothing/Shoe/Accessory Stores
VTGN,Vistagen Therapeutics Inc. Common Stock,Health Care,Biotechnology: Pharmaceutical Preparations
VTIX,Virtuix Holdings Inc. Class A Common Stock,Technology,Computer peripheral equipment
VTOL,Bristow Group Inc. Common Stock,Consumer Discretionary,Transportation Services
VTR,Ventas Inc. Common Stock,Real Estate,Real Estate Investment Trusts
VTRS,Viatris Inc. Common Stock,Health Care,Biotechnology: Pharmaceutical Preparations
VTS,Vitesse Energy Inc. Common Stock,Energy,Oil & Gas Production
VTSI,VirTra Inc. Common Stock,Consumer Discretionary,Miscellaneous manufacturing industries
VTVT,vTv Therapeutics Inc. Class A Common Stock,Health Care,Biotechnology: Pharmaceutical Preparations
VUZI,Vuzix Corporation Common Stock,Technology,Radio And Television Broadcasting And Communications Equipment
VVOS,Vivos Therapeutics Inc. Common Stock,Health Care,Medical/Dental Instruments
VVV,Valvoline Inc. Common Stock,Industrials,Major Chemicals
VVX,V2X Inc. Common Stock,Consumer Discretionary,Diversified Commercial Services
VWAV,VisionWave Holdings Inc. Common Stock,Technology,Computer Software: Prepackaged Software
VWAVW,VisionWave Holdings Inc. Warrant,Technology,Computer Software: Prepackaged Software
VYGR,Voyager Therapeutics Inc. Common Stock,Health Care,Biotechnology: Biological Products (No Diagnostic Substances)
VZ,Verizon Communications Inc. Common Stock,Telecommunications,Telecommunications Equipment
W,Wayfair Inc. Class A Common Stock,Consumer Discretionary,Catalog/Specialty Distribution
WAB,Westinghouse Air Brake Technologies Corporation Common Stock,Industrials,Railroads
WALD,Waldencast plc Class A Ordinary Share,Consumer Discretionary,Package Goods/Cosmetics
WALDW,Waldencast plc Warrant ,Consumer Discretionary,Package Goods/Cosmetics
WAT,Waters Corporation Common Stock,Industrials,Biotechnology: Laboratory Analytical Instruments
WATT,Energous Corporation Common Stock,Technology,Radio And Television Broadcasting And Communications Equipment
WAY,Waystar Holding Corp. Common Stock,Technology,EDP Services
WBD,Warner Bros. Discovery Inc. Series A Common Stock ,Telecommunications,Cable & Other Pay Television Services
WBTN,WEBTOON Entertainment Inc. Common stock,Consumer Discretionary,Publishing
WCC,WESCO International Inc. Common Stock,Consumer Discretionary,Telecommunications Equipment
WDAY,Workday Inc. Class A Common Stock,Technology,EDP Services
WDC,Western Digital Corporation Common Stock,Technology,Electronic Components
WDFC,WD-40 Company Common Stock,Industrials,Major Chemicals
WEAV,Weave Communications Inc. Common Stock,Technology,Computer Software: Prepackaged Software
WEC,WEC Energy Group Inc. Common Stock,Utilities,Power Generation
WELL,Welltower Inc. Common Stock,Real Estate,Real Estate Investment Trusts
WEN,Wendy's Company (The) Common Stock,Consumer Discretionary,Restaurants
WERN,Werner Enterprises Inc. Common Stock,Industrials,Trucking Freight/Courier Services
WES,Western Midstream Partners LP Common Units Representing Limited Partner Interests,Utilities,Natural Gas Distribution
WEST,Westrock Coffee Company Common Stock,Consumer Staples,Beverages (Production/Distribution)
WEX,WEX Inc. common stock,Consumer Discretionary,Business Services
WEYS,Weyco Group Inc. Common Stock,Consumer Staples,Apparel
WFCF,Where Food Comes From Inc. Common Stock,Technology,Computer Software: Prepackaged Software
WFRD,Weatherford International plc Ordinary Shares,Consumer Discretionary,Oil and Gas Field Machinery
WGO,Winnebago Industries Inc. Common Stock,Industrials,Homebuilding
WGS,GeneDx Holdings Corp. Class A Common Stock,Health Care,Medical/Nursing Services
WH,Wyndham Hotels & Resorts Inc. Common Stock ,Consumer Discretionary,Hotels/Resorts
WHD,Cactus Inc. Class A Common Stock,Consumer Discretionary,Oil and Gas Field Machinery
WHLR,Wheeler Real Estate Investment Trust Inc. Common Stock,Real Estate,Real Estate Investment Trusts
WHLRD,Wheeler Real Estate Investment Trust Inc. Series D Cumulative Preferred Stock,Real Estate,Real Estate Investment Trusts
WHLRP,Wheeler Real Estate Investment Trust Inc. Class B Preferred Stock,Real Estate,Real Estate Investment Trusts
WHR,Whirlpool Corporation Common Stock,Consumer Discretionary,Consumer Electronics/Appliances
WHWK,Whitehawk Therapeutics Inc. Common Stock,Health Care,Biotechnology: Pharmaceutical Preparations
WINA,Winmark Corporation Common Stock,Consumer Discretionary,Other Specialty Stores
WING,Wingstop Inc. Common Stock,Consumer Discretionary,Restaurants
WK,Workiva Inc. Class A Common Stock,Technology,Computer Software: Prepackaged Software
WKC,World Kinect Corporation Common Stock,Energy,Oil Refining/Marketing
WKHS,Workhorse Group Inc. Common Stock,Industrials,Auto Manufacturing
WLDN,Willdan Group Inc. Common Stock,Consumer Discretionary,Military/Government/Technical
WLFC,Willis Lease Finance Corporation Common Stock,Consumer Discretionary,Industrial Specialties
WLK,Westlake Corporation Common Stock,Industrials,Major Chemicals
WLKP,Westlake Chemical Partners LP Common Units representing limited partner interests,Industrials,Major Chemicals
WLY,John Wiley & Sons Inc. Common Stock,Consumer Discretionary,Books
WLYB,John Wiley & Sons Inc. Common Stock,Consumer Discretionary,Books
WM,Waste Management Inc. Common Stock,Utilities,Environmental Services
WMB,Williams Companies Inc. (The) Common Stock,Utilities,Natural Gas Distribution
WMG,Warner Music Group Corp. Class A Common Stock,Consumer Discretionary,Services-Misc. Amusement & Recreation
WMK,Weis Markets Inc. Common Stock,Consumer Staples,Food Chains
WMS,Advanced Drainage Systems Inc. Common Stock,Consumer Discretionary,Containers/Packaging
WMT,Walmart Inc. Common Stock,Consumer Discretionary,Department/Specialty Retail Stores
WNC,Wabash National Corporation Common Stock,Industrials,Construction/Ag Equipment/Trucks
WOLF,Wolfspeed Inc. Common Stock New,Technology,Semiconductors
WOOF,Petco Health and Wellness Company Inc. Class A Common Stock,Consumer Discretionary,Other Specialty Stores
WOR,Worthington Enterprises Inc. Common Shares,Industrials,Steel/Iron Ore
WPC,W. P. Carey Inc. REIT,Real Estate,Real Estate Investment Trusts
WRAP,Wrap Technologies Inc. Common Stock,Industrials,Ordnance And Accessories
WRBY,Warby Parker Inc. Class A Common Stock,Health Care,Ophthalmic Goods
WS,Worthington Steel Inc. Common Shares,Industrials,Steel/Iron Ore
WSC,WillScot Holdings Corporation Class A Common Stock,Industrials,Misc Corporate Leasing Services
WSM,Williams-Sonoma Inc. Common Stock (DE),Consumer Discretionary,Home Furnishings
WSO,Watsco Inc. Common Stock,Consumer Discretionary,Industrial Machinery/Components
WST,West Pharmaceutical Services Inc. Common Stock,Health Care,Medical/Dental Instruments
WTI,W&T Offshore Inc. Common Stock,Energy,Oil & Gas Production
WTRG,Essential Utilities Inc. Common Stock,Utilities,Water Supply
WTS,Watts Water Technologies Inc. Class A Common Stock,Industrials,Metal Fabrications
WTTR,Select Water Solutions Inc. Class A common stock,Energy,Oilfield Services/Equipment
WU,Western Union Company (The) Common Stock,Consumer Discretionary,Business Services
WVVI,Willamette Valley Vineyards Inc. Common Stock,Consumer Staples,Beverages (Production/Distribution)
WVVIP,Willamette Valley Vineyards Inc. Series A Redeemable Preferred Stock,Consumer Staples,Beverages (Production/Distribution)
WW,WW International Inc.  Common Stock,Consumer Discretionary,Other Consumer Services
WWD,Woodward Inc. Common Stock,Energy,Industrial Machinery/Components
WWR,Westwater Resources Inc. Common Stock,Basic Materials,Metal Mining
WWW,Wolverine World Wide Inc. Common Stock,Consumer Discretionary,Shoe Manufacturing
WY,Weyerhaeuser Company Common Stock,Real Estate,Real Estate Investment Trusts
WYNN,Wynn Resorts Limited Common stock,Consumer Discretionary,Hotels/Resorts
WYY,WidePoint Corporation Common Stock,Technology,EDP Services
XAIR,Beyond Air Inc. Common Stock,Health Care,Medical/Dental Instruments
XBIO,Xenetic Biosciences Inc. Common Stock,Health Care,Biotechnology: Pharmaceutical Preparations
XBIT,XBiotech Inc. Common Stock,Health Care,Biotechnology: Pharmaceutical Preparations
XBP,XBP Global Holdings Inc. Common Stock,Technology,EDP Services
XCUR,Exicure Inc. Common Stock,Health Care,Biotechnology: Pharmaceutical Preparations
XE,X-Energy Inc. Class A Common Stock,Industrials,Metal Fabrications
XEL,Xcel Energy Inc. Common Stock,Utilities,Power Generation
XELLL,Xcel Energy Inc. 6.25% Junior Subordinated Notes Series due 2085,Utilities,Power Generation
XERS,Xeris Biopharma Holdings Inc. Common Stock,Health Care,Biotechnology: Pharmaceutical Preparations
XFOR,X4 Pharmaceuticals Inc. Common Stock,Health Care,Biotechnology: Biological Products (No Diagnostic Substances)
XGN,Exagen Inc. Common Stock,Health Care,Medical Specialities
XHLD,TEN Holdings Inc. Common Stock,Consumer Discretionary,Business Services
XHR,Xenia Hotels & Resorts Inc. Common Stock,Consumer Discretionary,Hotels/Resorts
XIFR,XPLR Infrastructure LP Common Units representing limited partner interests,Utilities,Electric Utilities: Central
XLAB,Exascale Labs Holdings Inc. Class A Common Stock,Technology,Computer Software: Prepackaged Software
XLABW,Exascale Labs Holdings Inc. Warrant,Technology,Computer Software: Prepackaged Software
XLO,Xilio Therapeutics Inc. Common Stock,Health Care,Biotechnology: Pharmaceutical Preparations
XMAX,XMAX Inc. Common Stock,Consumer Discretionary,Home Furnishings
XMTR,Xometry Inc. Class A Common Stock,Consumer Discretionary,Business Services
XNCR,Xencor Inc. Common Stock,Health Care,Biotechnology: Pharmaceutical Preparations
XOM,ExxonMobil Holdings Corporation Common Stock,Energy,Integrated oil Companies
XOS,Xos Inc. Common Stock,Consumer Discretionary,Auto Parts:O.E.M.
XPEL,XPEL Inc. Common Stock,Industrials,Industrial Specialties
XPER,Xperi Inc. Common Stock ,Technology,Computer Software: Prepackaged Software
XPL,Solitario Resources Corp. Common Stock,Basic Materials,Precious Metals
XPO,XPO Inc. Common Stock,Consumer Discretionary,Transportation Services
XPOF,Xponential Fitness Inc. Class A Common Stock,Consumer Discretionary,Services-Misc. Amusement & Recreation
XRAY,DENTSPLY SIRONA Inc. Common Stock,Health Care,Medical/Dental Instruments
XRN,Chiron Real Estate Inc. Common Stock,Real Estate,Real Estate Investment Trusts
XRX,Xerox Holdings Corporation Common Stock,Technology,Computer peripheral equipment
XRXDW,Xerox Holdings Corporation Warrants,Technology,Computer peripheral equipment
XTIA,XTI Aerospace Inc. Common Stock,Technology,EDP Services
XTNT,Xtant Medical Holdings Inc. Common Stock,Health Care,Medical/Dental Instruments
XWEL,XWELL Inc. Common Stock,Consumer Discretionary,Other Consumer Services
XXII,22nd Century Group Inc. Common Stock,Health Care, Medicinal Chemicals and Botanical Products 
XYL,Xylem Inc. Common Stock New,Industrials,Fluid Controls
XYZ,Block Inc. Class A Common Stock,Technology,Computer Software: Prepackaged Software
YARW,Yarrow Bioscience Inc. Common Stock,Health Care,Biotechnology: Pharmaceutical Preparations
YCBD,cbdMD Inc. Common Stock,Consumer Discretionary,Package Goods/Cosmetics
YDES,YD Bio Limited Ordinary Shares,Health Care,Medical Specialities
YDESW,YD Bio Limited Warrants,Health Care,Medical Specialities
YELP,Yelp Inc. Common Stock,Consumer Discretionary,Other Consumer Services
YETI,YETI Holdings Inc. Common Stock,Consumer Discretionary,Recreational Games/Products/Toys
YEXT,Yext Inc. Common Stock,Technology,EDP Services
YHC,LQR House Inc. Common Stock,Consumer Staples,Beverages (Production/Distribution)
YHGJ,Yunhong Green CTI Ltd. Common Stock,Industrials,Specialty Chemicals
YORW,York Water Company (The) Common Stock,Utilities,Water Supply
YOU,Clear Secure Inc. Class A Common Stock,Technology,Computer Software: Prepackaged Software
YSWY,Yesway Inc. Class A Common Stock,Consumer Staples,Food Chains
YUM,Yum! Brands Inc.,Consumer Discretionary,Restaurants
YUMC,Yum China Holdings Inc. Common Stock,Consumer Discretionary,Restaurants
YYAI,AiRWA Inc. Common Stock,Technology,Computer Software: Programming Data Processing
Z,Zillow Group Inc. Class C Capital Stock,Consumer Discretionary,Business Services
ZBH,Zimmer Biomet Holdings Inc. Common Stock,Health Care,Industrial Specialties
ZBIO,Zenas BioPharma Inc. Common Stock,Health Care,Biotechnology: Pharmaceutical Preparations
ZBRA,Zebra Technologies Corporation Class A Common Stock,Industrials,Industrial Machinery/Components
ZD,Ziff Davis Inc. Common Stock,Telecommunications,Telecommunications Equipment
ZETA,Zeta Global Holdings Corp. Class A Common Stock,Technology,Computer Software: Prepackaged Software
ZG,Zillow Group Inc. Class A Common Stock,Consumer Discretionary,Business Services
ZIP,ZipRecruiter Inc. Class A Common Stock,Technology,Computer Software: Programming Data Processing
ZM,Zoom Communications Inc. Class A Common Stock,Technology,Computer Software: Programming Data Processing
ZNB,Zeta Network Group Class A Ordinary Shares,Real Estate,Other Consumer Services
ZNTL,Zentalis Pharmaceuticals Inc. Common Stock,Health Care,Biotechnology: Pharmaceutical Preparations
ZS,Zscaler Inc. Common Stock,Technology,EDP Services
ZTS,Zoetis Inc. Class A Common Stock,Health Care,Biotechnology: Pharmaceutical Preparations
ZUMZ,Zumiez Inc. Common Stock,Consumer Discretionary,Clothing/Shoe/Accessory Stores
ZVIA,Zevia PBC Class A Common Stock,Consumer Staples,Beverages (Production/Distribution)
ZVRA,Zevra Therapeutics Inc. Common Stock,Health Care,Biotechnology: Pharmaceutical Preparations
ZWS,Zurn Elkay Water Solutions Corporation Common Stock,Industrials,Industrial Machinery/Components
ZYME,Zymeworks Inc. Common Stock,Health Care,Biotechnology: Pharmaceutical Preparations
